# https://github.com/mikedh/trimesh
v 0.05285266 -0.00433507 0.00143483
v 0.05253188 0.00433560 0.00432684
v 0.05283196 -0.00433507 0.00432684
v 0.05271814 -0.00723220 0.00143483
v 0.05285266 -0.00433507 -0.12297862
v 0.05229388 0.00684989 0.00432684
v 0.05227319 0.00675677 0.00721884
v 0.05249049 0.00433560 0.00721884
v 0.05253188 0.00433560 -0.13165464
v 0.05268709 -0.00723220 0.00432684
v 0.05232493 0.00433560 0.01011085
v 0.05235597 0.00143848 0.01011085
v 0.05236632 -0.00143795 0.01011085
v 0.05260431 -0.00433507 0.00721884
v 0.05196276 -0.01095707 0.00432684
v 0.05197311 -0.01101915 0.00143483
v 0.05197311 -0.01102950 -0.11138197
v 0.05271814 -0.00723220 -0.12297862
v 0.05283196 -0.00433507 -0.12587062
v 0.05200415 0.00829845 0.00432684
v 0.05229388 0.00684989 -0.13165464
v 0.05198346 0.00820533 0.00721884
v 0.05219041 0.00633255 0.01011085
v 0.05250084 0.00433560 -0.13454663
v 0.05228354 0.00677746 -0.13454663
v 0.05218006 -0.00918775 0.00621666
v 0.05198346 -0.00451097 0.01308875
v 0.05169372 -0.00433507 0.01589485
v 0.05206624 -0.00558704 0.01139936
v 0.05131086 -0.00723220 0.01589485
v 0.05210763 0.00593937 0.01191477
v 0.05213867 0.00433560 0.01222974
v 0.05215937 0.00143848 0.01240154
v 0.05215937 -0.00143795 0.01245881
v 0.05202485 -0.00143795 0.01389050
v 0.05213867 -0.00365218 0.01217247
v 0.05153851 -0.01301610 0.00432684
v 0.05155920 -0.01301610 0.00143483
v 0.05197311 -0.01102950 -0.12297862
v 0.05224215 -0.00950851 -0.12587062
v 0.05268709 -0.00723220 -0.12587062
v 0.05244910 -0.00433507 -0.13454663
v 0.05254223 -0.00143795 -0.13454663
v 0.05253188 0.00143848 -0.13454663
v 0.05105217 0.01301663 0.00432684
v 0.05200415 0.00829845 -0.13165464
v 0.05101078 0.01301663 0.00721884
v 0.05084521 0.01301663 0.01011085
v 0.05179720 0.00703614 0.01291695
v 0.05234562 0.00433560 -0.13743864
v 0.05220076 0.00638428 -0.13743864
v 0.05102112 0.01301663 -0.13454663
v 0.05105217 0.01301663 -0.13165464
v 0.05075208 -0.01011897 0.01589485
v 0.05018296 -0.01301610 0.01589485
v 0.05179720 -0.00143795 0.01589485
v 0.03365776 -0.00143795 0.13744494
v 0.03337837 -0.00433507 0.13744494
v 0.05143503 0.00723273 0.01589485
v 0.05175581 0.00433560 0.01589485
v 0.05200415 0.00433560 0.01366143
v 0.05202485 0.00143848 0.01383323
v 0.05071069 -0.01591322 0.00432684
v 0.05074174 -0.01591322 0.00143483
v 0.04954141 -0.01538553 0.01589485
v 0.05155920 -0.01301610 -0.12297862
v 0.05152816 -0.01301610 -0.12587062
v 0.05195241 -0.01095707 -0.12587062
v 0.05218006 -0.00917741 -0.12781772
v 0.05215937 -0.00617682 -0.13686597
v 0.05225249 -0.00456270 -0.13766771
v 0.05238701 -0.00143795 -0.13743864
v 0.05237667 0.00143848 -0.13743864
v 0.05029679 0.01591375 0.00432684
v 0.05025539 0.01591375 0.00721884
v 0.05007948 0.01591375 0.01011085
v 0.05057617 0.01301663 0.01300285
v 0.05085556 0.01011950 0.01589485
v 0.05216971 0.00143848 -0.13970071
v 0.05214902 0.00433560 -0.13955753
v 0.05211797 0.00597041 -0.13924256
v 0.05085556 0.01301663 -0.13743864
v 0.05010018 0.01591375 -0.13743864
v 0.05025539 0.01591375 -0.13454663
v 0.05029679 0.01591375 -0.13165464
v 0.04936550 -0.01491992 0.01818555
v 0.03278856 -0.00723220 0.13744494
v 0.03201249 -0.00922914 0.13973563
v 0.05178685 0.00143848 0.01589485
v 0.03365776 0.00143848 0.13744494
v 0.03317142 0.00143848 0.14033694
v 0.03316107 -0.00143795 0.14033694
v 0.03290238 -0.00433507 0.14033694
v 0.03226083 -0.00743913 0.14056601
v 0.03246778 0.00723273 0.14033694
v 0.03343011 0.00433560 0.13744494
v 0.04968627 -0.01858271 0.00432684
v 0.04970697 -0.01862410 0.00143483
v 0.05036922 -0.01591322 0.00721884
v 0.05074174 -0.01591322 -0.12297862
v 0.04897229 -0.01683409 0.01589485
v 0.04951036 -0.01814814 0.00721884
v 0.05071069 -0.01591322 -0.12587062
v 0.05077278 -0.01301610 -0.13743864
v 0.05189033 -0.00718046 -0.13766771
v 0.05207658 -0.00568017 -0.13878443
v 0.05213867 -0.00374530 -0.13947163
v 0.05216971 -0.00143795 -0.13975797
v 0.04951036 0.01811763 0.00432684
v 0.04948967 0.01807625 0.00721884
v 0.04939654 0.01785896 0.01011085
v 0.04926202 0.01752786 0.01300285
v 0.04918959 0.01736231 0.01446317
v 0.04981045 0.01591375 0.01300285
v 0.05026574 0.01301663 0.01589485
v 0.05201450 0.00143848 -0.14116103
v 0.05199380 0.00433560 -0.14098922
v 0.05177650 0.00705683 -0.14027338
v 0.05055548 0.01301663 -0.14033065
v 0.04967593 0.01618277 -0.14058835
v 0.04917924 0.01733127 -0.14170506
v 0.04929306 0.01760029 -0.13978660
v 0.04940689 0.01787966 -0.13743864
v 0.04948967 0.01808659 -0.13454663
v 0.04951036 0.01811763 -0.13165464
v 0.03166066 -0.01110193 0.13744494
v 0.03090529 -0.01301610 0.13744494
v 0.03179518 -0.00855660 0.14168273
v 0.03146406 -0.01016036 0.14056601
v 0.03039825 -0.01301610 0.14033694
v 0.03295412 0.00433560 0.14033694
v 0.03220909 0.00433560 0.14225540
v 0.03231257 0.00143848 0.14236993
v 0.03231257 -0.00143795 0.14236993
v 0.03218840 -0.00433507 0.14222677
v 0.03198144 -0.00662173 0.14196906
v 0.03200214 0.00925037 0.14033694
v 0.03183657 0.00871233 0.14179726
v 0.04909646 -0.02003127 0.00432684
v 0.04911715 -0.02007266 0.00143483
v 0.04970697 -0.01862410 -0.12297862
v 0.04626120 -0.02306291 0.01709747
v 0.04686137 -0.02193510 0.01603802
v 0.04892055 -0.01959670 0.00721884
v 0.04968627 -0.01858271 -0.12587062
v 0.04993462 -0.01591322 -0.13743864
v 0.05047270 -0.01301610 -0.14033065
v 0.05160059 -0.00723220 -0.14033065
v 0.05198346 -0.00456270 -0.14038791
v 0.05201450 -0.00143795 -0.14118966
v 0.04800996 0.02169765 0.00432684
v 0.04796857 0.02169765 0.00721884
v 0.04779266 0.02169765 0.01011085
v 0.04879638 0.01930752 0.01011085
v 0.04751327 0.02169765 0.01300285
v 0.04718214 0.02169765 0.01589485
v 0.04855838 0.01852116 0.01560852
v 0.04906542 0.01700017 0.01638163
v 0.04950002 0.01598618 0.01560852
v 0.04934480 0.01493080 0.01878686
v 0.05123842 0.00143848 -0.14322265
v 0.05119703 0.00433560 -0.14322265
v 0.05086591 0.00723273 -0.14322265
v 0.04948967 0.01540675 -0.14242091
v 0.04874464 0.01618277 -0.14330855
v 0.04778231 0.01880053 -0.14322265
v 0.04643711 0.02345662 -0.14207730
v 0.04659233 0.02378772 -0.14033065
v 0.04749257 0.02169765 -0.14033065
v 0.04781335 0.02169765 -0.13743864
v 0.04888951 0.01952481 -0.13454663
v 0.04797891 0.02169765 -0.13454663
v 0.04800996 0.02169765 -0.13165464
v 0.02938418 -0.01528206 0.14033694
v 0.03039825 -0.00733566 0.14328621
v 0.02877367 -0.00804960 0.14457473
v 0.03003608 -0.01011897 0.14285671
v 0.02946696 -0.01301610 0.14234130
v 0.02911514 -0.01479576 0.14199770
v 0.03198144 0.00723273 0.14196906
v 0.03013956 0.00727411 0.14362981
v 0.03061555 0.00433560 0.14368709
v 0.03071903 0.00143848 0.14380162
v 0.03070868 -0.00143795 0.14380162
v 0.03058451 -0.00433507 0.14365845
v 0.03176414 0.01137147 0.13744494
v 0.03150545 0.01069893 0.14033694
v 0.03061555 0.01301663 0.14033694
v 0.02917723 0.01495149 0.14205496
v 0.02957044 0.01301663 0.14245583
v 0.03046034 0.00986083 0.14271353
v 0.02884610 0.00825707 0.14460337
v 0.04840317 -0.02169712 0.00432684
v 0.04844456 -0.02169712 0.00143483
v 0.04911715 -0.02007266 -0.12297862
v 0.04564034 -0.02440800 0.01603802
v 0.04628190 -0.02601176 0.00518585
v 0.04638537 -0.02332158 0.01517901
v 0.02963252 -0.01572698 0.13744494
v 0.02881506 -0.01716519 0.13744494
v 0.04909646 -0.02003127 -0.12587062
v 0.04928272 -0.01759976 -0.13743864
v 0.04921028 -0.01740317 -0.13907076
v 0.04960349 -0.01606842 -0.14015884
v 0.04945863 -0.01519929 -0.14236364
v 0.04973801 -0.01301610 -0.14293631
v 0.05074174 -0.00723220 -0.14322265
v 0.05114529 -0.00433507 -0.14322265
v 0.05124877 -0.00143795 -0.14322265
v 0.04685102 0.02432575 0.00432684
v 0.04683032 0.02428437 0.00721884
v 0.04673719 0.02408778 0.01011085
v 0.04660267 0.02379806 0.01300285
v 0.04643711 0.02344627 0.01589485
v 0.04632329 0.02320829 0.01749834
v 0.03112259 0.01301663 0.13744494
v 0.04986218 0.00143848 -0.14537019
v 0.04984149 0.00433560 -0.14534155
v 0.04967593 0.00723273 -0.14519836
v 0.04968627 0.01282004 -0.14330855
v 0.04937584 0.01011950 -0.14491205
v 0.04922063 0.01172327 -0.14471160
v 0.04898264 0.01364779 -0.14433936
v 0.04633363 0.02035256 -0.14474023
v 0.04593008 0.02228742 -0.14399576
v 0.04531957 0.02449130 -0.14310811
v 0.04390194 0.02679866 -0.14322265
v 0.04337421 0.02889907 -0.14159053
v 0.04586799 0.02523628 -0.14033065
v 0.04604390 0.02555703 -0.13743864
v 0.04674754 0.02410847 -0.13743864
v 0.04683032 0.02429471 -0.13454663
v 0.04685102 0.02432575 -0.13165464
v 0.02851498 -0.01673062 0.14033694
v 0.02899097 -0.00612508 0.14471791
v 0.02768717 -0.00714942 0.14517604
v 0.02692144 -0.01011897 0.14511878
v 0.02640406 -0.01250910 0.14488970
v 0.02602119 -0.01443362 0.14466063
v 0.02837011 -0.01011897 0.14428840
v 0.02741813 -0.01328511 0.14397342
v 0.02752160 -0.01582010 0.14277081
v 0.02656962 -0.01821023 0.14228403
v 0.02594876 -0.02013474 0.14153955
v 0.02902201 0.00633255 0.14471791
v 0.02916688 0.00433560 0.14483243
v 0.02928071 0.00143848 0.14488970
v 0.02927036 -0.00143795 0.14488970
v 0.02913584 -0.00433507 0.14480380
v 0.02948766 0.01555161 0.14033694
v 0.02656962 0.01880053 0.14225540
v 0.02736639 0.01572751 0.14317168
v 0.02610398 0.01457900 0.14471791
v 0.02786308 0.01301663 0.14388752
v 0.02870124 0.01700017 0.14033694
v 0.02609363 0.02032152 0.14182589
v 0.02847359 0.01011950 0.14437429
v 0.02642475 0.01301663 0.14488970
v 0.02702492 0.01011950 0.14514741
v 0.02771821 0.00727411 0.14520468
v 0.04690276 -0.02486326 0.00426957
v 0.04708901 -0.02459424 0.00143483
v 0.04844456 -0.02169712 -0.12297862
v 0.04405715 -0.02702576 0.01589485
v 0.04272230 -0.03081271 0.00721884
v 0.04290856 -0.03110242 0.00432684
v 0.04388124 -0.02966421 0.00432684
v 0.04551617 -0.02720165 0.00426957
v 0.04630259 -0.02605315 0.00326739
v 0.04183241 -0.03037814 0.01589485
v 0.04069417 -0.03206468 0.01589485
v 0.02622815 -0.02048654 0.13962110
v 0.04055965 -0.03188879 0.01755561
v 0.04840317 -0.02169712 -0.12587062
v 0.04760640 -0.02169712 -0.13743864
v 0.04869290 -0.01904832 -0.13743864
v 0.04728562 -0.02169712 -0.14033065
v 0.04909646 -0.01713415 -0.14098922
v 0.04637502 -0.02330088 -0.14193413
v 0.04670615 -0.02169712 -0.14259270
v 0.04731666 -0.01905867 -0.14348035
v 0.04863082 -0.01606842 -0.14327992
v 0.04901368 -0.01301610 -0.14439663
v 0.04918959 -0.01156753 -0.14468297
v 0.04937584 -0.00964302 -0.14491205
v 0.04961384 -0.00723220 -0.14514110
v 0.04981045 -0.00433507 -0.14531292
v 0.04987253 -0.00143795 -0.14537019
v 0.04615772 0.02577432 0.00432684
v 0.04612668 0.02573293 0.00721884
v 0.04603355 0.02553634 0.01011085
v 0.04587834 0.02524663 0.01300285
v 0.04569208 0.02489483 0.01589485
v 0.02892889 0.01735196 0.13884798
v 0.04774092 0.00143848 -0.14614330
v 0.04774092 0.00433560 -0.14611467
v 0.04774092 0.00723273 -0.14597148
v 0.04719249 0.01591375 -0.14539882
v 0.04666476 0.01880053 -0.14502658
v 0.04390194 0.02459477 -0.14511247
v 0.04345699 0.02612611 -0.14474023
v 0.04293960 0.02824722 -0.14322265
v 0.04263952 0.03017174 -0.14050244
v 0.04349838 0.02907497 -0.13967207
v 0.04427445 0.02775057 -0.14050244
v 0.04078729 0.03221007 -0.14227773
v 0.04102529 0.03253082 -0.14033065
v 0.04481253 0.02748155 -0.13743864
v 0.04613703 0.02573293 -0.13454663
v 0.04615772 0.02577432 -0.13165464
v 0.02697318 -0.01902763 0.14048011
v 0.02748021 -0.00433507 0.14549102
v 0.02459322 -0.01011897 0.14580597
v 0.02487260 -0.01328511 0.14531920
v 0.02339289 -0.01769288 0.14480380
v 0.02548312 -0.01591322 0.14431703
v 0.02404479 -0.01591322 0.14506148
v 0.02402410 -0.02120047 0.14245583
v 0.02467600 -0.01891381 0.14331484
v 0.02313420 -0.02312499 0.14173999
v 0.02468635 -0.02181094 0.14068054
v 0.02748021 0.00433560 0.14551966
v 0.02748021 0.00143848 0.14560555
v 0.02748021 -0.00143795 0.14560555
v 0.02451044 0.01882122 0.14380162
v 0.02543138 0.01651387 0.14428840
v 0.02275134 0.01980417 0.14448882
v 0.02349637 0.01786931 0.14486107
v 0.02451044 0.01569647 0.14506148
v 0.02459322 0.01301663 0.14557692
v 0.02631093 0.02060088 0.14033694
v 0.02505886 0.02204944 0.14033694
v 0.02329976 0.02330141 0.14191180
v 0.02439661 0.02144932 0.14236993
v 0.02459322 0.01011950 0.14583460
v 0.04708901 -0.02459424 -0.12297862
v 0.04127364 -0.03279931 0.00721884
v 0.04145989 -0.03303729 0.00432684
v 0.04293960 -0.03113346 0.00143483
v 0.04390194 -0.02968490 0.00143483
v 0.04535061 -0.02750171 0.00143483
v 0.04630259 -0.02605315 -0.12478254
v 0.03939036 -0.03350290 0.01589485
v 0.04007331 -0.03424787 0.00721884
v 0.04030095 -0.03448585 0.00432684
v 0.02343428 -0.02343539 0.13982154
v 0.03774509 -0.03485834 0.01781331
v 0.04690276 -0.02486326 -0.12578472
v 0.04665441 -0.02382857 -0.13743864
v 0.04649920 -0.02353886 -0.14033065
v 0.04068382 -0.03204399 -0.14210594
v 0.04388124 -0.02677743 -0.14262134
v 0.04487462 -0.02462528 -0.14325129
v 0.04594042 -0.02169712 -0.14402439
v 0.04567139 -0.02498742 -0.14033065
v 0.04422272 -0.02729478 -0.14033065
v 0.04625085 -0.02018648 -0.14462570
v 0.04666476 -0.01825161 -0.14505521
v 0.04712006 -0.01591322 -0.14534155
v 0.04756501 -0.01301610 -0.14545608
v 0.04774092 -0.00723220 -0.14594285
v 0.04774092 -0.00433507 -0.14611467
v 0.04774092 -0.00143795 -0.14614330
v 0.04504018 0.02748155 0.00432684
v 0.04499879 0.02748155 0.00721884
v 0.04479184 0.02748155 0.01011085
v 0.04427445 0.02776091 0.01323192
v 0.04424341 0.02729531 0.01589485
v 0.04217388 0.03037867 0.01589485
v 0.04066312 0.03204452 0.01801375
v 0.04484358 0.01301663 -0.14622920
v 0.04484358 0.01591375 -0.14617193
v 0.04491601 0.02147002 -0.14534155
v 0.04484358 0.01880053 -0.14582832
v 0.04088042 0.02948884 -0.14502658
v 0.04195658 0.02459477 -0.14588558
v 0.04188415 0.02724357 -0.14525563
v 0.04022852 0.03141336 -0.14419620
v 0.04264987 0.03070977 -0.13743864
v 0.04362255 0.02926121 -0.13743864
v 0.03915236 0.03336892 -0.14333718
v 0.03807621 0.03517962 -0.14247817
v 0.03986635 0.03397938 -0.14033065
v 0.04007331 0.03421736 -0.13743864
v 0.04120120 0.03276880 -0.13743864
v 0.04500914 0.02748155 -0.13454663
v 0.04504018 0.02748155 -0.13165464
v 0.02169588 -0.01591322 0.14574871
v 0.02459322 -0.00723220 0.14589186
v 0.02169588 -0.01301610 0.14592053
v 0.02256508 -0.01961740 0.14437429
v 0.02164414 -0.01871722 0.14511878
v 0.02064042 -0.02064174 0.14483243
v 0.02119919 -0.02399412 0.14245583
v 0.02188213 -0.02188336 0.14340075
v 0.02009199 -0.02591864 0.14145365
v 0.02179935 -0.02467702 0.14062327
v 0.02459322 0.00723273 0.14589186
v 0.02174761 0.02174938 0.14394478
v 0.01982295 0.02275303 0.14448882
v 0.02082667 0.02082851 0.14491833
v 0.02174761 0.01882122 0.14520468
v 0.02169588 0.01591375 0.14580597
v 0.03965940 0.03374140 0.01589485
v 0.02361019 0.02361182 0.14033694
v 0.03822108 0.03531413 0.01589485
v 0.02035068 0.02611576 0.14188316
v 0.02146823 0.02439818 0.14239856
v 0.02209944 0.02506038 0.14033694
v 0.02169588 0.01301663 0.14592053
v 0.04149094 -0.03306833 0.00143483
v 0.04293960 -0.03113346 -0.12297862
v 0.04390194 -0.02968490 -0.12297862
v 0.04535061 -0.02750171 -0.12297862
v 0.04388124 -0.02966421 -0.12587062
v 0.04551617 -0.02720165 -0.12578472
v 0.04628190 -0.02601176 -0.12670100
v 0.03794169 -0.03504458 0.01589485
v 0.03863498 -0.03574817 0.00721884
v 0.03885228 -0.03596545 0.00432684
v 0.03887298 -0.03598614 0.00143483
v 0.04031130 -0.03451689 0.00143483
v 0.02047485 -0.02620835 0.13953520
v 0.03485809 -0.03775546 0.01784195
v 0.03505469 -0.03795205 0.01589485
v 0.03650336 -0.03649315 0.01589485
v 0.04584730 -0.02527714 -0.13743864
v 0.03788995 -0.03499285 -0.14219184
v 0.03898680 -0.03319249 -0.14310811
v 0.04009400 -0.03125763 -0.14402439
v 0.04125294 -0.03032641 -0.14313675
v 0.04327073 -0.02874334 -0.14033065
v 0.04218423 -0.03037814 -0.14033065
v 0.04087008 -0.03228197 -0.14033065
v 0.03958696 -0.03373053 -0.14033065
v 0.04332247 -0.02593934 -0.14456843
v 0.04393298 -0.02401482 -0.14514110
v 0.04425376 -0.02775004 -0.13761045
v 0.04338455 -0.02889854 -0.13866989
v 0.04449175 -0.02169712 -0.14542745
v 0.04484358 -0.01591322 -0.14614330
v 0.04484358 -0.01301610 -0.14622920
v 0.04373637 0.02942676 0.00432684
v 0.04371568 0.02939572 0.00721884
v 0.04361220 0.02924052 0.01011085
v 0.04266022 0.03017174 0.01323192
v 0.04338455 0.02890942 0.01432000
v 0.04084938 0.03229284 0.01589485
v 0.01301420 -0.04484306 -0.14625783
v 0.04195658 0.02169765 -0.14622920
v 0.03918341 0.03042006 -0.14551334
v 0.03829351 0.03260325 -0.14516973
v 0.03905924 0.02748155 -0.14611467
v 0.03742431 0.03452777 -0.14439663
v 0.04274300 0.03084428 -0.13454663
v 0.03451662 0.03741454 -0.14439663
v 0.03516852 0.03806639 -0.14244954
v 0.03550999 0.03840784 -0.14033065
v 0.03695866 0.03696962 -0.14033065
v 0.03841768 0.03552107 -0.14033065
v 0.03862464 0.03572800 -0.13743864
v 0.04018713 0.03434152 -0.13454663
v 0.04129433 0.03290331 -0.13454663
v 0.04276369 0.03087532 -0.13165464
v 0.04373637 0.02942676 -0.13165464
v 0.01880888 -0.01880000 0.14577734
v 0.01880888 -0.01591322 0.14594916
v 0.01880888 -0.00143795 0.14623547
v 0.01880888 -0.00433507 0.14620684
v 0.01591154 -0.01011897 0.14623547
v 0.01959530 -0.02256626 0.14437429
v 0.01870541 -0.02164538 0.14511878
v 0.01767064 -0.02336297 0.14480380
v 0.01816733 -0.02654980 0.14225540
v 0.01888132 -0.02464598 0.14331484
v 0.01662553 -0.02847432 0.14033694
v 0.01900549 -0.02693263 0.14042285
v 0.01472156 -0.02906409 0.14194043
v 0.01880888 0.00433560 0.14620684
v 0.01880888 0.00143848 0.14623547
v 0.01882958 0.02453269 0.14383025
v 0.01655309 0.02545356 0.14431703
v 0.01788794 0.02352904 0.14486107
v 0.01882958 0.02174938 0.14520468
v 0.01591154 0.02169765 0.14580597
v 0.01880888 0.01591375 0.14594916
v 0.03987670 0.03398973 0.01300285
v 0.02244091 0.02537079 0.13744494
v 0.03676206 0.03676269 0.01589485
v 0.03531339 0.03820090 0.01589485
v 0.03842803 0.03553141 0.01300285
v 0.03697936 0.03697997 0.01300285
v 0.01502164 0.02923017 0.14211223
v 0.01880888 0.02661241 0.14231267
v 0.02066111 0.02636409 0.14033694
v 0.01853984 0.02786438 0.14010787
v 0.01694630 0.02866109 0.14090961
v 0.01591154 0.01011950 0.14623547
v 0.04032165 -0.03451689 -0.00142854
v 0.04149094 -0.03306833 -0.12297862
v 0.04290856 -0.03110242 -0.12587062
v 0.04347768 -0.02905374 -0.13675143
v 0.03574799 -0.03864529 0.00721884
v 0.03596529 -0.03887292 0.00432684
v 0.03741396 -0.03741401 0.00432684
v 0.03743466 -0.03743470 0.00143483
v 0.03887298 -0.03598614 -0.12297862
v 0.01704978 -0.02875368 0.13744494
v 0.02697318 -0.04402566 0.01589485
v 0.03184692 -0.04051807 0.01741244
v 0.03344046 -0.03940062 0.01589485
v 0.03423723 -0.04009386 0.00721884
v 0.03449592 -0.04032148 0.00432684
v 0.03500296 -0.03790032 -0.14222047
v 0.03723805 -0.03434099 -0.14413893
v 0.03813830 -0.03525152 -0.14033065
v 0.03526165 -0.03815899 -0.14033065
v 0.03815899 -0.03241648 -0.14511247
v 0.04076660 -0.02932276 -0.14494068
v 0.04266022 -0.03016086 -0.13761045
v 0.04103564 -0.03249925 -0.13743864
v 0.03979392 -0.03394781 -0.13743864
v 0.04136676 -0.02748102 -0.14525563
v 0.04219458 -0.02482187 -0.14559924
v 0.04195658 -0.02169712 -0.14620056
v 0.04195658 -0.01880000 -0.14622920
v 0.04276369 0.03087532 0.00432684
v 0.04273265 0.03084428 0.00721884
v 0.04263952 0.03068908 0.01011085
v 0.04103564 0.03255152 0.01300285
v -0.01302050 -0.04484306 -0.14625783
v 0.00144552 0.04774072 -0.14622920
v 0.01301420 0.04484360 -0.14622920
v 0.02169588 0.04195682 -0.14622920
v 0.03037756 0.03616257 -0.14622920
v 0.03327490 0.03327580 -0.14622920
v 0.03616189 0.03037867 -0.14622920
v 0.03905924 -0.02459424 -0.14622920
v 0.02459322 -0.03905917 -0.14622920
v 0.02169588 -0.04195629 -0.14620056
v 0.01591154 -0.04484306 -0.14611467
v 0.00433252 -0.04774019 -0.14602874
v 0.00144552 -0.04774019 -0.14605737
v 0.03633780 0.03345169 -0.14559924
v 0.03548930 0.03549003 -0.14516973
v 0.03147441 0.04024959 -0.14428210
v 0.03337837 0.03915282 -0.14336582
v 0.03259195 0.03832507 -0.14516973
v 0.03222979 0.04081866 -0.14233501
v 0.03400958 0.03984606 -0.14033065
v 0.03422688 0.04005300 -0.13743864
v 0.03572729 0.03860443 -0.13743864
v 0.03716562 0.03717656 -0.13743864
v 0.03873846 0.03583147 -0.13454663
v 0.04020783 0.03437256 -0.13165464
v 0.04131503 0.03292400 -0.13165464
v 0.01591154 -0.02169712 0.14572007
v 0.01591154 -0.01880000 0.14594916
v 0.01301420 -0.02169712 0.14592053
v 0.01012720 -0.01591322 0.14623547
v -0.00144147 -0.00143795 0.14626410
v 0.01591154 -0.02544269 0.14428840
v 0.01591154 -0.02399412 0.14506148
v 0.01436974 -0.02599107 0.14463200
v 0.01577702 -0.02750171 0.14274217
v 0.01517686 -0.02931241 0.14033694
v 0.01324184 -0.02738790 0.14391615
v 0.01301420 -0.02940554 0.14228403
v 0.00822323 -0.03171289 0.14139639
v 0.01008581 -0.03136109 0.14039421
v 0.01301420 -0.03025398 0.14033694
v 0.01461808 0.02613646 0.14471791
v 0.01578737 0.02739878 0.14322894
v 0.01571493 0.02453269 0.14509015
v 0.01012720 0.02459477 0.14586323
v 0.01301420 0.02169765 0.14594916
v 0.01301420 0.02459477 0.14560555
v 0.01301420 0.01591375 0.14614958
v 0.01591154 0.01301663 0.14614958
v 0.04006296 0.03420701 0.01011085
v 0.03379228 0.03964947 0.01589485
v 0.03208492 0.04070485 0.01815692
v 0.03553069 0.03841819 0.01300285
v 0.03401993 0.03986675 0.01300285
v 0.03861429 0.03571766 0.01011085
v 0.01595293 0.02945780 0.14010787
v 0.01301420 0.03078220 0.14033694
v 0.00892687 0.03191001 0.14188316
v 0.01301420 0.02965439 0.14251311
v 0.01301420 0.02792646 0.14397342
v 0.01740160 0.02896115 0.13899116
v 0.01012720 0.01591375 0.14623547
v 0.04031130 -0.03451689 -0.12297862
v 0.04030095 -0.03448585 -0.12587062
v 0.04145989 -0.03303729 -0.12587062
v 0.03598598 -0.03888327 0.00143483
v 0.03743466 -0.03743470 -0.12297862
v 0.03885228 -0.03596545 -0.12587062
v 0.02434487 -0.04557769 0.01578032
v 0.02559694 -0.04606400 0.00721884
v 0.02594876 -0.04625024 0.00432684
v 0.02748021 -0.04485341 0.00721884
v 0.02929105 -0.04364283 0.00721884
v 0.02842185 -0.04305306 0.01589485
v 0.03037756 -0.04173900 0.01589485
v 0.03200214 -0.04063189 0.01589485
v 0.03304725 -0.04139756 0.00432684
v 0.03307829 -0.04141825 0.00143483
v 0.03451662 -0.04033183 0.00143483
v 0.03278856 -0.04121131 0.00721884
v 0.03368880 -0.03960755 -0.14033065
v 0.03201249 -0.04064223 -0.14202003
v 0.03318177 -0.03898674 -0.14307948
v 0.03435106 -0.03724846 -0.14413893
v 0.03531339 -0.03531360 -0.14511247
v 0.03834525 -0.03545845 -0.13743864
v 0.03690692 -0.03690702 -0.13743864
v 0.03545825 -0.03836593 -0.13743864
v 0.03391645 -0.03980414 -0.13743864
v 0.03623433 -0.03333735 -0.14551334
v 0.03910063 -0.03032641 -0.14539882
v 0.03905924 -0.02748102 -0.14605737
v 0.03616189 -0.03037814 -0.14617193
v 0.04131503 0.03292400 0.00432684
v 0.04129433 0.03289296 0.00721884
v 0.04119085 0.03275845 0.01011085
v -0.02170218 -0.04195629 -0.14620056
v -0.02458917 -0.03905917 -0.14622920
v -0.03905519 -0.02459424 -0.14622920
v -0.04484988 -0.01301610 -0.14622920
v -0.04484988 0.01301663 -0.14622920
v -0.04195253 0.02169765 -0.14622920
v -0.03616820 0.03037867 -0.14622920
v -0.03327085 0.03327580 -0.14622920
v -0.03037351 0.03616257 -0.14622920
v -0.02170218 0.04195682 -0.14622920
v -0.01302050 0.04484360 -0.14622920
v -0.00144147 0.04774072 -0.14622920
v -0.00144147 -0.04774019 -0.14605737
v -0.00433882 -0.04774019 -0.14602874
v -0.01590749 -0.04484306 -0.14611467
v 0.00144552 0.05000668 -0.14542745
v 0.00433252 0.04774072 -0.14620056
v 0.01591154 0.04484360 -0.14620056
v 0.02459322 0.04195682 -0.14591422
v 0.02748021 0.03905970 -0.14614330
v 0.03344046 0.03633847 -0.14559924
v 0.03327490 -0.03327527 -0.14617193
v 0.03037756 -0.03616204 -0.14617193
v 0.02748021 -0.03905917 -0.14602874
v 0.02480017 -0.04218392 -0.14557061
v 0.02169588 -0.04440850 -0.14539882
v 0.01591154 -0.04703660 -0.14534155
v 0.01301420 -0.04744013 -0.14545608
v 0.00722986 -0.04774019 -0.14582832
v 0.00433252 -0.04969575 -0.14522699
v 0.00144552 -0.04973713 -0.14528429
v 0.02809072 0.04284665 -0.14370942
v 0.03021199 0.04183266 -0.14302221
v 0.02954974 0.04091179 -0.14505521
v 0.02616606 0.04348815 -0.14476886
v 0.03046034 0.03919420 -0.14551334
v 0.02893923 0.04340538 -0.14179097
v 0.03256091 0.04108768 -0.14033065
v 0.03278856 0.04126358 -0.13743864
v 0.03435106 0.04016681 -0.13454663
v 0.03583077 0.03871825 -0.13454663
v 0.03727944 0.03728003 -0.13454663
v 0.03875915 0.03585217 -0.13165464
v 0.04020783 0.03437256 0.00432684
v 0.01012720 -0.02459424 0.14577734
v 0.01324184 -0.02485291 0.14529057
v 0.00722986 -0.02459424 0.14589186
v 0.00144552 -0.01880000 0.14623547
v 0.00433252 -0.01880000 0.14620684
v 0.00433252 0.01880053 0.14623547
v -0.00433882 0.01880053 0.14623547
v -0.01012316 0.01591375 0.14623547
v -0.01590749 0.01011950 0.14623547
v -0.01880483 0.00433560 0.14623547
v -0.01880483 -0.00433507 0.14623547
v -0.01590749 -0.01011897 0.14623547
v -0.01012316 -0.01591322 0.14623547
v -0.00144147 -0.01880000 0.14623547
v 0.00777828 -0.02870195 0.14454609
v 0.01012720 -0.02827773 0.14423112
v 0.01243473 -0.02636356 0.14486107
v 0.01301420 -0.03076098 0.13744494
v 0.02292725 -0.04619851 0.01666797
v 0.00629857 -0.03191983 0.14191180
v 0.01012720 -0.02994357 0.14277081
v 0.00725055 -0.03215780 0.14039421
v 0.00909244 -0.03196121 0.13947792
v 0.01092397 -0.03159907 0.13744494
v 0.00865783 0.02893011 0.14466063
v 0.01301420 0.02647790 0.14491833
v 0.01012720 0.02712975 0.14520468
v 0.00750924 0.02777126 0.14526194
v 0.00433252 0.02748155 0.14557692
v 0.00144552 0.02748155 0.14569144
v 0.00144552 0.02459477 0.14589186
v 0.04017678 0.03434152 0.00721884
v 0.03234361 0.04091179 0.01589485
v 0.03010852 0.04249485 0.01569442
v 0.03570660 0.03859409 0.01011085
v 0.03421654 0.04004265 0.01011085
v 0.03257126 0.04109803 0.01300285
v 0.03872811 0.03583147 0.00721884
v 0.03727944 0.03728003 0.00721884
v 0.03583077 0.03871825 0.00721884
v 0.01153448 0.03181689 0.13876209
v 0.01100675 0.03159960 0.14033694
v 0.00722986 0.03208591 0.14211223
v 0.00998233 0.03049249 0.14282808
v 0.00956843 0.03211695 0.14033694
v 0.00722986 0.03267568 0.14033694
v 0.00433252 0.03317233 0.14033694
v 0.02874263 0.04328122 0.01649616
v 0.02766647 0.04410897 0.01569442
v 0.02504851 0.04572308 0.01589485
v 0.02333080 0.04638528 0.01778468
v 0.03598598 -0.03888327 -0.12297862
v 0.03596529 -0.03887292 -0.12587062
v 0.03741396 -0.03741401 -0.12587062
v 0.02321698 -0.04633301 0.01472087
v 0.02450009 -0.04693313 0.00432684
v 0.02453113 -0.04695383 0.00143483
v 0.02597980 -0.04626059 0.00143483
v 0.02748021 -0.04522590 0.00432684
v 0.02414827 -0.04676758 0.00721884
v 0.02956009 -0.04382907 0.00432684
v 0.03100876 -0.04284612 0.00432684
v 0.03072938 -0.04265988 0.00721884
v 0.03103981 -0.04286681 0.00143483
v 0.03307829 -0.04141825 -0.12297862
v 0.03451662 -0.04033183 -0.12297862
v 0.03224013 -0.04080779 -0.14033065
v 0.02673518 -0.04386011 -0.14259270
v 0.03029477 -0.04120097 -0.14307948
v 0.03120537 -0.04007316 -0.14396713
v 0.03037756 -0.04209080 -0.14033065
v 0.02723187 -0.04420156 -0.14033065
v 0.03242639 -0.03813829 -0.14511247
v 0.03333698 -0.03623447 -0.14551334
v 0.03449592 -0.04031114 -0.12587062
v 0.03246778 -0.04098369 -0.13743864
v -0.03037351 -0.03616204 -0.14617193
v -0.02170218 -0.04441884 -0.14542745
v -0.02479613 -0.04218392 -0.14557061
v -0.02748651 -0.03905917 -0.14602874
v -0.03327085 -0.03327527 -0.14617193
v -0.03616820 -0.03037814 -0.14617193
v -0.04195253 -0.02169712 -0.14620056
v -0.04484988 -0.01591322 -0.14614330
v -0.04773687 -0.00433507 -0.14611467
v -0.04773687 -0.00143795 -0.14614330
v -0.04773687 0.00433560 -0.14614330
v -0.04484988 0.01591375 -0.14617193
v -0.04195253 0.02459477 -0.14591422
v -0.03905519 0.02748155 -0.14611467
v -0.03634411 0.03345169 -0.14559924
v -0.03344676 0.03634882 -0.14559924
v -0.02748651 0.03905970 -0.14614330
v -0.02458917 0.04195682 -0.14594285
v -0.01880483 0.04484360 -0.14591422
v -0.01590749 0.04484360 -0.14620056
v -0.00433882 0.04774072 -0.14620056
v -0.00144147 0.05000668 -0.14542745
v -0.00144147 -0.04973713 -0.14528429
v -0.00433882 -0.04969575 -0.14522699
v -0.00722581 -0.04774019 -0.14582832
v -0.01302050 -0.04745047 -0.14545608
v -0.01590749 -0.04704695 -0.14534155
v 0.00433252 0.04996530 -0.14539882
v 0.00144552 0.05145525 -0.14339445
v 0.00722986 0.04774072 -0.14605737
v 0.01012720 0.04774072 -0.14582832
v 0.01591154 0.04730615 -0.14542745
v 0.01880888 0.04484360 -0.14588558
v 0.02155101 0.04495742 -0.14537019
v 0.02459322 0.04395377 -0.14514110
v 0.02727326 0.04190508 -0.14528429
v 0.03029477 -0.03909021 -0.14539882
v 0.02748021 -0.04132513 -0.14525563
v 0.02397236 -0.04388081 -0.14514110
v 0.01813628 -0.04662272 -0.14502658
v 0.01301420 -0.04888869 -0.14416756
v 0.01121370 -0.04908528 -0.14453980
v 0.00928904 -0.04931291 -0.14482612
v 0.00722986 -0.04951985 -0.14505521
v 0.00433252 -0.05090633 -0.14322265
v 0.00144552 -0.05097876 -0.14322265
v -0.00144147 -0.05098911 -0.14322265
v 0.02727326 0.04382960 -0.14293631
v 0.02049555 0.04639562 -0.14479749
v 0.02242021 0.04599210 -0.14411029
v 0.02454148 0.04538163 -0.14316538
v 0.02534860 0.04589897 -0.14033065
v 0.02748021 0.04454354 -0.14033065
v 0.02908410 0.04349850 -0.14033065
v 0.03053277 0.04252590 -0.14033065
v 0.02353776 0.04649909 -0.14219184
v 0.03078112 0.04270179 -0.13743864
v 0.03091563 0.04279491 -0.13454663
v 0.03290238 0.04135671 -0.13454663
v 0.03437175 0.04018750 -0.13165464
v 0.03585147 0.03873895 -0.13165464
v 0.03730014 0.03730073 -0.13165464
v 0.03875915 0.03585217 0.00432684
v 0.00144552 -0.02748102 0.14551966
v 0.00433252 -0.02748102 0.14540510
v 0.00698151 -0.02763622 0.14514741
v 0.01012720 -0.02682917 0.14509015
v -0.00722581 -0.02459424 0.14589186
v -0.00722581 0.01880053 0.14617821
v -0.00722581 0.02459477 0.14589186
v -0.01012316 0.02459477 0.14586323
v -0.01302050 0.02169765 0.14592053
v -0.01302050 0.01591375 0.14614958
v -0.01590749 0.01301663 0.14614958
v -0.02170218 0.01301663 0.14594916
v -0.02458917 0.00723273 0.14589186
v -0.02170218 -0.01301610 0.14592053
v -0.02458917 -0.00723220 0.14586323
v -0.00433882 -0.01880000 0.14620684
v -0.01880483 -0.01591322 0.14592053
v -0.01590749 -0.01880000 0.14592053
v -0.01302050 -0.02169712 0.14589186
v 0.00584327 -0.02893993 0.14468928
v 0.00433252 -0.03050230 0.14357255
v 0.00703325 -0.03032641 0.14322894
v 0.01880888 -0.04802990 0.01589485
v 0.02186144 -0.04676758 0.01578032
v 0.00433252 -0.03208538 0.14211223
v 0.00433252 -0.03269584 0.14033694
v 0.00433252 -0.03317180 0.13744494
v 0.00722986 -0.03263376 0.13744494
v 0.00722986 -0.05113396 0.01589485
v 0.01301420 -0.04996477 0.01589485
v 0.01475260 -0.04929222 0.01784195
v 0.01660483 -0.04890939 0.01589485
v 0.00673317 0.02907497 0.14477517
v 0.00750924 0.03018208 0.14377299
v 0.00433252 0.03072012 0.14383025
v 0.00433252 0.02927156 0.14488970
v 0.00144552 0.02939572 0.14497559
v -0.00144147 0.02748155 0.14569144
v 0.03053277 0.04254659 0.01300285
v 0.02895993 0.04341573 0.01457770
v 0.03434071 0.04015647 0.00721884
v 0.03276786 0.04125324 0.01011085
v 0.03076042 0.04269144 0.01011085
v 0.03730014 0.03730073 0.00432684
v 0.03585147 0.03873895 0.00432684
v 0.03437175 0.04018750 0.00432684
v 0.01716360 0.04910650 0.01675387
v 0.01607710 0.04963420 0.01583759
v 0.01520790 0.04946865 0.01878686
v 0.00433252 0.03232388 0.14236993
v 0.00722986 0.03314129 0.13744494
v 0.01301420 0.05051368 0.01589485
v 0.00433252 0.03364828 0.13744494
v 0.00144552 0.03389661 0.13744494
v 0.00144552 0.03341030 0.14033694
v 0.02748021 0.04456423 0.01300285
v 0.02536929 0.04590932 0.01300285
v 0.02359984 0.04653014 0.01589485
v 0.02169588 0.04735789 0.01589485
v 0.01795003 -0.04942672 0.00721884
v 0.01938835 -0.04882661 0.00721884
v 0.02169588 -0.04785400 0.00721884
v 0.02169588 -0.04818511 0.00432684
v 0.02169588 -0.04822649 0.00143483
v 0.02453113 -0.04695383 -0.12297862
v 0.02748021 -0.04525694 0.00143483
v 0.02597980 -0.04626059 -0.12297862
v 0.03103981 -0.04286681 -0.12297862
v 0.03304725 -0.04139756 -0.12587062
v 0.03013956 -0.04259780 -0.13743864
v 0.02455183 -0.04483272 -0.14316538
v 0.02590737 -0.04329104 -0.14451117
v 0.02319628 -0.04632266 -0.14181960
v 0.02927036 -0.04073536 -0.14491205
v 0.02885645 -0.04335312 -0.13841218
v 0.02484156 -0.04563977 -0.14033065
v 0.02772856 -0.04421191 -0.13743864
v 0.02515199 -0.04582601 -0.13743864
v 0.02901167 -0.04345658 -0.13649373
v 0.03100876 -0.04284612 -0.12587062
v -0.03334329 -0.03623447 -0.14551334
v -0.01814259 -0.04661238 -0.14502658
v -0.02397866 -0.04390150 -0.14514110
v -0.02748651 -0.04132513 -0.14525563
v -0.03030108 -0.03909021 -0.14539882
v -0.03624063 -0.03334769 -0.14551334
v -0.03905519 -0.02748102 -0.14605737
v -0.04220088 -0.02483222 -0.14559924
v -0.04450840 -0.02169712 -0.14542745
v -0.04712636 -0.01591322 -0.14537019
v -0.04773687 -0.00723220 -0.14594285
v -0.04982710 -0.00433507 -0.14534155
v -0.04987884 -0.00143795 -0.14537019
v -0.04987884 0.00143848 -0.14537019
v -0.04984779 0.00433560 -0.14534155
v -0.04773687 0.00723273 -0.14600011
v -0.04720914 0.01591375 -0.14539882
v -0.04484988 0.01880053 -0.14582832
v -0.04493266 0.02149071 -0.14534155
v -0.04390824 0.02459477 -0.14511247
v -0.04189045 0.02725392 -0.14525563
v -0.03918971 0.03044075 -0.14551334
v -0.03831016 0.03260325 -0.14516973
v -0.03549560 0.03550037 -0.14516973
v -0.03260860 0.03832507 -0.14519836
v -0.03045629 0.03919420 -0.14551334
v -0.02727956 0.04191543 -0.14528429
v -0.02458917 0.04396411 -0.14514110
v -0.02155731 0.04494707 -0.14537019
v -0.01590749 0.04730615 -0.14542745
v -0.01012316 0.04774072 -0.14582832
v -0.00722581 0.04774072 -0.14605737
v -0.00433882 0.04996530 -0.14539882
v -0.00144147 0.05144490 -0.14336582
v -0.00722581 -0.04950951 -0.14505521
v -0.00433882 -0.05090633 -0.14322265
v -0.00929534 -0.04931291 -0.14482612
v -0.01123035 -0.04909563 -0.14453980
v -0.01302050 -0.04889904 -0.14419620
v 0.00722986 0.04977905 -0.14528429
v 0.00461190 0.05153802 -0.14299358
v -0.00144147 0.05214849 -0.14193413
v 0.00144552 0.05215884 -0.14193413
v 0.00382548 0.05212779 -0.14187687
v 0.01012720 0.04948934 -0.14502658
v 0.01212430 0.04929275 -0.14482612
v 0.01404896 0.04907546 -0.14451117
v 0.01880888 0.04673707 -0.14511247
v 0.02169588 -0.04585706 -0.14388123
v 0.02006095 -0.04618816 -0.14451117
v 0.01598397 -0.04854724 -0.14319401
v 0.01506303 -0.04938534 -0.14222047
v 0.01301420 -0.04963366 -0.14270724
v 0.01019963 -0.04985095 -0.14342308
v 0.00722986 -0.05054419 -0.14322265
v 0.00722986 -0.05141333 -0.14033065
v 0.00433252 -0.05176512 -0.14033065
v 0.00144552 -0.05182720 -0.14033065
v -0.00144147 -0.05183755 -0.14033065
v -0.00433882 -0.05176512 -0.14033065
v 0.01591154 0.04875472 -0.14388123
v 0.01857089 0.04816494 -0.14299358
v 0.01744299 0.04922032 -0.14184823
v 0.02391027 0.04668534 -0.14033065
v 0.02564868 0.04607487 -0.13743864
v 0.02748021 0.04489533 -0.13743864
v 0.02169588 0.04766829 -0.14033065
v 0.02947731 0.04375718 -0.13454663
v 0.03094668 0.04281561 -0.13165464
v 0.03292308 0.04136705 -0.13165464
v -0.00144147 -0.02748102 0.14551966
v 0.00144552 -0.02916756 0.14483243
v 0.00433252 -0.02905374 0.14474654
v -0.01012316 -0.02459424 0.14577734
v -0.00433882 0.02748155 0.14557692
v -0.00722581 0.02748155 0.14540510
v -0.01302050 0.02459477 0.14560555
v -0.01590749 0.02169765 0.14580597
v -0.01590749 0.01880053 0.14594916
v -0.01880483 0.01591375 0.14594916
v -0.02170218 0.01591375 0.14580597
v -0.02458917 0.01011950 0.14583460
v -0.02748651 0.00143848 0.14560555
v -0.02748651 -0.00143795 0.14560555
v -0.02458917 -0.01011897 0.14580597
v -0.02170218 -0.01591322 0.14574871
v -0.01880483 -0.01880000 0.14577734
v -0.01590749 -0.02169712 0.14572007
v 0.00144552 -0.03061612 0.14368709
v 0.00144552 -0.03220954 0.14225540
v 0.00144552 -0.03293382 0.14033694
v 0.00144552 -0.03339943 0.13744494
v 0.00433252 -0.05146506 0.01589485
v 0.00698151 -0.05222038 0.00696114
v 0.00871992 -0.05208588 0.00581579
v 0.01301420 -0.05092702 0.00721884
v 0.01515616 -0.04942672 0.01589485
v 0.00144552 0.03084428 0.14394478
v -0.00144147 0.02939572 0.14497559
v 0.02748021 0.04487463 0.01011085
v 0.03290238 0.04134636 0.00721884
v 0.03091563 0.04279491 0.00721884
v 0.03292308 0.04136705 0.00432684
v 0.01858123 0.04865125 0.01583759
v 0.01747403 0.04923067 0.01483541
v 0.01591154 0.05000668 0.01300285
v 0.00144552 0.03242735 0.14248447
v 0.01012720 0.05107241 0.01589485
v 0.00696082 0.05172426 0.01563715
v 0.01301420 0.05082409 0.01300285
v 0.00582258 0.05208640 0.01452044
v 0.00433252 0.05195190 0.01632436
v -0.00144147 0.03392765 0.13744494
v 0.00144552 0.05199328 0.01663933
v -0.00144147 0.03342065 0.14033694
v 0.02563833 0.04606453 0.01011085
v 0.02392062 0.04669568 0.01300285
v 0.02169588 0.04768898 0.01300285
v 0.01591154 -0.05015101 0.00721884
v 0.01591154 -0.05046141 0.00432684
v 0.01834324 -0.04959228 0.00432684
v 0.01979191 -0.04899216 0.00432684
v 0.01837428 -0.04961297 0.00143483
v 0.02169588 -0.04822649 -0.12297862
v 0.02450009 -0.04693313 -0.12587062
v 0.02594876 -0.04625024 -0.12587062
v 0.02748021 -0.04525694 -0.12297862
v 0.02748021 -0.04522590 -0.12587062
v 0.02956009 -0.04382907 -0.12587062
v 0.01703943 -0.04906459 -0.14033065
v 0.01898479 -0.04723319 -0.14342308
v 0.02339289 -0.04641579 -0.14033065
v 0.02169588 -0.04712972 -0.14033065
v 0.01729812 -0.04916806 -0.13864126
v 0.02371367 -0.04656065 -0.13743864
v -0.03242235 -0.03814864 -0.14511247
v -0.03531969 -0.03531360 -0.14511247
v -0.01597993 -0.04854724 -0.14319401
v -0.02007760 -0.04619851 -0.14453980
v -0.02170218 -0.04586741 -0.14390986
v -0.02455813 -0.04484306 -0.14319401
v -0.02590332 -0.04329104 -0.14451117
v -0.02928701 -0.04074570 -0.14491205
v -0.03910693 -0.03032641 -0.14542745
v -0.03816529 -0.03242682 -0.14511247
v -0.04393928 -0.02403551 -0.14516973
v -0.04667106 -0.01827231 -0.14505521
v -0.04963049 -0.00723220 -0.14516973
v -0.04919589 -0.01158823 -0.14468297
v -0.04934076 -0.01011897 -0.14485479
v -0.05117229 -0.00433507 -0.14322265
v -0.05126542 -0.00143795 -0.14322265
v -0.05127577 0.00143848 -0.14322265
v -0.04967188 0.00723273 -0.14519836
v -0.05121368 0.00433560 -0.14322265
v -0.04939250 0.01011950 -0.14491205
v -0.04922693 0.01178535 -0.14474023
v -0.04667106 0.01880053 -0.14505521
v -0.04635029 0.02038360 -0.14474023
v -0.04346329 0.02612611 -0.14474023
v -0.04088672 0.02950954 -0.14502658
v -0.04023482 0.03144440 -0.14422483
v -0.03742026 0.03452777 -0.14439663
v -0.03453327 0.03742489 -0.14439663
v -0.02954570 0.04091179 -0.14505521
v -0.03147036 0.04024959 -0.14425346
v -0.02618271 0.04349850 -0.14476886
v -0.02049150 0.04639562 -0.14479749
v -0.01880483 0.04674742 -0.14511247
v -0.00722581 0.04978940 -0.14528429
v -0.01402422 0.04906512 -0.14448253
v -0.01208921 0.04929275 -0.14479749
v -0.01012316 0.04948934 -0.14502658
v -0.00433882 0.05141386 -0.14330855
v -0.00722581 -0.05053384 -0.14322265
v -0.00722581 -0.05140298 -0.14033065
v -0.01302050 -0.04964401 -0.14273588
v -0.01506933 -0.04939569 -0.14222047
v 0.00722986 0.05107241 -0.14322265
v 0.00575014 0.05207606 -0.14176233
v -0.00433882 0.05211744 -0.14187687
v -0.00144147 0.05236577 -0.14033065
v 0.00144552 0.05237611 -0.14033065
v 0.00461190 0.05226230 -0.14061698
v 0.01305559 0.04982044 -0.14342308
v 0.01591154 0.04949968 -0.14244954
v 0.01559076 -0.04957158 -0.14033065
v 0.01301420 -0.05024413 -0.14033065
v 0.01012720 -0.05083390 -0.14033065
v 0.00700221 -0.05177547 -0.13729547
v 0.00588466 -0.05210657 -0.13623603
v 0.00433252 -0.05200310 -0.13806858
v 0.00144552 -0.05203414 -0.13838355
v -0.00144147 -0.05204448 -0.13844082
v -0.00433882 -0.05200310 -0.13803995
v -0.00583923 -0.05209622 -0.13612149
v 0.01301420 0.05079304 -0.14033065
v 0.01591154 0.04998599 -0.14033065
v 0.01769133 0.04932379 -0.14033065
v 0.02169588 0.04797869 -0.13743864
v 0.02420001 0.04684054 -0.13743864
v 0.02581424 0.04616799 -0.13454663
v 0.02748021 0.04508157 -0.13454663
v 0.02949801 0.04377786 -0.13165464
v 0.03094668 0.04281561 0.00432684
v -0.00433882 -0.02748102 0.14540510
v -0.00144147 -0.02916756 0.14483243
v -0.01325849 -0.02486326 0.14529057
v -0.01012316 -0.02683951 0.14509015
v -0.00697747 -0.02763622 0.14514741
v -0.00433882 0.02928190 0.14488970
v -0.00722581 0.02904393 0.14474654
v -0.00867448 0.02893011 0.14466063
v -0.00983342 0.02749190 0.14509015
v -0.01302050 0.02648825 0.14491833
v -0.01463473 0.02613646 0.14474654
v -0.01572123 0.02453269 0.14509015
v -0.01884622 0.02175973 0.14520468
v -0.02176426 0.01883157 0.14520468
v -0.02451674 0.01569647 0.14506148
v -0.02458917 0.01301663 0.14557692
v -0.02704157 0.01011950 0.14517604
v -0.02772451 0.00730515 0.14523331
v -0.02748651 0.00433560 0.14551966
v -0.02928701 0.00143848 0.14491833
v -0.02927666 -0.00143795 0.14488970
v -0.02748651 -0.00433507 0.14549102
v -0.02769347 -0.00717012 0.14520468
v -0.02693809 -0.01011897 0.14511878
v -0.02487891 -0.01329546 0.14531920
v -0.02406144 -0.01591322 0.14506148
v -0.02165044 -0.01872757 0.14511878
v -0.01871171 -0.02164538 0.14511878
v -0.01590749 -0.02401482 0.14506148
v -0.00144147 -0.03061612 0.14368709
v -0.00144147 -0.03220954 0.14225540
v -0.00144147 -0.03292347 0.14033694
v -0.00144147 -0.03337873 0.13744494
v -0.00144147 -0.05153749 0.01589485
v 0.00144552 -0.05152714 0.01589485
v 0.00433252 -0.05244801 0.00721884
v 0.00433252 -0.05275842 0.00432684
v 0.00722986 -0.05242732 0.00432684
v 0.00880270 -0.05210657 0.00432684
v 0.01025137 -0.05180651 0.00432684
v 0.01301420 -0.05122708 0.00432684
v -0.00144147 0.03084428 0.14394478
v 0.02946696 0.04375718 0.00721884
v 0.02748021 0.04507122 0.00721884
v 0.02580389 0.04615765 0.00721884
v 0.01915035 0.04873402 0.01300285
v 0.01770168 0.04932379 0.01300285
v 0.01803281 0.04946865 0.01011085
v 0.01591154 0.05027570 0.01011085
v -0.00144147 0.03242735 0.14248447
v 0.00617440 0.05215884 0.01300285
v 0.01301420 0.05107241 0.01011085
v 0.01012720 0.05164149 0.01011085
v 0.00828532 0.05200363 0.01011085
v 0.00433252 0.05257271 0.01011085
v 0.00433252 0.05231403 0.01300285
v 0.00433252 0.05212779 0.01489268
v -0.00433882 0.03370002 0.13744494
v -0.00433882 0.03320337 0.14033694
v -0.00144147 0.05198293 0.01661070
v -0.00433882 0.05195190 0.01635299
v -0.00588062 0.05209675 0.01460634
v 0.00144552 0.05216918 0.01517901
v -0.00144147 0.05216918 0.01515038
v -0.00433882 0.03232388 0.14236993
v 0.02436557 0.04692332 0.00721884
v 0.02418966 0.04683020 0.01011085
v 0.02169588 0.04796835 0.01011085
v 0.01591154 -0.05050281 0.00143483
v 0.01837428 -0.04961297 -0.12297862
v 0.01979191 -0.04899216 -0.12587062
v 0.02169588 -0.04818511 -0.12587062
v 0.02169588 -0.04744013 -0.13743864
v 0.01861228 -0.04872314 -0.13758181
v 0.01752577 -0.04926118 -0.13672280
v 0.01615988 -0.04965436 -0.13758181
v -0.03122202 -0.04008351 -0.14399576
v -0.03434701 -0.03724846 -0.14413893
v -0.03725470 -0.03436169 -0.14413893
v -0.02322328 -0.04633301 -0.14184823
v -0.01899109 -0.04723319 -0.14342308
v -0.02674149 -0.04386011 -0.14259270
v -0.03030108 -0.04121131 -0.14310811
v -0.04077290 -0.02932276 -0.14494068
v -0.04010030 -0.03125763 -0.14402439
v -0.04333912 -0.02596003 -0.14459707
v -0.04594673 -0.02169712 -0.14405302
v -0.04626751 -0.02019682 -0.14462570
v -0.04895789 -0.01351275 -0.14428210
v -0.05077908 -0.00723220 -0.14322265
v -0.04963049 -0.01273673 -0.14327992
v -0.05197941 -0.00433507 -0.14084605
v -0.05202080 -0.00143795 -0.14124692
v -0.05203115 0.00143848 -0.14130419
v -0.05087221 0.00723273 -0.14322265
v -0.05200010 0.00433560 -0.14107512
v -0.04970293 0.01286142 -0.14333718
v -0.04899929 0.01370987 -0.14436799
v -0.04876129 0.01618277 -0.14333718
v -0.04779896 0.01880053 -0.14322265
v -0.04595708 0.02230811 -0.14402439
v -0.04533622 0.02450165 -0.14313675
v -0.04389789 0.02680900 -0.14322265
v -0.04295626 0.02825756 -0.14322265
v -0.04148689 0.03044075 -0.14325129
v -0.04080394 0.03222042 -0.14230637
v -0.03914832 0.03336892 -0.14336582
v -0.03807216 0.03517962 -0.14247817
v -0.03518517 0.03807674 -0.14247817
v -0.03338468 0.03916316 -0.14336582
v -0.03223609 0.04081866 -0.14233501
v -0.02894553 0.04341573 -0.14179097
v -0.02810737 0.04284665 -0.14373805
v -0.02727956 0.04385030 -0.14293631
v -0.02454778 0.04539198 -0.14316538
v -0.02242651 0.04598175 -0.14411029
v -0.01857719 0.04817528 -0.14299358
v -0.01590749 0.04874437 -0.14388123
v -0.00696712 0.05128969 -0.14293631
v -0.01590749 0.04949968 -0.14244954
v -0.01304119 0.04982044 -0.14339445
v -0.00582888 0.05208640 -0.14179097
v -0.00697747 -0.05176512 -0.13723820
v -0.01302050 -0.05057523 -0.13743864
v -0.01302050 -0.05027517 -0.14033065
v -0.01558672 -0.04959228 -0.14033065
v -0.01703539 -0.04906459 -0.14033065
v 0.00433252 0.05259340 -0.13743864
v 0.00629857 0.05217952 -0.13984387
v -0.00433882 0.05231403 -0.14033065
v -0.00144147 0.05264514 -0.13743864
v 0.00144552 0.05265549 -0.13743864
v 0.01301420 -0.05055454 -0.13743864
v 0.01012720 -0.05113396 -0.13743864
v 0.00433252 -0.05213760 -0.13663689
v 0.00870957 -0.05208588 -0.12735958
v 0.00722986 -0.05241697 -0.12587062
v 0.00433252 -0.05275842 -0.12587062
v 0.00144552 -0.05216865 -0.13695186
v -0.00144147 -0.05216865 -0.13700914
v -0.00433882 -0.05213760 -0.13660826
v -0.00433882 -0.05274807 -0.12587062
v -0.00722581 -0.05240663 -0.12587062
v -0.00870553 -0.05208588 -0.12733094
v 0.01301420 0.05109310 -0.13743864
v 0.01591154 0.05028605 -0.13743864
v 0.01806385 0.04947899 -0.13743864
v 0.02169588 0.04815460 -0.13454663
v 0.02436557 0.04692332 -0.13454663
v 0.02584528 0.04618869 -0.13165464
v 0.02748021 0.04511261 -0.13165464
v 0.02949801 0.04377786 0.00432684
v -0.00584957 -0.02893993 0.14468928
v -0.00433882 -0.02906409 0.14474654
v -0.01438639 -0.02600142 0.14466063
v -0.01246172 -0.02636356 0.14486107
v -0.00778459 -0.02871230 0.14454609
v -0.00433882 0.03072012 0.14383025
v -0.01060949 0.02846450 0.14437429
v -0.00722581 0.03049249 0.14354391
v -0.00722581 0.03208591 0.14211223
v -0.00894352 0.03191001 0.14188316
v -0.00977133 0.03023382 0.14314305
v -0.01302050 0.02966474 0.14254174
v -0.01302050 0.02793681 0.14397342
v -0.01502794 0.02923017 0.14211223
v -0.01579367 0.02739878 0.14322894
v -0.01655939 0.02546391 0.14431703
v -0.01790459 0.02353939 0.14486107
v -0.02083297 0.02083886 0.14491833
v -0.02351302 0.01789000 0.14486107
v -0.02612063 0.01459970 0.14471791
v -0.02643106 0.01301663 0.14488970
v -0.02885241 0.00830880 0.14463200
v -0.02902832 0.00638428 0.14474654
v -0.02918353 0.00433560 0.14483243
v -0.03073568 0.00143848 0.14383025
v -0.03072533 -0.00143795 0.14383025
v -0.02915249 -0.00433507 0.14480380
v -0.02899727 -0.00617682 0.14471791
v -0.02879032 -0.00810133 0.14457473
v -0.02641036 -0.01251945 0.14488970
v -0.02603784 -0.01445431 0.14466063
v -0.02339919 -0.01770323 0.14480380
v -0.02064672 -0.02065209 0.14486107
v -0.01767694 -0.02337331 0.14480380
v -0.00433882 -0.03051265 0.14357255
v -0.00433882 -0.03208538 0.14211223
v -0.00433882 -0.03267515 0.14033694
v -0.00433882 -0.03312006 0.13744494
v -0.00433882 -0.05146506 0.01589485
v -0.00433882 -0.05244801 0.00721884
v -0.00144147 -0.05251010 0.00721884
v 0.00144552 -0.05249975 0.00721884
v 0.00144552 -0.05279981 0.00432684
v 0.00144552 -0.05284119 0.00143483
v 0.00433252 -0.05278946 0.00143483
v 0.00722986 -0.05244801 0.00143483
v 0.00886479 -0.05211692 0.00143483
v 0.01301420 -0.05126847 0.00143483
v 0.02748021 0.04511261 0.00432684
v 0.02584528 0.04618869 0.00432684
v 0.01826046 0.04955142 0.00721884
v 0.01591154 0.05044125 0.00721884
v 0.00683665 0.05228299 0.01011085
v 0.01301420 0.05123796 0.00721884
v 0.00863714 0.05207606 0.00839282
v 0.00433252 0.05273826 0.00721884
v 0.00144552 0.05264514 0.01011085
v 0.00144552 0.05238646 0.01300285
v -0.00722581 0.03316198 0.13744494
v -0.00722581 0.03269637 0.14033694
v -0.00699816 0.05173461 0.01569442
v -0.00433882 0.05213814 0.01492131
v -0.00433882 0.05232438 0.01300285
v -0.00433882 0.05258305 0.01011085
v -0.00625313 0.05217952 0.01300285
v -0.01302050 0.05080339 0.01300285
v -0.01302050 0.05049298 0.01589485
v -0.00144147 0.05237611 0.01300285
v 0.02439661 0.04694401 0.00432684
v 0.02169588 0.04818563 0.00432684
v 0.02169588 0.04814425 0.00721884
v 0.01591154 -0.05050281 -0.12297862
v 0.01834324 -0.04959228 -0.12587062
v 0.01591154 -0.05046141 -0.12587062
v 0.01591154 -0.04992337 -0.13454663
v -0.03202914 -0.04066293 -0.14204867
v -0.03318807 -0.03898674 -0.14310811
v -0.03500926 -0.03790032 -0.14222047
v -0.03612680 -0.03613100 -0.14319401
v -0.03790660 -0.03501354 -0.14222047
v -0.03900345 -0.03320284 -0.14310811
v -0.01880483 -0.04834030 -0.14033065
v -0.02170218 -0.04715042 -0.14033065
v -0.02341989 -0.04643648 -0.14033065
v -0.02486856 -0.04563977 -0.14033065
v -0.02723817 -0.04419122 -0.14033065
v -0.04067977 -0.03205433 -0.14207730
v -0.04125924 -0.03032641 -0.14313675
v -0.04389789 -0.02679812 -0.14264998
v -0.04488092 -0.02463563 -0.14325129
v -0.04637098 -0.02330088 -0.14193413
v -0.04670211 -0.02169712 -0.14259270
v -0.04734366 -0.01905867 -0.14348035
v -0.04864746 -0.01607877 -0.14327992
v -0.04946493 -0.01523033 -0.14236364
v -0.05018926 -0.01011897 -0.14322265
v -0.05173106 -0.00697352 -0.14010158
v -0.05209323 -0.00583537 -0.13898486
v -0.05213462 -0.00433507 -0.13941437
v -0.05217601 -0.00143795 -0.13981524
v -0.05218636 0.00143848 -0.13984387
v -0.05215532 0.00433560 -0.13964343
v -0.05178280 0.00704648 -0.14024474
v -0.05116194 0.01011950 -0.14033065
v -0.04950632 0.01540675 -0.14244954
v -0.05211393 0.00596006 -0.13921393
v -0.04917520 0.01733127 -0.14170506
v -0.04674350 0.02149071 -0.14313675
v -0.04645376 0.02346696 -0.14210594
v -0.04338051 0.02890942 -0.14164779
v -0.04105229 0.03255152 -0.14033065
v -0.03986231 0.03398973 -0.14033065
v -0.03841364 0.03553141 -0.14033065
v -0.03552664 0.03842854 -0.14033065
v -0.03402623 0.03987710 -0.14033065
v -0.03257756 0.04107733 -0.14033065
v -0.03053907 0.04252590 -0.14033065
v -0.02909040 0.04350885 -0.14033065
v -0.02748651 0.04457457 -0.14033065
v -0.02536525 0.04591967 -0.14033065
v -0.02354406 0.04648874 -0.14216320
v -0.01746999 0.04923067 -0.14187687
v -0.01302050 0.05078269 -0.14033065
v -0.00623244 0.05216918 -0.14033065
v -0.00433882 0.05259340 -0.13743864
v -0.01590749 -0.04993372 -0.13454663
v -0.01615584 -0.04966471 -0.13755317
v -0.01302050 -0.05124778 -0.12587062
v -0.01590749 -0.05047176 -0.12587062
v -0.01729408 -0.04915771 -0.13861262
v 0.00688839 0.05229334 -0.13743864
v 0.00144552 0.05282103 -0.13454663
v 0.00433252 0.05274861 -0.13454663
v 0.00832671 0.05201398 -0.13743864
v -0.00144147 0.05281068 -0.13454663
v 0.01301420 -0.05122708 -0.12587062
v 0.01025137 -0.05180651 -0.12587062
v 0.00880270 -0.05210657 -0.12587062
v 0.00722986 -0.05244801 -0.12297862
v 0.00433252 -0.05278946 -0.12297862
v 0.00144552 -0.05284119 -0.12297862
v 0.00144552 -0.05279981 -0.12587062
v -0.00144147 -0.05281016 -0.12587062
v -0.00433882 -0.05278946 -0.12297862
v -0.00722581 -0.05243766 -0.12297862
v -0.00878831 -0.05210657 -0.12587062
v -0.01023698 -0.05181686 -0.12587062
v 0.00866818 0.05207606 -0.13589242
v 0.01301420 0.05124831 -0.13454663
v 0.01591154 0.05045160 -0.13454663
v 0.01827080 0.04956177 -0.13454663
v 0.02169588 0.04818563 -0.13165464
v 0.02439661 0.04694401 -0.13165464
v -0.01590749 -0.02545303 0.14428840
v -0.01817363 -0.02656015 0.14225540
v -0.01578332 -0.02750171 0.14274217
v -0.01472786 -0.02907444 0.14194043
v -0.01325849 -0.02738790 0.14391615
v -0.01012316 -0.02828808 0.14423112
v -0.01012316 -0.02994357 0.14279944
v -0.00703955 -0.03032641 0.14322894
v -0.00957473 0.03212729 0.14033694
v -0.01102340 0.03159960 0.14033694
v -0.01302050 0.03078220 0.14033694
v -0.01595923 0.02944746 0.14007923
v -0.01696295 0.02866109 0.14088098
v -0.02036733 0.02612611 0.14188316
v -0.01880483 0.02662276 0.14231267
v -0.01982925 0.02276338 0.14448882
v -0.01884622 0.02453269 0.14383025
v -0.02276799 0.01981452 0.14448882
v -0.02543768 0.01652422 0.14428840
v -0.02737269 0.01574820 0.14320031
v -0.02918353 0.01497218 0.14208359
v -0.02787973 0.01301663 0.14391615
v -0.02849024 0.01011950 0.14437429
v -0.03046664 0.00987118 0.14271353
v -0.03184288 0.00874337 0.14179726
v -0.03199809 0.00723273 0.14199770
v -0.03014586 0.00730515 0.14365845
v -0.03063220 0.00433560 0.14371572
v -0.03232922 0.00143848 0.14236993
v -0.03060116 -0.00433507 0.14368709
v -0.03231887 -0.00143795 0.14236993
v -0.03220505 -0.00433507 0.14222677
v -0.02838676 -0.01011897 0.14431703
v -0.03040455 -0.00739775 0.14328621
v -0.03181184 -0.00861868 0.14173999
v -0.03005273 -0.01011897 0.14285671
v -0.02742443 -0.01329546 0.14397342
v -0.02912144 -0.01481645 0.14199770
v -0.02752791 -0.01583044 0.14279944
v -0.02658627 -0.01823092 0.14228403
v -0.02549977 -0.01591322 0.14431703
v -0.02258173 -0.01963809 0.14437429
v -0.01961195 -0.02257660 0.14437429
v -0.00630487 -0.03193017 0.14191180
v -0.00724651 -0.03214746 0.14039421
v -0.00722581 -0.05111327 0.01589485
v -0.00695677 -0.05219969 0.00696114
v -0.00433882 -0.05274807 0.00432684
v -0.00144147 -0.05281016 0.00432684
v -0.00144147 -0.05285154 0.00143483
v 0.00886479 -0.05211692 -0.12297862
v 0.01301420 -0.05126847 -0.12297862
v 0.01975052 0.04898234 0.00432684
v 0.01830185 0.04957211 0.00432684
v 0.01591154 0.05048264 0.00432684
v 0.00749890 0.05232438 0.00733338
v 0.00877166 0.05209675 0.00647437
v 0.01301420 0.05127934 0.00432684
v 0.00722986 0.05241750 0.00432684
v 0.00433252 0.05277964 0.00432684
v 0.00144552 0.05281068 0.00721884
v -0.00144147 0.05263479 0.01011085
v -0.00433882 0.05274861 0.00721884
v -0.00689469 0.05230369 0.01011085
v -0.00833301 0.05201398 0.01011085
v -0.01302050 0.05106207 0.01011085
v -0.01590749 0.05000668 0.01300285
v -0.01590749 0.05027570 0.01011085
v -0.01609375 0.04962385 0.01586622
v -0.01521420 0.04945830 0.01878686
v -0.02868684 -0.04323930 -0.14033065
v -0.03037351 -0.04211149 -0.14033065
v -0.03225678 -0.04082848 -0.14033065
v -0.03370546 -0.03959721 -0.14033065
v -0.03526795 -0.03814864 -0.14033065
v -0.03670627 -0.03672077 -0.14033065
v -0.03816529 -0.03527221 -0.14033065
v -0.03961396 -0.03374087 -0.14033065
v -0.02170218 -0.04746082 -0.13743864
v -0.02373032 -0.04658134 -0.13743864
v -0.02516864 -0.04581567 -0.13743864
v -0.02773486 -0.04421191 -0.13746727
v -0.02886275 -0.04335312 -0.13846945
v -0.04086603 -0.03229231 -0.14033065
v -0.04219053 -0.03037814 -0.14033065
v -0.04328738 -0.02876403 -0.14033065
v -0.04424971 -0.02731547 -0.14033065
v -0.04569838 -0.02499777 -0.14033065
v -0.04649515 -0.02354921 -0.14033065
v -0.04730227 -0.02169712 -0.14033065
v -0.04911311 -0.01716519 -0.14113239
v -0.04960980 -0.01607877 -0.14024474
v -0.05046865 -0.01301610 -0.14033065
v -0.05104812 -0.01011897 -0.14033065
v -0.05077908 -0.01301610 -0.13743864
v -0.05216567 -0.00617682 -0.13743864
v -0.05232088 -0.00433507 -0.13743864
v -0.05239332 -0.00143795 -0.13743864
v -0.05240366 0.00143848 -0.13743864
v -0.05236227 0.00433560 -0.13743864
v -0.05059282 0.01301663 -0.14033065
v -0.05219671 0.00637394 -0.13743864
v -0.05090325 0.01301663 -0.13743864
v -0.04752992 0.02169765 -0.14033065
v -0.04661933 0.02380841 -0.14033065
v -0.04970293 0.01618277 -0.14058835
v -0.04928902 0.01760029 -0.13978660
v -0.04586395 0.02525697 -0.14033065
v -0.04427041 0.02776091 -0.14053108
v -0.04350468 0.02908531 -0.13972934
v -0.04266652 0.03018208 -0.14053108
v -0.04267687 0.03073047 -0.13743864
v -0.04122820 0.03277915 -0.13743864
v -0.04006926 0.03422771 -0.13743864
v -0.03862059 0.03573835 -0.13743864
v -0.03573359 0.03863548 -0.13743864
v -0.03425388 0.04008403 -0.13743864
v -0.03280521 0.04125324 -0.13743864
v -0.03078742 0.04270179 -0.13743864
v -0.02748651 0.04492637 -0.13743864
v -0.02567568 0.04609556 -0.13743864
v -0.02392692 0.04667499 -0.14033065
v -0.02170218 0.04765795 -0.14033065
v -0.01772868 0.04934449 -0.14033065
v -0.01590749 0.04998599 -0.14033065
v -0.01590749 0.05029639 -0.13743864
v -0.01302050 0.05108275 -0.13743864
v -0.00727755 0.05227265 -0.13718094
v -0.00433882 0.05275895 -0.13454663
v -0.01751138 -0.04925083 -0.13666553
v -0.01302050 -0.05127882 -0.12297862
v -0.01590749 -0.05050281 -0.12297862
v -0.01838058 -0.04961297 -0.12297862
v -0.01834954 -0.04959228 -0.12587062
v -0.01860823 -0.04872314 -0.13755317
v 0.00750924 0.05232438 -0.13477571
v 0.00144552 0.05285208 -0.13165464
v 0.00433252 0.05277964 -0.13165464
v 0.00722986 0.05241750 -0.13165464
v -0.00144147 0.05284173 -0.13165464
v -0.00144147 -0.05284119 -0.12297862
v -0.00433882 -0.05278946 0.00143483
v -0.00886074 -0.05211692 -0.12297862
v -0.00722581 -0.05243766 0.00143483
v -0.01030941 -0.05182720 -0.12297862
v 0.00877166 0.05209675 -0.13397396
v 0.01301420 0.05127934 -0.13165464
v 0.01591154 0.05048264 -0.13165464
v 0.01830185 0.04957211 -0.13165464
v 0.01975052 0.04898234 -0.13165464
v -0.01889796 -0.02464598 0.14331484
v -0.02121584 -0.02399412 0.14245583
v -0.02010864 -0.02592899 0.14148229
v -0.01007142 -0.03136109 0.14039421
v -0.00822953 -0.03171289 0.14139639
v -0.01302050 -0.02940554 0.14228403
v -0.01663183 -0.02847432 0.14033694
v -0.01518316 -0.02930207 0.14033694
v -0.01302050 -0.03025398 0.14033694
v -0.01154078 0.03181689 0.13876209
v -0.01738721 0.02895081 0.13896253
v -0.01852545 0.02787473 0.14007923
v -0.02065706 0.02636409 0.14033694
v -0.02210574 0.02507073 0.14033694
v -0.02331641 0.02331176 0.14194043
v -0.02147453 0.02439818 0.14239856
v -0.02176426 0.02175973 0.14397342
v -0.02440291 0.02145967 0.14236993
v -0.02609993 0.02033186 0.14185452
v -0.02451674 0.01883157 0.14380162
v -0.02658627 0.01880053 0.14228403
v -0.02958709 0.01301663 0.14245583
v -0.02870754 0.01700017 0.14033694
v -0.02949396 0.01556196 0.14033694
v -0.03064255 0.01301663 0.14033694
v -0.03153245 0.01077136 0.14033694
v -0.03201879 0.00932279 0.14033694
v -0.03249478 0.00723273 0.14033694
v -0.03297077 0.00433560 0.14033694
v -0.03222574 0.00433560 0.14225540
v -0.03317772 0.00143848 0.14033694
v -0.03318807 -0.00143795 0.14033694
v -0.03199809 -0.00668381 0.14199770
v -0.03293973 -0.00433507 0.14033694
v -0.02948361 -0.01301610 0.14236993
v -0.03229817 -0.00748052 0.14059464
v -0.03203948 -0.00928088 0.13979290
v -0.03149106 -0.01020175 0.14059464
v -0.03042525 -0.01301610 0.14033694
v -0.02596541 -0.02016578 0.14159683
v -0.02939048 -0.01529241 0.14033694
v -0.02852128 -0.01674097 0.14033694
v -0.02468230 -0.01893451 0.14334348
v -0.02404075 -0.02121082 0.14245583
v -0.02189878 -0.02189371 0.14342938
v -0.00906769 -0.03195087 0.13944929
v -0.01012316 -0.05055454 0.01589485
v -0.00871587 -0.05208588 0.00581579
v -0.00722581 -0.05240663 0.00432684
v 0.00882340 0.05210710 0.00432684
v 0.00144552 0.05285208 0.00432684
v -0.00144147 0.05280034 0.00721884
v -0.00433882 0.05278999 0.00432684
v -0.00722581 0.05244855 0.00432684
v -0.00751555 0.05234508 0.00744791
v -0.00866414 0.05207606 0.00859326
v -0.01302050 0.05122761 0.00721884
v -0.01590749 0.05045160 0.00721884
v -0.01772868 0.04934449 0.01300285
v -0.01750103 0.04924102 0.01489268
v -0.01805980 0.04947899 0.01011085
v -0.01716991 0.04911685 0.01683977
v -0.03013552 -0.04261848 -0.13746727
v -0.03248443 -0.04100438 -0.13743864
v -0.03393310 -0.03980414 -0.13743864
v -0.03546456 -0.03835558 -0.13743864
v -0.03691323 -0.03691736 -0.13743864
v -0.03837225 -0.03546880 -0.13743864
v -0.03982092 -0.03395816 -0.13743864
v -0.01979821 -0.04900251 -0.12587062
v -0.02170218 -0.04820580 -0.12587062
v -0.02449604 -0.04695383 -0.12587062
v -0.02593437 -0.04623989 -0.12587062
v -0.02901797 -0.04345658 -0.13652236
v -0.04103159 -0.03250960 -0.13743864
v -0.04265618 -0.03017121 -0.13763908
v -0.04339086 -0.02890889 -0.13875579
v -0.04428075 -0.02776038 -0.13763908
v -0.04587430 -0.02529783 -0.13743864
v -0.04665037 -0.02384927 -0.13743864
v -0.04761270 -0.02169712 -0.13743864
v -0.04922693 -0.01744456 -0.13921393
v -0.04995127 -0.01591322 -0.13743864
v -0.05073769 -0.01591322 -0.12587062
v -0.05154481 -0.01301610 -0.12587062
v -0.05196906 -0.01102950 -0.12587062
v -0.05219671 -0.00923949 -0.12787498
v -0.05273479 -0.00723220 -0.12587062
v -0.05247610 -0.00433507 -0.13454663
v -0.05254853 -0.00143795 -0.13454663
v -0.05255888 0.00143848 -0.13454663
v -0.05251749 0.00433560 -0.13454663
v -0.05011683 0.01591375 -0.13743864
v -0.05227949 0.00678781 -0.13454663
v -0.05105847 0.01301663 -0.13454663
v -0.05028239 0.01591375 -0.13454663
v -0.04784035 0.02169765 -0.13743864
v -0.04677454 0.02411882 -0.13743864
v -0.04603986 0.02556738 -0.13743864
v -0.04940285 0.01789000 -0.13743864
v -0.04881303 0.01933856 -0.13743864
v -0.04481883 0.02748155 -0.13743864
v -0.04500509 0.02748155 -0.13454663
v -0.04372198 0.02942676 -0.13454663
v -0.04277000 0.03086498 -0.13454663
v -0.04132133 0.03290331 -0.13454663
v -0.04017274 0.03435187 -0.13454663
v -0.03873441 0.03584182 -0.13454663
v -0.03729609 0.03729038 -0.13454663
v -0.03584742 0.03874929 -0.13454663
v -0.03437805 0.04019785 -0.13454663
v -0.03292938 0.04134636 -0.13454663
v -0.03092194 0.04279491 -0.13454663
v -0.02948361 0.04376752 -0.13454663
v -0.02748651 0.04511261 -0.13454663
v -0.02585159 0.04618869 -0.13454663
v -0.02423735 0.04683020 -0.13743864
v -0.02170218 0.04797869 -0.13743864
v -0.01952917 0.04888922 -0.13743864
v -0.01808050 0.04948934 -0.13743864
v -0.01590749 0.05046195 -0.13454663
v -0.01302050 0.05123796 -0.13454663
v -0.00869518 0.05208640 -0.13603559
v -0.00722581 0.05241750 -0.13454663
v -0.00433882 0.05278999 -0.13165464
v -0.01302050 -0.05127882 0.00143483
v -0.01590749 -0.05050281 0.00143483
v -0.02170218 -0.04824718 -0.12297862
v -0.01838058 -0.04961297 0.00143483
v 0.00882340 0.05210710 -0.13165464
v -0.00144147 0.05284173 0.00432684
v -0.00886074 -0.05211692 0.00143483
v -0.00879866 -0.05210657 0.00432684
v -0.01030941 -0.05182720 0.00143483
v -0.02314050 -0.02314568 0.14176862
v -0.02181600 -0.02468736 0.14065191
v -0.02048115 -0.02621870 0.13953520
v -0.01900144 -0.02694298 0.14045148
v -0.01707678 -0.02876403 0.13744494
v -0.01302050 -0.03075063 0.13744494
v -0.02295424 -0.04620886 0.01675387
v -0.02332676 0.04638528 0.01775605
v -0.02505482 0.04574378 0.01589485
v -0.02767277 0.04412966 0.01569442
v -0.02875928 0.04328122 0.01652480
v -0.03208087 0.04070485 0.01815692
v -0.02242651 0.02537079 0.13744494
v -0.03379858 0.03967016 0.01589485
v -0.02362684 0.02362217 0.14033694
v -0.02507551 0.02208048 0.14033694
v -0.02632758 0.02063192 0.14033694
v -0.02754860 0.01880053 0.14033694
v -0.02892484 0.01734162 0.13881935
v -0.03177044 0.01139217 0.13821804
v -0.03295008 0.00723273 0.13744494
v -0.04937180 0.01498253 0.01878686
v -0.05031344 0.01301663 0.01589485
v -0.03343642 0.00433560 0.13744494
v -0.03365372 0.00143848 0.13744494
v -0.03368476 -0.00143795 0.13744494
v -0.03342607 -0.00433507 0.13744494
v -0.03286729 -0.00723220 0.13744494
v -0.03168766 -0.01119505 0.13744494
v -0.05018926 -0.01301610 0.01589485
v -0.04936145 -0.01494061 0.01818555
v -0.04899929 -0.01686513 0.01589485
v -0.03093228 -0.01301610 0.13744494
v -0.02700018 -0.01903797 0.14050874
v -0.02625514 -0.02051758 0.13967836
v -0.02471335 -0.02183163 0.14070918
v -0.02881101 -0.01715484 0.13744494
v -0.04625716 -0.02306291 0.01709747
v -0.01085784 -0.03158873 0.13744494
v -0.01476925 -0.04930257 0.01789921
v -0.01302050 -0.04998546 0.01589485
v -0.01302050 -0.05095806 0.00721884
v -0.01302050 -0.05124778 0.00432684
v -0.01024733 -0.05181686 0.00432684
v -0.01302050 0.05126900 0.00432684
v -0.00879866 0.05210710 0.00664617
v -0.00722581 0.05244855 -0.13165464
v -0.01590749 0.05049298 0.00432684
v -0.01827711 0.04957211 0.00721884
v -0.02170218 0.04768898 0.01300285
v -0.01950848 0.04887887 0.01011085
v -0.02170218 0.04735789 0.01589485
v -0.03103576 -0.04286681 -0.12587062
v -0.03304320 -0.04141825 -0.12587062
v -0.03449188 -0.04031114 -0.12587062
v -0.03598194 -0.03886258 -0.12587062
v -0.03743061 -0.03743470 -0.12587062
v -0.03888963 -0.03598614 -0.12587062
v -0.04032795 -0.03451689 -0.12587062
v -0.02452709 -0.04697452 -0.12297862
v -0.02597576 -0.04626059 -0.12297862
v -0.02748651 -0.04522590 -0.12587062
v -0.04146619 -0.03307867 -0.12587062
v -0.04291487 -0.03112312 -0.12587062
v -0.04348399 -0.02906409 -0.13683733
v -0.04629855 -0.02605315 -0.12733094
v -0.04707462 -0.02459424 -0.12587062
v -0.04841982 -0.02169712 -0.12587062
v -0.04930972 -0.01764115 -0.13743864
v -0.04911311 -0.02007266 -0.12587062
v -0.04971327 -0.01862410 -0.12587062
v -0.04973397 -0.01866549 -0.12297862
v -0.05076873 -0.01591322 -0.12297862
v -0.05157585 -0.01301610 -0.12297862
v -0.05197941 -0.01110193 -0.12297862
v -0.05227949 -0.00965336 -0.12297862
v -0.05276583 -0.00723220 -0.12297862
v -0.05281757 -0.00433507 -0.12587062
v -0.05254853 0.00433560 -0.13165464
v -0.04949597 0.01809694 -0.13454663
v -0.05228984 0.00687059 -0.13165464
v -0.05201045 0.00830880 -0.13165464
v -0.05108951 0.01301663 -0.13165464
v -0.05031344 0.01591375 -0.13165464
v -0.04801626 0.02169765 -0.13454663
v -0.04685732 0.02429471 -0.13454663
v -0.04613299 0.02574328 -0.13454663
v -0.04504648 0.02748155 -0.13165464
v -0.04374268 0.02944746 -0.13165464
v -0.04278035 0.03089602 -0.13165464
v -0.04134202 0.03292400 -0.13165464
v -0.04020378 0.03437256 -0.13165464
v -0.03875511 0.03586251 -0.13165464
v -0.03731678 0.03731108 -0.13165464
v -0.03586811 0.03876998 -0.13165464
v -0.03439875 0.04021855 -0.13165464
v -0.03295008 0.04136705 -0.13165464
v -0.03095298 0.04281561 -0.13165464
v -0.02748651 0.04515401 -0.13165464
v -0.02440291 0.04692332 -0.13454663
v -0.02588263 0.04620938 -0.13165464
v -0.02170218 0.04815460 -0.13454663
v -0.01973612 0.04897200 -0.13454663
v -0.01828745 0.04957211 -0.13454663
v -0.01832884 0.04959281 -0.13165464
v -0.01590749 0.05049298 -0.13165464
v -0.01302050 0.05126900 -0.13165464
v -0.01590749 -0.05047176 0.00432684
v -0.02170218 -0.04824718 0.00143483
v -0.01834954 -0.04959228 0.00432684
v -0.01979821 -0.04900251 0.00432684
v -0.02345093 -0.02345609 0.13985017
v -0.02213678 -0.02514263 0.13744494
v -0.03486439 -0.03775546 0.01784195
v -0.03186357 -0.04053877 0.01746971
v -0.02697948 -0.04402566 0.01589485
v -0.02436152 -0.04558804 0.01583759
v -0.01880483 -0.04802990 0.01589485
v -0.01662148 -0.04890939 0.01589485
v -0.02324398 -0.04634336 0.01483541
v -0.02186774 -0.04677793 0.01583759
v -0.02360615 0.04651979 0.01589485
v -0.02538594 0.04593002 0.01300285
v -0.02748651 0.04459527 0.01300285
v -0.02896623 0.04342608 0.01460634
v -0.03010447 0.04249485 0.01569442
v -0.03234991 0.04090144 0.01589485
v -0.02394762 0.02392223 0.13744494
v -0.03533004 0.03823195 0.01589485
v -0.03403658 0.03988744 0.01300285
v -0.02538594 0.02243228 0.13744494
v -0.04067977 0.03206521 0.01807102
v -0.04221123 0.03037867 0.01589485
v -0.04424971 0.02731600 0.01589485
v -0.04568804 0.02493622 0.01589485
v -0.04633994 0.02323933 0.01755561
v -0.04906137 0.01702086 0.01641026
v -0.05088256 0.01011950 0.01589485
v -0.05144133 0.00723273 0.01589485
v -0.04952702 0.01599652 0.01560852
v -0.04983745 0.01591375 0.01300285
v -0.05062386 0.01301663 0.01300285
v -0.05177246 0.00433560 0.01589485
v -0.05181385 0.00143848 0.01589485
v -0.05180350 -0.00143795 0.01589485
v -0.05172072 -0.00433507 0.01589485
v -0.05135855 -0.00723220 0.01589485
v -0.05219671 -0.00923949 0.00627393
v -0.05155515 -0.01301610 0.00432684
v -0.04953736 -0.01541657 0.01589485
v -0.05074804 -0.01591322 0.00432684
v -0.04953736 -0.01818953 0.00721884
v -0.04820251 -0.01880000 0.01589485
v -0.04408415 -0.02704645 0.01589485
v -0.04055560 -0.03188879 0.01755561
v -0.03776173 -0.03486868 0.01787058
v -0.04565699 -0.02440800 0.01603802
v -0.04686767 -0.02193510 0.01603802
v -0.04639168 -0.02333192 0.01517901
v -0.04629855 -0.02605315 0.00581579
v -0.01517281 -0.04944742 0.01589485
v -0.01832884 0.04959281 0.00432684
v -0.02170218 0.04814425 0.00721884
v -0.02393727 0.04668534 0.01300285
v -0.02170218 0.04795801 0.01011085
v -0.02421666 0.04683020 0.01011085
v -0.03105645 -0.04288751 -0.12297862
v -0.03307425 -0.04143894 -0.12297862
v -0.03452292 -0.04033183 -0.12297862
v -0.03600263 -0.03888327 -0.12297862
v -0.03889998 -0.03599649 -0.12297862
v -0.04034865 -0.03454793 -0.12297862
v -0.04149724 -0.03309937 -0.12297862
v -0.02452709 -0.04697452 0.00143483
v -0.02960778 -0.04384976 -0.12297862
v -0.02597576 -0.04626059 0.00143483
v -0.04294591 -0.03114381 -0.12297862
v -0.04389789 -0.02967455 -0.12587062
v -0.04631924 -0.02608419 -0.12587062
v -0.04712636 -0.02459424 -0.12297862
v -0.04846121 -0.02169712 -0.12297862
v -0.04913381 -0.02011405 -0.12297862
v -0.04973397 -0.01866549 0.00143483
v -0.05076873 -0.01591322 0.00143483
v -0.05157585 -0.01301610 0.00143483
v -0.05197941 -0.01110193 0.00143483
v -0.05227949 -0.00965336 0.00143483
v -0.05283827 -0.00433507 -0.12297862
v -0.05276583 -0.00723220 0.00143483
v -0.05254853 0.00433560 0.00432684
v -0.04950632 0.01813833 -0.13165464
v -0.04891650 0.01958689 -0.13165464
v -0.05228984 0.00687059 0.00432684
v -0.05201045 0.00830880 0.00432684
v -0.05108951 0.01301663 0.00432684
v -0.05031344 0.01591375 0.00432684
v -0.04804730 0.02169765 -0.13165464
v -0.04687802 0.02432575 -0.13165464
v -0.04615368 0.02577432 -0.13165464
v -0.04504648 0.02748155 0.00432684
v -0.04374268 0.02944746 0.00432684
v -0.04278035 0.03089602 0.00432684
v -0.04134202 0.03292400 0.00432684
v -0.04020378 0.03437256 0.00432684
v -0.03875511 0.03586251 0.00432684
v -0.03731678 0.03731108 0.00432684
v -0.03586811 0.03876998 0.00432684
v -0.03439875 0.04021855 0.00432684
v -0.03295008 0.04136705 0.00432684
v -0.03095298 0.04281561 0.00432684
v -0.02748651 0.04515401 0.00432684
v -0.02443396 0.04693366 -0.13165464
v -0.02170218 0.04818563 -0.13165464
v -0.02588263 0.04620938 0.00432684
v -0.01590749 -0.05016136 0.00721884
v -0.02170218 -0.04820580 0.00432684
v -0.02449604 -0.04695383 0.00432684
v -0.01794598 -0.04942672 0.00721884
v -0.01939465 -0.04883695 0.00721884
v -0.02170218 -0.04788505 0.00721884
v -0.03650967 -0.03651383 0.01589485
v -0.03506100 -0.03795205 0.01589485
v -0.03346746 -0.03940062 0.01589485
v -0.03202914 -0.04065258 0.01589485
v -0.03037351 -0.04177005 0.01589485
v -0.02842815 -0.04306340 0.01589485
v -0.02748651 -0.04485341 0.00721884
v -0.02594471 -0.04623989 0.00432684
v -0.02560324 -0.04605365 0.00721884
v -0.02415457 -0.04678828 0.00721884
v -0.02565498 0.04608522 0.01011085
v -0.02748651 0.04490568 0.01011085
v -0.02932840 0.04366405 0.01011085
v -0.03053907 0.04253625 0.01300285
v -0.03258791 0.04108768 0.01300285
v -0.03677871 0.03677303 0.01589485
v -0.03821703 0.03532448 0.01589485
v -0.03554734 0.03843889 0.01300285
v -0.03699601 0.03699032 0.01300285
v -0.03423318 0.04007369 0.01011085
v -0.03966570 0.03376210 0.01589485
v -0.04087638 0.03231354 0.01589485
v -0.04268722 0.03017174 0.01326055
v -0.04339086 0.02891976 0.01440590
v -0.04428075 0.02777126 0.01326055
v -0.04587430 0.02526732 0.01300285
v -0.04646411 0.02348766 0.01589485
v -0.04721949 0.02169765 0.01589485
v -0.04856468 0.01852116 0.01560852
v -0.04918554 0.01736231 0.01446317
v -0.05211393 0.00592902 0.01188614
v -0.05010648 0.01591375 0.01011085
v -0.05088256 0.01301663 0.01011085
v -0.05202080 0.00433560 0.01377596
v -0.05204149 0.00143848 0.01403366
v -0.05203115 -0.00143795 0.01397640
v -0.05198976 -0.00433507 0.01351826
v -0.05208289 -0.00580433 0.01159980
v -0.05273479 -0.00723220 0.00432684
v -0.05226914 -0.00959128 0.00432684
v -0.05196906 -0.01103984 0.00432684
v -0.04971327 -0.01863445 0.00432684
v -0.04893720 -0.01963809 0.00721884
v -0.04311147 -0.02849501 0.01589485
v -0.04183871 -0.03037814 0.01589485
v -0.04069012 -0.03206468 0.01589485
v -0.03940701 -0.03350290 0.01589485
v -0.03795834 -0.03506527 0.01589485
v -0.04911311 -0.02007266 0.00432684
v -0.04841982 -0.02169712 0.00432684
v -0.04707462 -0.02459424 0.00432684
v -0.04631924 -0.02608419 0.00432684
v -0.04534656 -0.02753275 0.00432684
v -0.04389789 -0.02967455 0.00432684
v -0.04291487 -0.03112312 0.00432684
v -0.02170218 0.04818563 0.00432684
v -0.02439257 0.04691297 0.00721884
v -0.02584124 0.04618869 0.00721884
v -0.03307425 -0.04144929 -0.12008662
v -0.03105645 -0.04288751 0.00143483
v -0.03452292 -0.04033183 0.00143483
v -0.03745130 -0.03744505 -0.12008662
v -0.03600263 -0.03888327 0.00143483
v -0.04034865 -0.03454793 0.00143483
v -0.04149724 -0.03309937 0.00143483
v -0.02960778 -0.04384976 0.00143483
v -0.02748651 -0.04522590 0.00432684
v -0.04536726 -0.02755345 -0.12297862
v -0.04294591 -0.03114381 0.00143483
v -0.04633994 -0.02610489 -0.12297862
v -0.04712636 -0.02459424 -0.09402994
v -0.04846121 -0.02169712 0.00143483
v -0.04913381 -0.02011405 0.00143483
v -0.05283827 -0.00433507 0.00143483
v -0.05281757 -0.00433507 0.00432684
v -0.05251749 0.00433560 0.00721884
v -0.04950632 0.01813833 0.00432684
v -0.04891650 0.01958689 0.00432684
v -0.05226914 0.00676712 0.00721884
v -0.05198976 0.00821568 0.00721884
v -0.05104812 0.01301663 0.00721884
v -0.05028239 0.01591375 0.00721884
v -0.04804730 0.02169765 0.00432684
v -0.04687802 0.02432575 0.00432684
v -0.04615368 0.02577432 0.00432684
v -0.04500509 0.02748155 0.00721884
v -0.04372198 0.02941641 0.00721884
v -0.04275965 0.03086498 0.00721884
v -0.04131098 0.03289296 0.00721884
v -0.04017274 0.03434152 0.00721884
v -0.03872407 0.03584182 0.00721884
v -0.03728574 0.03729038 0.00721884
v -0.03583707 0.03873895 0.00721884
v -0.03436770 0.04018750 0.00721884
v -0.03291903 0.04134636 0.00721884
v -0.03092194 0.04279491 0.00721884
v -0.02748651 0.04510227 0.00721884
v -0.02443396 0.04693366 0.00432684
v -0.03866198 -0.03575851 0.00721884
v -0.03720296 -0.03720708 0.00721884
v -0.03575429 -0.03864529 0.00721884
v -0.03449188 -0.04031114 0.00432684
v -0.03424353 -0.04009386 0.00721884
v -0.03279486 -0.04123201 0.00721884
v -0.03103576 -0.04286681 0.00432684
v -0.03074603 -0.04268057 0.00721884
v -0.02930770 -0.04364283 0.00721884
v -0.03076672 0.04269144 0.01011085
v -0.03278451 0.04124289 0.01011085
v -0.03842398 0.03554176 0.01300285
v -0.03987266 0.03401042 0.01300285
v -0.03572325 0.03862513 0.01011085
v -0.03717192 0.03716621 0.01011085
v -0.03861024 0.03571766 0.01011085
v -0.04106263 0.03256186 0.01300285
v -0.04265618 0.03070977 0.01011085
v -0.04361850 0.02926121 0.01011085
v -0.04479814 0.02748155 0.01011085
v -0.04602951 0.02554669 0.01011085
v -0.04662967 0.02381876 0.01300285
v -0.04755061 0.02169765 0.01300285
v -0.04866816 0.01897642 0.01300285
v -0.04925798 0.01752786 0.01300285
v -0.05218636 0.00633255 0.01011085
v -0.05234158 0.00433560 0.01011085
v -0.04939250 0.01786931 0.01011085
v -0.05217601 0.00143848 0.01257334
v -0.05239332 0.00143848 0.01011085
v -0.05216567 -0.00143795 0.01251608
v -0.05261062 -0.00433507 0.00721884
v -0.04146619 -0.03307867 0.00432684
v -0.04033830 -0.03452724 0.00432684
v -0.04011065 -0.03426857 0.00721884
v -0.04711601 -0.02459424 0.00143483
v -0.04633994 -0.02610489 0.00143483
v -0.04536726 -0.02755345 0.00143483
v -0.03307425 -0.04144929 0.00143483
v -0.03598194 -0.03887292 0.00432684
v -0.03745130 -0.03744505 -0.00142854
v -0.03743061 -0.03743470 0.00432684
v -0.03888963 -0.03598614 0.00432684
v -0.03889998 -0.03599649 0.00143483
v -0.04948563 0.01808659 0.00721884
v -0.04889581 0.01953515 0.00721884
v -0.04800591 0.02169765 0.00721884
v -0.04685732 0.02428437 0.00721884
v -0.04612264 0.02573293 0.00721884
v -0.04121785 0.03275845 0.01011085
v -0.04005891 0.03420701 0.01011085
v -0.03305355 -0.04141825 0.00432684
v -0.04676419 0.02409812 0.01011085
v -0.04783000 0.02169765 0.01011085
v -0.04880268 0.01931787 0.01011085
v -0.05238297 -0.00143795 0.01011085
f 1 2 3
f 1 3 4
f 1 4 18
f 1 18 5
f 1 5 9
f 1 9 2
f 2 6 7
f 2 7 8
f 2 8 3
f 2 9 21
f 2 21 6
f 3 10 4
f 3 8 11
f 3 11 12
f 3 12 13
f 3 13 14
f 3 14 10
f 4 10 15
f 4 15 16
f 4 16 17
f 4 17 39
f 4 39 18
f 5 18 19
f 5 19 9
f 6 20 22
f 6 22 7
f 6 21 46
f 6 46 20
f 7 22 23
f 7 23 8
f 8 23 11
f 9 19 24
f 9 24 25
f 9 25 21
f 10 26 15
f 10 14 27
f 10 27 28
f 10 28 29
f 10 29 30
f 10 30 26
f 11 23 31
f 11 31 32
f 11 32 33
f 11 33 12
f 12 33 13
f 13 33 34
f 13 34 14
f 14 34 35
f 14 35 36
f 14 36 27
f 15 37 16
f 15 26 37
f 16 37 38
f 16 38 17
f 17 38 66
f 17 66 39
f 18 39 40
f 18 40 41
f 18 41 19
f 19 41 42
f 19 42 43
f 19 43 44
f 19 44 24
f 20 45 22
f 20 46 53
f 20 53 45
f 21 25 46
f 22 45 47
f 22 47 48
f 22 48 23
f 23 48 49
f 23 49 31
f 24 44 73
f 24 73 50
f 24 50 51
f 24 51 25
f 25 51 52
f 25 52 53
f 25 53 46
f 26 30 54
f 26 54 55
f 26 55 37
f 27 36 28
f 28 30 29
f 28 36 35
f 28 35 56
f 28 56 57
f 28 57 58
f 28 58 30
f 30 58 54
f 31 49 59
f 31 59 60
f 31 60 61
f 31 61 32
f 32 61 62
f 32 62 33
f 33 62 35
f 33 35 34
f 35 62 56
f 37 63 64
f 37 64 38
f 37 55 65
f 37 65 63
f 38 64 100
f 38 100 66
f 39 66 67
f 39 67 68
f 39 68 40
f 40 68 69
f 40 69 41
f 41 69 70
f 41 70 42
f 42 70 71
f 42 71 72
f 42 72 43
f 43 72 73
f 43 73 44
f 45 74 75
f 45 75 47
f 45 53 85
f 45 85 74
f 47 75 48
f 48 75 76
f 48 76 114
f 48 114 77
f 48 77 49
f 49 77 78
f 49 78 59
f 50 73 79
f 50 79 80
f 50 80 81
f 50 81 51
f 51 81 82
f 51 82 52
f 52 82 83
f 52 83 84
f 52 84 85
f 52 85 53
f 54 58 55
f 55 86 65
f 55 58 87
f 55 87 88
f 55 88 86
f 56 62 89
f 56 89 90
f 56 90 57
f 57 90 91
f 57 91 92
f 57 92 93
f 57 93 58
f 58 93 94
f 58 94 87
f 59 78 95
f 59 95 96
f 59 96 60
f 60 89 62
f 60 62 61
f 60 96 90
f 60 90 89
f 63 97 98
f 63 98 64
f 63 65 99
f 63 99 97
f 64 98 141
f 64 141 100
f 65 86 101
f 65 101 102
f 65 102 99
f 66 100 103
f 66 103 67
f 67 103 104
f 67 104 68
f 68 104 69
f 69 104 70
f 70 104 105
f 70 105 106
f 70 106 71
f 71 106 107
f 71 107 72
f 72 107 108
f 72 108 79
f 72 79 73
f 74 109 110
f 74 110 75
f 74 85 125
f 74 125 109
f 75 110 111
f 75 111 76
f 76 111 112
f 76 112 113
f 76 113 114
f 77 114 115
f 77 115 78
f 78 115 95
f 79 108 116
f 79 116 80
f 80 116 117
f 80 117 81
f 81 117 118
f 81 118 119
f 81 119 82
f 82 119 83
f 83 119 120
f 83 120 121
f 83 121 122
f 83 122 123
f 83 123 124
f 83 124 84
f 84 124 85
f 85 124 125
f 86 88 126
f 86 126 127
f 86 127 101
f 87 94 88
f 88 94 128
f 88 128 129
f 88 129 130
f 88 130 127
f 88 127 126
f 90 96 131
f 90 131 91
f 91 131 132
f 91 132 133
f 91 133 134
f 91 134 92
f 92 134 135
f 92 135 93
f 93 135 136
f 93 136 128
f 93 128 94
f 95 137 138
f 95 138 131
f 95 131 96
f 95 115 137
f 97 139 140
f 97 140 98
f 97 99 102
f 97 102 144
f 97 144 139
f 98 140 195
f 98 195 141
f 100 141 103
f 101 127 142
f 101 142 143
f 101 143 144
f 101 144 102
f 103 141 145
f 103 145 146
f 103 146 104
f 104 146 147
f 104 147 106
f 104 106 105
f 106 147 148
f 106 148 149
f 106 149 107
f 107 149 150
f 107 150 108
f 108 150 116
f 109 151 110
f 109 125 173
f 109 173 151
f 110 151 152
f 110 152 153
f 110 153 154
f 110 154 111
f 111 154 112
f 112 155 113
f 112 154 155
f 113 155 156
f 113 156 157
f 113 157 158
f 113 158 159
f 113 159 114
f 114 159 115
f 115 159 160
f 115 160 137
f 116 150 161
f 116 161 162
f 116 162 117
f 117 162 163
f 117 163 118
f 118 163 164
f 118 164 119
f 119 164 121
f 119 121 120
f 121 164 165
f 121 165 166
f 121 166 167
f 121 167 168
f 121 168 169
f 121 169 122
f 122 169 170
f 122 170 123
f 123 170 171
f 123 171 124
f 124 171 125
f 125 171 172
f 125 172 173
f 127 130 174
f 127 174 142
f 128 130 129
f 128 136 175
f 128 175 176
f 128 176 177
f 128 177 178
f 128 178 179
f 128 179 130
f 130 179 174
f 131 138 180
f 131 180 132
f 132 180 181
f 132 181 182
f 132 182 183
f 132 183 133
f 133 183 134
f 134 183 184
f 134 184 185
f 134 185 135
f 135 185 175
f 135 175 136
f 137 186 187
f 137 187 138
f 137 160 158
f 137 158 186
f 138 187 188
f 138 188 189
f 138 189 190
f 138 190 191
f 138 191 192
f 138 192 180
f 139 193 194
f 139 194 140
f 139 144 143
f 139 143 193
f 140 194 263
f 140 263 195
f 141 195 201
f 141 201 145
f 142 196 197
f 142 197 198
f 142 198 193
f 142 193 143
f 142 174 199
f 142 199 200
f 142 200 196
f 145 201 276
f 145 276 202
f 145 202 146
f 146 202 203
f 146 203 204
f 146 204 147
f 147 204 205
f 147 205 206
f 147 206 148
f 148 206 207
f 148 207 149
f 149 207 208
f 149 208 150
f 150 208 209
f 150 209 161
f 151 210 211
f 151 211 152
f 151 173 233
f 151 233 210
f 152 211 153
f 153 211 212
f 153 212 213
f 153 213 155
f 153 155 154
f 155 213 214
f 155 214 156
f 156 214 215
f 156 215 157
f 157 215 158
f 158 160 159
f 158 215 216
f 158 216 186
f 161 209 288
f 161 288 217
f 161 217 218
f 161 218 162
f 162 218 219
f 162 219 163
f 163 220 164
f 163 219 221
f 163 221 222
f 163 222 220
f 164 220 223
f 164 223 165
f 165 223 224
f 165 224 166
f 166 224 225
f 166 225 167
f 167 225 226
f 167 226 227
f 167 227 228
f 167 228 229
f 167 229 168
f 168 229 230
f 168 230 231
f 168 231 170
f 168 170 169
f 170 231 172
f 170 172 171
f 172 231 232
f 172 232 233
f 172 233 173
f 174 234 200
f 174 200 199
f 174 179 234
f 175 185 176
f 176 235 236
f 176 236 237
f 176 237 238
f 176 238 239
f 176 239 240
f 176 240 177
f 176 185 235
f 177 240 178
f 178 240 241
f 178 241 179
f 179 241 239
f 179 239 242
f 179 242 243
f 179 243 244
f 179 244 234
f 180 192 181
f 181 192 182
f 182 192 245
f 182 245 246
f 182 246 183
f 183 246 247
f 183 247 248
f 183 248 184
f 184 248 249
f 184 249 185
f 185 249 235
f 186 216 188
f 186 188 187
f 188 216 250
f 188 250 189
f 189 251 252
f 189 252 253
f 189 253 254
f 189 254 190
f 189 250 255
f 189 255 256
f 189 256 251
f 190 254 257
f 190 257 191
f 191 257 192
f 192 257 253
f 192 253 258
f 192 258 259
f 192 259 260
f 192 260 245
f 193 197 261
f 193 261 262
f 193 262 194
f 193 198 197
f 194 262 336
f 194 336 263
f 195 263 201
f 196 264 197
f 196 200 264
f 197 265 266
f 197 266 267
f 197 267 268
f 197 268 269
f 197 269 261
f 197 264 270
f 197 270 271
f 197 271 265
f 200 234 272
f 200 272 273
f 200 273 264
f 201 263 274
f 201 274 275
f 201 275 276
f 202 276 203
f 203 276 275
f 203 275 277
f 203 277 278
f 203 278 204
f 204 278 205
f 205 278 279
f 205 279 280
f 205 280 281
f 205 281 282
f 205 282 283
f 205 283 206
f 206 283 284
f 206 284 207
f 207 284 285
f 207 285 286
f 207 286 208
f 208 286 287
f 208 287 209
f 209 287 288
f 210 289 211
f 210 233 310
f 210 310 289
f 211 289 290
f 211 290 291
f 211 291 212
f 212 291 213
f 213 291 292
f 213 292 214
f 214 292 293
f 214 293 215
f 215 293 294
f 215 294 216
f 216 294 250
f 217 288 295
f 217 295 296
f 217 296 218
f 218 296 297
f 218 297 219
f 219 297 298
f 219 298 221
f 220 222 223
f 221 298 222
f 222 298 299
f 222 299 223
f 223 299 224
f 224 299 300
f 224 300 301
f 224 301 225
f 225 301 226
f 226 301 227
f 227 302 228
f 227 301 302
f 228 303 304
f 228 304 305
f 228 305 229
f 228 302 306
f 228 306 307
f 228 307 303
f 229 305 230
f 230 305 308
f 230 308 309
f 230 309 231
f 231 309 232
f 232 309 310
f 232 310 233
f 234 244 311
f 234 311 272
f 235 249 236
f 236 312 313
f 236 313 237
f 236 249 312
f 237 313 314
f 237 314 238
f 238 314 239
f 239 315 316
f 239 316 243
f 239 243 242
f 239 241 240
f 239 314 317
f 239 317 315
f 243 318 244
f 243 316 319
f 243 319 318
f 244 320 321
f 244 321 272
f 244 272 311
f 244 318 320
f 245 260 246
f 246 260 322
f 246 322 247
f 247 322 323
f 247 323 324
f 247 324 248
f 248 324 312
f 248 312 249
f 250 294 255
f 251 256 325
f 251 325 326
f 251 326 252
f 252 326 253
f 253 257 254
f 253 326 327
f 253 327 328
f 253 328 329
f 253 329 330
f 253 330 258
f 255 294 256
f 256 331 332
f 256 332 333
f 256 333 334
f 256 334 327
f 256 327 325
f 256 294 331
f 258 330 259
f 259 330 260
f 260 330 335
f 260 335 322
f 261 269 262
f 262 269 342
f 262 342 336
f 263 336 274
f 264 273 270
f 265 271 266
f 266 271 337
f 266 337 338
f 266 338 411
f 266 411 339
f 266 339 267
f 267 339 269
f 267 269 268
f 269 339 340
f 269 340 341
f 269 341 414
f 269 414 342
f 270 273 271
f 271 273 343
f 271 343 344
f 271 344 345
f 271 345 337
f 272 321 346
f 272 346 347
f 272 347 273
f 273 347 343
f 274 336 348
f 274 348 349
f 274 349 275
f 275 349 350
f 275 350 277
f 277 350 279
f 277 279 278
f 279 351 352
f 279 352 353
f 279 353 354
f 279 354 280
f 279 350 355
f 279 355 356
f 279 356 351
f 280 354 357
f 280 357 281
f 281 357 282
f 282 357 283
f 283 357 358
f 283 358 284
f 284 358 359
f 284 359 285
f 285 359 286
f 286 359 360
f 286 360 361
f 286 361 287
f 287 361 362
f 287 362 288
f 288 362 363
f 288 363 295
f 289 364 365
f 289 365 290
f 289 310 387
f 289 387 364
f 290 365 366
f 290 366 291
f 291 366 367
f 291 367 292
f 292 367 368
f 292 368 293
f 293 368 294
f 294 368 369
f 294 369 370
f 294 370 331
f 295 363 442
f 295 442 371
f 295 371 296
f 296 371 372
f 296 372 297
f 297 372 298
f 298 373 299
f 298 372 374
f 298 374 373
f 299 373 300
f 300 375 301
f 300 373 376
f 300 376 377
f 300 377 375
f 301 375 378
f 301 378 302
f 302 378 306
f 303 307 379
f 303 379 304
f 304 379 380
f 304 380 308
f 304 308 305
f 306 378 381
f 306 381 382
f 306 382 383
f 306 383 307
f 307 383 384
f 307 384 385
f 307 385 379
f 308 380 386
f 308 386 309
f 309 386 310
f 310 386 387
f 312 324 313
f 313 388 314
f 313 324 389
f 313 389 390
f 313 390 388
f 314 388 317
f 315 391 316
f 315 317 392
f 315 392 393
f 315 393 391
f 316 391 319
f 317 388 392
f 318 394 320
f 318 319 391
f 318 391 395
f 318 395 394
f 320 396 397
f 320 397 346
f 320 346 321
f 320 394 396
f 322 335 323
f 323 335 398
f 323 398 389
f 323 389 324
f 325 327 326
f 327 334 399
f 327 399 400
f 327 400 401
f 327 401 328
f 328 401 402
f 328 402 329
f 329 402 403
f 329 403 330
f 330 403 335
f 331 370 404
f 331 404 332
f 332 405 333
f 332 404 406
f 332 406 405
f 333 407 408
f 333 408 399
f 333 399 334
f 333 405 409
f 333 409 407
f 335 403 410
f 335 410 398
f 336 342 348
f 337 345 338
f 338 345 411
f 339 411 500
f 339 500 412
f 339 412 413
f 339 413 340
f 340 413 414
f 340 414 341
f 342 414 413
f 342 413 412
f 342 412 415
f 342 415 416
f 342 416 417
f 342 417 348
f 343 347 418
f 343 418 344
f 344 419 345
f 344 418 419
f 345 420 421
f 345 421 422
f 345 422 411
f 345 419 420
f 346 397 423
f 346 423 424
f 346 424 347
f 347 424 425
f 347 425 426
f 347 426 418
f 348 417 349
f 349 427 350
f 349 417 427
f 350 427 355
f 351 428 429
f 351 429 430
f 351 430 431
f 351 431 352
f 351 356 432
f 351 432 433
f 351 433 434
f 351 434 435
f 351 435 428
f 352 431 436
f 352 436 353
f 353 436 354
f 354 436 437
f 354 437 357
f 355 427 356
f 356 427 438
f 356 438 439
f 356 439 432
f 357 437 358
f 358 437 440
f 358 440 359
f 359 440 441
f 359 441 361
f 359 361 360
f 361 441 362
f 362 441 442
f 362 442 363
f 364 443 365
f 364 387 465
f 364 465 443
f 365 443 444
f 365 444 366
f 366 444 445
f 366 445 446
f 366 446 367
f 367 446 447
f 367 447 368
f 368 447 369
f 369 447 446
f 369 446 448
f 369 448 370
f 370 448 404
f 371 442 449
f 371 449 450
f 371 450 372
f 372 450 376
f 372 376 374
f 373 374 376
f 375 377 451
f 375 451 452
f 375 452 378
f 376 450 453
f 376 453 451
f 376 451 377
f 378 454 381
f 378 452 454
f 379 385 463
f 379 463 455
f 379 455 386
f 379 386 380
f 381 454 382
f 382 454 456
f 382 456 457
f 382 457 458
f 382 458 459
f 382 459 460
f 382 460 383
f 383 460 384
f 384 460 461
f 384 461 462
f 384 462 385
f 385 462 463
f 386 455 464
f 386 464 465
f 386 465 387
f 388 466 392
f 388 390 467
f 388 467 466
f 389 398 480
f 389 480 468
f 389 468 469
f 389 469 470
f 389 470 390
f 390 470 467
f 391 393 471
f 391 471 395
f 392 472 393
f 392 466 472
f 393 472 473
f 393 473 471
f 394 474 396
f 394 395 471
f 394 471 475
f 394 475 474
f 396 476 477
f 396 477 423
f 396 423 397
f 396 474 478
f 396 478 476
f 398 410 498
f 398 498 479
f 398 479 480
f 399 408 400
f 400 408 407
f 400 407 481
f 400 481 482
f 400 482 483
f 400 483 401
f 401 483 484
f 401 484 402
f 402 484 403
f 403 484 485
f 403 485 486
f 403 486 410
f 404 448 487
f 404 487 406
f 405 488 409
f 405 406 489
f 405 489 490
f 405 490 488
f 406 487 491
f 406 491 492
f 406 492 489
f 407 493 494
f 407 494 481
f 407 409 495
f 407 495 496
f 407 496 497
f 407 497 493
f 409 488 495
f 410 486 498
f 411 422 499
f 411 499 500
f 412 500 595
f 412 595 501
f 412 501 415
f 415 501 502
f 415 502 417
f 415 417 416
f 417 502 438
f 417 438 427
f 418 426 419
f 419 503 504
f 419 504 505
f 419 505 420
f 419 426 425
f 419 425 503
f 420 505 506
f 420 506 421
f 421 499 422
f 421 506 597
f 421 597 507
f 421 507 499
f 423 477 476
f 423 476 508
f 423 508 509
f 423 509 510
f 423 510 424
f 424 510 511
f 424 511 425
f 425 511 512
f 425 512 513
f 425 513 503
f 428 514 515
f 428 515 429
f 428 435 516
f 428 516 517
f 428 517 514
f 429 515 430
f 430 515 518
f 430 518 519
f 430 519 436
f 430 436 431
f 432 439 433
f 433 439 520
f 433 520 434
f 434 520 521
f 434 521 522
f 434 522 435
f 435 522 516
f 436 519 437
f 437 519 523
f 437 523 524
f 437 524 440
f 438 502 520
f 438 520 439
f 440 524 525
f 440 525 441
f 441 525 442
f 442 525 526
f 442 526 449
f 443 527 444
f 443 465 464
f 443 464 527
f 444 527 528
f 444 528 529
f 444 529 445
f 445 529 446
f 446 529 530
f 446 530 448
f 448 530 487
f 449 531 638
f 449 638 532
f 449 532 533
f 449 533 534
f 449 534 535
f 449 535 536
f 449 536 537
f 449 537 450
f 449 526 538
f 449 538 539
f 449 539 540
f 449 540 541
f 449 541 542
f 449 542 543
f 449 543 639
f 449 639 531
f 450 537 453
f 451 453 544
f 451 544 452
f 452 544 545
f 452 545 454
f 453 537 544
f 454 545 456
f 455 463 464
f 456 546 547
f 456 547 457
f 456 545 548
f 456 548 546
f 457 547 549
f 457 549 550
f 457 550 458
f 458 550 551
f 458 551 552
f 458 552 553
f 458 553 459
f 459 553 461
f 459 461 460
f 461 553 668
f 461 668 554
f 461 554 462
f 462 554 555
f 462 555 463
f 463 555 556
f 463 556 464
f 464 556 624
f 464 624 527
f 466 557 472
f 466 467 558
f 466 558 559
f 466 559 557
f 467 470 560
f 467 560 558
f 468 480 561
f 468 561 470
f 468 470 469
f 470 561 560
f 471 473 562
f 471 562 475
f 472 563 473
f 472 557 563
f 473 564 562
f 473 563 564
f 474 475 562
f 474 562 565
f 474 565 478
f 476 478 566
f 476 566 508
f 478 565 564
f 478 564 567
f 478 567 568
f 478 568 569
f 478 569 570
f 478 570 571
f 478 571 566
f 479 498 480
f 480 498 561
f 481 494 482
f 482 572 483
f 482 494 573
f 482 573 572
f 483 574 484
f 483 572 574
f 484 574 485
f 485 575 576
f 485 576 486
f 485 574 577
f 485 577 575
f 486 576 578
f 486 578 579
f 486 579 498
f 487 530 580
f 487 580 491
f 488 490 581
f 488 581 582
f 488 582 495
f 489 492 583
f 489 583 490
f 490 583 584
f 490 584 581
f 491 580 585
f 491 585 492
f 492 585 583
f 493 497 586
f 493 586 587
f 493 587 588
f 493 588 589
f 493 589 590
f 493 590 572
f 493 572 573
f 493 573 494
f 495 591 496
f 495 582 591
f 496 591 497
f 497 591 586
f 498 592 561
f 498 579 592
f 499 507 593
f 499 593 500
f 500 593 594
f 500 594 595
f 501 595 521
f 501 521 520
f 501 520 502
f 503 513 504
f 504 513 609
f 504 609 596
f 504 596 506
f 504 506 505
f 506 596 722
f 506 722 597
f 507 597 724
f 507 724 598
f 507 598 594
f 507 594 593
f 508 566 599
f 508 599 509
f 509 599 600
f 509 600 601
f 509 601 602
f 509 602 603
f 509 603 604
f 509 604 510
f 510 604 605
f 510 605 606
f 510 606 511
f 511 606 512
f 512 606 513
f 513 607 608
f 513 608 609
f 513 606 610
f 513 610 607
f 514 517 611
f 514 611 612
f 514 612 613
f 514 613 614
f 514 614 515
f 515 614 615
f 515 615 518
f 516 522 616
f 516 616 517
f 517 616 617
f 517 617 618
f 517 618 619
f 517 619 611
f 518 615 620
f 518 620 621
f 518 621 519
f 519 621 523
f 521 595 594
f 521 594 522
f 522 594 616
f 523 621 524
f 524 621 622
f 524 622 525
f 525 623 538
f 525 538 526
f 525 622 623
f 527 624 625
f 527 625 528
f 528 625 626
f 528 626 529
f 529 626 530
f 530 626 580
f 531 627 628
f 531 628 629
f 531 629 630
f 531 630 631
f 531 631 632
f 531 632 633
f 531 633 634
f 531 634 635
f 531 635 636
f 531 636 637
f 531 637 638
f 531 639 640
f 531 640 641
f 531 641 627
f 532 638 768
f 532 768 642
f 532 642 643
f 532 643 644
f 532 644 533
f 533 644 534
f 534 644 779
f 534 779 645
f 534 645 646
f 534 646 535
f 535 646 647
f 535 647 544
f 535 544 536
f 536 544 537
f 538 623 648
f 538 648 539
f 539 648 649
f 539 649 540
f 540 649 650
f 540 650 651
f 540 651 652
f 540 652 541
f 541 652 653
f 541 653 654
f 541 654 655
f 541 655 542
f 542 655 656
f 542 656 657
f 542 657 543
f 543 657 769
f 543 769 639
f 544 647 545
f 545 647 548
f 546 658 659
f 546 659 549
f 546 549 547
f 546 548 660
f 546 660 661
f 546 661 658
f 548 647 662
f 548 662 660
f 549 659 663
f 549 663 664
f 549 664 550
f 550 664 551
f 551 664 665
f 551 665 666
f 551 666 552
f 552 666 667
f 552 667 553
f 553 667 668
f 554 668 808
f 554 808 669
f 554 669 555
f 555 669 809
f 555 809 670
f 555 670 624
f 555 624 556
f 557 559 671
f 557 671 672
f 557 672 563
f 558 560 559
f 559 560 673
f 559 673 671
f 560 561 674
f 560 674 675
f 560 675 673
f 561 592 676
f 561 676 677
f 561 677 678
f 561 678 679
f 561 679 680
f 561 680 681
f 561 681 682
f 561 682 683
f 561 683 684
f 561 684 674
f 562 564 565
f 563 672 564
f 564 685 686
f 564 686 567
f 564 672 687
f 564 687 685
f 566 571 688
f 566 688 689
f 566 689 599
f 567 686 568
f 568 690 569
f 568 686 691
f 568 691 690
f 569 692 693
f 569 693 570
f 569 690 692
f 570 693 571
f 571 693 694
f 571 694 688
f 572 590 695
f 572 695 696
f 572 696 574
f 574 696 577
f 575 577 697
f 575 697 698
f 575 698 699
f 575 699 700
f 575 700 701
f 575 701 676
f 575 676 576
f 576 676 592
f 576 592 578
f 577 696 697
f 578 592 579
f 580 626 702
f 580 702 585
f 581 584 703
f 581 703 582
f 582 703 704
f 582 704 591
f 583 585 705
f 583 705 706
f 583 706 584
f 584 706 707
f 584 707 703
f 585 702 708
f 585 708 709
f 585 709 710
f 585 710 705
f 586 591 711
f 586 711 587
f 587 712 588
f 587 711 712
f 588 713 695
f 588 695 714
f 588 714 589
f 588 712 715
f 588 715 716
f 588 716 717
f 588 717 713
f 589 714 695
f 589 695 590
f 591 704 718
f 591 718 719
f 591 719 720
f 591 720 721
f 591 721 711
f 594 598 616
f 596 609 736
f 596 736 722
f 597 722 723
f 597 723 724
f 598 724 617
f 598 617 616
f 599 689 725
f 599 725 600
f 600 725 601
f 601 726 727
f 601 727 728
f 601 728 729
f 601 729 603
f 601 603 602
f 601 725 730
f 601 730 726
f 603 729 731
f 603 731 732
f 603 732 733
f 603 733 606
f 603 606 605
f 603 605 604
f 606 733 732
f 606 732 610
f 607 732 734
f 607 734 608
f 607 610 732
f 608 734 877
f 608 877 735
f 608 735 736
f 608 736 609
f 611 737 612
f 611 619 737
f 612 738 739
f 612 739 740
f 612 740 613
f 612 737 741
f 612 741 742
f 612 742 738
f 613 740 614
f 614 740 743
f 614 743 615
f 615 743 744
f 615 744 620
f 617 724 723
f 617 723 618
f 618 723 745
f 618 745 619
f 619 746 737
f 619 745 746
f 620 744 648
f 620 648 623
f 620 623 622
f 620 622 621
f 624 670 625
f 625 670 702
f 625 702 626
f 627 747 628
f 627 641 748
f 627 748 749
f 627 749 750
f 627 750 747
f 628 747 751
f 628 751 752
f 628 752 629
f 629 752 753
f 629 753 630
f 630 753 754
f 630 754 755
f 630 755 756
f 630 756 757
f 630 757 631
f 631 757 758
f 631 758 632
f 632 758 759
f 632 759 760
f 632 760 633
f 633 760 761
f 633 761 762
f 633 762 634
f 634 762 635
f 635 762 763
f 635 763 636
f 636 763 764
f 636 764 765
f 636 765 766
f 636 766 637
f 637 766 767
f 637 767 638
f 638 767 768
f 639 769 640
f 640 769 770
f 640 770 771
f 640 771 641
f 641 771 772
f 641 772 773
f 641 773 748
f 642 774 643
f 642 768 775
f 642 775 774
f 643 774 776
f 643 776 644
f 644 776 777
f 644 777 778
f 644 778 779
f 645 779 780
f 645 780 781
f 645 781 782
f 645 782 662
f 645 662 646
f 646 662 647
f 648 744 649
f 649 744 650
f 650 744 783
f 650 783 651
f 651 783 784
f 651 784 785
f 651 785 652
f 652 785 653
f 653 785 786
f 653 786 787
f 653 787 788
f 653 788 789
f 653 789 790
f 653 790 654
f 654 790 655
f 655 790 656
f 656 790 791
f 656 791 657
f 657 791 792
f 657 792 793
f 657 793 769
f 658 794 663
f 658 663 659
f 658 661 794
f 660 781 661
f 660 662 782
f 660 782 781
f 661 781 795
f 661 795 796
f 661 796 797
f 661 797 794
f 663 798 799
f 663 799 800
f 663 800 801
f 663 801 664
f 663 794 797
f 663 797 802
f 663 802 798
f 664 801 803
f 664 803 665
f 665 803 804
f 665 804 805
f 665 805 666
f 666 805 806
f 666 806 807
f 666 807 667
f 667 807 808
f 667 808 668
f 669 808 853
f 669 853 809
f 670 809 708
f 670 708 702
f 671 810 811
f 671 811 812
f 671 812 813
f 671 813 672
f 671 673 810
f 672 813 687
f 673 675 674
f 673 674 684
f 673 684 814
f 673 814 960
f 673 960 810
f 676 701 816
f 676 816 677
f 677 815 678
f 677 816 817
f 677 817 815
f 678 815 817
f 678 817 818
f 678 818 819
f 678 819 679
f 679 819 820
f 679 820 821
f 679 821 680
f 680 821 822
f 680 822 681
f 681 823 682
f 681 822 824
f 681 824 823
f 682 823 683
f 683 825 684
f 683 823 826
f 683 826 827
f 683 827 828
f 683 828 814
f 683 814 825
f 684 825 814
f 685 687 813
f 685 813 812
f 685 812 829
f 685 829 830
f 685 830 831
f 685 831 691
f 685 691 686
f 688 694 832
f 688 832 689
f 689 832 833
f 689 833 725
f 690 691 831
f 690 831 830
f 690 830 834
f 690 834 835
f 690 835 692
f 692 835 836
f 692 836 837
f 692 837 693
f 693 837 838
f 693 838 839
f 693 839 840
f 693 840 841
f 693 841 694
f 694 841 832
f 695 842 698
f 695 698 697
f 695 697 696
f 695 713 843
f 695 843 844
f 695 844 842
f 698 842 845
f 698 845 699
f 699 845 846
f 699 846 700
f 700 846 988
f 700 988 847
f 700 847 816
f 700 816 701
f 703 707 848
f 703 848 704
f 704 848 849
f 704 849 719
f 704 719 718
f 705 710 706
f 706 710 850
f 706 850 851
f 706 851 707
f 707 851 852
f 707 852 848
f 708 809 709
f 709 809 853
f 709 853 854
f 709 854 710
f 710 854 855
f 710 855 850
f 711 715 712
f 711 721 856
f 711 856 857
f 711 857 858
f 711 858 715
f 713 717 859
f 713 859 844
f 713 844 843
f 715 860 716
f 715 858 861
f 715 861 860
f 716 860 862
f 716 862 717
f 717 862 863
f 717 863 864
f 717 864 859
f 719 849 865
f 719 865 866
f 719 866 720
f 720 866 867
f 720 867 721
f 721 867 868
f 721 868 856
f 722 736 723
f 723 736 745
f 725 833 832
f 725 832 869
f 725 869 870
f 725 870 871
f 725 871 872
f 725 872 730
f 726 872 873
f 726 873 727
f 726 730 872
f 727 873 1013
f 727 1013 874
f 727 874 876
f 727 876 728
f 728 875 729
f 728 876 1016
f 728 1016 875
f 729 875 734
f 729 734 731
f 731 734 732
f 734 875 1016
f 734 1016 877
f 735 877 889
f 735 889 878
f 735 878 745
f 735 745 736
f 737 746 879
f 737 879 741
f 738 880 881
f 738 881 739
f 738 742 882
f 738 882 880
f 739 881 740
f 740 881 883
f 740 883 743
f 741 879 884
f 741 884 742
f 742 885 882
f 742 884 886
f 742 886 887
f 742 887 885
f 743 883 783
f 743 783 744
f 745 878 746
f 746 888 879
f 746 878 889
f 746 889 888
f 747 750 890
f 747 890 895
f 747 895 751
f 748 773 891
f 748 891 892
f 748 892 749
f 749 892 893
f 749 893 894
f 749 894 750
f 750 894 890
f 751 895 752
f 752 895 896
f 752 896 753
f 753 896 897
f 753 897 898
f 753 898 754
f 754 898 899
f 754 899 900
f 754 900 755
f 755 900 901
f 755 901 902
f 755 902 756
f 756 902 903
f 756 903 757
f 757 903 904
f 757 904 905
f 757 905 758
f 758 905 906
f 758 906 907
f 758 907 759
f 759 907 908
f 759 908 909
f 759 909 910
f 759 910 911
f 759 911 760
f 760 911 761
f 761 911 912
f 761 912 913
f 761 913 914
f 761 914 762
f 762 914 915
f 762 915 763
f 763 915 764
f 764 915 916
f 764 916 917
f 764 917 918
f 764 918 765
f 765 918 919
f 765 919 766
f 766 919 920
f 766 920 921
f 766 921 767
f 767 921 922
f 767 922 768
f 768 922 923
f 768 923 775
f 769 793 770
f 770 924 772
f 770 772 771
f 770 793 925
f 770 925 924
f 772 924 773
f 773 924 926
f 773 926 927
f 773 927 928
f 773 928 891
f 774 929 776
f 774 775 930
f 774 930 929
f 775 923 931
f 775 931 932
f 775 932 933
f 775 933 930
f 776 929 777
f 777 929 778
f 778 929 934
f 778 934 935
f 778 935 936
f 778 936 937
f 778 937 780
f 778 780 779
f 780 937 781
f 781 937 795
f 783 883 784
f 784 883 785
f 785 883 881
f 785 881 938
f 785 938 939
f 785 939 786
f 786 939 940
f 786 940 787
f 787 940 941
f 787 941 942
f 787 942 788
f 788 942 943
f 788 943 944
f 788 944 789
f 789 944 790
f 790 944 791
f 791 944 945
f 791 945 946
f 791 946 792
f 792 946 947
f 792 947 948
f 792 948 793
f 793 948 949
f 793 949 925
f 795 937 936
f 795 936 950
f 795 950 951
f 795 951 796
f 796 951 952
f 796 952 802
f 796 802 797
f 798 802 953
f 798 953 954
f 798 954 799
f 799 954 955
f 799 955 800
f 800 955 803
f 800 803 801
f 802 952 956
f 802 956 953
f 803 955 957
f 803 957 804
f 804 957 958
f 804 958 805
f 805 958 959
f 805 959 806
f 806 959 992
f 806 992 855
f 806 855 854
f 806 854 807
f 807 854 853
f 807 853 808
f 810 960 1096
f 810 1096 961
f 810 961 811
f 811 961 962
f 811 962 829
f 811 829 812
f 814 828 963
f 814 963 1095
f 814 1095 960
f 816 847 817
f 817 847 964
f 817 964 965
f 817 965 966
f 817 966 967
f 817 967 818
f 818 968 819
f 818 967 968
f 819 968 969
f 819 969 821
f 819 821 820
f 821 969 970
f 821 970 971
f 821 971 822
f 822 971 972
f 822 972 973
f 822 973 824
f 823 824 974
f 823 974 975
f 823 975 976
f 823 976 826
f 824 973 974
f 826 976 827
f 827 976 828
f 828 976 977
f 828 977 963
f 829 962 830
f 830 978 979
f 830 979 834
f 830 962 978
f 832 841 869
f 834 979 980
f 834 980 835
f 835 980 836
f 836 980 981
f 836 981 982
f 836 982 838
f 836 838 837
f 838 982 983
f 838 983 984
f 838 984 839
f 839 984 985
f 839 985 986
f 839 986 840
f 840 986 841
f 841 986 869
f 842 844 845
f 844 987 845
f 844 859 987
f 845 987 846
f 846 987 1136
f 846 1136 988
f 847 988 964
f 848 852 989
f 848 989 865
f 848 865 849
f 850 855 990
f 850 990 851
f 851 990 991
f 851 991 852
f 852 991 989
f 855 992 990
f 856 868 993
f 856 993 994
f 856 994 857
f 857 994 995
f 857 995 861
f 857 861 858
f 859 864 996
f 859 996 987
f 860 861 997
f 860 997 998
f 860 998 862
f 861 995 999
f 861 999 1000
f 861 1000 998
f 861 998 997
f 862 998 1000
f 862 1000 1001
f 862 1001 863
f 863 1002 864
f 863 1001 1003
f 863 1003 1002
f 864 1002 1004
f 864 1004 996
f 865 989 1005
f 865 1005 866
f 866 1006 867
f 866 1005 1006
f 867 1006 1007
f 867 1007 868
f 868 1007 994
f 868 994 993
f 869 1008 1009
f 869 1009 1010
f 869 1010 1011
f 869 1011 870
f 869 986 1008
f 870 1011 871
f 871 1011 872
f 872 1011 873
f 873 1011 1012
f 873 1012 1164
f 873 1164 1013
f 874 1013 1014
f 874 1014 1015
f 874 1015 876
f 876 1015 1017
f 876 1017 1016
f 877 1016 1017
f 877 1017 1018
f 877 1018 889
f 879 888 884
f 880 882 938
f 880 938 881
f 882 1019 941
f 882 941 940
f 882 940 1020
f 882 1020 938
f 882 885 1021
f 882 1021 1022
f 882 1022 1023
f 882 1023 1019
f 884 888 886
f 885 887 1021
f 886 888 1015
f 886 1015 887
f 887 1024 1021
f 887 1015 1024
f 888 889 1018
f 888 1018 1017
f 888 1017 1015
f 890 894 1025
f 890 1025 1026
f 890 1026 895
f 891 928 1027
f 891 1027 1028
f 891 1028 892
f 892 1028 1029
f 892 1029 1030
f 892 1030 1031
f 892 1031 1032
f 892 1032 893
f 893 1032 894
f 894 1032 1025
f 895 1033 896
f 895 1026 1034
f 895 1034 1033
f 896 1033 897
f 897 1033 1035
f 897 1035 898
f 898 1035 1036
f 898 1036 899
f 899 1037 900
f 899 1036 1038
f 899 1038 1039
f 899 1039 1037
f 900 1037 901
f 901 1037 1040
f 901 1040 1041
f 901 1041 902
f 902 1041 1042
f 902 1042 903
f 903 1042 904
f 904 1043 905
f 904 1042 1044
f 904 1044 1043
f 905 1043 906
f 906 1043 1045
f 906 1045 1046
f 906 1046 1047
f 906 1047 908
f 906 908 907
f 908 1047 909
f 909 1047 1048
f 909 1048 1049
f 909 1049 1050
f 909 1050 910
f 910 1050 911
f 911 1050 912
f 912 1050 1051
f 912 1051 1052
f 912 1052 913
f 913 1052 1053
f 913 1053 914
f 914 1054 915
f 914 1053 1055
f 914 1055 1054
f 915 1054 916
f 916 1054 917
f 917 1054 1056
f 917 1056 1057
f 917 1057 1058
f 917 1058 918
f 918 1058 919
f 919 1059 920
f 919 1058 1060
f 919 1060 1061
f 919 1061 1062
f 919 1062 1059
f 920 1059 921
f 921 1059 922
f 922 1059 1063
f 922 1063 923
f 923 1063 1070
f 923 1070 931
f 924 925 1064
f 924 1064 926
f 925 949 1065
f 925 1065 1064
f 926 1064 927
f 927 1064 1066
f 927 1066 928
f 928 1066 1067
f 928 1067 1027
f 929 930 1068
f 929 1068 934
f 930 933 1069
f 930 1069 1068
f 931 1070 1071
f 931 1071 1072
f 931 1072 932
f 932 1072 933
f 933 1072 1073
f 933 1073 1069
f 934 1068 935
f 935 1068 936
f 936 1068 1074
f 936 1074 1075
f 936 1075 950
f 938 1020 939
f 939 1020 940
f 941 1019 1076
f 941 1076 1077
f 941 1077 1078
f 941 1078 945
f 941 945 942
f 942 945 944
f 942 944 943
f 945 1078 1079
f 945 1079 1080
f 945 1080 946
f 946 1080 1081
f 946 1081 1082
f 946 1082 947
f 947 1082 1083
f 947 1083 948
f 948 1083 949
f 949 1083 1084
f 949 1084 1085
f 949 1085 1065
f 950 1075 952
f 950 952 951
f 952 1086 1087
f 952 1087 1088
f 952 1088 956
f 952 1075 1086
f 953 956 1089
f 953 1089 1090
f 953 1090 954
f 954 1090 1091
f 954 1091 955
f 955 1091 1092
f 955 1092 957
f 956 1088 1089
f 957 1092 1093
f 957 1093 958
f 958 1093 1246
f 958 1246 1094
f 958 1094 992
f 958 992 959
f 960 1095 1096
f 961 1096 1124
f 961 1124 978
f 961 978 962
f 963 977 1097
f 963 1097 1098
f 963 1098 1099
f 963 1099 1095
f 964 988 1100
f 964 1100 965
f 965 1100 1101
f 965 1101 1102
f 965 1102 1103
f 965 1103 966
f 966 1103 1104
f 966 1104 1105
f 966 1105 1106
f 966 1106 967
f 967 970 969
f 967 969 968
f 967 1106 1107
f 967 1107 970
f 970 1107 1108
f 970 1108 1109
f 970 1109 1110
f 970 1110 971
f 971 1110 1111
f 971 1111 1112
f 971 1112 1113
f 971 1113 972
f 972 1113 1114
f 972 1114 973
f 973 1114 1115
f 973 1115 1116
f 973 1116 974
f 974 1116 1117
f 974 1117 1118
f 974 1118 1119
f 974 1119 975
f 975 1119 1120
f 975 1120 1121
f 975 1121 976
f 976 1121 1122
f 976 1122 977
f 977 1122 1123
f 977 1123 1097
f 978 1124 1125
f 978 1125 979
f 979 1125 980
f 980 1125 1126
f 980 1126 981
f 981 1126 1127
f 981 1127 1128
f 981 1128 1129
f 981 1129 982
f 982 1129 1130
f 982 1130 983
f 983 1130 1131
f 983 1131 1132
f 983 1132 984
f 984 1132 1133
f 984 1133 1134
f 984 1134 1135
f 984 1135 985
f 985 1135 1009
f 985 1009 986
f 986 1009 1008
f 987 996 1144
f 987 1144 1136
f 988 1136 1100
f 989 991 1137
f 989 1137 1138
f 989 1138 1139
f 989 1139 1005
f 990 992 1094
f 990 1094 991
f 991 1094 1246
f 991 1246 1137
f 994 1007 1140
f 994 1140 1141
f 994 1141 995
f 995 1141 1142
f 995 1142 1143
f 995 1143 999
f 996 1004 1144
f 999 1145 1000
f 999 1143 1146
f 999 1146 1147
f 999 1147 1148
f 999 1148 1145
f 1000 1145 1149
f 1000 1149 1150
f 1000 1150 1151
f 1000 1151 1001
f 1001 1151 1003
f 1002 1152 1153
f 1002 1153 1004
f 1002 1003 1154
f 1002 1154 1155
f 1002 1155 1156
f 1002 1156 1152
f 1003 1151 1157
f 1003 1157 1158
f 1003 1158 1154
f 1004 1153 1159
f 1004 1159 1144
f 1005 1139 1160
f 1005 1160 1161
f 1005 1161 1006
f 1006 1161 1162
f 1006 1162 1007
f 1007 1162 1140
f 1009 1135 1294
f 1009 1294 1163
f 1009 1163 1010
f 1010 1163 1012
f 1010 1012 1011
f 1012 1163 1318
f 1012 1318 1164
f 1013 1164 1165
f 1013 1165 1166
f 1013 1166 1014
f 1014 1166 1024
f 1014 1024 1015
f 1019 1023 1076
f 1021 1024 1167
f 1021 1167 1023
f 1021 1023 1022
f 1023 1167 1168
f 1023 1168 1169
f 1023 1169 1170
f 1023 1170 1076
f 1024 1166 1167
f 1025 1032 1171
f 1025 1171 1172
f 1025 1172 1026
f 1026 1172 1173
f 1026 1173 1034
f 1027 1067 1174
f 1027 1174 1175
f 1027 1175 1028
f 1028 1175 1029
f 1029 1175 1174
f 1029 1174 1030
f 1030 1174 1176
f 1030 1176 1031
f 1031 1176 1177
f 1031 1177 1171
f 1031 1171 1032
f 1033 1034 1178
f 1033 1178 1035
f 1034 1173 1179
f 1034 1179 1178
f 1035 1178 1180
f 1035 1180 1181
f 1035 1181 1182
f 1035 1182 1036
f 1036 1182 1183
f 1036 1183 1038
f 1037 1039 1184
f 1037 1184 1040
f 1038 1183 1185
f 1038 1185 1184
f 1038 1184 1039
f 1040 1184 1186
f 1040 1186 1187
f 1040 1187 1041
f 1041 1187 1188
f 1041 1188 1042
f 1042 1188 1044
f 1043 1044 1189
f 1043 1189 1045
f 1044 1188 1190
f 1044 1190 1189
f 1045 1189 1046
f 1046 1189 1191
f 1046 1191 1192
f 1046 1192 1047
f 1047 1192 1048
f 1048 1192 1193
f 1048 1193 1194
f 1048 1194 1195
f 1048 1195 1049
f 1049 1195 1196
f 1049 1196 1197
f 1049 1197 1198
f 1049 1198 1199
f 1049 1199 1051
f 1049 1051 1050
f 1051 1199 1200
f 1051 1200 1201
f 1051 1201 1052
f 1052 1201 1202
f 1052 1202 1203
f 1052 1203 1053
f 1053 1203 1204
f 1053 1204 1055
f 1054 1055 1056
f 1055 1204 1205
f 1055 1205 1206
f 1055 1206 1207
f 1055 1207 1056
f 1056 1207 1208
f 1056 1208 1209
f 1056 1209 1210
f 1056 1210 1057
f 1057 1210 1211
f 1057 1211 1212
f 1057 1212 1060
f 1057 1060 1058
f 1059 1062 1213
f 1059 1213 1063
f 1060 1212 1214
f 1060 1214 1215
f 1060 1215 1213
f 1060 1213 1061
f 1061 1213 1062
f 1063 1213 1216
f 1063 1216 1070
f 1064 1065 1066
f 1065 1085 1217
f 1065 1217 1218
f 1065 1218 1219
f 1065 1219 1067
f 1065 1067 1066
f 1067 1219 1220
f 1067 1220 1221
f 1067 1221 1174
f 1068 1069 1074
f 1069 1086 1075
f 1069 1075 1074
f 1069 1073 1222
f 1069 1222 1223
f 1069 1223 1086
f 1070 1216 1224
f 1070 1224 1071
f 1071 1224 1371
f 1071 1371 1225
f 1071 1225 1226
f 1071 1226 1072
f 1072 1226 1222
f 1072 1222 1073
f 1076 1170 1227
f 1076 1227 1077
f 1077 1227 1078
f 1078 1227 1228
f 1078 1228 1079
f 1079 1228 1080
f 1080 1229 1081
f 1080 1228 1227
f 1080 1227 1230
f 1080 1230 1231
f 1080 1231 1232
f 1080 1232 1229
f 1081 1229 1233
f 1081 1233 1082
f 1082 1233 1083
f 1083 1233 1234
f 1083 1234 1235
f 1083 1235 1084
f 1084 1235 1085
f 1085 1218 1217
f 1085 1235 1236
f 1085 1236 1237
f 1085 1237 1238
f 1085 1238 1218
f 1086 1223 1239
f 1086 1239 1240
f 1086 1240 1087
f 1087 1240 1088
f 1088 1240 1241
f 1088 1241 1089
f 1089 1241 1242
f 1089 1242 1090
f 1090 1242 1243
f 1090 1243 1091
f 1091 1243 1399
f 1091 1399 1244
f 1091 1244 1092
f 1092 1244 1245
f 1092 1245 1093
f 1093 1245 1295
f 1093 1295 1246
f 1095 1099 1247
f 1095 1247 1248
f 1095 1248 1096
f 1096 1248 1124
f 1097 1123 1249
f 1097 1249 1250
f 1097 1250 1098
f 1098 1250 1249
f 1098 1249 1251
f 1098 1251 1099
f 1099 1251 1247
f 1100 1136 1252
f 1100 1252 1101
f 1101 1252 1102
f 1102 1253 1105
f 1102 1105 1104
f 1102 1104 1103
f 1102 1252 1254
f 1102 1254 1255
f 1102 1255 1256
f 1102 1256 1257
f 1102 1257 1258
f 1102 1258 1253
f 1105 1253 1259
f 1105 1259 1260
f 1105 1260 1261
f 1105 1261 1262
f 1105 1262 1263
f 1105 1263 1106
f 1106 1263 1107
f 1107 1263 1264
f 1107 1264 1108
f 1108 1264 1265
f 1108 1265 1109
f 1109 1265 1266
f 1109 1266 1110
f 1110 1266 1267
f 1110 1267 1111
f 1111 1267 1268
f 1111 1268 1112
f 1112 1268 1269
f 1112 1269 1270
f 1112 1270 1113
f 1113 1270 1114
f 1114 1270 1271
f 1114 1271 1272
f 1114 1272 1115
f 1115 1272 1273
f 1115 1273 1116
f 1116 1273 1117
f 1117 1273 1274
f 1117 1274 1275
f 1117 1275 1118
f 1118 1275 1276
f 1118 1276 1119
f 1119 1276 1277
f 1119 1277 1120
f 1120 1277 1278
f 1120 1278 1121
f 1121 1278 1279
f 1121 1279 1122
f 1122 1279 1280
f 1122 1280 1123
f 1123 1280 1249
f 1124 1248 1281
f 1124 1281 1125
f 1125 1282 1126
f 1125 1281 1282
f 1126 1282 1283
f 1126 1283 1127
f 1127 1283 1284
f 1127 1284 1285
f 1127 1285 1128
f 1128 1285 1286
f 1128 1286 1287
f 1128 1287 1288
f 1128 1288 1129
f 1129 1288 1130
f 1130 1288 1131
f 1131 1288 1289
f 1131 1289 1290
f 1131 1290 1291
f 1131 1291 1132
f 1132 1291 1292
f 1132 1292 1293
f 1132 1293 1133
f 1133 1293 1294
f 1133 1294 1134
f 1134 1294 1135
f 1136 1144 1159
f 1136 1159 1252
f 1137 1246 1295
f 1137 1295 1138
f 1138 1295 1296
f 1138 1296 1139
f 1139 1296 1160
f 1140 1162 1142
f 1140 1142 1141
f 1142 1162 1297
f 1142 1297 1143
f 1143 1297 1298
f 1143 1298 1300
f 1143 1300 1146
f 1145 1148 1299
f 1145 1299 1149
f 1146 1300 1301
f 1146 1301 1147
f 1147 1301 1148
f 1148 1301 1299
f 1149 1299 1302
f 1149 1302 1460
f 1149 1460 1303
f 1149 1303 1304
f 1149 1304 1150
f 1150 1304 1151
f 1151 1304 1157
f 1152 1305 1306
f 1152 1306 1153
f 1152 1156 1307
f 1152 1307 1305
f 1153 1306 1256
f 1153 1256 1255
f 1153 1255 1159
f 1154 1158 1308
f 1154 1308 1155
f 1155 1308 1156
f 1156 1308 1309
f 1156 1309 1310
f 1156 1310 1311
f 1156 1311 1312
f 1156 1312 1313
f 1156 1313 1307
f 1157 1304 1158
f 1158 1304 1314
f 1158 1314 1309
f 1158 1309 1308
f 1159 1255 1252
f 1160 1296 1315
f 1160 1315 1316
f 1160 1316 1317
f 1160 1317 1161
f 1161 1317 1162
f 1162 1317 1297
f 1163 1294 1451
f 1163 1451 1318
f 1164 1318 1319
f 1164 1319 1165
f 1165 1319 1169
f 1165 1169 1166
f 1166 1169 1167
f 1167 1169 1168
f 1169 1319 1320
f 1169 1320 1170
f 1170 1320 1321
f 1170 1321 1227
f 1171 1177 1322
f 1171 1322 1323
f 1171 1323 1172
f 1172 1323 1324
f 1172 1324 1325
f 1172 1325 1173
f 1173 1325 1326
f 1173 1326 1327
f 1173 1327 1179
f 1174 1221 1328
f 1174 1328 1329
f 1174 1329 1330
f 1174 1330 1331
f 1174 1331 1332
f 1174 1332 1322
f 1174 1322 1176
f 1176 1322 1177
f 1178 1179 1180
f 1179 1327 1333
f 1179 1333 1334
f 1179 1334 1180
f 1180 1334 1335
f 1180 1335 1336
f 1180 1336 1181
f 1181 1336 1337
f 1181 1337 1338
f 1181 1338 1339
f 1181 1339 1182
f 1182 1339 1340
f 1182 1340 1183
f 1183 1340 1341
f 1183 1341 1185
f 1184 1185 1342
f 1184 1342 1341
f 1184 1341 1343
f 1184 1343 1186
f 1185 1341 1342
f 1186 1343 1344
f 1186 1344 1345
f 1186 1345 1346
f 1186 1346 1187
f 1187 1346 1188
f 1188 1347 1348
f 1188 1348 1190
f 1188 1346 1347
f 1189 1190 1349
f 1189 1349 1350
f 1189 1350 1351
f 1189 1351 1191
f 1190 1348 1352
f 1190 1352 1349
f 1191 1351 1192
f 1192 1351 1193
f 1193 1351 1353
f 1193 1353 1194
f 1194 1353 1195
f 1195 1353 1354
f 1195 1354 1355
f 1195 1355 1196
f 1196 1355 1356
f 1196 1356 1197
f 1197 1356 1198
f 1198 1356 1199
f 1199 1356 1200
f 1200 1202 1201
f 1200 1356 1357
f 1200 1357 1358
f 1200 1358 1202
f 1202 1358 1359
f 1202 1359 1360
f 1202 1360 1203
f 1203 1205 1204
f 1203 1360 1361
f 1203 1361 1205
f 1205 1361 1362
f 1205 1362 1206
f 1206 1362 1363
f 1206 1363 1364
f 1206 1364 1365
f 1206 1365 1366
f 1206 1366 1367
f 1206 1367 1209
f 1206 1209 1208
f 1206 1208 1207
f 1209 1367 1210
f 1210 1367 1368
f 1210 1368 1211
f 1211 1368 1212
f 1212 1368 1214
f 1213 1215 1216
f 1214 1368 1369
f 1214 1369 1216
f 1214 1216 1215
f 1216 1369 1370
f 1216 1370 1371
f 1216 1371 1224
f 1218 1372 1373
f 1218 1373 1220
f 1218 1220 1219
f 1218 1238 1374
f 1218 1374 1375
f 1218 1375 1372
f 1220 1373 1376
f 1220 1376 1221
f 1221 1376 1328
f 1222 1377 1223
f 1222 1226 1378
f 1222 1378 1379
f 1222 1379 1377
f 1223 1377 1380
f 1223 1380 1239
f 1225 1371 1528
f 1225 1528 1381
f 1225 1381 1378
f 1225 1378 1226
f 1227 1321 1320
f 1227 1320 1382
f 1227 1382 1230
f 1229 1232 1233
f 1230 1382 1383
f 1230 1383 1384
f 1230 1384 1231
f 1231 1384 1385
f 1231 1385 1386
f 1231 1386 1232
f 1232 1386 1387
f 1232 1387 1388
f 1232 1388 1233
f 1233 1388 1389
f 1233 1389 1234
f 1234 1389 1235
f 1235 1389 1236
f 1236 1389 1390
f 1236 1390 1237
f 1237 1390 1391
f 1237 1391 1392
f 1237 1392 1238
f 1238 1392 1393
f 1238 1393 1374
f 1239 1380 1394
f 1239 1394 1395
f 1239 1395 1396
f 1239 1396 1240
f 1240 1396 1241
f 1241 1396 1397
f 1241 1397 1242
f 1242 1397 1398
f 1242 1398 1399
f 1242 1399 1243
f 1244 1399 1315
f 1244 1315 1296
f 1244 1296 1295
f 1244 1295 1245
f 1247 1251 1281
f 1247 1281 1248
f 1249 1280 1400
f 1249 1400 1401
f 1249 1401 1402
f 1249 1402 1403
f 1249 1403 1404
f 1249 1404 1405
f 1249 1405 1251
f 1251 1405 1406
f 1251 1406 1407
f 1251 1407 1281
f 1252 1255 1254
f 1253 1258 1259
f 1256 1260 1258
f 1256 1258 1257
f 1256 1306 1408
f 1256 1408 1409
f 1256 1409 1410
f 1256 1410 1260
f 1258 1260 1259
f 1260 1410 1411
f 1260 1411 1412
f 1260 1412 1413
f 1260 1413 1414
f 1260 1414 1261
f 1261 1414 1262
f 1262 1415 1263
f 1262 1414 1413
f 1262 1413 1416
f 1262 1416 1415
f 1263 1415 1264
f 1264 1415 1417
f 1264 1417 1265
f 1265 1417 1266
f 1266 1417 1418
f 1266 1418 1419
f 1266 1419 1420
f 1266 1420 1421
f 1266 1421 1422
f 1266 1422 1268
f 1266 1268 1267
f 1268 1422 1423
f 1268 1423 1424
f 1268 1424 1425
f 1268 1425 1426
f 1268 1426 1427
f 1268 1427 1269
f 1269 1427 1270
f 1270 1427 1271
f 1271 1427 1579
f 1271 1579 1428
f 1271 1428 1430
f 1271 1430 1272
f 1272 1429 1273
f 1272 1430 1431
f 1272 1431 1429
f 1273 1429 1274
f 1274 1429 1275
f 1275 1432 1277
f 1275 1277 1276
f 1275 1429 1433
f 1275 1433 1434
f 1275 1434 1435
f 1275 1435 1432
f 1277 1432 1436
f 1277 1436 1437
f 1277 1437 1438
f 1277 1438 1439
f 1277 1439 1440
f 1277 1440 1278
f 1278 1440 1441
f 1278 1441 1279
f 1279 1441 1442
f 1279 1442 1280
f 1280 1442 1400
f 1281 1407 1443
f 1281 1443 1282
f 1282 1443 1283
f 1283 1443 1444
f 1283 1444 1284
f 1284 1444 1445
f 1284 1445 1285
f 1285 1445 1446
f 1285 1446 1286
f 1286 1446 1447
f 1286 1447 1448
f 1286 1448 1287
f 1287 1448 1289
f 1287 1289 1288
f 1289 1448 1449
f 1289 1449 1290
f 1290 1449 1387
f 1290 1387 1386
f 1290 1386 1291
f 1291 1386 1385
f 1291 1385 1292
f 1292 1385 1450
f 1292 1450 1293
f 1293 1450 1451
f 1293 1451 1294
f 1297 1317 1316
f 1297 1316 1452
f 1297 1452 1453
f 1297 1453 1454
f 1297 1454 1298
f 1298 1454 1457
f 1298 1457 1300
f 1299 1301 1455
f 1299 1455 1302
f 1300 1456 1301
f 1300 1457 1456
f 1301 1456 1455
f 1302 1455 1458
f 1302 1458 1459
f 1302 1459 1600
f 1302 1600 1460
f 1303 1460 1601
f 1303 1601 1461
f 1303 1461 1314
f 1303 1314 1304
f 1305 1408 1306
f 1305 1307 1313
f 1305 1313 1408
f 1309 1314 1461
f 1309 1461 1310
f 1310 1461 1601
f 1310 1601 1462
f 1310 1462 1463
f 1310 1463 1311
f 1311 1463 1464
f 1311 1464 1465
f 1311 1465 1312
f 1312 1466 1313
f 1312 1465 1467
f 1312 1467 1466
f 1313 1466 1468
f 1313 1468 1469
f 1313 1469 1408
f 1315 1399 1398
f 1315 1398 1316
f 1316 1398 1549
f 1316 1549 1452
f 1318 1451 1382
f 1318 1382 1320
f 1318 1320 1319
f 1322 1324 1323
f 1322 1332 1470
f 1322 1470 1471
f 1322 1471 1472
f 1322 1472 1473
f 1322 1473 1324
f 1324 1473 1474
f 1324 1474 1475
f 1324 1475 1476
f 1324 1476 1326
f 1324 1326 1325
f 1326 1333 1327
f 1326 1476 1477
f 1326 1477 1333
f 1328 1376 1329
f 1329 1376 1478
f 1329 1478 1330
f 1330 1478 1479
f 1330 1479 1480
f 1330 1480 1331
f 1331 1480 1332
f 1332 1480 1481
f 1332 1481 1482
f 1332 1482 1470
f 1333 1337 1335
f 1333 1335 1334
f 1333 1477 1483
f 1333 1483 1484
f 1333 1484 1485
f 1333 1485 1486
f 1333 1486 1337
f 1335 1337 1336
f 1337 1341 1338
f 1337 1486 1487
f 1337 1487 1488
f 1337 1488 1489
f 1337 1489 1490
f 1337 1490 1341
f 1338 1341 1339
f 1339 1341 1340
f 1341 1490 1491
f 1341 1491 1492
f 1341 1492 1493
f 1341 1493 1343
f 1343 1493 1492
f 1343 1492 1344
f 1344 1492 1494
f 1344 1494 1495
f 1344 1495 1496
f 1344 1496 1345
f 1345 1496 1346
f 1346 1496 1497
f 1346 1497 1347
f 1347 1497 1498
f 1347 1498 1499
f 1347 1499 1348
f 1348 1499 1352
f 1349 1352 1500
f 1349 1500 1350
f 1350 1500 1351
f 1351 1500 1353
f 1352 1499 1501
f 1352 1501 1502
f 1352 1502 1500
f 1353 1503 1504
f 1353 1504 1355
f 1353 1355 1354
f 1353 1500 1505
f 1353 1505 1506
f 1353 1506 1503
f 1355 1504 1507
f 1355 1507 1356
f 1356 1507 1508
f 1356 1508 1509
f 1356 1509 1510
f 1356 1510 1357
f 1357 1510 1511
f 1357 1511 1512
f 1357 1512 1513
f 1357 1513 1358
f 1358 1513 1359
f 1359 1513 1514
f 1359 1514 1515
f 1359 1515 1360
f 1360 1515 1516
f 1360 1516 1361
f 1361 1516 1362
f 1362 1516 1517
f 1362 1517 1518
f 1362 1518 1363
f 1363 1518 1364
f 1364 1518 1519
f 1364 1519 1365
f 1365 1519 1520
f 1365 1520 1366
f 1366 1521 1367
f 1366 1520 1521
f 1367 1521 1368
f 1368 1521 1522
f 1368 1522 1523
f 1368 1523 1524
f 1368 1524 1369
f 1369 1524 1525
f 1369 1525 1526
f 1369 1526 1370
f 1370 1526 1527
f 1370 1527 1371
f 1371 1527 1528
f 1372 1375 1373
f 1373 1375 1529
f 1373 1529 1376
f 1374 1393 1530
f 1374 1530 1531
f 1374 1531 1375
f 1375 1531 1532
f 1375 1532 1533
f 1375 1533 1529
f 1376 1529 1534
f 1376 1534 1478
f 1377 1379 1535
f 1377 1535 1394
f 1377 1394 1380
f 1378 1381 1539
f 1378 1539 1536
f 1378 1536 1537
f 1378 1537 1379
f 1379 1537 1538
f 1379 1538 1535
f 1381 1528 1674
f 1381 1674 1539
f 1382 1451 1383
f 1383 1451 1384
f 1384 1451 1450
f 1384 1450 1385
f 1387 1540 1389
f 1387 1389 1388
f 1387 1449 1540
f 1389 1540 1390
f 1390 1540 1449
f 1390 1449 1541
f 1390 1541 1543
f 1390 1543 1391
f 1391 1542 1392
f 1391 1543 1681
f 1391 1681 1542
f 1392 1542 1544
f 1392 1544 1393
f 1393 1544 1530
f 1394 1535 1545
f 1394 1545 1395
f 1395 1545 1546
f 1395 1546 1547
f 1395 1547 1396
f 1396 1547 1397
f 1397 1547 1548
f 1397 1548 1549
f 1397 1549 1398
f 1400 1442 1550
f 1400 1550 1401
f 1401 1551 1552
f 1401 1552 1403
f 1401 1403 1402
f 1401 1550 1551
f 1403 1553 1554
f 1403 1554 1555
f 1403 1555 1404
f 1403 1552 1556
f 1403 1556 1557
f 1403 1557 1558
f 1403 1558 1553
f 1404 1555 1405
f 1405 1555 1406
f 1406 1555 1443
f 1406 1443 1407
f 1408 1559 1409
f 1408 1469 1559
f 1409 1559 1410
f 1410 1559 1411
f 1411 1559 1560
f 1411 1560 1412
f 1412 1560 1561
f 1412 1561 1413
f 1413 1561 1562
f 1413 1562 1563
f 1413 1563 1564
f 1413 1564 1565
f 1413 1565 1415
f 1413 1415 1416
f 1415 1565 1566
f 1415 1566 1417
f 1417 1566 1567
f 1417 1567 1568
f 1417 1568 1569
f 1417 1569 1418
f 1418 1569 1570
f 1418 1570 1419
f 1419 1570 1420
f 1420 1571 1421
f 1420 1570 1568
f 1420 1568 1572
f 1420 1572 1573
f 1420 1573 1574
f 1420 1574 1424
f 1420 1424 1571
f 1421 1571 1422
f 1422 1571 1423
f 1423 1571 1424
f 1424 1574 1575
f 1424 1575 1576
f 1424 1576 1577
f 1424 1577 1578
f 1424 1578 1425
f 1425 1578 1579
f 1425 1579 1427
f 1425 1427 1426
f 1428 1579 1580
f 1428 1580 1581
f 1428 1581 1430
f 1429 1431 1582
f 1429 1582 1433
f 1430 1581 1431
f 1431 1581 1583
f 1431 1583 1582
f 1432 1435 1584
f 1432 1584 1436
f 1433 1582 1434
f 1434 1585 1586
f 1434 1586 1587
f 1434 1587 1588
f 1434 1588 1437
f 1434 1437 1584
f 1434 1584 1435
f 1434 1582 1583
f 1434 1583 1585
f 1436 1584 1437
f 1437 1589 1439
f 1437 1439 1438
f 1437 1588 1590
f 1437 1590 1591
f 1437 1591 1589
f 1439 1589 1592
f 1439 1592 1440
f 1440 1592 1441
f 1441 1592 1593
f 1441 1593 1594
f 1441 1594 1442
f 1442 1594 1551
f 1442 1551 1550
f 1443 1555 1554
f 1443 1554 1444
f 1444 1554 1595
f 1444 1595 1445
f 1445 1596 1597
f 1445 1597 1446
f 1445 1595 1596
f 1446 1597 1598
f 1446 1598 1447
f 1447 1598 1541
f 1447 1541 1449
f 1447 1449 1448
f 1452 1549 1548
f 1452 1548 1453
f 1453 1548 1547
f 1453 1547 1454
f 1454 1547 1546
f 1454 1546 1457
f 1455 1456 1458
f 1456 1457 1599
f 1456 1599 1458
f 1457 1546 1679
f 1457 1679 1599
f 1458 1599 1679
f 1458 1679 1538
f 1458 1538 1537
f 1458 1537 1459
f 1459 1537 1536
f 1459 1536 1600
f 1460 1600 1680
f 1460 1680 1601
f 1462 1601 1680
f 1462 1680 1602
f 1462 1602 1603
f 1462 1603 1604
f 1462 1604 1463
f 1463 1604 1605
f 1463 1605 1464
f 1464 1605 1465
f 1465 1605 1606
f 1465 1606 1607
f 1465 1607 1467
f 1466 1608 1609
f 1466 1609 1468
f 1466 1467 1608
f 1467 1607 1610
f 1467 1610 1608
f 1468 1609 1611
f 1468 1611 1469
f 1469 1611 1559
f 1470 1482 1471
f 1471 1482 1612
f 1471 1612 1472
f 1472 1612 1613
f 1472 1613 1614
f 1472 1614 1473
f 1473 1614 1474
f 1474 1614 1615
f 1474 1615 1475
f 1475 1615 1616
f 1475 1616 1617
f 1475 1617 1476
f 1476 1617 1618
f 1476 1618 1477
f 1477 1618 1483
f 1478 1534 1529
f 1478 1529 1619
f 1478 1619 1620
f 1478 1620 1479
f 1479 1620 1621
f 1479 1621 1622
f 1479 1622 1480
f 1480 1622 1481
f 1481 1623 1612
f 1481 1612 1482
f 1481 1622 1623
f 1483 1618 1624
f 1483 1624 1625
f 1483 1625 1484
f 1484 1625 1626
f 1484 1626 1485
f 1485 1626 1486
f 1486 1626 1627
f 1486 1627 1628
f 1486 1628 1487
f 1487 1628 1488
f 1488 1628 1629
f 1488 1629 1630
f 1488 1630 1489
f 1489 1630 1631
f 1489 1631 1490
f 1490 1631 1491
f 1491 1631 1632
f 1491 1632 1494
f 1491 1494 1492
f 1494 1632 1633
f 1494 1633 1634
f 1494 1634 1635
f 1494 1635 1636
f 1494 1636 1495
f 1495 1636 1637
f 1495 1637 1496
f 1496 1637 1638
f 1496 1638 1639
f 1496 1639 1497
f 1497 1639 1640
f 1497 1640 1498
f 1498 1640 1641
f 1498 1641 1499
f 1499 1641 1501
f 1500 1502 1642
f 1500 1642 1505
f 1501 1641 1643
f 1501 1643 1502
f 1502 1643 1644
f 1502 1644 1645
f 1502 1645 1642
f 1503 1506 1646
f 1503 1646 1504
f 1504 1646 1647
f 1504 1647 1648
f 1504 1648 1507
f 1505 1642 1506
f 1506 1642 1649
f 1506 1649 1650
f 1506 1650 1646
f 1507 1648 1508
f 1508 1648 1651
f 1508 1651 1509
f 1509 1651 1511
f 1509 1511 1510
f 1511 1651 1652
f 1511 1652 1653
f 1511 1653 1654
f 1511 1654 1512
f 1512 1654 1655
f 1512 1655 1656
f 1512 1656 1513
f 1513 1656 1514
f 1514 1656 1657
f 1514 1657 1658
f 1514 1658 1659
f 1514 1659 1515
f 1515 1659 1660
f 1515 1660 1516
f 1516 1660 1517
f 1517 1660 1661
f 1517 1661 1662
f 1517 1662 1518
f 1518 1662 1663
f 1518 1663 1519
f 1519 1663 1664
f 1519 1664 1665
f 1519 1665 1520
f 1520 1665 1666
f 1520 1666 1521
f 1521 1666 1667
f 1521 1667 1522
f 1522 1667 1523
f 1523 1667 1668
f 1523 1668 1669
f 1523 1669 1525
f 1523 1525 1524
f 1525 1669 1670
f 1525 1670 1526
f 1526 1670 1671
f 1526 1671 1672
f 1526 1672 1527
f 1527 1672 1673
f 1527 1673 1528
f 1528 1673 1730
f 1528 1730 1674
f 1529 1533 1619
f 1530 1544 1683
f 1530 1683 1675
f 1530 1675 1676
f 1530 1676 1531
f 1531 1676 1678
f 1531 1678 1532
f 1532 1677 1619
f 1532 1619 1533
f 1532 1678 1792
f 1532 1792 1677
f 1535 1538 1545
f 1536 1539 1680
f 1536 1680 1600
f 1538 1679 1545
f 1539 1674 1602
f 1539 1602 1680
f 1541 1598 1543
f 1542 1681 1683
f 1542 1683 1544
f 1543 1598 1682
f 1543 1682 1681
f 1545 1679 1546
f 1551 1684 1552
f 1551 1594 1684
f 1552 1684 1685
f 1552 1685 1686
f 1552 1686 1687
f 1552 1687 1556
f 1553 1558 1595
f 1553 1595 1554
f 1556 1686 1688
f 1556 1688 1557
f 1556 1687 1686
f 1557 1689 1558
f 1557 1688 1690
f 1557 1690 1689
f 1558 1689 1595
f 1559 1611 1691
f 1559 1691 1560
f 1560 1562 1561
f 1560 1691 1692
f 1560 1692 1693
f 1560 1693 1694
f 1560 1694 1695
f 1560 1695 1562
f 1562 1696 1563
f 1562 1695 1697
f 1562 1697 1696
f 1563 1698 1564
f 1563 1696 1811
f 1563 1811 1698
f 1564 1568 1567
f 1564 1567 1566
f 1564 1566 1565
f 1564 1698 1699
f 1564 1699 1568
f 1568 1570 1569
f 1568 1699 1700
f 1568 1700 1701
f 1568 1701 1572
f 1572 1701 1702
f 1572 1702 1573
f 1573 1702 1703
f 1573 1703 1574
f 1574 1703 1575
f 1575 1703 1576
f 1576 1704 1577
f 1576 1703 1705
f 1576 1705 1706
f 1576 1706 1704
f 1577 1704 1707
f 1577 1707 1578
f 1578 1580 1579
f 1578 1707 1708
f 1578 1708 1580
f 1580 1708 1709
f 1580 1709 1581
f 1581 1709 1583
f 1583 1709 1710
f 1583 1710 1585
f 1585 1710 1711
f 1585 1711 1586
f 1586 1712 1588
f 1586 1588 1587
f 1586 1711 1713
f 1586 1713 1714
f 1586 1714 1715
f 1586 1715 1712
f 1588 1712 1716
f 1588 1716 1590
f 1589 1717 1718
f 1589 1718 1719
f 1589 1719 1684
f 1589 1684 1593
f 1589 1593 1592
f 1589 1591 1717
f 1590 1720 1591
f 1590 1716 1721
f 1590 1721 1720
f 1591 1720 1718
f 1591 1718 1717
f 1593 1684 1594
f 1595 1689 1722
f 1595 1722 1723
f 1595 1723 1724
f 1595 1724 1596
f 1596 1724 1597
f 1597 1725 1726
f 1597 1726 1727
f 1597 1727 1682
f 1597 1682 1598
f 1597 1724 1725
f 1602 1674 1730
f 1602 1730 1603
f 1603 1728 1729
f 1603 1729 1604
f 1603 1730 1790
f 1603 1790 1728
f 1604 1729 1606
f 1604 1606 1605
f 1606 1729 1728
f 1606 1728 1731
f 1606 1731 1607
f 1607 1731 1732
f 1607 1732 1610
f 1608 1733 1609
f 1608 1610 1734
f 1608 1734 1733
f 1609 1735 1611
f 1609 1733 1735
f 1610 1732 1734
f 1611 1735 1691
f 1612 1623 1736
f 1612 1736 1613
f 1613 1736 1737
f 1613 1737 1738
f 1613 1738 1614
f 1614 1738 1615
f 1615 1738 1739
f 1615 1739 1740
f 1615 1740 1616
f 1616 1740 1741
f 1616 1741 1617
f 1617 1741 1742
f 1617 1742 1618
f 1618 1742 1624
f 1619 1677 1620
f 1620 1677 1621
f 1621 1677 1743
f 1621 1743 1744
f 1621 1744 1622
f 1622 1744 1745
f 1622 1745 1623
f 1623 1745 1736
f 1624 1742 1746
f 1624 1746 1747
f 1624 1747 1625
f 1625 1748 1627
f 1625 1627 1626
f 1625 1747 1748
f 1627 1748 1749
f 1627 1749 1628
f 1628 1749 1629
f 1629 1749 1750
f 1629 1750 1751
f 1629 1751 1630
f 1630 1752 1631
f 1630 1751 1753
f 1630 1753 1752
f 1631 1752 1632
f 1632 1752 1633
f 1633 1754 1755
f 1633 1755 1756
f 1633 1756 1757
f 1633 1757 1634
f 1633 1752 1754
f 1634 1757 1635
f 1635 1757 1758
f 1635 1758 1759
f 1635 1759 1637
f 1635 1637 1636
f 1637 1759 1760
f 1637 1760 1761
f 1637 1761 1638
f 1638 1761 1639
f 1639 1761 1640
f 1640 1761 1641
f 1641 1761 1762
f 1641 1762 1643
f 1642 1645 1763
f 1642 1763 1649
f 1643 1762 1764
f 1643 1764 1765
f 1643 1765 1766
f 1643 1766 1644
f 1644 1766 1767
f 1644 1767 1645
f 1645 1767 1763
f 1646 1650 1768
f 1646 1768 1647
f 1647 1768 1769
f 1647 1769 1770
f 1647 1770 1648
f 1648 1770 1651
f 1649 1763 1650
f 1650 1763 1768
f 1651 1770 1652
f 1652 1770 1771
f 1652 1771 1653
f 1653 1771 1654
f 1654 1771 1772
f 1654 1772 1773
f 1654 1773 1774
f 1654 1774 1655
f 1655 1774 1775
f 1655 1775 1656
f 1656 1775 1657
f 1657 1775 1776
f 1657 1776 1777
f 1657 1777 1658
f 1658 1777 1778
f 1658 1778 1659
f 1659 1778 1779
f 1659 1779 1660
f 1660 1779 1780
f 1660 1780 1661
f 1661 1780 1781
f 1661 1781 1662
f 1662 1781 1663
f 1663 1781 1782
f 1663 1782 1664
f 1664 1782 1665
f 1665 1783 1666
f 1665 1782 1784
f 1665 1784 1783
f 1666 1783 1785
f 1666 1785 1667
f 1667 1785 1668
f 1668 1785 1786
f 1668 1786 1787
f 1668 1787 1669
f 1669 1787 1670
f 1670 1787 1788
f 1670 1788 1789
f 1670 1789 1790
f 1670 1790 1671
f 1671 1673 1672
f 1671 1790 1730
f 1671 1730 1673
f 1675 1683 1727
f 1675 1727 1726
f 1675 1726 1791
f 1675 1791 1676
f 1676 1791 1678
f 1677 1792 1857
f 1677 1857 1743
f 1678 1791 1793
f 1678 1793 1794
f 1678 1794 1792
f 1681 1682 1727
f 1681 1727 1683
f 1684 1719 1795
f 1684 1795 1685
f 1685 1795 1686
f 1686 1795 1796
f 1686 1796 1797
f 1686 1797 1798
f 1686 1798 1799
f 1686 1799 1688
f 1688 1799 1800
f 1688 1800 1690
f 1689 1690 1801
f 1689 1801 1802
f 1689 1802 1722
f 1690 1800 1803
f 1690 1803 1804
f 1690 1804 1801
f 1691 1735 1805
f 1691 1805 1692
f 1692 1805 1806
f 1692 1806 1693
f 1693 1806 1807
f 1693 1807 1808
f 1693 1808 1694
f 1694 1808 1809
f 1694 1809 1695
f 1695 1809 1810
f 1695 1810 1697
f 1696 1697 1812
f 1696 1812 1811
f 1697 1810 1813
f 1697 1813 1812
f 1698 1811 1814
f 1698 1814 1699
f 1699 1814 1700
f 1700 1702 1701
f 1700 1814 1815
f 1700 1815 1702
f 1702 1815 1816
f 1702 1816 1817
f 1702 1817 1818
f 1702 1818 1819
f 1702 1819 1703
f 1703 1819 1820
f 1703 1820 1705
f 1704 1706 1821
f 1704 1821 1822
f 1704 1822 1707
f 1705 1820 1823
f 1705 1823 1706
f 1706 1823 1824
f 1706 1824 1825
f 1706 1825 1821
f 1707 1822 1826
f 1707 1826 1708
f 1708 1826 1827
f 1708 1827 1709
f 1709 1827 1828
f 1709 1828 1829
f 1709 1829 1710
f 1710 1829 1830
f 1710 1830 1711
f 1711 1830 1713
f 1712 1715 1721
f 1712 1721 1716
f 1713 1830 1831
f 1713 1831 1832
f 1713 1832 1833
f 1713 1833 1714
f 1714 1833 1715
f 1715 1833 1834
f 1715 1834 1835
f 1715 1835 1836
f 1715 1836 1721
f 1718 1795 1719
f 1718 1720 1837
f 1718 1837 1838
f 1718 1838 1839
f 1718 1839 1795
f 1720 1721 1840
f 1720 1840 1837
f 1721 1836 1841
f 1721 1841 1842
f 1721 1842 1843
f 1721 1843 1840
f 1722 1802 1723
f 1723 1802 1844
f 1723 1844 1724
f 1724 1844 1725
f 1725 1791 1726
f 1725 1844 1791
f 1728 1790 1789
f 1728 1789 1731
f 1731 1845 1732
f 1731 1789 1788
f 1731 1788 1845
f 1732 1845 1846
f 1732 1846 1734
f 1733 1847 1805
f 1733 1805 1735
f 1733 1734 1848
f 1733 1848 1849
f 1733 1849 1847
f 1734 1846 1848
f 1736 1745 1850
f 1736 1850 1851
f 1736 1851 1737
f 1737 1851 1852
f 1737 1852 1738
f 1738 1852 1739
f 1739 1852 1853
f 1739 1853 1740
f 1740 1853 1741
f 1741 1853 1854
f 1741 1854 1855
f 1741 1855 1742
f 1742 1855 1856
f 1742 1856 1746
f 1743 1857 1859
f 1743 1859 1744
f 1744 1858 1745
f 1744 1859 1969
f 1744 1969 1858
f 1745 1858 1850
f 1746 1856 1860
f 1746 1860 1747
f 1747 1860 1861
f 1747 1861 1749
f 1747 1749 1748
f 1749 1861 1862
f 1749 1862 1750
f 1750 1862 1863
f 1750 1863 1751
f 1751 1863 1864
f 1751 1864 1753
f 1752 1753 1754
f 1753 1864 1865
f 1753 1865 1755
f 1753 1755 1754
f 1755 1865 1976
f 1755 1976 1866
f 1755 1866 1867
f 1755 1867 1756
f 1756 1867 1868
f 1756 1868 1757
f 1757 1868 1869
f 1757 1869 1758
f 1758 1869 1870
f 1758 1870 1759
f 1759 1870 1872
f 1759 1872 1760
f 1760 1871 1761
f 1760 1872 1977
f 1760 1977 1871
f 1761 1871 1762
f 1762 1871 1977
f 1762 1977 1873
f 1762 1873 1876
f 1762 1876 1764
f 1763 1767 1874
f 1763 1874 1875
f 1763 1875 1768
f 1764 1876 1877
f 1764 1877 1765
f 1765 1877 1878
f 1765 1878 1766
f 1766 1878 1879
f 1766 1879 1767
f 1767 1879 1980
f 1767 1980 1874
f 1768 1875 1880
f 1768 1880 1881
f 1768 1881 1769
f 1769 1881 1882
f 1769 1882 1770
f 1770 1882 1771
f 1771 1882 1988
f 1771 1988 1883
f 1771 1883 1884
f 1771 1884 1772
f 1772 1884 1885
f 1772 1885 1773
f 1773 1885 1886
f 1773 1886 1774
f 1774 1886 1887
f 1774 1887 1775
f 1775 1887 1888
f 1775 1888 1776
f 1776 1888 1889
f 1776 1889 1777
f 1777 1889 1890
f 1777 1890 1778
f 1778 1890 1891
f 1778 1891 1779
f 1779 1891 1892
f 1779 1892 1780
f 1780 1892 1893
f 1780 1893 1781
f 1781 1893 1894
f 1781 1894 1782
f 1782 1894 1897
f 1782 1897 1784
f 1783 1784 1895
f 1783 1895 1896
f 1783 1896 1785
f 1784 1897 2001
f 1784 2001 1895
f 1785 1896 1788
f 1785 1788 1786
f 1786 1788 1787
f 1788 1896 1959
f 1788 1959 1845
f 1791 1844 1898
f 1791 1898 1793
f 1792 1794 1899
f 1792 1899 1900
f 1792 1900 1857
f 1793 1898 1901
f 1793 1901 1902
f 1793 1902 1794
f 1794 1902 1903
f 1794 1903 1899
f 1795 1839 1797
f 1795 1797 1796
f 1797 1839 1904
f 1797 1904 1905
f 1797 1905 1906
f 1797 1906 1798
f 1798 1906 1907
f 1798 1907 1908
f 1798 1908 1909
f 1798 1909 1799
f 1799 1909 1910
f 1799 1910 1911
f 1799 1911 1912
f 1799 1912 1800
f 1800 1912 1803
f 1801 1804 1803
f 1801 1803 1902
f 1801 1902 1901
f 1801 1901 1802
f 1802 1901 1844
f 1803 1912 1911
f 1803 1911 1913
f 1803 1913 1903
f 1803 1903 1902
f 1805 1847 1806
f 1806 1847 1914
f 1806 1914 1807
f 1807 1914 1915
f 1807 1915 1808
f 1808 1915 1916
f 1808 1916 1917
f 1808 1917 1809
f 1809 1917 1810
f 1810 1917 1918
f 1810 1918 1813
f 1811 1812 1919
f 1811 1919 1920
f 1811 1920 1814
f 1812 1813 1921
f 1812 1921 1922
f 1812 1922 1919
f 1813 1918 1923
f 1813 1923 1921
f 1814 1920 1924
f 1814 1924 1815
f 1815 1924 1925
f 1815 1925 1816
f 1816 1925 1926
f 1816 1926 1927
f 1816 1927 1817
f 1817 1927 1928
f 1817 1928 1929
f 1817 1929 1818
f 1818 1929 1930
f 1818 1930 1819
f 1819 1930 1931
f 1819 1931 1820
f 1820 1931 1932
f 1820 1932 1933
f 1820 1933 1823
f 1821 1825 1934
f 1821 1934 1822
f 1822 1934 1826
f 1823 1933 1824
f 1824 1935 1825
f 1824 1933 1935
f 1825 1935 1936
f 1825 1936 1934
f 1826 1934 1937
f 1826 1937 1938
f 1826 1938 1827
f 1827 1938 1828
f 1828 1938 1939
f 1828 1939 1829
f 1829 1939 1940
f 1829 1940 1941
f 1829 1941 1830
f 1830 1941 1942
f 1830 1942 1831
f 1831 1942 1943
f 1831 1943 1944
f 1831 1944 1832
f 1832 1944 1869
f 1832 1869 1868
f 1832 1868 1867
f 1832 1867 1834
f 1832 1834 1833
f 1834 1867 1866
f 1834 1866 1945
f 1834 1945 1835
f 1835 1945 1946
f 1835 1946 1836
f 1836 1842 1841
f 1836 1946 1842
f 1837 1840 1843
f 1837 1843 1947
f 1837 1947 1838
f 1838 1947 1948
f 1838 1948 1949
f 1838 1949 1950
f 1838 1950 1839
f 1839 1950 1951
f 1839 1951 1904
f 1842 1946 1952
f 1842 1952 1953
f 1842 1953 1843
f 1843 1953 1954
f 1843 1954 1955
f 1843 1955 1956
f 1843 1956 1957
f 1843 1957 1958
f 1843 1958 1949
f 1843 1949 1948
f 1843 1948 1947
f 1844 1901 1898
f 1845 1959 1846
f 1846 1959 1960
f 1846 1960 1849
f 1846 1849 1848
f 1847 1849 1914
f 1849 1960 1961
f 1849 1961 1914
f 1850 1962 1851
f 1850 1858 1969
f 1850 1969 1963
f 1850 1963 2040
f 1850 2040 1962
f 1851 1962 1852
f 1852 1962 2040
f 1852 2040 1964
f 1852 1964 1966
f 1852 1966 1853
f 1853 1965 1854
f 1853 1966 2042
f 1853 2042 1965
f 1854 1965 2042
f 1854 2042 2045
f 1854 2045 1967
f 1854 1967 1855
f 1855 1967 1968
f 1855 1968 1856
f 1856 1968 1972
f 1856 1972 1860
f 1857 1900 1911
f 1857 1911 1859
f 1859 1911 1970
f 1859 1970 1969
f 1860 1971 1862
f 1860 1862 1861
f 1860 1972 2039
f 1860 2039 1971
f 1862 1971 1973
f 1862 1973 1863
f 1863 1973 2038
f 1863 2038 1974
f 1863 1974 1975
f 1863 1975 1864
f 1864 1975 1976
f 1864 1976 1865
f 1866 1976 1945
f 1869 1944 1943
f 1869 1943 1870
f 1870 1943 1872
f 1872 1943 1942
f 1872 1942 1978
f 1872 1978 1977
f 1873 1977 1978
f 1873 1978 1979
f 1873 1979 1876
f 1874 1980 1981
f 1874 1981 1875
f 1875 1981 1986
f 1875 1986 1880
f 1876 1979 1982
f 1876 1982 1983
f 1876 1983 1877
f 1877 1983 1878
f 1878 1983 1984
f 1878 1984 1985
f 1878 1985 1879
f 1879 1985 1980
f 1880 1986 1987
f 1880 1987 1881
f 1881 1987 1988
f 1881 1988 1882
f 1883 1988 1989
f 1883 1989 1990
f 1883 1990 1884
f 1884 1990 1991
f 1884 1991 1885
f 1885 1991 1886
f 1886 1991 1992
f 1886 1992 1993
f 1886 1993 1887
f 1887 1993 1994
f 1887 1994 1888
f 1888 1994 1995
f 1888 1995 1889
f 1889 1995 1890
f 1890 1995 1996
f 1890 1996 1997
f 1890 1997 1891
f 1891 1997 1998
f 1891 1998 1892
f 1892 1998 1999
f 1892 1999 1893
f 1893 1999 1894
f 1894 1999 2000
f 1894 2000 1961
f 1894 1961 1897
f 1895 2001 1959
f 1895 1959 1896
f 1897 1961 1960
f 1897 1960 2001
f 1899 1903 1913
f 1899 1913 1900
f 1900 1913 1911
f 1904 1951 2002
f 1904 2002 2003
f 1904 2003 2004
f 1904 2004 1905
f 1905 2004 2005
f 1905 2005 2006
f 1905 2006 1906
f 1906 2006 1907
f 1907 2006 2005
f 1907 2005 2007
f 1907 2007 2008
f 1907 2008 2009
f 1907 2009 1908
f 1908 2009 2010
f 1908 2010 1909
f 1909 2010 1910
f 1910 2010 2008
f 1910 2008 1970
f 1910 1970 1911
f 1914 1961 1915
f 1915 1961 2000
f 1915 2000 1999
f 1915 1999 1916
f 1916 1999 2011
f 1916 2011 1917
f 1917 2011 1918
f 1918 2011 2012
f 1918 2012 1923
f 1919 1922 1920
f 1920 1922 2013
f 1920 2013 2014
f 1920 2014 1924
f 1921 1923 2015
f 1921 2015 1922
f 1922 2015 2016
f 1922 2016 2017
f 1922 2017 2013
f 1923 2012 1997
f 1923 1997 2015
f 1924 2014 1925
f 1925 2014 2018
f 1925 2018 1926
f 1926 1928 1927
f 1926 2018 2019
f 1926 2019 2020
f 1926 2020 1928
f 1928 2020 2021
f 1928 2021 2022
f 1928 2022 1929
f 1929 2022 2023
f 1929 2023 1930
f 1930 2023 2024
f 1930 2024 1931
f 1931 2024 1933
f 1931 1933 1932
f 1933 2024 2025
f 1933 2025 2026
f 1933 2026 1935
f 1934 1936 2027
f 1934 2027 1979
f 1934 1979 2028
f 1934 2028 1937
f 1935 2029 1985
f 1935 1985 1936
f 1935 2026 2029
f 1936 1985 1984
f 1936 1984 1983
f 1936 1983 2027
f 1937 2030 1938
f 1937 2028 2031
f 1937 2031 2030
f 1938 2030 2032
f 1938 2032 1939
f 1939 2032 2033
f 1939 2033 1940
f 1940 2033 1942
f 1940 1942 1941
f 1942 2033 1978
f 1945 1952 1946
f 1945 1976 1952
f 1949 1958 2034
f 1949 2034 2035
f 1949 2035 2036
f 1949 2036 1950
f 1950 2036 1951
f 1951 2036 2035
f 1951 2035 2002
f 1952 1976 1975
f 1952 1975 1953
f 1953 1975 2037
f 1953 2037 1954
f 1954 2037 1955
f 1955 2037 2038
f 1955 2038 2039
f 1955 2039 1956
f 1956 2039 1972
f 1956 1972 1957
f 1957 1972 1958
f 1958 1972 1968
f 1958 1968 2034
f 1959 2001 1960
f 1963 1969 1970
f 1963 1970 2008
f 1963 2008 2040
f 1964 2040 2005
f 1964 2005 2041
f 1964 2041 1966
f 1966 2041 2043
f 1966 2043 2044
f 1966 2044 2045
f 1966 2045 2042
f 1967 2045 2044
f 1967 2044 2035
f 1967 2035 1968
f 1968 2035 2034
f 1971 2039 2038
f 1971 2038 1973
f 1974 2038 2037
f 1974 2037 1975
f 1978 2033 2031
f 1978 2031 1979
f 1979 2031 2028
f 1979 2027 1982
f 1980 1985 2046
f 1980 2046 2047
f 1980 2047 1981
f 1981 2047 2048
f 1981 2048 1986
f 1982 2027 1983
f 1985 2029 2046
f 1986 2048 2049
f 1986 2049 1987
f 1987 2049 1988
f 1988 2049 2050
f 1988 2050 1989
f 1989 2050 2021
f 1989 2021 2020
f 1989 2020 1990
f 1990 2020 2019
f 1990 2019 1991
f 1991 2019 2051
f 1991 2051 1992
f 1992 2051 1993
f 1993 2051 2052
f 1993 2052 2017
f 1993 2017 1994
f 1994 2017 2016
f 1994 2016 1995
f 1995 2016 2015
f 1995 2015 1996
f 1996 2015 1997
f 1997 2012 1998
f 1998 2012 1999
f 1999 2012 2011
f 2002 2035 2044
f 2002 2044 2043
f 2002 2043 2003
f 2003 2043 2041
f 2003 2041 2004
f 2004 2041 2005
f 2005 2053 2007
f 2005 2040 2053
f 2007 2053 2008
f 2008 2010 2009
f 2008 2053 2040
f 2013 2017 2052
f 2013 2052 2014
f 2014 2052 2018
f 2018 2052 2051
f 2018 2051 2019
f 2021 2050 2022
f 2022 2050 2049
f 2022 2049 2054
f 2022 2054 2023
f 2023 2054 2055
f 2023 2055 2024
f 2024 2055 2025
f 2025 2055 2056
f 2025 2056 2029
f 2025 2029 2026
f 2029 2056 2047
f 2029 2047 2046
f 2030 2031 2057
f 2030 2057 2032
f 2031 2033 2057
f 2032 2057 2033
f 2047 2056 2055
f 2047 2055 2048
f 2048 2055 2054
f 2048 2054 2049

