####
#
# OBJ File Generated by Meshlab
#
####
# Object bowl.obj
#
# Vertices: 704
# Faces: 1404
#
####
mtllib ./bowl.mtl

vn 0.0000018 -1.5919805 -5.9545569
v 337.2880859 224.4571075 164.3599701
vn 0.0000032 2.4802237 -3.4839277
v 337.2880859 246.8378601 161.1706085
vn 0.6796817 2.4802263 -3.4169958
v 364.1027527 246.8378601 163.8116455
vn 1.1616783 -1.5919785 -5.8401423
v 363.4805603 224.4570923 166.9397125
vn 1.3332465 2.4802225 -3.2187421
v 389.8869629 246.8378601 171.6331940
vn 2.2787118 -1.5919818 -5.5012941
v 388.6664429 224.4570923 174.5797882
vn 1.9355683 2.4802260 -2.8967829
v 413.6498413 246.8378601 184.3347168
vn 3.3081725 -1.5919783 -4.9510350
v 411.8779297 224.4571075 186.9865570
vn 2.4635077 2.4802244 -2.4635062
v 434.4781494 246.8378601 201.4280548
vn 4.2105093 -1.5919819 -4.2105060
v 432.2229309 224.4571075 203.6832733
vn 2.8967824 2.4802232 -1.9355681
v 451.5715027 246.8378601 222.2563782
vn 4.9510345 -1.5919809 -3.3081751
v 448.9196472 224.4571075 224.0283051
vn 3.2187405 2.4802260 -1.3332490
v 464.2730103 246.8378754 246.0192413
vn 5.5012932 -1.5919800 -2.2787106
v 461.3264465 224.4571075 247.2397614
vn 3.4169946 2.4802234 -0.6796826
v 472.0945740 246.8378754 271.8034363
vn 5.8401432 -1.5919805 -1.1616770
v 468.9664917 224.4571075 272.4256592
vn 3.4839282 2.4802237 0.0000007
v 474.7355957 246.8378754 298.6181030
vn 5.9545574 -1.5919796 0.0000002
v 471.5462341 224.4571228 298.6181030
vn 3.4169948 2.4802227 0.6796804
v 472.0945740 246.8378754 325.4328003
vn 5.8401442 -1.5919800 1.1616759
v 468.9664917 224.4571228 324.8105774
vn 3.2187412 2.4802222 1.3332442
v 464.2730408 246.8378906 351.2169800
vn 5.5012922 -1.5919814 2.2787113
v 461.3264465 224.4571228 349.9964905
vn 2.8967834 2.4802258 1.9355696
v 451.5715027 246.8378906 374.9798584
vn 4.9510341 -1.5919807 3.3081753
v 448.9196472 224.4571381 373.2079468
vn 2.4635065 2.4802237 2.4635074
v 434.4781494 246.8378906 395.8081970
vn 4.2105069 -1.5919822 4.2105079
v 432.2229309 224.4571381 393.5529785
vn 1.9355676 2.4802260 2.8967810
v 413.6498108 246.8378906 412.9015503
vn 3.3081770 -1.5919785 4.9510341
v 411.8778992 224.4571381 410.2496948
vn 1.3332492 2.4802208 3.2187450
v 389.8869324 246.8378906 425.6030884
vn 2.2787123 -1.5919772 5.5012941
v 388.6664429 224.4571381 422.6564941
vn 0.6796823 2.4802272 3.4169960
v 364.1027222 246.8379059 433.4246216
vn 1.1616752 -1.5919778 5.8401418
v 363.4805298 224.4571381 430.2965698
vn -0.0000040 2.4802241 3.4839282
v 337.2880249 246.8379059 436.0656433
vn -0.0000052 -1.5919826 5.9545569
v 337.2880249 224.4571381 432.8762817
vn -0.6796839 2.4802277 3.4169943
v 310.4733582 246.8379059 433.4245911
vn -1.1616783 -1.5919788 5.8401413
v 311.0955505 224.4571381 430.2965393
vn -1.3332502 2.4802256 3.2187483
v 284.6891479 246.8378906 425.6030273
vn -2.2787137 -1.5919793 5.5012922
v 285.9096375 224.4571381 422.6564636
vn -1.9355723 2.4802279 2.8967829
v 260.9262695 246.8378906 412.9014893
vn -3.3081770 -1.5919777 4.9510336
v 262.6981812 224.4571381 410.2496643
vn -2.4635091 2.4802265 2.4635069
v 240.0979614 246.8378906 395.8081360
vn -4.2105107 -1.5919813 4.2105050
v 242.3531647 224.4571381 393.5529175
vn -2.8967819 2.4802237 1.9355642
v 223.0045929 246.8378906 374.9797974
vn -4.9510360 -1.5919814 3.3081701
v 225.6564484 224.4571381 373.2078857
vn -3.2187421 2.4802246 1.3332425
v 210.3031006 246.8378906 351.2168884
vn -5.5012960 -1.5919809 2.2787054
v 213.2496948 224.4571228 349.9963989
vn -3.4169970 2.4802220 0.6796775
v 202.4815674 246.8378754 325.4326782
vn -5.8401432 -1.5919808 1.1616726
v 205.6096497 224.4571228 324.8104858
vn -3.4839299 2.4802284 -0.0000032
v 199.8405914 246.8378754 298.6179810
vn -5.9545569 -1.5919783 -0.0000041
v 203.0299225 224.4571228 298.6179810
vn -3.4169931 2.4802237 -0.6796846
v 202.4816132 246.8378754 271.8033142
vn -5.8401403 -1.5919808 -1.1616840
v 205.6096954 224.4571075 272.4255066
vn -3.2187352 2.4802256 -1.3332487
v 210.3032074 246.8378754 246.0191040
vn -5.5012913 -1.5919806 -2.2787168
v 213.2497864 224.4571075 247.2396088
vn -2.8967795 2.4802241 -1.9355717
v 223.0047455 246.8378601 222.2562408
vn -4.9510298 -1.5919811 -3.3081796
v 225.6566010 224.4571075 224.0281525
vn -2.4635036 2.4802246 -2.4635105
v 240.0981293 246.8378601 201.4279327
vn -4.2105031 -1.5919814 -4.2105126
v 242.3533478 224.4571075 203.6831512
vn -1.9355639 2.4802258 -2.8967838
v 260.9264832 246.8378601 184.3345947
vn -3.3081684 -1.5919801 -4.9510369
v 262.6983948 224.4571075 186.9864349
vn -1.3332372 2.4802270 -3.2187338
v 284.6893921 246.8378601 171.6331024
vn -2.2787001 -1.5919815 -5.5012970
v 285.9098816 224.4570923 174.5796814
vn -0.6796785 2.4802227 -3.4169946
v 310.4736023 246.8378601 163.8115845
vn -1.1616685 -1.5919834 -5.8401456
v 311.0958252 224.4570923 166.9396820
vn -0.0000004 -6.2724209 0.2590549
v 337.2880859 144.8951263 261.1791077
vn -0.0505389 -6.2724233 0.2540760
v 344.5920715 144.8951263 261.8984985
vn -0.0991351 -6.2724247 0.2393346
v 351.6153870 144.8951263 264.0289917
vn -0.1439228 -6.2724233 0.2153957
v 358.0881042 144.8951263 267.4887085
vn -0.1831806 -6.2724237 0.1831918
v 363.7614746 144.8951263 272.1447449
vn -0.2153938 -6.2724237 0.1439258
v 368.4175110 144.8951416 277.8181152
vn -0.2393344 -6.2724233 0.0991353
v 371.8772278 144.8951416 284.2908325
vn -0.2540750 -6.2724233 0.0505394
v 374.0077209 144.8951416 291.3141479
vn -0.2590528 -6.2724237 0.0000000
v 374.7271118 144.8951416 298.6181335
vn -0.2540750 -6.2724237 -0.0505387
v 374.0077209 144.8951416 305.9221191
vn -0.2393337 -6.2724237 -0.0991350
v 371.8772278 144.8951416 312.9454346
vn -0.2153949 -6.2724242 -0.1439222
v 368.4175110 144.8951416 319.4181213
vn -0.1831784 -6.2724237 -0.1831785
v 363.7614746 144.8951416 325.0915222
vn -0.1439223 -6.2724242 -0.2153947
v 358.0881042 144.8951416 329.7475281
vn -0.0991354 -6.2724237 -0.2393341
v 351.6153870 144.8951416 333.2072754
vn -0.0505392 -6.2724233 -0.2540744
v 344.5920715 144.8951416 335.3377686
vn 0.0000000 -6.2724237 -0.2590519
v 337.2880859 144.8951416 336.0571594
vn 0.0505398 -6.2724237 -0.2540750
v 329.9841003 144.8951416 335.3377686
vn 0.0991351 -6.2724237 -0.2393335
v 322.9607849 144.8951416 333.2072449
vn 0.1439224 -6.2724237 -0.2153950
v 316.4880676 144.8951416 329.7475281
vn 0.1831780 -6.2724237 -0.1831780
v 310.8146973 144.8951416 325.0914917
vn 0.2153952 -6.2724237 -0.1439223
v 306.1586609 144.8951416 319.4181213
vn 0.2393338 -6.2724237 -0.0991348
v 302.6989441 144.8951416 312.9454041
vn 0.2540750 -6.2724233 -0.0505387
v 300.5684509 144.8951416 305.9220886
vn 0.2590528 -6.2724237 0.0000002
v 299.8490601 144.8951416 298.6180725
vn 0.2540748 -6.2724237 0.0505394
v 300.5684509 144.8951416 291.3141174
vn 0.2393332 -6.2724237 0.0991363
v 302.6989746 144.8951416 284.2908020
vn 0.2153936 -6.2724233 0.1439270
v 306.1587219 144.8951416 277.8180847
vn 0.1831824 -6.2724237 0.1831921
v 310.8147278 144.8951263 272.1447144
vn 0.1439224 -6.2724228 0.2153958
v 316.4881287 144.8951263 267.4886780
vn 0.0991352 -6.2724237 0.2393346
v 322.9608459 144.8951263 264.0289612
vn 0.0505385 -6.2724237 0.2540764
v 329.9841614 144.8951263 261.8984680
vn -1.0904722 -2.1372743 -5.4822173
v 322.6189270 140.8863373 224.8706512
vn -0.8964763 -4.2701082 -4.5069218
v 320.6050110 152.7834473 214.7458954
vn 0.0000018 -4.2701092 -4.5952158
v 337.2880859 152.7834625 213.1027679
vn 0.0000004 -2.1372736 -5.5896196
v 337.2880859 140.8863373 223.4258728
vn -0.8988639 -4.2262144 -4.5189204
v 318.0729980 165.9023438 202.0165710
vn 0.0000010 -4.2262149 -4.6074491
v 337.2880859 165.9023438 200.1240540
vn -0.9769297 -3.7022183 -4.9113841
v 315.3549500 182.1917114 188.3519287
vn 0.0000006 -3.7022190 -5.0076022
v 337.2880859 182.1917114 186.1917114
vn -1.0756097 -2.8364811 -5.4074874
v 312.8642883 202.0763550 175.8304138
vn 0.0000002 -2.8364809 -5.5134249
v 337.2880859 202.0763550 173.4248962
vn -2.1390452 -2.1372743 -5.1641397
v 308.5133667 140.8863373 229.1494904
vn -1.7585061 -4.2701082 -4.2454290
v 304.5628967 152.7834625 219.6121826
vn -1.7631867 -4.2262144 -4.2567310
v 299.5961609 165.9023438 207.6214142
vn -1.9163194 -3.7022185 -4.6264253
v 294.2645264 182.1917114 194.7496033
vn -2.1098874 -2.8364830 -5.0937424
v 289.3788757 202.0763550 182.9545898
vn -3.1054201 -2.1372743 -4.6476040
v 295.5135803 140.8863373 236.0979919
vn -2.5529597 -4.2701087 -3.8207855
v 289.7783813 152.7834625 227.5146332
vn -2.5597558 -4.2262144 -3.8309588
v 282.5678101 165.9023438 216.7232208
vn -2.7820697 -3.7022178 -4.1636739
v 274.8274231 182.1917114 205.1389160
vn -3.0630882 -2.8364832 -4.5842485
v 267.7345886 202.0763550 194.5236664
vn -3.9524553 -2.1372738 -3.9524612
v 284.1192017 140.8863373 245.4490967
vn -3.2493043 -4.2701101 -3.2493110
v 276.8196716 152.7834625 238.1495514
vn -3.2579553 -4.2262144 -3.2579613
v 267.6423340 165.9023438 228.9721985
vn -3.5409050 -3.7022173 -3.5409150
v 257.7907104 182.1917114 219.1205444
vn -3.8985748 -2.8364820 -3.8985851
v 248.7632141 202.0763550 210.0930328
vn -4.6475949 -2.1372738 -3.1054323
v 274.7680664 140.8863373 256.8434753
vn -3.8207793 -4.2701092 -2.5529695
v 266.1847229 152.7834625 251.1082458
vn -3.8309512 -4.2262154 -2.5597649
v 255.3933258 165.9023438 243.8976593
vn -4.1636667 -3.7022183 -2.7820790
v 243.8090057 182.1917114 236.1572418
vn -4.5842419 -2.8364806 -3.0630987
v 233.1938019 202.0763550 229.0643616
vn -5.1641350 -2.1372743 -2.1390605
v 267.8195190 140.8863373 269.8432312
vn -4.2454247 -4.2701082 -1.7585180
v 258.2822266 152.7834625 265.8927307
vn -4.2567272 -4.2262139 -1.7631979
v 246.2914734 165.9023438 260.9259644
vn -4.6264210 -3.7022176 -1.9163311
v 233.4196777 182.1917267 255.5942841
vn -5.0937376 -2.8364818 -2.1099024
v 221.6246796 202.0763702 250.7086182
vn -5.4822159 -2.1372738 -1.0904870
v 263.5406494 140.8863373 283.9487610
vn -4.5069203 -4.2701077 -0.8964872
v 253.4158936 152.7834625 281.9348145
vn -4.5189180 -4.2262144 -0.8988730
v 240.6865692 165.9023590 279.4028015
vn -4.9113808 -3.7022188 -0.9769418
v 227.0219269 182.1917267 276.6846924
vn -5.4074841 -2.8364801 -1.0756221
v 214.5004272 202.0763702 274.1940002
vn -5.5896220 -2.1372738 -0.0000049
v 262.0958252 140.8863373 298.6180420
vn -4.5952168 -4.2701073 -0.0000022
v 251.7727203 152.7834625 298.6180420
vn -4.6074491 -4.2262144 -0.0000029
v 238.7940063 165.9023590 298.6180420
vn -5.0076027 -3.7022181 -0.0000035
v 224.8616638 182.1917267 298.6180115
vn -5.5134249 -2.8364806 -0.0000032
v 212.0948486 202.0763702 298.6180115
vn -5.4822173 -2.1372743 1.0904795
v 263.5406189 140.8863525 313.2873535
vn -4.5069208 -4.2701082 0.8964801
v 253.4158630 152.7834778 315.3012695
vn -4.5189190 -4.2262154 0.8988651
v 240.6865387 165.9023590 317.8332825
vn -4.9113841 -3.7022178 0.9769304
v 227.0218964 182.1917267 320.5513306
vn -5.4074874 -2.8364806 1.0756124
v 214.5003967 202.0763702 323.0419922
vn -5.1641369 -2.1372743 2.1390491
v 267.8194885 140.8863525 327.3929138
vn -4.2454271 -4.2701092 1.7585089
v 258.2821655 152.7834778 331.3433838
vn -4.2567282 -4.2262154 1.7631907
v 246.2913971 165.9023590 336.3101196
vn -4.6264238 -3.7022152 1.9163251
v 233.4195709 182.1917419 341.6417847
vn -5.0937433 -2.8364797 2.1098924
v 221.6245880 202.0763855 346.5274048
vn -4.6476011 -2.1372740 3.1054254
v 274.7679749 140.8863525 340.3926697
vn -3.8207841 -4.2701082 2.5529642
v 266.1846313 152.7834778 346.1278687
vn -3.8309553 -4.2262144 2.5597608
v 255.3932190 165.9023590 353.3384399
vn -4.1636710 -3.7022173 2.7820749
v 243.8088989 182.1917419 361.0788269
vn -4.5842466 -2.8364818 3.0630910
v 233.1936646 202.0763855 368.1716919
vn -3.9524608 -2.1372733 3.9524546
v 284.1191101 140.8863525 351.7870483
vn -3.2493114 -4.2701087 3.2493060
v 276.8195496 152.7834778 359.0865784
vn -3.2579618 -4.2262130 3.2579577
v 267.6422119 165.9023743 368.2639160
vn -3.5409126 -3.7022166 3.5409091
v 257.7905579 182.1917419 378.1155396
vn -3.8985832 -2.8364840 3.8985763
v 248.7630463 202.0763855 387.1430359
vn -3.1054311 -2.1372738 4.6475973
v 295.5134583 140.8863525 361.1381836
vn -2.5529690 -4.2701077 3.8207812
v 289.7782593 152.7834778 369.7215271
vn -2.5597653 -4.2262125 3.8309531
v 282.5676575 165.9023743 380.5129395
vn -2.7820797 -3.7022185 4.1636677
v 274.8272705 182.1917419 392.0972290
vn -3.0630965 -2.8364816 4.5842419
v 267.7343750 202.0763855 402.7124634
vn -2.1390555 -2.1372747 5.1641350
v 308.5132141 140.8863525 368.0867004
vn -1.7585137 -4.2701082 4.2454257
v 304.5627441 152.7834778 377.6240234
vn -1.7631967 -4.2262130 4.2567291
v 299.5959778 165.9023743 389.6147766
vn -1.9163282 -3.7022161 4.6264224
v 294.2643127 182.1917419 402.4865723
vn -2.1098967 -2.8364818 5.0937405
v 289.3786621 202.0763855 414.2815552
vn -1.0904843 -2.1372738 5.4822154
v 322.6187744 140.8863525 372.3655701
vn -0.8964859 -4.2701087 4.5069199
v 320.6048279 152.7834778 382.4903259
vn -0.8988709 -4.2262130 4.5189195
v 318.0728149 165.9023743 395.2196655
vn -0.9769360 -3.7022161 4.9113851
v 315.3547363 182.1917419 408.8842773
vn -1.0756167 -2.8364820 5.4074850
v 312.8640442 202.0764008 421.4057922
vn -0.0000067 -2.1372757 5.5896201
v 337.2880554 140.8863525 373.8103943
vn -0.0000004 -4.2701073 4.5952177
v 337.2880554 152.7834778 384.1335144
vn 0.0000009 -4.2262111 4.6074524
v 337.2880554 165.9023743 397.1122131
vn -0.0000023 -3.7022159 5.0076046
v 337.2880554 182.1917419 411.0445251
vn -0.0000032 -2.8364830 5.5134254
v 337.2880554 202.0764008 423.8113403
vn 1.0904825 -2.1372719 5.4822197
v 351.9573669 140.8863525 372.3656006
vn 0.8964847 -4.2701054 4.5069237
v 353.9712830 152.7834778 382.4903259
vn 0.8988657 -4.2262154 4.5189190
v 356.5032959 165.9023743 395.2196655
vn 0.9769309 -3.7022173 4.9113836
v 359.2213745 182.1917419 408.8843079
vn 1.0756099 -2.8364825 5.4074864
v 361.7120361 202.0764008 421.4058228
vn 2.1390531 -2.1372721 5.1641378
v 366.0628967 140.8863525 368.0867310
vn 1.7585101 -4.2701082 4.2454281
v 370.0133972 152.7834778 377.6240234
vn 1.7631927 -4.2262144 4.2567286
v 374.9801331 165.9023743 389.6148071
vn 1.9163256 -3.7022181 4.6264229
v 380.3117981 182.1917419 402.4866028
vn 2.1098943 -2.8364806 5.0937400
v 385.1974487 202.0763855 414.2816162
vn 3.1054301 -2.1372738 4.6475987
v 379.0626831 140.8863525 361.1382141
vn 2.5529652 -4.2701073 3.8207839
v 384.7978821 152.7834778 369.7215576
vn 2.5597644 -4.2262130 3.8309541
v 392.0084534 165.9023743 380.5129700
vn 2.7820759 -3.7022188 4.1636677
v 399.7488403 182.1917419 392.0972900
vn 3.0630980 -2.8364775 4.5842433
v 406.8417053 202.0763855 402.7125244
vn 3.9524577 -2.1372755 3.9524550
v 390.4570312 140.8863525 351.7870789
vn 3.2493095 -4.2701073 3.2493088
v 397.7565918 152.7834778 359.0866394
vn 3.2579603 -4.2262125 3.2579610
v 406.9338989 165.9023743 368.2639465
vn 3.5409107 -3.7022178 3.5409105
v 416.7855530 182.1917419 378.1156006
vn 3.8985815 -2.8364811 3.8985803
v 425.8130493 202.0763855 387.1430969
vn 4.6475983 -2.1372755 3.1054265
v 399.8081665 140.8863525 340.3927002
vn 3.8207846 -4.2701073 2.5529642
v 408.3915100 152.7834778 346.1279297
vn 3.8309524 -4.2262144 2.5597634
v 419.1829224 165.9023590 353.3385010
vn 4.1636701 -3.7022154 2.7820768
v 430.7672424 182.1917419 361.0788879
vn 4.5842457 -2.8364792 3.0630956
v 441.3824463 202.0763855 368.1717529
vn 5.1641369 -2.1372724 2.1390557
v 406.7566833 140.8863525 327.3929443
vn 4.2454267 -4.2701082 1.7585133
v 416.2939758 152.7834778 331.3434143
vn 4.2567286 -4.2262144 1.7631925
v 428.2847595 165.9023590 336.3101501
vn 4.6264234 -3.7022159 1.9163272
v 441.1565552 182.1917419 341.6418457
vn 5.0937400 -2.8364811 2.1098990
v 452.9515381 202.0763855 346.5274963
vn 5.4822173 -2.1372743 1.0904828
v 411.0355530 140.8863525 313.2874146
vn 4.5069203 -4.2701082 0.8964860
v 421.1603088 152.7834778 315.3013306
vn 4.5189199 -4.2262139 0.8988696
v 433.8896179 165.9023590 317.8333435
vn 4.9113822 -3.7022185 0.9769372
v 447.5542603 182.1917267 320.5514221
vn 5.4074855 -2.8364794 1.0756166
v 460.0757751 202.0763702 323.0420837
vn 5.5896196 -2.1372745 0.0000016
v 412.4803467 140.8863373 298.6181335
vn 4.5952168 -4.2701073 0.0000023
v 422.8034668 152.7834625 298.6181335
vn 4.6074505 -4.2262130 0.0000003
v 435.7821655 165.9023590 298.6181335
vn 5.0076027 -3.7022183 0.0000000
v 449.7145081 182.1917267 298.6181335
vn 5.5134254 -2.8364792 -0.0000000
v 462.4813232 202.0763702 298.6181030
vn 5.4822168 -2.1372747 -1.0904791
v 411.0355530 140.8863373 283.9488525
vn 4.5069222 -4.2701054 -0.8964854
v 421.1603088 152.7834625 281.9349060
vn 4.5189199 -4.2262139 -0.8988703
v 433.8896179 165.9023590 279.4028931
vn 4.9113822 -3.7022200 -0.9769349
v 447.5542603 182.1917267 276.6848145
vn 5.4074855 -2.8364785 -1.0756183
v 460.0757751 202.0763702 274.1941223
vn 5.1641364 -2.1372724 -2.1390562
v 406.7566833 140.8863373 269.8432922
vn 4.2454295 -4.2701058 -1.7585126
v 416.2939758 152.7834625 265.8928223
vn 4.2567296 -4.2262154 -1.7631915
v 428.2847290 165.9023438 260.9260864
vn 4.6264229 -3.7022176 -1.9163258
v 441.1565552 182.1917267 255.5944061
vn 5.0937409 -2.8364806 -2.1098971
v 452.9515381 202.0763702 250.7087555
vn 4.6475973 -2.1372750 -3.1054287
v 399.8081665 140.8863373 256.8435364
vn 3.8207834 -4.2701092 -2.5529625
v 408.3915405 152.7834625 251.1083374
vn 3.8309550 -4.2262135 -2.5597618
v 419.1829224 165.9023438 243.8977509
vn 4.1636696 -3.7022164 -2.7820756
v 430.7672424 182.1917114 236.1573639
vn 4.5842457 -2.8364794 -3.0630951
v 441.3824463 202.0763550 229.0644989
vn 3.9524565 -2.1372752 -3.9524567
v 390.4570312 140.8863373 245.4491730
vn 3.2493079 -4.2701082 -3.2493095
v 397.7565918 152.7834625 238.1496277
vn 3.2579589 -4.2262135 -3.2579608
v 406.9338989 165.9023438 228.9723053
vn 3.5409107 -3.7022185 -3.5409095
v 416.7855530 182.1917114 219.1206512
vn 3.8985820 -2.8364816 -3.8985782
v 425.8130493 202.0763550 210.0931396
vn 3.1054287 -2.1372750 -4.6475973
v 379.0626831 140.8863373 236.0980530
vn 2.5529654 -4.2701068 -3.8207839
v 384.7978821 152.7834625 227.5146942
vn 2.5597620 -4.2262154 -3.8309536
v 392.0084534 165.9023438 216.7232971
vn 2.7820754 -3.7022188 -4.1636682
v 399.7488708 182.1917114 205.1389771
vn 3.0630932 -2.8364792 -4.5842457
v 406.8417358 202.0763550 194.5237579
vn 2.1390545 -2.1372738 -5.1641364
v 366.0629272 140.8863373 229.1495361
vn 1.7585132 -4.2701077 -4.2454281
v 370.0133972 152.7834625 219.6122284
vn 1.7631948 -4.2262149 -4.2567286
v 374.9801331 165.9023438 207.6214752
vn 1.9163263 -3.7022173 -4.6264229
v 380.3118286 182.1917114 194.7496796
vn 2.1098971 -2.8364806 -5.0937409
v 385.1974487 202.0763550 182.9546814
vn 1.0904793 -2.1372743 -5.4822168
v 351.9573669 140.8863373 224.8706665
vn 0.8964818 -4.2701087 -4.5069203
v 353.9713135 152.7834625 214.7459106
vn 0.8988691 -4.2262144 -4.5189180
v 356.5033264 165.9023438 202.0165863
vn 0.9769372 -3.7022190 -4.9113817
v 359.2214050 182.1917114 188.3519592
vn 1.0756172 -2.8364801 -5.4074845
v 361.7120667 202.0763550 175.8304291
vn 2.2107446 -2.9452450 -2.2107446
v 390.4570312 138.7256927 245.4491730
vn 1.7369723 -2.9452422 -2.5995593
v 379.0626831 138.7256927 236.0980530
vn -1.2839515 -2.9368639 -3.0997362
v 363.2086182 142.5364075 361.1958313
vn -1.8640096 -2.9368601 -2.7896872
v 374.9188843 142.5364075 354.9365845
vn -1.7369708 -3.3379452 -2.5995603
v 374.9188843 138.7257080 354.9365845
vn -1.1964444 -3.3379407 -2.8884783
v 363.2086182 138.7257080 361.1958313
vn -1.1964405 -2.9452426 -2.8884795
v 308.5133667 138.7256927 229.1494904
vn -1.7369671 -2.9452424 -2.5995629
v 295.5135803 138.7256927 236.0979919
vn -2.3724363 -2.9368641 -2.3724329
v 385.1829834 142.5364075 346.5130310
vn -2.2107465 -3.3379407 -2.2107434
v 385.1829834 138.7257080 346.5130310
vn -2.5995612 -2.9452412 1.7369691
v 274.7679749 138.7257080 340.3926697
vn -2.2107460 -2.9452457 2.2107430
v 284.1191101 138.7257080 351.7870483
vn -2.7896867 -2.9368644 -1.8640122
v 393.6065369 142.5364075 336.2489014
vn -2.5995593 -3.3379407 -1.7369733
v 393.6065369 138.7257080 336.2489014
vn 2.2107463 -2.9452455 2.2107434
v 390.4570312 138.7257080 351.7870789
vn 2.5995600 -2.9452429 1.7369717
v 399.8081665 138.7257080 340.3927002
vn 1.1964461 -2.9452426 -2.8884768
v 366.0629272 138.7256927 229.1495361
vn -3.0997334 -2.9368610 -1.2839546
v 399.8658142 142.5364075 324.5386658
vn -2.8884759 -3.3379440 -1.1964488
v 399.8658142 138.7257080 324.5386658
vn -2.2107427 -2.9452424 -2.2107463
v 284.1192017 138.7256927 245.4490967
vn -3.2906604 -2.9368629 -0.6545531
v 403.7202454 142.5364075 311.8323059
vn -3.0663922 -3.3379421 -0.6099415
v 403.7202454 138.7257080 311.8323059
vn -1.7369733 -2.9452415 2.5995588
v 295.5134583 138.7257080 361.1381836
vn -3.3551285 -2.9368629 -0.0000000
v 405.0217285 142.5364075 298.6181335
vn -3.1264639 -3.3379421 0.0000020
v 405.0217285 138.7256927 298.6181335
vn 2.8884771 -2.9452431 1.1964471
v 406.7566833 138.7257080 327.3929443
vn 0.6099421 -2.9452431 -3.0663908
v 351.9573669 138.7256927 224.8706665
vn -3.2906590 -2.9368629 0.6545544
v 403.7202454 142.5364075 285.4039612
vn -3.0663910 -3.3379421 0.6099431
v 403.7202454 138.7256927 285.4039612
vn -2.5995586 -2.9452448 -1.7369744
v 274.7680664 138.7256927 256.8434753
vn -3.0997355 -2.9368620 1.2839549
v 399.8658142 142.5363922 272.6976013
vn -2.8884766 -3.3379431 1.1964471
v 399.8658142 138.7256927 272.6976013
vn -1.1964461 -2.9452424 2.8884768
v 308.5132141 138.7257080 368.0867004
vn 3.0663917 -2.9452426 0.6099446
v 411.0355530 138.7257080 313.2874146
vn -2.7896879 -2.9368627 1.8640125
v 393.6065369 142.5363922 260.9873352
vn -2.5995593 -3.3379421 1.7369726
v 393.6065369 138.7256927 260.9873352
vn -0.0000008 -2.9368632 3.3551290
v 337.2880859 142.5363922 230.8845062
vn 0.6545488 -2.9368649 3.2906621
v 324.0740051 142.5363922 232.1859741
vn 0.6099390 -3.3379402 3.0663919
v 324.0740051 138.7256927 232.1859741
vn -0.0000007 -3.3379419 3.1264646
v 337.2880859 138.7256927 230.8845062
vn -2.3724360 -2.9368653 2.3724346
v 385.1829834 142.5363922 250.7232208
vn -2.2107460 -3.3379400 2.2107444
v 385.1829834 138.7256927 250.7232208
vn 1.2839464 -2.9368620 3.0997369
v 311.3676453 142.5363922 236.0403748
vn 1.1964409 -3.3379431 2.8884790
v 311.3676453 138.7256927 236.0403748
vn -2.8884759 -2.9452415 -1.1964496
v 267.8195190 138.7256927 269.8432312
vn 0.0000004 -2.9452438 -3.1264648
v 337.2880859 138.7256927 223.4258728
vn -1.8640095 -2.9368603 2.7896869
v 374.9188843 142.5363922 242.2996674
vn -1.7369709 -3.3379450 2.5995605
v 374.9188843 138.7256927 242.2996674
vn -0.6099454 -2.9452450 3.0663915
v 322.6187744 138.7257080 372.3655701
vn 1.8640062 -2.9368625 2.7896895
v 299.6573792 142.5363922 242.2996216
vn 1.7369678 -3.3379426 2.5995626
v 299.6573792 138.7256927 242.2996216
vn 3.1264634 -2.9452438 0.0000015
v 412.4803467 138.7256927 298.6181335
vn -1.2839502 -2.9368644 3.0997362
v 363.2086182 142.5363922 236.0404205
vn -1.1964443 -3.3379409 2.8884778
v 363.2086182 138.7256927 236.0404205
vn 2.3724327 -2.9368625 2.3724368
v 289.3932495 142.5363922 250.7231598
vn 2.2107425 -3.3379424 2.2107460
v 289.3932495 138.7256927 250.7231598
vn -0.6099432 -3.3379421 3.0663910
v 350.5022583 138.7256927 232.1859894
vn 2.5995591 -2.9452422 -1.7369725
v 399.8081665 138.7256927 256.8435364
vn 2.8884768 -2.9452426 -1.1964459
v 406.7566833 138.7256927 269.8432922
vn 3.0663910 -2.9452434 -0.6099420
v 411.0355530 138.7256927 283.9488525
vn 1.7369719 -2.9452405 2.5995593
v 379.0626831 138.7257080 361.1382141
vn 1.1964457 -2.9452441 2.8884778
v 366.0628967 138.7257080 368.0867310
vn -0.6099427 -3.3379421 -3.0663912
v 350.5022583 138.7257080 365.0502625
vn 0.6099428 -2.9452424 3.0663915
v 351.9573669 138.7257080 372.3656006
vn 0.0000003 -3.3379421 -3.1264646
v 337.2880554 138.7257080 366.3517456
vn -0.0000035 -2.9452419 3.1264648
v 337.2880554 138.7257080 373.8103943
vn 0.6099432 -3.3379421 -3.0663910
v 324.0738831 138.7257080 365.0502625
vn 1.1964471 -3.3379431 -2.8884764
v 311.3675232 138.7257080 361.1958313
vn 1.7369736 -3.3379428 -2.5995588
v 299.6572571 138.7257080 354.9365540
vn 2.2107465 -3.3379407 -2.2107432
v 289.3931580 138.7257080 346.5130005
vn 2.5995617 -3.3379436 -1.7369689
v 280.9696045 138.7257080 336.2488708
vn 2.8884783 -3.3379407 -1.1964444
v 274.7103577 138.7257080 324.5386047
vn -2.8884783 -2.9452443 1.1964433
v 267.8194885 138.7257080 327.3929138
vn 3.0663922 -3.3379421 -0.6099413
v 270.8559265 138.7257080 311.8322449
vn -3.0663917 -2.9452429 0.6099434
v 263.5406189 138.7257080 313.2873535
vn 3.1264637 -3.3379443 0.0000051
v 269.5544434 138.7256927 298.6180725
vn -3.1264639 -2.9452419 -0.0000021
v 262.0958252 138.7256927 298.6180420
vn 3.0663896 -3.3379421 0.6099496
v 270.8559570 138.7256927 285.4038696
vn -3.0663912 -2.9452448 -0.6099463
v 263.5406494 138.7256927 283.9487610
vn 2.8884749 -3.3379416 1.1964520
v 274.7104187 138.7256927 272.6975098
vn 2.5995591 -3.3379414 1.7369744
v 280.9696960 138.7256927 260.9872742
vn -0.6099387 -2.9452448 -3.0663919
v 322.6189270 138.7256927 224.8706512
vn -0.6545539 -2.9368629 -3.2906582
v 350.5022583 142.5364227 365.0502625
vn 0.0000018 -2.9368634 -3.3551269
v 337.2880554 142.5364227 366.3517456
vn 0.6545550 -2.9368629 -3.2906616
v 324.0738831 142.5364075 365.0502625
vn 1.2839532 -2.9368625 -3.0997345
v 311.3675232 142.5364075 361.1958313
vn 1.8640126 -2.9368615 -2.7896855
v 299.6572571 142.5364075 354.9365540
vn 2.3724363 -2.9368644 -2.3724332
v 289.3931580 142.5364075 346.5130005
vn 2.7896888 -2.9368613 -1.8640075
v 280.9696045 142.5364075 336.2488708
vn 3.0997355 -2.9368634 -1.2839500
v 274.7103577 142.5364075 324.5386047
vn 3.2906611 -2.9368632 -0.6545532
v 270.8559265 142.5364075 311.8322449
vn 3.3551280 -2.9368608 0.0000035
v 269.5544434 142.5364075 298.6180725
vn 3.2906585 -2.9368627 0.6545613
v 270.8559570 142.5364075 285.4038696
vn 3.0997341 -2.9368629 1.2839607
v 274.7104187 142.5363922 272.6975098
vn 2.7896864 -2.9368639 1.8640141
v 280.9696960 142.5363922 260.9872742
vn -0.6545531 -2.9368629 3.2906609
v 350.5022583 142.5363922 232.1859894
vn 0.0000018 1.5877798 5.9536924
v 337.2880859 226.2650452 171.1224060
vn -1.1614941 1.5877869 5.8392830
v 362.1613770 226.2650452 173.5720520
vn -0.5070559 3.7325435 2.5491929
v 362.7509155 247.8252563 170.6082611
vn 0.0000008 3.7325268 2.5991526
v 337.2880859 247.8252563 168.1005554
vn -2.2783942 1.5877956 5.5004759
v 386.0787659 226.2650452 180.8273773
vn -0.9946548 3.7325554 2.4012761
v 387.2351990 247.8252563 178.0354614
vn -3.3076971 1.5877602 4.9503126
v 408.1210327 226.2650452 192.6092987
vn -1.4440173 3.7325313 2.1611071
v 409.7998047 247.8252563 190.0967255
vn -4.2098913 1.5877643 4.2098885
v 427.4412537 226.2650452 208.4649506
vn -1.8378775 3.7325146 1.8378847
v 429.5779114 247.8252563 206.3282928
vn -4.9503036 1.5877697 3.3077075
v 443.2969360 226.2650604 227.7851868
vn -2.1611063 3.7325258 1.4440173
v 445.8095093 247.8252563 226.1064148
vn -5.5004826 1.5877914 2.2783818
v 455.0788574 226.2650604 249.8274536
vn -2.4012787 3.7325525 0.9946441
v 457.8707581 247.8252716 248.6710205
vn -5.8392811 1.5877860 1.1614914
v 462.3341675 226.2650604 273.7448120
vn -2.5491951 3.7325425 0.5070585
v 465.2979431 247.8252716 273.1553040
vn -5.9536934 1.5877836 0.0000015
v 464.7837830 226.2650604 298.6181030
vn -2.5991509 3.7325311 -0.0000001
v 467.8056641 247.8252716 298.6181030
vn -5.8392825 1.5877848 -1.1614901
v 462.3341675 226.2650757 323.4914246
vn -2.5491955 3.7325416 -0.5070558
v 465.2979431 247.8252716 324.0809326
vn -5.5004745 1.5877967 -2.2783926
v 455.0788574 226.2650757 347.4087830
vn -2.4012766 3.7325537 -0.9946548
v 457.8707581 247.8252869 348.5652161
vn -4.9503121 1.5877609 -3.3076963
v 443.2969360 226.2650757 369.4510498
vn -2.1611056 3.7325315 -1.4440167
v 445.8095093 247.8252869 371.1298218
vn -4.2098889 1.5877628 -4.2098923
v 427.4412537 226.2650757 388.7713013
vn -1.8378828 3.7325158 -1.8378787
v 429.5779114 247.8252869 390.9079590
vn -3.3077075 1.5877653 -4.9503021
v 408.1210327 226.2650757 404.6269836
vn -1.4440206 3.7325187 -2.1611080
v 409.7997742 247.8252869 407.1395264
vn -2.2783804 1.5877893 -5.5004845
v 386.0787354 226.2650909 416.4089050
vn -0.9946414 3.7325511 -2.4012744
v 387.2351685 247.8253021 419.2008057
vn -1.1614878 1.5877881 -5.8392806
v 362.1613464 226.2650909 423.6642151
vn -0.5070580 3.7325428 -2.5491946
v 362.7508850 247.8253021 426.6279907
vn 0.0000015 1.5877836 -5.9536924
v 337.2880249 226.2650909 426.1138306
vn 0.0000018 3.7325315 -2.5991502
v 337.2880249 247.8253021 429.1357117
vn 1.1614923 1.5877848 -5.8392835
v 312.4147339 226.2650909 423.6641846
vn 0.5070552 3.7325404 -2.5491946
v 311.8251953 247.8253021 426.6279602
vn 2.2783942 1.5877937 -5.5004749
v 288.4973450 226.2650909 416.4088745
vn 0.9946514 3.7325535 -2.4012687
v 287.3409119 247.8253021 419.2007751
vn 3.3077006 1.5877602 -4.9503098
v 266.4550781 226.2650757 404.6269226
vn 1.4440176 3.7325315 -2.1611066
v 264.7763062 247.8252869 407.1394958
vn 4.2098951 1.5877639 -4.2098846
v 247.1348419 226.2650757 388.7712402
vn 1.8378787 3.7325156 -1.8378822
v 244.9981842 247.8252869 390.9078979
vn 4.9503074 1.5877688 -3.3077025
v 231.2791901 226.2650757 369.4509888
vn 2.1611080 3.7325246 -1.4440173
v 228.7666168 247.8252869 371.1297607
vn 5.5004854 1.5877904 -2.2783780
v 219.4972839 226.2650757 347.4086914
vn 2.4012787 3.7325537 -0.9946454
v 216.7053680 247.8252869 348.5651245
vn 5.8392820 1.5877905 -1.1614842
v 212.2419891 226.2650757 323.4913025
vn 2.5491929 3.7325492 -0.5070549
v 209.2781830 247.8252716 324.0808411
vn 5.9536924 1.5877800 0.0000009
v 209.7923737 226.2650604 298.6179810
vn 2.5991518 3.7325263 0.0000013
v 206.7705231 247.8252716 298.6179810
vn 5.8392806 1.5877848 1.1615008
v 212.2420349 226.2650604 273.7446899
vn 2.5491920 3.7325463 0.5070617
v 209.2782440 247.8252716 273.1551514
vn 5.5004745 1.5877854 2.2783978
v 219.4973755 226.2650604 249.8273010
vn 2.4012873 3.7325382 0.9946548
v 216.7054749 247.8252716 248.6710968
vn 4.9503078 1.5877607 3.3077030
v 231.2793274 226.2650604 227.7850494
vn 2.1611080 3.7325311 1.4440176
v 228.7667694 247.8252563 226.1062775
vn 4.2098827 1.5877658 4.2098970
v 247.1350250 226.2650452 208.4648285
vn 1.8378819 3.7325158 1.8378803
v 244.9983673 247.8252563 206.3281708
vn 3.3076956 1.5877645 4.9503117
v 266.4552917 226.2650452 192.6091766
vn 1.4440054 3.7325315 2.1611123
v 264.7765198 247.8252563 190.0966034
vn 2.2783794 1.5877686 5.5004859
v 288.4975891 226.2650452 180.8272705
vn 0.9946593 3.7325191 2.4012978
v 287.3411560 247.8252563 178.0355835
vn 1.1614832 1.5877876 5.8392839
v 312.4149780 226.2650452 173.5720215
vn 0.5070563 3.7325468 2.5491924
v 311.8254700 247.8252563 170.6082153
vn -0.0000003 6.2513928 -0.4445117
v 337.2880859 151.8891449 260.8902893
vn -0.0867193 6.2513933 -0.4359693
v 329.9279785 151.8891449 261.6152039
vn -0.1701054 6.2513943 -0.4106746
v 322.8504028 151.8891449 263.7621460
vn -0.2469566 6.2513933 -0.3696147
v 316.3276978 151.8891449 267.2485657
vn -0.3143129 6.2513919 -0.3143206
v 310.6105042 151.8891602 271.9404602
vn -0.3695953 6.2513933 -0.2469541
v 305.9185791 151.8891602 277.6576538
vn -0.4106728 6.2513933 -0.1701059
v 302.4321289 151.8891602 284.1803589
vn -0.4359674 6.2513933 -0.0867201
v 300.2851868 151.8891602 291.2579041
vn -0.4445103 6.2513924 -0.0000002
v 299.5602417 151.8891602 298.6180725
vn -0.4359677 6.2513933 0.0867197
v 300.2851868 151.8891602 305.9782715
vn -0.4106738 6.2513933 0.1701051
v 302.4321289 151.8891602 313.0558472
vn -0.3695974 6.2513938 0.2469538
v 305.9185486 151.8891602 319.5785522
vn -0.3143146 6.2513933 0.3143152
v 310.6104736 151.8891602 325.2957153
vn -0.2469548 6.2513933 0.3695957
v 316.3276367 151.8891602 329.9876404
vn -0.1701056 6.2513933 0.4106728
v 322.8503418 151.8891602 333.4740906
vn -0.0867196 6.2513938 0.4359667
v 329.9279175 151.8891602 335.6210327
vn 0.0000001 6.2513933 0.4445097
v 337.2880859 151.8891602 336.3459778
vn 0.0867197 6.2513933 0.4359669
v 344.6482544 151.8891602 335.6210327
vn 0.1701047 6.2513933 0.4106729
v 351.7258301 151.8891602 333.4740906
vn 0.2469539 6.2513933 0.3695965
v 358.2485352 151.8891602 329.9876709
vn 0.3143165 6.2513928 0.3143146
v 363.9656982 151.8891602 325.2957458
vn 0.3695971 6.2513933 0.2469546
v 368.6576233 151.8891602 319.5785522
vn 0.4106731 6.2513928 0.1701060
v 372.1440430 151.8891602 313.0558777
vn 0.4359686 6.2513933 0.0867200
v 374.2910156 151.8891602 305.9783020
vn 0.4445095 6.2513924 -0.0000002
v 375.0159302 151.8891602 298.6181335
vn 0.4359686 6.2513928 -0.0867201
v 374.2910156 151.8891602 291.2579346
vn 0.4106719 6.2513933 -0.1701056
v 372.1440430 151.8891602 284.1803894
vn 0.3695961 6.2513933 -0.2469545
v 368.6576233 151.8891602 277.6576843
vn 0.3143128 6.2513933 -0.3143184
v 363.9656982 151.8891602 271.9405212
vn 0.2469571 6.2513928 -0.3696141
v 358.2485352 151.8891449 267.2485962
vn 0.1701058 6.2513943 -0.4106739
v 351.7258301 151.8891449 263.7621765
vn 0.0867203 6.2513928 -0.4359697
v 344.6482544 151.8891449 261.6152039
vn 0.4268163 -1.2432801 2.1457093
v 323.8942871 143.3862305 231.2831726
vn -0.0000004 -1.2432728 2.1877594
v 337.2880859 143.3862305 229.9640045
vn 0.0000014 4.2200370 4.6416988
v 337.2880859 157.5484619 218.2305145
vn 0.9055492 4.2200422 4.5525060
v 321.6052246 157.5484619 219.7751617
vn 0.0000055 4.2280679 4.6059666
v 337.2880859 170.6340332 205.2825623
vn 0.8985689 4.2280760 4.5174575
v 319.0791931 170.6340179 207.0759583
vn -0.0000032 3.7057443 5.0050817
v 337.2880859 186.3529968 191.8204346
vn 0.9764236 3.7057400 4.9089050
v 316.4530029 186.3529968 193.8723297
vn -0.0000014 2.8416553 5.5109882
v 337.2880859 205.2786560 179.6494141
vn 1.0751282 2.8416543 5.4050989
v 314.0785522 205.2786560 181.9353027
vn 0.8372044 -1.2432487 2.0212228
v 311.0153809 143.3862305 235.1900787
vn 1.7762885 4.2200465 4.2883663
v 306.5250854 157.5484619 224.3496246
vn 1.7626154 4.2280779 4.2553539
v 301.5700989 170.6340179 212.3872833
vn 1.9153601 3.7057357 4.6240911
v 296.4183350 186.3529968 199.9497833
vn 2.1089478 2.8416631 5.0914931
v 291.7608337 205.2786560 188.7052765
vn 1.2154423 -1.2432804 1.8190457
v 299.1459351 143.3862305 241.5342102
vn 2.5787663 4.2200460 3.8594398
v 292.6271362 157.5484619 231.7782440
vn 2.5589187 4.2280707 3.8297291
v 285.4336548 170.6340332 221.0122681
vn 2.7806549 3.7057447 4.1615834
v 277.9545593 186.3529968 209.8188934
vn 3.0617394 2.8416448 4.5822163
v 271.1926270 205.2786713 199.6990509
vn 1.5469398 -1.2432504 1.5469563
v 288.7423706 143.3862305 250.0722504
vn 3.2821622 4.2200489 3.2821722
v 280.4454041 157.5484619 241.7752686
vn 3.2569051 4.2280684 3.2569108
v 271.2898560 170.6340179 232.6197205
vn 3.5391293 3.7057228 3.5391276
v 261.7706299 186.3530121 223.1004639
vn 3.8968601 2.8416514 3.8968692
v 253.1646271 205.2786713 214.4944458
vn 1.8190213 -1.2432783 1.2154118
v 280.2042847 143.3862305 260.4757996
vn 3.8594394 4.2200432 2.5787714
v 270.4483337 157.5484619 253.9570007
vn 3.8297210 4.2280726 2.5589256
v 259.6823730 170.6340332 246.7634888
vn 4.1615720 3.7057395 2.7806752
v 248.4889984 186.3530121 239.2843475
vn 4.5822082 2.8416476 3.0617478
v 238.3692017 205.2786713 232.5223846
vn 2.0211871 -1.2432435 0.8372130
v 273.8601379 143.3862305 272.3452454
vn 4.2883563 4.2200499 1.7763081
v 263.0196838 157.5484772 267.8549194
vn 4.2553520 4.2280755 1.7626278
v 251.0573425 170.6340332 262.8999023
vn 4.6240821 3.7057421 1.9153690
v 238.6198425 186.3530121 257.7481079
vn 5.0914931 2.8416514 2.1089661
v 227.3753662 205.2786713 253.0905914
vn 2.1456723 -1.2432756 0.4268091
v 269.9531555 143.3862305 285.2241211
vn 4.5525093 4.2200370 0.9055587
v 258.4451599 157.5484772 282.9350281
vn 4.5174508 4.2280798 0.8985868
v 245.7459717 170.6340332 280.4089661
vn 4.9089065 3.7057340 0.9764343
v 232.5423279 186.3530121 277.7827759
vn 5.4050937 2.8416586 1.0751413
v 220.6053162 205.2786713 275.4082947
vn 2.1877275 -1.2432717 0.0000037
v 268.6339722 143.3862305 298.6180420
vn 4.6416988 4.2200365 0.0000040
v 256.9004822 157.5484772 298.6180420
vn 4.6059632 4.2280703 -0.0000018
v 243.9525299 170.6340332 298.6180420
vn 5.0050812 3.7057426 0.0000041
v 230.4903717 186.3530121 298.6180115
vn 5.5109892 2.8416514 0.0000002
v 218.3193665 205.2786865 298.6180115
vn 2.1457086 -1.2432834 -0.4268187
v 269.9531250 143.3862457 312.0119629
vn 4.5525060 4.2200413 -0.9055533
v 258.4451294 157.5484772 314.3010559
vn 4.5174580 4.2280750 -0.8985733
v 245.7459259 170.6340485 316.8270874
vn 4.9089069 3.7057376 -0.9764273
v 232.5422974 186.3530273 319.4532776
vn 5.4051003 2.8416545 -1.0751305
v 220.6053009 205.2786865 321.8277283
vn 2.0212245 -1.2432473 -0.8372102
v 273.8600769 143.3862457 324.8908691
vn 4.2883639 4.2200475 -1.7762941
v 263.0196228 157.5484772 329.3811951
vn 4.2553525 4.2280788 -1.7626169
v 251.0572662 170.6340485 334.3361816
vn 4.6240916 3.7057338 -1.9153616
v 238.6197510 186.3530273 339.4879456
vn 5.0914946 2.8416605 -2.1089497
v 227.3752747 205.2786865 344.1454468
vn 1.8190223 -1.2432750 -1.2154242
v 280.2042236 143.3862457 336.7603149
vn 3.8594375 4.2200475 -2.5787673
v 270.4482422 157.5484772 343.2791138
vn 3.8297250 4.2280712 -2.5589211
v 259.6822510 170.6340485 350.4725952
vn 4.1615810 3.7057440 -2.7806590
v 248.4888763 186.3530273 357.9517212
vn 4.5822158 2.8416424 -3.0617409
v 238.3690491 205.2786865 364.7136536
vn 1.5469745 -1.2432530 -1.5469592
v 288.7422485 143.3862457 347.1638794
vn 3.2821693 4.2200475 -3.2821670
v 280.4452820 157.5484924 355.4608765
vn 3.2569089 4.2280693 -3.2569079
v 271.2897339 170.6340485 364.6163940
vn 3.5391233 3.7057242 -3.5391321
v 261.7704773 186.3530273 374.1356201
vn 3.8968668 2.8416512 -3.8968623
v 253.1644440 205.2787018 382.7416382
vn 1.2154143 -1.2432811 -1.8190250
v 299.1458130 143.3862457 355.7019653
vn 2.5787714 4.2200432 -3.8594398
v 292.6270142 157.5484924 365.4579163
vn 2.5589266 4.2280717 -3.8297203
v 285.4335022 170.6340485 376.2238770
vn 2.7806752 3.7057416 -4.1615725
v 277.9543762 186.3530273 387.4172363
vn 3.0617445 2.8416471 -4.5822096
v 271.1924133 205.2787018 397.5370789
vn 0.8372098 -1.2432452 -2.0211830
v 311.0152588 143.3862457 362.0461121
vn 1.7763048 4.2200494 -4.2883563
v 306.5249329 157.5484924 372.8865662
vn 1.7626241 4.2280741 -4.2553535
v 301.5699158 170.6340485 384.8489075
vn 1.9153640 3.7057405 -4.6240845
v 296.4181213 186.3530273 397.2864075
vn 2.1089604 2.8416495 -5.0914965
v 291.7606201 205.2787018 408.5308838
vn 0.4268063 -1.2432752 -2.1456718
v 323.8941345 143.3862457 365.9530640
vn 0.9055547 4.2200356 -4.5525107
v 321.6050415 157.5484924 377.4610596
vn 0.8985804 4.2280769 -4.5174541
v 319.0790100 170.6340485 390.1602478
vn 0.9764302 3.7057347 -4.9089088
v 316.4527893 186.3530273 403.3638611
vn 1.0751364 2.8416588 -5.4050941
v 314.0783081 205.2787018 415.3009033
vn 0.0000004 -1.2432727 -2.1877289
v 337.2880554 143.3862457 367.2722473
vn -0.0000006 4.2200351 -4.6416998
v 337.2880554 157.5484924 379.0057373
vn -0.0000017 4.2280693 -4.6059647
v 337.2880554 170.6340485 391.9536743
vn 0.0000040 3.7057414 -5.0050817
v 337.2880554 186.3530273 405.4158325
vn -0.0000011 2.8416514 -5.5109897
v 337.2880554 205.2787018 417.5868225
vn -0.4268128 -1.2432790 -2.1456809
v 350.6819763 143.3862457 365.9530640
vn -0.9055516 4.2200418 -4.5525064
v 352.9710693 157.5484924 377.4610596
vn -0.8985707 4.2280755 -4.5174561
v 355.4971008 170.6340485 390.1602783
vn -0.9764274 3.7057366 -4.9089069
v 358.1233215 186.3530273 403.3638916
vn -1.0751311 2.8416541 -5.4050994
v 360.4977722 205.2787018 415.3009033
vn -0.8371950 -1.2432468 -2.0211897
v 363.5608826 143.3862457 362.0461426
vn -1.7762949 4.2200470 -4.2883625
v 368.0512085 157.5484924 372.8865967
vn -1.7626197 4.2280788 -4.2553511
v 373.0061951 170.6340485 384.8489380
vn -1.9153636 3.7057323 -4.6240911
v 378.1579895 186.3530273 397.2864380
vn -2.1089530 2.8416598 -5.0914946
v 382.8154602 205.2787018 408.5309143
vn -1.2154274 -1.2432758 -1.8190191
v 375.4303284 143.3862457 355.7019653
vn -2.5787709 4.2200465 -3.8594360
v 381.9491272 157.5484924 365.4579468
vn -2.5589247 4.2280731 -3.8297210
v 389.1426392 170.6340485 376.2239075
vn -2.7806621 3.7057424 -4.1615787
v 396.6217346 186.3530273 387.4173279
vn -3.0617456 2.8416421 -4.5822144
v 403.3836975 205.2787018 397.5371094
vn -1.5469624 -1.2432564 -1.5469743
v 385.8338928 143.3862457 347.1639404
vn -3.2821677 4.2200460 -3.2821698
v 394.1308594 157.5484924 355.4609070
vn -3.2569103 4.2280698 -3.2569070
v 403.2864075 170.6340485 364.6164246
vn -3.5391357 3.7057230 -3.5391219
v 412.8056335 186.3530273 374.1356812
vn -3.8968654 2.8416505 -3.8968644
v 421.4116516 205.2787018 382.7416992
vn -1.8190508 -1.2432815 -1.2154288
v 394.3719482 143.3862457 336.7603760
vn -3.8594391 4.2200432 -2.5787709
v 404.1278992 157.5484772 343.2791748
vn -3.8297238 4.2280712 -2.5589228
v 414.8938904 170.6340485 350.4726562
vn -4.1615763 3.7057393 -2.7806702
v 426.0872498 186.3530273 357.9517822
vn -4.5822129 2.8416462 -3.0617399
v 436.2070618 205.2786865 364.7137451
vn -2.0212128 -1.2432480 -0.8372208
v 400.7160950 143.3862457 324.8909302
vn -4.2883596 4.2200489 -1.7763026
v 411.5565491 157.5484772 329.3812256
vn -4.2553587 4.2280717 -1.7626208
v 423.5188904 170.6340485 334.3362122
vn -4.6240859 3.7057407 -1.9153650
v 435.9563599 186.3530273 339.4880371
vn -5.0914969 2.8416524 -2.1089609
v 447.2008362 205.2786865 344.1455078
vn -2.1457064 -1.2432764 -0.4268127
v 404.6230469 143.3862457 312.0120239
vn -4.5525112 4.2200356 -0.9055560
v 416.1310425 157.5484772 314.3011169
vn -4.5174537 4.2280784 -0.8985848
v 428.8302307 170.6340485 316.8271484
vn -4.9089079 3.7057328 -0.9764318
v 442.0338745 186.3530273 319.4533691
vn -5.4050941 2.8416576 -1.0751349
v 453.9708862 205.2786865 321.8278198
vn -2.1877227 -1.2432729 -0.0000015
v 405.9422302 143.3862305 298.6181335
vn -4.6417007 4.2200346 -0.0000004
v 417.6757202 157.5484772 298.6181335
vn -4.6059661 4.2280674 0.0000047
v 430.6236572 170.6340332 298.6181335
vn -5.0050836 3.7057405 -0.0000016
v 444.0857849 186.3530121 298.6181335
vn -5.5109901 2.8416529 0.0000002
v 456.2567749 205.2786865 298.6181030
vn -2.1456733 -1.2432801 0.4268142
v 404.6230469 143.3862305 285.2242126
vn -4.5525064 4.2200394 0.9055586
v 416.1310425 157.5484772 282.9351196
vn -4.5174565 4.2280755 0.8985747
v 428.8302307 170.6340332 280.4090881
vn -4.9089036 3.7057376 0.9764297
v 442.0338745 186.3530121 277.7828674
vn -5.4050965 2.8416524 1.0751348
v 453.9708862 205.2786713 275.4084167
vn -2.0211883 -1.2432432 0.8371956
v 400.7160950 143.3862305 272.3453369
vn -4.2883639 4.2200465 1.7762961
v 411.5565491 157.5484772 267.8550110
vn -4.2553520 4.2280769 1.7626203
v 423.5188904 170.6340332 262.9000244
vn -4.6240907 3.7057326 1.9153700
v 435.9563599 186.3530121 257.7482300
vn -5.0914917 2.8416643 2.1089563
v 447.2008362 205.2786713 253.0907288
vn -1.8190159 -1.2432775 1.2154249
v 394.3719482 143.3862305 260.4758911
vn -3.8594375 4.2200460 2.5787697
v 404.1278992 157.5484619 253.9570770
vn -3.8297257 4.2280698 2.5589228
v 414.8938904 170.6340332 246.7635956
vn -4.1615810 3.7057426 2.7806602
v 426.0872498 186.3530121 239.2844696
vn -4.5822134 2.8416443 3.0617428
v 436.2070618 205.2786713 232.5225220
vn -1.5469722 -1.2432532 1.5469620
v 385.8338928 143.3862305 250.0723267
vn -3.2821681 4.2200480 3.2821684
v 394.1308594 157.5484619 241.7753448
vn -3.2569087 4.2280679 3.2569108
v 403.2864075 170.6340332 232.6198120
vn -3.5391245 3.7057245 3.5391316
v 412.8056335 186.3530121 223.1005707
vn -3.8968658 2.8416507 3.8968639
v 421.4116516 205.2786713 214.4945526
vn -1.2154300 -1.2432801 1.8190532
v 375.4303284 143.3862305 241.5342712
vn -2.5787692 4.2200432 3.8594401
v 381.9491272 157.5484619 231.7783051
vn -2.5589237 4.2280731 3.8297219
v 389.1426392 170.6340332 221.0123444
vn -2.7806702 3.7057400 4.1615744
v 396.6217651 186.3529968 209.8189545
vn -3.0617409 2.8416443 4.5822134
v 403.3836975 205.2786713 199.6991425
vn -0.8372219 -1.2432483 2.0212173
v 363.5608826 143.3862305 235.1901245
vn -1.7763027 4.2200499 4.2883582
v 368.0512085 157.5484619 224.3496704
vn -1.7626238 4.2280746 4.2553549
v 373.0061951 170.6340179 212.3873444
vn -1.9153622 3.7057409 4.6240869
v 378.1579895 186.3529968 199.9498444
vn -2.1089606 2.8416510 5.0914960
v 382.8154907 205.2786560 188.7053680
vn -0.4268126 -1.2432764 2.1457062
v 350.6820068 143.3862305 231.2831879
vn -0.9055536 4.2200389 4.5525084
v 352.9710999 157.5484619 219.7751770
vn -0.8985813 4.2280779 4.5174532
v 355.4971313 170.6340179 207.0759735
vn -0.9764282 3.7057331 4.9089093
v 358.1233215 186.3529968 193.8723602
vn -1.0751371 2.8416595 5.4050932
v 360.4978027 205.2786560 181.9353333
vn 0.3917926 -6.2416744 -0.5863634
v 376.2320862 143.5255127 240.3345337
vn 0.4986386 -6.2416787 -0.4986320
v 386.8544006 143.5255280 249.0518188
vn 1.3237298 2.4743817 3.1957576
v 365.2242126 147.1467590 366.0618896
vn 1.3374264 -3.3770764 3.2288103
v 365.0398560 143.8344421 365.6166992
vn 1.9416229 -3.3771749 2.9058828
v 377.5772705 143.8344421 358.9152222
vn 1.9217236 2.4743183 2.8761139
v 377.8449707 147.1467590 359.3159790
vn -0.3917985 -6.2416739 -0.5863624
v 298.3441772 143.5255127 240.3344727
vn -0.2698608 -6.2416773 -0.6515041
v 310.4631653 143.5255127 233.8568115
vn 2.4712420 -3.3770847 2.4712341
v 388.5666809 143.8344421 349.8966980
vn 2.4459209 2.4743364 2.4459133
v 388.9074097 147.1467590 350.2374573
vn -0.4986380 -6.2416792 0.4986338
v 287.7217407 143.5255432 348.1843872
vn -0.5863661 -6.2416744 0.3917991
v 279.0044556 143.5255432 337.5620728
vn 2.9058850 -3.3771863 1.9416438
v 397.5851746 143.8344421 338.9073181
vn 2.8761084 2.4743114 1.9217330
v 397.9859619 147.1467438 339.1749878
vn 0.5863663 -6.2416735 0.3917933
v 395.5716858 143.5255280 337.5621033
vn 0.4986348 -6.2416778 0.4986408
v 386.8544006 143.5255432 348.1844482
vn 0.2698587 -6.2416778 -0.6514909
v 364.1131287 143.5255127 233.8568573
vn 3.2288282 -3.3770838 1.3374267
v 404.2866516 143.8344421 326.3699036
vn 3.1957645 2.4743879 1.3237225
v 404.7318420 147.1467438 326.5542603
vn -0.4986388 -6.2416782 -0.4986363
v 287.7218323 143.5255280 249.0519562
vn 3.4277143 -3.3770862 0.6817995
v 408.4134521 143.8344421 312.7656555
vn 3.3925965 2.4743719 0.6748422
v 408.8860168 147.1467438 312.8598633
vn -0.3917988 -6.2416744 0.5863756
v 298.3440552 143.5255432 356.9017029
vn 3.4948702 -3.3771539 0.0000074
v 409.8068237 143.8344421 298.6181335
vn 3.4590499 2.4743121 0.0000080
v 410.2887573 147.1467438 298.6181335
vn 0.6514915 -6.2416782 0.2698590
v 402.0493469 143.5255280 325.4431458
vn 0.1375774 -6.2416763 -0.6916401
v 350.9633484 143.5255127 229.8678894
vn 3.4277120 -3.3770950 -0.6818041
v 408.4134521 143.8344421 284.4706116
vn 3.3925977 2.4743795 -0.6748480
v 408.8860168 147.1467438 284.3764038
vn -0.5863743 -6.2416735 -0.3917994
v 279.0045471 143.5255280 259.6740723
vn 3.2288091 -3.3770785 -1.3374290
v 404.2866516 143.8344269 270.8663635
vn 3.1957593 2.4743841 -1.3237334
v 404.7318420 147.1467438 270.6820068
vn -0.2698634 -6.2416782 0.6515006
v 310.4630127 143.5255432 363.3793640
vn 0.6916448 -6.2416768 0.1375802
v 406.0383301 143.5255280 312.2933960
vn 2.9058833 -3.3771982 -1.9416183
v 397.5851746 143.8344269 258.3289490
vn 2.8761120 2.4742954 -1.9217173
v 397.9859619 147.1467438 258.0612488
vn 0.0000130 2.4742994 -3.4590480
v 337.2880859 147.1467285 225.6174622
vn 0.0000118 -3.3771694 -3.4948723
v 337.2880859 143.8344269 226.0994110
vn -0.6818045 -3.3770835 -3.4277110
v 323.1406860 143.8344269 227.4927368
vn -0.6748518 2.4743850 -3.3925984
v 323.0464478 147.1467285 227.0201874
vn 2.4712329 -3.3770773 -2.4712393
v 388.5666809 143.8344269 247.3395386
vn 2.4459145 2.4743454 -2.4459274
v 388.9074097 147.1467285 246.9987946
vn -1.3374120 -3.3771710 -3.2288435
v 309.5366211 143.8344269 231.6195221
vn -1.3237215 2.4743018 -3.1957452
v 309.3520508 147.1467285 231.1743164
vn -0.6514954 -6.2416797 -0.2698623
v 272.5268555 143.5255280 271.7929993
vn -0.0000012 -6.2416759 -0.7051940
v 337.2880859 143.5255127 228.5209351
vn 1.9416404 -3.3771780 -2.9058890
v 377.5772705 143.8344269 238.3210297
vn 1.9217350 2.4743190 -2.8761079
v 377.8449707 147.1467285 237.9202728
vn -0.1375804 -6.2416782 0.6916501
v 323.6127930 143.5255432 367.3683472
vn -1.9416275 -3.3771727 -2.9058938
v 296.9989624 143.8344269 238.3209839
vn -1.9217196 2.4743207 -2.8761182
v 296.7312927 147.1467285 237.9202118
vn 0.7052253 -6.2416725 -0.0000009
v 407.3852844 143.5255280 298.6181335
vn 1.3374298 -3.3770959 -3.2288296
v 365.0398560 143.8344269 231.6195679
vn 1.3237226 2.4743762 -3.1957612
v 365.2242126 147.1467285 231.1743622
vn -2.4712214 -3.3770785 -2.4712205
v 286.0095520 143.8344269 247.3394775
vn -2.4459205 2.4743426 -2.4459200
v 285.6688232 147.1467285 246.9987335
vn 0.6817935 -3.3770590 -3.4277158
v 351.4356079 143.8344269 227.4927521
vn 0.5863715 -6.2416739 -0.3918022
v 395.5716858 143.5255280 259.6741333
vn 0.6515033 -6.2416778 -0.2698572
v 402.0493469 143.5255280 271.7930908
vn 0.6916758 -6.2416730 -0.1375856
v 406.0383301 143.5255280 284.9428711
vn 0.3917992 -6.2416744 0.5863678
v 376.2320862 143.5255432 356.9017334
vn 0.2698574 -6.2416778 0.6515030
v 364.1131287 143.5255432 363.3793945
vn 0.6818057 -3.3770690 3.4277143
v 351.4356079 143.8344574 369.7434998
vn 0.1375837 -6.2416735 0.6916696
v 350.9633484 143.5255432 367.3683777
vn -0.0000117 -3.3771822 3.4948745
v 337.2880554 143.8344574 371.1368408
vn 0.0000026 -6.2416730 0.7052230
v 337.2880554 143.5255432 368.7153320
vn -0.6817926 -3.3770564 3.4276953
v 323.1405334 143.8344421 369.7434998
vn -1.3374243 -3.3770847 3.2288115
v 309.5362854 143.8344421 365.6166687
vn -1.9416329 -3.3771789 2.9058743
v 296.9988708 143.8344421 358.9151917
vn -2.4712343 -3.3770843 2.4712365
v 286.0094604 143.8344421 349.8966675
vn -2.9058805 -3.3771617 1.9416218
v 276.9909668 143.8344421 338.9072876
vn -3.2288289 -3.3771040 1.3374331
v 270.2895203 143.8344421 326.3698425
vn -0.6514918 -6.2416773 0.2698559
v 272.5267944 143.5255280 325.4431152
vn -3.4277124 -3.3770952 0.6818033
v 266.1627197 143.8344421 312.7655945
vn -0.6916447 -6.2416754 0.1375786
v 268.5378418 143.5255280 312.2933350
vn -3.4948735 -3.3771820 -0.0000118
v 264.7693787 143.8344421 298.6180725
vn -0.7052229 -6.2416720 0.0000020
v 267.1908875 143.5255280 298.6180420
vn -3.4277084 -3.3770227 -0.6818055
v 266.1627197 143.8344421 284.4703369
vn -0.6916642 -6.2416754 -0.1375801
v 268.5378723 143.5255280 284.9427795
vn -3.2288084 -3.3770869 -1.3374312
v 270.2895508 143.8344269 270.8662720
vn -2.9058681 -3.3771884 -1.9416373
v 276.9910583 143.8344269 258.3288574
vn -0.1375768 -6.2416759 -0.6916409
v 323.6129456 143.5255127 229.8678741
vn 0.6748518 2.4744089 3.3926024
v 351.5298157 147.1467590 370.2160339
vn -0.0000140 2.4742851 3.4590430
v 337.2880554 147.1467590 371.6188049
vn -0.6748415 2.4743989 3.3926020
v 323.0463257 147.1467590 370.2160339
vn -1.3237261 2.4743910 3.1957629
v 309.3519287 147.1467590 366.0618591
vn -1.9217355 2.4743216 2.8761060
v 296.7311707 147.1467590 359.3159485
vn -2.4459145 2.4743364 2.4459186
v 285.6687317 147.1467590 350.2374268
vn -2.8761201 2.4743316 1.9217236
v 276.5902100 147.1467438 339.1749573
vn -3.1957557 2.4743571 1.3237243
v 269.8442993 147.1467438 326.5541992
vn -3.3925974 2.4743798 0.6748474
v 265.6901550 147.1467438 312.8598022
vn -3.4590442 2.4742854 -0.0000142
v 264.2874146 147.1467438 298.6180725
vn -3.3926110 2.4744277 -0.6748312
v 265.6901855 147.1467438 284.3763123
vn -3.1957619 2.4743936 -1.3237326
v 269.8443604 147.1467438 270.6819153
vn -2.8761041 2.4743142 -1.9217380
v 276.5902710 147.1467438 258.0611877
vn 0.6748382 2.4743998 -3.3926044
v 351.5298157 147.1467285 227.0202179
# 704 vertices, 0 vertices normals


usemtl material_0
vt 1.0000000 0.9166666
vt 1.0000000 1.0000000
vt 0.9687500 1.0000000
f 1/1/1 2/2/2 3/3/3
vt 0.9687499 0.9166666
f 1/1/1 3/3/3 4/4/4
vt 0.9375000 1.0000000
f 4/4/4 3/3/3 5/5/5
vt 0.9375000 0.9166666
f 4/4/4 5/5/5 6/6/6
vt 0.9062500 1.0000000
f 6/6/6 5/5/5 7/7/7
vt 0.9062500 0.9166666
f 6/6/6 7/7/7 8/8/8
vt 0.8750000 1.0000000
f 8/8/8 7/7/7 9/9/9
vt 0.8750000 0.9166666
f 8/8/8 9/9/9 10/10/10
vt 0.8437500 1.0000000
f 10/10/10 9/9/9 11/11/11
vt 0.8437500 0.9166667
f 10/10/10 11/11/11 12/12/12
vt 0.8125000 1.0000000
f 12/12/12 11/11/11 13/13/13
vt 0.8125000 0.9166666
f 12/12/12 13/13/13 14/14/14
vt 0.7812500 1.0000000
f 14/14/14 13/13/13 15/15/15
vt 0.7812500 0.9166666
f 14/14/14 15/15/15 16/16/16
vt 0.7500000 1.0000000
f 16/16/16 15/15/15 17/17/17
vt 0.7500000 0.9166666
f 16/16/16 17/17/17 18/18/18
vt 0.7187500 1.0000000
f 18/18/18 17/17/17 19/19/19
vt 0.7187500 0.9166667
f 18/18/18 19/19/19 20/20/20
vt 0.6875000 1.0000000
f 20/20/20 19/19/19 21/21/21
vt 0.6874999 0.9166666
f 20/20/20 21/21/21 22/22/22
vt 0.6562500 1.0000000
f 22/22/22 21/21/21 23/23/23
vt 0.6562500 0.9166666
f 22/22/22 23/23/23 24/24/24
vt 0.6250000 1.0000000
f 24/24/24 23/23/23 25/25/25
vt 0.6250000 0.9166666
f 24/24/24 25/25/25 26/26/26
vt 0.5937500 1.0000000
f 26/26/26 25/25/25 27/27/27
vt 0.5937500 0.9166666
f 26/26/26 27/27/27 28/28/28
vt 0.5625000 1.0000000
f 28/28/28 27/27/27 29/29/29
vt 0.5625000 0.9166666
f 28/28/28 29/29/29 30/30/30
vt 0.5312500 1.0000000
f 30/30/30 29/29/29 31/31/31
vt 0.5312499 0.9166666
f 30/30/30 31/31/31 32/32/32
vt 0.5000000 1.0000000
f 32/32/32 31/31/31 33/33/33
vt 0.5000000 0.9166666
f 32/32/32 33/33/33 34/34/34
vt 0.4687500 1.0000000
f 34/34/34 33/33/33 35/35/35
vt 0.4687500 0.9166667
f 34/34/34 35/35/35 36/36/36
vt 0.4375000 1.0000000
f 36/36/36 35/35/35 37/37/37
vt 0.4375000 0.9166666
f 36/36/36 37/37/37 38/38/38
vt 0.4062500 1.0000000
f 38/38/38 37/37/37 39/39/39
vt 0.4062500 0.9166667
f 38/38/38 39/39/39 40/40/40
vt 0.3750000 1.0000000
f 40/40/40 39/39/39 41/41/41
vt 0.3750000 0.9166666
f 40/40/40 41/41/41 42/42/42
vt 0.3437500 1.0000000
f 42/42/42 41/41/41 43/43/43
vt 0.3437500 0.9166667
f 42/42/42 43/43/43 44/44/44
vt 0.3125000 1.0000000
f 44/44/44 43/43/43 45/45/45
vt 0.3125000 0.9166666
f 44/44/44 45/45/45 46/46/46
vt 0.2812500 1.0000000
f 46/46/46 45/45/45 47/47/47
vt 0.2812500 0.9166666
f 46/46/46 47/47/47 48/48/48
vt 0.2500000 1.0000000
f 48/48/48 47/47/47 49/49/49
vt 0.2500000 0.9166666
f 48/48/48 49/49/49 50/50/50
vt 0.2187500 1.0000000
f 50/50/50 49/49/49 51/51/51
vt 0.2187500 0.9166666
f 50/50/50 51/51/51 52/52/52
vt 0.1875000 1.0000000
f 52/52/52 51/51/51 53/53/53
vt 0.1875000 0.9166666
f 52/52/52 53/53/53 54/54/54
vt 0.1562500 1.0000000
f 54/54/54 53/53/53 55/55/55
vt 0.1562500 0.9166666
f 54/54/54 55/55/55 56/56/56
vt 0.1250000 1.0000000
f 56/56/56 55/55/55 57/57/57
vt 0.1250000 0.9166667
f 56/56/56 57/57/57 58/58/58
vt 0.0937500 1.0000000
f 58/58/58 57/57/57 59/59/59
vt 0.0937500 0.9166666
f 58/58/58 59/59/59 60/60/60
vt 0.0625000 1.0000000
f 60/60/60 59/59/59 61/61/61
vt 0.0625000 0.9166666
f 60/60/60 61/61/61 62/62/62
vt 0.0312500 1.0000000
f 62/62/62 61/61/61 63/63/63
vt 0.0312500 0.9166667
f 62/62/62 63/63/63 64/64/64
vt 0.0000000 1.0000000
f 64/64/64 63/63/63 2/65/2
vt 0.0000000 0.9166666
f 64/64/64 2/65/2 1/66/1
vt 0.7499999 0.3694986
vt 0.7733129 0.3672023
vt 0.7957302 0.3604022
f 65/67/65 66/68/66 67/69/67
vt 0.8163899 0.3493591
f 65/67/65 67/69/67 68/70/68
vt 0.8344979 0.3344983
f 65/67/65 68/70/68 69/71/69
vt 0.8493592 0.3163898
f 65/67/65 69/71/69 70/72/70
vt 0.8604021 0.2957302
f 65/67/65 70/72/70 71/73/71
vt 0.8672024 0.2733131
f 65/67/65 71/73/71 72/74/72
vt 0.8694986 0.2500000
f 65/67/65 72/74/72 73/75/73
vt 0.8672023 0.2266870
f 65/67/65 73/75/73 74/76/74
vt 0.8604023 0.2042697
f 65/67/65 74/76/74 75/77/75
vt 0.8493594 0.1836101
f 65/67/65 75/77/75 76/78/76
vt 0.8344982 0.1655018
f 65/67/65 76/78/76 77/79/77
vt 0.8163897 0.1506406
f 65/67/65 77/79/77 78/80/78
vt 0.7957301 0.1395975
f 65/67/65 78/80/78 79/81/79
vt 0.7733130 0.1327978
f 65/67/65 79/81/79 80/82/80
vt 0.7499998 0.1305015
f 65/67/65 80/82/80 81/83/81
vt 0.7266871 0.1327978
f 65/67/65 81/83/81 82/84/82
vt 0.7042699 0.1395978
f 65/67/65 82/84/82 83/85/83
vt 0.6836103 0.1506406
f 65/67/65 83/85/83 84/86/84
vt 0.6655019 0.1655020
f 65/67/65 84/86/84 85/87/85
vt 0.6506404 0.1836102
f 65/67/65 85/87/85 86/88/86
vt 0.6395975 0.2042700
f 65/67/65 86/88/86 87/89/87
vt 0.6327977 0.2266870
f 65/67/65 87/89/87 88/90/88
vt 0.6305013 0.2500001
f 65/67/65 88/90/88 89/91/89
vt 0.6327975 0.2733131
f 65/67/65 89/91/89 90/92/90
vt 0.6395977 0.2957303
f 65/67/65 90/92/90 91/93/91
vt 0.6506405 0.3163899
f 65/67/65 91/93/91 92/94/92
vt 0.6655018 0.3344983
f 65/67/65 92/94/92 93/95/93
vt 0.6836103 0.3493593
f 65/67/65 93/95/93 94/96/94
vt 0.7042702 0.3604022
f 65/67/65 94/96/94 95/97/95
vt 0.7266871 0.3672025
f 65/67/65 95/97/95 96/98/96
vt 0.0312500 0.5000000
vt 0.0312500 0.5833333
vt 0.0000000 0.5833333
f 97/99/97 98/100/98 99/101/99
vt 0.0000000 0.5000000
f 97/99/97 99/101/99 100/102/100
vt 0.0312500 0.6666666
vt 0.0000000 0.6666667
f 98/100/98 101/103/101 102/104/102
f 98/100/98 102/104/102 99/101/99
vt 0.0312500 0.7500000
vt 0.0000000 0.7500000
f 101/103/101 103/105/103 104/106/104
f 101/103/101 104/106/104 102/104/102
vt 0.0312500 0.8333333
vt 0.0000000 0.8333333
f 103/105/103 105/107/105 106/108/106
f 103/105/103 106/108/106 104/106/104
f 105/107/105 64/64/64 1/66/1
f 105/107/105 1/66/1 106/108/106
vt 0.0625000 0.5000000
vt 0.0625000 0.5833333
f 107/109/107 108/110/108 98/100/98
f 107/109/107 98/100/98 97/99/97
vt 0.0625000 0.6666666
f 108/110/108 109/111/109 101/103/101
f 108/110/108 101/103/101 98/100/98
vt 0.0625000 0.7500000
f 109/111/109 110/112/110 103/105/103
f 109/111/109 103/105/103 101/103/101
vt 0.0625000 0.8333333
f 110/112/110 111/113/111 105/107/105
f 110/112/110 105/107/105 103/105/103
f 111/113/111 62/62/62 64/64/64
f 111/113/111 64/64/64 105/107/105
vt 0.0937500 0.5000000
vt 0.0937500 0.5833333
f 112/114/112 113/115/113 108/110/108
f 112/114/112 108/110/108 107/109/107
vt 0.0937500 0.6666666
f 113/115/113 114/116/114 109/111/109
f 113/115/113 109/111/109 108/110/108
vt 0.0937500 0.7500000
f 114/116/114 115/117/115 110/112/110
f 114/116/114 110/112/110 109/111/109
vt 0.0937500 0.8333333
f 115/117/115 116/118/116 111/113/111
f 115/117/115 111/113/111 110/112/110
f 116/118/116 60/60/60 62/62/62
f 116/118/116 62/62/62 111/113/111
vt 0.1250000 0.5000000
vt 0.1250000 0.5833333
f 117/119/117 118/120/118 113/115/113
f 117/119/117 113/115/113 112/114/112
vt 0.1250000 0.6666666
f 118/120/118 119/121/119 114/116/114
f 118/120/118 114/116/114 113/115/113
vt 0.1250000 0.7500000
f 119/121/119 120/122/120 115/117/115
f 119/121/119 115/117/115 114/116/114
vt 0.1250000 0.8333333
f 120/122/120 121/123/121 116/118/116
f 120/122/120 116/118/116 115/117/115
f 121/123/121 58/58/58 60/60/60
f 121/123/121 60/60/60 116/118/116
vt 0.1562500 0.5000000
vt 0.1562500 0.5833334
f 122/124/122 123/125/123 118/120/118
f 122/124/122 118/120/118 117/119/117
vt 0.1562500 0.6666666
f 123/125/123 124/126/124 119/121/119
f 123/125/123 119/121/119 118/120/118
vt 0.1562500 0.7500001
f 124/126/124 125/127/125 120/122/120
f 124/126/124 120/122/120 119/121/119
vt 0.1562500 0.8333333
f 125/127/125 126/128/126 121/123/121
f 125/127/125 121/123/121 120/122/120
f 126/128/126 56/56/56 58/58/58
f 126/128/126 58/58/58 121/123/121
vt 0.1875000 0.5000000
vt 0.1875000 0.5833334
f 127/129/127 128/130/128 123/125/123
f 127/129/127 123/125/123 122/124/122
vt 0.1875000 0.6666666
f 128/130/128 129/131/129 124/126/124
f 128/130/128 124/126/124 123/125/123
vt 0.1875000 0.7500000
f 129/131/129 130/132/130 125/127/125
f 129/131/129 125/127/125 124/126/124
vt 0.1875000 0.8333334
f 130/132/130 131/133/131 126/128/126
f 130/132/130 126/128/126 125/127/125
f 131/133/131 54/54/54 56/56/56
f 131/133/131 56/56/56 126/128/126
vt 0.2187500 0.5000000
vt 0.2187500 0.5833333
f 132/134/132 133/135/133 128/130/128
f 132/134/132 128/130/128 127/129/127
vt 0.2187500 0.6666666
f 133/135/133 134/136/134 129/131/129
f 133/135/133 129/131/129 128/130/128
vt 0.2187500 0.7499999
f 134/136/134 135/137/135 130/132/130
f 134/136/134 130/132/130 129/131/129
vt 0.2187500 0.8333333
f 135/137/135 136/138/136 131/133/131
f 135/137/135 131/133/131 130/132/130
f 136/138/136 52/52/52 54/54/54
f 136/138/136 54/54/54 131/133/131
vt 0.2500000 0.5000000
vt 0.2500000 0.5833333
f 137/139/137 138/140/138 133/135/133
f 137/139/137 133/135/133 132/134/132
vt 0.2500000 0.6666666
f 138/140/138 139/141/139 134/136/134
f 138/140/138 134/136/134 133/135/133
vt 0.2500000 0.7500000
f 139/141/139 140/142/140 135/137/135
f 139/141/139 135/137/135 134/136/134
vt 0.2500000 0.8333333
f 140/142/140 141/143/141 136/138/136
f 140/142/140 136/138/136 135/137/135
f 141/143/141 50/50/50 52/52/52
f 141/143/141 52/52/52 136/138/136
vt 0.2812500 0.5000000
vt 0.2812500 0.5833333
f 142/144/142 143/145/143 138/140/138
f 142/144/142 138/140/138 137/139/137
vt 0.2812500 0.6666666
f 143/145/143 144/146/144 139/141/139
f 143/145/143 139/141/139 138/140/138
vt 0.2812500 0.7500000
f 144/146/144 145/147/145 140/142/140
f 144/146/144 140/142/140 139/141/139
vt 0.2812500 0.8333333
f 145/147/145 146/148/146 141/143/141
f 145/147/145 141/143/141 140/142/140
f 146/148/146 48/48/48 50/50/50
f 146/148/146 50/50/50 141/143/141
vt 0.3125000 0.5000000
vt 0.3125000 0.5833333
f 147/149/147 148/150/148 143/145/143
f 147/149/147 143/145/143 142/144/142
vt 0.3125000 0.6666666
f 148/150/148 149/151/149 144/146/144
f 148/150/148 144/146/144 143/145/143
vt 0.3125000 0.7500001
f 149/151/149 150/152/150 145/147/145
f 149/151/149 145/147/145 144/146/144
vt 0.3125000 0.8333333
f 150/152/150 151/153/151 146/148/146
f 150/152/150 146/148/146 145/147/145
f 151/153/151 46/46/46 48/48/48
f 151/153/151 48/48/48 146/148/146
vt 0.3437500 0.5000000
vt 0.3437500 0.5833334
f 152/154/152 153/155/153 148/150/148
f 152/154/152 148/150/148 147/149/147
vt 0.3437500 0.6666666
f 153/155/153 154/156/154 149/151/149
f 153/155/153 149/151/149 148/150/148
vt 0.3437499 0.7500000
f 154/156/154 155/157/155 150/152/150
f 154/156/154 150/152/150 149/151/149
vt 0.3437500 0.8333333
f 155/157/155 156/158/156 151/153/151
f 155/157/155 151/153/151 150/152/150
f 156/158/156 44/44/44 46/46/46
f 156/158/156 46/46/46 151/153/151
vt 0.3750000 0.5000000
vt 0.3750000 0.5833333
f 157/159/157 158/160/158 153/155/153
f 157/159/157 153/155/153 152/154/152
vt 0.3750000 0.6666666
f 158/160/158 159/161/159 154/156/154
f 158/160/158 154/156/154 153/155/153
vt 0.3750000 0.7500000
f 159/161/159 160/162/160 155/157/155
f 159/161/159 155/157/155 154/156/154
vt 0.3750000 0.8333333
f 160/162/160 161/163/161 156/158/156
f 160/162/160 156/158/156 155/157/155
f 161/163/161 42/42/42 44/44/44
f 161/163/161 44/44/44 156/158/156
vt 0.4062500 0.5000000
vt 0.4062500 0.5833333
f 162/164/162 163/165/163 158/160/158
f 162/164/162 158/160/158 157/159/157
vt 0.4062500 0.6666666
f 163/165/163 164/166/164 159/161/159
f 163/165/163 159/161/159 158/160/158
vt 0.4062500 0.7500000
f 164/166/164 165/167/165 160/162/160
f 164/166/164 160/162/160 159/161/159
vt 0.4062500 0.8333333
f 165/167/165 166/168/166 161/163/161
f 165/167/165 161/163/161 160/162/160
f 166/168/166 40/40/40 42/42/42
f 166/168/166 42/42/42 161/163/161
vt 0.4375000 0.5000000
vt 0.4375000 0.5833333
f 167/169/167 168/170/168 163/165/163
f 167/169/167 163/165/163 162/164/162
vt 0.4375000 0.6666666
f 168/170/168 169/171/169 164/166/164
f 168/170/168 164/166/164 163/165/163
vt 0.4375000 0.7500000
f 169/171/169 170/172/170 165/167/165
f 169/171/169 165/167/165 164/166/164
vt 0.4375000 0.8333333
f 170/172/170 171/173/171 166/168/166
f 170/172/170 166/168/166 165/167/165
f 171/173/171 38/38/38 40/40/40
f 171/173/171 40/40/40 166/168/166
vt 0.4687500 0.5000000
vt 0.4687500 0.5833333
f 172/174/172 173/175/173 168/170/168
f 172/174/172 168/170/168 167/169/167
vt 0.4687499 0.6666666
f 173/175/173 174/176/174 169/171/169
f 173/175/173 169/171/169 168/170/168
vt 0.4687500 0.7500000
f 174/176/174 175/177/175 170/172/170
f 174/176/174 170/172/170 169/171/169
vt 0.4687500 0.8333333
f 175/177/175 176/178/176 171/173/171
f 175/177/175 171/173/171 170/172/170
f 176/178/176 36/36/36 38/38/38
f 176/178/176 38/38/38 171/173/171
vt 0.5000000 0.5000000
vt 0.5000000 0.5833333
f 177/179/177 178/180/178 173/175/173
f 177/179/177 173/175/173 172/174/172
vt 0.5000000 0.6666666
f 178/180/178 179/181/179 174/176/174
f 178/180/178 174/176/174 173/175/173
vt 0.5000000 0.7500000
f 179/181/179 180/182/180 175/177/175
f 179/181/179 175/177/175 174/176/174
vt 0.5000000 0.8333333
f 180/182/180 181/183/181 176/178/176
f 180/182/180 176/178/176 175/177/175
f 181/183/181 34/34/34 36/36/36
f 181/183/181 36/36/36 176/178/176
vt 0.5312500 0.5000000
vt 0.5312500 0.5833333
f 182/184/182 183/185/183 178/180/178
f 182/184/182 178/180/178 177/179/177
vt 0.5312500 0.6666666
f 183/185/183 184/186/184 179/181/179
f 183/185/183 179/181/179 178/180/178
vt 0.5312500 0.7500000
f 184/186/184 185/187/185 180/182/180
f 184/186/184 180/182/180 179/181/179
vt 0.5312500 0.8333333
f 185/187/185 186/188/186 181/183/181
f 185/187/185 181/183/181 180/182/180
f 186/188/186 32/32/32 34/34/34
f 186/188/186 34/34/34 181/183/181
vt 0.5625000 0.5000000
vt 0.5625000 0.5833333
f 187/189/187 188/190/188 183/185/183
f 187/189/187 183/185/183 182/184/182
vt 0.5625000 0.6666666
f 188/190/188 189/191/189 184/186/184
f 188/190/188 184/186/184 183/185/183
vt 0.5625000 0.7500000
f 189/191/189 190/192/190 185/187/185
f 189/191/189 185/187/185 184/186/184
vt 0.5625000 0.8333333
f 190/192/190 191/193/191 186/188/186
f 190/192/190 186/188/186 185/187/185
f 191/193/191 30/30/30 32/32/32
f 191/193/191 32/32/32 186/188/186
vt 0.5937500 0.5000000
vt 0.5937499 0.5833333
f 192/194/192 193/195/193 188/190/188
f 192/194/192 188/190/188 187/189/187
vt 0.5937499 0.6666666
f 193/195/193 194/196/194 189/191/189
f 193/195/193 189/191/189 188/190/188
vt 0.5937499 0.7500000
f 194/196/194 195/197/195 190/192/190
f 194/196/194 190/192/190 189/191/189
vt 0.5937500 0.8333333
f 195/197/195 196/198/196 191/193/191
f 195/197/195 191/193/191 190/192/190
f 196/198/196 28/28/28 30/30/30
f 196/198/196 30/30/30 191/193/191
vt 0.6250000 0.5000000
vt 0.6250000 0.5833333
f 197/199/197 198/200/198 193/195/193
f 197/199/197 193/195/193 192/194/192
vt 0.6250000 0.6666667
f 198/200/198 199/201/199 194/196/194
f 198/200/198 194/196/194 193/195/193
vt 0.6250000 0.7500000
f 199/201/199 200/202/200 195/197/195
f 199/201/199 195/197/195 194/196/194
vt 0.6250000 0.8333334
f 200/202/200 201/203/201 196/198/196
f 200/202/200 196/198/196 195/197/195
f 201/203/201 26/26/26 28/28/28
f 201/203/201 28/28/28 196/198/196
vt 0.6562500 0.5000000
vt 0.6562499 0.5833333
f 202/204/202 203/205/203 198/200/198
f 202/204/202 198/200/198 197/199/197
vt 0.6562500 0.6666666
f 203/205/203 204/206/204 199/201/199
f 203/205/203 199/201/199 198/200/198
vt 0.6562501 0.7500000
f 204/206/204 205/207/205 200/202/200
f 204/206/204 200/202/200 199/201/199
vt 0.6562501 0.8333334
f 205/207/205 206/208/206 201/203/201
f 205/207/205 201/203/201 200/202/200
f 206/208/206 24/24/24 26/26/26
f 206/208/206 26/26/26 201/203/201
vt 0.6875000 0.5000000
vt 0.6875000 0.5833333
f 207/209/207 208/210/208 203/205/203
f 207/209/207 203/205/203 202/204/202
vt 0.6875000 0.6666666
f 208/210/208 209/211/209 204/206/204
f 208/210/208 204/206/204 203/205/203
vt 0.6874999 0.7500000
f 209/211/209 210/212/210 205/207/205
f 209/211/209 205/207/205 204/206/204
vt 0.6874999 0.8333333
f 210/212/210 211/213/211 206/208/206
f 210/212/210 206/208/206 205/207/205
f 211/213/211 22/22/22 24/24/24
f 211/213/211 24/24/24 206/208/206
vt 0.7187500 0.5000000
vt 0.7187499 0.5833333
f 212/214/212 213/215/213 208/210/208
f 212/214/212 208/210/208 207/209/207
vt 0.7187500 0.6666666
f 213/215/213 214/216/214 209/211/209
f 213/215/213 209/211/209 208/210/208
vt 0.7187500 0.7500000
f 214/216/214 215/217/215 210/212/210
f 214/216/214 210/212/210 209/211/209
vt 0.7187500 0.8333333
f 215/217/215 216/218/216 211/213/211
f 215/217/215 211/213/211 210/212/210
f 216/218/216 20/20/20 22/22/22
f 216/218/216 22/22/22 211/213/211
vt 0.7500000 0.5000000
vt 0.7500000 0.5833333
f 217/219/217 218/220/218 213/215/213
f 217/219/217 213/215/213 212/214/212
vt 0.7500000 0.6666666
f 218/220/218 219/221/219 214/216/214
f 218/220/218 214/216/214 213/215/213
vt 0.7500000 0.7500000
f 219/221/219 220/222/220 215/217/215
f 219/221/219 215/217/215 214/216/214
vt 0.7500000 0.8333333
f 220/222/220 221/223/221 216/218/216
f 220/222/220 216/218/216 215/217/215
f 221/223/221 18/18/18 20/20/20
f 221/223/221 20/20/20 216/218/216
vt 0.7812500 0.5000000
vt 0.7812499 0.5833333
f 222/224/222 223/225/223 218/220/218
f 222/224/222 218/220/218 217/219/217
vt 0.7812500 0.6666666
f 223/225/223 224/226/224 219/221/219
f 223/225/223 219/221/219 218/220/218
vt 0.7812499 0.7500000
f 224/226/224 225/227/225 220/222/220
f 224/226/224 220/222/220 219/221/219
vt 0.7812500 0.8333333
f 225/227/225 226/228/226 221/223/221
f 225/227/225 221/223/221 220/222/220
f 226/228/226 16/16/16 18/18/18
f 226/228/226 18/18/18 221/223/221
vt 0.8125000 0.5000000
vt 0.8125001 0.5833333
f 227/229/227 228/230/228 223/225/223
f 227/229/227 223/225/223 222/224/222
vt 0.8125000 0.6666666
f 228/230/228 229/231/229 224/226/224
f 228/230/228 224/226/224 223/225/223
vt 0.8125001 0.7499999
f 229/231/229 230/232/230 225/227/225
f 229/231/229 225/227/225 224/226/224
vt 0.8125001 0.8333333
f 230/232/230 231/233/231 226/228/226
f 230/232/230 226/228/226 225/227/225
f 231/233/231 14/14/14 16/16/16
f 231/233/231 16/16/16 226/228/226
vt 0.8437500 0.5000000
vt 0.8437500 0.5833333
f 232/234/232 233/235/233 228/230/228
f 232/234/232 228/230/228 227/229/227
vt 0.8437499 0.6666666
f 233/235/233 234/236/234 229/231/229
f 233/235/233 229/231/229 228/230/228
vt 0.8437500 0.7500000
f 234/236/234 235/237/235 230/232/230
f 234/236/234 230/232/230 229/231/229
vt 0.8437500 0.8333333
f 235/237/235 236/238/236 231/233/231
f 235/237/235 231/233/231 230/232/230
f 236/238/236 12/12/12 14/14/14
f 236/238/236 14/14/14 231/233/231
vt 0.8750000 0.5000000
vt 0.8750000 0.5833333
f 237/239/237 238/240/238 233/235/233
f 237/239/237 233/235/233 232/234/232
vt 0.8750000 0.6666666
f 238/240/238 239/241/239 234/236/234
f 238/240/238 234/236/234 233/235/233
vt 0.8750000 0.7500000
f 239/241/239 240/242/240 235/237/235
f 239/241/239 235/237/235 234/236/234
vt 0.8750000 0.8333334
f 240/242/240 241/243/241 236/238/236
f 240/242/240 236/238/236 235/237/235
f 241/243/241 10/10/10 12/12/12
f 241/243/241 12/12/12 236/238/236
vt 0.9062500 0.5000000
vt 0.9062499 0.5833333
f 242/244/242 243/245/243 238/240/238
f 242/244/242 238/240/238 237/239/237
vt 0.9062499 0.6666666
f 243/245/243 244/246/244 239/241/239
f 243/245/243 239/241/239 238/240/238
vt 0.9062500 0.7500000
f 244/246/244 245/247/245 240/242/240
f 244/246/244 240/242/240 239/241/239
vt 0.9062500 0.8333333
f 245/247/245 246/248/246 241/243/241
f 245/247/245 241/243/241 240/242/240
f 246/248/246 8/8/8 10/10/10
f 246/248/246 10/10/10 241/243/241
vt 0.9375000 0.5000000
vt 0.9375000 0.5833333
f 247/249/247 248/250/248 243/245/243
f 247/249/247 243/245/243 242/244/242
vt 0.9375000 0.6666666
f 248/250/248 249/251/249 244/246/244
f 248/250/248 244/246/244 243/245/243
vt 0.9375000 0.7500000
f 249/251/249 250/252/250 245/247/245
f 249/251/249 245/247/245 244/246/244
vt 0.9375000 0.8333333
f 250/252/250 251/253/251 246/248/246
f 250/252/250 246/248/246 245/247/245
f 251/253/251 6/6/6 8/8/8
f 251/253/251 8/8/8 246/248/246
vt 0.9687500 0.5000000
vt 0.9687500 0.5833333
f 252/254/252 253/255/253 248/250/248
f 252/254/252 248/250/248 247/249/247
vt 0.9687500 0.6666666
f 253/255/253 254/256/254 249/251/249
f 253/255/253 249/251/249 248/250/248
vt 0.9687501 0.7500000
f 254/256/254 255/257/255 250/252/250
f 254/256/254 250/252/250 249/251/249
vt 0.9687501 0.8333333
f 255/257/255 256/258/256 251/253/251
f 255/257/255 251/253/251 250/252/250
f 256/258/256 4/4/4 6/6/6
f 256/258/256 6/6/6 251/253/251
vt 1.0000000 0.5000000
vt 1.0000000 0.5833333
f 100/259/100 99/260/99 253/255/253
f 100/259/100 253/255/253 252/254/252
vt 1.0000000 0.6666667
f 99/260/99 102/261/102 254/256/254
f 99/260/99 254/256/254 253/255/253
vt 1.0000000 0.7500000
f 102/261/102 104/262/104 255/257/255
f 102/261/102 255/257/255 254/256/254
vt 1.0000000 0.8333333
f 104/262/104 106/263/106 256/258/256
f 104/262/104 256/258/256 255/257/255
f 106/263/106 1/1/1 4/4/4
f 106/263/106 4/4/4 256/258/256
f 242/244/242 237/239/237 257/239/257
f 242/244/242 257/239/257 258/244/258
vt 0.8327335 0.0502633
vt 0.8701106 0.0702417
f 259/264/259 260/265/260 261/265/261
f 259/264/259 261/265/261 262/264/262
f 112/114/112 107/109/107 263/109/263
f 112/114/112 263/109/263 264/114/264
vt 0.9028717 0.0971282
f 260/265/260 265/266/265 266/266/266
f 260/265/260 266/266/266 261/265/261
f 157/159/157 152/154/152 267/154/267
f 157/159/157 267/154/267 268/159/268
vt 0.9297583 0.1298895
f 265/266/265 269/267/269 270/267/270
f 265/266/265 270/267/270 266/266/266
f 202/204/202 197/199/197 271/199/271
f 202/204/202 271/199/271 272/204/272
f 247/249/247 242/244/242 258/244/258
f 247/249/247 258/244/258 273/249/273
vt 0.9497366 0.1672664
f 269/267/269 274/268/274 275/268/275
f 269/267/269 275/268/275 270/267/270
f 117/119/117 112/114/112 264/114/264
f 117/119/117 264/114/264 276/119/276
vt 0.9620390 0.2078227
f 274/268/274 277/269/277 278/269/278
f 274/268/274 278/269/278 275/268/275
f 162/164/162 157/159/157 268/159/268
f 162/164/162 268/159/268 279/164/279
vt 0.9661933 0.2499999
f 277/269/277 280/270/280 281/270/281
f 277/269/277 281/270/281 278/269/278
f 207/209/207 202/204/202 272/204/272
f 207/209/207 272/204/272 282/209/282
f 252/254/252 247/249/247 273/249/273
f 252/254/252 273/249/273 283/254/283
vt 0.9620392 0.2921774
f 280/270/280 284/271/284 285/271/285
f 280/270/280 285/271/285 281/270/281
f 122/124/122 117/119/117 276/119/276
f 122/124/122 276/119/276 286/124/286
vt 0.9497368 0.3327337
f 284/271/284 287/272/287 288/272/288
f 284/271/284 288/272/288 285/271/285
f 167/169/167 162/164/162 279/164/279
f 167/169/167 279/164/279 289/169/289
f 212/214/212 207/209/207 282/209/282
f 212/214/212 282/209/282 290/214/290
vt 0.9297580 0.3701108
f 287/272/287 291/273/291 292/273/292
f 287/272/287 292/273/292 288/272/288
vt 0.7500000 0.4661934
vt 0.7078230 0.4620393
f 293/274/293 294/275/294 295/275/295
f 293/274/293 295/275/295 296/274/296
vt 0.9028718 0.4028718
f 291/273/291 297/276/297 298/276/298
f 291/273/291 298/276/298 292/273/292
vt 0.6672667 0.4497367
f 294/275/294 299/277/299 300/277/300
f 294/275/294 300/277/300 295/275/295
f 127/129/127 122/124/122 286/124/286
f 127/129/127 286/124/286 301/129/301
f 100/259/100 252/254/252 283/254/283
f 100/259/100 283/254/283 302/259/302
vt 0.8701103 0.4297581
f 297/276/297 303/278/303 304/278/304
f 297/276/297 304/278/304 298/276/298
f 172/174/172 167/169/167 289/169/289
f 172/174/172 289/169/289 305/174/305
vt 0.6298897 0.4297583
f 299/277/299 306/279/306 307/279/307
f 299/277/299 307/279/307 300/277/300
f 217/219/217 212/214/212 290/214/290
f 217/219/217 290/214/290 308/219/308
vt 0.8327337 0.4497365
f 303/278/303 309/280/309 310/280/310
f 303/278/303 310/280/310 304/278/304
vt 0.5971283 0.4028720
f 306/279/306 311/281/311 312/281/312
f 306/279/306 312/281/312 307/279/307
vt 0.7921771 0.4620392
vt 0.7500000 0.4900000
f 313/282/313 296/274/296 302/283/302
vt 0.7968217 0.4853885
f 313/282/313 302/283/302 283/284/283
f 310/280/310 313/282/313 283/284/283
vt 0.8418440 0.4717311
f 310/280/310 283/284/283 273/285/273
f 304/278/304 310/280/310 273/285/273
vt 0.8833368 0.4495527
f 304/278/304 273/285/273 258/286/258
f 298/276/298 304/278/304 258/286/258
vt 0.9197056 0.4197056
f 298/276/298 258/286/258 257/287/257
f 292/273/292 298/276/298 257/287/257
vt 0.9495527 0.3833368
f 292/273/292 257/287/257 314/288/314
f 288/272/288 292/273/292 314/288/314
vt 0.9717311 0.3418440
f 288/272/288 314/288/314 315/289/315
f 285/271/285 288/272/288 315/289/315
vt 0.9853885 0.2968217
f 285/271/285 315/289/315 316/290/316
f 281/270/281 285/271/285 316/290/316
vt 0.9900000 0.2500000
f 281/270/281 316/290/316 308/291/308
f 278/269/278 281/270/281 308/291/308
vt 0.9853885 0.2031783
f 278/269/278 308/291/308 290/292/290
f 275/268/275 278/269/278 290/292/290
vt 0.9717311 0.1581560
f 275/268/275 290/292/290 282/293/282
f 270/267/270 275/268/275 282/293/282
vt 0.9495527 0.1166632
f 270/267/270 282/293/282 272/294/272
f 266/266/266 270/267/270 272/294/272
vt 0.9197056 0.0802944
f 266/266/266 272/294/272 271/295/271
f 261/265/261 266/266/266 271/295/271
vt 0.8833368 0.0504473
f 261/265/261 271/295/271 317/296/317
f 262/264/262 261/265/261 317/296/317
vt 0.8418440 0.0282689
f 262/264/262 317/296/317 318/297/318
vt 0.7921773 0.0379608
f 319/298/319 262/264/262 318/297/318
vt 0.7968216 0.0146115
f 319/298/319 318/297/318 320/299/320
vt 0.7499999 0.0338067
f 321/300/321 319/298/319 320/299/320
vt 0.7499999 0.0100000
f 321/300/321 320/299/320 322/301/322
vt 0.7078226 0.0379608
f 323/302/323 321/300/321 322/301/322
vt 0.7031782 0.0146116
f 323/302/323 322/301/322 305/303/305
vt 0.6672663 0.0502635
f 324/304/324 323/302/323 305/303/305
vt 0.6581559 0.0282690
f 324/304/324 305/303/305 289/305/289
vt 0.6298893 0.0702418
f 325/306/325 324/304/324 289/305/289
vt 0.6166630 0.0504474
f 325/306/325 289/305/289 279/307/279
vt 0.5971281 0.0971284
f 326/308/326 325/306/325 279/307/279
vt 0.5802943 0.0802945
f 326/308/326 279/307/279 268/309/268
vt 0.5702416 0.1298895
f 327/310/327 326/308/326 268/309/268
vt 0.5504472 0.1166633
f 327/310/327 268/309/268 267/311/267
vt 0.5502631 0.1672666
f 328/312/328 327/310/327 267/311/267
vt 0.5282688 0.1581562
f 328/312/328 267/311/267 329/313/329
vt 0.5379607 0.2078229
f 330/314/330 328/312/328 329/313/329
vt 0.5146115 0.2031785
f 330/314/330 329/313/329 331/315/331
vt 0.5338064 0.2500002
f 332/316/332 330/314/330 331/315/331
vt 0.5100000 0.2500002
f 332/316/332 331/315/331 333/317/333
vt 0.5379607 0.2921775
f 334/318/334 332/316/332 333/317/333
vt 0.5146116 0.2968219
f 334/318/334 333/317/333 335/319/335
vt 0.5502635 0.3327338
f 336/320/336 334/318/334 335/319/335
vt 0.5282691 0.3418443
f 336/320/336 335/319/335 301/321/301
vt 0.5702420 0.3701108
f 337/322/337 336/320/336 301/321/301
vt 0.5504475 0.3833371
f 337/322/337 301/321/301 286/323/286
f 312/281/312 337/322/337 286/323/286
vt 0.5802946 0.4197058
f 312/281/312 286/323/286 276/324/276
f 307/279/307 312/281/312 276/324/276
vt 0.6166634 0.4495529
f 307/279/307 276/324/276 264/325/264
f 300/277/300 307/279/307 264/325/264
vt 0.6581563 0.4717312
f 300/277/300 264/325/264 263/326/263
f 295/275/295 300/277/300 263/326/263
vt 0.7031787 0.4853885
f 295/275/295 263/326/263 338/327/338
f 296/274/296 295/275/295 338/327/338
f 296/274/296 338/327/338 302/283/302
f 339/298/339 259/264/259 262/264/262
f 339/298/339 262/264/262 319/298/319
f 197/199/197 192/194/192 317/194/317
f 197/199/197 317/194/317 271/199/271
f 152/154/152 147/149/147 329/149/329
f 152/154/152 329/149/329 267/154/267
f 340/300/340 339/298/339 319/298/319
f 340/300/340 319/298/319 321/300/321
f 107/109/107 97/99/97 338/99/338
f 107/109/107 338/99/338 263/109/263
f 341/302/341 340/300/340 321/300/321
f 341/302/341 321/300/321 323/302/323
f 237/239/237 232/234/232 314/234/314
f 237/239/237 314/234/314 257/239/257
f 342/304/342 341/302/341 323/302/323
f 342/304/342 323/302/323 324/304/324
f 192/194/192 187/189/187 318/189/318
f 192/194/192 318/189/318 317/194/317
f 147/149/147 142/144/142 331/144/331
f 147/149/147 331/144/331 329/149/329
f 343/306/343 342/304/342 324/304/324
f 343/306/343 324/304/324 325/306/325
f 97/99/97 100/102/100 302/102/302
f 97/99/97 302/102/302 338/99/338
f 344/308/344 343/306/343 325/306/325
f 344/308/344 325/306/325 326/308/326
f 232/234/232 227/229/227 315/229/315
f 232/234/232 315/229/315 314/234/314
f 345/310/345 344/308/344 326/308/326
f 345/310/345 326/308/326 327/310/327
f 187/189/187 182/184/182 320/184/320
f 187/189/187 320/184/320 318/189/318
f 142/144/142 137/139/137 333/139/333
f 142/144/142 333/139/333 331/144/331
f 346/312/346 345/310/345 327/310/327
f 346/312/346 327/310/327 328/312/328
f 347/314/347 346/312/346 328/312/328
f 347/314/347 328/312/328 330/314/330
f 227/229/227 222/224/222 316/224/316
f 227/229/227 316/224/316 315/229/315
f 348/316/348 347/314/347 330/314/330
f 348/316/348 330/314/330 332/316/332
f 182/184/182 177/179/177 322/179/322
f 182/184/182 322/179/322 320/184/320
f 137/139/137 132/134/132 335/134/335
f 137/139/137 335/134/335 333/139/333
f 349/318/349 348/316/348 332/316/332
f 349/318/349 332/316/332 334/318/334
f 350/320/350 349/318/349 334/318/334
f 350/320/350 334/318/334 336/320/336
f 222/224/222 217/219/217 308/219/308
f 222/224/222 308/219/308 316/224/316
f 351/322/351 350/320/350 336/320/336
f 351/322/351 336/320/336 337/322/337
f 177/179/177 172/174/172 305/174/305
f 177/179/177 305/174/305 322/179/322
f 352/282/352 293/274/293 296/274/296
f 352/282/352 296/274/296 313/282/313
f 132/134/132 127/129/127 301/129/301
f 132/134/132 301/129/301 335/134/335
f 311/281/311 351/322/351 337/322/337
f 311/281/311 337/322/337 312/281/312
f 309/280/309 352/282/352 313/282/313
f 309/280/309 313/282/313 310/280/310
f 66/68/66 65/67/65 293/274/293
f 66/68/66 293/274/293 352/282/352
f 67/69/67 66/68/66 352/282/352
f 67/69/67 352/282/352 309/280/309
f 68/70/68 67/69/67 309/280/309
f 68/70/68 309/280/309 303/278/303
f 69/71/69 68/70/68 303/278/303
f 69/71/69 303/278/303 297/276/297
f 70/72/70 69/71/69 297/276/297
f 70/72/70 297/276/297 291/273/291
f 71/73/71 70/72/70 291/273/291
f 71/73/71 291/273/291 287/272/287
f 72/74/72 71/73/71 287/272/287
f 72/74/72 287/272/287 284/271/284
f 73/75/73 72/74/72 284/271/284
f 73/75/73 284/271/284 280/270/280
f 74/76/74 73/75/73 280/270/280
f 74/76/74 280/270/280 277/269/277
f 75/77/75 74/76/74 277/269/277
f 75/77/75 277/269/277 274/268/274
f 76/78/76 75/77/75 274/268/274
f 76/78/76 274/268/274 269/267/269
f 77/79/77 76/78/76 269/267/269
f 77/79/77 269/267/269 265/266/265
f 78/80/78 77/79/77 265/266/265
f 78/80/78 265/266/265 260/265/260
f 79/81/79 78/80/78 260/265/260
f 79/81/79 260/265/260 259/264/259
f 80/82/80 79/81/79 259/264/259
f 80/82/80 259/264/259 339/298/339
f 81/83/81 80/82/80 339/298/339
f 81/83/81 339/298/339 340/300/340
f 82/84/82 81/83/81 340/300/340
f 82/84/82 340/300/340 341/302/341
f 83/85/83 82/84/82 341/302/341
f 83/85/83 341/302/341 342/304/342
f 84/86/84 83/85/83 342/304/342
f 84/86/84 342/304/342 343/306/343
f 85/87/85 84/86/84 343/306/343
f 85/87/85 343/306/343 344/308/344
f 86/88/86 85/87/85 344/308/344
f 86/88/86 344/308/344 345/310/345
f 87/89/87 86/88/86 345/310/345
f 87/89/87 345/310/345 346/312/346
f 88/90/88 87/89/87 346/312/346
f 88/90/88 346/312/346 347/314/347
f 89/91/89 88/90/88 347/314/347
f 89/91/89 347/314/347 348/316/348
f 90/92/90 89/91/89 348/316/348
f 90/92/90 348/316/348 349/318/349
f 91/93/91 90/92/90 349/318/349
f 91/93/91 349/318/349 350/320/350
f 92/94/92 91/93/91 350/320/350
f 92/94/92 350/320/350 351/322/351
f 93/95/93 92/94/92 351/322/351
f 93/95/93 351/322/351 311/281/311
f 94/96/94 93/95/93 311/281/311
f 94/96/94 311/281/311 306/279/306
f 95/97/95 94/96/94 306/279/306
f 95/97/95 306/279/306 299/277/299
f 96/98/96 95/97/95 299/277/299
f 96/98/96 299/277/299 294/275/294
f 65/67/65 96/98/96 294/275/294
f 65/67/65 294/275/294 293/274/293
f 353/1/353 354/4/354 355/3/355
f 353/1/353 355/3/355 356/2/356
f 354/4/354 357/6/357 358/5/358
f 354/4/354 358/5/358 355/3/355
f 357/6/357 359/8/359 360/7/360
f 357/6/357 360/7/360 358/5/358
f 359/8/359 361/10/361 362/9/362
f 359/8/359 362/9/362 360/7/360
f 361/10/361 363/12/363 364/11/364
f 361/10/361 364/11/364 362/9/362
f 363/12/363 365/14/365 366/13/366
f 363/12/363 366/13/366 364/11/364
f 365/14/365 367/16/367 368/15/368
f 365/14/365 368/15/368 366/13/366
f 367/16/367 369/18/369 370/17/370
f 367/16/367 370/17/370 368/15/368
f 369/18/369 371/20/371 372/19/372
f 369/18/369 372/19/372 370/17/370
f 371/20/371 373/22/373 374/21/374
f 371/20/371 374/21/374 372/19/372
f 373/22/373 375/24/375 376/23/376
f 373/22/373 376/23/376 374/21/374
f 375/24/375 377/26/377 378/25/378
f 375/24/375 378/25/378 376/23/376
f 377/26/377 379/28/379 380/27/380
f 377/26/377 380/27/380 378/25/378
f 379/28/379 381/30/381 382/29/382
f 379/28/379 382/29/382 380/27/380
f 381/30/381 383/32/383 384/31/384
f 381/30/381 384/31/384 382/29/382
f 383/32/383 385/34/385 386/33/386
f 383/32/383 386/33/386 384/31/384
f 385/34/385 387/36/387 388/35/388
f 385/34/385 388/35/388 386/33/386
f 387/36/387 389/38/389 390/37/390
f 387/36/387 390/37/390 388/35/388
f 389/38/389 391/40/391 392/39/392
f 389/38/389 392/39/392 390/37/390
f 391/40/391 393/42/393 394/41/394
f 391/40/391 394/41/394 392/39/392
f 393/42/393 395/44/395 396/43/396
f 393/42/393 396/43/396 394/41/394
f 395/44/395 397/46/397 398/45/398
f 395/44/395 398/45/398 396/43/396
f 397/46/397 399/48/399 400/47/400
f 397/46/397 400/47/400 398/45/398
f 399/48/399 401/50/401 402/49/402
f 399/48/399 402/49/402 400/47/400
f 401/50/401 403/52/403 404/51/404
f 401/50/401 404/51/404 402/49/402
f 403/52/403 405/54/405 406/53/406
f 403/52/403 406/53/406 404/51/404
f 405/54/405 407/56/407 408/55/408
f 405/54/405 408/55/408 406/53/406
f 407/56/407 409/58/409 410/57/410
f 407/56/407 410/57/410 408/55/408
f 409/58/409 411/60/411 412/59/412
f 409/58/409 412/59/412 410/57/410
f 411/60/411 413/62/413 414/61/414
f 411/60/411 414/61/414 412/59/412
f 413/62/413 415/64/415 416/63/416
f 413/62/413 416/63/416 414/61/414
f 415/64/415 353/66/353 356/65/356
f 415/64/415 356/65/356 416/63/416
f 417/67/417 418/98/418 419/97/419
f 417/67/417 419/97/419 420/96/420
f 417/67/417 420/96/420 421/95/421
f 417/67/417 421/95/421 422/94/422
f 417/67/417 422/94/422 423/93/423
f 417/67/417 423/93/423 424/92/424
f 417/67/417 424/92/424 425/91/425
f 417/67/417 425/91/425 426/90/426
f 417/67/417 426/90/426 427/89/427
f 417/67/417 427/89/427 428/88/428
f 417/67/417 428/88/428 429/87/429
f 417/67/417 429/87/429 430/86/430
f 417/67/417 430/86/430 431/85/431
f 417/67/417 431/85/431 432/84/432
f 417/67/417 432/84/432 433/83/433
f 417/67/417 433/83/433 434/82/434
f 417/67/417 434/82/434 435/81/435
f 417/67/417 435/81/435 436/80/436
f 417/67/417 436/80/436 437/79/437
f 417/67/417 437/79/437 438/78/438
f 417/67/417 438/78/438 439/77/439
f 417/67/417 439/77/439 440/76/440
f 417/67/417 440/76/440 441/75/441
f 417/67/417 441/75/441 442/74/442
f 417/67/417 442/74/442 443/73/443
f 417/67/417 443/73/443 444/72/444
f 417/67/417 444/72/444 445/71/445
f 417/67/417 445/71/445 446/70/446
f 417/67/417 446/70/446 447/69/447
f 417/67/417 447/69/447 448/68/448
f 449/99/449 450/102/450 451/101/451
f 449/99/449 451/101/451 452/100/452
f 452/100/452 451/101/451 453/104/453
f 452/100/452 453/104/453 454/103/454
f 454/103/454 453/104/453 455/106/455
f 454/103/454 455/106/455 456/105/456
f 456/105/456 455/106/455 457/108/457
f 456/105/456 457/108/457 458/107/458
f 458/107/458 457/108/457 353/66/353
f 458/107/458 353/66/353 415/64/415
f 459/109/459 449/99/449 452/100/452
f 459/109/459 452/100/452 460/110/460
f 460/110/460 452/100/452 454/103/454
f 460/110/460 454/103/454 461/111/461
f 461/111/461 454/103/454 456/105/456
f 461/111/461 456/105/456 462/112/462
f 462/112/462 456/105/456 458/107/458
f 462/112/462 458/107/458 463/113/463
f 463/113/463 458/107/458 415/64/415
f 463/113/463 415/64/415 413/62/413
f 464/114/464 459/109/459 460/110/460
f 464/114/464 460/110/460 465/115/465
f 465/115/465 460/110/460 461/111/461
f 465/115/465 461/111/461 466/116/466
f 466/116/466 461/111/461 462/112/462
f 466/116/466 462/112/462 467/117/467
f 467/117/467 462/112/462 463/113/463
f 467/117/467 463/113/463 468/118/468
f 468/118/468 463/113/463 413/62/413
f 468/118/468 413/62/413 411/60/411
f 469/119/469 464/114/464 465/115/465
f 469/119/469 465/115/465 470/120/470
f 470/120/470 465/115/465 466/116/466
f 470/120/470 466/116/466 471/121/471
f 471/121/471 466/116/466 467/117/467
f 471/121/471 467/117/467 472/122/472
f 472/122/472 467/117/467 468/118/468
f 472/122/472 468/118/468 473/123/473
f 473/123/473 468/118/468 411/60/411
f 473/123/473 411/60/411 409/58/409
f 474/124/474 469/119/469 470/120/470
f 474/124/474 470/120/470 475/125/475
f 475/125/475 470/120/470 471/121/471
f 475/125/475 471/121/471 476/126/476
f 476/126/476 471/121/471 472/122/472
f 476/126/476 472/122/472 477/127/477
f 477/127/477 472/122/472 473/123/473
f 477/127/477 473/123/473 478/128/478
f 478/128/478 473/123/473 409/58/409
f 478/128/478 409/58/409 407/56/407
f 479/129/479 474/124/474 475/125/475
f 479/129/479 475/125/475 480/130/480
f 480/130/480 475/125/475 476/126/476
f 480/130/480 476/126/476 481/131/481
f 481/131/481 476/126/476 477/127/477
f 481/131/481 477/127/477 482/132/482
f 482/132/482 477/127/477 478/128/478
f 482/132/482 478/128/478 483/133/483
f 483/133/483 478/128/478 407/56/407
f 483/133/483 407/56/407 405/54/405
f 484/134/484 479/129/479 480/130/480
f 484/134/484 480/130/480 485/135/485
f 485/135/485 480/130/480 481/131/481
f 485/135/485 481/131/481 486/136/486
f 486/136/486 481/131/481 482/132/482
f 486/136/486 482/132/482 487/137/487
f 487/137/487 482/132/482 483/133/483
f 487/137/487 483/133/483 488/138/488
f 488/138/488 483/133/483 405/54/405
f 488/138/488 405/54/405 403/52/403
f 489/139/489 484/134/484 485/135/485
f 489/139/489 485/135/485 490/140/490
f 490/140/490 485/135/485 486/136/486
f 490/140/490 486/136/486 491/141/491
f 491/141/491 486/136/486 487/137/487
f 491/141/491 487/137/487 492/142/492
f 492/142/492 487/137/487 488/138/488
f 492/142/492 488/138/488 493/143/493
f 493/143/493 488/138/488 403/52/403
f 493/143/493 403/52/403 401/50/401
f 494/144/494 489/139/489 490/140/490
f 494/144/494 490/140/490 495/145/495
f 495/145/495 490/140/490 491/141/491
f 495/145/495 491/141/491 496/146/496
f 496/146/496 491/141/491 492/142/492
f 496/146/496 492/142/492 497/147/497
f 497/147/497 492/142/492 493/143/493
f 497/147/497 493/143/493 498/148/498
f 498/148/498 493/143/493 401/50/401
f 498/148/498 401/50/401 399/48/399
f 499/149/499 494/144/494 495/145/495
f 499/149/499 495/145/495 500/150/500
f 500/150/500 495/145/495 496/146/496
f 500/150/500 496/146/496 501/151/501
f 501/151/501 496/146/496 497/147/497
f 501/151/501 497/147/497 502/152/502
f 502/152/502 497/147/497 498/148/498
f 502/152/502 498/148/498 503/153/503
f 503/153/503 498/148/498 399/48/399
f 503/153/503 399/48/399 397/46/397
f 504/154/504 499/149/499 500/150/500
f 504/154/504 500/150/500 505/155/505
f 505/155/505 500/150/500 501/151/501
f 505/155/505 501/151/501 506/156/506
f 506/156/506 501/151/501 502/152/502
f 506/156/506 502/152/502 507/157/507
f 507/157/507 502/152/502 503/153/503
f 507/157/507 503/153/503 508/158/508
f 508/158/508 503/153/503 397/46/397
f 508/158/508 397/46/397 395/44/395
f 509/159/509 504/154/504 505/155/505
f 509/159/509 505/155/505 510/160/510
f 510/160/510 505/155/505 506/156/506
f 510/160/510 506/156/506 511/161/511
f 511/161/511 506/156/506 507/157/507
f 511/161/511 507/157/507 512/162/512
f 512/162/512 507/157/507 508/158/508
f 512/162/512 508/158/508 513/163/513
f 513/163/513 508/158/508 395/44/395
f 513/163/513 395/44/395 393/42/393
f 514/164/514 509/159/509 510/160/510
f 514/164/514 510/160/510 515/165/515
f 515/165/515 510/160/510 511/161/511
f 515/165/515 511/161/511 516/166/516
f 516/166/516 511/161/511 512/162/512
f 516/166/516 512/162/512 517/167/517
f 517/167/517 512/162/512 513/163/513
f 517/167/517 513/163/513 518/168/518
f 518/168/518 513/163/513 393/42/393
f 518/168/518 393/42/393 391/40/391
f 519/169/519 514/164/514 515/165/515
f 519/169/519 515/165/515 520/170/520
f 520/170/520 515/165/515 516/166/516
f 520/170/520 516/166/516 521/171/521
f 521/171/521 516/166/516 517/167/517
f 521/171/521 517/167/517 522/172/522
f 522/172/522 517/167/517 518/168/518
f 522/172/522 518/168/518 523/173/523
f 523/173/523 518/168/518 391/40/391
f 523/173/523 391/40/391 389/38/389
f 524/174/524 519/169/519 520/170/520
f 524/174/524 520/170/520 525/175/525
f 525/175/525 520/170/520 521/171/521
f 525/175/525 521/171/521 526/176/526
f 526/176/526 521/171/521 522/172/522
f 526/176/526 522/172/522 527/177/527
f 527/177/527 522/172/522 523/173/523
f 527/177/527 523/173/523 528/178/528
f 528/178/528 523/173/523 389/38/389
f 528/178/528 389/38/389 387/36/387
f 529/179/529 524/174/524 525/175/525
f 529/179/529 525/175/525 530/180/530
f 530/180/530 525/175/525 526/176/526
f 530/180/530 526/176/526 531/181/531
f 531/181/531 526/176/526 527/177/527
f 531/181/531 527/177/527 532/182/532
f 532/182/532 527/177/527 528/178/528
f 532/182/532 528/178/528 533/183/533
f 533/183/533 528/178/528 387/36/387
f 533/183/533 387/36/387 385/34/385
f 534/184/534 529/179/529 530/180/530
f 534/184/534 530/180/530 535/185/535
f 535/185/535 530/180/530 531/181/531
f 535/185/535 531/181/531 536/186/536
f 536/186/536 531/181/531 532/182/532
f 536/186/536 532/182/532 537/187/537
f 537/187/537 532/182/532 533/183/533
f 537/187/537 533/183/533 538/188/538
f 538/188/538 533/183/533 385/34/385
f 538/188/538 385/34/385 383/32/383
f 539/189/539 534/184/534 535/185/535
f 539/189/539 535/185/535 540/190/540
f 540/190/540 535/185/535 536/186/536
f 540/190/540 536/186/536 541/191/541
f 541/191/541 536/186/536 537/187/537
f 541/191/541 537/187/537 542/192/542
f 542/192/542 537/187/537 538/188/538
f 542/192/542 538/188/538 543/193/543
f 543/193/543 538/188/538 383/32/383
f 543/193/543 383/32/383 381/30/381
f 544/194/544 539/189/539 540/190/540
f 544/194/544 540/190/540 545/195/545
f 545/195/545 540/190/540 541/191/541
f 545/195/545 541/191/541 546/196/546
f 546/196/546 541/191/541 542/192/542
f 546/196/546 542/192/542 547/197/547
f 547/197/547 542/192/542 543/193/543
f 547/197/547 543/193/543 548/198/548
f 548/198/548 543/193/543 381/30/381
f 548/198/548 381/30/381 379/28/379
f 549/199/549 544/194/544 545/195/545
f 549/199/549 545/195/545 550/200/550
f 550/200/550 545/195/545 546/196/546
f 550/200/550 546/196/546 551/201/551
f 551/201/551 546/196/546 547/197/547
f 551/201/551 547/197/547 552/202/552
f 552/202/552 547/197/547 548/198/548
f 552/202/552 548/198/548 553/203/553
f 553/203/553 548/198/548 379/28/379
f 553/203/553 379/28/379 377/26/377
f 554/204/554 549/199/549 550/200/550
f 554/204/554 550/200/550 555/205/555
f 555/205/555 550/200/550 551/201/551
f 555/205/555 551/201/551 556/206/556
f 556/206/556 551/201/551 552/202/552
f 556/206/556 552/202/552 557/207/557
f 557/207/557 552/202/552 553/203/553
f 557/207/557 553/203/553 558/208/558
f 558/208/558 553/203/553 377/26/377
f 558/208/558 377/26/377 375/24/375
f 559/209/559 554/204/554 555/205/555
f 559/209/559 555/205/555 560/210/560
f 560/210/560 555/205/555 556/206/556
f 560/210/560 556/206/556 561/211/561
f 561/211/561 556/206/556 557/207/557
f 561/211/561 557/207/557 562/212/562
f 562/212/562 557/207/557 558/208/558
f 562/212/562 558/208/558 563/213/563
f 563/213/563 558/208/558 375/24/375
f 563/213/563 375/24/375 373/22/373
f 564/214/564 559/209/559 560/210/560
f 564/214/564 560/210/560 565/215/565
f 565/215/565 560/210/560 561/211/561
f 565/215/565 561/211/561 566/216/566
f 566/216/566 561/211/561 562/212/562
f 566/216/566 562/212/562 567/217/567
f 567/217/567 562/212/562 563/213/563
f 567/217/567 563/213/563 568/218/568
f 568/218/568 563/213/563 373/22/373
f 568/218/568 373/22/373 371/20/371
f 569/219/569 564/214/564 565/215/565
f 569/219/569 565/215/565 570/220/570
f 570/220/570 565/215/565 566/216/566
f 570/220/570 566/216/566 571/221/571
f 571/221/571 566/216/566 567/217/567
f 571/221/571 567/217/567 572/222/572
f 572/222/572 567/217/567 568/218/568
f 572/222/572 568/218/568 573/223/573
f 573/223/573 568/218/568 371/20/371
f 573/223/573 371/20/371 369/18/369
f 574/224/574 569/219/569 570/220/570
f 574/224/574 570/220/570 575/225/575
f 575/225/575 570/220/570 571/221/571
f 575/225/575 571/221/571 576/226/576
f 576/226/576 571/221/571 572/222/572
f 576/226/576 572/222/572 577/227/577
f 577/227/577 572/222/572 573/223/573
f 577/227/577 573/223/573 578/228/578
f 578/228/578 573/223/573 369/18/369
f 578/228/578 369/18/369 367/16/367
f 579/229/579 574/224/574 575/225/575
f 579/229/579 575/225/575 580/230/580
f 580/230/580 575/225/575 576/226/576
f 580/230/580 576/226/576 581/231/581
f 581/231/581 576/226/576 577/227/577
f 581/231/581 577/227/577 582/232/582
f 582/232/582 577/227/577 578/228/578
f 582/232/582 578/228/578 583/233/583
f 583/233/583 578/228/578 367/16/367
f 583/233/583 367/16/367 365/14/365
f 584/234/584 579/229/579 580/230/580
f 584/234/584 580/230/580 585/235/585
f 585/235/585 580/230/580 581/231/581
f 585/235/585 581/231/581 586/236/586
f 586/236/586 581/231/581 582/232/582
f 586/236/586 582/232/582 587/237/587
f 587/237/587 582/232/582 583/233/583
f 587/237/587 583/233/583 588/238/588
f 588/238/588 583/233/583 365/14/365
f 588/238/588 365/14/365 363/12/363
f 589/239/589 584/234/584 585/235/585
f 589/239/589 585/235/585 590/240/590
f 590/240/590 585/235/585 586/236/586
f 590/240/590 586/236/586 591/241/591
f 591/241/591 586/236/586 587/237/587
f 591/241/591 587/237/587 592/242/592
f 592/242/592 587/237/587 588/238/588
f 592/242/592 588/238/588 593/243/593
f 593/243/593 588/238/588 363/12/363
f 593/243/593 363/12/363 361/10/361
f 594/244/594 589/239/589 590/240/590
f 594/244/594 590/240/590 595/245/595
f 595/245/595 590/240/590 591/241/591
f 595/245/595 591/241/591 596/246/596
f 596/246/596 591/241/591 592/242/592
f 596/246/596 592/242/592 597/247/597
f 597/247/597 592/242/592 593/243/593
f 597/247/597 593/243/593 598/248/598
f 598/248/598 593/243/593 361/10/361
f 598/248/598 361/10/361 359/8/359
f 599/249/599 594/244/594 595/245/595
f 599/249/599 595/245/595 600/250/600
f 600/250/600 595/245/595 596/246/596
f 600/250/600 596/246/596 601/251/601
f 601/251/601 596/246/596 597/247/597
f 601/251/601 597/247/597 602/252/602
f 602/252/602 597/247/597 598/248/598
f 602/252/602 598/248/598 603/253/603
f 603/253/603 598/248/598 359/8/359
f 603/253/603 359/8/359 357/6/357
f 604/254/604 599/249/599 600/250/600
f 604/254/604 600/250/600 605/255/605
f 605/255/605 600/250/600 601/251/601
f 605/255/605 601/251/601 606/256/606
f 606/256/606 601/251/601 602/252/602
f 606/256/606 602/252/602 607/257/607
f 607/257/607 602/252/602 603/253/603
f 607/257/607 603/253/603 608/258/608
f 608/258/608 603/253/603 357/6/357
f 608/258/608 357/6/357 354/4/354
f 450/259/450 604/254/604 605/255/605
f 450/259/450 605/255/605 451/260/451
f 451/260/451 605/255/605 606/256/606
f 451/260/451 606/256/606 453/261/453
f 453/261/453 606/256/606 607/257/607
f 453/261/453 607/257/607 455/262/455
f 455/262/455 607/257/607 608/258/608
f 455/262/455 608/258/608 457/263/457
f 457/263/457 608/258/608 354/4/354
f 457/263/457 354/4/354 353/1/353
f 594/244/594 609/244/609 610/239/610
f 594/244/594 610/239/610 589/239/589
f 611/264/611 612/264/612 613/265/613
f 611/264/611 613/265/613 614/265/614
f 464/114/464 615/114/615 616/109/616
f 464/114/464 616/109/616 459/109/459
f 614/265/614 613/265/613 617/266/617
f 614/265/614 617/266/617 618/266/618
f 509/159/509 619/159/619 620/154/620
f 509/159/509 620/154/620 504/154/504
f 618/266/618 617/266/617 621/267/621
f 618/266/618 621/267/621 622/267/622
f 554/204/554 623/204/623 624/199/624
f 554/204/554 624/199/624 549/199/549
f 599/249/599 625/249/625 609/244/609
f 599/249/599 609/244/609 594/244/594
f 622/267/622 621/267/621 626/268/626
f 622/267/622 626/268/626 627/268/627
f 469/119/469 628/119/628 615/114/615
f 469/119/469 615/114/615 464/114/464
f 627/268/627 626/268/626 629/269/629
f 627/268/627 629/269/629 630/269/630
f 514/164/514 631/164/631 619/159/619
f 514/164/514 619/159/619 509/159/509
f 630/269/630 629/269/629 632/270/632
f 630/269/630 632/270/632 633/270/633
f 559/209/559 634/209/634 623/204/623
f 559/209/559 623/204/623 554/204/554
f 604/254/604 635/254/635 625/249/625
f 604/254/604 625/249/625 599/249/599
f 633/270/633 632/270/632 636/271/636
f 633/270/633 636/271/636 637/271/637
f 474/124/474 638/124/638 628/119/628
f 474/124/474 628/119/628 469/119/469
f 637/271/637 636/271/636 639/272/639
f 637/271/637 639/272/639 640/272/640
f 519/169/519 641/169/641 631/164/631
f 519/169/519 631/164/631 514/164/514
f 564/214/564 642/214/642 634/209/634
f 564/214/564 634/209/634 559/209/559
f 640/272/640 639/272/639 643/273/643
f 640/272/640 643/273/643 644/273/644
f 645/274/645 646/274/646 647/275/647
f 645/274/645 647/275/647 648/275/648
f 644/273/644 643/273/643 649/276/649
f 644/273/644 649/276/649 650/276/650
f 648/275/648 647/275/647 651/277/651
f 648/275/648 651/277/651 652/277/652
f 479/129/479 653/129/653 638/124/638
f 479/129/479 638/124/638 474/124/474
f 450/259/450 654/259/654 635/254/635
f 450/259/450 635/254/635 604/254/604
f 650/276/650 649/276/649 655/278/655
f 650/276/650 655/278/655 656/278/656
f 524/174/524 657/174/657 641/169/641
f 524/174/524 641/169/641 519/169/519
f 652/277/652 651/277/651 658/279/658
f 652/277/652 658/279/658 659/279/659
f 569/219/569 660/219/660 642/214/642
f 569/219/569 642/214/642 564/214/564
f 656/278/656 655/278/655 661/280/661
f 656/278/656 661/280/661 662/280/662
f 659/279/659 658/279/658 663/281/663
f 659/279/659 663/281/663 664/281/664
f 665/282/665 635/284/635 654/283/654
f 665/282/665 654/283/654 646/274/646
f 661/280/661 625/285/625 635/284/635
f 661/280/661 635/284/635 665/282/665
f 655/278/655 609/286/609 625/285/625
f 655/278/655 625/285/625 661/280/661
f 649/276/649 610/287/610 609/286/609
f 649/276/649 609/286/609 655/278/655
f 643/273/643 666/288/666 610/287/610
f 643/273/643 610/287/610 649/276/649
f 639/272/639 667/289/667 666/288/666
f 639/272/639 666/288/666 643/273/643
f 636/271/636 668/290/668 667/289/667
f 636/271/636 667/289/667 639/272/639
f 632/270/632 660/291/660 668/290/668
f 632/270/632 668/290/668 636/271/636
f 629/269/629 642/292/642 660/291/660
f 629/269/629 660/291/660 632/270/632
f 626/268/626 634/293/634 642/292/642
f 626/268/626 642/292/642 629/269/629
f 621/267/621 623/294/623 634/293/634
f 621/267/621 634/293/634 626/268/626
f 617/266/617 624/295/624 623/294/623
f 617/266/617 623/294/623 621/267/621
f 613/265/613 669/296/669 624/295/624
f 613/265/613 624/295/624 617/266/617
f 612/264/612 670/297/670 669/296/669
f 612/264/612 669/296/669 613/265/613
f 671/298/671 672/299/672 670/297/670
f 671/298/671 670/297/670 612/264/612
f 673/300/673 674/301/674 672/299/672
f 673/300/673 672/299/672 671/298/671
f 675/302/675 657/303/657 674/301/674
f 675/302/675 674/301/674 673/300/673
f 676/304/676 641/305/641 657/303/657
f 676/304/676 657/303/657 675/302/675
f 677/306/677 631/307/631 641/305/641
f 677/306/677 641/305/641 676/304/676
f 678/308/678 619/309/619 631/307/631
f 678/308/678 631/307/631 677/306/677
f 679/310/679 620/311/620 619/309/619
f 679/310/679 619/309/619 678/308/678
f 680/312/680 681/313/681 620/311/620
f 680/312/680 620/311/620 679/310/679
f 682/314/682 683/315/683 681/313/681
f 682/314/682 681/313/681 680/312/680
f 684/316/684 685/317/685 683/315/683
f 684/316/684 683/315/683 682/314/682
f 686/318/686 687/319/687 685/317/685
f 686/318/686 685/317/685 684/316/684
f 688/320/688 653/321/653 687/319/687
f 688/320/688 687/319/687 686/318/686
f 689/322/689 638/323/638 653/321/653
f 689/322/689 653/321/653 688/320/688
f 663/281/663 628/324/628 638/323/638
f 663/281/663 638/323/638 689/322/689
f 658/279/658 615/325/615 628/324/628
f 658/279/658 628/324/628 663/281/663
f 651/277/651 616/326/616 615/325/615
f 651/277/651 615/325/615 658/279/658
f 647/275/647 690/327/690 616/326/616
f 647/275/647 616/326/616 651/277/651
f 646/274/646 654/283/654 690/327/690
f 646/274/646 690/327/690 647/275/647
f 691/298/691 671/298/671 612/264/612
f 691/298/691 612/264/612 611/264/611
f 549/199/549 624/199/624 669/194/669
f 549/199/549 669/194/669 544/194/544
f 504/154/504 620/154/620 681/149/681
f 504/154/504 681/149/681 499/149/499
f 692/300/692 673/300/673 671/298/671
f 692/300/692 671/298/671 691/298/691
f 459/109/459 616/109/616 690/99/690
f 459/109/459 690/99/690 449/99/449
f 693/302/693 675/302/675 673/300/673
f 693/302/693 673/300/673 692/300/692
f 589/239/589 610/239/610 666/234/666
f 589/239/589 666/234/666 584/234/584
f 694/304/694 676/304/676 675/302/675
f 694/304/694 675/302/675 693/302/693
f 544/194/544 669/194/669 670/189/670
f 544/194/544 670/189/670 539/189/539
f 499/149/499 681/149/681 683/144/683
f 499/149/499 683/144/683 494/144/494
f 695/306/695 677/306/677 676/304/676
f 695/306/695 676/304/676 694/304/694
f 449/99/449 690/99/690 654/102/654
f 449/99/449 654/102/654 450/102/450
f 696/308/696 678/308/678 677/306/677
f 696/308/696 677/306/677 695/306/695
f 584/234/584 666/234/666 667/229/667
f 584/234/584 667/229/667 579/229/579
f 697/310/697 679/310/679 678/308/678
f 697/310/697 678/308/678 696/308/696
f 539/189/539 670/189/670 672/184/672
f 539/189/539 672/184/672 534/184/534
f 494/144/494 683/144/683 685/139/685
f 494/144/494 685/139/685 489/139/489
f 698/312/698 680/312/680 679/310/679
f 698/312/698 679/310/679 697/310/697
f 699/314/699 682/314/682 680/312/680
f 699/314/699 680/312/680 698/312/698
f 579/229/579 667/229/667 668/224/668
f 579/229/579 668/224/668 574/224/574
f 700/316/700 684/316/684 682/314/682
f 700/316/700 682/314/682 699/314/699
f 534/184/534 672/184/672 674/179/674
f 534/184/534 674/179/674 529/179/529
f 489/139/489 685/139/685 687/134/687
f 489/139/489 687/134/687 484/134/484
f 701/318/701 686/318/686 684/316/684
f 701/318/701 684/316/684 700/316/700
f 702/320/702 688/320/688 686/318/686
f 702/320/702 686/318/686 701/318/701
f 574/224/574 668/224/668 660/219/660
f 574/224/574 660/219/660 569/219/569
f 703/322/703 689/322/689 688/320/688
f 703/322/703 688/320/688 702/320/702
f 529/179/529 674/179/674 657/174/657
f 529/179/529 657/174/657 524/174/524
f 704/282/704 665/282/665 646/274/646
f 704/282/704 646/274/646 645/274/645
f 484/134/484 687/134/687 653/129/653
f 484/134/484 653/129/653 479/129/479
f 664/281/664 663/281/663 689/322/689
f 664/281/664 689/322/689 703/322/703
f 662/280/662 661/280/661 665/282/665
f 662/280/662 665/282/665 704/282/704
f 448/68/448 704/282/704 645/274/645
f 448/68/448 645/274/645 417/67/417
f 447/69/447 662/280/662 704/282/704
f 447/69/447 704/282/704 448/68/448
f 446/70/446 656/278/656 662/280/662
f 446/70/446 662/280/662 447/69/447
f 445/71/445 650/276/650 656/278/656
f 445/71/445 656/278/656 446/70/446
f 444/72/444 644/273/644 650/276/650
f 444/72/444 650/276/650 445/71/445
f 443/73/443 640/272/640 644/273/644
f 443/73/443 644/273/644 444/72/444
f 442/74/442 637/271/637 640/272/640
f 442/74/442 640/272/640 443/73/443
f 441/75/441 633/270/633 637/271/637
f 441/75/441 637/271/637 442/74/442
f 440/76/440 630/269/630 633/270/633
f 440/76/440 633/270/633 441/75/441
f 439/77/439 627/268/627 630/269/630
f 439/77/439 630/269/630 440/76/440
f 438/78/438 622/267/622 627/268/627
f 438/78/438 627/268/627 439/77/439
f 437/79/437 618/266/618 622/267/622
f 437/79/437 622/267/622 438/78/438
f 436/80/436 614/265/614 618/266/618
f 436/80/436 618/266/618 437/79/437
f 435/81/435 611/264/611 614/265/614
f 435/81/435 614/265/614 436/80/436
f 434/82/434 691/298/691 611/264/611
f 434/82/434 611/264/611 435/81/435
f 433/83/433 692/300/692 691/298/691
f 433/83/433 691/298/691 434/82/434
f 432/84/432 693/302/693 692/300/692
f 432/84/432 692/300/692 433/83/433
f 431/85/431 694/304/694 693/302/693
f 431/85/431 693/302/693 432/84/432
f 430/86/430 695/306/695 694/304/694
f 430/86/430 694/304/694 431/85/431
f 429/87/429 696/308/696 695/306/695
f 429/87/429 695/306/695 430/86/430
f 428/88/428 697/310/697 696/308/696
f 428/88/428 696/308/696 429/87/429
f 427/89/427 698/312/698 697/310/697
f 427/89/427 697/310/697 428/88/428
f 426/90/426 699/314/699 698/312/698
f 426/90/426 698/312/698 427/89/427
f 425/91/425 700/316/700 699/314/699
f 425/91/425 699/314/699 426/90/426
f 424/92/424 701/318/701 700/316/700
f 424/92/424 700/316/700 425/91/425
f 423/93/423 702/320/702 701/318/701
f 423/93/423 701/318/701 424/92/424
f 422/94/422 703/322/703 702/320/702
f 422/94/422 702/320/702 423/93/423
f 421/95/421 664/281/664 703/322/703
f 421/95/421 703/322/703 422/94/422
f 420/96/420 659/279/659 664/281/664
f 420/96/420 664/281/664 421/95/421
f 419/97/419 652/277/652 659/279/659
f 419/97/419 659/279/659 420/96/420
f 418/98/418 648/275/648 652/277/652
f 418/98/418 652/277/652 419/97/419
f 417/67/417 645/274/645 648/275/648
f 417/67/417 648/275/648 418/98/418
f 3/3/3 2/2/2 356/2/356
f 3/3/3 356/2/356 355/3/355
f 5/5/5 3/3/3 355/3/355
f 5/5/5 355/3/355 358/5/358
f 7/7/7 5/5/5 358/5/358
f 7/7/7 358/5/358 360/7/360
f 9/9/9 7/7/7 360/7/360
f 9/9/9 360/7/360 362/9/362
f 11/11/11 9/9/9 362/9/362
f 11/11/11 362/9/362 364/11/364
f 13/13/13 11/11/11 364/11/364
f 13/13/13 364/11/364 366/13/366
f 15/15/15 13/13/13 366/13/366
f 15/15/15 366/13/366 368/15/368
f 17/17/17 15/15/15 368/15/368
f 17/17/17 368/15/368 370/17/370
f 19/19/19 17/17/17 370/17/370
f 19/19/19 370/17/370 372/19/372
f 21/21/21 19/19/19 372/19/372
f 21/21/21 372/19/372 374/21/374
f 23/23/23 21/21/21 374/21/374
f 23/23/23 374/21/374 376/23/376
f 25/25/25 23/23/23 376/23/376
f 25/25/25 376/23/376 378/25/378
f 27/27/27 25/25/25 378/25/378
f 27/27/27 378/25/378 380/27/380
f 29/29/29 27/27/27 380/27/380
f 29/29/29 380/27/380 382/29/382
f 31/31/31 29/29/29 382/29/382
f 31/31/31 382/29/382 384/31/384
f 33/33/33 31/31/31 384/31/384
f 33/33/33 384/31/384 386/33/386
f 35/35/35 33/33/33 386/33/386
f 35/35/35 386/33/386 388/35/388
f 37/37/37 35/35/35 388/35/388
f 37/37/37 388/35/388 390/37/390
f 39/39/39 37/37/37 390/37/390
f 39/39/39 390/37/390 392/39/392
f 41/41/41 39/39/39 392/39/392
f 41/41/41 392/39/392 394/41/394
f 43/43/43 41/41/41 394/41/394
f 43/43/43 394/41/394 396/43/396
f 45/45/45 43/43/43 396/43/396
f 45/45/45 396/43/396 398/45/398
f 47/47/47 45/45/45 398/45/398
f 47/47/47 398/45/398 400/47/400
f 49/49/49 47/47/47 400/47/400
f 49/49/49 400/47/400 402/49/402
f 51/51/51 49/49/49 402/49/402
f 51/51/51 402/49/402 404/51/404
f 53/53/53 51/51/51 404/51/404
f 53/53/53 404/51/404 406/53/406
f 55/55/55 53/53/53 406/53/406
f 55/55/55 406/53/406 408/55/408
f 57/57/57 55/55/55 408/55/408
f 57/57/57 408/55/408 410/57/410
f 59/59/59 57/57/57 410/57/410
f 59/59/59 410/57/410 412/59/412
f 61/61/61 59/59/59 412/59/412
f 61/61/61 412/59/412 414/61/414
f 63/63/63 61/61/61 414/61/414
f 63/63/63 414/61/414 416/63/416
f 2/65/2 63/63/63 416/63/416
f 2/65/2 416/63/416 356/65/356
# 1404 faces, 327 coords texture

# End of File
