# Blender 4.0.0
# www.blender.org
o Pot054_Body
v -0.102212 -0.007394 0.005551
v -0.097710 -0.007068 0.001592
v -0.094105 -0.027229 0.001592
v -0.098442 -0.028483 0.005551
v -0.104249 -0.030164 0.016099
v -0.108242 -0.007830 0.016099
v -0.107505 0.014846 0.016099
v -0.101516 0.014019 0.005551
v -0.097044 0.013401 0.001592
v -0.086388 -0.046200 0.001592
v -0.090368 -0.048328 0.005551
v -0.095699 -0.051179 0.016099
v -0.074895 -0.063151 0.001592
v -0.078345 -0.066061 0.005551
v -0.082967 -0.069957 0.016099
v -0.060128 -0.077342 0.001592
v -0.062899 -0.080906 0.005551
v -0.066609 -0.085679 0.016099
v -0.042734 -0.088153 0.001592
v -0.044703 -0.092215 0.005551
v -0.047340 -0.097655 0.016099
v -0.023471 -0.095112 0.001592
v -0.024553 -0.099494 0.005551
v -0.026002 -0.105364 0.016099
v -0.003184 -0.097913 0.001592
v -0.003330 -0.102425 0.005551
v -0.003527 -0.108468 0.016099
v 0.017243 -0.096436 0.001592
v 0.018038 -0.100880 0.005551
v 0.019102 -0.106831 0.016099
v 0.036917 -0.090744 0.001592
v 0.038617 -0.094925 0.005551
v 0.040896 -0.100525 0.016099
v 0.054976 -0.081085 0.001592
v 0.057509 -0.084821 0.005551
v 0.060902 -0.089825 0.016099
v 0.070633 -0.067883 0.001592
v 0.073888 -0.071011 0.005551
v 0.078247 -0.075200 0.016099
v 0.083204 -0.051714 0.001592
v 0.087038 -0.054097 0.005551
v 0.092172 -0.057288 0.016099
v 0.092137 -0.033285 0.001592
v 0.096383 -0.034819 0.005551
v 0.102069 -0.036873 0.016099
v 0.097044 -0.013401 0.001592
v 0.101516 -0.014019 0.005551
v 0.107505 -0.014846 0.016099
v 0.097710 0.007068 0.001592
v 0.102212 0.007394 0.005551
v 0.108242 0.007830 0.016099
v 0.094105 0.027229 0.001592
v 0.098442 0.028483 0.005551
v 0.104249 0.030164 0.016099
v 0.086388 0.046200 0.001592
v 0.090368 0.048328 0.005551
v 0.095699 0.051179 0.016099
v 0.074895 0.063151 0.001592
v 0.078345 0.066061 0.005551
v 0.082967 0.069957 0.016099
v 0.060128 0.077342 0.001592
v 0.062899 0.080906 0.005551
v 0.066609 0.085679 0.016099
v 0.042734 0.088153 0.001592
v 0.044703 0.092215 0.005551
v 0.047340 0.097655 0.016099
v 0.023471 0.095112 0.001592
v 0.024554 0.099494 0.005551
v 0.026002 0.105364 0.016099
v 0.003184 0.097913 0.001592
v 0.003330 0.102425 0.005551
v 0.003527 0.108468 0.016099
v -0.017243 0.096436 0.001592
v -0.018038 0.100880 0.005551
v -0.019102 0.106831 0.016099
v -0.036917 0.090744 0.001592
v -0.038617 0.094925 0.005551
v -0.040896 0.100525 0.016099
v -0.054976 0.081085 0.001592
v -0.057509 0.084821 0.005551
v -0.060902 0.089825 0.016099
v -0.070633 0.067883 0.001592
v -0.073888 0.071011 0.005551
v -0.078247 0.075200 0.016099
v -0.083204 0.051714 0.001592
v -0.087038 0.054097 0.005551
v -0.092172 0.057288 0.016099
v -0.092137 0.033285 0.001592
v -0.096383 0.034819 0.005551
v -0.102069 0.036873 0.016099
v -0.115817 -0.008378 0.041028
v -0.111545 -0.032275 0.041028
v -0.118501 -0.034288 0.076878
v -0.123041 -0.008901 0.076878
v -0.122203 0.016876 0.076878
v -0.115028 0.015885 0.041028
v -0.102397 -0.054761 0.041028
v -0.108783 -0.058176 0.076878
v -0.088773 -0.074853 0.041028
v -0.094311 -0.079522 0.076878
v -0.071271 -0.091675 0.041028
v -0.075716 -0.097393 0.076878
v -0.050653 -0.104490 0.041028
v -0.053812 -0.111007 0.076878
v -0.027821 -0.112737 0.041028
v -0.029557 -0.119769 0.076878
v -0.003774 -0.116058 0.041028
v -0.004009 -0.123297 0.076878
v 0.020439 -0.114307 0.041028
v 0.021713 -0.121436 0.076878
v 0.043757 -0.107559 0.041028
v 0.046487 -0.114269 0.076878
v 0.065164 -0.096112 0.041028
v 0.069228 -0.102106 0.076878
v 0.083723 -0.080463 0.041028
v 0.088945 -0.085481 0.076878
v 0.098622 -0.061298 0.041028
v 0.104774 -0.065121 0.076878
v 0.109212 -0.039454 0.041028
v 0.116023 -0.041914 0.076878
v 0.115028 -0.015885 0.041028
v 0.122203 -0.016876 0.076878
v 0.115817 0.008378 0.041028
v 0.123041 0.008901 0.076878
v 0.111545 0.032275 0.041028
v 0.118501 0.034288 0.076878
v 0.102397 0.054761 0.041028
v 0.108783 0.058176 0.076878
v 0.088773 0.074853 0.041028
v 0.094311 0.079522 0.076878
v 0.071271 0.091675 0.041028
v 0.075716 0.097393 0.076878
v 0.050653 0.104490 0.041028
v 0.053812 0.111007 0.076878
v 0.027821 0.112737 0.041028
v 0.029557 0.119769 0.076878
v 0.003774 0.116058 0.041028
v 0.004009 0.123297 0.076878
v -0.020439 0.114307 0.041028
v -0.021713 0.121436 0.076878
v -0.043757 0.107560 0.041028
v -0.046487 0.114269 0.076878
v -0.065164 0.096112 0.041028
v -0.069228 0.102106 0.076878
v -0.083722 0.080463 0.041028
v -0.088945 0.085482 0.076878
v -0.098622 0.061298 0.041028
v -0.104774 0.065121 0.076878
v -0.109212 0.039454 0.041028
v -0.116023 0.041914 0.076878
v -0.128102 -0.009267 0.123982
v -0.123376 -0.035698 0.123982
v -0.125897 -0.036428 0.153604
v -0.130719 -0.009456 0.153604
v -0.129829 0.017929 0.153604
v -0.127230 0.017570 0.123982
v -0.113258 -0.060569 0.123982
v -0.115572 -0.061807 0.153604
v -0.098190 -0.082794 0.123982
v -0.100196 -0.084485 0.153604
v -0.078831 -0.101399 0.123982
v -0.080441 -0.103471 0.153604
v -0.056026 -0.115573 0.123982
v -0.057170 -0.117935 0.153604
v -0.030772 -0.124696 0.123982
v -0.031402 -0.127244 0.153604
v -0.004174 -0.128369 0.123982
v -0.004260 -0.130992 0.153604
v 0.022606 -0.126432 0.123982
v 0.023068 -0.129015 0.153604
v 0.048399 -0.118969 0.123982
v 0.049388 -0.121400 0.153604
v 0.072077 -0.106307 0.123982
v 0.073549 -0.108478 0.153604
v 0.092604 -0.088998 0.123982
v 0.094496 -0.090816 0.153604
v 0.109084 -0.067799 0.123982
v 0.111312 -0.069185 0.153604
v 0.120797 -0.043638 0.123982
v 0.123264 -0.044530 0.153604
v 0.127230 -0.017570 0.123982
v 0.129829 -0.017929 0.153604
v 0.128102 0.009267 0.123982
v 0.130719 0.009457 0.153604
v 0.123376 0.035698 0.123982
v 0.125897 0.036428 0.153604
v 0.113258 0.060569 0.123982
v 0.115572 0.061807 0.153604
v 0.098190 0.082794 0.123982
v 0.100196 0.084486 0.153604
v 0.078831 0.101399 0.123982
v 0.080441 0.103471 0.153604
v 0.056026 0.115573 0.123982
v 0.057170 0.117935 0.153604
v 0.030772 0.124696 0.123982
v 0.031402 0.127244 0.153604
v 0.004174 0.128369 0.123982
v 0.004260 0.130992 0.153604
v -0.022606 0.126432 0.123982
v -0.023068 0.129015 0.153604
v -0.048399 0.118969 0.123982
v -0.049388 0.121400 0.153604
v -0.072076 0.106307 0.123982
v -0.073549 0.108478 0.153604
v -0.092604 0.088998 0.123982
v -0.094495 0.090816 0.153604
v -0.109084 0.067800 0.123982
v -0.111312 0.069185 0.153604
v -0.120797 0.043639 0.123982
v -0.123264 0.044530 0.153604
v -0.131938 -0.009544 0.155940
v -0.131039 0.018096 0.155940
v -0.127071 -0.036767 0.155940
v -0.128232 -0.037103 0.158276
v -0.133143 -0.009632 0.158276
v -0.132236 0.018261 0.158276
v -0.116650 -0.062383 0.155940
v -0.117715 -0.062953 0.158276
v -0.101130 -0.085273 0.155940
v -0.102054 -0.086052 0.158276
v -0.081191 -0.104436 0.155940
v -0.081933 -0.105390 0.158276
v -0.057704 -0.119034 0.155940
v -0.058230 -0.120121 0.158276
v -0.031694 -0.128430 0.155940
v -0.031983 -0.129603 0.158276
v -0.004299 -0.132213 0.155940
v -0.004339 -0.133420 0.158276
v 0.023284 -0.130217 0.155940
v 0.023496 -0.131407 0.158276
v 0.049848 -0.122531 0.155940
v 0.050303 -0.123650 0.158276
v 0.074235 -0.109490 0.155940
v 0.074913 -0.110490 0.158276
v 0.095376 -0.091663 0.155940
v 0.096248 -0.092500 0.158276
v 0.112350 -0.069829 0.155940
v 0.113376 -0.070468 0.158276
v 0.124413 -0.044945 0.155940
v 0.125550 -0.045355 0.158276
v 0.131039 -0.018096 0.155940
v 0.132236 -0.018261 0.158276
v 0.131938 0.009544 0.155940
v 0.133143 0.009632 0.158276
v 0.127071 0.036767 0.155940
v 0.128232 0.037103 0.158276
v 0.116650 0.062383 0.155940
v 0.117715 0.062953 0.158276
v 0.101130 0.085273 0.155940
v 0.102054 0.086052 0.158276
v 0.081191 0.104436 0.155940
v 0.081933 0.105390 0.158276
v 0.057704 0.119034 0.155940
v 0.058230 0.120121 0.158276
v 0.031694 0.128430 0.155940
v 0.031983 0.129603 0.158276
v 0.004300 0.132213 0.155940
v 0.004339 0.133420 0.158276
v -0.023283 0.130217 0.155940
v -0.023496 0.131407 0.158276
v -0.049848 0.122531 0.155940
v -0.050303 0.123650 0.158276
v -0.074234 0.109490 0.155940
v -0.074913 0.110490 0.158276
v -0.095376 0.091663 0.155940
v -0.096248 0.092500 0.158276
v -0.112350 0.069830 0.155940
v -0.113376 0.070468 0.158276
v -0.124413 0.044945 0.155940
v -0.125550 0.045356 0.158276
v -0.133202 -0.009636 0.160096
v -0.132295 0.018269 0.160096
v -0.128288 -0.037119 0.160096
v -0.128232 -0.037104 0.161743
v -0.133144 -0.009632 0.161743
v -0.132237 0.018261 0.161743
v -0.117767 -0.062981 0.160096
v -0.117716 -0.062954 0.161743
v -0.102099 -0.086090 0.160096
v -0.102055 -0.086053 0.161743
v -0.081969 -0.105436 0.160096
v -0.081933 -0.105391 0.161743
v -0.058256 -0.120174 0.160096
v -0.058231 -0.120122 0.161743
v -0.031998 -0.129660 0.160096
v -0.031984 -0.129604 0.161743
v -0.004340 -0.133480 0.160096
v -0.004339 -0.133422 0.161743
v 0.023506 -0.131465 0.160096
v 0.023496 -0.131409 0.161743
v 0.050326 -0.123705 0.160096
v 0.050304 -0.123652 0.161743
v 0.074946 -0.110539 0.160096
v 0.074914 -0.110491 0.161743
v 0.096291 -0.092541 0.160096
v 0.096248 -0.092501 0.161743
v 0.113427 -0.070499 0.160096
v 0.113377 -0.070468 0.161743
v 0.125606 -0.045376 0.160096
v 0.125551 -0.045356 0.161743
v 0.132295 -0.018269 0.160096
v 0.132238 -0.018261 0.161743
v 0.133202 0.009636 0.160096
v 0.133144 0.009632 0.161743
v 0.128288 0.037119 0.160096
v 0.128232 0.037104 0.161743
v 0.117767 0.062981 0.160096
v 0.117716 0.062954 0.161743
v 0.102099 0.086090 0.160096
v 0.102055 0.086053 0.161743
v 0.081969 0.105436 0.160096
v 0.081933 0.105391 0.161743
v 0.058256 0.120174 0.160096
v 0.058231 0.120122 0.161743
v 0.031998 0.129660 0.160096
v 0.031984 0.129604 0.161743
v 0.004340 0.133480 0.160096
v 0.004339 0.133422 0.161743
v -0.023506 0.131465 0.160096
v -0.023496 0.131409 0.161743
v -0.050326 0.123705 0.160096
v -0.050304 0.123652 0.161743
v -0.074946 0.110539 0.160096
v -0.074913 0.110491 0.161743
v -0.096291 0.092542 0.160096
v -0.096248 0.092501 0.161743
v -0.113427 0.070499 0.160096
v -0.113377 0.070468 0.161743
v -0.125606 0.045376 0.160096
v -0.125551 0.045356 0.161743
v -0.095657 0.013210 0.001324
v -0.096313 -0.006967 0.001324
v -0.092760 -0.026839 0.001324
v -0.085153 -0.045539 0.001324
v -0.073823 -0.062248 0.001324
v -0.059268 -0.076236 0.001324
v -0.042123 -0.086893 0.001324
v -0.023136 -0.093752 0.001324
v -0.003139 -0.096513 0.001324
v 0.016997 -0.095057 0.001324
v 0.036389 -0.089446 0.001324
v 0.054190 -0.079926 0.001324
v 0.069624 -0.066913 0.001324
v 0.082014 -0.050975 0.001324
v 0.090820 -0.032809 0.001324
v 0.095657 -0.013210 0.001324
v 0.096313 0.006967 0.001324
v 0.092760 0.026839 0.001324
v 0.085153 0.045539 0.001324
v 0.073823 0.062248 0.001324
v 0.059268 0.076236 0.001324
v 0.042123 0.086893 0.001324
v 0.023136 0.093752 0.001324
v 0.003139 0.096513 0.001324
v -0.016997 0.095057 0.001324
v -0.036389 0.089446 0.001324
v -0.054190 0.079926 0.001324
v -0.069623 0.066913 0.001324
v -0.082014 0.050975 0.001324
v -0.090820 0.032809 0.001324
v -0.096256 -0.006963 0.000658
v -0.092705 -0.026823 0.000658
v -0.095600 0.013202 0.000658
v -0.095543 0.013194 -0.000000
v -0.096198 -0.006959 0.000000
v -0.092649 -0.026807 0.000000
v -0.085102 -0.045512 0.000658
v -0.085051 -0.045484 0.000000
v -0.073780 -0.062211 0.000658
v -0.073735 -0.062174 0.000000
v -0.059233 -0.076191 0.000658
v -0.059197 -0.076146 0.000000
v -0.042098 -0.086841 0.000658
v -0.042073 -0.086789 0.000000
v -0.023122 -0.093696 0.000658
v -0.023109 -0.093640 0.000000
v -0.003136 -0.096456 0.000658
v -0.003135 -0.096398 0.000000
v 0.016986 -0.095001 0.000658
v 0.016976 -0.094943 0.000000
v 0.036367 -0.089393 0.000658
v 0.036345 -0.089339 0.000000
v 0.054158 -0.079879 0.000658
v 0.054126 -0.079830 0.000000
v 0.069583 -0.066873 0.000658
v 0.069540 -0.066832 0.000000
v 0.081965 -0.050944 0.000658
v 0.081916 -0.050914 0.000000
v 0.090766 -0.032789 0.000658
v 0.090712 -0.032770 0.000000
v 0.095600 -0.013202 0.000658
v 0.095543 -0.013194 0.000000
v 0.096256 0.006963 0.000658
v 0.096198 0.006959 -0.000000
v 0.092705 0.026823 0.000658
v 0.092649 0.026807 -0.000000
v 0.085102 0.045512 0.000658
v 0.085051 0.045484 -0.000000
v 0.073780 0.062211 0.000658
v 0.073735 0.062174 -0.000000
v 0.059233 0.076191 0.000658
v 0.059197 0.076146 -0.000000
v 0.042098 0.086841 0.000658
v 0.042073 0.086789 -0.000000
v 0.023122 0.093696 0.000658
v 0.023109 0.093640 -0.000000
v 0.003136 0.096456 0.000658
v 0.003135 0.096398 -0.000000
v -0.016986 0.095001 0.000658
v -0.016976 0.094943 -0.000000
v -0.036367 0.089393 0.000658
v -0.036345 0.089339 -0.000000
v -0.054158 0.079879 0.000658
v -0.054126 0.079830 -0.000000
v -0.069582 0.066873 0.000658
v -0.069540 0.066832 -0.000000
v -0.081965 0.050945 0.000658
v -0.081916 0.050914 -0.000000
v -0.090766 0.032789 0.000658
v -0.090711 0.032770 -0.000000
v -0.095749 -0.006927 -0.000058
v -0.092217 -0.026682 -0.000058
v -0.095098 0.013132 -0.000058
v -0.081027 0.011190 -0.000058
v -0.081583 -0.005902 -0.000058
v -0.078573 -0.022734 -0.000058
v -0.084654 -0.045272 -0.000058
v -0.072129 -0.038574 -0.000058
v -0.073392 -0.061884 -0.000058
v -0.062533 -0.052728 -0.000058
v -0.058922 -0.075791 -0.000058
v -0.050204 -0.064577 -0.000058
v -0.041877 -0.086385 -0.000058
v -0.035681 -0.073604 -0.000058
v -0.023001 -0.093204 -0.000058
v -0.019597 -0.079413 -0.000058
v -0.003120 -0.095949 -0.000058
v -0.002659 -0.081753 -0.000058
v 0.016897 -0.094501 -0.000058
v 0.014397 -0.080519 -0.000058
v 0.036176 -0.088923 -0.000058
v 0.030823 -0.075766 -0.000058
v 0.053873 -0.079459 -0.000058
v 0.045903 -0.067702 -0.000058
v 0.069217 -0.066521 -0.000058
v 0.058975 -0.056679 -0.000058
v 0.081534 -0.050677 -0.000058
v 0.069470 -0.043179 -0.000058
v 0.090289 -0.032618 -0.000058
v 0.076930 -0.027791 -0.000058
v 0.095098 -0.013132 -0.000058
v 0.081027 -0.011189 -0.000058
v 0.095749 0.006927 -0.000058
v 0.081583 0.005902 -0.000058
v 0.092217 0.026682 -0.000058
v 0.078573 0.022734 -0.000058
v 0.084654 0.045272 -0.000058
v 0.072129 0.038574 -0.000058
v 0.073392 0.061884 -0.000058
v 0.062533 0.052728 -0.000058
v 0.058922 0.075791 -0.000058
v 0.050204 0.064577 -0.000058
v 0.041877 0.086385 -0.000058
v 0.035681 0.073604 -0.000058
v 0.023001 0.093204 -0.000058
v 0.019597 0.079413 -0.000058
v 0.003120 0.095949 -0.000058
v 0.002659 0.081753 -0.000058
v -0.016897 0.094501 -0.000058
v -0.014397 0.080519 -0.000058
v -0.036176 0.088923 -0.000058
v -0.030823 0.075766 -0.000058
v -0.053873 0.079459 -0.000058
v -0.045902 0.067702 -0.000058
v -0.069217 0.066521 -0.000058
v -0.058975 0.056679 -0.000058
v -0.081534 0.050677 -0.000058
v -0.069470 0.043179 -0.000058
v -0.090289 0.032618 -0.000058
v -0.076930 0.027791 -0.000058
v -0.055324 0.007640 -0.000054
v -0.055703 -0.004029 -0.000054
v -0.053648 -0.015521 -0.000054
v -0.049249 -0.026336 -0.000054
v -0.042697 -0.035998 -0.000054
v -0.034280 -0.044088 -0.000054
v -0.024364 -0.050251 -0.000054
v -0.013385 -0.054217 -0.000054
v -0.001820 -0.055814 -0.000054
v 0.009824 -0.054972 -0.000054
v 0.021039 -0.051727 -0.000054
v 0.031334 -0.046222 -0.000054
v 0.040259 -0.038696 -0.000054
v 0.047424 -0.029479 -0.000054
v 0.052517 -0.018974 -0.000054
v 0.055314 -0.007639 -0.000054
v 0.055693 0.004029 -0.000054
v 0.053639 0.015521 -0.000054
v 0.049240 0.026336 -0.000054
v 0.042688 0.035999 -0.000054
v 0.034270 0.044088 -0.000054
v 0.024355 0.050251 -0.000054
v 0.013375 0.054217 -0.000054
v 0.001810 0.055814 -0.000054
v -0.009834 0.054972 -0.000054
v -0.021048 0.051727 -0.000054
v -0.031343 0.046222 -0.000054
v -0.040268 0.038696 -0.000054
v -0.047434 0.029479 -0.000054
v -0.052527 0.018974 -0.000054
v -0.130964 -0.009474 0.161801
v -0.126132 -0.036496 0.161801
v -0.123466 -0.035724 0.161431
v -0.128195 -0.009273 0.161431
v -0.127322 0.017582 0.161431
v -0.130072 0.017962 0.161801
v -0.115788 -0.061922 0.161801
v -0.113340 -0.060613 0.161431
v -0.100383 -0.084643 0.161801
v -0.098261 -0.082853 0.161431
v -0.080591 -0.103664 0.161801
v -0.078888 -0.101473 0.161431
v -0.057277 -0.118154 0.161801
v -0.056067 -0.115657 0.161431
v -0.031460 -0.127481 0.161801
v -0.030795 -0.124787 0.161431
v -0.004268 -0.131237 0.161801
v -0.004177 -0.128462 0.161431
v 0.023111 -0.129256 0.161801
v 0.022623 -0.126524 0.161431
v 0.049480 -0.121627 0.161801
v 0.048434 -0.119055 0.161431
v 0.073687 -0.108681 0.161801
v 0.072128 -0.106384 0.161431
v 0.094672 -0.090986 0.161801
v 0.092671 -0.089062 0.161431
v 0.111521 -0.069314 0.161801
v 0.109163 -0.067849 0.161431
v 0.123494 -0.044613 0.161801
v 0.120884 -0.043670 0.161431
v 0.130072 -0.017962 0.161801
v 0.127322 -0.017582 0.161431
v 0.130964 0.009474 0.161801
v 0.128195 0.009273 0.161431
v 0.126132 0.036496 0.161801
v 0.123466 0.035724 0.161431
v 0.115788 0.061922 0.161801
v 0.113340 0.060613 0.161431
v 0.100383 0.084643 0.161801
v 0.098261 0.082853 0.161431
v 0.080591 0.103664 0.161801
v 0.078888 0.101473 0.161431
v 0.057277 0.118154 0.161801
v 0.056067 0.115657 0.161431
v 0.031460 0.127481 0.161801
v 0.030795 0.124787 0.161431
v 0.004268 0.131237 0.161801
v 0.004177 0.128462 0.161431
v -0.023111 0.129256 0.161801
v -0.022623 0.126524 0.161431
v -0.049480 0.121627 0.161801
v -0.048434 0.119055 0.161431
v -0.073687 0.108681 0.161801
v -0.072128 0.106384 0.161431
v -0.094672 0.090986 0.161801
v -0.092670 0.089062 0.161431
v -0.111520 0.069314 0.161801
v -0.109163 0.067849 0.161431
v -0.123494 0.044614 0.161801
v -0.120884 0.043670 0.161431
v -0.126561 -0.009156 0.159986
v -0.127487 -0.009223 0.161004
v -0.122784 -0.035527 0.161004
v -0.121892 -0.035269 0.159986
v -0.118897 -0.034402 0.127116
v -0.123451 -0.008931 0.127116
v -0.122610 0.016932 0.127116
v -0.125699 0.017359 0.159986
v -0.126619 0.017485 0.161004
v -0.112714 -0.060279 0.161004
v -0.111896 -0.059841 0.159986
v -0.109146 -0.058371 0.127116
v -0.097718 -0.082396 0.161004
v -0.097009 -0.081798 0.159986
v -0.094625 -0.079787 0.127116
v -0.078452 -0.100913 0.161004
v -0.077882 -0.100180 0.159986
v -0.075968 -0.097717 0.127116
v -0.055757 -0.115018 0.161004
v -0.055352 -0.114183 0.159986
v -0.053991 -0.111377 0.127116
v -0.030625 -0.124098 0.161004
v -0.030402 -0.123197 0.159986
v -0.029656 -0.120169 0.127116
v -0.004154 -0.127753 0.161004
v -0.004124 -0.126826 0.159986
v -0.004023 -0.123708 0.127116
v 0.022498 -0.125824 0.161004
v 0.022334 -0.124911 0.159986
v 0.021786 -0.121841 0.127116
v 0.048167 -0.118397 0.161004
v 0.047817 -0.117538 0.159986
v 0.046642 -0.114650 0.127116
v 0.071730 -0.105796 0.161004
v 0.071209 -0.105028 0.159986
v 0.069459 -0.102447 0.127116
v 0.092159 -0.088570 0.161004
v 0.091490 -0.087927 0.159986
v 0.089241 -0.085766 0.127116
v 0.108560 -0.067474 0.161004
v 0.107772 -0.066984 0.159986
v 0.105123 -0.065338 0.127116
v 0.120216 -0.043429 0.161004
v 0.119343 -0.043113 0.159986
v 0.116411 -0.042053 0.127116
v 0.126619 -0.017485 0.161004
v 0.125699 -0.017358 0.159986
v 0.122610 -0.016932 0.127116
v 0.127487 0.009223 0.161004
v 0.126561 0.009156 0.159986
v 0.123451 0.008931 0.127116
v 0.122784 0.035527 0.161004
v 0.121892 0.035269 0.159986
v 0.118897 0.034402 0.127116
v 0.112714 0.060279 0.161004
v 0.111896 0.059841 0.159986
v 0.109146 0.058371 0.127116
v 0.097718 0.082396 0.161004
v 0.097009 0.081798 0.159986
v 0.094625 0.079787 0.127116
v 0.078452 0.100913 0.161004
v 0.077882 0.100180 0.159986
v 0.075968 0.097717 0.127116
v 0.055757 0.115018 0.161004
v 0.055352 0.114183 0.159986
v 0.053991 0.111377 0.127116
v 0.030625 0.124098 0.161004
v 0.030402 0.123197 0.159986
v 0.029656 0.120169 0.127116
v 0.004154 0.127753 0.161004
v 0.004124 0.126826 0.159986
v 0.004023 0.123708 0.127116
v -0.022497 0.125824 0.161004
v -0.022334 0.124912 0.159986
v -0.021785 0.121841 0.127116
v -0.048167 0.118398 0.161004
v -0.047817 0.117538 0.159986
v -0.046642 0.114650 0.127116
v -0.071730 0.105796 0.161004
v -0.071209 0.105028 0.159986
v -0.069459 0.102447 0.127116
v -0.092159 0.088570 0.161004
v -0.091489 0.087927 0.159986
v -0.089241 0.085767 0.127116
v -0.108559 0.067475 0.161004
v -0.107772 0.066984 0.159986
v -0.105123 0.065338 0.127116
v -0.120216 0.043429 0.161004
v -0.119343 0.043113 0.159986
v -0.116410 0.042054 0.127116
v -0.118408 -0.008565 0.076397
v -0.117601 0.016240 0.076397
v -0.114039 -0.032996 0.076397
v -0.106435 -0.030796 0.040090
v -0.110512 -0.007995 0.040090
v -0.109759 0.015157 0.040090
v -0.104686 -0.055986 0.076397
v -0.097705 -0.052252 0.040090
v -0.090759 -0.076528 0.076397
v -0.084707 -0.071425 0.040090
v -0.072865 -0.093725 0.076397
v -0.068005 -0.087475 0.040090
v -0.051785 -0.106826 0.076397
v -0.048332 -0.099703 0.040090
v -0.028444 -0.115259 0.076397
v -0.026547 -0.107573 0.040090
v -0.003858 -0.118654 0.076397
v -0.003601 -0.110742 0.040090
v 0.020895 -0.116863 0.076397
v 0.019502 -0.109070 0.040090
v 0.044736 -0.109965 0.076397
v 0.041753 -0.102632 0.040090
v 0.066621 -0.098261 0.076397
v 0.062179 -0.091708 0.040090
v 0.085595 -0.082262 0.076397
v 0.079887 -0.076777 0.040090
v 0.100828 -0.062669 0.076397
v 0.094104 -0.058489 0.040090
v 0.111654 -0.040335 0.076397
v 0.104209 -0.037646 0.040090
v 0.117601 -0.016240 0.076397
v 0.109759 -0.015157 0.040090
v 0.118408 0.008565 0.076397
v 0.110512 0.007995 0.040090
v 0.114039 0.032996 0.076397
v 0.106435 0.030796 0.040090
v 0.104686 0.055986 0.076397
v 0.097705 0.052252 0.040090
v 0.090759 0.076528 0.076397
v 0.084707 0.071425 0.040090
v 0.072865 0.093725 0.076397
v 0.068005 0.087475 0.040090
v 0.051785 0.106826 0.076397
v 0.048332 0.099703 0.040090
v 0.028444 0.115259 0.076397
v 0.026547 0.107573 0.040090
v 0.003858 0.118654 0.076397
v 0.003601 0.110742 0.040090
v -0.020895 0.116863 0.076397
v -0.019502 0.109070 0.040090
v -0.044736 0.109965 0.076397
v -0.041753 0.102632 0.040090
v -0.066621 0.098261 0.076397
v -0.062179 0.091708 0.040090
v -0.085595 0.082262 0.076397
v -0.079887 0.076777 0.040090
v -0.100828 0.062669 0.076397
v -0.094104 0.058490 0.040090
v -0.111654 0.040336 0.076397
v -0.104209 0.037646 0.040090
v -0.099181 -0.028697 0.018814
v -0.102980 -0.007450 0.018814
v -0.102279 0.014124 0.018814
v -0.091047 -0.048691 0.018814
v -0.078934 -0.066557 0.018814
v -0.063371 -0.081514 0.018814
v -0.045038 -0.092908 0.018814
v -0.024738 -0.100242 0.018814
v -0.003356 -0.103195 0.018814
v 0.018173 -0.101638 0.018814
v 0.038908 -0.095638 0.018814
v 0.057942 -0.085459 0.018814
v 0.074443 -0.071544 0.018814
v 0.087691 -0.054504 0.018814
v 0.097107 -0.035081 0.018814
v 0.102279 -0.014124 0.018814
v 0.102980 0.007450 0.018814
v 0.099181 0.028697 0.018814
v 0.091047 0.048691 0.018814
v 0.078934 0.066557 0.018814
v 0.063371 0.081514 0.018814
v 0.045038 0.092908 0.018814
v 0.024738 0.100242 0.018814
v 0.003356 0.103195 0.018814
v -0.018173 0.101638 0.018814
v -0.038908 0.095638 0.018814
v -0.057942 0.085459 0.018814
v -0.074443 0.071544 0.018814
v -0.087691 0.054504 0.018814
v -0.097107 0.035081 0.018814
v -0.092567 -0.026784 0.013362
v -0.096113 -0.006953 0.013362
v -0.095458 0.013182 0.013362
v -0.084976 -0.045444 0.013362
v -0.073671 -0.062119 0.013362
v -0.059146 -0.076079 0.013362
v -0.042035 -0.086713 0.013362
v -0.023088 -0.093558 0.013362
v -0.003132 -0.096314 0.013362
v 0.016961 -0.094860 0.013362
v 0.036313 -0.089260 0.013362
v 0.054078 -0.079760 0.013362
v 0.069479 -0.066773 0.013362
v 0.081844 -0.050869 0.013362
v 0.090632 -0.032741 0.013362
v 0.095458 -0.013182 0.013362
v 0.096113 0.006953 0.013362
v 0.092567 0.026784 0.013362
v 0.084976 0.045444 0.013362
v 0.073671 0.062119 0.013362
v 0.059146 0.076079 0.013362
v 0.042035 0.086713 0.013362
v 0.023088 0.093558 0.013362
v 0.003132 0.096314 0.013362
v -0.016961 0.094860 0.013362
v -0.036313 0.089260 0.013362
v -0.054078 0.079760 0.013362
v -0.069479 0.066774 0.013362
v -0.081844 0.050869 0.013362
v -0.090632 0.032741 0.013362
v -0.080841 -0.023391 0.011689
v -0.083937 -0.006072 0.011689
v -0.083366 0.011512 0.011689
v -0.074211 -0.039687 0.011689
v -0.064338 -0.054250 0.011689
v -0.051653 -0.066441 0.011689
v -0.036710 -0.075728 0.011689
v -0.020163 -0.081706 0.011689
v -0.002735 -0.084112 0.011689
v 0.014812 -0.082843 0.011689
v 0.031713 -0.077953 0.011689
v 0.047228 -0.069656 0.011689
v 0.060678 -0.058315 0.011689
v 0.071476 -0.044425 0.011689
v 0.079151 -0.028593 0.011689
v 0.083366 -0.011512 0.011689
v 0.083937 0.006072 0.011689
v 0.080841 0.023391 0.011689
v 0.074211 0.039687 0.011689
v 0.064338 0.054250 0.011689
v 0.051653 0.066441 0.011689
v 0.036710 0.075728 0.011689
v 0.020163 0.081706 0.011689
v 0.002735 0.084112 0.011689
v -0.014812 0.082843 0.011689
v -0.031713 0.077953 0.011689
v -0.047227 0.069656 0.011689
v -0.060678 0.058315 0.011689
v -0.071476 0.044425 0.011689
v -0.079151 0.028594 0.011689
v -0.066011 -0.019100 0.011689
v -0.068539 -0.004958 0.011689
v -0.068073 0.009401 0.011689
v -0.060597 -0.032407 0.011689
v -0.052536 -0.044298 0.011689
v -0.042178 -0.054252 0.011689
v -0.029976 -0.061836 0.011689
v -0.016464 -0.066717 0.011689
v -0.002233 -0.068683 0.011689
v 0.012095 -0.067646 0.011689
v 0.025895 -0.063653 0.011689
v 0.038564 -0.056878 0.011689
v 0.049547 -0.047617 0.011689
v 0.058364 -0.036275 0.011689
v 0.064630 -0.023348 0.011689
v 0.068073 -0.009400 0.011689
v 0.068539 0.004958 0.011689
v 0.066011 0.019100 0.011689
v 0.060597 0.032407 0.011689
v 0.052536 0.044298 0.011689
v 0.042178 0.054252 0.011689
v 0.029976 0.061836 0.011689
v 0.016464 0.066717 0.011689
v 0.002234 0.068683 0.011689
v -0.012095 0.067646 0.011689
v -0.025895 0.063653 0.011689
v -0.038564 0.056878 0.011689
v -0.049547 0.047618 0.011689
v -0.058364 0.036275 0.011689
v -0.064630 0.023348 0.011689
v -0.044688 -0.007983 0.011689
v -0.044075 0.010870 0.011689
v -0.037580 -0.025455 0.011689
v -0.023980 -0.038526 0.011689
v -0.006239 -0.044935 0.011689
v 0.012574 -0.043574 0.011689
v 0.029208 -0.034679 0.011689
v 0.040785 -0.019787 0.011689
v 0.045304 -0.001473 0.011689
v 0.041984 0.017095 0.011689
v 0.031399 0.032707 0.011689
v 0.015379 0.042665 0.011689
v -0.003307 0.045245 0.011689
v -0.021426 0.040003 0.011689
v -0.035847 0.027844 0.011689
v -0.032006 -0.005715 -0.000051
v -0.031567 0.007783 -0.000051
v -0.025676 0.019936 -0.000051
v -0.015350 0.028642 -0.000051
v -0.002377 0.032396 -0.000051
v 0.011001 0.030548 -0.000051
v 0.022472 0.023419 -0.000051
v 0.030050 0.012240 -0.000051
v 0.032428 -0.001054 -0.000051
v 0.029192 -0.014167 -0.000051
v 0.020903 -0.024829 -0.000051
v 0.008993 -0.031198 -0.000051
v -0.004477 -0.032173 -0.000051
v -0.017179 -0.027584 -0.000051
v -0.026916 -0.018225 -0.000051
v -0.000120 0.000004 0.011689
v -0.000095 0.000003 -0.000051
v -0.117870 0.063663 0.133205
v -0.117948 0.062856 0.133213
v -0.117634 0.063540 0.133971
v -0.117181 0.064587 0.134336
v -0.117494 0.064748 0.133391
v -0.117641 0.064771 0.132108
v -0.118047 0.063546 0.132060
v -0.118123 0.062540 0.132072
v -0.116598 0.065740 0.134340
v -0.116911 0.065901 0.133395
v -0.117013 0.066013 0.132112
v -0.116965 0.065994 0.130721
v -0.117593 0.064752 0.130716
v -0.118002 0.063527 0.130770
v -0.118078 0.062521 0.130781
v -0.116259 0.066848 0.133217
v -0.116022 0.066726 0.133982
v -0.115654 0.067389 0.133230
v -0.115500 0.067724 0.132091
v -0.116266 0.067067 0.132074
v -0.115455 0.067705 0.130800
v -0.116221 0.067049 0.130782
v -0.116135 0.066799 0.129648
v -0.115531 0.067339 0.129662
v -0.115845 0.066655 0.128905
v -0.116397 0.065659 0.128535
v -0.116774 0.065846 0.129452
v -0.116980 0.064505 0.128531
v -0.117358 0.064693 0.129448
v -0.117747 0.063613 0.129637
v -0.117457 0.063469 0.128894
v -0.117824 0.062806 0.129646
v -0.115269 0.062339 0.134093
v -0.115583 0.061655 0.133336
v -0.115026 0.062120 0.132942
v -0.114819 0.062569 0.133439
v -0.114350 0.063298 0.133671
v -0.114713 0.063333 0.134463
v -0.115099 0.063472 0.134916
v -0.115660 0.062326 0.134444
v -0.116048 0.061481 0.133509
v -0.113883 0.064220 0.133674
v -0.114129 0.064486 0.134467
v -0.114471 0.064714 0.134920
v -0.115411 0.065205 0.134928
v -0.116050 0.063940 0.134924
v -0.116621 0.062774 0.134444
v -0.117016 0.061915 0.133494
v -0.113657 0.065526 0.134104
v -0.113574 0.065031 0.133448
v -0.113333 0.065467 0.132954
v -0.113289 0.066189 0.133352
v -0.113425 0.066665 0.133529
v -0.113878 0.065846 0.134456
v -0.114347 0.067190 0.133513
v -0.114807 0.066358 0.134457
v -0.116314 0.065636 0.134762
v -0.115732 0.066749 0.134305
v -0.115286 0.067553 0.133393
v -0.116931 0.064416 0.134757
v -0.117863 0.062461 0.133375
v -0.117481 0.063291 0.134293
v -0.113113 0.065611 0.132096
v -0.113031 0.066470 0.132217
v -0.113170 0.067065 0.132254
v -0.113077 0.065596 0.131065
v -0.112987 0.066453 0.130925
v -0.113121 0.067046 0.130863
v -0.114037 0.067577 0.130800
v -0.114086 0.067597 0.132215
v -0.113166 0.066139 0.129784
v -0.113236 0.065428 0.130198
v -0.113443 0.064978 0.129700
v -0.113480 0.065455 0.129027
v -0.113676 0.065766 0.128651
v -0.113288 0.066610 0.129585
v -0.114602 0.066276 0.128549
v -0.114207 0.067135 0.129499
v -0.114988 0.067928 0.130775
v -0.115152 0.067499 0.129520
v -0.115534 0.066670 0.128603
v -0.115035 0.067947 0.132141
v -0.113738 0.064161 0.129476
v -0.113928 0.064406 0.128661
v -0.114237 0.064620 0.128179
v -0.114204 0.063240 0.129472
v -0.114511 0.063253 0.128657
v -0.114865 0.063378 0.128174
v -0.115812 0.063845 0.128065
v -0.115173 0.065109 0.128069
v -0.115092 0.062268 0.129016
v -0.114689 0.062517 0.129691
v -0.114930 0.062081 0.130185
v -0.115459 0.061605 0.129768
v -0.115911 0.061426 0.129566
v -0.115458 0.062245 0.128638
v -0.116876 0.061859 0.129480
v -0.116416 0.062692 0.128536
v -0.116701 0.064324 0.128133
v -0.117284 0.063211 0.128590
v -0.117729 0.062407 0.129502
v -0.116085 0.065544 0.128138
v -0.114974 0.061848 0.131050
v -0.115609 0.061269 0.130907
v -0.116167 0.061026 0.130841
v -0.115010 0.061863 0.132083
v -0.115654 0.061287 0.132198
v -0.116215 0.061045 0.132232
v -0.117186 0.061473 0.132193
v -0.117137 0.061453 0.130777
v -0.118028 0.062032 0.132120
v -0.117980 0.062014 0.130754
v -0.107987 0.058672 0.133757
v -0.108179 0.058766 0.134505
v -0.108493 0.058082 0.133748
v -0.108587 0.057725 0.132609
v -0.107950 0.058447 0.132621
v -0.107269 0.059533 0.132680
v -0.107397 0.059649 0.133952
v -0.107646 0.059772 0.134874
v -0.108543 0.057708 0.131318
v -0.107905 0.058429 0.131331
v -0.107220 0.059514 0.131289
v -0.106592 0.060756 0.131293
v -0.106640 0.060775 0.132685
v -0.106813 0.060803 0.133956
v -0.107063 0.060925 0.134878
v -0.107863 0.058622 0.130189
v -0.108370 0.058032 0.130180
v -0.108003 0.058696 0.129428
v -0.107445 0.059692 0.129068
v -0.107260 0.059594 0.130009
v -0.106861 0.060845 0.129073
v -0.106677 0.060748 0.130013
v -0.106251 0.061808 0.130201
v -0.106391 0.061882 0.129439
v -0.106076 0.062566 0.130196
v -0.105920 0.062892 0.131337
v -0.106124 0.061950 0.131343
v -0.105964 0.062909 0.132629
v -0.106168 0.061968 0.132634
v -0.106375 0.061858 0.133769
v -0.106200 0.062615 0.133764
v -0.106567 0.061952 0.134516
v -0.107885 0.059836 0.135333
v -0.108446 0.058690 0.134862
v -0.108834 0.057845 0.133927
v -0.107257 0.061078 0.135338
v -0.107575 0.061272 0.135384
v -0.108215 0.060008 0.135379
v -0.108785 0.058842 0.134899
v -0.109180 0.057983 0.133949
v -0.106211 0.063029 0.133946
v -0.106665 0.062211 0.134874
v -0.106511 0.063258 0.133968
v -0.106972 0.062426 0.134912
v -0.107486 0.062458 0.134477
v -0.107119 0.063121 0.133725
v -0.107535 0.062586 0.133311
v -0.107776 0.062150 0.133805
v -0.108220 0.061407 0.134025
v -0.108041 0.061461 0.134837
v -0.107877 0.061418 0.135253
v -0.107294 0.062530 0.134796
v -0.106849 0.063334 0.133884
v -0.108685 0.060487 0.134022
v -0.108625 0.060308 0.134833
v -0.108493 0.060198 0.135248
v -0.109098 0.059271 0.134466
v -0.109020 0.059692 0.133796
v -0.109227 0.059242 0.133298
v -0.109413 0.058587 0.133709
v -0.109425 0.058242 0.133866
v -0.109044 0.059072 0.134784
v -0.105956 0.063429 0.132671
v -0.105907 0.063410 0.131280
v -0.106201 0.063645 0.131254
v -0.106251 0.063665 0.132671
v -0.106463 0.062130 0.129069
v -0.106075 0.062974 0.130002
v -0.106767 0.062343 0.129004
v -0.106372 0.063202 0.129954
v -0.106995 0.063071 0.130158
v -0.107310 0.062387 0.129400
v -0.107647 0.062097 0.130060
v -0.107440 0.062547 0.130557
v -0.107413 0.062784 0.131417
v -0.106899 0.063426 0.131296
v -0.106550 0.063709 0.131266
v -0.106715 0.063281 0.130011
v -0.107096 0.062451 0.129094
v -0.107449 0.062798 0.132448
v -0.106943 0.063445 0.132587
v -0.106598 0.063728 0.132632
v -0.107024 0.060984 0.128596
v -0.107652 0.059742 0.128591
v -0.107977 0.059913 0.128519
v -0.107337 0.061177 0.128524
v -0.108698 0.057790 0.129984
v -0.108244 0.058609 0.129055
v -0.109041 0.057927 0.129935
v -0.108580 0.058760 0.128991
v -0.108922 0.059201 0.129389
v -0.109289 0.058538 0.130141
v -0.109132 0.059204 0.130545
v -0.108891 0.059640 0.130051
v -0.108540 0.060428 0.129826
v -0.108423 0.060226 0.129027
v -0.108264 0.060105 0.128624
v -0.108846 0.058993 0.129081
v -0.109292 0.058188 0.129993
v -0.108074 0.061348 0.129830
v -0.107840 0.061379 0.129031
v -0.107647 0.061325 0.128629
v -0.108953 0.057390 0.131258
v -0.109002 0.057410 0.132649
v -0.109350 0.057540 0.132648
v -0.109301 0.057520 0.131232
v -0.109345 0.059052 0.132434
v -0.109566 0.058261 0.132568
v -0.109590 0.057813 0.132611
v -0.109310 0.059037 0.131404
v -0.109522 0.058242 0.131276
v -0.109543 0.057794 0.131245
v -0.114717 0.062294 0.131974
v -0.114727 0.062482 0.132627
v -0.114577 0.062807 0.132987
v -0.114689 0.062283 0.131167
v -0.114653 0.062453 0.130510
v -0.114479 0.062768 0.130154
v -0.114115 0.063319 0.129992
v -0.113750 0.064040 0.129994
v -0.113522 0.064658 0.130160
v -0.113373 0.064983 0.130520
v -0.113259 0.065109 0.131177
v -0.113287 0.065121 0.131985
v -0.113446 0.065012 0.132636
v -0.113621 0.064697 0.132993
v -0.113860 0.064084 0.133160
v -0.114225 0.063363 0.133158
v -0.108646 0.060597 0.133502
v -0.108902 0.059997 0.133334
v -0.109052 0.059671 0.132974
v -0.108283 0.061313 0.133504
v -0.107951 0.061876 0.133341
v -0.107776 0.062192 0.132983
v -0.107711 0.062348 0.132330
v -0.107683 0.062337 0.131529
v -0.107703 0.062163 0.130878
v -0.107853 0.061837 0.130518
v -0.108174 0.061270 0.130348
v -0.108536 0.060553 0.130345
v -0.108804 0.059957 0.130511
v -0.108979 0.059642 0.130869
v -0.109109 0.059518 0.131518
v -0.109137 0.059529 0.132321
v -0.114586 0.062299 0.131978
v -0.114591 0.062476 0.132608
v -0.114451 0.062779 0.132944
v -0.114558 0.062288 0.131186
v -0.114519 0.062447 0.130553
v -0.114356 0.062741 0.130220
v -0.114012 0.063275 0.130066
v -0.113653 0.063983 0.130069
v -0.113428 0.064575 0.130226
v -0.113288 0.064879 0.130562
v -0.113185 0.065001 0.131195
v -0.113213 0.065012 0.131989
v -0.113360 0.064908 0.132617
v -0.113523 0.064614 0.132950
v -0.113759 0.064026 0.133108
v -0.114117 0.063317 0.133105
v -0.108734 0.060651 0.133426
v -0.108985 0.060076 0.133267
v -0.109126 0.059771 0.132929
v -0.108380 0.061352 0.133428
v -0.108064 0.061896 0.133273
v -0.107901 0.062191 0.132938
v -0.107834 0.062338 0.132311
v -0.107807 0.062326 0.131526
v -0.107830 0.062163 0.130900
v -0.107971 0.061859 0.130563
v -0.108275 0.061309 0.130401
v -0.108629 0.060609 0.130399
v -0.108891 0.060038 0.130556
v -0.109055 0.059743 0.130890
v -0.109175 0.059623 0.131516
v -0.109202 0.059634 0.132301
v -0.111718 0.061427 0.133105
v -0.111858 0.061123 0.132769
v -0.111426 0.061984 0.133266
v -0.111894 0.060966 0.132140
v -0.111867 0.060955 0.131351
v -0.111787 0.061095 0.130722
v -0.111624 0.061390 0.130388
v -0.111321 0.061942 0.130232
v -0.110964 0.062646 0.130235
v -0.110699 0.063217 0.130395
v -0.110559 0.063521 0.130731
v -0.110496 0.063664 0.131361
v -0.110523 0.063675 0.132149
v -0.110630 0.063550 0.132777
v -0.110793 0.063255 0.133112
v -0.111069 0.062689 0.133268
v -0.120100 -0.059349 0.133205
v -0.119487 -0.059879 0.133213
v -0.119863 -0.059227 0.133971
v -0.120455 -0.058253 0.134336
v -0.120768 -0.058414 0.133391
v -0.120872 -0.058521 0.132108
v -0.120107 -0.059561 0.132060
v -0.119330 -0.060205 0.132072
v -0.121058 -0.057110 0.134340
v -0.121371 -0.057272 0.133395
v -0.121522 -0.057290 0.132112
v -0.121479 -0.057262 0.130721
v -0.120828 -0.058493 0.130716
v -0.120067 -0.059535 0.130770
v -0.119289 -0.060179 0.130781
v -0.121767 -0.056192 0.133217
v -0.121530 -0.056069 0.133982
v -0.121859 -0.055386 0.133230
v -0.122042 -0.055067 0.132091
v -0.121950 -0.056071 0.132074
v -0.122002 -0.055041 0.130800
v -0.121909 -0.056045 0.130782
v -0.121655 -0.056119 0.129648
v -0.121747 -0.055314 0.129662
v -0.121370 -0.055966 0.128905
v -0.120876 -0.056992 0.128535
v -0.121248 -0.057192 0.129452
v -0.120273 -0.058135 0.128531
v -0.120645 -0.058335 0.129448
v -0.119988 -0.059277 0.129637
v -0.119703 -0.059124 0.128894
v -0.119374 -0.059807 0.129646
v -0.117516 -0.057992 0.134093
v -0.117140 -0.058644 0.133336
v -0.117196 -0.057920 0.132942
v -0.117444 -0.057492 0.133439
v -0.117767 -0.056687 0.133671
v -0.118006 -0.056964 0.134463
v -0.118341 -0.057199 0.134916
v -0.117731 -0.058319 0.134444
v -0.117266 -0.059123 0.133509
v -0.118249 -0.055775 0.133674
v -0.118609 -0.055821 0.134467
v -0.118992 -0.055968 0.134920
v -0.119935 -0.056450 0.134928
v -0.119274 -0.057704 0.134924
v -0.118653 -0.058843 0.134444
v -0.118180 -0.059662 0.133494
v -0.119183 -0.054834 0.134104
v -0.118731 -0.055053 0.133448
v -0.118948 -0.054604 0.132954
v -0.119512 -0.054151 0.133352
v -0.119979 -0.053986 0.133529
v -0.119573 -0.054829 0.134456
v -0.120941 -0.054434 0.133513
v -0.120528 -0.055292 0.134457
v -0.120810 -0.056938 0.134762
v -0.121381 -0.055819 0.134305
v -0.121780 -0.054992 0.133393
v -0.120172 -0.058147 0.134757
v -0.119116 -0.060038 0.133375
v -0.119572 -0.059247 0.134293
v -0.118939 -0.054341 0.132096
v -0.119592 -0.053777 0.132217
v -0.120157 -0.053546 0.132254
v -0.118906 -0.054320 0.131065
v -0.119552 -0.053751 0.130925
v -0.120114 -0.053518 0.130863
v -0.121077 -0.053958 0.130800
v -0.121122 -0.053986 0.132215
v -0.119400 -0.054079 0.129784
v -0.118861 -0.054548 0.130198
v -0.118614 -0.054976 0.129700
v -0.119023 -0.054731 0.129027
v -0.119391 -0.054711 0.128651
v -0.119855 -0.053906 0.129585
v -0.120342 -0.055171 0.128549
v -0.120814 -0.054353 0.129499
v -0.121913 -0.054531 0.130775
v -0.121658 -0.054913 0.129520
v -0.121202 -0.055704 0.128603
v -0.121956 -0.054559 0.132141
v -0.118117 -0.055689 0.129476
v -0.118427 -0.055703 0.128661
v -0.118780 -0.055831 0.128179
v -0.117635 -0.056602 0.129472
v -0.117823 -0.056846 0.128657
v -0.118130 -0.057062 0.128174
v -0.119058 -0.057564 0.128065
v -0.119721 -0.056312 0.128069
v -0.117356 -0.057889 0.129016
v -0.117326 -0.057416 0.129691
v -0.117110 -0.057864 0.130185
v -0.117028 -0.058572 0.129768
v -0.117143 -0.059044 0.129566
v -0.117549 -0.058201 0.128638
v -0.118054 -0.059581 0.129480
v -0.118467 -0.058724 0.128536
v -0.119964 -0.058013 0.128133
v -0.119393 -0.059131 0.128590
v -0.118994 -0.059960 0.129502
v -0.120602 -0.056804 0.128138
v -0.116945 -0.058036 0.131050
v -0.116840 -0.058889 0.130907
v -0.116964 -0.059484 0.130841
v -0.116977 -0.058056 0.132083
v -0.116880 -0.058915 0.132198
v -0.117008 -0.059513 0.132232
v -0.117917 -0.060057 0.132193
v -0.117873 -0.060028 0.130777
v -0.118861 -0.060421 0.132120
v -0.118818 -0.060393 0.130754
v -0.110313 -0.054172 0.133757
v -0.110501 -0.054274 0.134505
v -0.110125 -0.054926 0.133748
v -0.109888 -0.055209 0.132609
v -0.110108 -0.054271 0.132621
v -0.110601 -0.053088 0.132680
v -0.110769 -0.053125 0.133952
v -0.111014 -0.053258 0.134874
v -0.109848 -0.055183 0.131318
v -0.110067 -0.054245 0.131331
v -0.110557 -0.053059 0.131289
v -0.111206 -0.051828 0.131293
v -0.111250 -0.051857 0.132684
v -0.111373 -0.051982 0.133956
v -0.111617 -0.052115 0.134878
v -0.110201 -0.054099 0.130189
v -0.110013 -0.054854 0.130180
v -0.110342 -0.054171 0.129428
v -0.110831 -0.053140 0.129068
v -0.110645 -0.053045 0.130009
v -0.111435 -0.051997 0.129073
v -0.111248 -0.051902 0.130013
v -0.111868 -0.050942 0.130201
v -0.112008 -0.051013 0.129439
v -0.112385 -0.050361 0.130196
v -0.112560 -0.050046 0.131337
v -0.111910 -0.050756 0.131343
v -0.112601 -0.050071 0.132629
v -0.111950 -0.050782 0.132634
v -0.111981 -0.051014 0.133769
v -0.112497 -0.050433 0.133764
v -0.112168 -0.051116 0.134516
v -0.111204 -0.053416 0.135333
v -0.110594 -0.054536 0.134862
v -0.110129 -0.055341 0.133927
v -0.111854 -0.052185 0.135338
v -0.112196 -0.052332 0.135384
v -0.111535 -0.053585 0.135379
v -0.110913 -0.054725 0.134899
v -0.110441 -0.055544 0.133949
v -0.112841 -0.050203 0.133946
v -0.112436 -0.051046 0.134874
v -0.113201 -0.050315 0.133968
v -0.112788 -0.051173 0.134912
v -0.113111 -0.051574 0.134477
v -0.113441 -0.050891 0.133725
v -0.113244 -0.051540 0.133310
v -0.113029 -0.051989 0.133805
v -0.112679 -0.052780 0.134025
v -0.112620 -0.052604 0.134837
v -0.112489 -0.052494 0.135253
v -0.113061 -0.051375 0.134796
v -0.113459 -0.050547 0.133884
v -0.112198 -0.053691 0.134022
v -0.112016 -0.053747 0.134833
v -0.111851 -0.053703 0.135248
v -0.111445 -0.054731 0.134466
v -0.111743 -0.054425 0.133796
v -0.111495 -0.054854 0.133298
v -0.111069 -0.055384 0.133709
v -0.110795 -0.055594 0.133866
v -0.111251 -0.054803 0.134784
v -0.113020 -0.049763 0.132671
v -0.112976 -0.049735 0.131280
v -0.113338 -0.049840 0.131254
v -0.113383 -0.049868 0.132671
v -0.112254 -0.050929 0.129069
v -0.112718 -0.050124 0.130002
v -0.112603 -0.051053 0.129004
v -0.113075 -0.050234 0.129954
v -0.113329 -0.050818 0.130158
v -0.112952 -0.051471 0.129400
v -0.112911 -0.051913 0.130060
v -0.113158 -0.051484 0.130557
v -0.113337 -0.051326 0.131417
v -0.113563 -0.050534 0.131296
v -0.113592 -0.050086 0.131266
v -0.113337 -0.050469 0.130011
v -0.112881 -0.051260 0.129094
v -0.113368 -0.051348 0.132448
v -0.113603 -0.050561 0.132587
v -0.113634 -0.050114 0.132632
v -0.111642 -0.052049 0.128596
v -0.110992 -0.053280 0.128591
v -0.111319 -0.053446 0.128519
v -0.111981 -0.052193 0.128524
v -0.110005 -0.055261 0.129984
v -0.110410 -0.054419 0.129055
v -0.110315 -0.055463 0.129935
v -0.110727 -0.054605 0.128991
v -0.111285 -0.054629 0.129389
v -0.110956 -0.055311 0.130141
v -0.111408 -0.054798 0.130545
v -0.111625 -0.054349 0.130051
v -0.112066 -0.053607 0.129826
v -0.111834 -0.053629 0.129027
v -0.111642 -0.053569 0.128624
v -0.111072 -0.054688 0.129081
v -0.110673 -0.055516 0.129993
v -0.112547 -0.052695 0.129830
v -0.112437 -0.052486 0.129031
v -0.112281 -0.052360 0.128629
v -0.109826 -0.055701 0.131258
v -0.109870 -0.055729 0.132649
v -0.110178 -0.055939 0.132648
v -0.110134 -0.055910 0.131232
v -0.111408 -0.055060 0.132434
v -0.110891 -0.055698 0.132568
v -0.110540 -0.055976 0.132611
v -0.111377 -0.055039 0.131404
v -0.110851 -0.055672 0.131276
v -0.110497 -0.055949 0.131245
v -0.117160 -0.057568 0.131974
v -0.117320 -0.057467 0.132627
v -0.117498 -0.057157 0.132987
v -0.117134 -0.057552 0.131167
v -0.117253 -0.057424 0.130510
v -0.117409 -0.057100 0.130154
v -0.117648 -0.056484 0.129992
v -0.118026 -0.055770 0.129994
v -0.118398 -0.055226 0.130160
v -0.118576 -0.054917 0.130520
v -0.118613 -0.054750 0.131177
v -0.118638 -0.054766 0.131985
v -0.118643 -0.054960 0.132636
v -0.118487 -0.055284 0.132993
v -0.118125 -0.055834 0.133160
v -0.117747 -0.056548 0.133158
v -0.112265 -0.053596 0.133502
v -0.111923 -0.054152 0.133334
v -0.111744 -0.054462 0.132974
v -0.112640 -0.052887 0.133504
v -0.112907 -0.052290 0.133341
v -0.113063 -0.051964 0.132983
v -0.113153 -0.051820 0.132330
v -0.113127 -0.051804 0.131529
v -0.112997 -0.051922 0.130878
v -0.112818 -0.052233 0.130518
v -0.112540 -0.052822 0.130348
v -0.112166 -0.053532 0.130345
v -0.111835 -0.054095 0.130511
v -0.111678 -0.054420 0.130869
v -0.111653 -0.054598 0.131518
v -0.111678 -0.054614 0.132321
v -0.117088 -0.057458 0.131978
v -0.117235 -0.057360 0.132608
v -0.117402 -0.057070 0.132944
v -0.117063 -0.057442 0.131186
v -0.117171 -0.057318 0.130553
v -0.117316 -0.057015 0.130220
v -0.117553 -0.056426 0.130066
v -0.117923 -0.055724 0.130069
v -0.118276 -0.055197 0.130226
v -0.118443 -0.054907 0.130562
v -0.118483 -0.054753 0.131195
v -0.118508 -0.054769 0.131989
v -0.118508 -0.054949 0.132617
v -0.118362 -0.055252 0.132950
v -0.118018 -0.055785 0.133108
v -0.117648 -0.056487 0.133105
v -0.112360 -0.053637 0.133426
v -0.112036 -0.054175 0.133267
v -0.111868 -0.054466 0.132929
v -0.112726 -0.052942 0.133428
v -0.112988 -0.052370 0.133273
v -0.113135 -0.052066 0.132938
v -0.113215 -0.051928 0.132311
v -0.113190 -0.051912 0.131526
v -0.113071 -0.052025 0.130900
v -0.112903 -0.052315 0.130563
v -0.112632 -0.052881 0.130401
v -0.112265 -0.053576 0.130399
v -0.111951 -0.054120 0.130556
v -0.111805 -0.054424 0.130890
v -0.111776 -0.054590 0.131516
v -0.111801 -0.054606 0.132301
v -0.114719 -0.055623 0.133105
v -0.114552 -0.055912 0.132769
v -0.115004 -0.055062 0.133266
v -0.114444 -0.056032 0.132140
v -0.114420 -0.056017 0.131351
v -0.114487 -0.055871 0.130722
v -0.114634 -0.055568 0.130388
v -0.114909 -0.055000 0.130232
v -0.115278 -0.054302 0.130235
v -0.115590 -0.053756 0.130395
v -0.115757 -0.053466 0.130731
v -0.115837 -0.053332 0.131361
v -0.115862 -0.053348 0.132149
v -0.115821 -0.053507 0.132777
v -0.115675 -0.053811 0.133112
v -0.115372 -0.054364 0.133268
v 0.117870 -0.063663 0.133205
v 0.117948 -0.062856 0.133214
v 0.117633 -0.063540 0.133971
v 0.117181 -0.064587 0.134337
v 0.117494 -0.064748 0.133392
v 0.117641 -0.064771 0.132108
v 0.118047 -0.063546 0.132061
v 0.118123 -0.062540 0.132072
v 0.116598 -0.065740 0.134341
v 0.116911 -0.065901 0.133396
v 0.117012 -0.066013 0.132113
v 0.116964 -0.065994 0.130722
v 0.117593 -0.064752 0.130717
v 0.118002 -0.063527 0.130770
v 0.118078 -0.062521 0.130781
v 0.116258 -0.066848 0.133217
v 0.116021 -0.066726 0.133983
v 0.115654 -0.067389 0.133231
v 0.115500 -0.067724 0.132091
v 0.116265 -0.067067 0.132074
v 0.115455 -0.067705 0.130800
v 0.116221 -0.067049 0.130783
v 0.116134 -0.066799 0.129649
v 0.115530 -0.067339 0.129663
v 0.115845 -0.066655 0.128906
v 0.116397 -0.065659 0.128536
v 0.116774 -0.065846 0.129452
v 0.116980 -0.064505 0.128532
v 0.117357 -0.064693 0.129448
v 0.117746 -0.063613 0.129637
v 0.117457 -0.063469 0.128894
v 0.117824 -0.062806 0.129646
v 0.115268 -0.062339 0.134093
v 0.115582 -0.061655 0.133336
v 0.115025 -0.062120 0.132942
v 0.114818 -0.062569 0.133440
v 0.114349 -0.063298 0.133672
v 0.114712 -0.063333 0.134463
v 0.115099 -0.063472 0.134916
v 0.115659 -0.062326 0.134445
v 0.116048 -0.061481 0.133510
v 0.113883 -0.064220 0.133675
v 0.114128 -0.064486 0.134468
v 0.114471 -0.064714 0.134921
v 0.115410 -0.065205 0.134929
v 0.116050 -0.063940 0.134924
v 0.116620 -0.062774 0.134445
v 0.117015 -0.061915 0.133494
v 0.113656 -0.065526 0.134105
v 0.113573 -0.065031 0.133449
v 0.113332 -0.065467 0.132955
v 0.113289 -0.066189 0.133353
v 0.113424 -0.066665 0.133529
v 0.113878 -0.065846 0.134457
v 0.114346 -0.067190 0.133513
v 0.114807 -0.066358 0.134457
v 0.116314 -0.065636 0.134762
v 0.115731 -0.066749 0.134306
v 0.115286 -0.067553 0.133394
v 0.116931 -0.064416 0.134758
v 0.117862 -0.062461 0.133375
v 0.117481 -0.063291 0.134293
v 0.113112 -0.065611 0.132097
v 0.113030 -0.066470 0.132218
v 0.113169 -0.067065 0.132254
v 0.113077 -0.065596 0.131065
v 0.112986 -0.066453 0.130926
v 0.113120 -0.067046 0.130863
v 0.114037 -0.067577 0.130800
v 0.114086 -0.067597 0.132216
v 0.113165 -0.066139 0.129784
v 0.113236 -0.065428 0.130198
v 0.113443 -0.064978 0.129701
v 0.113480 -0.065455 0.129028
v 0.113676 -0.065766 0.128652
v 0.113288 -0.066610 0.129585
v 0.114602 -0.066276 0.128549
v 0.114206 -0.067135 0.129499
v 0.114987 -0.067928 0.130776
v 0.115152 -0.067499 0.129521
v 0.115533 -0.066670 0.128603
v 0.115034 -0.067947 0.132142
v 0.113737 -0.064161 0.129476
v 0.113927 -0.064406 0.128662
v 0.114237 -0.064620 0.128179
v 0.114203 -0.063240 0.129473
v 0.114510 -0.063253 0.128657
v 0.114865 -0.063378 0.128174
v 0.115812 -0.063845 0.128065
v 0.115172 -0.065109 0.128069
v 0.115092 -0.062268 0.129016
v 0.114689 -0.062517 0.129692
v 0.114930 -0.062081 0.130186
v 0.115459 -0.061605 0.129768
v 0.115911 -0.061426 0.129567
v 0.115458 -0.062245 0.128639
v 0.116876 -0.061859 0.129480
v 0.116416 -0.062692 0.128536
v 0.116701 -0.064324 0.128134
v 0.117283 -0.063211 0.128591
v 0.117729 -0.062407 0.129503
v 0.116084 -0.065544 0.128139
v 0.114974 -0.061848 0.131051
v 0.115609 -0.061269 0.130907
v 0.116167 -0.061026 0.130841
v 0.115009 -0.061863 0.132083
v 0.115654 -0.061287 0.132199
v 0.116215 -0.061045 0.132233
v 0.117185 -0.061473 0.132194
v 0.117136 -0.061453 0.130777
v 0.118027 -0.062032 0.132121
v 0.117980 -0.062013 0.130754
v 0.107986 -0.058672 0.133758
v 0.108178 -0.058766 0.134505
v 0.108493 -0.058082 0.133748
v 0.108587 -0.057725 0.132610
v 0.107949 -0.058447 0.132622
v 0.107268 -0.059533 0.132680
v 0.107396 -0.059649 0.133953
v 0.107646 -0.059772 0.134874
v 0.108542 -0.057708 0.131319
v 0.107905 -0.058429 0.131331
v 0.107220 -0.059514 0.131289
v 0.106591 -0.060756 0.131294
v 0.106640 -0.060775 0.132685
v 0.106813 -0.060803 0.133957
v 0.107062 -0.060925 0.134878
v 0.107863 -0.058622 0.130189
v 0.108369 -0.058032 0.130180
v 0.108002 -0.058696 0.129428
v 0.107445 -0.059692 0.129069
v 0.107259 -0.059594 0.130009
v 0.106860 -0.060845 0.129073
v 0.106676 -0.060748 0.130014
v 0.106251 -0.061808 0.130201
v 0.106390 -0.061882 0.129440
v 0.106076 -0.062566 0.130197
v 0.105919 -0.062892 0.131338
v 0.106123 -0.061950 0.131343
v 0.105964 -0.062909 0.132629
v 0.106167 -0.061968 0.132635
v 0.106374 -0.061858 0.133770
v 0.106199 -0.062615 0.133765
v 0.106566 -0.061952 0.134517
v 0.107885 -0.059836 0.135334
v 0.108446 -0.058690 0.134862
v 0.108834 -0.057845 0.133928
v 0.107257 -0.061078 0.135338
v 0.107574 -0.061272 0.135384
v 0.108214 -0.060008 0.135379
v 0.108785 -0.058842 0.134899
v 0.109179 -0.057983 0.133949
v 0.106211 -0.063029 0.133946
v 0.106664 -0.062211 0.134874
v 0.106510 -0.063258 0.133969
v 0.106971 -0.062425 0.134912
v 0.107485 -0.062457 0.134478
v 0.107118 -0.063121 0.133726
v 0.107534 -0.062586 0.133311
v 0.107776 -0.062150 0.133806
v 0.108219 -0.061407 0.134026
v 0.108041 -0.061461 0.134837
v 0.107876 -0.061418 0.135253
v 0.107293 -0.062530 0.134797
v 0.106848 -0.063334 0.133885
v 0.108684 -0.060487 0.134023
v 0.108625 -0.060308 0.134833
v 0.108493 -0.060198 0.135249
v 0.109097 -0.059271 0.134466
v 0.109019 -0.059692 0.133796
v 0.109226 -0.059242 0.133299
v 0.109413 -0.058587 0.133709
v 0.109425 -0.058242 0.133867
v 0.109043 -0.059072 0.134784
v 0.105955 -0.063429 0.132672
v 0.105907 -0.063410 0.131280
v 0.106201 -0.063645 0.131255
v 0.106250 -0.063665 0.132671
v 0.106463 -0.062130 0.129069
v 0.106074 -0.062974 0.130003
v 0.106767 -0.062343 0.129004
v 0.106371 -0.063202 0.129955
v 0.106995 -0.063071 0.130158
v 0.107309 -0.062387 0.129401
v 0.107646 -0.062097 0.130060
v 0.107439 -0.062547 0.130558
v 0.107413 -0.062784 0.131418
v 0.106899 -0.063426 0.131296
v 0.106549 -0.063709 0.131267
v 0.106714 -0.063281 0.130012
v 0.107096 -0.062451 0.129094
v 0.107449 -0.062798 0.132448
v 0.106943 -0.063445 0.132587
v 0.106597 -0.063728 0.132633
v 0.107023 -0.060984 0.128597
v 0.107651 -0.059742 0.128592
v 0.107976 -0.059913 0.128520
v 0.107336 -0.061177 0.128525
v 0.108697 -0.057790 0.129984
v 0.108244 -0.058609 0.129056
v 0.109040 -0.057927 0.129936
v 0.108580 -0.058760 0.128991
v 0.108922 -0.059201 0.129389
v 0.109288 -0.058538 0.130141
v 0.109131 -0.059204 0.130546
v 0.108890 -0.059640 0.130051
v 0.108539 -0.060428 0.129826
v 0.108423 -0.060226 0.129028
v 0.108263 -0.060105 0.128625
v 0.108846 -0.058993 0.129082
v 0.109291 -0.058188 0.129994
v 0.108074 -0.061348 0.129830
v 0.107840 -0.061379 0.129031
v 0.107646 -0.061325 0.128630
v 0.108953 -0.057390 0.131259
v 0.109001 -0.057410 0.132650
v 0.109350 -0.057540 0.132648
v 0.109300 -0.057520 0.131233
v 0.109345 -0.059052 0.132434
v 0.109566 -0.058261 0.132569
v 0.109590 -0.057813 0.132612
v 0.109309 -0.059037 0.131405
v 0.109522 -0.058242 0.131277
v 0.109542 -0.057794 0.131245
v 0.114717 -0.062294 0.131975
v 0.114726 -0.062482 0.132628
v 0.114577 -0.062807 0.132987
v 0.114689 -0.062282 0.131167
v 0.114653 -0.062453 0.130511
v 0.114479 -0.062768 0.130154
v 0.114115 -0.063319 0.129992
v 0.113750 -0.064040 0.129995
v 0.113522 -0.064658 0.130161
v 0.113372 -0.064983 0.130520
v 0.113258 -0.065109 0.131178
v 0.113286 -0.065121 0.131986
v 0.113446 -0.065012 0.132636
v 0.113620 -0.064697 0.132994
v 0.113860 -0.064084 0.133161
v 0.114225 -0.063363 0.133158
v 0.108645 -0.060597 0.133502
v 0.108902 -0.059997 0.133334
v 0.109051 -0.059671 0.132974
v 0.108283 -0.061313 0.133505
v 0.107951 -0.061876 0.133342
v 0.107776 -0.062192 0.132983
v 0.107710 -0.062348 0.132331
v 0.107682 -0.062337 0.131530
v 0.107703 -0.062163 0.130879
v 0.107853 -0.061837 0.130518
v 0.108173 -0.061269 0.130348
v 0.108536 -0.060553 0.130345
v 0.108804 -0.059957 0.130512
v 0.108978 -0.059642 0.130869
v 0.109109 -0.059518 0.131519
v 0.109136 -0.059529 0.132321
v 0.114585 -0.062299 0.131979
v 0.114590 -0.062476 0.132608
v 0.114450 -0.062779 0.132944
v 0.114558 -0.062288 0.131187
v 0.114518 -0.062447 0.130554
v 0.114356 -0.062741 0.130220
v 0.114011 -0.063275 0.130067
v 0.113653 -0.063983 0.130069
v 0.113427 -0.064575 0.130227
v 0.113288 -0.064879 0.130563
v 0.113185 -0.065001 0.131196
v 0.113213 -0.065012 0.131989
v 0.113359 -0.064908 0.132617
v 0.113522 -0.064614 0.132951
v 0.113758 -0.064026 0.133108
v 0.114117 -0.063317 0.133106
v 0.108734 -0.060651 0.133427
v 0.108985 -0.060076 0.133267
v 0.109125 -0.059771 0.132930
v 0.108379 -0.061352 0.133429
v 0.108064 -0.061896 0.133274
v 0.107901 -0.062191 0.132939
v 0.107834 -0.062338 0.132311
v 0.107807 -0.062326 0.131526
v 0.107830 -0.062163 0.130900
v 0.107970 -0.061859 0.130563
v 0.108274 -0.061309 0.130402
v 0.108629 -0.060609 0.130399
v 0.108891 -0.060038 0.130556
v 0.109054 -0.059743 0.130891
v 0.109174 -0.059623 0.131517
v 0.109202 -0.059634 0.132301
v 0.111718 -0.061427 0.133105
v 0.111857 -0.061123 0.132769
v 0.111425 -0.061984 0.133266
v 0.111893 -0.060966 0.132141
v 0.111866 -0.060955 0.131351
v 0.111786 -0.061095 0.130723
v 0.111623 -0.061390 0.130388
v 0.111320 -0.061942 0.130233
v 0.110964 -0.062646 0.130236
v 0.110699 -0.063217 0.130395
v 0.110559 -0.063521 0.130731
v 0.110496 -0.063664 0.131362
v 0.110523 -0.063675 0.132150
v 0.110630 -0.063550 0.132778
v 0.110793 -0.063255 0.133112
v 0.111069 -0.062689 0.133268
v 0.120099 0.059349 0.133205
v 0.119487 0.059879 0.133214
v 0.119862 0.059227 0.133971
v 0.120455 0.058253 0.134337
v 0.120768 0.058414 0.133392
v 0.120872 0.058521 0.132108
v 0.120107 0.059561 0.132061
v 0.119330 0.060205 0.132072
v 0.121058 0.057110 0.134341
v 0.121371 0.057272 0.133396
v 0.121521 0.057290 0.132113
v 0.121478 0.057262 0.130722
v 0.120828 0.058493 0.130717
v 0.120066 0.059535 0.130770
v 0.119289 0.060179 0.130781
v 0.121767 0.056192 0.133217
v 0.121529 0.056069 0.133983
v 0.121858 0.055386 0.133231
v 0.122042 0.055067 0.132091
v 0.121949 0.056071 0.132074
v 0.122001 0.055041 0.130800
v 0.121908 0.056045 0.130783
v 0.121654 0.056119 0.129649
v 0.121746 0.055314 0.129663
v 0.121370 0.055966 0.128906
v 0.120876 0.056992 0.128536
v 0.121247 0.057192 0.129452
v 0.120273 0.058135 0.128532
v 0.120644 0.058335 0.129448
v 0.119988 0.059277 0.129637
v 0.119703 0.059124 0.128894
v 0.119374 0.059807 0.129646
v 0.117515 0.057992 0.134093
v 0.117139 0.058644 0.133336
v 0.117196 0.057920 0.132942
v 0.117443 0.057492 0.133440
v 0.117766 0.056687 0.133672
v 0.118005 0.056964 0.134463
v 0.118341 0.057199 0.134916
v 0.117730 0.058319 0.134445
v 0.117266 0.059124 0.133510
v 0.118248 0.055775 0.133675
v 0.118608 0.055821 0.134468
v 0.118992 0.055968 0.134921
v 0.119935 0.056450 0.134929
v 0.119273 0.057704 0.134924
v 0.118652 0.058843 0.134445
v 0.118180 0.059662 0.133494
v 0.119183 0.054834 0.134105
v 0.118731 0.055053 0.133449
v 0.118947 0.054604 0.132955
v 0.119511 0.054151 0.133353
v 0.119978 0.053986 0.133529
v 0.119573 0.054829 0.134457
v 0.120940 0.054434 0.133513
v 0.120528 0.055292 0.134457
v 0.120810 0.056938 0.134762
v 0.121381 0.055819 0.134306
v 0.121779 0.054992 0.133394
v 0.120172 0.058147 0.134758
v 0.119115 0.060038 0.133375
v 0.119572 0.059247 0.134293
v 0.118938 0.054341 0.132097
v 0.119592 0.053777 0.132218
v 0.120157 0.053546 0.132254
v 0.118906 0.054320 0.131065
v 0.119551 0.053751 0.130926
v 0.120114 0.053518 0.130863
v 0.121077 0.053958 0.130800
v 0.121121 0.053986 0.132216
v 0.119399 0.054079 0.129784
v 0.118860 0.054548 0.130198
v 0.118614 0.054976 0.129701
v 0.119023 0.054731 0.129028
v 0.119390 0.054711 0.128652
v 0.119855 0.053906 0.129585
v 0.120341 0.055171 0.128549
v 0.120814 0.054353 0.129499
v 0.121912 0.054531 0.130776
v 0.121658 0.054913 0.129521
v 0.121202 0.055704 0.128603
v 0.121955 0.054559 0.132142
v 0.118116 0.055689 0.129476
v 0.118426 0.055703 0.128662
v 0.118780 0.055831 0.128179
v 0.117635 0.056602 0.129473
v 0.117823 0.056846 0.128657
v 0.118130 0.057062 0.128174
v 0.119058 0.057564 0.128065
v 0.119720 0.056312 0.128069
v 0.117356 0.057889 0.129016
v 0.117325 0.057416 0.129692
v 0.117110 0.057864 0.130186
v 0.117028 0.058572 0.129768
v 0.117142 0.059044 0.129567
v 0.117548 0.058201 0.128639
v 0.118053 0.059581 0.129480
v 0.118466 0.058724 0.128536
v 0.119963 0.058013 0.128134
v 0.119393 0.059131 0.128591
v 0.118993 0.059960 0.129503
v 0.120602 0.056804 0.128139
v 0.116945 0.058036 0.131051
v 0.116839 0.058889 0.130907
v 0.116964 0.059484 0.130841
v 0.116977 0.058056 0.132083
v 0.116880 0.058915 0.132199
v 0.117008 0.059513 0.132233
v 0.117917 0.060057 0.132194
v 0.117872 0.060028 0.130777
v 0.118860 0.060421 0.132121
v 0.118818 0.060393 0.130754
v 0.110313 0.054172 0.133758
v 0.110500 0.054274 0.134505
v 0.110125 0.054926 0.133748
v 0.109888 0.055209 0.132610
v 0.110107 0.054271 0.132622
v 0.110600 0.053088 0.132680
v 0.110769 0.053125 0.133953
v 0.111013 0.053258 0.134874
v 0.109847 0.055183 0.131319
v 0.110067 0.054245 0.131331
v 0.110556 0.053059 0.131289
v 0.111206 0.051828 0.131294
v 0.111250 0.051857 0.132685
v 0.111372 0.051983 0.133957
v 0.111616 0.052115 0.134878
v 0.110201 0.054099 0.130189
v 0.110013 0.054854 0.130180
v 0.110341 0.054171 0.129428
v 0.110831 0.053140 0.129069
v 0.110645 0.053045 0.130009
v 0.111434 0.051997 0.129073
v 0.111248 0.051902 0.130014
v 0.111868 0.050942 0.130201
v 0.112008 0.051013 0.129440
v 0.112385 0.050361 0.130197
v 0.112559 0.050046 0.131338
v 0.111909 0.050756 0.131343
v 0.112600 0.050072 0.132629
v 0.111950 0.050782 0.132635
v 0.111980 0.051014 0.133770
v 0.112496 0.050433 0.133765
v 0.112168 0.051116 0.134517
v 0.111204 0.053416 0.135334
v 0.110593 0.054536 0.134862
v 0.110129 0.055341 0.133928
v 0.111853 0.052185 0.135338
v 0.112196 0.052332 0.135384
v 0.111534 0.053585 0.135380
v 0.110913 0.054725 0.134899
v 0.110441 0.055544 0.133949
v 0.112841 0.050203 0.133946
v 0.112435 0.051046 0.134874
v 0.113201 0.050315 0.133969
v 0.112788 0.051173 0.134912
v 0.113111 0.051574 0.134478
v 0.113440 0.050891 0.133726
v 0.113244 0.051540 0.133311
v 0.113028 0.051989 0.133806
v 0.112679 0.052780 0.134026
v 0.112620 0.052604 0.134837
v 0.112488 0.052494 0.135253
v 0.113060 0.051375 0.134797
v 0.113458 0.050547 0.133885
v 0.112197 0.053691 0.134023
v 0.112016 0.053747 0.134833
v 0.111850 0.053703 0.135249
v 0.111444 0.054731 0.134466
v 0.111742 0.054425 0.133796
v 0.111494 0.054854 0.133299
v 0.111068 0.055384 0.133709
v 0.110794 0.055594 0.133867
v 0.111250 0.054803 0.134784
v 0.113019 0.049763 0.132672
v 0.112975 0.049735 0.131280
v 0.113337 0.049840 0.131255
v 0.113382 0.049868 0.132671
v 0.112253 0.050929 0.129069
v 0.112717 0.050124 0.130003
v 0.112602 0.051053 0.129004
v 0.113075 0.050234 0.129955
v 0.113328 0.050819 0.130158
v 0.112951 0.051471 0.129401
v 0.112910 0.051913 0.130060
v 0.113158 0.051484 0.130558
v 0.113336 0.051326 0.131418
v 0.113563 0.050534 0.131296
v 0.113591 0.050086 0.131267
v 0.113337 0.050469 0.130012
v 0.112881 0.051260 0.129094
v 0.113368 0.051348 0.132448
v 0.113603 0.050561 0.132587
v 0.113634 0.050114 0.132633
v 0.111642 0.052049 0.128597
v 0.110992 0.053280 0.128592
v 0.111319 0.053446 0.128520
v 0.111981 0.052193 0.128525
v 0.110005 0.055261 0.129984
v 0.110410 0.054419 0.129056
v 0.110314 0.055463 0.129936
v 0.110727 0.054606 0.128991
v 0.111285 0.054629 0.129389
v 0.110956 0.055311 0.130141
v 0.111408 0.054798 0.130546
v 0.111624 0.054349 0.130051
v 0.112066 0.053607 0.129826
v 0.111833 0.053629 0.129028
v 0.111642 0.053569 0.128625
v 0.111071 0.054688 0.129082
v 0.110672 0.055516 0.129994
v 0.112547 0.052695 0.129830
v 0.112437 0.052486 0.129031
v 0.112281 0.052360 0.128630
v 0.109826 0.055701 0.131259
v 0.109869 0.055729 0.132650
v 0.110177 0.055939 0.132648
v 0.110133 0.055910 0.131233
v 0.111408 0.055060 0.132434
v 0.110890 0.055698 0.132569
v 0.110539 0.055976 0.132612
v 0.111376 0.055039 0.131405
v 0.110850 0.055672 0.131277
v 0.110496 0.055949 0.131245
v 0.117159 0.057568 0.131975
v 0.117319 0.057467 0.132628
v 0.117498 0.057157 0.132987
v 0.117133 0.057552 0.131167
v 0.117253 0.057424 0.130511
v 0.117409 0.057100 0.130154
v 0.117648 0.056484 0.129992
v 0.118025 0.055770 0.129995
v 0.118397 0.055226 0.130161
v 0.118576 0.054917 0.130520
v 0.118613 0.054750 0.131178
v 0.118638 0.054766 0.131986
v 0.118642 0.054960 0.132636
v 0.118486 0.055284 0.132994
v 0.118124 0.055834 0.133161
v 0.117747 0.056549 0.133158
v 0.112265 0.053596 0.133502
v 0.111923 0.054152 0.133334
v 0.111743 0.054462 0.132974
v 0.112639 0.052887 0.133505
v 0.112906 0.052290 0.133342
v 0.113063 0.051964 0.132983
v 0.113152 0.051820 0.132331
v 0.113127 0.051804 0.131530
v 0.112997 0.051922 0.130879
v 0.112818 0.052233 0.130518
v 0.112540 0.052822 0.130348
v 0.112165 0.053532 0.130345
v 0.111834 0.054095 0.130512
v 0.111677 0.054420 0.130869
v 0.111652 0.054598 0.131519
v 0.111677 0.054614 0.132321
v 0.117088 0.057458 0.131979
v 0.117235 0.057360 0.132608
v 0.117402 0.057070 0.132944
v 0.117063 0.057442 0.131187
v 0.117170 0.057318 0.130554
v 0.117316 0.057015 0.130220
v 0.117552 0.056426 0.130067
v 0.117923 0.055724 0.130069
v 0.118276 0.055197 0.130227
v 0.118443 0.054907 0.130563
v 0.118483 0.054753 0.131196
v 0.118508 0.054769 0.131989
v 0.118507 0.054949 0.132617
v 0.118361 0.055252 0.132951
v 0.118018 0.055785 0.133108
v 0.117648 0.056487 0.133106
v 0.112359 0.053637 0.133427
v 0.112036 0.054175 0.133267
v 0.111868 0.054466 0.132930
v 0.112726 0.052942 0.133429
v 0.112988 0.052370 0.133274
v 0.113135 0.052066 0.132939
v 0.113215 0.051928 0.132311
v 0.113190 0.051912 0.131526
v 0.113070 0.052025 0.130900
v 0.112903 0.052315 0.130563
v 0.112631 0.052881 0.130402
v 0.112265 0.053576 0.130399
v 0.111950 0.054120 0.130556
v 0.111804 0.054424 0.130891
v 0.111776 0.054590 0.131517
v 0.111801 0.054606 0.132301
v 0.114718 0.055623 0.133106
v 0.114551 0.055912 0.132769
v 0.115004 0.055062 0.133266
v 0.114444 0.056032 0.132141
v 0.114419 0.056017 0.131351
v 0.114487 0.055871 0.130723
v 0.114633 0.055568 0.130388
v 0.114908 0.055000 0.130233
v 0.115277 0.054302 0.130236
v 0.115590 0.053756 0.130395
v 0.115757 0.053466 0.130731
v 0.115836 0.053332 0.131362
v 0.115861 0.053348 0.132150
v 0.115821 0.053507 0.132778
v 0.115675 0.053811 0.133112
v 0.115372 0.054364 0.133268
v -0.193080 -0.015370 0.155064
v -0.196656 -0.015661 0.150697
v -0.192114 -0.033297 0.150697
v -0.188849 -0.031860 0.154290
v -0.180645 -0.028671 0.153910
v -0.181750 -0.014743 0.154683
v -0.180794 0.005879 0.155146
v -0.194185 0.006315 0.155525
v -0.197963 0.006437 0.150697
v -0.174001 -0.014407 0.149936
v -0.175709 -0.026918 0.149936
v -0.175831 -0.026982 0.147624
v -0.174141 -0.014424 0.147624
v -0.171329 0.005571 0.147624
v -0.171188 0.005567 0.149936
v -0.179949 -0.014743 0.145427
v -0.180030 -0.028608 0.145680
v -0.188229 -0.031797 0.146061
v -0.191271 -0.015370 0.145807
v -0.191579 0.006230 0.145690
v -0.178199 0.005795 0.145310
v -0.196788 -0.015678 0.148385
v -0.192232 -0.033361 0.148385
v -0.198095 0.006442 0.148385
v -0.183133 -0.042568 0.150677
v -0.180716 -0.039798 0.153579
v -0.175522 -0.034124 0.153218
v -0.172747 -0.031219 0.149956
v -0.172856 -0.031307 0.147644
v -0.175521 -0.034188 0.145889
v -0.180713 -0.039862 0.146249
v -0.183240 -0.042656 0.148365
v -0.168647 -0.046813 0.150092
v -0.167684 -0.043506 0.152188
v -0.165722 -0.036983 0.151928
v -0.164724 -0.033768 0.149607
v -0.164798 -0.033841 0.147272
v -0.165771 -0.037139 0.145597
v -0.167736 -0.043656 0.145859
v -0.168724 -0.046880 0.147758
v -0.153658 -0.048655 0.148102
v -0.150663 -0.047265 0.148700
v -0.154379 -0.044462 0.149872
v -0.153975 -0.039473 0.149772
v -0.150103 -0.037388 0.148579
v -0.152769 -0.035447 0.147931
v -0.152858 -0.035500 0.145517
v -0.150322 -0.037470 0.143487
v -0.154021 -0.039577 0.144086
v -0.154426 -0.044551 0.144187
v -0.150869 -0.047308 0.143603
v -0.153743 -0.048684 0.145685
v -0.147543 -0.045559 0.147954
v -0.148540 -0.044055 0.148385
v -0.148428 -0.041137 0.148365
v -0.143670 -0.038003 0.146677
v -0.143714 -0.036407 0.145478
v -0.143842 -0.036446 0.142994
v -0.147591 -0.039796 0.142715
v -0.148638 -0.041182 0.142932
v -0.148742 -0.044086 0.142951
v -0.144220 -0.047692 0.141803
v -0.144222 -0.049292 0.143203
v -0.144109 -0.049289 0.145692
v -0.131997 -0.048187 0.142144
v -0.138256 -0.047899 0.144780
v -0.138142 -0.049485 0.143434
v -0.129721 -0.049871 0.139909
v -0.122632 -0.050818 0.137102
v -0.124015 -0.047482 0.138134
v -0.129224 -0.045993 0.140637
v -0.133040 -0.044813 0.142344
v -0.134329 -0.046135 0.143055
v -0.138334 -0.045961 0.144769
v -0.131814 -0.037336 0.139567
v -0.132958 -0.038795 0.141665
v -0.130314 -0.041285 0.140485
v -0.126480 -0.040812 0.138124
v -0.127548 -0.037497 0.137083
v -0.127215 -0.037480 0.133004
v -0.131767 -0.037375 0.137016
v -0.137881 -0.036932 0.140409
v -0.137785 -0.036887 0.142917
v -0.137983 -0.038428 0.144269
v -0.132975 -0.038871 0.136719
v -0.126009 -0.040310 0.129446
v -0.130142 -0.041341 0.135460
v -0.132968 -0.042124 0.137327
v -0.134304 -0.040673 0.137803
v -0.138432 -0.040403 0.139519
v -0.138212 -0.038504 0.139315
v -0.129674 -0.049862 0.137356
v -0.138225 -0.049485 0.140925
v -0.138467 -0.047910 0.139825
v -0.132009 -0.048190 0.137197
v -0.129055 -0.046010 0.135610
v -0.124038 -0.045889 0.128733
v -0.122795 -0.049711 0.132300
v -0.180409 0.026520 0.154683
v -0.191673 0.027882 0.155064
v -0.195223 0.028405 0.150697
v -0.172836 0.025707 0.147624
v -0.172697 0.025681 0.149936
v -0.189869 0.027765 0.145807
v -0.178612 0.026403 0.145427
v -0.195354 0.028430 0.148385
v -0.121064 -0.047915 0.137206
v -0.122211 -0.047979 0.137309
v -0.119877 -0.053483 0.137312
v -0.118751 -0.053351 0.137204
v -0.117608 -0.053221 0.137097
v -0.119898 -0.047852 0.137104
v -0.122733 -0.040933 0.137109
v -0.123817 -0.040950 0.137206
v -0.124889 -0.040968 0.137303
v -0.125087 -0.037423 0.136442
v -0.124081 -0.037402 0.136362
v -0.123569 -0.037305 0.130851
v -0.124581 -0.037341 0.130902
v -0.125591 -0.037379 0.130952
v -0.126088 -0.037445 0.136522
v -0.123280 -0.039874 0.125090
v -0.122266 -0.039832 0.125052
v -0.120610 -0.044650 0.123611
v -0.121608 -0.044725 0.123651
v -0.122606 -0.044800 0.123690
v -0.124294 -0.039917 0.125126
v -0.114567 -0.061342 0.130999
v -0.115504 -0.061644 0.131070
v -0.115838 -0.060315 0.125637
v -0.114881 -0.060039 0.125581
v -0.113923 -0.059765 0.125527
v -0.113630 -0.061040 0.130927
v -0.113852 -0.061351 0.135223
v -0.114770 -0.061652 0.135325
v -0.115686 -0.061952 0.135427
v -0.120036 -0.053497 0.136548
v -0.120845 -0.049326 0.123251
v -0.120511 -0.051418 0.129512
v -0.119686 -0.047818 0.135337
v -0.117412 -0.053185 0.136332
v -0.118066 -0.051114 0.129373
v -0.120060 -0.046216 0.128596
v -0.122278 -0.040354 0.129320
v -0.122504 -0.040907 0.135343
v -0.116755 -0.057721 0.137199
v -0.115590 -0.060211 0.137170
v -0.114619 -0.059956 0.137054
v -0.115710 -0.057517 0.137087
v -0.117791 -0.057925 0.137312
v -0.116555 -0.060469 0.137285
v -0.117935 -0.057947 0.136549
v -0.118562 -0.055765 0.129528
v -0.117040 -0.058975 0.129813
v -0.116684 -0.060501 0.136535
v -0.118075 -0.053413 0.123236
v -0.116297 -0.057212 0.123799
v -0.117265 -0.057424 0.123850
v -0.119051 -0.053569 0.123282
v -0.119864 -0.049202 0.123209
v -0.118882 -0.049077 0.123167
v -0.117098 -0.053255 0.123189
v -0.115327 -0.057003 0.123749
v -0.116212 -0.055338 0.129378
v -0.115509 -0.057464 0.136321
v -0.114413 -0.059895 0.136300
v -0.114768 -0.058421 0.129654
v -0.143945 -0.038071 0.141606
v -0.143971 -0.047677 0.146881
v -0.114220 -0.060714 0.136212
v -0.115159 -0.060993 0.136330
v -0.116095 -0.061274 0.136446
v -0.134178 -0.040607 0.142442
v -0.132965 -0.042062 0.142056
v -0.134447 -0.046156 0.138419
v -0.133037 -0.044851 0.137617
v -0.116232 -0.061314 0.135983
v -0.116105 -0.060834 0.130574
v -0.113878 -0.060180 0.130409
v -0.114027 -0.060655 0.135746
v -0.147777 -0.045580 0.142743
v -0.144052 -0.045742 0.141701
v -0.147338 -0.039746 0.147921
v -0.143610 -0.039991 0.146538
v -0.143892 -0.040042 0.141511
v -0.143788 -0.045723 0.146729
v -0.138585 -0.045978 0.140025
v -0.138174 -0.040346 0.144266
v -0.147358 -0.045225 0.147364
v -0.148345 -0.043905 0.147813
v -0.148247 -0.041353 0.147794
v -0.148413 -0.041386 0.143384
v -0.148507 -0.043928 0.143402
v -0.147547 -0.045241 0.143171
v -0.133197 -0.042213 0.141614
v -0.133262 -0.044619 0.141903
v -0.134537 -0.045770 0.142617
v -0.134640 -0.045784 0.139016
v -0.133268 -0.044646 0.138236
v -0.133207 -0.042258 0.137947
v -0.138441 -0.045604 0.144293
v -0.143926 -0.045393 0.142169
v -0.143712 -0.045380 0.146180
v -0.138648 -0.045615 0.140569
v -0.147382 -0.040176 0.143143
v -0.147180 -0.040140 0.147333
v -0.134514 -0.040982 0.138400
v -0.134406 -0.040934 0.142003
v -0.138513 -0.040733 0.140064
v -0.143557 -0.040366 0.145989
v -0.143785 -0.040403 0.141981
v -0.138301 -0.040693 0.143789
v -0.133268 -0.044632 0.140069
v -0.133205 -0.042236 0.139780
v -0.134592 -0.045777 0.140817
v -0.134463 -0.040958 0.140202
v -0.138410 -0.040713 0.141927
v -0.143673 -0.040385 0.143985
v -0.147283 -0.040158 0.145238
v -0.148333 -0.041369 0.145614
v -0.148428 -0.043916 0.145634
v -0.147455 -0.045233 0.145268
v -0.143821 -0.045386 0.144175
v -0.138547 -0.045610 0.142430
v -0.178401 0.040346 0.153910
v -0.186380 0.044062 0.154290
v -0.189545 0.045708 0.150697
v -0.173707 0.038349 0.147624
v -0.173589 0.038277 0.149936
v -0.185765 0.043959 0.146061
v -0.177790 0.040244 0.145680
v -0.189658 0.045780 0.148385
v -0.172934 0.045455 0.153218
v -0.177749 0.051455 0.153579
v -0.179981 0.054376 0.150677
v -0.170458 0.042471 0.147644
v -0.170354 0.042377 0.149956
v -0.177741 0.051519 0.146249
v -0.172930 0.045519 0.145889
v -0.180081 0.054470 0.148365
v -0.162969 0.047672 0.151928
v -0.164503 0.054308 0.152188
v -0.165248 0.057671 0.150092
v -0.162251 0.044476 0.147272
v -0.162182 0.044399 0.149607
v -0.164546 0.054462 0.145859
v -0.163008 0.047831 0.145597
v -0.165321 0.057743 0.147758
v -0.151086 0.049393 0.149772
v -0.151164 0.054397 0.149872
v -0.147274 0.056953 0.148700
v -0.150173 0.058534 0.148102
v -0.150228 0.045356 0.145517
v -0.150144 0.045298 0.147931
v -0.147356 0.047061 0.148579
v -0.151205 0.054490 0.144187
v -0.151125 0.049500 0.144086
v -0.147571 0.047157 0.143487
v -0.150256 0.058570 0.145685
v -0.147477 0.057010 0.143603
v -0.145443 0.050693 0.148365
v -0.145364 0.053612 0.148385
v -0.144271 0.055048 0.147954
v -0.141171 0.045715 0.142994
v -0.141045 0.045667 0.145478
v -0.140898 0.047256 0.146677
v -0.145563 0.053656 0.142951
v -0.145648 0.050752 0.142932
v -0.144694 0.049301 0.142715
v -0.140602 0.058547 0.145692
v -0.140715 0.058558 0.143203
v -0.140817 0.056960 0.141803
v -0.128587 0.056661 0.142144
v -0.126207 0.058194 0.139909
v -0.134636 0.058355 0.143434
v -0.134853 0.056781 0.144780
v -0.135056 0.054852 0.144769
v -0.131048 0.054766 0.143055
v -0.129848 0.053363 0.142344
v -0.125963 0.054291 0.140637
v -0.120668 0.055440 0.138134
v -0.119072 0.058678 0.137102
v -0.129110 0.045821 0.139567
v -0.135097 0.045761 0.142917
v -0.135190 0.045812 0.140409
v -0.129061 0.045857 0.137016
v -0.124511 0.045666 0.133004
v -0.124842 0.045704 0.137083
v -0.123562 0.048943 0.138124
v -0.127356 0.049664 0.140485
v -0.130157 0.047351 0.141665
v -0.135195 0.047311 0.144269
v -0.130169 0.047428 0.136719
v -0.135419 0.047403 0.139315
v -0.135515 0.049311 0.139519
v -0.131378 0.049313 0.137803
v -0.129950 0.050674 0.137327
v -0.127181 0.049709 0.135460
v -0.123124 0.048412 0.129446
v -0.126161 0.058181 0.137356
v -0.128599 0.056664 0.137197
v -0.135062 0.056805 0.139825
v -0.134717 0.058362 0.140925
v -0.119306 0.057584 0.132300
v -0.120795 0.053851 0.128733
v -0.125793 0.054298 0.135610
v -0.117695 0.055679 0.137206
v -0.115033 0.060955 0.137204
v -0.116149 0.061158 0.137312
v -0.118836 0.055818 0.137309
v -0.121962 0.048995 0.137303
v -0.120894 0.048908 0.137206
v -0.119815 0.048820 0.137109
v -0.116536 0.055541 0.137104
v -0.113902 0.060749 0.137097
v -0.122391 0.045471 0.136442
v -0.123389 0.045558 0.136522
v -0.122897 0.045460 0.130952
v -0.121892 0.045357 0.130902
v -0.120884 0.045254 0.130851
v -0.121389 0.045384 0.136362
v -0.120430 0.047799 0.125090
v -0.121438 0.047908 0.125126
v -0.119437 0.052671 0.123690
v -0.118446 0.052532 0.123651
v -0.117454 0.052392 0.123611
v -0.119420 0.047691 0.125052
v -0.110340 0.068656 0.130999
v -0.110738 0.067375 0.125581
v -0.111674 0.067713 0.125637
v -0.111255 0.069018 0.131070
v -0.111416 0.069338 0.135427
v -0.110522 0.068978 0.135325
v -0.109626 0.068618 0.135223
v -0.109424 0.068294 0.130927
v -0.109800 0.067040 0.125527
v -0.116307 0.061182 0.136548
v -0.116916 0.059139 0.129512
v -0.117385 0.057073 0.123251
v -0.116327 0.055494 0.135337
v -0.119587 0.048780 0.135343
v -0.119397 0.048214 0.129320
v -0.116804 0.053920 0.128596
v -0.114496 0.058677 0.129373
v -0.113709 0.060701 0.136332
v -0.112759 0.065184 0.137199
v -0.113779 0.065456 0.137312
v -0.111728 0.064913 0.137087
v -0.110481 0.067276 0.137054
v -0.111434 0.067594 0.137170
v -0.112380 0.067915 0.137285
v -0.113921 0.065487 0.136549
v -0.112507 0.067954 0.136535
v -0.112961 0.066454 0.129813
v -0.114688 0.063350 0.129528
v -0.114356 0.060971 0.123236
v -0.113392 0.060751 0.123189
v -0.115442 0.056697 0.123167
v -0.116414 0.056886 0.123209
v -0.115320 0.061191 0.123282
v -0.113286 0.064922 0.123850
v -0.112334 0.064647 0.123799
v -0.111380 0.064375 0.123749
v -0.112371 0.062771 0.129378
v -0.110730 0.065755 0.129654
v -0.110280 0.067202 0.136300
v -0.111533 0.064848 0.136321
v -0.141167 0.047343 0.141606
v -0.140570 0.056930 0.146881
v -0.110953 0.068346 0.136330
v -0.110034 0.068007 0.136213
v -0.111868 0.068687 0.136446
v -0.129951 0.050612 0.142056
v -0.131257 0.049238 0.142442
v -0.129842 0.053400 0.137617
v -0.131164 0.054793 0.138419
v -0.112003 0.068737 0.135984
v -0.111907 0.068250 0.130574
v -0.109728 0.067452 0.130409
v -0.109845 0.067935 0.135746
v -0.144503 0.055085 0.142743
v -0.140777 0.055004 0.141701
v -0.144445 0.049234 0.147921
v -0.140708 0.049236 0.146538
v -0.140987 0.049306 0.141511
v -0.140514 0.054968 0.146729
v -0.135306 0.054885 0.140025
v -0.135260 0.049238 0.144266
v -0.145247 0.050897 0.147794
v -0.145179 0.053451 0.147813
v -0.144109 0.054703 0.147364
v -0.144297 0.054731 0.143171
v -0.145339 0.053484 0.143402
v -0.145411 0.050940 0.143384
v -0.131279 0.054414 0.142617
v -0.130082 0.053183 0.141903
v -0.130173 0.050778 0.141614
v -0.130181 0.050823 0.137947
v -0.130086 0.053210 0.138236
v -0.131381 0.054435 0.139016
v -0.135185 0.054502 0.144293
v -0.140672 0.054648 0.142169
v -0.140460 0.054622 0.146180
v -0.135392 0.054528 0.140569
v -0.144460 0.049667 0.143143
v -0.144261 0.049618 0.147333
v -0.131568 0.049635 0.138400
v -0.131463 0.049580 0.142003
v -0.135574 0.049646 0.140064
v -0.140632 0.049608 0.145989
v -0.140856 0.049660 0.141981
v -0.135365 0.049593 0.143789
v -0.130088 0.053196 0.140069
v -0.131333 0.054424 0.140817
v -0.130180 0.050800 0.139780
v -0.131518 0.049607 0.140202
v -0.135473 0.049620 0.141927
v -0.140746 0.049633 0.143985
v -0.144363 0.049642 0.145238
v -0.145332 0.050919 0.145614
v -0.145262 0.053467 0.145634
v -0.144205 0.054717 0.145268
v -0.140569 0.054635 0.144175
v -0.135291 0.054515 0.142430
v 0.193080 0.015370 0.155064
v 0.196656 0.015661 0.150697
v 0.192114 0.033297 0.150697
v 0.188849 0.031861 0.154290
v 0.180645 0.028671 0.153910
v 0.181750 0.014743 0.154683
v 0.180794 -0.005879 0.155146
v 0.194185 -0.006315 0.155525
v 0.197963 -0.006437 0.150697
v 0.174001 0.014408 0.149936
v 0.175709 0.026919 0.149936
v 0.175831 0.026982 0.147624
v 0.174141 0.014424 0.147624
v 0.171329 -0.005571 0.147624
v 0.171188 -0.005567 0.149936
v 0.179949 0.014744 0.145427
v 0.180030 0.028608 0.145680
v 0.188229 0.031798 0.146061
v 0.191271 0.015371 0.145807
v 0.191579 -0.006230 0.145690
v 0.178199 -0.005794 0.145310
v 0.196788 0.015678 0.148385
v 0.192232 0.033362 0.148385
v 0.198095 -0.006441 0.148385
v 0.183133 0.042569 0.150677
v 0.180716 0.039799 0.153579
v 0.175521 0.034124 0.153218
v 0.172747 0.031220 0.149956
v 0.172856 0.031308 0.147644
v 0.175521 0.034188 0.145889
v 0.180713 0.039863 0.146249
v 0.183240 0.042656 0.148365
v 0.168646 0.046813 0.150092
v 0.167684 0.043506 0.152188
v 0.165722 0.036983 0.151928
v 0.164724 0.033768 0.149607
v 0.164798 0.033842 0.147272
v 0.165771 0.037139 0.145597
v 0.167736 0.043656 0.145859
v 0.168723 0.046880 0.147758
v 0.153658 0.048655 0.148102
v 0.150663 0.047265 0.148700
v 0.154379 0.044462 0.149872
v 0.153975 0.039473 0.149772
v 0.150103 0.037389 0.148579
v 0.152769 0.035448 0.147931
v 0.152858 0.035501 0.145517
v 0.150322 0.037470 0.143487
v 0.154021 0.039578 0.144086
v 0.154426 0.044551 0.144187
v 0.150868 0.047308 0.143603
v 0.153743 0.048685 0.145685
v 0.147543 0.045559 0.147954
v 0.148540 0.044055 0.148385
v 0.148428 0.041137 0.148365
v 0.143670 0.038004 0.146677
v 0.143714 0.036407 0.145478
v 0.143842 0.036447 0.142994
v 0.147591 0.039797 0.142715
v 0.148638 0.041183 0.142932
v 0.148742 0.044086 0.142951
v 0.144220 0.047692 0.141803
v 0.144222 0.049292 0.143203
v 0.144109 0.049290 0.145692
v 0.131997 0.048187 0.142144
v 0.138256 0.047899 0.144780
v 0.138142 0.049485 0.143434
v 0.129721 0.049872 0.139909
v 0.122632 0.050818 0.137102
v 0.124015 0.047482 0.138134
v 0.129223 0.045993 0.140637
v 0.133040 0.044814 0.142344
v 0.134329 0.046136 0.143055
v 0.138334 0.045962 0.144769
v 0.131814 0.037336 0.139567
v 0.132958 0.038795 0.141665
v 0.130314 0.041285 0.140485
v 0.126480 0.040813 0.138124
v 0.127548 0.037497 0.137083
v 0.127215 0.037480 0.133004
v 0.131767 0.037375 0.137016
v 0.137881 0.036932 0.140409
v 0.137785 0.036888 0.142917
v 0.137983 0.038429 0.144269
v 0.132975 0.038872 0.136719
v 0.126009 0.040311 0.129446
v 0.130142 0.041341 0.135460
v 0.132968 0.042125 0.137327
v 0.134304 0.040673 0.137803
v 0.138432 0.040403 0.139519
v 0.138212 0.038505 0.139315
v 0.129674 0.049862 0.137356
v 0.138225 0.049486 0.140925
v 0.138467 0.047911 0.139825
v 0.132009 0.048190 0.137197
v 0.129055 0.046010 0.135610
v 0.124038 0.045890 0.128733
v 0.122795 0.049711 0.132300
v 0.180409 -0.026519 0.154683
v 0.191673 -0.027881 0.155064
v 0.195223 -0.028405 0.150697
v 0.172836 -0.025707 0.147624
v 0.172697 -0.025681 0.149936
v 0.189869 -0.027764 0.145807
v 0.178612 -0.026403 0.145427
v 0.195354 -0.028429 0.148385
v 0.121064 0.047915 0.137206
v 0.122211 0.047980 0.137309
v 0.119877 0.053484 0.137312
v 0.118751 0.053352 0.137204
v 0.117608 0.053221 0.137097
v 0.119898 0.047852 0.137104
v 0.122733 0.040933 0.137109
v 0.123817 0.040950 0.137206
v 0.124888 0.040968 0.137303
v 0.125087 0.037423 0.136442
v 0.124081 0.037402 0.136362
v 0.123569 0.037305 0.130851
v 0.124581 0.037341 0.130902
v 0.125591 0.037380 0.130952
v 0.126088 0.037446 0.136522
v 0.123280 0.039875 0.125090
v 0.122266 0.039832 0.125052
v 0.120610 0.044651 0.123611
v 0.121608 0.044725 0.123651
v 0.122606 0.044800 0.123690
v 0.124294 0.039917 0.125126
v 0.114567 0.061343 0.130999
v 0.115504 0.061644 0.131070
v 0.115838 0.060315 0.125637
v 0.114881 0.060039 0.125581
v 0.113923 0.059765 0.125527
v 0.113630 0.061040 0.130927
v 0.113852 0.061351 0.135223
v 0.114770 0.061652 0.135325
v 0.115686 0.061953 0.135427
v 0.120036 0.053497 0.136548
v 0.120845 0.049327 0.123251
v 0.120511 0.051418 0.129512
v 0.119686 0.047819 0.135337
v 0.117412 0.053186 0.136332
v 0.118066 0.051114 0.129373
v 0.120060 0.046217 0.128596
v 0.122278 0.040354 0.129320
v 0.122504 0.040907 0.135343
v 0.116755 0.057721 0.137199
v 0.115590 0.060212 0.137170
v 0.114619 0.059957 0.137054
v 0.115710 0.057517 0.137087
v 0.117791 0.057926 0.137312
v 0.116555 0.060470 0.137285
v 0.117935 0.057948 0.136549
v 0.118562 0.055765 0.129528
v 0.117040 0.058975 0.129813
v 0.116684 0.060501 0.136535
v 0.118075 0.053413 0.123236
v 0.116296 0.057213 0.123799
v 0.117264 0.057424 0.123850
v 0.119051 0.053569 0.123282
v 0.119864 0.049202 0.123209
v 0.118882 0.049077 0.123167
v 0.117098 0.053256 0.123189
v 0.115327 0.057003 0.123749
v 0.116212 0.055338 0.129378
v 0.115509 0.057464 0.136321
v 0.114413 0.059895 0.136300
v 0.114768 0.058421 0.129654
v 0.143945 0.038072 0.141606
v 0.143971 0.047677 0.146881
v 0.114220 0.060715 0.136213
v 0.115159 0.060994 0.136330
v 0.116095 0.061274 0.136446
v 0.134178 0.040607 0.142442
v 0.132964 0.042062 0.142056
v 0.134447 0.046157 0.138419
v 0.133037 0.044851 0.137617
v 0.116232 0.061315 0.135984
v 0.116105 0.060835 0.130574
v 0.113878 0.060181 0.130409
v 0.114027 0.060655 0.135746
v 0.147777 0.045581 0.142743
v 0.144052 0.045743 0.141701
v 0.147338 0.039746 0.147921
v 0.143610 0.039991 0.146538
v 0.143892 0.040042 0.141511
v 0.143788 0.045724 0.146729
v 0.138585 0.045978 0.140025
v 0.138174 0.040346 0.144266
v 0.147358 0.045225 0.147364
v 0.148345 0.043906 0.147813
v 0.148247 0.041354 0.147794
v 0.148413 0.041386 0.143384
v 0.148507 0.043928 0.143402
v 0.147547 0.045241 0.143171
v 0.133197 0.042213 0.141614
v 0.133262 0.044619 0.141903
v 0.134537 0.045770 0.142617
v 0.134640 0.045784 0.139016
v 0.133268 0.044646 0.138236
v 0.133207 0.042258 0.137947
v 0.138440 0.045604 0.144293
v 0.143926 0.045393 0.142169
v 0.143712 0.045381 0.146180
v 0.138648 0.045616 0.140569
v 0.147381 0.040176 0.143143
v 0.147180 0.040140 0.147333
v 0.134514 0.040982 0.138400
v 0.134406 0.040935 0.142003
v 0.138513 0.040734 0.140064
v 0.143557 0.040367 0.145989
v 0.143784 0.040404 0.141981
v 0.138301 0.040693 0.143789
v 0.133268 0.044633 0.140069
v 0.133205 0.042236 0.139780
v 0.134592 0.045777 0.140817
v 0.134463 0.040958 0.140202
v 0.138410 0.040713 0.141927
v 0.143673 0.040385 0.143985
v 0.147282 0.040159 0.145238
v 0.148333 0.041370 0.145614
v 0.148428 0.043916 0.145634
v 0.147455 0.045233 0.145268
v 0.143821 0.045387 0.144175
v 0.138547 0.045610 0.142430
v 0.178401 -0.040346 0.153910
v 0.186380 -0.044062 0.154290
v 0.189545 -0.045708 0.150697
v 0.173707 -0.038349 0.147624
v 0.173589 -0.038277 0.149936
v 0.185765 -0.043959 0.146061
v 0.177790 -0.040244 0.145680
v 0.189658 -0.045779 0.148385
v 0.172934 -0.045455 0.153218
v 0.177749 -0.051455 0.153579
v 0.179980 -0.054376 0.150677
v 0.170458 -0.042471 0.147644
v 0.170354 -0.042377 0.149956
v 0.177741 -0.051518 0.146249
v 0.172930 -0.045518 0.145889
v 0.180081 -0.054470 0.148365
v 0.162968 -0.047671 0.151928
v 0.164503 -0.054307 0.152188
v 0.165248 -0.057670 0.150092
v 0.162251 -0.044476 0.147272
v 0.162182 -0.044398 0.149607
v 0.164546 -0.054461 0.145859
v 0.163008 -0.047831 0.145597
v 0.165321 -0.057742 0.147758
v 0.151086 -0.049393 0.149772
v 0.151164 -0.054397 0.149872
v 0.147274 -0.056953 0.148700
v 0.150173 -0.058534 0.148102
v 0.150228 -0.045356 0.145517
v 0.150143 -0.045298 0.147931
v 0.147356 -0.047061 0.148579
v 0.151205 -0.054489 0.144187
v 0.151125 -0.049500 0.144086
v 0.147571 -0.047157 0.143487
v 0.150256 -0.058570 0.145685
v 0.147477 -0.057009 0.143603
v 0.145443 -0.050693 0.148365
v 0.145364 -0.053612 0.148385
v 0.144271 -0.055048 0.147954
v 0.141171 -0.045714 0.142994
v 0.141045 -0.045667 0.145478
v 0.140898 -0.047256 0.146677
v 0.145563 -0.053656 0.142951
v 0.145648 -0.050752 0.142932
v 0.144694 -0.049301 0.142715
v 0.140602 -0.058547 0.145692
v 0.140715 -0.058558 0.143203
v 0.140817 -0.056960 0.141803
v 0.128587 -0.056661 0.142144
v 0.126207 -0.058194 0.139909
v 0.134636 -0.058355 0.143434
v 0.134853 -0.056780 0.144780
v 0.135056 -0.054852 0.144769
v 0.131048 -0.054765 0.143055
v 0.129848 -0.053362 0.142344
v 0.125963 -0.054290 0.140637
v 0.120668 -0.055439 0.138134
v 0.119072 -0.058678 0.137102
v 0.129110 -0.045821 0.139567
v 0.135097 -0.045761 0.142917
v 0.135190 -0.045811 0.140409
v 0.129061 -0.045856 0.137016
v 0.124511 -0.045666 0.133004
v 0.124842 -0.045704 0.137083
v 0.123562 -0.048943 0.138124
v 0.127356 -0.049664 0.140485
v 0.130157 -0.047350 0.141665
v 0.135195 -0.047311 0.144269
v 0.130169 -0.047428 0.136719
v 0.135419 -0.047403 0.139315
v 0.135515 -0.049311 0.139519
v 0.131378 -0.049313 0.137803
v 0.129950 -0.050674 0.137327
v 0.127181 -0.049708 0.135460
v 0.123123 -0.048411 0.129446
v 0.126161 -0.058181 0.137356
v 0.128599 -0.056664 0.137197
v 0.135062 -0.056804 0.139825
v 0.134717 -0.058361 0.140925
v 0.119306 -0.057584 0.132300
v 0.120795 -0.053851 0.128733
v 0.125793 -0.054298 0.135610
v 0.117694 -0.055679 0.137206
v 0.115033 -0.060954 0.137204
v 0.116149 -0.061158 0.137312
v 0.118836 -0.055818 0.137309
v 0.121962 -0.048994 0.137303
v 0.120894 -0.048907 0.137206
v 0.119815 -0.048820 0.137109
v 0.116536 -0.055540 0.137104
v 0.113902 -0.060749 0.137097
v 0.122391 -0.045470 0.136442
v 0.123388 -0.045557 0.136522
v 0.122897 -0.045459 0.130952
v 0.121892 -0.045356 0.130902
v 0.120884 -0.045254 0.130851
v 0.121389 -0.045384 0.136362
v 0.120430 -0.047799 0.125090
v 0.121438 -0.047908 0.125126
v 0.119436 -0.052670 0.123690
v 0.118446 -0.052531 0.123651
v 0.117454 -0.052392 0.123611
v 0.119420 -0.047690 0.125052
v 0.110340 -0.068656 0.130999
v 0.110738 -0.067375 0.125581
v 0.111674 -0.067712 0.125637
v 0.111255 -0.069018 0.131070
v 0.111416 -0.069338 0.135427
v 0.110522 -0.068978 0.135325
v 0.109626 -0.068618 0.135223
v 0.109424 -0.068293 0.130927
v 0.109800 -0.067040 0.125527
v 0.116307 -0.061182 0.136548
v 0.116916 -0.059139 0.129512
v 0.117385 -0.057073 0.123251
v 0.116327 -0.055493 0.135337
v 0.119587 -0.048780 0.135343
v 0.119397 -0.048213 0.129320
v 0.116804 -0.053919 0.128596
v 0.114496 -0.058676 0.129373
v 0.113709 -0.060701 0.136332
v 0.112759 -0.065184 0.137199
v 0.113779 -0.065456 0.137312
v 0.111728 -0.064913 0.137087
v 0.110481 -0.067276 0.137054
v 0.111434 -0.067594 0.137170
v 0.112380 -0.067914 0.137285
v 0.113921 -0.065487 0.136549
v 0.112507 -0.067954 0.136535
v 0.112961 -0.066454 0.129813
v 0.114688 -0.063350 0.129528
v 0.114355 -0.060970 0.123236
v 0.113392 -0.060751 0.123189
v 0.115442 -0.056697 0.123167
v 0.116414 -0.056886 0.123209
v 0.115320 -0.061190 0.123282
v 0.113286 -0.064922 0.123850
v 0.112334 -0.064646 0.123799
v 0.111380 -0.064374 0.123749
v 0.112371 -0.062771 0.129378
v 0.110730 -0.065754 0.129654
v 0.110280 -0.067201 0.136300
v 0.111532 -0.064847 0.136321
v 0.141167 -0.047343 0.141606
v 0.140570 -0.056930 0.146881
v 0.110953 -0.068345 0.136330
v 0.110034 -0.068007 0.136212
v 0.111868 -0.068687 0.136446
v 0.129951 -0.050611 0.142056
v 0.131257 -0.049238 0.142442
v 0.129842 -0.053399 0.137617
v 0.131164 -0.054793 0.138419
v 0.112002 -0.068736 0.135983
v 0.111907 -0.068249 0.130574
v 0.109727 -0.067451 0.130409
v 0.109845 -0.067935 0.135746
v 0.144503 -0.055085 0.142743
v 0.140777 -0.055004 0.141701
v 0.144445 -0.049233 0.147921
v 0.140708 -0.049236 0.146538
v 0.140987 -0.049306 0.141511
v 0.140514 -0.054968 0.146729
v 0.135306 -0.054884 0.140025
v 0.135260 -0.049238 0.144266
v 0.145247 -0.050897 0.147794
v 0.145179 -0.053450 0.147813
v 0.144109 -0.054703 0.147364
v 0.144297 -0.054731 0.143171
v 0.145339 -0.053483 0.143402
v 0.145411 -0.050940 0.143384
v 0.131279 -0.054414 0.142617
v 0.130082 -0.053182 0.141903
v 0.130173 -0.050777 0.141614
v 0.130181 -0.050822 0.137947
v 0.130086 -0.053210 0.138236
v 0.131381 -0.054435 0.139016
v 0.135185 -0.054502 0.144293
v 0.140672 -0.054648 0.142169
v 0.140460 -0.054621 0.146180
v 0.135392 -0.054527 0.140569
v 0.144460 -0.049666 0.143143
v 0.144261 -0.049617 0.147333
v 0.131567 -0.049634 0.138400
v 0.131462 -0.049579 0.142003
v 0.135574 -0.049646 0.140064
v 0.140632 -0.049608 0.145989
v 0.140856 -0.049659 0.141981
v 0.135365 -0.049592 0.143789
v 0.130087 -0.053196 0.140069
v 0.131333 -0.054424 0.140817
v 0.130180 -0.050800 0.139780
v 0.131518 -0.049607 0.140202
v 0.135472 -0.049619 0.141927
v 0.140746 -0.049633 0.143985
v 0.144363 -0.049641 0.145238
v 0.145332 -0.050919 0.145614
v 0.145262 -0.053467 0.145634
v 0.144205 -0.054716 0.145268
v 0.140568 -0.054634 0.144175
v 0.135291 -0.054515 0.142430
v -0.159652 -0.047276 0.150317
v -0.158182 -0.035510 0.150016
v -0.158261 -0.035629 0.145441
v -0.159738 -0.047373 0.145745
v -0.125747 -0.049457 0.139231
v -0.129299 -0.038195 0.139124
v -0.129007 -0.038220 0.133965
v -0.125587 -0.049153 0.133895
v -0.121292 -0.051145 0.137321
v -0.122009 -0.047614 0.125081
v -0.156243 0.057548 0.150317
v -0.155541 0.045712 0.150016
v -0.155611 0.045835 0.145441
v -0.156324 0.057651 0.145745
v -0.122268 0.057522 0.139231
v -0.126545 0.046515 0.139124
v -0.126251 0.046521 0.133965
v -0.122129 0.057209 0.133895
v -0.117714 0.058917 0.137321
v -0.118657 0.055440 0.125081
v 0.159652 0.047276 0.150317
v 0.158182 0.035510 0.150016
v 0.158261 0.035629 0.145441
v 0.159738 0.047373 0.145745
v 0.125746 0.049458 0.139231
v 0.129299 0.038195 0.139124
v 0.129007 0.038220 0.133965
v 0.125587 0.049153 0.133895
v 0.121292 0.051145 0.137321
v 0.122009 0.047614 0.125081
v 0.156243 -0.057548 0.150317
v 0.155541 -0.045711 0.150016
v 0.155611 -0.045835 0.145441
v 0.156323 -0.057650 0.145745
v 0.122268 -0.057522 0.139231
v 0.126545 -0.046514 0.139124
v 0.126251 -0.046520 0.133965
v 0.122128 -0.057208 0.133895
v 0.117714 -0.058916 0.137321
v 0.118657 -0.055440 0.125081
v -0.133865 -0.009876 0.164449
v -0.132959 0.018006 0.164449
v -0.136198 0.018453 0.164560
v -0.137127 -0.010111 0.164560
v -0.132097 -0.038245 0.164560
v -0.128955 -0.037337 0.164449
v -0.124805 -0.036136 0.163530
v -0.129556 -0.009564 0.163530
v -0.128678 0.017415 0.163530
v -0.121327 -0.064719 0.164560
v -0.118443 -0.063176 0.164449
v -0.114633 -0.061138 0.163530
v -0.105289 -0.088374 0.164560
v -0.102788 -0.086266 0.164449
v -0.099485 -0.083481 0.163530
v -0.084682 -0.108177 0.164560
v -0.082675 -0.105596 0.164449
v -0.080023 -0.102184 0.163530
v -0.060409 -0.123264 0.164560
v -0.058983 -0.120322 0.164449
v -0.057097 -0.116434 0.163530
v -0.033529 -0.132975 0.164560
v -0.032746 -0.129800 0.164449
v -0.031710 -0.125605 0.163530
v -0.005218 -0.136884 0.164560
v -0.005111 -0.133616 0.164449
v -0.004971 -0.129297 0.163530
v 0.023288 -0.134823 0.164560
v 0.022712 -0.131604 0.164449
v 0.021951 -0.127350 0.163530
v 0.050741 -0.126879 0.164560
v 0.049509 -0.123850 0.164449
v 0.047881 -0.119847 0.163530
v 0.075943 -0.113401 0.164560
v 0.074108 -0.110694 0.164449
v 0.071684 -0.107117 0.163530
v 0.097793 -0.094977 0.164560
v 0.095435 -0.092712 0.164449
v 0.092320 -0.089717 0.163530
v 0.115334 -0.072414 0.164560
v 0.112557 -0.070688 0.164449
v 0.108887 -0.068407 0.163530
v 0.127801 -0.046697 0.164560
v 0.124725 -0.045586 0.164449
v 0.120662 -0.044118 0.163530
v 0.134648 -0.018950 0.164560
v 0.131409 -0.018502 0.164449
v 0.127129 -0.017911 0.163530
v 0.135578 0.009616 0.164560
v 0.132316 0.009379 0.164449
v 0.128006 0.009067 0.163530
v 0.130547 0.037749 0.164560
v 0.127406 0.036840 0.164449
v 0.123256 0.035639 0.163530
v 0.119777 0.064222 0.164560
v 0.116894 0.062680 0.164449
v 0.113084 0.060643 0.163530
v 0.103738 0.087877 0.164560
v 0.101239 0.085769 0.164449
v 0.097935 0.082984 0.163530
v 0.083133 0.107682 0.164560
v 0.081126 0.105099 0.164449
v 0.078473 0.101688 0.163530
v 0.058859 0.122768 0.164560
v 0.057433 0.119826 0.164449
v 0.055548 0.115937 0.163530
v 0.031979 0.132478 0.164560
v 0.031196 0.129304 0.164449
v 0.030161 0.125108 0.163530
v 0.003669 0.136388 0.164559
v 0.003562 0.133120 0.164449
v 0.003422 0.128801 0.163530
v -0.024837 0.134326 0.164559
v -0.024262 0.131107 0.164449
v -0.023501 0.126853 0.163530
v -0.052291 0.126382 0.164560
v -0.051058 0.123353 0.164449
v -0.049430 0.119351 0.163530
v -0.077493 0.112905 0.164560
v -0.075658 0.110198 0.164449
v -0.073233 0.106622 0.163530
v -0.099342 0.094482 0.164560
v -0.096984 0.092215 0.164449
v -0.093869 0.089221 0.163530
v -0.116884 0.071918 0.164560
v -0.114106 0.070191 0.164449
v -0.110436 0.067911 0.163530
v -0.129351 0.046200 0.164560
v -0.126275 0.045089 0.164449
v -0.122211 0.043621 0.163530
v -0.126838 -0.009367 0.161361
v -0.122188 -0.035378 0.161361
v -0.120036 -0.034756 0.159441
v -0.124604 -0.009206 0.159441
v -0.123761 0.016736 0.159441
v -0.125980 0.017042 0.161361
v -0.112230 -0.059854 0.161361
v -0.110255 -0.058797 0.159441
v -0.097402 -0.081724 0.161361
v -0.095690 -0.080281 0.159441
v -0.078351 -0.100034 0.161361
v -0.076976 -0.098266 0.159441
v -0.055909 -0.113982 0.161361
v -0.054932 -0.111966 0.159441
v -0.031058 -0.122960 0.161361
v -0.030521 -0.120785 0.159441
v -0.004882 -0.126575 0.161361
v -0.004810 -0.124335 0.159441
v 0.021472 -0.124668 0.161361
v 0.021078 -0.122463 0.159441
v 0.046854 -0.117324 0.161361
v 0.046010 -0.115249 0.159441
v 0.070155 -0.104863 0.161361
v 0.068897 -0.103009 0.159441
v 0.090355 -0.087830 0.161361
v 0.088740 -0.086278 0.159441
v 0.106573 -0.066968 0.161361
v 0.104670 -0.065787 0.159441
v 0.118100 -0.043192 0.161361
v 0.115993 -0.042431 0.159441
v 0.124430 -0.017538 0.161361
v 0.122211 -0.017232 0.159441
v 0.125289 0.008871 0.161361
v 0.123055 0.008709 0.159441
v 0.120638 0.034882 0.161361
v 0.118486 0.034259 0.159441
v 0.110681 0.059357 0.161361
v 0.108706 0.058301 0.159441
v 0.095853 0.081228 0.161361
v 0.094140 0.079784 0.159441
v 0.076801 0.099537 0.161361
v 0.075426 0.097769 0.159441
v 0.054360 0.113485 0.161361
v 0.053382 0.111471 0.159441
v 0.029508 0.122464 0.161361
v 0.028971 0.120289 0.159441
v 0.003333 0.126078 0.161361
v 0.003260 0.123840 0.159441
v -0.023021 0.124172 0.161361
v -0.022627 0.121966 0.159441
v -0.048403 0.116827 0.161361
v -0.047560 0.114752 0.159441
v -0.071704 0.104366 0.161361
v -0.070447 0.102513 0.159441
v -0.091905 0.087334 0.161361
v -0.090289 0.085781 0.159441
v -0.108123 0.066473 0.161361
v -0.106220 0.065290 0.159441
v -0.119649 0.042696 0.161361
v -0.117542 0.041935 0.159441
v -0.118401 -0.034283 0.158596
v -0.122907 -0.009083 0.158596
v -0.122075 0.016503 0.158596
v -0.108755 -0.057995 0.158596
v -0.094389 -0.079183 0.158596
v -0.075932 -0.096922 0.158596
v -0.054189 -0.110435 0.158596
v -0.030113 -0.119133 0.158596
v -0.004754 -0.122635 0.158596
v 0.020778 -0.120789 0.158596
v 0.045369 -0.113673 0.158596
v 0.067943 -0.101601 0.158596
v 0.087514 -0.085098 0.158596
v 0.103226 -0.064888 0.158596
v 0.114393 -0.041853 0.158596
v 0.120526 -0.016999 0.158596
v 0.121358 0.008587 0.158596
v 0.116852 0.033787 0.158596
v 0.107206 0.057499 0.158596
v 0.092839 0.078687 0.158596
v 0.074382 0.096426 0.158596
v 0.052640 0.109939 0.158596
v 0.028564 0.118637 0.158596
v 0.003205 0.122139 0.158596
v -0.022328 0.120292 0.158596
v -0.046918 0.113177 0.158596
v -0.069492 0.101104 0.158596
v -0.089063 0.084603 0.158596
v -0.104775 0.064392 0.158596
v -0.115942 0.041356 0.158596
v -0.133865 -0.009876 0.162669
v -0.137127 -0.010111 0.162781
v -0.136198 0.018453 0.162781
v -0.132959 0.018006 0.162669
v -0.128678 0.017415 0.161752
v -0.129556 -0.009564 0.161752
v -0.124805 -0.036136 0.161752
v -0.128955 -0.037337 0.162669
v -0.132097 -0.038245 0.162781
v -0.114633 -0.061138 0.161752
v -0.118443 -0.063176 0.162669
v -0.121327 -0.064719 0.162781
v -0.099485 -0.083481 0.161752
v -0.102788 -0.086266 0.162669
v -0.105288 -0.088374 0.162781
v -0.080023 -0.102184 0.161752
v -0.082675 -0.105596 0.162669
v -0.084682 -0.108177 0.162781
v -0.057097 -0.116434 0.161752
v -0.058983 -0.120322 0.162669
v -0.060409 -0.123264 0.162781
v -0.031710 -0.125605 0.161752
v -0.032746 -0.129800 0.162669
v -0.033529 -0.132975 0.162781
v -0.004971 -0.129297 0.161752
v -0.005111 -0.133616 0.162669
v -0.005218 -0.136884 0.162781
v 0.021951 -0.127350 0.161752
v 0.022712 -0.131604 0.162669
v 0.023288 -0.134823 0.162781
v 0.047881 -0.119847 0.161752
v 0.049509 -0.123850 0.162669
v 0.050741 -0.126879 0.162781
v 0.071684 -0.107117 0.161752
v 0.074108 -0.110694 0.162669
v 0.075943 -0.113401 0.162781
v 0.092320 -0.089717 0.161752
v 0.095435 -0.092712 0.162669
v 0.097793 -0.094977 0.162781
v 0.108887 -0.068407 0.161752
v 0.112557 -0.070688 0.162669
v 0.115334 -0.072414 0.162781
v 0.120662 -0.044118 0.161752
v 0.124725 -0.045586 0.162669
v 0.127801 -0.046697 0.162781
v 0.127129 -0.017911 0.161752
v 0.131409 -0.018502 0.162669
v 0.134648 -0.018950 0.162781
v 0.128006 0.009067 0.161752
v 0.132316 0.009379 0.162669
v 0.135578 0.009616 0.162781
v 0.123256 0.035639 0.161752
v 0.127406 0.036840 0.162669
v 0.130547 0.037749 0.162781
v 0.113084 0.060643 0.161752
v 0.116894 0.062680 0.162669
v 0.119777 0.064222 0.162781
v 0.097935 0.082984 0.161752
v 0.101239 0.085769 0.162669
v 0.103738 0.087877 0.162781
v 0.078473 0.101688 0.161752
v 0.081126 0.105099 0.162669
v 0.083133 0.107682 0.162781
v 0.055548 0.115937 0.161752
v 0.057433 0.119826 0.162669
v 0.058859 0.122768 0.162781
v 0.030161 0.125108 0.161752
v 0.031196 0.129304 0.162669
v 0.031979 0.132478 0.162781
v 0.003422 0.128801 0.161752
v 0.003562 0.133120 0.162669
v 0.003669 0.136388 0.162781
v -0.023501 0.126853 0.161752
v -0.024262 0.131107 0.162669
v -0.024837 0.134326 0.162781
v -0.049430 0.119351 0.161752
v -0.051058 0.123353 0.162669
v -0.052291 0.126382 0.162781
v -0.073233 0.106622 0.161752
v -0.075658 0.110198 0.162669
v -0.077493 0.112905 0.162781
v -0.093869 0.089221 0.161752
v -0.096984 0.092215 0.162669
v -0.099342 0.094482 0.162781
v -0.110436 0.067911 0.161752
v -0.114106 0.070191 0.162669
v -0.116884 0.071918 0.162781
v -0.122211 0.043621 0.161752
v -0.126275 0.045089 0.162669
v -0.129351 0.046200 0.162781
v -0.126838 -0.009367 0.159582
v -0.125980 0.017042 0.159582
v -0.123761 0.016736 0.157661
v -0.124604 -0.009206 0.157661
v -0.120036 -0.034756 0.157661
v -0.122188 -0.035378 0.159582
v -0.110255 -0.058797 0.157661
v -0.112230 -0.059854 0.159582
v -0.095690 -0.080281 0.157661
v -0.097402 -0.081724 0.159582
v -0.076976 -0.098266 0.157661
v -0.078351 -0.100034 0.159582
v -0.054932 -0.111966 0.157661
v -0.055909 -0.113982 0.159582
v -0.030521 -0.120785 0.157661
v -0.031058 -0.122960 0.159582
v -0.004810 -0.124335 0.157661
v -0.004882 -0.126575 0.159582
v 0.021078 -0.122463 0.157661
v 0.021472 -0.124668 0.159582
v 0.046010 -0.115249 0.157661
v 0.046854 -0.117324 0.159582
v 0.068897 -0.103009 0.157661
v 0.070155 -0.104863 0.159582
v 0.088740 -0.086278 0.157661
v 0.090355 -0.087830 0.159582
v 0.104670 -0.065787 0.157661
v 0.106573 -0.066968 0.159582
v 0.115993 -0.042431 0.157661
v 0.118100 -0.043192 0.159582
v 0.122211 -0.017232 0.157661
v 0.124430 -0.017538 0.159582
v 0.123055 0.008709 0.157661
v 0.125289 0.008871 0.159582
v 0.118486 0.034259 0.157661
v 0.120638 0.034882 0.159582
v 0.108706 0.058301 0.157661
v 0.110681 0.059357 0.159582
v 0.094140 0.079784 0.157661
v 0.095853 0.081228 0.159582
v 0.075426 0.097769 0.157661
v 0.076801 0.099537 0.159582
v 0.053382 0.111471 0.157661
v 0.054360 0.113485 0.159582
v 0.028971 0.120289 0.157661
v 0.029508 0.122464 0.159582
v 0.003260 0.123840 0.157661
v 0.003333 0.126078 0.159582
v -0.022627 0.121966 0.157661
v -0.023021 0.124172 0.159582
v -0.047560 0.114752 0.157661
v -0.048403 0.116827 0.159582
v -0.070447 0.102513 0.157661
v -0.071704 0.104366 0.159582
v -0.090289 0.085781 0.157661
v -0.091905 0.087334 0.159582
v -0.106220 0.065290 0.157661
v -0.108123 0.066473 0.159582
v -0.117542 0.041935 0.157661
v -0.119649 0.042696 0.159582
v -0.122075 0.016503 0.156817
v -0.122907 -0.009083 0.156817
v -0.118401 -0.034283 0.156817
v -0.108755 -0.057995 0.156817
v -0.094389 -0.079183 0.156817
v -0.075932 -0.096922 0.156817
v -0.054189 -0.110436 0.156818
v -0.030113 -0.119133 0.156818
v -0.004754 -0.122635 0.156818
v 0.020778 -0.120789 0.156818
v 0.045369 -0.113673 0.156818
v 0.067942 -0.101601 0.156818
v 0.087514 -0.085098 0.156817
v 0.103226 -0.064888 0.156817
v 0.114393 -0.041853 0.156817
v 0.120526 -0.016999 0.156817
v 0.121358 0.008587 0.156817
v 0.116852 0.033787 0.156817
v 0.107206 0.057499 0.156817
v 0.092839 0.078687 0.156817
v 0.074382 0.096426 0.156817
v 0.052640 0.109939 0.156817
v 0.028564 0.118637 0.156817
v 0.003205 0.122139 0.156817
v -0.022328 0.120292 0.156817
v -0.046918 0.113177 0.156817
v -0.069492 0.101104 0.156817
v -0.089063 0.084603 0.156817
v -0.104775 0.064392 0.156817
v -0.115942 0.041356 0.156817
v -0.136791 0.018535 0.163690
v -0.137724 -0.010155 0.163690
v -0.132671 -0.038412 0.163690
v -0.121855 -0.065001 0.163690
v -0.105746 -0.088760 0.163690
v -0.085050 -0.108650 0.163690
v -0.060670 -0.123803 0.163690
v -0.033673 -0.133556 0.163690
v -0.005237 -0.137483 0.163690
v 0.023393 -0.135411 0.163690
v 0.050967 -0.127434 0.163690
v 0.076279 -0.113896 0.163690
v 0.098224 -0.095392 0.163690
v 0.115843 -0.072730 0.163690
v 0.128364 -0.046900 0.163690
v 0.135242 -0.019032 0.163690
v 0.136175 0.009659 0.163690
v 0.131122 0.037915 0.163690
v 0.120306 0.064505 0.163690
v 0.104197 0.088263 0.163690
v 0.083500 0.108154 0.163690
v 0.059120 0.123306 0.163690
v 0.032123 0.133060 0.163690
v 0.003688 0.136986 0.163690
v -0.024942 0.134916 0.163690
v -0.052516 0.126937 0.163690
v -0.077829 0.113400 0.163690
v -0.099774 0.094896 0.163690
v -0.117392 0.072234 0.163690
v -0.129913 0.046404 0.163690
v -0.117886 -0.034134 0.157441
v -0.122372 -0.009044 0.157441
v -0.121544 0.016429 0.157441
v -0.108282 -0.057742 0.157441
v -0.093979 -0.078838 0.157441
v -0.075602 -0.096498 0.157441
v -0.053955 -0.109953 0.157441
v -0.029984 -0.118612 0.157441
v -0.004737 -0.122098 0.157441
v 0.020684 -0.120260 0.157441
v 0.045167 -0.113176 0.157441
v 0.067642 -0.101156 0.157441
v 0.087127 -0.084727 0.157441
v 0.102770 -0.064605 0.157441
v 0.113887 -0.041671 0.157441
v 0.119994 -0.016926 0.157441
v 0.120823 0.008548 0.157441
v 0.116337 0.033637 0.157441
v 0.106732 0.057246 0.157441
v 0.092429 0.078341 0.157441
v 0.074053 0.096002 0.157441
v 0.052406 0.109456 0.157441
v 0.028435 0.118116 0.157441
v 0.003188 0.121603 0.157441
v -0.022233 0.119764 0.157441
v -0.046716 0.112679 0.157441
v -0.069191 0.100660 0.157441
v -0.088676 0.084230 0.157441
v -0.104319 0.064109 0.157441
v -0.115437 0.041174 0.157441
v -0.136013 -0.010031 0.164522
v -0.134145 0.004089 0.164449
v -0.132132 -0.023735 0.164449
v -0.131455 -0.009702 0.164173
v -0.131023 -0.037935 0.164522
v -0.124378 -0.050533 0.164449
v -0.126635 -0.036665 0.164173
v -0.120342 -0.064192 0.164522
v -0.111222 -0.075133 0.164449
v -0.116313 -0.062037 0.164173
v -0.104435 -0.087654 0.164522
v -0.093239 -0.096459 0.164449
v -0.100941 -0.084708 0.164173
v -0.083996 -0.107296 0.164522
v -0.071216 -0.113582 0.164449
v -0.081192 -0.103688 0.164173
v -0.059922 -0.122259 0.164522
v -0.046113 -0.125750 0.164449
v -0.057928 -0.118148 0.164173
v -0.033261 -0.131891 0.164522
v -0.019028 -0.132434 0.164449
v -0.032166 -0.127454 0.164173
v -0.005181 -0.135768 0.164522
v 0.008853 -0.133341 0.164449
v -0.005033 -0.131202 0.164173
v 0.023091 -0.133723 0.164522
v 0.036314 -0.128431 0.164449
v 0.022286 -0.129225 0.164173
v 0.050320 -0.125844 0.164522
v 0.062155 -0.117918 0.164449
v 0.048599 -0.121612 0.164173
v 0.075316 -0.112476 0.164522
v 0.085244 -0.102263 0.164449
v 0.072752 -0.108695 0.164173
v 0.096988 -0.094204 0.164522
v 0.104575 -0.082150 0.164449
v 0.093693 -0.091037 0.164173
v 0.114386 -0.071824 0.164522
v 0.119300 -0.058456 0.164449
v 0.110505 -0.069412 0.164173
v 0.126751 -0.046317 0.164522
v 0.128779 -0.032220 0.164449
v 0.122453 -0.044765 0.164173
v 0.133542 -0.018797 0.164522
v 0.132595 -0.004585 0.164449
v 0.129016 -0.018171 0.164173
v 0.134464 0.009535 0.164522
v 0.130583 0.023239 0.164449
v 0.129906 0.009205 0.164173
v 0.129474 0.037439 0.164522
v 0.122829 0.050036 0.164449
v 0.125085 0.036168 0.164173
v 0.118793 0.063695 0.164522
v 0.109673 0.074636 0.164449
v 0.114764 0.061540 0.164173
v 0.102885 0.087157 0.164522
v 0.091690 0.095963 0.164449
v 0.099392 0.084212 0.164173
v 0.082447 0.106799 0.164522
v 0.069666 0.113085 0.164449
v 0.079642 0.103192 0.164173
v 0.058372 0.121763 0.164522
v 0.044563 0.125254 0.164449
v 0.056379 0.117652 0.164173
v 0.031712 0.131394 0.164522
v 0.017479 0.131938 0.164449
v 0.030617 0.126958 0.164173
v 0.003632 0.135272 0.164522
v -0.010403 0.132844 0.164449
v 0.003484 0.130705 0.164173
v -0.024640 0.133227 0.164522
v -0.037864 0.127934 0.164449
v -0.023836 0.128728 0.164173
v -0.051870 0.125348 0.164522
v -0.063704 0.117422 0.164449
v -0.050148 0.121116 0.164173
v -0.076866 0.111980 0.164522
v -0.086793 0.101767 0.164449
v -0.074302 0.108198 0.164173
v -0.098537 0.093707 0.164522
v -0.106124 0.081653 0.164449
v -0.095242 0.090541 0.164173
v -0.115935 0.071329 0.164522
v -0.120850 0.057961 0.164449
v -0.112054 0.068917 0.164173
v -0.128300 0.045822 0.164522
v -0.130329 0.031723 0.164449
v -0.124003 0.044269 0.164173
v -0.135092 0.018300 0.164522
v -0.130565 0.017676 0.164173
v -0.125197 -0.022495 0.161361
v -0.128053 -0.009456 0.162575
v -0.125744 -0.009289 0.160209
v -0.127103 0.003860 0.161361
v -0.117852 -0.047878 0.161361
v -0.123358 -0.035717 0.162575
v -0.121133 -0.035073 0.160209
v -0.105391 -0.071179 0.161361
v -0.113305 -0.060428 0.162575
v -0.111263 -0.059336 0.160209
v -0.088357 -0.091380 0.161361
v -0.098333 -0.082510 0.162575
v -0.096563 -0.081017 0.160209
v -0.067496 -0.107597 0.161361
v -0.079099 -0.100996 0.162575
v -0.077678 -0.099167 0.160209
v -0.043719 -0.119124 0.161361
v -0.056441 -0.115079 0.162575
v -0.055430 -0.112994 0.160209
v -0.018065 -0.125455 0.161361
v -0.031350 -0.124143 0.162575
v -0.030794 -0.121894 0.160209
v 0.008345 -0.126314 0.161361
v -0.004922 -0.127792 0.162575
v -0.004847 -0.125477 0.160209
v 0.034356 -0.121663 0.161361
v 0.021686 -0.125867 0.162575
v 0.021279 -0.123587 0.160209
v 0.058832 -0.111705 0.161361
v 0.047314 -0.118453 0.162575
v 0.046441 -0.116307 0.160209
v 0.080702 -0.096877 0.161361
v 0.070838 -0.105871 0.162575
v 0.069539 -0.103954 0.160209
v 0.099012 -0.077826 0.161361
v 0.091234 -0.088674 0.162575
v 0.089564 -0.087069 0.160209
v 0.112961 -0.055383 0.161361
v 0.107608 -0.067612 0.162575
v 0.105641 -0.066389 0.160209
v 0.121938 -0.030532 0.161361
v 0.119245 -0.043606 0.162575
v 0.117067 -0.042819 0.160209
v 0.125554 -0.004356 0.161361
v 0.125637 -0.017705 0.162575
v 0.123343 -0.017388 0.160209
v 0.123647 0.021999 0.161361
v 0.126504 0.008959 0.162575
v 0.124195 0.008792 0.160209
v 0.116303 0.047381 0.161361
v 0.121809 0.035221 0.162575
v 0.119584 0.034577 0.160209
v 0.103841 0.070682 0.161361
v 0.111755 0.059932 0.162575
v 0.109713 0.058840 0.160209
v 0.086808 0.090883 0.161361
v 0.096784 0.082013 0.162575
v 0.095013 0.080520 0.160209
v 0.065947 0.107102 0.161361
v 0.077549 0.100500 0.162575
v 0.076127 0.098671 0.160209
v 0.042170 0.118628 0.161361
v 0.054891 0.114582 0.162575
v 0.053881 0.112498 0.160209
v 0.016515 0.124959 0.161361
v 0.029800 0.123646 0.162575
v 0.029245 0.121398 0.160209
v -0.009894 0.125817 0.161361
v 0.003373 0.127296 0.162575
v 0.003298 0.124981 0.160209
v -0.035905 0.121167 0.161361
v -0.023236 0.125372 0.162575
v -0.022828 0.123092 0.160209
v -0.060381 0.111209 0.161361
v -0.048862 0.117956 0.162575
v -0.047990 0.115811 0.160209
v -0.082252 0.096380 0.161361
v -0.072388 0.105375 0.162575
v -0.071088 0.103458 0.160209
v -0.100562 0.077329 0.161361
v -0.092783 0.088178 0.162575
v -0.091113 0.086573 0.160209
v -0.114510 0.054887 0.161361
v -0.109157 0.067116 0.162575
v -0.107191 0.065893 0.160209
v -0.123488 0.030035 0.161361
v -0.120795 0.043110 0.162575
v -0.118617 0.042323 0.160209
v -0.127187 0.017208 0.162575
v -0.124893 0.016892 0.160209
v -0.123599 -0.009133 0.158940
v -0.122991 -0.022101 0.159441
v -0.124864 0.003787 0.159441
v -0.119068 -0.034476 0.158940
v -0.115777 -0.047034 0.159441
v -0.109366 -0.058322 0.158940
v -0.103537 -0.069922 0.159441
v -0.094919 -0.079630 0.158940
v -0.086805 -0.089764 0.159441
v -0.076357 -0.097470 0.158940
v -0.066314 -0.105695 0.159441
v -0.054493 -0.111060 0.158940
v -0.042958 -0.117017 0.159441
v -0.030280 -0.119807 0.158940
v -0.017758 -0.123236 0.159441
v -0.004777 -0.123329 0.158940
v 0.008183 -0.124080 0.159441
v 0.020900 -0.121471 0.158940
v 0.033733 -0.119511 0.159441
v 0.045631 -0.114315 0.158940
v 0.057775 -0.109730 0.159441
v 0.068332 -0.102175 0.158940
v 0.079259 -0.095164 0.159441
v 0.088013 -0.085579 0.158940
v 0.097244 -0.076450 0.159441
v 0.103815 -0.065254 0.158940
v 0.110945 -0.054406 0.159441
v 0.115044 -0.042088 0.158940
v 0.119764 -0.029995 0.159441
v 0.121213 -0.017094 0.158940
v 0.123314 -0.004283 0.159441
v 0.122050 0.008637 0.158940
v 0.121442 0.021604 0.159441
v 0.117519 0.033979 0.158940
v 0.114228 0.046537 0.159441
v 0.107817 0.057826 0.158940
v 0.101988 0.069425 0.159441
v 0.093370 0.079135 0.158940
v 0.085256 0.089268 0.159441
v 0.074808 0.096973 0.158940
v 0.064765 0.105199 0.159441
v 0.052943 0.110563 0.158940
v 0.041409 0.116521 0.159441
v 0.028730 0.119311 0.158940
v 0.016209 0.122740 0.159441
v 0.003228 0.122832 0.158940
v -0.009733 0.123583 0.159441
v -0.022450 0.120975 0.158940
v -0.035283 0.119015 0.159441
v -0.047180 0.113819 0.158940
v -0.059325 0.109234 0.159441
v -0.069882 0.101678 0.158940
v -0.080808 0.094669 0.159441
v -0.089563 0.085083 0.158940
v -0.098793 0.075955 0.159441
v -0.105364 0.064758 0.158940
v -0.112495 0.053910 0.159441
v -0.116594 0.041593 0.158940
v -0.121314 0.029499 0.159441
v -0.122762 0.016598 0.158940
v -0.127878 -0.022975 0.163530
v -0.129826 0.003948 0.163530
v -0.120376 -0.048904 0.163530
v -0.107646 -0.072708 0.163530
v -0.090246 -0.093344 0.163530
v -0.068935 -0.109912 0.163530
v -0.044645 -0.121686 0.163530
v -0.018438 -0.128154 0.163530
v 0.008541 -0.129031 0.163530
v 0.035113 -0.124280 0.163530
v 0.060117 -0.114108 0.163530
v 0.082459 -0.098960 0.163530
v 0.101163 -0.079498 0.163530
v 0.115413 -0.056572 0.163530
v 0.124584 -0.031184 0.163530
v 0.128276 -0.004445 0.163530
v 0.126329 0.022478 0.163530
v 0.118826 0.048408 0.163530
v 0.106096 0.072211 0.163530
v 0.088696 0.092848 0.163530
v 0.067385 0.109415 0.163530
v 0.043095 0.121190 0.163530
v 0.016889 0.127657 0.163530
v -0.010091 0.128535 0.163530
v -0.036663 0.123784 0.163530
v -0.061666 0.113612 0.163530
v -0.084008 0.098464 0.163530
v -0.102713 0.079002 0.163530
v -0.116962 0.056075 0.163530
v -0.126133 0.030688 0.163530
v -0.134145 0.004089 0.162669
v -0.136013 -0.010031 0.162742
v -0.131455 -0.009702 0.162395
v -0.132132 -0.023735 0.162669
v -0.131023 -0.037935 0.162742
v -0.126635 -0.036665 0.162395
v -0.124378 -0.050533 0.162669
v -0.120342 -0.064192 0.162742
v -0.116313 -0.062037 0.162395
v -0.111222 -0.075133 0.162669
v -0.104435 -0.087654 0.162742
v -0.100941 -0.084708 0.162395
v -0.093239 -0.096459 0.162669
v -0.083996 -0.107296 0.162742
v -0.081192 -0.103688 0.162395
v -0.071216 -0.113582 0.162669
v -0.059922 -0.122259 0.162742
v -0.057928 -0.118148 0.162395
v -0.046113 -0.125750 0.162669
v -0.033261 -0.131891 0.162742
v -0.032166 -0.127454 0.162395
v -0.019028 -0.132434 0.162669
v -0.005181 -0.135768 0.162742
v -0.005033 -0.131202 0.162395
v 0.008853 -0.133341 0.162669
v 0.023091 -0.133723 0.162742
v 0.022286 -0.129225 0.162395
v 0.036314 -0.128431 0.162669
v 0.050320 -0.125844 0.162742
v 0.048599 -0.121612 0.162395
v 0.062155 -0.117918 0.162669
v 0.075316 -0.112476 0.162742
v 0.072752 -0.108695 0.162395
v 0.085244 -0.102263 0.162669
v 0.096988 -0.094204 0.162742
v 0.093693 -0.091037 0.162395
v 0.104575 -0.082150 0.162669
v 0.114386 -0.071824 0.162742
v 0.110505 -0.069412 0.162395
v 0.119300 -0.058456 0.162669
v 0.126751 -0.046317 0.162742
v 0.122453 -0.044765 0.162395
v 0.128779 -0.032220 0.162669
v 0.133542 -0.018797 0.162742
v 0.129016 -0.018171 0.162395
v 0.132595 -0.004585 0.162669
v 0.134464 0.009535 0.162742
v 0.129906 0.009205 0.162395
v 0.130583 0.023239 0.162669
v 0.129474 0.037439 0.162742
v 0.125085 0.036168 0.162395
v 0.122829 0.050036 0.162669
v 0.118793 0.063695 0.162742
v 0.114764 0.061540 0.162395
v 0.109673 0.074636 0.162669
v 0.102885 0.087157 0.162742
v 0.099392 0.084212 0.162395
v 0.091690 0.095963 0.162669
v 0.082447 0.106799 0.162742
v 0.079642 0.103192 0.162395
v 0.069666 0.113085 0.162669
v 0.058372 0.121763 0.162742
v 0.056379 0.117652 0.162395
v 0.044563 0.125254 0.162669
v 0.031712 0.131394 0.162742
v 0.030617 0.126958 0.162395
v 0.017479 0.131938 0.162669
v 0.003632 0.135272 0.162742
v 0.003484 0.130705 0.162395
v -0.010403 0.132844 0.162669
v -0.024640 0.133227 0.162742
v -0.023836 0.128728 0.162395
v -0.037864 0.127934 0.162669
v -0.051870 0.125348 0.162742
v -0.050148 0.121116 0.162395
v -0.063704 0.117422 0.162669
v -0.076866 0.111980 0.162742
v -0.074302 0.108198 0.162395
v -0.086793 0.101767 0.162669
v -0.098537 0.093707 0.162742
v -0.095242 0.090541 0.162395
v -0.106124 0.081653 0.162669
v -0.115935 0.071329 0.162742
v -0.112054 0.068917 0.162395
v -0.120850 0.057961 0.162669
v -0.128300 0.045822 0.162742
v -0.124003 0.044269 0.162395
v -0.130329 0.031723 0.162669
v -0.135092 0.018300 0.162742
v -0.130565 0.017676 0.162395
v -0.125744 -0.009289 0.158431
v -0.127103 0.003860 0.159582
v -0.125197 -0.022495 0.159582
v -0.128053 -0.009456 0.160796
v -0.121133 -0.035073 0.158431
v -0.117852 -0.047878 0.159582
v -0.123358 -0.035717 0.160796
v -0.111263 -0.059336 0.158431
v -0.105391 -0.071179 0.159582
v -0.113305 -0.060428 0.160796
v -0.096563 -0.081017 0.158431
v -0.088357 -0.091380 0.159582
v -0.098333 -0.082510 0.160796
v -0.077678 -0.099167 0.158431
v -0.067496 -0.107597 0.159582
v -0.079099 -0.100996 0.160796
v -0.055430 -0.112994 0.158431
v -0.043719 -0.119124 0.159582
v -0.056441 -0.115079 0.160796
v -0.030794 -0.121894 0.158431
v -0.018065 -0.125455 0.159582
v -0.031350 -0.124143 0.160796
v -0.004847 -0.125477 0.158431
v 0.008345 -0.126314 0.159582
v -0.004922 -0.127792 0.160796
v 0.021279 -0.123587 0.158431
v 0.034356 -0.121663 0.159582
v 0.021686 -0.125867 0.160796
v 0.046441 -0.116307 0.158431
v 0.058832 -0.111705 0.159582
v 0.047314 -0.118453 0.160796
v 0.069539 -0.103954 0.158431
v 0.080702 -0.096877 0.159582
v 0.070838 -0.105871 0.160796
v 0.089564 -0.087069 0.158431
v 0.099012 -0.077826 0.159582
v 0.091234 -0.088674 0.160796
v 0.105641 -0.066389 0.158431
v 0.112961 -0.055383 0.159582
v 0.107608 -0.067612 0.160796
v 0.117067 -0.042819 0.158431
v 0.121938 -0.030532 0.159582
v 0.119245 -0.043606 0.160796
v 0.123343 -0.017388 0.158431
v 0.125554 -0.004356 0.159582
v 0.125637 -0.017705 0.160796
v 0.124195 0.008792 0.158431
v 0.123647 0.021999 0.159582
v 0.126504 0.008959 0.160796
v 0.119584 0.034577 0.158431
v 0.116303 0.047381 0.159582
v 0.121809 0.035221 0.160796
v 0.109713 0.058840 0.158431
v 0.103841 0.070682 0.159582
v 0.111755 0.059932 0.160796
v 0.095013 0.080520 0.158431
v 0.086808 0.090883 0.159582
v 0.096784 0.082013 0.160796
v 0.076127 0.098671 0.158431
v 0.065947 0.107102 0.159582
v 0.077549 0.100500 0.160796
v 0.053881 0.112498 0.158431
v 0.042170 0.118628 0.159582
v 0.054891 0.114582 0.160796
v 0.029245 0.121398 0.158431
v 0.016515 0.124959 0.159582
v 0.029800 0.123646 0.160796
v 0.003298 0.124981 0.158431
v -0.009894 0.125817 0.159582
v 0.003373 0.127296 0.160795
v -0.022828 0.123092 0.158431
v -0.035905 0.121167 0.159582
v -0.023236 0.125372 0.160796
v -0.047990 0.115811 0.158431
v -0.060381 0.111209 0.159582
v -0.048862 0.117956 0.160796
v -0.071088 0.103458 0.158431
v -0.082252 0.096380 0.159582
v -0.072388 0.105375 0.160796
v -0.091113 0.086573 0.158431
v -0.100562 0.077329 0.159582
v -0.092783 0.088178 0.160796
v -0.107191 0.065893 0.158431
v -0.114510 0.054887 0.159582
v -0.109157 0.067116 0.160796
v -0.118617 0.042323 0.158431
v -0.123488 0.030035 0.159582
v -0.120795 0.043110 0.160796
v -0.124893 0.016892 0.158431
v -0.127187 0.017208 0.160796
v -0.124864 0.003787 0.157661
v -0.123599 -0.009133 0.157162
v -0.122991 -0.022101 0.157661
v -0.119068 -0.034476 0.157162
v -0.115777 -0.047034 0.157661
v -0.109366 -0.058322 0.157162
v -0.103537 -0.069922 0.157661
v -0.094919 -0.079630 0.157162
v -0.086805 -0.089764 0.157661
v -0.076357 -0.097470 0.157162
v -0.066314 -0.105695 0.157661
v -0.054493 -0.111060 0.157162
v -0.042958 -0.117017 0.157661
v -0.030280 -0.119807 0.157162
v -0.017758 -0.123236 0.157661
v -0.004777 -0.123329 0.157162
v 0.008183 -0.124080 0.157661
v 0.020900 -0.121471 0.157162
v 0.033733 -0.119511 0.157661
v 0.045631 -0.114315 0.157162
v 0.057775 -0.109730 0.157661
v 0.068332 -0.102175 0.157162
v 0.079259 -0.095164 0.157661
v 0.088013 -0.085579 0.157162
v 0.097244 -0.076450 0.157661
v 0.103815 -0.065254 0.157162
v 0.110945 -0.054406 0.157661
v 0.115044 -0.042088 0.157162
v 0.119764 -0.029995 0.157661
v 0.121213 -0.017094 0.157162
v 0.123314 -0.004283 0.157661
v 0.122050 0.008637 0.157162
v 0.121442 0.021604 0.157661
v 0.117519 0.033979 0.157162
v 0.114228 0.046537 0.157661
v 0.107817 0.057826 0.157162
v 0.101988 0.069425 0.157661
v 0.093370 0.079135 0.157162
v 0.085256 0.089268 0.157661
v 0.074808 0.096973 0.157162
v 0.064765 0.105199 0.157661
v 0.052943 0.110563 0.157162
v 0.041409 0.116521 0.157661
v 0.028730 0.119311 0.157162
v 0.016209 0.122740 0.157661
v 0.003228 0.122832 0.157162
v -0.009733 0.123583 0.157661
v -0.022450 0.120975 0.157162
v -0.035283 0.119015 0.157661
v -0.047180 0.113819 0.157162
v -0.059325 0.109234 0.157661
v -0.069882 0.101678 0.157162
v -0.080808 0.094669 0.157661
v -0.089563 0.085083 0.157162
v -0.098793 0.075955 0.157661
v -0.105364 0.064758 0.157162
v -0.112495 0.053910 0.157661
v -0.116594 0.041593 0.157162
v -0.121314 0.029499 0.157661
v -0.122762 0.016598 0.157162
v -0.127878 -0.022975 0.161752
v -0.129826 0.003948 0.161752
v -0.120376 -0.048904 0.161752
v -0.107646 -0.072708 0.161752
v -0.090246 -0.093344 0.161752
v -0.068935 -0.109912 0.161752
v -0.044645 -0.121686 0.161752
v -0.018438 -0.128154 0.161752
v 0.008541 -0.129031 0.161752
v 0.035113 -0.124280 0.161752
v 0.060117 -0.114108 0.161752
v 0.082459 -0.098960 0.161752
v 0.101163 -0.079498 0.161752
v 0.115413 -0.056572 0.161752
v 0.124584 -0.031184 0.161752
v 0.128276 -0.004445 0.161752
v 0.126329 0.022478 0.161752
v 0.118826 0.048408 0.161752
v 0.106096 0.072211 0.161752
v 0.088696 0.092848 0.161752
v 0.067385 0.109415 0.161752
v 0.043095 0.121190 0.161752
v 0.016889 0.127657 0.161752
v -0.010091 0.128535 0.161752
v -0.036663 0.123784 0.161752
v -0.061666 0.113612 0.161752
v -0.084008 0.098464 0.161752
v -0.102713 0.079002 0.161752
v -0.116962 0.056075 0.161752
v -0.126133 0.030688 0.161752
v -0.137413 0.004195 0.164560
v -0.137574 -0.010144 0.164352
v -0.135351 -0.024311 0.164560
v -0.132528 -0.038370 0.164352
v -0.127407 -0.051765 0.164560
v -0.121723 -0.064930 0.164352
v -0.113929 -0.076968 0.164560
v -0.105632 -0.088664 0.164352
v -0.095506 -0.098817 0.164560
v -0.084958 -0.108532 0.164352
v -0.072942 -0.116359 0.164560
v -0.060604 -0.123669 0.164352
v -0.047224 -0.128826 0.164560
v -0.033637 -0.133411 0.164352
v -0.019476 -0.135673 0.164560
v -0.005232 -0.137333 0.164352
v 0.009089 -0.136603 0.164560
v 0.023366 -0.135264 0.164352
v 0.037223 -0.131572 0.164560
v 0.050911 -0.127295 0.164352
v 0.063697 -0.120802 0.164560
v 0.076196 -0.113773 0.164352
v 0.087352 -0.104763 0.164560
v 0.098117 -0.095289 0.164352
v 0.107156 -0.084157 0.164560
v 0.115715 -0.072651 0.164352
v 0.122243 -0.059883 0.164560
v 0.128224 -0.046850 0.164352
v 0.131954 -0.033003 0.164560
v 0.135093 -0.019011 0.164352
v 0.135863 -0.004691 0.164560
v 0.136025 0.009648 0.164352
v 0.133802 0.023814 0.164560
v 0.130979 0.037874 0.164352
v 0.125858 0.051269 0.164560
v 0.120173 0.064434 0.164352
v 0.112379 0.076471 0.164560
v 0.104082 0.088167 0.164352
v 0.093956 0.098321 0.164560
v 0.083408 0.108036 0.164352
v 0.071392 0.115863 0.164560
v 0.059055 0.123172 0.164352
v 0.045674 0.128330 0.164560
v 0.032088 0.132914 0.164352
v 0.017927 0.135177 0.164560
v 0.003683 0.136837 0.164352
v -0.010638 0.136106 0.164559
v -0.024916 0.134768 0.164352
v -0.038772 0.131076 0.164560
v -0.052460 0.126798 0.164352
v -0.065245 0.120306 0.164560
v -0.077745 0.113276 0.164352
v -0.088902 0.104267 0.164560
v -0.099666 0.094793 0.164352
v -0.108706 0.083660 0.164560
v -0.117265 0.072155 0.164352
v -0.123793 0.059387 0.164560
v -0.129773 0.046353 0.164352
v -0.133503 0.032507 0.164560
v -0.136643 0.018514 0.164352
v -0.121316 -0.021801 0.158596
v -0.122506 -0.009054 0.158174
v -0.123163 0.003732 0.158596
v -0.114201 -0.046392 0.158596
v -0.118015 -0.034171 0.158174
v -0.102129 -0.068967 0.158596
v -0.108400 -0.057806 0.158174
v -0.085627 -0.088538 0.158596
v -0.094081 -0.078924 0.158174
v -0.065416 -0.104250 0.158596
v -0.075685 -0.096604 0.158174
v -0.042380 -0.115417 0.158596
v -0.054014 -0.110073 0.158175
v -0.017526 -0.121551 0.158596
v -0.030017 -0.118743 0.158175
v 0.008061 -0.122383 0.158596
v -0.004741 -0.122233 0.158175
v 0.033261 -0.117877 0.158596
v 0.020708 -0.120392 0.158175
v 0.056973 -0.108230 0.158596
v 0.045218 -0.113300 0.158175
v 0.078162 -0.093864 0.158596
v 0.067717 -0.101268 0.158175
v 0.095901 -0.075406 0.158596
v 0.087223 -0.084820 0.158174
v 0.109414 -0.053664 0.158596
v 0.102884 -0.064676 0.158174
v 0.118112 -0.029587 0.158596
v 0.114014 -0.041716 0.158174
v 0.121614 -0.004228 0.158596
v 0.120127 -0.016944 0.158174
v 0.119767 0.021305 0.158596
v 0.120956 0.008558 0.158174
v 0.112651 0.045896 0.158596
v 0.116466 0.033674 0.158174
v 0.100579 0.068470 0.158596
v 0.106851 0.057309 0.158174
v 0.084077 0.088041 0.158596
v 0.092532 0.078428 0.158174
v 0.063866 0.103754 0.158596
v 0.074135 0.096108 0.158174
v 0.040830 0.114920 0.158596
v 0.052465 0.109577 0.158174
v 0.015977 0.121054 0.158596
v 0.028467 0.118246 0.158174
v -0.009610 0.121886 0.158596
v 0.003192 0.121736 0.158174
v -0.034810 0.117380 0.158596
v -0.022257 0.119896 0.158174
v -0.058523 0.107733 0.158596
v -0.046766 0.112803 0.158174
v -0.079711 0.093368 0.158596
v -0.069267 0.100771 0.158174
v -0.097450 0.074910 0.158596
v -0.088773 0.084323 0.158174
v -0.110964 0.053168 0.158596
v -0.104433 0.064180 0.158174
v -0.119662 0.029091 0.158596
v -0.115563 0.041220 0.158174
v -0.121677 0.016448 0.158174
v -0.135351 -0.024311 0.162781
v -0.137574 -0.010144 0.163019
v -0.137413 0.004195 0.162781
v -0.127407 -0.051765 0.162781
v -0.132528 -0.038370 0.163019
v -0.113929 -0.076968 0.162781
v -0.121723 -0.064930 0.163019
v -0.095506 -0.098817 0.162781
v -0.105632 -0.088664 0.163019
v -0.072942 -0.116359 0.162781
v -0.084958 -0.108532 0.163019
v -0.047224 -0.128826 0.162781
v -0.060604 -0.123669 0.163019
v -0.019476 -0.135673 0.162781
v -0.033637 -0.133411 0.163019
v 0.009089 -0.136603 0.162781
v -0.005232 -0.137333 0.163019
v 0.037223 -0.131572 0.162781
v 0.023366 -0.135264 0.163019
v 0.063697 -0.120802 0.162781
v 0.050911 -0.127295 0.163019
v 0.087352 -0.104763 0.162781
v 0.076196 -0.113773 0.163019
v 0.107156 -0.084157 0.162781
v 0.098117 -0.095289 0.163019
v 0.122243 -0.059883 0.162781
v 0.115715 -0.072651 0.163019
v 0.131954 -0.033003 0.162781
v 0.128224 -0.046850 0.163019
v 0.135863 -0.004691 0.162781
v 0.135093 -0.019011 0.163019
v 0.133802 0.023814 0.162781
v 0.136025 0.009648 0.163019
v 0.125858 0.051269 0.162781
v 0.130979 0.037874 0.163019
v 0.112379 0.076471 0.162781
v 0.120173 0.064434 0.163019
v 0.093956 0.098321 0.162781
v 0.104082 0.088167 0.163019
v 0.071392 0.115863 0.162781
v 0.083408 0.108036 0.163019
v 0.045674 0.128330 0.162781
v 0.059055 0.123172 0.163019
v 0.017927 0.135177 0.162781
v 0.032088 0.132914 0.163019
v -0.010638 0.136106 0.162781
v 0.003683 0.136837 0.163019
v -0.038772 0.131076 0.162781
v -0.024916 0.134768 0.163019
v -0.065245 0.120306 0.162781
v -0.052460 0.126798 0.163019
v -0.088902 0.104267 0.162781
v -0.077745 0.113276 0.163019
v -0.108706 0.083660 0.162781
v -0.099666 0.094793 0.163019
v -0.123793 0.059387 0.162781
v -0.117265 0.072155 0.163019
v -0.133503 0.032507 0.162781
v -0.129773 0.046353 0.163019
v -0.136643 0.018514 0.163019
v -0.123163 0.003732 0.156817
v -0.122506 -0.009054 0.156840
v -0.121316 -0.021801 0.156817
v -0.118015 -0.034171 0.156840
v -0.114201 -0.046392 0.156817
v -0.108400 -0.057806 0.156840
v -0.102129 -0.068967 0.156817
v -0.094081 -0.078924 0.156840
v -0.085626 -0.088538 0.156817
v -0.075685 -0.096604 0.156840
v -0.065416 -0.104250 0.156818
v -0.054014 -0.110073 0.156840
v -0.042380 -0.115417 0.156818
v -0.030017 -0.118743 0.156840
v -0.017526 -0.121551 0.156818
v -0.004741 -0.122233 0.156840
v 0.008061 -0.122383 0.156818
v 0.020708 -0.120392 0.156840
v 0.033261 -0.117877 0.156818
v 0.045218 -0.113300 0.156840
v 0.056973 -0.108230 0.156818
v 0.067717 -0.101268 0.156840
v 0.078162 -0.093864 0.156817
v 0.087223 -0.084820 0.156840
v 0.095901 -0.075406 0.156817
v 0.102884 -0.064676 0.156840
v 0.109414 -0.053664 0.156817
v 0.114014 -0.041716 0.156840
v 0.118112 -0.029587 0.156817
v 0.120127 -0.016944 0.156840
v 0.121614 -0.004228 0.156817
v 0.120956 0.008558 0.156840
v 0.119767 0.021305 0.156817
v 0.116466 0.033674 0.156840
v 0.112651 0.045896 0.156817
v 0.106851 0.057309 0.156840
v 0.100579 0.068470 0.156817
v 0.092532 0.078428 0.156840
v 0.084077 0.088041 0.156817
v 0.074135 0.096108 0.156840
v 0.063866 0.103754 0.156817
v 0.052465 0.109577 0.156840
v 0.040830 0.114920 0.156817
v 0.028467 0.118246 0.156840
v 0.015977 0.121054 0.156817
v 0.003192 0.121736 0.156840
v -0.009610 0.121886 0.156817
v -0.022257 0.119896 0.156840
v -0.034810 0.117380 0.156817
v -0.046766 0.112803 0.156840
v -0.058523 0.107733 0.156817
v -0.069267 0.100771 0.156840
v -0.079711 0.093368 0.156817
v -0.088773 0.084323 0.156840
v -0.097450 0.074910 0.156817
v -0.104433 0.064180 0.156840
v -0.110964 0.053168 0.156817
v -0.115563 0.041220 0.156840
v -0.119662 0.029091 0.156817
v -0.121677 0.016448 0.156840
v -0.085254 -0.088151 0.157441
v -0.065132 -0.103794 0.157441
v -0.042197 -0.114912 0.157441
v -0.017453 -0.121019 0.157441
v 0.008022 -0.121847 0.157441
v 0.033111 -0.117361 0.157441
v 0.056720 -0.107756 0.157441
v 0.077816 -0.093454 0.157441
v 0.095477 -0.075077 0.157441
v 0.108931 -0.053430 0.157441
v 0.117591 -0.029458 0.157441
v 0.121077 -0.004211 0.157441
v 0.119239 0.021211 0.157441
v 0.112155 0.045694 0.157441
v 0.100135 0.068169 0.157441
v 0.083705 0.087655 0.157441
v 0.063583 0.103298 0.157441
v 0.040648 0.114416 0.157441
v 0.015903 0.120523 0.157441
v -0.009571 0.121351 0.157441
v -0.034660 0.116865 0.157441
v -0.058269 0.107261 0.157441
v -0.079365 0.092957 0.157441
v -0.097027 0.074581 0.157441
v -0.110481 0.052934 0.157441
v -0.119140 0.028962 0.157441
v -0.122627 0.003714 0.157441
v -0.120789 -0.021707 0.157441
v -0.113704 -0.046190 0.157441
v -0.101685 -0.068666 0.157441
v -0.047427 -0.129389 0.163690
v -0.073258 -0.116868 0.163690
v -0.095921 -0.099249 0.163690
v -0.114425 -0.077303 0.163690
v -0.127962 -0.051991 0.163690
v -0.135941 -0.024416 0.163690
v -0.138011 0.004215 0.163690
v -0.134085 0.032650 0.163690
v -0.124331 0.059648 0.163690
v -0.109179 0.084028 0.163690
v -0.089287 0.104724 0.163690
v -0.065528 0.120834 0.163690
v -0.038939 0.131650 0.163690
v -0.010681 0.136703 0.163690
v 0.018009 0.135770 0.163690
v 0.045878 0.128893 0.163690
v 0.071708 0.116371 0.163690
v 0.094371 0.098753 0.163690
v 0.112875 0.076807 0.163690
v 0.126412 0.051494 0.163690
v 0.134391 0.023919 0.163690
v 0.136462 -0.004711 0.163690
v 0.132535 -0.033147 0.163690
v 0.122782 -0.060144 0.163690
v 0.107629 -0.084525 0.163690
v 0.087738 -0.105221 0.163690
v 0.063979 -0.121330 0.163690
v 0.037389 -0.132147 0.163690
v 0.009132 -0.137200 0.163690
v -0.019558 -0.136267 0.163690
v -0.136296 0.004159 0.164522
v -0.134251 -0.024114 0.164522
v -0.129753 -0.023310 0.164173
v -0.131730 0.004010 0.164173
v -0.126373 -0.051344 0.164522
v -0.122140 -0.049622 0.164173
v -0.113005 -0.076341 0.164522
v -0.109222 -0.073776 0.164173
v -0.094732 -0.098012 0.164522
v -0.091565 -0.094717 0.164173
v -0.072352 -0.115411 0.164522
v -0.069940 -0.111529 0.164173
v -0.046844 -0.127776 0.164522
v -0.045292 -0.123478 0.164173
v -0.019324 -0.134567 0.164522
v -0.018698 -0.130041 0.164173
v 0.009008 -0.135489 0.164522
v 0.008679 -0.130931 0.164173
v 0.036913 -0.130499 0.164522
v 0.035642 -0.126110 0.164173
v 0.063170 -0.119817 0.164522
v 0.061015 -0.115788 0.164173
v 0.086632 -0.103910 0.164522
v 0.083687 -0.100416 0.164173
v 0.106275 -0.083471 0.164522
v 0.102667 -0.080667 0.164173
v 0.121238 -0.059396 0.164522
v 0.117127 -0.057403 0.164173
v 0.130870 -0.032735 0.164522
v 0.126433 -0.031640 0.164173
v 0.134747 -0.004655 0.164522
v 0.130181 -0.004507 0.164173
v 0.132702 0.023618 0.164522
v 0.128204 0.022813 0.164173
v 0.124823 0.050848 0.164522
v 0.120590 0.049126 0.164173
v 0.111455 0.075845 0.164522
v 0.107673 0.073280 0.164173
v 0.093182 0.097515 0.164522
v 0.090016 0.094221 0.164173
v 0.070803 0.114914 0.164522
v 0.068391 0.111033 0.164173
v 0.045295 0.127279 0.164522
v 0.043743 0.122982 0.164173
v 0.017774 0.134071 0.164522
v 0.017149 0.129545 0.164173
v -0.010558 0.134992 0.164522
v -0.010228 0.130434 0.164173
v -0.038462 0.130002 0.164522
v -0.037192 0.125614 0.164173
v -0.064719 0.119321 0.164522
v -0.062564 0.115291 0.164173
v -0.088181 0.103413 0.164522
v -0.085236 0.099920 0.164173
v -0.107824 0.082975 0.164522
v -0.104217 0.080171 0.164173
v -0.122788 0.058900 0.164522
v -0.118676 0.056906 0.164173
v -0.132419 0.032240 0.164522
v -0.127983 0.031145 0.164173
v -0.126396 -0.022710 0.162575
v -0.124116 -0.022302 0.160209
v -0.126006 0.003824 0.160209
v -0.128321 0.003899 0.162575
v -0.118981 -0.048337 0.162575
v -0.116836 -0.047464 0.160209
v -0.106400 -0.071863 0.162575
v -0.104483 -0.070563 0.160209
v -0.089202 -0.092258 0.162575
v -0.087597 -0.090589 0.160209
v -0.068140 -0.108633 0.162575
v -0.066917 -0.106665 0.160209
v -0.044133 -0.120270 0.162575
v -0.043347 -0.118092 0.160209
v -0.018232 -0.126662 0.162575
v -0.017915 -0.124368 0.160209
v 0.008432 -0.127529 0.162575
v 0.008265 -0.125219 0.160209
v 0.034695 -0.122834 0.162575
v 0.034051 -0.120609 0.160209
v 0.059407 -0.112780 0.162575
v 0.058314 -0.110738 0.160209
v 0.081488 -0.097809 0.162575
v 0.079995 -0.096038 0.160209
v 0.099974 -0.078574 0.162575
v 0.098146 -0.077151 0.160209
v 0.114058 -0.055915 0.162575
v 0.111973 -0.054905 0.160209
v 0.123122 -0.030823 0.162575
v 0.120873 -0.030268 0.160209
v 0.126771 -0.004396 0.162575
v 0.124456 -0.004320 0.160209
v 0.124846 0.022213 0.162575
v 0.122566 0.021806 0.160209
v 0.117431 0.047840 0.162575
v 0.115286 0.046967 0.160209
v 0.104850 0.071366 0.162575
v 0.102933 0.070066 0.160209
v 0.087653 0.091762 0.162575
v 0.086048 0.090092 0.160209
v 0.066590 0.108136 0.162575
v 0.065367 0.106169 0.160209
v 0.042583 0.119774 0.162575
v 0.041797 0.117595 0.160209
v 0.016682 0.126166 0.162575
v 0.016366 0.123871 0.160209
v -0.009982 0.127032 0.162575
v -0.009815 0.124723 0.160209
v -0.036244 0.122337 0.162575
v -0.035600 0.120112 0.160209
v -0.060956 0.112284 0.162575
v -0.059863 0.110242 0.160209
v -0.083037 0.097312 0.162575
v -0.081544 0.095542 0.160209
v -0.101524 0.078077 0.162575
v -0.099695 0.076656 0.160209
v -0.115607 0.055419 0.162575
v -0.113523 0.054408 0.160209
v -0.124671 0.030327 0.162575
v -0.122422 0.029773 0.160209
v -0.122000 -0.021924 0.158940
v -0.123857 0.003755 0.158940
v -0.114844 -0.046654 0.158940
v -0.102703 -0.069356 0.158940
v -0.086107 -0.089038 0.158940
v -0.065782 -0.104839 0.158940
v -0.042616 -0.116069 0.158940
v -0.017621 -0.122238 0.158940
v 0.008111 -0.123074 0.158940
v 0.033453 -0.118543 0.158940
v 0.057300 -0.108842 0.158940
v 0.078609 -0.094394 0.158940
v 0.096448 -0.075832 0.158940
v 0.110039 -0.053967 0.158940
v 0.118786 -0.029753 0.158940
v 0.122308 -0.004250 0.158940
v 0.120450 0.021427 0.158940
v 0.113294 0.046157 0.158940
v 0.101154 0.068860 0.158940
v 0.084557 0.088542 0.158940
v 0.064232 0.104342 0.158940
v 0.041067 0.115573 0.158940
v 0.016071 0.121741 0.158940
v -0.009659 0.122578 0.158940
v -0.035003 0.118047 0.158940
v -0.058850 0.108345 0.158940
v -0.080158 0.093898 0.158940
v -0.097998 0.075335 0.158940
v -0.111587 0.053470 0.158940
v -0.120335 0.029257 0.158940
v -0.136296 0.004159 0.162742
v -0.131730 0.004010 0.162395
v -0.129753 -0.023310 0.162395
v -0.134251 -0.024114 0.162742
v -0.122140 -0.049622 0.162395
v -0.126373 -0.051344 0.162742
v -0.109222 -0.073776 0.162395
v -0.113005 -0.076341 0.162742
v -0.091565 -0.094717 0.162395
v -0.094732 -0.098012 0.162742
v -0.069940 -0.111529 0.162395
v -0.072352 -0.115411 0.162742
v -0.045292 -0.123478 0.162395
v -0.046844 -0.127776 0.162742
v -0.018698 -0.130041 0.162395
v -0.019324 -0.134567 0.162742
v 0.008679 -0.130931 0.162395
v 0.009008 -0.135489 0.162742
v 0.035642 -0.126110 0.162395
v 0.036913 -0.130499 0.162742
v 0.061015 -0.115788 0.162395
v 0.063170 -0.119817 0.162742
v 0.083687 -0.100416 0.162395
v 0.086632 -0.103910 0.162742
v 0.102667 -0.080667 0.162395
v 0.106275 -0.083471 0.162742
v 0.117127 -0.057403 0.162395
v 0.121238 -0.059396 0.162742
v 0.126433 -0.031640 0.162395
v 0.130870 -0.032735 0.162742
v 0.130181 -0.004507 0.162395
v 0.134747 -0.004655 0.162742
v 0.128204 0.022813 0.162395
v 0.132702 0.023618 0.162742
v 0.120590 0.049126 0.162395
v 0.124823 0.050848 0.162742
v 0.107673 0.073280 0.162395
v 0.111455 0.075845 0.162742
v 0.090016 0.094221 0.162395
v 0.093182 0.097515 0.162742
v 0.068391 0.111033 0.162395
v 0.070803 0.114914 0.162742
v 0.043743 0.122982 0.162395
v 0.045295 0.127279 0.162742
v 0.017149 0.129545 0.162395
v 0.017774 0.134071 0.162742
v -0.010228 0.130434 0.162395
v -0.010558 0.134992 0.162742
v -0.037192 0.125614 0.162395
v -0.038462 0.130002 0.162742
v -0.062564 0.115291 0.162395
v -0.064719 0.119321 0.162742
v -0.085236 0.099920 0.162395
v -0.088181 0.103413 0.162742
v -0.104217 0.080171 0.162395
v -0.107824 0.082975 0.162742
v -0.118676 0.056906 0.162395
v -0.122788 0.058900 0.162742
v -0.127983 0.031145 0.162395
v -0.132419 0.032240 0.162742
v -0.126006 0.003824 0.158431
v -0.124116 -0.022302 0.158431
v -0.126396 -0.022710 0.160796
v -0.128321 0.003899 0.160796
v -0.116836 -0.047464 0.158431
v -0.118981 -0.048337 0.160796
v -0.104483 -0.070563 0.158431
v -0.106400 -0.071863 0.160796
v -0.087597 -0.090589 0.158431
v -0.089202 -0.092258 0.160796
v -0.066917 -0.106665 0.158431
v -0.068140 -0.108633 0.160796
v -0.043347 -0.118092 0.158431
v -0.044133 -0.120270 0.160796
v -0.017915 -0.124368 0.158431
v -0.018232 -0.126662 0.160796
v 0.008265 -0.125219 0.158431
v 0.008432 -0.127529 0.160796
v 0.034051 -0.120609 0.158431
v 0.034695 -0.122834 0.160796
v 0.058314 -0.110738 0.158431
v 0.059407 -0.112780 0.160796
v 0.079995 -0.096038 0.158431
v 0.081488 -0.097809 0.160796
v 0.098146 -0.077151 0.158431
v 0.099974 -0.078574 0.160796
v 0.111973 -0.054905 0.158431
v 0.114058 -0.055915 0.160796
v 0.120873 -0.030268 0.158431
v 0.123122 -0.030823 0.160796
v 0.124456 -0.004320 0.158431
v 0.126771 -0.004396 0.160796
v 0.122566 0.021806 0.158431
v 0.124846 0.022213 0.160796
v 0.115286 0.046967 0.158431
v 0.117431 0.047840 0.160796
v 0.102933 0.070066 0.158431
v 0.104850 0.071366 0.160796
v 0.086048 0.090092 0.158431
v 0.087653 0.091762 0.160796
v 0.065367 0.106169 0.158431
v 0.066590 0.108136 0.160796
v 0.041797 0.117595 0.158431
v 0.042583 0.119774 0.160796
v 0.016366 0.123871 0.158431
v 0.016682 0.126166 0.160795
v -0.009815 0.124723 0.158431
v -0.009982 0.127032 0.160796
v -0.035600 0.120112 0.158431
v -0.036244 0.122337 0.160796
v -0.059863 0.110242 0.158431
v -0.060956 0.112284 0.160796
v -0.081544 0.095542 0.158431
v -0.083037 0.097312 0.160796
v -0.099695 0.076656 0.158431
v -0.101524 0.078077 0.160796
v -0.113523 0.054408 0.158431
v -0.115607 0.055419 0.160796
v -0.122422 0.029773 0.158431
v -0.124671 0.030327 0.160796
v -0.123857 0.003755 0.157162
v -0.122000 -0.021924 0.157162
v -0.114844 -0.046654 0.157162
v -0.102703 -0.069356 0.157162
v -0.086107 -0.089038 0.157162
v -0.065782 -0.104839 0.157162
v -0.042616 -0.116069 0.157162
v -0.017621 -0.122238 0.157162
v 0.008111 -0.123074 0.157162
v 0.033453 -0.118543 0.157162
v 0.057300 -0.108842 0.157162
v 0.078609 -0.094394 0.157162
v 0.096448 -0.075832 0.157162
v 0.110039 -0.053967 0.157162
v 0.118786 -0.029753 0.157162
v 0.122308 -0.004250 0.157162
v 0.120450 0.021427 0.157162
v 0.113294 0.046157 0.157162
v 0.101154 0.068860 0.157162
v 0.084557 0.088542 0.157162
v 0.064232 0.104342 0.157162
v 0.041067 0.115573 0.157162
v 0.016071 0.121741 0.157162
v -0.009659 0.122578 0.157162
v -0.035003 0.118047 0.157162
v -0.058850 0.108345 0.157162
v -0.080158 0.093898 0.157162
v -0.097998 0.075335 0.157162
v -0.111587 0.053470 0.157162
v -0.120335 0.029257 0.157162
v -0.137862 0.004210 0.164352
v -0.135793 -0.024390 0.164352
v -0.127823 -0.051934 0.164352
v -0.114300 -0.077220 0.164352
v -0.095817 -0.099141 0.164352
v -0.073179 -0.116740 0.164352
v -0.047377 -0.129248 0.164352
v -0.019538 -0.136118 0.164352
v 0.009121 -0.137050 0.164352
v 0.037348 -0.132003 0.164352
v 0.063909 -0.121198 0.164352
v 0.087642 -0.105106 0.164352
v 0.107511 -0.084432 0.164352
v 0.122648 -0.060079 0.164352
v 0.132390 -0.033110 0.164352
v 0.136312 -0.004706 0.164352
v 0.134243 0.023893 0.164352
v 0.126274 0.051438 0.164352
v 0.112751 0.076723 0.164352
v 0.094268 0.098645 0.164352
v 0.071629 0.116244 0.164352
v 0.045827 0.128752 0.164352
v 0.017988 0.135622 0.164352
v -0.010671 0.136554 0.164352
v -0.038897 0.131507 0.164352
v -0.065458 0.120702 0.164352
v -0.089191 0.104611 0.164352
v -0.109060 0.083937 0.164352
v -0.124197 0.059583 0.164352
v -0.133939 0.032614 0.164352
v -0.120921 -0.021730 0.158175
v -0.122761 0.003719 0.158175
v -0.113828 -0.046241 0.158175
v -0.101795 -0.068741 0.158175
v -0.085347 -0.088247 0.158175
v -0.065203 -0.103908 0.158175
v -0.042244 -0.115039 0.158175
v -0.017471 -0.121152 0.158175
v 0.008031 -0.121981 0.158175
v 0.033148 -0.117490 0.158175
v 0.056783 -0.107875 0.158175
v 0.077903 -0.093556 0.158175
v 0.095583 -0.075160 0.158175
v 0.109052 -0.053488 0.158175
v 0.117722 -0.029491 0.158175
v 0.121212 -0.004215 0.158175
v 0.119371 0.021234 0.158175
v 0.112279 0.045744 0.158175
v 0.100246 0.068245 0.158175
v 0.083798 0.087752 0.158175
v 0.063654 0.103412 0.158174
v 0.040694 0.114542 0.158174
v 0.015922 0.120656 0.158174
v -0.009581 0.121485 0.158174
v -0.034698 0.116993 0.158174
v -0.058332 0.107378 0.158174
v -0.079451 0.093060 0.158175
v -0.097133 0.074663 0.158175
v -0.110601 0.052993 0.158175
v -0.119271 0.028994 0.158175
v -0.135793 -0.024390 0.163019
v -0.137862 0.004210 0.163019
v -0.127823 -0.051934 0.163019
v -0.114300 -0.077220 0.163019
v -0.095817 -0.099141 0.163019
v -0.073179 -0.116740 0.163019
v -0.047377 -0.129248 0.163019
v -0.019538 -0.136118 0.163019
v 0.009121 -0.137050 0.163019
v 0.037348 -0.132003 0.163019
v 0.063909 -0.121198 0.163019
v 0.087642 -0.105106 0.163019
v 0.107511 -0.084432 0.163019
v 0.122648 -0.060079 0.163019
v 0.132390 -0.033110 0.163019
v 0.136312 -0.004706 0.163019
v 0.134243 0.023893 0.163019
v 0.126274 0.051438 0.163019
v 0.112751 0.076723 0.163019
v 0.094268 0.098645 0.163019
v 0.071629 0.116244 0.163019
v 0.045827 0.128752 0.163019
v 0.017988 0.135622 0.163019
v -0.010671 0.136554 0.163019
v -0.038897 0.131507 0.163019
v -0.065458 0.120702 0.163019
v -0.089191 0.104611 0.163019
v -0.109060 0.083937 0.163019
v -0.124197 0.059583 0.163019
v -0.133939 0.032614 0.163019
v -0.122761 0.003719 0.156840
v -0.120921 -0.021730 0.156840
v -0.113828 -0.046241 0.156840
v -0.101795 -0.068741 0.156840
v -0.085347 -0.088247 0.156840
v -0.065203 -0.103908 0.156840
v -0.042244 -0.115039 0.156840
v -0.017471 -0.121152 0.156840
v 0.008031 -0.121981 0.156840
v 0.033148 -0.117490 0.156840
v 0.056783 -0.107875 0.156840
v 0.077903 -0.093556 0.156840
v 0.095583 -0.075160 0.156840
v 0.109052 -0.053488 0.156840
v 0.117722 -0.029491 0.156840
v 0.121212 -0.004215 0.156840
v 0.119371 0.021234 0.156840
v 0.112279 0.045744 0.156840
v 0.100246 0.068245 0.156840
v 0.083798 0.087752 0.156840
v 0.063654 0.103412 0.156840
v 0.040694 0.114542 0.156840
v 0.015922 0.120656 0.156840
v -0.009581 0.121485 0.156840
v -0.034698 0.116993 0.156840
v -0.058332 0.107378 0.156840
v -0.079451 0.093060 0.156840
v -0.097133 0.074663 0.156840
v -0.110601 0.052993 0.156840
v -0.119271 0.028994 0.156840
vn -0.5819 -0.0421 -0.8122
vn -0.7787 -0.2253 -0.5855
vn -0.8086 -0.0585 -0.5855
vn -0.9503 -0.2750 -0.1457
vn -0.9924 -0.0718 -0.0997
vn -0.9867 -0.0714 -0.1458
vn -0.7144 -0.6024 -0.3560
vn -0.7149 -0.3823 -0.5855
vn -0.6198 -0.5226 -0.5855
vn -0.5604 -0.1622 -0.8122
vn -0.5144 -0.2751 -0.8122
vn -0.4460 -0.3761 -0.8122
vn -0.4976 -0.6400 -0.5855
vn -0.3581 -0.4606 -0.8122
vn -0.3536 -0.7295 -0.5855
vn -0.2545 -0.5250 -0.8122
vn -0.1942 -0.7871 -0.5855
vn -0.1398 -0.5664 -0.8122
vn -0.0264 -0.8103 -0.5855
vn -0.0190 -0.5831 -0.8122
vn 0.1427 -0.7980 -0.5855
vn 0.1027 -0.5743 -0.8122
vn 0.3055 -0.7509 -0.5855
vn 0.2198 -0.5404 -0.8122
vn 0.4549 -0.6710 -0.5855
vn 0.3274 -0.4829 -0.8122
vn 0.5845 -0.5618 -0.5855
vn 0.4206 -0.4042 -0.8122
vn 0.6885 -0.4280 -0.5855
vn 0.4955 -0.3080 -0.8122
vn 0.7625 -0.2754 -0.5855
vn 0.5487 -0.1982 -0.8122
vn 0.8031 -0.1109 -0.5855
vn 0.5779 -0.0798 -0.8122
vn 0.8086 0.0585 -0.5855
vn 0.5819 0.0421 -0.8122
vn 0.7787 0.2253 -0.5855
vn 0.5604 0.1622 -0.8122
vn 0.7149 0.3823 -0.5855
vn 0.5144 0.2751 -0.8122
vn 0.6198 0.5226 -0.5855
vn 0.4460 0.3761 -0.8122
vn 0.4976 0.6400 -0.5855
vn 0.3581 0.4606 -0.8122
vn 0.3536 0.7295 -0.5855
vn 0.2545 0.5250 -0.8122
vn 0.1942 0.7871 -0.5855
vn 0.1398 0.5664 -0.8122
vn 0.0264 0.8103 -0.5855
vn 0.0190 0.5831 -0.8122
vn -0.1427 0.7980 -0.5855
vn -0.1027 0.5743 -0.8122
vn -0.3055 0.7509 -0.5855
vn -0.2198 0.5404 -0.8122
vn -0.4549 0.6710 -0.5855
vn -0.3274 0.4829 -0.8122
vn -0.5845 0.5618 -0.5855
vn -0.4206 0.4042 -0.8122
vn -0.6885 0.4280 -0.5855
vn -0.4955 0.3080 -0.8122
vn -0.7625 0.2754 -0.5855
vn -0.5487 0.1982 -0.8122
vn -0.8030 0.1109 -0.5855
vn -0.1155 -0.1485 -0.9821
vn -0.1438 -0.1213 -0.9821
vn -0.1864 0.0257 -0.9821
vn -0.5779 0.0798 -0.8122
vn -0.9335 -0.2701 -0.2357
vn -0.9693 -0.0701 -0.2357
vn -0.4340 -0.8954 -0.0997
vn -0.6094 -0.7838 -0.1199
vn -0.6107 -0.7856 -0.0997
vn -0.8240 -0.4407 -0.3560
vn -0.8976 -0.2597 -0.3560
vn -0.9257 0.1278 -0.3560
vn -0.9627 0.1329 -0.2357
vn -0.2384 -0.9660 -0.0997
vn -0.4331 -0.8933 -0.1199
vn -0.0323 -0.9945 -0.0997
vn -0.2379 -0.9639 -0.1199
vn 0.1751 -0.9795 -0.0997
vn -0.0323 -0.9923 -0.1199
vn 0.3750 -0.9217 -0.0997
vn 0.1747 -0.9773 -0.1199
vn 0.5584 -0.8236 -0.0997
vn 0.3741 -0.9196 -0.1199
vn 0.7174 -0.6895 -0.0997
vn 0.5571 -0.8217 -0.1199
vn 0.8451 -0.5253 -0.0997
vn 0.7158 -0.6879 -0.1199
vn 0.9358 -0.3381 -0.0997
vn 0.8432 -0.5241 -0.1199
vn 0.9857 -0.1361 -0.0997
vn 0.9337 -0.3373 -0.1199
vn 0.9924 0.0718 -0.0997
vn 0.9835 -0.1357 -0.1199
vn 0.9558 0.2766 -0.0996
vn 0.9902 0.0716 -0.1199
vn 0.8774 0.4692 -0.0997
vn 0.9537 0.2759 -0.1199
vn 0.7607 0.6414 -0.0997
vn 0.8755 0.4682 -0.1199
vn 0.6107 0.7856 -0.0997
vn 0.7590 0.6400 -0.1199
vn 0.4340 0.8954 -0.0996
vn 0.6094 0.7838 -0.1199
vn 0.2384 0.9660 -0.0997
vn 0.4331 0.8933 -0.1199
vn 0.0323 0.9945 -0.0997
vn 0.2379 0.9639 -0.1199
vn -0.1751 0.9795 -0.0997
vn 0.0323 0.9923 -0.1199
vn -0.3750 0.9217 -0.0997
vn -0.1747 0.9773 -0.1199
vn -0.5584 0.8236 -0.0997
vn -0.3742 0.9196 -0.1199
vn -0.7174 0.6895 -0.0997
vn -0.5571 0.8217 -0.1199
vn -0.8451 0.5253 -0.0997
vn -0.7157 0.6880 -0.1199
vn -0.9358 0.3381 -0.0996
vn -0.8432 0.5241 -0.1199
vn -0.9857 0.1361 -0.0997
vn -0.9337 0.3373 -0.1199
vn -0.8436 -0.4512 -0.2912
vn -0.9606 -0.2779 -0.0003
vn -0.9190 -0.2659 -0.2912
vn -0.8522 -0.2466 -0.4615
vn -0.7823 -0.4184 -0.4615
vn -0.9558 -0.2766 -0.0997
vn -0.9902 -0.0716 -0.1199
vn -0.8724 -0.4666 -0.1457
vn -0.9800 0.1353 -0.1457
vn -0.9537 -0.2759 -0.1199
vn -0.8849 -0.0640 -0.4614
vn -0.9320 -0.0674 -0.3561
vn -0.0821 -0.1693 -0.9821
vn -0.0451 -0.1827 -0.9821
vn -0.0061 -0.1880 -0.9821
vn 0.0331 -0.1852 -0.9821
vn 0.0709 -0.1743 -0.9821
vn 0.1056 -0.1557 -0.9821
vn 0.1357 -0.1304 -0.9821
vn 0.1598 -0.0993 -0.9821
vn 0.1770 -0.0639 -0.9821
vn 0.1864 -0.0257 -0.9821
vn 0.1877 0.0136 -0.9821
vn 0.1807 0.0523 -0.9821
vn 0.1659 0.0887 -0.9821
vn 0.1438 0.1213 -0.9821
vn 0.1155 0.1485 -0.9821
vn 0.0821 0.1693 -0.9821
vn 0.0451 0.1827 -0.9821
vn 0.0061 0.1880 -0.9821
vn -0.0331 0.1852 -0.9821
vn -0.0709 0.1743 -0.9821
vn -0.1056 0.1557 -0.9821
vn -0.1357 0.1304 -0.9821
vn -0.1598 0.0993 -0.9821
vn -0.1770 0.0639 -0.9821
vn -0.7607 -0.6414 -0.0997
vn -0.8754 -0.4682 -0.1199
vn -0.8774 -0.4692 -0.0997
vn -0.4346 -0.8964 -0.0868
vn -0.6115 -0.7866 -0.0858
vn -0.6115 -0.7865 -0.0868
vn -0.7590 -0.6400 -0.1199
vn -0.5735 -0.7378 -0.3560
vn -0.7430 -0.6265 -0.2357
vn -0.4076 -0.8409 -0.3560
vn -0.5965 -0.7672 -0.2357
vn -0.2239 -0.9073 -0.3560
vn -0.4239 -0.8745 -0.2357
vn -0.0304 -0.9340 -0.3560
vn -0.2328 -0.9435 -0.2357
vn 0.1645 -0.9199 -0.3560
vn -0.0316 -0.9713 -0.2357
vn 0.3521 -0.8656 -0.3560
vn 0.1711 -0.9567 -0.2357
vn 0.5244 -0.7735 -0.3560
vn 0.3662 -0.9002 -0.2357
vn 0.6738 -0.6475 -0.3560
vn 0.5454 -0.8044 -0.2357
vn 0.7937 -0.4933 -0.3560
vn 0.7007 -0.6734 -0.2357
vn 0.8789 -0.3175 -0.3560
vn 0.8254 -0.5130 -0.2357
vn 0.9257 -0.1278 -0.3560
vn 0.9140 -0.3302 -0.2357
vn 0.9320 0.0674 -0.3560
vn 0.9627 -0.1329 -0.2357
vn 0.8976 0.2597 -0.3560
vn 0.9693 0.0701 -0.2357
vn 0.8240 0.4407 -0.3560
vn 0.9335 0.2701 -0.2357
vn 0.7144 0.6024 -0.3560
vn 0.8570 0.4583 -0.2357
vn 0.5735 0.7378 -0.3560
vn 0.7430 0.6265 -0.2357
vn 0.4076 0.8409 -0.3560
vn 0.5965 0.7672 -0.2357
vn 0.2239 0.9073 -0.3560
vn 0.4239 0.8745 -0.2357
vn 0.0304 0.9340 -0.3560
vn 0.2328 0.9435 -0.2357
vn -0.1645 0.9199 -0.3560
vn 0.0316 0.9713 -0.2357
vn -0.3521 0.8656 -0.3560
vn -0.1710 0.9566 -0.2357
vn -0.5244 0.7735 -0.3560
vn -0.3662 0.9002 -0.2357
vn -0.6738 0.6475 -0.3560
vn -0.5454 0.8044 -0.2357
vn -0.7937 0.4933 -0.3560
vn -0.7007 0.6734 -0.2357
vn -0.8789 0.3175 -0.3560
vn -0.8254 0.5130 -0.2357
vn -0.9140 0.3302 -0.2357
vn -0.7563 -0.6377 -0.1457
vn -0.8788 0.1214 -0.4615
vn -0.7314 -0.6167 -0.2912
vn -0.6782 -0.5719 -0.4615
vn -0.4173 -0.8608 -0.2912
vn -0.5445 -0.7004 -0.4615
vn -0.3870 -0.7983 -0.4615
vn -0.2292 -0.9288 -0.2912
vn -0.2126 -0.8613 -0.4615
vn -0.0311 -0.9562 -0.2912
vn -0.0288 -0.8867 -0.4615
vn 0.1684 -0.9417 -0.2912
vn 0.1562 -0.8733 -0.4615
vn 0.3605 -0.8861 -0.2912
vn 0.3343 -0.8218 -0.4615
vn 0.5369 -0.7918 -0.2912
vn 0.4979 -0.7343 -0.4615
vn 0.6898 -0.6629 -0.2912
vn 0.6397 -0.6147 -0.4615
vn 0.8125 -0.5050 -0.2912
vn 0.7535 -0.4683 -0.4615
vn 0.8998 -0.3250 -0.2912
vn 0.8344 -0.3014 -0.4615
vn 0.9477 -0.1309 -0.2912
vn 0.8788 -0.1214 -0.4615
vn 0.9542 0.0690 -0.2912
vn 0.8849 0.0640 -0.4614
vn 0.9190 0.2659 -0.2912
vn 0.8522 0.2466 -0.4615
vn 0.8436 0.4512 -0.2912
vn 0.7823 0.4184 -0.4615
vn 0.7314 0.6167 -0.2912
vn 0.6782 0.5719 -0.4615
vn 0.5872 0.7553 -0.2912
vn 0.5445 0.7004 -0.4615
vn 0.4173 0.8608 -0.2912
vn 0.3870 0.7983 -0.4614
vn 0.2292 0.9288 -0.2912
vn 0.2126 0.8613 -0.4615
vn 0.0311 0.9562 -0.2912
vn 0.0288 0.8867 -0.4615
vn -0.1684 0.9417 -0.2912
vn -0.1562 0.8733 -0.4615
vn -0.3605 0.8861 -0.2912
vn -0.3343 0.8218 -0.4614
vn -0.5369 0.7918 -0.2912
vn -0.4979 0.7343 -0.4615
vn -0.6898 0.6629 -0.2912
vn -0.6397 0.6147 -0.4615
vn -0.8125 0.5050 -0.2912
vn -0.7535 0.4683 -0.4615
vn -0.8997 0.3250 -0.2912
vn -0.8344 0.3014 -0.4615
vn -0.9477 0.1309 -0.2912
vn -0.9974 -0.0722 -0.0003
vn -0.9542 -0.0690 -0.2912
vn -0.9906 0.1368 -0.0003
vn -0.7640 -0.6442 0.0352
vn -0.8818 -0.4716 -0.0003
vn -0.7645 -0.6446 -0.0003
vn 0.1699 0.1432 0.9750
vn 0.0547 0.0292 0.9981
vn 0.0474 0.0400 0.9981
vn -0.4359 -0.8993 0.0352
vn -0.6138 -0.7895 -0.0003
vn -0.4362 -0.8998 -0.0002
vn 0.1363 0.1754 0.9750
vn 0.0380 0.0489 0.9981
vn -0.2394 -0.9703 0.0352
vn -0.2396 -0.9709 -0.0002
vn 0.0969 0.1999 0.9750
vn 0.0270 0.0558 0.9981
vn -0.0325 -0.9989 0.0352
vn -0.0325 -0.9995 -0.0002
vn 0.0532 0.2157 0.9750
vn 0.0149 0.0602 0.9981
vn 0.1759 -0.9838 0.0352
vn 0.1760 -0.9844 -0.0002
vn 0.0072 0.2220 0.9750
vn 0.0020 0.0620 0.9981
vn 0.3766 -0.9257 0.0352
vn 0.3768 -0.9263 -0.0003
vn -0.0391 0.2187 0.9750
vn -0.0109 0.0610 0.9981
vn 0.5608 -0.8272 0.0352
vn 0.5612 -0.8277 -0.0003
vn -0.0837 0.2058 0.9750
vn -0.0234 0.0574 0.9981
vn 0.7206 -0.6925 0.0352
vn 0.7210 -0.6929 -0.0002
vn -0.1247 0.1839 0.9750
vn -0.0348 0.0513 0.9981
vn 0.8488 -0.5276 0.0352
vn 0.8493 -0.5279 -0.0003
vn -0.1602 0.1539 0.9750
vn -0.0447 0.0430 0.9981
vn 0.9399 -0.3396 0.0352
vn 0.9405 -0.3398 -0.0002
vn -0.1887 0.1173 0.9750
vn -0.0526 0.0327 0.9981
vn 0.9900 -0.1367 0.0352
vn 0.9906 -0.1368 -0.0003
vn -0.2090 0.0755 0.9750
vn -0.0583 0.0211 0.9981
vn 0.9968 0.0721 0.0352
vn 0.9974 0.0722 -0.0003
vn -0.2201 0.0304 0.9750
vn -0.0614 0.0085 0.9981
vn 0.9600 0.2778 0.0352
vn 0.9606 0.2779 -0.0003
vn -0.2216 -0.0160 0.9750
vn -0.0618 -0.0045 0.9981
vn 0.8813 0.4713 0.0352
vn 0.8818 0.4716 -0.0003
vn -0.2134 -0.0617 0.9750
vn -0.0595 -0.0172 0.9981
vn 0.7640 0.6442 0.0352
vn 0.7645 0.6446 -0.0002
vn -0.1959 -0.1048 0.9750
vn -0.0547 -0.0292 0.9981
vn 0.6134 0.7890 0.0352
vn 0.6138 0.7895 -0.0003
vn -0.1698 -0.1432 0.9750
vn -0.0474 -0.0400 0.9981
vn 0.4359 0.8993 0.0352
vn 0.4362 0.8998 -0.0002
vn -0.1363 -0.1754 0.9750
vn -0.0380 -0.0489 0.9981
vn 0.2394 0.9703 0.0352
vn 0.2396 0.9709 -0.0003
vn -0.0969 -0.1999 0.9750
vn -0.0270 -0.0558 0.9981
vn 0.0325 0.9989 0.0352
vn 0.0325 0.9995 -0.0002
vn -0.0532 -0.2157 0.9750
vn -0.0148 -0.0602 0.9981
vn -0.1759 0.9838 0.0352
vn -0.1760 0.9844 -0.0003
vn -0.0072 -0.2220 0.9750
vn -0.0020 -0.0619 0.9981
vn -0.3766 0.9257 0.0352
vn -0.3768 0.9263 -0.0002
vn 0.0391 -0.2187 0.9750
vn 0.0109 -0.0610 0.9981
vn -0.5608 0.8272 0.0352
vn -0.5612 0.8277 -0.0002
vn 0.0837 -0.2058 0.9750
vn 0.0234 -0.0574 0.9981
vn -0.7206 0.6925 0.0352
vn -0.7210 0.6929 -0.0003
vn 0.1247 -0.1839 0.9750
vn 0.0348 -0.0513 0.9981
vn -0.8488 0.5276 0.0352
vn -0.8493 0.5279 -0.0003
vn 0.1602 -0.1539 0.9750
vn 0.0447 -0.0430 0.9981
vn -0.9399 0.3396 0.0352
vn -0.9405 0.3398 -0.0003
vn 0.1887 -0.1173 0.9750
vn 0.0526 -0.0327 0.9981
vn -0.9900 0.1367 0.0352
vn 0.2089 -0.0755 0.9750
vn 0.0583 -0.0211 0.9981
vn -0.7617 -0.6422 -0.0858
vn -0.7616 -0.6422 -0.0868
vn 0.9561 0.2766 0.0971
vn 0.9903 0.0717 0.1189
vn 0.9538 0.2760 0.1189
vn -0.6072 -0.7811 -0.1457
vn -0.4316 -0.8902 -0.1457
vn -0.2370 -0.9605 -0.1457
vn -0.0322 -0.9888 -0.1457
vn 0.1741 -0.9739 -0.1457
vn 0.3728 -0.9164 -0.1457
vn 0.5552 -0.8188 -0.1458
vn 0.7133 -0.6855 -0.1457
vn 0.8402 -0.5222 -0.1457
vn 0.9305 -0.3361 -0.1457
vn 0.9800 -0.1353 -0.1457
vn 0.9867 0.0714 -0.1457
vn 0.9503 0.2750 -0.1457
vn 0.8724 0.4666 -0.1457
vn 0.7563 0.6377 -0.1457
vn 0.6072 0.7811 -0.1457
vn 0.4316 0.8902 -0.1458
vn 0.2370 0.9605 -0.1457
vn 0.0322 0.9888 -0.1457
vn -0.1741 0.9739 -0.1457
vn -0.3728 0.9164 -0.1457
vn -0.5552 0.8189 -0.1457
vn -0.7133 0.6855 -0.1457
vn -0.8402 0.5222 -0.1458
vn -0.9305 0.3361 -0.1457
vn -0.9835 0.1358 -0.1199
vn -0.9968 -0.0721 0.0352
vn -0.5872 -0.7553 -0.2912
vn -0.7615 -0.6421 -0.0878
vn -0.8785 -0.4698 -0.0868
vn -0.8784 -0.4698 -0.0879
vn -0.9600 -0.2778 0.0352
vn -0.8813 -0.4713 0.0352
vn -0.1659 -0.0887 -0.9821
vn -0.1807 -0.0523 -0.9821
vn -0.0000 -0.0000 -1.0000
vn 0.0001 -0.0000 -1.0000
vn -0.2387 -0.9672 -0.0868
vn -0.4346 -0.8965 -0.0858
vn -0.8570 -0.4583 -0.2357
vn -0.9570 -0.2769 -0.0868
vn -0.9937 -0.0719 -0.0858
vn -0.9936 -0.0719 -0.0868
vn 0.0001 -0.0001 -1.0000
vn -0.9868 0.1363 -0.0879
vn -0.9869 0.1363 -0.0868
vn -0.0979 -0.0825 -0.9918
vn -0.0786 -0.1011 -0.9918
vn -0.0558 -0.1152 -0.9918
vn -0.0307 -0.1243 -0.9918
vn -0.0042 -0.1280 -0.9918
vn 0.0225 -0.1260 -0.9918
vn 0.0482 -0.1186 -0.9918
vn 0.0718 -0.1060 -0.9918
vn 0.0923 -0.0887 -0.9918
vn 0.1087 -0.0676 -0.9918
vn 0.1204 -0.0435 -0.9918
vn 0.1268 -0.0175 -0.9918
vn 0.1277 0.0092 -0.9918
vn 0.1230 0.0356 -0.9918
vn 0.1129 0.0604 -0.9918
vn 0.0979 0.0825 -0.9918
vn 0.0786 0.1011 -0.9918
vn 0.0558 0.1152 -0.9918
vn 0.0307 0.1243 -0.9918
vn 0.0042 0.1280 -0.9918
vn -0.0225 0.1260 -0.9918
vn -0.0482 0.1186 -0.9918
vn -0.0718 0.1060 -0.9918
vn -0.0923 0.0887 -0.9918
vn -0.1087 0.0676 -0.9918
vn -0.1204 0.0435 -0.9918
vn -0.6134 -0.7890 0.0352
vn -0.0000 0.0001 -1.0000
vn 0.2216 0.0160 0.9750
vn 0.6353 0.1838 0.7501
vn 0.6596 0.0477 0.7501
vn -0.8786 -0.4699 -0.0858
vn -0.1277 -0.0092 -0.9918
vn -0.0001 0.0001 -1.0000
vn -0.0001 -0.0000 -1.0000
vn 0.0001 0.0001 -1.0000
vn -0.0001 -0.0001 -1.0000
vn -0.0000 -0.0001 -1.0000
vn -0.1129 -0.0604 -0.9918
vn -0.4345 -0.8964 -0.0879
vn -0.6114 -0.7864 -0.0878
vn -0.2387 -0.9671 -0.0879
vn -0.0324 -0.9956 -0.0879
vn 0.1753 -0.9806 -0.0878
vn -0.0324 -0.9957 -0.0868
vn 0.3754 -0.9227 -0.0878
vn 0.1753 -0.9807 -0.0868
vn 0.5590 -0.8245 -0.0878
vn 0.3754 -0.9228 -0.0868
vn 0.7182 -0.6902 -0.0879
vn 0.5591 -0.8246 -0.0868
vn 0.8460 -0.5258 -0.0879
vn 0.7183 -0.6903 -0.0868
vn 0.9369 -0.3384 -0.0879
vn 0.8461 -0.5259 -0.0868
vn 0.9868 -0.1363 -0.0879
vn 0.9370 -0.3385 -0.0868
vn 0.9935 0.0719 -0.0878
vn 0.9869 -0.1363 -0.0868
vn 0.9569 0.2769 -0.0878
vn 0.9936 0.0719 -0.0868
vn 0.8784 0.4698 -0.0878
vn 0.9570 0.2769 -0.0868
vn 0.7615 0.6421 -0.0879
vn 0.8785 0.4698 -0.0868
vn 0.6114 0.7864 -0.0878
vn 0.7616 0.6422 -0.0868
vn 0.4345 0.8964 -0.0879
vn 0.6115 0.7865 -0.0868
vn 0.2387 0.9671 -0.0879
vn 0.4346 0.8964 -0.0868
vn 0.0324 0.9956 -0.0879
vn 0.2387 0.9672 -0.0868
vn -0.1753 0.9806 -0.0878
vn 0.0324 0.9957 -0.0868
vn -0.3754 0.9227 -0.0879
vn -0.1753 0.9807 -0.0868
vn 0.6551 -0.0905 0.7501
vn 0.2201 -0.0304 0.9750
vn -0.5590 0.8245 -0.0879
vn -0.3754 0.9228 -0.0868
vn -0.7182 0.6903 -0.0879
vn -0.5591 0.8246 -0.0868
vn -0.8460 0.5258 -0.0879
vn -0.7183 0.6903 -0.0868
vn -0.9369 0.3385 -0.0879
vn -0.8461 0.5259 -0.0868
vn -0.9370 0.3385 -0.0868
vn -0.1268 0.0175 -0.9918
vn -0.1230 -0.0356 -0.9918
vn 0.2134 0.0618 0.9750
vn 0.0618 0.0045 0.9981
vn 0.0595 0.0172 0.9981
vn 0.8487 0.2456 0.4683
vn 0.9638 0.0697 0.2574
vn 0.9282 0.2686 0.2574
vn -0.2387 -0.9673 -0.0858
vn -0.9569 -0.2769 -0.0879
vn -0.0324 -0.9958 -0.0858
vn 0.1754 -0.9808 -0.0857
vn 0.3754 -0.9229 -0.0858
vn 0.5591 -0.8246 -0.0858
vn 0.7183 -0.6904 -0.0858
vn 0.8462 -0.5259 -0.0858
vn 0.9370 -0.3385 -0.0858
vn 0.9869 -0.1363 -0.0858
vn 0.9937 0.0719 -0.0858
vn 0.9571 0.2769 -0.0858
vn 0.8786 0.4699 -0.0858
vn 0.7617 0.6422 -0.0858
vn 0.6115 0.7866 -0.0858
vn 0.4346 0.8965 -0.0858
vn 0.2387 0.9673 -0.0858
vn 0.0324 0.9958 -0.0858
vn -0.1754 0.9808 -0.0858
vn -0.3754 0.9229 -0.0858
vn -0.5591 0.8246 -0.0858
vn -0.7183 0.6904 -0.0858
vn -0.8462 0.5259 -0.0858
vn -0.9370 0.3385 -0.0858
vn -0.9869 0.1363 -0.0858
vn -0.9935 -0.0719 -0.0879
vn -0.9571 -0.2769 -0.0858
vn -0.0264 -0.0019 0.9996
vn -0.0255 -0.0074 0.9996
vn -0.0234 -0.0125 0.9996
vn -0.0203 -0.0171 0.9996
vn -0.0163 -0.0209 0.9996
vn -0.0116 -0.0239 0.9996
vn -0.0064 -0.0257 0.9996
vn -0.0009 -0.0265 0.9996
vn 0.0047 -0.0261 0.9996
vn 0.0100 -0.0246 0.9996
vn 0.0149 -0.0220 0.9996
vn 0.0191 -0.0184 0.9996
vn 0.0225 -0.0140 0.9996
vn 0.0249 -0.0090 0.9996
vn 0.0263 -0.0036 0.9996
vn 0.0265 0.0019 0.9996
vn 0.0255 0.0074 0.9996
vn 0.0234 0.0125 0.9996
vn 0.0203 0.0171 0.9996
vn 0.0163 0.0209 0.9996
vn 0.0116 0.0239 0.9996
vn 0.0064 0.0258 0.9996
vn 0.0009 0.0265 0.9996
vn -0.0047 0.0261 0.9996
vn -0.0100 0.0246 0.9996
vn -0.0149 0.0220 0.9996
vn -0.0191 0.0184 0.9996
vn -0.0225 0.0140 0.9996
vn -0.0249 0.0090 0.9996
vn 0.0614 -0.0085 0.9981
vn 0.1959 0.1048 0.9750
vn 0.8755 0.4683 0.1189
vn 0.5832 0.3119 0.7501
vn 0.7591 0.6401 0.1189
vn 0.5056 0.4263 0.7501
vn 0.6094 0.7839 0.1190
vn 0.4059 0.5221 0.7501
vn 0.4331 0.8935 0.1189
vn 0.2885 0.5951 0.7501
vn 0.2379 0.9640 0.1189
vn 0.1584 0.6420 0.7501
vn 0.0322 0.9924 0.1189
vn 0.0215 0.6610 0.7501
vn -0.1747 0.9774 0.1189
vn -0.1164 0.6510 0.7501
vn -0.3741 0.9197 0.1189
vn -0.2492 0.6126 0.7501
vn -0.5572 0.8218 0.1190
vn -0.3711 0.5474 0.7501
vn -0.7159 0.6880 0.1190
vn -0.4768 0.4582 0.7501
vn -0.8433 0.5242 0.1189
vn -0.5617 0.3491 0.7501
vn -0.9338 0.3373 0.1189
vn -0.6220 0.2247 0.7501
vn -0.9836 0.1358 0.1189
vn -0.6551 0.0905 0.7501
vn -0.9903 -0.0717 0.1189
vn -0.6596 -0.0477 0.7501
vn -0.9538 -0.2760 0.1189
vn -0.6353 -0.1838 0.7501
vn -0.8755 -0.4683 0.1189
vn -0.5832 -0.3119 0.7501
vn -0.7591 -0.6401 0.1189
vn -0.5056 -0.4263 0.7501
vn -0.6094 -0.7839 0.1189
vn -0.4059 -0.5221 0.7501
vn -0.4331 -0.8935 0.1189
vn -0.2885 -0.5951 0.7501
vn -0.2379 -0.9640 0.1189
vn -0.1584 -0.6421 0.7501
vn -0.0323 -0.9924 0.1190
vn -0.0215 -0.6610 0.7501
vn 0.1747 -0.9774 0.1189
vn 0.1164 -0.6510 0.7501
vn 0.3742 -0.9197 0.1190
vn 0.2492 -0.6126 0.7501
vn 0.5572 -0.8218 0.1189
vn 0.3711 -0.5474 0.7501
vn 0.7159 -0.6880 0.1189
vn 0.4768 -0.4582 0.7501
vn 0.8433 -0.5241 0.1189
vn 0.5617 -0.3491 0.7501
vn 0.9338 -0.3373 0.1189
vn 0.6220 -0.2247 0.7501
vn 0.9836 -0.1358 0.1189
vn 0.9800 -0.1353 0.1459
vn 0.9927 0.0718 0.0973
vn 0.9867 0.0714 0.1459
vn 0.8753 -0.1209 0.4683
vn 0.8813 0.0637 0.4683
vn 0.7387 0.6229 0.2574
vn 0.8724 0.4665 0.1459
vn 0.7563 0.6377 0.1459
vn 0.7609 0.6416 0.0968
vn 0.8777 0.4694 0.0968
vn 0.2223 0.2859 0.9321
vn 0.6755 0.5696 0.4683
vn 0.5423 0.6976 0.4683
vn 0.7791 0.4167 0.4683
vn 0.8521 0.4557 0.2574
vn 0.4215 0.8695 0.2574
vn 0.6072 0.7810 0.1459
vn 0.4315 0.8902 0.1459
vn 0.0868 0.3516 0.9321
vn 0.3854 0.7951 0.4683
vn 0.2117 0.8578 0.4683
vn 0.2315 0.9381 0.2574
vn 0.2370 0.9605 0.1459
vn 0.0118 0.3620 0.9321
vn 0.0287 0.8831 0.4683
vn 0.5931 0.7629 0.2574
vn 0.0314 0.9658 0.2574
vn 0.0322 0.9888 0.1459
vn -0.0637 0.3565 0.9321
vn -0.1555 0.8698 0.4683
vn -0.1701 0.9512 0.2574
vn -0.1741 0.9739 0.1459
vn -0.1365 0.3355 0.9321
vn -0.3330 0.8184 0.4683
vn -0.3641 0.8951 0.2574
vn -0.3728 0.9164 0.1459
vn -0.2032 0.2998 0.9321
vn -0.4958 0.7313 0.4683
vn -0.5423 0.7998 0.2574
vn -0.5552 0.8188 0.1459
vn -0.2611 0.2510 0.9321
vn -0.6371 0.6122 0.4683
vn -0.6967 0.6696 0.2574
vn -0.7133 0.6855 0.1459
vn -0.3076 0.1912 0.9321
vn -0.7504 0.4664 0.4683
vn -0.8207 0.5101 0.2574
vn -0.8402 0.5222 0.1459
vn -0.3406 0.1230 0.9321
vn -0.8310 0.3002 0.4683
vn -0.9088 0.3283 0.2574
vn -0.9304 0.3361 0.1459
vn -0.3588 0.0495 0.9321
vn -0.8753 0.1209 0.4683
vn -0.9572 0.1322 0.2574
vn -0.9800 0.1353 0.1459
vn -0.3612 -0.0261 0.9321
vn -0.8813 -0.0637 0.4683
vn -0.9638 -0.0697 0.2574
vn -0.9867 -0.0714 0.1459
vn -0.3479 -0.1007 0.9321
vn -0.8487 -0.2456 0.4683
vn -0.9282 -0.2686 0.2574
vn -0.9503 -0.2750 0.1459
vn -0.3194 -0.1708 0.9321
vn -0.7791 -0.4167 0.4683
vn -0.8521 -0.4557 0.2574
vn -0.8724 -0.4665 0.1459
vn -0.2769 -0.2335 0.9321
vn -0.6755 -0.5696 0.4683
vn -0.7387 -0.6229 0.2574
vn -0.7563 -0.6377 0.1459
vn -0.2223 -0.2859 0.9321
vn -0.5423 -0.6976 0.4683
vn -0.5931 -0.7629 0.2574
vn -0.6072 -0.7810 0.1459
vn -0.1580 -0.3259 0.9321
vn -0.3854 -0.7951 0.4683
vn -0.4215 -0.8695 0.2574
vn -0.4315 -0.8902 0.1459
vn -0.0868 -0.3516 0.9321
vn -0.2117 -0.8578 0.4683
vn -0.2315 -0.9381 0.2574
vn -0.2370 -0.9605 0.1459
vn -0.0118 -0.3620 0.9321
vn -0.0287 -0.8831 0.4683
vn -0.0314 -0.9658 0.2574
vn -0.0322 -0.9888 0.1459
vn 0.0637 -0.3565 0.9321
vn 0.1555 -0.8698 0.4683
vn 0.1701 -0.9512 0.2574
vn 0.1741 -0.9738 0.1459
vn 0.1365 -0.3355 0.9321
vn 0.3330 -0.8184 0.4683
vn 0.3641 -0.8951 0.2574
vn 0.3728 -0.9164 0.1459
vn 0.2032 -0.2998 0.9321
vn 0.4958 -0.7313 0.4683
vn 0.5423 -0.7998 0.2574
vn 0.5552 -0.8188 0.1459
vn 0.2611 -0.2510 0.9321
vn 0.6371 -0.6122 0.4683
vn 0.6967 -0.6696 0.2574
vn 0.7133 -0.6855 0.1459
vn 0.3076 -0.1912 0.9321
vn 0.7504 -0.4664 0.4683
vn 0.8207 -0.5101 0.2574
vn 0.8402 -0.5222 0.1459
vn 0.3406 -0.1230 0.9321
vn 0.8310 -0.3002 0.4683
vn 0.9088 -0.3283 0.2574
vn 0.9304 -0.3361 0.1459
vn 0.3587 -0.0495 0.9321
vn 0.9572 -0.1322 0.2574
vn 0.0012 0.0007 1.0000
vn 0.3479 0.1007 0.9321
vn 0.3194 0.1708 0.9321
vn 0.0014 0.0004 1.0000
vn 0.3612 0.0261 0.9321
vn 0.2769 0.2335 0.9321
vn 0.0011 0.0009 1.0000
vn 0.1580 0.3259 0.9321
vn -0.0000 -0.0000 1.0000
vn 0.0009 0.0011 1.0000
vn 0.0014 -0.0002 1.0000
vn 0.0014 0.0001 1.0000
vn 0.0003 0.0014 1.0000
vn -0.0000 0.0014 1.0000
vn -0.0002 0.0014 1.0000
vn -0.0005 0.0013 1.0000
vn -0.0008 0.0012 1.0000
vn -0.0010 0.0010 1.0000
vn -0.0012 0.0007 1.0000
vn -0.0013 0.0005 1.0000
vn -0.0014 0.0002 1.0000
vn -0.0014 -0.0001 1.0000
vn -0.0014 -0.0004 1.0000
vn -0.0012 -0.0007 1.0000
vn -0.0011 -0.0009 1.0000
vn -0.0009 -0.0011 1.0000
vn -0.0006 -0.0013 1.0000
vn -0.0003 -0.0014 1.0000
vn -0.0000 -0.0014 1.0000
vn 0.0002 -0.0014 1.0000
vn 0.0005 -0.0013 1.0000
vn 0.0008 -0.0012 1.0000
vn 0.0010 -0.0010 1.0000
vn 0.0012 -0.0007 1.0000
vn 0.0013 -0.0005 1.0000
vn 0.0006 0.0013 1.0000
vn -0.0263 0.0036 0.9996
vn 0.9503 0.2750 0.1459
vn 0.6109 0.7858 0.0968
vn 0.4341 0.8956 0.0971
vn 0.2385 0.9663 0.0973
vn 0.0323 0.9948 0.0968
vn -0.1752 0.9797 0.0973
vn -0.3750 0.9219 0.0973
vn -0.5585 0.8238 0.0973
vn -0.7176 0.6897 0.0971
vn -0.8453 0.5254 0.0968
vn -0.9360 0.3381 0.0974
vn -0.9859 0.1361 0.0973
vn -0.9927 -0.0718 0.0971
vn -0.9561 -0.2766 0.0968
vn -0.8776 -0.4694 0.0973
vn -0.7609 -0.6416 0.0971
vn -0.6109 -0.7858 0.0968
vn -0.4341 -0.8956 0.0974
vn -0.2385 -0.9663 0.0971
vn -0.0323 -0.9948 0.0968
vn 0.1752 -0.9797 0.0973
vn 0.3750 -0.9219 0.0973
vn 0.5585 -0.8238 0.0974
vn 0.7176 -0.6897 0.0971
vn 0.8453 -0.5254 0.0974
vn 0.9360 -0.3381 0.0974
vn -0.1877 -0.0136 -0.9821
vn 0.9859 -0.1362 0.0968
vn -0.9707 0.2137 -0.1099
vn -0.9986 -0.0090 0.0513
vn -0.9758 0.2158 0.0364
vn 0.0898 0.9847 0.1497
vn 0.4278 0.8877 -0.1704
vn 0.1036 0.9799 -0.1705
vn -0.8432 0.3290 0.4252
vn -0.8368 0.5047 0.2121
vn -0.9029 0.3741 0.2116
vn -0.7657 0.4821 0.4258
vn -0.7443 0.6376 0.1990
vn -0.8114 0.3162 -0.4916
vn -0.9389 0.2144 -0.2692
vn -0.8857 0.3672 -0.2839
vn -0.8581 0.5123 0.0330
vn -0.9164 0.3858 -0.1070
vn -0.9212 0.3878 0.0325
vn -0.4299 0.0353 0.9022
vn -0.2854 0.3201 0.9034
vn -0.6663 0.6280 0.4020
vn -0.5844 0.8096 0.0543
vn -0.7468 0.6561 -0.1082
vn -0.7519 0.6582 0.0380
vn -0.8533 0.5104 -0.1065
vn -0.7281 0.6311 -0.2677
vn -0.5642 0.7725 -0.2914
vn -0.6362 0.6160 -0.4645
vn 0.0363 0.8705 0.4909
vn -0.1089 0.6136 0.7821
vn -0.5785 0.8073 -0.1171
vn -0.7339 0.4693 -0.4911
vn -0.8197 0.4978 -0.2834
vn -0.6415 -0.5664 -0.5174
vn -0.8718 0.1504 -0.4662
vn -0.4964 -0.3098 -0.8109
vn -0.9557 -0.0013 -0.2942
vn -0.9018 0.1625 0.4004
vn -0.5619 -0.2796 0.7785
vn -0.9927 -0.0114 -0.1201
vn 0.7008 -0.7073 0.0928
vn 0.7969 -0.5742 0.1877
vn 0.6937 -0.6875 0.2148
vn -0.3538 0.0024 -0.9353
vn -0.2085 0.2889 -0.9344
vn -0.5823 0.7798 0.2301
vn 0.9400 -0.3342 -0.0682
vn 0.8992 -0.3723 -0.2297
vn 0.9420 -0.2784 -0.1874
vn 0.8364 -0.5408 -0.0895
vn 0.7396 -0.6720 -0.0381
vn 0.7597 -0.6347 -0.1413
vn 0.7345 -0.6700 0.1079
vn 0.5904 -0.7511 0.2955
vn 0.5637 -0.8168 0.1227
vn 0.7475 -0.6299 0.2111
vn 0.6480 -0.6258 0.4341
vn -0.3063 -0.4476 0.8401
vn -0.3535 -0.7685 0.5334
vn -0.2273 -0.4873 0.8431
vn 0.7158 -0.2454 0.6537
vn 0.8868 -0.1539 0.4358
vn 0.8219 -0.0431 0.5680
vn 0.8149 -0.4953 0.3012
vn 0.8058 -0.3068 0.5065
vn 0.7230 -0.4705 0.5059
vn 0.8808 -0.3649 0.3017
vn 0.0085 0.1857 0.9826
vn 0.0852 0.1467 0.9855
vn -0.1478 -0.1223 0.9814
vn -0.0711 -0.1611 0.9844
vn 0.8524 -0.5020 0.1463
vn 0.9265 -0.2722 0.2599
vn 0.9540 -0.0325 0.2982
vn 0.9089 -0.3903 0.1467
vn -0.0945 -0.0379 0.9948
vn -0.6911 -0.1040 0.7152
vn -0.5732 0.1667 0.8023
vn 0.4103 0.7357 0.5389
vn 0.1781 0.5064 0.8437
vn 0.2567 0.4662 0.8466
vn 0.4036 -0.9052 0.1330
vn 0.4348 -0.8249 0.3613
vn 0.5198 -0.6400 0.5659
vn 0.9211 0.1361 0.3648
vn 0.9745 -0.1956 0.1096
vn 0.9496 -0.2305 0.2126
vn 0.9754 0.2072 -0.0755
vn 0.9916 0.0289 0.1257
vn 0.9980 0.0264 -0.0575
vn -0.0293 0.0933 0.9952
vn -0.4769 0.3589 0.8024
vn 0.9314 -0.3530 -0.0888
vn 0.9618 -0.2354 -0.1398
vn -0.0702 -0.0499 0.9963
vn 0.4122 -0.0762 0.9079
vn 0.3038 -0.2928 0.9067
vn 0.5035 0.8478 -0.1668
vn 0.4124 0.8941 0.1747
vn 0.4882 0.8544 0.1777
vn 0.9318 -0.3489 0.0998
vn 0.9796 -0.1976 -0.0364
vn 0.9680 0.2102 0.1371
vn 0.9147 -0.1651 -0.3689
vn 0.9723 -0.0399 -0.2304
vn 0.9361 -0.3507 -0.0254
vn -0.0054 0.0808 0.9967
vn 0.5506 0.2103 0.8079
vn 0.3312 0.4339 -0.8378
vn 0.3798 0.7561 -0.5329
vn 0.4574 0.7151 -0.5287
vn 0.3319 0.7762 0.5361
vn -0.0410 0.5878 -0.8080
vn 0.8190 -0.5561 0.1414
vn 0.8276 -0.5374 0.1622
vn -0.0600 -0.1597 -0.9853
vn -0.7419 -0.6550 0.1435
vn -0.9738 0.0060 0.2272
vn 0.8592 -0.0581 -0.5083
vn 0.0795 0.8550 -0.5124
vn 0.6631 -0.4526 -0.5962
vn 0.8386 -0.3200 -0.4407
vn 0.7559 -0.4836 -0.4413
vn 0.2099 0.4918 0.8450
vn 0.7321 0.5071 0.4549
vn 0.8263 -0.5590 -0.0688
vn 0.7828 -0.5930 -0.1886
vn 0.4524 0.8885 0.0765
vn 0.8245 0.5570 -0.0997
vn 0.8091 0.5705 0.1409
vn 0.0163 -0.1978 -0.9801
vn 0.0965 0.1484 -0.9842
vn 0.1724 0.1096 -0.9789
vn 0.9165 -0.3934 -0.0725
vn 0.8333 -0.5027 -0.2302
vn 0.6087 -0.7584 -0.2330
vn 0.6759 -0.6370 -0.3706
vn 0.8600 -0.5050 -0.0729
vn 0.4574 0.8827 -0.1078
vn 0.7881 0.4606 -0.4083
vn -0.3058 -0.7881 -0.5342
vn -0.2311 -0.4799 -0.8464
vn -0.1523 -0.5185 -0.8414
vn 0.2536 0.4746 -0.8429
vn -0.7290 -0.6614 -0.1764
vn 0.1837 0.5059 0.8428
vn -0.3307 0.6149 0.7160
vn -0.4791 -0.8615 0.1682
vn -0.4324 -0.7291 0.5305
vn 0.4580 -0.8342 -0.3073
vn 0.5700 -0.8194 -0.0606
vn 0.4291 0.7815 -0.4529
vn 0.6604 0.1455 -0.7367
vn 0.0962 0.0374 -0.9947
vn 0.4366 -0.3522 -0.8279
vn 0.5440 -0.1380 -0.8276
vn -0.4022 -0.8994 0.1712
vn -0.4637 -0.8681 -0.1769
vn -0.3868 -0.9057 -0.1734
vn 0.8371 -0.5464 -0.0260
vn 0.8327 -0.5447 0.0991
vn -0.3848 -0.7497 -0.5385
vn 0.7431 -0.5801 0.3336
vn -0.1814 -0.5068 -0.8428
vn 0.1036 -0.9053 -0.4119
vn 0.2792 -0.6148 -0.7376
vn 0.7673 -0.5868 0.2588
vn 0.9227 -0.3495 0.1629
vn -0.2668 -0.4693 0.8418
vn 0.1576 -0.5737 0.8038
vn 0.8074 -0.4755 0.3492
vn 0.8525 -0.4848 0.1957
vn 0.3625 0.7605 0.5387
vn 0.2958 0.4550 -0.8399
vn -0.6825 -0.5465 0.4854
vn 0.8237 -0.3380 0.4553
vn 0.8603 -0.3709 0.3496
vn 0.8684 -0.4891 0.0810
vn 0.8057 -0.5864 0.0831
vn 0.8949 -0.4009 0.1960
vn 0.7588 -0.4661 0.4549
vn 0.8090 -0.5878 -0.0108
vn 0.7048 -0.7089 -0.0243
vn 0.8074 -0.5785 -0.1160
vn 0.9847 -0.1463 0.0948
vn 0.9341 -0.3030 0.1887
vn 0.9495 -0.3023 0.0842
vn 0.8715 -0.4904 -0.0071
vn 0.9082 -0.4105 0.0813
vn 0.6129 -0.7833 0.1040
vn 0.6179 -0.7853 -0.0395
vn 0.7062 -0.6926 -0.1470
vn -0.9117 0.3973 -0.1051
vn -0.9200 0.3580 -0.1595
vn -0.9327 0.3351 -0.1335
vn 0.8292 -0.4842 -0.2791
vn 0.9060 -0.4053 -0.1223
vn 0.8635 -0.4892 -0.1226
vn 0.9113 -0.4117 -0.0068
vn 0.9446 -0.3073 -0.1151
vn 0.9273 -0.2654 -0.2639
vn 0.9767 -0.1580 -0.1451
vn 0.6496 -0.7353 -0.1931
vn 0.7639 -0.5884 -0.2651
vn 0.8529 -0.3497 -0.3876
vn 0.8821 -0.3797 -0.2787
vn -0.8554 0.5093 -0.0943
vn -0.8220 0.5538 -0.1327
vn -0.8329 0.5301 -0.1589
vn 0.9888 -0.1479 -0.0223
vn 0.9527 -0.3036 -0.0098
vn 0.9621 -0.0805 0.2604
vn 0.9065 -0.2571 0.3348
vn 0.9642 -0.1530 0.2167
vn -0.9166 0.3987 0.0307
vn -0.9285 0.3615 0.0854
vn -0.9207 0.3898 0.0201
vn 0.9938 -0.0306 0.1067
vn -0.7686 -0.0404 -0.6384
vn -0.1260 -0.1255 -0.9841
vn -0.3114 -0.4355 -0.8446
vn 0.9988 -0.0326 -0.0368
vn -0.8644 0.5018 0.0310
vn -0.8414 0.5335 0.0860
vn -0.8287 0.5565 0.0600
vn -0.7065 0.2190 0.6730
vn -0.9335 0.3032 0.1917
vn -0.8110 -0.0234 0.5845
vn 0.6340 -0.7290 0.2580
vn -0.3695 -0.4122 0.8328
vn -0.2840 -0.7972 0.5327
vn -0.1427 -0.5248 0.8392
vn 0.9204 -0.2116 -0.3288
vn -0.0233 0.2013 0.9792
vn 0.3780 0.3947 0.8375
vn 0.1590 0.5154 0.8421
vn 0.1940 0.0890 0.9769
vn -0.1939 -0.0983 0.9761
vn 0.0259 -0.2079 0.9778
vn 0.5371 0.6530 0.5339
vn -0.8594 0.5109 0.0211
vn -0.8685 0.4837 0.1086
vn -0.8172 0.5764 0.0035
vn -0.7599 0.6398 0.1152
vn -0.7377 0.6749 0.0175
vn -0.7977 0.5714 0.1927
vn -0.3286 0.8682 0.3718
vn -0.4466 0.6640 0.5997
vn -0.9044 0.4126 0.1083
vn -0.8904 0.3909 0.2330
vn 0.4386 0.8920 -0.1090
vn -0.0928 0.9914 0.0921
vn -0.0733 0.9893 -0.1259
vn -0.9077 -0.2239 0.3549
vn -0.9659 0.2327 0.1137
vn -0.8430 0.4846 0.2334
vn 0.7881 -0.4778 -0.3881
vn 0.7165 -0.6144 -0.3303
vn 0.4099 0.7910 -0.4542
vn -0.0811 0.8989 -0.4305
vn -0.9067 0.4212 0.0224
vn -0.2958 0.9500 0.1005
vn 0.4194 0.8916 -0.1707
vn -0.2872 0.9465 -0.1471
vn 0.8952 -0.2015 0.3975
vn 0.3231 0.7802 0.5356
vn 0.4075 0.8964 0.1745
vn 0.5734 0.6385 -0.5134
vn 0.3602 0.7654 -0.5333
vn 0.6247 0.7646 -0.1582
vn 0.6130 0.7693 0.1797
vn 0.9778 -0.0868 -0.1908
vn 0.4354 0.3716 -0.8199
vn -0.8597 0.4999 -0.1047
vn -0.8144 0.5753 -0.0761
vn -0.8584 0.4797 -0.1819
vn -0.7819 0.5651 -0.2632
vn -0.8244 0.4771 -0.3045
vn -0.7495 0.6356 -0.1852
vn -0.4034 0.6466 -0.6474
vn -0.3013 0.8572 -0.4176
vn 0.0068 -0.0817 -0.9966
vn -0.3441 0.3020 -0.8890
vn -0.4438 0.1030 -0.8902
vn -0.7341 0.6734 -0.0873
vn -0.9521 -0.2919 0.0908
vn -0.9808 0.1946 0.0158
vn -0.2081 -0.4936 -0.8444
vn -0.5832 -0.1726 -0.7937
vn -0.8765 0.4809 0.0227
vn -0.5439 0.4148 -0.7294
vn -0.9484 0.3170 0.0026
vn -0.9394 0.3378 0.0592
vn -0.5645 -0.8091 0.1632
vn -0.5104 -0.6825 0.5232
vn 0.2174 0.4920 -0.8430
vn 0.0448 0.1740 -0.9837
vn -0.0848 -0.5481 -0.8321
vn 0.0933 -0.2350 -0.9675
vn 0.2613 0.0621 -0.9632
vn -0.2472 -0.8120 -0.5286
vn -0.9167 0.3882 -0.0947
vn -0.8944 0.4086 -0.1821
vn -0.9456 0.3159 -0.0771
vn -0.9555 0.2285 -0.1868
vn -0.9771 0.1931 -0.0891
vn -0.9176 0.2968 -0.2642
vn -0.8812 -0.2345 -0.4105
vn -0.4557 -0.8835 0.1083
vn -0.8355 -0.5335 -0.1315
vn -0.8496 -0.5201 0.0872
vn -0.8718 0.3835 -0.3049
vn -0.4256 -0.8977 -0.1141
vn 0.0272 -0.9904 0.1354
vn 0.0481 -0.9933 -0.1049
vn -0.4268 -0.7825 0.4534
vn -0.8203 -0.4234 0.3846
vn -0.8613 0.5031 -0.0704
vn -0.8637 0.5041 -0.0035
vn 0.2696 0.4688 -0.8412
vn -0.2077 0.5778 -0.7893
vn -0.9438 -0.2953 -0.1484
vn -0.6580 0.1995 -0.7261
vn -0.4736 -0.6973 -0.5381
vn -0.5527 -0.8139 -0.1793
vn -0.5927 0.4344 0.6782
vn -0.3449 -0.9226 0.1726
vn -0.3330 -0.9274 -0.1704
vn -0.4368 -0.8929 0.1089
vn 0.0307 -0.8931 0.4489
vn -0.7325 -0.6515 0.1975
vn -0.5680 -0.7910 0.2272
vn -0.6541 -0.6418 0.4004
vn 0.3354 0.7731 0.5384
vn -0.1525 0.9091 0.3878
vn -0.9025 0.4195 -0.0969
vn -0.8723 0.4793 -0.0967
vn -0.3806 -0.8025 -0.4594
vn -0.7667 -0.4706 -0.4367
vn -0.9176 0.3975 -0.0039
vn 0.0719 0.0492 -0.9962
vn -0.4444 -0.8884 -0.1148
vn -0.1961 -0.5013 -0.8428
vn 0.0187 -0.0864 -0.9961
vn -0.9153 0.3965 -0.0708
vn 0.2826 0.4636 -0.8398
vn -0.3713 -0.8074 -0.4584
vn -0.3614 -0.8119 -0.4585
vn -0.4077 -0.7924 0.4539
vn 0.6914 -0.6043 0.3960
vn 0.5572 -0.6550 -0.5105
vn 0.4109 -0.9082 -0.0796
vn 0.9443 0.1269 -0.3037
vn 0.9327 -0.3313 0.1423
vn 0.7592 -0.2628 -0.5955
vn 0.6198 -0.4352 0.6530
vn 0.0307 -0.0945 -0.9951
vn -0.2938 -0.4565 0.8398
vn 0.4280 0.9006 0.0756
vn 0.0826 0.0424 -0.9957
vn -0.4350 -0.8932 -0.1141
vn 0.4194 0.7867 -0.4531
vn 0.4481 0.8874 -0.1080
vn 0.4406 0.8946 0.0746
vn -0.5701 -0.8200 0.0514
vn -0.7403 -0.6713 0.0364
vn 0.1181 -0.9772 -0.1764
vn -0.5648 -0.8165 -0.1201
vn -0.7560 -0.4977 0.4252
vn -0.4461 -0.8884 0.1082
vn -0.4165 -0.7881 0.4532
vn -0.2797 -0.4649 0.8400
vn -0.0806 -0.0432 0.9958
vn 0.3491 0.7658 0.5401
vn 0.1984 0.4998 0.8431
vn -0.0169 0.0852 0.9962
vn -0.8491 -0.5273 0.0325
vn -0.8274 -0.5203 0.2116
vn 0.0512 -0.8728 0.4854
vn 0.1881 -0.5087 0.8402
vn -0.0968 -0.6201 0.7785
vn -0.7514 0.6426 0.1496
vn -0.9931 -0.0051 -0.1171
vn -0.9985 -0.0086 0.0543
vn -0.7357 -0.6684 -0.1099
vn -0.4768 0.8623 -0.1704
vn -0.7395 0.6512 -0.1704
vn -0.8957 -0.3909 0.2120
vn -0.8361 -0.3459 0.4258
vn -0.9505 -0.2385 0.1990
vn -0.7272 -0.4791 -0.4916
vn -0.7179 -0.6420 -0.2692
vn -0.8118 -0.5103 -0.2839
vn -0.9142 -0.4038 0.0330
vn -0.8447 -0.5245 -0.1070
vn -0.2774 -0.3303 0.9022
vn -0.4262 -0.0478 0.9034
vn -0.8977 -0.1804 0.4020
vn -0.9672 -0.2298 -0.1083
vn -0.9718 -0.2328 0.0380
vn -0.9099 -0.4010 -0.1066
vn -0.9359 -0.2291 -0.2677
vn -0.9565 -0.0136 -0.2914
vn -0.8705 -0.1628 -0.4646
vn -0.6892 0.5330 0.4909
vn -0.5636 0.2660 0.7821
vn -0.8073 -0.3274 -0.4910
vn -0.8801 -0.3809 -0.2834
vn 0.0911 -0.8509 -0.5174
vn -0.6268 -0.6243 -0.4662
vn -0.0343 -0.5841 -0.8109
vn -0.5516 -0.7805 -0.2942
vn 0.9823 0.1627 0.0928
vn 0.9293 0.3181 0.1877
vn 0.9620 0.1684 0.2147
vn -0.2066 -0.2872 -0.9353
vn -0.3563 -0.0030 -0.9344
vn -0.9729 -0.0241 0.2301
vn 0.8163 0.5737 -0.0680
vn 0.8238 0.5183 -0.2297
vn 0.7719 0.6075 -0.1874
vn 0.9249 0.3696 -0.0896
vn 0.9759 0.2147 -0.0381
vn 0.9572 0.2527 -0.1413
vn 0.9714 0.2118 0.1079
vn 0.9542 0.0473 0.2956
vn 0.9924 -0.0125 0.1227
vn 0.9461 0.2456 0.2111
vn 0.8853 0.1667 0.4341
vn 0.4226 -0.7327 0.5334
vn 0.2661 -0.4673 0.8431
vn 0.6141 0.4421 0.6537
vn 0.6384 0.6344 0.4358
vn 0.5104 0.6456 0.5680
vn 0.8753 0.3784 0.3012
vn 0.7163 0.4800 0.5065
vn 0.8019 0.3178 0.5059
vn 0.8071 0.5076 0.3017
vn -0.1465 0.1143 0.9826
vn -0.0705 0.1543 0.9855
vn 0.0143 -0.1913 0.9814
vn 0.0903 -0.1511 0.9844
vn 0.9025 0.4051 0.1463
vn 0.7578 0.5985 0.2599
vn 0.5782 0.7595 0.2982
vn 0.8440 0.5158 0.1467
vn -0.0120 -0.1368 0.9905
vn -0.3149 -0.6239 0.7153
vn -0.4674 -0.3713 0.8023
vn -0.3630 0.7602 0.5389
vn -0.3101 0.4381 0.8437
vn -0.2319 0.4790 0.8466
vn 0.9719 -0.1942 0.1330
vn 0.9244 -0.1223 0.3613
vn 0.8227 0.0540 0.5658
vn 0.4215 0.8302 0.3648
vn 0.7231 0.6820 0.1096
vn 0.7371 0.6415 0.2126
vn 0.3950 0.9156 -0.0755
vn 0.5499 0.8257 0.1257
vn 0.5556 0.8295 -0.0575
vn -0.1183 0.0607 0.9911
vn -0.5685 -0.1815 0.8024
vn 0.8266 0.5557 -0.0889
vn 0.7482 0.6486 -0.1398
vn 0.0242 -0.1168 0.9929
vn 0.3004 0.2923 0.9079
vn 0.4145 0.0786 0.9066
vn -0.4005 0.9010 -0.1669
vn -0.4910 0.8535 0.1747
vn -0.4147 0.8924 0.1777
vn 0.8235 0.5585 0.0998
vn 0.7277 0.6849 -0.0364
vn 0.3883 0.9113 0.1371
vn 0.6637 0.6507 -0.3689
vn 0.5948 0.7702 -0.2304
vn 0.8275 0.5610 -0.0253
vn -0.0813 0.0793 0.9935
vn 0.1468 0.5708 0.8079
vn -0.1625 0.5212 -0.8378
vn -0.3973 0.7471 -0.5329
vn -0.3189 0.7867 -0.5286
vn -0.4413 0.7196 0.5361
vn -0.5033 0.3065 -0.8079
vn 0.9273 0.3466 0.1415
vn 0.9170 0.3645 0.1623
vn 0.0956 -0.1413 -0.9853
vn 0.1054 -0.9840 0.1435
vn 0.5442 0.6674 -0.5083
vn -0.6516 0.5593 -0.5124
vn 0.7527 0.2793 -0.5962
vn 0.7461 0.4992 -0.4407
vn 0.8317 0.3370 -0.4413
vn -0.2797 0.4556 0.8451
vn 0.0096 0.8905 0.4549
vn 0.9339 0.3509 -0.0689
vn 0.9365 0.2957 -0.1886
vn -0.4572 0.8819 0.1152
vn 0.0225 0.9948 -0.0997
vn 0.0023 0.9900 0.1409
vn 0.1708 -0.1012 -0.9801
vn -0.0653 0.1645 -0.9842
vn 0.0103 0.2039 -0.9789
vn 0.8509 0.5203 -0.0725
vn 0.8920 0.3892 -0.2301
vn 0.9708 0.0580 -0.2330
vn 0.9106 0.1830 -0.3706
vn 0.9094 0.4096 -0.0729
vn -0.4476 0.8819 -0.1482
vn 0.0800 0.9093 -0.4083
vn 0.4661 -0.7052 -0.5342
vn 0.2579 -0.4660 -0.8464
vn 0.3349 -0.4240 -0.8414
vn -0.2405 0.4814 -0.8429
vn -0.3066 0.4424 0.8428
vn -0.6929 0.0858 0.7159
vn 0.4258 -0.8890 0.1682
vn 0.3448 -0.7744 0.5305
vn 0.9454 -0.1088 -0.3072
vn 0.9981 -0.0088 -0.0606
vn -0.3895 0.8020 -0.4529
vn 0.2631 0.6229 -0.7367
vn -0.0119 0.1699 -0.9854
vn 0.5400 0.1526 -0.8277
vn 0.4271 0.3640 -0.8277
vn 0.5012 -0.8482 0.1712
vn 0.4401 -0.8803 -0.1768
vn 0.5153 -0.8393 -0.1734
vn 0.9299 0.3670 -0.0260
vn 0.9260 0.3644 0.0991
vn 0.3891 -0.7474 -0.5385
vn 0.9030 0.2708 0.3336
vn 0.2690 -0.3716 -0.8886
vn 0.7986 -0.4390 -0.4118
vn 0.6631 -0.1277 -0.7376
vn 0.9224 0.2866 0.2587
vn 0.8187 0.5507 0.1630
vn 0.2285 -0.4891 0.8418
vn 0.5592 -0.2033 0.8037
vn 0.8549 0.3837 0.3493
vn 0.8885 0.4152 0.1957
vn -0.4108 0.7355 0.5388
vn -0.1642 0.4334 -0.8861
vn 0.7520 0.4765 0.4553
vn 0.8001 0.4874 0.3496
vn 0.9012 0.4257 0.0810
vn 0.9444 0.3182 0.0831
vn 0.8446 0.4983 0.1960
vn 0.8191 0.3495 0.4549
vn 0.9473 0.3201 -0.0108
vn 0.9860 0.1651 -0.0243
vn 0.9388 0.3242 -0.1160
vn 0.6887 0.7188 0.0948
vn 0.7874 0.5868 0.1887
vn 0.7957 0.5998 0.0842
vn 0.9040 0.4274 -0.0071
vn 0.8601 0.5036 0.0813
vn 0.9935 0.0472 0.1040
vn 0.9980 0.0500 -0.0395
vn 0.9734 0.1757 -0.1470
vn -0.8513 -0.5141 -0.1050
vn -0.8241 -0.5435 -0.1595
vn -0.8127 -0.5671 -0.1335
vn 0.8746 0.3965 -0.2792
vn 0.8546 0.5047 -0.1223
vn 0.8984 0.4216 -0.1226
vn 0.8629 0.5054 -0.0067
vn 0.7969 0.5930 -0.1150
vn 0.7528 0.6031 -0.2639
vn 0.6937 0.7055 -0.1451
vn 0.9756 0.1048 -0.1931
vn 0.9218 0.2829 -0.2651
vn 0.7785 0.4936 -0.3876
vn 0.8199 0.5001 -0.2788
vn -0.9102 -0.4034 -0.0943
vn -0.9271 -0.3504 -0.1327
vn -0.9141 -0.3730 -0.1589
vn 0.6924 0.7211 -0.0223
vn 0.7987 0.6017 -0.0098
vn 0.6221 0.7384 0.2603
vn 0.7339 0.5910 0.3348
vn 0.6824 0.6982 0.2167
vn -0.8556 -0.5167 0.0306
vn -0.8318 -0.5485 0.0854
vn -0.8504 -0.5258 0.0201
vn 0.5996 0.7931 0.1068
vn -0.4116 -0.6504 -0.6384
vn 0.0295 -0.1754 -0.9840
vn 0.1753 -0.5059 -0.8446
vn 0.6042 0.7960 -0.0368
vn -0.9092 -0.4151 0.0310
vn -0.9218 -0.3779 0.0860
vn -0.9332 -0.3543 0.0600
vn -0.5872 -0.4498 0.6730
vn -0.7871 -0.5863 0.1917
vn -0.4499 -0.6752 0.5846
vn 0.9614 0.0956 0.2580
vn 0.1227 -0.5399 0.8328
vn 0.4862 -0.6928 0.5326
vn 0.3456 -0.4199 0.8392
vn 0.7049 0.6285 -0.3288
vn -0.1777 0.0974 0.9792
vn -0.1034 0.5366 0.8375
vn -0.3286 0.4278 0.8421
vn 0.0395 0.2098 0.9769
vn -0.0320 -0.2151 0.9761
vn 0.1846 -0.0992 0.9778
vn -0.2222 0.8158 0.5340
vn -0.9138 -0.4057 0.0208
vn -0.8969 -0.4288 0.1086
vn -0.9428 -0.3334 0.0035
vn -0.9614 -0.2500 0.1152
vn -0.9772 -0.2116 0.0175
vn -0.9275 -0.3203 0.1927
vn -0.8983 0.2340 0.3718
vn -0.8000 0.0196 0.5997
vn -0.8596 -0.4993 0.1083
vn -0.8339 -0.5004 0.2330
vn -0.4729 0.8682 -0.1502
vn -0.8626 0.4975 0.0922
vn -0.8494 0.5124 -0.1259
vn -0.3422 -0.8700 0.3549
vn -0.7484 -0.6535 0.1137
vn -0.8828 -0.4076 0.2334
vn 0.8456 0.3666 -0.3881
vn 0.9156 0.2293 -0.3302
vn -0.4083 0.7918 -0.4542
vn -0.7804 0.4536 -0.4304
vn -0.8679 -0.4962 0.0224
vn -0.9460 0.3081 0.1005
vn -0.4848 0.8578 -0.1707
vn -0.9383 0.3131 -0.1471
vn 0.6820 0.6139 0.3975
vn -0.4497 0.7148 0.5356
vn -0.4957 0.8508 0.1745
vn -0.1893 0.8370 -0.5134
vn -0.4161 0.7364 -0.5334
vn -0.2626 0.9519 -0.1581
vn -0.2732 0.9450 0.1797
vn 0.6363 0.7475 -0.1908
vn -0.0514 0.5702 -0.8199
vn -0.9049 -0.4125 -0.1047
vn -0.9403 -0.3318 -0.0761
vn -0.8877 -0.4229 -0.1819
vn -0.9132 -0.3111 -0.2633
vn -0.8659 -0.3967 -0.3046
vn -0.9519 -0.2439 -0.1853
vn -0.7608 0.0448 -0.6474
vn -0.8736 0.2499 -0.4176
vn 0.1074 -0.1124 -0.9878
vn -0.4452 -0.1061 -0.8891
vn -0.3406 -0.3024 -0.8903
vn -0.9739 -0.2095 -0.0873
vn -0.3124 -0.9456 0.0908
vn -0.7259 -0.6877 0.0158
vn 0.2500 -0.3815 -0.8899
vn -0.1966 -0.5757 -0.7937
vn -0.8992 -0.4369 0.0227
vn -0.6530 -0.2039 -0.7294
vn -0.8071 -0.5904 0.0026
vn -0.8188 -0.5710 0.0592
vn 0.3336 -0.9285 0.1631
vn 0.2617 -0.8111 0.5231
vn -0.2756 0.4619 -0.8430
vn -0.1161 0.1372 -0.9837
vn 0.3981 -0.3861 -0.8321
vn 0.2457 -0.0598 -0.9675
vn 0.1005 0.2491 -0.9632
vn 0.5195 -0.6713 -0.5286
vn -0.8468 -0.5235 -0.0947
vn -0.8505 -0.4934 -0.1821
vn -0.8046 -0.5888 -0.0771
vn -0.7389 -0.6474 -0.1867
vn -0.7226 -0.6855 -0.0891
vn -0.7728 -0.5770 -0.2642
vn -0.3182 -0.8545 -0.4105
vn 0.4572 -0.8827 0.1083
vn -0.0480 -0.9901 -0.1316
vn -0.0670 -0.9939 0.0873
vn -0.8170 -0.4895 -0.3049
vn 0.4862 -0.8664 -0.1141
vn 0.8238 -0.5505 0.1353
vn 0.8381 -0.5353 -0.1049
vn 0.3916 -0.8006 0.4534
vn -0.1288 -0.9140 0.3847
vn -0.9085 -0.4118 -0.0703
vn -0.9107 -0.4131 -0.0035
vn -0.1831 0.4234 -0.8873
vn -0.5917 0.1646 -0.7892
vn -0.3049 -0.9408 -0.1484
vn -0.5432 -0.4215 -0.7261
vn 0.2950 -0.7896 -0.5381
vn 0.3444 -0.9215 -0.1793
vn -0.6972 -0.2324 0.6782
vn 0.5533 -0.8149 0.1726
vn 0.5641 -0.8080 -0.1704
vn 0.4758 -0.8728 0.1089
vn 0.7464 -0.4913 0.4489
vn 0.9551 -0.2209 0.1975
vn 0.9738 -0.0060 0.2273
vn 0.9018 -0.1625 0.4004
vn -0.4368 0.7207 0.5384
vn -0.8298 0.4013 0.3877
vn -0.8642 -0.4937 -0.0969
vn -0.8955 -0.4345 -0.0966
vn 0.4346 -0.7747 -0.4593
vn -0.0595 -0.8977 -0.4367
vn -0.8548 -0.5189 -0.0039
vn -0.0374 0.1566 -0.9870
vn 0.4677 -0.8764 -0.1148
vn 0.2588 -0.3763 -0.8896
vn 0.1195 -0.1066 -0.9871
vn -0.8528 -0.5174 -0.0709
vn -0.1738 0.4277 -0.8871
vn 0.4440 -0.7698 -0.4585
vn 0.4534 -0.7643 -0.4585
vn 0.4107 -0.7908 0.4539
vn 0.8928 0.2146 0.3961
vn 0.8565 0.0758 -0.5105
vn 0.9786 -0.1899 -0.0795
vn 0.4425 0.8437 -0.3037
vn 0.8097 0.5694 0.1423
vn 0.6534 0.4674 -0.5955
vn 0.7135 0.2540 0.6530
vn 0.1328 -0.0990 -0.9862
vn 0.2024 -0.5036 0.8399
vn -0.4937 0.8621 0.1142
vn -0.0258 0.1633 -0.9862
vn 0.4771 -0.8714 -0.1141
vn -0.3993 0.7971 -0.4531
vn -0.4602 0.8751 -0.1498
vn -0.4752 0.8725 0.1139
vn 0.9986 0.0090 0.0514
vn 0.9758 -0.2158 0.0364
vn 0.7290 0.6614 -0.1764
vn 0.9927 0.0114 -0.1201
vn 0.8432 -0.3290 0.4252
vn 0.4668 -0.8777 0.1082
vn 0.4021 -0.7956 0.4532
vn 0.2175 -0.4971 0.8400
vn 0.0075 -0.1252 0.9921
vn -0.4228 0.7277 0.5401
vn -0.2930 0.4509 0.8431
vn -0.0977 0.0703 0.9927
vn 0.9212 -0.3878 0.0325
vn 0.9029 -0.3741 0.2116
vn 0.6825 0.5465 0.4854
vn 0.3063 0.4476 0.8401
vn 0.5619 0.2796 0.7785
vn -0.0898 -0.9847 0.1497
vn 0.5784 -0.8073 -0.1172
vn 0.5844 -0.8096 0.0543
vn 0.9707 -0.2137 -0.1099
vn -0.4278 -0.8877 -0.1704
vn -0.1036 -0.9799 -0.1704
vn 0.8368 -0.5047 0.2121
vn 0.7657 -0.4821 0.4258
vn 0.7443 -0.6376 0.1990
vn 0.8114 -0.3162 -0.4916
vn 0.9389 -0.2144 -0.2692
vn 0.8857 -0.3672 -0.2839
vn 0.8581 -0.5123 0.0330
vn 0.9163 -0.3858 -0.1070
vn 0.4299 -0.0353 0.9022
vn 0.2854 -0.3201 0.9034
vn 0.6662 -0.6281 0.4021
vn 0.7468 -0.6562 -0.1083
vn 0.7519 -0.6582 0.0380
vn 0.8533 -0.5104 -0.1066
vn 0.7281 -0.6311 -0.2677
vn 0.5642 -0.7725 -0.2914
vn 0.6362 -0.6160 -0.4645
vn -0.0363 -0.8705 0.4909
vn 0.1089 -0.6136 0.7821
vn 0.7339 -0.4693 -0.4910
vn 0.8197 -0.4978 -0.2834
vn 0.6415 0.5663 -0.5174
vn 0.8718 -0.1504 -0.4662
vn 0.4964 0.3097 -0.8110
vn 0.9557 0.0013 -0.2942
vn -0.7008 0.7073 0.0928
vn -0.7969 0.5743 0.1877
vn -0.6937 0.6875 0.2148
vn 0.3538 -0.0024 -0.9353
vn 0.2085 -0.2889 -0.9344
vn 0.5823 -0.7798 0.2301
vn -0.9400 0.3343 -0.0681
vn -0.8992 0.3723 -0.2297
vn -0.9420 0.2784 -0.1874
vn -0.8364 0.5408 -0.0895
vn -0.7396 0.6720 -0.0381
vn -0.7597 0.6347 -0.1413
vn -0.7345 0.6700 0.1079
vn -0.5904 0.7511 0.2955
vn -0.5637 0.8169 0.1227
vn -0.7475 0.6298 0.2111
vn -0.6480 0.6258 0.4341
vn 0.3535 0.7685 0.5334
vn 0.2273 0.4872 0.8432
vn -0.7158 0.2454 0.6537
vn -0.8868 0.1539 0.4358
vn -0.8219 0.0431 0.5680
vn -0.8149 0.4953 0.3012
vn -0.8058 0.3068 0.5065
vn -0.7230 0.4705 0.5059
vn -0.8808 0.3649 0.3017
vn -0.0086 -0.1856 0.9826
vn -0.0852 -0.1467 0.9855
vn 0.1478 0.1223 0.9814
vn 0.0711 0.1611 0.9844
vn -0.8524 0.5020 0.1463
vn -0.9265 0.2722 0.2599
vn -0.9540 0.0325 0.2982
vn -0.9089 0.3903 0.1467
vn 0.0945 0.0379 0.9948
vn 0.6910 0.1041 0.7153
vn 0.5733 -0.1666 0.8022
vn -0.4103 -0.7357 0.5389
vn -0.1781 -0.5064 0.8437
vn -0.2567 -0.4662 0.8466
vn -0.4036 0.9052 0.1330
vn -0.4348 0.8249 0.3613
vn -0.5199 0.6400 0.5659
vn -0.9211 -0.1361 0.3648
vn -0.9745 0.1956 0.1096
vn -0.9496 0.2304 0.2126
vn -0.9754 -0.2072 -0.0755
vn -0.9916 -0.0289 0.1257
vn -0.9980 -0.0264 -0.0575
vn 0.0294 -0.0933 0.9952
vn 0.4769 -0.3589 0.8023
vn -0.9314 0.3530 -0.0888
vn -0.9618 0.2353 -0.1398
vn 0.0702 0.0499 0.9963
vn -0.4123 0.0762 0.9079
vn -0.3038 0.2928 0.9067
vn -0.5035 -0.8478 -0.1669
vn -0.4123 -0.8941 0.1747
vn -0.4882 -0.8544 0.1777
vn -0.9318 0.3490 0.0998
vn -0.9796 0.1976 -0.0364
vn -0.9680 -0.2102 0.1371
vn -0.9147 0.1651 -0.3689
vn -0.9723 0.0399 -0.2304
vn -0.9362 0.3506 -0.0253
vn 0.0053 -0.0808 0.9967
vn -0.5502 -0.2106 0.8080
vn -0.3313 -0.4339 -0.8378
vn -0.3798 -0.7561 -0.5329
vn -0.4574 -0.7151 -0.5286
vn -0.3319 -0.7762 0.5361
vn 0.0410 -0.5878 -0.8080
vn -0.8190 0.5561 0.1415
vn -0.8276 0.5373 0.1623
vn 0.0600 0.1597 -0.9853
vn 0.7419 0.6550 0.1435
vn -0.8592 0.0581 -0.5083
vn -0.0795 -0.8550 -0.5124
vn -0.6631 0.4526 -0.5962
vn -0.8386 0.3200 -0.4407
vn -0.7558 0.4836 -0.4414
vn -0.2099 -0.4918 0.8450
vn -0.7319 -0.5073 0.4549
vn -0.8263 0.5590 -0.0689
vn -0.7828 0.5930 -0.1886
vn -0.4552 -0.8829 0.1152
vn -0.8246 -0.5569 -0.0997
vn -0.8091 -0.5705 0.1408
vn -0.0163 0.1979 -0.9801
vn -0.0965 -0.1484 -0.9842
vn -0.1723 -0.1096 -0.9789
vn -0.9165 0.3934 -0.0725
vn -0.8333 0.5027 -0.2302
vn -0.6087 0.7584 -0.2330
vn -0.6759 0.6370 -0.3707
vn -0.8600 0.5051 -0.0729
vn -0.4606 -0.8751 -0.1482
vn -0.7881 -0.4606 -0.4084
vn 0.3058 0.7881 -0.5343
vn 0.2310 0.4799 -0.8464
vn 0.1523 0.5185 -0.8414
vn -0.2536 -0.4746 -0.8428
vn -0.1837 -0.5059 0.8428
vn 0.3308 -0.6149 0.7159
vn 0.4791 0.8615 0.1682
vn 0.4324 0.7291 0.5305
vn -0.4580 0.8342 -0.3072
vn -0.5700 0.8194 -0.0606
vn -0.4290 -0.7815 -0.4529
vn -0.6605 -0.1455 -0.7366
vn -0.1318 -0.1080 -0.9854
vn -0.4369 0.3521 -0.8277
vn -0.5441 0.1381 -0.8276
vn 0.4022 0.8994 0.1712
vn 0.4637 0.8682 -0.1768
vn 0.3868 0.9057 -0.1734
vn -0.8371 0.5465 -0.0260
vn -0.8327 0.5447 0.0991
vn 0.3848 0.7497 -0.5385
vn -0.7431 0.5801 0.3336
vn 0.1477 0.4344 -0.8885
vn -0.1036 0.9053 -0.4119
vn -0.2791 0.6149 -0.7376
vn -0.7673 0.5868 0.2587
vn -0.9227 0.3495 0.1629
vn 0.2669 0.4692 0.8418
vn -0.1575 0.5738 0.8037
vn -0.8074 0.4755 0.3492
vn -0.8525 0.4848 0.1957
vn -0.3624 -0.7606 0.5387
vn -0.2587 -0.3845 -0.8861
vn -0.8237 0.3380 0.4553
vn -0.8603 0.3709 0.3497
vn -0.8684 0.4891 0.0810
vn -0.8057 0.5864 0.0831
vn -0.8949 0.4009 0.1960
vn -0.7589 0.4661 0.4549
vn -0.8090 0.5878 -0.0108
vn -0.7049 0.7089 -0.0243
vn -0.8074 0.5785 -0.1160
vn -0.9847 0.1462 0.0948
vn -0.9341 0.3030 0.1887
vn -0.9495 0.3023 0.0842
vn -0.8715 0.4904 -0.0071
vn -0.9082 0.4105 0.0813
vn -0.6129 0.7833 0.1040
vn -0.6179 0.7852 -0.0395
vn -0.7062 0.6926 -0.1470
vn 0.9117 -0.3973 -0.1051
vn 0.9200 -0.3581 -0.1595
vn 0.9327 -0.3351 -0.1335
vn -0.8292 0.4843 -0.2791
vn -0.9060 0.4053 -0.1223
vn -0.8635 0.4892 -0.1226
vn -0.9113 0.4117 -0.0068
vn -0.9446 0.3073 -0.1150
vn -0.9273 0.2654 -0.2639
vn -0.9767 0.1580 -0.1451
vn -0.6496 0.7353 -0.1931
vn -0.7639 0.5884 -0.2651
vn -0.8529 0.3497 -0.3877
vn -0.8821 0.3797 -0.2788
vn 0.8554 -0.5093 -0.0943
vn 0.8220 -0.5538 -0.1327
vn 0.8329 -0.5301 -0.1589
vn -0.9888 0.1479 -0.0223
vn -0.9527 0.3036 -0.0098
vn -0.9622 0.0806 0.2603
vn -0.9065 0.2571 0.3348
vn -0.9642 0.1530 0.2167
vn 0.9164 -0.3991 0.0306
vn 0.9285 -0.3615 0.0854
vn 0.9207 -0.3897 0.0202
vn -0.9938 0.0305 0.1067
vn 0.7686 0.0404 -0.6384
vn 0.1260 0.1255 -0.9841
vn 0.3114 0.4356 -0.8446
vn -0.9988 0.0326 -0.0368
vn 0.8644 -0.5018 0.0310
vn 0.8414 -0.5335 0.0860
vn 0.8287 -0.5565 0.0600
vn 0.7065 -0.2190 0.6730
vn 0.9335 -0.3032 0.1917
vn 0.8110 0.0234 0.5845
vn -0.6340 0.7291 0.2580
vn 0.3695 0.4122 0.8328
vn 0.2840 0.7974 0.5325
vn 0.1428 0.5248 0.8392
vn -0.9204 0.2116 -0.3288
vn 0.0232 -0.2013 0.9792
vn -0.3780 -0.3946 0.8375
vn -0.1591 -0.5154 0.8421
vn -0.1941 -0.0890 0.9769
vn 0.1939 0.0983 0.9761
vn -0.0259 0.2080 0.9778
vn -0.5371 -0.6530 0.5339
vn 0.8594 -0.5109 0.0208
vn 0.8685 -0.4837 0.1086
vn 0.8172 -0.5764 0.0035
vn 0.7599 -0.6398 0.1152
vn 0.7377 -0.6749 0.0175
vn 0.7977 -0.5715 0.1927
vn 0.3287 -0.8682 0.3718
vn 0.4466 -0.6640 0.5997
vn 0.9044 -0.4126 0.1083
vn 0.8904 -0.3909 0.2330
vn -0.4348 -0.8879 -0.1503
vn 0.0929 -0.9914 0.0921
vn 0.0733 -0.9893 -0.1259
vn 0.9077 0.2239 0.3549
vn 0.9659 -0.2327 0.1137
vn 0.8430 -0.4846 0.2334
vn -0.7881 0.4778 -0.3881
vn -0.7166 0.6144 -0.3303
vn -0.4099 -0.7910 -0.4542
vn 0.0809 -0.8990 -0.4305
vn 0.9067 -0.4211 0.0224
vn 0.2957 -0.9500 0.1005
vn -0.4194 -0.8916 -0.1707
vn 0.2872 -0.9465 -0.1471
vn -0.8952 0.2015 0.3975
vn -0.3231 -0.7803 0.5355
vn -0.4075 -0.8964 0.1745
vn -0.5734 -0.6385 -0.5134
vn -0.3602 -0.7654 -0.5333
vn -0.6248 -0.7646 -0.1582
vn -0.6130 -0.7693 0.1797
vn -0.9778 0.0868 -0.1907
vn -0.4354 -0.3716 -0.8200
vn 0.8595 -0.5003 -0.1048
vn 0.8144 -0.5753 -0.0761
vn 0.8584 -0.4797 -0.1819
vn 0.7819 -0.5651 -0.2632
vn 0.8244 -0.4771 -0.3046
vn 0.7495 -0.6356 -0.1852
vn 0.4034 -0.6466 -0.6474
vn 0.3013 -0.8572 -0.4176
vn 0.0297 0.1526 -0.9878
vn 0.3440 -0.3021 -0.8891
vn 0.4437 -0.1030 -0.8902
vn 0.7341 -0.6734 -0.0873
vn 0.9521 0.2919 0.0908
vn 0.9808 -0.1946 0.0158
vn 0.1667 0.4246 -0.8899
vn 0.5834 0.1727 -0.7936
vn 0.8765 -0.4809 0.0228
vn 0.5439 -0.4148 -0.7294
vn 0.9484 -0.3170 0.0026
vn 0.9394 -0.3378 0.0592
vn 0.5645 0.8091 0.1632
vn 0.5104 0.6825 0.5231
vn -0.2174 -0.4920 -0.8430
vn -0.0449 -0.1740 -0.9837
vn 0.0848 0.5480 -0.8321
vn -0.0933 0.2350 -0.9675
vn -0.2614 -0.0621 -0.9632
vn 0.2473 0.8121 -0.5286
vn 0.9167 -0.3882 -0.0949
vn 0.8944 -0.4086 -0.1821
vn 0.9457 -0.3159 -0.0771
vn 0.9555 -0.2285 -0.1868
vn 0.9771 -0.1931 -0.0891
vn 0.9176 -0.2968 -0.2642
vn 0.8812 0.2345 -0.4105
vn 0.4557 0.8835 0.1083
vn 0.8357 0.5333 -0.1315
vn 0.8496 0.5201 0.0873
vn 0.8718 -0.3834 -0.3049
vn 0.4256 0.8977 -0.1141
vn -0.0272 0.9904 0.1354
vn -0.0482 0.9933 -0.1050
vn 0.4267 0.7825 0.4534
vn 0.8202 0.4235 0.3847
vn 0.8613 -0.5031 -0.0704
vn 0.8637 -0.5040 -0.0034
vn -0.2396 -0.3941 -0.8873
vn 0.2079 -0.5779 -0.7892
vn 0.9438 0.2953 -0.1484
vn 0.6580 -0.1995 -0.7261
vn 0.4736 0.6972 -0.5381
vn 0.5527 0.8139 -0.1793
vn 0.5927 -0.4344 0.6782
vn 0.3449 0.9226 0.1727
vn 0.3330 0.9274 -0.1703
vn 0.4369 0.8929 0.1089
vn -0.0308 0.8930 0.4489
vn 0.7325 0.6515 0.1975
vn 0.5680 0.7910 0.2272
vn 0.6540 0.6418 0.4004
vn -0.3353 -0.7731 0.5384
vn 0.1527 -0.9090 0.3877
vn 0.9025 -0.4196 -0.0969
vn 0.8723 -0.4792 -0.0968
vn 0.3806 0.8026 -0.4594
vn 0.7667 0.4706 -0.4367
vn 0.9176 -0.3975 -0.0039
vn -0.1062 -0.1211 -0.9869
vn 0.4445 0.8884 -0.1148
vn 0.1573 0.4288 -0.8896
vn 0.0179 0.1591 -0.9871
vn 0.9153 -0.3965 -0.0709
vn -0.2484 -0.3891 -0.8871
vn 0.3713 0.8074 -0.4585
vn 0.3614 0.8118 -0.4585
vn 0.4077 0.7923 0.4539
vn -0.6914 0.6042 0.3961
vn -0.5572 0.6549 -0.5105
vn -0.4109 0.9082 -0.0796
vn -0.9443 -0.1268 -0.3037
vn -0.9327 0.3313 0.1423
vn -0.7592 0.2628 -0.5955
vn -0.6198 0.4352 0.6530
vn 0.0039 0.1656 -0.9862
vn 0.2937 0.4564 0.8399
vn -0.4179 -0.9013 0.1141
vn -0.1183 -0.1154 -0.9862
vn 0.4350 0.8932 -0.1141
vn -0.4194 -0.7866 -0.4531
vn -0.4478 -0.8815 -0.1498
vn -0.4370 -0.8922 0.1139
vn 0.5702 0.8199 0.0513
vn 0.7403 0.6713 0.0364
vn -0.1181 0.9772 -0.1764
vn 0.5648 0.8165 -0.1201
vn 0.7560 0.4977 0.4252
vn 0.4461 0.8884 0.1082
vn 0.4165 0.7881 0.4532
vn 0.2797 0.4649 0.8400
vn 0.0806 0.0432 0.9958
vn -0.3491 -0.7658 0.5401
vn -0.1984 -0.4998 0.8431
vn 0.0169 -0.0852 0.9962
vn 0.8491 0.5273 0.0325
vn 0.8274 0.5203 0.2116
vn -0.0512 0.8728 0.4853
vn -0.1881 0.5087 0.8402
vn 0.0968 0.6201 0.7785
vn 0.7514 -0.6427 0.1497
vn 0.9931 0.0051 -0.1172
vn 0.9985 0.0086 0.0543
vn 0.7357 0.6684 -0.1099
vn 0.4768 -0.8623 -0.1704
vn 0.7395 -0.6512 -0.1704
vn 0.8957 0.3909 0.2120
vn 0.8361 0.3459 0.4258
vn 0.9505 0.2385 0.1990
vn 0.7272 0.4791 -0.4916
vn 0.7179 0.6420 -0.2692
vn 0.8118 0.5103 -0.2839
vn 0.9142 0.4038 0.0330
vn 0.8447 0.5245 -0.1070
vn 0.2774 0.3303 0.9022
vn 0.4262 0.0478 0.9034
vn 0.8977 0.1803 0.4021
vn 0.9672 0.2299 -0.1082
vn 0.9718 0.2328 0.0380
vn 0.9099 0.4010 -0.1066
vn 0.9359 0.2291 -0.2677
vn 0.9565 0.0136 -0.2914
vn 0.8705 0.1628 -0.4645
vn 0.6892 -0.5330 0.4909
vn 0.5635 -0.2660 0.7821
vn 0.8073 0.3274 -0.4910
vn 0.8801 0.3809 -0.2834
vn -0.0911 0.8509 -0.5174
vn 0.6269 0.6243 -0.4662
vn 0.0343 0.5841 -0.8110
vn 0.5516 0.7805 -0.2942
vn -0.9823 -0.1627 0.0928
vn -0.9293 -0.3181 0.1877
vn -0.9620 -0.1684 0.2148
vn 0.2066 0.2872 -0.9353
vn 0.3563 0.0030 -0.9344
vn 0.9729 0.0242 0.2300
vn -0.8163 -0.5736 -0.0680
vn -0.8238 -0.5183 -0.2297
vn -0.7719 -0.6075 -0.1874
vn -0.9249 -0.3696 -0.0895
vn -0.9759 -0.2147 -0.0381
vn -0.9572 -0.2527 -0.1412
vn -0.9714 -0.2118 0.1079
vn -0.9542 -0.0473 0.2955
vn -0.9924 0.0125 0.1227
vn -0.9461 -0.2456 0.2111
vn -0.8853 -0.1667 0.4341
vn -0.4226 0.7327 0.5334
vn -0.2661 0.4672 0.8432
vn -0.6142 -0.4421 0.6537
vn -0.6384 -0.6345 0.4358
vn -0.5104 -0.6456 0.5680
vn -0.8753 -0.3784 0.3012
vn -0.7163 -0.4800 0.5065
vn -0.8019 -0.3178 0.5059
vn -0.8071 -0.5076 0.3017
vn 0.1465 -0.1143 0.9826
vn 0.0704 -0.1543 0.9855
vn -0.0143 0.1913 0.9814
vn -0.0903 0.1511 0.9844
vn -0.9025 -0.4051 0.1464
vn -0.7578 -0.5985 0.2599
vn -0.5782 -0.7595 0.2981
vn -0.8440 -0.5159 0.1467
vn 0.0238 0.0990 0.9948
vn 0.3146 0.6239 0.7154
vn 0.4674 0.3713 0.8023
vn 0.3630 -0.7602 0.5389
vn 0.3101 -0.4381 0.8437
vn 0.2319 -0.4790 0.8466
vn -0.9719 0.1942 0.1331
vn -0.9244 0.1223 0.3613
vn -0.8227 -0.0540 0.5658
vn -0.4216 -0.8302 0.3648
vn -0.7231 -0.6820 0.1096
vn -0.7371 -0.6414 0.2126
vn -0.3950 -0.9156 -0.0755
vn -0.5498 -0.8257 0.1257
vn -0.5556 -0.8295 -0.0575
vn 0.0931 -0.0300 0.9952
vn 0.5685 0.1815 0.8024
vn -0.8266 -0.5557 -0.0888
vn -0.7482 -0.6486 -0.1398
vn -0.0001 0.0861 0.9963
vn -0.3005 -0.2923 0.9079
vn -0.4147 -0.0786 0.9066
vn 0.4005 -0.9010 -0.1669
vn 0.4910 -0.8535 0.1747
vn 0.4148 -0.8924 0.1777
vn -0.8235 -0.5585 0.0998
vn -0.7277 -0.6849 -0.0364
vn -0.3883 -0.9113 0.1371
vn -0.6636 -0.6507 -0.3689
vn -0.5948 -0.7702 -0.2304
vn -0.8274 -0.5610 -0.0253
vn 0.0691 -0.0424 0.9967
vn -0.1470 -0.5708 0.8078
vn 0.1625 -0.5212 -0.8378
vn 0.3973 -0.7471 -0.5329
vn 0.3189 -0.7867 -0.5286
vn 0.4413 -0.7196 0.5361
vn 0.5033 -0.3065 -0.8080
vn -0.9273 -0.3466 0.1414
vn -0.9169 -0.3645 0.1622
vn -0.0956 0.1413 -0.9853
vn -0.1054 0.9840 0.1435
vn -0.5442 -0.6674 -0.5083
vn 0.6516 -0.5593 -0.5124
vn -0.7527 -0.2793 -0.5962
vn -0.7460 -0.4992 -0.4407
vn -0.8317 -0.3370 -0.4413
vn 0.2797 -0.4556 0.8451
vn -0.0097 -0.8905 0.4549
vn -0.9339 -0.3509 -0.0689
vn -0.9365 -0.2957 -0.1886
vn 0.4572 -0.8819 0.1151
vn -0.0225 -0.9948 -0.0997
vn -0.0023 -0.9900 0.1409
vn -0.1708 0.1011 -0.9801
vn 0.0653 -0.1645 -0.9842
vn -0.0103 -0.2040 -0.9789
vn -0.8509 -0.5203 -0.0725
vn -0.8920 -0.3892 -0.2302
vn -0.9707 -0.0580 -0.2330
vn -0.9106 -0.1830 -0.3707
vn -0.9094 -0.4095 -0.0729
vn 0.4476 -0.8819 -0.1482
vn -0.0798 -0.9093 -0.4083
vn -0.4661 0.7052 -0.5343
vn -0.2579 0.4660 -0.8464
vn -0.3349 0.4240 -0.8414
vn 0.2405 -0.4813 -0.8429
vn 0.3065 -0.4424 0.8428
vn 0.6929 -0.0857 0.7159
vn -0.4258 0.8890 0.1682
vn -0.3448 0.7744 0.5305
vn -0.9454 0.1088 -0.3072
vn -0.9981 0.0088 -0.0606
vn 0.3895 -0.8020 -0.4529
vn -0.2633 -0.6229 -0.7367
vn -0.0040 -0.1322 -0.9912
vn -0.5400 -0.1527 -0.8277
vn -0.4272 -0.3640 -0.8276
vn -0.5012 0.8482 0.1712
vn -0.4401 0.8803 -0.1769
vn -0.5153 0.8393 -0.1734
vn -0.9299 -0.3670 -0.0260
vn -0.9259 -0.3645 0.0992
vn -0.3891 0.7474 -0.5385
vn -0.9030 -0.2708 0.3336
vn -0.2690 0.3716 -0.8886
vn -0.7985 0.4390 -0.4119
vn -0.6630 0.1277 -0.7376
vn -0.9224 -0.2867 0.2588
vn -0.8187 -0.5507 0.1629
vn -0.2286 0.4891 0.8418
vn -0.5593 0.2032 0.8036
vn -0.8549 -0.3837 0.3492
vn -0.8885 -0.4152 0.1957
vn 0.4108 -0.7355 0.5388
vn 0.1640 -0.4334 -0.8862
vn -0.7521 -0.4765 0.4553
vn -0.8001 -0.4874 0.3496
vn -0.9012 -0.4257 0.0810
vn -0.9444 -0.3182 0.0831
vn -0.8446 -0.4983 0.1960
vn -0.8191 -0.3496 0.4549
vn -0.9473 -0.3201 -0.0108
vn -0.9860 -0.1650 -0.0243
vn -0.9388 -0.3242 -0.1160
vn -0.6887 -0.7188 0.0948
vn -0.7874 -0.5869 0.1887
vn -0.7957 -0.5998 0.0842
vn -0.9040 -0.4275 -0.0070
vn -0.8601 -0.5036 0.0813
vn -0.9935 -0.0472 0.1040
vn -0.9980 -0.0500 -0.0395
vn -0.9734 -0.1757 -0.1471
vn 0.8513 0.5141 -0.1050
vn 0.8241 0.5435 -0.1595
vn 0.8127 0.5671 -0.1335
vn -0.8746 -0.3965 -0.2792
vn -0.8546 -0.5047 -0.1223
vn -0.8984 -0.4216 -0.1226
vn -0.8629 -0.5054 -0.0068
vn -0.7969 -0.5930 -0.1151
vn -0.7527 -0.6031 -0.2639
vn -0.6937 -0.7055 -0.1451
vn -0.9756 -0.1048 -0.1931
vn -0.9218 -0.2829 -0.2651
vn -0.7785 -0.4936 -0.3876
vn -0.8199 -0.5001 -0.2787
vn 0.9102 0.4034 -0.0943
vn 0.9272 0.3504 -0.1327
vn 0.9141 0.3730 -0.1589
vn -0.6924 -0.7212 -0.0223
vn -0.7987 -0.6017 -0.0098
vn -0.6221 -0.7384 0.2604
vn -0.7340 -0.5909 0.3348
vn -0.6824 -0.6982 0.2167
vn 0.8556 0.5167 0.0306
vn 0.8318 0.5485 0.0854
vn 0.8504 0.5258 0.0201
vn -0.5996 -0.7931 0.1067
vn 0.4116 0.6504 -0.6384
vn -0.0295 0.1754 -0.9841
vn -0.1753 0.5059 -0.8446
vn -0.6041 -0.7960 -0.0368
vn 0.9092 0.4151 0.0310
vn 0.9218 0.3779 0.0860
vn 0.9332 0.3543 0.0600
vn 0.5872 0.4498 0.6730
vn 0.7871 0.5863 0.1917
vn 0.4499 0.6752 0.5845
vn -0.9614 -0.0957 0.2580
vn -0.1227 0.5398 0.8328
vn -0.4862 0.6928 0.5326
vn -0.3457 0.4199 0.8392
vn -0.7049 -0.6286 -0.3288
vn 0.1777 -0.0975 0.9792
vn 0.1034 -0.5366 0.8375
vn 0.3285 -0.4278 0.8421
vn -0.0395 -0.2098 0.9769
vn 0.0320 0.2151 0.9761
vn -0.1846 0.0992 0.9778
vn 0.2222 -0.8158 0.5340
vn 0.9138 0.4057 0.0211
vn 0.8969 0.4288 0.1086
vn 0.9428 0.3334 0.0035
vn 0.9614 0.2500 0.1152
vn 0.9772 0.2116 0.0175
vn 0.9275 0.3204 0.1927
vn 0.8984 -0.2339 0.3718
vn 0.8000 -0.0196 0.5997
vn 0.8596 0.4993 0.1083
vn 0.8338 0.5004 0.2330
vn 0.4729 -0.8682 -0.1503
vn 0.8626 -0.4975 0.0921
vn 0.8495 -0.5124 -0.1259
vn 0.3422 0.8700 0.3549
vn 0.7484 0.6535 0.1137
vn 0.8828 0.4076 0.2334
vn -0.8455 -0.3666 -0.3881
vn -0.9156 -0.2293 -0.3303
vn 0.4083 -0.7919 -0.4542
vn 0.7802 -0.4538 -0.4305
vn 0.8680 0.4961 0.0225
vn 0.9460 -0.3081 0.1005
vn 0.4849 -0.8578 -0.1707
vn 0.9383 -0.3130 -0.1471
vn -0.6820 -0.6138 0.3975
vn 0.4497 -0.7148 0.5356
vn 0.4957 -0.8508 0.1745
vn 0.1893 -0.8370 -0.5134
vn 0.4162 -0.7364 -0.5334
vn 0.2626 -0.9519 -0.1581
vn 0.2731 -0.9450 0.1797
vn -0.6363 -0.7475 -0.1908
vn 0.0513 -0.5702 -0.8199
vn 0.9050 0.4123 -0.1047
vn 0.9403 0.3317 -0.0761
vn 0.8877 0.4229 -0.1819
vn 0.9132 0.3111 -0.2632
vn 0.8660 0.3967 -0.3046
vn 0.9519 0.2439 -0.1852
vn 0.7608 -0.0448 -0.6474
vn 0.8736 -0.2499 -0.4176
vn -0.0913 0.0744 -0.9930
vn 0.4454 0.1061 -0.8890
vn 0.3405 0.3024 -0.8903
vn 0.9739 0.2095 -0.0873
vn 0.3124 0.9456 0.0908
vn 0.7259 0.6876 0.0158
vn -0.2501 0.3814 -0.8899
vn 0.1964 0.5757 -0.7937
vn 0.8992 0.4369 0.0227
vn 0.6530 0.2039 -0.7294
vn 0.8071 0.5904 0.0026
vn 0.8188 0.5710 0.0592
vn -0.3337 0.9285 0.1631
vn -0.2617 0.8111 0.5231
vn 0.2756 -0.4619 -0.8430
vn 0.1160 -0.1372 -0.9837
vn -0.3981 0.3861 -0.8321
vn -0.2457 0.0598 -0.9675
vn -0.1005 -0.2491 -0.9632
vn -0.5195 0.6713 -0.5287
vn 0.8468 0.5234 -0.0949
vn 0.8505 0.4934 -0.1821
vn 0.8046 0.5888 -0.0771
vn 0.7389 0.6474 -0.1868
vn 0.7226 0.6855 -0.0891
vn 0.7728 0.5770 -0.2642
vn 0.3182 0.8545 -0.4105
vn -0.4572 0.8827 0.1083
vn 0.0480 0.9901 -0.1316
vn 0.0671 0.9939 0.0873
vn 0.8169 0.4895 -0.3049
vn -0.4863 0.8663 -0.1141
vn -0.8238 0.5505 0.1354
vn -0.8382 0.5352 -0.1050
vn -0.3916 0.8007 0.4534
vn 0.1288 0.9140 0.3848
vn 0.9086 0.4118 -0.0704
vn 0.9106 0.4132 -0.0034
vn 0.1830 -0.4234 -0.8873
vn 0.5916 -0.1646 -0.7892
vn 0.3049 0.9407 -0.1484
vn 0.5433 0.4215 -0.7261
vn -0.2950 0.7896 -0.5381
vn -0.3444 0.9216 -0.1793
vn 0.6972 0.2324 0.6782
vn -0.5534 0.8149 0.1725
vn -0.5641 0.8080 -0.1703
vn -0.4758 0.8728 0.1089
vn -0.7464 0.4914 0.4488
vn 0.4368 -0.7207 0.5383
vn 0.8298 -0.4013 0.3877
vn 0.8642 0.4937 -0.0969
vn 0.8954 0.4345 -0.0967
vn -0.4346 0.7747 -0.4594
vn 0.0595 0.8977 -0.4367
vn 0.8549 0.5188 -0.0039
vn 0.0146 -0.1223 -0.9924
vn -0.4678 0.8764 -0.1148
vn -0.2588 0.3763 -0.8896
vn -0.0999 0.0696 -0.9926
vn 0.8527 0.5176 -0.0707
vn 0.1738 -0.4277 -0.8871
vn -0.4440 0.7698 -0.4585
vn -0.4534 0.7643 -0.4586
vn -0.4106 0.7908 0.4538
vn -0.8928 -0.2146 0.3960
vn -0.8565 -0.0758 -0.5105
vn -0.9786 0.1899 -0.0796
vn -0.4425 -0.8437 -0.3037
vn -0.8097 -0.5694 0.1423
vn -0.6534 -0.4674 -0.5955
vn -0.7135 -0.2540 0.6530
vn -0.1101 0.0648 -0.9918
vn -0.2026 0.5036 0.8398
vn 0.4937 -0.8621 0.1142
vn 0.0057 -0.1266 -0.9919
vn -0.4771 0.8714 -0.1141
vn 0.3992 -0.7971 -0.4531
vn 0.4603 -0.8751 -0.1498
vn 0.4752 -0.8725 0.1139
vn -0.4668 0.8777 0.1082
vn -0.4021 0.7955 0.4532
vn -0.2175 0.4970 0.8400
vn 0.0114 0.0907 0.9958
vn 0.4228 -0.7277 0.5401
vn 0.2930 -0.4508 0.8431
vn 0.0793 -0.0355 0.9962
vn -0.9551 0.2209 0.1974
vn -0.8619 -0.1283 0.4905
vn -0.2360 -0.1625 0.9581
vn -0.2637 -0.0645 0.9625
vn 0.2521 0.0229 0.9674
vn 0.6484 -0.0211 0.7610
vn 0.6777 0.0297 0.7347
vn 0.2501 -0.0392 0.9674
vn 0.7234 0.0783 0.6859
vn 0.6743 -0.0736 0.7348
vn 0.5982 -0.0742 -0.7979
vn 0.0951 -0.0081 -0.9954
vn 0.0986 -0.0201 -0.9949
vn 0.6017 0.0352 -0.7980
vn 0.0971 -0.0032 -0.9953
vn 0.0997 0.0136 -0.9949
vn -0.1767 -0.0261 -0.9839
vn -0.6593 -0.3205 -0.6801
vn -0.6689 -0.0907 -0.7378
vn -0.1746 0.0375 -0.9839
vn -0.6445 0.0210 -0.7643
vn -0.6616 0.1340 -0.7378
vn 0.3540 0.5869 -0.7281
vn 0.4593 0.6448 0.6110
vn -0.7599 -0.3818 0.5260
vn -0.0753 -0.2664 0.9609
vn 0.3356 -0.1879 0.9231
vn 0.2772 0.3078 0.9102
vn 0.3133 -0.0523 0.9482
vn 0.1694 0.1462 0.9747
vn 0.1941 0.1487 0.9696
vn 0.2544 0.0022 0.9671
vn -0.8518 0.1840 0.4905
vn -0.8751 0.0285 0.4831
vn 0.6311 0.0582 -0.7735
vn 0.0391 0.0778 -0.9962
vn 0.0792 -0.4514 0.8888
vn 0.0734 -0.2037 0.9763
vn -0.1541 -0.8605 0.4856
vn -0.1869 -0.0970 -0.9776
vn -0.4044 -0.6742 -0.6179
vn 0.1297 0.8179 -0.5605
vn 0.2276 0.8555 0.4651
vn -0.3948 -0.7213 0.5691
vn 0.1918 -0.0466 0.9803
vn -0.1306 -0.2001 -0.9710
vn -0.2189 -0.8386 -0.4989
vn 0.2037 0.0391 0.9783
vn 0.3158 0.1894 0.9297
vn 0.2094 -0.3254 0.9221
vn 0.2641 -0.3672 0.8919
vn 0.3084 0.0055 0.9512
vn 0.9754 0.2116 0.0613
vn 0.9572 -0.2813 0.0684
vn 0.2141 0.0799 0.9735
vn 0.1982 -0.1477 0.9690
vn -0.2271 -0.1178 0.9667
vn 0.1999 0.4317 0.8796
vn -0.0286 -0.9592 0.2814
vn -0.1449 -0.9557 -0.2563
vn 0.3056 -0.0147 0.9521
vn 0.2061 0.9141 0.3492
vn 0.1856 0.9432 0.2757
vn -0.1596 -0.0572 -0.9855
vn -0.0536 0.1109 -0.9924
vn -0.1482 0.0447 -0.9880
vn -0.1942 0.3194 -0.9275
vn -0.1554 0.0013 -0.9879
vn -0.8544 -0.0932 -0.5112
vn -0.6900 0.1903 -0.6984
vn -0.4152 0.8634 -0.2865
vn 0.1135 0.9932 0.0247
vn 0.3017 0.0520 0.9520
vn -0.9024 -0.2737 -0.3328
vn -0.8574 0.2073 -0.4711
vn 0.3335 -0.3414 0.8788
vn 0.0264 -0.9736 0.2269
vn 0.3764 -0.2391 0.8951
vn 0.0524 0.9983 0.0257
vn 0.3813 0.1692 0.9088
vn 0.0051 0.9995 0.0319
vn 0.2000 0.9399 0.2766
vn 0.2200 0.9150 0.3382
vn 0.4641 0.3187 0.8265
vn 0.5100 0.3862 0.7686
vn -0.2321 -0.9693 -0.0810
vn -0.5512 -0.1498 -0.8208
vn -0.9458 -0.3029 -0.1166
vn -0.4843 0.1174 -0.8670
vn -0.7079 -0.1576 -0.6885
vn -0.1571 0.9327 -0.3245
vn 0.2537 -0.0187 0.9671
vn 0.7168 -0.1251 0.6859
vn -0.1783 -0.9145 -0.3633
vn -0.4223 -0.2502 -0.8712
vn -0.2113 -0.9211 -0.3270
vn -0.5627 -0.7859 -0.2564
vn -0.8136 -0.3390 -0.4723
vn -0.7959 -0.5262 -0.2994
vn -0.1179 -0.1749 -0.9775
vn -0.1898 -0.4057 -0.8941
vn 0.0893 0.0381 0.9953
vn 0.0875 0.0354 0.9955
vn 0.2368 0.1375 0.9618
vn 0.0187 0.8639 0.5033
vn 0.1236 0.8604 0.4945
vn 0.0864 0.0645 0.9942
vn 0.0194 0.8622 0.5061
vn -0.0470 0.9567 -0.2872
vn -0.0532 0.9110 -0.4089
vn -0.0535 0.9110 -0.4089
vn -0.6802 -0.2079 -0.7029
vn -0.5351 -0.0515 -0.8432
vn 0.4816 0.1530 0.8629
vn 0.4831 0.2120 0.8495
vn -0.0453 0.0291 -0.9985
vn -0.0502 0.1465 -0.9879
vn -0.0502 0.1474 -0.9878
vn -0.0778 -0.9877 -0.1354
vn 0.2681 -0.9330 -0.2400
vn 0.2911 -0.9480 -0.1282
vn 0.0108 -0.2664 -0.9638
vn -0.0312 -0.0877 -0.9957
vn -0.0311 -0.0876 -0.9957
vn 0.4574 0.1198 0.8812
vn -0.3379 -0.9378 0.0804
vn -0.9074 -0.4075 -0.1030
vn -0.8471 -0.5294 -0.0463
vn -0.6448 -0.4901 -0.5865
vn 0.9163 0.3967 0.0557
vn 0.9298 0.3666 0.0315
vn 0.9241 0.3772 0.0622
vn 0.1623 -0.1733 0.9714
vn 0.0975 0.0386 0.9945
vn 0.0976 0.0401 0.9944
vn -0.0453 0.0285 -0.9986
vn -0.0313 -0.0877 -0.9957
vn -0.9057 -0.4189 -0.0658
vn -0.8940 -0.4468 -0.0356
vn -0.9045 -0.4254 -0.0317
vn -0.2388 -0.3313 -0.9128
vn -0.8601 -0.4985 -0.1085
vn 0.0106 -0.2655 -0.9640
vn -0.3318 -0.1782 -0.9264
vn -0.2711 0.3714 -0.8880
vn 0.9106 0.4091 0.0577
vn 0.8993 0.4362 0.0322
vn 0.9116 0.4103 0.0233
vn 0.3693 0.1307 0.9201
vn 0.3724 0.0839 0.9243
vn 0.9202 0.3908 0.0215
vn -0.1648 0.0054 -0.9863
vn 0.5751 -0.0187 -0.8178
vn 0.2429 -0.0079 0.9700
vn 0.0855 -0.9922 -0.0912
vn -0.2298 -0.0678 -0.9709
vn -0.2590 0.0815 0.9624
vn 0.0295 0.9989 -0.0370
vn -0.4254 0.1479 -0.8928
vn -0.3192 0.2352 -0.9181
vn 0.0646 -0.9272 0.3689
vn -0.1553 -0.9235 -0.3508
vn -0.0438 0.9227 -0.3831
vn 0.0436 0.9439 -0.3274
vn -0.0971 0.4034 -0.9099
vn -0.3449 -0.3134 -0.8848
vn -0.2864 -0.3786 -0.8802
vn -0.1140 0.9135 -0.3906
vn 0.4591 0.1213 0.8800
vn 0.3896 -0.2086 0.8971
vn 0.4198 0.3266 0.8468
vn 0.3717 -0.2054 0.9053
vn -0.3694 0.2900 -0.8829
vn -0.8888 -0.4503 -0.0854
vn -0.8549 -0.5122 -0.0826
vn -0.8916 -0.4472 -0.0715
vn -0.3608 -0.3948 0.8450
vn -0.4406 -0.2144 0.8717
vn -0.3443 0.8847 -0.3144
vn 0.3121 -0.9496 0.0281
vn 0.2858 -0.6894 0.6657
vn 0.3122 -0.9496 0.0291
vn -0.0642 -0.9979 -0.0002
vn -0.1563 -0.9813 0.1125
vn 0.4060 -0.0976 0.9086
vn 0.9351 0.3541 0.0137
vn 0.0803 -0.5064 -0.8585
vn 0.9232 0.3843 0.0061
vn 0.9118 0.4106 0.0103
vn 0.8972 0.4412 0.0207
vn -0.1802 0.1089 -0.9776
vn -0.6371 0.3626 -0.6801
vn 0.3646 0.2074 0.9078
vn -0.9430 -0.2999 0.1440
vn -0.3839 -0.2443 -0.8905
vn -0.0453 0.0298 -0.9985
vn -0.0502 0.1482 -0.9877
vn 0.9321 0.3589 0.0486
vn -0.9337 0.3338 -0.1292
vn -0.3471 0.7454 0.5691
vn -0.2249 0.1775 0.9581
vn -0.0578 0.2708 0.9609
vn 0.6260 -0.0990 -0.7735
vn -0.7335 0.4304 0.5260
vn -0.1173 0.2081 -0.9710
vn 0.0954 0.0019 -0.9954
vn -0.8492 -0.5258 -0.0490
vn -0.0269 0.9987 -0.0427
vn 0.9235 0.3738 0.0864
vn 0.9267 0.3687 0.0727
vn 0.9187 0.3757 0.1220
vn 0.8943 0.3512 0.2773
vn 0.9213 0.3816 0.0750
vn 0.9032 0.4243 0.0654
vn 0.8985 0.3968 0.1877
vn 0.9136 0.3839 0.1338
vn 0.9619 0.2698 0.0435
vn 0.9065 0.4202 0.0420
vn -0.0856 -0.9941 -0.0666
vn 0.0297 -0.7718 0.6351
vn 0.8972 0.4407 0.0277
vn -0.0464 0.9568 -0.2869
vn 0.0103 -0.2647 -0.9643
vn 0.0797 -0.5028 -0.8607
vn 0.0790 -0.4993 -0.8628
vn 0.2910 -0.9483 -0.1269
vn 0.3442 0.3458 0.8729
vn 0.9332 0.1241 0.3373
vn 0.9660 0.2479 0.0738
vn 0.2677 -0.9337 -0.2377
vn -0.6652 -0.7294 -0.1594
vn -0.2752 0.1858 -0.9433
vn 0.0885 0.0371 0.9954
vn -0.0521 0.2674 -0.9622
vn -0.0520 0.2685 -0.9619
vn 0.9386 0.3439 0.0270
vn 0.0937 0.9948 -0.0408
vn -0.1585 -0.0066 -0.9873
vn 0.9655 0.2182 -0.1421
vn -0.9075 -0.4128 -0.0779
vn 0.8836 0.3921 0.2561
vn 0.0318 0.9989 -0.0355
vn -0.2114 0.0616 -0.9755
vn -0.0255 -0.9954 0.0928
vn 0.1487 -0.9838 0.1003
vn 0.1629 -0.1776 0.9705
vn 0.2858 -0.6948 0.6600
vn 0.9471 -0.2877 -0.1420
vn -0.9139 0.3799 0.1431
vn 0.2358 0.9090 0.3438
vn 0.3152 -0.6087 -0.7281
vn 0.1069 -0.9261 0.3618
vn 0.0923 0.9957 -0.0076
vn 0.0406 0.9992 -0.0054
vn 0.0510 0.9984 0.0244
vn -0.3598 0.6991 -0.6179
vn 0.0402 0.9992 -0.0053
vn -0.4707 -0.2583 -0.8436
vn -0.0215 -0.9954 0.0936
vn 0.9746 0.2207 -0.0384
vn 0.1840 -0.1610 0.9696
vn 0.4164 -0.6733 0.6110
vn 0.9561 -0.2909 -0.0350
vn 0.0990 -0.9951 0.0049
vn -0.9510 -0.3091 0.0108
vn -0.9311 0.3649 0.0038
vn -0.1808 -0.9834 0.0162
vn -0.0578 -0.9982 0.0126
vn -0.0566 -0.9983 0.0135
vn -0.0011 1.0000 -0.0046
vn -0.0877 -0.9939 -0.0665
vn 0.0338 0.9590 0.2814
vn -0.1640 0.8510 -0.4989
vn -0.0979 0.8687 0.4856
vn -0.2599 0.0085 0.9656
vn 0.0340 -0.0802 -0.9962
vn 0.0859 0.0643 0.9942
vn 0.0872 0.0355 0.9956
vn 0.9254 0.3722 0.0717
vn 0.1595 -0.1569 0.9746
vn 0.2007 -0.0523 0.9783
vn 0.0858 0.1984 0.9764
vn 0.1716 -0.8685 0.4651
vn 0.0763 -0.8246 -0.5605
vn -0.0607 -0.1072 -0.9924
vn 0.1083 0.4453 0.8888
vn 0.1944 0.0340 0.9803
vn -0.4010 -0.8604 -0.3144
vn 0.1601 -0.9273 0.3382
vn -0.4704 -0.8346 -0.2865
vn 0.3977 -0.3532 0.8468
vn 0.1463 -0.9256 0.3492
vn 0.1763 -0.9223 0.3439
vn -0.8827 0.3317 -0.3328
vn -0.7601 0.5768 -0.2994
vn -0.8790 0.4656 -0.1030
vn 0.1714 -0.4438 0.8796
vn 0.1240 -0.9532 0.2756
vn -0.1036 -0.9179 -0.3831
vn -0.0178 -0.9447 -0.3274
vn -0.0332 -0.9988 -0.0355
vn -0.3337 -0.2139 -0.9181
vn -0.0355 -0.9987 -0.0370
vn 0.2274 -0.1527 0.9618
vn 0.0849 -0.0410 0.9955
vn 0.2084 -0.0936 0.9736
vn 0.3029 -0.2095 0.9297
vn 0.2301 0.3112 0.9221
vn 0.2977 -0.0714 0.9520
vn 0.9734 0.2185 0.0684
vn 0.3058 -0.0052 0.9521
vn 0.3074 -0.0255 0.9512
vn 0.1741 0.1667 0.9705
vn 0.0948 -0.0464 0.9944
vn 0.0948 -0.0448 0.9945
vn 0.0896 0.9698 0.2269
vn 0.3550 0.3190 0.8788
vn 0.3911 0.2141 0.8951
vn -0.1510 0.9329 -0.3270
vn -0.6117 0.5309 -0.5865
vn -0.4052 0.2771 -0.8712
vn -0.0599 -0.9977 0.0319
vn 0.3600 -0.1544 0.9201
vn 0.3695 -0.1936 0.9088
vn -0.2174 -0.9206 -0.3245
vn 0.1386 -0.9509 0.2766
vn -0.0229 0.9975 -0.0665
vn -0.4530 0.2884 -0.8436
vn -0.3673 0.2687 -0.8905
vn -0.3875 -0.2654 -0.8829
vn -0.4909 -0.0856 -0.8670
vn 0.1669 0.9172 0.3618
vn -0.1185 0.9241 -0.3633
vn -0.3239 0.3352 -0.8847
vn 0.2073 0.1345 0.9690
vn -0.2190 0.1324 0.9667
vn -0.0950 0.9316 -0.3508
vn 0.1248 0.9210 0.3689
vn 0.0867 -0.0438 0.9953
vn 0.4023 0.1829 0.8970
vn 0.4424 -0.3481 0.8265
vn 0.4115 0.0710 0.9086
vn 0.0674 -0.8666 0.4945
vn -0.1090 -0.9516 -0.2873
vn -0.0375 -0.8633 0.5033
vn -0.5404 0.1853 -0.8208
vn -0.6653 0.2516 -0.7029
vn -0.6962 0.2033 -0.6885
vn -0.0597 -0.1446 -0.9877
vn -0.0694 -0.2635 -0.9622
vn -0.0596 -0.1438 -0.9878
vn -0.0693 -0.2624 -0.9625
vn 0.9068 -0.4187 0.0486
vn 0.8976 -0.4364 0.0622
vn 0.9008 -0.4281 0.0727
vn -0.9242 0.3637 -0.1166
vn -0.5306 0.0862 -0.8432
vn 0.0008 1.0000 -0.0002
vn 0.3521 0.9271 -0.1282
vn -0.0135 0.9907 -0.1354
vn 0.3281 0.9136 -0.2400
vn -0.1631 0.4172 -0.8941
vn -0.2168 0.3461 -0.9128
vn -0.1556 0.0674 -0.9855
vn 0.3299 0.6694 0.6656
vn 0.3731 0.9274 0.0282
vn 0.3733 0.9273 0.0291
vn 0.4707 -0.1840 0.8629
vn 0.4487 -0.1492 0.8812
vn 0.4503 -0.1508 0.8800
vn 0.8696 -0.4086 0.2773
vn 0.8821 -0.4675 0.0578
vn 0.8737 -0.4821 0.0654
vn -0.8466 0.1485 -0.5111
vn -0.0472 -0.0268 -0.9985
vn -0.0471 -0.0261 -0.9985
vn -0.7899 0.3912 -0.4723
vn 0.3520 0.9273 -0.1270
vn 0.3278 0.9144 -0.2377
vn 0.0820 -0.0700 0.9942
vn 0.8868 -0.4425 0.1338
vn -0.0918 -0.9949 -0.0427
vn -0.9534 -0.2725 -0.1292
vn -0.4257 0.2425 0.8718
vn 0.8709 -0.4543 0.1877
vn 0.8886 -0.4554 0.0557
vn -0.8110 0.5833 -0.0464
vn -0.8749 0.4833 -0.0317
vn -0.8765 0.4768 -0.0659
vn -0.8787 0.4709 -0.0778
vn -0.0253 0.0895 -0.9957
vn -0.0254 0.0895 -0.9957
vn 0.8929 -0.4497 0.0215
vn 0.8832 -0.4689 0.0103
vn 0.8831 -0.4687 0.0233
vn 0.8562 -0.4487 0.2560
vn -0.1063 0.1822 -0.9775
vn -0.0126 -0.9996 0.0257
vn 0.3504 -0.2306 0.9078
vn 0.3210 -0.3674 0.8729
vn -0.1231 -0.3962 -0.9099
vn -0.0825 0.9631 -0.2563
vn 0.3471 0.1657 0.9231
vn -0.2612 0.3964 -0.8802
vn -0.1731 -0.9042 -0.3906
vn -0.2946 -0.3530 -0.8880
vn 0.0798 0.7683 0.6351
vn 0.2566 -0.3252 0.9102
vn 0.4839 -0.4185 0.7686
vn -0.5105 0.8208 -0.2564
vn 0.0859 -0.0428 0.9954
vn 0.0847 -0.0411 0.9956
vn 0.8992 -0.4315 0.0716
vn 0.9143 -0.4042 0.0270
vn 0.4683 -0.2429 0.8495
vn -0.7009 -0.1451 -0.6984
vn 0.8963 -0.4435 0.0061
vn 0.9041 -0.4263 0.0315
vn 0.9101 -0.4141 0.0137
vn 0.0275 0.2635 -0.9643
vn -0.0255 0.0896 -0.9957
vn 0.8666 -0.4986 0.0208
vn -0.1508 -0.0349 -0.9880
vn -0.1578 0.0169 -0.9873
vn -0.2249 0.0825 -0.9709
vn -0.1552 0.0088 -0.9878
vn -0.4341 -0.1199 -0.8928
vn -0.8690 -0.1512 -0.4711
vn -0.1084 -0.9518 -0.2868
vn -0.1126 -0.9056 -0.4089
vn -0.1122 -0.9056 -0.4089
vn -0.8132 0.5799 -0.0490
vn 0.9478 -0.3101 0.0738
vn 0.9231 -0.1844 0.3373
vn 0.8945 -0.4407 0.0750
vn 0.0281 0.2651 -0.9638
vn 0.1122 0.4966 -0.8607
vn 0.1131 0.5001 -0.8585
vn -0.0470 -0.0255 -0.9986
vn -0.8259 0.5533 -0.1085
vn -0.8630 0.5039 -0.0356
vn -0.8577 0.5071 -0.0854
vn -0.8198 0.5666 -0.0826
vn -0.6165 0.7711 -0.1594
vn 0.0278 0.2643 -0.9640
vn 0.3843 0.1808 0.9053
vn 0.8691 -0.4936 0.0322
vn 0.8667 -0.4981 0.0277
vn 0.8772 -0.4782 0.0420
vn 0.3661 -0.1079 0.9243
vn 0.9493 -0.2804 -0.1421
vn 0.9730 0.2281 -0.0350
vn 0.9638 0.2255 -0.1420
vn 0.0815 -0.0698 0.9942
vn -0.3344 0.4174 0.8450
vn -0.0367 -0.8617 0.5062
vn -0.0596 -0.1430 -0.9879
vn 0.1732 0.1624 0.9714
vn 0.8923 -0.4346 0.1220
vn 0.8973 -0.4330 0.0864
vn -0.8607 0.5041 -0.0715
vn -0.2763 0.9577 0.0804
vn 0.2874 0.3493 0.8919
vn 0.0289 -0.9987 -0.0408
vn -0.2150 -0.0477 -0.9755
vn 0.0392 0.9949 0.0928
vn 0.3160 0.0318 0.9482
vn 0.9424 -0.3317 0.0435
vn -0.2146 -0.3062 -0.9275
vn -0.2867 -0.1676 -0.9433
vn 0.2124 0.9720 0.1004
vn 0.0487 -0.9985 0.0247
vn 0.9596 -0.2745 0.0613
vn -0.9216 0.3605 0.1440
vn -0.9366 -0.3197 0.1431
vn -0.0922 0.9894 0.1125
vn 0.0432 0.9947 0.0936
vn -0.0247 -0.9997 -0.0053
vn -0.0244 -0.9997 -0.0054
vn -0.3195 0.1993 -0.9264
vn 0.0073 0.9999 0.0127
vn 0.0084 0.9999 0.0136
vn 0.1498 0.9845 -0.0912
vn -0.0208 0.9976 -0.0666
vn -0.1687 0.9823 -0.0810
vn -0.9289 0.3702 0.0108
vn 0.1634 0.9865 0.0050
vn -0.0661 -0.9978 -0.0047
vn -0.9528 -0.3036 0.0038
vn -0.1165 0.9931 0.0162
vn 0.0275 -0.9996 -0.0076
vn 0.9582 -0.2835 -0.0384
vn -0.0140 -0.9996 0.0244
vn -0.2543 -0.0022 0.9671
vn 0.2637 0.0645 0.9625
vn 0.2360 0.1625 0.9581
vn -0.2521 -0.0229 0.9674
vn 0.2599 -0.0073 0.9656
vn -0.2429 0.0079 0.9700
vn -0.1941 -0.1487 0.9696
vn 0.0753 0.2664 0.9609
vn -0.1297 -0.8179 -0.5605
vn -0.0391 -0.0778 -0.9962
vn -0.3541 -0.5869 -0.7281
vn 0.8751 -0.0285 0.4831
vn 0.8619 0.1283 0.4905
vn -0.6484 0.0211 0.7610
vn -0.6777 -0.0297 0.7347
vn -0.2501 0.0392 0.9674
vn -0.7234 -0.0783 0.6859
vn -0.6743 0.0736 0.7348
vn -0.5981 0.0742 -0.7980
vn -0.0951 0.0081 -0.9954
vn -0.0986 0.0201 -0.9949
vn -0.6017 -0.0352 -0.7980
vn -0.0971 0.0032 -0.9953
vn -0.0997 -0.0136 -0.9949
vn 0.1767 0.0261 -0.9839
vn 0.6593 0.3205 -0.6801
vn 0.6689 0.0907 -0.7378
vn 0.1746 -0.0375 -0.9839
vn 0.6445 -0.0210 -0.7643
vn 0.6616 -0.1340 -0.7378
vn -0.4593 -0.6448 0.6110
vn 0.7599 0.3818 0.5260
vn -0.3356 0.1879 0.9231
vn -0.2772 -0.3078 0.9102
vn -0.3133 0.0523 0.9482
vn -0.1694 -0.1462 0.9747
vn 0.8518 -0.1840 0.4905
vn -0.6311 -0.0582 -0.7735
vn -0.0792 0.4514 0.8888
vn -0.0734 0.2037 0.9763
vn 0.1541 0.8605 0.4856
vn 0.1869 0.0970 -0.9776
vn 0.4044 0.6742 -0.6179
vn -0.2276 -0.8555 0.4651
vn 0.3948 0.7213 0.5691
vn -0.1918 0.0466 0.9803
vn 0.1306 0.2001 -0.9710
vn 0.2189 0.8386 -0.4989
vn -0.2037 -0.0391 0.9783
vn -0.3158 -0.1894 0.9297
vn -0.2094 0.3254 0.9221
vn -0.2641 0.3672 0.8919
vn -0.3084 -0.0055 0.9512
vn -0.9754 -0.2116 0.0613
vn -0.9572 0.2813 0.0684
vn -0.2140 -0.0799 0.9736
vn -0.1982 0.1476 0.9690
vn 0.2272 0.1179 0.9667
vn -0.1999 -0.4317 0.8796
vn 0.0286 0.9592 0.2814
vn 0.1449 0.9557 -0.2563
vn -0.3056 0.0147 0.9521
vn -0.2061 -0.9141 0.3492
vn -0.1856 -0.9432 0.2757
vn 0.1596 0.0572 -0.9855
vn 0.0536 -0.1109 -0.9924
vn 0.1482 -0.0447 -0.9880
vn 0.1942 -0.3195 -0.9275
vn 0.1554 -0.0013 -0.9878
vn 0.8544 0.0932 -0.5112
vn 0.6900 -0.1903 -0.6984
vn 0.4152 -0.8634 -0.2865
vn -0.1135 -0.9932 0.0247
vn -0.3017 -0.0520 0.9520
vn 0.9024 0.2737 -0.3328
vn 0.8574 -0.2073 -0.4711
vn -0.3335 0.3414 0.8788
vn -0.0264 0.9736 0.2269
vn -0.3764 0.2391 0.8951
vn -0.0524 -0.9983 0.0257
vn -0.3813 -0.1692 0.9088
vn -0.0050 -0.9995 0.0319
vn -0.2000 -0.9399 0.2766
vn -0.2200 -0.9150 0.3382
vn -0.4641 -0.3187 0.8265
vn -0.5101 -0.3862 0.7686
vn 0.2321 0.9693 -0.0810
vn 0.5513 0.1498 -0.8208
vn 0.9459 0.3029 -0.1166
vn 0.4843 -0.1174 -0.8670
vn 0.7079 0.1576 -0.6885
vn 0.1571 -0.9327 -0.3245
vn -0.2537 0.0187 0.9671
vn -0.7168 0.1251 0.6859
vn 0.1783 0.9145 -0.3633
vn 0.4223 0.2502 -0.8712
vn 0.2113 0.9211 -0.3270
vn 0.5627 0.7859 -0.2564
vn 0.8136 0.3390 -0.4723
vn 0.7959 0.5262 -0.2994
vn 0.1179 0.1749 -0.9775
vn 0.1898 0.4057 -0.8941
vn -0.0893 -0.0380 0.9953
vn -0.0875 -0.0354 0.9955
vn -0.2368 -0.1375 0.9618
vn -0.0186 -0.8639 0.5033
vn -0.1236 -0.8604 0.4945
vn -0.0864 -0.0645 0.9942
vn -0.0194 -0.8622 0.5061
vn 0.0470 -0.9567 -0.2872
vn 0.0532 -0.9110 -0.4089
vn 0.0535 -0.9110 -0.4089
vn 0.6802 0.2079 -0.7029
vn 0.5351 0.0515 -0.8432
vn -0.4817 -0.1530 0.8629
vn -0.4831 -0.2120 0.8495
vn 0.0453 -0.0291 -0.9985
vn 0.0502 -0.1465 -0.9879
vn 0.0502 -0.1474 -0.9878
vn 0.0778 0.9877 -0.1354
vn -0.2681 0.9330 -0.2400
vn -0.2912 0.9480 -0.1282
vn -0.0108 0.2664 -0.9638
vn 0.0312 0.0877 -0.9957
vn 0.0311 0.0876 -0.9957
vn -0.4574 -0.1198 0.8812
vn 0.3379 0.9377 0.0804
vn 0.9074 0.4075 -0.1030
vn 0.8471 0.5294 -0.0464
vn 0.6448 0.4901 -0.5865
vn -0.9163 -0.3967 0.0557
vn -0.9298 -0.3666 0.0315
vn -0.9241 -0.3772 0.0622
vn -0.1623 0.1733 0.9714
vn -0.0974 -0.0386 0.9945
vn -0.0977 -0.0401 0.9944
vn 0.0453 -0.0285 -0.9986
vn 0.0313 0.0877 -0.9957
vn 0.9057 0.4188 -0.0659
vn 0.8939 0.4468 -0.0356
vn 0.9045 0.4254 -0.0317
vn 0.2388 0.3313 -0.9128
vn 0.8601 0.4985 -0.1085
vn -0.0106 0.2655 -0.9640
vn 0.3318 0.1782 -0.9264
vn 0.2711 -0.3714 -0.8880
vn -0.9106 -0.4091 0.0578
vn -0.8993 -0.4361 0.0322
vn -0.9116 -0.4103 0.0233
vn -0.3693 -0.1307 0.9201
vn -0.3724 -0.0839 0.9243
vn -0.9202 -0.3908 0.0215
vn 0.1648 -0.0054 -0.9863
vn -0.5751 0.0187 -0.8179
vn -0.0855 0.9922 -0.0912
vn 0.2298 0.0677 -0.9709
vn 0.2590 -0.0815 0.9624
vn -0.0295 -0.9989 -0.0370
vn 0.4254 -0.1478 -0.8929
vn 0.3192 -0.2352 -0.9181
vn -0.0646 0.9272 0.3689
vn 0.1553 0.9235 -0.3508
vn 0.0438 -0.9227 -0.3831
vn -0.0436 -0.9439 -0.3274
vn 0.0971 -0.4034 -0.9099
vn 0.3449 0.3134 -0.8848
vn 0.2864 0.3786 -0.8802
vn 0.1140 -0.9135 -0.3906
vn -0.4592 -0.1213 0.8800
vn -0.3896 0.2086 0.8971
vn -0.4198 -0.3266 0.8468
vn -0.3717 0.2054 0.9053
vn 0.3694 -0.2900 -0.8829
vn 0.8888 0.4503 -0.0854
vn 0.8549 0.5122 -0.0826
vn 0.8916 0.4472 -0.0715
vn 0.3608 0.3948 0.8450
vn 0.4406 0.2144 0.8717
vn 0.3443 -0.8847 -0.3144
vn -0.3121 0.9496 0.0282
vn -0.2858 0.6894 0.6657
vn -0.3122 0.9496 0.0291
vn 0.0642 0.9979 -0.0002
vn 0.1563 0.9813 0.1125
vn -0.4060 0.0975 0.9087
vn -0.9351 -0.3541 0.0137
vn -0.0803 0.5064 -0.8585
vn -0.9232 -0.3843 0.0061
vn -0.9118 -0.4106 0.0103
vn -0.8972 -0.4412 0.0207
vn 0.1802 -0.1089 -0.9776
vn 0.6371 -0.3626 -0.6801
vn -0.3646 -0.2074 0.9078
vn 0.9430 0.2999 0.1440
vn 0.3839 0.2443 -0.8905
vn 0.0454 -0.0298 -0.9985
vn 0.0502 -0.1481 -0.9877
vn -0.9321 -0.3589 0.0486
vn 0.9337 -0.3339 -0.1292
vn 0.3471 -0.7454 0.5691
vn 0.2249 -0.1775 0.9581
vn 0.0578 -0.2708 0.9609
vn -0.6260 0.0990 -0.7735
vn 0.7335 -0.4304 0.5260
vn 0.1173 -0.2081 -0.9710
vn -0.0955 -0.0019 -0.9954
vn 0.8491 0.5259 -0.0490
vn 0.0270 -0.9987 -0.0426
vn -0.9235 -0.3738 0.0864
vn -0.9267 -0.3687 0.0727
vn -0.9187 -0.3757 0.1220
vn -0.8943 -0.3513 0.2773
vn -0.9213 -0.3816 0.0750
vn -0.9031 -0.4243 0.0654
vn -0.8985 -0.3967 0.1877
vn -0.9136 -0.3839 0.1338
vn -0.9619 -0.2698 0.0435
vn -0.9064 -0.4202 0.0420
vn 0.0856 0.9941 -0.0666
vn -0.0297 0.7718 0.6351
vn -0.8972 -0.4407 0.0277
vn 0.0464 -0.9568 -0.2869
vn -0.0103 0.2647 -0.9643
vn -0.0797 0.5028 -0.8607
vn -0.0790 0.4993 -0.8628
vn -0.2910 0.9483 -0.1269
vn -0.3442 -0.3458 0.8729
vn -0.9332 -0.1240 0.3373
vn -0.9660 -0.2478 0.0738
vn -0.2677 0.9337 -0.2377
vn 0.6653 0.7294 -0.1594
vn 0.2752 -0.1858 -0.9433
vn -0.0885 -0.0371 0.9954
vn 0.0520 -0.2674 -0.9622
vn 0.0520 -0.2685 -0.9619
vn -0.9386 -0.3439 0.0270
vn -0.0937 -0.9948 -0.0408
vn 0.1585 0.0066 -0.9873
vn -0.9655 -0.2182 -0.1421
vn 0.9075 0.4128 -0.0779
vn -0.8836 -0.3921 0.2560
vn -0.0318 -0.9989 -0.0355
vn 0.2114 -0.0616 -0.9755
vn 0.0255 0.9954 0.0928
vn -0.1488 0.9838 0.1003
vn -0.1629 0.1776 0.9705
vn -0.2858 0.6948 0.6600
vn -0.9471 0.2877 -0.1420
vn 0.9139 -0.3799 0.1431
vn -0.2358 -0.9090 0.3438
vn -0.3152 0.6087 -0.7281
vn -0.1069 0.9261 0.3618
vn -0.0923 -0.9957 -0.0076
vn -0.0406 -0.9992 -0.0054
vn -0.0510 -0.9984 0.0244
vn 0.3598 -0.6991 -0.6179
vn -0.0402 -0.9992 -0.0053
vn 0.4707 0.2583 -0.8436
vn 0.0215 0.9954 0.0936
vn -0.9746 -0.2207 -0.0384
vn -0.1840 0.1610 0.9696
vn -0.4164 0.6733 0.6110
vn -0.9561 0.2909 -0.0350
vn -0.0990 0.9951 0.0050
vn 0.9510 0.3091 0.0108
vn 0.9311 -0.3648 0.0038
vn 0.1808 0.9834 0.0162
vn 0.0578 0.9982 0.0126
vn 0.0564 0.9983 0.0140
vn 0.0011 -1.0000 -0.0046
vn 0.0877 0.9939 -0.0665
vn -0.0338 -0.9590 0.2814
vn 0.1640 -0.8510 -0.4989
vn 0.0979 -0.8687 0.4856
vn -0.0340 0.0802 -0.9962
vn -0.0859 -0.0643 0.9942
vn -0.0872 -0.0355 0.9956
vn -0.9254 -0.3722 0.0716
vn -0.1595 0.1569 0.9746
vn -0.2007 0.0523 0.9783
vn -0.0858 -0.1984 0.9764
vn -0.1715 0.8685 0.4651
vn -0.0763 0.8246 -0.5605
vn 0.0607 0.1072 -0.9924
vn -0.1083 -0.4453 0.8888
vn -0.1944 -0.0340 0.9803
vn 0.4010 0.8604 -0.3144
vn -0.1601 0.9273 0.3382
vn 0.4704 0.8346 -0.2865
vn -0.3977 0.3532 0.8468
vn -0.1463 0.9256 0.3492
vn -0.1762 0.9223 0.3438
vn 0.8827 -0.3317 -0.3328
vn 0.7601 -0.5768 -0.2994
vn 0.8790 -0.4656 -0.1030
vn -0.1714 0.4438 0.8796
vn -0.1240 0.9532 0.2756
vn 0.1036 0.9179 -0.3831
vn 0.0178 0.9447 -0.3274
vn 0.0413 0.9972 -0.0629
vn 0.3337 0.2139 -0.9181
vn 0.0373 0.9984 -0.0422
vn -0.2274 0.1527 0.9618
vn -0.0849 0.0410 0.9955
vn -0.2084 0.0936 0.9736
vn -0.3029 0.2095 0.9297
vn -0.2301 -0.3112 0.9221
vn -0.2977 0.0714 0.9520
vn -0.9734 -0.2185 0.0684
vn -0.3059 0.0052 0.9521
vn -0.3074 0.0255 0.9512
vn -0.1741 -0.1667 0.9705
vn -0.0948 0.0463 0.9944
vn -0.0948 0.0448 0.9945
vn -0.0896 -0.9698 0.2269
vn -0.3550 -0.3190 0.8788
vn -0.3911 -0.2141 0.8951
vn 0.1510 -0.9329 -0.3270
vn 0.6117 -0.5310 -0.5865
vn 0.4052 -0.2771 -0.8712
vn 0.0654 0.9971 0.0377
vn -0.3600 0.1545 0.9201
vn -0.3695 0.1937 0.9088
vn 0.2174 0.9206 -0.3245
vn -0.1386 0.9509 0.2766
vn 0.0229 -0.9975 -0.0665
vn 0.4530 -0.2884 -0.8436
vn 0.3672 -0.2687 -0.8905
vn 0.3875 0.2654 -0.8829
vn 0.4909 0.0856 -0.8670
vn -0.1669 -0.9172 0.3618
vn 0.1185 -0.9241 -0.3633
vn 0.3239 -0.3352 -0.8847
vn -0.2073 -0.1345 0.9690
vn 0.2190 -0.1324 0.9667
vn 0.0950 -0.9316 -0.3508
vn -0.1248 -0.9211 0.3689
vn -0.0867 0.0437 0.9953
vn -0.4023 -0.1829 0.8970
vn -0.4424 0.3481 0.8265
vn -0.4115 -0.0710 0.9086
vn -0.0674 0.8666 0.4945
vn 0.1090 0.9516 -0.2873
vn 0.0375 0.8633 0.5033
vn 0.5404 -0.1853 -0.8208
vn 0.6653 -0.2516 -0.7029
vn 0.6962 -0.2033 -0.6885
vn 0.0597 0.1446 -0.9877
vn 0.0693 0.2635 -0.9622
vn 0.0596 0.1438 -0.9878
vn 0.0693 0.2624 -0.9625
vn -0.9068 0.4187 0.0486
vn -0.8976 0.4364 0.0622
vn -0.9008 0.4282 0.0727
vn 0.9242 -0.3637 -0.1167
vn 0.5306 -0.0862 -0.8432
vn -0.0008 -1.0000 -0.0002
vn -0.3521 -0.9271 -0.1282
vn 0.0134 -0.9907 -0.1354
vn -0.3281 -0.9136 -0.2400
vn 0.1631 -0.4172 -0.8941
vn 0.2168 -0.3461 -0.9128
vn 0.1556 -0.0674 -0.9855
vn -0.3300 -0.6694 0.6656
vn -0.3731 -0.9274 0.0281
vn -0.3733 -0.9273 0.0291
vn -0.4707 0.1840 0.8629
vn -0.4487 0.1492 0.8812
vn -0.4503 0.1508 0.8800
vn -0.8696 0.4086 0.2773
vn -0.8821 0.4674 0.0578
vn -0.8737 0.4821 0.0654
vn 0.8466 -0.1485 -0.5111
vn 0.0472 0.0268 -0.9985
vn 0.0471 0.0261 -0.9985
vn 0.7899 -0.3912 -0.4723
vn -0.3520 -0.9273 -0.1270
vn -0.3278 -0.9144 -0.2377
vn -0.0820 0.0700 0.9942
vn -0.8868 0.4424 0.1338
vn 0.1021 0.9936 -0.0484
vn 0.9534 0.2725 -0.1292
vn 0.4257 -0.2425 0.8718
vn -0.8709 0.4543 0.1877
vn -0.8886 0.4554 0.0557
vn 0.8110 -0.5833 -0.0463
vn 0.8749 -0.4833 -0.0317
vn 0.8765 -0.4768 -0.0659
vn 0.8787 -0.4709 -0.0778
vn 0.0253 -0.0895 -0.9957
vn 0.0254 -0.0895 -0.9957
vn -0.8929 0.4498 0.0215
vn -0.8832 0.4689 0.0103
vn -0.8831 0.4687 0.0233
vn -0.8562 0.4487 0.2560
vn 0.1063 -0.1822 -0.9775
vn 0.0106 0.9995 0.0309
vn -0.3504 0.2306 0.9078
vn -0.3210 0.3674 0.8729
vn 0.1231 0.3962 -0.9099
vn 0.0825 -0.9631 -0.2563
vn -0.3471 -0.1657 0.9231
vn 0.2612 -0.3964 -0.8802
vn 0.1731 0.9042 -0.3906
vn 0.2946 0.3530 -0.8880
vn -0.0798 -0.7683 0.6351
vn -0.2566 0.3252 0.9102
vn -0.4839 0.4185 0.7686
vn 0.5105 -0.8208 -0.2564
vn -0.0859 0.0428 0.9954
vn -0.0847 0.0411 0.9956
vn -0.8993 0.4315 0.0716
vn -0.9143 0.4042 0.0270
vn -0.4684 0.2429 0.8495
vn 0.7009 0.1451 -0.6984
vn -0.8963 0.4435 0.0061
vn -0.9041 0.4263 0.0315
vn -0.9101 0.4141 0.0137
vn -0.0275 -0.2635 -0.9643
vn 0.0255 -0.0896 -0.9957
vn -0.8666 0.4986 0.0207
vn 0.1508 0.0349 -0.9880
vn 0.1578 -0.0169 -0.9873
vn 0.2250 -0.0825 -0.9709
vn 0.1552 -0.0088 -0.9878
vn 0.4341 0.1199 -0.8928
vn 0.8690 0.1512 -0.4711
vn 0.1084 0.9518 -0.2868
vn 0.1126 0.9056 -0.4089
vn 0.1122 0.9056 -0.4089
vn 0.8132 -0.5799 -0.0490
vn -0.9478 0.3101 0.0738
vn -0.9232 0.1844 0.3373
vn -0.8945 0.4407 0.0750
vn -0.0281 -0.2651 -0.9638
vn -0.1121 -0.4966 -0.8607
vn -0.1131 -0.5001 -0.8585
vn 0.0470 0.0255 -0.9986
vn 0.8259 -0.5533 -0.1085
vn 0.8630 -0.5039 -0.0355
vn 0.8577 -0.5071 -0.0854
vn 0.8198 -0.5667 -0.0826
vn 0.6164 -0.7711 -0.1594
vn -0.0278 -0.2643 -0.9640
vn -0.3843 -0.1808 0.9053
vn -0.8691 0.4936 0.0322
vn -0.8667 0.4981 0.0277
vn -0.8772 0.4782 0.0420
vn -0.3661 0.1079 0.9243
vn -0.9493 0.2804 -0.1421
vn -0.9730 -0.2281 -0.0350
vn -0.9638 -0.2255 -0.1420
vn -0.0815 0.0698 0.9942
vn 0.3344 -0.4174 0.8450
vn 0.0367 0.8617 0.5062
vn 0.0596 0.1430 -0.9879
vn -0.1732 -0.1624 0.9714
vn -0.8923 0.4346 0.1220
vn -0.8972 0.4330 0.0864
vn 0.8607 -0.5041 -0.0715
vn 0.2763 -0.9577 0.0804
vn -0.2874 -0.3493 0.8919
vn -0.2097 0.9645 -0.1605
vn 0.2150 0.0477 -0.9755
vn -0.0392 -0.9949 0.0928
vn -0.3160 -0.0319 0.9482
vn -0.9424 0.3317 0.0435
vn 0.2146 0.3062 -0.9275
vn 0.2867 0.1676 -0.9433
vn -0.2124 -0.9720 0.1004
vn -0.0601 0.9978 0.0295
vn -0.9596 0.2745 0.0614
vn 0.9216 -0.3605 0.1440
vn 0.9366 0.3197 0.1431
vn 0.0922 -0.9894 0.1125
vn -0.0432 -0.9947 0.0936
vn 0.0247 0.9997 -0.0053
vn 0.0244 0.9997 -0.0054
vn 0.3195 -0.1994 -0.9264
vn -0.0070 -0.9999 0.0125
vn -0.0085 -0.9999 0.0137
vn -0.1498 -0.9845 -0.0912
vn 0.0208 -0.9976 -0.0666
vn 0.1687 -0.9823 -0.0810
vn 0.9289 -0.3702 0.0108
vn -0.1634 -0.9865 0.0050
vn 0.0729 0.9973 -0.0046
vn 0.9528 0.3036 0.0038
vn 0.1165 -0.9931 0.0162
vn -0.0747 0.9972 -0.0095
vn -0.9582 0.2835 -0.0384
vn 0.0123 0.9995 0.0294
vn 0.0340 -0.0011 0.9994
vn 0.0709 0.0049 0.9975
vn 0.0673 -0.0022 0.9977
vn 0.0340 0.0021 0.9994
vn 0.0700 0.0127 0.9975
vn 0.2037 0.0364 0.9783
vn 0.2064 0.0149 0.9783
vn 0.2069 -0.0067 0.9783
vn 0.0334 0.0063 0.9994
vn 0.0647 0.0187 0.9977
vn 0.0327 0.0095 0.9994
vn 0.0625 0.0254 0.9977
vn 0.1917 0.0780 0.9783
vn 0.1988 0.0575 0.9783
vn 0.0315 0.0128 0.9994
vn 0.0594 0.0318 0.9977
vn 0.0300 0.0160 0.9994
vn 0.0590 0.0397 0.9975
vn 0.1713 0.1162 0.9783
vn 0.1825 0.0976 0.9784
vn 0.0283 0.0188 0.9994
vn 0.0542 0.0460 0.9975
vn 0.0257 0.0223 0.9994
vn 0.0494 0.0511 0.9975
vn 0.1434 0.1492 0.9783
vn 0.1582 0.1334 0.9784
vn 0.0238 0.0243 0.9994
vn 0.0464 0.0597 0.9971
vn 0.0209 0.0269 0.9994
vn 0.0374 0.0605 0.9975
vn 0.1093 0.1758 0.9783
vn 0.1270 0.1634 0.9783
vn 0.0175 0.0291 0.9994
vn 0.0294 0.0606 0.9977
vn 0.0148 0.0306 0.9994
vn 0.0243 0.0667 0.9975
vn 0.0703 0.1947 0.9783
vn 0.0903 0.1862 0.9783
vn 0.0119 0.0319 0.9994
vn 0.0168 0.0690 0.9975
vn 0.0077 0.0331 0.9994
vn 0.0099 0.0703 0.9975
vn 0.0283 0.2050 0.9783
vn 0.0496 0.2009 0.9783
vn 0.0051 0.0336 0.9994
vn 0.0021 0.0711 0.9975
vn 0.0008 0.0340 0.9994
vn -0.0049 0.0709 0.9975
vn -0.0149 0.2064 0.9783
vn 0.0067 0.2068 0.9783
vn -0.0020 0.0340 0.9994
vn -0.0127 0.0699 0.9975
vn -0.0060 0.0335 0.9994
vn -0.0196 0.0684 0.9975
vn -0.0575 0.1988 0.9783
vn -0.0364 0.2037 0.9783
vn -0.0090 0.0328 0.9994
vn -0.0270 0.0657 0.9975
vn -0.0131 0.0314 0.9994
vn -0.0318 0.0594 0.9977
vn -0.0976 0.1825 0.9783
vn -0.0780 0.1917 0.9783
vn -0.0160 0.0300 0.9994
vn -0.0378 0.0558 0.9977
vn -0.0191 0.0282 0.9994
vn -0.0434 0.0515 0.9977
vn -0.1334 0.1582 0.9784
vn -0.1161 0.1713 0.9783
vn -0.0219 0.0260 0.9994
vn -0.0486 0.0467 0.9977
vn -0.0245 0.0236 0.9994
vn -0.0560 0.0438 0.9975
vn -0.1634 0.1270 0.9783
vn -0.1492 0.1434 0.9784
vn -0.0267 0.0211 0.9994
vn -0.0642 0.0399 0.9971
vn -0.0289 0.0180 0.9994
vn -0.0641 0.0309 0.9975
vn -0.1863 0.0903 0.9783
vn -0.1758 0.1092 0.9783
vn -0.0308 0.0144 0.9994
vn -0.0634 0.0229 0.9977
vn -0.0320 0.0116 0.9994
vn -0.0655 0.0162 0.9977
vn -0.2010 0.0496 0.9783
vn -0.1946 0.0703 0.9784
vn -0.0330 0.0081 0.9994
vn -0.0703 0.0099 0.9975
vn -0.0337 0.0050 0.9994
vn -0.0710 0.0021 0.9975
vn -0.2069 0.0067 0.9783
vn -0.2050 0.0283 0.9783
vn -0.0340 0.0008 0.9994
vn -0.0672 -0.0049 0.9977
vn -0.0339 -0.0025 0.9994
vn -0.0700 -0.0123 0.9975
vn -0.2038 -0.0364 0.9783
vn -0.2064 -0.0149 0.9783
vn -0.0336 -0.0057 0.9994
vn -0.0683 -0.0199 0.9975
vn -0.0325 -0.0100 0.9994
vn -0.0624 -0.0254 0.9977
vn -0.1917 -0.0780 0.9783
vn -0.1988 -0.0575 0.9784
vn -0.0315 -0.0128 0.9994
vn -0.0628 -0.0334 0.9975
vn -0.0302 -0.0157 0.9994
vn -0.0588 -0.0401 0.9975
vn -0.1713 -0.1162 0.9783
vn -0.1825 -0.0976 0.9783
vn -0.0280 -0.0194 0.9994
vn -0.0544 -0.0456 0.9975
vn -0.0263 -0.0216 0.9994
vn -0.0524 -0.0546 0.9971
vn -0.1434 -0.1492 0.9783
vn -0.1582 -0.1334 0.9783
vn -0.0236 -0.0245 0.9994
vn -0.0464 -0.0597 0.9971
vn -0.0209 -0.0269 0.9994
vn -0.0399 -0.0643 0.9971
vn -0.1093 -0.1758 0.9783
vn -0.1270 -0.1634 0.9784
vn -0.0180 -0.0289 0.9994
vn -0.0330 -0.0681 0.9971
vn -0.0148 -0.0306 0.9994
vn -0.0257 -0.0712 0.9971
vn -0.0703 -0.1947 0.9783
vn -0.0903 -0.1862 0.9783
vn -0.0116 -0.0320 0.9994
vn -0.0168 -0.0690 0.9975
vn -0.0082 -0.0330 0.9994
vn -0.0099 -0.0703 0.9975
vn -0.0283 -0.2050 0.9783
vn -0.0496 -0.2009 0.9783
vn -0.0050 -0.0337 0.9994
vn -0.0021 -0.0710 0.9975
vn -0.0008 -0.0340 0.9994
vn 0.0049 -0.0709 0.9975
vn 0.0149 -0.2064 0.9784
vn -0.0067 -0.2068 0.9783
vn 0.0020 -0.0340 0.9994
vn 0.0127 -0.0699 0.9975
vn 0.0063 -0.0334 0.9994
vn 0.0187 -0.0647 0.9977
vn 0.0575 -0.1988 0.9783
vn 0.0364 -0.2038 0.9783
vn 0.0095 -0.0327 0.9994
vn 0.0266 -0.0659 0.9975
vn 0.0124 -0.0317 0.9994
vn 0.0357 -0.0667 0.9971
vn 0.0976 -0.1825 0.9783
vn 0.0780 -0.1917 0.9783
vn 0.0160 -0.0300 0.9994
vn 0.0400 -0.0587 0.9975
vn 0.0195 -0.0279 0.9994
vn 0.0434 -0.0515 0.9977
vn 0.1334 -0.1582 0.9783
vn 0.1161 -0.1713 0.9783
vn 0.0219 -0.0260 0.9994
vn 0.0486 -0.0467 0.9977
vn 0.0245 -0.0236 0.9994
vn 0.0532 -0.0414 0.9977
vn 0.1634 -0.1270 0.9784
vn 0.1492 -0.1434 0.9783
vn 0.0269 -0.0209 0.9994
vn 0.0602 -0.0376 0.9975
vn 0.0286 -0.0184 0.9994
vn 0.0641 -0.0308 0.9975
vn 0.1863 -0.0903 0.9783
vn 0.1758 -0.1093 0.9783
vn 0.0308 -0.0144 0.9994
vn 0.0634 -0.0229 0.9977
vn 0.0320 -0.0116 0.9994
vn 0.0654 -0.0161 0.9977
vn 0.2010 -0.0496 0.9783
vn 0.1946 -0.0703 0.9783
vn 0.0330 -0.0081 0.9994
vn 0.0668 -0.0092 0.9977
vn 0.0337 -0.0047 0.9994
vn 0.2050 -0.0283 0.9783
vn 0.6126 0.1095 0.7828
vn 0.7127 0.0516 0.6995
vn 0.6207 0.0449 0.7828
vn 0.7034 0.1258 0.6995
vn 0.6496 0.0470 0.7589
vn 0.6509 -0.0212 0.7589
vn 0.7142 -0.0232 0.6995
vn 0.6222 -0.0202 0.7826
vn 0.5764 0.2345 0.7828
vn 0.6864 0.1986 0.6995
vn 0.5978 0.1730 0.7828
vn 0.6619 0.2693 0.6995
vn 0.6256 0.1810 0.7589
vn 0.6411 0.1146 0.7588
vn 0.5151 0.3492 0.7828
vn 0.6301 0.3370 0.6995
vn 0.5490 0.2936 0.7826
vn 0.5915 0.4010 0.6995
vn 0.5743 0.3071 0.7589
vn 0.6032 0.2454 0.7589
vn 0.4312 0.4487 0.7828
vn 0.5463 0.4606 0.6995
vn 0.4757 0.4011 0.7828
vn 0.4952 0.5152 0.6995
vn 0.4979 0.4198 0.7589
vn 0.5390 0.3655 0.7589
vn 0.3285 0.5285 0.7828
vn 0.4386 0.5642 0.6995
vn 0.3821 0.4915 0.7826
vn 0.3772 0.6069 0.6995
vn 0.3997 0.5142 0.7589
vn 0.4513 0.4696 0.7589
vn 0.2116 0.5856 0.7825
vn 0.3117 0.6430 0.6995
vn 0.2716 0.5602 0.7826
vn 0.2428 0.6721 0.6995
vn 0.2841 0.5860 0.7589
vn 0.3438 0.5531 0.7589
vn 0.0851 0.6164 0.7828
vn 0.1712 0.6938 0.6995
vn 0.1491 0.6042 0.7828
vn 0.0977 0.7076 0.6998
vn 0.1560 0.6323 0.7589
vn 0.2213 0.6125 0.7589
vn -0.0449 0.6209 0.7826
vn 0.0232 0.7140 0.6998
vn 0.0202 0.6222 0.7826
vn -0.0516 0.7127 0.6995
vn 0.0212 0.6509 0.7589
vn 0.0891 0.6451 0.7589
vn -0.1730 0.5980 0.7826
vn -0.1258 0.7034 0.6995
vn -0.1095 0.6126 0.7828
vn -0.1986 0.6864 0.6995
vn -0.1146 0.6411 0.7589
vn -0.0470 0.6496 0.7589
vn -0.2936 0.5490 0.7826
vn -0.2693 0.6619 0.6995
vn -0.2345 0.5764 0.7828
vn -0.3370 0.6301 0.6995
vn -0.2454 0.6032 0.7589
vn -0.1810 0.6256 0.7589
vn -0.4011 0.4757 0.7828
vn -0.4010 0.5915 0.6995
vn -0.3492 0.5151 0.7828
vn -0.4606 0.5463 0.6995
vn -0.3655 0.5390 0.7589
vn -0.3071 0.5743 0.7589
vn -0.4913 0.3819 0.7828
vn -0.5152 0.4952 0.6995
vn -0.4487 0.4312 0.7828
vn -0.5642 0.4386 0.6995
vn -0.4696 0.4513 0.7589
vn -0.4198 0.4979 0.7589
vn -0.5600 0.2714 0.7828
vn -0.6069 0.3772 0.6995
vn -0.5285 0.3285 0.7828
vn -0.6430 0.3117 0.6995
vn -0.5531 0.3438 0.7589
vn -0.5142 0.3997 0.7589
vn -0.6042 0.1491 0.7828
vn -0.6721 0.2428 0.6995
vn -0.5855 0.2115 0.7826
vn -0.6938 0.1712 0.6995
vn -0.6125 0.2213 0.7589
vn -0.5860 0.2841 0.7589
vn -0.6220 0.0202 0.7828
vn -0.7079 0.0978 0.6995
vn -0.6167 0.0852 0.7826
vn -0.7142 0.0232 0.6995
vn -0.6451 0.0891 0.7589
vn -0.6323 0.1560 0.7589
vn -0.6126 -0.1095 0.7828
vn -0.7124 -0.0515 0.6999
vn -0.6211 -0.0449 0.7825
vn -0.7034 -0.1258 0.6995
vn -0.6496 -0.0470 0.7589
vn -0.6509 0.0212 0.7589
vn -0.5764 -0.2345 0.7828
vn -0.6864 -0.1986 0.6995
vn -0.5978 -0.1730 0.7828
vn -0.6619 -0.2693 0.6995
vn -0.6256 -0.1810 0.7589
vn -0.6411 -0.1146 0.7589
vn -0.5151 -0.3492 0.7828
vn -0.6301 -0.3370 0.6995
vn -0.5487 -0.2935 0.7828
vn -0.5915 -0.4010 0.6995
vn -0.5743 -0.3071 0.7589
vn -0.6033 -0.2454 0.7589
vn -0.4315 -0.4489 0.7825
vn -0.5463 -0.4606 0.6995
vn -0.4757 -0.4011 0.7828
vn -0.4950 -0.5151 0.6998
vn -0.4979 -0.4198 0.7589
vn -0.5390 -0.3655 0.7589
vn -0.3285 -0.5285 0.7828
vn -0.4386 -0.5642 0.6995
vn -0.3819 -0.4913 0.7828
vn -0.3772 -0.6069 0.6995
vn -0.3997 -0.5142 0.7589
vn -0.4513 -0.4696 0.7589
vn -0.2114 -0.5853 0.7828
vn -0.3116 -0.6428 0.6998
vn -0.2715 -0.5600 0.7828
vn -0.2428 -0.6721 0.6995
vn -0.2841 -0.5860 0.7589
vn -0.3438 -0.5531 0.7589
vn -0.0851 -0.6164 0.7828
vn -0.1712 -0.6938 0.6995
vn -0.1491 -0.6042 0.7828
vn -0.0978 -0.7079 0.6995
vn -0.1560 -0.6323 0.7589
vn -0.2213 -0.6125 0.7588
vn 0.0449 -0.6207 0.7828
vn -0.0232 -0.7142 0.6995
vn -0.0202 -0.6220 0.7828
vn 0.0515 -0.7125 0.6998
vn -0.0212 -0.6509 0.7589
vn -0.0891 -0.6451 0.7589
vn 0.1730 -0.5980 0.7826
vn 0.1258 -0.7034 0.6995
vn 0.1095 -0.6126 0.7828
vn 0.1986 -0.6864 0.6995
vn 0.1146 -0.6411 0.7589
vn 0.0470 -0.6496 0.7589
vn 0.2936 -0.5491 0.7825
vn 0.2693 -0.6619 0.6995
vn 0.2345 -0.5764 0.7828
vn 0.3370 -0.6301 0.6995
vn 0.2454 -0.6033 0.7589
vn 0.1810 -0.6256 0.7589
vn 0.4011 -0.4757 0.7828
vn 0.4008 -0.5912 0.6999
vn 0.3492 -0.5151 0.7828
vn 0.4605 -0.5461 0.6998
vn 0.3655 -0.5390 0.7589
vn 0.3071 -0.5743 0.7589
vn 0.4916 -0.3822 0.7825
vn 0.5152 -0.4952 0.6995
vn 0.4487 -0.4312 0.7828
vn 0.5640 -0.4385 0.6998
vn 0.4696 -0.4513 0.7589
vn 0.4198 -0.4979 0.7589
vn 0.5602 -0.2716 0.7826
vn 0.6069 -0.3772 0.6995
vn 0.5285 -0.3285 0.7828
vn 0.6430 -0.3117 0.6995
vn 0.5531 -0.3438 0.7589
vn 0.5142 -0.3997 0.7589
vn 0.6042 -0.1491 0.7828
vn 0.6721 -0.2428 0.6995
vn 0.5853 -0.2114 0.7828
vn 0.6938 -0.1712 0.6995
vn 0.6125 -0.2213 0.7589
vn 0.5860 -0.2841 0.7589
vn 0.7079 -0.0978 0.6995
vn 0.6167 -0.0852 0.7826
vn 0.6451 -0.0891 0.7589
vn 0.6323 -0.1560 0.7589
vn 0.4375 0.0782 0.8958
vn 0.4924 0.0356 0.8696
vn 0.4860 0.0869 0.8696
vn 0.4433 0.0321 0.8958
vn 0.4935 -0.0160 0.8696
vn 0.4117 0.1675 0.8958
vn 0.4743 0.1372 0.8696
vn 0.4573 0.1861 0.8696
vn 0.4269 0.1235 0.8958
vn 0.3678 0.2494 0.8958
vn 0.4354 0.2328 0.8696
vn 0.4087 0.2771 0.8696
vn 0.3919 0.2096 0.8958
vn 0.3080 0.3204 0.8958
vn 0.3775 0.3183 0.8696
vn 0.3421 0.3560 0.8696
vn 0.3398 0.2865 0.8958
vn 0.2346 0.3775 0.8958
vn 0.3030 0.3898 0.8696
vn 0.2606 0.4193 0.8696
vn 0.2728 0.3509 0.8958
vn 0.1510 0.4180 0.8958
vn 0.2154 0.4443 0.8696
vn 0.1678 0.4644 0.8696
vn 0.1939 0.3999 0.8958
vn 0.0608 0.4402 0.8958
vn 0.1183 0.4794 0.8696
vn 0.0675 0.4891 0.8696
vn 0.1065 0.4315 0.8958
vn -0.0321 0.4433 0.8958
vn 0.0160 0.4935 0.8696
vn -0.0356 0.4924 0.8696
vn 0.0144 0.4442 0.8958
vn -0.1235 0.4269 0.8958
vn -0.0869 0.4860 0.8696
vn -0.1372 0.4743 0.8696
vn -0.0782 0.4375 0.8958
vn -0.2096 0.3919 0.8958
vn -0.1861 0.4573 0.8696
vn -0.2328 0.4354 0.8696
vn -0.1675 0.4117 0.8958
vn -0.2865 0.3398 0.8958
vn -0.2771 0.4087 0.8696
vn -0.3183 0.3775 0.8696
vn -0.2494 0.3678 0.8958
vn -0.3509 0.2728 0.8958
vn -0.3560 0.3421 0.8696
vn -0.3898 0.3030 0.8696
vn -0.3204 0.3080 0.8958
vn -0.3999 0.1939 0.8958
vn -0.4193 0.2606 0.8696
vn -0.4443 0.2154 0.8696
vn -0.3775 0.2346 0.8958
vn -0.4333 0.0989 0.8958
vn -0.4693 0.1728 0.8659
vn -0.4863 0.1168 0.8659
vn -0.4153 0.1583 0.8958
vn -0.4442 0.0144 0.8958
vn -0.4890 0.0675 0.8696
vn -0.4935 0.0160 0.8696
vn -0.4402 0.0608 0.8958
vn -0.4375 -0.0782 0.8958
vn -0.4924 -0.0356 0.8696
vn -0.4860 -0.0869 0.8696
vn -0.4433 -0.0321 0.8958
vn -0.4117 -0.1675 0.8958
vn -0.4743 -0.1372 0.8696
vn -0.4573 -0.1861 0.8696
vn -0.4269 -0.1235 0.8958
vn -0.3678 -0.2494 0.8958
vn -0.4354 -0.2328 0.8696
vn -0.4086 -0.2771 0.8696
vn -0.3919 -0.2096 0.8958
vn -0.3080 -0.3204 0.8958
vn -0.3775 -0.3183 0.8696
vn -0.3421 -0.3560 0.8696
vn -0.3398 -0.2865 0.8958
vn -0.2346 -0.3775 0.8958
vn -0.3030 -0.3898 0.8696
vn -0.2606 -0.4193 0.8696
vn -0.2728 -0.3509 0.8958
vn -0.1510 -0.4180 0.8958
vn -0.2154 -0.4443 0.8696
vn -0.1678 -0.4644 0.8696
vn -0.1939 -0.3999 0.8958
vn -0.0608 -0.4402 0.8958
vn -0.1183 -0.4794 0.8696
vn -0.0675 -0.4890 0.8696
vn -0.1065 -0.4315 0.8958
vn 0.0321 -0.4433 0.8958
vn -0.0160 -0.4935 0.8696
vn 0.0356 -0.4924 0.8696
vn -0.0144 -0.4442 0.8958
vn 0.1235 -0.4269 0.8958
vn 0.0869 -0.4860 0.8696
vn 0.1372 -0.4742 0.8696
vn 0.0782 -0.4375 0.8958
vn 0.2096 -0.3919 0.8958
vn 0.1861 -0.4573 0.8696
vn 0.2328 -0.4353 0.8696
vn 0.1675 -0.4117 0.8958
vn 0.2865 -0.3398 0.8958
vn 0.2771 -0.4087 0.8696
vn 0.3183 -0.3775 0.8696
vn 0.2494 -0.3678 0.8958
vn 0.3509 -0.2728 0.8958
vn 0.3560 -0.3421 0.8696
vn 0.3898 -0.3030 0.8696
vn 0.3204 -0.3080 0.8958
vn 0.3999 -0.1939 0.8958
vn 0.4193 -0.2606 0.8696
vn 0.4443 -0.2154 0.8696
vn 0.3775 -0.2346 0.8958
vn 0.4315 -0.1065 0.8958
vn 0.4644 -0.1678 0.8696
vn 0.4794 -0.1183 0.8696
vn 0.4180 -0.1510 0.8958
vn 0.4442 -0.0144 0.8958
vn 0.4891 -0.0675 0.8696
vn 0.4402 -0.0608 0.8958
vn 0.4227 0.0306 0.9058
vn 0.4171 0.0746 0.9058
vn 0.4236 -0.0138 0.9058
vn 0.4071 0.1178 0.9058
vn 0.3926 0.1597 0.9058
vn 0.3737 0.1998 0.9058
vn 0.3508 0.2378 0.9058
vn 0.3240 0.2732 0.9058
vn 0.2937 0.3056 0.9058
vn 0.2601 0.3346 0.9058
vn 0.2237 0.3599 0.9058
vn 0.1849 0.3813 0.9058
vn 0.1440 0.3985 0.9058
vn 0.1015 0.4114 0.9058
vn 0.0580 0.4198 0.9058
vn 0.0138 0.4235 0.9058
vn -0.0306 0.4227 0.9058
vn -0.0746 0.4172 0.9058
vn -0.1178 0.4071 0.9058
vn -0.1597 0.3925 0.9058
vn -0.1999 0.3737 0.9058
vn -0.2378 0.3508 0.9058
vn -0.2732 0.3240 0.9058
vn -0.3055 0.2936 0.9058
vn -0.3345 0.2601 0.9058
vn -0.3599 0.2237 0.9058
vn -0.3813 0.1848 0.9058
vn -0.3986 0.1440 0.9058
vn -0.4114 0.1015 0.9058
vn -0.4198 0.0580 0.9058
vn -0.4235 0.0138 0.9058
vn -0.4227 -0.0306 0.9058
vn -0.4171 -0.0746 0.9058
vn -0.4071 -0.1178 0.9058
vn -0.3925 -0.1597 0.9058
vn -0.3737 -0.1998 0.9058
vn -0.3507 -0.2378 0.9058
vn -0.3240 -0.2732 0.9058
vn -0.2937 -0.3056 0.9058
vn -0.2601 -0.3346 0.9058
vn -0.2237 -0.3599 0.9058
vn -0.1849 -0.3813 0.9058
vn -0.1440 -0.3985 0.9058
vn -0.1015 -0.4114 0.9058
vn -0.0580 -0.4198 0.9058
vn -0.0138 -0.4236 0.9057
vn 0.0306 -0.4226 0.9058
vn 0.0746 -0.4172 0.9058
vn 0.1178 -0.4071 0.9058
vn 0.1597 -0.3925 0.9058
vn 0.1999 -0.3737 0.9058
vn 0.2378 -0.3508 0.9058
vn 0.2732 -0.3240 0.9058
vn 0.3055 -0.2936 0.9058
vn 0.3345 -0.2601 0.9058
vn 0.3599 -0.2237 0.9058
vn 0.3813 -0.1848 0.9058
vn 0.3986 -0.1440 0.9058
vn 0.4114 -0.1015 0.9058
vn 0.4198 -0.0580 0.9058
vn -0.0340 0.0008 -0.9994
vn -0.0710 -0.0049 -0.9975
vn -0.0340 -0.0020 -0.9994
vn -0.0711 0.0021 -0.9975
vn -0.2064 -0.0149 -0.9783
vn -0.2037 -0.0364 -0.9783
vn -0.0699 -0.0127 -0.9975
vn -0.0334 -0.0063 -0.9994
vn -0.0648 -0.0187 -0.9977
vn -0.0327 -0.0095 -0.9994
vn -0.1988 -0.0575 -0.9783
vn -0.1917 -0.0780 -0.9783
vn -0.0624 -0.0254 -0.9977
vn -0.0315 -0.0128 -0.9994
vn -0.0594 -0.0318 -0.9977
vn -0.0300 -0.0160 -0.9994
vn -0.1825 -0.0976 -0.9783
vn -0.1713 -0.1162 -0.9783
vn -0.0558 -0.0378 -0.9977
vn -0.0282 -0.0191 -0.9994
vn -0.0515 -0.0435 -0.9977
vn -0.0260 -0.0219 -0.9994
vn -0.1582 -0.1334 -0.9784
vn -0.1434 -0.1492 -0.9783
vn -0.0467 -0.0486 -0.9977
vn -0.0236 -0.0245 -0.9994
vn -0.0413 -0.0532 -0.9977
vn -0.0209 -0.0269 -0.9994
vn -0.1270 -0.1634 -0.9784
vn -0.1093 -0.1758 -0.9783
vn -0.0377 -0.0603 -0.9975
vn -0.0184 -0.0286 -0.9994
vn -0.0330 -0.0681 -0.9971
vn -0.0148 -0.0306 -0.9994
vn -0.0903 -0.1863 -0.9783
vn -0.0703 -0.1947 -0.9783
vn -0.0257 -0.0712 -0.9971
vn -0.0116 -0.0320 -0.9994
vn -0.0181 -0.0735 -0.9971
vn -0.0082 -0.0330 -0.9994
vn -0.0496 -0.2010 -0.9783
vn -0.0283 -0.2050 -0.9783
vn -0.0103 -0.0749 -0.9971
vn -0.0047 -0.0337 -0.9994
vn -0.0021 -0.0711 -0.9975
vn -0.0008 -0.0340 -0.9994
vn -0.0067 -0.2069 -0.9783
vn 0.0149 -0.2064 -0.9783
vn 0.0049 -0.0708 -0.9975
vn 0.0020 -0.0340 -0.9994
vn 0.0127 -0.0700 -0.9975
vn 0.0063 -0.0334 -0.9994
vn 0.0364 -0.2037 -0.9784
vn 0.0575 -0.1988 -0.9783
vn 0.0195 -0.0683 -0.9975
vn 0.0091 -0.0328 -0.9994
vn 0.0270 -0.0658 -0.9975
vn 0.0131 -0.0314 -0.9994
vn 0.0780 -0.1917 -0.9783
vn 0.0976 -0.1825 -0.9783
vn 0.0318 -0.0594 -0.9977
vn 0.0160 -0.0300 -0.9994
vn 0.0378 -0.0558 -0.9977
vn 0.0191 -0.0282 -0.9994
vn 0.1162 -0.1713 -0.9783
vn 0.1334 -0.1582 -0.9783
vn 0.0456 -0.0544 -0.9975
vn 0.0216 -0.0263 -0.9994
vn 0.0546 -0.0524 -0.9971
vn 0.0245 -0.0236 -0.9994
vn 0.1492 -0.1434 -0.9783
vn 0.1634 -0.1270 -0.9783
vn 0.0562 -0.0434 -0.9975
vn 0.0271 -0.0206 -0.9994
vn 0.0603 -0.0377 -0.9975
vn 0.0286 -0.0184 -0.9994
vn 0.1758 -0.1093 -0.9783
vn 0.1862 -0.0903 -0.9783
vn 0.0640 -0.0308 -0.9975
vn 0.0308 -0.0144 -0.9994
vn 0.0634 -0.0229 -0.9977
vn 0.0320 -0.0116 -0.9994
vn 0.1947 -0.0703 -0.9783
vn 0.2009 -0.0496 -0.9783
vn 0.0654 -0.0161 -0.9977
vn 0.0330 -0.0082 -0.9994
vn 0.0705 -0.0099 -0.9975
vn 0.0336 -0.0051 -0.9994
vn 0.2050 -0.0283 -0.9784
vn 0.2069 -0.0067 -0.9783
vn 0.0710 -0.0021 -0.9975
vn 0.0340 -0.0008 -0.9994
vn 0.0710 0.0049 -0.9975
vn 0.0340 0.0020 -0.9994
vn 0.2065 0.0149 -0.9783
vn 0.2037 0.0364 -0.9783
vn 0.0699 0.0127 -0.9975
vn 0.0334 0.0063 -0.9994
vn 0.0647 0.0187 -0.9977
vn 0.0327 0.0095 -0.9994
vn 0.1988 0.0575 -0.9783
vn 0.1917 0.0780 -0.9783
vn 0.0659 0.0266 -0.9975
vn 0.0316 0.0125 -0.9994
vn 0.0626 0.0337 -0.9975
vn 0.0298 0.0163 -0.9994
vn 0.1825 0.0976 -0.9783
vn 0.1713 0.1162 -0.9783
vn 0.0558 0.0378 -0.9977
vn 0.0282 0.0191 -0.9994
vn 0.0515 0.0434 -0.9977
vn 0.0260 0.0219 -0.9994
vn 0.1582 0.1334 -0.9784
vn 0.1434 0.1492 -0.9783
vn 0.0467 0.0486 -0.9977
vn 0.0236 0.0245 -0.9994
vn 0.0414 0.0532 -0.9977
vn 0.0209 0.0269 -0.9994
vn 0.1270 0.1634 -0.9783
vn 0.1093 0.1758 -0.9783
vn 0.0356 0.0572 -0.9977
vn 0.0180 0.0289 -0.9994
vn 0.0312 0.0640 -0.9975
vn 0.0151 0.0305 -0.9994
vn 0.0903 0.1863 -0.9783
vn 0.0703 0.1947 -0.9783
vn 0.0240 0.0669 -0.9975
vn 0.0110 0.0322 -0.9994
vn 0.0161 0.0654 -0.9977
vn 0.0082 0.0330 -0.9994
vn 0.0496 0.2010 -0.9783
vn 0.0283 0.2050 -0.9783
vn 0.0099 0.0703 -0.9975
vn 0.0052 0.0336 -0.9994
vn 0.0025 0.0757 -0.9971
vn 0.0011 0.0340 -0.9994
vn 0.0067 0.2069 -0.9783
vn -0.0149 0.2064 -0.9783
vn -0.0053 0.0709 -0.9975
vn -0.0030 0.0339 -0.9994
vn -0.0119 0.0663 -0.9977
vn -0.0060 0.0335 -0.9994
vn -0.0364 0.2037 -0.9784
vn -0.0575 0.1988 -0.9783
vn -0.0187 0.0647 -0.9977
vn -0.0095 0.0327 -0.9994
vn -0.0266 0.0660 -0.9975
vn -0.0123 0.0317 -0.9994
vn -0.0780 0.1917 -0.9784
vn -0.0976 0.1825 -0.9783
vn -0.0357 0.0667 -0.9971
vn -0.0160 0.0300 -0.9994
vn -0.0425 0.0626 -0.9971
vn -0.0191 0.0282 -0.9994
vn -0.1161 0.1713 -0.9784
vn -0.1334 0.1582 -0.9783
vn -0.0460 0.0542 -0.9975
vn -0.0222 0.0258 -0.9994
vn -0.0512 0.0494 -0.9975
vn -0.0242 0.0239 -0.9994
vn -0.1492 0.1434 -0.9783
vn -0.1634 0.1270 -0.9783
vn -0.0562 0.0435 -0.9975
vn -0.0271 0.0205 -0.9994
vn -0.0572 0.0356 -0.9977
vn -0.0289 0.0180 -0.9994
vn -0.1758 0.1093 -0.9783
vn -0.1862 0.0903 -0.9783
vn -0.0607 0.0294 -0.9977
vn -0.0306 0.0148 -0.9994
vn -0.0634 0.0229 -0.9977
vn -0.0320 0.0116 -0.9994
vn -0.1947 0.0703 -0.9783
vn -0.2009 0.0496 -0.9783
vn -0.0654 0.0162 -0.9977
vn -0.0330 0.0082 -0.9994
vn -0.0704 0.0099 -0.9975
vn -0.0337 0.0047 -0.9994
vn -0.2050 0.0283 -0.9783
vn -0.2069 0.0067 -0.9783
vn -0.6509 0.0212 -0.7589
vn -0.7127 -0.0516 -0.6995
vn -0.7140 0.0232 -0.6998
vn -0.6496 -0.0470 -0.7588
vn -0.7034 -0.1258 -0.6995
vn -0.6128 -0.1096 -0.7826
vn -0.6207 -0.0449 -0.7828
vn -0.6220 0.0202 -0.7828
vn -0.6411 -0.1146 -0.7589
vn -0.6862 -0.1986 -0.6998
vn -0.6256 -0.1810 -0.7588
vn -0.6619 -0.2693 -0.6995
vn -0.5764 -0.2345 -0.7828
vn -0.5981 -0.1731 -0.7825
vn -0.6033 -0.2454 -0.7588
vn -0.6301 -0.3370 -0.6995
vn -0.5743 -0.3071 -0.7588
vn -0.5915 -0.4010 -0.6995
vn -0.5151 -0.3492 -0.7828
vn -0.5488 -0.2935 -0.7828
vn -0.5390 -0.3655 -0.7589
vn -0.5463 -0.4606 -0.6995
vn -0.4979 -0.4198 -0.7589
vn -0.4952 -0.5152 -0.6995
vn -0.4312 -0.4487 -0.7828
vn -0.4757 -0.4011 -0.7828
vn -0.4513 -0.4695 -0.7589
vn -0.4386 -0.5642 -0.6995
vn -0.3997 -0.5142 -0.7588
vn -0.3772 -0.6069 -0.6995
vn -0.3285 -0.5285 -0.7828
vn -0.3819 -0.4913 -0.7828
vn -0.3438 -0.5531 -0.7589
vn -0.3117 -0.6430 -0.6995
vn -0.2841 -0.5860 -0.7589
vn -0.2428 -0.6721 -0.6995
vn -0.2114 -0.5853 -0.7828
vn -0.2715 -0.5600 -0.7828
vn -0.2213 -0.6125 -0.7589
vn -0.1712 -0.6938 -0.6995
vn -0.1560 -0.6323 -0.7588
vn -0.0978 -0.7079 -0.6995
vn -0.0852 -0.6167 -0.7826
vn -0.1491 -0.6042 -0.7828
vn -0.0891 -0.6452 -0.7588
vn -0.0232 -0.7139 -0.6999
vn -0.0212 -0.6509 -0.7588
vn 0.0516 -0.7127 -0.6995
vn 0.0449 -0.6209 -0.7826
vn -0.0202 -0.6220 -0.7828
vn 0.0470 -0.6495 -0.7589
vn 0.1258 -0.7034 -0.6995
vn 0.1146 -0.6411 -0.7588
vn 0.1986 -0.6864 -0.6995
vn 0.1730 -0.5978 -0.7828
vn 0.1095 -0.6126 -0.7828
vn 0.1810 -0.6256 -0.7589
vn 0.2693 -0.6619 -0.6995
vn 0.2454 -0.6033 -0.7588
vn 0.3370 -0.6301 -0.6995
vn 0.2935 -0.5487 -0.7828
vn 0.2345 -0.5764 -0.7828
vn 0.3071 -0.5743 -0.7589
vn 0.4008 -0.5912 -0.6999
vn 0.3655 -0.5390 -0.7589
vn 0.4606 -0.5463 -0.6995
vn 0.4011 -0.4757 -0.7828
vn 0.3492 -0.5151 -0.7828
vn 0.4198 -0.4979 -0.7588
vn 0.5152 -0.4952 -0.6995
vn 0.4696 -0.4513 -0.7588
vn 0.5642 -0.4386 -0.6995
vn 0.4913 -0.3819 -0.7828
vn 0.4489 -0.4314 -0.7826
vn 0.5141 -0.3997 -0.7589
vn 0.6069 -0.3772 -0.6995
vn 0.5531 -0.3438 -0.7588
vn 0.6430 -0.3117 -0.6995
vn 0.5600 -0.2714 -0.7828
vn 0.5285 -0.3285 -0.7828
vn 0.5860 -0.2841 -0.7588
vn 0.6721 -0.2428 -0.6995
vn 0.6125 -0.2213 -0.7588
vn 0.6938 -0.1712 -0.6995
vn 0.6045 -0.1492 -0.7825
vn 0.5853 -0.2114 -0.7828
vn 0.6323 -0.1560 -0.7589
vn 0.7079 -0.0978 -0.6995
vn 0.6451 -0.0891 -0.7588
vn 0.7139 -0.0232 -0.6999
vn 0.6223 -0.0202 -0.7825
vn 0.6164 -0.0851 -0.7828
vn 0.6509 -0.0212 -0.7588
vn 0.7127 0.0516 -0.6995
vn 0.6496 0.0470 -0.7588
vn 0.7034 0.1258 -0.6995
vn 0.6126 0.1095 -0.7828
vn 0.6207 0.0449 -0.7828
vn 0.6411 0.1146 -0.7588
vn 0.6864 0.1986 -0.6995
vn 0.6256 0.1810 -0.7588
vn 0.6619 0.2693 -0.6995
vn 0.5764 0.2345 -0.7828
vn 0.5978 0.1730 -0.7828
vn 0.6032 0.2454 -0.7589
vn 0.6299 0.3369 -0.6998
vn 0.5743 0.3071 -0.7588
vn 0.5915 0.4010 -0.6995
vn 0.5151 0.3492 -0.7828
vn 0.5488 0.2935 -0.7828
vn 0.5390 0.3655 -0.7589
vn 0.5463 0.4606 -0.6995
vn 0.4979 0.4198 -0.7589
vn 0.4952 0.5152 -0.6995
vn 0.4312 0.4487 -0.7828
vn 0.4760 0.4014 -0.7825
vn 0.4513 0.4695 -0.7589
vn 0.4386 0.5642 -0.6995
vn 0.3997 0.5142 -0.7588
vn 0.3772 0.6069 -0.6995
vn 0.3286 0.5287 -0.7826
vn 0.3819 0.4913 -0.7828
vn 0.3438 0.5531 -0.7589
vn 0.3117 0.6430 -0.6995
vn 0.2841 0.5860 -0.7588
vn 0.2428 0.6721 -0.6995
vn 0.2114 0.5853 -0.7828
vn 0.2715 0.5600 -0.7828
vn 0.2213 0.6125 -0.7588
vn 0.1712 0.6938 -0.6995
vn 0.1560 0.6323 -0.7588
vn 0.0978 0.7079 -0.6995
vn 0.0852 0.6167 -0.7826
vn 0.1491 0.6042 -0.7828
vn 0.0891 0.6451 -0.7589
vn 0.0232 0.7142 -0.6995
vn 0.0212 0.6509 -0.7589
vn -0.0516 0.7127 -0.6995
vn -0.0449 0.6207 -0.7828
vn 0.0202 0.6220 -0.7828
vn -0.0470 0.6495 -0.7589
vn -0.1258 0.7034 -0.6995
vn -0.1146 0.6411 -0.7588
vn -0.1985 0.6862 -0.6998
vn -0.1730 0.5978 -0.7828
vn -0.1096 0.6128 -0.7826
vn -0.1810 0.6256 -0.7589
vn -0.2693 0.6619 -0.6995
vn -0.2454 0.6033 -0.7588
vn -0.3370 0.6301 -0.6995
vn -0.2936 0.5490 -0.7826
vn -0.2345 0.5764 -0.7828
vn -0.3071 0.5743 -0.7589
vn -0.4010 0.5915 -0.6995
vn -0.3655 0.5391 -0.7588
vn -0.4606 0.5463 -0.6995
vn -0.4014 0.4760 -0.7825
vn -0.3492 0.5151 -0.7828
vn -0.4198 0.4979 -0.7588
vn -0.5152 0.4952 -0.6995
vn -0.4696 0.4513 -0.7588
vn -0.5640 0.4384 -0.6998
vn -0.4913 0.3819 -0.7828
vn -0.4487 0.4312 -0.7828
vn -0.5141 0.3997 -0.7589
vn -0.6069 0.3772 -0.6995
vn -0.5531 0.3438 -0.7588
vn -0.6428 0.3116 -0.6998
vn -0.5602 0.2716 -0.7826
vn -0.5285 0.3285 -0.7828
vn -0.5860 0.2841 -0.7589
vn -0.6721 0.2428 -0.6995
vn -0.6125 0.2213 -0.7588
vn -0.6938 0.1712 -0.6995
vn -0.6045 0.1492 -0.7825
vn -0.5853 0.2114 -0.7828
vn -0.6323 0.1560 -0.7589
vn -0.7079 0.0978 -0.6995
vn -0.6451 0.0891 -0.7589
vn -0.6167 0.0852 -0.7826
vn -0.4924 -0.0356 -0.8696
vn -0.4935 0.0160 -0.8696
vn -0.4433 -0.0321 -0.8958
vn -0.4375 -0.0782 -0.8958
vn -0.4860 -0.0869 -0.8696
vn -0.4743 -0.1372 -0.8696
vn -0.4269 -0.1235 -0.8958
vn -0.4117 -0.1675 -0.8958
vn -0.4573 -0.1861 -0.8696
vn -0.4354 -0.2328 -0.8696
vn -0.3919 -0.2096 -0.8958
vn -0.3678 -0.2494 -0.8958
vn -0.4086 -0.2771 -0.8696
vn -0.3774 -0.3183 -0.8696
vn -0.3398 -0.2865 -0.8958
vn -0.3080 -0.3204 -0.8958
vn -0.3421 -0.3560 -0.8696
vn -0.3030 -0.3898 -0.8696
vn -0.2728 -0.3509 -0.8958
vn -0.2412 -0.3733 -0.8958
vn -0.2667 -0.4231 -0.8659
vn -0.2154 -0.4514 -0.8659
vn -0.1869 -0.4033 -0.8958
vn -0.1510 -0.4180 -0.8958
vn -0.1677 -0.4643 -0.8696
vn -0.1228 -0.4848 -0.8659
vn -0.1140 -0.4296 -0.8958
vn -0.0531 -0.4413 -0.8958
vn -0.0654 -0.4959 -0.8659
vn -0.0160 -0.4935 -0.8696
vn -0.0144 -0.4442 -0.8958
vn 0.0321 -0.4433 -0.8958
vn 0.0356 -0.4924 -0.8696
vn 0.0850 -0.4929 -0.8659
vn 0.0706 -0.4388 -0.8958
vn 0.1235 -0.4269 -0.8958
vn 0.1413 -0.4885 -0.8610
vn 0.1913 -0.4621 -0.8659
vn 0.1746 -0.4087 -0.8958
vn 0.2096 -0.3919 -0.8958
vn 0.2328 -0.4354 -0.8696
vn 0.2771 -0.4086 -0.8696
vn 0.2494 -0.3679 -0.8958
vn 0.2865 -0.3398 -0.8958
vn 0.3182 -0.3775 -0.8696
vn 0.3585 -0.3488 -0.8659
vn 0.3151 -0.3135 -0.8958
vn 0.3556 -0.2666 -0.8958
vn 0.3968 -0.3045 -0.8659
vn 0.4193 -0.2606 -0.8696
vn 0.3775 -0.2346 -0.8958
vn 0.3999 -0.1939 -0.8958
vn 0.4443 -0.2154 -0.8696
vn 0.4643 -0.1677 -0.8696
vn 0.4180 -0.1510 -0.8958
vn 0.4315 -0.1065 -0.8958
vn 0.4793 -0.1183 -0.8696
vn 0.4891 -0.0675 -0.8696
vn 0.4403 -0.0608 -0.8958
vn 0.4442 -0.0144 -0.8958
vn 0.4935 -0.0160 -0.8696
vn 0.4924 0.0356 -0.8696
vn 0.4433 0.0321 -0.8958
vn 0.4375 0.0782 -0.8958
vn 0.4860 0.0869 -0.8696
vn 0.4743 0.1372 -0.8696
vn 0.4269 0.1235 -0.8958
vn 0.4117 0.1675 -0.8958
vn 0.4573 0.1860 -0.8696
vn 0.4354 0.2328 -0.8696
vn 0.3919 0.2096 -0.8958
vn 0.3679 0.2494 -0.8958
vn 0.4086 0.2771 -0.8696
vn 0.3774 0.3183 -0.8696
vn 0.3398 0.2865 -0.8958
vn 0.3080 0.3204 -0.8958
vn 0.3421 0.3560 -0.8696
vn 0.3030 0.3898 -0.8696
vn 0.2728 0.3509 -0.8958
vn 0.2346 0.3775 -0.8958
vn 0.2606 0.4193 -0.8696
vn 0.2154 0.4443 -0.8696
vn 0.1939 0.3999 -0.8958
vn 0.1583 0.4153 -0.8958
vn 0.1729 0.4693 -0.8659
vn 0.1168 0.4863 -0.8659
vn 0.0990 0.4333 -0.8958
vn 0.0608 0.4402 -0.8958
vn 0.0675 0.4891 -0.8696
vn 0.0193 0.4998 -0.8659
vn 0.0222 0.4439 -0.8958
vn -0.0398 0.4427 -0.8958
vn -0.0392 0.4986 -0.8659
vn -0.0869 0.4860 -0.8696
vn -0.0782 0.4375 -0.8958
vn -0.1235 0.4269 -0.8958
vn -0.1372 0.4743 -0.8696
vn -0.1860 0.4573 -0.8696
vn -0.1675 0.4117 -0.8958
vn -0.2096 0.3919 -0.8958
vn -0.2328 0.4354 -0.8696
vn -0.2781 0.4157 -0.8659
vn -0.2430 0.3722 -0.8958
vn -0.2924 0.3347 -0.8958
vn -0.3248 0.3804 -0.8659
vn -0.3560 0.3421 -0.8696
vn -0.3204 0.3080 -0.8958
vn -0.3509 0.2728 -0.8958
vn -0.3898 0.3030 -0.8696
vn -0.4193 0.2606 -0.8696
vn -0.3775 0.2346 -0.8958
vn -0.3999 0.1939 -0.8958
vn -0.4443 0.2154 -0.8696
vn -0.4694 0.1728 -0.8659
vn -0.4153 0.1583 -0.8958
vn -0.4315 0.1065 -0.8958
vn -0.4937 0.1218 -0.8610
vn -0.4959 0.0654 -0.8659
vn -0.4413 0.0532 -0.8958
vn -0.4442 0.0144 -0.8958
vn -0.4226 -0.0306 -0.9058
vn -0.4172 -0.0746 -0.9058
vn -0.4236 0.0138 -0.9058
vn -0.4071 -0.1178 -0.9058
vn -0.3925 -0.1597 -0.9058
vn -0.3737 -0.1998 -0.9058
vn -0.3508 -0.2378 -0.9058
vn -0.3240 -0.2732 -0.9058
vn -0.2936 -0.3055 -0.9058
vn -0.2601 -0.3346 -0.9058
vn -0.2237 -0.3599 -0.9058
vn -0.1848 -0.3813 -0.9058
vn -0.1440 -0.3986 -0.9058
vn -0.1015 -0.4115 -0.9058
vn -0.0580 -0.4198 -0.9058
vn -0.0138 -0.4235 -0.9058
vn 0.0306 -0.4227 -0.9058
vn 0.0746 -0.4172 -0.9058
vn 0.1178 -0.4071 -0.9058
vn 0.1597 -0.3926 -0.9058
vn 0.1998 -0.3737 -0.9058
vn 0.2378 -0.3508 -0.9058
vn 0.2732 -0.3240 -0.9058
vn 0.3056 -0.2937 -0.9058
vn 0.3346 -0.2601 -0.9058
vn 0.3599 -0.2237 -0.9058
vn 0.3813 -0.1849 -0.9058
vn 0.3986 -0.1440 -0.9058
vn 0.4114 -0.1015 -0.9058
vn 0.4198 -0.0580 -0.9058
vn 0.4235 -0.0138 -0.9058
vn 0.4227 0.0306 -0.9058
vn 0.4172 0.0746 -0.9058
vn 0.4071 0.1178 -0.9058
vn 0.3925 0.1597 -0.9058
vn 0.3737 0.1998 -0.9058
vn 0.3507 0.2378 -0.9058
vn 0.3240 0.2732 -0.9058
vn 0.2936 0.3055 -0.9058
vn 0.2601 0.3346 -0.9058
vn 0.2237 0.3599 -0.9058
vn 0.1849 0.3813 -0.9058
vn 0.1440 0.3986 -0.9058
vn 0.1015 0.4115 -0.9058
vn 0.0580 0.4198 -0.9058
vn 0.0138 0.4235 -0.9058
vn -0.0306 0.4227 -0.9058
vn -0.0746 0.4171 -0.9058
vn -0.1178 0.4071 -0.9058
vn -0.1597 0.3926 -0.9058
vn -0.1998 0.3737 -0.9058
vn -0.2378 0.3508 -0.9058
vn -0.2732 0.3240 -0.9058
vn -0.3056 0.2937 -0.9058
vn -0.3346 0.2601 -0.9058
vn -0.3599 0.2237 -0.9058
vn -0.3813 0.1849 -0.9058
vn -0.3986 0.1440 -0.9058
vn -0.4114 0.1015 -0.9058
vn -0.4198 0.0580 -0.9058
vn -0.0507 -0.0037 0.9987
vn -0.0264 0.0009 0.9997
vn -0.4177 -0.0302 0.9081
vn -0.4122 -0.0737 0.9081
vn -0.0501 -0.0083 0.9987
vn -0.4023 -0.1164 0.9081
vn -0.3879 -0.1578 0.9081
vn -0.0245 -0.0100 0.9996
vn -0.0233 -0.0125 0.9997
vn -0.3693 -0.1975 0.9081
vn -0.3466 -0.2350 0.9081
vn -0.0417 -0.0292 0.9987
vn -0.0389 -0.0328 0.9987
vn -0.3202 -0.2700 0.9081
vn -0.2902 -0.3019 0.9081
vn -0.0347 -0.0372 0.9987
vn -0.0662 -0.0852 0.9942
vn -0.2570 -0.3306 0.9081
vn -0.2211 -0.3557 0.9081
vn -0.0274 -0.0428 0.9987
vn -0.0115 -0.0238 0.9997
vn -0.1827 -0.3768 0.9081
vn -0.1423 -0.3939 0.9081
vn -0.0166 -0.0481 0.9987
vn -0.0122 -0.0494 0.9987
vn -0.1003 -0.4066 0.9081
vn -0.0573 -0.4148 0.9081
vn -0.0062 -0.0505 0.9987
vn -0.0017 -0.0508 0.9987
vn -0.0136 -0.4186 0.9081
vn 0.0302 -0.4177 0.9081
vn 0.0044 -0.0507 0.9987
vn 0.0089 -0.0501 0.9987
vn 0.0737 -0.4122 0.9081
vn 0.1164 -0.4023 0.9081
vn 0.0148 -0.0486 0.9987
vn 0.0192 -0.0471 0.9987
vn 0.1578 -0.3879 0.9081
vn 0.1975 -0.3693 0.9081
vn 0.0125 -0.0233 0.9996
vn 0.0149 -0.0219 0.9996
vn 0.2350 -0.3466 0.9081
vn 0.2699 -0.3202 0.9081
vn 0.0171 -0.0202 0.9996
vn 0.0191 -0.0183 0.9997
vn 0.3020 -0.2902 0.9081
vn 0.3306 -0.2570 0.9081
vn 0.0406 -0.0307 0.9987
vn 0.0916 -0.0570 0.9942
vn 0.3557 -0.2211 0.9081
vn 0.3768 -0.1827 0.9081
vn 0.0454 -0.0228 0.9987
vn 0.3939 -0.1423 0.9081
vn 0.4066 -0.1003 0.9081
vn 0.0257 -0.0063 0.9997
vn 0.0504 -0.0070 0.9987
vn 0.4148 -0.0573 0.9081
vn 0.4186 -0.0136 0.9081
vn 0.0508 -0.0024 0.9987
vn 0.0264 0.0019 0.9996
vn 0.4177 0.0302 0.9081
vn 0.4122 0.0737 0.9081
vn 0.0500 0.0097 0.9987
vn 0.0488 0.0141 0.9987
vn 0.4023 0.1164 0.9081
vn 0.3879 0.1578 0.9081
vn 0.0245 0.0100 0.9997
vn 0.0448 0.0240 0.9987
vn 0.3693 0.1975 0.9081
vn 0.3466 0.2350 0.9081
vn 0.0425 0.0279 0.9987
vn 0.0389 0.0328 0.9987
vn 0.3202 0.2700 0.9081
vn 0.2902 0.3019 0.9081
vn 0.0748 0.0778 0.9942
vn 0.0662 0.0852 0.9942
vn 0.2570 0.3306 0.9081
vn 0.2211 0.3557 0.9081
vn 0.0570 0.0916 0.9942
vn 0.0471 0.0971 0.9942
vn 0.1827 0.3768 0.9081
vn 0.1423 0.3939 0.9081
vn 0.0367 0.1015 0.9942
vn 0.0122 0.0494 0.9987
vn 0.1003 0.4066 0.9081
vn 0.0573 0.4148 0.9081
vn 0.0062 0.0505 0.9987
vn 0.0017 0.0508 0.9987
vn 0.0136 0.4185 0.9081
vn -0.0302 0.4176 0.9081
vn -0.0044 0.0507 0.9987
vn -0.0089 0.0500 0.9987
vn -0.0737 0.4122 0.9081
vn -0.1164 0.4023 0.9081
vn -0.0074 0.0254 0.9996
vn -0.0192 0.0471 0.9987
vn -0.1578 0.3879 0.9081
vn -0.1975 0.3693 0.9081
vn -0.0509 0.0951 0.9942
vn -0.0285 0.0421 0.9987
vn -0.2350 0.3466 0.9081
vn -0.2700 0.3202 0.9081
vn -0.0170 0.0202 0.9997
vn -0.0191 0.0183 0.9997
vn -0.3019 0.2902 0.9081
vn -0.3306 0.2570 0.9081
vn -0.0209 0.0162 0.9997
vn -0.0432 0.0268 0.9987
vn -0.3557 0.2211 0.9081
vn -0.3768 0.1827 0.9081
vn -0.0455 0.0228 0.9987
vn -0.3939 0.1423 0.9081
vn -0.4066 0.1003 0.9081
vn -0.0257 0.0063 0.9996
vn -0.0262 0.0036 0.9997
vn -0.4149 0.0573 0.9081
vn -0.4185 0.0136 0.9081
vn 0.5138 0.0372 0.8571
vn 0.5071 0.0907 0.8571
vn 0.9045 0.0654 0.4215
vn 0.9064 -0.0295 0.4214
vn 0.5149 -0.0167 0.8571
vn 0.4949 0.1432 0.8571
vn 0.4772 0.1941 0.8571
vn 0.8711 0.2521 0.4215
vn 0.8927 0.1596 0.4214
vn 0.4543 0.2429 0.8571
vn 0.4264 0.2891 0.8571
vn 0.7997 0.4277 0.4215
vn 0.8400 0.3417 0.4214
vn 0.3938 0.3321 0.8571
vn 0.3570 0.3714 0.8571
vn 0.6933 0.5846 0.4215
vn 0.7506 0.5089 0.4215
vn 0.3162 0.4067 0.8571
vn 0.2720 0.4376 0.8571
vn 0.5566 0.7159 0.4214
vn 0.6284 0.6538 0.4215
vn 0.2247 0.4636 0.8571
vn 0.1750 0.4845 0.8571
vn 0.3956 0.8160 0.4215
vn 0.4787 0.7702 0.4215
vn 0.1234 0.5002 0.8571
vn 0.0705 0.5104 0.8571
vn 0.2173 0.8804 0.4215
vn 0.3081 0.8529 0.4215
vn 0.0167 0.5149 0.8571
vn -0.0372 0.5138 0.8571
vn 0.0295 0.9064 0.4215
vn 0.1241 0.8983 0.4214
vn -0.0907 0.5071 0.8571
vn -0.1432 0.4949 0.8571
vn -0.1596 0.8927 0.4215
vn -0.0654 0.9045 0.4215
vn -0.1941 0.4772 0.8571
vn -0.2430 0.4543 0.8571
vn -0.3417 0.8400 0.4215
vn -0.2521 0.8711 0.4214
vn -0.2891 0.4264 0.8571
vn -0.3321 0.3939 0.8571
vn -0.5089 0.7506 0.4215
vn -0.4276 0.7997 0.4215
vn -0.3715 0.3570 0.8571
vn -0.4067 0.3162 0.8571
vn -0.6538 0.6284 0.4215
vn -0.5846 0.6933 0.4214
vn -0.4375 0.2720 0.8571
vn -0.4636 0.2247 0.8571
vn -0.7702 0.4787 0.4215
vn -0.7159 0.5566 0.4215
vn -0.5014 0.1885 0.8444
vn -0.5217 0.1216 0.8444
vn -0.8529 0.3081 0.4215
vn -0.8160 0.3956 0.4215
vn -0.5103 0.0705 0.8571
vn -0.5149 0.0167 0.8571
vn -0.8983 0.1241 0.4215
vn -0.8804 0.2173 0.4215
vn -0.5138 -0.0372 0.8571
vn -0.5071 -0.0907 0.8571
vn -0.9045 -0.0654 0.4215
vn -0.9064 0.0295 0.4215
vn -0.4949 -0.1432 0.8571
vn -0.4772 -0.1941 0.8571
vn -0.8711 -0.2521 0.4215
vn -0.8927 -0.1596 0.4215
vn -0.4543 -0.2429 0.8571
vn -0.4264 -0.2891 0.8571
vn -0.7997 -0.4277 0.4215
vn -0.8400 -0.3417 0.4215
vn -0.3938 -0.3321 0.8571
vn -0.3570 -0.3714 0.8571
vn -0.6933 -0.5846 0.4215
vn -0.7506 -0.5089 0.4215
vn -0.3162 -0.4067 0.8571
vn -0.2719 -0.4375 0.8571
vn -0.5566 -0.7159 0.4215
vn -0.6284 -0.6538 0.4214
vn -0.2247 -0.4636 0.8571
vn -0.1750 -0.4845 0.8571
vn -0.3956 -0.8160 0.4214
vn -0.4787 -0.7702 0.4215
vn -0.1234 -0.5002 0.8571
vn -0.0705 -0.5103 0.8571
vn -0.2173 -0.8804 0.4215
vn -0.3081 -0.8529 0.4215
vn -0.0167 -0.5149 0.8571
vn 0.0372 -0.5139 0.8571
vn -0.0295 -0.9064 0.4215
vn -0.1241 -0.8983 0.4214
vn 0.0907 -0.5071 0.8571
vn 0.1432 -0.4949 0.8571
vn 0.1596 -0.8927 0.4214
vn 0.0654 -0.9045 0.4214
vn 0.1941 -0.4772 0.8571
vn 0.2429 -0.4543 0.8571
vn 0.3417 -0.8400 0.4214
vn 0.2521 -0.8711 0.4214
vn 0.2891 -0.4264 0.8571
vn 0.3321 -0.3939 0.8571
vn 0.5089 -0.7506 0.4214
vn 0.4277 -0.7997 0.4215
vn 0.3714 -0.3570 0.8571
vn 0.4068 -0.3162 0.8571
vn 0.6538 -0.6284 0.4215
vn 0.5846 -0.6933 0.4215
vn 0.4375 -0.2720 0.8571
vn 0.4636 -0.2247 0.8571
vn 0.7702 -0.4787 0.4215
vn 0.7160 -0.5566 0.4214
vn 0.4845 -0.1750 0.8571
vn 0.5002 -0.1234 0.8571
vn 0.8529 -0.3081 0.4215
vn 0.8160 -0.3956 0.4215
vn 0.5103 -0.0705 0.8571
vn 0.8983 -0.1241 0.4215
vn 0.8804 -0.2173 0.4215
vn -0.1178 -0.0085 -0.9930
vn -0.1162 -0.0215 -0.9930
vn -0.4666 -0.0337 -0.8838
vn -0.4675 0.0152 -0.8838
vn -0.1181 0.0031 -0.9930
vn -0.0904 -0.0262 -0.9956
vn -0.0872 -0.0355 -0.9956
vn -0.4494 -0.1300 -0.8838
vn -0.4604 -0.0823 -0.8839
vn -0.0830 -0.0444 -0.9956
vn -0.0779 -0.0528 -0.9956
vn -0.4125 -0.2206 -0.8838
vn -0.4333 -0.1763 -0.8839
vn -0.0720 -0.0607 -0.9956
vn -0.0652 -0.0679 -0.9956
vn -0.3576 -0.3015 -0.8838
vn -0.3872 -0.2625 -0.8838
vn -0.0577 -0.0743 -0.9956
vn -0.0630 -0.1000 -0.9930
vn -0.2871 -0.3693 -0.8839
vn -0.3241 -0.3373 -0.8839
vn -0.0759 -0.1565 -0.9848
vn -0.0591 -0.1636 -0.9848
vn -0.2041 -0.4210 -0.8838
vn -0.2469 -0.3973 -0.8839
vn -0.0417 -0.1689 -0.9848
vn -0.0238 -0.1723 -0.9848
vn -0.1121 -0.4541 -0.8839
vn -0.1589 -0.4399 -0.8839
vn -0.0038 -0.1181 -0.9930
vn 0.0078 -0.1179 -0.9930
vn -0.0152 -0.4675 -0.8838
vn -0.0640 -0.4633 -0.8839
vn 0.0208 -0.1163 -0.9930
vn 0.0322 -0.1137 -0.9930
vn 0.0823 -0.4605 -0.8838
vn 0.0337 -0.4665 -0.8839
vn 0.0445 -0.1095 -0.9930
vn 0.0444 -0.0830 -0.9956
vn 0.1763 -0.4333 -0.8839
vn 0.1300 -0.4493 -0.8839
vn 0.0528 -0.0779 -0.9956
vn 0.0756 -0.0908 -0.9930
vn 0.2625 -0.3872 -0.8839
vn 0.2206 -0.4125 -0.8839
vn 0.1254 -0.1205 -0.9848
vn 0.0937 -0.0720 -0.9930
vn 0.3373 -0.3241 -0.8838
vn 0.3015 -0.3576 -0.8839
vn 0.1004 -0.0624 -0.9930
vn 0.1067 -0.0509 -0.9930
vn 0.3973 -0.2469 -0.8838
vn 0.3693 -0.2871 -0.8839
vn 0.0885 -0.0320 -0.9956
vn 0.0914 -0.0226 -0.9956
vn 0.4400 -0.1589 -0.8838
vn 0.4209 -0.2040 -0.8838
vn 0.1170 -0.0162 -0.9930
vn 0.1181 -0.0031 -0.9930
vn 0.4634 -0.0640 -0.8838
vn 0.4542 -0.1121 -0.8838
vn 0.1178 0.0085 -0.9930
vn 0.1162 0.0215 -0.9930
vn 0.4666 0.0337 -0.8838
vn 0.4675 -0.0152 -0.8839
vn 0.0904 0.0262 -0.9956
vn 0.1097 0.0439 -0.9930
vn 0.4493 0.1300 -0.8839
vn 0.4605 0.0823 -0.8838
vn 0.1042 0.0557 -0.9930
vn 0.0779 0.0528 -0.9956
vn 0.4125 0.2206 -0.8839
vn 0.4333 0.1763 -0.8839
vn 0.0720 0.0607 -0.9956
vn 0.0652 0.0679 -0.9956
vn 0.3576 0.3015 -0.8838
vn 0.3872 0.2625 -0.8839
vn 0.0578 0.0743 -0.9956
vn 0.0497 0.0800 -0.9956
vn 0.2871 0.3693 -0.8838
vn 0.3241 0.3373 -0.8838
vn 0.0515 0.1063 -0.9930
vn 0.0395 0.1114 -0.9930
vn 0.2041 0.4209 -0.8838
vn 0.2469 0.3973 -0.8839
vn 0.0226 0.0914 -0.9956
vn 0.0169 0.1170 -0.9930
vn 0.1121 0.4542 -0.8838
vn 0.1589 0.4399 -0.8839
vn 0.0057 0.1738 -0.9848
vn -0.0092 0.1178 -0.9930
vn 0.0152 0.4675 -0.8838
vn 0.0640 0.4634 -0.8839
vn -0.0166 0.0926 -0.9956
vn -0.0262 0.0904 -0.9956
vn -0.0823 0.4605 -0.8839
vn -0.0337 0.4665 -0.8839
vn -0.0445 0.1094 -0.9930
vn -0.0820 0.1534 -0.9848
vn -0.1763 0.4333 -0.8839
vn -0.1300 0.4493 -0.8839
vn -0.0976 0.1440 -0.9848
vn -0.0767 0.0899 -0.9930
vn -0.2625 0.3872 -0.8838
vn -0.2206 0.4125 -0.8839
vn -0.0852 0.0819 -0.9930
vn -0.0937 0.0720 -0.9930
vn -0.3373 0.3241 -0.8838
vn -0.3015 0.3576 -0.8838
vn -0.0799 0.0497 -0.9956
vn -0.0847 0.0411 -0.9956
vn -0.3973 0.2469 -0.8839
vn -0.3693 0.2871 -0.8838
vn -0.0886 0.0320 -0.9956
vn -0.0914 0.0225 -0.9956
vn -0.4399 0.1589 -0.8839
vn -0.4209 0.2040 -0.8838
vn -0.1171 0.0162 -0.9930
vn -0.4634 0.0640 -0.8839
vn -0.4542 0.1121 -0.8838
vn -0.3633 -0.0263 -0.9313
vn -0.3641 0.0118 -0.9313
vn 0.0561 0.0041 -0.9984
vn 0.0554 0.0099 -0.9984
vn -0.3586 -0.0641 -0.9313
vn -0.3499 -0.1012 -0.9313
vn 0.0541 0.0156 -0.9984
vn 0.0522 0.0212 -0.9984
vn -0.3374 -0.1373 -0.9313
vn -0.3212 -0.1718 -0.9313
vn 0.0496 0.0266 -0.9984
vn 0.0466 0.0316 -0.9984
vn -0.3015 -0.2044 -0.9313
vn -0.2785 -0.2348 -0.9313
vn 0.0430 0.0363 -0.9984
vn 0.0390 0.0406 -0.9984
vn -0.2524 -0.2627 -0.9313
vn -0.2236 -0.2876 -0.9313
vn 0.0346 0.0445 -0.9984
vn 0.0297 0.0478 -0.9984
vn -0.1845 -0.2821 -0.9415
vn -0.1400 -0.3066 -0.9415
vn 0.0246 0.0507 -0.9984
vn 0.0191 0.0530 -0.9984
vn -0.1238 -0.3426 -0.9313
vn -0.0882 -0.3253 -0.9415
vn 0.0135 0.0547 -0.9984
vn 0.0077 0.0558 -0.9984
vn -0.0384 -0.3349 -0.9415
vn -0.0118 -0.3641 -0.9313
vn 0.0018 0.0563 -0.9984
vn -0.0041 0.0562 -0.9984
vn 0.0263 -0.3633 -0.9313
vn 0.0517 -0.3331 -0.9415
vn -0.0099 0.0554 -0.9984
vn -0.0157 0.0541 -0.9984
vn 0.0784 -0.2708 -0.9594
vn 0.1341 -0.3092 -0.9415
vn -0.0212 0.0522 -0.9984
vn -0.0266 0.0497 -0.9984
vn 0.1718 -0.3212 -0.9313
vn 0.2044 -0.3015 -0.9313
vn -0.0316 0.0466 -0.9984
vn -0.0363 0.0431 -0.9984
vn 0.2348 -0.2785 -0.9313
vn 0.2376 -0.2391 -0.9415
vn -0.0406 0.0390 -0.9984
vn -0.0445 0.0346 -0.9984
vn 0.2708 -0.2007 -0.9415
vn 0.3094 -0.1923 -0.9313
vn -0.0478 0.0297 -0.9984
vn -0.0507 0.0246 -0.9984
vn 0.3278 -0.1589 -0.9313
vn 0.3426 -0.1238 -0.9313
vn -0.0529 0.0191 -0.9984
vn -0.0547 0.0135 -0.9984
vn 0.3537 -0.0873 -0.9313
vn 0.3609 -0.0498 -0.9313
vn -0.0557 0.0077 -0.9984
vn -0.0563 0.0018 -0.9984
vn 0.3641 -0.0118 -0.9313
vn 0.3634 0.0263 -0.9313
vn -0.0561 -0.0041 -0.9984
vn -0.0555 -0.0099 -0.9984
vn 0.3586 0.0641 -0.9313
vn 0.3499 0.1012 -0.9313
vn -0.0541 -0.0156 -0.9984
vn -0.0522 -0.0212 -0.9984
vn 0.3374 0.1373 -0.9313
vn 0.3212 0.1718 -0.9313
vn -0.0496 -0.0266 -0.9984
vn -0.0466 -0.0316 -0.9984
vn 0.3015 0.2044 -0.9313
vn 0.2785 0.2348 -0.9313
vn -0.0430 -0.0363 -0.9984
vn -0.0390 -0.0406 -0.9984
vn 0.2524 0.2627 -0.9313
vn 0.2236 0.2876 -0.9313
vn -0.0345 -0.0445 -0.9984
vn -0.0297 -0.0478 -0.9984
vn 0.1923 0.3094 -0.9313
vn 0.1589 0.3278 -0.9313
vn -0.0246 -0.0506 -0.9984
vn -0.0191 -0.0530 -0.9984
vn 0.1218 0.3143 -0.9415
vn 0.0732 0.3290 -0.9415
vn -0.0135 -0.0546 -0.9984
vn -0.0077 -0.0557 -0.9984
vn 0.0498 0.3609 -0.9313
vn 0.0187 0.3365 -0.9415
vn -0.0018 -0.0562 -0.9984
vn 0.0041 -0.0561 -0.9984
vn -0.0321 0.3355 -0.9415
vn -0.0641 0.3586 -0.9313
vn 0.0099 -0.0554 -0.9984
vn 0.0157 -0.0541 -0.9984
vn -0.1012 0.3499 -0.9313
vn -0.1373 0.3374 -0.9313
vn 0.0212 -0.0521 -0.9984
vn 0.0266 -0.0497 -0.9984
vn -0.1718 0.3213 -0.9313
vn -0.1827 0.2833 -0.9415
vn 0.0316 -0.0466 -0.9984
vn 0.0363 -0.0431 -0.9984
vn -0.2232 0.2526 -0.9415
vn -0.2626 0.2524 -0.9313
vn 0.0406 -0.0390 -0.9984
vn 0.0445 -0.0346 -0.9984
vn -0.2876 0.2236 -0.9313
vn -0.3094 0.1923 -0.9313
vn 0.0478 -0.0297 -0.9984
vn 0.0507 -0.0246 -0.9984
vn -0.3278 0.1589 -0.9313
vn -0.3143 0.1218 -0.9415
vn 0.0529 -0.0191 -0.9984
vn 0.0547 -0.0135 -0.9984
vn -0.2737 0.0675 -0.9594
vn -0.3348 0.0384 -0.9415
vn 0.0557 -0.0077 -0.9984
vn 0.0563 -0.0018 -0.9984
vn 0.6138 0.7895 -0.0000
vn 0.6929 0.7210 -0.0000
vn 0.5279 0.8493 -0.0000
vn 0.5152 0.8289 -0.2180
vn 0.5990 0.7705 -0.2180
vn 0.6763 0.7037 -0.2180
vn 0.4362 0.8998 -0.0000
vn 0.3398 0.9405 -0.0000
vn 0.3316 0.9179 -0.2181
vn 0.4257 0.8782 -0.2180
vn 0.2396 0.9709 -0.0000
vn 0.1368 0.9906 -0.0000
vn 0.1335 0.9668 -0.2180
vn 0.2338 0.9475 -0.2180
vn 0.0325 0.9995 -0.0000
vn -0.0722 0.9974 -0.0000
vn -0.0704 0.9734 -0.2180
vn 0.0317 0.9754 -0.2181
vn -0.1760 0.9844 -0.0000
vn -0.2779 0.9606 -0.0000
vn -0.2713 0.9375 -0.2180
vn -0.1718 0.9607 -0.2181
vn -0.3768 0.9263 -0.0000
vn -0.4716 0.8818 -0.0000
vn -0.4602 0.8606 -0.2180
vn -0.3678 0.9040 -0.2181
vn -0.5612 0.8277 -0.0000
vn -0.6446 0.7645 -0.0000
vn -0.6291 0.7461 -0.2180
vn -0.5477 0.8078 -0.2180
vn -0.7210 0.6929 -0.0000
vn -0.7895 0.6138 -0.0000
vn -0.7705 0.5990 -0.2180
vn -0.7037 0.6763 -0.2180
vn -0.8493 0.5279 -0.0000
vn -0.8998 0.4362 -0.0000
vn -0.8782 0.4257 -0.2180
vn -0.8289 0.5152 -0.2180
vn -0.9405 0.3398 -0.0000
vn -0.9709 0.2396 -0.0000
vn -0.9475 0.2338 -0.2180
vn -0.9179 0.3316 -0.2180
vn -0.9906 0.1368 -0.0000
vn -0.9995 0.0325 -0.0000
vn -0.9754 0.0317 -0.2180
vn -0.9668 0.1335 -0.2180
vn -0.9974 -0.0721 -0.0000
vn -0.9844 -0.1760 -0.0000
vn -0.9607 -0.1718 -0.2180
vn -0.9734 -0.0704 -0.2180
vn -0.9606 -0.2779 -0.0000
vn -0.9263 -0.3768 -0.0000
vn -0.9040 -0.3678 -0.2180
vn -0.9375 -0.2713 -0.2180
vn -0.8818 -0.4716 -0.0000
vn -0.8277 -0.5612 -0.0000
vn -0.8078 -0.5477 -0.2181
vn -0.8606 -0.4602 -0.2180
vn -0.7645 -0.6446 -0.0000
vn -0.6929 -0.7210 -0.0000
vn -0.6763 -0.7037 -0.2180
vn -0.7461 -0.6291 -0.2180
vn -0.6138 -0.7895 -0.0000
vn -0.5279 -0.8493 -0.0000
vn -0.5152 -0.8289 -0.2180
vn -0.5990 -0.7705 -0.2180
vn -0.4362 -0.8998 -0.0000
vn -0.3398 -0.9405 -0.0000
vn -0.3316 -0.9179 -0.2180
vn -0.4257 -0.8782 -0.2180
vn -0.2396 -0.9709 -0.0000
vn -0.1368 -0.9906 -0.0000
vn -0.1335 -0.9668 -0.2180
vn -0.2338 -0.9475 -0.2180
vn -0.0325 -0.9995 -0.0000
vn 0.0721 -0.9974 -0.0000
vn 0.0704 -0.9734 -0.2180
vn -0.0317 -0.9754 -0.2180
vn 0.1760 -0.9844 -0.0000
vn 0.2779 -0.9606 -0.0000
vn 0.2713 -0.9375 -0.2180
vn 0.1718 -0.9607 -0.2180
vn 0.3768 -0.9263 -0.0000
vn 0.4716 -0.8818 -0.0000
vn 0.4602 -0.8606 -0.2180
vn 0.3678 -0.9040 -0.2180
vn 0.5612 -0.8277 -0.0000
vn 0.6446 -0.7645 -0.0000
vn 0.6291 -0.7461 -0.2181
vn 0.5477 -0.8078 -0.2180
vn 0.7210 -0.6929 -0.0000
vn 0.7895 -0.6138 -0.0000
vn 0.7705 -0.5990 -0.2180
vn 0.7037 -0.6763 -0.2180
vn 0.8493 -0.5279 -0.0000
vn 0.8998 -0.4362 -0.0000
vn 0.8782 -0.4257 -0.2180
vn 0.8289 -0.5152 -0.2180
vn 0.9405 -0.3398 -0.0000
vn 0.9709 -0.2396 -0.0000
vn 0.9475 -0.2338 -0.2180
vn 0.9179 -0.3316 -0.2180
vn 0.9906 -0.1368 -0.0000
vn 0.9995 -0.0325 -0.0000
vn 0.9754 -0.0317 -0.2180
vn 0.9668 -0.1335 -0.2180
vn 0.9974 0.0722 -0.0000
vn 0.9844 0.1760 -0.0000
vn 0.9607 0.1718 -0.2180
vn 0.9734 0.0704 -0.2180
vn 0.9606 0.2779 -0.0000
vn 0.9263 0.3768 -0.0000
vn 0.9040 0.3678 -0.2180
vn 0.9375 0.2712 -0.2180
vn 0.8818 0.4716 -0.0000
vn 0.8277 0.5612 -0.0000
vn 0.8078 0.5477 -0.2181
vn 0.8606 0.4602 -0.2180
vn 0.7645 0.6446 -0.0000
vn 0.7461 0.6291 -0.2180
vn -0.3314 -0.9173 0.2206
vn -0.4255 -0.8777 0.2206
vn -0.5153 -0.8290 -0.2173
vn -0.4258 -0.8783 -0.2174
vn -0.3316 -0.9180 -0.2174
vn -0.5149 -0.8284 0.2205
vn -0.5987 -0.7700 0.2205
vn -0.6929 -0.7210 0.0001
vn -0.6764 -0.7038 -0.2174
vn -0.5991 -0.7706 -0.2173
vn -0.6759 -0.7032 0.2205
vn -0.7457 -0.6288 0.2205
vn -0.8079 -0.5478 -0.2174
vn -0.7462 -0.6292 -0.2173
vn -0.8073 -0.5474 0.2205
vn -0.8601 -0.4600 0.2205
vn -0.9041 -0.3678 -0.2174
vn -0.8607 -0.4603 -0.2174
vn -0.9035 -0.3675 0.2206
vn -0.9369 -0.2711 0.2206
vn -0.9609 -0.1718 -0.2173
vn -0.9376 -0.2713 -0.2174
vn -0.9602 -0.1717 0.2205
vn -0.9974 -0.0722 -0.0000
vn -0.9728 -0.0704 0.2206
vn -0.9756 0.0317 -0.2174
vn -0.9735 -0.0704 -0.2174
vn -0.9749 0.0317 0.2206
vn -0.9906 0.1368 0.0001
vn -0.9662 0.1334 0.2205
vn -0.9477 0.2339 -0.2174
vn -0.9669 0.1335 -0.2173
vn -0.9470 0.2337 0.2206
vn -0.9174 0.3314 0.2205
vn -0.8783 0.4258 -0.2173
vn -0.9180 0.3316 -0.2173
vn -0.8777 0.4255 0.2205
vn -0.8284 0.5149 0.2205
vn -0.7706 0.5991 -0.2174
vn -0.8290 0.5153 -0.2173
vn -0.7700 0.5987 0.2205
vn -0.7032 0.6759 0.2206
vn -0.6446 0.7645 0.0001
vn -0.6292 0.7462 -0.2174
vn -0.7038 0.6764 -0.2174
vn -0.6288 0.7457 0.2205
vn -0.5474 0.8073 0.2205
vn -0.4603 0.8607 -0.2173
vn -0.5478 0.8079 -0.2173
vn -0.4600 0.8601 0.2206
vn -0.3675 0.9035 0.2205
vn -0.2713 0.9376 -0.2173
vn -0.3678 0.9041 -0.2174
vn -0.2711 0.9369 0.2205
vn -0.1717 0.9602 0.2205
vn -0.0704 0.9736 -0.2173
vn -0.1718 0.9609 -0.2173
vn -0.0704 0.9728 0.2205
vn 0.0317 0.9749 0.2206
vn 0.1335 0.9669 -0.2173
vn 0.0317 0.9756 -0.2174
vn 0.1334 0.9662 0.2205
vn 0.2337 0.9470 0.2205
vn 0.3398 0.9405 -0.0001
vn 0.3316 0.9180 -0.2173
vn 0.2339 0.9477 -0.2173
vn 0.3314 0.9174 0.2205
vn 0.4255 0.8777 0.2205
vn 0.5153 0.8290 -0.2173
vn 0.4258 0.8783 -0.2174
vn 0.5149 0.8284 0.2205
vn 0.5987 0.7700 0.2205
vn 0.6764 0.7038 -0.2173
vn 0.5991 0.7706 -0.2173
vn 0.6759 0.7033 0.2205
vn 0.7645 0.6446 -0.0001
vn 0.7457 0.6287 0.2205
vn 0.8079 0.5478 -0.2174
vn 0.7462 0.6292 -0.2173
vn 0.8073 0.5474 0.2205
vn 0.8818 0.4716 0.0001
vn 0.8601 0.4600 0.2205
vn 0.9041 0.3678 -0.2174
vn 0.8607 0.4603 -0.2174
vn 0.9035 0.3676 0.2205
vn 0.9369 0.2711 0.2205
vn 0.9844 0.1760 0.0001
vn 0.9609 0.1718 -0.2173
vn 0.9376 0.2713 -0.2173
vn 0.9602 0.1717 0.2205
vn 0.9974 0.0721 -0.0000
vn 0.9728 0.0704 0.2205
vn 0.9756 -0.0317 -0.2173
vn 0.9736 0.0704 -0.2173
vn 0.9749 -0.0317 0.2205
vn 0.9662 -0.1334 0.2205
vn 0.9709 -0.2396 0.0001
vn 0.9477 -0.2339 -0.2174
vn 0.9669 -0.1335 -0.2173
vn 0.9470 -0.2337 0.2205
vn 0.9174 -0.3314 0.2205
vn 0.8998 -0.4362 0.0001
vn 0.8783 -0.4258 -0.2174
vn 0.9180 -0.3316 -0.2174
vn 0.8777 -0.4255 0.2205
vn 0.8284 -0.5149 0.2205
vn 0.7706 -0.5991 -0.2174
vn 0.8290 -0.5153 -0.2174
vn 0.7701 -0.5987 0.2205
vn 0.7210 -0.6929 0.0001
vn 0.7033 -0.6759 0.2205
vn 0.6446 -0.7645 0.0001
vn 0.6292 -0.7462 -0.2173
vn 0.7038 -0.6764 -0.2174
vn 0.6288 -0.7457 0.2205
vn 0.5474 -0.8073 0.2205
vn 0.4716 -0.8818 0.0001
vn 0.4603 -0.8607 -0.2173
vn 0.5478 -0.8079 -0.2173
vn 0.4600 -0.8601 0.2206
vn 0.3768 -0.9263 0.0001
vn 0.3676 -0.9035 0.2205
vn 0.2779 -0.9606 -0.0001
vn 0.2713 -0.9376 -0.2173
vn 0.3678 -0.9041 -0.2174
vn 0.2711 -0.9369 0.2205
vn 0.1717 -0.9602 0.2205
vn 0.0722 -0.9974 -0.0000
vn 0.0704 -0.9736 -0.2173
vn 0.1718 -0.9609 -0.2174
vn 0.0704 -0.9729 0.2205
vn -0.0325 -0.9995 0.0001
vn -0.0317 -0.9749 0.2206
vn -0.1335 -0.9669 -0.2173
vn -0.0317 -0.9756 -0.2174
vn -0.1334 -0.9662 0.2205
vn -0.2396 -0.9709 0.0001
vn -0.2337 -0.9470 0.2205
vn -0.2339 -0.9477 -0.2173
vn -0.0521 0.2663 -0.9625
vn -0.0694 -0.2646 -0.9619
vn 0.3303 0.6748 0.6600
vn 0.1112 0.4931 -0.8628
vn 0.0521 -0.2663 -0.9625
vn 0.0694 0.2646 -0.9619
vn -0.3303 -0.6747 0.6600
vn -0.1112 -0.4931 -0.8628
vt 0.080561 0.214386
vt 0.089519 0.217221
vt 0.079996 0.216264
vt 0.198016 0.026848
vt 0.219337 0.037769
vt 0.198144 0.038114
vt 0.170128 0.011771
vt 0.165566 0.021304
vt 0.165335 0.013638
vt 0.089666 0.215302
vt 0.099043 0.216173
vt 0.098770 0.214300
vt 0.108150 0.213165
vt 0.107476 0.211424
vt 0.116443 0.208329
vt 0.208843 0.195805
vt 0.205771 0.202964
vt 0.206764 0.194622
vt 0.207894 0.203780
vt 0.205161 0.212116
vt 0.207310 0.212528
vt 0.204960 0.221676
vt 0.207119 0.221667
vt 0.205178 0.231228
vt 0.207327 0.230798
vt 0.205805 0.240353
vt 0.207926 0.239521
vt 0.206813 0.248653
vt 0.131311 0.157683
vt 0.129188 0.148203
vt 0.133083 0.156948
vt 0.127587 0.149324
vt 0.123560 0.140469
vt 0.122207 0.141931
vt 0.116443 0.134084
vt 0.115404 0.135827
vt 0.108150 0.129327
vt 0.107476 0.131280
vt 0.099043 0.126406
vt 0.098770 0.128487
vt 0.089519 0.125449
vt 0.089666 0.127572
vt 0.079996 0.126497
vt 0.080561 0.128574
vt 0.070888 0.129505
vt 0.071855 0.131449
vt 0.062595 0.134341
vt 0.063927 0.136072
vt 0.055479 0.140793
vt 0.057125 0.142241
vt 0.049850 0.148581
vt 0.051744 0.149685
vt 0.045955 0.157363
vt 0.048020 0.158080
vt 0.043964 0.166756
vt 0.046117 0.167059
vt 0.043964 0.176348
vt 0.046117 0.176230
vt 0.045955 0.185722
vt 0.048020 0.185190
vt 0.049850 0.194467
vt 0.051744 0.193550
vt 0.055479 0.202201
vt 0.057125 0.200943
vt 0.062595 0.208586
vt 0.063927 0.207047
vt 0.070888 0.213343
vt 0.115046 0.206303
vt 0.107231 0.210860
vt 0.072120 0.211027
vt 0.071855 0.211594
vt 0.181841 0.027959
vt 0.181962 0.038564
vt 0.151600 0.198275
vt 0.139651 0.187132
vt 0.152845 0.187820
vt 0.170373 0.019890
vt 0.170556 0.029106
vt 0.170707 0.049192
vt 0.182003 0.049450
vt 0.150835 0.209745
vt 0.138381 0.197801
vt 0.150584 0.221727
vt 0.137601 0.209505
vt 0.150857 0.233698
vt 0.137344 0.221732
vt 0.151643 0.245135
vt 0.137623 0.233947
vt 0.152906 0.255537
vt 0.138425 0.245618
vt 0.154593 0.264452
vt 0.139714 0.256233
vt 0.290565 0.146737
vt 0.304002 0.157336
vt 0.290742 0.156558
vt 0.290444 0.135681
vt 0.303821 0.147314
vt 0.290383 0.123875
vt 0.303697 0.136032
vt 0.290387 0.111833
vt 0.303635 0.123984
vt 0.290454 0.100082
vt 0.303639 0.111697
vt 0.290582 0.089136
vt 0.303707 0.099706
vt 0.290764 0.079474
vt 0.303837 0.088536
vt 0.265889 0.237385
vt 0.279660 0.247356
vt 0.266470 0.246498
vt 0.265461 0.226834
vt 0.279067 0.238057
vt 0.265203 0.215307
vt 0.278630 0.227291
vt 0.265129 0.203307
vt 0.278368 0.215528
vt 0.265240 0.191359
vt 0.278292 0.203283
vt 0.265532 0.179985
vt 0.278405 0.191091
vt 0.265992 0.169681
vt 0.278703 0.179484
vt 0.266600 0.160899
vt 0.279172 0.168970
vt 0.219203 0.072725
vt 0.232298 0.083328
vt 0.218987 0.082598
vt 0.219337 0.061634
vt 0.232519 0.073253
vt 0.219383 0.049809
vt 0.232656 0.061935
vt 0.234424 0.013913
vt 0.235466 0.025239
vt 0.234649 0.025250
vt 0.233584 0.025430
vt 0.233361 0.014196
vt 0.219203 0.026038
vt 0.232656 0.037583
vt 0.197808 0.016371
vt 0.198188 0.049679
vt 0.232519 0.025613
vt 0.233722 0.037512
vt 0.165739 0.030007
vt 0.165845 0.039367
vt 0.170669 0.039018
vt 0.121751 0.200222
vt 0.115404 0.206802
vt 0.127055 0.192884
vt 0.122207 0.200633
vt 0.130725 0.184609
vt 0.127587 0.193188
vt 0.132601 0.175759
vt 0.131311 0.184793
vt 0.132601 0.166720
vt 0.133214 0.175814
vt 0.130725 0.157887
vt 0.133214 0.166644
vt 0.127055 0.149647
vt 0.121751 0.142359
vt 0.115046 0.136343
vt 0.107231 0.131861
vt 0.098649 0.129108
vt 0.089675 0.128206
vt 0.080702 0.129194
vt 0.072120 0.132028
vt 0.064305 0.136585
vt 0.057600 0.142665
vt 0.052296 0.150003
vt 0.048626 0.158278
vt 0.046750 0.167129
vt 0.046750 0.176168
vt 0.048626 0.185001
vt 0.052296 0.193241
vt 0.057600 0.200528
vt 0.064305 0.206545
vt 0.165845 0.058408
vt 0.165882 0.048974
vt 0.218697 0.005523
vt 0.232298 0.014482
vt 0.218987 0.015131
vt 0.241530 0.018532
vt 0.242168 0.010661
vt 0.242465 0.010676
vt 0.141356 0.177964
vt 0.154515 0.178836
vt 0.201679 0.193038
vt 0.191678 0.182925
vt 0.203090 0.185446
vt 0.200627 0.201872
vt 0.190168 0.191048
vt 0.199981 0.211563
vt 0.189042 0.200500
vt 0.199768 0.221688
vt 0.188351 0.210870
vt 0.199999 0.231803
vt 0.188124 0.221703
vt 0.200663 0.241467
vt 0.188370 0.232526
vt 0.201731 0.250257
vt 0.189081 0.242866
vt 0.203156 0.257789
vt 0.190223 0.252271
vt 0.242393 0.142359
vt 0.253655 0.152908
vt 0.242543 0.150658
vt 0.242291 0.133017
vt 0.253495 0.144029
vt 0.242240 0.123041
vt 0.253385 0.134033
vt 0.242243 0.112866
vt 0.253330 0.123359
vt 0.242299 0.102937
vt 0.253334 0.112472
vt 0.242407 0.093688
vt 0.253394 0.101848
vt 0.242561 0.085523
vt 0.253509 0.091952
vt 0.218176 0.232285
vt 0.229645 0.242469
vt 0.218667 0.239985
vt 0.217814 0.223370
vt 0.229120 0.234230
vt 0.217597 0.213630
vt 0.228733 0.224691
vt 0.217534 0.203491
vt 0.228500 0.214270
vt 0.217628 0.193395
vt 0.228433 0.203421
vt 0.217874 0.183784
vt 0.228533 0.192618
vt 0.218263 0.175078
vt 0.228797 0.182335
vt 0.218777 0.167657
vt 0.229213 0.173019
vt 0.170556 0.068555
vt 0.181645 0.079094
vt 0.170373 0.076898
vt 0.170669 0.059183
vt 0.181841 0.070168
vt 0.181962 0.060140
vt 0.197529 0.007142
vt 0.233769 0.049913
vt 0.234122 0.003927
vt 0.233062 0.004300
vt 0.232003 0.004678
vt 0.136124 0.197362
vt 0.138534 0.186812
vt 0.137252 0.197581
vt 0.135329 0.209283
vt 0.136465 0.209394
vt 0.135068 0.221737
vt 0.136206 0.221734
vt 0.135352 0.234179
vt 0.136487 0.234064
vt 0.136169 0.246066
vt 0.137296 0.245843
vt 0.137482 0.256878
vt 0.138598 0.256557
vt 0.139235 0.266143
vt 0.140335 0.265738
vt 0.305891 0.147848
vt 0.305038 0.157698
vt 0.304856 0.147583
vt 0.305765 0.136358
vt 0.304731 0.136196
vt 0.305702 0.124086
vt 0.304668 0.124036
vt 0.305706 0.111570
vt 0.304672 0.111633
vt 0.305775 0.099357
vt 0.304741 0.099531
vt 0.305908 0.087981
vt 0.304873 0.088257
vt 0.306098 0.077938
vt 0.305061 0.078305
vt 0.281091 0.238679
vt 0.280677 0.247756
vt 0.280079 0.238370
vt 0.280645 0.227714
vt 0.279638 0.227503
vt 0.280378 0.215733
vt 0.279373 0.215631
vt 0.280301 0.203261
vt 0.279296 0.203272
vt 0.280416 0.190842
vt 0.279410 0.190966
vt 0.280719 0.179020
vt 0.279711 0.179251
vt 0.281197 0.168312
vt 0.280184 0.168639
vt 0.234424 0.084036
vt 0.233062 0.092155
vt 0.233361 0.083684
vt 0.234649 0.073774
vt 0.233584 0.073515
vt 0.234788 0.062246
vt 0.233722 0.062091
vt 0.234835 0.049956
vt 0.235605 0.037436
vt 0.234788 0.037442
vt 0.235652 0.049956
vt 0.235677 0.003922
vt 0.235241 0.013897
vt 0.234939 0.003906
vt 0.157652 0.045630
vt 0.153833 0.034024
vt 0.158810 0.045231
vt 0.134603 0.197362
vt 0.136615 0.186480
vt 0.135321 0.197352
vt 0.160142 0.057390
vt 0.161354 0.057246
vt 0.133808 0.209283
vt 0.134525 0.209278
vt 0.160142 0.069428
vt 0.161354 0.069543
vt 0.133547 0.221737
vt 0.134264 0.221737
vt 0.157652 0.081215
vt 0.158810 0.081585
vt 0.133831 0.234179
vt 0.134548 0.234184
vt 0.152780 0.092238
vt 0.153833 0.092846
vt 0.134647 0.246066
vt 0.135365 0.246077
vt 0.145739 0.102014
vt 0.146641 0.102833
vt 0.135961 0.256878
vt 0.136679 0.256894
vt 0.136838 0.110116
vt 0.137547 0.111110
vt 0.137714 0.266143
vt 0.138433 0.266163
vt 0.126465 0.116190
vt 0.126950 0.117316
vt 0.307446 0.147849
vt 0.306891 0.158074
vt 0.306707 0.147861
vt 0.115073 0.119971
vt 0.115312 0.121178
vt 0.307319 0.136358
vt 0.306580 0.136365
vt 0.103161 0.121293
vt 0.103143 0.122529
vt 0.307257 0.124086
vt 0.306518 0.124089
vt 0.091248 0.120099
vt 0.090973 0.121309
vt 0.307260 0.111570
vt 0.306521 0.111567
vt 0.079857 0.116440
vt 0.079335 0.117571
vt 0.307330 0.099357
vt 0.306591 0.099349
vt 0.069484 0.110477
vt 0.068738 0.111479
vt 0.307463 0.087981
vt 0.306724 0.087967
vt 0.060582 0.102471
vt 0.059644 0.103300
vt 0.307653 0.077938
vt 0.306914 0.077920
vt 0.053542 0.092770
vt 0.052452 0.093390
vt 0.282642 0.238680
vt 0.282507 0.248170
vt 0.281903 0.238695
vt 0.048670 0.081800
vt 0.047475 0.082182
vt 0.282196 0.227714
vt 0.281458 0.227724
vt 0.046179 0.070039
vt 0.044931 0.070167
vt 0.281929 0.215733
vt 0.281191 0.215738
vt 0.046179 0.058002
vt 0.044931 0.057870
vt 0.281851 0.203261
vt 0.281113 0.203260
vt 0.048670 0.046214
vt 0.047475 0.045828
vt 0.281967 0.190842
vt 0.281228 0.190836
vt 0.053542 0.035191
vt 0.052452 0.034567
vt 0.282270 0.179020
vt 0.281532 0.179009
vt 0.060582 0.025415
vt 0.059644 0.024580
vt 0.282748 0.168311
vt 0.282010 0.168295
vt 0.069483 0.017313
vt 0.068738 0.016303
vt 0.283380 0.159183
vt 0.282642 0.159164
vt 0.079857 0.011239
vt 0.079335 0.010098
vt 0.236203 0.073769
vt 0.235241 0.084051
vt 0.235466 0.073784
vt 0.091248 0.007458
vt 0.090973 0.006235
vt 0.236342 0.062241
vt 0.235605 0.062251
vt 0.103161 0.006136
vt 0.103142 0.004885
vt 0.236389 0.049952
vt 0.115073 0.007330
vt 0.115312 0.006105
vt 0.243424 0.003906
vt 0.243720 0.003925
vt 0.160469 0.289272
vt 0.145605 0.300399
vt 0.145699 0.288790
vt 0.173892 0.189150
vt 0.175497 0.180520
vt 0.172697 0.199192
vt 0.140255 0.177559
vt 0.171962 0.210208
vt 0.171721 0.221717
vt 0.171983 0.233215
vt 0.172738 0.244200
vt 0.173952 0.254192
vt 0.175572 0.262754
vt 0.269496 0.145621
vt 0.269666 0.155055
vt 0.141435 0.265330
vt 0.269379 0.135002
vt 0.269322 0.123662
vt 0.269325 0.112096
vt 0.269389 0.100810
vt 0.269512 0.090296
vt 0.269687 0.081015
vt 0.244958 0.236085
vt 0.245516 0.244838
vt 0.304024 0.078676
vt 0.244547 0.225952
vt 0.244300 0.214880
vt 0.244228 0.203354
vt 0.244334 0.191878
vt 0.244615 0.180953
vt 0.245057 0.171057
vt 0.245640 0.162621
vt 0.198016 0.071689
vt 0.197808 0.081173
vt 0.232003 0.091721
vt 0.198144 0.061036
vt 0.232702 0.049869
vt 0.236342 0.037437
vt 0.137418 0.186496
vt 0.138352 0.177138
vt 0.139154 0.177158
vt 0.306075 0.158056
vt 0.281694 0.248151
vt 0.281829 0.159184
vt 0.254480 0.061820
vt 0.253989 0.054618
vt 0.254285 0.054605
vt 0.236203 0.025245
vt 0.235978 0.013908
vt 0.098649 0.213694
vt 0.089675 0.214681
vt 0.152007 0.153124
vt 0.142840 0.148066
vt 0.148891 0.146131
vt 0.208097 0.187453
vt 0.208159 0.255766
vt 0.191748 0.260330
vt 0.237865 0.148866
vt 0.237724 0.141029
vt 0.237627 0.132208
vt 0.237579 0.122788
vt 0.237582 0.113179
vt 0.237635 0.103804
vt 0.237737 0.095070
vt 0.237883 0.087360
vt 0.253675 0.083216
vt 0.214086 0.238008
vt 0.213622 0.230737
vt 0.213281 0.222318
vt 0.213075 0.213121
vt 0.213016 0.203546
vt 0.213104 0.194013
vt 0.213337 0.184937
vt 0.213704 0.176716
vt 0.165335 0.081698
vt 0.165566 0.075136
vt 0.229762 0.165080
vt 0.165739 0.067258
vt 0.240955 0.027150
vt 0.241232 0.018522
vt 0.181645 0.018097
vt 0.253852 0.046421
vt 0.253479 0.037610
vt 0.253778 0.037607
vt 0.159946 0.127176
vt 0.147299 0.131012
vt 0.148891 0.123546
vt 0.162073 0.122420
vt 0.254068 0.028562
vt 0.253772 0.028560
vt 0.151781 0.163550
vt 0.146323 0.156370
vt 0.146496 0.156273
vt 0.158462 0.169578
vt 0.151633 0.163681
vt 0.166248 0.174095
vt 0.158345 0.169738
vt 0.174798 0.176902
vt 0.166167 0.174276
vt 0.183740 0.177878
vt 0.174758 0.177096
vt 0.192681 0.176979
vt 0.183741 0.178077
vt 0.201231 0.174245
vt 0.192724 0.177174
vt 0.209017 0.169796
vt 0.201314 0.174427
vt 0.215698 0.163825
vt 0.209137 0.169956
vt 0.220983 0.156593
vt 0.215849 0.163957
vt 0.224640 0.148418
vt 0.221158 0.156692
vt 0.226509 0.139656
vt 0.224832 0.148479
vt 0.226509 0.130689
vt 0.226710 0.139675
vt 0.224640 0.121911
vt 0.226710 0.130667
vt 0.220983 0.113704
vt 0.224832 0.121847
vt 0.215698 0.106427
vt 0.221158 0.113602
vt 0.209017 0.100399
vt 0.215849 0.106291
vt 0.201231 0.095882
vt 0.209137 0.100234
vt 0.192681 0.093074
vt 0.201314 0.095697
vt 0.183740 0.092099
vt 0.192724 0.092876
vt 0.174798 0.092997
vt 0.183741 0.091896
vt 0.166248 0.095731
vt 0.174758 0.092799
vt 0.158462 0.100181
vt 0.166167 0.095545
vt 0.151781 0.106152
vt 0.158345 0.100016
vt 0.146496 0.113383
vt 0.151633 0.106015
vt 0.142840 0.121559
vt 0.146323 0.113280
vt 0.135897 0.186495
vt 0.173989 0.145726
vt 0.183698 0.134979
vt 0.179229 0.148766
vt 0.136838 0.016952
vt 0.145525 0.025182
vt 0.136673 0.017219
vt 0.254184 0.061838
vt 0.253689 0.054631
vt 0.140970 0.139288
vt 0.140772 0.130297
vt 0.140970 0.130321
vt 0.147299 0.138651
vt 0.158858 0.132273
vt 0.158858 0.137489
vt 0.191000 0.147583
vt 0.195496 0.143565
vt 0.156509 0.159324
vt 0.159946 0.142595
vt 0.162073 0.147369
vt 0.165147 0.151602
vt 0.169033 0.155109
vt 0.168836 0.168309
vt 0.173563 0.157736
vt 0.176121 0.170701
vt 0.178536 0.159370
vt 0.183740 0.171532
vt 0.183738 0.159937
vt 0.191358 0.170766
vt 0.188939 0.159414
vt 0.198643 0.168437
vt 0.193913 0.157824
vt 0.205277 0.164646
vt 0.198442 0.155235
vt 0.210970 0.159558
vt 0.202328 0.151762
vt 0.215472 0.153397
vt 0.205402 0.147556
vt 0.218588 0.146431
vt 0.207529 0.142800
vt 0.220181 0.138965
vt 0.208617 0.137703
vt 0.220181 0.131325
vt 0.208617 0.132487
vt 0.218588 0.123846
vt 0.207529 0.127380
vt 0.215472 0.116853
vt 0.205402 0.122606
vt 0.210970 0.110653
vt 0.202328 0.118373
vt 0.205277 0.105516
vt 0.198442 0.114867
vt 0.198643 0.101668
vt 0.193913 0.112239
vt 0.191358 0.099276
vt 0.188939 0.110606
vt 0.183740 0.098445
vt 0.183738 0.110038
vt 0.176121 0.099210
vt 0.178536 0.110561
vt 0.168836 0.101540
vt 0.173563 0.112152
vt 0.162202 0.105331
vt 0.169033 0.114740
vt 0.156509 0.110419
vt 0.165147 0.118213
vt 0.152007 0.116580
vt 0.142649 0.148125
vt 0.241823 0.018543
vt 0.242758 0.010691
vt 0.185246 0.149422
vt 0.241249 0.027156
vt 0.197956 0.138063
vt 0.241060 0.036154
vt 0.241265 0.045143
vt 0.240766 0.036154
vt 0.197956 0.132029
vt 0.241855 0.053732
vt 0.240972 0.045149
vt 0.242804 0.061544
vt 0.241562 0.053742
vt 0.244071 0.068238
vt 0.242511 0.061559
vt 0.257944 0.054453
vt 0.258371 0.061845
vt 0.258077 0.061828
vt 0.195496 0.126506
vt 0.191000 0.122450
vt 0.257852 0.046150
vt 0.258238 0.054465
vt 0.257807 0.037284
vt 0.258147 0.046158
vt 0.257810 0.028241
vt 0.258101 0.037286
vt 0.257860 0.019417
vt 0.258104 0.028238
vt 0.185246 0.120560
vt 0.179229 0.121165
vt 0.257956 0.011197
vt 0.258154 0.019409
vt 0.258093 0.003941
vt 0.258250 0.011184
vt 0.173989 0.124160
vt 0.248264 0.061382
vt 0.248993 0.068244
vt 0.248700 0.068225
vt 0.247942 0.053459
vt 0.248557 0.061397
vt 0.170433 0.129026
vt 0.247749 0.044803
vt 0.248235 0.053469
vt 0.247693 0.035792
vt 0.248041 0.044808
vt 0.247776 0.026819
vt 0.247985 0.035791
vt 0.247996 0.018278
vt 0.248069 0.026813
vt 0.126357 0.011289
vt 0.126465 0.010989
vt 0.248341 0.010540
vt 0.248288 0.018267
vt 0.248797 0.003945
vt 0.248634 0.010525
vt 0.254256 0.011354
vt 0.254146 0.003923
vt 0.254441 0.003940
vt 0.254129 0.019683
vt 0.253960 0.011342
vt 0.253834 0.019675
vt 0.142649 0.121494
vt 0.140772 0.139305
vt 0.145739 0.024959
vt 0.137547 0.015934
vt 0.146641 0.024114
vt 0.209242 0.292331
vt 0.199541 0.301363
vt 0.199623 0.291226
vt 0.240658 0.027145
vt 0.254147 0.046413
vt 0.240469 0.036154
vt 0.162202 0.164460
vt 0.240674 0.045154
vt 0.241265 0.053753
vt 0.243779 0.068257
vt 0.242215 0.061574
vt 0.258669 0.061862
vt 0.258536 0.054478
vt 0.258445 0.046166
vt 0.258400 0.037289
vt 0.258402 0.028235
vt 0.258453 0.019401
vt 0.258388 0.003924
vt 0.258549 0.011171
vt 0.249290 0.068263
vt 0.248853 0.061412
vt 0.248531 0.053479
vt 0.248338 0.044813
vt 0.248282 0.035791
vt 0.248365 0.026807
vt 0.248584 0.018256
vt 0.249090 0.003926
vt 0.248930 0.010509
vt 0.253846 0.003906
vt 0.253661 0.011329
vt 0.253534 0.019668
vt 0.253473 0.028558
vt 0.254074 0.037604
vt 0.253552 0.046430
vt 0.244012 0.003945
vt 0.138123 0.015140
vt 0.147368 0.023456
vt 0.154680 0.033531
vt 0.159740 0.044925
vt 0.162327 0.057140
vt 0.162327 0.069642
vt 0.159740 0.081884
vt 0.154680 0.093332
vt 0.147368 0.103486
vt 0.138123 0.111901
vt 0.127349 0.118210
vt 0.115518 0.122136
vt 0.103145 0.123510
vt 0.090773 0.122269
vt 0.078942 0.118469
vt 0.068168 0.112276
vt 0.058923 0.103960
vt 0.051611 0.093885
vt 0.046551 0.082491
vt 0.043964 0.070276
vt 0.043964 0.057774
vt 0.046551 0.045532
vt 0.051611 0.034083
vt 0.058923 0.023930
vt 0.068168 0.015515
vt 0.078942 0.009206
vt 0.090773 0.005279
vt 0.103145 0.003906
vt 0.115517 0.005147
vt 0.126950 0.009842
vt 0.152780 0.034659
vt 0.145138 0.300350
vt 0.145233 0.288656
vt 0.145851 0.277976
vt 0.145386 0.277763
vt 0.146054 0.268430
vt 0.128452 0.217340
vt 0.128550 0.226647
vt 0.127976 0.217644
vt 0.129030 0.226409
vt 0.128973 0.237071
vt 0.129456 0.236909
vt 0.129227 0.248459
vt 0.129712 0.248381
vt 0.129301 0.260315
vt 0.129787 0.260323
vt 0.129191 0.272119
vt 0.129676 0.272214
vt 0.128903 0.283357
vt 0.129386 0.283534
vt 0.128448 0.293536
vt 0.126357 0.115910
vt 0.114993 0.119285
vt 0.126239 0.115553
vt 0.115028 0.119670
vt 0.103232 0.120591
vt 0.344459 0.254795
vt 0.343875 0.265955
vt 0.344017 0.254998
vt 0.344317 0.265833
vt 0.343820 0.277637
vt 0.344261 0.277601
vt 0.343854 0.289533
vt 0.344296 0.289583
vt 0.343977 0.301122
vt 0.060839 0.102266
vt 0.054245 0.092431
vt 0.061196 0.102008
vt 0.053837 0.092619
vt 0.049436 0.081600
vt 0.048992 0.081709
vt 0.046977 0.069989
vt 0.046515 0.070013
vt 0.046977 0.058106
vt 0.046515 0.058042
vt 0.049436 0.046468
vt 0.048992 0.046320
vt 0.054245 0.035586
vt 0.053837 0.035358
vt 0.061196 0.025935
vt 0.060838 0.025636
vt 0.069984 0.017936
vt 0.069691 0.017579
vt 0.080225 0.011939
vt 0.080007 0.011538
vt 0.091472 0.008206
vt 0.091335 0.007778
vt 0.103232 0.006901
vt 0.145233 0.335087
vt 0.145605 0.323961
vt 0.145699 0.334884
vt 0.145138 0.324084
vt 0.145573 0.312296
vt 0.183144 0.312043
vt 0.160377 0.300596
vt 0.183174 0.300913
vt 0.209139 0.311458
vt 0.209165 0.301777
vt 0.199933 0.273448
vt 0.183404 0.279935
vt 0.183594 0.271004
vt 0.160815 0.269413
vt 0.160617 0.278724
vt 0.071965 0.085715
vt 0.077118 0.094209
vt 0.069973 0.087712
vt 0.209365 0.283532
vt 0.199756 0.281783
vt 0.074855 0.239870
vt 0.090940 0.228741
vt 0.091336 0.238493
vt 0.063041 0.070129
vt 0.064322 0.079865
vt 0.060412 0.071013
vt 0.209531 0.275765
vt 0.075077 0.249815
vt 0.091573 0.249148
vt 0.061175 0.061289
vt 0.058413 0.061540
vt 0.064764 0.232702
vt 0.073984 0.222907
vt 0.074485 0.230768
vt 0.075141 0.260167
vt 0.091643 0.260240
vt 0.061175 0.052256
vt 0.058413 0.051862
vt 0.065108 0.241184
vt 0.075045 0.270474
vt 0.091540 0.271284
vt 0.063041 0.043427
vt 0.060412 0.042402
vt 0.065315 0.250451
vt 0.074794 0.280287
vt 0.091270 0.281797
vt 0.066691 0.035186
vt 0.064322 0.033573
vt 0.065375 0.260097
vt 0.074397 0.289175
vt 0.090845 0.291321
vt 0.071965 0.027895
vt 0.069973 0.025761
vt 0.065286 0.269702
vt 0.073872 0.296751
vt 0.090283 0.299438
vt 0.078633 0.021871
vt 0.077118 0.019306
vt 0.065051 0.278846
vt 0.290512 0.258608
vt 0.306878 0.247728
vt 0.306670 0.256854
vt 0.086403 0.017379
vt 0.085443 0.014493
vt 0.064681 0.287129
vt 0.290388 0.268176
vt 0.306537 0.267106
vt 0.094937 0.014613
vt 0.094587 0.011530
vt 0.064193 0.294189
vt 0.290340 0.278377
vt 0.306486 0.278036
vt 0.103861 0.013696
vt 0.104148 0.010547
vt 0.281085 0.260267
vt 0.290706 0.250090
vt 0.290370 0.288764
vt 0.306518 0.289165
vt 0.112784 0.014667
vt 0.113709 0.011588
vt 0.280970 0.269183
vt 0.290477 0.298883
vt 0.306632 0.300007
vt 0.121318 0.017484
vt 0.122852 0.014606
vt 0.280925 0.278689
vt 0.290656 0.308293
vt 0.306824 0.310090
vt 0.129089 0.022024
vt 0.131178 0.019470
vt 0.280953 0.288368
vt 0.290898 0.316583
vt 0.307084 0.318971
vt 0.135757 0.028088
vt 0.138323 0.025967
vt 0.281053 0.297798
vt 0.266117 0.317099
vt 0.249247 0.327478
vt 0.250791 0.319173
vt 0.141031 0.035411
vt 0.143974 0.033814
vt 0.281219 0.306567
vt 0.267191 0.308079
vt 0.251941 0.309509
vt 0.144680 0.043674
vt 0.147884 0.042667
vt 0.281446 0.314291
vt 0.267851 0.298185
vt 0.252648 0.298908
vt 0.146546 0.052515
vt 0.149883 0.052139
vt 0.274878 0.315120
vt 0.264676 0.324850
vt 0.268067 0.287848
vt 0.252880 0.287833
vt 0.146546 0.061547
vt 0.149883 0.061817
vt 0.275878 0.306715
vt 0.267832 0.277521
vt 0.252628 0.276768
vt 0.144680 0.070376
vt 0.147884 0.071277
vt 0.276493 0.297495
vt 0.267154 0.267655
vt 0.251902 0.266196
vt 0.141031 0.078617
vt 0.143974 0.080106
vt 0.276695 0.287863
vt 0.266064 0.258680
vt 0.250734 0.256581
vt 0.135757 0.085908
vt 0.138323 0.087919
vt 0.276476 0.278240
vt 0.199756 0.339947
vt 0.183594 0.349795
vt 0.183404 0.342254
vt 0.129089 0.091932
vt 0.131178 0.094373
vt 0.275844 0.269046
vt 0.199623 0.331474
vt 0.183262 0.333176
vt 0.121318 0.096425
vt 0.122853 0.099186
vt 0.274828 0.260683
vt 0.199541 0.321937
vt 0.183174 0.322957
vt 0.112784 0.099190
vt 0.113709 0.102149
vt 0.209365 0.337733
vt 0.199933 0.346986
vt 0.199513 0.311751
vt 0.088527 0.091345
vt 0.094937 0.099136
vt 0.086403 0.096319
vt 0.209242 0.329837
vt 0.094587 0.102092
vt 0.085443 0.099073
vt 0.095979 0.093805
vt 0.103861 0.100107
vt 0.209165 0.320949
vt 0.078633 0.091779
vt 0.090403 0.220318
vt 0.157372 0.045739
vt 0.152527 0.034829
vt 0.104148 0.103132
vt 0.159849 0.057435
vt 0.159849 0.069405
vt 0.157372 0.081128
vt 0.152527 0.092090
vt 0.145525 0.101812
vt 0.136673 0.109869
vt 0.103182 0.120984
vt 0.091335 0.119797
vt 0.080007 0.116158
vt 0.069691 0.110228
vt 0.103182 0.006463
vt 0.115028 0.007651
vt 0.081740 0.087380
vt 0.066691 0.078392
vt 0.085782 0.081792
vt 0.075917 0.082084
vt 0.111566 0.093852
vt 0.103772 0.094653
vt 0.068124 0.068473
vt 0.066495 0.060752
vt 0.066495 0.052864
vt 0.068124 0.045153
vt 0.071311 0.037956
vt 0.075917 0.031589
vt 0.081740 0.026328
vt 0.088527 0.022404
vt 0.095979 0.019989
vt 0.103772 0.019188
vt 0.111566 0.020036
vt 0.119018 0.022497
vt 0.125805 0.026461
vt 0.131628 0.031757
vt 0.136234 0.038153
vt 0.139421 0.045369
vt 0.141050 0.053089
vt 0.141050 0.060978
vt 0.139421 0.068688
vt 0.136234 0.075885
vt 0.131628 0.082253
vt 0.125805 0.087513
vt 0.119018 0.091437
vt 0.091323 0.085030
vt 0.097409 0.087039
vt 0.071311 0.075689
vt 0.073333 0.060049
vt 0.084011 0.061105
vt 0.074663 0.066354
vt 0.081027 0.077468
vt 0.110136 0.087077
vt 0.103772 0.087731
vt 0.073333 0.053608
vt 0.074663 0.047312
vt 0.077266 0.041435
vt 0.081027 0.036236
vt 0.085782 0.031940
vt 0.091323 0.028736
vt 0.097409 0.026764
vt 0.103772 0.026110
vt 0.110136 0.026803
vt 0.116221 0.028812
vt 0.121763 0.032049
vt 0.126518 0.036373
vt 0.130279 0.041596
vt 0.132881 0.047488
vt 0.134212 0.053792
vt 0.134212 0.060233
vt 0.132881 0.066530
vt 0.130279 0.072406
vt 0.126518 0.077606
vt 0.121763 0.081901
vt 0.116222 0.085105
vt 0.093672 0.074519
vt 0.077266 0.072246
vt 0.101662 0.077157
vt 0.087428 0.068841
vt 0.110018 0.076298
vt 0.087428 0.044932
vt 0.084011 0.052647
vt 0.093672 0.039292
vt 0.101662 0.036702
vt 0.110018 0.037612
vt 0.117293 0.041862
vt 0.122232 0.048719
vt 0.123978 0.056997
vt 0.122232 0.065264
vt 0.117293 0.072091
vt 0.169175 0.134922
vt 0.170433 0.140830
vt 0.103778 0.056974
vt 0.127349 0.008947
vt 0.183262 0.290052
vt 0.113763 0.227446
vt 0.114176 0.237613
vt 0.114423 0.248722
vt 0.114495 0.260286
vt 0.114388 0.271801
vt 0.114107 0.282762
vt 0.113664 0.292691
vt 0.113078 0.301154
vt 0.127848 0.302213
vt 0.329329 0.255707
vt 0.344239 0.245243
vt 0.329191 0.266395
vt 0.329137 0.277790
vt 0.329171 0.289393
vt 0.329290 0.300698
vt 0.329490 0.311210
vt 0.344181 0.311899
vt 0.329761 0.320469
vt 0.344459 0.321392
vt 0.228925 0.320498
vt 0.213093 0.330192
vt 0.214743 0.321316
vt 0.230125 0.310423
vt 0.215973 0.310986
vt 0.230862 0.299370
vt 0.216728 0.299655
vt 0.231104 0.287823
vt 0.216976 0.287817
vt 0.230841 0.276286
vt 0.216707 0.275990
vt 0.230084 0.265265
vt 0.215931 0.264690
vt 0.228866 0.255240
vt 0.214682 0.254413
vt 0.227241 0.246649
vt 0.213016 0.245606
vt 0.160469 0.334234
vt 0.145851 0.344588
vt 0.160377 0.323579
vt 0.080702 0.213779
vt 0.160346 0.312201
vt 0.113203 0.218664
vt 0.329546 0.246192
vt 0.227316 0.329157
vt 0.160617 0.343699
vt 0.181383 0.009410
vt 0.145106 0.312334
vt 0.174143 0.513302
vt 0.170951 0.507779
vt 0.174837 0.508322
vt 0.180282 0.537075
vt 0.184051 0.542328
vt 0.180282 0.542376
vt 0.180123 0.500187
vt 0.184779 0.504497
vt 0.180226 0.503861
vt 0.184676 0.500823
vt 0.188462 0.505750
vt 0.176999 0.522576
vt 0.173961 0.517753
vt 0.178104 0.519069
vt 0.184564 0.509484
vt 0.178911 0.514164
vt 0.179659 0.508799
vt 0.179718 0.498522
vt 0.184535 0.499195
vt 0.188407 0.502776
vt 0.178518 0.537138
vt 0.175685 0.541914
vt 0.175685 0.536905
vt 0.183816 0.514849
vt 0.188741 0.510265
vt 0.188046 0.515245
vt 0.186542 0.519511
vt 0.188741 0.519819
vt 0.185675 0.522357
vt 0.179563 0.532072
vt 0.176970 0.529444
vt 0.178134 0.528242
vt 0.178148 0.546445
vt 0.178518 0.542147
vt 0.181552 0.523212
vt 0.182657 0.519705
vt 0.169249 0.517695
vt 0.173094 0.520599
vt 0.171983 0.521674
vt 0.170840 0.517317
vt 0.175826 0.501018
vt 0.175051 0.499680
vt 0.170256 0.512759
vt 0.133315 0.493814
vt 0.129588 0.489358
vt 0.131967 0.489376
vt 0.176154 0.524068
vt 0.180971 0.524741
vt 0.175917 0.532411
vt 0.178148 0.532602
vt 0.055023 0.487980
vt 0.056958 0.490646
vt 0.053742 0.489759
vt 0.063804 0.486624
vt 0.066237 0.484522
vt 0.065280 0.487879
vt 0.066237 0.480504
vt 0.067201 0.475586
vt 0.068590 0.480023
vt 0.065280 0.477147
vt 0.064524 0.472637
vt 0.051481 0.570811
vt 0.047191 0.574782
vt 0.047358 0.570773
vt 0.055198 0.469368
vt 0.051864 0.472581
vt 0.050670 0.471171
vt 0.060619 0.474315
vt 0.056001 0.471179
vt 0.060582 0.471199
vt 0.056958 0.474299
vt 0.055346 0.565460
vt 0.051333 0.560099
vt 0.055204 0.560174
vt 0.047213 0.560250
vt 0.051481 0.565578
vt 0.047358 0.565632
vt 0.060323 0.476321
vt 0.053742 0.475165
vt 0.049187 0.475506
vt 0.057457 0.476308
vt 0.212249 0.491264
vt 0.214847 0.491799
vt 0.212252 0.491653
vt 0.187001 0.531584
vt 0.181829 0.527686
vt 0.185547 0.527687
vt 0.046947 0.555518
vt 0.051063 0.555282
vt 0.163685 0.529935
vt 0.160855 0.526587
vt 0.162516 0.525545
vt 0.159437 0.524436
vt 0.160767 0.522890
vt 0.047367 0.474782
vt 0.175917 0.546254
vt 0.051341 0.480439
vt 0.051982 0.477089
vt 0.054942 0.555527
vt 0.045706 0.485160
vt 0.047992 0.479932
vt 0.047993 0.484960
vt 0.209212 0.491316
vt 0.209150 0.491706
vt 0.053752 0.486579
vt 0.051982 0.487820
vt 0.212288 0.467951
vt 0.209165 0.467544
vt 0.212290 0.467490
vt 0.187732 0.542075
vt 0.184051 0.536834
vt 0.187732 0.536678
vt 0.053274 0.480881
vt 0.051341 0.484456
vt 0.045706 0.479743
vt 0.051864 0.492350
vt 0.049187 0.489400
vt 0.053274 0.484026
vt 0.209220 0.468004
vt 0.206702 0.467365
vt 0.114443 0.564647
vt 0.110191 0.560483
vt 0.114295 0.560689
vt 0.183308 0.531650
vt 0.187001 0.546883
vt 0.183308 0.547222
vt 0.185638 0.523582
vt 0.062533 0.476981
vt 0.063804 0.478382
vt 0.106452 0.569755
vt 0.110332 0.575211
vt 0.106401 0.575050
vt 0.169035 0.507365
vt 0.172760 0.503556
vt 0.050670 0.493776
vt 0.179563 0.547097
vt 0.060134 0.495641
vt 0.056001 0.493784
vt 0.060582 0.493804
vt 0.055329 0.477130
vt 0.053752 0.478338
vt 0.055023 0.476948
vt 0.062533 0.488013
vt 0.063521 0.489802
vt 0.053679 0.480879
vt 0.114435 0.575161
vt 0.110385 0.569722
vt 0.114487 0.569769
vt 0.057457 0.488635
vt 0.060620 0.490662
vt 0.067201 0.489480
vt 0.064524 0.492406
vt 0.060323 0.488648
vt 0.053679 0.483967
vt 0.163927 0.540456
vt 0.166694 0.545066
vt 0.162845 0.544842
vt 0.110341 0.564509
vt 0.114295 0.579931
vt 0.110190 0.580066
vt 0.168300 0.512634
vt 0.206856 0.491518
vt 0.206702 0.491939
vt 0.171455 0.535328
vt 0.167546 0.529896
vt 0.170966 0.530162
vt 0.166358 0.525427
vt 0.106264 0.560834
vt 0.161255 0.543634
vt 0.162132 0.540080
vt 0.106264 0.579735
vt 0.162062 0.535435
vt 0.161600 0.530552
vt 0.054142 0.486427
vt 0.068590 0.485051
vt 0.213776 0.495701
vt 0.210650 0.495221
vt 0.213780 0.495270
vt 0.168053 0.535251
vt 0.164183 0.535195
vt 0.064506 0.484076
vt 0.064506 0.480930
vt 0.167795 0.540605
vt 0.178134 0.550367
vt 0.129290 0.486427
vt 0.224626 0.434297
vt 0.226120 0.435207
vt 0.224427 0.434811
vt 0.170139 0.544806
vt 0.063521 0.475209
vt 0.214795 0.467719
vt 0.214892 0.467223
vt 0.125307 0.484990
vt 0.125698 0.488606
vt 0.054142 0.478428
vt 0.216282 0.495473
vt 0.216382 0.495006
vt 0.169816 0.525851
vt 0.120187 0.483154
vt 0.120726 0.484969
vt 0.126066 0.493572
vt 0.130403 0.493791
vt 0.121116 0.488586
vt 0.125123 0.483175
vt 0.130403 0.498819
vt 0.133316 0.498842
vt 0.129588 0.503252
vt 0.112718 0.493723
vt 0.116928 0.489302
vt 0.116411 0.493729
vt 0.126066 0.498989
vt 0.121130 0.493550
vt 0.076024 0.569234
vt 0.074860 0.574711
vt 0.074513 0.569819
vt 0.076398 0.574505
vt 0.074730 0.579354
vt 0.130838 0.472805
vt 0.130884 0.475998
vt 0.129118 0.474066
vt 0.125307 0.507595
vt 0.121116 0.503941
vt 0.125698 0.503961
vt 0.121130 0.498967
vt 0.116928 0.503196
vt 0.116630 0.506140
vt 0.113953 0.503190
vt 0.076020 0.579758
vt 0.073769 0.582887
vt 0.120187 0.509405
vt 0.120726 0.507575
vt 0.139609 0.474205
vt 0.142451 0.474069
vt 0.140684 0.476000
vt 0.112718 0.498751
vt 0.116411 0.498757
vt 0.112356 0.488567
vt 0.116630 0.486371
vt 0.113953 0.489296
vt 0.130838 0.464609
vt 0.130884 0.461415
vt 0.132116 0.463211
vt 0.110695 0.493529
vt 0.245287 0.564514
vt 0.246721 0.560032
vt 0.246626 0.564888
vt 0.110695 0.498945
vt 0.140888 0.464611
vt 0.140684 0.461418
vt 0.142451 0.463350
vt 0.129291 0.506196
vt 0.132887 0.455811
vt 0.129204 0.458822
vt 0.128425 0.457604
vt 0.073769 0.565835
vt 0.074958 0.564818
vt 0.141960 0.574457
vt 0.140236 0.578402
vt 0.140511 0.574399
vt 0.115660 0.507562
vt 0.142100 0.563745
vt 0.140511 0.559138
vt 0.141960 0.558923
vt 0.140650 0.563875
vt 0.142101 0.569226
vt 0.140650 0.569259
vt 0.140236 0.555935
vt 0.139609 0.463212
vt 0.137700 0.460539
vt 0.143334 0.466704
vt 0.144593 0.461763
vt 0.145940 0.466196
vt 0.141907 0.458825
vt 0.145470 0.461170
vt 0.142213 0.457607
vt 0.134033 0.460539
vt 0.133308 0.457405
vt 0.228659 0.507497
vt 0.225592 0.506846
vt 0.228697 0.507020
vt 0.125168 0.461166
vt 0.126518 0.461759
vt 0.137905 0.457406
vt 0.125123 0.509426
vt 0.129651 0.507623
vt 0.231027 0.507772
vt 0.231158 0.507288
vt 0.134493 0.462561
vt 0.239671 0.424368
vt 0.240915 0.429779
vt 0.239553 0.429667
vt 0.143381 0.569122
vt 0.238029 0.419842
vt 0.239063 0.419350
vt 0.115659 0.484956
vt 0.240410 0.419087
vt 0.241038 0.424287
vt 0.241277 0.434475
vt 0.240064 0.434655
vt 0.242115 0.429685
vt 0.242235 0.424289
vt 0.112356 0.503922
vt 0.248051 0.549510
vt 0.246437 0.545305
vt 0.247866 0.545553
vt 0.140888 0.472807
vt 0.143334 0.470715
vt 0.137700 0.476877
vt 0.141907 0.478595
vt 0.137905 0.480012
vt 0.144593 0.475657
vt 0.142213 0.479813
vt 0.145470 0.476251
vt 0.210699 0.519008
vt 0.213750 0.519478
vt 0.210643 0.519430
vt 0.145940 0.471225
vt 0.123528 0.466046
vt 0.125273 0.466192
vt 0.208328 0.519055
vt 0.208179 0.519500
vt 0.137347 0.462562
vt 0.142975 0.578105
vt 0.143245 0.574171
vt 0.137751 0.481606
vt 0.128398 0.466701
vt 0.129118 0.463347
vt 0.238270 0.429392
vt 0.238381 0.424384
vt 0.143245 0.559182
vt 0.077400 0.569187
vt 0.076317 0.564692
vt 0.245379 0.554534
vt 0.246626 0.549331
vt 0.246721 0.554543
vt 0.248051 0.564794
vt 0.248144 0.560023
vt 0.248144 0.554631
vt 0.076192 0.584333
vt 0.074835 0.584118
vt 0.132116 0.474203
vt 0.134033 0.476876
vt 0.128398 0.470712
vt 0.126518 0.475653
vt 0.125273 0.471220
vt 0.129204 0.478592
vt 0.125168 0.476247
vt 0.128425 0.479810
vt 0.130696 0.467206
vt 0.130301 0.470267
vt 0.130301 0.467146
vt 0.133308 0.480011
vt 0.228738 0.434435
vt 0.231798 0.434619
vt 0.228747 0.434945
vt 0.131213 0.464764
vt 0.141539 0.470270
vt 0.141539 0.467148
vt 0.216229 0.519178
vt 0.217863 0.519579
vt 0.216336 0.519627
vt 0.123528 0.471366
vt 0.245379 0.559829
vt 0.238728 0.434371
vt 0.078774 0.574613
vt 0.077397 0.579899
vt 0.077781 0.574552
vt 0.143381 0.563835
vt 0.122512 0.465949
vt 0.124205 0.460892
vt 0.231732 0.434115
vt 0.234113 0.434353
vt 0.131967 0.503270
vt 0.083421 0.514019
vt 0.080983 0.513465
vt 0.082644 0.511174
vt 0.223130 0.507331
vt 0.221473 0.507309
vt 0.223005 0.506833
vt 0.134493 0.474853
vt 0.137347 0.474854
vt 0.131213 0.472703
vt 0.237720 0.415489
vt 0.239020 0.415091
vt 0.213741 0.519056
vt 0.245105 0.545614
vt 0.130696 0.470261
vt 0.208324 0.507202
vt 0.210701 0.507331
vt 0.246437 0.568204
vt 0.217706 0.495428
vt 0.216256 0.507325
vt 0.224726 0.423353
vt 0.226414 0.412781
vt 0.226311 0.423724
vt 0.226208 0.434667
vt 0.216236 0.467793
vt 0.132954 0.488658
vt 0.129651 0.485018
vt 0.161072 0.547799
vt 0.047367 0.490137
vt 0.055198 0.495619
vt 0.045957 0.570231
vt 0.045706 0.565671
vt 0.210703 0.495653
vt 0.208179 0.494879
vt 0.132409 0.463457
vt 0.137751 0.455812
vt 0.237720 0.433682
vt 0.132887 0.481605
vt 0.225619 0.507328
vt 0.213758 0.507378
vt 0.228933 0.412872
vt 0.228835 0.423653
vt 0.231035 0.518702
vt 0.228662 0.518268
vt 0.225606 0.518097
vt 0.080143 0.517518
vt 0.083229 0.518199
vt 0.077908 0.522302
vt 0.079767 0.522443
vt 0.189755 0.391486
vt 0.185468 0.395850
vt 0.186055 0.392917
vt 0.231814 0.423335
vt 0.234113 0.411958
vt 0.234040 0.422898
vt 0.216213 0.479625
vt 0.214745 0.491382
vt 0.214770 0.479551
vt 0.231896 0.412555
vt 0.212268 0.479607
vt 0.208321 0.495349
vt 0.231042 0.529633
vt 0.228664 0.529038
vt 0.225593 0.528866
vt 0.223107 0.518260
vt 0.223084 0.529189
vt 0.221676 0.518705
vt 0.206845 0.467856
vt 0.209216 0.479660
vt 0.206851 0.479687
vt 0.233967 0.433838
vt 0.217682 0.507281
vt 0.188442 0.400070
vt 0.188985 0.395104
vt 0.079551 0.512669
vt 0.170509 0.570578
vt 0.166503 0.566897
vt 0.170435 0.566695
vt 0.221697 0.507776
vt 0.203629 0.400091
vt 0.201632 0.405264
vt 0.201632 0.400236
vt 0.082853 0.523124
vt 0.119557 0.523591
vt 0.123233 0.528728
vt 0.120107 0.528875
vt 0.193307 0.395090
vt 0.194077 0.391472
vt 0.197411 0.395810
vt 0.189755 0.414092
vt 0.185468 0.409744
vt 0.188985 0.410459
vt 0.193098 0.400055
vt 0.188442 0.405487
vt 0.190257 0.389898
vt 0.194830 0.389883
vt 0.197998 0.392878
vt 0.197746 0.405267
vt 0.197746 0.400239
vt 0.184547 0.405310
vt 0.193098 0.405472
vt 0.197411 0.409705
vt 0.200524 0.409702
vt 0.197999 0.412648
vt 0.202088 0.395215
vt 0.199025 0.391663
vt 0.203629 0.405411
vt 0.194077 0.414077
vt 0.193308 0.410445
vt 0.078423 0.527441
vt 0.081164 0.530538
vt 0.079904 0.531642
vt 0.082381 0.527628
vt 0.079943 0.527074
vt 0.170435 0.561667
vt 0.171493 0.566228
vt 0.183383 0.429744
vt 0.179327 0.425320
vt 0.182227 0.425315
vt 0.082164 0.534373
vt 0.083421 0.532806
vt 0.194830 0.415677
vt 0.200524 0.395807
vt 0.139930 0.521550
vt 0.141954 0.524042
vt 0.139186 0.523404
vt 0.148102 0.519442
vt 0.150198 0.517141
vt 0.149916 0.520538
vt 0.149864 0.513137
vt 0.151652 0.508035
vt 0.153121 0.512356
vt 0.149024 0.509843
vt 0.148881 0.505325
vt 0.162466 0.570695
vt 0.162391 0.566744
vt 0.130518 0.511612
vt 0.129800 0.515165
vt 0.128186 0.513907
vt 0.144049 0.507452
vt 0.140507 0.504625
vt 0.144831 0.504251
vt 0.140594 0.507751
vt 0.136931 0.506359
vt 0.166570 0.556198
vt 0.170499 0.556371
vt 0.162456 0.556232
vt 0.166503 0.561687
vt 0.162391 0.561625
vt 0.140952 0.502765
vt 0.143719 0.509497
vt 0.131777 0.517516
vt 0.128613 0.518370
vt 0.141013 0.509731
vt 0.137972 0.508860
vt 0.058736 0.528168
vt 0.056140 0.527641
vt 0.058728 0.527747
vt 0.126721 0.517862
vt 0.124571 0.514024
vt 0.162575 0.551458
vt 0.166691 0.551337
vt 0.155437 0.511969
vt 0.153456 0.507153
vt 0.150036 0.503810
vt 0.131226 0.523019
vt 0.130996 0.519622
vt 0.170616 0.551682
vt 0.126868 0.528356
vt 0.128553 0.522897
vt 0.129072 0.527891
vt 0.061778 0.528152
vt 0.061836 0.527731
vt 0.138614 0.520263
vt 0.137365 0.521623
vt 0.058690 0.551573
vt 0.061815 0.551995
vt 0.058683 0.552011
vt 0.122664 0.523251
vt 0.126309 0.522976
vt 0.137447 0.514647
vt 0.136139 0.518357
vt 0.135805 0.514353
vt 0.138576 0.526060
vt 0.135805 0.523351
vt 0.137709 0.517782
vt 0.061764 0.551557
vt 0.064293 0.552275
vt 0.239905 0.558901
vt 0.235911 0.554843
vt 0.240036 0.555045
vt 0.123081 0.518046
vt 0.128306 0.533114
vt 0.124695 0.533571
vt 0.199025 0.413869
vt 0.146100 0.509943
vt 0.147416 0.511229
vt 0.231812 0.563988
vt 0.235711 0.569436
vt 0.231812 0.569297
vt 0.166855 0.548014
vt 0.078306 0.517092
vt 0.130519 0.536362
vt 0.130047 0.532171
vt 0.131841 0.534803
vt 0.121520 0.533548
vt 0.147795 0.528524
vt 0.142388 0.527152
vt 0.146712 0.526778
vt 0.203941 0.569784
vt 0.205204 0.570976
vt 0.203748 0.570258
vt 0.147018 0.520937
vt 0.148416 0.522605
vt 0.207788 0.570569
vt 0.210926 0.571077
vt 0.207785 0.571077
vt 0.239839 0.569384
vt 0.235711 0.563933
vt 0.239839 0.563979
vt 0.142039 0.522015
vt 0.145409 0.523743
vt 0.152808 0.521881
vt 0.150525 0.525027
vt 0.144744 0.521782
vt 0.210871 0.570569
vt 0.213435 0.570976
vt 0.071338 0.527673
vt 0.076340 0.532044
vt 0.072845 0.531948
vt 0.235778 0.558765
vt 0.239905 0.574223
vt 0.235778 0.574361
vt 0.064150 0.528046
vt 0.064300 0.527599
vt 0.131640 0.527010
vt 0.074689 0.516971
vt 0.072487 0.512633
vt 0.075977 0.512387
vt 0.232005 0.555211
vt 0.154733 0.522455
vt 0.231877 0.574049
vt 0.153539 0.517367
vt 0.213290 0.570455
vt 0.214766 0.570258
vt 0.110143 0.556850
vt 0.113269 0.557323
vt 0.110131 0.557305
vt 0.071221 0.517136
vt 0.074276 0.522372
vt 0.070815 0.522442
vt 0.148310 0.516865
vt 0.148049 0.513731
vt 0.074807 0.527696
vt 0.202088 0.410296
vt 0.179691 0.422385
vt 0.146650 0.520725
vt 0.147202 0.508062
vt 0.137928 0.512050
vt 0.136472 0.510928
vt 0.056190 0.551841
vt 0.056088 0.552317
vt 0.175796 0.420978
vt 0.175317 0.424599
vt 0.205301 0.570455
vt 0.107650 0.557049
vt 0.107544 0.557538
vt 0.171730 0.419172
vt 0.171455 0.420991
vt 0.175251 0.429566
vt 0.179775 0.429749
vt 0.170977 0.424612
vt 0.176406 0.419158
vt 0.179775 0.434777
vt 0.183383 0.434772
vt 0.179327 0.439214
vt 0.048783 0.535909
vt 0.051495 0.531285
vt 0.051460 0.535755
vt 0.175251 0.434983
vt 0.170575 0.429579
vt 0.185399 0.429549
vt 0.185399 0.434966
vt 0.182227 0.439210
vt 0.076960 0.498148
vt 0.077177 0.501342
vt 0.075516 0.499416
vt 0.175796 0.443584
vt 0.170977 0.439967
vt 0.175317 0.439954
vt 0.170575 0.434997
vt 0.167332 0.439250
vt 0.167697 0.442190
vt 0.165161 0.439260
vt 0.183825 0.439940
vt 0.179692 0.442155
vt 0.171730 0.445424
vt 0.171455 0.443597
vt 0.085207 0.499520
vt 0.088051 0.499375
vt 0.086391 0.501312
vt 0.048818 0.540931
vt 0.051495 0.540776
vt 0.047995 0.530735
vt 0.050855 0.528336
vt 0.049365 0.531411
vt 0.166520 0.434817
vt 0.166520 0.429789
vt 0.167332 0.425355
vt 0.165161 0.425366
vt 0.167697 0.422421
vt 0.076960 0.489952
vt 0.077177 0.486760
vt 0.078162 0.488550
vt 0.047092 0.535785
vt 0.255578 0.409039
vt 0.256784 0.404477
vt 0.256884 0.409402
vt 0.047130 0.541194
vt 0.086410 0.489921
vt 0.086391 0.486729
vt 0.088051 0.488656
vt 0.080084 0.481152
vt 0.076100 0.484173
vt 0.075889 0.482959
vt 0.183825 0.424584
vt 0.163868 0.434830
vt 0.060491 0.574086
vt 0.059183 0.577992
vt 0.059061 0.574041
vt 0.049993 0.549515
vt 0.049462 0.545287
vt 0.050993 0.548079
vt 0.060428 0.563387
vt 0.059061 0.558754
vt 0.060491 0.558526
vt 0.058999 0.563530
vt 0.060428 0.568877
vt 0.058999 0.568923
vt 0.048494 0.526721
vt 0.049835 0.526940
vt 0.085207 0.488527
vt 0.083404 0.485861
vt 0.088702 0.492006
vt 0.090569 0.487063
vt 0.091724 0.491492
vt 0.088044 0.484134
vt 0.091915 0.486469
vt 0.088852 0.482917
vt 0.079957 0.485872
vt 0.079847 0.482742
vt 0.086467 0.495571
vt 0.086896 0.492456
vt 0.086896 0.495578
vt 0.241190 0.392807
vt 0.243791 0.391121
vt 0.242309 0.393532
vt 0.084169 0.482728
vt 0.176406 0.445410
vt 0.180696 0.443574
vt 0.085995 0.498015
vt 0.086410 0.498117
vt 0.073575 0.487119
vt 0.080271 0.487893
vt 0.093456 0.491345
vt 0.094465 0.496767
vt 0.093456 0.496665
vt 0.061762 0.568750
vt 0.167440 0.421008
vt 0.092873 0.486201
vt 0.094465 0.491253
vt 0.045745 0.541227
vt 0.048103 0.546069
vt 0.046733 0.546189
vt 0.045706 0.535721
vt 0.046623 0.530581
vt 0.258223 0.393992
vt 0.256884 0.389883
vt 0.258328 0.390136
vt 0.088702 0.496017
vt 0.083404 0.502198
vt 0.088044 0.503904
vt 0.084169 0.505334
vt 0.090569 0.500958
vt 0.088852 0.505123
vt 0.091915 0.501550
vt 0.113180 0.533462
vt 0.110113 0.533041
vt 0.113228 0.533059
vt 0.091724 0.496520
vt 0.240286 0.397311
vt 0.241702 0.397645
vt 0.115577 0.533338
vt 0.115718 0.532908
vt 0.082954 0.487884
vt 0.061943 0.577660
vt 0.061823 0.573778
vt 0.084657 0.506931
vt 0.074659 0.492052
vt 0.075516 0.488697
vt 0.061823 0.558763
vt 0.238881 0.397255
vt 0.238640 0.392878
vt 0.239815 0.392586
vt 0.255444 0.398979
vt 0.256778 0.393806
vt 0.256746 0.398975
vt 0.258328 0.409314
vt 0.258229 0.404476
vt 0.258192 0.399070
vt 0.238640 0.407962
vt 0.241675 0.412159
vt 0.240468 0.412109
vt 0.078162 0.499543
vt 0.079957 0.502209
vt 0.074659 0.496063
vt 0.073575 0.501014
vt 0.072292 0.496584
vt 0.076100 0.503943
vt 0.241191 0.407621
vt 0.243791 0.410541
vt 0.242988 0.411697
vt 0.237215 0.458445
vt 0.240169 0.459178
vt 0.237114 0.458919
vt 0.079847 0.505348
vt 0.147867 0.516845
vt 0.234953 0.458041
vt 0.234766 0.458514
vt 0.084871 0.499326
vt 0.240286 0.402537
vt 0.242309 0.407180
vt 0.255481 0.404287
vt 0.092873 0.501830
vt 0.239815 0.407940
vt 0.238880 0.402672
vt 0.061762 0.563454
vt 0.237720 0.397464
vt 0.237720 0.402786
vt 0.147610 0.513768
vt 0.072292 0.491556
vt 0.241702 0.402584
vt 0.050374 0.507006
vt 0.047382 0.507990
vt 0.048997 0.504304
vt 0.085995 0.490076
vt 0.080271 0.500184
vt 0.082954 0.500176
vt 0.242724 0.458699
vt 0.244442 0.458626
vt 0.242788 0.459194
vt 0.076330 0.492491
vt 0.060615 0.555201
vt 0.110130 0.533444
vt 0.107540 0.532862
vt 0.255578 0.390201
vt 0.240206 0.458698
vt 0.115605 0.545216
vt 0.113202 0.545164
vt 0.076330 0.495612
vt 0.106264 0.556994
vt 0.107653 0.545171
vt 0.244204 0.447925
vt 0.242660 0.448455
vt 0.147662 0.519329
vt 0.054769 0.551893
vt 0.180695 0.420969
vt 0.151917 0.526337
vt 0.155888 0.517368
vt 0.139012 0.510555
vt 0.241238 0.559540
vt 0.241422 0.564057
vt 0.145611 0.502363
vt 0.113224 0.556867
vt 0.115768 0.557584
vt 0.054822 0.528138
vt 0.056246 0.528086
vt 0.084657 0.481137
vt 0.080084 0.506946
vt 0.086467 0.492515
vt 0.110137 0.545147
vt 0.240139 0.448605
vt 0.211089 0.550587
vt 0.213396 0.560313
vt 0.210980 0.560578
vt 0.208037 0.550587
vt 0.207912 0.560578
vt 0.047622 0.512615
vt 0.051351 0.511395
vt 0.047348 0.518106
vt 0.049175 0.517388
vt 0.052454 0.501588
vt 0.237133 0.448350
vt 0.234860 0.447794
vt 0.054795 0.540015
vt 0.056218 0.539964
vt 0.240072 0.438512
vt 0.237050 0.438256
vt 0.058713 0.539870
vt 0.242596 0.438211
vt 0.244138 0.437682
vt 0.115633 0.557094
vt 0.205438 0.560313
vt 0.065329 0.551839
vt 0.064152 0.539923
vt 0.065329 0.539962
vt 0.064154 0.551801
vt 0.061771 0.539855
vt 0.234766 0.437548
vt 0.106264 0.545116
vt 0.107655 0.533293
vt 0.055859 0.509636
vt 0.054190 0.504916
vt 0.045739 0.507875
vt 0.205574 0.550171
vt 0.155688 0.535745
vt 0.150777 0.531658
vt 0.154243 0.531988
vt 0.196569 0.529500
vt 0.195082 0.534847
vt 0.194801 0.529924
vt 0.052903 0.516167
vt 0.200614 0.534792
vt 0.196866 0.534708
vt 0.058506 0.503379
vt 0.056771 0.500051
vt 0.062303 0.502761
vt 0.059433 0.523045
vt 0.054664 0.520195
vt 0.058930 0.519491
vt 0.060509 0.507981
vt 0.057531 0.514778
vt 0.051334 0.500211
vt 0.055901 0.498586
vt 0.060925 0.500059
vt 0.192212 0.535529
vt 0.191932 0.530606
vt 0.062182 0.513123
vt 0.064534 0.506703
vt 0.066086 0.511476
vt 0.192678 0.540034
vt 0.194939 0.539479
vt 0.193886 0.542947
vt 0.195554 0.525082
vt 0.192783 0.523591
vt 0.193880 0.522310
vt 0.063750 0.521509
vt 0.063247 0.517955
vt 0.050395 0.522191
vt 0.055101 0.523070
vt 0.054554 0.524484
vt 0.051672 0.521179
vt 0.047697 0.503405
vt 0.155532 0.400816
vt 0.151790 0.396230
vt 0.154181 0.396362
vt 0.059297 0.524695
vt 0.063864 0.523070
vt 0.067029 0.505708
vt 0.064355 0.501950
vt 0.072756 0.463933
vt 0.074697 0.466643
vt 0.071473 0.465697
vt 0.081563 0.462819
vt 0.084003 0.460788
vt 0.083046 0.464136
vt 0.084003 0.456780
vt 0.084981 0.451997
vt 0.086372 0.456445
vt 0.083046 0.453431
vt 0.082296 0.448982
vt 0.148428 0.535731
vt 0.146957 0.531908
vt 0.072951 0.445554
vt 0.069597 0.448581
vt 0.068409 0.447229
vt 0.078369 0.450453
vt 0.073745 0.447280
vt 0.078340 0.447425
vt 0.074696 0.450337
vt 0.218523 0.559890
vt 0.222442 0.565205
vt 0.218525 0.565173
vt 0.226562 0.565172
vt 0.222440 0.559728
vt 0.226561 0.559792
vt 0.078069 0.452430
vt 0.071473 0.451139
vt 0.066913 0.451427
vt 0.075194 0.452339
vt 0.209254 0.390470
vt 0.206745 0.389931
vt 0.209189 0.390059
vt 0.226557 0.574345
vt 0.222440 0.570445
vt 0.226561 0.570320
vt 0.222436 0.554922
vt 0.194164 0.525876
vt 0.149168 0.540794
vt 0.146681 0.536412
vt 0.145489 0.533314
vt 0.066593 0.515950
vt 0.065096 0.450741
vt 0.069063 0.456308
vt 0.069708 0.453010
vt 0.218523 0.570230
vt 0.063430 0.461048
vt 0.065713 0.455793
vt 0.065713 0.460808
vt 0.212289 0.390455
vt 0.212289 0.390043
vt 0.071480 0.462501
vt 0.069709 0.463715
vt 0.209211 0.413876
vt 0.212280 0.414306
vt 0.209156 0.414322
vt 0.204256 0.534877
vt 0.200307 0.529393
vt 0.203954 0.529574
vt 0.070999 0.456785
vt 0.069063 0.460316
vt 0.063430 0.455645
vt 0.069598 0.468301
vt 0.066913 0.465286
vt 0.070999 0.459923
vt 0.212277 0.413861
vt 0.214888 0.414565
vt 0.202479 0.544388
vt 0.200129 0.540116
vt 0.203778 0.540109
vt 0.199257 0.524814
vt 0.193197 0.546790
vt 0.195118 0.544052
vt 0.080288 0.453166
vt 0.081563 0.454598
vt 0.126142 0.579139
vt 0.122194 0.573795
vt 0.126119 0.573848
vt 0.222436 0.574539
vt 0.045706 0.513056
vt 0.068410 0.469778
vt 0.196395 0.539847
vt 0.077902 0.471896
vt 0.073745 0.469828
vt 0.078340 0.469973
vt 0.214789 0.414084
vt 0.216437 0.414559
vt 0.080288 0.464171
vt 0.081281 0.466007
vt 0.071403 0.456765
vt 0.118080 0.573818
vt 0.122218 0.579281
vt 0.118104 0.579207
vt 0.075195 0.464635
vt 0.078369 0.466759
vt 0.084981 0.465857
vt 0.082296 0.468702
vt 0.078069 0.464725
vt 0.071403 0.459845
vt 0.118167 0.564709
vt 0.122214 0.568574
vt 0.118100 0.568688
vt 0.122282 0.584121
vt 0.214785 0.390328
vt 0.214884 0.389889
vt 0.156416 0.546027
vt 0.153025 0.540700
vt 0.156416 0.540717
vt 0.152273 0.535547
vt 0.198807 0.544469
vt 0.148428 0.551057
vt 0.145489 0.553047
vt 0.146681 0.550281
vt 0.126139 0.568809
vt 0.147040 0.545942
vt 0.147040 0.540923
vt 0.071868 0.462328
vt 0.144667 0.545291
vt 0.210766 0.546508
vt 0.213839 0.546947
vt 0.210711 0.546947
vt 0.153025 0.546203
vt 0.149168 0.546201
vt 0.082265 0.460279
vt 0.082265 0.457141
vt 0.152273 0.551147
vt 0.067029 0.518825
vt 0.151496 0.393347
vt 0.125709 0.560524
vt 0.126769 0.561600
vt 0.125466 0.561010
vt 0.122282 0.564527
vt 0.081281 0.451449
vt 0.071480 0.454280
vt 0.206844 0.414125
vt 0.206702 0.414607
vt 0.147500 0.391796
vt 0.147885 0.395350
vt 0.071868 0.454348
vt 0.208385 0.546758
vt 0.208242 0.547233
vt 0.142371 0.389883
vt 0.142905 0.391650
vt 0.148251 0.400282
vt 0.152604 0.400650
vt 0.143289 0.395205
vt 0.147322 0.390040
vt 0.152604 0.405665
vt 0.155532 0.405831
vt 0.151790 0.410089
vt 0.134873 0.400163
vt 0.139091 0.395829
vt 0.138570 0.400206
vt 0.148251 0.405686
vt 0.143300 0.400126
vt 0.239825 0.539986
vt 0.238223 0.545099
vt 0.238283 0.540081
vt 0.239760 0.545392
vt 0.237720 0.549435
vt 0.098336 0.476024
vt 0.098381 0.479198
vt 0.096621 0.477318
vt 0.147500 0.414344
vt 0.143289 0.410521
vt 0.147885 0.410667
vt 0.143300 0.405529
vt 0.139091 0.409688
vt 0.138798 0.412666
vt 0.136113 0.409651
vt 0.155176 0.411039
vt 0.151496 0.413067
vt 0.154181 0.410221
vt 0.142371 0.416069
vt 0.142905 0.414199
vt 0.107076 0.477180
vt 0.109905 0.476953
vt 0.108145 0.478930
vt 0.134873 0.405179
vt 0.138570 0.405222
vt 0.134517 0.395070
vt 0.138798 0.392945
vt 0.136113 0.395791
vt 0.098336 0.467844
vt 0.098381 0.464642
vt 0.099610 0.466413
vt 0.132851 0.399974
vt 0.119385 0.464525
vt 0.118035 0.469448
vt 0.118056 0.464227
vt 0.132851 0.405377
vt 0.108350 0.467569
vt 0.108145 0.464374
vt 0.109905 0.466254
vt 0.100367 0.458916
vt 0.096702 0.462061
vt 0.095921 0.460828
vt 0.237886 0.535568
vt 0.239146 0.534915
vt 0.239064 0.530859
vt 0.237720 0.531075
vt 0.137830 0.414107
vt 0.256771 0.422630
vt 0.258206 0.427689
vt 0.256769 0.427870
vt 0.258208 0.422540
vt 0.256769 0.417154
vt 0.258206 0.417160
vt 0.256764 0.412348
vt 0.258202 0.431714
vt 0.107076 0.466208
vt 0.105173 0.463593
vt 0.110788 0.469591
vt 0.112035 0.464573
vt 0.113378 0.468969
vt 0.109359 0.461714
vt 0.112904 0.463918
vt 0.109658 0.460451
vt 0.101520 0.463693
vt 0.100792 0.460542
vt 0.194692 0.571788
vt 0.197783 0.572069
vt 0.194728 0.572267
vt 0.092675 0.464473
vt 0.094026 0.465067
vt 0.105372 0.460416
vt 0.147322 0.416225
vt 0.151863 0.414550
vt 0.192174 0.571793
vt 0.192109 0.572289
vt 0.101980 0.465709
vt 0.047781 0.451586
vt 0.049529 0.456826
vt 0.048163 0.456789
vt 0.255449 0.417373
vt 0.045706 0.448009
vt 0.046694 0.447186
vt 0.137830 0.391558
vt 0.048010 0.446871
vt 0.049133 0.451432
vt 0.050317 0.462103
vt 0.049130 0.462157
vt 0.050709 0.456864
vt 0.050321 0.451566
vt 0.134517 0.410386
vt 0.049087 0.466402
vt 0.108350 0.475749
vt 0.110788 0.473594
vt 0.105173 0.479900
vt 0.109359 0.481448
vt 0.105372 0.482981
vt 0.112035 0.478442
vt 0.046567 0.466160
vt 0.046702 0.461599
vt 0.047776 0.461935
vt 0.213733 0.523119
vt 0.210636 0.522703
vt 0.213741 0.522703
vt 0.113378 0.473988
vt 0.091042 0.469390
vt 0.092786 0.469535
vt 0.216225 0.523019
vt 0.216332 0.522576
vt 0.104823 0.465630
vt 0.095064 0.460365
vt 0.105213 0.484529
vt 0.109658 0.482617
vt 0.095906 0.469999
vt 0.096621 0.466618
vt 0.046853 0.456966
vt 0.046493 0.452048
vt 0.255449 0.427713
vt 0.241205 0.539927
vt 0.240514 0.534766
vt 0.119389 0.474855
vt 0.118123 0.479774
vt 0.118059 0.474933
vt 0.116623 0.464277
vt 0.116603 0.469407
vt 0.116627 0.474796
vt 0.116690 0.460298
vt 0.099610 0.477385
vt 0.101520 0.480001
vt 0.095906 0.474003
vt 0.094026 0.478936
vt 0.092786 0.474554
vt 0.096702 0.481795
vt 0.092675 0.479527
vt 0.095921 0.482994
vt 0.098200 0.470476
vt 0.097803 0.473516
vt 0.097803 0.470400
vt 0.100792 0.483107
vt 0.129337 0.561152
vt 0.132408 0.561716
vt 0.129268 0.561660
vt 0.098714 0.468018
vt 0.109000 0.473208
vt 0.109000 0.470093
vt 0.190627 0.571336
vt 0.190455 0.571801
vt 0.091042 0.474700
vt 0.119365 0.469564
vt 0.091704 0.479739
vt 0.090017 0.474737
vt 0.255450 0.422656
vt 0.241139 0.545431
vt 0.240328 0.550365
vt 0.090017 0.469233
vt 0.091704 0.464138
vt 0.132418 0.561208
vt 0.134994 0.561748
vt 0.203499 0.503878
vt 0.201033 0.504259
vt 0.202280 0.500985
vt 0.216237 0.390323
vt 0.216437 0.389883
vt 0.101980 0.477978
vt 0.104823 0.477900
vt 0.217661 0.523049
vt 0.217867 0.522608
vt 0.256764 0.431965
vt 0.210694 0.523119
vt 0.208179 0.522576
vt 0.047880 0.466530
vt 0.098200 0.473527
vt 0.216284 0.534888
vt 0.213785 0.534814
vt 0.118123 0.460180
vt 0.192301 0.550166
vt 0.190693 0.560524
vt 0.190759 0.549711
vt 0.217717 0.534919
vt 0.126927 0.561076
vt 0.136475 0.561208
vt 0.134910 0.561219
vt 0.136294 0.560715
vt 0.155176 0.395722
vt 0.151863 0.392001
vt 0.082443 0.470221
vt 0.065096 0.466057
vt 0.072755 0.452929
vt 0.072951 0.471740
vt 0.227837 0.555962
vt 0.228077 0.560198
vt 0.213837 0.546508
vt 0.216440 0.547233
vt 0.099906 0.466679
vt 0.105213 0.458783
vt 0.100367 0.484662
vt 0.197682 0.571594
vt 0.200130 0.571769
vt 0.210730 0.534814
vt 0.127045 0.550177
vt 0.129563 0.539676
vt 0.129450 0.550414
vt 0.192238 0.560980
vt 0.194758 0.561133
vt 0.197764 0.560938
vt 0.200853 0.508827
vt 0.203972 0.508356
vt 0.199399 0.514179
vt 0.201246 0.513816
vt 0.098187 0.505700
vt 0.093891 0.509969
vt 0.094472 0.506980
vt 0.132515 0.550469
vt 0.135087 0.539420
vt 0.134998 0.550319
vt 0.136475 0.538914
vt 0.136385 0.549814
vt 0.132612 0.539731
vt 0.206873 0.402247
vt 0.209232 0.402173
vt 0.216343 0.546758
vt 0.217774 0.546788
vt 0.194825 0.550477
vt 0.197846 0.550281
vt 0.200036 0.560474
vt 0.216236 0.414079
vt 0.214787 0.402206
vt 0.216237 0.402201
vt 0.212283 0.402158
vt 0.206901 0.390368
vt 0.208357 0.534888
vt 0.096885 0.514384
vt 0.097425 0.509392
vt 0.199503 0.503837
vt 0.199943 0.571289
vt 0.197469 0.499534
vt 0.201016 0.499867
vt 0.112103 0.514706
vt 0.110106 0.519886
vt 0.110106 0.514866
vt 0.204365 0.513346
vt 0.190945 0.424707
vt 0.193670 0.429684
vt 0.190455 0.429862
vt 0.101763 0.509534
vt 0.102525 0.505842
vt 0.105878 0.510361
vt 0.098187 0.528271
vt 0.093891 0.523842
vt 0.097425 0.524724
vt 0.101558 0.514537
vt 0.096885 0.519792
vt 0.098682 0.504045
vt 0.103272 0.504196
vt 0.106459 0.507373
vt 0.106218 0.519856
vt 0.106218 0.514836
vt 0.092971 0.519422
vt 0.101558 0.519945
vt 0.105878 0.524234
vt 0.108993 0.524262
vt 0.106459 0.527112
vt 0.110555 0.509782
vt 0.107482 0.506124
vt 0.112103 0.520018
vt 0.102524 0.528413
vt 0.101763 0.524866
vt 0.200682 0.518803
vt 0.203825 0.520604
vt 0.202752 0.521904
vt 0.204585 0.517667
vt 0.202119 0.518047
vt 0.203330 0.497492
vt 0.178851 0.400131
vt 0.174810 0.395822
vt 0.177703 0.395763
vt 0.157102 0.566500
vt 0.158439 0.562016
vt 0.158498 0.566541
vt 0.157102 0.571806
vt 0.158498 0.571557
vt 0.108993 0.510389
vt 0.178348 0.463557
vt 0.179532 0.466470
vt 0.177076 0.465154
vt 0.186799 0.463713
vt 0.189498 0.462071
vt 0.188202 0.465264
vt 0.190385 0.458161
vt 0.193625 0.453868
vt 0.193729 0.458364
vt 0.190572 0.454821
vt 0.191792 0.450548
vt 0.192460 0.503789
vt 0.194000 0.499749
vt 0.183641 0.485680
vt 0.185265 0.490208
vt 0.183838 0.490807
vt 0.186538 0.451194
vt 0.183995 0.447642
vt 0.188244 0.448432
vt 0.183143 0.450563
vt 0.180051 0.448366
vt 0.175685 0.480469
vt 0.179524 0.485761
vt 0.175685 0.485762
vt 0.179524 0.480274
vt 0.183641 0.480291
vt 0.185347 0.480650
vt 0.185347 0.485653
vt 0.185606 0.453040
vt 0.180299 0.450953
vt 0.176920 0.450763
vt 0.182948 0.452546
vt 0.094270 0.555168
vt 0.096791 0.555768
vt 0.094331 0.555547
vt 0.184229 0.494776
vt 0.179724 0.490978
vt 0.179724 0.475427
vt 0.196052 0.458718
vt 0.195609 0.453596
vt 0.193346 0.449499
vt 0.199220 0.419908
vt 0.202603 0.418798
vt 0.200946 0.420925
vt 0.202565 0.426086
vt 0.202952 0.423059
vt 0.175878 0.490797
vt 0.197403 0.429526
vt 0.200075 0.424866
vt 0.199613 0.429739
vt 0.091230 0.555156
vt 0.091225 0.555535
vt 0.177477 0.461980
vt 0.175870 0.462972
vt 0.094273 0.531941
vt 0.091193 0.531462
vt 0.094323 0.531474
vt 0.194178 0.424340
vt 0.197901 0.424277
vt 0.178055 0.456293
vt 0.175685 0.459503
vt 0.176572 0.455594
vt 0.201964 0.433459
vt 0.200783 0.437956
vt 0.199667 0.434389
vt 0.177361 0.459353
vt 0.091201 0.531929
vt 0.088591 0.531252
vt 0.199183 0.439190
vt 0.194079 0.435039
vt 0.197806 0.434788
vt 0.195518 0.419893
vt 0.103271 0.529949
vt 0.107482 0.528296
vt 0.187748 0.454116
vt 0.188619 0.455693
vt 0.153164 0.566396
vt 0.180122 0.495016
vt 0.198983 0.508899
vt 0.190852 0.435031
vt 0.183753 0.472490
vt 0.179003 0.469640
vt 0.183251 0.470429
vt 0.088694 0.531751
vt 0.087063 0.531397
vt 0.185312 0.464851
vt 0.186144 0.466840
vt 0.178042 0.574525
vt 0.181002 0.575458
vt 0.177971 0.575028
vt 0.149098 0.566387
vt 0.153164 0.571896
vt 0.149098 0.571790
vt 0.180226 0.464541
vt 0.182927 0.467101
vt 0.190557 0.467388
vt 0.187425 0.469786
vt 0.182884 0.465035
vt 0.181018 0.574947
vt 0.183628 0.575747
vt 0.149699 0.557424
vt 0.153368 0.561219
vt 0.149299 0.561300
vt 0.153368 0.576808
vt 0.088739 0.555328
vt 0.088637 0.555736
vt 0.202195 0.429980
vt 0.195367 0.508889
vt 0.195903 0.503644
vt 0.195480 0.439516
vt 0.192218 0.468538
vt 0.157300 0.561504
vt 0.192619 0.463257
vt 0.183546 0.575208
vt 0.185345 0.575296
vt 0.076463 0.538031
vt 0.073374 0.537626
vt 0.076512 0.537618
vt 0.191932 0.508943
vt 0.195798 0.514361
vt 0.192355 0.514319
vt 0.187777 0.461289
vt 0.188471 0.458228
vt 0.197125 0.519154
vt 0.110555 0.524840
vt 0.175180 0.392932
vt 0.185026 0.464517
vt 0.153775 0.557276
vt 0.189367 0.452639
vt 0.179297 0.453960
vt 0.178241 0.452529
vt 0.096653 0.531782
vt 0.096791 0.531284
vt 0.175685 0.467603
vt 0.171303 0.391659
vt 0.170818 0.395223
vt 0.175836 0.574114
vt 0.175685 0.574620
vt 0.078870 0.537723
vt 0.079008 0.537271
vt 0.167267 0.390067
vt 0.166985 0.391829
vt 0.170747 0.400148
vt 0.175252 0.400200
vt 0.166500 0.395393
vt 0.171919 0.389883
vt 0.175252 0.405217
vt 0.178851 0.405148
vt 0.174810 0.409686
vt 0.159437 0.400897
vt 0.162877 0.396292
vt 0.162065 0.400720
vt 0.170747 0.405553
vt 0.166095 0.400332
vt 0.180866 0.399925
vt 0.180866 0.405330
vt 0.177703 0.409628
vt 0.153787 0.463180
vt 0.154003 0.466363
vt 0.152337 0.464380
vt 0.171303 0.414216
vt 0.166500 0.410715
vt 0.170818 0.410545
vt 0.166095 0.405737
vt 0.162877 0.410157
vt 0.163248 0.413129
vt 0.160725 0.410297
vt 0.179300 0.410351
vt 0.175180 0.412659
vt 0.167267 0.416261
vt 0.166985 0.414386
vt 0.162064 0.464847
vt 0.164917 0.464792
vt 0.163250 0.466666
vt 0.159437 0.405914
vt 0.162065 0.405737
vt 0.099177 0.560489
vt 0.101969 0.559124
vt 0.100521 0.561399
vt 0.160725 0.396433
vt 0.163248 0.393402
vt 0.153787 0.454997
vt 0.154003 0.451803
vt 0.154994 0.453640
vt 0.098278 0.564962
vt 0.099940 0.565416
vt 0.249546 0.471975
vt 0.247986 0.476828
vt 0.248190 0.471650
vt 0.098278 0.570236
vt 0.099940 0.570311
vt 0.163270 0.455308
vt 0.163250 0.452106
vt 0.164917 0.454090
vt 0.156913 0.446227
vt 0.152919 0.449142
vt 0.152702 0.447880
vt 0.179300 0.395029
vt 0.249522 0.496886
vt 0.251364 0.493713
vt 0.250972 0.496958
vt 0.100965 0.579687
vt 0.100521 0.574924
vt 0.101969 0.578369
vt 0.249321 0.507219
vt 0.250972 0.512236
vt 0.249521 0.512436
vt 0.250775 0.507109
vt 0.249321 0.501733
vt 0.250775 0.501720
vt 0.251364 0.516205
vt 0.162064 0.453872
vt 0.160255 0.451145
vt 0.165571 0.457473
vt 0.167440 0.452550
vt 0.168600 0.457023
vt 0.164905 0.449534
vt 0.168786 0.451964
vt 0.165712 0.448306
vt 0.156794 0.451032
vt 0.156680 0.447857
vt 0.163332 0.460990
vt 0.163759 0.457866
vt 0.163759 0.460983
vt 0.086105 0.562945
vt 0.088730 0.560299
vt 0.087230 0.563465
vt 0.161018 0.447999
vt 0.171919 0.416078
vt 0.176187 0.414091
vt 0.162858 0.463405
vt 0.163270 0.463491
vt 0.150385 0.451992
vt 0.157111 0.453070
vt 0.170333 0.456888
vt 0.171336 0.462244
vt 0.170333 0.462199
vt 0.248059 0.501958
vt 0.163000 0.392054
vt 0.169738 0.451636
vt 0.171336 0.456738
vt 0.096881 0.570386
vt 0.099177 0.575436
vt 0.097794 0.575678
vt 0.096881 0.565018
vt 0.097794 0.560464
vt 0.165571 0.461477
vt 0.160255 0.467457
vt 0.164905 0.469273
vt 0.161018 0.470570
vt 0.167440 0.466423
vt 0.165712 0.470478
vt 0.168786 0.467022
vt 0.073428 0.561254
vt 0.076525 0.561680
vt 0.073412 0.561688
vt 0.168600 0.462043
vt 0.085189 0.567951
vt 0.086613 0.568000
vt 0.070948 0.561306
vt 0.070834 0.561763
vt 0.159804 0.453158
vt 0.086616 0.558673
vt 0.087925 0.559106
vt 0.161502 0.472131
vt 0.151478 0.457011
vt 0.152337 0.453677
vt 0.248253 0.512286
vt 0.083786 0.567833
vt 0.083563 0.562702
vt 0.084732 0.562646
vt 0.249348 0.482277
vt 0.248190 0.487240
vt 0.247986 0.482328
vt 0.246783 0.471693
vt 0.246582 0.476780
vt 0.246582 0.482183
vt 0.247183 0.467817
vt 0.154994 0.464616
vt 0.156794 0.467344
vt 0.151478 0.461016
vt 0.150385 0.465865
vt 0.149098 0.461404
vt 0.152919 0.468881
vt 0.086105 0.577958
vt 0.088730 0.579979
vt 0.087925 0.581212
vt 0.240284 0.506941
vt 0.237210 0.506681
vt 0.240309 0.506457
vt 0.156680 0.470428
vt 0.187362 0.461120
vt 0.242780 0.506977
vt 0.242903 0.506479
vt 0.161729 0.464673
vt 0.085189 0.573247
vt 0.087230 0.577296
vt 0.249348 0.476971
vt 0.096809 0.575626
vt 0.084732 0.578205
vt 0.083786 0.573322
vt 0.248059 0.507251
vt 0.082632 0.567798
vt 0.082632 0.573191
vt 0.188044 0.458116
vt 0.149098 0.456384
vt 0.086613 0.573005
vt 0.162858 0.455478
vt 0.157111 0.465343
vt 0.159804 0.465431
vt 0.069550 0.561165
vt 0.069338 0.561612
vt 0.153155 0.457519
vt 0.249920 0.516474
vt 0.076476 0.561246
vt 0.079008 0.561743
vt 0.249939 0.490315
vt 0.248597 0.490653
vt 0.237250 0.507161
vt 0.234766 0.507069
vt 0.070920 0.549524
vt 0.073406 0.549646
vt 0.248597 0.467708
vt 0.153155 0.460635
vt 0.185048 0.564374
vt 0.185150 0.574786
vt 0.069523 0.549384
vt 0.186416 0.463453
vt 0.188182 0.455669
vt 0.187369 0.454196
vt 0.176187 0.391534
vt 0.188354 0.471496
vt 0.194856 0.463989
vt 0.180784 0.452822
vt 0.201361 0.442174
vt 0.202952 0.440409
vt 0.189550 0.446945
vt 0.073384 0.538038
vt 0.070788 0.537291
vt 0.244458 0.507083
vt 0.244234 0.507541
vt 0.161502 0.446378
vt 0.156913 0.471981
vt 0.163332 0.457939
vt 0.076470 0.549639
vt 0.234832 0.517736
vt 0.237189 0.517198
vt 0.180817 0.554436
vt 0.183441 0.564797
vt 0.180918 0.564692
vt 0.177872 0.554018
vt 0.177957 0.564271
vt 0.240239 0.516977
vt 0.242744 0.517162
vt 0.244196 0.517726
vt 0.237128 0.527235
vt 0.240194 0.527013
vt 0.096646 0.543570
vt 0.094271 0.543554
vt 0.234766 0.527924
vt 0.070891 0.537743
vt 0.069497 0.537602
vt 0.175760 0.563706
vt 0.087266 0.531886
vt 0.088717 0.543539
vt 0.087286 0.543675
vt 0.091215 0.543543
vt 0.242708 0.527348
vt 0.096638 0.555358
vt 0.244158 0.527911
vt 0.078868 0.549505
vt 0.184945 0.553962
vt 0.175881 0.503991
vt 0.175685 0.553299
vt 0.171333 0.502758
vt 0.055182 0.574450
vt 0.055346 0.570510
vt 0.835493 0.081259
vt 0.829024 0.093333
vt 0.832659 0.080557
vt 0.823633 0.047872
vt 0.816053 0.064383
vt 0.817647 0.048817
vt 0.823830 0.079889
vt 0.818914 0.089656
vt 0.817838 0.079923
vt 0.915425 0.073864
vt 0.911440 0.085277
vt 0.910865 0.074530
vt 0.914614 0.042656
vt 0.911292 0.058520
vt 0.910033 0.042532
vt 0.902076 0.075478
vt 0.902202 0.089291
vt 0.897844 0.075761
vt 0.901204 0.041934
vt 0.895817 0.058647
vt 0.896953 0.041460
vt 0.867562 0.093008
vt 0.869413 0.089680
vt 0.869366 0.092936
vt 0.831583 0.094845
vt 0.822518 0.099398
vt 0.793619 0.099493
vt 0.798720 0.097409
vt 0.796520 0.099245
vt 0.810887 0.097082
vt 0.816512 0.092932
vt 0.818583 0.094933
vt 0.822688 0.090739
vt 0.773776 0.048826
vt 0.775533 0.066074
vt 0.773731 0.066072
vt 0.914679 0.083686
vt 0.915212 0.089397
vt 0.805953 0.105096
vt 0.812281 0.102152
vt 0.812987 0.104930
vt 0.905201 0.088079
vt 0.909634 0.096118
vt 0.873915 0.041940
vt 0.873119 0.035381
vt 0.875592 0.041246
vt 0.824380 0.101863
vt 0.801898 0.102854
vt 0.911432 0.093999
vt 0.921129 0.098813
vt 0.801687 0.098988
vt 0.793638 0.103922
vt 0.798952 0.105066
vt 0.793739 0.105427
vt 0.791514 0.019516
vt 0.791963 0.017361
vt 0.791964 0.019356
vt 0.776847 0.106137
vt 0.776064 0.108572
vt 0.774911 0.110359
vt 0.805051 0.095973
vt 0.962602 0.045845
vt 0.965490 0.034383
vt 0.964417 0.046161
vt 0.797364 0.102566
vt 0.793785 0.096815
vt 0.800849 0.096016
vt 0.932093 0.096656
vt 0.922941 0.091288
vt 0.932179 0.092785
vt 0.934954 0.091035
vt 0.936425 0.093885
vt 0.953740 0.093247
vt 0.951403 0.091413
vt 0.952746 0.090834
vt 0.792341 0.016368
vt 0.791514 0.017235
vt 0.791879 0.016098
vt 0.961107 0.121312
vt 0.956588 0.117845
vt 0.960015 0.117546
vt 0.789295 0.105685
vt 0.782643 0.107505
vt 0.784431 0.106035
vt 0.922580 0.066782
vt 0.922675 0.070145
vt 0.922277 0.070088
vt 0.875948 0.073334
vt 0.879143 0.067958
vt 0.878742 0.071794
vt 0.880372 0.066493
vt 0.879685 0.069904
vt 0.842193 0.020110
vt 0.841228 0.019377
vt 0.841704 0.019213
vt 0.948564 0.094362
vt 0.948398 0.091882
vt 0.950692 0.093772
vt 0.949277 0.090646
vt 0.822359 0.037186
vt 0.818603 0.039069
vt 0.965436 0.058779
vt 0.967472 0.064128
vt 0.966715 0.065881
vt 0.954304 0.125001
vt 0.957112 0.122131
vt 0.959994 0.123459
vt 0.921712 0.096412
vt 0.928113 0.098959
vt 0.774035 0.110245
vt 0.775954 0.106074
vt 0.779082 0.100752
vt 0.779320 0.098088
vt 0.780100 0.098117
vt 0.778247 0.100727
vt 0.778535 0.098060
vt 0.875280 0.075881
vt 0.872032 0.079435
vt 0.871739 0.078701
vt 0.951755 0.097338
vt 0.948641 0.096459
vt 0.782563 0.098517
vt 0.783277 0.100805
vt 0.780319 0.100586
vt 0.808826 0.044562
vt 0.808210 0.040542
vt 0.808947 0.040796
vt 0.859250 0.055953
vt 0.858715 0.060401
vt 0.858525 0.056047
vt 0.809758 0.051506
vt 0.808841 0.048124
vt 0.809587 0.048313
vt 0.778257 0.105709
vt 0.777120 0.108365
vt 0.961428 0.124782
vt 0.781233 0.098132
vt 0.953821 0.115623
vt 0.775043 0.110444
vt 0.952987 0.124648
vt 0.951599 0.122303
vt 0.921703 0.141706
vt 0.915649 0.136440
vt 0.920920 0.137606
vt 0.785380 0.098815
vt 0.771427 0.115506
vt 0.771576 0.113427
vt 0.772388 0.113595
vt 0.808085 0.044350
vt 0.808095 0.047936
vt 0.866573 0.017710
vt 0.867950 0.016098
vt 0.867950 0.018768
vt 0.956493 0.129605
vt 0.951003 0.133103
vt 0.950997 0.131160
vt 0.934979 0.098686
vt 0.956518 0.126291
vt 0.951008 0.127772
vt 0.809001 0.051357
vt 0.940042 0.092902
vt 0.939913 0.091368
vt 0.801269 0.106256
vt 0.921698 0.144981
vt 0.916486 0.145774
vt 0.916270 0.143419
vt 0.785313 0.103420
vt 0.785313 0.101313
vt 0.916263 0.140186
vt 0.900850 0.058733
vt 0.916705 0.058221
vt 0.823504 0.063840
vt 0.775601 0.083278
vt 0.773799 0.083259
vt 0.773952 0.096836
vt 0.775754 0.096890
vt 0.867548 0.064177
vt 0.869390 0.079859
vt 0.867587 0.079877
vt 0.788067 0.110358
vt 0.788376 0.109458
vt 0.788491 0.110323
vt 0.963744 0.034075
vt 0.967986 0.023204
vt 0.962104 0.040918
vt 0.878078 0.045802
vt 0.879750 0.052046
vt 0.878309 0.050325
vt 0.832452 0.046997
vt 0.965519 0.041572
vt 0.965755 0.048695
vt 0.919772 0.067522
vt 0.919213 0.071171
vt 0.919408 0.067707
vt 0.962817 0.053527
vt 0.964695 0.053833
vt 0.877701 0.058279
vt 0.879504 0.057576
vt 0.876569 0.051034
vt 0.928724 0.089801
vt 0.966556 0.058775
vt 0.966006 0.054063
vt 0.797338 0.100303
vt 0.793826 0.106790
vt 0.877789 0.063360
vt 0.877348 0.068807
vt 0.782327 0.104420
vt 0.789392 0.099876
vt 0.789283 0.098385
vt 0.779556 0.107171
vt 0.944563 0.090311
vt 0.944353 0.091628
vt 0.960935 0.130946
vt 0.955667 0.133444
vt 0.956263 0.132043
vt 0.772173 0.115714
vt 0.773191 0.113763
vt 0.874998 0.075146
vt 0.879062 0.073752
vt 0.770068 0.116538
vt 0.771083 0.116182
vt 0.770777 0.116779
vt 0.859455 0.052577
vt 0.858746 0.052694
vt 0.965224 0.073362
vt 0.969453 0.071942
vt 0.970900 0.074119
vt 0.953008 0.116254
vt 0.951759 0.118707
vt 0.786462 0.100470
vt 0.786286 0.100171
vt 0.911753 0.135290
vt 0.810026 0.053810
vt 0.950417 0.127741
vt 0.950406 0.131124
vt 0.950422 0.133060
vt 0.911414 0.138690
vt 0.911436 0.141890
vt 0.911873 0.144748
vt 0.903670 0.029166
vt 0.900602 0.027746
vt 0.867609 0.089735
vt 0.867596 0.048514
vt 0.869351 0.064175
vt 0.966255 0.022922
vt 0.970900 0.016372
vt 0.810199 0.094786
vt 0.923584 0.088559
vt 0.789396 0.104185
vt 0.786284 0.104403
vt 0.932931 0.089462
vt 0.844554 0.018949
vt 0.844903 0.016879
vt 0.844904 0.019040
vt 0.944272 0.093096
vt 0.809567 0.044775
vt 0.809685 0.041050
vt 0.916202 0.131933
vt 0.841228 0.017235
vt 0.841732 0.017334
vt 0.823917 0.026641
vt 0.828662 0.034423
vt 0.822083 0.028592
vt 0.867624 0.038679
vt 0.869399 0.048530
vt 0.773910 0.035101
vt 0.775578 0.048811
vt 0.909585 0.022936
vt 0.910048 0.031733
vt 0.951434 0.133729
vt 0.871447 0.077967
vt 0.842276 0.016329
vt 0.841776 0.016098
vt 0.921708 0.129616
vt 0.920915 0.132309
vt 0.922299 0.132318
vt 0.955284 0.134043
vt 0.922276 0.146887
vt 0.921250 0.147427
vt 0.921683 0.146840
vt 0.922305 0.141733
vt 0.922305 0.137620
vt 0.917483 0.147765
vt 0.917075 0.147108
vt 0.787948 0.113302
vt 0.788372 0.113352
vt 0.951078 0.133684
vt 0.913260 0.146837
vt 0.875563 0.076618
vt 0.879323 0.074494
vt 0.947618 0.097473
vt 0.949585 0.099038
vt 0.808244 0.051211
vt 0.809257 0.053710
vt 0.808490 0.053613
vt 0.858036 0.052812
vt 0.857800 0.056141
vt 0.878803 0.073013
vt 0.793706 0.097940
vt 0.950406 0.125973
vt 0.921619 0.147475
vt 0.920844 0.147969
vt 0.857973 0.060477
vt 0.870473 0.016848
vt 0.870473 0.016098
vt 0.870723 0.016359
vt 0.959536 0.133113
vt 0.944418 0.097392
vt 0.940141 0.098832
vt 0.940181 0.097319
vt 0.773147 0.110132
vt 0.809286 0.036725
vt 0.810026 0.037006
vt 0.912865 0.131570
vt 0.937465 0.096970
vt 0.936476 0.096142
vt 0.936662 0.095975
vt 0.961389 0.128020
vt 0.922300 0.145021
vt 0.919690 0.063211
vt 0.919213 0.060216
vt 0.919562 0.060277
vt 0.919335 0.063237
vt 0.793576 0.099834
vt 0.796394 0.099603
vt 0.770675 0.115300
vt 0.770357 0.115959
vt 0.771807 0.116407
vt 0.939948 0.089997
vt 0.795405 0.019349
vt 0.795753 0.017232
vt 0.795752 0.019502
vt 0.922366 0.071245
vt 0.921973 0.071182
vt 0.880603 0.062075
vt 0.879598 0.062627
vt 0.867578 0.035351
vt 0.869427 0.038731
vt 0.791873 0.020641
vt 0.792338 0.020342
vt 0.789174 0.097312
vt 0.963547 0.058447
vt 0.954565 0.099757
vt 0.964812 0.065443
vt 0.968785 0.069557
vt 0.921137 0.059842
vt 0.921200 0.062807
vt 0.922712 0.062407
vt 0.907671 0.020586
vt 0.921175 0.067150
vt 0.947467 0.093257
vt 0.937292 0.097277
vt 0.785198 0.116877
vt 0.785130 0.120265
vt 0.784879 0.116858
vt 0.785010 0.112446
vt 0.784690 0.112278
vt 0.795612 0.016372
vt 0.793664 0.017361
vt 0.793976 0.016370
vt 0.818204 0.033185
vt 0.816161 0.035827
vt 0.793664 0.019352
vt 0.795606 0.020329
vt 0.793972 0.020336
vt 0.923129 0.059139
vt 0.923123 0.062226
vt 0.786537 0.109896
vt 0.785005 0.109437
vt 0.843129 0.019081
vt 0.843156 0.017195
vt 0.788064 0.121039
vt 0.786532 0.121618
vt 0.786758 0.120618
vt 0.785213 0.121157
vt 0.786479 0.112872
vt 0.786564 0.117272
vt 0.922713 0.059410
vt 0.920930 0.070480
vt 0.920613 0.071618
vt 0.919585 0.070876
vt 0.919255 0.072058
vt 0.787928 0.117671
vt 0.785450 0.120200
vt 0.806498 0.065293
vt 0.803503 0.053895
vt 0.805286 0.053517
vt 0.770468 0.049092
vt 0.771197 0.036258
vt 0.844581 0.017057
vt 0.944594 0.098902
vt 0.770068 0.066017
vt 0.965654 0.071303
vt 0.922983 0.066754
vt 0.788491 0.121355
vt 0.788353 0.117879
vt 0.915704 0.029538
vt 0.913601 0.027412
vt 0.913359 0.032880
vt 0.777403 0.100702
vt 0.775046 0.106012
vt 0.917394 0.129581
vt 0.810483 0.031396
vt 0.801263 0.030035
vt 0.811814 0.026256
vt 0.809826 0.034135
vt 0.922002 0.027654
vt 0.921223 0.025210
vt 0.805453 0.023760
vt 0.801427 0.026147
vt 0.777231 0.150427
vt 0.773699 0.147031
vt 0.776390 0.148616
vt 0.788874 0.031857
vt 0.793394 0.033131
vt 0.788780 0.033183
vt 0.812489 0.023859
vt 0.831802 0.122450
vt 0.832915 0.124619
vt 0.831480 0.125974
vt 0.775046 0.121075
vt 0.777335 0.116465
vt 0.774614 0.125557
vt 0.775083 0.133547
vt 0.776313 0.126301
vt 0.880597 0.082717
vt 0.880941 0.087223
vt 0.880507 0.087023
vt 0.778653 0.030948
vt 0.775459 0.025693
vt 0.776352 0.025598
vt 0.793158 0.025793
vt 0.798455 0.024200
vt 0.796079 0.025689
vt 0.802126 0.019371
vt 0.802577 0.017253
vt 0.802577 0.019533
vt 0.770068 0.016578
vt 0.771801 0.018229
vt 0.770993 0.018431
vt 0.782128 0.023654
vt 0.788796 0.024462
vt 0.783931 0.024680
vt 0.949301 0.016202
vt 0.952416 0.017044
vt 0.947466 0.017497
vt 0.785981 0.026430
vt 0.784844 0.027243
vt 0.785803 0.026112
vt 0.773117 0.137860
vt 0.775178 0.144083
vt 0.773433 0.143200
vt 0.809567 0.079974
vt 0.809074 0.083668
vt 0.809209 0.080172
vt 0.942617 0.024822
vt 0.945648 0.023278
vt 0.946654 0.024770
vt 0.805837 0.077947
vt 0.802811 0.085510
vt 0.803924 0.078353
vt 0.942478 0.017469
vt 0.775539 0.023172
vt 0.774364 0.021405
vt 0.804531 0.073377
vt 0.806435 0.072998
vt 0.773490 0.021552
vt 0.788964 0.030365
vt 0.784969 0.031973
vt 0.785858 0.030458
vt 0.773577 0.148236
vt 0.776914 0.151149
vt 0.773286 0.148963
vt 0.946689 0.022195
vt 0.949728 0.019332
vt 0.948852 0.022966
vt 0.951981 0.040439
vt 0.951481 0.044551
vt 0.951239 0.040683
vt 0.950737 0.044822
vt 0.898021 0.125519
vt 0.893303 0.131245
vt 0.893308 0.125894
vt 0.820058 0.019181
vt 0.820534 0.017197
vt 0.820534 0.019339
vt 0.949054 0.059489
vt 0.949710 0.062949
vt 0.948985 0.062867
vt 0.949198 0.067071
vt 0.925991 0.017286
vt 0.932871 0.017562
vt 0.930092 0.019636
vt 0.949502 0.058756
vt 0.950470 0.059700
vt 0.949761 0.059594
vt 0.782843 0.030236
vt 0.777766 0.025849
vt 0.781849 0.026608
vt 0.780836 0.033575
vt 0.779704 0.033713
vt 0.891947 0.140623
vt 0.892525 0.138699
vt 0.892540 0.140579
vt 0.841306 0.123272
vt 0.836321 0.118887
vt 0.841147 0.119639
vt 0.951897 0.036782
vt 0.951151 0.036984
vt 0.835796 0.123236
vt 0.950436 0.063032
vt 0.949941 0.067143
vt 0.778924 0.033769
vt 0.777818 0.031004
vt 0.891918 0.131256
vt 0.819482 0.016335
vt 0.820030 0.017302
vt 0.772602 0.018028
vt 0.891918 0.135412
vt 0.892519 0.135389
vt 0.841900 0.129010
vt 0.842502 0.132433
vt 0.841911 0.132464
vt 0.836415 0.130878
vt 0.831520 0.129268
vt 0.951923 0.033249
vt 0.951171 0.033427
vt 0.897960 0.133852
vt 0.902787 0.135570
vt 0.897953 0.137119
vt 0.891923 0.138735
vt 0.919729 0.020110
vt 0.801462 0.042680
vt 0.803236 0.042327
vt 0.796900 0.029050
vt 0.877747 0.086304
vt 0.877723 0.089681
vt 0.877427 0.086296
vt 0.793299 0.031784
vt 0.800464 0.033363
vt 0.927077 0.026450
vt 0.930677 0.016314
vt 0.804652 0.065681
vt 0.793193 0.030259
vt 0.938026 0.017448
vt 0.938063 0.016098
vt 0.803641 0.061095
vt 0.774881 0.138629
vt 0.776296 0.134083
vt 0.775963 0.138902
vt 0.948780 0.058638
vt 0.804664 0.032952
vt 0.798317 0.031882
vt 0.782159 0.032789
vt 0.954565 0.016751
vt 0.772603 0.021699
vt 0.774553 0.025788
vt 0.896828 0.123143
vt 0.901358 0.125153
vt 0.779891 0.030942
vt 0.839899 0.117214
vt 0.902809 0.132337
vt 0.898574 0.130068
vt 0.902470 0.128904
vt 0.800757 0.023086
vt 0.950540 0.030260
vt 0.950420 0.033604
vt 0.902350 0.138461
vt 0.800287 0.035646
vt 0.802061 0.035302
vt 0.919015 0.017452
vt 0.778977 0.117195
vt 0.779500 0.110492
vt 0.781141 0.111191
vt 0.930379 0.023513
vt 0.934501 0.020132
vt 0.778237 0.122549
vt 0.935372 0.023493
vt 0.934567 0.022391
vt 0.807121 0.060304
vt 0.796898 0.026783
vt 0.942380 0.018955
vt 0.945578 0.018968
vt 0.837438 0.116570
vt 0.832895 0.118632
vt 0.776595 0.151872
vt 0.780813 0.154219
vt 0.780484 0.154939
vt 0.837624 0.135413
vt 0.841474 0.135085
vt 0.841035 0.135587
vt 0.893378 0.141718
vt 0.892604 0.141217
vt 0.892973 0.141172
vt 0.952064 0.029987
vt 0.951451 0.027535
vt 0.952225 0.027447
vt 0.950406 0.037187
vt 0.776445 0.147108
vt 0.778812 0.150899
vt 0.838603 0.126150
vt 0.836390 0.127504
vt 0.841905 0.134446
vt 0.841830 0.135044
vt 0.831973 0.132251
vt 0.837241 0.134795
vt 0.833372 0.134465
vt 0.951302 0.030125
vt 0.779046 0.024163
vt 0.897736 0.139501
vt 0.900963 0.140578
vt 0.897148 0.140853
vt 0.784872 0.029404
vt 0.798686 0.017382
vt 0.800426 0.019370
vt 0.798686 0.019368
vt 0.776975 0.031060
vt 0.842486 0.134408
vt 0.778140 0.033824
vt 0.950497 0.040927
vt 0.949952 0.058159
vt 0.949202 0.058037
vt 0.891924 0.125900
vt 0.892514 0.123172
vt 0.836645 0.133365
vt 0.776598 0.023404
vt 0.788915 0.025962
vt 0.793240 0.024259
vt 0.880728 0.079786
vt 0.881009 0.078869
vt 0.881146 0.079739
vt 0.770817 0.016339
vt 0.771561 0.016098
vt 0.812527 0.074658
vt 0.812931 0.071348
vt 0.812931 0.074459
vt 0.896740 0.141515
vt 0.948651 0.058994
vt 0.842502 0.127174
vt 0.842491 0.128986
vt 0.777109 0.128931
vt 0.881020 0.082758
vt 0.935257 0.018992
vt 0.806085 0.082817
vt 0.804988 0.088129
vt 0.804733 0.084999
vt 0.796095 0.030204
vt 0.881127 0.090681
vt 0.880684 0.090372
vt 0.801752 0.020339
vt 0.802217 0.020641
vt 0.798337 0.017257
vt 0.801749 0.016365
vt 0.802128 0.017376
vt 0.817208 0.018913
vt 0.816860 0.016836
vt 0.817181 0.017020
vt 0.812098 0.082455
vt 0.812474 0.083528
vt 0.812080 0.083483
vt 0.946656 0.020053
vt 0.839919 0.125717
vt 0.784144 0.033335
vt 0.949691 0.025513
vt 0.776001 0.143470
vt 0.803890 0.090918
vt 0.938145 0.018973
vt 0.933244 0.025223
vt 0.812746 0.079065
vt 0.812345 0.079112
vt 0.948457 0.057917
vt 0.879128 0.086662
vt 0.879112 0.082325
vt 0.938236 0.023419
vt 0.773325 0.132809
vt 0.842364 0.126936
vt 0.788674 0.023362
vt 0.811031 0.075120
vt 0.810955 0.079541
vt 0.935547 0.023167
vt 0.934753 0.022201
vt 0.774496 0.021461
vt 0.809537 0.075586
vt 0.809060 0.072585
vt 0.809411 0.072632
vt 0.809437 0.083360
vt 0.810739 0.083977
vt 0.809399 0.084477
vt 0.819564 0.020117
vt 0.820009 0.020409
vt 0.810967 0.072132
vt 0.812525 0.071636
vt 0.878076 0.090635
vt 0.879362 0.089986
vt 0.879413 0.091061
vt 0.810766 0.082906
vt 0.800114 0.016370
vt 0.800427 0.017379
vt 0.800118 0.020335
vt 0.798485 0.020332
vt 0.877626 0.081936
vt 0.878038 0.089604
vt 0.848978 0.037326
vt 0.838856 0.047164
vt 0.842668 0.034580
vt 0.812497 0.082493
vt 0.818605 0.017161
vt 0.818633 0.019047
vt 0.847475 0.080032
vt 0.837329 0.063894
vt 0.847797 0.063981
vt 0.853149 0.033313
vt 0.849264 0.028731
vt 0.877631 0.078942
vt 0.879180 0.079362
vt 0.852047 0.117053
vt 0.860383 0.116864
vt 0.858359 0.118979
vt 0.958151 0.054189
vt 0.954591 0.071033
vt 0.954306 0.054148
vt 0.877296 0.081775
vt 0.809184 0.075625
vt 0.942699 0.016163
vt 0.942891 0.025964
vt 0.947595 0.025920
vt 0.877296 0.078691
vt 0.942459 0.023329
vt 0.938187 0.024944
vt 0.798479 0.016374
vt 0.958071 0.071390
vt 0.955071 0.083759
vt 0.855355 0.064505
vt 0.853565 0.080050
vt 0.847684 0.048015
vt 0.852815 0.039198
vt 0.853768 0.048944
vt 0.859437 0.132105
vt 0.863922 0.121209
vt 0.863916 0.132008
vt 0.858598 0.163313
vt 0.862638 0.147991
vt 0.863056 0.164006
vt 0.872761 0.131469
vt 0.873495 0.117286
vt 0.877131 0.131026
vt 0.871860 0.165012
vt 0.878251 0.148224
vt 0.876210 0.165327
vt 0.974635 0.016098
vt 0.972931 0.019408
vt 0.972827 0.016170
vt 0.840198 0.033707
vt 0.878299 0.030318
vt 0.873132 0.031955
vt 0.875368 0.030270
vt 0.860897 0.031503
vt 0.855258 0.035949
vt 0.958151 0.036953
vt 0.959960 0.054194
vt 0.860700 0.122337
vt 0.865963 0.023853
vt 0.859562 0.026367
vt 0.858932 0.023971
vt 0.870318 0.118683
vt 0.866432 0.110079
vt 0.941853 0.107534
vt 0.941326 0.100821
vt 0.943496 0.106807
vt 0.847490 0.026785
vt 0.869998 0.026229
vt 0.864419 0.112414
vt 0.855065 0.106870
vt 0.870162 0.030116
vt 0.878332 0.025852
vt 0.872995 0.024274
vt 0.878247 0.024318
vt 0.777866 0.019509
vt 0.778306 0.017356
vt 0.778308 0.019351
vt 0.895333 0.025611
vt 0.896146 0.023183
vt 0.897322 0.021413
vt 0.866755 0.033042
vt 0.778340 0.065733
vt 0.781667 0.054384
vt 0.780174 0.066168
vt 0.874557 0.026852
vt 0.878119 0.033191
vt 0.870998 0.033442
vt 0.843823 0.108976
vt 0.852750 0.114611
vt 0.843528 0.112852
vt 0.840634 0.114543
vt 0.839289 0.111701
vt 0.942018 0.141247
vt 0.944382 0.137450
vt 0.944434 0.138953
vt 0.778635 0.016369
vt 0.777866 0.017229
vt 0.778181 0.016098
vt 0.804536 0.136288
vt 0.809004 0.139616
vt 0.805670 0.140026
vt 0.882735 0.024509
vt 0.889504 0.023683
vt 0.887654 0.024714
vt 0.874836 0.088815
vt 0.874855 0.092193
vt 0.874538 0.092112
vt 0.947396 0.133544
vt 0.947127 0.137372
vt 0.886623 0.032009
vt 0.889485 0.032818
vt 0.887492 0.033369
vt 0.811900 0.020113
vt 0.811010 0.019364
vt 0.811474 0.019202
vt 0.826910 0.111418
vt 0.826915 0.113993
vt 0.824661 0.112172
vt 0.944830 0.133820
vt 0.945649 0.134424
vt 0.848628 0.090878
vt 0.852485 0.089785
vt 0.831071 0.105415
vt 0.826131 0.106713
vt 0.824305 0.105406
vt 0.811208 0.132360
vt 0.808434 0.135337
vt 0.805607 0.134098
vt 0.854261 0.109520
vt 0.847998 0.106655
vt 0.898198 0.021558
vt 0.896228 0.025703
vt 0.893030 0.030967
vt 0.892776 0.033789
vt 0.891994 0.033735
vt 0.893867 0.031021
vt 0.893561 0.033842
vt 0.943908 0.141481
vt 0.940340 0.145278
vt 0.940012 0.144558
vt 0.823795 0.108532
vt 0.826959 0.109276
vt 0.888774 0.030267
vt 0.891775 0.030965
vt 0.812970 0.047090
vt 0.813648 0.051052
vt 0.812906 0.050805
vt 0.949928 0.051707
vt 0.949765 0.055907
vt 0.949214 0.051786
vt 0.812073 0.040086
vt 0.812947 0.043525
vt 0.812195 0.043344
vt 0.893902 0.025866
vt 0.895092 0.023418
vt 0.804186 0.132820
vt 0.890851 0.033601
vt 0.811784 0.141747
vt 0.897206 0.021469
vt 0.812402 0.132684
vt 0.813701 0.135001
vt 0.831096 0.143276
vt 0.837133 0.148705
vt 0.831878 0.147385
vt 0.900874 0.016336
vt 0.900700 0.018429
vt 0.899889 0.018230
vt 0.813715 0.047296
vt 0.813699 0.043706
vt 0.809072 0.127808
vt 0.814537 0.124103
vt 0.814546 0.126054
vt 0.841020 0.106883
vt 0.809061 0.131134
vt 0.814545 0.129455
vt 0.812836 0.040227
vt 0.835553 0.112703
vt 0.835606 0.114228
vt 0.870705 0.023166
vt 0.831098 0.140014
vt 0.836291 0.139380
vt 0.836514 0.141732
vt 0.886736 0.027279
vt 0.886714 0.029441
vt 0.836524 0.144954
vt 0.873096 0.148273
vt 0.857332 0.147659
vt 0.959879 0.071411
vt 0.957937 0.084997
vt 0.959745 0.085055
vt 0.974661 0.044928
vt 0.972902 0.029236
vt 0.974711 0.029217
vt 0.838318 0.112470
vt 0.838472 0.112797
vt 0.779894 0.053958
vt 0.784056 0.043117
vt 0.777866 0.060697
vt 0.838637 0.080724
vt 0.843310 0.105652
vt 0.872073 0.089525
vt 0.871447 0.093182
vt 0.871639 0.089725
vt 0.778183 0.073441
vt 0.780077 0.073868
vt 0.945747 0.123893
vt 0.946219 0.115905
vt 0.947508 0.123158
vt 0.944519 0.116646
vt 0.846889 0.115813
vt 0.831240 0.106722
vt 0.835811 0.105384
vt 0.835782 0.106733
vt 0.874555 0.029119
vt 0.878201 0.023176
vt 0.945948 0.128973
vt 0.889767 0.026636
vt 0.882575 0.030412
vt 0.882665 0.031905
vt 0.779209 0.088578
vt 0.779548 0.085475
vt 0.780219 0.091432
vt 0.830847 0.115216
vt 0.831071 0.114074
vt 0.804650 0.126616
vt 0.809891 0.123924
vt 0.809295 0.125352
vt 0.900128 0.016098
vt 0.899085 0.018031
vt 0.943591 0.140760
vt 0.947540 0.139303
vt 0.948457 0.048535
vt 0.949435 0.047594
vt 0.949155 0.048432
vt 0.949852 0.048330
vt 0.780212 0.093645
vt 0.783812 0.092237
vt 0.785505 0.094621
vt 0.812491 0.141099
vt 0.813606 0.138610
vt 0.892600 0.024183
vt 0.809891 0.067358
vt 0.809503 0.068462
vt 0.809495 0.067386
vt 0.841021 0.149967
vt 0.811984 0.037574
vt 0.815145 0.129464
vt 0.815145 0.126068
vt 0.815125 0.124125
vt 0.841368 0.146588
vt 0.841347 0.143399
vt 0.840901 0.140539
vt 0.868736 0.177595
vt 0.871841 0.178829
vt 0.974740 0.019353
vt 0.974732 0.060576
vt 0.972852 0.044930
vt 0.782291 0.042716
vt 0.785505 0.035843
vt 0.861600 0.034240
vt 0.882615 0.026009
vt 0.885763 0.026151
vt 0.942596 0.112896
vt 0.814325 0.018934
vt 0.814684 0.016860
vt 0.814686 0.019021
vt 0.831239 0.112582
vt 0.945789 0.111427
vt 0.885719 0.030497
vt 0.812224 0.046884
vt 0.812163 0.050558
vt 0.836566 0.153181
vt 0.811010 0.017222
vt 0.811502 0.017322
vt 0.846999 0.102007
vt 0.842284 0.093490
vt 0.848802 0.099537
vt 0.974774 0.070403
vt 0.972923 0.060561
vt 0.958081 0.023256
vt 0.959960 0.036941
vt 0.862510 0.183475
vt 0.862483 0.174751
vt 0.814107 0.123490
vt 0.939683 0.143839
vt 0.811983 0.016331
vt 0.811493 0.016098
vt 0.831088 0.155324
vt 0.831877 0.152665
vt 0.830506 0.152614
vt 0.810283 0.123308
vt 0.830528 0.138096
vt 0.831540 0.137591
vt 0.831110 0.138162
vt 0.830506 0.143231
vt 0.830506 0.147329
vt 0.835294 0.137366
vt 0.835696 0.138034
vt 0.812453 0.060482
vt 0.812935 0.057467
vt 0.812811 0.060509
vt 0.814472 0.123521
vt 0.839504 0.138418
vt 0.944226 0.142204
vt 0.947833 0.140033
vt 0.828074 0.108199
vt 0.813599 0.040365
vt 0.812759 0.037665
vt 0.813532 0.037754
vt 0.948499 0.051866
vt 0.947249 0.138577
vt 0.878190 0.031844
vt 0.815145 0.131240
vt 0.831182 0.137531
vt 0.831951 0.137062
vt 0.943727 0.119285
vt 0.949032 0.055975
vt 0.950148 0.047479
vt 0.950275 0.047835
vt 0.806046 0.124390
vt 0.831346 0.108209
vt 0.835658 0.108256
vt 0.899087 0.021702
vt 0.812729 0.054708
vt 0.811984 0.054433
vt 0.839890 0.153643
vt 0.871864 0.082290
vt 0.871583 0.081365
vt 0.871992 0.081423
vt 0.804206 0.129569
vt 0.830507 0.139955
vt 0.778270 0.083212
vt 0.871991 0.085221
vt 0.871447 0.082244
vt 0.871568 0.085262
vt 0.809461 0.059561
vt 0.809060 0.056241
vt 0.809462 0.056539
vt 0.949019 0.046993
vt 0.948720 0.047710
vt 0.949760 0.046875
vt 0.950497 0.046758
vt 0.781324 0.061578
vt 0.944538 0.124436
vt 0.781755 0.019345
vt 0.782114 0.017228
vt 0.782113 0.019497
vt 0.839358 0.109441
vt 0.885594 0.026469
vt 0.886561 0.027465
vt 0.882786 0.033230
vt 0.823751 0.114712
vt 0.974674 0.073749
vt 0.972965 0.070352
vt 0.778176 0.020641
vt 0.778632 0.020343
vt 0.944870 0.129255
vt 0.778642 0.078400
vt 0.780545 0.078854
vt 0.821030 0.106223
vt 0.781456 0.086035
vt 0.818808 0.105914
vt 0.947714 0.128208
vt 0.873414 0.081872
vt 0.873477 0.084833
vt 0.874965 0.084449
vt 0.864403 0.185609
vt 0.873454 0.089168
vt 0.827972 0.112508
vt 0.838592 0.108297
vt 0.809642 0.064015
vt 0.809245 0.063959
vt 0.809060 0.059353
vt 0.781913 0.016374
vt 0.780011 0.017357
vt 0.780274 0.016371
vt 0.852746 0.095061
vt 0.854885 0.093054
vt 0.780012 0.019348
vt 0.781909 0.020331
vt 0.780271 0.020337
vt 0.875301 0.081209
vt 0.875296 0.084291
vt 0.811021 0.057031
vt 0.812900 0.019068
vt 0.812927 0.017181
vt 0.812554 0.068256
vt 0.811237 0.068912
vt 0.811223 0.067805
vt 0.809895 0.068421
vt 0.810957 0.060020
vt 0.811034 0.064441
vt 0.874965 0.081457
vt 0.873214 0.092490
vt 0.873158 0.093557
vt 0.871890 0.092871
vt 0.871821 0.093983
vt 0.812423 0.064870
vt 0.933679 0.051338
vt 0.930139 0.040069
vt 0.931865 0.039664
vt 0.954670 0.037233
vt 0.955209 0.024426
vt 0.814352 0.017040
vt 0.875157 0.088811
vt 0.812921 0.068553
vt 0.812786 0.065057
vt 0.856818 0.176352
vt 0.858717 0.178847
vt 0.859335 0.173141
vt 0.894713 0.031075
vt 0.897136 0.025796
vt 0.835374 0.155490
vt 0.860468 0.097188
vt 0.869712 0.099069
vt 0.859067 0.102262
vt 0.861205 0.094891
vt 0.850411 0.177956
vt 0.850975 0.180687
vt 0.865433 0.105189
vt 0.869497 0.102936
vt 0.965718 0.115503
vt 0.961979 0.112149
vt 0.964773 0.113689
vt 0.882231 0.098432
vt 0.877703 0.096874
vt 0.882367 0.097359
vt 0.858403 0.105043
vt 0.914225 0.124508
vt 0.913154 0.122307
vt 0.914575 0.121006
vt 0.962688 0.086216
vt 0.965167 0.081710
vt 0.962444 0.090740
vt 0.963044 0.098664
vt 0.964185 0.091447
vt 0.927525 0.049163
vt 0.927810 0.053642
vt 0.927443 0.053469
vt 0.892575 0.100772
vt 0.895703 0.106085
vt 0.894807 0.106149
vt 0.877822 0.103981
vt 0.872467 0.105139
vt 0.874876 0.103819
vt 0.788496 0.019376
vt 0.788938 0.017260
vt 0.788937 0.019540
vt 0.900982 0.115296
vt 0.899266 0.113595
vt 0.900080 0.113425
vt 0.888957 0.107534
vt 0.882205 0.105732
vt 0.887124 0.106068
vt 0.930721 0.071560
vt 0.928866 0.075350
vt 0.929867 0.069864
vt 0.924936 0.056038
vt 0.924837 0.057224
vt 0.924540 0.056085
vt 0.961139 0.103000
vt 0.963382 0.109165
vt 0.961586 0.108317
vt 0.934397 0.108976
vt 0.933835 0.112658
vt 0.933973 0.109185
vt 0.829276 0.180879
vt 0.826092 0.182485
vt 0.825112 0.181103
vt 0.933458 0.063965
vt 0.931591 0.064402
vt 0.930475 0.064471
vt 0.895589 0.108583
vt 0.896742 0.110366
vt 0.932047 0.059425
vt 0.933905 0.059015
vt 0.886239 0.103456
vt 0.885252 0.104442
vt 0.897620 0.110250
vt 0.882121 0.099923
vt 0.886187 0.098852
vt 0.885264 0.100210
vt 0.961914 0.113370
vt 0.965433 0.116239
vt 0.961653 0.114109
vt 0.824971 0.183582
vt 0.821699 0.186536
vt 0.822758 0.182976
vt 0.871723 0.053287
vt 0.872191 0.048945
vt 0.872465 0.053036
vt 0.872934 0.048668
vt 0.820686 0.154466
vt 0.825374 0.148596
vt 0.825375 0.153964
vt 0.808388 0.019182
vt 0.808838 0.017194
vt 0.808854 0.019336
vt 0.823682 0.016098
vt 0.824612 0.019568
vt 0.823885 0.019474
vt 0.824424 0.023922
vt 0.845803 0.188326
vt 0.838840 0.188005
vt 0.841754 0.185995
vt 0.900588 0.116179
vt 0.901626 0.116532
vt 0.900915 0.116775
vt 0.888314 0.100836
vt 0.893381 0.105726
vt 0.889259 0.104448
vt 0.890429 0.098158
vt 0.891574 0.098139
vt 0.826724 0.139150
vt 0.826154 0.141095
vt 0.826142 0.139209
vt 0.905059 0.123341
vt 0.909757 0.127902
vt 0.905154 0.126971
vt 0.871819 0.057014
vt 0.872564 0.056804
vt 0.910327 0.123584
vt 0.825339 0.019661
vt 0.825168 0.023998
vt 0.892356 0.098108
vt 0.893412 0.100744
vt 0.826746 0.148547
vt 0.807855 0.016338
vt 0.808346 0.017303
vt 0.898461 0.113765
vt 0.826746 0.144378
vt 0.826156 0.144417
vt 0.904216 0.117633
vt 0.903616 0.114204
vt 0.904215 0.114192
vt 0.909689 0.115955
vt 0.914555 0.117722
vt 0.871795 0.060543
vt 0.872546 0.060358
vt 0.820728 0.146106
vt 0.815905 0.144514
vt 0.820738 0.142827
vt 0.826745 0.141043
vt 0.852211 0.185820
vt 0.927011 0.029077
vt 0.928724 0.028699
vt 0.874090 0.100372
vt 0.924632 0.052736
vt 0.924233 0.052699
vt 0.877758 0.097999
vt 0.870589 0.096095
vt 0.845187 0.179163
vt 0.930522 0.047243
vt 0.931885 0.051754
vt 0.930696 0.054368
vt 0.877847 0.099551
vt 0.930754 0.059738
vt 0.829118 0.179561
vt 0.833821 0.180650
vt 0.899862 0.116406
vt 0.900205 0.117019
vt 0.866344 0.096064
vt 0.872705 0.097482
vt 0.889057 0.098546
vt 0.928335 0.077764
vt 0.898510 0.110134
vt 0.896613 0.106020
vt 0.821878 0.156817
vt 0.817361 0.154923
vt 0.891320 0.100609
vt 0.906270 0.129441
vt 0.815884 0.147759
vt 0.820119 0.149919
vt 0.816230 0.151193
vt 0.870162 0.106336
vt 0.873166 0.063429
vt 0.873295 0.060172
vt 0.816351 0.141600
vt 0.957929 0.016164
vt 0.959890 0.023207
vt 0.852879 0.188229
vt 0.966846 0.082401
vt 0.967625 0.075918
vt 0.969299 0.076577
vt 0.841666 0.182122
vt 0.837315 0.185450
vt 0.840984 0.178796
vt 0.836611 0.182083
vt 0.837368 0.183193
vt 0.933896 0.046401
vt 0.874062 0.102635
vt 0.829239 0.186644
vt 0.823941 0.188252
vt 0.825965 0.186702
vt 0.908546 0.130183
vt 0.913092 0.128279
vt 0.965147 0.116978
vt 0.969004 0.118984
vt 0.968709 0.119719
vt 0.908478 0.111399
vt 0.904653 0.111596
vt 0.905082 0.111112
vt 0.825301 0.138089
vt 0.826070 0.138571
vt 0.825712 0.138625
vt 0.871643 0.063718
vt 0.872220 0.065885
vt 0.871447 0.065981
vt 0.873308 0.056595
vt 0.821981 0.180610
vt 0.819434 0.182423
vt 0.820595 0.180021
vt 0.907553 0.120586
vt 0.909699 0.119318
vt 0.904224 0.112219
vt 0.904289 0.111626
vt 0.914111 0.114736
vt 0.908870 0.112026
vt 0.912715 0.112485
vt 0.872405 0.063572
vt 0.892058 0.107191
vt 0.820960 0.140431
vt 0.817748 0.139437
vt 0.821555 0.139057
vt 0.886244 0.101349
vt 0.785050 0.017382
vt 0.786792 0.019372
vt 0.785048 0.019368
vt 0.894258 0.100717
vt 0.903636 0.112238
vt 0.893142 0.098078
vt 0.873206 0.052786
vt 0.900227 0.115504
vt 0.826746 0.153921
vt 0.826164 0.156673
vt 0.909466 0.113471
vt 0.894538 0.108378
vt 0.882105 0.104232
vt 0.877718 0.105486
vt 0.825105 0.016332
vt 0.824393 0.016215
vt 0.836336 0.186272
vt 0.836489 0.186579
vt 0.899478 0.115714
vt 0.877901 0.099893
vt 0.874917 0.099312
vt 0.821958 0.138383
vt 0.873646 0.016098
vt 0.873646 0.016846
vt 0.873397 0.016360
vt 0.903616 0.119442
vt 0.903616 0.117639
vt 0.838866 0.180353
vt 0.928006 0.046160
vt 0.927883 0.049178
vt 0.928006 0.057101
vt 0.927630 0.056818
vt 0.788170 0.020337
vt 0.788627 0.020641
vt 0.784690 0.017257
vt 0.788170 0.016363
vt 0.788498 0.017381
vt 0.805535 0.018937
vt 0.805161 0.016862
vt 0.805494 0.017044
vt 0.885097 0.100510
vt 0.886071 0.101512
vt 0.824906 0.185680
vt 0.906358 0.120960
vt 0.961049 0.110239
vt 0.960379 0.106811
vt 0.818808 0.188935
vt 0.824248 0.179861
vt 0.932090 0.076907
vt 0.932596 0.071017
vt 0.833553 0.186601
vt 0.829052 0.188153
vt 0.937317 0.103759
vt 0.937449 0.108170
vt 0.937129 0.108186
vt 0.926038 0.053100
vt 0.926013 0.048763
vt 0.833686 0.182184
vt 0.962949 0.103731
vt 0.961241 0.097963
vt 0.932634 0.078922
vt 0.961022 0.092405
vt 0.960154 0.102403
vt 0.882339 0.107085
vt 0.935847 0.104182
vt 0.935762 0.108579
vt 0.833596 0.188115
vt 0.934258 0.101668
vt 0.933947 0.100761
vt 0.934362 0.100805
vt 0.896625 0.110451
vt 0.934377 0.104610
vt 0.933835 0.101635
vt 0.934262 0.112341
vt 0.935791 0.112914
vt 0.934474 0.113378
vt 0.807966 0.020120
vt 0.808403 0.020409
vt 0.935789 0.101208
vt 0.937322 0.100752
vt 0.925228 0.057166
vt 0.926284 0.056426
vt 0.926589 0.057598
vt 0.806564 0.020002
vt 0.806961 0.019059
vt 0.786530 0.016365
vt 0.786794 0.017381
vt 0.786532 0.020331
vt 0.784894 0.020325
vt 0.924500 0.048367
vt 0.770490 0.082889
vt 0.937198 0.111573
vt 0.936877 0.111506
vt 0.935568 0.111921
vt 0.806920 0.017173
vt 0.924499 0.045374
vt 0.926077 0.045801
vt 0.924092 0.048177
vt 0.933954 0.104662
vt 0.924087 0.045094
vt 0.829365 0.182348
vt 0.784891 0.016368
vt 0.917195 0.086913
vt 0.927654 0.046232
vt 0.833963 0.063723
vt 0.591854 0.431739
vt 0.594037 0.426504
vt 0.592701 0.431897
vt 0.593211 0.426259
vt 0.595931 0.421279
vt 0.596825 0.421639
vt 0.594964 0.426769
vt 0.593653 0.432065
vt 0.595136 0.420950
vt 0.598367 0.416281
vt 0.597611 0.415871
vt 0.601315 0.411562
vt 0.602111 0.412099
vt 0.599217 0.416731
vt 0.600607 0.411076
vt 0.604745 0.407178
vt 0.604092 0.406621
vt 0.608617 0.403172
vt 0.609281 0.403860
vt 0.605479 0.407793
vt 0.608026 0.402550
vt 0.612891 0.399592
vt 0.612370 0.398913
vt 0.617519 0.396474
vt 0.618021 0.397283
vt 0.613478 0.400345
vt 0.617071 0.395744
vt 0.622450 0.393855
vt 0.622082 0.393084
vt 0.627630 0.391762
vt 0.627950 0.392656
vt 0.622863 0.394712
vt 0.627346 0.390956
vt 0.633003 0.390219
vt 0.632806 0.389388
vt 0.638510 0.389240
vt 0.638632 0.390181
vt 0.633226 0.391141
vt 0.638402 0.388394
vt 0.644090 0.388841
vt 0.644072 0.387988
vt 0.649683 0.389021
vt 0.649603 0.389965
vt 0.644112 0.389788
vt 0.649755 0.388171
vt 0.655226 0.389782
vt 0.655387 0.388944
vt 0.660660 0.391113
vt 0.660381 0.392019
vt 0.655046 0.390712
vt 0.660909 0.390296
vt 0.665924 0.393001
vt 0.666258 0.392215
vt 0.670962 0.395424
vt 0.670497 0.396252
vt 0.665550 0.393873
vt 0.671377 0.394677
vt 0.675717 0.398357
vt 0.676209 0.397658
vt 0.680138 0.401767
vt 0.679507 0.402480
vt 0.675166 0.399133
vt 0.680702 0.401122
vt 0.684176 0.405617
vt 0.684805 0.405035
vt 0.687788 0.409863
vt 0.687018 0.410430
vt 0.683472 0.406261
vt 0.688475 0.409350
vt 0.690933 0.414462
vt 0.691670 0.414023
vt 0.693577 0.419360
vt 0.692703 0.419755
vt 0.690106 0.414946
vt 0.694358 0.419000
vt 0.695691 0.424506
vt 0.696505 0.424229
vt 0.697252 0.429843
vt 0.696311 0.430048
vt 0.694778 0.424808
vt 0.698092 0.429652
vt 0.698242 0.435311
vt 0.699098 0.435208
vt 0.698653 0.440852
vt 0.697686 0.440858
vt 0.697283 0.435417
vt 0.699515 0.440838
vt 0.698476 0.446404
vt 0.699336 0.446480
vt 0.697718 0.451907
vt 0.696768 0.451713
vt 0.697513 0.446309
vt 0.698565 0.452072
vt 0.696382 0.457300
vt 0.697208 0.457552
vt 0.694488 0.462525
vt 0.693597 0.462138
vt 0.695457 0.457008
vt 0.695283 0.462861
vt 0.692052 0.467523
vt 0.692807 0.467940
vt 0.689104 0.472241
vt 0.688310 0.471679
vt 0.691205 0.467046
vt 0.689812 0.472735
vt 0.685674 0.476626
vt 0.686327 0.477190
vt 0.681802 0.480632
vt 0.681141 0.479918
vt 0.684943 0.475985
vt 0.682392 0.481261
vt 0.677528 0.484212
vt 0.678049 0.484898
vt 0.672901 0.487330
vt 0.672400 0.486494
vt 0.676944 0.483433
vt 0.673347 0.488066
vt 0.667969 0.489949
vt 0.668336 0.490727
vt 0.662789 0.492042
vt 0.662472 0.491121
vt 0.667558 0.489065
vt 0.663072 0.492855
vt 0.657416 0.493585
vt 0.657613 0.494423
vt 0.651909 0.494563
vt 0.651789 0.493597
vt 0.657196 0.492636
vt 0.652017 0.495417
vt 0.646329 0.494963
vt 0.646347 0.495823
vt 0.640736 0.494783
vt 0.640819 0.493812
vt 0.646310 0.493989
vt 0.640664 0.495640
vt 0.635193 0.494022
vt 0.635031 0.494866
vt 0.629759 0.492691
vt 0.630040 0.491759
vt 0.635376 0.493065
vt 0.629510 0.493514
vt 0.624495 0.490803
vt 0.624161 0.491595
vt 0.619457 0.488380
vt 0.619925 0.487525
vt 0.624871 0.489904
vt 0.619042 0.489134
vt 0.614702 0.485447
vt 0.614210 0.486153
vt 0.610281 0.482037
vt 0.610914 0.481297
vt 0.615256 0.484645
vt 0.609717 0.482689
vt 0.606243 0.478187
vt 0.605614 0.478776
vt 0.602631 0.473941
vt 0.603403 0.473347
vt 0.606950 0.477517
vt 0.601944 0.474461
vt 0.599487 0.469342
vt 0.598749 0.469788
vt 0.596842 0.464444
vt 0.597719 0.464022
vt 0.600316 0.468832
vt 0.596061 0.464811
vt 0.594729 0.459298
vt 0.593914 0.459582
vt 0.593167 0.453961
vt 0.594110 0.453730
vt 0.595644 0.458969
vt 0.592327 0.454160
vt 0.592177 0.448493
vt 0.591321 0.448603
vt 0.591766 0.442952
vt 0.592735 0.442920
vt 0.593138 0.448360
vt 0.590904 0.442973
vt 0.591943 0.437400
vt 0.591083 0.437331
vt 0.592908 0.437468
vt 0.507274 0.357316
vt 0.501930 0.357636
vt 0.502001 0.357139
vt 0.507152 0.357811
vt 0.501865 0.358106
vt 0.496624 0.357945
vt 0.496643 0.357473
vt 0.496663 0.356975
vt 0.517394 0.357699
vt 0.512253 0.357997
vt 0.512423 0.357504
vt 0.517176 0.358190
vt 0.512098 0.358464
vt 0.507042 0.358280
vt 0.610222 0.404773
vt 0.606893 0.408863
vt 0.606519 0.408604
vt 0.610561 0.405069
vt 0.607231 0.409093
vt 0.521867 0.358390
vt 0.516979 0.358656
vt 0.603644 0.413016
vt 0.603239 0.412797
vt 0.618735 0.398368
vt 0.614610 0.401677
vt 0.614310 0.401349
vt 0.618992 0.398724
vt 0.614880 0.401970
vt 0.610866 0.405332
vt 0.543763 0.429939
vt 0.548052 0.429364
vt 0.548313 0.429888
vt 0.543545 0.429415
vt 0.547818 0.428869
vt 0.551975 0.428775
vt 0.552245 0.429269
vt 0.623451 0.395863
vt 0.533907 0.429905
vt 0.538771 0.429420
vt 0.538942 0.429945
vt 0.533784 0.429381
vt 0.538618 0.428925
vt 0.543350 0.428919
vt 0.523411 0.429690
vt 0.528637 0.429296
vt 0.528711 0.429819
vt 0.523388 0.429168
vt 0.528571 0.428802
vt 0.533674 0.428885
vt 0.512732 0.429305
vt 0.518093 0.428998
vt 0.518065 0.429518
vt 0.512811 0.428787
vt 0.518119 0.428506
vt 0.523368 0.428675
vt 0.502338 0.428766
vt 0.507600 0.428537
vt 0.507471 0.429053
vt 0.502516 0.428253
vt 0.507717 0.428049
vt 0.512883 0.428297
vt 0.492683 0.428096
vt 0.497617 0.427936
vt 0.497391 0.428446
vt 0.492954 0.427590
vt 0.497821 0.427453
vt 0.502678 0.427767
vt 0.685936 0.411172
vt 0.682131 0.407384
vt 0.682482 0.407111
vt 0.685552 0.411407
vt 0.681815 0.407627
vt 0.488579 0.427219
vt 0.493198 0.427110
vt 0.678306 0.403737
vt 0.678620 0.403429
vt 0.691472 0.420255
vt 0.688530 0.415763
vt 0.688943 0.415570
vt 0.691035 0.420402
vt 0.688159 0.415933
vt 0.685206 0.411615
vt 0.694987 0.430279
vt 0.693037 0.425277
vt 0.693494 0.425176
vt 0.694516 0.430331
vt 0.692626 0.425364
vt 0.690642 0.420532
vt 0.696327 0.440808
vt 0.695454 0.435511
vt 0.695934 0.435509
vt 0.481818 0.490693
vt 0.476793 0.490956
vt 0.476677 0.490507
vt 0.694093 0.430375
vt 0.695432 0.451380
vt 0.695676 0.446018
vt 0.696158 0.446117
vt 0.492359 0.491012
vt 0.487090 0.491308
vt 0.487064 0.490862
vt 0.481889 0.491140
vt 0.695843 0.440759
vt 0.692343 0.461534
vt 0.693692 0.456339
vt 0.694155 0.456538
vt 0.691898 0.461288
vt 0.693276 0.456157
vt 0.694530 0.451093
vt 0.694957 0.451231
vt 0.687195 0.470827
vt 0.689591 0.466022
vt 0.690014 0.466314
vt 0.686798 0.470491
vt 0.689210 0.465756
vt 0.691497 0.461063
vt 0.680211 0.478851
vt 0.683550 0.474645
vt 0.683914 0.475020
vt 0.679882 0.478439
vt 0.683221 0.474304
vt 0.686442 0.470187
vt 0.671699 0.485256
vt 0.675833 0.481830
vt 0.676124 0.482275
vt 0.671450 0.484783
vt 0.675572 0.481427
vt 0.679585 0.478065
vt 0.662029 0.489763
vt 0.666779 0.487264
vt 0.666983 0.487761
vt 0.661873 0.489247
vt 0.666597 0.486813
vt 0.671227 0.484354
vt 0.651624 0.492174
vt 0.656783 0.490708
vt 0.656890 0.491238
vt 0.651567 0.491635
vt 0.656687 0.490228
vt 0.661733 0.488779
vt 0.640939 0.492384
vt 0.646282 0.492013
vt 0.646287 0.492556
vt 0.640984 0.491843
vt 0.646277 0.491522
vt 0.651517 0.491146
vt 0.630441 0.490384
vt 0.635734 0.491122
vt 0.635638 0.491656
vt 0.630587 0.489862
vt 0.635821 0.490638
vt 0.641026 0.491352
vt 0.620589 0.486261
vt 0.625601 0.488073
vt 0.625407 0.488578
vt 0.620829 0.485778
vt 0.625775 0.487615
vt 0.630718 0.489389
vt 0.611813 0.480195
vt 0.616325 0.482999
vt 0.616042 0.483455
vt 0.612137 0.479770
vt 0.616580 0.482586
vt 0.621045 0.485340
vt 0.604497 0.472452
vt 0.608312 0.476123
vt 0.607952 0.476513
vt 0.604891 0.472101
vt 0.608637 0.475769
vt 0.612429 0.479385
vt 0.598961 0.463369
vt 0.601913 0.467745
vt 0.601490 0.468054
vt 0.599408 0.463105
vt 0.602293 0.467464
vt 0.605246 0.471782
vt 0.595447 0.453345
vt 0.597406 0.458231
vt 0.596940 0.458448
vt 0.595926 0.453176
vt 0.597825 0.458032
vt 0.599810 0.462865
vt 0.594107 0.442816
vt 0.594989 0.447997
vt 0.594500 0.448115
vt 0.486107 0.357190
vt 0.481092 0.357548
vt 0.480974 0.357073
vt 0.596359 0.453022
vt 0.491350 0.357323
vt 0.491319 0.356824
vt 0.491377 0.357797
vt 0.486180 0.357664
vt 0.486026 0.356689
vt 0.599754 0.422605
vt 0.597617 0.427335
vt 0.599380 0.422474
vt 0.598005 0.427427
vt 0.596374 0.432353
vt 0.595922 0.432304
vt 0.597176 0.427240
vt 0.598955 0.422334
vt 0.604722 0.413638
vt 0.601646 0.417823
vt 0.604389 0.413433
vt 0.602002 0.417993
vt 0.601242 0.417641
vt 0.604010 0.413210
vt 0.611461 0.405895
vt 0.607580 0.409353
vt 0.611183 0.405627
vt 0.607888 0.409592
vt 0.619676 0.399714
vt 0.615159 0.402296
vt 0.619465 0.399395
vt 0.615405 0.402591
vt 0.619225 0.399043
vt 0.629007 0.395365
vt 0.624053 0.396958
vt 0.628873 0.395010
vt 0.624227 0.397297
vt 0.623855 0.396584
vt 0.628719 0.394618
vt 0.639048 0.393038
vt 0.633872 0.393575
vt 0.638995 0.392664
vt 0.633966 0.393941
vt 0.633765 0.393169
vt 0.638935 0.392251
vt 0.649359 0.392836
vt 0.644187 0.392293
vt 0.649391 0.392460
vt 0.644198 0.392669
vt 0.644175 0.391875
vt 0.649426 0.392044
vt 0.659489 0.394766
vt 0.654548 0.393168
vt 0.659604 0.394406
vt 0.654475 0.393538
vt 0.654631 0.392759
vt 0.659733 0.394008
vt 0.668997 0.398745
vt 0.664502 0.396163
vt 0.669189 0.398418
vt 0.664347 0.396509
vt 0.664676 0.395782
vt 0.669407 0.398057
vt 0.677465 0.404598
vt 0.673613 0.401147
vt 0.677727 0.404319
vt 0.673385 0.401452
vt 0.673871 0.400811
vt 0.678023 0.404012
vt 0.684525 0.412070
vt 0.681484 0.407901
vt 0.684845 0.411852
vt 0.681192 0.408151
vt 0.689867 0.420835
vt 0.687770 0.416131
vt 0.690231 0.420689
vt 0.687427 0.416314
vt 0.693259 0.430508
vt 0.692197 0.425476
vt 0.693650 0.430441
vt 0.691818 0.425584
vt 0.694552 0.440668
vt 0.694571 0.435529
vt 0.694953 0.440684
vt 0.694173 0.435555
vt 0.695022 0.435510
vt 0.695408 0.440712
vt 0.693689 0.450871
vt 0.694789 0.445850
vt 0.694083 0.450970
vt 0.694389 0.445792
vt 0.695242 0.445926
vt 0.690708 0.460670
vt 0.692841 0.455988
vt 0.691078 0.460849
vt 0.692456 0.455848
vt 0.685739 0.469637
vt 0.688812 0.465500
vt 0.686069 0.469890
vt 0.688460 0.465282
vt 0.679000 0.477380
vt 0.682878 0.473970
vt 0.679275 0.477697
vt 0.682574 0.473683
vt 0.670786 0.483561
vt 0.675298 0.481028
vt 0.670993 0.483928
vt 0.675056 0.480684
vt 0.661454 0.487910
vt 0.666405 0.486365
vt 0.661585 0.488313
vt 0.666235 0.485978
vt 0.651414 0.490237
vt 0.656586 0.489748
vt 0.651462 0.490659
vt 0.656495 0.489334
vt 0.641103 0.490439
vt 0.646270 0.491030
vt 0.641067 0.490863
vt 0.646264 0.490606
vt 0.630972 0.488509
vt 0.635909 0.490155
vt 0.630854 0.488917
vt 0.635987 0.489737
vt 0.621465 0.484530
vt 0.625956 0.487160
vt 0.621268 0.484905
vt 0.626114 0.486766
vt 0.612996 0.478677
vt 0.616844 0.482176
vt 0.612731 0.479004
vt 0.617077 0.481823
vt 0.605936 0.471205
vt 0.608974 0.475422
vt 0.605613 0.471471
vt 0.609270 0.475124
vt 0.600594 0.462440
vt 0.602687 0.467192
vt 0.600227 0.462635
vt 0.603035 0.466961
vt 0.597202 0.452767
vt 0.598261 0.457847
vt 0.596807 0.452882
vt 0.598644 0.457691
vt 0.595910 0.442607
vt 0.595886 0.447794
vt 0.595504 0.442639
vt 0.596289 0.447720
vt 0.595429 0.447887
vt 0.595044 0.442685
vt 0.596773 0.432404
vt 0.595669 0.437473
vt 0.596073 0.437483
vt 0.595210 0.437471
vt 0.595697 0.426958
vt 0.597531 0.421903
vt 0.596278 0.427086
vt 0.595001 0.432244
vt 0.594405 0.432177
vt 0.599888 0.417066
vt 0.602740 0.412501
vt 0.600420 0.417310
vt 0.598090 0.422090
vt 0.606059 0.408258
vt 0.609806 0.404382
vt 0.613941 0.400918
vt 0.618419 0.397901
vt 0.623191 0.395367
vt 0.628203 0.393341
vt 0.633402 0.391848
vt 0.638731 0.390902
vt 0.633544 0.392385
vt 0.628405 0.393861
vt 0.644130 0.390515
vt 0.649541 0.390689
vt 0.644146 0.391068
vt 0.638810 0.391450
vt 0.654905 0.391426
vt 0.660163 0.392713
vt 0.654796 0.391968
vt 0.649495 0.391240
vt 0.665257 0.394540
vt 0.670132 0.396885
vt 0.665027 0.395046
vt 0.659993 0.393240
vt 0.674733 0.399723
vt 0.679011 0.403022
vt 0.674392 0.400169
vt 0.669845 0.397363
vt 0.682918 0.406748
vt 0.686413 0.410857
vt 0.689456 0.415306
vt 0.692015 0.420046
vt 0.694059 0.425026
vt 0.695571 0.430189
vt 0.696529 0.435481
vt 0.696926 0.440842
vt 0.696755 0.446214
vt 0.696021 0.451539
vt 0.694729 0.456757
vt 0.692896 0.461813
vt 0.690539 0.466649
vt 0.687686 0.471215
vt 0.684367 0.475458
vt 0.680621 0.479334
vt 0.676485 0.482798
vt 0.672008 0.485815
vt 0.667236 0.488349
vt 0.662223 0.490375
vt 0.657024 0.491868
vt 0.651696 0.492814
vt 0.646296 0.493201
vt 0.640885 0.493027
vt 0.635521 0.492290
vt 0.630263 0.491003
vt 0.625169 0.489175
vt 0.620295 0.486831
vt 0.615694 0.483992
vt 0.611415 0.480694
vt 0.607508 0.476968
vt 0.604013 0.472859
vt 0.600971 0.468409
vt 0.598412 0.463670
vt 0.596367 0.458690
vt 0.594856 0.453527
vt 0.593898 0.448235
vt 0.593500 0.442874
vt 0.593671 0.437502
vt 0.594276 0.437507
vt 0.586152 0.425876
vt 0.583753 0.420721
vt 0.584567 0.420443
vt 0.585312 0.426069
vt 0.582839 0.421026
vt 0.580766 0.415962
vt 0.581641 0.415564
vt 0.582422 0.415202
vt 0.578999 0.410655
vt 0.579736 0.410214
vt 0.578171 0.411142
vt 0.575086 0.406617
vt 0.575856 0.406046
vt 0.576543 0.405531
vt 0.572246 0.401791
vt 0.572875 0.401207
vt 0.571541 0.402438
vt 0.567577 0.398650
vt 0.568209 0.397932
vt 0.568773 0.397286
vt 0.563789 0.394516
vt 0.564282 0.393815
vt 0.563237 0.395295
vt 0.558569 0.392409
vt 0.559035 0.391577
vt 0.559451 0.390828
vt 0.553998 0.389149
vt 0.554333 0.388361
vt 0.553624 0.390025
vt 0.548455 0.388167
vt 0.548735 0.387257
vt 0.548984 0.386438
vt 0.543301 0.385923
vt 0.543463 0.385083
vt 0.543120 0.386858
vt 0.537678 0.386110
vt 0.537758 0.385161
vt 0.537831 0.384309
vt 0.532166 0.384981
vt 0.532148 0.384126
vt 0.532186 0.385933
vt 0.526707 0.386326
vt 0.526585 0.385382
vt 0.526477 0.384533
vt 0.521078 0.386363
vt 0.520881 0.385530
vt 0.521299 0.387289
vt 0.516023 0.388808
vt 0.515704 0.387909
vt 0.515420 0.387101
vt 0.510523 0.390008
vt 0.510156 0.389234
vt 0.510935 0.390869
vt 0.506092 0.393446
vt 0.505590 0.392633
vt 0.505144 0.391901
vt 0.500962 0.395758
vt 0.500440 0.395076
vt 0.501547 0.396514
vt 0.497349 0.400038
vt 0.496686 0.399346
vt 0.496096 0.398722
vt 0.492812 0.403360
vt 0.492159 0.402802
vt 0.493545 0.403979
vt 0.490176 0.408295
vt 0.489380 0.407755
vt 0.488672 0.407268
vt 0.486430 0.412484
vt 0.485675 0.412073
vt 0.487279 0.412938
vt 0.484885 0.417857
vt 0.483992 0.417493
vt 0.483197 0.417163
vt 0.482096 0.422730
vt 0.481270 0.422484
vt 0.483023 0.422998
vt 0.481709 0.428305
vt 0.480758 0.428135
vt 0.479911 0.427976
vt 0.479997 0.433650
vt 0.479137 0.433580
vt 0.480962 0.433720
vt 0.480787 0.439184
vt 0.479818 0.439214
vt 0.478956 0.439234
vt 0.480227 0.444767
vt 0.479371 0.444876
vt 0.481188 0.444636
vt 0.482158 0.450017
vt 0.481214 0.450247
vt 0.480374 0.450445
vt 0.482774 0.455595
vt 0.481959 0.455879
vt 0.483689 0.455268
vt 0.485762 0.460332
vt 0.484885 0.460752
vt 0.484105 0.461120
vt 0.487528 0.465661
vt 0.486790 0.466108
vt 0.488357 0.465152
vt 0.491443 0.469677
vt 0.490671 0.470270
vt 0.489983 0.470791
vt 0.494281 0.474525
vt 0.493652 0.475115
vt 0.494988 0.473856
vt 0.498951 0.477644
vt 0.498317 0.478383
vt 0.497753 0.479036
vt 0.502738 0.481800
vt 0.502245 0.482507
vt 0.503291 0.480999
vt 0.507959 0.483885
vt 0.507492 0.484739
vt 0.507075 0.485494
vt 0.512528 0.487167
vt 0.512194 0.487961
vt 0.512905 0.486269
vt 0.518073 0.488127
vt 0.517792 0.489059
vt 0.517542 0.489884
vt 0.523225 0.490393
vt 0.523063 0.491238
vt 0.523408 0.489436
vt 0.528851 0.490184
vt 0.528769 0.491155
vt 0.528696 0.492013
vt 0.534361 0.491335
vt 0.534379 0.492196
vt 0.534342 0.490361
vt 0.539821 0.489967
vt 0.539942 0.490934
vt 0.540049 0.491789
vt 0.545449 0.489953
vt 0.545645 0.490792
vt 0.545229 0.489005
vt 0.550506 0.487486
vt 0.550823 0.488407
vt 0.551106 0.489221
vt 0.556004 0.486308
vt 0.556371 0.487088
vt 0.555593 0.485425
vt 0.560436 0.482848
vt 0.560937 0.483683
vt 0.561383 0.484421
vt 0.565565 0.480558
vt 0.566086 0.481245
vt 0.564981 0.479780
vt 0.569179 0.476256
vt 0.569841 0.476970
vt 0.570431 0.477599
vt 0.573715 0.472956
vt 0.574367 0.473520
vt 0.572983 0.472314
vt 0.576353 0.467999
vt 0.577147 0.468561
vt 0.577855 0.469054
vt 0.580096 0.463832
vt 0.580852 0.464249
vt 0.579249 0.463356
vt 0.581643 0.458437
vt 0.582534 0.458823
vt 0.583329 0.459159
vt 0.584431 0.453586
vt 0.585257 0.453838
vt 0.583505 0.453296
vt 0.584819 0.447989
vt 0.585769 0.448181
vt 0.586616 0.448346
vt 0.586530 0.442666
vt 0.587389 0.442742
vt 0.585566 0.442574
vt 0.585742 0.437110
vt 0.586708 0.437102
vt 0.587571 0.437088
vt 0.586300 0.431549
vt 0.587156 0.431445
vt 0.585341 0.431658
vt 0.584371 0.426276
vt 0.501536 0.360651
vt 0.506811 0.361298
vt 0.501527 0.361128
vt 0.506774 0.360820
vt 0.512028 0.361446
vt 0.512121 0.361952
vt 0.506854 0.361803
vt 0.501519 0.361631
vt 0.511945 0.360966
vt 0.517119 0.361570
vt 0.516992 0.361090
vt 0.522031 0.361670
vt 0.522220 0.362178
vt 0.517261 0.362078
vt 0.521861 0.361188
vt 0.526707 0.361743
vt 0.569878 0.403840
vt 0.566373 0.399932
vt 0.570196 0.403587
vt 0.566688 0.399614
vt 0.570549 0.403304
vt 0.573616 0.407618
vt 0.574001 0.407373
vt 0.566088 0.400217
vt 0.562186 0.396696
vt 0.551987 0.374672
vt 0.548579 0.373306
vt 0.552324 0.374167
vt 0.557915 0.393535
vt 0.562461 0.396347
vt 0.548275 0.373819
vt 0.544461 0.372524
vt 0.544193 0.373044
vt 0.540019 0.371828
vt 0.540273 0.371270
vt 0.544759 0.371972
vt 0.548916 0.372762
vt 0.539789 0.372354
vt 0.535298 0.371226
vt 0.535109 0.371757
vt 0.530352 0.370725
vt 0.530513 0.370156
vt 0.535507 0.370662
vt 0.530206 0.371260
vt 0.525233 0.370331
vt 0.525132 0.370869
vt 0.520000 0.370046
vt 0.520062 0.369471
vt 0.525346 0.369758
vt 0.519944 0.370587
vt 0.514709 0.369876
vt 0.514699 0.370419
vt 0.509417 0.369821
vt 0.509377 0.369243
vt 0.514719 0.369299
vt 0.509453 0.370364
vt 0.504183 0.369883
vt 0.504265 0.370425
vt 0.499065 0.370059
vt 0.498925 0.369484
vt 0.504093 0.369305
vt 0.499190 0.370600
vt 0.494118 0.370350
vt 0.494286 0.370888
vt 0.489395 0.370750
vt 0.489162 0.370182
vt 0.493930 0.369777
vt 0.489605 0.371285
vt 0.484951 0.371257
vt 0.485199 0.371788
vt 0.480832 0.371864
vt 0.480516 0.371307
vt 0.484675 0.370694
vt 0.492070 0.409440
vt 0.488912 0.413716
vt 0.491706 0.409236
vt 0.489300 0.413881
vt 0.486602 0.418461
vt 0.486149 0.418321
vt 0.488481 0.413530
vt 0.491301 0.409008
vt 0.487011 0.418584
vt 0.484806 0.423420
vt 0.485230 0.423501
vt 0.483539 0.428540
vt 0.483056 0.428497
vt 0.484335 0.423328
vt 0.483974 0.428576
vt 0.482818 0.433764
vt 0.483259 0.433755
vt 0.482649 0.439034
vt 0.482157 0.439093
vt 0.482328 0.433771
vt 0.476874 0.487104
vt 0.482013 0.487712
vt 0.476772 0.487551
vt 0.482070 0.487264
vt 0.487306 0.487890
vt 0.483035 0.444294
vt 0.483492 0.449644
vt 0.482548 0.444403
vt 0.484402 0.449339
vt 0.485448 0.454550
vt 0.483971 0.449485
vt 0.485867 0.454361
vt 0.487448 0.459435
vt 0.487003 0.459690
vt 0.484984 0.454758
vt 0.487849 0.459203
vt 0.489951 0.464085
vt 0.490331 0.463813
vt 0.492928 0.468450
vt 0.492536 0.468792
vt 0.489530 0.464385
vt 0.493281 0.468140
vt 0.496348 0.472481
vt 0.496671 0.472136
vt 0.500171 0.476136
vt 0.499848 0.476552
vt 0.495988 0.472862
vt 0.500461 0.475759
vt 0.504358 0.479372
vt 0.504612 0.478966
vt 0.508861 0.482156
vt 0.508622 0.482630
vt 0.504076 0.479819
vt 0.509076 0.481727
vt 0.513632 0.484456
vt 0.513805 0.484006
vt 0.518617 0.486248
vt 0.518473 0.486762
vt 0.513439 0.484952
vt 0.518748 0.485783
vt 0.523764 0.487511
vt 0.523849 0.487035
vt 0.529014 0.488233
vt 0.528970 0.488765
vt 0.523669 0.488036
vt 0.529054 0.487751
vt 0.534311 0.488403
vt 0.534306 0.487920
vt 0.539597 0.488024
vt 0.539655 0.488554
vt 0.534318 0.488938
vt 0.539546 0.487543
vt 0.544814 0.487095
vt 0.544717 0.486622
vt 0.549904 0.485630
vt 0.550061 0.486137
vt 0.544922 0.487616
vt 0.549763 0.485170
vt 0.554812 0.483642
vt 0.554628 0.483200
vt 0.559484 0.481156
vt 0.559733 0.481620
vt 0.555016 0.484130
vt 0.559259 0.480735
vt 0.563868 0.478196
vt 0.563605 0.477801
vt 0.567918 0.474797
vt 0.568249 0.475200
vt 0.564160 0.478632
vt 0.567620 0.474431
vt 0.571587 0.470994
vt 0.571258 0.470662
vt 0.574838 0.466832
vt 0.575235 0.467158
vt 0.571953 0.471361
vt 0.574480 0.466535
vt 0.577632 0.462352
vt 0.577250 0.462095
vt 0.579941 0.457608
vt 0.580388 0.457845
vt 0.578056 0.462636
vt 0.579539 0.457391
vt 0.581738 0.452648
vt 0.581320 0.452475
vt 0.583005 0.447528
vt 0.583481 0.447668
vt 0.582202 0.452837
vt 0.481059 0.359797
vt 0.485849 0.360504
vt 0.480872 0.360266
vt 0.485994 0.360033
vt 0.490988 0.360729
vt 0.490878 0.361228
vt 0.485689 0.361002
vt 0.584209 0.442394
vt 0.491088 0.360255
vt 0.496234 0.360937
vt 0.496288 0.360462
vt 0.496174 0.361439
vt 0.582148 0.426636
vt 0.580253 0.421733
vt 0.580683 0.421615
vt 0.581704 0.426709
vt 0.579873 0.421845
vt 0.577925 0.417085
vt 0.578289 0.416935
vt 0.578701 0.416772
vt 0.575830 0.412368
vt 0.576219 0.412163
vt 0.575486 0.412555
vt 0.572586 0.408302
vt 0.572906 0.408080
vt 0.573268 0.407836
vt 0.569547 0.404120
vt 0.569254 0.404375
vt 0.565529 0.400814
vt 0.565791 0.400530
vt 0.561679 0.397352
vt 0.561938 0.397009
vt 0.561449 0.397661
vt 0.557062 0.394949
vt 0.557256 0.394617
vt 0.557474 0.394249
vt 0.552569 0.392358
vt 0.552745 0.391969
vt 0.552414 0.392708
vt 0.547556 0.390962
vt 0.547672 0.390597
vt 0.547802 0.390192
vt 0.542616 0.389357
vt 0.542700 0.388941
vt 0.542542 0.389731
vt 0.537426 0.389028
vt 0.537459 0.388648
vt 0.537495 0.388225
vt 0.532256 0.388480
vt 0.532244 0.388056
vt 0.532265 0.388862
vt 0.527115 0.389232
vt 0.527063 0.388853
vt 0.527004 0.388432
vt 0.521939 0.389766
vt 0.521833 0.389353
vt 0.522033 0.390137
vt 0.517073 0.391564
vt 0.516939 0.391205
vt 0.516787 0.390805
vt 0.512119 0.393157
vt 0.511922 0.392776
vt 0.512292 0.393501
vt 0.507740 0.395923
vt 0.507529 0.395599
vt 0.507290 0.395241
vt 0.503223 0.398507
vt 0.502944 0.398175
vt 0.503468 0.398807
vt 0.499522 0.402119
vt 0.499245 0.401845
vt 0.498929 0.401544
vt 0.495640 0.405581
vt 0.495292 0.405314
vt 0.495947 0.405823
vt 0.492780 0.409879
vt 0.492447 0.409670
vt 0.489703 0.414070
vt 0.490058 0.414243
vt 0.487808 0.418866
vt 0.487434 0.418730
vt 0.485670 0.423602
vt 0.486057 0.423699
vt 0.484823 0.428687
vt 0.484425 0.428631
vt 0.483717 0.433762
vt 0.484121 0.433776
vt 0.483956 0.438911
vt 0.483551 0.438940
vt 0.483091 0.438979
vt 0.483931 0.444106
vt 0.483475 0.444193
vt 0.484333 0.444036
vt 0.485244 0.449094
vt 0.484850 0.449205
vt 0.486301 0.454181
vt 0.486684 0.454029
vt 0.488632 0.458788
vt 0.488265 0.458979
vt 0.490724 0.463546
vt 0.491071 0.463318
vt 0.493971 0.467571
vt 0.493648 0.467834
vt 0.497007 0.471794
vt 0.497303 0.471499
vt 0.501028 0.475059
vt 0.500763 0.475383
vt 0.504875 0.478562
vt 0.505107 0.478212
vt 0.509494 0.480925
vt 0.509298 0.481297
vt 0.513985 0.483556
vt 0.514143 0.483166
vt 0.519000 0.484912
vt 0.518882 0.485316
vt 0.523937 0.486557
vt 0.524015 0.486142
vt 0.529130 0.486846
vt 0.529095 0.487266
vt 0.534298 0.487434
vt 0.534291 0.487012
vt 0.539441 0.486642
vt 0.539490 0.487061
vt 0.544614 0.486148
vt 0.544524 0.485737
vt 0.549483 0.484310
vt 0.549614 0.484709
vt 0.554435 0.482756
vt 0.554265 0.482373
vt 0.558817 0.479950
vt 0.559024 0.480314
vt 0.563331 0.477407
vt 0.563088 0.477067
vt 0.567034 0.473755
vt 0.567309 0.474068
vt 0.570913 0.470333
vt 0.570609 0.470050
vt 0.573776 0.465994
vt 0.574107 0.466244
vt 0.576851 0.461844
vt 0.576499 0.461630
vt 0.578749 0.457007
vt 0.579119 0.457184
vt 0.580884 0.452312
vt 0.580499 0.452175
vt 0.581734 0.447187
vt 0.582129 0.447283
vt 0.582576 0.447399
vt 0.582837 0.442151
vt 0.583291 0.442221
vt 0.582436 0.442097
vt 0.582601 0.436962
vt 0.583003 0.436974
vt 0.583459 0.436996
vt 0.582623 0.431808
vt 0.583075 0.431782
vt 0.582224 0.431838
vt 0.581312 0.426780
vt 0.582120 0.421249
vt 0.580077 0.416259
vt 0.583629 0.426423
vt 0.583045 0.426521
vt 0.581553 0.421407
vt 0.579534 0.416475
vt 0.577520 0.411509
vt 0.574479 0.407049
vt 0.577007 0.411781
vt 0.570986 0.402932
vt 0.567080 0.399198
vt 0.562803 0.395892
vt 0.558203 0.393048
vt 0.553329 0.390699
vt 0.548236 0.388868
vt 0.553098 0.391214
vt 0.548064 0.389404
vt 0.542979 0.387578
vt 0.537615 0.386840
vt 0.542868 0.388129
vt 0.537567 0.387400
vt 0.532204 0.386666
vt 0.526804 0.387054
vt 0.532219 0.387228
vt 0.526882 0.387611
vt 0.521475 0.388003
vt 0.516275 0.389499
vt 0.521615 0.388549
vt 0.516476 0.390028
vt 0.511262 0.391530
vt 0.506489 0.394070
vt 0.511521 0.392035
vt 0.506804 0.394545
vt 0.502010 0.397094
vt 0.497873 0.400566
vt 0.502377 0.397534
vt 0.498288 0.400965
vt 0.494124 0.404450
vt 0.490804 0.408703
vt 0.494583 0.404805
vt 0.487949 0.413279
vt 0.485590 0.418126
vt 0.483755 0.423193
vt 0.482461 0.428422
vt 0.481725 0.433759
vt 0.481551 0.439143
vt 0.481947 0.444516
vt 0.482902 0.449819
vt 0.484412 0.454994
vt 0.486454 0.459984
vt 0.489012 0.464734
vt 0.492052 0.469193
vt 0.495546 0.473311
vt 0.499452 0.477044
vt 0.503729 0.480350
vt 0.508329 0.483194
vt 0.513202 0.485543
vt 0.518295 0.487374
vt 0.523553 0.488664
vt 0.528917 0.489402
vt 0.534328 0.489576
vt 0.539728 0.489188
vt 0.545057 0.488239
vt 0.550257 0.486743
vt 0.555270 0.484712
vt 0.560043 0.482172
vt 0.564522 0.479149
vt 0.568659 0.475676
vt 0.572407 0.471792
vt 0.575728 0.467539
vt 0.578582 0.462964
vt 0.580941 0.458117
vt 0.582777 0.453050
vt 0.584071 0.447820
vt 0.584807 0.442483
vt 0.584980 0.437099
vt 0.584380 0.437073
vt 0.584585 0.431726
vt 0.583989 0.431763
vt 0.592782 0.426132
vt 0.591414 0.431657
vt 0.592611 0.426070
vt 0.594558 0.420700
vt 0.594723 0.420779
vt 0.597219 0.415658
vt 0.597062 0.415562
vt 0.600092 0.410712
vt 0.600239 0.410824
vt 0.603753 0.406332
vt 0.603618 0.406205
vt 0.607598 0.402088
vt 0.607720 0.402228
vt 0.612099 0.398560
vt 0.611991 0.398408
vt 0.616747 0.395203
vt 0.616840 0.395366
vt 0.621892 0.392683
vt 0.621816 0.392512
vt 0.627141 0.390359
vt 0.627199 0.390538
vt 0.632704 0.388957
vt 0.632664 0.388774
vt 0.638324 0.387768
vt 0.638345 0.387955
vt 0.644062 0.387546
vt 0.644059 0.387357
vt 0.649808 0.387542
vt 0.649792 0.387730
vt 0.655471 0.388510
vt 0.655506 0.388325
vt 0.661091 0.389692
vt 0.661038 0.389873
vt 0.666431 0.391808
vt 0.666502 0.391634
vt 0.671680 0.394124
vt 0.671593 0.394290
vt 0.676464 0.397296
vt 0.676567 0.397139
vt 0.681112 0.400643
vt 0.680994 0.400788
vt 0.685131 0.404733
vt 0.685263 0.404601
vt 0.688975 0.408966
vt 0.688831 0.409084
vt 0.692053 0.413795
vt 0.692207 0.413693
vt 0.694926 0.418728
vt 0.694762 0.418813
vt 0.696927 0.424085
vt 0.697098 0.424017
vt 0.698703 0.429502
vt 0.698527 0.429552
vt 0.699542 0.435155
vt 0.699721 0.435123
vt 0.700143 0.440818
vt 0.699962 0.440831
vt 0.699781 0.446520
vt 0.699961 0.446525
vt 0.699182 0.452181
vt 0.699004 0.452158
vt 0.697636 0.457683
vt 0.697809 0.457725
vt 0.695862 0.463095
vt 0.695695 0.463036
vt 0.693199 0.468156
vt 0.693358 0.468233
vt 0.690328 0.473082
vt 0.690179 0.472990
vt 0.686665 0.477483
vt 0.686802 0.477590
vt 0.682822 0.481707
vt 0.682698 0.481586
vt 0.678320 0.485254
vt 0.678429 0.485387
vt 0.673673 0.488591
vt 0.673579 0.488449
vt 0.668527 0.491131
vt 0.668604 0.491283
vt 0.663279 0.493435
vt 0.663219 0.493276
vt 0.657715 0.494857
vt 0.657756 0.495021
vt 0.652096 0.496027
vt 0.652073 0.495859
vt 0.646356 0.496269
vt 0.646361 0.496437
vt 0.640612 0.496252
vt 0.640626 0.496084
vt 0.634947 0.495305
vt 0.634914 0.495470
vt 0.629329 0.494102
vt 0.629380 0.493941
vt 0.623987 0.492007
vt 0.623918 0.492161
vt 0.618740 0.489671
vt 0.618826 0.489524
vt 0.613954 0.486519
vt 0.613853 0.486656
vt 0.609308 0.483151
vt 0.609424 0.483026
vt 0.605288 0.479082
vt 0.605157 0.479194
vt 0.601445 0.474829
vt 0.601587 0.474731
vt 0.598366 0.470020
vt 0.598213 0.470102
vt 0.595494 0.465067
vt 0.595656 0.465001
vt 0.593491 0.459729
vt 0.593322 0.459778
vt 0.591717 0.454293
vt 0.591891 0.454262
vt 0.590877 0.448660
vt 0.590699 0.448672
vt 0.590277 0.442977
vt 0.590456 0.442983
vt 0.590637 0.437295
vt 0.590459 0.437270
vt 0.591238 0.431613
vt 0.598273 0.427491
vt 0.534177 0.432455
vt 0.529094 0.432443
vt 0.529118 0.432270
vt 0.523989 0.432270
vt 0.523997 0.432097
vt 0.597047 0.432440
vt 0.602247 0.418109
vt 0.543887 0.432851
vt 0.539061 0.432821
vt 0.539118 0.432649
vt 0.534136 0.432627
vt 0.600011 0.422696
vt 0.608099 0.409756
vt 0.611652 0.406080
vt 0.608223 0.409840
vt 0.548431 0.433058
vt 0.543814 0.433022
vt 0.604952 0.413780
vt 0.615575 0.402794
vt 0.619821 0.399933
vt 0.615674 0.402902
vt 0.611764 0.406176
vt 0.624346 0.397530
vt 0.537790 0.366976
vt 0.542071 0.366745
vt 0.542157 0.366927
vt 0.546120 0.366654
vt 0.546219 0.366835
vt 0.634031 0.394193
vt 0.528333 0.366943
vt 0.533109 0.366799
vt 0.533165 0.366981
vt 0.537719 0.366794
vt 0.629100 0.395609
vt 0.644205 0.392929
vt 0.518261 0.366737
vt 0.523323 0.366680
vt 0.523347 0.366861
vt 0.528293 0.366761
vt 0.639084 0.393295
vt 0.654424 0.393792
vt 0.508014 0.366367
vt 0.513141 0.366391
vt 0.513132 0.366571
vt 0.518254 0.366556
vt 0.649337 0.393094
vt 0.664241 0.396746
vt 0.498041 0.365850
vt 0.503009 0.365947
vt 0.502966 0.366125
vt 0.508041 0.366187
vt 0.659410 0.395013
vt 0.673227 0.401662
vt 0.488776 0.365207
vt 0.493369 0.365366
vt 0.493294 0.365543
vt 0.498100 0.365672
vt 0.668864 0.398970
vt 0.680990 0.408323
vt 0.684305 0.412220
vt 0.680874 0.408413
vt 0.484538 0.364848
vt 0.488866 0.365032
vt 0.677285 0.404790
vt 0.687190 0.416440
vt 0.689617 0.420935
vt 0.687054 0.416503
vt 0.684178 0.412297
vt 0.691557 0.425658
vt 0.692990 0.430555
vt 0.691406 0.425690
vt 0.689473 0.420983
vt 0.693898 0.435573
vt 0.533203 0.436446
vt 0.538141 0.436485
vt 0.538183 0.436650
vt 0.692834 0.430571
vt 0.694113 0.445752
vt 0.522992 0.436085
vt 0.528112 0.436093
vt 0.528121 0.436256
vt 0.533178 0.436281
vt 0.694275 0.440657
vt 0.692191 0.455751
vt 0.690453 0.460546
vt 0.692039 0.455685
vt 0.693260 0.450752
vt 0.693417 0.450802
vt 0.688218 0.465133
vt 0.685512 0.469462
vt 0.688078 0.465035
vt 0.690306 0.460463
vt 0.682365 0.473486
vt 0.678812 0.477162
vt 0.682244 0.473361
vt 0.685382 0.469351
vt 0.674889 0.480448
vt 0.670643 0.483309
vt 0.674794 0.480300
vt 0.678703 0.477025
vt 0.666118 0.485712
vt 0.661364 0.487633
vt 0.666051 0.485547
vt 0.670561 0.483151
vt 0.656433 0.489049
vt 0.651380 0.489947
vt 0.656398 0.488873
vt 0.661313 0.487462
vt 0.646259 0.490313
vt 0.641127 0.490148
vt 0.646257 0.490133
vt 0.651361 0.489767
vt 0.636040 0.489450
vt 0.631054 0.488229
vt 0.636072 0.489272
vt 0.641142 0.489968
vt 0.626223 0.486496
vt 0.621600 0.484272
vt 0.626287 0.486328
vt 0.631102 0.488055
vt 0.617237 0.481580
vt 0.613179 0.478452
vt 0.617330 0.481429
vt 0.621679 0.484112
vt 0.609474 0.474919
vt 0.606159 0.471022
vt 0.609593 0.474789
vt 0.613286 0.478311
vt 0.603274 0.466802
vt 0.600847 0.462307
vt 0.603413 0.466699
vt 0.606289 0.470905
vt 0.598907 0.457584
vt 0.597474 0.452688
vt 0.599061 0.457512
vt 0.600994 0.462218
vt 0.596566 0.447669
vt 0.513790 0.431793
vt 0.508860 0.431839
vt 0.508818 0.431665
vt 0.597633 0.452631
vt 0.596351 0.437490
vt 0.518878 0.432111
vt 0.518869 0.431937
vt 0.513817 0.431967
vt 0.596189 0.442585
vt 0.584990 0.420298
vt 0.582827 0.415015
vt 0.585159 0.420249
vt 0.586762 0.425746
vt 0.586588 0.425777
vt 0.580119 0.409985
vt 0.576900 0.405264
vt 0.580272 0.409902
vt 0.582989 0.414948
vt 0.573201 0.400904
vt 0.569066 0.396951
vt 0.573331 0.400791
vt 0.577042 0.405165
vt 0.564537 0.393451
vt 0.559667 0.390439
vt 0.564639 0.393314
vt 0.569182 0.396825
vt 0.554506 0.387952
vt 0.549114 0.386014
vt 0.554575 0.387797
vt 0.559753 0.390292
vt 0.543547 0.384648
vt 0.537868 0.383867
vt 0.543580 0.384482
vt 0.549165 0.385852
vt 0.532139 0.383682
vt 0.526421 0.384093
vt 0.532134 0.383513
vt 0.537883 0.383698
vt 0.520779 0.385098
vt 0.515273 0.386682
vt 0.520737 0.384933
vt 0.526398 0.383925
vt 0.509965 0.388832
vt 0.504912 0.391521
vt 0.509888 0.388680
vt 0.515214 0.386523
vt 0.500170 0.394723
vt 0.495789 0.398399
vt 0.500060 0.394590
vt 0.504818 0.391378
vt 0.491820 0.402512
vt 0.488304 0.407015
vt 0.491684 0.402405
vt 0.495666 0.398278
vt 0.485282 0.411859
vt 0.482785 0.416991
vt 0.485124 0.411783
vt 0.488156 0.406922
vt 0.480841 0.422356
vt 0.479471 0.427894
vt 0.480669 0.422314
vt 0.482618 0.416931
vt 0.478692 0.433544
vt 0.478508 0.439244
vt 0.478512 0.433538
vt 0.479294 0.427869
vt 0.478927 0.444933
vt 0.479939 0.450548
vt 0.478748 0.444965
vt 0.478328 0.439258
vt 0.481537 0.456027
vt 0.483700 0.461310
vt 0.481366 0.456095
vt 0.479763 0.450598
vt 0.486407 0.466340
vt 0.489627 0.471061
vt 0.486253 0.466442
vt 0.483536 0.461396
vt 0.493325 0.475421
vt 0.497461 0.479374
vt 0.493194 0.475553
vt 0.489483 0.471179
vt 0.501989 0.482874
vt 0.506860 0.485885
vt 0.501886 0.483030
vt 0.497343 0.479519
vt 0.512020 0.488373
vt 0.517413 0.490311
vt 0.511950 0.488547
vt 0.506772 0.486052
vt 0.522979 0.491677
vt 0.528658 0.492458
vt 0.522945 0.491862
vt 0.517360 0.490492
vt 0.534388 0.492643
vt 0.540105 0.492232
vt 0.534391 0.492831
vt 0.528642 0.492646
vt 0.545747 0.491227
vt 0.551253 0.489643
vt 0.545788 0.491411
vt 0.540127 0.492419
vt 0.556561 0.487493
vt 0.561614 0.484803
vt 0.556637 0.487664
vt 0.551311 0.489821
vt 0.566356 0.481602
vt 0.570737 0.477926
vt 0.566465 0.481754
vt 0.561707 0.484966
vt 0.574706 0.473813
vt 0.578222 0.469310
vt 0.574841 0.473939
vt 0.570859 0.478066
vt 0.581244 0.464466
vt 0.583742 0.459333
vt 0.581401 0.464562
vt 0.578369 0.469422
vt 0.585685 0.453969
vt 0.587055 0.448431
vt 0.585856 0.454030
vt 0.583907 0.459413
vt 0.587835 0.442781
vt 0.588018 0.437081
vt 0.588013 0.442806
vt 0.587231 0.448475
vt 0.587600 0.431392
vt 0.587777 0.431379
vt 0.588197 0.437087
vt 0.579611 0.421922
vt 0.581043 0.426829
vt 0.579459 0.421975
vt 0.577528 0.417258
vt 0.577674 0.417189
vt 0.575249 0.412684
vt 0.575111 0.412768
vt 0.572237 0.408553
vt 0.572365 0.408455
vt 0.569052 0.404550
vt 0.568934 0.404661
vt 0.565242 0.401132
vt 0.565348 0.401009
vt 0.561292 0.397874
vt 0.561199 0.398007
vt 0.556851 0.395318
vt 0.556929 0.395177
vt 0.552307 0.392949
vt 0.552244 0.393098
vt 0.547430 0.391367
vt 0.547477 0.391212
vt 0.542491 0.389989
vt 0.542460 0.390148
vt 0.537390 0.389450
vt 0.537404 0.389290
vt 0.532272 0.389124
vt 0.532275 0.389286
vt 0.527171 0.389652
vt 0.527151 0.389492
vt 0.522097 0.390392
vt 0.522134 0.390549
vt 0.517218 0.391964
vt 0.517166 0.391811
vt 0.512411 0.393737
vt 0.512480 0.393883
vt 0.507968 0.396284
vt 0.507885 0.396146
vt 0.503637 0.399014
vt 0.503734 0.399142
vt 0.499824 0.402424
vt 0.499713 0.402306
vt 0.496158 0.405991
vt 0.496280 0.406096
vt 0.493141 0.410116
vt 0.493009 0.410023
vt 0.490302 0.414363
vt 0.490443 0.414441
vt 0.488214 0.419023
vt 0.488065 0.418960
vt 0.486324 0.423765
vt 0.486479 0.423813
vt 0.485255 0.428756
vt 0.485097 0.428725
vt 0.484399 0.433786
vt 0.484559 0.433800
vt 0.484396 0.438890
vt 0.484235 0.438892
vt 0.484609 0.443988
vt 0.484769 0.443969
vt 0.485673 0.448981
vt 0.485516 0.449017
vt 0.486947 0.453924
vt 0.487099 0.453873
vt 0.489030 0.458590
vt 0.488884 0.458657
vt 0.491310 0.463162
vt 0.491447 0.463080
vt 0.494322 0.467295
vt 0.494193 0.467391
vt 0.497507 0.471296
vt 0.497624 0.471187
vt 0.501316 0.474716
vt 0.501211 0.474837
vt 0.505267 0.477972
vt 0.505359 0.477841
vt 0.509707 0.480530
vt 0.509629 0.480669
vt 0.514251 0.482897
vt 0.514314 0.482750
vt 0.519128 0.484481
vt 0.519082 0.484633
vt 0.524068 0.485857
vt 0.524098 0.485700
vt 0.529168 0.486397
vt 0.529154 0.486556
vt 0.534286 0.486722
vt 0.534283 0.486562
vt 0.539387 0.486195
vt 0.539408 0.486354
vt 0.544461 0.485454
vt 0.544424 0.485298
vt 0.549340 0.483884
vt 0.549393 0.484034
vt 0.554147 0.482109
vt 0.554079 0.481964
vt 0.558590 0.479564
vt 0.558674 0.479700
vt 0.562921 0.476832
vt 0.562824 0.476705
vt 0.566735 0.473423
vt 0.566845 0.473540
vt 0.570400 0.469855
vt 0.570278 0.469751
vt 0.573417 0.465732
vt 0.573549 0.465823
vt 0.576256 0.461483
vt 0.576115 0.461407
vt 0.578345 0.456825
vt 0.578493 0.456886
vt 0.580234 0.452081
vt 0.580080 0.452035
vt 0.581303 0.447092
vt 0.581462 0.447121
vt 0.582160 0.442060
vt 0.581999 0.442047
vt 0.582163 0.436958
vt 0.582324 0.436954
vt 0.581949 0.431858
vt 0.581789 0.431879
vt 0.580886 0.426866
vt 0.542051 0.366448
vt 0.546095 0.366356
vt 0.537703 0.366497
vt 0.537737 0.366261
vt 0.542089 0.366213
vt 0.546138 0.366121
vt 0.533098 0.366502
vt 0.528287 0.366464
vt 0.528311 0.366228
vt 0.533127 0.366267
vt 0.523323 0.366382
vt 0.518260 0.366259
vt 0.518272 0.366023
vt 0.523341 0.366147
vt 0.513152 0.366094
vt 0.508058 0.365891
vt 0.508059 0.365655
vt 0.513160 0.365858
vt 0.503031 0.365650
vt 0.498128 0.365376
vt 0.498118 0.365139
vt 0.503027 0.365414
vt 0.493402 0.365070
vt 0.488904 0.364736
vt 0.488884 0.364499
vt 0.493387 0.364833
vt 0.484685 0.364378
vt 0.484642 0.364673
vt 0.480789 0.364000
vt 0.480760 0.363762
vt 0.484660 0.364141
vt 0.559594 0.437656
vt 0.555888 0.437117
vt 0.559565 0.437363
vt 0.555914 0.437411
vt 0.551862 0.436875
vt 0.551901 0.436634
vt 0.555931 0.436877
vt 0.559612 0.437123
vt 0.551884 0.437168
vt 0.547529 0.436638
vt 0.547545 0.436931
vt 0.542937 0.436410
vt 0.542965 0.436169
vt 0.547562 0.436397
vt 0.542948 0.436703
vt 0.538135 0.436193
vt 0.533177 0.435989
vt 0.533195 0.435747
vt 0.538158 0.435952
vt 0.528117 0.435801
vt 0.523011 0.435630
vt 0.523017 0.435388
vt 0.528129 0.435559
vt 0.523000 0.435922
vt 0.517913 0.435479
vt 0.517897 0.435771
vt 0.512881 0.435349
vt 0.512877 0.435107
vt 0.517915 0.435237
vt 0.512860 0.435641
vt 0.507970 0.435242
vt 0.507943 0.435533
vt 0.503232 0.435158
vt 0.503217 0.434915
vt 0.507960 0.434999
vt 0.503200 0.435449
vt 0.498721 0.435099
vt 0.498684 0.435390
vt 0.494485 0.435065
vt 0.494460 0.434822
vt 0.498701 0.434856
vt 0.494443 0.435356
vt 0.490571 0.435057
vt 0.490525 0.435348
vt 0.487021 0.435075
vt 0.552856 0.381484
vt 0.549296 0.380375
vt 0.552904 0.381242
vt 0.490542 0.434814
vt 0.549279 0.380898
vt 0.545288 0.379823
vt 0.549252 0.380618
vt 0.545311 0.380103
vt 0.541010 0.379109
vt 0.541044 0.378865
vt 0.545327 0.379580
vt 0.541027 0.379387
vt 0.536462 0.378483
vt 0.536475 0.378761
vt 0.531696 0.377952
vt 0.531721 0.377707
vt 0.536492 0.378238
vt 0.531704 0.378229
vt 0.526764 0.377522
vt 0.526766 0.377799
vt 0.521719 0.377197
vt 0.521732 0.376951
vt 0.526782 0.377276
vt 0.521715 0.377474
vt 0.516617 0.376982
vt 0.516608 0.377258
vt 0.511513 0.376878
vt 0.511515 0.376631
vt 0.516624 0.376736
vt 0.511499 0.377154
vt 0.506465 0.376887
vt 0.506444 0.377163
vt 0.501526 0.377008
vt 0.501517 0.376761
vt 0.506461 0.376640
vt 0.501500 0.377284
vt 0.496751 0.377240
vt 0.496720 0.377517
vt 0.492193 0.377581
vt 0.492174 0.377335
vt 0.496737 0.376994
vt 0.492157 0.377858
vt 0.487901 0.378027
vt 0.487861 0.378304
vt 0.483922 0.378573
vt 0.483894 0.378328
vt 0.487878 0.377782
vt 0.487480 0.431495
vt 0.491167 0.431818
vt 0.487510 0.431791
vt 0.491141 0.431522
vt 0.495176 0.431866
vt 0.495137 0.432105
vt 0.491124 0.432056
vt 0.480269 0.378969
vt 0.495154 0.431571
vt 0.499495 0.431936
vt 0.499478 0.431640
vt 0.504075 0.432026
vt 0.504046 0.432264
vt 0.499461 0.432174
vt 0.504063 0.431730
vt 0.508867 0.432135
vt 0.513818 0.432262
vt 0.513799 0.432501
vt 0.508843 0.432373
vt 0.518874 0.432406
vt 0.523979 0.432565
vt 0.523972 0.432804
vt 0.518861 0.432645
vt 0.529078 0.432738
vt 0.534115 0.432922
vt 0.534119 0.433161
vt 0.529077 0.432977
vt 0.539034 0.433115
vt 0.543782 0.433316
vt 0.543797 0.433556
vt 0.539043 0.433355
vt 0.548306 0.433522
vt 0.548343 0.433228
vt 0.552558 0.433731
vt 0.552582 0.433971
vt 0.548326 0.433762
vt 0.552600 0.433437
vt 0.556490 0.433941
vt 0.549818 0.366520
vt 0.549789 0.366223
vt 0.549837 0.365987
vt 0.556518 0.434181
vt 0.511039 0.445871
vt 0.505661 0.445024
vt 0.511028 0.445623
vt 0.505677 0.445273
vt 0.500539 0.444320
vt 0.500578 0.444046
vt 0.505694 0.444751
vt 0.511056 0.445348
vt 0.500561 0.444569
vt 0.495721 0.443515
vt 0.495747 0.443765
vt 0.491256 0.442620
vt 0.491305 0.442349
vt 0.495764 0.443243
vt 0.486940 0.438310
vt 0.490884 0.438552
vt 0.486886 0.438572
vt 0.490934 0.438290
vt 0.495292 0.438561
vt 0.495319 0.438833
vt 0.490916 0.438824
vt 0.487250 0.441375
vt 0.495337 0.438299
vt 0.500063 0.438599
vt 0.500103 0.438337
vt 0.505144 0.438666
vt 0.505161 0.438937
vt 0.500085 0.438871
vt 0.505178 0.438403
vt 0.510480 0.438760
vt 0.510508 0.438498
vt 0.516011 0.438881
vt 0.516016 0.439152
vt 0.510491 0.439031
vt 0.516033 0.438618
vt 0.521679 0.439027
vt 0.521695 0.438765
vt 0.527419 0.439197
vt 0.527412 0.439469
vt 0.521677 0.439299
vt 0.527429 0.438935
vt 0.533171 0.439390
vt 0.533174 0.439127
vt 0.538870 0.439602
vt 0.538849 0.439872
vt 0.533157 0.439661
vt 0.538867 0.439339
vt 0.544453 0.439831
vt 0.544444 0.439568
vt 0.549861 0.440076
vt 0.549829 0.440346
vt 0.544427 0.440102
vt 0.549846 0.439812
vt 0.555033 0.440333
vt 0.555013 0.440069
vt 0.559914 0.440599
vt 0.559871 0.440869
vt 0.554995 0.440603
vt 0.559888 0.440335
vt 0.564448 0.440872
vt 0.564417 0.440608
vt 0.568588 0.441149
vt 0.568536 0.441418
vt 0.564400 0.441141
vt 0.566687 0.452774
vt 0.562350 0.452082
vt 0.566738 0.452508
vt 0.562305 0.452349
vt 0.557598 0.451679
vt 0.557576 0.451413
vt 0.562323 0.451816
vt 0.566706 0.452241
vt 0.557558 0.451946
vt 0.552532 0.451303
vt 0.552498 0.451571
vt 0.547210 0.450959
vt 0.547199 0.450694
vt 0.552516 0.451038
vt 0.547181 0.451227
vt 0.541687 0.450650
vt 0.541664 0.450918
vt 0.536026 0.450379
vt 0.536028 0.450115
vt 0.541682 0.450385
vt 0.536009 0.450647
vt 0.530288 0.450150
vt 0.530278 0.450418
vt 0.524536 0.449964
vt 0.524550 0.449701
vt 0.530296 0.449886
vt 0.524532 0.450233
vt 0.518834 0.449825
vt 0.518836 0.450094
vt 0.513242 0.449733
vt 0.513269 0.449470
vt 0.518854 0.449562
vt 0.513250 0.450003
vt 0.507824 0.449690
vt 0.507838 0.449960
vt 0.502638 0.449696
vt 0.502676 0.449433
vt 0.507857 0.449427
vt 0.502658 0.449966
vt 0.497742 0.449751
vt 0.497766 0.450020
vt 0.493187 0.449854
vt 0.493235 0.449591
vt 0.497785 0.449488
vt 0.493217 0.450123
vt 0.489026 0.450005
vt 0.567915 0.456157
vt 0.563537 0.455656
vt 0.567964 0.455892
vt 0.563509 0.455387
vt 0.567932 0.455623
vt 0.489078 0.449741
vt 0.563492 0.455921
vt 0.558748 0.455421
vt 0.558709 0.455686
vt 0.553653 0.455189
vt 0.553636 0.454920
vt 0.558726 0.455152
vt 0.553619 0.455454
vt 0.548305 0.454963
vt 0.548277 0.455228
vt 0.542765 0.454745
vt 0.542760 0.454477
vt 0.548294 0.454694
vt 0.542743 0.455011
vt 0.537092 0.454537
vt 0.537077 0.454804
vt 0.531349 0.454343
vt 0.531357 0.454076
vt 0.537094 0.454270
vt 0.531340 0.454610
vt 0.525599 0.454164
vt 0.525596 0.454431
vt 0.519905 0.454002
vt 0.519925 0.453735
vt 0.525614 0.453897
vt 0.519908 0.454269
vt 0.514329 0.453859
vt 0.514338 0.454126
vt 0.508932 0.453736
vt 0.508964 0.453469
vt 0.514356 0.453592
vt 0.508947 0.454003
vt 0.503774 0.453635
vt 0.503795 0.453902
vt 0.498910 0.453556
vt 0.498953 0.453290
vt 0.503812 0.453368
vt 0.498936 0.453824
vt 0.494395 0.453502
vt 0.494426 0.453769
vt 0.490276 0.453472
vt 0.568912 0.444202
vt 0.564802 0.444649
vt 0.568876 0.443929
vt 0.494443 0.453235
vt 0.564785 0.445172
vt 0.560352 0.445538
vt 0.564834 0.444923
vt 0.560309 0.445786
vt 0.555519 0.446040
vt 0.555498 0.445765
vt 0.560326 0.445264
vt 0.555481 0.446288
vt 0.550385 0.446424
vt 0.550352 0.446671
vt 0.545008 0.446686
vt 0.544998 0.446410
vt 0.550369 0.446149
vt 0.544981 0.446933
vt 0.539446 0.446822
vt 0.539425 0.447069
vt 0.533760 0.446832
vt 0.533762 0.446556
vt 0.539442 0.446547
vt 0.533745 0.447079
vt 0.528012 0.446715
vt 0.528004 0.446962
vt 0.522266 0.446473
vt 0.522280 0.446197
vt 0.528021 0.446439
vt 0.522264 0.446720
vt 0.516584 0.446107
vt 0.516588 0.446354
vt 0.516605 0.445832
vt 0.208890 0.247456
vt 0.279792 0.160009
vt 0.234122 0.092584
vt 0.307630 0.158057
vt 0.283245 0.248151
vt 0.235978 0.084031
vt 0.170128 0.083847
vt 0.137633 0.177157
vt 0.253885 0.061856
vt 0.243483 0.068276
vt 0.258686 0.003906
vt 0.249387 0.003906
vt 0.145590 0.268147
vt 0.128928 0.293788
vt 0.344419 0.301257
vt 0.064297 0.225377
vt 0.281267 0.252330
vt 0.273535 0.322343
vt 0.209531 0.344291
vt 0.249175 0.248341
vt 0.188707 0.501589
vt 0.051312 0.574889
vt 0.060134 0.469390
vt 0.106409 0.564724
vt 0.055330 0.487736
vt 0.176969 0.549141
vt 0.171203 0.540496
vt 0.141680 0.578529
vt 0.141680 0.555665
vt 0.241618 0.419180
vt 0.245287 0.549503
vt 0.217658 0.519133
vt 0.078401 0.579773
vt 0.132409 0.474011
vt 0.122512 0.471463
vt 0.245105 0.567718
vt 0.224827 0.412409
vt 0.216435 0.467303
vt 0.159437 0.546069
vt 0.216191 0.491456
vt 0.221656 0.529633
vt 0.184547 0.400282
vt 0.081566 0.509891
vt 0.166579 0.570916
vt 0.186055 0.412687
vt 0.171716 0.561683
vt 0.190257 0.415692
vt 0.132104 0.513310
vt 0.170775 0.548471
vt 0.143136 0.528926
vt 0.132104 0.530282
vt 0.231877 0.559000
vt 0.214534 0.569784
vt 0.167440 0.443614
vt 0.060615 0.578104
vt 0.242988 0.389883
vt 0.255475 0.393990
vt 0.146997 0.511357
vt 0.084871 0.488771
vt 0.244270 0.458168
vt 0.061943 0.555551
vt 0.054568 0.552371
vt 0.119963 0.518568
vt 0.054617 0.527696
vt 0.075889 0.505166
vt 0.213503 0.550171
vt 0.106264 0.533238
vt 0.065329 0.528084
vt 0.060645 0.498797
vt 0.077901 0.445710
vt 0.226557 0.555071
vt 0.218519 0.555253
vt 0.202921 0.525075
vt 0.191932 0.545220
vt 0.218519 0.574185
vt 0.118167 0.583962
vt 0.146957 0.554471
vt 0.073060 0.463666
vt 0.144667 0.541281
vt 0.126204 0.564898
vt 0.086372 0.461460
vt 0.238963 0.550240
vt 0.258202 0.412439
vt 0.255444 0.412736
vt 0.049216 0.447085
vt 0.045706 0.465082
vt 0.119451 0.479526
vt 0.116690 0.479551
vt 0.255444 0.431669
vt 0.208328 0.523019
vt 0.098714 0.475942
vt 0.119451 0.460615
vt 0.155689 0.550797
vt 0.126204 0.583810
vt 0.127164 0.539278
vt 0.200130 0.549659
vt 0.092971 0.514402
vt 0.094472 0.526719
vt 0.204585 0.499033
vt 0.183838 0.475529
vt 0.175878 0.475793
vt 0.201265 0.417283
vt 0.202698 0.435803
vt 0.176263 0.494698
vt 0.179175 0.471639
vt 0.149299 0.576615
vt 0.192206 0.439357
vt 0.193661 0.519027
vt 0.157693 0.557695
vt 0.163000 0.414611
vt 0.100965 0.557682
vt 0.249920 0.493585
vt 0.248253 0.497281
vt 0.099613 0.580003
vt 0.249546 0.487016
vt 0.246783 0.487008
vt 0.095925 0.570518
vt 0.083563 0.577987
vt 0.161729 0.454135
vt 0.248638 0.516187
vt 0.078866 0.561287
vt 0.234898 0.507548
vt 0.249939 0.468166
vt 0.157300 0.576546
vt 0.192241 0.420417
vt 0.152702 0.470052
vt 0.183336 0.554385
vt 0.087307 0.555463
vt 0.871447 0.036043
vt 0.796559 0.103753
vt 0.937173 0.092780
vt 0.789188 0.107038
vt 0.841749 0.020407
vt 0.859455 0.060324
vt 0.955471 0.115516
vt 0.787960 0.109502
vt 0.785496 0.101475
vt 0.969164 0.016098
vt 0.831206 0.033543
vt 0.775713 0.035049
vt 0.951873 0.134215
vt 0.795404 0.017362
vt 0.808546 0.036444
vt 0.869382 0.035421
vt 0.771485 0.117021
vt 0.787849 0.122084
vt 0.785028 0.027428
vt 0.952225 0.044279
vt 0.948457 0.066999
vt 0.950227 0.058876
vt 0.819982 0.016098
vt 0.839087 0.116633
vt 0.772992 0.149693
vt 0.950679 0.027620
vt 0.880600 0.078927
vt 0.798338 0.019526
vt 0.793311 0.023117
vt 0.802211 0.016098
vt 0.816858 0.018997
vt 0.781141 0.153500
vt 0.800287 0.091667
vt 0.880748 0.091492
vt 0.939683 0.101517
vt 0.875385 0.025756
vt 0.882885 0.023409
vt 0.811466 0.020409
vt 0.950497 0.055838
vt 0.810215 0.141902
vt 0.901626 0.016573
vt 0.839124 0.111510
vt 0.825987 0.115137
vt 0.783740 0.035451
vt 0.839798 0.095009
vt 0.813678 0.123016
vt 0.812579 0.057527
vt 0.781754 0.017358
vt 0.813473 0.054982
vt 0.972865 0.073679
vt 0.812578 0.069408
vt 0.874496 0.093135
vt 0.871447 0.049223
vt 0.823682 0.023845
vt 0.901316 0.115954
vt 0.808344 0.016098
vt 0.833851 0.179281
vt 0.959737 0.016098
vt 0.906977 0.130058
vt 0.961389 0.114852
vt 0.872991 0.065790
vt 0.837151 0.185282
vt 0.875055 0.099669
vt 0.784690 0.019526
vt 0.877655 0.106849
vt 0.788623 0.016098
vt 0.805175 0.019024
vt 0.969299 0.118249
vt 0.937638 0.103593
vt 0.927011 0.080007
vt 0.805161 0.019883
vt 0.927948 0.058035
vt 0.521629 0.358854
vt 0.623664 0.396244
vt 0.488862 0.426742
vt 0.492339 0.491457
vt 0.594600 0.442748
vt 0.526497 0.361261
vt 0.557683 0.393912
vt 0.481116 0.372390
vt 0.487317 0.487440
vt 0.583726 0.442304
vt 0.619906 0.400050
vt 0.693740 0.435573
vt 0.596727 0.447629
vt 0.480742 0.364295
vt 0.486971 0.435366
vt 0.483877 0.378851
vt 0.480301 0.379213
vt 0.556535 0.433647
vt 0.491288 0.442872
vt 0.487197 0.441645
vt 0.568553 0.440884
vt 0.489060 0.450274
vt 0.490312 0.453739
s 1
f 2/1/1 4/2/2 1/3/3
f 93/4/4 151/5/5 94/6/6
f 15/7/7 11/8/8 14/9/9
f 3/10/10 11/11/8 4/2/2
f 10/12/11 14/13/9 11/11/8
f 13/14/12 17/15/13 14/13/9
f 16/16/14 20/17/15 17/18/13
f 19/19/16 23/20/17 20/17/15
f 22/21/18 26/22/19 23/20/17
f 25/23/20 29/24/21 26/22/19
f 28/25/22 32/26/23 29/24/21
f 31/27/24 35/28/25 32/26/23
f 34/29/26 38/30/27 35/31/25
f 37/32/28 41/33/29 38/30/27
f 40/34/30 44/35/31 41/33/29
f 43/36/32 47/37/33 44/35/31
f 46/38/34 50/39/35 47/37/33
f 49/40/36 53/41/37 50/39/35
f 52/42/38 56/43/39 53/41/37
f 55/44/40 59/45/41 56/43/39
f 58/46/42 62/47/43 59/45/41
f 61/48/44 65/49/45 62/47/43
f 64/50/46 68/51/47 65/49/45
f 67/52/48 71/53/49 68/51/47
f 70/54/50 74/55/51 71/53/49
f 73/56/52 77/57/53 74/55/51
f 76/58/54 80/59/55 77/57/53
f 79/60/56 83/61/57 80/59/55
f 82/62/58 86/63/59 83/61/57
f 85/64/60 89/65/61 86/63/59
f 88/66/62 8/67/63 89/65/61
f 336/68/64 13/14/12 335/69/65
f 331/70/66 2/1/1 9/71/67
f 92/72/68 94/6/6 91/73/69
f 163/74/70 162/75/71 161/76/72
f 12/77/73 92/72/68 5/78/74
f 7/79/75 91/73/69 96/80/76
f 165/81/77 164/82/78 163/74/70
f 167/83/79 166/84/80 165/81/77
f 169/85/81 168/86/82 167/83/79
f 171/87/83 170/88/84 169/85/81
f 173/89/85 172/90/86 171/87/83
f 175/91/87 174/92/88 173/89/85
f 177/93/89 176/94/90 175/95/87
f 179/96/91 178/97/92 177/93/89
f 181/98/93 180/99/94 179/96/91
f 183/100/95 182/101/96 181/98/93
f 185/102/97 184/103/98 183/100/95
f 187/104/99 186/105/100 185/102/97
f 189/106/101 188/107/102 187/104/99
f 191/108/103 190/109/104 189/110/101
f 193/111/105 192/112/106 191/108/103
f 195/113/107 194/114/108 193/111/105
f 197/115/109 196/116/110 195/113/107
f 199/117/111 198/118/112 197/115/109
f 201/119/113 200/120/114 199/117/111
f 203/121/115 202/122/116 201/119/113
f 205/123/117 204/124/118 203/121/115
f 207/125/119 206/126/120 205/127/117
f 209/128/121 208/129/122 207/125/119
f 156/130/123 210/131/124 209/128/121
f 218/132/125 273/133/126 214/134/127
f 218/132/125 213/135/128 217/136/129
f 152/137/130 154/138/131 151/5/5
f 98/139/132 152/137/130 93/4/4
f 95/140/133 151/5/5 156/130/123
f 153/141/134 211/142/135 154/138/131
f 12/77/73 4/143/2 11/8/8
f 7/79/75 1/144/3 6/145/136
f 337/146/137 16/147/14 336/68/64
f 338/148/138 19/149/16 337/146/137
f 339/150/139 22/151/18 338/148/138
f 340/152/140 25/153/20 339/150/139
f 341/154/141 28/155/22 340/152/140
f 342/156/142 31/157/24 341/154/141
f 343/158/143 34/29/26 342/156/142
f 344/159/144 37/32/28 343/158/143
f 345/160/145 40/34/30 344/159/144
f 346/161/146 43/36/32 345/160/145
f 347/162/147 46/38/34 346/161/146
f 348/163/148 49/40/36 347/162/147
f 349/164/149 52/42/38 348/163/148
f 350/165/150 55/44/40 349/164/149
f 351/166/151 58/46/42 350/165/150
f 352/167/152 61/48/44 351/166/151
f 353/168/153 64/50/46 352/167/152
f 354/169/154 67/52/48 353/168/153
f 355/170/155 70/54/50 354/169/154
f 356/171/156 73/56/52 355/170/155
f 357/172/157 76/58/54 356/171/156
f 358/173/158 79/60/56 357/172/157
f 359/174/159 82/62/58 358/173/158
f 360/175/160 85/64/60 359/174/159
f 95/140/133 91/73/69 94/6/6
f 7/79/75 89/176/61 8/177/63
f 5/78/74 91/73/69 6/145/136
f 159/178/161 158/179/162 157/180/163
f 373/181/164 336/182/165 371/183/166
f 161/76/72 160/184/167 159/185/161
f 18/186/168 99/187/169 15/188/7
f 21/189/170 101/190/171 18/186/168
f 24/191/172 103/192/173 21/189/170
f 27/193/174 105/194/175 24/191/172
f 30/195/176 107/196/177 27/193/174
f 33/197/178 109/198/179 30/195/176
f 36/199/180 111/200/181 33/197/178
f 39/201/182 113/202/183 36/199/180
f 42/203/184 115/204/185 39/205/182
f 45/206/186 117/207/187 42/203/184
f 48/208/188 119/209/189 45/206/186
f 51/210/190 121/211/191 48/208/188
f 54/212/192 123/213/193 51/210/190
f 57/214/194 125/215/195 54/212/192
f 60/216/196 127/217/197 57/214/194
f 63/218/198 129/219/199 60/220/196
f 66/221/200 131/222/201 63/218/198
f 69/223/202 133/224/203 66/221/200
f 72/225/204 135/226/205 69/223/202
f 75/227/206 137/228/207 72/225/204
f 78/229/208 139/230/209 75/227/206
f 81/231/210 141/232/211 78/229/208
f 84/233/212 143/234/213 81/231/210
f 87/235/214 145/236/215 84/237/212
f 90/238/216 147/239/217 87/235/214
f 7/79/75 149/240/218 90/238/216
f 100/241/219 157/180/163 98/139/132
f 158/179/162 213/135/128 153/141/134
f 212/242/220 154/138/131 211/142/135
f 220/243/221 217/136/129 219/244/222
f 160/245/167 217/136/129 158/179/162
f 224/246/223 221/247/224 223/248/225
f 226/249/226 223/248/225 225/250/227
f 228/251/228 225/250/227 227/252/229
f 230/253/230 227/252/229 229/254/231
f 232/255/232 229/254/231 231/256/233
f 234/257/234 231/256/233 233/258/235
f 236/259/236 233/258/235 235/260/237
f 238/261/238 235/262/237 237/263/239
f 240/264/240 237/263/239 239/265/241
f 242/266/242 239/265/241 241/267/243
f 244/268/244 241/267/243 243/269/245
f 246/270/246 243/269/245 245/271/247
f 248/272/248 245/271/247 247/273/249
f 250/274/250 247/273/249 249/275/251
f 252/276/252 249/277/251 251/278/253
f 254/279/254 251/278/253 253/280/255
f 256/281/256 253/280/255 255/282/257
f 258/283/258 255/282/257 257/284/259
f 260/285/260 257/284/259 259/286/261
f 262/287/262 259/286/261 261/288/263
f 264/289/264 261/288/263 263/290/265
f 266/291/266 263/292/265 265/293/267
f 268/294/268 265/293/267 267/295/269
f 270/296/270 267/295/269 269/297/271
f 216/298/272 269/297/271 212/242/220
f 214/134/127 271/299/273 215/300/274
f 272/301/275 215/300/274 271/299/273
f 280/302/276 277/303/277 279/304/278
f 220/243/221 277/303/277 218/132/125
f 520/305/279 517/306/280 519/307/281
f 284/308/282 281/309/283 283/310/284
f 522/311/285 519/307/281 521/312/286
f 286/313/287 283/310/284 285/314/288
f 524/315/289 521/312/286 523/316/290
f 288/317/291 285/314/288 287/318/292
f 526/319/293 523/316/290 525/320/294
f 290/321/295 287/318/292 289/322/296
f 528/323/297 525/320/294 527/324/298
f 292/325/299 289/322/296 291/326/300
f 530/327/301 527/324/298 529/328/302
f 294/329/303 291/326/300 293/330/304
f 532/331/305 529/328/302 531/332/306
f 296/333/307 293/330/304 295/334/308
f 534/335/309 531/332/306 533/336/310
f 298/337/311 295/338/308 297/339/312
f 536/340/313 533/336/310 535/341/314
f 300/342/315 297/339/312 299/343/316
f 538/344/317 535/341/314 537/345/318
f 302/346/319 299/343/316 301/347/320
f 540/348/321 537/345/318 539/349/322
f 304/350/323 301/347/320 303/351/324
f 542/352/325 539/349/322 541/353/326
f 306/354/327 303/351/324 305/355/328
f 544/356/329 541/353/326 543/357/330
f 308/358/331 305/355/328 307/359/332
f 546/360/333 543/357/330 545/361/334
f 310/362/335 307/359/332 309/363/336
f 548/364/337 545/361/334 547/365/338
f 312/366/339 309/367/336 311/368/340
f 550/369/341 547/365/338 549/370/342
f 314/371/343 311/368/340 313/372/344
f 552/373/345 549/370/342 551/374/346
f 316/375/347 313/372/344 315/376/348
f 554/377/349 551/374/346 553/378/350
f 318/379/351 315/376/348 317/380/352
f 556/381/353 553/378/350 555/382/354
f 320/383/355 317/380/352 319/384/356
f 558/385/357 555/382/354 557/386/358
f 322/387/359 319/384/356 321/388/360
f 560/389/361 557/386/358 559/390/362
f 324/391/363 321/388/360 323/392/364
f 562/393/365 559/390/362 561/394/366
f 326/395/367 323/392/364 325/396/368
f 564/397/369 561/394/366 563/398/370
f 328/399/371 325/400/368 327/401/372
f 566/402/373 563/398/370 565/403/374
f 330/404/375 327/401/372 329/405/376
f 568/406/377 565/403/374 567/407/378
f 276/408/379 329/405/376 272/301/275
f 570/409/380 567/407/378 569/410/381
f 371/183/166 335/411/382 369/412/383
f 575/413/384 571/414/385 574/415/386
f 102/416/387 159/185/161 100/417/219
f 104/418/388 161/76/72 102/416/387
f 162/75/71 219/419/222 160/184/167
f 106/420/389 163/74/70 104/418/388
f 164/82/78 221/247/224 162/75/71
f 108/421/390 165/81/77 106/420/389
f 166/84/80 223/248/225 164/82/78
f 110/422/391 167/83/79 108/421/390
f 168/86/82 225/250/227 166/84/80
f 112/423/392 169/85/81 110/422/391
f 170/88/84 227/252/229 168/86/82
f 114/424/393 171/87/83 112/423/392
f 172/90/86 229/254/231 170/88/84
f 116/425/394 173/89/85 114/424/393
f 174/92/88 231/256/233 172/90/86
f 118/426/395 175/95/87 116/427/394
f 176/428/90 233/258/235 174/92/88
f 120/429/396 177/93/89 118/426/395
f 178/97/92 235/262/237 176/94/90
f 122/430/397 179/96/91 120/429/396
f 180/99/94 237/263/239 178/97/92
f 124/431/398 181/98/93 122/430/397
f 182/101/96 239/265/241 180/99/94
f 126/432/399 183/100/95 124/431/398
f 184/103/98 241/267/243 182/101/96
f 128/433/400 185/102/97 126/432/399
f 186/105/100 243/269/245 184/103/98
f 130/434/401 187/104/99 128/433/400
f 188/107/102 245/271/247 186/105/100
f 132/435/402 189/110/101 130/436/401
f 190/437/104 247/273/249 188/107/102
f 134/438/403 191/108/103 132/435/402
f 192/112/106 249/277/251 190/109/104
f 136/439/404 193/111/105 134/438/403
f 194/114/108 251/278/253 192/112/106
f 138/440/405 195/113/107 136/439/404
f 196/116/110 253/280/255 194/114/108
f 140/441/406 197/115/109 138/440/405
f 198/118/112 255/282/257 196/116/110
f 142/442/407 199/117/111 140/441/406
f 200/120/114 257/284/259 198/118/112
f 144/443/408 201/119/113 142/442/407
f 202/122/116 259/286/261 200/120/114
f 146/444/409 203/121/115 144/443/408
f 204/124/118 261/288/263 202/122/116
f 148/445/410 205/127/117 146/446/409
f 206/126/120 263/292/265 204/447/118
f 150/448/411 207/125/119 148/445/410
f 208/129/122 265/293/267 206/126/120
f 95/140/133 209/128/121 150/448/411
f 210/131/124 267/295/269 208/129/122
f 155/449/412 269/297/271 210/131/124
f 276/408/379 271/299/273 275/450/413
f 214/134/127 211/142/135 213/135/128
f 222/451/414 279/452/278 220/453/221
f 224/246/223 281/309/283 222/451/414
f 226/249/226 283/310/284 224/246/223
f 228/251/228 285/314/288 226/249/226
f 230/253/230 287/318/292 228/251/228
f 232/255/232 289/322/296 230/253/230
f 234/257/234 291/326/300 232/255/232
f 236/259/236 293/330/304 234/257/234
f 238/261/238 295/338/308 236/454/236
f 240/264/240 297/339/312 238/261/238
f 242/266/242 299/343/316 240/264/240
f 244/268/244 301/347/320 242/266/242
f 246/270/246 303/351/324 244/268/244
f 248/272/248 305/355/328 246/270/246
f 250/274/250 307/359/332 248/272/248
f 252/276/252 309/367/336 250/455/250
f 254/279/254 311/368/340 252/276/252
f 256/281/256 313/372/344 254/279/254
f 258/283/258 315/376/348 256/281/256
f 260/285/260 317/380/352 258/283/258
f 262/287/262 319/384/356 260/285/260
f 264/289/264 321/388/360 262/287/262
f 266/456/266 323/392/364 264/289/264
f 268/294/268 325/400/368 266/291/266
f 270/296/270 327/401/372 268/294/268
f 216/298/272 329/405/376 270/296/270
f 370/457/415 367/458/416 368/459/417
f 274/460/418 271/299/273 273/133/126
f 222/451/414 219/419/222 221/247/224
f 278/461/419 273/133/126 277/303/277
f 334/462/420 3/10/10 333/463/421
f 430/464/422 427/465/422 428/466/423
f 18/186/168 14/467/9 17/18/13
f 101/190/171 100/417/219 99/187/169
f 21/189/170 17/18/13 20/17/15
f 103/192/173 102/416/387 101/190/171
f 24/191/172 20/17/15 23/20/17
f 105/194/175 104/418/388 103/192/173
f 27/193/174 23/20/17 26/22/19
f 107/196/177 106/420/389 105/194/175
f 30/195/176 26/22/19 29/24/21
f 109/198/179 108/421/390 107/196/177
f 33/197/178 29/24/21 32/26/23
f 111/200/181 110/422/391 109/198/179
f 36/199/180 32/26/23 35/28/25
f 113/202/183 112/423/392 111/200/181
f 39/201/182 35/28/25 38/468/27
f 115/469/185 114/424/393 113/202/183
f 42/203/184 38/470/27 41/471/29
f 117/207/187 116/427/394 115/204/185
f 45/206/186 41/471/29 44/472/31
f 119/209/189 118/426/395 117/207/187
f 48/208/188 44/472/31 47/473/33
f 121/211/191 120/429/396 119/209/189
f 51/210/190 47/473/33 50/474/35
f 123/213/193 122/430/397 121/211/191
f 54/212/192 50/474/35 53/475/37
f 125/215/195 124/431/398 123/213/193
f 57/214/194 53/475/37 56/476/39
f 127/217/197 126/432/399 125/215/195
f 60/216/196 56/476/39 59/477/41
f 129/478/199 128/433/400 127/217/197
f 63/218/198 59/479/41 62/480/43
f 131/222/201 130/436/401 129/219/199
f 66/221/200 62/480/43 65/481/45
f 133/224/203 132/435/402 131/222/201
f 69/223/202 65/481/45 68/482/47
f 135/226/205 134/438/403 133/224/203
f 72/225/204 68/482/47 71/483/49
f 137/228/207 136/439/404 135/226/205
f 75/227/206 71/483/49 74/484/51
f 139/230/209 138/440/405 137/228/207
f 78/229/208 74/484/51 77/485/53
f 141/232/211 140/441/406 139/230/209
f 81/231/210 77/485/53 80/486/55
f 143/234/213 142/442/407 141/232/211
f 84/237/212 80/487/55 83/488/57
f 145/489/215 144/443/408 143/234/213
f 87/235/214 83/488/57 86/490/59
f 147/239/217 146/446/409 145/236/215
f 90/238/216 86/490/59 89/176/61
f 149/240/218 148/445/410 147/239/217
f 331/70/66 88/66/62 360/175/160
f 96/80/76 150/448/411 149/240/218
f 155/449/412 151/5/5 154/138/131
f 216/298/272 211/142/135 215/300/274
f 375/491/424 337/492/425 373/181/164
f 15/7/7 97/493/426 12/77/73
f 157/180/163 153/141/134 152/137/130
f 362/494/427 332/495/428 361/496/429
f 481/497/423 425/498/423 424/499/423
f 424/499/423 510/500/430 481/497/423
f 364/501/431 361/496/429 363/502/432
f 431/503/422 370/504/433 429/505/422
f 433/506/422 372/507/434 431/503/422
f 435/508/422 374/509/435 433/506/422
f 437/510/422 376/511/436 435/508/422
f 439/512/422 378/513/437 437/510/422
f 441/514/422 380/515/438 439/512/422
f 443/516/422 382/517/439 441/514/422
f 445/518/422 384/519/440 443/516/422
f 447/520/422 386/521/441 445/518/422
f 449/522/422 388/523/442 447/520/422
f 451/524/422 390/525/443 449/522/422
f 453/526/422 392/527/444 451/524/422
f 455/528/422 394/529/445 453/526/422
f 457/530/422 396/531/446 455/528/422
f 459/532/422 398/533/447 457/530/422
f 461/534/422 400/535/448 459/532/422
f 463/536/422 402/537/449 461/534/422
f 465/538/422 404/539/450 463/536/422
f 467/540/422 406/541/451 465/538/422
f 469/542/422 408/543/452 467/540/422
f 471/544/422 410/545/453 469/542/422
f 473/546/422 412/547/454 471/544/422
f 475/548/422 414/549/455 473/546/422
f 477/550/422 416/551/456 475/548/422
f 479/552/422 418/553/457 477/550/422
f 423/554/422 420/555/458 479/552/422
f 282/556/459 279/452/278 281/309/283
f 869/557/460 872/558/422 868/559/460
f 514/560/461 573/561/462 572/562/463
f 369/563/383 334/564/464 367/458/416
f 422/565/422 365/566/465 421/567/422
f 426/568/423 482/569/423 483/570/423
f 866/571/466 872/558/422 865/572/467
f 424/499/423 421/567/422 423/554/422
f 432/573/460 429/505/422 430/464/422
f 428/466/423 483/570/423 484/574/468
f 430/464/422 484/574/468 485/575/468
f 432/573/460 485/575/468 486/576/468
f 487/577/468 432/573/460 486/576/468
f 436/578/460 487/577/468 488/579/460
f 438/580/460 488/579/460 489/581/460
f 440/582/460 489/581/460 490/583/460
f 442/584/460 490/583/460 491/585/466
f 444/586/460 491/585/466 492/587/466
f 446/588/422 492/587/466 493/589/466
f 448/590/467 493/589/466 494/591/466
f 450/592/467 494/591/466 495/593/467
f 452/594/467 495/593/467 496/595/467
f 454/596/467 496/595/467 497/597/467
f 456/598/467 497/597/467 498/599/467
f 458/600/467 498/599/467 499/601/469
f 460/602/422 499/601/469 500/603/469
f 462/604/470 500/603/469 501/605/469
f 464/606/470 501/605/469 502/607/469
f 466/608/470 502/607/469 503/609/470
f 468/610/470 503/609/470 504/611/470
f 470/612/470 504/611/470 505/613/470
f 472/614/470 505/613/470 506/615/430
f 474/616/470 506/615/430 507/617/430
f 476/618/422 507/617/430 508/619/430
f 478/620/423 508/619/430 509/621/430
f 480/622/423 509/621/430 510/500/430
f 429/505/422 368/623/471 427/465/422
f 374/624/472 371/183/166 372/625/473
f 867/626/460 872/558/422 866/571/466
f 376/627/474 373/181/164 374/624/472
f 865/572/467 872/558/422 864/628/467
f 378/629/475 375/491/424 376/627/474
f 380/630/476 377/631/477 378/629/475
f 864/628/467 872/558/422 863/632/467
f 382/633/478 379/634/479 380/630/476
f 384/635/480 381/636/481 382/633/478
f 386/637/482 383/638/483 384/635/480
f 388/639/484 385/640/485 386/641/482
f 862/642/469 872/558/422 861/643/470
f 390/644/486 387/645/487 388/639/484
f 392/646/488 389/647/489 390/644/486
f 863/632/467 872/558/422 862/642/469
f 394/648/490 391/649/491 392/646/488
f 396/650/492 393/651/493 394/648/490
f 860/652/470 872/558/422 859/653/470
f 398/654/494 395/655/495 396/650/492
f 400/656/496 397/657/497 398/654/494
f 859/653/470 872/558/422 858/658/430
f 402/659/498 399/660/499 400/661/496
f 404/662/500 401/663/501 402/659/498
f 858/658/430 872/558/422 857/664/423
f 406/665/502 403/666/503 404/662/500
f 408/667/504 405/668/505 406/665/502
f 410/669/506 407/670/507 408/667/504
f 412/671/508 409/672/509 410/669/506
f 514/560/461 579/673/510 515/674/511
f 414/675/512 411/676/513 412/671/508
f 416/677/514 413/678/515 414/675/512
f 418/679/516 415/680/517 416/681/514
f 420/682/518 417/683/519 418/679/516
f 857/664/423 481/497/423 510/500/430
f 364/501/431 419/684/520 420/682/518
f 364/685/521 421/567/422 365/566/465
f 427/465/422 366/686/522 422/565/422
f 513/687/523 511/688/524 512/689/525
f 721/690/526 665/691/527 664/692/528
f 377/631/477 338/693/529 375/491/424
f 368/459/417 362/494/427 366/694/530
f 379/634/479 339/695/531 377/631/477
f 434/696/460 431/503/422 432/573/460
f 381/636/481 340/697/532 379/634/479
f 436/578/460 433/506/422 434/696/460
f 383/638/483 341/698/533 381/636/481
f 438/580/460 435/508/422 436/578/460
f 385/699/485 342/700/534 383/638/483
f 440/582/460 437/510/422 438/580/460
f 387/645/487 343/701/535 385/640/485
f 442/584/460 439/512/422 440/582/460
f 389/647/489 344/702/536 387/645/487
f 444/586/460 441/514/422 442/584/460
f 391/649/491 345/703/537 389/647/489
f 446/588/422 443/516/422 444/586/460
f 393/651/493 346/704/538 391/649/491
f 448/590/467 445/518/422 446/588/422
f 395/655/495 347/705/539 393/651/493
f 450/592/467 447/520/422 448/590/467
f 397/657/497 348/706/540 395/655/495
f 452/594/467 449/522/422 450/592/467
f 399/707/499 349/708/541 397/657/497
f 454/596/467 451/524/422 452/594/467
f 401/663/501 350/709/542 399/660/499
f 456/598/467 453/526/422 454/596/467
f 403/666/503 351/710/543 401/663/501
f 458/600/467 455/528/422 456/598/467
f 405/668/505 352/711/544 403/666/503
f 460/602/422 457/530/422 458/600/467
f 407/670/507 353/712/545 405/668/505
f 462/604/470 459/532/422 460/602/422
f 409/672/509 354/713/546 407/670/507
f 464/606/470 461/534/422 462/604/470
f 411/676/513 355/714/547 409/672/509
f 466/608/470 463/536/422 464/606/470
f 413/678/515 356/715/548 411/676/513
f 468/610/470 465/538/422 466/608/470
f 415/716/517 357/717/549 413/678/515
f 470/612/470 467/540/422 468/610/470
f 417/683/519 358/718/550 415/680/517
f 472/614/470 469/542/422 470/612/470
f 419/684/520 359/719/551 417/683/519
f 474/616/470 471/544/422 472/614/470
f 363/502/432 360/720/552 419/684/520
f 476/618/422 473/546/422 474/616/470
f 426/568/423 421/567/422 425/498/423
f 478/620/423 475/548/422 476/618/422
f 480/622/423 477/550/422 478/620/423
f 331/721/553 361/496/429 332/495/428
f 424/499/423 479/552/422 480/622/423
f 366/694/530 361/496/429 365/722/554
f 367/458/416 333/723/555 362/494/427
f 372/625/473 369/412/383 370/724/415
f 428/466/423 422/565/422 426/568/423
f 275/725/556 512/689/525 511/688/524
f 274/726/557 517/306/280 512/689/525
f 278/727/558 519/307/281 517/306/280
f 280/728/559 521/312/286 519/307/281
f 282/729/560 523/316/290 521/312/286
f 284/730/561 525/320/294 523/316/290
f 286/731/562 527/324/298 525/320/294
f 288/732/563 529/328/302 527/324/298
f 290/733/564 531/332/306 529/328/302
f 292/734/565 533/336/310 531/332/306
f 294/735/566 535/341/314 533/336/310
f 296/736/567 537/345/318 535/341/314
f 298/737/568 539/349/322 537/345/318
f 300/738/569 541/353/326 539/349/322
f 302/739/570 543/357/330 541/353/326
f 304/740/571 545/361/334 543/357/330
f 306/741/572 547/365/338 545/361/334
f 308/742/573 549/370/342 547/365/338
f 310/743/574 551/374/346 549/370/342
f 312/744/575 553/378/350 551/374/346
f 314/745/576 555/382/354 553/378/350
f 316/746/577 557/386/358 555/382/354
f 318/747/578 559/390/362 557/386/358
f 320/748/579 561/394/366 559/390/362
f 322/749/580 563/398/370 561/394/366
f 324/750/581 565/403/374 563/398/370
f 326/751/582 567/407/378 565/403/374
f 328/752/583 569/410/381 567/407/378
f 330/753/584 516/754/585 569/410/381
f 518/755/586 512/689/525 517/306/280
f 572/756/463 574/415/386 571/414/385
f 573/757/462 581/758/587 574/415/386
f 580/759/588 584/760/589 581/758/587
f 583/761/590 587/762/591 584/763/589
f 586/764/592 590/765/593 587/762/591
f 589/766/594 593/767/595 590/765/593
f 592/768/596 596/769/597 593/767/595
f 595/770/598 599/771/599 596/769/597
f 598/772/600 602/773/601 599/771/599
f 601/774/602 605/775/603 602/773/601
f 604/776/604 608/777/605 605/778/603
f 607/779/606 611/780/607 608/777/605
f 610/781/608 614/782/609 611/783/607
f 613/784/610 617/785/611 614/782/609
f 616/786/612 620/787/613 617/785/611
f 619/788/614 623/789/615 620/787/613
f 622/790/616 626/791/617 623/792/615
f 625/793/618 629/794/619 626/791/617
f 628/795/620 632/796/621 629/794/619
f 631/797/622 635/798/623 632/796/621
f 634/799/624 638/800/625 635/798/623
f 637/801/626 641/802/627 638/800/625
f 640/803/628 644/804/629 641/802/627
f 643/805/630 647/806/631 644/804/629
f 646/807/632 650/808/633 647/806/631
f 649/809/634 653/810/635 650/808/633
f 652/811/636 656/812/637 653/810/635
f 655/813/638 659/814/639 656/815/637
f 658/816/640 578/817/641 659/814/639
f 662/818/642 576/819/643 661/820/644
f 723/821/645 665/691/527 722/822/646
f 670/823/647 667/824/648 669/825/649
f 585/826/650 667/824/648 582/827/651
f 756/828/652 725/829/653 726/830/654
f 724/831/655 664/692/528 668/832/656
f 674/833/657 671/834/658 673/835/659
f 758/836/660 727/837/661 728/838/662
f 725/839/653 668/832/656 670/823/647
f 676/840/663 673/835/659 675/841/664
f 759/842/665 728/838/662 729/843/666
f 726/844/654 670/845/647 672/846/667
f 678/847/668 675/841/664 677/848/669
f 760/849/670 729/843/666 730/850/671
f 727/851/661 672/846/667 674/833/657
f 680/852/672 677/848/669 679/853/673
f 761/854/674 730/850/671 731/855/675
f 728/856/662 674/833/657 676/840/663
f 682/857/676 679/853/673 681/858/677
f 762/859/678 731/855/675 732/860/679
f 729/861/666 676/840/663 678/847/668
f 684/862/680 681/858/677 683/863/681
f 763/864/682 732/860/679 733/865/683
f 730/866/671 678/847/668 680/852/672
f 686/867/684 683/863/681 685/868/685
f 764/869/686 733/865/683 734/870/687
f 731/871/675 680/852/672 682/857/676
f 688/872/688 685/873/685 687/874/689
f 765/875/690 734/870/687 735/876/691
f 732/877/679 682/857/676 684/862/680
f 690/878/692 687/874/689 689/879/693
f 766/880/694 735/876/691 736/881/695
f 733/882/683 684/862/680 686/867/684
f 692/883/696 689/879/693 691/884/697
f 767/885/698 736/881/695 737/886/699
f 734/887/687 686/888/684 688/872/688
f 694/889/700 691/884/697 693/890/701
f 768/891/702 737/886/699 738/892/703
f 735/893/691 688/872/688 690/878/692
f 696/894/704 693/890/701 695/895/705
f 769/896/706 738/892/703 739/897/707
f 736/898/695 690/878/692 692/883/696
f 698/899/708 695/895/705 697/900/709
f 770/901/710 739/897/707 740/902/711
f 737/903/699 692/883/696 694/889/700
f 700/904/712 697/900/709 699/905/713
f 771/906/714 740/902/711 741/907/715
f 738/908/703 694/889/700 696/894/704
f 702/909/716 699/910/713 701/911/717
f 772/912/718 741/907/715 742/913/719
f 739/914/707 696/894/704 698/899/708
f 704/915/720 701/911/717 703/916/721
f 773/917/722 742/913/719 743/918/723
f 740/919/711 698/899/708 700/904/712
f 706/920/724 703/916/721 705/921/725
f 774/922/726 743/918/723 744/923/727
f 741/924/715 700/925/712 702/909/716
f 708/926/728 705/921/725 707/927/729
f 775/928/730 744/923/727 745/929/731
f 742/930/719 702/909/716 704/915/720
f 710/931/732 707/927/729 709/932/733
f 776/933/734 745/929/731 746/934/735
f 743/935/723 704/915/720 706/920/724
f 712/936/736 709/932/733 711/937/737
f 777/938/738 746/934/735 747/939/739
f 744/940/727 706/920/724 708/926/728
f 714/941/740 711/937/737 713/942/741
f 778/943/742 747/939/739 748/944/743
f 745/945/731 708/926/728 710/931/732
f 716/946/744 713/947/741 715/948/745
f 779/949/746 748/944/743 749/950/747
f 746/951/735 710/931/732 712/936/736
f 718/952/748 715/948/745 717/953/749
f 780/954/750 749/950/747 750/955/751
f 747/956/739 712/936/736 714/941/740
f 720/957/752 717/953/749 719/958/753
f 753/959/754 750/955/751 723/960/645
f 748/961/743 714/962/740 716/946/744
f 666/963/755 719/958/753 662/818/642
f 784/964/756 751/965/757 754/966/758
f 749/967/747 716/946/744 718/952/748
f 754/966/758 721/968/526 724/969/655
f 781/970/759 752/971/760 751/965/757
f 750/972/751 718/952/748 720/957/752
f 723/821/645 720/957/752 666/963/755
f 755/973/761 724/969/655 725/829/653
f 672/846/667 669/974/649 671/834/658
f 518/755/586 583/975/590 580/976/588
f 753/959/754 722/977/646 752/971/760
f 520/305/279 586/978/592 583/975/590
f 522/311/285 589/979/594 586/978/592
f 524/315/289 592/980/596 589/979/594
f 526/319/293 595/981/598 592/980/596
f 528/323/297 598/982/600 595/981/598
f 530/327/301 601/983/602 598/982/600
f 532/331/305 604/776/604 601/983/602
f 534/335/309 607/779/606 604/776/604
f 536/340/313 610/984/608 607/779/606
f 538/344/317 613/985/610 610/984/608
f 540/348/321 616/986/612 613/985/610
f 542/352/325 619/987/614 616/986/612
f 544/356/329 622/790/616 619/987/614
f 546/360/333 625/793/618 622/790/616
f 548/364/337 628/795/620 625/793/618
f 550/369/341 631/797/622 628/795/620
f 552/373/345 634/799/624 631/797/622
f 554/377/349 637/801/626 634/799/624
f 556/381/353 640/803/628 637/801/626
f 558/385/357 643/805/630 640/803/628
f 560/389/361 646/807/632 643/805/630
f 562/393/365 649/809/634 646/807/632
f 564/397/369 652/811/636 649/809/634
f 566/402/373 655/988/638 652/811/636
f 568/406/377 658/989/640 655/988/638
f 666/963/755 661/820/644 665/691/527
f 785/990/762 754/966/758 755/973/761
f 757/991/763 726/830/654 727/837/661
f 815/992/764 784/964/756 785/990/762
f 786/993/765 755/973/761 756/828/652
f 783/994/766 752/971/760 782/995/767
f 788/996/768 757/991/763 758/836/660
f 789/997/769 758/836/660 759/842/665
f 790/998/770 759/842/665 760/849/670
f 791/999/771 760/849/670 761/854/674
f 792/1000/772 761/854/674 762/859/678
f 793/1001/773 762/859/678 763/864/682
f 794/1002/774 763/864/682 764/869/686
f 795/1003/775 764/869/686 765/875/690
f 796/1004/776 765/875/690 766/880/694
f 797/1005/777 766/880/694 767/885/698
f 798/1006/778 767/885/698 768/891/702
f 799/1007/779 768/891/702 769/896/706
f 800/1008/780 769/896/706 770/901/710
f 801/1009/781 770/901/710 771/906/714
f 802/1010/782 771/906/714 772/912/718
f 803/1011/783 772/912/718 773/917/722
f 804/1012/784 773/917/722 774/922/726
f 805/1013/785 774/922/726 775/928/730
f 806/1014/786 775/928/730 776/933/734
f 807/1015/787 776/933/734 777/938/738
f 808/1016/788 777/938/738 778/943/742
f 809/1017/789 778/943/742 779/949/746
f 810/1018/790 779/949/746 780/954/750
f 783/994/766 780/954/750 753/959/754
f 814/1019/764 781/970/759 784/964/756
f 811/1020/764 782/995/767 781/970/759
f 787/1021/791 756/828/652 757/991/763
f 819/1022/764 845/1023/764 818/1024/764
f 816/1025/764 785/990/762 786/993/765
f 813/1026/764 782/995/767 812/1027/764
f 818/1024/764 787/1021/791 788/996/768
f 819/1022/764 788/996/768 789/997/769
f 820/1028/764 789/997/769 790/998/770
f 821/1029/764 790/998/770 791/999/771
f 822/1030/764 791/999/771 792/1000/772
f 823/1031/764 792/1000/772 793/1001/773
f 824/1032/764 793/1001/773 794/1002/774
f 825/1033/764 794/1002/774 795/1003/775
f 826/1034/764 795/1003/775 796/1004/776
f 827/1035/764 796/1004/776 797/1005/777
f 828/1036/764 797/1005/777 798/1006/778
f 829/1037/764 798/1006/778 799/1007/779
f 830/1038/764 799/1007/779 800/1008/780
f 831/1039/764 800/1008/780 801/1009/781
f 832/1040/764 801/1009/781 802/1010/782
f 833/1041/764 802/1010/782 803/1011/783
f 834/1042/764 803/1011/783 804/1012/784
f 835/1043/764 804/1012/784 805/1013/785
f 836/1044/764 805/1013/785 806/1014/786
f 837/1045/764 806/1014/786 807/1015/787
f 838/1046/764 807/1015/787 808/1016/788
f 839/1047/764 808/1016/788 809/1017/789
f 840/1048/764 809/1017/789 810/1018/790
f 813/1026/764 810/1018/790 783/994/766
f 843/1049/764 811/1020/764 814/1019/764
f 817/1050/764 786/993/765 787/1021/791
f 811/1020/764 841/1051/764 812/1027/764
f 844/1052/764 815/992/764 816/1025/764
f 842/1053/764 812/1027/764 841/1051/764
f 845/1023/764 817/1050/764 818/1024/764
f 823/1031/764 847/1054/764 822/1030/764
f 846/1055/764 819/1022/764 820/1028/764
f 825/1033/764 848/1056/764 824/1032/764
f 847/1054/764 821/1029/764 822/1030/764
f 827/1035/764 849/1057/764 826/1034/764
f 848/1056/764 823/1031/764 824/1032/764
f 829/1037/764 850/1058/764 828/1036/764
f 849/1057/764 825/1033/764 826/1034/764
f 831/1039/764 851/1059/764 830/1038/764
f 850/1058/764 827/1035/764 828/1036/764
f 833/1041/764 852/1060/764 832/1040/764
f 851/1059/764 829/1037/764 830/1038/764
f 835/1043/764 853/1061/764 834/1042/764
f 852/1060/764 831/1039/764 832/1040/764
f 837/1045/764 854/1062/764 836/1044/764
f 853/1061/764 833/1041/764 834/1042/764
f 839/1047/764 855/1063/764 838/1046/764
f 854/1062/764 835/1043/764 836/1044/764
f 856/1064/423 872/558/422 870/1065/423
f 855/1063/764 837/1045/764 838/1046/764
f 870/1065/423 872/558/422 869/557/460
f 842/1053/764 839/1047/764 840/1048/764
f 872/558/422 856/1064/423 857/664/423
f 871/1066/764 841/1051/764 843/1049/764
f 813/1026/764 842/1053/764 840/1048/764
f 821/1029/764 846/1055/764 820/1028/764
f 815/992/764 843/1049/764 814/1019/764
f 484/574/468 856/1064/423 870/1065/423
f 817/1050/764 844/1052/764 816/1025/764
f 841/1051/764 871/1066/764 842/1053/764
f 871/1066/764 843/1049/764 844/1052/764
f 871/1066/764 844/1052/764 845/1023/764
f 871/1066/764 845/1023/764 846/1055/764
f 871/1066/764 846/1055/764 847/1054/764
f 871/1066/764 847/1054/764 848/1056/764
f 871/1066/764 848/1056/764 849/1057/764
f 871/1066/764 849/1057/764 850/1058/764
f 871/1066/764 850/1058/764 851/1059/764
f 871/1066/764 851/1059/764 852/1060/764
f 871/1066/764 852/1060/764 853/1061/764
f 871/1066/764 853/1061/764 854/1062/764
f 871/1066/764 854/1062/764 855/1063/764
f 871/1066/764 855/1063/764 842/1053/764
f 868/559/460 872/558/422 867/626/460
f 482/569/423 857/664/423 856/1064/423
f 856/1064/423 483/570/423 482/569/423
f 486/576/468 870/1065/423 869/557/460
f 488/579/460 869/557/460 868/559/460
f 490/583/460 868/559/460 867/626/460
f 492/587/466 867/626/460 866/571/466
f 494/591/466 866/571/466 865/572/467
f 496/595/467 865/572/467 864/628/467
f 498/599/467 864/628/467 863/632/467
f 497/597/467 496/595/467 864/628/467
f 502/607/469 862/642/469 861/643/470
f 504/611/470 861/643/470 860/652/470
f 506/615/430 860/652/470 859/653/470
f 508/619/430 859/653/470 858/658/430
f 510/500/430 858/658/430 857/664/423
f 858/658/430 509/621/430 508/619/430
f 870/1065/423 485/575/468 484/574/468
f 861/643/470 872/558/422 860/652/470
f 868/559/460 489/581/460 488/579/460
f 869/557/460 487/577/468 486/576/468
f 276/1067/792 511/688/524 516/754/585
f 859/653/470 507/617/430 506/615/430
f 860/652/470 505/613/470 504/611/470
f 861/643/470 503/609/470 502/607/469
f 862/642/469 501/605/469 500/603/469
f 500/603/469 863/632/467 862/642/469
f 863/632/467 499/601/469 498/599/467
f 865/572/467 495/593/467 494/591/466
f 866/571/466 493/589/466 492/587/466
f 867/626/460 491/585/466 490/583/460
f 582/827/651 663/1068/793 575/413/384
f 513/687/523 580/976/588 573/561/462
f 585/826/650 581/758/587 584/760/589
f 588/1069/794 584/763/589 587/762/591
f 591/1070/795 587/762/591 590/765/593
f 594/1071/796 590/765/593 593/767/595
f 597/1072/797 593/767/595 596/769/597
f 600/1073/798 596/769/597 599/771/599
f 603/1074/799 599/771/599 602/773/601
f 606/1075/800 602/773/601 605/775/603
f 609/1076/801 605/775/603 608/1077/605
f 612/1078/802 608/1079/605 611/783/607
f 615/1080/803 611/783/607 614/782/609
f 618/1081/804 614/782/609 617/785/611
f 621/1082/805 617/785/611 620/787/613
f 624/1083/806 620/787/613 623/789/615
f 627/1084/807 623/789/615 626/1085/617
f 630/1086/808 626/1085/617 629/1087/619
f 633/1088/809 629/1089/619 632/1090/621
f 636/1091/810 632/1090/621 635/1092/623
f 639/1093/811 635/1092/623 638/1094/625
f 642/1095/812 638/1094/625 641/1096/627
f 645/1097/813 641/1096/627 644/1098/629
f 648/1099/814 644/1098/629 647/1100/631
f 651/1101/815 647/1100/631 650/1102/633
f 654/1103/816 650/1102/633 653/1104/635
f 657/1105/817 653/1106/635 656/815/637
f 660/1107/818 656/815/637 659/814/639
f 570/409/380 579/673/510 658/989/640
f 333/463/421 2/1/1 332/1108/819
f 582/827/651 574/415/386 581/758/587
f 577/1109/820 571/414/385 576/819/643
f 588/1069/794 669/974/649 585/1110/650
f 591/1070/795 671/834/658 588/1069/794
f 594/1071/796 673/835/659 591/1070/795
f 597/1072/797 675/841/664 594/1071/796
f 600/1073/798 677/848/669 597/1072/797
f 603/1074/799 679/853/673 600/1073/798
f 606/1075/800 681/858/677 603/1074/799
f 609/1076/801 683/863/681 606/1075/800
f 612/1078/802 685/873/685 609/1111/801
f 615/1080/803 687/874/689 612/1078/802
f 618/1081/804 689/879/693 615/1080/803
f 621/1082/805 691/884/697 618/1081/804
f 624/1083/806 693/890/701 621/1082/805
f 627/1084/807 695/895/705 624/1083/806
f 630/1086/808 697/900/709 627/1084/807
f 633/1088/809 699/910/713 630/1112/808
f 636/1091/810 701/911/717 633/1088/809
f 639/1093/811 703/916/721 636/1091/810
f 642/1095/812 705/921/725 639/1093/811
f 645/1097/813 707/927/729 642/1095/812
f 648/1099/814 709/932/733 645/1097/813
f 651/1101/815 711/937/737 648/1099/814
f 654/1103/816 713/942/741 651/1101/815
f 657/1105/817 715/948/745 654/1113/816
f 660/1107/818 717/953/749 657/1105/817
f 577/1109/820 659/814/639 578/817/641
f 577/1109/820 719/958/753 660/1107/818
f 575/413/384 661/820/644 576/819/643
f 751/965/757 722/977/646 721/968/526
f 664/692/528 661/820/644 663/1068/793
f 668/832/656 663/1068/793 667/824/648
f 515/674/511 511/688/524 514/560/461
f 515/674/511 569/410/381 516/754/585
f 99/1114/169 98/139/132 97/493/426
f 5/78/74 1/144/3 4/143/2
f 579/1115/510 571/414/385 578/817/641
f 2/1/1 8/67/63 9/71/67
f 335/69/65 10/12/11 334/462/420
f 97/493/426 93/4/4 92/72/68
f 886/1116/821 880/1117/822 879/1118/823
f 954/1119/824 941/1120/825 951/1121/826
f 876/1122/827 882/1123/828 877/1124/829
f 881/1125/830 888/1126/831 882/1123/828
f 900/1127/832 902/1128/833 901/1129/834
f 883/1130/835 885/1131/836 878/1132/837
f 883/1130/835 877/1124/829 882/1123/828
f 932/1133/838 881/1125/830 876/1122/827
f 929/1134/839 889/1135/840 881/1125/830
f 891/1136/841 894/1137/842 892/1138/843
f 886/1116/821 878/1132/837 885/1131/836
f 884/1139/844 892/1140/843 894/1141/842
f 895/1142/845 896/1143/846 897/1144/847
f 931/1145/848 889/1146/840 930/1147/849
f 951/1121/826 896/1148/846 893/1149/850
f 898/1150/851 901/1129/834 899/1151/852
f 973/1152/853 903/1153/854 972/1154/855
f 885/1131/836 899/1151/852 901/1129/834
f 902/1128/833 903/1153/854 904/1155/856
f 932/1133/838 875/1156/857 934/1157/858
f 887/1158/859 902/1128/833 904/1155/856
f 988/1159/860 985/1160/861 987/1161/862
f 971/1162/863 903/1153/854 900/1127/832
f 974/1163/864 900/1127/832 898/1150/851
f 891/1136/841 888/1164/831 890/1165/865
f 1105/1166/866 955/1167/867 945/1168/868
f 1101/1169/869 975/1170/870 965/1171/871
f 978/1172/872 906/1173/873 979/1174/874
f 907/1175/875 905/1176/876 906/1173/873
f 919/1177/877 913/1178/878 912/1179/879
f 916/1180/880 921/1181/881 926/1182/882
f 909/1183/883 915/1184/884 910/1185/885
f 914/1186/886 921/1181/881 915/1184/884
f 932/1187/838 917/1188/887 929/1189/839
f 916/1190/888 918/1191/889 911/1192/890
f 916/1180/880 910/1185/885 915/1184/884
f 1112/1193/891 914/1186/886 909/1183/883
f 922/1194/892 924/1195/893 921/1181/881
f 1111/1196/894 922/1194/892 914/1186/886
f 1145/1197/895 1114/1198/896 1113/1199/897
f 925/1200/898 928/1201/899 926/1202/900
f 919/1177/877 911/1192/890 918/1191/889
f 917/1188/887 926/1203/900 928/1204/899
f 954/1119/824 890/1165/865 931/1145/848
f 980/1205/901 906/1206/873 913/1207/902
f 913/1207/902 905/1208/876 912/1209/903
f 884/1139/844 895/1142/845 899/1151/852
f 932/1187/838 919/1177/877 918/1191/889
f 925/1210/904 921/1181/881 924/1195/893
f 888/1164/831 889/1146/840 890/1165/865
f 893/1149/850 895/1211/845 894/1137/842
f 935/1212/905 924/1195/893 923/1213/906
f 930/1214/849 917/1188/887 928/1204/899
f 940/1215/907 936/1216/908 939/1217/909
f 1148/1218/910 1113/1199/897 1116/1219/911
f 935/1212/905 939/1217/909 936/1216/908
f 1106/1220/912 945/1168/868 944/1221/913
f 1144/1222/914 1111/1223/915 1112/1224/916
f 940/1225/917 942/1226/918 937/1227/919
f 1108/1228/920 938/1229/921 935/1212/905
f 937/1230/922 924/1195/893 936/1216/908
f 944/1221/913 946/1231/923 943/1232/924
f 1107/1233/925 944/1221/913 938/1229/921
f 1143/1234/926 1110/1235/927 1111/1223/915
f 947/1236/928 950/1237/929 948/1238/930
f 927/1239/931 937/1227/919 942/1226/918
f 941/1120/825 948/1240/930 950/1241/929
f 974/1163/864 897/1144/847 953/1242/932
f 1099/1243/933 907/1175/875 1098/1244/934
f 974/1245/864 961/1246/935 971/1247/863
f 885/1131/836 902/1128/833 886/1116/821
f 927/1239/931 930/1147/849 928/1201/899
f 983/1248/936 874/1249/937 880/1117/822
f 947/1250/938 943/1232/924 946/1231/923
f 952/1251/939 941/1120/825 950/1241/929
f 960/1252/940 956/1253/941 959/1254/942
f 1142/1255/943 1109/1256/944 1110/1257/927
f 955/1167/867 959/1254/942 956/1253/941
f 1102/1258/945 965/1171/871 964/1259/946
f 1140/1260/947 1107/1233/948 1108/1228/949
f 960/1261/950 962/1262/951 957/1263/952
f 1104/1264/953 958/1265/954 955/1167/867
f 964/1259/946 966/1266/955 963/1267/956
f 1103/1268/957 964/1259/946 958/1265/954
f 1139/1269/958 1106/1220/959 1107/1233/948
f 967/1270/960 970/1271/961 968/1272/962
f 949/1273/963 957/1263/952 962/1262/951
f 961/1246/935 968/1274/962 970/1275/961
f 984/1276/964 904/1155/856 973/1152/853
f 1149/1277/965 1116/1219/911 1117/1278/966
f 938/1229/921 943/1232/924 939/1217/909
f 984/1279/964 981/1280/967 983/1281/936
f 981/1280/967 913/1207/878 920/1282/968
f 949/1273/963 952/1283/939 950/1237/929
f 967/1270/969 963/1284/956 966/1285/955
f 972/1286/855 961/1246/935 970/1275/961
f 980/1205/901 976/1287/970 979/1288/874
f 1138/1289/971 1105/1166/972 1106/1220/959
f 975/1170/870 979/1174/874 976/1290/970
f 1136/1291/973 1103/1292/974 1104/1293/975
f 980/1205/976 982/1294/977 977/1295/978
f 1100/1296/979 978/1172/872 975/1170/870
f 1097/1297/980 907/1175/875 978/1172/872
f 969/1298/981 977/1295/978 982/1294/977
f 898/1150/851 895/1142/845 897/1144/847
f 953/1299/932 896/1148/846 952/1251/939
f 883/1130/835 888/1126/831 892/1140/843
f 985/1160/861 986/1300/982 987/1161/862
f 1134/1301/983 1101/1302/984 1102/1303/985
f 969/1298/981 972/1304/855 970/1271/961
f 909/1183/883 905/1176/876 908/1305/986
f 1099/1243/933 909/1183/883 908/1305/986
f 1109/1256/987 935/1212/905 923/1213/906
f 958/1265/954 963/1267/956 959/1254/942
f 1131/1306/988 1112/1224/916 1099/1307/989
f 955/1167/867 946/1231/923 945/1168/868
f 992/1308/990 985/1160/861 991/1309/991
f 1141/1310/992 1108/1228/949 1109/1256/944
f 975/1170/870 966/1266/955 965/1171/871
f 1137/1311/993 1104/1293/975 1105/1312/972
f 933/1313/994 981/1280/967 920/1282/968
f 1020/1314/995 992/1308/990 999/1315/996
f 990/1316/997 985/1160/861 989/1317/998
f 998/1318/999 992/1308/990 991/1309/991
f 1017/1319/1000 986/1300/982 992/1308/990
f 988/1159/860 994/1320/1001 989/1317/998
f 993/1321/1002 1000/1322/1003 994/1320/1001
f 1012/1323/1004 1014/1324/1005 1013/1325/1006
f 995/1326/1007 997/1327/1008 990/1316/997
f 995/1326/1007 989/1317/998 994/1320/1001
f 1088/1328/1009 993/1329/1002 988/1330/860
f 1087/1331/1010 1001/1332/1011 993/1329/1002
f 1126/1333/1012 1078/1334/1013 1077/1335/1014
f 1003/1336/1015 1006/1337/1016 1004/1338/1017
f 998/1318/999 990/1316/997 997/1327/1008
f 996/1339/1018 1004/1338/1017 1006/1337/1016
f 1007/1340/1019 1008/1341/1020 1009/1342/1021
f 1071/1343/1022 1002/1344/1023 1001/1332/1011
f 1067/1345/1024 1008/1341/1020 1005/1346/1025
f 1122/1347/1026 1058/1348/1027 1057/1349/1028
f 1010/1350/1029 1013/1325/1006 1011/1351/1030
f 1025/1352/1031 1016/1353/1032 1015/1354/1033
f 997/1327/1008 1011/1351/1030 1013/1325/1006
f 1014/1324/1005 1015/1354/1033 1016/1353/1032
f 999/1315/996 1014/1324/1005 1016/1353/1032
f 1115/1355/1034 1042/1356/1035 1114/1357/1036
f 1047/1358/1037 1015/1354/1033 1012/1323/1004
f 1082/1359/1038 1069/1360/1039 1074/1361/1040
f 1048/1362/1041 1012/1323/1004 1010/1350/1029
f 1118/1363/1042 1032/1364/1043 1031/1365/1044
f 1003/1336/1015 1000/1322/1003 1002/1366/1023
f 1040/1367/1045 1041/1368/1046 1046/1369/1047
f 1088/1328/1009 987/1370/862 1019/1371/1048
f 1010/1350/1029 1007/1340/1019 1009/1342/1021
f 1023/1372/1049 1019/1373/1050 1018/1374/1051
f 1051/1375/1052 1009/1342/1021 1008/1341/1020
f 1021/1376/1053 1026/1377/1054 1028/1378/1055
f 995/1326/1007 1000/1322/1003 1004/1338/1017
f 1020/1379/1056 1022/1380/1057 1017/1381/1058
f 1023/1372/1049 1017/1381/1058 1022/1380/1057
f 1025/1382/1059 1028/1378/1055 1026/1377/1054
f 1117/1383/1060 1033/1384/1061 1032/1364/1043
f 1064/1385/1062 1030/1386/1063 1065/1387/1064
f 1033/1384/1061 1029/1388/1065 1032/1364/1043
f 1037/1389/1066 1029/1388/1065 1036/1390/1067
f 1030/1386/1063 1032/1364/1043 1029/1388/1065
f 1038/1391/1068 1041/1368/1046 1039/1392/1069
f 1152/1393/1070 1119/1394/1071 1120/1395/1072
f 1045/1396/1073 1041/1368/1046 1044/1397/1074
f 1033/1384/1061 1039/1392/1069 1034/1398/1075
f 1068/1399/1076 1002/1366/1023 1072/1400/1077
f 1153/1401/1078 1120/1395/1072 1121/1402/1079
f 1042/1356/1035 1044/1397/1074 1041/1368/1046
f 1113/1403/1080 1042/1356/1035 1038/1391/1068
f 1066/1404/1081 1049/1405/1082 1061/1406/1083
f 1040/1407/1045 1023/1372/1049 1022/1380/1057
f 1066/1404/1081 1030/1408/1063 1037/1409/1066
f 1020/1314/995 1016/1353/1032 1026/1410/1084
f 1040/1367/1045 1034/1398/1075 1039/1392/1069
f 1066/1404/1081 1027/1411/1085 1050/1412/1086
f 1049/1405/1082 1052/1413/1087 1054/1414/1088
f 1048/1415/1089 1050/1412/1086 1047/1416/1090
f 1027/1411/1085 1047/1416/1090 1050/1412/1086
f 1048/1362/1041 1009/1342/1021 1052/1417/1091
f 1051/1418/1092 1054/1419/1088 1052/1420/1087
f 1121/1421/1093 1059/1422/1094 1058/1348/1027
f 1084/1423/1095 1056/1424/1096 1085/1425/1097
f 1059/1422/1094 1055/1426/1098 1058/1348/1027
f 1063/1427/1099 1055/1426/1098 1062/1428/1100
f 1056/1424/1096 1058/1348/1027 1055/1426/1098
f 1156/1429/1101 1123/1430/1102 1124/1431/1103
f 1059/1422/1094 1065/1387/1064 1060/1432/1104
f 1093/1433/1105 1044/1397/1074 1092/1434/1106
f 1157/1435/1107 1124/1431/1103 1125/1436/1108
f 1116/1437/1109 1038/1391/1068 1033/1384/1061
f 1045/1438/1073 1023/1372/1049 1046/1439/1047
f 1086/1440/1110 1056/1424/1096 1063/1427/1099
f 1091/1441/1111 1044/1397/1074 1043/1442/1112
f 1066/1404/1081 1060/1443/1104 1065/1444/1064
f 1036/1445/1067 1021/1376/1053 1028/1378/1055
f 1089/1446/1113 1019/1371/1050 1024/1447/1114
f 1086/1448/1110 1053/1449/1115 1070/1450/1116
f 1069/1360/1039 1072/1451/1117 1074/1361/1040
f 1068/1452/1118 1070/1450/1116 1067/1453/1119
f 1053/1449/1115 1067/1453/1119 1070/1450/1116
f 997/1327/1008 1014/1324/1005 998/1318/999
f 1071/1343/1120 1074/1454/1040 1072/1455/1117
f 1125/1456/1121 1079/1457/1122 1078/1334/1013
f 1094/1458/1123 1076/1459/1124 1095/1460/1125
f 1079/1457/1122 1075/1461/1126 1078/1334/1013
f 1083/1462/1127 1075/1461/1126 1082/1463/1038
f 1076/1459/1124 1078/1334/1013 1075/1461/1126
f 1160/1464/1128 1127/1465/1129 1128/1466/1130
f 1079/1457/1122 1085/1425/1097 1080/1467/1131
f 1132/1468/1132 1097/1469/1133 1100/1470/1134
f 1147/1471/1135 1128/1466/1130 1115/1355/1136
f 1120/1472/1137 1064/1385/1062 1059/1422/1094
f 1119/1473/1138 1031/1365/1044 1064/1385/1062
f 1154/1474/1139 1121/1475/1079 1122/1476/1140
f 1096/1477/1141 1076/1459/1124 1083/1462/1127
f 1086/1448/1110 1069/1360/1039 1081/1478/1142
f 1086/1440/1110 1080/1467/1131 1085/1425/1097
f 1062/1479/1100 1049/1405/1082 1054/1414/1088
f 1096/1480/1141 1073/1481/1143 1090/1482/1144
f 1040/1407/1045 1021/1376/1053 1035/1483/1145
f 1088/1328/1146 1090/1482/1144 1087/1331/1147
f 1073/1481/1143 1087/1331/1147 1090/1482/1144
f 996/1339/1018 1007/1340/1019 1011/1351/1030
f 1045/1396/1073 1089/1484/1113 1024/1485/1114
f 1129/1486/1148 1098/1487/1149 1097/1469/1133
f 1000/1322/1003 1001/1488/1011 1002/1366/1023
f 1005/1346/1025 1007/1340/1019 1006/1337/1016
f 1115/1355/1034 1091/1441/1111 1043/1442/1112
f 1091/1441/1111 1095/1460/1125 1092/1434/1106
f 1096/1477/1141 1092/1434/1106 1095/1460/1125
f 1177/1489/1150 1178/1490/1151 1179/1491/1152
f 1150/1492/1153 1117/1493/966 1118/1494/1154
f 1124/1495/1155 1084/1423/1095 1079/1457/1122
f 1123/1496/1156 1057/1349/1028 1084/1423/1095
f 1158/1497/1157 1125/1456/1108 1126/1333/1158
f 1096/1477/1141 1089/1484/1113 1093/1433/1105
f 1128/1466/1159 1094/1458/1123 1091/1441/1111
f 1027/1411/1085 1036/1498/1067 1028/1499/1055
f 1155/1500/1160 1122/1476/1140 1123/1430/1102
f 1053/1449/1115 1062/1501/1100 1054/1419/1088
f 1159/1502/1161 1126/1333/1158 1127/1465/1129
f 1156/1429/1101 1167/1503/1162 1168/1504/1163
f 1073/1505/1143 1082/1359/1038 1074/1361/1040
f 1127/1465/1164 1077/1335/1014 1094/1458/1123
f 1138/1506/971 1170/1507/1165 1137/1311/993
f 1167/1508/1162 1158/1509/1157 1166/1510/1166
f 1133/1511/1167 1100/1470/1134 1101/1302/984
f 1099/1307/989 1130/1512/1168 1131/1306/988
f 984/1279/964 969/1298/981 982/1294/977
f 1068/1399/1076 1005/1346/1025 1003/1336/1015
f 974/1245/864 949/1273/963 962/1262/951
f 1019/1513/1048 986/1300/982 1018/1514/1169
f 960/1515/940 963/1284/956 968/1272/1170
f 954/1119/824 927/1239/931 942/1226/918
f 977/1295/1171 966/1285/955 976/1287/970
f 940/1215/907 943/1232/924 948/1516/1172
f 1110/1257/1173 923/1213/906 922/1194/892
f 957/1517/1174 946/1231/923 956/1253/941
f 911/1192/1175 905/1518/876 910/1519/885
f 1135/1520/1176 1102/1521/985 1103/1292/974
f 1147/1471/1135 1114/1357/896 1146/1522/1177
f 1035/1523/1145 1029/1388/1065 1034/1398/1075
f 1061/1406/1083 1055/1524/1098 1060/1443/1104
f 1081/1525/1142 1075/1461/1126 1080/1467/1131
f 1151/1526/1178 1118/1494/1154 1119/1394/1071
f 1155/1500/1160 1168/1504/1163 1169/1527/1179
f 1166/1510/1166 1159/1528/1161 1165/1529/1180
f 1152/1393/1070 1171/1530/1181 1172/1531/1182
f 1151/1526/1178 1172/1531/1182 1173/1532/1183
f 1184/1533/1184 1177/1489/1150 1183/1534/1185
f 1288/1535/1186 1184/1533/1184 1191/1536/1187
f 1180/1537/1188 1177/1538/1150 1179/1539/1152
f 1164/1540/1189 1147/1541/1135 1162/1542/1190
f 1162/1543/1190 1146/1544/1177 1161/1545/1191
f 1132/1468/1132 1164/1540/1189 1129/1486/1148
f 1165/1529/1180 1160/1546/1128 1164/1540/1189
f 1144/1222/914 1161/1545/1191 1163/1547/1192
f 1133/1511/1167 1165/1529/1180 1132/1468/1132
f 1134/1301/983 1166/1510/1166 1133/1511/1167
f 1134/1548/983 1168/1504/1163 1167/1503/1162
f 1135/1520/1176 1169/1527/1179 1168/1504/1163
f 1138/1549/971 1172/1531/1182 1171/1530/1181
f 1139/1550/958 1173/1532/1183 1172/1531/1182
f 1140/1551/947 1174/1552/1193 1173/1532/1183
f 1141/1553/992 1175/1554/1194 1174/1552/1193
f 1142/1555/943 1176/1556/1195 1175/1557/1194
f 1143/1234/926 1163/1547/1192 1176/1556/1195
f 1148/1218/910 1175/1557/1194 1176/1556/1195
f 1129/1486/1148 1162/1542/1190 1130/1558/1168
f 1145/1197/895 1161/1545/1191 1146/1544/1177
f 1130/1512/1168 1161/1545/1191 1131/1306/988
f 1170/1507/1165 1155/1500/1160 1169/1527/1179
f 1137/1311/993 1169/1527/1179 1136/1291/973
f 1171/1559/1181 1154/1474/1139 1170/1507/1165
f 1182/1560/1196 1177/1538/1150 1181/1561/1197
f 1145/1197/895 1176/1556/1195 1163/1547/1192
f 1237/1562/1198 1179/1491/1152 1178/1490/1151
f 1150/1492/1153 1173/1532/1183 1174/1552/1193
f 1237/1563/1198 1223/1564/1199 1238/1565/1200
f 1149/1566/965 1174/1552/1193 1175/1554/1194
f 1258/1567/1201 1197/1568/1202 1195/1569/1203
f 1190/1570/1204 1184/1533/1184 1183/1534/1185
f 1258/1571/1201 1245/1572/1205 1255/1573/1206
f 1180/1537/1188 1186/1574/1207 1181/1561/1197
f 1185/1575/1208 1192/1576/1209 1186/1574/1207
f 1204/1577/1210 1206/1578/1211 1205/1579/1212
f 1187/1580/1213 1189/1581/1214 1182/1560/1196
f 1187/1580/1213 1181/1561/1197 1186/1574/1207
f 1236/1582/1215 1185/1575/1208 1180/1537/1188
f 1233/1583/1216 1193/1584/1217 1185/1575/1208
f 1195/1569/1203 1198/1585/1218 1196/1586/1219
f 1190/1587/1204 1182/1560/1196 1189/1581/1214
f 1188/1588/1220 1196/1586/1219 1198/1585/1218
f 1199/1589/1221 1200/1590/1222 1201/1591/1223
f 1235/1592/1224 1193/1584/1217 1234/1593/1225
f 1255/1594/1206 1200/1590/1222 1197/1568/1202
f 1202/1595/1226 1205/1579/1212 1203/1596/1227
f 1277/1597/1228 1207/1598/1229 1276/1599/1230
f 1189/1581/1214 1203/1596/1227 1205/1579/1212
f 1206/1600/1211 1207/1598/1229 1208/1601/1231
f 1236/1602/1215 1179/1603/1152 1238/1565/1200
f 1191/1536/1187 1206/1600/1211 1208/1601/1231
f 1292/1604/1232 1289/1605/1233 1291/1606/1234
f 1275/1607/1235 1207/1598/1229 1204/1608/1210
f 1278/1609/1236 1204/1577/1210 1202/1595/1226
f 1195/1569/1203 1192/1576/1209 1194/1610/1237
f 1409/1611/1238 1259/1612/1239 1249/1613/1240
f 1405/1614/1241 1279/1615/1242 1269/1616/1243
f 1282/1617/1244 1210/1618/1245 1283/1619/1246
f 1211/1620/1247 1209/1621/1248 1210/1618/1245
f 1223/1564/1199 1217/1622/1249 1216/1623/1250
f 1220/1624/1251 1225/1625/1252 1230/1626/1253
f 1213/1627/1254 1219/1628/1255 1214/1629/1256
f 1218/1630/1257 1225/1631/1252 1219/1628/1255
f 1236/1602/1215 1221/1632/1258 1233/1633/1216
f 1220/1634/1259 1222/1635/1260 1215/1636/1261
f 1220/1637/1251 1214/1629/1256 1219/1628/1255
f 1416/1638/1262 1218/1630/1257 1213/1627/1254
f 1226/1639/1263 1228/1640/1264 1225/1625/1252
f 1415/1641/1265 1226/1642/1263 1218/1630/1257
f 1449/1643/1266 1418/1644/1267 1417/1645/1268
f 1229/1646/1269 1232/1647/1270 1230/1626/1271
f 1223/1564/1199 1215/1636/1261 1222/1635/1260
f 1221/1632/1258 1230/1648/1271 1232/1649/1270
f 1258/1567/1201 1194/1610/1237 1235/1592/1224
f 1284/1650/1272 1210/1618/1245 1217/1651/1273
f 1217/1651/1273 1209/1621/1248 1216/1652/1274
f 1188/1588/1220 1199/1589/1221 1203/1596/1227
f 1236/1602/1215 1223/1564/1199 1222/1635/1260
f 1229/1646/1275 1225/1625/1252 1228/1640/1264
f 1192/1576/1209 1193/1584/1217 1194/1610/1237
f 1197/1568/1202 1199/1589/1221 1198/1585/1218
f 1239/1653/1276 1228/1640/1264 1227/1654/1277
f 1234/1655/1225 1221/1632/1258 1232/1649/1270
f 1244/1656/1278 1240/1657/1279 1243/1658/1280
f 1452/1659/1281 1417/1645/1268 1420/1660/1282
f 1239/1653/1276 1243/1658/1280 1240/1657/1279
f 1410/1661/1283 1249/1613/1240 1248/1662/1284
f 1448/1663/1285 1415/1664/1286 1416/1665/1287
f 1244/1656/1288 1246/1666/1289 1241/1667/1290
f 1412/1668/1291 1242/1669/1292 1239/1670/1276
f 1241/1667/1293 1228/1640/1264 1240/1657/1279
f 1248/1662/1284 1250/1671/1294 1247/1672/1295
f 1411/1673/1296 1248/1662/1284 1242/1669/1292
f 1447/1674/1297 1414/1675/1298 1415/1664/1286
f 1251/1676/1299 1254/1677/1300 1252/1678/1301
f 1231/1679/1302 1241/1667/1290 1246/1666/1289
f 1245/1572/1205 1252/1680/1301 1254/1681/1300
f 1278/1609/1236 1201/1591/1223 1257/1682/1303
f 1403/1683/1304 1211/1620/1247 1402/1684/1305
f 1278/1685/1236 1265/1686/1306 1275/1687/1235
f 1189/1581/1214 1206/1578/1211 1190/1587/1204
f 1231/1688/1302 1234/1655/1225 1232/1649/1270
f 1287/1689/1307 1178/1490/1151 1184/1533/1184
f 1251/1690/1308 1247/1691/1295 1250/1692/1294
f 1256/1693/1309 1245/1572/1205 1254/1681/1300
f 1264/1694/1310 1260/1695/1311 1263/1696/1312
f 1446/1697/1313 1413/1698/1314 1414/1699/1298
f 1259/1612/1239 1263/1696/1312 1260/1695/1311
f 1406/1700/1315 1269/1616/1243 1268/1701/1316
f 1444/1702/1317 1411/1703/1318 1412/1704/1319
f 1264/1705/1320 1266/1706/1321 1261/1707/1322
f 1408/1708/1323 1262/1709/1324 1259/1612/1239
f 1268/1701/1316 1270/1710/1325 1267/1711/1326
f 1407/1712/1327 1268/1701/1316 1262/1709/1324
f 1443/1713/1328 1410/1714/1329 1411/1703/1318
f 1271/1715/1330 1274/1716/1331 1272/1717/1332
f 1253/1718/1333 1261/1707/1322 1266/1706/1321
f 1265/1686/1306 1272/1719/1332 1274/1720/1331
f 1288/1535/1186 1208/1601/1231 1277/1597/1228
f 1453/1721/1334 1420/1660/1282 1421/1722/1335
f 1242/1723/1292 1247/1691/1295 1243/1658/1280
f 1288/1535/1186 1285/1724/1336 1287/1689/1307
f 1285/1724/1336 1217/1725/1249 1224/1726/1337
f 1253/1718/1333 1256/1727/1309 1254/1677/1300
f 1271/1728/1338 1267/1711/1326 1270/1710/1325
f 1276/1729/1230 1265/1686/1306 1274/1720/1331
f 1284/1650/1272 1280/1730/1339 1283/1619/1246
f 1442/1731/1340 1409/1732/1341 1410/1714/1329
f 1279/1615/1242 1283/1619/1246 1280/1730/1339
f 1440/1733/1342 1407/1734/1343 1408/1735/1344
f 1284/1736/1345 1286/1737/1346 1281/1738/1347
f 1404/1739/1348 1282/1617/1244 1279/1615/1242
f 1401/1740/1349 1211/1620/1247 1282/1617/1244
f 1273/1741/1350 1281/1738/1347 1286/1737/1346
f 1202/1595/1226 1199/1589/1221 1201/1591/1223
f 1257/1682/1303 1200/1590/1222 1256/1742/1309
f 1187/1580/1213 1192/1576/1209 1196/1586/1219
f 1289/1605/1233 1290/1743/1351 1291/1606/1234
f 1438/1744/1352 1405/1614/1353 1406/1700/1354
f 1273/1741/1350 1276/1599/1230 1274/1716/1331
f 1213/1627/1254 1209/1621/1248 1212/1745/1355
f 1403/1683/1304 1213/1627/1254 1212/1745/1355
f 1413/1746/1356 1239/1670/1276 1227/1747/1277
f 1262/1709/1324 1267/1711/1326 1263/1696/1312
f 1435/1748/1357 1416/1665/1287 1403/1749/1358
f 1259/1612/1239 1250/1671/1294 1249/1613/1240
f 1296/1750/1359 1289/1605/1233 1295/1751/1360
f 1445/1752/1361 1412/1704/1319 1413/1698/1314
f 1279/1615/1242 1270/1710/1325 1269/1616/1243
f 1441/1753/1362 1408/1735/1344 1409/1754/1341
f 1237/1562/1198 1285/1724/1336 1224/1726/1337
f 1324/1755/1363 1296/1750/1359 1303/1756/1364
f 1294/1757/1365 1289/1605/1233 1293/1758/1366
f 1302/1759/1367 1296/1750/1359 1295/1751/1360
f 1321/1760/1368 1290/1743/1351 1296/1750/1359
f 1292/1604/1232 1298/1761/1369 1293/1758/1366
f 1297/1762/1370 1304/1763/1371 1298/1761/1369
f 1316/1764/1372 1318/1765/1373 1317/1766/1374
f 1299/1767/1375 1301/1768/1376 1294/1757/1365
f 1299/1767/1375 1293/1758/1366 1298/1761/1369
f 1392/1769/1377 1297/1762/1370 1292/1604/1232
f 1391/1770/1378 1305/1771/1379 1297/1762/1370
f 1430/1772/1380 1382/1773/1381 1381/1774/1382
f 1307/1775/1383 1310/1776/1384 1308/1777/1385
f 1302/1759/1367 1294/1757/1365 1301/1768/1376
f 1300/1778/1386 1308/1777/1385 1310/1776/1384
f 1311/1779/1387 1312/1780/1388 1313/1781/1389
f 1375/1782/1390 1306/1783/1391 1305/1771/1379
f 1371/1784/1392 1312/1780/1388 1309/1785/1393
f 1426/1786/1394 1362/1787/1395 1361/1788/1396
f 1314/1789/1397 1317/1766/1374 1315/1790/1398
f 1329/1791/1399 1320/1792/1400 1319/1793/1401
f 1301/1768/1376 1315/1794/1398 1317/1795/1374
f 1318/1796/1373 1319/1797/1401 1320/1798/1400
f 1303/1756/1364 1318/1796/1373 1320/1798/1400
f 1419/1799/1402 1346/1800/1403 1418/1801/1404
f 1351/1802/1405 1319/1793/1401 1316/1764/1372
f 1386/1803/1406 1373/1804/1407 1378/1805/1408
f 1352/1806/1409 1316/1764/1372 1314/1789/1397
f 1422/1807/1410 1336/1808/1411 1335/1809/1412
f 1307/1775/1383 1304/1763/1371 1306/1783/1391
f 1344/1810/1413 1345/1811/1414 1350/1812/1415
f 1392/1769/1377 1291/1606/1234 1323/1813/1416
f 1314/1814/1397 1311/1779/1387 1313/1781/1389
f 1327/1815/1417 1323/1816/1418 1322/1817/1419
f 1355/1818/1420 1313/1819/1389 1312/1820/1388
f 1325/1821/1421 1330/1822/1422 1332/1823/1423
f 1299/1767/1375 1304/1763/1371 1308/1777/1385
f 1324/1824/1424 1326/1825/1425 1321/1826/1426
f 1327/1815/1417 1321/1826/1426 1326/1825/1425
f 1329/1791/1427 1332/1827/1423 1330/1828/1422
f 1421/1829/1428 1337/1830/1429 1336/1808/1411
f 1368/1831/1430 1334/1832/1431 1369/1833/1432
f 1337/1830/1429 1333/1834/1433 1336/1808/1411
f 1341/1835/1434 1333/1834/1433 1340/1836/1435
f 1334/1832/1431 1336/1808/1411 1333/1834/1433
f 1342/1837/1436 1345/1811/1414 1343/1838/1437
f 1456/1839/1438 1423/1840/1439 1424/1841/1440
f 1349/1842/1441 1345/1843/1414 1348/1844/1442
f 1337/1830/1429 1343/1838/1437 1338/1845/1443
f 1372/1846/1444 1306/1783/1391 1376/1847/1445
f 1457/1848/1446 1424/1841/1440 1425/1849/1447
f 1346/1800/1403 1348/1850/1442 1345/1811/1414
f 1417/1851/1448 1346/1800/1403 1342/1837/1436
f 1370/1852/1449 1353/1853/1450 1365/1854/1451
f 1344/1855/1413 1327/1815/1417 1326/1825/1425
f 1370/1852/1449 1334/1832/1431 1341/1835/1434
f 1324/1755/1363 1320/1798/1400 1330/1856/1452
f 1344/1810/1413 1338/1845/1443 1343/1838/1437
f 1370/1852/1449 1331/1857/1453 1354/1858/1454
f 1353/1859/1450 1356/1860/1455 1358/1861/1456
f 1352/1806/1457 1354/1862/1454 1351/1802/1458
f 1331/1863/1453 1351/1802/1458 1354/1862/1454
f 1352/1806/1409 1313/1819/1389 1356/1860/1459
f 1355/1864/1460 1358/1865/1456 1356/1866/1455
f 1425/1849/1461 1363/1867/1462 1362/1787/1395
f 1388/1868/1463 1360/1869/1464 1389/1870/1465
f 1363/1867/1462 1359/1871/1466 1362/1787/1395
f 1367/1872/1467 1359/1871/1466 1366/1873/1468
f 1360/1869/1464 1362/1787/1395 1359/1871/1466
f 1460/1874/1469 1427/1875/1470 1428/1876/1471
f 1363/1867/1462 1369/1833/1432 1364/1877/1472
f 1397/1878/1473 1348/1844/1442 1396/1879/1474
f 1461/1880/1475 1428/1876/1471 1429/1881/1476
f 1420/1882/1477 1342/1837/1436 1337/1830/1429
f 1349/1883/1441 1327/1815/1417 1350/1884/1415
f 1390/1885/1478 1360/1869/1464 1367/1872/1467
f 1395/1886/1479 1348/1850/1442 1347/1887/1480
f 1370/1852/1449 1364/1877/1472 1369/1833/1432
f 1340/1888/1435 1325/1821/1421 1332/1823/1423
f 1393/1889/1481 1323/1890/1418 1328/1891/1482
f 1390/1892/1478 1357/1893/1483 1374/1894/1484
f 1373/1804/1407 1376/1895/1485 1378/1805/1408
f 1372/1896/1486 1374/1894/1484 1371/1897/1487
f 1357/1893/1483 1371/1897/1487 1374/1894/1484
f 1301/1768/1376 1318/1796/1373 1302/1759/1367
f 1375/1898/1488 1378/1899/1408 1376/1900/1485
f 1429/1901/1489 1383/1902/1490 1382/1773/1381
f 1398/1903/1491 1380/1904/1492 1399/1905/1493
f 1383/1902/1490 1379/1906/1494 1382/1773/1381
f 1387/1907/1495 1379/1908/1494 1386/1909/1406
f 1380/1904/1492 1382/1773/1381 1379/1906/1494
f 1464/1910/1496 1431/1911/1497 1432/1912/1498
f 1383/1902/1490 1389/1870/1465 1384/1913/1499
f 1436/1914/1500 1401/1740/1501 1404/1739/1502
f 1451/1915/1503 1432/1912/1498 1419/1916/1504
f 1424/1841/1505 1368/1831/1430 1363/1867/1462
f 1423/1840/1506 1335/1809/1412 1368/1831/1430
f 1458/1917/1507 1425/1849/1447 1426/1786/1508
f 1400/1918/1509 1380/1919/1492 1387/1907/1495
f 1390/1892/1478 1373/1804/1407 1385/1920/1510
f 1390/1885/1478 1384/1913/1499 1389/1870/1465
f 1366/1873/1468 1353/1853/1450 1358/1921/1456
f 1400/1918/1509 1377/1922/1511 1394/1923/1512
f 1344/1855/1413 1325/1821/1421 1339/1924/1513
f 1392/1925/1514 1394/1923/1512 1391/1926/1515
f 1377/1922/1511 1391/1926/1515 1394/1923/1512
f 1300/1778/1386 1311/1779/1387 1315/1794/1398
f 1349/1842/1441 1393/1889/1481 1328/1891/1482
f 1433/1927/1516 1402/1684/1517 1401/1740/1501
f 1304/1763/1371 1305/1771/1379 1306/1783/1391
f 1309/1785/1393 1311/1779/1387 1310/1776/1384
f 1419/1799/1402 1395/1886/1479 1347/1887/1480
f 1395/1886/1479 1399/1905/1493 1396/1928/1474
f 1400/1918/1509 1396/1879/1474 1399/1929/1493
f 1481/1930/1518 1482/1931/1519 1483/1932/1520
f 1454/1933/1521 1421/1829/1335 1422/1807/1522
f 1428/1934/1523 1388/1868/1463 1383/1902/1490
f 1427/1935/1524 1361/1788/1396 1388/1868/1463
f 1462/1936/1525 1429/1937/1476 1430/1938/1526
f 1400/1918/1509 1393/1889/1481 1397/1878/1473
f 1432/1939/1527 1398/1903/1491 1395/1886/1479
f 1331/1940/1453 1340/1888/1435 1332/1823/1423
f 1459/1941/1528 1426/1942/1508 1427/1875/1470
f 1357/1893/1483 1366/1943/1468 1358/1865/1456
f 1463/1944/1529 1430/1938/1526 1431/1911/1497
f 1460/1874/1469 1471/1945/1530 1472/1946/1531
f 1377/1922/1511 1386/1909/1406 1378/1899/1408
f 1431/1947/1532 1381/1774/1382 1398/1903/1491
f 1442/1948/1340 1474/1949/1533 1441/1753/1362
f 1471/1950/1530 1462/1936/1525 1470/1951/1534
f 1437/1952/1535 1404/1739/1502 1405/1614/1353
f 1403/1749/1358 1434/1953/1536 1435/1748/1357
f 1288/1535/1186 1273/1741/1350 1286/1737/1346
f 1372/1846/1444 1309/1785/1393 1307/1775/1383
f 1278/1685/1236 1253/1718/1333 1266/1706/1321
f 1323/1813/1416 1290/1743/1351 1322/1954/1537
f 1264/1694/1310 1267/1711/1326 1272/1955/1538
f 1258/1571/1201 1231/1679/1302 1246/1666/1289
f 1281/1956/1539 1270/1710/1325 1280/1730/1339
f 1244/1656/1278 1247/1691/1295 1252/1680/1540
f 1414/1957/1541 1227/1747/1277 1226/1642/1263
f 1261/1707/1542 1250/1958/1294 1260/1959/1311
f 1215/1960/1543 1209/1621/1248 1214/1629/1256
f 1439/1961/1544 1406/1962/1354 1407/1734/1343
f 1451/1963/1503 1418/1644/1267 1450/1964/1545
f 1339/1965/1513 1333/1834/1433 1338/1845/1443
f 1365/1854/1451 1359/1871/1466 1364/1877/1472
f 1385/1966/1510 1379/1906/1494 1384/1913/1499
f 1455/1967/1546 1422/1807/1522 1423/1840/1439
f 1459/1941/1528 1472/1946/1531 1473/1968/1547
f 1470/1951/1534 1463/1944/1529 1469/1969/1548
f 1456/1970/1438 1475/1971/1549 1476/1972/1550
f 1455/1973/1546 1476/1972/1550 1477/1974/1551
f 1488/1975/1552 1481/1930/1518 1487/1976/1553
f 1592/1977/1554 1488/1975/1552 1495/1978/1555
f 1484/1979/1556 1481/1930/1518 1483/1932/1520
f 1468/1980/1557 1451/1915/1503 1466/1981/1558
f 1466/1982/1558 1450/1964/1545 1465/1983/1559
f 1436/1984/1500 1468/1980/1557 1433/1985/1516
f 1469/1969/1548 1464/1910/1496 1468/1980/1557
f 1448/1663/1285 1465/1983/1559 1467/1986/1560
f 1437/1987/1535 1469/1969/1548 1436/1984/1500
f 1438/1988/1352 1470/1951/1534 1437/1987/1535
f 1438/1989/1352 1472/1946/1531 1471/1945/1530
f 1439/1961/1544 1473/1968/1547 1472/1946/1531
f 1442/1731/1340 1476/1972/1550 1475/1971/1549
f 1443/1713/1328 1477/1974/1551 1476/1972/1550
f 1444/1702/1317 1478/1990/1561 1477/1974/1551
f 1445/1991/1361 1479/1992/1562 1478/1993/1561
f 1446/1994/1313 1480/1995/1563 1479/1992/1562
f 1447/1674/1297 1467/1986/1560 1480/1995/1563
f 1452/1659/1281 1479/1992/1562 1480/1995/1563
f 1433/1985/1516 1466/1981/1558 1434/1996/1536
f 1449/1643/1266 1465/1983/1559 1450/1964/1545
f 1434/1953/1536 1465/1983/1559 1435/1748/1357
f 1474/1949/1533 1459/1941/1528 1473/1968/1547
f 1441/1753/1362 1473/1968/1547 1440/1733/1342
f 1475/1997/1549 1458/1998/1507 1474/1949/1533
f 1486/1999/1564 1481/1930/1518 1485/2000/1565
f 1449/1643/1266 1480/1995/1563 1467/1986/1560
f 1541/2001/1566 1483/1932/1520 1482/1931/1519
f 1454/2002/1521 1477/1974/1551 1478/1990/1561
f 1541/2003/1566 1527/2004/1567 1542/2005/1568
f 1453/1721/1334 1478/1993/1561 1479/1992/1562
f 1562/2006/1569 1501/2007/1570 1499/2008/1571
f 1494/2009/1572 1488/1975/1552 1487/1976/1553
f 1562/2006/1569 1549/2010/1573 1559/2011/1574
f 1484/1979/1556 1490/2012/1575 1485/2000/1565
f 1489/2013/1576 1496/2014/1577 1490/2012/1575
f 1508/2015/1578 1510/2016/1579 1509/2017/1580
f 1491/2018/1581 1493/2019/1582 1486/1999/1564
f 1491/2018/1581 1485/2000/1565 1490/2012/1575
f 1540/2020/1583 1489/2013/1576 1484/1979/1556
f 1537/2021/1584 1497/2022/1585 1489/2013/1576
f 1499/2008/1571 1502/2023/1586 1500/2024/1587
f 1494/2009/1572 1486/1999/1564 1493/2019/1582
f 1492/2025/1588 1500/2026/1587 1502/2027/1586
f 1503/2028/1589 1504/2029/1590 1505/2030/1591
f 1539/2031/1592 1497/2032/1585 1538/2033/1593
f 1559/2011/1574 1504/2029/1590 1501/2007/1570
f 1506/2034/1594 1509/2017/1580 1507/2035/1595
f 1581/2036/1596 1511/2037/1597 1580/2038/1598
f 1493/2019/1582 1507/2035/1595 1509/2017/1580
f 1510/2016/1579 1511/2037/1597 1512/2039/1599
f 1540/2020/1583 1483/1932/1520 1542/2040/1568
f 1495/1978/1555 1510/2016/1579 1512/2039/1599
f 1596/2041/1600 1593/2042/1601 1595/2043/1602
f 1579/2044/1603 1511/2037/1597 1508/2015/1578
f 1582/2045/1604 1508/2015/1578 1506/2034/1594
f 1499/2046/1571 1496/2014/1577 1498/2047/1605
f 1713/2048/1606 1563/2049/1607 1553/2050/1608
f 1709/2051/1609 1583/2052/1610 1573/2053/1611
f 1586/2054/1612 1514/2055/1613 1587/2056/1614
f 1515/2057/1615 1513/2058/1616 1514/2055/1613
f 1527/2004/1567 1521/2059/1617 1520/2060/1618
f 1524/2061/1619 1529/2062/1620 1534/2063/1621
f 1517/2064/1622 1523/2065/1623 1518/2066/1624
f 1522/2067/1625 1529/2062/1620 1523/2065/1623
f 1540/2068/1583 1525/2069/1626 1537/2070/1584
f 1524/2071/1627 1526/2072/1628 1519/2073/1629
f 1524/2061/1619 1518/2066/1624 1523/2065/1623
f 1720/2074/1630 1522/2067/1625 1517/2064/1622
f 1530/2075/1631 1532/2076/1632 1529/2062/1620
f 1719/2077/1633 1530/2075/1631 1522/2067/1625
f 1753/2078/1634 1722/2079/1635 1721/2080/1636
f 1533/2081/1637 1536/2082/1638 1534/2083/1639
f 1527/2084/1567 1519/2073/1629 1526/2072/1628
f 1525/2069/1626 1534/2083/1639 1536/2082/1638
f 1562/2006/1569 1498/2085/1605 1539/2031/1592
f 1588/2086/1640 1514/2087/1613 1521/2059/1641
f 1521/2059/1641 1513/2088/1616 1520/2060/1642
f 1492/2025/1588 1503/2089/1589 1507/2035/1595
f 1540/2068/1583 1527/2084/1567 1526/2072/1628
f 1533/2090/1643 1529/2062/1620 1532/2076/1632
f 1496/2014/1577 1497/2022/1585 1498/2047/1605
f 1501/2007/1570 1503/2028/1589 1502/2023/1586
f 1543/2091/1644 1532/2076/1632 1531/2092/1645
f 1538/2093/1593 1525/2069/1626 1536/2082/1638
f 1548/2094/1646 1544/2095/1647 1547/2096/1648
f 1756/2097/1649 1721/2080/1636 1724/2098/1650
f 1543/2091/1644 1547/2096/1648 1544/2095/1647
f 1714/2099/1651 1553/2050/1608 1552/2100/1652
f 1752/2101/1653 1719/2102/1654 1720/2103/1655
f 1548/2104/1656 1550/2105/1657 1545/2106/1658
f 1716/2107/1659 1546/2108/1660 1543/2091/1644
f 1545/2109/1661 1532/2076/1632 1544/2095/1647
f 1552/2100/1652 1554/2110/1662 1551/2111/1663
f 1715/2112/1664 1552/2100/1652 1546/2108/1660
f 1751/2113/1665 1718/2114/1666 1719/2102/1654
f 1555/2115/1667 1558/2116/1668 1556/2117/1669
f 1535/2118/1670 1545/2106/1658 1550/2105/1657
f 1549/2010/1573 1556/2117/1669 1558/2116/1668
f 1582/2119/1604 1505/2030/1591 1561/2120/1671
f 1707/2121/1672 1515/2057/1615 1706/2122/1673
f 1582/2123/1604 1569/2124/1674 1579/2125/1603
f 1493/2019/1582 1510/2016/1579 1494/2009/1572
f 1535/2126/1670 1538/2093/1593 1536/2082/1638
f 1591/2127/1675 1482/1931/1519 1488/1975/1552
f 1555/2128/1676 1551/2111/1663 1554/2110/1662
f 1560/2129/1677 1549/2010/1573 1558/2116/1668
f 1568/2130/1678 1564/2131/1679 1567/2132/1680
f 1750/2133/1681 1717/2134/1682 1718/2114/1666
f 1563/2049/1607 1567/2132/1680 1564/2131/1679
f 1710/2135/1683 1573/2053/1611 1572/2136/1684
f 1748/2137/1685 1715/2112/1686 1716/2107/1687
f 1568/2138/1688 1570/2139/1689 1565/2140/1690
f 1712/2141/1691 1566/2142/1692 1563/2049/1607
f 1572/2136/1684 1574/2143/1693 1571/2144/1694
f 1711/2145/1695 1572/2136/1684 1566/2142/1692
f 1747/2146/1696 1714/2099/1697 1715/2112/1686
f 1575/2147/1698 1578/2148/1699 1576/2149/1700
f 1557/2150/1701 1565/2140/1690 1570/2139/1689
f 1569/2124/1674 1576/2149/1700 1578/2148/1699
f 1592/1977/1554 1512/2039/1599 1581/2036/1596
f 1757/2151/1702 1724/2098/1650 1725/2152/1703
f 1546/2108/1660 1551/2111/1663 1547/2096/1648
f 1592/2153/1554 1589/2154/1704 1591/2155/1675
f 1589/2154/1704 1521/2059/1617 1528/2156/1705
f 1557/2157/1701 1560/2129/1677 1558/2116/1668
f 1575/2158/1706 1571/2159/1694 1574/2160/1693
f 1580/2161/1598 1569/2124/1674 1578/2148/1699
f 1588/2086/1640 1584/2162/1707 1587/2163/1614
f 1746/2164/1708 1713/2048/1709 1714/2099/1697
f 1583/2165/1610 1587/2163/1614 1584/2162/1707
f 1744/2166/1710 1711/2167/1711 1712/2168/1712
f 1588/2086/1713 1590/2169/1714 1585/2170/1715
f 1708/2171/1716 1586/2054/1612 1583/2052/1610
f 1705/2172/1717 1515/2057/1615 1586/2054/1612
f 1577/2173/1718 1585/2170/1715 1590/2169/1714
f 1506/2034/1594 1503/2089/1589 1505/2174/1591
f 1561/2120/1671 1504/2029/1590 1560/2129/1677
f 1491/2018/1581 1496/2014/1577 1500/2026/1587
f 1593/2042/1601 1594/2175/1719 1595/2043/1602
f 1742/2176/1720 1709/2177/1721 1710/2178/1722
f 1577/2179/1718 1580/2161/1598 1578/2148/1699
f 1517/2064/1622 1513/2058/1616 1516/2180/1723
f 1707/2121/1672 1517/2064/1622 1516/2180/1723
f 1717/2181/1724 1543/2091/1644 1531/2092/1645
f 1566/2142/1692 1571/2144/1694 1567/2132/1680
f 1739/2182/1725 1720/2103/1655 1707/2183/1726
f 1563/2049/1607 1554/2110/1662 1553/2050/1608
f 1600/2184/1727 1593/2042/1601 1599/2185/1728
f 1749/2186/1729 1716/2107/1687 1717/2181/1682
f 1583/2052/1610 1574/2143/1693 1573/2053/1611
f 1745/2187/1730 1712/2168/1712 1713/2188/1709
f 1541/2003/1566 1589/2154/1704 1528/2156/1705
f 1628/2189/1731 1600/2184/1727 1607/2190/1732
f 1598/2191/1733 1593/2042/1601 1597/2192/1734
f 1606/2193/1735 1600/2184/1727 1599/2185/1728
f 1625/2194/1736 1594/2175/1719 1600/2184/1727
f 1596/2041/1600 1602/2195/1737 1597/2192/1734
f 1601/2196/1738 1608/2197/1739 1602/2195/1737
f 1620/2198/1740 1622/2199/1741 1621/2200/1742
f 1603/2201/1743 1605/2202/1744 1598/2191/1733
f 1603/2201/1743 1597/2192/1734 1602/2195/1737
f 1696/2203/1745 1601/2204/1738 1596/2205/1600
f 1695/2206/1746 1609/2207/1747 1601/2204/1738
f 1734/2208/1748 1686/2209/1749 1685/2210/1750
f 1611/2211/1751 1614/2212/1752 1612/2213/1753
f 1606/2193/1735 1598/2191/1733 1605/2202/1744
f 1604/2214/1754 1612/2213/1753 1614/2212/1752
f 1615/2215/1755 1616/2216/1756 1617/2217/1757
f 1679/2218/1758 1610/2219/1759 1609/2220/1747
f 1675/2221/1760 1616/2216/1756 1613/2222/1761
f 1730/2223/1762 1666/2224/1763 1665/2225/1764
f 1618/2226/1765 1621/2200/1742 1619/2227/1766
f 1633/2228/1767 1624/2229/1768 1623/2230/1769
f 1605/2202/1744 1619/2227/1766 1621/2200/1742
f 1622/2199/1741 1623/2230/1769 1624/2229/1768
f 1607/2190/1732 1622/2199/1741 1624/2229/1768
f 1723/2231/1770 1650/2232/1771 1722/2233/1772
f 1655/2234/1773 1623/2230/1769 1620/2198/1740
f 1690/2235/1774 1677/2236/1775 1682/2237/1776
f 1656/2238/1777 1620/2198/1740 1618/2226/1765
f 1726/2239/1778 1640/2240/1779 1639/2241/1780
f 1611/2211/1751 1608/2197/1739 1610/2219/1759
f 1648/2242/1781 1649/2243/1782 1654/2244/1783
f 1696/2203/1745 1595/2245/1602 1627/2246/1784
f 1618/2226/1765 1615/2215/1755 1617/2217/1757
f 1631/2247/1785 1627/2246/1786 1626/2248/1787
f 1659/2249/1788 1617/2217/1757 1616/2216/1756
f 1629/2250/1789 1634/2251/1790 1636/2252/1791
f 1603/2201/1743 1608/2197/1739 1612/2213/1753
f 1628/2253/1792 1630/2254/1793 1625/2255/1794
f 1631/2256/1785 1625/2255/1794 1630/2254/1793
f 1633/2257/1795 1636/2252/1791 1634/2251/1790
f 1725/2258/1796 1641/2259/1797 1640/2240/1779
f 1672/2260/1798 1638/2261/1799 1673/2262/1800
f 1641/2259/1797 1637/2263/1801 1640/2240/1779
f 1645/2264/1802 1637/2263/1801 1644/2265/1803
f 1638/2261/1799 1640/2240/1779 1637/2263/1801
f 1646/2266/1804 1649/2243/1782 1647/2267/1805
f 1760/2268/1806 1727/2269/1807 1728/2270/1808
f 1653/2271/1809 1649/2243/1782 1652/2272/1810
f 1641/2259/1797 1647/2267/1805 1642/2273/1811
f 1676/2274/1812 1610/2219/1759 1680/2275/1813
f 1761/2276/1814 1728/2270/1808 1729/2277/1815
f 1650/2232/1771 1652/2272/1810 1649/2243/1782
f 1721/2278/1816 1650/2232/1771 1646/2266/1804
f 1674/2279/1817 1657/2280/1818 1669/2281/1819
f 1648/2282/1781 1631/2256/1785 1630/2254/1793
f 1674/2279/1817 1638/2283/1799 1645/2284/1802
f 1628/2189/1731 1624/2229/1768 1634/2285/1820
f 1648/2242/1781 1642/2273/1811 1647/2267/1805
f 1674/2279/1817 1635/2286/1821 1658/2287/1822
f 1657/2280/1818 1660/2288/1823 1662/2289/1824
f 1656/2290/1825 1658/2287/1822 1655/2291/1826
f 1635/2286/1821 1655/2291/1826 1658/2287/1822
f 1656/2238/1777 1617/2217/1757 1660/2292/1827
f 1659/2293/1828 1662/2289/1824 1660/2288/1823
f 1729/2294/1829 1667/2295/1830 1666/2224/1763
f 1692/2296/1831 1664/2297/1832 1693/2298/1833
f 1667/2295/1830 1663/2299/1834 1666/2224/1763
f 1671/2300/1835 1663/2301/1834 1670/2302/1836
f 1664/2297/1832 1666/2224/1763 1663/2299/1834
f 1764/2303/1837 1731/2304/1838 1732/2305/1839
f 1667/2295/1830 1673/2262/1800 1668/2306/1840
f 1701/2307/1841 1652/2272/1810 1700/2308/1842
f 1765/2309/1843 1732/2305/1839 1733/2310/1844
f 1724/2311/1845 1646/2266/1804 1641/2259/1797
f 1653/2271/1809 1631/2312/1785 1654/2244/1783
f 1694/2313/1846 1664/2297/1832 1671/2314/1835
f 1699/2315/1847 1652/2272/1810 1651/2316/1848
f 1674/2279/1817 1668/2317/1840 1673/2318/1800
f 1644/2319/1803 1629/2250/1789 1636/2252/1791
f 1697/2320/1849 1627/2246/1786 1632/2321/1850
f 1694/2322/1846 1661/2323/1851 1678/2324/1852
f 1677/2236/1775 1680/2325/1853 1682/2237/1776
f 1676/2326/1854 1678/2324/1852 1675/2327/1855
f 1661/2323/1851 1675/2327/1855 1678/2324/1852
f 1605/2202/1744 1622/2199/1741 1606/2193/1735
f 1679/2328/1856 1682/2237/1776 1680/2325/1853
f 1733/2329/1857 1687/2330/1858 1686/2209/1749
f 1702/2331/1859 1684/2332/1860 1703/2333/1861
f 1687/2330/1858 1683/2334/1862 1686/2209/1749
f 1691/2335/1863 1683/2334/1862 1690/2336/1774
f 1684/2332/1860 1686/2209/1749 1683/2334/1862
f 1768/2337/1864 1735/2338/1865 1736/2339/1866
f 1687/2330/1858 1693/2298/1833 1688/2340/1867
f 1740/2341/1868 1705/2342/1869 1708/2343/1870
f 1755/2344/1871 1736/2339/1866 1723/2231/1872
f 1728/2345/1873 1672/2260/1798 1667/2295/1830
f 1727/2346/1874 1639/2241/1780 1672/2260/1798
f 1762/2347/1875 1729/2277/1815 1730/2348/1876
f 1704/2349/1877 1684/2332/1860 1691/2335/1863
f 1694/2322/1846 1677/2236/1775 1689/2350/1878
f 1694/2313/1846 1688/2340/1867 1693/2298/1833
f 1670/2302/1836 1657/2280/1818 1662/2289/1824
f 1704/2349/1877 1681/2351/1879 1698/2352/1880
f 1648/2282/1781 1629/2250/1789 1643/2353/1881
f 1696/2203/1882 1698/2354/1880 1695/2206/1883
f 1681/2355/1879 1695/2206/1883 1698/2354/1880
f 1604/2214/1754 1615/2215/1755 1619/2227/1766
f 1653/2271/1809 1697/2356/1849 1632/2357/1850
f 1737/2358/1884 1706/2359/1885 1705/2342/1869
f 1608/2197/1739 1609/2220/1747 1610/2219/1759
f 1613/2222/1761 1615/2215/1755 1614/2212/1752
f 1723/2231/1770 1699/2315/1847 1651/2316/1848
f 1699/2315/1847 1703/2333/1861 1700/2308/1842
f 1704/2349/1877 1700/2308/1842 1703/2333/1861
f 1785/2360/1886 1786/2361/1887 1787/2362/1888
f 1758/2363/1889 1725/2152/1703 1726/2364/1890
f 1732/2365/1891 1692/2296/1831 1687/2330/1858
f 1731/2366/1892 1665/2225/1764 1692/2296/1831
f 1766/2367/1893 1733/2310/1844 1734/2368/1894
f 1704/2349/1877 1697/2356/1849 1701/2307/1841
f 1736/2339/1895 1702/2331/1859 1699/2315/1847
f 1635/2369/1821 1644/2319/1803 1636/2252/1791
f 1763/2370/1896 1730/2371/1876 1731/2304/1838
f 1661/2372/1851 1670/2302/1836 1662/2289/1824
f 1767/2373/1897 1734/2208/1894 1735/2338/1865
f 1764/2303/1837 1775/2374/1898 1776/2375/1899
f 1681/2376/1879 1690/2235/1774 1682/2237/1776
f 1735/2338/1900 1685/2210/1750 1702/2331/1859
f 1746/2377/1708 1778/2378/1901 1745/2379/1730
f 1775/2374/1898 1766/2367/1893 1774/2380/1902
f 1741/2381/1903 1708/2343/1870 1709/2177/1721
f 1707/2382/1726 1738/2383/1904 1739/2384/1725
f 1592/2153/1554 1577/2173/1718 1590/2169/1714
f 1676/2274/1812 1613/2222/1761 1611/2211/1751
f 1582/2123/1604 1557/2150/1701 1570/2139/1689
f 1627/2385/1784 1594/2175/1719 1626/2386/1905
f 1568/2130/1678 1571/2144/1694 1576/2387/1906
f 1562/2006/1569 1535/2118/1670 1550/2105/1657
f 1585/2170/1907 1574/2160/1693 1584/2162/1707
f 1548/2094/1646 1551/2111/1663 1556/2388/1908
f 1718/2389/1909 1531/2092/1645 1530/2075/1631
f 1565/2390/1910 1554/2110/1662 1564/2131/1679
f 1519/2073/1911 1513/2391/1616 1518/2392/1624
f 1743/2393/1912 1710/2394/1722 1711/2167/1711
f 1755/2344/1871 1722/2233/1635 1754/2395/1913
f 1643/2396/1881 1637/2263/1801 1642/2273/1811
f 1669/2281/1819 1663/2301/1834 1668/2317/1840
f 1689/2397/1878 1683/2334/1862 1688/2340/1867
f 1759/2398/1914 1726/2399/1890 1727/2269/1807
f 1763/2370/1896 1776/2375/1899 1777/2400/1915
f 1774/2401/1902 1767/2402/1897 1773/2403/1916
f 1760/2268/1806 1779/2404/1917 1780/2405/1918
f 1759/2398/1914 1780/2405/1918 1781/2406/1919
f 1792/2407/1920 1785/2360/1886 1791/2408/1921
f 1896/2409/1922 1792/2407/1920 1799/2410/1923
f 1788/2411/1924 1785/2412/1886 1787/2413/1888
f 1772/2414/1925 1755/2415/1871 1770/2416/1926
f 1770/2416/1926 1754/2417/1913 1769/2418/1927
f 1740/2341/1868 1772/2414/1925 1737/2358/1884
f 1773/2403/1916 1768/2419/1864 1772/2414/1925
f 1752/2101/1653 1769/2420/1927 1771/2421/1928
f 1741/2381/1903 1773/2403/1916 1740/2341/1868
f 1742/2422/1720 1774/2380/1902 1741/2423/1903
f 1742/2422/1720 1776/2375/1899 1775/2374/1898
f 1743/2393/1912 1777/2400/1915 1776/2375/1899
f 1746/2377/1708 1780/2405/1918 1779/2404/1917
f 1747/2424/1696 1781/2406/1919 1780/2405/1918
f 1748/2425/1685 1782/2426/1929 1781/2406/1919
f 1749/2427/1729 1783/2428/1930 1782/2429/1929
f 1750/2133/1681 1784/2430/1931 1783/2428/1930
f 1751/2113/1665 1771/2421/1928 1784/2430/1931
f 1756/2097/1649 1783/2428/1930 1784/2430/1931
f 1737/2358/1884 1770/2416/1926 1738/2383/1904
f 1753/2078/1634 1769/2420/1927 1754/2431/1913
f 1738/2383/1904 1769/2418/1927 1739/2384/1725
f 1778/2432/1901 1763/2370/1896 1777/2400/1915
f 1745/2187/1730 1777/2400/1915 1744/2166/1710
f 1779/2404/1917 1762/2347/1875 1778/2378/1901
f 1790/2433/1932 1785/2412/1886 1789/2434/1933
f 1753/2078/1634 1784/2430/1931 1771/2421/1928
f 1845/2435/1934 1787/2362/1888 1786/2361/1887
f 1758/2436/1889 1781/2406/1919 1782/2426/1929
f 1845/2435/1934 1831/2437/1935 1846/2438/1936
f 1757/2151/1702 1782/2429/1929 1783/2428/1930
f 1866/2439/1937 1805/2440/1938 1803/2441/1939
f 1798/2442/1940 1792/2407/1920 1791/2408/1921
f 1866/2443/1937 1853/2444/1941 1863/2445/1942
f 1788/2411/1924 1794/2446/1943 1789/2434/1933
f 1793/2447/1944 1800/2448/1945 1794/2446/1943
f 1812/2449/1946 1814/2450/1947 1813/2451/1948
f 1795/2452/1949 1797/2453/1950 1790/2433/1932
f 1795/2452/1949 1789/2434/1933 1794/2446/1943
f 1844/2454/1951 1793/2447/1944 1788/2411/1924
f 1841/2455/1952 1801/2456/1953 1793/2447/1944
f 1803/2441/1939 1806/2457/1954 1804/2458/1955
f 1798/2459/1940 1790/2433/1932 1797/2453/1950
f 1796/2460/1956 1804/2458/1955 1806/2457/1954
f 1807/2461/1957 1808/2462/1958 1809/2463/1959
f 1843/2464/1960 1801/2456/1953 1842/2465/1961
f 1863/2466/1942 1808/2462/1958 1805/2440/1938
f 1810/2467/1962 1813/2451/1948 1811/2468/1963
f 1885/2469/1964 1815/2470/1965 1884/2471/1966
f 1797/2453/1950 1811/2468/1963 1813/2451/1948
f 1814/2472/1947 1815/2470/1965 1816/2473/1967
f 1844/2474/1951 1787/2362/1888 1846/2438/1936
f 1799/2410/1923 1814/2472/1947 1816/2473/1967
f 1900/2475/1968 1897/2476/1969 1899/2477/1970
f 1883/2478/1971 1815/2479/1965 1812/2480/1946
f 1886/2481/1972 1812/2480/1946 1810/2482/1962
f 1803/2441/1939 1800/2448/1945 1802/2483/1973
f 2017/2484/1974 1867/2485/1975 1857/2486/1976
f 2013/2487/1977 1887/2488/1978 1877/2489/1979
f 1890/2490/1980 1818/2491/1981 1891/2492/1982
f 1819/2493/1983 1817/2494/1984 1818/2491/1981
f 1831/2437/1935 1825/2495/1985 1824/2496/1986
f 1828/2497/1987 1833/2498/1988 1838/2499/1989
f 1821/2500/1990 1827/2501/1991 1822/2502/1992
f 1826/2503/1993 1833/2504/1988 1827/2501/1991
f 1844/2505/1951 1829/2506/1994 1841/2507/1952
f 1828/2497/1995 1830/2508/1996 1823/2509/1997
f 1828/2497/1987 1822/2510/1992 1827/2511/1991
f 2024/2512/1998 1826/2503/1993 1821/2500/1990
f 1834/2513/1999 1836/2514/2000 1833/2504/1988
f 2023/2515/2001 1834/2513/1999 1826/2503/1993
f 2057/2516/2002 2026/2517/2003 2025/2518/2004
f 1837/2519/2005 1840/2520/2006 1838/2499/2007
f 1831/2521/1935 1823/2509/1997 1830/2508/1996
f 1829/2506/1994 1838/2499/2007 1840/2520/2006
f 1866/2439/1937 1802/2483/1973 1843/2464/1960
f 1892/2522/2008 1818/2491/1981 1825/2523/2009
f 1825/2523/2009 1817/2494/1984 1824/2524/2010
f 1796/2460/1956 1807/2461/1957 1811/2468/1963
f 1844/2505/1951 1831/2521/1935 1830/2508/1996
f 1837/2525/2011 1833/2526/1988 1836/2527/2000
f 1800/2448/1945 1801/2456/1953 1802/2483/1973
f 1805/2440/1938 1807/2461/1957 1806/2457/1954
f 1847/2528/2012 1836/2527/2000 1835/2529/2013
f 1842/2530/1961 1829/2506/1994 1840/2520/2006
f 1852/2531/2014 1848/2532/2015 1851/2533/2016
f 2060/2534/2017 2025/2518/2004 2028/2535/2018
f 1847/2528/2012 1851/2533/2016 1848/2532/2015
f 2018/2536/2019 1857/2486/1976 1856/2537/2020
f 2056/2538/2021 2023/2539/2022 2024/2540/2023
f 1852/2531/2024 1854/2541/2025 1849/2542/2026
f 2020/2543/2027 1850/2544/2028 1847/2545/2012
f 1849/2542/2029 1836/2527/2000 1848/2532/2015
f 1856/2546/2020 1858/2547/2030 1855/2548/2031
f 2019/2549/2032 1856/2537/2020 1850/2544/2028
f 2055/2550/2033 2022/2551/2034 2023/2539/2022
f 1859/2552/2035 1862/2553/2036 1860/2554/2037
f 1839/2555/2038 1849/2542/2026 1854/2541/2025
f 1853/2444/1941 1860/2554/2037 1862/2553/2036
f 1886/2556/1972 1809/2463/1959 1865/2557/2039
f 2011/2558/2040 1819/2493/1983 2010/2559/2041
f 1886/2481/1972 1873/2560/2042 1883/2478/1971
f 1797/2453/1950 1814/2450/1947 1798/2459/1940
f 1839/2561/2038 1842/2530/1961 1840/2520/2006
f 1895/2562/2043 1786/2361/1887 1792/2407/1920
f 1859/2552/2044 1855/2548/2031 1858/2547/2030
f 1864/2563/2045 1853/2444/1941 1862/2553/2036
f 1872/2564/2046 1868/2565/2047 1871/2566/2048
f 2054/2567/2049 2021/2568/2050 2022/2551/2034
f 1867/2485/1975 1871/2566/2048 1868/2565/2047
f 2014/2569/2051 1877/2489/1979 1876/2570/2052
f 2052/2571/2053 2019/2572/2054 2020/2573/2055
f 1872/2574/2056 1874/2575/2057 1869/2576/2058
f 2016/2577/2059 1870/2578/2060 1867/2485/1975
f 1876/2570/2052 1878/2579/2061 1875/2580/2062
f 2015/2581/2063 1876/2570/2052 1870/2578/2060
f 2051/2582/2064 2018/2583/2065 2019/2572/2054
f 1879/2584/2066 1882/2585/2067 1880/2586/2068
f 1861/2587/2069 1869/2576/2058 1874/2575/2057
f 1873/2560/2042 1880/2586/2068 1882/2585/2067
f 1896/2409/1922 1816/2473/1967 1885/2469/1964
f 2061/2588/2070 2028/2535/2018 2029/2589/2071
f 1850/2590/2028 1855/2548/2031 1851/2533/2016
f 1896/2409/1922 1893/2591/2072 1895/2562/2043
f 1893/2591/2072 1825/2495/1985 1832/2592/2073
f 1861/2593/2069 1864/2563/2045 1862/2553/2036
f 1879/2594/2074 1875/2580/2062 1878/2579/2061
f 1884/2595/1966 1873/2560/2042 1882/2585/2067
f 1892/2522/2008 1888/2596/2075 1891/2492/1982
f 2050/2597/2076 2017/2598/2077 2018/2583/2065
f 1887/2488/1978 1891/2492/1982 1888/2596/2075
f 2048/2599/2078 2015/2600/2079 2016/2601/2080
f 1892/2602/2081 1894/2603/2082 1889/2604/2083
f 2012/2605/2084 1890/2490/1980 1887/2488/1978
f 2009/2606/2085 1819/2493/1983 1890/2490/1980
f 1881/2607/2086 1889/2604/2083 1894/2603/2082
f 1810/2467/1962 1807/2461/1957 1809/2463/1959
f 1865/2557/2039 1808/2462/1958 1864/2608/2045
f 1795/2452/1949 1800/2448/1945 1804/2458/1955
f 1897/2476/1969 1898/2609/2087 1899/2477/1970
f 2046/2610/2088 2013/2487/2089 2014/2569/2090
f 1881/2611/2086 1884/2595/1966 1882/2585/2067
f 1821/2500/1990 1817/2494/1984 1820/2612/2091
f 2011/2558/2040 1821/2500/1990 1820/2612/2091
f 2021/2613/2092 1847/2545/2012 1835/2614/2013
f 1870/2578/2060 1875/2580/2062 1871/2566/2048
f 2043/2615/2093 2024/2540/2023 2011/2616/2094
f 1867/2485/1975 1858/2617/2030 1857/2486/1976
f 1904/2618/2095 1897/2476/1969 1903/2619/2096
f 2053/2620/2097 2020/2573/2055 2021/2621/2050
f 1887/2488/1978 1878/2579/2061 1877/2489/1979
f 2049/2622/2098 2016/2601/2080 2017/2623/2077
f 1845/2435/1934 1893/2591/2072 1832/2592/2073
f 1932/2624/2099 1904/2618/2095 1911/2625/2100
f 1902/2626/2101 1897/2476/1969 1901/2627/2102
f 1910/2628/2103 1904/2618/2095 1903/2619/2096
f 1929/2629/2104 1898/2609/2087 1904/2618/2095
f 1900/2475/1968 1906/2630/2105 1901/2627/2102
f 1905/2631/2106 1912/2632/2107 1906/2630/2105
f 1924/2633/2108 1926/2634/2109 1925/2635/2110
f 1907/2636/2111 1909/2637/2112 1902/2626/2101
f 1907/2636/2111 1901/2627/2102 1906/2630/2105
f 2000/2638/2113 1905/2631/2106 1900/2475/1968
f 1999/2639/2114 1913/2640/2115 1905/2631/2106
f 2038/2641/2116 1990/2642/2117 1989/2643/2118
f 1915/2644/2119 1918/2645/2120 1916/2646/2121
f 1910/2628/2103 1902/2626/2101 1909/2637/2112
f 1908/2647/2122 1916/2646/2121 1918/2645/2120
f 1919/2648/2123 1920/2649/2124 1921/2650/2125
f 1983/2651/2126 1914/2652/2127 1913/2640/2115
f 1979/2653/2128 1920/2649/2124 1917/2654/2129
f 2034/2655/2130 1970/2656/2131 1969/2657/2132
f 1922/2658/2133 1925/2635/2110 1923/2659/2134
f 1937/2660/2135 1928/2661/2136 1927/2662/2137
f 1909/2637/2112 1923/2659/2134 1925/2635/2110
f 1926/2634/2109 1927/2663/2137 1928/2664/2136
f 1911/2625/2100 1926/2634/2109 1928/2664/2136
f 2027/2665/2138 1954/2666/2139 2026/2667/2140
f 1959/2668/2141 1927/2662/2137 1924/2669/2108
f 1994/2670/2142 1981/2671/2143 1986/2672/2144
f 1960/2673/2145 1924/2669/2108 1922/2674/2133
f 2030/2675/2146 1944/2676/2147 1943/2677/2148
f 1915/2644/2119 1912/2632/2107 1914/2652/2127
f 1952/2678/2149 1953/2679/2150 1958/2680/2151
f 2000/2638/2113 1899/2477/1970 1931/2681/2152
f 1922/2658/2133 1919/2648/2123 1921/2650/2125
f 1935/2682/2153 1931/2683/2154 1930/2684/2155
f 1963/2685/2156 1921/2686/2125 1920/2687/2124
f 1933/2688/2157 1938/2689/2158 1940/2690/2159
f 1907/2636/2111 1912/2632/2107 1916/2646/2121
f 1932/2691/2160 1934/2692/2161 1929/2693/2162
f 1935/2682/2153 1929/2693/2162 1934/2692/2161
f 1937/2694/2163 1940/2690/2159 1938/2689/2158
f 2029/2695/2164 1945/2696/2165 1944/2676/2147
f 1976/2697/2166 1942/2698/2167 1977/2699/2168
f 1945/2696/2165 1941/2700/2169 1944/2676/2147
f 1949/2701/2170 1941/2700/2169 1948/2702/2171
f 1942/2698/2167 1944/2676/2147 1941/2700/2169
f 1950/2703/2172 1953/2679/2150 1951/2704/2173
f 2064/2705/2174 2031/2706/2175 2032/2707/2176
f 1957/2708/2177 1953/2709/2150 1956/2710/2178
f 1945/2696/2165 1951/2704/2173 1946/2711/2179
f 1980/2712/2180 1914/2652/2127 1984/2713/2181
f 2065/2714/2182 2032/2707/2176 2033/2715/2183
f 1954/2666/2139 1956/2716/2178 1953/2679/2150
f 2025/2717/2184 1954/2666/2139 1950/2703/2172
f 1978/2718/2185 1961/2719/2186 1973/2720/2187
f 1952/2721/2149 1935/2682/2153 1934/2692/2161
f 1978/2718/2185 1942/2698/2167 1949/2701/2170
f 1932/2624/2099 1928/2664/2136 1938/2722/2188
f 1952/2678/2149 1946/2711/2179 1951/2704/2173
f 1978/2718/2185 1939/2723/2189 1962/2724/2190
f 1961/2725/2186 1964/2726/2191 1966/2727/2192
f 1960/2673/2193 1962/2728/2190 1959/2668/2194
f 1939/2729/2189 1959/2668/2194 1962/2728/2190
f 1960/2673/2145 1921/2686/2125 1964/2726/2195
f 1963/2685/2196 1966/2727/2192 1964/2726/2191
f 2033/2715/2197 1971/2730/2198 1970/2656/2131
f 1996/2731/2199 1968/2732/2200 1997/2733/2201
f 1971/2730/2198 1967/2734/2202 1970/2656/2131
f 1975/2735/2203 1967/2734/2202 1974/2736/2204
f 1968/2732/2200 1970/2656/2131 1967/2734/2202
f 2068/2737/2205 2035/2738/2206 2036/2739/2207
f 1971/2730/2198 1977/2699/2168 1972/2740/2208
f 2005/2741/2209 1956/2710/2178 2004/2742/2210
f 2069/2743/2211 2036/2739/2207 2037/2744/2212
f 2028/2745/2213 1950/2703/2172 1945/2696/2165
f 1957/2708/2177 1935/2746/2153 1958/2747/2151
f 1998/2748/2214 1968/2732/2200 1975/2735/2203
f 2003/2749/2215 1956/2716/2178 1955/2750/2216
f 1978/2718/2185 1972/2740/2208 1977/2699/2168
f 1948/2751/2171 1933/2688/2157 1940/2690/2159
f 2001/2752/2217 1931/2753/2154 1936/2754/2218
f 1998/2755/2214 1965/2756/2219 1982/2757/2220
f 1981/2671/2143 1984/2758/2221 1986/2672/2144
f 1980/2759/2222 1982/2757/2220 1979/2760/2223
f 1965/2756/2219 1979/2760/2223 1982/2757/2220
f 1909/2637/2112 1926/2634/2109 1910/2628/2103
f 1983/2761/2224 1986/2672/2144 1984/2758/2221
f 2037/2762/2225 1991/2763/2226 1990/2642/2117
f 2006/2764/2227 1988/2765/2228 2007/2766/2229
f 1991/2763/2226 1987/2767/2230 1990/2642/2117
f 1995/2768/2231 1987/2769/2230 1994/2770/2142
f 1988/2765/2228 1990/2642/2117 1987/2767/2230
f 2072/2771/2232 2039/2772/2233 2040/2773/2234
f 1991/2763/2226 1997/2733/2201 1992/2774/2235
f 2044/2775/2236 2009/2606/2237 2012/2605/2238
f 2059/2776/2239 2040/2773/2234 2027/2777/2240
f 2032/2707/2241 1976/2697/2166 1971/2730/2198
f 2031/2706/2242 1943/2677/2148 1976/2697/2166
f 2066/2778/2243 2033/2715/2183 2034/2655/2244
f 2008/2779/2245 1988/2780/2228 1995/2768/2231
f 1998/2755/2214 1981/2671/2143 1993/2781/2246
f 1998/2748/2214 1992/2774/2235 1997/2733/2201
f 1974/2782/2204 1961/2725/2186 1966/2727/2192
f 2008/2779/2245 1985/2783/2247 2002/2784/2248
f 1952/2721/2149 1933/2688/2157 1947/2785/2249
f 2000/2786/2250 2002/2784/2248 1999/2787/2251
f 1985/2783/2247 1999/2787/2251 2002/2784/2248
f 1908/2647/2122 1919/2648/2123 1923/2659/2134
f 1957/2708/2177 2001/2752/2217 1936/2754/2218
f 2041/2788/2252 2010/2559/2253 2009/2606/2237
f 1912/2632/2107 1913/2640/2115 1914/2652/2127
f 1917/2654/2129 1919/2648/2123 1918/2645/2120
f 2027/2665/2138 2003/2749/2215 1955/2750/2216
f 2003/2749/2215 2007/2766/2229 2004/2789/2210
f 2008/2779/2245 2004/2742/2210 2007/2790/2229
f 2062/2791/2254 2029/2695/2071 2030/2675/2255
f 2036/2792/2256 1996/2731/2199 1991/2763/2226
f 2035/2793/2257 1969/2657/2132 1996/2731/2199
f 2070/2794/2258 2037/2744/2212 2038/2795/2259
f 2008/2779/2245 2001/2752/2217 2005/2741/2209
f 2040/2796/2260 2006/2764/2227 2003/2749/2215
f 1939/2797/2189 1948/2751/2171 1940/2690/2159
f 2067/2798/2261 2034/2799/2244 2035/2738/2206
f 1965/2756/2219 1974/2800/2204 1966/2801/2192
f 2071/2802/2262 2038/2803/2259 2039/2772/2233
f 2068/2737/2205 2079/2804/2263 2080/2805/2264
f 1985/2806/2247 1994/2670/2142 1986/2672/2144
f 2039/2807/2265 1989/2643/2118 2006/2764/2227
f 2050/2597/2076 2082/2808/2266 2049/2809/2098
f 2079/2804/2263 2070/2794/2258 2078/2810/2267
f 2045/2811/2268 2012/2605/2238 2013/2487/2089
f 2011/2558/2094 2042/2812/2269 2043/2813/2093
f 1896/2409/1922 1881/2607/2086 1894/2603/2082
f 1980/2712/2180 1917/2654/2129 1915/2644/2119
f 1886/2481/1972 1861/2587/2069 1874/2575/2057
f 1931/2681/2152 1898/2609/2087 1930/2814/2270
f 1872/2564/2046 1875/2580/2062 1880/2815/2271
f 1866/2443/1937 1839/2555/2038 1854/2541/2025
f 1889/2816/2272 1878/2579/2061 1888/2596/2075
f 1852/2531/2014 1855/2548/2031 1860/2554/2273
f 2022/2817/2274 1835/2614/2013 1834/2513/1999
f 1869/2818/2275 1858/2547/2030 1868/2819/2047
f 1823/2820/2276 1817/2494/1984 1822/2502/1992
f 2047/2821/2277 2014/2822/2090 2015/2600/2079
f 2059/2776/2239 2026/2823/2003 2058/2824/2278
f 1947/2825/2249 1941/2700/2169 1946/2711/2179
f 1973/2720/2187 1967/2734/2202 1972/2740/2208
f 1993/2826/2246 1987/2767/2230 1992/2774/2235
f 2063/2827/2279 2030/2675/2255 2031/2706/2175
f 2067/2798/2261 2080/2805/2264 2081/2828/2280
f 2078/2829/2267 2071/2802/2262 2077/2830/2281
f 2064/2831/2174 2083/2832/2282 2084/2833/2283
f 2063/2834/2279 2084/2833/2283 2085/2835/2284
f 2076/2836/2285 2059/2776/2239 2074/2837/2286
f 2074/2837/2286 2058/2824/2278 2073/2838/2287
f 2044/2839/2236 2076/2836/2285 2041/2840/2252
f 2077/2830/2281 2072/2771/2232 2076/2836/2285
f 2056/2538/2021 2073/2841/2287 2075/2842/2288
f 2045/2843/2268 2077/2830/2281 2044/2839/2236
f 2046/2844/2088 2078/2810/2267 2045/2845/2268
f 2046/2844/2088 2080/2805/2264 2079/2804/2263
f 2047/2821/2277 2081/2828/2280 2080/2805/2264
f 2050/2597/2076 2084/2833/2283 2083/2832/2282
f 2051/2582/2064 2085/2835/2284 2084/2833/2283
f 2052/2571/2053 2086/2846/2289 2085/2835/2284
f 2053/2847/2097 2087/2848/2290 2086/2849/2289
f 2054/2567/2049 2088/2850/2291 2087/2848/2290
f 2055/2550/2033 2075/2842/2288 2088/2850/2291
f 984/1276/964 880/1117/822 887/1158/859
f 2060/2534/2017 2087/2848/2290 2088/2850/2291
f 2041/2840/2252 2074/2837/2286 2042/2851/2269
f 2057/2516/2002 2073/2841/2287 2058/2852/2278
f 2042/2851/2269 2073/2838/2287 2043/2853/2093
f 2082/2854/2266 2067/2798/2261 2081/2828/2280
f 2049/2622/2098 2081/2828/2280 2048/2599/2078
f 2083/2832/2282 2066/2855/2243 2082/2808/2266
f 876/1122/827 873/2856/2292 875/1156/857
f 2057/2516/2002 2088/2850/2291 2075/2842/2288
f 873/2856/2292 874/1249/937 875/1156/857
f 2062/2857/2254 2085/2835/2284 2086/2846/2289
f 933/2858/994 875/1156/857 874/1249/937
f 2061/2588/2070 2086/2849/2289 2087/2848/2290
f 880/1117/822 873/2856/2292 879/1118/823
f 933/2859/994 919/1177/877 934/2860/858
f 878/1132/837 873/2856/2292 877/1124/829
f 954/1119/824 893/1149/850 891/1136/841
f 2090/2861/2293 2092/2862/2294 2089/2863/2295
f 2187/2864/2296 2103/2865/2297 2191/2866/2298
f 2094/2867/2299 2099/2868/2300 2098/2869/2301
f 2101/2870/2302 2105/2871/2303 2104/2872/2304
f 2190/2873/2305 2109/2874/2306 2193/2875/2307
f 2107/2876/2308 2111/2877/2309 2110/2878/2310
f 2192/2879/2311 2112/2880/2312 2194/2881/2313
f 2117/2882/2314 2099/2883/2300 2116/2884/2315
f 2091/2885/2316 2114/2886/2317 2092/2862/2294
f 2272/2887/2318 2133/2888/2319 2271/2889/2320
f 2123/2890/2321 2116/2891/2315 2115/2892/2322
f 2093/2893/2323 2116/2891/2315 2099/2868/2300
f 2189/2894/2324 2112/2895/2312 2097/2896/2325
f 2100/2897/2326 2118/2898/2327 2105/2871/2303
f 2937/2899/2328 2122/2900/2329 2121/2901/2330
f 2106/2902/2331 2120/2903/2332 2111/2877/2309
f 2125/2904/2333 2116/2905/2315 2124/2906/2334
f 2113/2907/2335 2122/2900/2329 2114/2886/2317
f 2122/2900/2329 2937/2899/2328 2131/2908/2336
f 2119/2909/2337 2128/2910/2338 2120/2903/2332
f 2132/2911/2339 2122/2900/2329 2131/2908/2336
f 2274/2912/2340 2130/2913/2341 2257/2914/2342
f 2143/2915/2343 2278/2916/2344 2279/2917/2345
f 2196/2918/2346 2945/2919/2347 2197/2920/2348
f 2938/2921/2349 2123/2890/2321 2132/2911/2339
f 2129/2922/2350 2128/2923/2338 2140/2924/2351
f 2130/2913/2341 2142/2925/2352 2131/2908/2336
f 2133/2888/2319 2145/2926/2353 2134/2927/2354
f 2138/2928/2355 2126/2929/2356 2137/2930/2357
f 2136/2931/2358 2148/2932/2359 2137/2930/2357
f 2174/2933/2360 2943/2934/2361 2168/2935/2362
f 2277/2936/2363 2142/2937/2352 2141/2938/2364
f 2214/2939/2365 2174/2940/2360 2215/2941/2366
f 2154/2942/2367 2156/2943/2368 2153/2944/2369
f 2289/2945/2370 2161/2946/2371 2285/2947/2372
f 2168/2948/2362 2163/2949/2373 2167/2950/2374
f 2164/2951/2375 2942/2952/2376 2163/2949/2373
f 2295/2953/2377 2176/2954/2378 2288/2955/2379
f 2176/2956/2378 2173/2957/2380 2175/2958/2381
f 2943/2934/2361 2173/2957/2380 2169/2959/2382
f 2313/2960/2383 2191/2866/2298 2317/2961/2384
f 2181/2962/2385 2183/2963/2386 2180/2964/2387
f 2186/2965/2388 2185/2966/2389 2946/2967/2390
f 2127/2968/2391 2940/2969/2392 2128/2910/2338
f 2138/2928/2355 2940/2969/2392 2127/2968/2391
f 2196/2918/2346 2198/2970/2393 2195/2971/2394
f 2203/2972/2395 2204/2973/2396 2209/2974/2397
f 2202/2975/2398 2205/2976/2399 2204/2973/2396
f 2207/2977/2400 2211/2978/2401 2210/2979/2402
f 2176/2956/2378 2184/2980/2403 2264/2981/2404
f 2942/2982/2376 2165/2983/2405 2166/2984/2406
f 2248/2985/2407 2214/2986/2408 2213/2987/2409
f 2217/2988/2410 2219/2989/2411 2216/2990/2412
f 2251/2991/2413 2244/2992/2414 2250/2993/2415
f 2158/2994/2416 2157/2995/2417 2945/2919/2347
f 2946/2967/2390 2214/2939/2365 2226/2996/2418
f 2166/2984/2406 2209/2974/2397 2167/2997/2374
f 2168/2998/2362 2215/2941/2366 2174/2940/2360
f 2225/2999/2419 2945/2919/2347 2157/2995/2417
f 2944/3000/2420 2184/3001/2403 2185/2966/2389
f 2229/3002/2421 2231/3003/2422 2228/3004/2423
f 2165/2983/2405 2942/2982/2376 2164/3005/2375
f 2235/3006/2424 2237/3007/2425 2234/3008/2426
f 2226/3009/2427 2244/2992/2414 2247/3010/2428
f 2942/3011/2376 2166/3012/2406 2167/3013/2374
f 2241/3014/2429 2243/3015/2430 2240/3016/2431
f 2139/3017/2432 2940/2969/2392 2138/2928/2355
f 2227/3018/2433 2240/3016/2431 2225/3019/2419
f 2245/3020/2434 2247/3010/2428 2244/2992/2414
f 2273/3021/2435 2136/2931/2358 2256/3022/2436
f 2937/2899/2328 2129/3023/2350 2130/2913/2341
f 2253/3024/2437 2255/3025/2438 2252/3026/2439
f 2160/3027/2440 2165/2983/2405 2262/3028/2441
f 2229/3002/2421 2252/3026/2439 2230/3029/2442
f 2108/3030/2443 2110/2878/2310 2112/2880/2312
f 2192/2879/2311 2109/2874/2306 2108/3030/2443
f 2102/3031/2444 2104/2872/2304 2109/2874/2306
f 2095/3032/2445 2089/2863/2295 2094/2867/2299
f 2123/2890/2321 2114/2886/2317 2122/2900/2329
f 2097/2896/2325 2110/3033/2310 2090/3034/2293
f 2091/3035/2316 2110/3033/2310 2111/3036/2309
f 2127/2968/2391 2118/2898/2327 2126/2929/2356
f 2102/3037/2444 2098/3038/2301 2101/3039/2302
f 2293/3040/2446 2148/3041/2359 2147/3042/2447
f 2121/3043/2330 2120/3044/2332 2128/2923/2338
f 2937/3045/2328 2121/3043/2330 2129/2922/2350
f 2938/3046/2349 2133/3047/2319 2134/3048/2354
f 2313/2960/2383 2188/3049/2448 2187/2864/2296
f 2140/2924/2351 2940/3050/2392 2139/3051/2432
f 2292/3052/2449 2263/3053/2450 2275/3054/2451
f 2152/3055/2452 2140/2924/2351 2151/3056/2453
f 2146/3057/2454 2134/3048/2354 2145/3058/2353
f 2135/3059/2455 2124/2906/2334 2134/3048/2354
f 2126/2929/2356 2939/3060/2456 2137/2930/2357
f 2182/3061/2457 2151/3056/2453 2150/3062/2458
f 2143/3063/2343 2131/2908/2336 2142/2925/2352
f 2152/3064/2452 2130/2913/2341 2129/3023/2350
f 2170/3065/2459 2163/2949/2373 2169/3066/2382
f 2160/3027/2440 2153/2944/2369 2159/3067/2460
f 2276/3068/2461 2164/3005/2375 2172/3069/2462
f 2941/3070/2463 2156/2943/2368 2157/2995/2417
f 2170/3071/2459 2173/2957/2380 2179/3072/2464
f 2246/3073/2465 2266/3074/2466 2242/3075/2467
f 2239/3076/2468 2234/3008/2426 2238/3077/2469
f 2208/3078/2470 2204/3079/2396 2207/2977/2400
f 2186/2965/2388 2946/2967/2390 2227/3018/2433
f 2222/3080/2471 2259/3081/2472 2223/3082/2473
f 2203/2972/2395 2158/2994/2416 2196/2918/2346
f 2224/3083/2474 2216/2990/2412 2223/3084/2473
f 2225/3085/2419 2186/3086/2388 2227/3087/2433
f 2943/3088/2361 2174/2940/2360 2175/3089/2381
f 2159/3067/2460 2941/3070/2463 2158/2994/2416
f 2296/3090/2475 2262/3028/2441 2261/3091/2476
f 2230/3029/2442 2212/3092/2477 2231/3003/2422
f 2220/3093/2478 2245/3020/2434 2251/2991/2413
f 2197/3094/2348 2240/3016/2431 2238/3095/2469
f 2239/3096/2468 2240/3016/2431 2243/3015/2430
f 2249/3097/2479 2252/3026/2439 2250/3098/2480
f 2251/3099/2481 2252/3026/2439 2255/3025/2438
f 2318/3100/2482 2194/2881/2313 2320/3101/2483
f 2100/3102/2326 2098/3038/2301 2099/2883/2300
f 2190/3103/2305 2103/3104/2297 2102/3037/2444
f 2108/3030/2443 2104/2872/2304 2107/2876/2308
f 2113/3105/2335 2111/3106/2309 2120/3044/2332
f 2106/2902/2331 2104/2872/2304 2105/2871/2303
f 2119/2909/2337 2105/2871/2303 2118/2898/2327
f 2938/2921/2349 2124/3107/2334 2123/2890/2321
f 2939/3060/2456 2126/2929/2356 2125/3108/2333
f 2162/3109/2484 2153/2944/2369 2161/3110/2371
f 2131/2908/2336 2937/2899/2328 2130/2913/2341
f 2939/3060/2456 2125/3108/2333 2135/3111/2455
f 2283/3112/2485 2160/3113/2440 2262/3114/2441
f 2137/2930/2357 2939/3060/2456 2136/2931/2358
f 2178/3115/2486 2256/3022/2436 2179/3072/2464
f 2150/3062/2458 2140/2924/2351 2139/3051/2432
f 2124/2906/2334 2938/3046/2349 2134/3048/2354
f 2261/3091/2476 2165/2983/2405 2164/3005/2375
f 2249/3116/2487 2213/2987/2409 2212/3117/2488
f 2232/3118/2489 2228/3004/2423 2231/3003/2422
f 2288/2955/2379 2264/3119/2404 2287/3120/2490
f 2323/3121/2491 2314/3122/2492 2322/3123/2493
f 2316/3124/2494 2191/3125/2298 2190/3103/2305
f 2315/3126/2495 2194/3127/2313 2189/2894/2324
f 2326/3128/2496 2319/3129/2497 2318/3100/2482
f 2242/3075/2467 2265/3130/2498 2243/3015/2430
f 2208/3078/2470 2210/2979/2402 2215/3131/2366
f 2286/3132/2499 2264/3119/2404 2263/3133/2450
f 2232/3118/2489 2205/3134/2500 2233/3135/2501
f 2205/3134/2500 2201/3136/2502 2233/3135/2501
f 2217/3137/2410 2265/3130/2498 2266/3074/2466
f 2236/3138/2503 2268/3139/2504 2254/3140/2505
f 2199/3141/2506 2228/3004/2423 2200/3142/2507
f 2268/3139/2504 2221/3143/2508 2267/3144/2509
f 2299/3145/2510 2147/3042/2447 2273/3146/2435
f 2239/3096/2468 2265/3130/2498 2260/3147/2511
f 2251/3099/2481 2267/3144/2509 2220/3148/2512
f 2221/3143/2508 2220/3148/2512 2267/3144/2509
f 2162/3109/2484 2257/2914/2342 2154/2942/2367
f 2254/3140/2505 2267/3144/2509 2255/3025/2438
f 2206/3149/2513 2204/3079/2396 2205/3150/2399
f 2263/3151/2450 2184/2980/2403 2183/3152/2386
f 2246/3153/2514 2219/3154/2515 2218/3155/2516
f 2222/3156/2471 2216/2990/2412 2221/3157/2517
f 2208/3078/2470 2167/2950/2374 2209/3158/2397
f 2226/2996/2418 2241/3014/2429 2227/3018/2433
f 2159/3067/2460 2166/2984/2406 2165/2983/2405
f 2276/3068/2461 2144/3159/2518 2272/2887/2318
f 2197/3094/2348 2945/3160/2347 2225/3019/2419
f 2227/3018/2433 2946/2967/2390 2226/2996/2418
f 2268/3139/2504 2258/3161/2519 2222/3162/2520
f 2939/3060/2456 2135/3111/2455 2136/2931/2358
f 2201/3136/2502 2228/3004/2423 2233/3135/2501
f 2184/3001/2403 2174/2940/2360 2185/2966/2389
f 2220/3163/2521 2216/2990/2412 2219/2989/2411
f 2224/3164/2474 2260/3165/2511 2265/3166/2498
f 2266/3074/2466 2218/3167/2522 2217/3137/2410
f 2158/2994/2416 2945/2919/2347 2196/2918/2346
f 2275/3168/2451 2150/3169/2458 2270/3170/2523
f 2199/3171/2524 2234/3008/2426 2237/3007/2425
f 2212/3117/2488 2210/3172/2525 2211/3173/2526
f 2199/3141/2506 2253/3024/2437 2229/3002/2421
f 2211/3174/2527 2231/3003/2422 2212/3092/2477
f 2282/3175/2528 2149/3176/2529 2281/3177/2530
f 2249/3116/2487 2244/2992/2414 2248/2985/2407
f 2197/2920/2348 2234/3008/2426 2198/2970/2393
f 2247/3178/2531 2242/3075/2467 2241/3014/2429
f 2237/3179/2532 2254/3140/2505 2253/3024/2437
f 2941/3070/2463 2153/2944/2369 2156/2943/2368
f 2290/3180/2533 2269/3181/2534 2282/3182/2528
f 2290/3180/2533 2275/3054/2451 2270/3183/2523
f 2298/3184/2535 2271/2889/2320 2294/3185/2536
f 2236/3186/2537 2259/3081/2472 2258/3187/2538
f 2260/3188/2511 2235/3006/2424 2239/3076/2468
f 2128/2923/2338 2940/3050/2392 2140/2924/2351
f 2256/3022/2436 2135/3111/2455 2146/3189/2454
f 2280/3190/2539 2149/3191/2529 2148/3192/2359
f 2149/3176/2529 2139/3017/2432 2138/2928/2355
f 2285/2947/2372 2160/3193/2440 2284/3194/2540
f 2095/3032/2445 2098/2869/2301 2103/2865/2297
f 2214/2986/2408 2210/3172/2525 2213/2987/2409
f 2172/3195/2462 2163/2949/2373 2171/3196/2541
f 2173/2957/2380 2943/2934/2361 2175/2958/2381
f 2324/3197/2542 2317/3198/2384 2316/3124/2494
f 2152/3064/2452 2154/2942/2367 2257/2914/2342
f 2271/3199/2320 2279/2917/2345 2294/3200/2536
f 2144/3159/2518 2171/3201/2541 2145/2926/2353
f 2143/3063/2343 2133/2888/2319 2132/2911/2339
f 2146/3189/2454 2179/3072/2464 2256/3022/2436
f 2155/3202/2543 2151/3056/2453 2181/2962/2385
f 2184/2980/2403 2944/3203/2420 2183/3152/2386
f 2155/3202/2543 2180/2964/2387 2156/3204/2368
f 2260/3188/2511 2223/3082/2473 2259/3081/2472
f 2133/2888/2319 2938/2921/2349 2132/2911/2339
f 2180/2964/2387 2944/3205/2420 2186/3086/2388
f 2170/3065/2459 2145/3058/2353 2171/3196/2541
f 2290/3180/2533 2310/3206/2544 2311/3207/2545
f 2289/2945/2370 2311/3207/2545 2291/3208/2546
f 2326/3128/2496 2320/3101/2483 2328/3209/2547
f 2290/3180/2533 2312/3210/2548 2292/3052/2449
f 2946/2967/2390 2185/2966/2389 2214/2939/2365
f 2178/3115/2486 2173/2957/2380 2177/3211/2549
f 2270/3170/2523 2139/3017/2432 2269/3212/2534
f 2300/3213/2550 2261/3214/2476 2276/3215/2461
f 2149/3176/2529 2137/2930/2357 2148/2932/2359
f 2298/3216/2535 2276/3215/2461 2272/3217/2318
f 2282/3218/2528 2309/3219/2551 2310/3220/2544
f 2153/2944/2369 2941/3070/2463 2159/3067/2460
f 2944/3205/2420 2180/2964/2387 2183/2963/2386
f 2321/3221/2552 2317/2961/2384 2325/3222/2553
f 2308/3223/2554 2293/3224/2446 2307/3225/2555
f 2291/3208/2546 2141/3226/2364 2274/3227/2340
f 2307/3228/2555 2298/3216/2535 2294/3229/2536
f 2302/3230/2556 2287/3120/2490 2301/3231/2557
f 2295/3232/2377 2302/3233/2556 2304/3234/2558
f 2283/3235/2485 2304/3234/2558 2302/3233/2556
f 2307/3228/2555 2299/3145/2510 2306/3236/2559
f 2278/2916/2344 2308/3223/2554 2279/2917/2345
f 2300/3213/2550 2306/3236/2559 2305/3237/2560
f 2278/2916/2344 2310/3220/2544 2309/3219/2551
f 2291/3208/2546 2310/3206/2544 2277/3238/2363
f 2289/2945/2370 2303/3239/2561 2312/3210/2548
f 2321/3221/2552 2314/3122/2492 2313/2960/2383
f 2305/3237/2560 2295/3232/2377 2304/3234/2558
f 2285/2947/2372 2301/3240/2557 2303/3239/2561
f 2286/3241/2499 2301/3240/2557 2287/3242/2490
f 2279/2917/2345 2307/3225/2555 2294/3200/2536
f 2297/3243/2562 2306/3236/2559 2299/3145/2510
f 2300/3213/2550 2304/3234/2558 2296/3244/2475
f 2340/3245/2563 2336/3246/2564 2331/3247/2565
f 2286/3241/2499 2312/3210/2548 2303/3239/2561
f 2315/3126/2495 2188/3248/2448 2314/3249/2492
f 2283/3112/2485 2301/3231/2557 2284/3250/2540
f 2318/3100/2482 2193/2875/2307 2192/2879/2311
f 2163/2949/2373 2942/2952/2376 2167/2950/2374
f 2275/3168/2451 2183/3152/2386 2182/3251/2457
f 2189/2894/2324 2096/3252/2566 2188/3248/2448
f 2157/3253/2417 2180/2964/2387 2186/3086/2388
f 2289/2945/2370 2274/3227/2340 2162/3254/2484
f 2943/2934/2361 2169/2959/2382 2168/2935/2362
f 2297/3243/2562 2177/3255/2549 2295/3232/2377
f 2297/3243/2562 2273/3146/2435 2178/3256/2486
f 2309/3219/2551 2280/3190/2539 2308/3223/2554
f 2324/3257/2542 2319/3129/2497 2327/3258/2567
f 2316/3259/2494 2193/2875/2307 2319/3129/2497
f 2201/3260/2568 2195/2971/2394 2200/3261/2569
f 2232/3118/2489 2211/3174/2527 2206/3262/2570
f 2329/3263/2571 2322/3123/2493 2321/3221/2552
f 2337/3264/2572 2330/3265/2573 2329/3263/2571
f 2329/3263/2571 2325/3222/2553 2333/3266/2574
f 2332/3267/2575 2327/3258/2567 2335/3268/2576
f 2947/3269/2577 2330/3265/2573 2338/3270/2578
f 2406/3271/2579 2376/3272/2580 2375/3273/2581
f 2380/3274/2582 2353/3275/2583 2372/3276/2584
f 2330/3265/2573 2947/3269/2577 2331/3277/2565
f 2412/3278/2585 2956/3279/2586 2427/3280/2587
f 2948/3281/2588 2333/3282/2574 2342/3283/2589
f 2352/3284/2590 2342/3283/2589 2341/3285/2591
f 2490/3286/2592 2475/3287/2593 2492/3288/2594
f 2399/3289/2595 2395/3290/2596 2398/3291/2597
f 2474/3292/2598 2339/3293/2599 2351/3294/2600
f 2477/3295/2601 2350/3296/2602 2349/3297/2603
f 2947/3269/2577 2338/3270/2578 2339/3293/2599
f 2437/3298/2604 2434/3299/2605 2436/3300/2606
f 2362/3301/2607 2364/3302/2608 2361/3303/2609
f 2388/3304/2610 2954/3305/2611 2389/3306/2612
f 2483/3307/2613 2367/3308/2614 2366/3309/2615
f 2372/3310/2584 2374/3311/2616 2371/3312/2617
f 2497/3313/2618 2384/3314/2619 2383/3315/2620
f 2382/3316/2621 2384/3317/2619 2381/3318/2622
f 2363/3319/2623 2388/3320/2610 2391/3321/2624
f 2390/3322/2625 2388/3304/2610 2389/3306/2612
f 2955/3323/2626 2398/3291/2597 2397/3324/2627
f 2363/3319/2623 2359/3325/2628 2358/3326/2629
f 2367/3308/2614 2361/3303/2609 2366/3309/2615
f 2396/3327/2630 2398/3291/2597 2395/3290/2596
f 2476/3328/2631 2379/3329/2632 2462/3330/2633
f 2405/3331/2634 2407/3332/2635 2404/3333/2636
f 2385/3334/2637 2394/3335/2638 2386/3336/2639
f 2414/3337/2640 2410/3338/2641 2413/3339/2642
f 2411/3340/2643 2413/3339/2642 2410/3338/2641
f 2430/3341/2644 2428/3342/2645 2429/3343/2646
f 2486/3344/2647 2463/3345/2648 2385/3346/2637
f 2420/3347/2649 2416/3348/2650 2419/3349/2651
f 2417/3350/2652 2419/3349/2651 2416/3348/2650
f 2950/3351/2653 2348/3352/2654 2344/3353/2655
f 2458/3354/2656 2422/3355/2657 2421/3356/2658
f 2378/3357/2659 2369/3358/2660 2368/3359/2661
f 2399/3289/2595 2376/3360/2580 2405/3361/2634
f 2437/3362/2662 2455/3363/2663 2454/3364/2664
f 2394/3365/2638 2387/3366/2665 2386/3367/2639
f 2446/3368/2666 2413/3339/2642 2447/3369/2667
f 2412/3278/2585 2387/3366/2665 2393/3370/2668
f 2417/3350/2652 2423/3371/2669 2424/3372/2670
f 2399/3289/2595 2404/3373/2636 2400/3374/2671
f 2402/3375/2672 2429/3343/2646 2428/3342/2645
f 2488/3376/2673 2463/3345/2648 2487/3377/2674
f 2435/3378/2675 2396/3327/2630 2434/3299/2605
f 2403/3379/2676 2428/3342/2645 2433/3380/2677
f 2425/3381/2678 2435/3382/2675 2440/3383/2679
f 2427/3280/2587 2443/3384/2680 2448/3385/2681
f 2445/3386/2682 2447/3369/2667 2444/3387/2683
f 2432/3388/2684 2445/3389/2685 2452/3390/2686
f 2403/3379/2676 2455/3363/2663 2436/3391/2687
f 2331/3277/2565 2322/3123/2493 2330/3265/2573
f 2203/2972/2395 2195/2971/2394 2202/2975/2398
f 2334/3392/2688 2327/3258/2567 2326/3128/2496
f 2331/3247/2565 2328/3393/2547 2323/3394/2491
f 2344/3353/2655 2335/3268/2576 2334/3392/2688
f 2349/3395/2603 2338/3270/2578 2337/3264/2572
f 2489/3396/2689 2366/3397/2615 2365/3398/2690
f 2354/3399/2691 2342/3400/2589 2353/3275/2583
f 2335/3268/2576 2949/3401/2692 2332/3267/2575
f 2334/3392/2688 2950/3351/2653 2344/3353/2655
f 2950/3351/2653 2347/3402/2693 2348/3352/2654
f 2358/3326/2629 2347/3403/2693 2340/3245/2563
f 2472/3404/2694 2380/3274/2582 2476/3328/2631
f 2360/3405/2695 2347/3402/2693 2359/3406/2628
f 2950/3407/2653 2336/3246/2564 2347/3403/2693
f 2373/3408/2696 2456/3409/2697 2382/3410/2621
f 2460/3411/2698 2421/3356/2658 2420/3347/2649
f 2948/3412/2588 2343/3413/2699 2337/3264/2572
f 2952/3414/2700 2378/3357/2659 2379/3329/2632
f 2954/3305/2611 2388/3304/2610 2392/3415/2701
f 2403/3416/2702 2395/3290/2596 2402/3417/2703
f 2408/3418/2704 2415/3419/2705 2430/3341/2644
f 2399/3289/2595 2369/3358/2660 2377/3420/2706
f 2953/3421/2707 2386/3367/2639 2387/3366/2665
f 2378/3357/2659 2952/3414/2700 2377/3420/2706
f 2955/3323/2626 2369/3358/2660 2398/3291/2597
f 2446/3422/2708 2431/3423/2709 2414/3424/2710
f 2340/3425/2563 2947/3269/2577 2339/3293/2599
f 2449/3426/2711 2444/3387/2683 2448/3427/2712
f 2451/3428/2713 2452/3390/2686 2445/3389/2685
f 2199/3171/2524 2195/2971/2394 2198/2970/2393
f 2323/3394/2491 2320/3429/2483 2315/3430/2495
f 2334/3392/2688 2328/3209/2547 2336/3431/2564
f 2332/3432/2575 2325/3433/2553 2324/3434/2542
f 2333/3266/2574 2948/3412/2588 2329/3263/2571
f 2341/3285/2591 2333/3282/2574 2332/3432/2575
f 2949/3401/2692 2335/3268/2576 2345/3435/2714
f 2948/3412/2588 2337/3264/2572 2329/3263/2571
f 2355/3436/2715 2345/3435/2714 2344/3353/2655
f 2336/3431/2564 2950/3351/2653 2334/3392/2688
f 2332/3432/2575 2949/3437/2692 2341/3285/2591
f 2357/3438/2716 2345/3435/2714 2356/3439/2717
f 2947/3440/2577 2340/3245/2563 2331/3247/2565
f 2351/3294/2600 2338/3270/2578 2350/3441/2602
f 2367/3308/2614 2378/3357/2659 2368/3359/2661
f 2475/3442/2593 2389/3306/2612 2464/3443/2718
f 2406/3444/2579 2387/3366/2665 2411/3445/2719
f 2408/3446/2720 2410/3447/2721 2415/3448/2722
f 2408/3446/2720 2404/3333/2636 2407/3332/2635
f 2419/3449/2651 2465/3450/2723 2420/3451/2649
f 2422/3452/2724 2459/3453/2725 2468/3454/2726
f 2451/3455/2727 2417/3456/2728 2424/3457/2729
f 2427/3458/2730 2444/3387/2683 2447/3369/2667
f 2953/3459/2707 2387/3460/2665 2375/3273/2581
f 2952/3414/2700 2376/3360/2580 2377/3420/2706
f 2956/3279/2586 2392/3461/2701 2426/3462/2731
f 2393/3370/2668 2956/3279/2586 2412/3278/2585
f 2441/3463/2732 2460/3464/2698 2465/3450/2723
f 2449/3465/2733 2466/3466/2734 2418/3467/2735
f 2449/3426/2711 2417/3456/2728 2450/3468/2736
f 2445/3386/2682 2450/3468/2736 2451/3455/2727
f 2369/3358/2660 2951/3469/2737 2368/3359/2661
f 2453/3470/2738 2424/3471/2739 2467/3472/2740
f 2437/3362/2662 2468/3454/2726 2459/3453/2725
f 2462/3330/2633 2378/3357/2659 2461/3473/2741
f 2481/3474/2742 2508/3475/2743 2482/3476/2744
f 2432/3388/2684 2428/3342/2645 2431/3423/2709
f 2403/3416/2702 2434/3299/2605 2396/3327/2630
f 2401/3477/2745 2395/3290/2596 2400/3374/2671
f 2439/3478/2746 2440/3383/2679 2435/3382/2675
f 2401/3477/2745 2404/3373/2636 2409/3479/2747
f 2956/3279/2586 2426/3462/2731 2427/3280/2587
f 2427/3458/2730 2413/3339/2642 2412/3480/2748
f 2437/3481/2604 2458/3354/2656 2438/3482/2749
f 2401/3483/2750 2409/3484/2751 2429/3343/2646
f 2442/3485/2752 2440/3383/2679 2441/3463/2732
f 2951/3469/2737 2955/3323/2626 2370/3486/2753
f 2415/3419/2705 2431/3423/2709 2430/3341/2644
f 2425/3381/2678 2443/3384/2680 2426/3462/2731
f 2365/3487/2690 2457/3488/2754 2474/3292/2598
f 2422/3355/2657 2416/3348/2650 2421/3356/2658
f 2432/3388/2684 2455/3363/2663 2433/3380/2677
f 2442/3485/2752 2465/3450/2723 2466/3466/2734
f 2480/3489/2755 2355/3490/2715 2469/3491/2756
f 2435/3378/2675 2438/3492/2749 2439/3493/2746
f 2454/3364/2664 2452/3390/2686 2453/3470/2738
f 2498/3494/2757 2471/3495/2758 2472/3496/2694
f 2422/3452/2724 2467/3472/2740 2423/3497/2759
f 2419/3449/2651 2418/3467/2735 2466/3466/2734
f 2454/3364/2664 2467/3472/2740 2468/3454/2726
f 2449/3465/2733 2443/3384/2680 2442/3485/2752
f 2460/3411/2698 2420/3347/2649 2465/3498/2723
f 2425/3381/2678 2955/3499/2626 2397/3500/2627
f 2341/3285/2591 2949/3437/2692 2346/3501/2760
f 2424/3471/2739 2423/3497/2759 2467/3472/2740
f 2490/3286/2592 2469/3491/2756 2470/3502/2761
f 2469/3503/2756 2344/3353/2655 2348/3352/2654
f 2361/3504/2609 2951/3505/2737 2362/3506/2607
f 2471/3507/2758 2337/3264/2572 2343/3413/2699
f 2492/3288/2594 2464/3508/2718 2488/3509/2673
f 2365/3487/2690 2361/3303/2609 2364/3302/2608
f 2494/3510/2762 2349/3297/2603 2471/3511/2758
f 2482/3476/2744 2355/3512/2715 2481/3474/2742
f 2457/3488/2754 2340/3425/2563 2339/3293/2599
f 2479/3513/2763 2350/3296/2602 2478/3514/2764
f 2485/3515/2765 2367/3516/2614 2484/3517/2766
f 2496/3518/2767 2461/3519/2741 2485/3520/2765
f 2464/3443/2718 2394/3335/2638 2463/3521/2648
f 2954/3522/2611 2956/3279/2586 2393/3370/2668
f 2952/3414/2700 2371/3523/2617 2376/3360/2580
f 2394/3365/2638 2954/3522/2611 2393/3370/2668
f 2371/3523/2617 2952/3414/2700 2379/3329/2632
f 2954/3305/2611 2394/3335/2638 2389/3306/2612
f 2953/3524/2707 2381/3318/2622 2386/3336/2639
f 2381/3525/2622 2953/3459/2707 2374/3311/2616
f 2406/3271/2579 2410/3447/2721 2407/3332/2635
f 2471/3507/2758 2354/3399/2691 2472/3404/2694
f 2370/3526/2753 2388/3320/2610 2362/3506/2607
f 2470/3527/2761 2390/3322/2625 2475/3442/2593
f 2949/3401/2692 2345/3435/2714 2346/3528/2760
f 2498/3494/2757 2476/3529/2631 2500/3530/2768
f 2439/3531/2746 2458/3354/2656 2460/3411/2698
f 2951/3469/2737 2361/3303/2609 2368/3359/2661
f 2490/3286/2592 2512/3532/2769 2511/3533/2770
f 2374/3311/2616 2953/3459/2707 2375/3273/2581
f 2473/3534/2771 2346/3528/2760 2357/3438/2716
f 2373/3408/2696 2353/3535/2583 2352/3284/2590
f 2425/3381/2678 2392/3461/2701 2370/3536/2753
f 2456/3409/2697 2341/3285/2591 2346/3501/2760
f 2948/3412/2588 2342/3400/2589 2343/3413/2699
f 2380/3274/2582 2371/3523/2617 2379/3329/2632
f 2363/3537/2623 2457/3488/2754 2364/3302/2608
f 2497/3313/2618 2506/3538/2772 2505/3539/2773
f 2469/3503/2756 2360/3405/2695 2470/3527/2761
f 2362/3506/2607 2951/3505/2737 2370/3526/2753
f 2493/3540/2774 2356/3439/2717 2482/3541/2744
f 2408/3418/2704 2429/3343/2646 2409/3484/2751
f 2370/3486/2753 2955/3323/2626 2425/3542/2678
f 2499/3543/2775 2357/3544/2716 2493/3545/2774
f 2495/3546/2776 2503/3547/2777 2486/3548/2647
f 2375/3273/2581 2371/3312/2617 2374/3311/2616
f 2495/3549/2776 2385/3346/2637 2384/3550/2619
f 2498/3494/2757 2507/3551/2778 2494/3552/2762
f 2484/3553/2766 2502/3554/2779 2501/3555/2780
f 2504/3556/2781 2485/3520/2765 2503/3547/2777
f 2500/3530/2768 2506/3538/2772 2498/3494/2757
f 2494/3510/2762 2508/3475/2743 2477/3295/2601
f 2510/3557/2782 2478/3514/2764 2509/3558/2783
f 2482/3476/2744 2507/3559/2778 2493/3560/2774
f 2491/3561/2784 2512/3532/2769 2489/3396/2689
f 2483/3562/2613 2512/3532/2769 2502/3554/2779
f 2517/3563/2785 2513/3564/2786 2516/3565/2787
f 2500/3530/2768 2462/3566/2633 2496/3518/2767
f 2497/3313/2618 2504/3556/2781 2495/3546/2776
f 2485/3515/2765 2501/3567/2780 2503/3568/2777
f 2611/3569/2788 2520/3570/2789 2519/3571/2790
f 2539/3572/2791 2516/3565/2787 2538/3573/2792
f 2496/3518/2767 2505/3539/2773 2500/3530/2768
f 2488/3509/2673 2501/3555/2780 2502/3554/2779
f 2488/3509/2673 2512/3532/2769 2492/3288/2594
f 2511/3533/2770 2479/3574/2763 2510/3575/2782
f 2549/3576/2793 2542/3577/2794 2541/3578/2795
f 2521/3579/2796 2513/3580/2786 2520/3581/2789
f 2489/3396/2689 2474/3582/2598 2491/3561/2784
f 2497/3313/2618 2473/3583/2771 2499/3543/2775
f 2360/3405/2695 2391/3584/2624 2390/3322/2625
f 2493/3545/2774 2506/3538/2772 2499/3543/2775
f 2385/3334/2637 2381/3318/2622 2384/3317/2619
f 2486/3344/2647 2501/3567/2780 2487/3377/2674
f 2373/3585/2696 2381/3318/2622 2374/3586/2616
f 2491/3561/2784 2351/3587/2600 2479/3574/2763
f 2383/3588/2620 2456/3589/2697 2473/3534/2771
f 2478/3514/2764 2508/3475/2743 2509/3558/2783
f 2480/3590/2755 2509/3558/2783 2481/3474/2742
f 2490/3286/2592 2510/3575/2782 2480/3489/2755
f 2514/3591/2797 2516/3592/2787 2513/3580/2786
f 2611/3569/2788 2527/3593/2798 2615/3594/2799
f 2518/3595/2800 2523/3596/2801 2522/3597/2802
f 2525/3598/2803 2529/3599/2804 2528/3600/2805
f 2614/3601/2806 2533/3602/2807 2617/3603/2808
f 2531/3604/2809 2535/3605/2810 2534/3606/2811
f 2616/3607/2812 2536/3608/2813 2618/3609/2814
f 2541/3610/2795 2523/3611/2801 2540/3612/2815
f 2515/3613/2816 2538/3573/2792 2516/3565/2787
f 2696/3614/2817 2557/3615/2818 2695/3616/2819
f 2547/3617/2820 2540/3618/2815 2539/3572/2791
f 2517/3563/2785 2540/3618/2815 2523/3596/2801
f 2613/3619/2821 2536/3620/2813 2521/3579/2796
f 2524/3621/2822 2542/3577/2794 2529/3599/2804
f 2957/3622/2823 2546/3623/2824 2545/3624/2825
f 2530/3625/2826 2544/3626/2827 2535/3605/2810
f 2549/3627/2793 2540/3628/2815 2548/3629/2828
f 2537/3630/2829 2546/3623/2824 2538/3573/2792
f 2546/3623/2824 2957/3622/2823 2555/3631/2830
f 2543/3632/2831 2552/3633/2832 2544/3626/2827
f 2556/3634/2833 2546/3623/2824 2555/3631/2830
f 2698/3635/2834 2554/3636/2835 2681/3637/2836
f 2567/3638/2837 2702/3639/2838 2703/3640/2839
f 2620/3641/2840 2965/3642/2841 2621/3643/2842
f 2958/3644/2843 2547/3617/2820 2556/3634/2833
f 2553/3645/2844 2552/3646/2832 2564/3647/2845
f 2554/3636/2835 2566/3648/2846 2555/3631/2830
f 2557/3615/2818 2569/3649/2847 2558/3650/2848
f 2562/3651/2849 2550/3652/2850 2561/3653/2851
f 2560/3654/2852 2572/3655/2853 2561/3653/2851
f 2598/3656/2854 2963/3657/2855 2592/3658/2856
f 2701/3659/2857 2566/3660/2846 2565/3661/2858
f 2638/3662/2859 2598/3663/2854 2639/3664/2860
f 2578/3665/2861 2580/3666/2862 2577/3667/2863
f 2713/3668/2864 2585/3669/2865 2709/3670/2866
f 2592/3658/2856 2587/3671/2867 2591/3672/2868
f 2588/3673/2869 2962/3674/2870 2587/3675/2867
f 2719/3676/2871 2600/3677/2872 2712/3678/2873
f 2600/3679/2872 2597/3680/2874 2599/3681/2875
f 2963/3657/2855 2597/3682/2874 2593/3683/2876
f 2737/3684/2877 2615/3594/2799 2741/3685/2878
f 2605/3686/2879 2607/3687/2880 2604/3688/2881
f 2610/3689/2882 2609/3690/2883 2966/3691/2884
f 2551/3692/2885 2960/3693/2886 2552/3633/2832
f 2562/3651/2849 2960/3693/2886 2551/3692/2885
f 2620/3641/2840 2622/3694/2887 2619/3695/2888
f 2627/3696/2889 2628/3697/2890 2633/3698/2891
f 2626/3699/2892 2629/3700/2893 2628/3697/2890
f 2631/3701/2894 2635/3702/2895 2634/3703/2896
f 2600/3679/2872 2608/3704/2897 2688/3705/2898
f 2962/3674/2870 2589/3706/2899 2590/3707/2900
f 2672/3708/2901 2638/3709/2902 2637/3710/2903
f 2641/3711/2904 2643/3712/2905 2640/3713/2906
f 2675/3714/2907 2668/3715/2908 2674/3716/2909
f 2582/3717/2910 2581/3718/2911 2965/3642/2841
f 2966/3691/2884 2638/3662/2859 2650/3719/2912
f 2590/3707/2900 2633/3698/2891 2591/3720/2868
f 2592/3721/2856 2639/3664/2860 2598/3663/2854
f 2649/3722/2913 2965/3642/2841 2581/3718/2911
f 2964/3723/2914 2608/3724/2897 2609/3690/2883
f 2653/3725/2915 2655/3726/2916 2652/3727/2917
f 2589/3706/2899 2962/3674/2870 2588/3673/2869
f 2659/3728/2918 2661/3729/2919 2658/3730/2920
f 2650/3731/2921 2668/3715/2908 2671/3732/2922
f 2962/3674/2870 2590/3707/2900 2591/3720/2868
f 2665/3733/2923 2667/3734/2924 2664/3735/2925
f 2563/3736/2926 2960/3693/2886 2562/3651/2849
f 2651/3737/2927 2664/3735/2925 2649/3738/2913
f 2669/3739/2928 2671/3732/2922 2668/3715/2908
f 2697/3740/2929 2560/3654/2852 2680/3741/2930
f 2957/3622/2823 2553/3742/2844 2554/3636/2835
f 2677/3743/2931 2679/3744/2932 2676/3745/2933
f 2584/3746/2934 2589/3706/2899 2686/3747/2935
f 2653/3725/2915 2676/3745/2933 2654/3748/2936
f 2532/3749/2937 2534/3606/2811 2536/3608/2813
f 2616/3607/2812 2533/3602/2807 2532/3749/2937
f 2526/3750/2938 2528/3600/2805 2533/3602/2807
f 2519/3571/2790 2513/3564/2786 2518/3595/2800
f 2547/3617/2820 2538/3573/2792 2546/3623/2824
f 2521/3579/2796 2534/3751/2811 2514/3591/2797
f 2515/3752/2816 2534/3751/2811 2535/3753/2810
f 2551/3692/2885 2542/3577/2794 2550/3652/2850
f 2526/3754/2938 2522/3755/2802 2525/3756/2803
f 2717/3757/2939 2572/3655/2853 2571/3758/2940
f 2545/3759/2825 2544/3760/2827 2552/3646/2832
f 2957/3761/2823 2545/3759/2825 2553/3645/2844
f 2958/3644/2843 2557/3615/2818 2558/3650/2848
f 2737/3684/2877 2612/3762/2941 2611/3569/2788
f 2564/3763/2845 2960/3693/2886 2563/3736/2926
f 2716/3764/2942 2687/3765/2943 2699/3766/2944
f 2576/3767/2945 2564/3647/2845 2575/3768/2946
f 2570/3769/2947 2558/3770/2848 2569/3771/2847
f 2559/3772/2948 2548/3629/2828 2558/3770/2848
f 2550/3652/2850 2959/3773/2949 2561/3653/2851
f 2606/3774/2950 2575/3775/2946 2574/3776/2951
f 2567/3777/2837 2555/3631/2830 2566/3648/2846
f 2576/3778/2945 2554/3636/2835 2553/3742/2844
f 2594/3779/2952 2587/3671/2867 2593/3683/2876
f 2584/3746/2934 2577/3667/2863 2583/3780/2953
f 2700/3781/2954 2588/3673/2869 2596/3782/2955
f 2961/3783/2956 2580/3784/2862 2581/3785/2911
f 2594/3786/2952 2597/3680/2874 2603/3787/2957
f 2670/3788/2958 2690/3789/2959 2666/3790/2960
f 2663/3791/2961 2658/3730/2920 2662/3792/2962
f 2632/3793/2963 2628/3794/2890 2631/3701/2894
f 2610/3689/2882 2966/3691/2884 2651/3737/2927
f 2646/3795/2964 2683/3796/2965 2647/3797/2966
f 2627/3696/2889 2582/3717/2910 2620/3641/2840
f 2648/3798/2967 2640/3713/2906 2647/3797/2966
f 2649/3799/2913 2610/3800/2882 2651/3801/2927
f 2963/3802/2855 2598/3663/2854 2599/3803/2875
f 2583/3780/2953 2961/3804/2956 2582/3717/2910
f 2720/3805/2968 2686/3806/2935 2685/3807/2969
f 2654/3748/2936 2636/3808/2970 2655/3726/2916
f 2644/3809/2971 2669/3739/2928 2675/3714/2907
f 2621/3810/2842 2664/3735/2925 2662/3811/2962
f 2663/3812/2961 2664/3735/2925 2667/3734/2924
f 2673/3813/2972 2676/3745/2933 2674/3814/2973
f 2675/3815/2974 2676/3745/2933 2679/3744/2932
f 2742/3816/2975 2618/3609/2814 2744/3817/2976
f 2524/3818/2822 2522/3755/2802 2523/3611/2801
f 2614/3819/2806 2527/3820/2798 2526/3754/2938
f 2532/3749/2937 2528/3600/2805 2531/3604/2809
f 2537/3821/2829 2535/3822/2810 2544/3760/2827
f 2530/3625/2826 2528/3600/2805 2529/3599/2804
f 2543/3632/2831 2529/3599/2804 2542/3577/2794
f 2958/3644/2843 2548/3823/2828 2547/3617/2820
f 2959/3773/2949 2550/3652/2850 2549/3576/2793
f 2586/3824/2977 2577/3667/2863 2585/3825/2865
f 2555/3631/2830 2957/3622/2823 2554/3636/2835
f 2959/3826/2949 2549/3627/2793 2559/3772/2948
f 2707/3827/2978 2584/3828/2934 2686/3829/2935
f 2561/3653/2851 2959/3773/2949 2560/3654/2852
f 2602/3830/2979 2680/3741/2930 2603/3787/2957
f 2574/3776/2951 2564/3763/2845 2563/3736/2926
f 2548/3629/2828 2958/3831/2843 2558/3770/2848
f 2685/3832/2969 2589/3706/2899 2588/3673/2869
f 2673/3833/2980 2637/3710/2903 2636/3834/2981
f 2656/3835/2982 2652/3727/2917 2655/3726/2916
f 2712/3678/2873 2688/3836/2898 2711/3837/2983
f 2747/3838/2984 2738/3839/2985 2746/3840/2986
f 2740/3841/2987 2615/3842/2799 2614/3819/2806
f 2739/3843/2988 2618/3844/2814 2613/3619/2821
f 2750/3845/2989 2743/3846/2990 2742/3816/2975
f 2666/3790/2960 2689/3847/2991 2667/3734/2924
f 2632/3793/2963 2634/3703/2896 2639/3848/2860
f 2710/3849/2992 2688/3836/2898 2687/3850/2943
f 2656/3835/2982 2629/3851/2993 2657/3852/2994
f 2629/3851/2993 2625/3853/2995 2657/3852/2994
f 2641/3854/2904 2689/3847/2991 2690/3789/2959
f 2660/3855/2996 2692/3856/2997 2678/3857/2998
f 2623/3858/2999 2652/3727/2917 2624/3859/3000
f 2692/3856/2997 2645/3860/3001 2691/3861/3002
f 2723/3862/3003 2571/3863/2940 2697/3864/2929
f 2663/3812/2961 2689/3847/2991 2684/3865/3004
f 2675/3815/2974 2691/3861/3002 2644/3866/3005
f 2645/3860/3001 2644/3866/3005 2691/3861/3002
f 2586/3824/2977 2681/3637/2836 2578/3665/2861
f 2678/3857/2998 2691/3861/3002 2679/3744/2932
f 2630/3867/3006 2628/3794/2890 2629/3868/2893
f 2687/3869/2943 2608/3704/2897 2607/3687/2880
f 2670/3870/3007 2643/3871/3008 2642/3872/3009
f 2646/3795/2964 2640/3713/2906 2645/3873/3010
f 2632/3793/2963 2591/3672/2868 2633/3874/2891
f 2650/3719/2912 2665/3733/2923 2651/3737/2927
f 2583/3780/2953 2590/3707/2900 2589/3706/2899
f 2700/3781/2954 2568/3875/3011 2696/3614/2817
f 2621/3810/2842 2965/3876/2841 2649/3738/2913
f 2651/3737/2927 2966/3691/2884 2650/3719/2912
f 2692/3856/2997 2682/3877/3012 2646/3878/3013
f 2959/3826/2949 2559/3772/2948 2560/3879/2852
f 2625/3853/2995 2652/3727/2917 2657/3852/2994
f 2608/3724/2897 2598/3663/2854 2609/3690/2883
f 2644/3880/3014 2640/3713/2906 2643/3712/2905
f 2648/3798/2967 2684/3881/3004 2689/3882/2991
f 2690/3789/2959 2642/3883/3015 2641/3854/2904
f 2582/3717/2910 2965/3642/2841 2620/3641/2840
f 2699/3884/2944 2574/3776/2951 2694/3885/3016
f 2623/3886/3017 2658/3730/2920 2661/3729/2919
f 2636/3834/2981 2634/3887/3018 2635/3888/3019
f 2623/3858/2999 2677/3743/2931 2653/3725/2915
f 2635/3889/3020 2655/3726/2916 2636/3808/2970
f 2706/3890/3021 2573/3891/3022 2705/3892/3023
f 2673/3833/2980 2668/3715/2908 2672/3708/2901
f 2621/3643/2842 2658/3730/2920 2622/3694/2887
f 2671/3893/3024 2666/3790/2960 2665/3733/2923
f 2661/3894/3025 2678/3857/2998 2677/3743/2931
f 2961/3783/2956 2577/3895/2863 2580/3784/2862
f 2714/3896/3026 2693/3897/3027 2706/3890/3021
f 2714/3896/3026 2699/3766/2944 2694/3898/3016
f 2722/3899/3028 2695/3900/2819 2718/3901/3029
f 2660/3902/3030 2683/3796/2965 2682/3903/3031
f 2684/3881/3004 2659/3904/2918 2663/3905/2961
f 2552/3646/2832 2960/3906/2886 2564/3647/2845
f 2680/3907/2930 2559/3772/2948 2570/3769/2947
f 2704/3908/3032 2573/3909/3022 2572/3910/2853
f 2573/3911/3022 2563/3736/2926 2562/3651/2849
f 2709/3912/2866 2584/3746/2934 2708/3913/3033
f 2519/3571/2790 2522/3597/2802 2527/3593/2798
f 2638/3709/2902 2634/3887/3018 2637/3710/2903
f 2596/3782/2955 2587/3675/2867 2595/3914/3034
f 2597/3680/2874 2963/3915/2855 2599/3681/2875
f 2748/3916/3035 2741/3917/2878 2740/3841/2987
f 2576/3778/2945 2578/3665/2861 2681/3637/2836
f 2695/3918/2819 2703/3640/2839 2718/3919/3029
f 2568/3875/3011 2595/3914/3034 2569/3649/2847
f 2567/3777/2837 2557/3615/2818 2556/3634/2833
f 2570/3769/2947 2603/3920/2957 2680/3907/2930
f 2579/3921/3036 2575/3768/2946 2605/3922/2879
f 2608/3704/2897 2964/3923/2914 2607/3687/2880
f 2579/3921/3036 2604/3924/2881 2580/3784/2862
f 2684/3881/3004 2647/3797/2966 2683/3796/2965
f 2557/3615/2818 2958/3644/2843 2556/3634/2833
f 2604/3688/2881 2964/3923/2914 2610/3925/2882
f 2594/3779/2952 2569/3771/2847 2595/3926/3034
f 2714/3896/3026 2734/3927/3037 2735/3928/3038
f 2713/3668/2864 2735/3928/3038 2715/3929/3039
f 2750/3845/2989 2744/3817/2976 2752/3930/3040
f 2714/3896/3026 2736/3931/3041 2716/3764/2942
f 2966/3691/2884 2609/3690/2883 2638/3662/2859
f 2602/3830/2979 2597/3680/2874 2601/3932/3042
f 2694/3885/3016 2563/3736/2926 2693/3933/3027
f 2724/3934/3043 2685/3807/2969 2700/3935/2954
f 2573/3911/3022 2561/3653/2851 2572/3655/2853
f 2722/3899/3028 2700/3935/2954 2696/3936/2817
f 2706/3937/3021 2733/3938/3044 2734/3939/3037
f 2577/3667/2863 2961/3804/2956 2583/3780/2953
f 2964/3923/2914 2604/3688/2881 2607/3687/2880
f 2745/3940/3045 2741/3685/2878 2749/3941/3046
f 2732/3942/3047 2717/3943/2939 2731/3944/3048
f 2715/3929/3039 2565/3945/2858 2698/3946/2834
f 2731/3947/3048 2722/3899/3028 2718/3901/3029
f 2726/3948/3049 2711/3837/2983 2725/3949/3050
f 2719/3950/2871 2726/3951/3049 2728/3952/3051
f 2707/3953/2978 2728/3952/3051 2726/3951/3049
f 2731/3947/3048 2723/3862/3003 2730/3954/3052
f 2702/3639/2838 2732/3942/3047 2703/3640/2839
f 2724/3934/3043 2730/3954/3052 2729/3955/3053
f 2702/3639/2838 2734/3939/3037 2733/3938/3044
f 2715/3929/3039 2734/3927/3037 2701/3956/2857
f 2713/3668/2864 2727/3957/3054 2736/3931/3041
f 2745/3940/3045 2738/3839/2985 2737/3684/2877
f 2729/3955/3053 2719/3950/2871 2728/3952/3051
f 2709/3670/2866 2725/3958/3050 2727/3957/3054
f 2710/3959/2992 2725/3958/3050 2711/3960/2983
f 2703/3640/2839 2731/3944/3048 2718/3919/3029
f 2721/3961/3055 2730/3954/3052 2723/3862/3003
f 2724/3934/3043 2728/3952/3051 2720/3805/2968
f 2764/3962/3056 2760/3963/3057 2755/3964/3058
f 2710/3959/2992 2736/3931/3041 2727/3957/3054
f 2739/3843/2988 2612/3965/2941 2738/3966/2985
f 2707/3827/2978 2725/3949/3050 2708/3967/3033
f 2742/3816/2975 2617/3603/2808 2616/3607/2812
f 2587/3675/2867 2962/3674/2870 2591/3720/2868
f 2699/3884/2944 2607/3687/2880 2606/3774/2950
f 2613/3619/2821 2520/3581/2789 2612/3965/2941
f 2581/3785/2911 2604/3924/2881 2610/3800/2882
f 2713/3668/2864 2698/3946/2834 2586/3968/2977
f 2963/3657/2855 2593/3683/2876 2592/3658/2856
f 2721/3961/3055 2601/3969/3042 2719/3950/2871
f 2721/3961/3055 2697/3864/2929 2602/3970/2979
f 2733/3938/3044 2704/3908/3032 2732/3942/3047
f 2748/3971/3035 2743/3846/2990 2751/3972/3059
f 2740/3973/2987 2617/3603/2808 2743/3846/2990
f 2625/3974/3060 2619/3695/2888 2624/3975/3061
f 2656/3835/2982 2635/3889/3020 2630/3976/3062
f 2753/3977/3063 2746/3840/2986 2745/3940/3045
f 2761/3978/3064 2754/3979/3065 2753/3977/3063
f 2753/3977/3063 2749/3941/3046 2757/3980/3066
f 2756/3981/3067 2751/3972/3059 2759/3982/3068
f 2967/3983/3069 2754/3979/3065 2762/3984/3070
f 2830/3985/3071 2800/3986/3072 2799/3987/3073
f 2804/3988/3074 2777/3989/3075 2796/3990/3076
f 2754/3979/3065 2967/3983/3069 2755/3991/3058
f 2836/3992/3077 2976/3993/3078 2851/3994/3079
f 2968/3995/3080 2757/3996/3066 2766/3997/3081
f 2776/3998/3082 2766/3997/3081 2765/3999/3083
f 2914/4000/3084 2899/4001/3085 2916/4002/3086
f 2823/4003/3087 2819/4004/3088 2822/4005/3089
f 2898/4006/3090 2763/4007/3091 2775/4008/3092
f 2901/4009/3093 2774/4010/3094 2773/4011/3095
f 2967/3983/3069 2762/3984/3070 2763/4007/3091
f 2861/4012/3096 2858/4013/3097 2860/4014/3098
f 2786/4015/3099 2788/4016/3100 2785/4017/3101
f 2812/4018/3102 2974/4019/3103 2813/4020/3104
f 2907/4021/3105 2791/4022/3106 2790/4023/3107
f 2796/4024/3076 2798/4025/3108 2795/4026/3109
f 2921/4027/3110 2808/4028/3111 2807/4029/3112
f 2806/4030/3113 2808/4031/3111 2805/4032/3114
f 2787/4033/3115 2812/4018/3102 2815/4034/3116
f 2814/4035/3117 2812/4018/3102 2813/4020/3104
f 2975/4036/3118 2822/4005/3089 2821/4037/3119
f 2787/4033/3115 2783/4038/3120 2782/4039/3121
f 2791/4040/3106 2785/4017/3101 2790/4041/3107
f 2820/4042/3122 2822/4005/3089 2819/4004/3088
f 2900/4043/3123 2803/4044/3124 2886/4045/3125
f 2829/4046/3126 2831/4047/3127 2828/4048/3128
f 2809/4049/3129 2818/4050/3130 2810/4051/3131
f 2838/4052/3132 2834/4053/3133 2837/4054/3134
f 2835/4055/3135 2837/4054/3134 2834/4053/3133
f 2854/4056/3136 2852/4057/3137 2853/4058/3138
f 2910/4059/3139 2887/4060/3140 2809/4061/3129
f 2844/4062/3141 2840/4063/3142 2843/4064/3143
f 2841/4065/3144 2843/4064/3143 2840/4063/3142
f 2970/4066/3145 2772/4067/3146 2768/4068/3147
f 2882/4069/3148 2846/4070/3149 2845/4071/3150
f 2802/4072/3151 2793/4073/3152 2792/4074/3153
f 2823/4003/3087 2800/4075/3072 2829/4076/3126
f 2861/4077/3154 2879/4078/3155 2878/4079/3156
f 2818/4080/3130 2811/4081/3157 2810/4082/3131
f 2870/4083/3158 2837/4054/3134 2871/4084/3159
f 2836/3992/3077 2811/4081/3157 2817/4085/3160
f 2841/4065/3144 2847/4086/3161 2848/4087/3162
f 2823/4003/3087 2828/4088/3128 2824/4089/3163
f 2826/4090/3164 2853/4058/3138 2852/4057/3137
f 2912/4091/3165 2887/4060/3140 2911/4092/3166
f 2859/4093/3167 2820/4042/3122 2858/4013/3097
f 2827/4094/3168 2852/4057/3137 2857/4095/3169
f 2849/4096/3170 2859/4097/3167 2864/4098/3171
f 2851/3994/3079 2867/4099/3172 2872/4100/3173
f 2869/4101/3174 2871/4084/3159 2868/4102/3175
f 2856/4103/3176 2869/4104/3177 2876/4105/3178
f 2827/4094/3168 2879/4078/3155 2860/4106/3179
f 2755/3991/3058 2746/3840/2986 2754/3979/3065
f 2627/3696/2889 2619/3695/2888 2626/3699/2892
f 2758/4107/3180 2751/3972/3059 2750/3845/2989
f 2755/3964/3058 2752/4108/3040 2747/4109/2984
f 2768/4068/3147 2759/3982/3068 2758/4107/3180
f 2773/4110/3095 2762/3984/3070 2761/3978/3064
f 2913/4111/3181 2790/4023/3107 2789/4112/3182
f 2778/4113/3183 2766/4114/3081 2777/3989/3075
f 2759/3982/3068 2969/4115/3184 2756/3981/3067
f 2758/4107/3180 2970/4066/3145 2768/4068/3147
f 2970/4116/3145 2771/4117/3185 2772/4118/3146
f 2782/4039/3121 2771/4117/3185 2764/3962/3056
f 2896/4119/3186 2804/3988/3074 2900/4043/3123
f 2784/4120/3187 2771/4117/3185 2783/4038/3120
f 2970/4116/3145 2760/3963/3057 2771/4117/3185
f 2797/4121/3188 2880/4122/3189 2806/4030/3113
f 2884/4123/3190 2845/4071/3150 2844/4124/3141
f 2968/4125/3080 2767/4126/3191 2761/3978/3064
f 2972/4127/3192 2802/4072/3151 2803/4044/3124
f 2974/4019/3103 2812/4018/3102 2816/4128/3193
f 2827/4129/3194 2819/4004/3088 2826/4130/3195
f 2832/4131/3196 2839/4132/3197 2854/4056/3136
f 2823/4003/3087 2793/4073/3152 2801/4133/3198
f 2973/4134/3199 2810/4082/3131 2811/4081/3157
f 2802/4072/3151 2972/4127/3192 2801/4133/3198
f 2975/4036/3118 2793/4073/3152 2822/4005/3089
f 2870/4135/3200 2855/4136/3201 2838/4137/3202
f 2764/4138/3056 2967/3983/3069 2763/4007/3091
f 2873/4139/3203 2868/4102/3175 2872/4140/3204
f 2875/4141/3205 2876/4105/3178 2869/4104/3177
f 2623/3886/3017 2619/3695/2888 2622/3694/2887
f 2747/4142/2984 2744/4143/2976 2739/3843/2988
f 2758/4107/3180 2752/3930/3040 2760/4144/3057
f 2756/4145/3067 2749/4146/3046 2748/4147/3035
f 2757/3980/3066 2968/4125/3080 2753/3977/3063
f 2765/3999/3083 2757/3996/3066 2756/4145/3067
f 2969/4115/3184 2759/3982/3068 2769/4148/3206
f 2968/4125/3080 2761/3978/3064 2753/3977/3063
f 2779/4149/3207 2769/4148/3206 2768/4068/3147
f 2760/4144/3057 2970/4066/3145 2758/4107/3180
f 2756/3981/3067 2969/4115/3184 2765/4150/3083
f 2781/4151/3208 2769/4148/3206 2780/4152/3209
f 2967/4153/3069 2764/3962/3056 2755/3964/3058
f 2775/4008/3092 2762/3984/3070 2774/4154/3094
f 2791/4040/3106 2802/4072/3151 2792/4074/3153
f 2899/4155/3085 2813/4156/3104 2888/4157/3210
f 2830/4158/3071 2811/4081/3157 2835/4159/3211
f 2832/4160/3212 2834/4161/3213 2839/4162/3214
f 2832/4160/3212 2828/4048/3128 2831/4047/3127
f 2843/4163/3143 2889/4164/3215 2844/4165/3141
f 2846/4166/3216 2883/4167/3217 2892/4168/3218
f 2875/4169/3219 2841/4170/3220 2848/4171/3221
f 2851/4172/3222 2868/4102/3175 2871/4084/3159
f 2973/4173/3199 2811/4174/3157 2799/4175/3073
f 2972/4127/3192 2800/4075/3072 2801/4133/3198
f 2976/3993/3078 2816/4176/3193 2850/4177/3223
f 2817/4085/3160 2976/3993/3078 2836/3992/3077
f 2865/4178/3224 2884/4179/3190 2889/4164/3215
f 2873/4180/3225 2890/4181/3226 2842/4182/3227
f 2873/4139/3203 2841/4170/3220 2874/4183/3228
f 2869/4101/3174 2874/4183/3228 2875/4169/3219
f 2793/4073/3152 2971/4184/3229 2792/4074/3153
f 2877/4185/3230 2848/4186/3231 2891/4187/3232
f 2861/4077/3154 2892/4168/3218 2883/4167/3217
f 2886/4045/3125 2802/4072/3151 2885/4188/3233
f 2905/4189/3234 2932/4190/3235 2906/4191/3236
f 2856/4103/3176 2852/4057/3137 2855/4136/3201
f 2827/4129/3194 2858/4013/3097 2820/4042/3122
f 2825/4192/3237 2819/4004/3088 2824/4089/3163
f 2863/4193/3238 2864/4098/3171 2859/4097/3167
f 2825/4192/3237 2828/4088/3128 2833/4194/3239
f 2976/3993/3078 2850/4177/3223 2851/3994/3079
f 2851/4172/3222 2837/4054/3134 2836/4195/3240
f 2861/4012/3096 2882/4069/3148 2862/4196/3241
f 2825/4197/3242 2833/4198/3243 2853/4058/3138
f 2866/4199/3244 2864/4098/3171 2865/4178/3224
f 2971/4184/3229 2975/4036/3118 2794/4200/3245
f 2839/4132/3197 2855/4136/3201 2854/4056/3136
f 2849/4096/3170 2867/4099/3172 2850/4177/3223
f 2789/4201/3182 2881/4202/3246 2898/4006/3090
f 2846/4203/3149 2840/4063/3142 2845/4204/3150
f 2856/4103/3176 2879/4078/3155 2857/4095/3169
f 2866/4199/3244 2889/4164/3215 2890/4181/3226
f 2904/4205/3247 2779/4149/3207 2893/4206/3248
f 2859/4093/3167 2862/4196/3241 2863/4207/3238
f 2878/4079/3156 2876/4105/3178 2877/4185/3230
f 2922/4208/3249 2895/4209/3250 2896/4119/3186
f 2846/4166/3216 2891/4187/3232 2847/4210/3251
f 2843/4163/3143 2842/4182/3227 2890/4181/3226
f 2878/4079/3156 2891/4187/3232 2892/4168/3218
f 2873/4180/3225 2867/4099/3172 2866/4199/3244
f 2884/4211/3190 2844/4212/3141 2889/4213/3215
f 2849/4096/3170 2975/4214/3118 2821/4215/3119
f 2765/4150/3083 2969/4115/3184 2770/4216/3252
f 2848/4186/3231 2847/4210/3251 2891/4187/3232
f 2914/4000/3084 2893/4217/3248 2894/4218/3253
f 2893/4206/3248 2768/4068/3147 2772/4067/3146
f 2785/4017/3101 2971/4184/3229 2786/4015/3099
f 2895/4209/3250 2761/3978/3064 2767/4126/3191
f 2916/4002/3086 2888/4219/3210 2912/4220/3165
f 2789/4201/3182 2785/4017/3101 2788/4016/3100
f 2918/4221/3254 2773/4011/3095 2895/4222/3250
f 2906/4191/3236 2779/4223/3207 2905/4189/3234
f 2881/4202/3246 2764/4138/3056 2763/4007/3091
f 2903/4224/3255 2774/4010/3094 2902/4225/3256
f 2909/4226/3257 2791/4227/3106 2908/4228/3258
f 2920/4229/3259 2885/4188/3233 2909/4230/3257
f 2888/4157/3210 2818/4050/3130 2887/4231/3140
f 2974/4232/3103 2976/3993/3078 2817/4085/3160
f 2972/4233/3192 2795/4026/3109 2800/3986/3072
f 2818/4080/3130 2974/4232/3103 2817/4085/3160
f 2795/4026/3109 2972/4233/3192 2803/4234/3124
f 2974/4235/3103 2818/4050/3130 2813/4156/3104
f 2973/4173/3199 2805/4032/3114 2810/4051/3131
f 2805/4032/3114 2973/4173/3199 2798/4236/3108
f 2830/3985/3071 2834/4161/3213 2831/4047/3127
f 2895/4209/3250 2778/4113/3183 2896/4119/3186
f 2794/4237/3245 2812/4018/3102 2786/4238/3099
f 2894/4239/3253 2814/4240/3117 2899/4155/3085
f 2969/4115/3184 2769/4148/3206 2770/4216/3252
f 2922/4241/3249 2900/4242/3123 2924/4243/3260
f 2863/4207/3238 2882/4069/3148 2884/4123/3190
f 2971/4184/3229 2785/4017/3101 2792/4074/3153
f 2914/4000/3084 2936/4244/3261 2935/4245/3262
f 2798/4236/3108 2973/4173/3199 2799/4175/3073
f 2897/4246/3263 2770/4216/3252 2781/4151/3208
f 2797/4247/3188 2777/4248/3075 2776/3998/3082
f 2849/4249/3170 2816/4128/3193 2794/4237/3245
f 2880/4122/3189 2765/4150/3083 2770/4216/3252
f 2968/3995/3080 2766/3997/3081 2767/4250/3191
f 2804/4251/3074 2795/4026/3109 2803/4234/3124
f 2787/4252/3115 2881/4202/3246 2788/4016/3100
f 2921/4027/3110 2930/4253/3264 2929/4254/3265
f 2893/4206/3248 2784/4255/3187 2894/4239/3253
f 2786/4015/3099 2971/4184/3229 2794/4200/3245
f 2917/4256/3266 2780/4257/3209 2906/4258/3236
f 2832/4131/3196 2853/4058/3138 2833/4198/3243
f 2794/4200/3245 2975/4036/3118 2849/4259/3170
f 2923/4260/3267 2781/4261/3208 2917/4256/3266
f 2919/4262/3268 2927/4263/3269 2910/4264/3139
f 2799/3987/3073 2795/4026/3109 2798/4025/3108
f 2919/4265/3268 2809/4061/3129 2808/4266/3111
f 2922/4241/3249 2931/4267/3270 2918/4268/3254
f 2908/4269/3258 2926/4270/3271 2925/4271/3272
f 2928/4272/3273 2909/4226/3257 2927/4273/3269
f 2924/4243/3260 2930/4253/3264 2922/4241/3249
f 2918/4221/3254 2932/4190/3235 2901/4009/3093
f 2934/4274/3274 2902/4225/3256 2933/4275/3275
f 2906/4191/3236 2931/4276/3270 2917/4277/3266
f 2915/4278/3276 2936/4244/3261 2913/4111/3181
f 2097/2896/2325 2089/4279/2295 2096/3252/2566
f 2907/4021/3105 2936/4244/3261 2926/4270/3271
f 2115/2892/2322 2092/2862/2294 2114/2886/2317
f 2924/4243/3260 2886/4280/3125 2920/4281/3259
f 2921/4027/3110 2928/4282/3273 2919/4262/3268
f 2909/4226/3257 2925/4283/3272 2927/4273/3269
f 2093/2893/2323 2089/2863/2295 2092/2862/2294
f 2920/4281/3259 2929/4254/3265 2924/4243/3260
f 2912/4220/3165 2925/4271/3272 2926/4270/3271
f 2912/4220/3165 2936/4244/3261 2916/4002/3086
f 2935/4245/3262 2903/4284/3255 2934/4285/3274
f 2913/4111/3181 2898/4286/3090 2915/4278/3276
f 2921/4027/3110 2897/4287/3263 2923/4260/3267
f 2784/4120/3187 2815/4034/3116 2814/4035/3117
f 2917/4256/3266 2930/4253/3264 2923/4260/3267
f 2809/4049/3129 2805/4032/3114 2808/4031/3111
f 2910/4059/3139 2925/4283/3272 2911/4092/3166
f 2797/4121/3188 2805/4032/3114 2798/4236/3108
f 2915/4278/3276 2775/4288/3092 2903/4284/3255
f 2807/4289/3112 2880/4122/3189 2897/4246/3263
f 2902/4225/3256 2932/4190/3235 2933/4275/3275
f 2904/4290/3247 2933/4275/3275 2905/4189/3234
f 2125/3108/2333 2118/2898/2327 2117/4291/2314
f 2914/4000/3084 2934/4285/3274 2904/4292/3247
f 2187/2864/2296 2096/4293/2566 2095/3032/2445
f 4237/4294/3277 2977/4295/3278 3398/4296/3279
f 3397/4297/3280 3399/4298/3281 2977/4295/3278
f 2977/4295/3278 4239/4299/3282 3400/4300/3283
f 3398/4296/3279 3400/4300/3283 4240/4301/3284
f 4238/4302/3285 2982/4303/3286 3399/4298/3281
f 3401/4304/3287 3402/4305/3288 2982/4303/3286
f 2982/4303/3286 4242/4306/3289 3403/4307/3290
f 3399/4298/3281 3403/4307/3290 4239/4299/3282
f 4241/4308/3291 2987/4309/3292 3402/4305/3288
f 3404/4310/3293 3405/4311/3294 2987/4309/3292
f 2987/4309/3292 4244/4312/3295 3406/4313/3296
f 3402/4305/3288 3406/4313/3296 4242/4306/3289
f 4243/4314/3297 2990/4315/3298 3405/4311/3294
f 3407/4316/3299 3408/4317/3300 2990/4315/3298
f 2990/4315/3298 4246/4318/3301 3409/4319/3302
f 3405/4311/3294 3409/4319/3302 4244/4312/3295
f 4245/4320/3303 2993/4321/3304 3408/4317/3300
f 3410/4322/3305 3411/4323/3306 2993/4321/3304
f 2993/4321/3304 4248/4324/3307 3412/4325/3308
f 3408/4317/3300 3412/4325/3308 4246/4318/3301
f 4247/4326/3309 2996/4327/3310 3411/4323/3306
f 3413/4328/3311 3414/4329/3312 2996/4327/3310
f 2996/4327/3310 4250/4330/3313 3415/4331/3314
f 3411/4323/3306 3415/4331/3314 4248/4324/3307
f 4249/4332/3315 2999/4333/3316 3414/4329/3312
f 3416/4334/3317 3417/4335/3318 2999/4333/3316
f 2999/4333/3316 4252/4336/3319 3418/4337/3320
f 3414/4329/3312 3418/4337/3320 4250/4330/3313
f 4251/4338/3321 3002/4339/3322 3417/4335/3318
f 3419/4340/3323 3420/4341/3324 3002/4339/3322
f 3002/4339/3322 4254/4342/3325 3421/4343/3326
f 3417/4335/3318 3421/4343/3326 4252/4336/3319
f 4253/4344/3327 3005/4345/3328 3420/4341/3324
f 3422/4346/3329 3423/4347/3330 3005/4345/3328
f 3005/4345/3328 4256/4348/3331 3424/4349/3332
f 3420/4341/3324 3424/4349/3332 4254/4342/3325
f 4255/4350/3333 3008/4351/3334 3423/4347/3330
f 3425/4352/3335 3426/4353/3336 3008/4351/3334
f 3008/4351/3334 4258/4354/3337 3427/4355/3338
f 3423/4347/3330 3427/4355/3338 4256/4348/3331
f 4257/4356/3339 3011/4357/3340 3426/4353/3336
f 3428/4358/3341 3429/4359/3342 3011/4357/3340
f 3011/4357/3340 4260/4360/3343 3430/4361/3344
f 3426/4353/3336 3430/4361/3344 4258/4354/3337
f 4259/4362/3345 3014/4363/3346 3429/4359/3342
f 3431/4364/3347 3432/4365/3348 3014/4363/3346
f 3014/4363/3346 4262/4366/3349 3433/4367/3350
f 3429/4359/3342 3433/4367/3350 4260/4360/3343
f 4261/4368/3351 3017/4369/3352 3432/4365/3348
f 3434/4370/3353 3435/4371/3354 3017/4369/3352
f 3017/4369/3352 4264/4372/3355 3436/4373/3356
f 3432/4365/3348 3436/4373/3356 4262/4366/3349
f 4263/4374/3357 3020/4375/3358 3435/4371/3354
f 3437/4376/3359 3438/4377/3360 3020/4375/3358
f 3020/4375/3358 4266/4378/3361 3439/4379/3362
f 3435/4371/3354 3439/4379/3362 4264/4372/3355
f 4265/4380/3363 3023/4381/3364 3438/4377/3360
f 3440/4382/3365 3441/4383/3366 3023/4381/3364
f 3023/4381/3364 4268/4384/3367 3442/4385/3368
f 3438/4377/3360 3442/4385/3368 4266/4378/3361
f 4267/4386/3369 3026/4387/3370 3441/4383/3366
f 3443/4388/3371 3444/4389/3372 3026/4387/3370
f 3026/4387/3370 4270/4390/3373 3445/4391/3374
f 3441/4383/3366 3445/4391/3374 4268/4384/3367
f 4269/4392/3375 3029/4393/3376 3444/4389/3372
f 3446/4394/3377 3447/4395/3378 3029/4393/3376
f 3029/4393/3376 4272/4396/3379 3448/4397/3380
f 3444/4389/3372 3448/4397/3380 4270/4390/3373
f 4271/4398/3381 3032/4399/3382 3447/4395/3378
f 3449/4400/3383 3450/4401/3384 3032/4399/3382
f 3032/4399/3382 4274/4402/3385 3451/4403/3386
f 3447/4395/3378 3451/4403/3386 4272/4396/3379
f 4273/4404/3387 3035/4405/3388 3450/4401/3384
f 3452/4406/3389 3453/4407/3390 3035/4405/3388
f 3035/4405/3388 4276/4408/3391 3454/4409/3392
f 3450/4401/3384 3454/4409/3392 4274/4402/3385
f 4275/4410/3393 3038/4411/3394 3453/4407/3390
f 3455/4412/3395 3456/4413/3396 3038/4411/3394
f 3038/4411/3394 4278/4414/3397 3457/4415/3398
f 3453/4407/3390 3457/4415/3398 4276/4408/3391
f 4277/4416/3399 3041/4417/3400 3456/4413/3396
f 3458/4418/3401 3459/4419/3402 3041/4417/3400
f 3041/4417/3400 4280/4420/3403 3460/4421/3404
f 3456/4413/3396 3460/4421/3404 4278/4414/3397
f 4279/4422/3405 3044/4423/3406 3459/4419/3402
f 3461/4424/3407 3462/4425/3408 3044/4423/3406
f 3044/4423/3406 4282/4426/3409 3463/4427/3410
f 3459/4419/3402 3463/4427/3410 4280/4420/3403
f 4281/4428/3411 3047/4429/3412 3462/4425/3408
f 3464/4430/3413 3465/4431/3414 3047/4429/3412
f 3047/4429/3412 4284/4432/3415 3466/4433/3416
f 3462/4425/3408 3466/4433/3416 4282/4426/3409
f 4283/4434/3417 3050/4435/3418 3465/4431/3414
f 3467/4436/3419 3468/4437/3420 3050/4435/3418
f 3050/4435/3418 4286/4438/3421 3469/4439/3422
f 3465/4431/3414 3469/4439/3422 4284/4432/3415
f 4285/4440/3423 3053/4441/3424 3468/4437/3420
f 3470/4442/3425 3471/4443/3426 3053/4441/3424
f 3053/4441/3424 4288/4444/3427 3472/4445/3428
f 3468/4437/3420 3472/4445/3428 4286/4438/3421
f 4287/4446/3429 3056/4447/3430 3471/4443/3426
f 3473/4448/3431 3474/4449/3432 3056/4447/3430
f 3056/4447/3430 4290/4450/3433 3475/4451/3434
f 3471/4443/3426 3475/4451/3434 4288/4444/3427
f 4289/4452/3435 3059/4453/3436 3474/4449/3432
f 3476/4454/3437 3477/4455/3438 3059/4453/3436
f 3059/4453/3436 4292/4456/3439 3478/4457/3440
f 3474/4449/3432 3478/4457/3440 4290/4450/3433
f 4291/4458/3441 3062/4459/3442 3477/4455/3438
f 3479/4460/3443 3480/4461/3444 3062/4459/3442
f 3062/4459/3442 4294/4462/3445 3481/4463/3446
f 3477/4455/3438 3481/4463/3446 4292/4456/3439
f 4293/4464/3447 3065/4465/3448 3480/4461/3444
f 3482/4466/3449 3483/4467/3450 3065/4465/3448
f 3065/4465/3448 4296/4468/3451 3484/4469/3452
f 3480/4461/3444 3484/4469/3452 4294/4462/3445
f 4295/4470/3453 2978/4471/3454 3483/4467/3450
f 3485/4472/3455 3398/4296/3279 2978/4471/3454
f 2978/4471/3454 4240/4301/3284 3486/4473/3456
f 3483/4467/3450 3486/4473/3456 4296/4468/3451
f 4297/4474/3457 3067/4475/3458 3488/4476/3459
f 3487/4477/3460 3489/4478/3461 3067/4475/3458
f 3067/4475/3458 4299/4479/3462 3490/4480/3463
f 3488/4476/3459 3490/4480/3463 4300/4481/3464
f 4301/4482/3465 3068/4483/3466 3492/4484/3467
f 3491/4485/3468 3493/4486/3469 3068/4483/3466
f 3068/4483/3466 4298/4487/3470 3487/4477/3460
f 3492/4484/3467 3487/4477/3460 4297/4474/3457
f 4303/4488/3471 3073/4489/3472 3495/4490/3473
f 3494/4491/3474 3496/4492/3475 3073/4489/3472
f 3073/4493/3472 4302/4494/3476 3491/4485/3468
f 3495/4490/3473 3491/4495/3468 4301/4496/3465
f 4305/4497/3477 3075/4498/3478 3498/4499/3479
f 3497/4500/3480 3499/4501/3481 3075/4498/3478
f 3075/4498/3478 4304/4502/3482 3494/4491/3474
f 3498/4499/3479 3494/4491/3474 4303/4488/3471
f 4307/4503/3483 3077/4504/3484 3501/4505/3485
f 3500/4506/3486 3502/4507/3487 3077/4504/3484
f 3077/4504/3484 4306/4508/3488 3497/4509/3480
f 3501/4510/3485 3497/4500/3480 4305/4497/3477
f 4309/4511/3489 3079/4512/3490 3504/4513/3491
f 3503/4514/3492 3505/4515/3493 3079/4512/3490
f 3079/4512/3490 4308/4516/3494 3500/4506/3486
f 3504/4513/3491 3500/4506/3486 4307/4503/3483
f 4311/4517/3495 3081/4518/3496 3507/4519/3497
f 3506/4520/3498 3508/4521/3499 3081/4518/3496
f 3081/4518/3496 4310/4522/3500 3503/4514/3492
f 3507/4519/3497 3503/4514/3492 4309/4511/3489
f 4313/4523/3501 3083/4524/3502 3510/4525/3503
f 3509/4526/3504 3511/4527/3505 3083/4524/3502
f 3083/4524/3502 4312/4528/3506 3506/4520/3498
f 3510/4525/3503 3506/4520/3498 4311/4517/3495
f 4315/4529/3507 3085/4530/3508 3513/4531/3509
f 3512/4532/3510 3514/4533/3511 3085/4530/3508
f 3085/4530/3508 4314/4534/3512 3509/4526/3504
f 3513/4531/3509 3509/4526/3504 4313/4523/3501
f 4317/4535/3513 3087/4536/3514 3516/4537/3515
f 3515/4538/3516 3517/4539/3517 3087/4536/3514
f 3087/4536/3514 4316/4540/3518 3512/4532/3510
f 3516/4537/3515 3512/4532/3510 4315/4529/3507
f 4319/4541/3519 3089/4542/3520 3519/4543/3521
f 3518/4544/3522 3520/4545/3523 3089/4542/3520
f 3089/4546/3520 4318/4547/3524 3515/4538/3516
f 3519/4543/3521 3515/4548/3516 4317/4549/3513
f 4321/4550/3525 3091/4551/3526 3522/4552/3527
f 3521/4553/3528 3523/4554/3529 3091/4551/3526
f 3091/4551/3526 4320/4555/3530 3518/4544/3522
f 3522/4552/3527 3518/4544/3522 4319/4541/3519
f 4323/4556/3531 3093/4557/3532 3525/4558/3533
f 3524/4559/3534 3526/4560/3535 3093/4557/3532
f 3093/4557/3532 4322/4561/3536 3521/4553/3528
f 3525/4558/3533 3521/4553/3528 4321/4550/3525
f 4325/4562/3537 3095/4563/3538 3528/4564/3539
f 3527/4565/3540 3529/4566/3541 3095/4567/3538
f 3095/4563/3538 4324/4568/3542 3524/4559/3534
f 3528/4564/3539 3524/4559/3534 4323/4556/3531
f 4327/4569/3543 3097/4570/3544 3531/4571/3545
f 3530/4572/3546 3532/4573/3547 3097/4574/3544
f 3097/4574/3544 4326/4575/3548 3527/4565/3540
f 3531/4571/3545 3527/4576/3540 4325/4562/3537
f 4329/4577/3549 3099/4578/3550 3534/4579/3551
f 3533/4580/3552 3535/4581/3553 3099/4578/3550
f 3099/4578/3550 4328/4582/3554 3530/4583/3546
f 3534/4579/3551 3530/4583/3546 4327/4569/3543
f 4331/4584/3555 3101/4585/3556 3537/4586/3557
f 3536/4587/3558 3538/4588/3559 3101/4585/3556
f 3101/4585/3556 4330/4589/3560 3533/4580/3552
f 3537/4586/3557 3533/4580/3552 4329/4577/3549
f 4333/4590/3561 3103/4591/3562 3540/4592/3563
f 3539/4593/3564 3541/4594/3565 3103/4591/3562
f 3103/4591/3562 4332/4595/3566 3536/4587/3558
f 3540/4592/3563 3536/4587/3558 4331/4584/3555
f 4335/4596/3567 3105/4597/3568 3543/4598/3569
f 3542/4599/3570 3544/4600/3571 3105/4597/3568
f 3105/4597/3568 4334/4601/3572 3539/4593/3564
f 3543/4598/3569 3539/4593/3564 4333/4590/3561
f 4337/4602/3573 3107/4603/3574 3546/4604/3575
f 3545/4605/3576 3547/4606/3577 3107/4603/3574
f 3107/4603/3574 4336/4607/3578 3542/4599/3570
f 3546/4604/3575 3542/4599/3570 4335/4596/3567
f 4339/4608/3579 3109/4609/3580 3549/4610/3581
f 3548/4611/3582 3550/4612/3583 3109/4609/3580
f 3109/4609/3580 4338/4613/3584 3545/4605/3576
f 3549/4610/3581 3545/4605/3576 4337/4602/3573
f 4341/4614/3585 3111/4615/3586 3552/4616/3587
f 3551/4617/3588 3553/4618/3589 3111/4615/3586
f 3111/4615/3586 4340/4619/3590 3548/4611/3582
f 3552/4616/3587 3548/4611/3582 4339/4608/3579
f 4343/4620/3591 3113/4621/3592 3555/4622/3593
f 3554/4623/3594 3556/4624/3595 3113/4621/3592
f 3113/4621/3592 4342/4625/3596 3551/4617/3588
f 3555/4622/3593 3551/4617/3588 4341/4614/3585
f 4345/4626/3597 3115/4627/3598 3558/4628/3599
f 3557/4629/3600 3559/4630/3601 3115/4627/3598
f 3115/4627/3598 4344/4631/3602 3554/4623/3594
f 3558/4628/3599 3554/4623/3594 4343/4620/3591
f 4347/4632/3603 3117/4633/3604 3561/4634/3605
f 3560/4635/3606 3562/4636/3607 3117/4633/3604
f 3117/4633/3604 4346/4637/3608 3557/4629/3600
f 3561/4634/3605 3557/4629/3600 4345/4626/3597
f 4349/4638/3609 3119/4639/3610 3564/4640/3611
f 3563/4641/3612 3565/4642/3613 3119/4639/3610
f 3119/4639/3610 4348/4643/3614 3560/4635/3606
f 3564/4640/3611 3560/4635/3606 4347/4632/3603
f 4351/4644/3615 3121/4645/3616 3567/4646/3617
f 3566/4647/3618 3568/4648/3619 3121/4645/3616
f 3121/4645/3616 4350/4649/3620 3563/4641/3612
f 3567/4646/3617 3563/4641/3612 4349/4638/3609
f 4353/4650/3621 3123/4651/3622 3570/4652/3623
f 3569/4653/3624 3571/4654/3625 3123/4651/3622
f 3123/4651/3622 4352/4655/3626 3566/4647/3618
f 3570/4652/3623 3566/4647/3618 4351/4644/3615
f 4355/4656/3627 3125/4657/3628 3573/4658/3629
f 3572/4659/3630 3574/4660/3631 3125/4661/3628
f 3125/4657/3628 4354/4662/3632 3569/4653/3624
f 3573/4658/3629 3569/4653/3624 4353/4650/3621
f 4300/4481/3464 3072/4663/3633 3575/4664/3634
f 3490/4480/3463 3576/4665/3635 3072/4663/3633
f 3072/4663/3633 4356/4666/3636 3572/4659/3630
f 3575/4664/3634 3572/4659/3630 4355/4667/3627
f 4357/4668/3637 3070/4669/3638 3578/4670/3639
f 3577/4671/3640 3579/4672/3641 3070/4669/3638
f 3070/4669/3638 4299/4673/3462 3489/4674/3461
f 3578/4670/3639 3489/4674/3461 4298/4675/3470
f 4359/4676/3642 3069/4677/3643 3581/4678/3644
f 3580/4679/3645 3578/4670/3639 3069/4677/3643
f 3069/4677/3643 4298/4675/3470 3493/4680/3469
f 3581/4678/3644 3493/4680/3469 4302/4681/3476
f 4360/4682/3646 3074/4683/3647 3583/4684/3648
f 3582/4685/3649 3581/4678/3644 3074/4683/3647
f 3074/4683/3647 4302/4681/3476 3496/4492/3475
f 3583/4684/3648 3496/4492/3475 4304/4502/3482
f 4361/4686/3650 3076/4687/3651 3585/4688/3652
f 3584/4689/3653 3583/4684/3648 3076/4687/3651
f 3076/4687/3651 4304/4502/3482 3499/4501/3481
f 3585/4688/3652 3499/4501/3481 4306/4690/3488
f 4362/4691/3654 3078/4692/3655 3587/4693/3656
f 3586/4694/3657 3585/4688/3652 3078/4692/3655
f 3078/4692/3655 4306/4690/3488 3502/4695/3487
f 3587/4693/3656 3502/4695/3487 4308/4696/3494
f 4363/4697/3658 3080/4698/3659 3589/4699/3660
f 3588/4700/3661 3587/4693/3656 3080/4698/3659
f 3080/4698/3659 4308/4696/3494 3505/4701/3493
f 3589/4699/3660 3505/4701/3493 4310/4702/3500
f 4364/4703/3662 3082/4704/3663 3591/4705/3664
f 3590/4706/3665 3589/4699/3660 3082/4704/3663
f 3082/4704/3663 4310/4702/3500 3508/4707/3499
f 3591/4705/3664 3508/4707/3499 4312/4708/3506
f 4365/4709/3666 3084/4710/3667 3593/4711/3668
f 3592/4712/3669 3591/4705/3664 3084/4710/3667
f 3084/4710/3667 4312/4708/3506 3511/4713/3505
f 3593/4711/3668 3511/4713/3505 4314/4714/3512
f 4366/4715/3670 3086/4716/3671 3595/4717/3672
f 3594/4718/3673 3593/4711/3668 3086/4716/3671
f 3086/4716/3671 4314/4714/3512 3514/4719/3511
f 3595/4717/3672 3514/4719/3511 4316/4720/3518
f 4367/4721/3674 3088/4722/3675 3597/4723/3676
f 3596/4724/3677 3595/4717/3672 3088/4722/3675
f 3088/4722/3675 4316/4720/3518 3517/4725/3517
f 3597/4723/3676 3517/4725/3517 4318/4726/3524
f 4368/4727/3678 3090/4728/3679 3599/4729/3680
f 3598/4730/3681 3597/4723/3676 3090/4728/3679
f 3090/4728/3679 4318/4726/3524 3520/4545/3523
f 3599/4729/3680 3520/4545/3523 4320/4555/3530
f 4369/4731/3682 3092/4732/3683 3601/4733/3684
f 3600/4734/3685 3599/4729/3680 3092/4732/3683
f 3092/4732/3683 4320/4555/3530 3523/4554/3529
f 3601/4733/3684 3523/4554/3529 4322/4561/3536
f 4370/4735/3686 3094/4736/3687 3603/4737/3688
f 3602/4738/3689 3601/4733/3684 3094/4736/3687
f 3094/4736/3687 4322/4561/3536 3526/4560/3535
f 3603/4737/3688 3526/4560/3535 4324/4568/3542
f 4371/4739/3690 3096/4740/3691 3605/4741/3692
f 3604/4742/3693 3603/4737/3688 3096/4740/3691
f 3096/4740/3691 4324/4568/3542 3529/4743/3541
f 3605/4741/3692 3529/4743/3541 4326/4744/3548
f 4372/4745/3694 3098/4746/3695 3607/4747/3696
f 3606/4748/3697 3605/4741/3692 3098/4746/3695
f 3098/4746/3695 4326/4744/3548 3532/4749/3547
f 3607/4747/3696 3532/4749/3547 4328/4582/3554
f 4373/4750/3698 3100/4751/3699 3609/4752/3700
f 3608/4753/3701 3607/4747/3696 3100/4751/3699
f 3100/4751/3699 4328/4582/3554 3535/4581/3553
f 3609/4752/3700 3535/4581/3553 4330/4589/3560
f 4374/4754/3702 3102/4755/3703 3611/4756/3704
f 3610/4757/3705 3609/4752/3700 3102/4755/3703
f 3102/4755/3703 4330/4589/3560 3538/4588/3559
f 3611/4756/3704 3538/4588/3559 4332/4595/3566
f 4375/4758/3706 3104/4759/3707 3613/4760/3708
f 3612/4761/3709 3611/4756/3704 3104/4759/3707
f 3104/4759/3707 4332/4595/3566 3541/4594/3565
f 3613/4760/3708 3541/4594/3565 4334/4601/3572
f 4376/4762/3710 3106/4763/3711 3615/4764/3712
f 3614/4765/3713 3613/4760/3708 3106/4763/3711
f 3106/4763/3711 4334/4601/3572 3544/4600/3571
f 3615/4764/3712 3544/4600/3571 4336/4607/3578
f 4377/4766/3714 3108/4767/3715 3617/4768/3716
f 3616/4769/3717 3615/4764/3712 3108/4767/3715
f 3108/4767/3715 4336/4607/3578 3547/4606/3577
f 3617/4768/3716 3547/4606/3577 4338/4613/3584
f 4378/4770/3718 3110/4771/3719 3619/4772/3720
f 3618/4773/3721 3617/4768/3716 3110/4771/3719
f 3110/4771/3719 4338/4613/3584 3550/4612/3583
f 3619/4772/3720 3550/4612/3583 4340/4619/3590
f 4379/4774/3722 3112/4775/3723 3621/4776/3724
f 3620/4777/3725 3619/4772/3720 3112/4775/3723
f 3112/4775/3723 4340/4619/3590 3553/4618/3589
f 3621/4776/3724 3553/4618/3589 4342/4625/3596
f 4380/4778/3726 3114/4779/3727 3623/4780/3728
f 3622/4781/3729 3621/4776/3724 3114/4779/3727
f 3114/4779/3727 4342/4625/3596 3556/4624/3595
f 3623/4780/3728 3556/4624/3595 4344/4631/3602
f 4381/4782/3730 3116/4783/3731 3625/4784/3732
f 3624/4785/3733 3623/4780/3728 3116/4783/3731
f 3116/4783/3731 4344/4631/3602 3559/4630/3601
f 3625/4784/3732 3559/4630/3601 4346/4637/3608
f 4382/4786/3734 3118/4787/3735 3627/4788/3736
f 3626/4789/3737 3625/4784/3732 3118/4787/3735
f 3118/4787/3735 4346/4637/3608 3562/4636/3607
f 3627/4788/3736 3562/4636/3607 4348/4643/3614
f 4383/4790/3738 3120/4791/3739 3629/4792/3740
f 3628/4793/3741 3627/4788/3736 3120/4791/3739
f 3120/4791/3739 4348/4643/3614 3565/4642/3613
f 3629/4792/3740 3565/4642/3613 4350/4649/3620
f 4384/4794/3742 3122/4795/3743 3631/4796/3744
f 3630/4797/3745 3629/4792/3740 3122/4795/3743
f 3122/4795/3743 4350/4649/3620 3568/4648/3619
f 3631/4796/3744 3568/4648/3619 4352/4655/3626
f 4385/4798/3746 3124/4799/3747 3633/4800/3748
f 3632/4801/3749 3631/4796/3744 3124/4799/3747
f 3124/4799/3747 4352/4655/3626 3571/4654/3625
f 3633/4800/3748 3571/4654/3625 4354/4662/3632
f 4386/4802/3750 3126/4803/3751 3635/4804/3752
f 3634/4805/3753 3633/4800/3748 3126/4803/3751
f 3126/4803/3751 4354/4662/3632 3574/4806/3631
f 3635/4804/3752 3574/4806/3631 4356/4807/3636
f 4358/4808/3754 3071/4809/3755 3579/4672/3641
f 3636/4810/3756 3635/4804/3752 3071/4809/3755
f 3071/4809/3755 4356/4807/3636 3576/4811/3635
f 3579/4672/3641 3576/4811/3635 4299/4673/3462
f 4239/4299/3282 2984/4812/3757 3400/4300/3283
f 3637/4813/3758 3488/4814/3459 2984/4812/3757
f 2984/4812/3757 4300/4815/3464 3638/4816/3759
f 3400/4300/3283 3638/4816/3759 4240/4301/3284
f 4242/4306/3289 2983/4817/3760 3403/4307/3290
f 3639/4818/3761 3492/4819/3467 2983/4817/3760
f 2983/4817/3760 4297/4820/3457 3637/4813/3758
f 3403/4307/3290 3637/4813/3758 4239/4299/3282
f 4244/4312/3295 2988/4821/3762 3406/4313/3296
f 3640/4822/3763 3495/4490/3473 2988/4821/3762
f 2988/4821/3762 4301/4496/3465 3639/4818/3761
f 3406/4313/3296 3639/4818/3761 4242/4306/3289
f 4246/4318/3301 2991/4823/3764 3409/4319/3302
f 3641/4824/3765 3498/4499/3479 2991/4823/3764
f 2991/4823/3764 4303/4488/3471 3640/4822/3763
f 3409/4319/3302 3640/4822/3763 4244/4312/3295
f 4248/4324/3307 2994/4825/3766 3412/4325/3308
f 3642/4826/3767 3501/4510/3485 2994/4825/3766
f 2994/4825/3766 4305/4497/3477 3641/4824/3765
f 3412/4325/3308 3641/4824/3765 4246/4318/3301
f 4250/4330/3313 2997/4827/3768 3415/4331/3314
f 3643/4828/3769 3504/4829/3491 2997/4827/3768
f 2997/4827/3768 4307/4830/3483 3642/4826/3767
f 3415/4331/3314 3642/4826/3767 4248/4324/3307
f 4252/4336/3319 3000/4831/3770 3418/4337/3320
f 3644/4832/3771 3507/4833/3497 3000/4831/3770
f 3000/4831/3770 4309/4834/3489 3643/4828/3769
f 3418/4337/3320 3643/4828/3769 4250/4330/3313
f 4254/4342/3325 3003/4835/3772 3421/4343/3326
f 3645/4836/3773 3510/4837/3503 3003/4835/3772
f 3003/4835/3772 4311/4838/3495 3644/4832/3771
f 3421/4343/3326 3644/4832/3771 4252/4336/3319
f 4256/4348/3331 3006/4839/3774 3424/4349/3332
f 3646/4840/3775 3513/4841/3509 3006/4839/3774
f 3006/4839/3774 4313/4842/3501 3645/4836/3773
f 3424/4349/3332 3645/4836/3773 4254/4342/3325
f 4258/4354/3337 3009/4843/3776 3427/4355/3338
f 3647/4844/3777 3516/4845/3515 3009/4843/3776
f 3009/4843/3776 4315/4846/3507 3646/4840/3775
f 3427/4355/3338 3646/4840/3775 4256/4348/3331
f 4260/4360/3343 3012/4847/3778 3430/4361/3344
f 3648/4848/3779 3519/4543/3521 3012/4847/3778
f 3012/4847/3778 4317/4549/3513 3647/4844/3777
f 3430/4361/3344 3647/4844/3777 4258/4354/3337
f 4262/4366/3349 3015/4849/3780 3433/4367/3350
f 3649/4850/3781 3522/4552/3527 3015/4849/3780
f 3015/4849/3780 4319/4541/3519 3648/4848/3779
f 3433/4367/3350 3648/4848/3779 4260/4360/3343
f 4264/4372/3355 3018/4851/3782 3436/4373/3356
f 3650/4852/3783 3525/4558/3533 3018/4851/3782
f 3018/4851/3782 4321/4550/3525 3649/4850/3781
f 3436/4373/3356 3649/4850/3781 4262/4366/3349
f 4266/4378/3361 3021/4853/3784 3439/4379/3362
f 3651/4854/3785 3528/4564/3539 3021/4853/3784
f 3021/4853/3784 4323/4556/3531 3650/4852/3783
f 3439/4379/3362 3650/4852/3783 4264/4372/3355
f 4268/4384/3367 3024/4855/3786 3442/4385/3368
f 3652/4856/3787 3531/4571/3545 3024/4855/3786
f 3024/4855/3786 4325/4562/3537 3651/4854/3785
f 3442/4385/3368 3651/4854/3785 4266/4378/3361
f 4270/4390/3373 3027/4857/3788 3445/4391/3374
f 3653/4858/3789 3534/4579/3551 3027/4857/3788
f 3027/4857/3788 4327/4569/3543 3652/4856/3787
f 3445/4391/3374 3652/4856/3787 4268/4384/3367
f 4272/4396/3379 3030/4859/3790 3448/4397/3380
f 3654/4860/3791 3537/4586/3557 3030/4859/3790
f 3030/4859/3790 4329/4577/3549 3653/4858/3789
f 3448/4397/3380 3653/4858/3789 4270/4390/3373
f 4274/4402/3385 3033/4861/3792 3451/4403/3386
f 3655/4862/3793 3540/4592/3563 3033/4861/3792
f 3033/4861/3792 4331/4584/3555 3654/4860/3791
f 3451/4403/3386 3654/4860/3791 4272/4396/3379
f 4276/4408/3391 3036/4863/3794 3454/4409/3392
f 3656/4864/3795 3543/4598/3569 3036/4863/3794
f 3036/4863/3794 4333/4590/3561 3655/4862/3793
f 3454/4409/3392 3655/4862/3793 4274/4402/3385
f 4278/4414/3397 3039/4865/3796 3457/4415/3398
f 3657/4866/3797 3546/4604/3575 3039/4865/3796
f 3039/4865/3796 4335/4596/3567 3656/4864/3795
f 3457/4415/3398 3656/4864/3795 4276/4408/3391
f 4280/4420/3403 3042/4867/3798 3460/4421/3404
f 3658/4868/3799 3549/4610/3581 3042/4867/3798
f 3042/4867/3798 4337/4602/3573 3657/4866/3797
f 3460/4421/3404 3657/4866/3797 4278/4414/3397
f 4282/4426/3409 3045/4869/3800 3463/4427/3410
f 3659/4870/3801 3552/4616/3587 3045/4869/3800
f 3045/4869/3800 4339/4608/3579 3658/4868/3799
f 3463/4427/3410 3658/4868/3799 4280/4420/3403
f 4284/4432/3415 3048/4871/3802 3466/4433/3416
f 3660/4872/3803 3555/4622/3593 3048/4871/3802
f 3048/4871/3802 4341/4614/3585 3659/4870/3801
f 3466/4433/3416 3659/4870/3801 4282/4426/3409
f 4286/4438/3421 3051/4873/3804 3469/4439/3422
f 3661/4874/3805 3558/4628/3599 3051/4873/3804
f 3051/4873/3804 4343/4620/3591 3660/4872/3803
f 3469/4439/3422 3660/4872/3803 4284/4432/3415
f 4288/4444/3427 3054/4875/3806 3472/4445/3428
f 3662/4876/3807 3561/4634/3605 3054/4875/3806
f 3054/4875/3806 4345/4626/3597 3661/4874/3805
f 3472/4445/3428 3661/4874/3805 4286/4438/3421
f 4290/4450/3433 3057/4877/3808 3475/4451/3434
f 3663/4878/3809 3564/4640/3611 3057/4877/3808
f 3057/4877/3808 4347/4632/3603 3662/4876/3807
f 3475/4451/3434 3662/4876/3807 4288/4444/3427
f 4292/4456/3439 3060/4879/3810 3478/4457/3440
f 3664/4880/3811 3567/4646/3617 3060/4879/3810
f 3060/4879/3810 4349/4638/3609 3663/4878/3809
f 3478/4457/3440 3663/4878/3809 4290/4450/3433
f 4294/4462/3445 3063/4881/3812 3481/4463/3446
f 3665/4882/3813 3570/4652/3623 3063/4881/3812
f 3063/4881/3812 4351/4644/3615 3664/4880/3811
f 3481/4463/3446 3664/4880/3811 4292/4456/3439
f 4296/4468/3451 3066/4883/3814 3484/4469/3452
f 3666/4884/3815 3573/4658/3629 3066/4883/3814
f 3066/4883/3814 4353/4650/3621 3665/4882/3813
f 3484/4469/3452 3665/4882/3813 4294/4462/3445
f 4240/4301/3284 2985/4885/3816 3486/4473/3456
f 3638/4816/3759 3575/4886/3634 2985/4885/3816
f 2985/4885/3816 4355/4656/3627 3666/4884/3815
f 3486/4473/3456 3666/4884/3815 4296/4468/3451
f 4387/4887/3817 3157/4888/3818 3668/4889/3819
f 3667/4890/3820 3669/4891/3821 3157/4888/3818
f 3157/4888/3818 4389/4892/3822 3670/4893/3823
f 3668/4889/3819 3670/4893/3823 4390/4894/3824
f 4390/4894/3824 3164/4895/3825 3671/4896/3826
f 3670/4893/3823 3672/4897/3827 3164/4895/3825
f 3164/4895/3825 4391/4898/3828 3673/4899/3829
f 3671/4896/3826 3673/4899/3829 4392/4900/3830
f 4392/4900/3830 3167/4901/3831 3674/4902/3832
f 3673/4899/3829 3675/4903/3833 3167/4901/3831
f 3167/4901/3831 4393/4904/3834 3676/4905/3835
f 3674/4902/3832 3676/4905/3835 4394/4906/3836
f 4394/4906/3836 3170/4907/3837 3677/4908/3838
f 3676/4905/3835 3678/4909/3839 3170/4907/3837
f 3170/4907/3837 4395/4910/3840 3679/4911/3841
f 3677/4908/3838 3679/4911/3841 4396/4912/3842
f 4396/4912/3842 3173/4913/3843 3680/4914/3844
f 3679/4911/3841 3681/4915/3845 3173/4913/3843
f 3173/4913/3843 4397/4916/3846 3682/4917/3847
f 3680/4914/3844 3682/4917/3847 4398/4918/3848
f 4398/4918/3848 3176/4919/3849 3683/4920/3850
f 3682/4917/3847 3684/4921/3851 3176/4919/3849
f 3176/4919/3849 4399/4922/3852 3685/4923/3853
f 3683/4920/3850 3685/4923/3853 4400/4924/3854
f 4400/4924/3854 3179/4925/3855 3686/4926/3856
f 3685/4923/3853 3687/4927/3857 3179/4925/3855
f 3179/4925/3855 4401/4928/3858 3688/4929/3859
f 3686/4926/3856 3688/4929/3859 4402/4930/3860
f 4402/4930/3860 3182/4931/3861 3689/4932/3862
f 3688/4929/3859 3690/4933/3863 3182/4931/3861
f 3182/4931/3861 4403/4934/3864 3691/4935/3865
f 3689/4932/3862 3691/4935/3865 4404/4936/3866
f 4404/4936/3866 3185/4937/3867 3692/4938/3868
f 3691/4935/3865 3693/4939/3869 3185/4937/3867
f 3185/4937/3867 4405/4940/3870 3694/4941/3871
f 3692/4938/3868 3694/4941/3871 4406/4942/3872
f 4406/4942/3872 3188/4943/3873 3695/4944/3874
f 3694/4941/3871 3696/4945/3875 3188/4943/3873
f 3188/4943/3873 4407/4946/3876 3697/4947/3877
f 3695/4944/3874 3697/4947/3877 4408/4948/3878
f 4408/4948/3878 3191/4949/3879 3698/4950/3880
f 3697/4947/3877 3699/4951/3881 3191/4949/3879
f 3191/4949/3879 4409/4952/3882 3700/4953/3883
f 3698/4950/3880 3700/4953/3883 4410/4954/3884
f 4410/4954/3884 3194/4955/3885 3701/4956/3886
f 3700/4953/3883 3702/4957/3887 3194/4955/3885
f 3194/4955/3885 4411/4958/3888 3703/4959/3889
f 3701/4956/3886 3703/4959/3889 4412/4960/3890
f 4412/4960/3890 3197/4961/3891 3704/4962/3892
f 3703/4959/3889 3705/4963/3893 3197/4961/3891
f 3197/4961/3891 4413/4964/3894 3706/4965/3895
f 3704/4962/3892 3706/4965/3895 4414/4966/3896
f 4414/4966/3896 3200/4967/3897 3707/4968/3898
f 3706/4965/3895 3708/4969/3899 3200/4967/3897
f 3200/4967/3897 4415/4970/3900 3709/4971/3901
f 3707/4968/3898 3709/4971/3901 4416/4972/3902
f 4416/4972/3902 3203/4973/3903 3710/4974/3904
f 3709/4971/3901 3711/4975/3905 3203/4973/3903
f 3203/4973/3903 4417/4976/3906 3712/4977/3907
f 3710/4974/3904 3712/4977/3907 4418/4978/3908
f 4418/4978/3908 3206/4979/3909 3713/4980/3910
f 3712/4977/3907 3714/4981/3911 3206/4979/3909
f 3206/4979/3909 4419/4982/3912 3715/4983/3913
f 3713/4980/3910 3715/4983/3913 4420/4984/3914
f 4420/4984/3914 3209/4985/3915 3716/4986/3916
f 3715/4983/3913 3717/4987/3917 3209/4985/3915
f 3209/4985/3915 4421/4988/3918 3718/4989/3919
f 3716/4986/3916 3718/4989/3919 4422/4990/3920
f 4422/4990/3920 3212/4991/3921 3719/4992/3922
f 3718/4989/3919 3720/4993/3923 3212/4991/3921
f 3212/4991/3921 4423/4994/3924 3721/4995/3925
f 3719/4992/3922 3721/4995/3925 4424/4996/3926
f 4424/4996/3926 3215/4997/3927 3722/4998/3928
f 3721/4995/3925 3723/4999/3929 3215/4997/3927
f 3215/4997/3927 4425/5000/3930 3724/5001/3931
f 3722/4998/3928 3724/5001/3931 4426/5002/3932
f 4426/5002/3932 3218/5003/3933 3725/5004/3934
f 3724/5001/3931 3726/5005/3935 3218/5003/3933
f 3218/5003/3933 4427/5006/3936 3727/5007/3937
f 3725/5004/3934 3727/5007/3937 4428/5008/3938
f 4428/5008/3938 3221/5009/3939 3728/5010/3940
f 3727/5007/3937 3729/5011/3941 3221/5009/3939
f 3221/5009/3939 4429/5012/3942 3730/5013/3943
f 3728/5010/3940 3730/5013/3943 4430/5014/3944
f 4430/5014/3944 3224/5015/3945 3731/5016/3946
f 3730/5013/3943 3732/5017/3947 3224/5015/3945
f 3224/5015/3945 4431/5018/3948 3733/5019/3949
f 3731/5016/3946 3733/5019/3949 4432/5020/3950
f 4432/5020/3950 3227/5021/3951 3734/5022/3952
f 3733/5019/3949 3735/5023/3953 3227/5021/3951
f 3227/5021/3951 4433/5024/3954 3736/5025/3955
f 3734/5022/3952 3736/5025/3955 4434/5026/3956
f 4434/5026/3956 3230/5027/3957 3737/5028/3958
f 3736/5025/3955 3738/5029/3959 3230/5027/3957
f 3230/5027/3957 4435/5030/3960 3739/5031/3961
f 3737/5028/3958 3739/5031/3961 4436/5032/3962
f 4436/5032/3962 3233/5033/3963 3740/5034/3964
f 3739/5031/3961 3741/5035/3965 3233/5033/3963
f 3233/5033/3963 4437/5036/3966 3742/5037/3967
f 3740/5034/3964 3742/5037/3967 4438/5038/3968
f 4438/5038/3968 3236/5039/3969 3743/5040/3970
f 3742/5037/3967 3744/5041/3971 3236/5039/3969
f 3236/5039/3969 4439/5042/3972 3745/5043/3973
f 3743/5040/3970 3745/5043/3973 4440/5044/3974
f 4440/5044/3974 3239/5045/3975 3746/5046/3976
f 3745/5043/3973 3747/5047/3977 3239/5045/3975
f 3239/5045/3975 4441/5048/3978 3748/5049/3979
f 3746/5046/3976 3748/5049/3979 4442/5050/3980
f 4442/5050/3980 3242/5051/3981 3749/5052/3982
f 3748/5049/3979 3750/5053/3983 3242/5051/3981
f 3242/5051/3981 4443/5054/3984 3751/5055/3985
f 3749/5052/3982 3751/5055/3985 4444/5056/3986
f 4444/5056/3986 3245/5057/3987 3752/5058/3988
f 3751/5055/3985 3753/5059/3989 3245/5057/3987
f 3245/5057/3987 4445/5060/3990 3754/5061/3991
f 3752/5058/3988 3754/5061/3991 4446/5062/3992
f 4446/5062/3992 3160/5063/3993 3755/5064/3994
f 3754/5061/3991 3756/5065/3995 3160/5063/3993
f 3160/5063/3993 4388/5066/3996 3667/4890/3820
f 3755/5064/3994 3667/4890/3820 4387/4887/3817
f 4447/5067/3997 3247/5068/3998 3758/5069/3999
f 3757/5070/4000 3759/5071/4001 3247/5068/3998
f 3247/5068/3998 4449/5072/4002 3760/5073/4003
f 3758/5069/3999 3760/5073/4003 4450/5074/4004
f 4448/5075/4005 3252/5076/4006 3759/5071/4001
f 3761/5077/4007 3762/5078/4008 3252/5076/4006
f 3252/5076/4006 4452/5079/4009 3763/5080/4010
f 3759/5071/4001 3763/5080/4010 4449/5072/4002
f 4451/5081/4011 3254/5082/4012 3762/5078/4008
f 3764/5083/4013 3765/5084/4014 3254/5085/4012
f 3254/5085/4012 4454/5086/4015 3766/5087/4016
f 3762/5088/4008 3766/5087/4016 4452/5089/4009
f 4453/5090/4017 3256/5091/4018 3765/5084/4014
f 3767/5092/4019 3768/5093/4020 3256/5094/4018
f 3256/5091/4018 4456/5095/4021 3769/5096/4022
f 3765/5084/4014 3769/5096/4022 4454/5086/4015
f 4455/5097/4023 3258/5098/4024 3768/5093/4020
f 3770/5099/4025 3771/5100/4026 3258/5098/4024
f 3258/5098/4024 4458/5101/4027 3772/5102/4028
f 3768/5093/4020 3772/5102/4028 4456/5103/4021
f 4457/5104/4029 3260/5105/4030 3771/5100/4026
f 3773/5106/4031 3774/5107/4032 3260/5105/4030
f 3260/5105/4030 4460/5108/4033 3775/5109/4034
f 3771/5100/4026 3775/5109/4034 4458/5101/4027
f 4459/5110/4035 3262/5111/4036 3774/5107/4032
f 3776/5112/4037 3777/5113/4038 3262/5111/4036
f 3262/5111/4036 4462/5114/4039 3778/5115/4040
f 3774/5107/4032 3778/5115/4040 4460/5108/4033
f 4461/5116/4041 3264/5117/4042 3777/5113/4038
f 3779/5118/4043 3780/5119/4044 3264/5117/4042
f 3264/5117/4042 4464/5120/4045 3781/5121/4046
f 3777/5113/4038 3781/5121/4046 4462/5114/4039
f 4463/5122/4047 3266/5123/4048 3780/5119/4044
f 3782/5124/4049 3783/5125/4050 3266/5123/4048
f 3266/5123/4048 4466/5126/4051 3784/5127/4052
f 3780/5119/4044 3784/5127/4052 4464/5120/4045
f 4465/5128/4053 3268/5129/4054 3783/5125/4050
f 3785/5130/4055 3786/5131/4056 3268/5129/4054
f 3268/5129/4054 4468/5132/4057 3787/5133/4058
f 3783/5125/4050 3787/5133/4058 4466/5126/4051
f 4467/5134/4059 3270/5135/4060 3786/5131/4056
f 3788/5136/4061 3789/5137/4062 3270/5135/4060
f 3270/5135/4060 4470/5138/4063 3790/5139/4064
f 3786/5131/4056 3790/5139/4064 4468/5132/4057
f 4469/5140/4065 3272/5141/4066 3789/5142/4062
f 3791/5143/4067 3792/5144/4068 3272/5141/4066
f 3272/5141/4066 4472/5145/4069 3793/5146/4070
f 3789/5142/4062 3793/5146/4070 4470/5147/4063
f 4471/5148/4071 3274/5149/4072 3792/5144/4068
f 3794/5150/4073 3795/5151/4074 3274/5149/4072
f 3274/5149/4072 4474/5152/4075 3796/5153/4076
f 3792/5144/4068 3796/5153/4076 4472/5145/4069
f 4473/5154/4077 3276/5155/4078 3795/5151/4074
f 3797/5156/4079 3798/5157/4080 3276/5155/4078
f 3276/5155/4078 4476/5158/4081 3799/5159/4082
f 3795/5151/4074 3799/5159/4082 4474/5152/4075
f 4475/5160/4083 3278/5161/4084 3798/5162/4080
f 3800/5163/4085 3801/5164/4086 3278/5161/4084
f 3278/5165/4084 4478/5166/4087 3802/5167/4088
f 3798/5157/4080 3802/5167/4088 4476/5158/4081
f 4477/5168/4089 3280/5169/4090 3801/5170/4086
f 3803/5171/4091 3804/5172/4092 3280/5169/4090
f 3280/5169/4090 4480/5173/4093 3805/5174/4094
f 3801/5170/4086 3805/5174/4094 4478/5166/4087
f 4479/5175/4095 3282/5176/4096 3804/5172/4092
f 3806/5177/4097 3807/5178/4098 3282/5176/4096
f 3282/5176/4096 4482/5179/4099 3808/5180/4100
f 3804/5172/4092 3808/5180/4100 4480/5173/4093
f 4481/5181/4101 3284/5182/4102 3807/5178/4098
f 3809/5183/4103 3810/5184/4104 3284/5182/4102
f 3284/5182/4102 4484/5185/4105 3811/5186/4106
f 3807/5178/4098 3811/5186/4106 4482/5179/4099
f 4483/5187/4107 3286/5188/4108 3810/5184/4104
f 3812/5189/4109 3813/5190/4110 3286/5188/4108
f 3286/5188/4108 4486/5191/4111 3814/5192/4112
f 3810/5184/4104 3814/5192/4112 4484/5185/4105
f 4485/5193/4113 3288/5194/4114 3813/5190/4110
f 3815/5195/4115 3816/5196/4116 3288/5194/4114
f 3288/5194/4114 4488/5197/4117 3817/5198/4118
f 3813/5190/4110 3817/5198/4118 4486/5191/4111
f 4487/5199/4119 3290/5200/4120 3816/5196/4116
f 3818/5201/4121 3819/5202/4122 3290/5200/4120
f 3290/5200/4120 4490/5203/4123 3820/5204/4124
f 3816/5196/4116 3820/5204/4124 4488/5197/4117
f 4489/5205/4125 3292/5206/4126 3819/5202/4122
f 3821/5207/4127 3822/5208/4128 3292/5206/4126
f 3292/5206/4126 4492/5209/4129 3823/5210/4130
f 3819/5202/4122 3823/5210/4130 4490/5203/4123
f 4491/5211/4131 3294/5212/4132 3822/5208/4128
f 3824/5213/4133 3825/5214/4134 3294/5212/4132
f 3294/5212/4132 4494/5215/4135 3826/5216/4136
f 3822/5208/4128 3826/5216/4136 4492/5209/4129
f 4493/5217/4137 3296/5218/4138 3825/5214/4134
f 3827/5219/4139 3828/5220/4140 3296/5218/4138
f 3296/5218/4138 4496/5221/4141 3829/5222/4142
f 3825/5214/4134 3829/5222/4142 4494/5215/4135
f 4495/5223/4143 3298/5224/4144 3828/5220/4140
f 3830/5225/4145 3831/5226/4146 3298/5224/4144
f 3298/5224/4144 4498/5227/4147 3832/5228/4148
f 3828/5220/4140 3832/5228/4148 4496/5221/4141
f 4497/5229/4149 3300/5230/4150 3831/5226/4146
f 3833/5231/4151 3834/5232/4152 3300/5230/4150
f 3300/5230/4150 4500/5233/4153 3835/5234/4154
f 3831/5226/4146 3835/5234/4154 4498/5227/4147
f 4499/5235/4155 3302/5236/4156 3834/5232/4152
f 3836/5237/4157 3837/5238/4158 3302/5236/4156
f 3302/5236/4156 4502/5239/4159 3838/5240/4160
f 3834/5232/4152 3838/5240/4160 4500/5233/4153
f 4501/5241/4161 3304/5242/4162 3837/5238/4158
f 3839/5243/4163 3840/5244/4164 3304/5242/4162
f 3304/5242/4162 4504/5245/4165 3841/5246/4166
f 3837/5238/4158 3841/5246/4166 4502/5239/4159
f 4503/5247/4167 3306/5248/4168 3840/5249/4164
f 3842/5250/4169 3843/5251/4170 3306/5248/4168
f 3306/5248/4168 4506/5252/4171 3844/5253/4172
f 3840/5244/4164 3844/5254/4172 4504/5245/4165
f 4505/5255/4173 3248/5256/4174 3843/5251/4170
f 3845/5257/4175 3758/5069/3999 3248/5256/4174
f 3248/5256/4174 4450/5074/4004 3846/5258/4176
f 3843/5251/4170 3846/5258/4176 4506/5252/4171
f 4447/5259/3997 3250/5260/4177 3757/5261/4000
f 3847/5262/4178 3848/5263/4179 3250/5260/4177
f 3250/5260/4177 4508/5264/4180 3849/5265/4181
f 3757/5261/4000 3849/5265/4181 4448/5266/4005
f 4448/5266/4005 3251/5267/4182 3761/5268/4007
f 3849/5265/4181 3850/5269/4183 3251/5267/4182
f 3251/5267/4182 4509/5270/4184 3851/5271/4185
f 3761/5268/4007 3851/5271/4185 4451/5272/4011
f 4451/5272/4011 3253/5273/4186 3764/5083/4013
f 3851/5271/4185 3852/5274/4187 3253/5273/4186
f 3253/5273/4186 4510/5275/4188 3853/5276/4189
f 3764/5083/4013 3853/5276/4189 4453/5090/4017
f 4453/5090/4017 3255/5277/4190 3767/5278/4019
f 3853/5276/4189 3854/5279/4191 3255/5277/4190
f 3255/5277/4190 4511/5280/4192 3855/5281/4193
f 3767/5278/4019 3855/5281/4193 4455/5282/4023
f 4455/5282/4023 3257/5283/4194 3770/5284/4025
f 3855/5281/4193 3856/5285/4195 3257/5283/4194
f 3257/5283/4194 4512/5286/4196 3857/5287/4197
f 3770/5284/4025 3857/5287/4197 4457/5288/4029
f 4457/5288/4029 3259/5289/4198 3773/5290/4031
f 3857/5287/4197 3858/5291/4199 3259/5289/4198
f 3259/5289/4198 4513/5292/4200 3859/5293/4201
f 3773/5290/4031 3859/5293/4201 4459/5294/4035
f 4459/5294/4035 3261/5295/4202 3776/5296/4037
f 3859/5293/4201 3860/5297/4203 3261/5295/4202
f 3261/5295/4202 4514/5298/4204 3861/5299/4205
f 3776/5296/4037 3861/5299/4205 4461/5300/4041
f 4461/5300/4041 3263/5301/4206 3779/5302/4043
f 3861/5299/4205 3862/5303/4207 3263/5301/4206
f 3263/5301/4206 4515/5304/4208 3863/5305/4209
f 3779/5302/4043 3863/5305/4209 4463/5306/4047
f 4463/5306/4047 3265/5307/4210 3782/5308/4049
f 3863/5305/4209 3864/5309/4211 3265/5307/4210
f 3265/5307/4210 4516/5310/4212 3865/5311/4213
f 3782/5308/4049 3865/5311/4213 4465/5312/4053
f 4465/5312/4053 3267/5313/4214 3785/5314/4055
f 3865/5311/4213 3866/5315/4215 3267/5313/4214
f 3267/5313/4214 4517/5316/4216 3867/5317/4217
f 3785/5314/4055 3867/5317/4217 4467/5318/4059
f 4467/5318/4059 3269/5319/4218 3788/5320/4061
f 3867/5317/4217 3868/5321/4219 3269/5319/4218
f 3269/5319/4218 4518/5322/4220 3869/5323/4221
f 3788/5320/4061 3869/5323/4221 4469/5140/4065
f 4469/5140/4065 3271/5324/4222 3791/5143/4067
f 3869/5323/4221 3870/5325/4223 3271/5324/4222
f 3271/5324/4222 4519/5326/4224 3871/5327/4225
f 3791/5143/4067 3871/5327/4225 4471/5148/4071
f 4471/5148/4071 3273/5328/4226 3794/5150/4073
f 3871/5327/4225 3872/5329/4227 3273/5328/4226
f 3273/5328/4226 4520/5330/4228 3873/5331/4229
f 3794/5150/4073 3873/5331/4229 4473/5154/4077
f 4473/5154/4077 3275/5332/4230 3797/5156/4079
f 3873/5331/4229 3874/5333/4231 3275/5332/4230
f 3275/5332/4230 4521/5334/4232 3875/5335/4233
f 3797/5156/4079 3875/5335/4233 4475/5336/4083
f 4475/5336/4083 3277/5337/4234 3800/5338/4085
f 3875/5335/4233 3876/5339/4235 3277/5337/4234
f 3277/5337/4234 4522/5340/4236 3877/5341/4237
f 3800/5338/4085 3877/5341/4237 4477/5168/4089
f 4477/5168/4089 3279/5342/4238 3803/5171/4091
f 3877/5341/4237 3878/5343/4239 3279/5342/4238
f 3279/5342/4238 4523/5344/4240 3879/5345/4241
f 3803/5171/4091 3879/5345/4241 4479/5175/4095
f 4479/5175/4095 3281/5346/4242 3806/5177/4097
f 3879/5345/4241 3880/5347/4243 3281/5346/4242
f 3281/5346/4242 4524/5348/4244 3881/5349/4245
f 3806/5177/4097 3881/5349/4245 4481/5181/4101
f 4481/5181/4101 3283/5350/4246 3809/5183/4103
f 3881/5349/4245 3882/5351/4247 3283/5350/4246
f 3283/5350/4246 4525/5352/4248 3883/5353/4249
f 3809/5183/4103 3883/5353/4249 4483/5187/4107
f 4483/5187/4107 3285/5354/4250 3812/5189/4109
f 3883/5353/4249 3884/5355/4251 3285/5354/4250
f 3285/5354/4250 4526/5356/4252 3885/5357/4253
f 3812/5189/4109 3885/5357/4253 4485/5193/4113
f 4485/5193/4113 3287/5358/4254 3815/5195/4115
f 3885/5357/4253 3886/5359/4255 3287/5358/4254
f 3287/5358/4254 4527/5360/4256 3887/5361/4257
f 3815/5195/4115 3887/5361/4257 4487/5199/4119
f 4487/5199/4119 3289/5362/4258 3818/5201/4121
f 3887/5361/4257 3888/5363/4259 3289/5362/4258
f 3289/5362/4258 4528/5364/4260 3889/5365/4261
f 3818/5201/4121 3889/5365/4261 4489/5205/4125
f 4489/5205/4125 3291/5366/4262 3821/5207/4127
f 3889/5365/4261 3890/5367/4263 3291/5366/4262
f 3291/5366/4262 4529/5368/4264 3891/5369/4265
f 3821/5207/4127 3891/5369/4265 4491/5211/4131
f 4491/5211/4131 3293/5370/4266 3824/5213/4133
f 3891/5369/4265 3892/5371/4267 3293/5370/4266
f 3293/5370/4266 4530/5372/4268 3893/5373/4269
f 3824/5213/4133 3893/5373/4269 4493/5217/4137
f 4493/5217/4137 3295/5374/4270 3827/5219/4139
f 3893/5373/4269 3894/5375/4271 3295/5374/4270
f 3295/5374/4270 4531/5376/4272 3895/5377/4273
f 3827/5219/4139 3895/5377/4273 4495/5223/4143
f 4495/5223/4143 3297/5378/4274 3830/5225/4145
f 3895/5377/4273 3896/5379/4275 3297/5378/4274
f 3297/5378/4274 4532/5380/4276 3897/5381/4277
f 3830/5225/4145 3897/5381/4277 4497/5229/4149
f 4497/5229/4149 3299/5382/4278 3833/5231/4151
f 3897/5381/4277 3898/5383/4279 3299/5382/4278
f 3299/5382/4278 4533/5384/4280 3899/5385/4281
f 3833/5231/4151 3899/5385/4281 4499/5235/4155
f 4499/5235/4155 3301/5386/4282 3836/5237/4157
f 3899/5385/4281 3900/5387/4283 3301/5386/4282
f 3301/5386/4282 4534/5388/4284 3901/5389/4285
f 3836/5237/4157 3901/5389/4285 4501/5241/4161
f 4501/5241/4161 3303/5390/4286 3839/5243/4163
f 3901/5389/4285 3902/5391/4287 3303/5390/4286
f 3303/5390/4286 4535/5392/4288 3903/5393/4289
f 3839/5243/4163 3903/5393/4289 4503/5394/4167
f 4503/5394/4167 3305/5395/4290 3842/5396/4169
f 3903/5393/4289 3904/5397/4291 3305/5395/4290
f 3305/5395/4290 4536/5398/4292 3905/5399/4293
f 3842/5396/4169 3905/5399/4293 4505/5400/4173
f 4505/5400/4173 3249/5401/4294 3845/5402/4175
f 3905/5399/4293 3906/5403/4295 3249/5401/4294
f 3249/5401/4294 4507/5404/4296 3847/5262/4178
f 3845/5402/4175 3847/5262/4178 4447/5259/3997
f 4389/4892/3822 3162/5405/4297 3907/5406/4298
f 3669/4891/3821 3908/5407/4299 3162/5405/4297
f 3162/5405/4297 4450/5408/4004 3760/5409/4003
f 3907/5406/4298 3760/5409/4003 4449/5410/4002
f 4391/4898/3828 3163/5411/4300 3909/5412/4301
f 3672/4897/3827 3907/5406/4298 3163/5411/4300
f 3163/5411/4300 4449/5410/4002 3763/5413/4010
f 3909/5412/4301 3763/5413/4010 4452/5089/4009
f 4393/4904/3834 3166/5414/4302 3910/5415/4303
f 3675/4903/3833 3909/5412/4301 3166/5414/4302
f 3166/5414/4302 4452/5089/4009 3766/5087/4016
f 3910/5415/4303 3766/5087/4016 4454/5086/4015
f 4395/4910/3840 3169/5416/4304 3911/5417/4305
f 3678/4909/3839 3910/5415/4303 3169/5416/4304
f 3169/5416/4304 4454/5086/4015 3769/5096/4022
f 3911/5417/4305 3769/5096/4022 4456/5095/4021
f 4397/4916/3846 3172/5418/4306 3912/5419/4307
f 3681/4915/3845 3911/5417/4305 3172/5418/4306
f 3172/5418/4306 4456/5095/4021 3772/5420/4028
f 3912/5419/4307 3772/5420/4028 4458/5421/4027
f 4399/4922/3852 3175/5422/4308 3913/5423/4309
f 3684/4921/3851 3912/5419/4307 3175/5422/4308
f 3175/5422/4308 4458/5421/4027 3775/5424/4034
f 3913/5423/4309 3775/5424/4034 4460/5425/4033
f 4401/4928/3858 3178/5426/4310 3914/5427/4311
f 3687/4927/3857 3913/5423/4309 3178/5426/4310
f 3178/5426/4310 4460/5425/4033 3778/5428/4040
f 3914/5427/4311 3778/5428/4040 4462/5429/4039
f 4403/4934/3864 3181/5430/4312 3915/5431/4313
f 3690/4933/3863 3914/5427/4311 3181/5430/4312
f 3181/5430/4312 4462/5429/4039 3781/5432/4046
f 3915/5431/4313 3781/5432/4046 4464/5433/4045
f 4405/4940/3870 3184/5434/4314 3916/5435/4315
f 3693/4939/3869 3915/5431/4313 3184/5434/4314
f 3184/5434/4314 4464/5433/4045 3784/5436/4052
f 3916/5435/4315 3784/5436/4052 4466/5437/4051
f 4407/4946/3876 3187/5438/4316 3917/5439/4317
f 3696/4945/3875 3916/5435/4315 3187/5438/4316
f 3187/5438/4316 4466/5437/4051 3787/5440/4058
f 3917/5439/4317 3787/5440/4058 4468/5441/4057
f 4409/4952/3882 3190/5442/4318 3918/5443/4319
f 3699/4951/3881 3917/5439/4317 3190/5442/4318
f 3190/5442/4318 4468/5441/4057 3790/5444/4064
f 3918/5443/4319 3790/5444/4064 4470/5147/4063
f 4411/4958/3888 3193/5445/4320 3919/5446/4321
f 3702/4957/3887 3918/5443/4319 3193/5445/4320
f 3193/5445/4320 4470/5147/4063 3793/5146/4070
f 3919/5446/4321 3793/5146/4070 4472/5145/4069
f 4413/4964/3894 3196/5447/4322 3920/5448/4323
f 3705/4963/3893 3919/5446/4321 3196/5447/4322
f 3196/5447/4322 4472/5145/4069 3796/5153/4076
f 3920/5448/4323 3796/5153/4076 4474/5152/4075
f 4415/4970/3900 3199/5449/4324 3921/5450/4325
f 3708/4969/3899 3920/5448/4323 3199/5449/4324
f 3199/5449/4324 4474/5152/4075 3799/5159/4082
f 3921/5450/4325 3799/5159/4082 4476/5158/4081
f 4417/4976/3906 3202/5451/4326 3922/5452/4327
f 3711/4975/3905 3921/5450/4325 3202/5451/4326
f 3202/5451/4326 4476/5158/4081 3802/5167/4088
f 3922/5452/4327 3802/5167/4088 4478/5166/4087
f 4419/4982/3912 3205/5453/4328 3923/5454/4329
f 3714/4981/3911 3922/5452/4327 3205/5453/4328
f 3205/5453/4328 4478/5166/4087 3805/5174/4094
f 3923/5454/4329 3805/5174/4094 4480/5173/4093
f 4421/4988/3918 3208/5455/4330 3924/5456/4331
f 3717/4987/3917 3923/5454/4329 3208/5455/4330
f 3208/5455/4330 4480/5173/4093 3808/5180/4100
f 3924/5456/4331 3808/5180/4100 4482/5179/4099
f 4423/4994/3924 3211/5457/4332 3925/5458/4333
f 3720/4993/3923 3924/5456/4331 3211/5457/4332
f 3211/5457/4332 4482/5179/4099 3811/5186/4106
f 3925/5458/4333 3811/5186/4106 4484/5185/4105
f 4425/5000/3930 3214/5459/4334 3926/5460/4335
f 3723/4999/3929 3925/5458/4333 3214/5459/4334
f 3214/5459/4334 4484/5185/4105 3814/5192/4112
f 3926/5460/4335 3814/5192/4112 4486/5191/4111
f 4427/5006/3936 3217/5461/4336 3927/5462/4337
f 3726/5005/3935 3926/5460/4335 3217/5461/4336
f 3217/5461/4336 4486/5191/4111 3817/5198/4118
f 3927/5462/4337 3817/5198/4118 4488/5197/4117
f 4429/5012/3942 3220/5463/4338 3928/5464/4339
f 3729/5011/3941 3927/5462/4337 3220/5463/4338
f 3220/5463/4338 4488/5197/4117 3820/5204/4124
f 3928/5464/4339 3820/5204/4124 4490/5203/4123
f 4431/5018/3948 3223/5465/4340 3929/5466/4341
f 3732/5017/3947 3928/5464/4339 3223/5465/4340
f 3223/5465/4340 4490/5203/4123 3823/5210/4130
f 3929/5466/4341 3823/5210/4130 4492/5209/4129
f 4433/5024/3954 3226/5467/4342 3930/5468/4343
f 3735/5023/3953 3929/5466/4341 3226/5467/4342
f 3226/5467/4342 4492/5209/4129 3826/5216/4136
f 3930/5468/4343 3826/5216/4136 4494/5215/4135
f 4435/5030/3960 3229/5469/4344 3931/5470/4345
f 3738/5029/3959 3930/5468/4343 3229/5469/4344
f 3229/5469/4344 4494/5215/4135 3829/5222/4142
f 3931/5470/4345 3829/5222/4142 4496/5221/4141
f 4437/5036/3966 3232/5471/4346 3932/5472/4347
f 3741/5035/3965 3931/5470/4345 3232/5471/4346
f 3232/5471/4346 4496/5221/4141 3832/5228/4148
f 3932/5472/4347 3832/5228/4148 4498/5227/4147
f 4439/5042/3972 3235/5473/4348 3933/5474/4349
f 3744/5041/3971 3932/5472/4347 3235/5473/4348
f 3235/5473/4348 4498/5227/4147 3835/5234/4154
f 3933/5474/4349 3835/5234/4154 4500/5233/4153
f 4441/5048/3978 3238/5475/4350 3934/5476/4351
f 3747/5047/3977 3933/5474/4349 3238/5475/4350
f 3238/5475/4350 4500/5233/4153 3838/5240/4160
f 3934/5476/4351 3838/5240/4160 4502/5239/4159
f 4443/5054/3984 3241/5477/4352 3935/5478/4353
f 3750/5053/3983 3934/5476/4351 3241/5477/4352
f 3241/5477/4352 4502/5239/4159 3841/5246/4166
f 3935/5478/4353 3841/5246/4166 4504/5245/4165
f 4445/5060/3990 3244/5479/4354 3936/5480/4355
f 3753/5059/3989 3935/5478/4353 3244/5479/4354
f 3244/5479/4354 4504/5245/4165 3844/5254/4172
f 3936/5480/4355 3844/5254/4172 4506/5481/4171
f 4388/5066/3996 3161/5482/4356 3908/5407/4299
f 3756/5065/3995 3936/5480/4355 3161/5482/4356
f 3161/5482/4356 4506/5481/4171 3846/5483/4176
f 3908/5407/4299 3846/5483/4176 4450/5408/4004
f 4237/4294/3277 2980/5484/4357 3397/4297/3280
f 3937/5485/4358 3938/5486/4359 2980/5484/4357
f 2980/5484/4357 4538/5487/4360 3939/5488/4361
f 3397/4297/3280 3939/5488/4361 4238/4302/3285
f 4238/4302/3285 2981/5489/557 3401/4304/3287
f 3939/5488/4361 3940/5490/4362 2981/5489/557
f 2981/5489/557 4539/5491/4363 3941/5492/4364
f 3401/4304/3287 3941/5492/4364 4241/4308/3291
f 4241/4308/3291 2986/5493/4365 3404/4310/3293
f 3941/5492/4364 3942/5494/4366 2986/5493/4365
f 2986/5493/4365 4540/5495/4367 3943/5496/4368
f 3404/4310/3293 3943/5496/4368 4243/4314/3297
f 4243/4314/3297 2989/5497/4369 3407/4316/3299
f 3943/5496/4368 3944/5498/4370 2989/5497/4369
f 2989/5497/4369 4541/5499/4371 3945/5500/4372
f 3407/4316/3299 3945/5500/4372 4245/4320/3303
f 4245/4320/3303 2992/5501/4373 3410/4322/3305
f 3945/5500/4372 3946/5502/4374 2992/5501/4373
f 2992/5501/4373 4542/5503/4375 3947/5504/4376
f 3410/4322/3305 3947/5504/4376 4247/4326/3309
f 4247/4326/3309 2995/5505/4377 3413/4328/3311
f 3947/5504/4376 3948/5506/4378 2995/5505/4377
f 2995/5505/4377 4543/5507/4379 3949/5508/4380
f 3413/4328/3311 3949/5508/4380 4249/4332/3315
f 4249/4332/3315 2998/5509/4381 3416/4334/3317
f 3949/5508/4380 3950/5510/4382 2998/5509/4381
f 2998/5509/4381 4544/5511/4383 3951/5512/4384
f 3416/4334/3317 3951/5512/4384 4251/4338/3321
f 4251/4338/3321 3001/5513/4385 3419/4340/3323
f 3951/5512/4384 3952/5514/4386 3001/5513/4385
f 3001/5513/4385 4545/5515/4387 3953/5516/4388
f 3419/4340/3323 3953/5516/4388 4253/4344/3327
f 4253/4344/3327 3004/5517/4389 3422/4346/3329
f 3953/5516/4388 3954/5518/4390 3004/5517/4389
f 3004/5517/4389 4546/5519/4391 3955/5520/4392
f 3422/4346/3329 3955/5520/4392 4255/4350/3333
f 4255/4350/3333 3007/5521/4393 3425/4352/3335
f 3955/5520/4392 3956/5522/4394 3007/5521/4393
f 3007/5521/4393 4547/5523/4395 3957/5524/4396
f 3425/4352/3335 3957/5524/4396 4257/4356/3339
f 4257/4356/3339 3010/5525/4397 3428/4358/3341
f 3957/5524/4396 3958/5526/4398 3010/5525/4397
f 3010/5525/4397 4548/5527/4399 3959/5528/4400
f 3428/4358/3341 3959/5528/4400 4259/4362/3345
f 4259/4362/3345 3013/5529/4401 3431/4364/3347
f 3959/5528/4400 3960/5530/4402 3013/5529/4401
f 3013/5529/4401 4549/5531/4403 3961/5532/4404
f 3431/4364/3347 3961/5532/4404 4261/4368/3351
f 4261/4368/3351 3016/5533/4405 3434/4370/3353
f 3961/5532/4404 3962/5534/4406 3016/5533/4405
f 3016/5533/4405 4550/5535/4407 3963/5536/4408
f 3434/4370/3353 3963/5536/4408 4263/4374/3357
f 4263/4374/3357 3019/5537/569 3437/4376/3359
f 3963/5536/4408 3964/5538/4409 3019/5537/569
f 3019/5537/569 4551/5539/4410 3965/5540/4411
f 3437/4376/3359 3965/5540/4411 4265/4380/3363
f 4265/4380/3363 3022/5541/4412 3440/4382/3365
f 3965/5540/4411 3966/5542/4413 3022/5541/4412
f 3022/5541/4412 4552/5543/4414 3967/5544/4415
f 3440/4382/3365 3967/5544/4415 4267/4386/3369
f 4267/4386/3369 3025/5545/4416 3443/4388/3371
f 3967/5544/4415 3968/5546/4417 3025/5545/4416
f 3025/5545/4416 4553/5547/4418 3969/5548/4419
f 3443/4388/3371 3969/5548/4419 4269/4392/3375
f 4269/4392/3375 3028/5549/4420 3446/4394/3377
f 3969/5548/4419 3970/5550/4421 3028/5549/4420
f 3028/5549/4420 4554/5551/4422 3971/5552/4423
f 3446/4394/3377 3971/5552/4423 4271/4398/3381
f 4271/4398/3381 3031/5553/4424 3449/4400/3383
f 3971/5552/4423 3972/5554/4425 3031/5553/4424
f 3031/5553/4424 4555/5555/4426 3973/5556/4427
f 3449/4400/3383 3973/5556/4427 4273/4404/3387
f 4273/4404/3387 3034/5557/4428 3452/4406/3389
f 3973/5556/4427 3974/5558/4429 3034/5557/4428
f 3034/5557/4428 4556/5559/4430 3975/5560/4431
f 3452/4406/3389 3975/5560/4431 4275/4410/3393
f 4275/4410/3393 3037/5561/4432 3455/4412/3395
f 3975/5560/4431 3976/5562/4433 3037/5561/4432
f 3037/5561/4432 4557/5563/4434 3977/5564/4435
f 3455/4412/3395 3977/5564/4435 4277/4416/3399
f 4277/4416/3399 3040/5565/4436 3458/4418/3401
f 3977/5564/4435 3978/5566/4437 3040/5565/4436
f 3040/5565/4436 4558/5567/4438 3979/5568/4439
f 3458/4418/3401 3979/5568/4439 4279/4422/3405
f 4279/4422/3405 3043/5569/4440 3461/4424/3407
f 3979/5568/4439 3980/5570/4441 3043/5569/4440
f 3043/5569/4440 4559/5571/4442 3981/5572/4443
f 3461/4424/3407 3981/5572/4443 4281/4428/3411
f 4281/4428/3411 3046/5573/4444 3464/4430/3413
f 3981/5572/4443 3982/5574/4445 3046/5573/4444
f 3046/5573/4444 4560/5575/4446 3983/5576/4447
f 3464/4430/3413 3983/5576/4447 4283/4434/3417
f 4283/4434/3417 3049/5577/4448 3467/4436/3419
f 3983/5576/4447 3984/5578/4449 3049/5577/4448
f 3049/5577/4448 4561/5579/4450 3985/5580/4451
f 3467/4436/3419 3985/5580/4451 4285/4440/3423
f 4285/4440/3423 3052/5581/4452 3470/4442/3425
f 3985/5580/4451 3986/5582/4453 3052/5581/4452
f 3052/5581/4452 4562/5583/4454 3987/5584/4455
f 3470/4442/3425 3987/5584/4455 4287/4446/3429
f 4287/4446/3429 3055/5585/4456 3473/4448/3431
f 3987/5584/4455 3988/5586/4457 3055/5585/4456
f 3055/5585/4456 4563/5587/4458 3989/5588/4459
f 3473/4448/3431 3989/5588/4459 4289/4452/3435
f 4289/4452/3435 3058/5589/4460 3476/4454/3437
f 3989/5588/4459 3990/5590/4461 3058/5589/4460
f 3058/5589/4460 4564/5591/4462 3991/5592/4463
f 3476/4454/3437 3991/5592/4463 4291/4458/3441
f 4291/4458/3441 3061/5593/4464 3479/4460/3443
f 3991/5592/4463 3992/5594/4465 3061/5593/4464
f 3061/5593/4464 4565/5595/4466 3993/5596/4467
f 3479/4460/3443 3993/5596/4467 4293/4464/3447
f 4293/4464/3447 3064/5597/584 3482/4466/3449
f 3993/5596/4467 3994/5598/4468 3064/5597/584
f 3064/5597/584 4566/5599/4469 3995/5600/4470
f 3482/4466/3449 3995/5600/4470 4295/4470/3453
f 4295/4470/3453 2979/5601/4471 3485/4472/3455
f 3995/5600/4470 3996/5602/4472 2979/5601/4471
f 2979/5601/4471 4537/5603/4473 3937/5485/4358
f 3485/4472/3455 3937/5485/4358 4237/4294/3277
f 4357/4668/3637 3128/5604/4474 3577/4671/3640
f 3997/5605/4475 3998/5606/4476 3128/5607/4474
f 3128/5607/4474 4568/5608/4477 3999/5609/4478
f 3577/4671/3640 3999/5610/4478 4358/4808/3754
f 4359/4676/3642 3127/5611/4479 3580/4679/3645
f 4000/5612/4480 4001/5613/4481 3127/5614/4479
f 3127/5614/4479 4567/5615/4482 3997/5605/4475
f 3580/4679/3645 3997/5616/4475 4357/4668/3637
f 4360/4682/3646 3130/5617/4483 3582/4685/3649
f 4002/5618/4484 4003/5619/4485 3130/5617/4483
f 3130/5620/4483 4569/5621/4486 4000/5612/4480
f 3582/4685/3649 4000/5622/4480 4359/4676/3642
f 4361/4686/3650 3131/5623/4487 3584/4689/3653
f 4004/5624/4488 4005/5625/4489 3131/5623/4487
f 3131/5623/4487 4570/5626/4490 4002/5618/4484
f 3584/4689/3653 4002/5618/4484 4360/4682/3646
f 4362/4691/3654 3132/5627/4491 3586/4694/3657
f 4006/5628/4492 4007/5629/4493 3132/5630/4491
f 3132/5630/4491 4571/5631/4494 4004/5632/4488
f 3586/4694/3657 4004/5624/4488 4361/4686/3650
f 4363/4697/3658 3133/5633/4495 3588/4700/3661
f 4008/5634/4496 4009/5635/4497 3133/5636/4495
f 3133/5636/4495 4572/5637/4498 4006/5628/4492
f 3588/4700/3661 4006/5638/4492 4362/4691/3654
f 4364/4703/3662 3134/5639/4499 3590/4706/3665
f 4010/5640/4500 4011/5641/4501 3134/5642/4499
f 3134/5642/4499 4573/5643/4502 4008/5634/4496
f 3590/4706/3665 4008/5644/4496 4363/4697/3658
f 4365/4709/3666 3135/5645/4503 3592/4712/3669
f 4012/5646/4504 4013/5647/4505 3135/5648/4503
f 3135/5648/4503 4574/5649/4506 4010/5640/4500
f 3592/4712/3669 4010/5650/4500 4364/4703/3662
f 4366/4715/3670 3136/5651/4507 3594/4718/3673
f 4014/5652/4508 4015/5653/4509 3136/5654/4507
f 3136/5654/4507 4575/5655/4510 4012/5646/4504
f 3594/4718/3673 4012/5656/4504 4365/4709/3666
f 4367/4721/3674 3137/5657/4511 3596/4724/3677
f 4016/5658/4512 4017/5659/4513 3137/5660/4511
f 3137/5660/4511 4576/5661/4514 4014/5652/4508
f 3596/4724/3677 4014/5662/4508 4366/4715/3670
f 4368/4727/3678 3138/5663/4515 3598/4730/3681
f 4018/5664/4516 4019/5665/4517 3138/5663/4515
f 3138/5666/4515 4577/5667/4518 4016/5658/4512
f 3598/4730/3681 4016/5668/4512 4367/4721/3674
f 4369/4731/3682 3139/5669/4519 3600/4734/3685
f 4020/5670/4520 4021/5671/4521 3139/5669/4519
f 3139/5669/4519 4578/5672/4522 4018/5664/4516
f 3600/4734/3685 4018/5664/4516 4368/4727/3678
f 4370/4735/3686 3140/5673/4523 3602/4738/3689
f 4022/5674/4524 4023/5675/4525 3140/5673/4523
f 3140/5673/4523 4579/5676/4526 4020/5670/4520
f 3602/4738/3689 4020/5670/4520 4369/4731/3682
f 4371/4739/3690 3141/5677/4527 3604/4742/3693
f 4024/5678/4528 4025/5679/4529 3141/5680/4527
f 3141/5677/4527 4580/5681/4530 4022/5674/4524
f 3604/4742/3693 4022/5674/4524 4370/4735/3686
f 4372/4745/3694 3142/5682/4531 3606/4748/3697
f 4026/5683/4532 4027/5684/4533 3142/5685/4531
f 3142/5685/4531 4581/5686/4534 4024/5678/4528
f 3606/4748/3697 4024/5687/4528 4371/4739/3690
f 4373/4750/3698 3143/5688/4535 3608/4753/3701
f 4028/5689/4536 4029/5690/4537 3143/5688/4535
f 3143/5688/4535 4582/5691/4538 4026/5692/4532
f 3608/4753/3701 4026/5692/4532 4372/4745/3694
f 4374/4754/3702 3144/5693/4539 3610/4757/3705
f 4030/5694/4540 4031/5695/4541 3144/5693/4539
f 3144/5693/4539 4583/5696/4542 4028/5689/4536
f 3610/4757/3705 4028/5689/4536 4373/4750/3698
f 4375/4758/3706 3145/5697/4543 3612/4761/3709
f 4032/5698/4544 4033/5699/4545 3145/5697/4543
f 3145/5697/4543 4584/5700/4546 4030/5694/4540
f 3612/4761/3709 4030/5694/4540 4374/4754/3702
f 4376/4762/3710 3146/5701/4547 3614/4765/3713
f 4034/5702/4548 4035/5703/4549 3146/5701/4547
f 3146/5701/4547 4585/5704/4550 4032/5698/4544
f 3614/4765/3713 4032/5698/4544 4375/4758/3706
f 4377/4766/3714 3147/5705/4551 3616/4769/3717
f 4036/5706/4552 4037/5707/4553 3147/5705/4551
f 3147/5705/4551 4586/5708/4554 4034/5702/4548
f 3616/4769/3717 4034/5702/4548 4376/4762/3710
f 4378/4770/3718 3148/5709/4555 3618/4773/3721
f 4038/5710/4556 4039/5711/4557 3148/5709/4555
f 3148/5709/4555 4587/5712/4558 4036/5706/4552
f 3618/4773/3721 4036/5706/4552 4377/4766/3714
f 4379/4774/3722 3149/5713/4559 3620/4777/3725
f 4040/5714/4560 4041/5715/4561 3149/5713/4559
f 3149/5713/4559 4588/5716/4562 4038/5710/4556
f 3620/4777/3725 4038/5710/4556 4378/4770/3718
f 4380/4778/3726 3150/5717/4563 3622/4781/3729
f 4042/5718/4564 4043/5719/4565 3150/5717/4563
f 3150/5717/4563 4589/5720/4566 4040/5714/4560
f 3622/4781/3729 4040/5714/4560 4379/4774/3722
f 4381/4782/3730 3151/5721/4567 3624/4785/3733
f 4044/5722/4568 4045/5723/4569 3151/5721/4567
f 3151/5721/4567 4590/5724/4570 4042/5718/4564
f 3624/4785/3733 4042/5718/4564 4380/4778/3726
f 4382/4786/3734 3152/5725/4571 3626/4789/3737
f 4046/5726/4572 4047/5727/4573 3152/5725/4571
f 3152/5725/4571 4591/5728/4574 4044/5722/4568
f 3626/4789/3737 4044/5722/4568 4381/4782/3730
f 4383/4790/3738 3153/5729/4575 3628/4793/3741
f 4048/5730/4576 4049/5731/4577 3153/5729/4575
f 3153/5729/4575 4592/5732/4578 4046/5726/4572
f 3628/4793/3741 4046/5726/4572 4382/4786/3734
f 4384/4794/3742 3154/5733/4579 3630/4797/3745
f 4050/5734/4580 4051/5735/4581 3154/5733/4579
f 3154/5733/4579 4593/5736/4582 4048/5730/4576
f 3630/4797/3745 4048/5730/4576 4383/4790/3738
f 4385/4798/3746 3155/5737/4583 3632/4801/3749
f 4052/5738/4584 4053/5739/4585 3155/5737/4583
f 3155/5737/4583 4594/5740/4586 4050/5734/4580
f 3632/4801/3749 4050/5734/4580 4384/4794/3742
f 4386/4802/3750 3156/5741/4587 3634/4805/3753
f 4054/5742/4588 4055/5743/4589 3156/5744/4587
f 3156/5741/4587 4595/5745/4590 4052/5738/4584
f 3634/4805/3753 4052/5738/4584 4385/4798/3746
f 4358/4808/3754 3129/5746/4591 3636/4810/3756
f 3999/5609/4478 4056/5747/4592 3129/5748/4591
f 3129/5748/4591 4596/5749/4593 4054/5742/4588
f 3636/4810/3756 4054/5750/4588 4386/4802/3750
f 4390/4894/3824 3158/5751/4594 3668/4889/3819
f 4057/5752/4595 4058/5753/4596 3158/5751/4594
f 3158/5751/4594 4598/5754/4597 4059/5755/4598
f 3668/4889/3819 4059/5755/4598 4387/4887/3817
f 4392/4900/3830 3165/5756/4599 3671/4896/3826
f 4060/5757/4600 4061/5758/4601 3165/5756/4599
f 3165/5756/4599 4597/5759/4602 4057/5752/4595
f 3671/4896/3826 4057/5752/4595 4390/4894/3824
f 4394/4906/3836 3168/5760/4603 3674/4902/3832
f 4062/5761/4604 4063/5762/4605 3168/5760/4603
f 3168/5760/4603 4599/5763/4606 4060/5757/4600
f 3674/4902/3832 4060/5757/4600 4392/4900/3830
f 4396/4912/3842 3171/5764/4607 3677/4908/3838
f 4064/5765/4608 4065/5766/4609 3171/5764/4607
f 3171/5764/4607 4600/5767/4610 4062/5761/4604
f 3677/4908/3838 4062/5761/4604 4394/4906/3836
f 4398/4918/3848 3174/5768/4611 3680/4914/3844
f 4066/5769/4612 4067/5770/4613 3174/5768/4611
f 3174/5768/4611 4601/5771/4614 4064/5765/4608
f 3680/4914/3844 4064/5765/4608 4396/4912/3842
f 4400/4924/3854 3177/5772/4615 3683/4920/3850
f 4068/5773/4616 4069/5774/4617 3177/5772/4615
f 3177/5772/4615 4602/5775/4618 4066/5769/4612
f 3683/4920/3850 4066/5769/4612 4398/4918/3848
f 4402/4930/3860 3180/5776/4619 3686/4926/3856
f 4070/5777/4620 4071/5778/4621 3180/5776/4619
f 3180/5776/4619 4603/5779/4622 4068/5773/4616
f 3686/4926/3856 4068/5773/4616 4400/4924/3854
f 4404/4936/3866 3183/5780/4623 3689/4932/3862
f 4072/5781/4624 4073/5782/4625 3183/5780/4623
f 3183/5780/4623 4604/5783/4626 4070/5777/4620
f 3689/4932/3862 4070/5777/4620 4402/4930/3860
f 4406/4942/3872 3186/5784/4627 3692/4938/3868
f 4074/5785/4628 4075/5786/4629 3186/5784/4627
f 3186/5784/4627 4605/5787/4630 4072/5781/4624
f 3692/4938/3868 4072/5781/4624 4404/4936/3866
f 4408/4948/3878 3189/5788/4631 3695/4944/3874
f 4076/5789/4632 4077/5790/4633 3189/5788/4631
f 3189/5788/4631 4606/5791/4634 4074/5785/4628
f 3695/4944/3874 4074/5785/4628 4406/4942/3872
f 4410/4954/3884 3192/5792/4635 3698/4950/3880
f 4078/5793/4636 4079/5794/4637 3192/5792/4635
f 3192/5792/4635 4607/5795/4638 4076/5789/4632
f 3698/4950/3880 4076/5789/4632 4408/4948/3878
f 4412/4960/3890 3195/5796/4639 3701/4956/3886
f 4080/5797/4640 4081/5798/4641 3195/5796/4639
f 3195/5796/4639 4608/5799/4642 4078/5793/4636
f 3701/4956/3886 4078/5793/4636 4410/4954/3884
f 4414/4966/3896 3198/5800/4643 3704/4962/3892
f 4082/5801/4644 4083/5802/4645 3198/5800/4643
f 3198/5800/4643 4609/5803/4646 4080/5797/4640
f 3704/4962/3892 4080/5797/4640 4412/4960/3890
f 4416/4972/3902 3201/5804/4647 3707/4968/3898
f 4084/5805/4648 4085/5806/4649 3201/5804/4647
f 3201/5804/4647 4610/5807/4650 4082/5801/4644
f 3707/4968/3898 4082/5801/4644 4414/4966/3896
f 4418/4978/3908 3204/5808/4651 3710/4974/3904
f 4086/5809/4652 4087/5810/4653 3204/5808/4651
f 3204/5808/4651 4611/5811/4654 4084/5805/4648
f 3710/4974/3904 4084/5805/4648 4416/4972/3902
f 4420/4984/3914 3207/5812/4655 3713/4980/3910
f 4088/5813/4656 4089/5814/4657 3207/5812/4655
f 3207/5812/4655 4612/5815/4658 4086/5809/4652
f 3713/4980/3910 4086/5809/4652 4418/4978/3908
f 4422/4990/3920 3210/5816/4659 3716/4986/3916
f 4090/5817/4660 4091/5818/4661 3210/5816/4659
f 3210/5816/4659 4613/5819/4662 4088/5813/4656
f 3716/4986/3916 4088/5813/4656 4420/4984/3914
f 4424/4996/3926 3213/5820/4663 3719/4992/3922
f 4092/5821/4664 4093/5822/4665 3213/5820/4663
f 3213/5820/4663 4614/5823/4666 4090/5817/4660
f 3719/4992/3922 4090/5817/4660 4422/4990/3920
f 4426/5002/3932 3216/5824/4667 3722/4998/3928
f 4094/5825/4668 4095/5826/4669 3216/5824/4667
f 3216/5824/4667 4615/5827/4670 4092/5821/4664
f 3722/4998/3928 4092/5821/4664 4424/4996/3926
f 4428/5008/3938 3219/5828/4671 3725/5004/3934
f 4096/5829/4672 4097/5830/4673 3219/5828/4671
f 3219/5828/4671 4616/5831/4674 4094/5825/4668
f 3725/5004/3934 4094/5825/4668 4426/5002/3932
f 4430/5014/3944 3222/5832/4675 3728/5010/3940
f 4098/5833/4676 4099/5834/4677 3222/5832/4675
f 3222/5832/4675 4617/5835/4678 4096/5829/4672
f 3728/5010/3940 4096/5829/4672 4428/5008/3938
f 4432/5020/3950 3225/5836/4679 3731/5016/3946
f 4100/5837/4680 4101/5838/4681 3225/5836/4679
f 3225/5836/4679 4618/5839/4682 4098/5833/4676
f 3731/5016/3946 4098/5833/4676 4430/5014/3944
f 4434/5026/3956 3228/5840/4683 3734/5022/3952
f 4102/5841/4684 4103/5842/4685 3228/5840/4683
f 3228/5840/4683 4619/5843/4686 4100/5837/4680
f 3734/5022/3952 4100/5837/4680 4432/5020/3950
f 4436/5032/3962 3231/5844/4687 3737/5028/3958
f 4104/5845/4688 4105/5846/4689 3231/5844/4687
f 3231/5844/4687 4620/5847/4690 4102/5841/4684
f 3737/5028/3958 4102/5841/4684 4434/5026/3956
f 4438/5038/3968 3234/5848/4691 3740/5034/3964
f 4106/5849/4692 4107/5850/4693 3234/5848/4691
f 3234/5848/4691 4621/5851/4694 4104/5845/4688
f 3740/5034/3964 4104/5845/4688 4436/5032/3962
f 4440/5044/3974 3237/5852/4695 3743/5040/3970
f 4108/5853/4696 4109/5854/4697 3237/5852/4695
f 3237/5852/4695 4622/5855/4698 4106/5849/4692
f 3743/5040/3970 4106/5849/4692 4438/5038/3968
f 4442/5050/3980 3240/5856/4699 3746/5046/3976
f 4110/5857/4700 4111/5858/4701 3240/5856/4699
f 3240/5856/4699 4623/5859/4702 4108/5853/4696
f 3746/5046/3976 4108/5853/4696 4440/5044/3974
f 4444/5056/3986 3243/5860/4703 3749/5052/3982
f 4112/5861/4704 4113/5862/4705 3243/5860/4703
f 3243/5860/4703 4624/5863/4706 4110/5857/4700
f 3749/5052/3982 4110/5857/4700 4442/5050/3980
f 4446/5062/3992 3246/5864/4707 3752/5058/3988
f 4114/5865/4708 4115/5866/4709 3246/5864/4707
f 3246/5864/4707 4625/5867/4710 4112/5861/4704
f 3752/5058/3988 4112/5861/4704 4444/5056/3986
f 4387/4887/3817 3159/5868/4711 3755/5064/3994
f 4059/5755/4598 4116/5869/4712 3159/5868/4711
f 3159/5868/4711 4626/5870/4713 4114/5865/4708
f 3755/5064/3994 4114/5865/4708 4446/5062/3992
f 4507/5404/4296 3308/5871/4714 3848/5263/4179
f 4117/5872/4715 4118/5873/4716 3308/5871/4714
f 3308/5871/4714 4628/5874/4717 4119/5875/4718
f 3848/5263/4179 4119/5875/4718 4508/5264/4180
f 4508/5264/4180 3309/5876/4719 3850/5269/4183
f 4119/5875/4718 4120/5877/4720 3309/5876/4719
f 3309/5876/4719 4629/5878/4721 4121/5879/4722
f 3850/5269/4183 4121/5879/4722 4509/5270/4184
f 4509/5270/4184 3310/5880/4723 3852/5274/4187
f 4121/5879/4722 4122/5881/4724 3310/5880/4723
f 3310/5880/4723 4630/5882/4725 4123/5883/4726
f 3852/5274/4187 4123/5883/4726 4510/5275/4188
f 4510/5275/4188 3311/5884/4727 3854/5279/4191
f 4123/5883/4726 4124/5885/4728 3311/5884/4727
f 3311/5884/4727 4631/5886/4729 4125/5887/4730
f 3854/5279/4191 4125/5887/4730 4511/5280/4192
f 4511/5280/4192 3312/5888/4731 3856/5285/4195
f 4125/5887/4730 4126/5889/4732 3312/5888/4731
f 3312/5888/4731 4632/5890/4733 4127/5891/4734
f 3856/5285/4195 4127/5891/4734 4512/5286/4196
f 4512/5286/4196 3313/5892/4735 3858/5291/4199
f 4127/5891/4734 4128/5893/4736 3313/5892/4735
f 3313/5892/4735 4633/5894/4737 4129/5895/4738
f 3858/5291/4199 4129/5895/4738 4513/5292/4200
f 4513/5292/4200 3314/5896/4739 3860/5297/4203
f 4129/5895/4738 4130/5897/4740 3314/5896/4739
f 3314/5896/4739 4634/5898/4741 4131/5899/4742
f 3860/5297/4203 4131/5899/4742 4514/5298/4204
f 4514/5298/4204 3315/5900/4743 3862/5303/4207
f 4131/5899/4742 4132/5901/4744 3315/5900/4743
f 3315/5900/4743 4635/5902/4745 4133/5903/4746
f 3862/5303/4207 4133/5903/4746 4515/5304/4208
f 4515/5304/4208 3316/5904/4747 3864/5309/4211
f 4133/5903/4746 4134/5905/4748 3316/5904/4747
f 3316/5904/4747 4636/5906/4749 4135/5907/4750
f 3864/5309/4211 4135/5907/4750 4516/5310/4212
f 4516/5310/4212 3317/5908/4751 3866/5315/4215
f 4135/5907/4750 4136/5909/4752 3317/5908/4751
f 3317/5908/4751 4637/5910/4753 4137/5911/4754
f 3866/5315/4215 4137/5911/4754 4517/5316/4216
f 4517/5316/4216 3318/5912/4755 3868/5321/4219
f 4137/5911/4754 4138/5913/4756 3318/5912/4755
f 3318/5912/4755 4638/5914/4757 4139/5915/4758
f 3868/5321/4219 4139/5915/4758 4518/5322/4220
f 4518/5322/4220 3319/5916/4759 3870/5325/4223
f 4139/5915/4758 4140/5917/4760 3319/5916/4759
f 3319/5916/4759 4639/5918/4761 4141/5919/4762
f 3870/5325/4223 4141/5919/4762 4519/5326/4224
f 4519/5326/4224 3320/5920/4763 3872/5329/4227
f 4141/5919/4762 4142/5921/4764 3320/5920/4763
f 3320/5920/4763 4640/5922/4765 4143/5923/4766
f 3872/5329/4227 4143/5923/4766 4520/5330/4228
f 4520/5330/4228 3321/5924/4767 3874/5333/4231
f 4143/5923/4766 4144/5925/4768 3321/5924/4767
f 3321/5924/4767 4641/5926/4769 4145/5927/4770
f 3874/5333/4231 4145/5927/4770 4521/5334/4232
f 4521/5334/4232 3322/5928/4771 3876/5339/4235
f 4145/5927/4770 4146/5929/4772 3322/5928/4771
f 3322/5928/4771 4642/5930/4773 4147/5931/4774
f 3876/5339/4235 4147/5931/4774 4522/5340/4236
f 4522/5340/4236 3323/5932/4775 3878/5343/4239
f 4147/5931/4774 4148/5933/4776 3323/5932/4775
f 3323/5932/4775 4643/5934/4777 4149/5935/4778
f 3878/5343/4239 4149/5935/4778 4523/5344/4240
f 4523/5344/4240 3324/5936/4779 3880/5347/4243
f 4149/5935/4778 4150/5937/4780 3324/5936/4779
f 3324/5936/4779 4644/5938/4781 4151/5939/4782
f 3880/5347/4243 4151/5939/4782 4524/5348/4244
f 4524/5348/4244 3325/5940/4783 3882/5351/4247
f 4151/5939/4782 4152/5941/4784 3325/5940/4783
f 3325/5940/4783 4645/5942/4785 4153/5943/4786
f 3882/5351/4247 4153/5943/4786 4525/5352/4248
f 4525/5352/4248 3326/5944/4787 3884/5355/4251
f 4153/5943/4786 4154/5945/4788 3326/5944/4787
f 3326/5944/4787 4646/5946/4789 4155/5947/4790
f 3884/5355/4251 4155/5947/4790 4526/5356/4252
f 4526/5356/4252 3327/5948/4791 3886/5359/4255
f 4155/5947/4790 4156/5949/4792 3327/5948/4791
f 3327/5948/4791 4647/5950/4793 4157/5951/4794
f 3886/5359/4255 4157/5951/4794 4527/5360/4256
f 4527/5360/4256 3328/5952/4795 3888/5363/4259
f 4157/5951/4794 4158/5953/4796 3328/5952/4795
f 3328/5952/4795 4648/5954/4797 4159/5955/4798
f 3888/5363/4259 4159/5955/4798 4528/5364/4260
f 4528/5364/4260 3329/5956/4799 3890/5367/4263
f 4159/5955/4798 4160/5957/4800 3329/5956/4799
f 3329/5956/4799 4649/5958/4801 4161/5959/4802
f 3890/5367/4263 4161/5959/4802 4529/5368/4264
f 4529/5368/4264 3330/5960/4803 3892/5371/4267
f 4161/5959/4802 4162/5961/4804 3330/5960/4803
f 3330/5960/4803 4650/5962/4805 4163/5963/4806
f 3892/5371/4267 4163/5963/4806 4530/5372/4268
f 4530/5372/4268 3331/5964/4807 3894/5375/4271
f 4163/5963/4806 4164/5965/4808 3331/5964/4807
f 3331/5964/4807 4651/5966/4809 4165/5967/4810
f 3894/5375/4271 4165/5967/4810 4531/5376/4272
f 4531/5376/4272 3332/5968/4811 3896/5379/4275
f 4165/5967/4810 4166/5969/4812 3332/5968/4811
f 3332/5968/4811 4652/5970/4813 4167/5971/4814
f 3896/5379/4275 4167/5971/4814 4532/5380/4276
f 4532/5380/4276 3333/5972/4815 3898/5383/4279
f 4167/5971/4814 4168/5973/4816 3333/5972/4815
f 3333/5972/4815 4653/5974/4817 4169/5975/4818
f 3898/5383/4279 4169/5975/4818 4533/5384/4280
f 4533/5384/4280 3334/5976/4819 3900/5387/4283
f 4169/5975/4818 4170/5977/4820 3334/5976/4819
f 3334/5976/4819 4654/5978/4821 4171/5979/4822
f 3900/5387/4283 4171/5979/4822 4534/5388/4284
f 4534/5388/4284 3335/5980/4823 3902/5391/4287
f 4171/5979/4822 4172/5981/4824 3335/5980/4823
f 3335/5980/4823 4655/5982/4825 4173/5983/4826
f 3902/5391/4287 4173/5983/4826 4535/5392/4288
f 4535/5392/4288 3336/5984/4827 3904/5397/4291
f 4173/5983/4826 4174/5985/4828 3336/5984/4827
f 3336/5984/4827 4656/5986/4829 4175/5987/4830
f 3904/5397/4291 4175/5987/4830 4536/5398/4292
f 4536/5398/4292 3307/5988/4831 3906/5403/4295
f 4175/5987/4830 4176/5989/4832 3307/5988/4831
f 3307/5988/4831 4627/5990/4833 4117/5872/4715
f 3906/5403/4295 4117/5872/4715 4507/5404/4296
f 4571/5631/4494 3372/5991/4834 4177/5992/4835
f 4007/5629/4493 4178/5993/4836 3372/5991/4834
f 3372/5991/4834 4632/5994/4837 4126/5995/4838
f 4177/5992/4835 4126/5995/4838 4631/5996/4839
f 4572/5637/4498 3373/5997/4840 4178/5993/4836
f 4009/5635/4497 4179/5998/4841 3373/5997/4840
f 3373/5997/4840 4633/5999/4842 4128/6000/4843
f 4178/5993/4836 4128/6000/4843 4632/5994/4837
f 4573/5643/4502 3374/6001/4844 4179/5998/4841
f 4011/5641/4501 4180/6002/4845 3374/6001/4844
f 3374/6001/4844 4634/6003/4846 4130/6004/4847
f 4179/5998/4841 4130/6004/4847 4633/5999/4842
f 4574/5649/4506 3375/6005/4848 4180/6002/4845
f 4013/5647/4505 4181/6006/4849 3375/6005/4848
f 3375/6005/4848 4635/6007/4850 4132/6008/4851
f 4180/6002/4845 4132/6008/4851 4634/6003/4846
f 4575/5655/4510 3376/6009/4852 4181/6006/4849
f 4015/5653/4509 4182/6010/4853 3376/6009/4852
f 3376/6009/4852 4636/6011/4854 4134/6012/4855
f 4181/6006/4849 4134/6012/4855 4635/6007/4850
f 4576/5661/4514 3377/6013/4856 4182/6010/4853
f 4017/5659/4513 4183/6014/4857 3377/6013/4856
f 3377/6013/4856 4637/6015/4858 4136/6016/4859
f 4182/6010/4853 4136/6016/4859 4636/6011/4854
f 4577/5667/4518 3378/6017/4860 4183/6014/4857
f 4019/6018/4517 4184/6019/4861 3378/6017/4860
f 3378/6017/4860 4638/6020/4862 4138/6021/4863
f 4183/6014/4857 4138/6021/4863 4637/6015/4858
f 4578/6022/4522 3379/6023/4864 4184/6024/4861
f 4021/6025/4521 4185/6026/4865 3379/6023/4864
f 3379/6023/4864 4639/6027/4866 4140/6028/4867
f 4184/6024/4861 4140/6028/4867 4638/6029/4862
f 4579/6030/4526 3380/6031/4868 4185/6026/4865
f 4023/6032/4525 4186/6033/4869 3380/6031/4868
f 3380/6031/4868 4640/6034/4870 4142/6035/4871
f 4185/6026/4865 4142/6035/4871 4639/6027/4866
f 4580/6036/4530 3381/6037/4872 4186/6033/4869
f 4025/5679/4529 4187/6038/4873 3381/6037/4872
f 3381/6037/4872 4641/6039/4874 4144/6040/4875
f 4186/6033/4869 4144/6040/4875 4640/6034/4870
f 4581/5686/4534 3382/6041/4876 4187/6038/4873
f 4027/5684/4533 4188/6042/4877 3382/6041/4876
f 3382/6041/4876 4642/6043/4878 4146/6044/4879
f 4187/6038/4873 4146/6044/4879 4641/6039/4874
f 4582/6045/4538 3383/6046/4880 4188/6042/4877
f 4029/6047/4537 4189/6048/4881 3383/6046/4880
f 3383/6046/4880 4643/6049/4882 4148/6050/4883
f 4188/6042/4877 4148/6050/4883 4642/6043/4878
f 4583/6051/4542 3384/6052/4884 4189/6048/4881
f 4031/6053/4541 4190/6054/4885 3384/6052/4884
f 3384/6052/4884 4644/6055/4886 4150/6056/4887
f 4189/6048/4881 4150/6056/4887 4643/6049/4882
f 4584/6057/4546 3385/6058/4888 4190/6054/4885
f 4033/6059/4545 4191/6060/4889 3385/6058/4888
f 3385/6058/4888 4645/6061/4890 4152/6062/4891
f 4190/6054/4885 4152/6062/4891 4644/6055/4886
f 4585/6063/4550 3386/6064/4892 4191/6060/4889
f 4035/6065/4549 4192/6066/4893 3386/6064/4892
f 3386/6067/4892 4646/6068/4894 4154/6069/4895
f 4191/6060/4889 4154/6070/4895 4645/6061/4890
f 4586/6071/4554 3387/6072/4896 4192/6073/4893
f 4037/6074/4553 4193/6075/4897 3387/6072/4896
f 3387/6072/4896 4647/6076/4898 4156/6077/4899
f 4192/6073/4893 4156/6077/4899 4646/6068/4894
f 4587/6078/4558 3388/6079/4900 4193/6075/4897
f 4039/6080/4557 4194/6081/4901 3388/6079/4900
f 3388/6079/4900 4648/6082/4902 4158/6083/4903
f 4193/6075/4897 4158/6083/4903 4647/6076/4898
f 4588/6084/4562 3389/6085/4904 4194/6081/4901
f 4041/6086/4561 4195/6087/4905 3389/6085/4904
f 3389/6085/4904 4649/6088/4906 4160/6089/4907
f 4194/6081/4901 4160/6089/4907 4648/6082/4902
f 4589/6090/4566 3390/6091/4908 4195/6087/4905
f 4043/6092/4565 4196/6093/4909 3390/6091/4908
f 3390/6091/4908 4650/6094/4910 4162/6095/4911
f 4195/6087/4905 4162/6095/4911 4649/6088/4906
f 4590/6096/4570 3391/6097/4912 4196/6093/4909
f 4045/6098/4569 4197/6099/4913 3391/6097/4912
f 3391/6097/4912 4651/6100/4914 4164/6101/4915
f 4196/6093/4909 4164/6101/4915 4650/6094/4910
f 4591/6102/4574 3392/6103/4916 4197/6099/4913
f 4047/6104/4573 4198/6105/4917 3392/6103/4916
f 3392/6103/4916 4652/6106/4918 4166/6107/4919
f 4197/6099/4913 4166/6107/4919 4651/6100/4914
f 4592/6108/4578 3393/6109/4920 4198/6105/4917
f 4049/6110/4577 4199/6111/4921 3393/6109/4920
f 3393/6109/4920 4653/6112/4922 4168/6113/4923
f 4198/6105/4917 4168/6113/4923 4652/6106/4918
f 4593/6114/4582 3394/6115/4924 4199/6116/4921
f 4051/6117/4581 4200/6118/4925 3394/6115/4924
f 3394/6115/4924 4654/6119/4926 4170/6120/4927
f 4199/6111/4921 4170/6121/4927 4653/6112/4922
f 4594/6122/4586 3395/6123/4928 4200/6118/4925
f 4053/6124/4585 4201/6125/4929 3395/6123/4928
f 3395/6123/4928 4655/6126/4930 4172/6127/4931
f 4200/6118/4925 4172/6127/4931 4654/6119/4926
f 4595/6128/4590 3396/6129/4932 4201/6125/4929
f 4055/5743/4589 4202/6130/4933 3396/6129/4932
f 3396/6129/4932 4656/6131/4934 4174/6132/4935
f 4201/6125/4929 4174/6132/4935 4655/6126/4930
f 4596/5749/4593 3369/6133/4936 4202/6130/4933
f 4056/5747/4592 4203/6134/4937 3369/6133/4936
f 3369/6133/4936 4627/6135/4938 4176/6136/4939
f 4202/6130/4933 4176/6136/4939 4656/6131/4934
f 4568/5608/4477 3368/6137/4940 4203/6134/4937
f 3998/5606/4476 4204/6138/4941 3368/6137/4940
f 3368/6137/4940 4628/6139/4942 4118/6140/4943
f 4203/6134/4937 4118/6140/4943 4627/6135/4938
f 4567/5615/4482 3367/6141/4944 4204/6138/4941
f 4001/5613/4481 4205/6142/4945 3367/6141/4944
f 3367/6141/4944 4629/6143/4946 4120/6144/4947
f 4204/6138/4941 4120/6144/4947 4628/6139/4942
f 4569/5621/4486 3370/6145/4948 4205/6142/4945
f 4003/6146/4485 4206/6147/4949 3370/6145/4948
f 3370/6145/4948 4630/6148/4950 4122/6149/4951
f 4205/6142/4945 4122/6149/4951 4629/6143/4946
f 4570/6150/4490 3371/6151/4952 4206/6147/4949
f 4005/6152/4489 4177/5992/4835 3371/6153/4952
f 3371/6153/4952 4631/5996/4839 4124/6154/4953
f 4206/6147/4949 4124/6155/4953 4630/6148/4950
f 4543/6156/4954 3343/6157/4900 4207/6158/4901
f 3948/6159/4955 4208/6160/4897 3343/6157/4900
f 3343/6157/4900 4602/6161/4956 4069/6162/4957
f 4207/6158/4901 4069/6162/4957 4603/6163/4958
f 4542/6164/4959 3342/6165/4896 4208/6160/4897
f 3946/6166/4960 4209/6167/4961 3342/6165/4896
f 3342/6165/4896 4601/6168/4962 4067/6169/4963
f 4208/6160/4897 4067/6169/4963 4602/6161/4956
f 4541/6170/4964 3341/6171/4892 4209/6172/4961
f 3944/6173/4965 4210/6174/4889 3341/6171/4892
f 3341/6171/4892 4600/6175/4966 4065/6176/4967
f 4209/6167/4961 4065/6177/4967 4601/6168/4962
f 4540/6178/4968 3340/6179/4888 4210/6174/4889
f 3942/6180/4969 4211/6181/4885 3340/6179/4888
f 3340/6179/4888 4599/6182/4970 4063/6183/4971
f 4210/6174/4889 4063/6183/4971 4600/6175/4966
f 4539/6184/4972 3339/6185/4884 4211/6181/4885
f 3940/6186/4973 4212/6187/4881 3339/6185/4884
f 3339/6185/4884 4597/6188/4974 4061/6189/4975
f 4211/6181/4885 4061/6189/4975 4599/6182/4970
f 4538/6190/4976 3338/6191/4977 4212/6187/4881
f 3938/6192/4978 4213/6193/4877 3338/6191/4977
f 3338/6191/4977 4598/6194/4979 4058/6195/4980
f 4212/6187/4881 4058/6195/4980 4597/6188/4974
f 4537/6196/4981 3337/6197/4982 4213/6193/4877
f 3996/6198/4983 4214/6199/4873 3337/6197/4982
f 3337/6197/4982 4626/6200/4984 4116/6201/4985
f 4213/6193/4877 4116/6201/4985 4598/6194/4979
f 4566/6202/4986 3366/6203/4872 4214/6199/4873
f 3994/6204/4987 4215/6205/4869 3366/6203/4872
f 3366/6203/4872 4625/6206/4988 4115/6207/4989
f 4214/6199/4873 4115/6207/4989 4626/6200/4984
f 4565/6208/4990 3365/6209/4868 4215/6205/4869
f 3992/6210/4991 4216/6211/4865 3365/6209/4868
f 3365/6209/4868 4624/6212/4992 4113/6213/4993
f 4215/6205/4869 4113/6213/4993 4625/6206/4988
f 4564/6214/4994 3364/6215/4864 4216/6211/4865
f 3990/6216/4995 4217/6217/4996 3364/6215/4864
f 3364/6215/4864 4623/6218/4997 4111/6219/4998
f 4216/6211/4865 4111/6219/4998 4624/6212/4992
f 4563/6220/4999 3363/6221/4860 4217/6222/4996
f 3988/6223/5000 4218/6224/4857 3363/6221/4860
f 3363/6221/4860 4622/6225/5001 4109/6226/5002
f 4217/6222/4996 4109/6226/5002 4623/6227/4997
f 4562/6228/5003 3362/6229/4856 4218/6224/4857
f 3986/6230/5004 4219/6231/4853 3362/6229/4856
f 3362/6229/4856 4621/6232/5005 4107/6233/5006
f 4218/6224/4857 4107/6233/5006 4622/6225/5001
f 4561/6234/5007 3361/6235/4852 4219/6231/4853
f 3984/6236/5008 4220/6237/4849 3361/6235/4852
f 3361/6235/4852 4620/6238/5009 4105/6239/5010
f 4219/6231/4853 4105/6239/5010 4621/6232/5005
f 4560/6240/5011 3360/6241/4848 4220/6237/4849
f 3982/6242/5012 4221/6243/4845 3360/6241/4848
f 3360/6241/4848 4619/6244/5013 4103/6245/5014
f 4220/6237/4849 4103/6245/5014 4620/6238/5009
f 4559/6246/5015 3359/6247/4844 4221/6243/4845
f 3980/6248/5016 4222/6249/5017 3359/6247/4844
f 3359/6247/4844 4618/6250/5018 4101/6251/5019
f 4221/6243/4845 4101/6251/5019 4619/6244/5013
f 4558/6252/5020 3358/6253/4840 4222/6249/5017
f 3978/6254/5021 4223/6255/4836 3358/6253/4840
f 3358/6253/4840 4617/6256/5022 4099/6257/5023
f 4222/6249/5017 4099/6257/5023 4618/6250/5018
f 4557/6258/5024 3357/6259/4834 4223/6255/4836
f 3976/6260/5025 4224/6261/4835 3357/6259/4834
f 3357/6259/4834 4616/6262/5026 4097/6263/5027
f 4223/6255/4836 4097/6263/5027 4617/6256/5022
f 4556/6264/5028 3356/6265/5029 4224/6261/4835
f 3974/6266/5030 4225/6267/4949 3356/6268/5029
f 3356/6268/5029 4615/6269/5031 4095/6270/5032
f 4224/6261/4835 4095/6271/5032 4616/6262/5026
f 4555/6272/5033 3355/6273/5034 4225/6267/4949
f 3972/6274/5035 4226/6275/4945 3355/6273/5034
f 3355/6273/5034 4614/6276/5036 4093/6277/5037
f 4225/6267/4949 4093/6277/5037 4615/6269/5031
f 4554/6278/5038 3354/6279/4944 4226/6275/4945
f 3970/6280/5039 4227/6281/5040 3354/6279/4944
f 3354/6279/4944 4613/6282/5041 4091/6283/5042
f 4226/6275/4945 4091/6283/5042 4614/6276/5036
f 4553/6284/5043 3353/6285/5044 4227/6281/5040
f 3968/6286/5045 4228/6287/4937 3353/6285/5044
f 3353/6285/5044 4612/6288/5046 4089/6289/5047
f 4227/6281/5040 4089/6289/5047 4613/6282/5041
f 4552/6290/5048 3352/6291/4936 4228/6287/4937
f 3966/6292/5049 4229/6293/5050 3352/6291/4936
f 3352/6291/4936 4611/6294/5051 4087/6295/5052
f 4228/6287/4937 4087/6295/5052 4612/6288/5046
f 4551/6296/5053 3351/6297/4932 4229/6293/5050
f 3964/6298/5054 4230/6299/5055 3351/6297/4932
f 3351/6297/4932 4610/6300/5056 4085/6301/5057
f 4229/6293/5050 4085/6301/5057 4611/6294/5051
f 4550/6302/5058 3350/6303/4928 4230/6299/5055
f 3962/6304/5059 4231/6305/4925 3350/6303/4928
f 3350/6303/4928 4609/6306/5060 4083/6307/5061
f 4230/6299/5055 4083/6307/5061 4610/6300/5056
f 4549/6308/5062 3349/6309/5063 4231/6305/4925
f 3960/6310/5064 4232/6311/5065 3349/6309/5063
f 3349/6312/5063 4608/6313/5066 4081/6314/5067
f 4231/6305/4925 4081/6315/5067 4609/6306/5060
f 4548/6316/5068 3348/6317/4920 4232/6318/5065
f 3958/6319/5069 4233/6320/5070 3348/6317/4920
f 3348/6317/4920 4607/6321/5071 4079/6322/5072
f 4232/6318/5065 4079/6322/5072 4608/6313/5066
f 4547/6323/5073 3347/6324/5074 4233/6320/5070
f 3956/6325/5075 4234/6326/5076 3347/6324/5074
f 3347/6324/5074 4606/6327/5077 4077/6328/5078
f 4233/6320/5070 4077/6328/5078 4607/6321/5071
f 4546/6329/5079 3346/6330/4912 4234/6326/5076
f 3954/6331/5080 4235/6332/5081 3346/6330/4912
f 3346/6330/4912 4605/6333/5082 4075/6334/5083
f 4234/6326/5076 4075/6334/5083 4606/6327/5077
f 4545/6335/5084 3345/6336/5085 4235/6332/5081
f 3952/6337/5086 4236/6338/4905 3345/6336/5085
f 3345/6336/5085 4604/6339/5087 4073/6340/5088
f 4235/6332/5081 4073/6340/5088 4605/6333/5082
f 4544/6341/5089 3344/6342/5090 4236/6338/4905
f 3950/6343/5091 4207/6158/4901 3344/6342/5090
f 3344/6342/5090 4603/6163/4958 4071/6344/5092
f 4236/6338/4905 4071/6344/5092 4604/6339/5087
f 2/1/1 3/10/10 4/2/2
f 93/4/4 152/137/130 151/5/5
f 15/7/7 12/77/73 11/8/8
f 3/10/10 10/12/11 11/11/8
f 10/12/11 13/14/12 14/13/9
f 13/14/12 16/147/14 17/15/13
f 16/16/14 19/19/16 20/17/15
f 19/19/16 22/21/18 23/20/17
f 22/21/18 25/23/20 26/22/19
f 25/23/20 28/25/22 29/24/21
f 28/25/22 31/27/24 32/26/23
f 31/27/24 34/6345/26 35/28/25
f 34/29/26 37/32/28 38/30/27
f 37/32/28 40/34/30 41/33/29
f 40/34/30 43/36/32 44/35/31
f 43/36/32 46/38/34 47/37/33
f 46/38/34 49/40/36 50/39/35
f 49/40/36 52/42/38 53/41/37
f 52/42/38 55/44/40 56/43/39
f 55/44/40 58/46/42 59/45/41
f 58/46/42 61/48/44 62/47/43
f 61/48/44 64/50/46 65/49/45
f 64/50/46 67/52/48 68/51/47
f 67/52/48 70/54/50 71/53/49
f 70/54/50 73/56/52 74/55/51
f 73/56/52 76/58/54 77/57/53
f 76/58/54 79/60/56 80/59/55
f 79/60/56 82/62/58 83/61/57
f 82/62/58 85/64/60 86/63/59
f 85/64/60 88/66/62 89/65/61
f 88/66/62 9/71/67 8/67/63
f 336/68/64 16/147/14 13/14/12
f 331/70/66 332/1108/819 2/1/1
f 92/72/68 93/4/4 94/6/6
f 163/74/70 164/82/78 162/75/71
f 12/77/73 97/493/426 92/72/68
f 7/79/75 6/145/136 91/73/69
f 165/81/77 166/84/80 164/82/78
f 167/83/79 168/86/82 166/84/80
f 169/85/81 170/88/84 168/86/82
f 171/87/83 172/90/86 170/88/84
f 173/89/85 174/92/88 172/90/86
f 175/91/87 176/428/90 174/92/88
f 177/93/89 178/97/92 176/94/90
f 179/96/91 180/99/94 178/97/92
f 181/98/93 182/101/96 180/99/94
f 183/100/95 184/103/98 182/101/96
f 185/102/97 186/105/100 184/103/98
f 187/104/99 188/107/102 186/105/100
f 189/106/101 190/437/104 188/107/102
f 191/108/103 192/112/106 190/109/104
f 193/111/105 194/114/108 192/112/106
f 195/113/107 196/116/110 194/114/108
f 197/115/109 198/118/112 196/116/110
f 199/117/111 200/120/114 198/118/112
f 201/119/113 202/122/116 200/120/114
f 203/121/115 204/124/118 202/122/116
f 205/123/117 206/6346/120 204/124/118
f 207/125/119 208/129/122 206/126/120
f 209/128/121 210/131/124 208/129/122
f 156/130/123 155/449/412 210/131/124
f 218/132/125 277/303/277 273/133/126
f 218/132/125 214/134/127 213/135/128
f 152/137/130 153/141/134 154/138/131
f 98/139/132 157/180/163 152/137/130
f 95/140/133 94/6/6 151/5/5
f 153/141/134 213/135/128 211/142/135
f 12/77/73 5/78/74 4/143/2
f 7/79/75 8/177/63 1/144/3
f 337/146/137 19/149/16 16/147/14
f 338/148/138 22/151/18 19/149/16
f 339/150/139 25/153/20 22/151/18
f 340/152/140 28/155/22 25/153/20
f 341/154/141 31/157/24 28/155/22
f 342/156/142 34/29/26 31/157/24
f 343/158/143 37/32/28 34/29/26
f 344/159/144 40/34/30 37/32/28
f 345/160/145 43/36/32 40/34/30
f 346/161/146 46/38/34 43/36/32
f 347/162/147 49/40/36 46/38/34
f 348/163/148 52/42/38 49/40/36
f 349/164/149 55/44/40 52/42/38
f 350/165/150 58/46/42 55/44/40
f 351/166/151 61/48/44 58/46/42
f 352/167/152 64/50/46 61/48/44
f 353/168/153 67/52/48 64/50/46
f 354/169/154 70/54/50 67/52/48
f 355/170/155 73/56/52 70/54/50
f 356/171/156 76/58/54 73/56/52
f 357/172/157 79/60/56 76/58/54
f 358/173/158 82/62/58 79/60/56
f 359/174/159 85/64/60 82/62/58
f 360/175/160 88/66/62 85/64/60
f 95/140/133 96/80/76 91/73/69
f 7/79/75 90/238/216 89/176/61
f 5/78/74 92/72/68 91/73/69
f 159/178/161 160/245/167 158/179/162
f 373/181/164 337/492/425 336/182/165
f 161/76/72 162/75/71 160/184/167
f 18/186/168 101/190/171 99/187/169
f 21/189/170 103/192/173 101/190/171
f 24/191/172 105/194/175 103/192/173
f 27/193/174 107/196/177 105/194/175
f 30/195/176 109/198/179 107/196/177
f 33/197/178 111/200/181 109/198/179
f 36/199/180 113/202/183 111/200/181
f 39/201/182 115/469/185 113/202/183
f 42/203/184 117/207/187 115/204/185
f 45/206/186 119/209/189 117/207/187
f 48/208/188 121/211/191 119/209/189
f 51/210/190 123/213/193 121/211/191
f 54/212/192 125/215/195 123/213/193
f 57/214/194 127/217/197 125/215/195
f 60/216/196 129/478/199 127/217/197
f 63/218/198 131/222/201 129/219/199
f 66/221/200 133/224/203 131/222/201
f 69/223/202 135/226/205 133/224/203
f 72/225/204 137/228/207 135/226/205
f 75/227/206 139/230/209 137/228/207
f 78/229/208 141/232/211 139/230/209
f 81/231/210 143/234/213 141/232/211
f 84/233/212 145/489/215 143/234/213
f 87/235/214 147/239/217 145/236/215
f 90/238/216 149/240/218 147/239/217
f 7/79/75 96/80/76 149/240/218
f 100/241/219 159/178/161 157/180/163
f 158/179/162 217/136/129 213/135/128
f 212/242/220 155/449/412 154/138/131
f 220/243/221 218/132/125 217/136/129
f 160/245/167 219/244/222 217/136/129
f 224/246/223 222/451/414 221/247/224
f 226/249/226 224/246/223 223/248/225
f 228/251/228 226/249/226 225/250/227
f 230/253/230 228/251/228 227/252/229
f 232/255/232 230/253/230 229/254/231
f 234/257/234 232/255/232 231/256/233
f 236/259/236 234/257/234 233/258/235
f 238/261/238 236/454/236 235/262/237
f 240/264/240 238/261/238 237/263/239
f 242/266/242 240/264/240 239/265/241
f 244/268/244 242/266/242 241/267/243
f 246/270/246 244/268/244 243/269/245
f 248/272/248 246/270/246 245/271/247
f 250/274/250 248/272/248 247/273/249
f 252/276/252 250/455/250 249/277/251
f 254/279/254 252/276/252 251/278/253
f 256/281/256 254/279/254 253/280/255
f 258/283/258 256/281/256 255/282/257
f 260/285/260 258/283/258 257/284/259
f 262/287/262 260/285/260 259/286/261
f 264/289/264 262/287/262 261/288/263
f 266/291/266 264/6347/264 263/292/265
f 268/294/268 266/291/266 265/293/267
f 270/296/270 268/294/268 267/295/269
f 216/298/272 270/296/270 269/297/271
f 214/134/127 273/133/126 271/299/273
f 272/301/275 216/298/272 215/300/274
f 280/302/276 278/461/419 277/303/277
f 220/243/221 279/304/278 277/303/277
f 520/305/279 518/755/586 517/306/280
f 284/308/282 282/556/459 281/309/283
f 522/311/285 520/305/279 519/307/281
f 286/313/287 284/308/282 283/310/284
f 524/315/289 522/311/285 521/312/286
f 288/317/291 286/313/287 285/314/288
f 526/319/293 524/315/289 523/316/290
f 290/321/295 288/317/291 287/318/292
f 528/323/297 526/319/293 525/320/294
f 292/325/299 290/321/295 289/322/296
f 530/327/301 528/323/297 527/324/298
f 294/329/303 292/325/299 291/326/300
f 532/331/305 530/327/301 529/328/302
f 296/333/307 294/329/303 293/330/304
f 534/335/309 532/331/305 531/332/306
f 298/337/311 296/6348/307 295/338/308
f 536/340/313 534/335/309 533/336/310
f 300/342/315 298/337/311 297/339/312
f 538/344/317 536/340/313 535/341/314
f 302/346/319 300/342/315 299/343/316
f 540/348/321 538/344/317 537/345/318
f 304/350/323 302/346/319 301/347/320
f 542/352/325 540/348/321 539/349/322
f 306/354/327 304/350/323 303/351/324
f 544/356/329 542/352/325 541/353/326
f 308/358/331 306/354/327 305/355/328
f 546/360/333 544/356/329 543/357/330
f 310/362/335 308/358/331 307/359/332
f 548/364/337 546/360/333 545/361/334
f 312/366/339 310/6349/335 309/367/336
f 550/369/341 548/364/337 547/365/338
f 314/371/343 312/366/339 311/368/340
f 552/373/345 550/369/341 549/370/342
f 316/375/347 314/371/343 313/372/344
f 554/377/349 552/373/345 551/374/346
f 318/379/351 316/375/347 315/376/348
f 556/381/353 554/377/349 553/378/350
f 320/383/355 318/379/351 317/380/352
f 558/385/357 556/381/353 555/382/354
f 322/387/359 320/383/355 319/384/356
f 560/389/361 558/385/357 557/386/358
f 324/391/363 322/387/359 321/388/360
f 562/393/365 560/389/361 559/390/362
f 326/395/367 324/391/363 323/392/364
f 564/397/369 562/393/365 561/394/366
f 328/399/371 326/6350/367 325/400/368
f 566/402/373 564/397/369 563/398/370
f 330/404/375 328/399/371 327/401/372
f 568/406/377 566/402/373 565/403/374
f 276/408/379 330/404/375 329/405/376
f 570/409/380 568/406/377 567/407/378
f 371/183/166 336/182/165 335/411/382
f 575/413/384 576/819/643 571/414/385
f 102/416/387 161/76/72 159/185/161
f 104/418/388 163/74/70 161/76/72
f 162/75/71 221/247/224 219/419/222
f 106/420/389 165/81/77 163/74/70
f 164/82/78 223/248/225 221/247/224
f 108/421/390 167/83/79 165/81/77
f 166/84/80 225/250/227 223/248/225
f 110/422/391 169/85/81 167/83/79
f 168/86/82 227/252/229 225/250/227
f 112/423/392 171/87/83 169/85/81
f 170/88/84 229/254/231 227/252/229
f 114/424/393 173/89/85 171/87/83
f 172/90/86 231/256/233 229/254/231
f 116/425/394 175/91/87 173/89/85
f 174/92/88 233/258/235 231/256/233
f 118/426/395 177/93/89 175/95/87
f 176/428/90 235/260/237 233/258/235
f 120/429/396 179/96/91 177/93/89
f 178/97/92 237/263/239 235/262/237
f 122/430/397 181/98/93 179/96/91
f 180/99/94 239/265/241 237/263/239
f 124/431/398 183/100/95 181/98/93
f 182/101/96 241/267/243 239/265/241
f 126/432/399 185/102/97 183/100/95
f 184/103/98 243/269/245 241/267/243
f 128/433/400 187/104/99 185/102/97
f 186/105/100 245/271/247 243/269/245
f 130/434/401 189/106/101 187/104/99
f 188/107/102 247/273/249 245/271/247
f 132/435/402 191/108/103 189/110/101
f 190/437/104 249/275/251 247/273/249
f 134/438/403 193/111/105 191/108/103
f 192/112/106 251/278/253 249/277/251
f 136/439/404 195/113/107 193/111/105
f 194/114/108 253/280/255 251/278/253
f 138/440/405 197/115/109 195/113/107
f 196/116/110 255/282/257 253/280/255
f 140/441/406 199/117/111 197/115/109
f 198/118/112 257/284/259 255/282/257
f 142/442/407 201/119/113 199/117/111
f 200/120/114 259/286/261 257/284/259
f 144/443/408 203/121/115 201/119/113
f 202/122/116 261/288/263 259/286/261
f 146/444/409 205/123/117 203/121/115
f 204/124/118 263/290/265 261/288/263
f 148/445/410 207/125/119 205/127/117
f 206/126/120 265/293/267 263/292/265
f 150/448/411 209/128/121 207/125/119
f 208/129/122 267/295/269 265/293/267
f 95/140/133 156/130/123 209/128/121
f 210/131/124 269/297/271 267/295/269
f 155/449/412 212/242/220 269/297/271
f 276/408/379 272/301/275 271/299/273
f 214/134/127 215/300/274 211/142/135
f 222/451/414 281/309/283 279/452/278
f 224/246/223 283/310/284 281/309/283
f 226/249/226 285/314/288 283/310/284
f 228/251/228 287/318/292 285/314/288
f 230/253/230 289/322/296 287/318/292
f 232/255/232 291/326/300 289/322/296
f 234/257/234 293/330/304 291/326/300
f 236/259/236 295/334/308 293/330/304
f 238/261/238 297/339/312 295/338/308
f 240/264/240 299/343/316 297/339/312
f 242/266/242 301/347/320 299/343/316
f 244/268/244 303/351/324 301/347/320
f 246/270/246 305/355/328 303/351/324
f 248/272/248 307/359/332 305/355/328
f 250/274/250 309/363/336 307/359/332
f 252/276/252 311/368/340 309/367/336
f 254/279/254 313/372/344 311/368/340
f 256/281/256 315/376/348 313/372/344
f 258/283/258 317/380/352 315/376/348
f 260/285/260 319/384/356 317/380/352
f 262/287/262 321/388/360 319/384/356
f 264/289/264 323/392/364 321/388/360
f 266/456/266 325/396/368 323/392/364
f 268/294/268 327/401/372 325/400/368
f 270/296/270 329/405/376 327/401/372
f 216/298/272 272/301/275 329/405/376
f 370/457/415 369/563/383 367/458/416
f 274/460/418 275/450/413 271/299/273
f 222/451/414 220/453/221 219/419/222
f 278/461/419 274/460/418 273/133/126
f 334/462/420 10/12/11 3/10/10
f 430/464/422 429/505/422 427/465/422
f 18/186/168 15/188/7 14/467/9
f 101/190/171 102/416/387 100/417/219
f 21/189/170 18/186/168 17/18/13
f 103/192/173 104/418/388 102/416/387
f 24/191/172 21/189/170 20/17/15
f 105/194/175 106/420/389 104/418/388
f 27/193/174 24/191/172 23/20/17
f 107/196/177 108/421/390 106/420/389
f 30/195/176 27/193/174 26/22/19
f 109/198/179 110/422/391 108/421/390
f 33/197/178 30/195/176 29/24/21
f 111/200/181 112/423/392 110/422/391
f 36/199/180 33/197/178 32/26/23
f 113/202/183 114/424/393 112/423/392
f 39/201/182 36/199/180 35/28/25
f 115/469/185 116/425/394 114/424/393
f 42/203/184 39/205/182 38/470/27
f 117/207/187 118/426/395 116/427/394
f 45/206/186 42/203/184 41/471/29
f 119/209/189 120/429/396 118/426/395
f 48/208/188 45/206/186 44/472/31
f 121/211/191 122/430/397 120/429/396
f 51/210/190 48/208/188 47/473/33
f 123/213/193 124/431/398 122/430/397
f 54/212/192 51/210/190 50/474/35
f 125/215/195 126/432/399 124/431/398
f 57/214/194 54/212/192 53/475/37
f 127/217/197 128/433/400 126/432/399
f 60/216/196 57/214/194 56/476/39
f 129/478/199 130/434/401 128/433/400
f 63/218/198 60/220/196 59/479/41
f 131/222/201 132/435/402 130/436/401
f 66/221/200 63/218/198 62/480/43
f 133/224/203 134/438/403 132/435/402
f 69/223/202 66/221/200 65/481/45
f 135/226/205 136/439/404 134/438/403
f 72/225/204 69/223/202 68/482/47
f 137/228/207 138/440/405 136/439/404
f 75/227/206 72/225/204 71/483/49
f 139/230/209 140/441/406 138/440/405
f 78/229/208 75/227/206 74/484/51
f 141/232/211 142/442/407 140/441/406
f 81/231/210 78/229/208 77/485/53
f 143/234/213 144/443/408 142/442/407
f 84/237/212 81/6351/210 80/487/55
f 145/489/215 146/444/409 144/443/408
f 87/235/214 84/237/212 83/488/57
f 147/239/217 148/445/410 146/446/409
f 90/238/216 87/235/214 86/490/59
f 149/240/218 150/448/411 148/445/410
f 331/70/66 9/71/67 88/66/62
f 96/80/76 95/140/133 150/448/411
f 155/449/412 156/130/123 151/5/5
f 216/298/272 212/242/220 211/142/135
f 375/491/424 338/693/529 337/492/425
f 15/7/7 99/1114/169 97/493/426
f 157/180/163 158/179/162 153/141/134
f 362/494/427 333/723/555 332/495/428
f 481/497/423 482/569/423 425/498/423
f 424/499/423 480/622/423 510/500/430
f 364/501/431 365/722/554 361/496/429
f 431/503/422 372/507/434 370/504/433
f 433/506/422 374/509/435 372/507/434
f 435/508/422 376/511/436 374/509/435
f 437/510/422 378/513/437 376/511/436
f 439/512/422 380/515/438 378/513/437
f 441/514/422 382/517/439 380/515/438
f 443/516/422 384/519/440 382/517/439
f 445/518/422 386/521/441 384/519/440
f 447/520/422 388/523/442 386/521/441
f 449/522/422 390/525/443 388/523/442
f 451/524/422 392/527/444 390/525/443
f 453/526/422 394/529/445 392/527/444
f 455/528/422 396/531/446 394/529/445
f 457/530/422 398/533/447 396/531/446
f 459/532/422 400/535/448 398/533/447
f 461/534/422 402/537/449 400/535/448
f 463/536/422 404/539/450 402/537/449
f 465/538/422 406/541/451 404/539/450
f 467/540/422 408/543/452 406/541/451
f 469/542/422 410/545/453 408/543/452
f 471/544/422 412/547/454 410/545/453
f 473/546/422 414/549/455 412/547/454
f 475/548/422 416/551/456 414/549/455
f 477/550/422 418/553/457 416/551/456
f 479/552/422 420/555/458 418/553/457
f 423/554/422 364/685/521 420/555/458
f 282/556/459 280/6352/276 279/452/278
f 514/560/461 513/687/523 573/561/462
f 369/563/383 335/6353/382 334/564/464
f 422/565/422 366/686/522 365/566/465
f 426/568/423 425/498/423 482/569/423
f 424/499/423 425/498/423 421/567/422
f 432/573/460 431/503/422 429/505/422
f 428/466/423 426/568/423 483/570/423
f 430/464/422 428/466/423 484/574/468
f 432/573/460 430/464/422 485/575/468
f 487/577/468 434/696/460 432/573/460
f 436/578/460 434/696/460 487/577/468
f 438/580/460 436/578/460 488/579/460
f 440/582/460 438/580/460 489/581/460
f 442/584/460 440/582/460 490/583/460
f 444/586/460 442/584/460 491/585/466
f 446/588/422 444/586/460 492/587/466
f 448/590/467 446/588/422 493/589/466
f 450/592/467 448/590/467 494/591/466
f 452/594/467 450/592/467 495/593/467
f 454/596/467 452/594/467 496/595/467
f 456/598/467 454/596/467 497/597/467
f 458/600/467 456/598/467 498/599/467
f 460/602/422 458/600/467 499/601/469
f 462/604/470 460/602/422 500/603/469
f 464/606/470 462/604/470 501/605/469
f 466/608/470 464/606/470 502/607/469
f 468/610/470 466/608/470 503/609/470
f 470/612/470 468/610/470 504/611/470
f 472/614/470 470/612/470 505/613/470
f 474/616/470 472/614/470 506/615/430
f 476/618/422 474/616/470 507/617/430
f 478/620/423 476/618/422 508/619/430
f 480/622/423 478/620/423 509/621/430
f 429/505/422 370/504/433 368/623/471
f 374/624/472 373/181/164 371/183/166
f 376/627/474 375/491/424 373/181/164
f 378/629/475 377/631/477 375/491/424
f 380/630/476 379/634/479 377/631/477
f 382/633/478 381/636/481 379/634/479
f 384/635/480 383/638/483 381/636/481
f 386/637/482 385/699/485 383/638/483
f 388/639/484 387/645/487 385/640/485
f 390/644/486 389/647/489 387/645/487
f 392/646/488 391/649/491 389/647/489
f 394/648/490 393/651/493 391/649/491
f 396/650/492 395/655/495 393/651/493
f 398/654/494 397/657/497 395/655/495
f 400/656/496 399/707/499 397/657/497
f 402/659/498 401/663/501 399/660/499
f 404/662/500 403/666/503 401/663/501
f 406/665/502 405/668/505 403/666/503
f 408/667/504 407/670/507 405/668/505
f 410/669/506 409/672/509 407/670/507
f 412/671/508 411/676/513 409/672/509
f 514/560/461 572/562/463 579/673/510
f 414/675/512 413/678/515 411/676/513
f 416/677/514 415/716/517 413/678/515
f 418/679/516 417/683/519 415/680/517
f 420/682/518 419/684/520 417/683/519
f 364/501/431 363/502/432 419/684/520
f 364/685/521 423/554/422 421/567/422
f 427/465/422 368/623/471 366/686/522
f 513/687/523 514/560/461 511/688/524
f 721/690/526 722/822/646 665/691/527
f 377/631/477 339/695/531 338/693/529
f 368/459/417 367/458/416 362/494/427
f 379/634/479 340/697/532 339/695/531
f 434/696/460 433/506/422 431/503/422
f 381/636/481 341/698/533 340/697/532
f 436/578/460 435/508/422 433/506/422
f 383/638/483 342/700/534 341/698/533
f 438/580/460 437/510/422 435/508/422
f 385/699/485 343/6354/535 342/700/534
f 440/582/460 439/512/422 437/510/422
f 387/645/487 344/702/536 343/701/535
f 442/584/460 441/514/422 439/512/422
f 389/647/489 345/703/537 344/702/536
f 444/586/460 443/516/422 441/514/422
f 391/649/491 346/704/538 345/703/537
f 446/588/422 445/518/422 443/516/422
f 393/651/493 347/705/539 346/704/538
f 448/590/467 447/520/422 445/518/422
f 395/655/495 348/706/540 347/705/539
f 450/592/467 449/522/422 447/520/422
f 397/657/497 349/708/541 348/706/540
f 452/594/467 451/524/422 449/522/422
f 399/707/499 350/6355/542 349/708/541
f 454/596/467 453/526/422 451/524/422
f 401/663/501 351/710/543 350/709/542
f 456/598/467 455/528/422 453/526/422
f 403/666/503 352/711/544 351/710/543
f 458/600/467 457/530/422 455/528/422
f 405/668/505 353/712/545 352/711/544
f 460/602/422 459/532/422 457/530/422
f 407/670/507 354/713/546 353/712/545
f 462/604/470 461/534/422 459/532/422
f 409/672/509 355/714/547 354/713/546
f 464/606/470 463/536/422 461/534/422
f 411/676/513 356/715/548 355/714/547
f 466/608/470 465/538/422 463/536/422
f 413/678/515 357/717/549 356/715/548
f 468/610/470 467/540/422 465/538/422
f 415/716/517 358/6356/550 357/717/549
f 470/612/470 469/542/422 467/540/422
f 417/683/519 359/719/551 358/718/550
f 472/614/470 471/544/422 469/542/422
f 419/684/520 360/720/552 359/719/551
f 474/616/470 473/546/422 471/544/422
f 363/502/432 331/721/553 360/720/552
f 476/618/422 475/548/422 473/546/422
f 426/568/423 422/565/422 421/567/422
f 478/620/423 477/550/422 475/548/422
f 480/622/423 479/552/422 477/550/422
f 331/721/553 363/502/432 361/496/429
f 424/499/423 423/554/422 479/552/422
f 366/694/530 362/494/427 361/496/429
f 367/458/416 334/564/464 333/723/555
f 372/625/473 371/183/166 369/412/383
f 428/466/423 427/465/422 422/565/422
f 275/725/556 274/726/557 512/689/525
f 274/726/557 278/727/558 517/306/280
f 278/727/558 280/728/559 519/307/281
f 280/728/559 282/729/560 521/312/286
f 282/729/560 284/730/561 523/316/290
f 284/730/561 286/731/562 525/320/294
f 286/731/562 288/732/563 527/324/298
f 288/732/563 290/733/564 529/328/302
f 290/733/564 292/734/565 531/332/306
f 292/734/565 294/735/566 533/336/310
f 294/735/566 296/736/567 535/341/314
f 296/736/567 298/737/568 537/345/318
f 298/737/568 300/738/569 539/349/322
f 300/738/569 302/739/570 541/353/326
f 302/739/570 304/740/571 543/357/330
f 304/740/571 306/741/572 545/361/334
f 306/741/572 308/742/573 547/365/338
f 308/742/573 310/743/574 549/370/342
f 310/743/574 312/744/575 551/374/346
f 312/744/575 314/745/576 553/378/350
f 314/745/576 316/746/577 555/382/354
f 316/746/577 318/747/578 557/386/358
f 318/747/578 320/748/579 559/390/362
f 320/748/579 322/749/580 561/394/366
f 322/749/580 324/750/581 563/398/370
f 324/750/581 326/751/582 565/403/374
f 326/751/582 328/752/583 567/407/378
f 328/752/583 330/753/584 569/410/381
f 330/753/584 276/1067/792 516/754/585
f 518/755/586 513/687/523 512/689/525
f 572/756/463 573/757/462 574/415/386
f 573/757/462 580/759/588 581/758/587
f 580/759/588 583/6357/590 584/760/589
f 583/761/590 586/764/592 587/762/591
f 586/764/592 589/766/594 590/765/593
f 589/766/594 592/768/596 593/767/595
f 592/768/596 595/770/598 596/769/597
f 595/770/598 598/772/600 599/771/599
f 598/772/600 601/774/602 602/773/601
f 601/774/602 604/6358/604 605/775/603
f 604/776/604 607/779/606 608/777/605
f 607/779/606 610/984/608 611/780/607
f 610/781/608 613/784/610 614/782/609
f 613/784/610 616/786/612 617/785/611
f 616/786/612 619/788/614 620/787/613
f 619/788/614 622/6359/616 623/789/615
f 622/790/616 625/793/618 626/791/617
f 625/793/618 628/795/620 629/794/619
f 628/795/620 631/797/622 632/796/621
f 631/797/622 634/799/624 635/798/623
f 634/799/624 637/801/626 638/800/625
f 637/801/626 640/803/628 641/802/627
f 640/803/628 643/805/630 644/804/629
f 643/805/630 646/807/632 647/806/631
f 646/807/632 649/809/634 650/808/633
f 649/809/634 652/811/636 653/810/635
f 652/811/636 655/988/638 656/812/637
f 655/813/638 658/816/640 659/814/639
f 658/816/640 579/1115/510 578/817/641
f 662/818/642 577/1109/820 576/819/643
f 723/821/645 666/963/755 665/691/527
f 670/823/647 668/832/656 667/824/648
f 585/826/650 669/825/649 667/824/648
f 756/828/652 755/973/761 725/829/653
f 724/831/655 721/690/526 664/692/528
f 674/833/657 672/846/667 671/834/658
f 758/836/660 757/991/763 727/837/661
f 725/839/653 724/831/655 668/832/656
f 676/840/663 674/833/657 673/835/659
f 759/842/665 758/836/660 728/838/662
f 726/844/654 725/6360/653 670/845/647
f 678/847/668 676/840/663 675/841/664
f 760/849/670 759/842/665 729/843/666
f 727/851/661 726/844/654 672/846/667
f 680/852/672 678/847/668 677/848/669
f 761/854/674 760/849/670 730/850/671
f 728/856/662 727/851/661 674/833/657
f 682/857/676 680/852/672 679/853/673
f 762/859/678 761/854/674 731/855/675
f 729/861/666 728/856/662 676/840/663
f 684/862/680 682/857/676 681/858/677
f 763/864/682 762/859/678 732/860/679
f 730/866/671 729/861/666 678/847/668
f 686/867/684 684/862/680 683/863/681
f 764/869/686 763/864/682 733/865/683
f 731/871/675 730/866/671 680/852/672
f 688/872/688 686/888/684 685/873/685
f 765/875/690 764/869/686 734/870/687
f 732/877/679 731/871/675 682/857/676
f 690/878/692 688/872/688 687/874/689
f 766/880/694 765/875/690 735/876/691
f 733/882/683 732/877/679 684/862/680
f 692/883/696 690/878/692 689/879/693
f 767/885/698 766/880/694 736/881/695
f 734/887/687 733/6361/683 686/888/684
f 694/889/700 692/883/696 691/884/697
f 768/891/702 767/885/698 737/886/699
f 735/893/691 734/887/687 688/872/688
f 696/894/704 694/889/700 693/890/701
f 769/896/706 768/891/702 738/892/703
f 736/898/695 735/893/691 690/878/692
f 698/899/708 696/894/704 695/895/705
f 770/901/710 769/896/706 739/897/707
f 737/903/699 736/898/695 692/883/696
f 700/904/712 698/899/708 697/900/709
f 771/906/714 770/901/710 740/902/711
f 738/908/703 737/903/699 694/889/700
f 702/909/716 700/925/712 699/910/713
f 772/912/718 771/906/714 741/907/715
f 739/914/707 738/908/703 696/894/704
f 704/915/720 702/909/716 701/911/717
f 773/917/722 772/912/718 742/913/719
f 740/919/711 739/914/707 698/899/708
f 706/920/724 704/915/720 703/916/721
f 774/922/726 773/917/722 743/918/723
f 741/924/715 740/6362/711 700/925/712
f 708/926/728 706/920/724 705/921/725
f 775/928/730 774/922/726 744/923/727
f 742/930/719 741/924/715 702/909/716
f 710/931/732 708/926/728 707/927/729
f 776/933/734 775/928/730 745/929/731
f 743/935/723 742/930/719 704/915/720
f 712/936/736 710/931/732 709/932/733
f 777/938/738 776/933/734 746/934/735
f 744/940/727 743/935/723 706/920/724
f 714/941/740 712/936/736 711/937/737
f 778/943/742 777/938/738 747/939/739
f 745/945/731 744/940/727 708/926/728
f 716/946/744 714/962/740 713/947/741
f 779/949/746 778/943/742 748/944/743
f 746/951/735 745/945/731 710/931/732
f 718/952/748 716/946/744 715/948/745
f 780/954/750 779/949/746 749/950/747
f 747/956/739 746/951/735 712/936/736
f 720/957/752 718/952/748 717/953/749
f 753/959/754 780/954/750 750/955/751
f 748/961/743 747/6363/739 714/962/740
f 666/963/755 720/957/752 719/958/753
f 784/964/756 781/970/759 751/965/757
f 749/967/747 748/961/743 716/946/744
f 754/966/758 751/965/757 721/968/526
f 781/970/759 782/995/767 752/971/760
f 750/972/751 749/967/747 718/952/748
f 723/821/645 750/972/751 720/957/752
f 755/973/761 754/966/758 724/969/655
f 672/846/667 670/845/647 669/974/649
f 518/755/586 520/305/279 583/975/590
f 753/959/754 723/960/645 722/977/646
f 520/305/279 522/311/285 586/978/592
f 522/311/285 524/315/289 589/979/594
f 524/315/289 526/319/293 592/980/596
f 526/319/293 528/323/297 595/981/598
f 528/323/297 530/327/301 598/982/600
f 530/327/301 532/331/305 601/983/602
f 532/331/305 534/335/309 604/776/604
f 534/335/309 536/340/313 607/779/606
f 536/340/313 538/344/317 610/984/608
f 538/344/317 540/348/321 613/985/610
f 540/348/321 542/352/325 616/986/612
f 542/352/325 544/356/329 619/987/614
f 544/356/329 546/360/333 622/790/616
f 546/360/333 548/364/337 625/793/618
f 548/364/337 550/369/341 628/795/620
f 550/369/341 552/373/345 631/797/622
f 552/373/345 554/377/349 634/799/624
f 554/377/349 556/381/353 637/801/626
f 556/381/353 558/385/357 640/803/628
f 558/385/357 560/389/361 643/805/630
f 560/389/361 562/393/365 646/807/632
f 562/393/365 564/397/369 649/809/634
f 564/397/369 566/402/373 652/811/636
f 566/402/373 568/406/377 655/988/638
f 568/406/377 570/409/380 658/989/640
f 666/963/755 662/818/642 661/820/644
f 785/990/762 784/964/756 754/966/758
f 757/991/763 756/828/652 726/830/654
f 815/992/764 814/1019/764 784/964/756
f 786/993/765 785/990/762 755/973/761
f 783/994/766 753/959/754 752/971/760
f 788/996/768 787/1021/791 757/991/763
f 789/997/769 788/996/768 758/836/660
f 790/998/770 789/997/769 759/842/665
f 791/999/771 790/998/770 760/849/670
f 792/1000/772 791/999/771 761/854/674
f 793/1001/773 792/1000/772 762/859/678
f 794/1002/774 793/1001/773 763/864/682
f 795/1003/775 794/1002/774 764/869/686
f 796/1004/776 795/1003/775 765/875/690
f 797/1005/777 796/1004/776 766/880/694
f 798/1006/778 797/1005/777 767/885/698
f 799/1007/779 798/1006/778 768/891/702
f 800/1008/780 799/1007/779 769/896/706
f 801/1009/781 800/1008/780 770/901/710
f 802/1010/782 801/1009/781 771/906/714
f 803/1011/783 802/1010/782 772/912/718
f 804/1012/784 803/1011/783 773/917/722
f 805/1013/785 804/1012/784 774/922/726
f 806/1014/786 805/1013/785 775/928/730
f 807/1015/787 806/1014/786 776/933/734
f 808/1016/788 807/1015/787 777/938/738
f 809/1017/789 808/1016/788 778/943/742
f 810/1018/790 809/1017/789 779/949/746
f 783/994/766 810/1018/790 780/954/750
f 814/1019/764 811/1020/764 781/970/759
f 811/1020/764 812/1027/764 782/995/767
f 787/1021/791 786/993/765 756/828/652
f 816/1025/764 815/992/764 785/990/762
f 813/1026/764 783/994/766 782/995/767
f 818/1024/764 817/1050/764 787/1021/791
f 819/1022/764 818/1024/764 788/996/768
f 820/1028/764 819/1022/764 789/997/769
f 821/1029/764 820/1028/764 790/998/770
f 822/1030/764 821/1029/764 791/999/771
f 823/1031/764 822/1030/764 792/1000/772
f 824/1032/764 823/1031/764 793/1001/773
f 825/1033/764 824/1032/764 794/1002/774
f 826/1034/764 825/1033/764 795/1003/775
f 827/1035/764 826/1034/764 796/1004/776
f 828/1036/764 827/1035/764 797/1005/777
f 829/1037/764 828/1036/764 798/1006/778
f 830/1038/764 829/1037/764 799/1007/779
f 831/1039/764 830/1038/764 800/1008/780
f 832/1040/764 831/1039/764 801/1009/781
f 833/1041/764 832/1040/764 802/1010/782
f 834/1042/764 833/1041/764 803/1011/783
f 835/1043/764 834/1042/764 804/1012/784
f 836/1044/764 835/1043/764 805/1013/785
f 837/1045/764 836/1044/764 806/1014/786
f 838/1046/764 837/1045/764 807/1015/787
f 839/1047/764 838/1046/764 808/1016/788
f 840/1048/764 839/1047/764 809/1017/789
f 813/1026/764 840/1048/764 810/1018/790
f 843/1049/764 841/1051/764 811/1020/764
f 817/1050/764 816/1025/764 786/993/765
f 844/1052/764 843/1049/764 815/992/764
f 842/1053/764 813/1026/764 812/1027/764
f 845/1023/764 844/1052/764 817/1050/764
f 846/1055/764 845/1023/764 819/1022/764
f 847/1054/764 846/1055/764 821/1029/764
f 848/1056/764 847/1054/764 823/1031/764
f 849/1057/764 848/1056/764 825/1033/764
f 850/1058/764 849/1057/764 827/1035/764
f 851/1059/764 850/1058/764 829/1037/764
f 852/1060/764 851/1059/764 831/1039/764
f 853/1061/764 852/1060/764 833/1041/764
f 854/1062/764 853/1061/764 835/1043/764
f 855/1063/764 854/1062/764 837/1045/764
f 842/1053/764 855/1063/764 839/1047/764
f 484/574/468 483/570/423 856/1064/423
f 482/569/423 481/497/423 857/664/423
f 486/576/468 485/575/468 870/1065/423
f 488/579/460 487/577/468 869/557/460
f 490/583/460 489/581/460 868/559/460
f 492/587/466 491/585/466 867/626/460
f 494/591/466 493/589/466 866/571/466
f 496/595/467 495/593/467 865/572/467
f 498/599/467 497/597/467 864/628/467
f 502/607/469 501/605/469 862/642/469
f 504/611/470 503/609/470 861/643/470
f 506/615/430 505/613/470 860/652/470
f 508/619/430 507/617/430 859/653/470
f 510/500/430 509/621/430 858/658/430
f 276/1067/792 275/725/556 511/688/524
f 500/603/469 499/601/469 863/632/467
f 582/827/651 667/824/648 663/1068/793
f 513/687/523 518/755/586 580/976/588
f 585/826/650 582/827/651 581/758/587
f 588/1069/794 585/1110/650 584/763/589
f 591/1070/795 588/1069/794 587/762/591
f 594/1071/796 591/1070/795 590/765/593
f 597/1072/797 594/1071/796 593/767/595
f 600/1073/798 597/1072/797 596/769/597
f 603/1074/799 600/1073/798 599/771/599
f 606/1075/800 603/1074/799 602/773/601
f 609/1076/801 606/1075/800 605/775/603
f 612/1078/802 609/1111/801 608/1079/605
f 615/1080/803 612/1078/802 611/783/607
f 618/1081/804 615/1080/803 614/782/609
f 621/1082/805 618/1081/804 617/785/611
f 624/1083/806 621/1082/805 620/787/613
f 627/1084/807 624/1083/806 623/789/615
f 630/1086/808 627/1084/807 626/1085/617
f 633/1088/809 630/1112/808 629/1089/619
f 636/1091/810 633/1088/809 632/1090/621
f 639/1093/811 636/1091/810 635/1092/623
f 642/1095/812 639/1093/811 638/1094/625
f 645/1097/813 642/1095/812 641/1096/627
f 648/1099/814 645/1097/813 644/1098/629
f 651/1101/815 648/1099/814 647/1100/631
f 654/1103/816 651/1101/815 650/1102/633
f 657/1105/817 654/1113/816 653/1106/635
f 660/1107/818 657/1105/817 656/815/637
f 570/409/380 515/674/511 579/673/510
f 333/463/421 3/10/10 2/1/1
f 582/827/651 575/413/384 574/415/386
f 577/1109/820 578/817/641 571/414/385
f 588/1069/794 671/834/658 669/974/649
f 591/1070/795 673/835/659 671/834/658
f 594/1071/796 675/841/664 673/835/659
f 597/1072/797 677/848/669 675/841/664
f 600/1073/798 679/853/673 677/848/669
f 603/1074/799 681/858/677 679/853/673
f 606/1075/800 683/863/681 681/858/677
f 609/1076/801 685/868/685 683/863/681
f 612/1078/802 687/874/689 685/873/685
f 615/1080/803 689/879/693 687/874/689
f 618/1081/804 691/884/697 689/879/693
f 621/1082/805 693/890/701 691/884/697
f 624/1083/806 695/895/705 693/890/701
f 627/1084/807 697/900/709 695/895/705
f 630/1086/808 699/905/713 697/900/709
f 633/1088/809 701/911/717 699/910/713
f 636/1091/810 703/916/721 701/911/717
f 639/1093/811 705/921/725 703/916/721
f 642/1095/812 707/927/729 705/921/725
f 645/1097/813 709/932/733 707/927/729
f 648/1099/814 711/937/737 709/932/733
f 651/1101/815 713/942/741 711/937/737
f 654/1103/816 715/6364/745 713/942/741
f 657/1105/817 717/953/749 715/948/745
f 660/1107/818 719/958/753 717/953/749
f 577/1109/820 660/1107/818 659/814/639
f 577/1109/820 662/818/642 719/958/753
f 575/413/384 663/1068/793 661/820/644
f 751/965/757 752/971/760 722/977/646
f 664/692/528 665/691/527 661/820/644
f 668/832/656 664/692/528 663/1068/793
f 515/674/511 516/754/585 511/688/524
f 515/674/511 570/409/380 569/410/381
f 99/1114/169 100/241/219 98/139/132
f 5/78/74 6/145/136 1/144/3
f 579/1115/510 572/756/463 571/414/385
f 2/1/1 1/3/3 8/67/63
f 335/69/65 13/14/12 10/12/11
f 97/493/426 98/139/132 93/4/4
f 886/1116/821 887/1158/859 880/1117/822
f 954/1119/824 942/1226/918 941/1120/825
f 876/1122/827 881/1125/830 882/1123/828
f 881/1125/830 889/1135/840 888/1126/831
f 900/1127/832 903/1153/854 902/1128/833
f 883/1130/835 884/1139/844 885/1131/836
f 883/1130/835 878/1132/837 877/1124/829
f 932/1133/838 929/1134/839 881/1125/830
f 929/1134/839 930/6365/849 889/1135/840
f 891/1136/841 893/1149/850 894/1137/842
f 886/1116/821 879/1118/823 878/1132/837
f 884/1139/844 883/1130/835 892/1140/843
f 931/1145/848 890/1165/865 889/1146/840
f 951/1121/826 952/1251/939 896/1148/846
f 898/1150/851 900/1127/832 901/1129/834
f 973/1152/853 904/1155/856 903/1153/854
f 885/1131/836 884/1139/844 899/1151/852
f 932/1133/838 876/1122/827 875/1156/857
f 887/1158/859 886/1116/821 902/1128/833
f 988/1159/860 989/1317/998 985/1160/861
f 971/1162/863 972/1154/855 903/1153/854
f 974/1163/864 971/1162/863 900/1127/832
f 891/1136/841 892/1138/843 888/1164/831
f 1105/1166/866 1104/1264/953 955/1167/867
f 1101/1169/869 1100/1296/979 975/1170/870
f 978/1172/872 907/1175/875 906/1173/873
f 907/1175/875 908/1305/986 905/1176/876
f 919/1177/877 920/6366/968 913/1178/878
f 916/1180/880 915/1184/884 921/1181/881
f 909/1183/883 914/1186/886 915/1184/884
f 914/1186/886 922/1194/892 921/1181/881
f 932/1187/838 918/1191/889 917/1188/887
f 916/1190/888 917/1188/887 918/1191/889
f 916/1180/880 911/6367/1175 910/1185/885
f 1112/1193/891 1111/1196/894 914/1186/886
f 922/1194/892 923/1213/906 924/1195/893
f 1111/1196/894 1110/1257/1173 922/1194/892
f 1145/1197/895 1146/1544/1177 1114/1198/896
f 925/1200/898 927/1239/931 928/1201/899
f 919/1177/877 912/1179/879 911/1192/890
f 917/1188/887 916/1190/888 926/1203/900
f 954/1119/824 891/1136/841 890/1165/865
f 980/1205/901 979/1288/874 906/1206/873
f 913/1207/902 906/1206/873 905/1208/876
f 884/1139/844 894/1141/842 895/1142/845
f 932/1187/838 934/2860/858 919/1177/877
f 925/1210/904 926/1182/882 921/1181/881
f 893/1149/850 896/1148/846 895/1211/845
f 935/1212/905 936/1216/908 924/1195/893
f 930/1214/849 929/1189/839 917/1188/887
f 940/1215/907 937/1230/922 936/1216/908
f 1148/1218/910 1145/1197/895 1113/1199/897
f 935/1212/905 938/1229/921 939/1217/909
f 1106/1220/912 1105/1166/866 945/1168/868
f 1144/1222/914 1143/1234/926 1111/1223/915
f 940/1225/917 941/1120/825 942/1226/918
f 1108/1228/920 1107/1233/925 938/1229/921
f 937/1230/922 925/1210/904 924/1195/893
f 944/1221/913 945/1168/868 946/1231/923
f 1107/1233/925 1106/1220/912 944/1221/913
f 1143/1234/926 1142/1555/943 1110/1235/927
f 947/1236/928 949/1273/963 950/1237/929
f 927/1239/931 925/1200/898 937/1227/919
f 941/1120/825 940/1225/917 948/1240/930
f 974/1163/864 898/1150/851 897/1144/847
f 1099/1243/933 908/1305/986 907/1175/875
f 974/1245/864 962/1262/951 961/1246/935
f 885/1131/836 901/1129/834 902/1128/833
f 927/1239/931 931/1145/848 930/1147/849
f 983/1248/936 933/2858/994 874/1249/937
f 947/1250/938 948/1516/1172 943/1232/924
f 952/1251/939 951/1121/826 941/1120/825
f 960/1252/940 957/1517/1174 956/1253/941
f 1142/1255/943 1141/1310/992 1109/1256/944
f 955/1167/867 958/1265/954 959/1254/942
f 1102/1258/945 1101/1169/869 965/1171/871
f 1140/1260/947 1139/1269/958 1107/1233/948
f 960/1261/950 961/1246/935 962/1262/951
f 1104/1264/953 1103/1268/957 958/1265/954
f 964/1259/946 965/1171/871 966/1266/955
f 1103/1268/957 1102/1258/945 964/1259/946
f 1139/1269/958 1138/1289/971 1106/1220/959
f 967/1270/960 969/1298/981 970/1271/961
f 949/1273/963 947/1236/928 957/1263/952
f 961/1246/935 960/1261/950 968/1274/962
f 984/1276/964 887/1158/859 904/1155/856
f 1149/1277/965 1148/1218/910 1116/1219/911
f 938/1229/921 944/1221/913 943/1232/924
f 984/1279/964 982/1294/977 981/1280/967
f 981/1280/967 980/1205/976 913/1207/878
f 949/1273/963 953/6368/932 952/1283/939
f 967/1270/969 968/1272/1170 963/1284/956
f 972/1286/855 971/1247/863 961/1246/935
f 980/1205/901 977/1295/1171 976/1287/970
f 1138/1289/971 1137/6369/993 1105/1166/972
f 975/1170/870 978/1172/872 979/1174/874
f 1136/1291/973 1135/1520/1176 1103/1292/974
f 980/1205/976 981/1280/967 982/1294/977
f 1100/1296/979 1097/1297/980 978/1172/872
f 1097/1297/980 1098/1244/934 907/1175/875
f 969/1298/981 967/1270/960 977/1295/978
f 898/1150/851 899/1151/852 895/1142/845
f 953/1299/932 897/6370/847 896/1148/846
f 883/1130/835 882/1123/828 888/1126/831
f 1134/1301/983 1133/1511/1167 1101/1302/984
f 969/1298/981 973/6371/853 972/1304/855
f 909/1183/883 910/1185/885 905/1176/876
f 1099/1243/933 1112/1193/891 909/1183/883
f 1109/1256/987 1108/1228/920 935/1212/905
f 958/1265/954 964/1259/946 963/1267/956
f 1131/1306/988 1144/1222/914 1112/1224/916
f 955/1167/867 956/1253/941 946/1231/923
f 992/1308/990 986/1300/982 985/1160/861
f 1141/1310/992 1140/1260/947 1108/1228/949
f 975/1170/870 976/1290/970 966/1266/955
f 1137/1311/993 1136/1291/973 1104/1293/975
f 933/1313/994 983/1281/936 981/1280/967
f 1020/1314/995 1017/1319/1000 992/1308/990
f 990/1316/997 991/1309/991 985/1160/861
f 998/1318/999 999/1315/996 992/1308/990
f 1017/1319/1000 1018/1514/1169 986/1300/982
f 988/1159/860 993/1321/1002 994/1320/1001
f 993/1321/1002 1001/1488/1011 1000/1322/1003
f 1012/1323/1004 1015/1354/1033 1014/1324/1005
f 995/1326/1007 996/1339/1018 997/1327/1008
f 995/1326/1007 990/1316/997 989/1317/998
f 1088/1328/1009 1087/1331/1010 993/1329/1002
f 1087/1331/1010 1071/1343/1022 1001/1332/1011
f 1126/1333/1012 1125/1456/1121 1078/1334/1013
f 1003/1336/1015 1005/1346/1025 1006/1337/1016
f 998/1318/999 991/1309/991 990/1316/997
f 996/1339/1018 995/1326/1007 1004/1338/1017
f 1071/1343/1022 1072/1455/1077 1002/1344/1023
f 1067/1345/1024 1051/1375/1052 1008/1341/1020
f 1122/1347/1026 1121/1421/1093 1058/1348/1027
f 1010/1350/1029 1012/1323/1004 1013/1325/1006
f 1025/1352/1031 1026/1410/1084 1016/1353/1032
f 997/1327/1008 996/1339/1018 1011/1351/1030
f 999/1315/996 998/1318/999 1014/1324/1005
f 1115/1355/1034 1043/1442/1112 1042/1356/1035
f 1047/1358/1037 1025/1352/1031 1015/1354/1033
f 1082/1359/1038 1081/1478/1142 1069/1360/1039
f 1048/1362/1041 1047/1358/1037 1012/1323/1004
f 1118/1363/1042 1117/1383/1060 1032/1364/1043
f 1003/1336/1015 1004/1338/1017 1000/1322/1003
f 1040/1367/1045 1039/1392/1069 1041/1368/1046
f 1088/1328/1009 988/1330/860 987/1370/862
f 1010/1350/1029 1011/1351/1030 1007/1340/1019
f 1023/1372/1049 1024/6372/1114 1019/1373/1050
f 1051/1375/1052 1052/1417/1091 1009/1342/1021
f 1021/1376/1053 1020/1379/1056 1026/1377/1054
f 995/1326/1007 994/1320/1001 1000/1322/1003
f 1020/1379/1056 1021/1376/1053 1022/1380/1057
f 1023/1372/1049 1018/1374/1051 1017/1381/1058
f 1025/1382/1059 1027/6373/1085 1028/1378/1055
f 1117/1383/1060 1116/1437/1109 1033/1384/1061
f 1064/1385/1062 1031/1365/1044 1030/1386/1063
f 1033/1384/1061 1034/1398/1075 1029/1388/1065
f 1037/1389/1066 1030/1386/1063 1029/1388/1065
f 1030/1386/1063 1031/1365/1044 1032/1364/1043
f 1038/1391/1068 1042/1356/1035 1041/1368/1046
f 1152/1393/1070 1151/1526/1178 1119/1394/1071
f 1045/1396/1073 1046/1369/1047 1041/1368/1046
f 1033/1384/1061 1038/1391/1068 1039/1392/1069
f 1068/1399/1076 1003/1336/1015 1002/1366/1023
f 1153/1401/1078 1152/1393/1070 1120/1395/1072
f 1042/1356/1035 1043/1442/1112 1044/1397/1074
f 1113/1403/1080 1114/1357/1036 1042/1356/1035
f 1066/1404/1081 1050/1412/1086 1049/1405/1082
f 1040/1407/1045 1046/1439/1047 1023/1372/1049
f 1066/1404/1081 1065/1444/1064 1030/1408/1063
f 1020/1314/995 999/1315/996 1016/1353/1032
f 1040/1367/1045 1035/1523/1145 1034/1398/1075
f 1066/1404/1081 1037/1409/1066 1027/1411/1085
f 1049/1405/1082 1048/1415/1089 1052/1413/1087
f 1048/1415/1089 1049/1405/1082 1050/1412/1086
f 1027/1411/1085 1025/6374/1059 1047/1416/1090
f 1048/1362/1041 1010/1350/1029 1009/1342/1021
f 1051/1418/1092 1053/1449/1115 1054/1419/1088
f 1121/1421/1093 1120/1472/1137 1059/1422/1094
f 1084/1423/1095 1057/1349/1028 1056/1424/1096
f 1059/1422/1094 1060/1432/1104 1055/1426/1098
f 1063/1427/1099 1056/1424/1096 1055/1426/1098
f 1056/1424/1096 1057/1349/1028 1058/1348/1027
f 1156/1429/1101 1155/1500/1160 1123/1430/1102
f 1059/1422/1094 1064/1385/1062 1065/1387/1064
f 1093/1433/1105 1045/1396/1073 1044/1397/1074
f 1157/1435/1107 1156/1429/1101 1124/1431/1103
f 1116/1437/1109 1113/1403/1080 1038/1391/1068
f 1045/1438/1073 1024/6372/1114 1023/1372/1049
f 1086/1440/1110 1085/1425/1097 1056/1424/1096
f 1091/1441/1111 1092/1434/1106 1044/1397/1074
f 1066/1404/1081 1061/1406/1083 1060/1443/1104
f 1036/1445/1067 1035/1483/1145 1021/1376/1053
f 1089/1446/1113 1088/1328/1146 1019/1371/1050
f 1086/1448/1110 1063/6375/1099 1053/1449/1115
f 1069/1360/1039 1068/1452/1118 1072/1451/1117
f 1068/1452/1118 1069/1360/1039 1070/1450/1116
f 1053/1449/1115 1051/1418/1092 1067/1453/1119
f 997/1327/1008 1013/1325/1006 1014/1324/1005
f 1071/1343/1120 1073/1481/1143 1074/1454/1040
f 1125/1456/1121 1124/1495/1155 1079/1457/1122
f 1094/1458/1123 1077/1335/1014 1076/1459/1124
f 1079/1457/1122 1080/1467/1131 1075/1461/1126
f 1083/1462/1127 1076/1459/1124 1075/1461/1126
f 1076/1459/1124 1077/1335/1014 1078/1334/1013
f 1160/1464/1128 1159/1502/1161 1127/1465/1129
f 1079/1457/1122 1084/1423/1095 1085/1425/1097
f 1132/1468/1132 1129/1486/1148 1097/1469/1133
f 1147/1471/1135 1160/1464/1128 1128/1466/1130
f 1120/1472/1137 1119/1473/1138 1064/1385/1062
f 1119/1473/1138 1118/1363/1042 1031/1365/1044
f 1154/1474/1139 1153/6376/1078 1121/1475/1079
f 1096/1477/1141 1095/1460/1125 1076/1459/1124
f 1086/1448/1110 1070/1450/1116 1069/1360/1039
f 1086/1440/1110 1081/1525/1142 1080/1467/1131
f 1062/1479/1100 1061/1406/1083 1049/1405/1082
f 1096/1480/1141 1083/6377/1127 1073/1481/1143
f 1040/1407/1045 1022/1380/1057 1021/1376/1053
f 1088/1328/1146 1089/1446/1113 1090/1482/1144
f 1073/1481/1143 1071/1343/1120 1087/1331/1147
f 996/1339/1018 1006/1337/1016 1007/1340/1019
f 1045/1396/1073 1093/1433/1105 1089/1484/1113
f 1129/1486/1148 1130/1558/1168 1098/1487/1149
f 1005/1346/1025 1008/1341/1020 1007/1340/1019
f 1115/1355/1034 1128/1466/1159 1091/1441/1111
f 1091/1441/1111 1094/1458/1123 1095/1460/1125
f 1096/1477/1141 1093/1433/1105 1092/1434/1106
f 1150/1492/1153 1149/1566/965 1117/1493/966
f 1124/1495/1155 1123/1496/1156 1084/1423/1095
f 1123/1496/1156 1122/1347/1026 1057/1349/1028
f 1158/1497/1157 1157/6378/1107 1125/1456/1108
f 1096/1477/1141 1090/6379/1144 1089/1484/1113
f 1128/1466/1159 1127/1465/1164 1094/1458/1123
f 1027/1411/1085 1037/1409/1066 1036/1498/1067
f 1155/1500/1160 1154/1474/1139 1122/1476/1140
f 1053/1449/1115 1063/6375/1099 1062/1501/1100
f 1159/1502/1161 1158/1497/1157 1126/1333/1158
f 1156/1429/1101 1157/1435/1107 1167/1503/1162
f 1073/1505/1143 1083/6380/1127 1082/1359/1038
f 1127/1465/1164 1126/1333/1012 1077/1335/1014
f 1138/1506/971 1171/1559/1181 1170/1507/1165
f 1167/1508/1162 1157/6381/1107 1158/1509/1157
f 1133/1511/1167 1132/1468/1132 1100/1470/1134
f 1099/1307/989 1098/6382/1149 1130/1512/1168
f 984/1279/964 973/6371/853 969/1298/981
f 1068/1399/1076 1067/1345/1024 1005/1346/1025
f 974/1245/864 953/6368/932 949/1273/963
f 1019/1513/1048 987/1161/862 986/1300/982
f 960/1515/940 959/6383/942 963/1284/956
f 954/1119/824 931/1145/848 927/1239/931
f 977/1295/1171 967/1270/969 966/1285/955
f 940/1215/907 939/1217/909 943/1232/924
f 1110/1257/1173 1109/1256/987 923/1213/906
f 957/1517/1174 947/1250/938 946/1231/923
f 911/1192/1175 912/1179/903 905/1518/876
f 1135/1520/1176 1134/1548/983 1102/1521/985
f 1147/1471/1135 1115/1355/1136 1114/1357/896
f 1035/1523/1145 1036/1390/1067 1029/1388/1065
f 1061/1406/1083 1062/1479/1100 1055/1524/1098
f 1081/1525/1142 1082/1463/1038 1075/1461/1126
f 1151/1526/1178 1150/1492/1153 1118/1494/1154
f 1155/1500/1160 1156/1429/1101 1168/1504/1163
f 1166/1510/1166 1158/1509/1157 1159/1528/1161
f 1152/1393/1070 1153/1401/1078 1171/1530/1181
f 1151/1526/1178 1152/1393/1070 1172/1531/1182
f 1184/1533/1184 1178/1490/1151 1177/1489/1150
f 1288/1535/1186 1287/1689/1307 1184/1533/1184
f 1180/1537/1188 1181/1561/1197 1177/1538/1150
f 1164/1540/1189 1160/1546/1128 1147/1541/1135
f 1162/1543/1190 1147/6384/1135 1146/1544/1177
f 1132/1468/1132 1165/1529/1180 1164/1540/1189
f 1165/1529/1180 1159/1528/1161 1160/1546/1128
f 1144/1222/914 1131/1306/988 1161/1545/1191
f 1133/1511/1167 1166/1510/1166 1165/1529/1180
f 1134/1301/983 1167/1508/1162 1166/1510/1166
f 1134/1548/983 1135/1520/1176 1168/1504/1163
f 1135/1520/1176 1136/1291/973 1169/1527/1179
f 1138/1549/971 1139/1550/958 1172/1531/1182
f 1139/1550/958 1140/1551/947 1173/1532/1183
f 1140/1551/947 1141/1553/992 1174/1552/1193
f 1141/1553/992 1142/6385/943 1175/1554/1194
f 1142/1555/943 1143/1234/926 1176/1556/1195
f 1143/1234/926 1144/1222/914 1163/1547/1192
f 1148/1218/910 1149/1277/965 1175/1557/1194
f 1129/1486/1148 1164/1540/1189 1162/1542/1190
f 1145/1197/895 1163/1547/1192 1161/1545/1191
f 1130/1512/1168 1162/1543/1190 1161/1545/1191
f 1170/1507/1165 1154/1474/1139 1155/1500/1160
f 1137/1311/993 1170/1507/1165 1169/1527/1179
f 1171/1559/1181 1153/6376/1078 1154/1474/1139
f 1182/1560/1196 1183/6386/1185 1177/1538/1150
f 1145/1197/895 1148/1218/910 1176/1556/1195
f 1237/1562/1198 1238/6387/1200 1179/1491/1152
f 1150/1492/1153 1151/1526/1178 1173/1532/1183
f 1237/1563/1198 1224/6388/1337 1223/1564/1199
f 1149/1566/965 1150/1492/1153 1174/1552/1193
f 1258/1567/1201 1255/1594/1206 1197/1568/1202
f 1190/1570/1204 1191/1536/1187 1184/1533/1184
f 1258/1571/1201 1246/1666/1289 1245/1572/1205
f 1180/1537/1188 1185/1575/1208 1186/1574/1207
f 1185/1575/1208 1193/1584/1217 1192/1576/1209
f 1204/1577/1210 1207/6389/1229 1206/1578/1211
f 1187/1580/1213 1188/1588/1220 1189/1581/1214
f 1187/1580/1213 1182/1560/1196 1181/1561/1197
f 1236/1582/1215 1233/1583/1216 1185/1575/1208
f 1233/1583/1216 1234/1593/1225 1193/1584/1217
f 1195/1569/1203 1197/1568/1202 1198/1585/1218
f 1190/1587/1204 1183/6386/1185 1182/1560/1196
f 1188/1588/1220 1187/1580/1213 1196/1586/1219
f 1235/1592/1224 1194/1610/1237 1193/1584/1217
f 1255/1594/1206 1256/1742/1309 1200/1590/1222
f 1202/1595/1226 1204/1577/1210 1205/1579/1212
f 1277/1597/1228 1208/1601/1231 1207/1598/1229
f 1189/1581/1214 1188/1588/1220 1203/1596/1227
f 1236/1602/1215 1180/6390/1188 1179/1603/1152
f 1191/1536/1187 1190/1570/1204 1206/1600/1211
f 1292/1604/1232 1293/1758/1366 1289/1605/1233
f 1275/1607/1235 1276/1599/1230 1207/1598/1229
f 1278/1609/1236 1275/6391/1235 1204/1577/1210
f 1195/1569/1203 1196/1586/1219 1192/1576/1209
f 1409/1611/1238 1408/1708/1323 1259/1612/1239
f 1405/1614/1241 1404/1739/1348 1279/1615/1242
f 1282/1617/1244 1211/1620/1247 1210/1618/1245
f 1211/1620/1247 1212/1745/1355 1209/1621/1248
f 1223/1564/1199 1224/6388/1337 1217/1622/1249
f 1220/1624/1251 1219/6392/1255 1225/1625/1252
f 1213/1627/1254 1218/1630/1257 1219/1628/1255
f 1218/1630/1257 1226/1642/1263 1225/1631/1252
f 1236/1602/1215 1222/1635/1260 1221/1632/1258
f 1220/1634/1259 1221/1632/1258 1222/1635/1260
f 1220/1637/1251 1215/1960/1543 1214/1629/1256
f 1416/1638/1262 1415/1641/1265 1218/1630/1257
f 1226/1639/1263 1227/1654/1277 1228/1640/1264
f 1415/1641/1265 1414/1957/1541 1226/1642/1263
f 1449/1643/1266 1450/1964/1545 1418/1644/1267
f 1229/1646/1269 1231/1679/1302 1232/1647/1270
f 1223/1564/1199 1216/1623/1250 1215/1636/1261
f 1221/1632/1258 1220/1634/1259 1230/1648/1271
f 1258/1567/1201 1195/1569/1203 1194/1610/1237
f 1284/1650/1272 1283/1619/1246 1210/1618/1245
f 1217/1651/1273 1210/1618/1245 1209/1621/1248
f 1188/1588/1220 1198/1585/1218 1199/1589/1221
f 1236/1602/1215 1238/1565/1200 1223/1564/1199
f 1229/1646/1275 1230/1626/1253 1225/1625/1252
f 1197/1568/1202 1200/1590/1222 1199/1589/1221
f 1239/1653/1276 1240/1657/1279 1228/1640/1264
f 1234/1655/1225 1233/1633/1216 1221/1632/1258
f 1244/1656/1278 1241/1667/1293 1240/1657/1279
f 1452/1659/1281 1449/1643/1266 1417/1645/1268
f 1239/1653/1276 1242/1723/1292 1243/1658/1280
f 1410/1661/1283 1409/1611/1238 1249/1613/1240
f 1448/1663/1285 1447/1674/1297 1415/1664/1286
f 1244/1656/1288 1245/1572/1205 1246/1666/1289
f 1412/1668/1291 1411/1673/1296 1242/1669/1292
f 1241/1667/1293 1229/1646/1275 1228/1640/1264
f 1248/1662/1284 1249/1613/1240 1250/1671/1294
f 1411/1673/1296 1410/1661/1283 1248/1662/1284
f 1447/1674/1297 1446/1994/1313 1414/1675/1298
f 1251/1676/1299 1253/1718/1333 1254/1677/1300
f 1231/1679/1302 1229/1646/1269 1241/1667/1290
f 1245/1572/1205 1244/1656/1288 1252/1680/1301
f 1278/1609/1236 1202/1595/1226 1201/1591/1223
f 1403/1683/1304 1212/1745/1355 1211/1620/1247
f 1278/1685/1236 1266/1706/1321 1265/1686/1306
f 1189/1581/1214 1205/1579/1212 1206/1578/1211
f 1231/1688/1302 1235/6393/1224 1234/1655/1225
f 1287/1689/1307 1237/1562/1198 1178/1490/1151
f 1251/1690/1308 1252/1680/1540 1247/1691/1295
f 1256/1693/1309 1255/1573/1206 1245/1572/1205
f 1264/1694/1310 1261/6394/1542 1260/1695/1311
f 1446/1697/1313 1445/1752/1361 1413/1698/1314
f 1259/1612/1239 1262/1709/1324 1263/1696/1312
f 1406/1700/1315 1405/1614/1241 1269/1616/1243
f 1444/1702/1317 1443/1713/1328 1411/1703/1318
f 1264/1705/1320 1265/1686/1306 1266/1706/1321
f 1408/1708/1323 1407/1712/1327 1262/1709/1324
f 1268/1701/1316 1269/1616/1243 1270/1710/1325
f 1407/1712/1327 1406/1700/1315 1268/1701/1316
f 1443/1713/1328 1442/1731/1340 1410/1714/1329
f 1271/1715/1330 1273/1741/1350 1274/1716/1331
f 1253/1718/1333 1251/1676/1299 1261/1707/1322
f 1265/1686/1306 1264/1705/1320 1272/1719/1332
f 1288/1535/1186 1191/1536/1187 1208/1601/1231
f 1453/1721/1334 1452/1659/1281 1420/1660/1282
f 1242/1723/1292 1248/6395/1284 1247/1691/1295
f 1288/1535/1186 1286/1737/1346 1285/1724/1336
f 1285/1724/1336 1284/1736/1345 1217/1725/1249
f 1253/1718/1333 1257/6396/1303 1256/1727/1309
f 1271/1728/1338 1272/1955/1538 1267/1711/1326
f 1276/1729/1230 1275/1687/1235 1265/1686/1306
f 1284/1650/1272 1281/1956/1539 1280/1730/1339
f 1442/1731/1340 1441/6397/1362 1409/1732/1341
f 1279/1615/1242 1282/1617/1244 1283/1619/1246
f 1440/1733/1342 1439/1961/1544 1407/1734/1343
f 1284/1736/1345 1285/1724/1336 1286/1737/1346
f 1404/1739/1348 1401/1740/1349 1282/1617/1244
f 1401/1740/1349 1402/1684/1305 1211/1620/1247
f 1273/1741/1350 1271/1715/1330 1281/1738/1347
f 1202/1595/1226 1203/1596/1227 1199/1589/1221
f 1257/1682/1303 1201/1591/1223 1200/1590/1222
f 1187/1580/1213 1186/1574/1207 1192/1576/1209
f 1438/1744/1352 1437/1952/1535 1405/1614/1353
f 1273/1741/1350 1277/1597/1228 1276/1599/1230
f 1213/1627/1254 1214/1629/1256 1209/1621/1248
f 1403/1683/1304 1416/1638/1262 1213/1627/1254
f 1413/1746/1356 1412/1668/1291 1239/1670/1276
f 1262/1709/1324 1268/1701/1316 1267/1711/1326
f 1435/1748/1357 1448/1663/1285 1416/1665/1287
f 1259/1612/1239 1260/1695/1311 1250/1671/1294
f 1296/1750/1359 1290/1743/1351 1289/1605/1233
f 1445/1752/1361 1444/1702/1317 1412/1704/1319
f 1279/1615/1242 1280/1730/1339 1270/1710/1325
f 1441/1753/1362 1440/1733/1342 1408/1735/1344
f 1237/1562/1198 1287/1689/1307 1285/1724/1336
f 1324/1755/1363 1321/1760/1368 1296/1750/1359
f 1294/1757/1365 1295/1751/1360 1289/1605/1233
f 1302/1759/1367 1303/1756/1364 1296/1750/1359
f 1321/1760/1368 1322/1954/1537 1290/1743/1351
f 1292/1604/1232 1297/1762/1370 1298/1761/1369
f 1297/1762/1370 1305/1771/1379 1304/1763/1371
f 1316/1764/1372 1319/1793/1401 1318/1765/1373
f 1299/1767/1375 1300/1778/1386 1301/1768/1376
f 1299/1767/1375 1294/1757/1365 1293/1758/1366
f 1392/1769/1377 1391/1770/1378 1297/1762/1370
f 1391/1770/1378 1375/1782/1390 1305/1771/1379
f 1430/1772/1380 1429/1901/1489 1382/1773/1381
f 1307/1775/1383 1309/1785/1393 1310/1776/1384
f 1302/1759/1367 1295/1751/1360 1294/1757/1365
f 1300/1778/1386 1299/1767/1375 1308/1777/1385
f 1375/1782/1390 1376/1847/1445 1306/1783/1391
f 1371/1784/1392 1355/6398/1420 1312/1780/1388
f 1426/1786/1394 1425/1849/1461 1362/1787/1395
f 1314/1789/1397 1316/1764/1372 1317/1766/1374
f 1329/1791/1399 1330/1828/1452 1320/1792/1400
f 1301/1768/1376 1300/1778/1386 1315/1794/1398
f 1303/1756/1364 1302/1759/1367 1318/1796/1373
f 1419/1799/1402 1347/1887/1480 1346/1800/1403
f 1351/1802/1405 1329/1791/1399 1319/1793/1401
f 1386/1803/1406 1385/1920/1510 1373/1804/1407
f 1352/1806/1409 1351/1802/1405 1316/1764/1372
f 1422/1807/1410 1421/1829/1428 1336/1808/1411
f 1307/1775/1383 1308/1777/1385 1304/1763/1371
f 1344/1810/1413 1343/1838/1437 1345/1811/1414
f 1392/1769/1377 1292/1604/1232 1291/1606/1234
f 1314/1814/1397 1315/1794/1398 1311/1779/1387
f 1327/1815/1417 1328/6399/1482 1323/1816/1418
f 1355/1818/1420 1356/1860/1459 1313/1819/1389
f 1325/1821/1421 1324/1824/1424 1330/1822/1422
f 1299/1767/1375 1298/1761/1369 1304/1763/1371
f 1324/1824/1424 1325/1821/1421 1326/1825/1425
f 1327/1815/1417 1322/1817/1419 1321/1826/1426
f 1329/1791/1427 1331/1863/1453 1332/1827/1423
f 1421/1829/1428 1420/1882/1477 1337/1830/1429
f 1368/1831/1430 1335/1809/1412 1334/1832/1431
f 1337/1830/1429 1338/1845/1443 1333/1834/1433
f 1341/1835/1434 1334/1832/1431 1333/1834/1433
f 1334/1832/1431 1335/1809/1412 1336/1808/1411
f 1342/1837/1436 1346/1800/1403 1345/1811/1414
f 1456/1839/1438 1455/1967/1546 1423/1840/1439
f 1349/1842/1441 1350/6400/1415 1345/1843/1414
f 1337/1830/1429 1342/1837/1436 1343/1838/1437
f 1372/1846/1444 1307/1775/1383 1306/1783/1391
f 1457/1848/1446 1456/1839/1438 1424/1841/1440
f 1346/1800/1403 1347/1887/1480 1348/1850/1442
f 1417/1851/1448 1418/1801/1404 1346/1800/1403
f 1370/1852/1449 1354/1858/1454 1353/1853/1450
f 1344/1855/1413 1350/1884/1415 1327/1815/1417
f 1370/1852/1449 1369/1833/1432 1334/1832/1431
f 1324/1755/1363 1303/1756/1364 1320/1798/1400
f 1344/1810/1413 1339/1965/1513 1338/1845/1443
f 1370/1852/1449 1341/1835/1434 1331/1857/1453
f 1353/1859/1450 1352/1806/1457 1356/1860/1455
f 1352/1806/1457 1353/1859/1450 1354/1862/1454
f 1331/1863/1453 1329/1791/1427 1351/1802/1458
f 1352/1806/1409 1314/1789/1397 1313/1819/1389
f 1355/1864/1460 1357/1893/1483 1358/1865/1456
f 1425/1849/1461 1424/1841/1505 1363/1867/1462
f 1388/1868/1463 1361/1788/1396 1360/1869/1464
f 1363/1867/1462 1364/1877/1472 1359/1871/1466
f 1367/1872/1467 1360/1869/1464 1359/1871/1466
f 1360/1869/1464 1361/1788/1396 1362/1787/1395
f 1460/1874/1469 1459/1941/1528 1427/1875/1470
f 1363/1867/1462 1368/1831/1430 1369/1833/1432
f 1397/1878/1473 1349/1842/1441 1348/1844/1442
f 1461/1880/1475 1460/1874/1469 1428/1876/1471
f 1420/1882/1477 1417/1851/1448 1342/1837/1436
f 1349/1883/1441 1328/6399/1482 1327/1815/1417
f 1390/1885/1478 1389/1870/1465 1360/1869/1464
f 1395/1886/1479 1396/1928/1474 1348/1850/1442
f 1370/1852/1449 1365/1854/1451 1364/1877/1472
f 1340/1888/1435 1339/1924/1513 1325/1821/1421
f 1393/1889/1481 1392/1925/1514 1323/1890/1418
f 1390/1892/1478 1367/6401/1467 1357/1893/1483
f 1373/1804/1407 1372/1896/1486 1376/1895/1485
f 1372/1896/1486 1373/1804/1407 1374/1894/1484
f 1357/1893/1483 1355/1864/1460 1371/1897/1487
f 1301/1768/1376 1317/1795/1374 1318/1796/1373
f 1375/1898/1488 1377/1922/1511 1378/1899/1408
f 1429/1901/1489 1428/1934/1523 1383/1902/1490
f 1398/1903/1491 1381/1774/1382 1380/1904/1492
f 1383/1902/1490 1384/1913/1499 1379/1906/1494
f 1387/1907/1495 1380/1919/1492 1379/1908/1494
f 1380/1904/1492 1381/1774/1382 1382/1773/1381
f 1464/1910/1496 1463/1944/1529 1431/1911/1497
f 1383/1902/1490 1388/1868/1463 1389/1870/1465
f 1436/1914/1500 1433/1927/1516 1401/1740/1501
f 1451/1915/1503 1464/1910/1496 1432/1912/1498
f 1424/1841/1505 1423/1840/1506 1368/1831/1430
f 1423/1840/1506 1422/1807/1410 1335/1809/1412
f 1458/1917/1507 1457/1848/1446 1425/1849/1447
f 1400/1918/1509 1399/1929/1493 1380/1919/1492
f 1390/1892/1478 1374/1894/1484 1373/1804/1407
f 1390/1885/1478 1385/1966/1510 1384/1913/1499
f 1366/1873/1468 1365/1854/1451 1353/1853/1450
f 1400/1918/1509 1387/1907/1495 1377/1922/1511
f 1344/1855/1413 1326/1825/1425 1325/1821/1421
f 1392/1925/1514 1393/1889/1481 1394/1923/1512
f 1377/1922/1511 1375/1898/1488 1391/1926/1515
f 1300/1778/1386 1310/1776/1384 1311/1779/1387
f 1349/1842/1441 1397/1878/1473 1393/1889/1481
f 1433/1927/1516 1434/6402/1536 1402/1684/1517
f 1309/1785/1393 1312/1780/1388 1311/1779/1387
f 1419/1799/1402 1432/1939/1527 1395/1886/1479
f 1395/1886/1479 1398/1903/1491 1399/1905/1493
f 1400/1918/1509 1397/1878/1473 1396/1879/1474
f 1454/1933/1521 1453/6403/1334 1421/1829/1335
f 1428/1934/1523 1427/1935/1524 1388/1868/1463
f 1427/1935/1524 1426/1786/1394 1361/1788/1396
f 1462/1936/1525 1461/6404/1475 1429/1937/1476
f 1400/1918/1509 1394/1923/1512 1393/1889/1481
f 1432/1939/1527 1431/1947/1532 1398/1903/1491
f 1331/1940/1453 1341/6405/1434 1340/1888/1435
f 1459/1941/1528 1458/1998/1507 1426/1942/1508
f 1357/1893/1483 1367/6401/1467 1366/1943/1468
f 1463/1944/1529 1462/1936/1525 1430/1938/1526
f 1460/1874/1469 1461/1880/1475 1471/1945/1530
f 1377/1922/1511 1387/1907/1495 1386/1909/1406
f 1431/1947/1532 1430/1772/1380 1381/1774/1382
f 1442/1948/1340 1475/1997/1549 1474/1949/1533
f 1471/1950/1530 1461/6404/1475 1462/1936/1525
f 1437/1952/1535 1436/1914/1500 1404/1739/1502
f 1403/1749/1358 1402/6406/1517 1434/1953/1536
f 1288/1535/1186 1277/1597/1228 1273/1741/1350
f 1372/1846/1444 1371/1784/1392 1309/1785/1393
f 1278/1685/1236 1257/6396/1303 1253/1718/1333
f 1323/1813/1416 1291/1606/1234 1290/1743/1351
f 1264/1694/1310 1263/1696/1312 1267/1711/1326
f 1258/1571/1201 1235/6407/1224 1231/1679/1302
f 1281/1956/1539 1271/1728/1338 1270/1710/1325
f 1244/1656/1278 1243/1658/1280 1247/1691/1295
f 1414/1957/1541 1413/1746/1356 1227/1747/1277
f 1261/1707/1542 1251/1676/1308 1250/1958/1294
f 1215/1960/1543 1216/1652/1274 1209/1621/1248
f 1439/1961/1544 1438/1989/1352 1406/1962/1354
f 1451/1963/1503 1419/6408/1504 1418/1644/1267
f 1339/1965/1513 1340/1836/1435 1333/1834/1433
f 1365/1854/1451 1366/1873/1468 1359/1871/1466
f 1385/1966/1510 1386/6409/1406 1379/1906/1494
f 1455/1967/1546 1454/1933/1521 1422/1807/1522
f 1459/1941/1528 1460/1874/1469 1472/1946/1531
f 1470/1951/1534 1462/1936/1525 1463/1944/1529
f 1456/1970/1438 1457/6410/1446 1475/1971/1549
f 1455/1973/1546 1456/1970/1438 1476/1972/1550
f 1488/1975/1552 1482/1931/1519 1481/1930/1518
f 1592/1977/1554 1591/2127/1675 1488/1975/1552
f 1484/1979/1556 1485/2000/1565 1481/1930/1518
f 1468/1980/1557 1464/1910/1496 1451/1915/1503
f 1466/1982/1558 1451/1963/1503 1450/1964/1545
f 1436/1984/1500 1469/1969/1548 1468/1980/1557
f 1469/1969/1548 1463/1944/1529 1464/1910/1496
f 1448/1663/1285 1435/1748/1357 1465/1983/1559
f 1437/1987/1535 1470/1951/1534 1469/1969/1548
f 1438/1988/1352 1471/1950/1530 1470/1951/1534
f 1438/1989/1352 1439/1961/1544 1472/1946/1531
f 1439/1961/1544 1440/1733/1342 1473/1968/1547
f 1442/1731/1340 1443/1713/1328 1476/1972/1550
f 1443/1713/1328 1444/1702/1317 1477/1974/1551
f 1444/1702/1317 1445/1752/1361 1478/1990/1561
f 1445/1991/1361 1446/1994/1313 1479/1992/1562
f 1446/1994/1313 1447/1674/1297 1480/1995/1563
f 1447/1674/1297 1448/1663/1285 1467/1986/1560
f 1452/1659/1281 1453/1721/1334 1479/1992/1562
f 1433/1985/1516 1468/1980/1557 1466/1981/1558
f 1449/1643/1266 1467/1986/1560 1465/1983/1559
f 1434/1953/1536 1466/1982/1558 1465/1983/1559
f 1474/1949/1533 1458/1998/1507 1459/1941/1528
f 1441/1753/1362 1474/1949/1533 1473/1968/1547
f 1475/1997/1549 1457/6411/1446 1458/1998/1507
f 1486/1999/1564 1487/1976/1553 1481/1930/1518
f 1449/1643/1266 1452/1659/1281 1480/1995/1563
f 1541/2001/1566 1542/2040/1568 1483/1932/1520
f 1454/2002/1521 1455/1973/1546 1477/1974/1551
f 1541/2003/1566 1528/2156/1705 1527/2004/1567
f 1453/1721/1334 1454/6412/1521 1478/1993/1561
f 1562/2006/1569 1559/2011/1574 1501/2007/1570
f 1494/2009/1572 1495/1978/1555 1488/1975/1552
f 1562/2006/1569 1550/2105/1657 1549/2010/1573
f 1484/1979/1556 1489/2013/1576 1490/2012/1575
f 1489/2013/1576 1497/2022/1585 1496/2014/1577
f 1508/2015/1578 1511/2037/1597 1510/2016/1579
f 1491/2018/1581 1492/2025/1588 1493/2019/1582
f 1491/2018/1581 1486/1999/1564 1485/2000/1565
f 1540/2020/1583 1537/2021/1584 1489/2013/1576
f 1537/2021/1584 1538/6413/1593 1497/2022/1585
f 1499/2008/1571 1501/2007/1570 1502/2023/1586
f 1494/2009/1572 1487/1976/1553 1486/1999/1564
f 1492/2025/1588 1491/2018/1581 1500/2026/1587
f 1539/2031/1592 1498/2085/1605 1497/2032/1585
f 1559/2011/1574 1560/2129/1677 1504/2029/1590
f 1506/2034/1594 1508/2015/1578 1509/2017/1580
f 1581/2036/1596 1512/2039/1599 1511/2037/1597
f 1493/2019/1582 1492/2025/1588 1507/2035/1595
f 1540/2020/1583 1484/1979/1556 1483/1932/1520
f 1495/1978/1555 1494/2009/1572 1510/2016/1579
f 1596/2041/1600 1597/2192/1734 1593/2042/1601
f 1579/2044/1603 1580/2038/1598 1511/2037/1597
f 1582/2045/1604 1579/2044/1603 1508/2015/1578
f 1499/2046/1571 1500/2026/1587 1496/2014/1577
f 1713/2048/1606 1712/2141/1691 1563/2049/1607
f 1709/2051/1609 1708/2171/1716 1583/2052/1610
f 1586/2054/1612 1515/2057/1615 1514/2055/1613
f 1515/2057/1615 1516/2180/1723 1513/2058/1616
f 1527/2004/1567 1528/2156/1705 1521/2059/1617
f 1524/2061/1619 1523/2065/1623 1529/2062/1620
f 1517/2064/1622 1522/2067/1625 1523/2065/1623
f 1522/2067/1625 1530/2075/1631 1529/2062/1620
f 1540/2068/1583 1526/2072/1628 1525/2069/1626
f 1524/2071/1627 1525/2069/1626 1526/2072/1628
f 1524/2061/1619 1519/6414/1911 1518/2066/1624
f 1720/2074/1630 1719/2077/1633 1522/2067/1625
f 1530/2075/1631 1531/2092/1645 1532/2076/1632
f 1719/2077/1633 1718/2389/1909 1530/2075/1631
f 1753/2078/1634 1754/2431/1913 1722/2079/1635
f 1533/2081/1637 1535/2126/1670 1536/2082/1638
f 1527/2084/1567 1520/6415/1618 1519/2073/1629
f 1525/2069/1626 1524/2071/1627 1534/2083/1639
f 1562/2006/1569 1499/2008/1571 1498/2085/1605
f 1588/2086/1640 1587/2163/1614 1514/2087/1613
f 1521/2059/1641 1514/2087/1613 1513/2088/1616
f 1492/2025/1588 1502/2027/1586 1503/2089/1589
f 1540/2068/1583 1542/6416/1568 1527/2084/1567
f 1533/2090/1643 1534/2063/1621 1529/2062/1620
f 1501/2007/1570 1504/2029/1590 1503/2028/1589
f 1543/2091/1644 1544/2095/1647 1532/2076/1632
f 1538/2093/1593 1537/2070/1584 1525/2069/1626
f 1548/2094/1646 1545/2109/1661 1544/2095/1647
f 1756/2097/1649 1753/2078/1634 1721/2080/1636
f 1543/2091/1644 1546/2108/1660 1547/2096/1648
f 1714/2099/1651 1713/2048/1606 1553/2050/1608
f 1752/2101/1653 1751/2113/1665 1719/2102/1654
f 1548/2104/1656 1549/2010/1573 1550/2105/1657
f 1716/2107/1659 1715/2112/1664 1546/2108/1660
f 1545/2109/1661 1533/2090/1643 1532/2076/1632
f 1552/2100/1652 1553/2050/1608 1554/2110/1662
f 1715/2112/1664 1714/2099/1651 1552/2100/1652
f 1751/2113/1665 1750/2133/1681 1718/2114/1666
f 1555/2115/1667 1557/2157/1701 1558/2116/1668
f 1535/2118/1670 1533/6417/1637 1545/2106/1658
f 1549/2010/1573 1548/2104/1656 1556/2117/1669
f 1582/2119/1604 1506/6418/1594 1505/2030/1591
f 1707/2121/1672 1516/2180/1723 1515/2057/1615
f 1582/2123/1604 1570/2139/1689 1569/2124/1674
f 1493/2019/1582 1509/2017/1580 1510/2016/1579
f 1535/2126/1670 1539/6419/1592 1538/2093/1593
f 1591/2127/1675 1541/2001/1566 1482/1931/1519
f 1555/2128/1676 1556/2388/1908 1551/2111/1663
f 1560/2129/1677 1559/2011/1574 1549/2010/1573
f 1568/2130/1678 1565/2390/1910 1564/2131/1679
f 1750/2133/1681 1749/2427/1729 1717/2134/1682
f 1563/2049/1607 1566/2142/1692 1567/2132/1680
f 1710/2135/1683 1709/2051/1609 1573/2053/1611
f 1748/2137/1685 1747/2146/1696 1715/2112/1686
f 1568/2138/1688 1569/2124/1674 1570/2139/1689
f 1712/2141/1691 1711/2145/1695 1566/2142/1692
f 1572/2136/1684 1573/2053/1611 1574/2143/1693
f 1711/2145/1695 1710/2135/1683 1572/2136/1684
f 1747/2146/1696 1746/2164/1708 1714/2099/1697
f 1575/2147/1698 1577/2179/1718 1578/2148/1699
f 1557/2150/1701 1555/6420/1667 1565/2140/1690
f 1569/2124/1674 1568/2138/1688 1576/2149/1700
f 1592/1977/1554 1495/1978/1555 1512/2039/1599
f 1757/2151/1702 1756/2097/1649 1724/2098/1650
f 1546/2108/1660 1552/2100/1652 1551/2111/1663
f 1592/2153/1554 1590/2169/1714 1589/2154/1704
f 1589/2154/1704 1588/2086/1713 1521/2059/1617
f 1557/2157/1701 1561/2120/1671 1560/2129/1677
f 1575/2158/1706 1576/6421/1906 1571/2159/1694
f 1580/2161/1598 1579/2125/1603 1569/2124/1674
f 1588/2086/1640 1585/2170/1907 1584/2162/1707
f 1746/2164/1708 1745/6422/1730 1713/2048/1709
f 1583/2165/1610 1586/6423/1612 1587/2163/1614
f 1744/2166/1710 1743/2393/1912 1711/2167/1711
f 1588/2086/1713 1589/2154/1704 1590/2169/1714
f 1708/2171/1716 1705/2172/1717 1586/2054/1612
f 1705/2172/1717 1706/2122/1673 1515/2057/1615
f 1577/2173/1718 1575/2158/1698 1585/2170/1715
f 1506/2034/1594 1507/2035/1595 1503/2089/1589
f 1561/2120/1671 1505/2030/1591 1504/2029/1590
f 1491/2018/1581 1490/2012/1575 1496/2014/1577
f 1742/2176/1720 1741/2381/1903 1709/2177/1721
f 1577/2179/1718 1581/6424/1596 1580/2161/1598
f 1517/2064/1622 1518/2066/1624 1513/2058/1616
f 1707/2121/1672 1720/2074/1630 1517/2064/1622
f 1717/2181/1724 1716/2107/1659 1543/2091/1644
f 1566/2142/1692 1572/2136/1684 1571/2144/1694
f 1739/2182/1725 1752/2101/1653 1720/2103/1655
f 1563/2049/1607 1564/2131/1679 1554/2110/1662
f 1600/2184/1727 1594/2175/1719 1593/2042/1601
f 1749/2186/1729 1748/2137/1685 1716/2107/1687
f 1583/2052/1610 1584/6425/1707 1574/2143/1693
f 1745/2187/1730 1744/2166/1710 1712/2168/1712
f 1541/2003/1566 1591/2155/1675 1589/2154/1704
f 1628/2189/1731 1625/2194/1736 1600/2184/1727
f 1598/2191/1733 1599/2185/1728 1593/2042/1601
f 1606/2193/1735 1607/2190/1732 1600/2184/1727
f 1625/2194/1736 1626/2386/1905 1594/2175/1719
f 1596/2041/1600 1601/2196/1738 1602/2195/1737
f 1601/2196/1738 1609/2220/1747 1608/2197/1739
f 1620/2198/1740 1623/2230/1769 1622/2199/1741
f 1603/2201/1743 1604/2214/1754 1605/2202/1744
f 1603/2201/1743 1598/2191/1733 1597/2192/1734
f 1696/2203/1745 1695/2206/1746 1601/2204/1738
f 1695/2206/1746 1679/6426/1758 1609/2207/1747
f 1734/2208/1748 1733/2329/1857 1686/2209/1749
f 1611/2211/1751 1613/2222/1761 1614/2212/1752
f 1606/2193/1735 1599/2185/1728 1598/2191/1733
f 1604/2214/1754 1603/2201/1743 1612/2213/1753
f 1679/2218/1758 1680/2275/1813 1610/2219/1759
f 1675/2221/1760 1659/2249/1788 1616/2216/1756
f 1730/2223/1762 1729/2294/1829 1666/2224/1763
f 1618/2226/1765 1620/2198/1740 1621/2200/1742
f 1633/2228/1767 1634/2285/1820 1624/2229/1768
f 1605/2202/1744 1604/2214/1754 1619/2227/1766
f 1607/2190/1732 1606/2193/1735 1622/2199/1741
f 1723/2231/1770 1651/2316/1848 1650/2232/1771
f 1655/2234/1773 1633/2228/1767 1623/2230/1769
f 1690/2235/1774 1689/2350/1878 1677/2236/1775
f 1656/2238/1777 1655/2234/1773 1620/2198/1740
f 1726/2239/1778 1725/2258/1796 1640/2240/1779
f 1611/2211/1751 1612/2213/1753 1608/2197/1739
f 1648/2242/1781 1647/2267/1805 1649/2243/1782
f 1696/2203/1745 1596/2205/1600 1595/2245/1602
f 1618/2226/1765 1619/2227/1766 1615/2215/1755
f 1631/2247/1785 1632/2321/1850 1627/2246/1786
f 1659/2249/1788 1660/2292/1827 1617/2217/1757
f 1629/2250/1789 1628/2253/1792 1634/2251/1790
f 1603/2201/1743 1602/2195/1737 1608/2197/1739
f 1628/2253/1792 1629/2250/1789 1630/2254/1793
f 1631/2256/1785 1626/6427/1787 1625/2255/1794
f 1633/2257/1795 1635/2369/1821 1636/2252/1791
f 1725/2258/1796 1724/2311/1845 1641/2259/1797
f 1672/2260/1798 1639/2241/1780 1638/2261/1799
f 1641/2259/1797 1642/2273/1811 1637/2263/1801
f 1645/2264/1802 1638/2261/1799 1637/2263/1801
f 1638/2261/1799 1639/2241/1780 1640/2240/1779
f 1646/2266/1804 1650/2232/1771 1649/2243/1782
f 1760/2268/1806 1759/2398/1914 1727/2269/1807
f 1653/2271/1809 1654/2244/1783 1649/2243/1782
f 1641/2259/1797 1646/2266/1804 1647/2267/1805
f 1676/2274/1812 1611/2211/1751 1610/2219/1759
f 1761/2276/1814 1760/2268/1806 1728/2270/1808
f 1650/2232/1771 1651/2316/1848 1652/2272/1810
f 1721/2278/1816 1722/2233/1772 1650/2232/1771
f 1674/2279/1817 1658/2287/1822 1657/2280/1818
f 1648/2282/1781 1654/6428/1783 1631/2256/1785
f 1674/2279/1817 1673/2318/1800 1638/2283/1799
f 1628/2189/1731 1607/2190/1732 1624/2229/1768
f 1648/2242/1781 1643/2396/1881 1642/2273/1811
f 1674/2279/1817 1645/2284/1802 1635/2286/1821
f 1657/2280/1818 1656/2290/1825 1660/2288/1823
f 1656/2290/1825 1657/2280/1818 1658/2287/1822
f 1635/2286/1821 1633/6429/1795 1655/2291/1826
f 1656/2238/1777 1618/2226/1765 1617/2217/1757
f 1659/2293/1828 1661/2372/1851 1662/2289/1824
f 1729/2294/1829 1728/2345/1873 1667/2295/1830
f 1692/2296/1831 1665/2225/1764 1664/2297/1832
f 1667/2295/1830 1668/2306/1840 1663/2299/1834
f 1671/2300/1835 1664/6430/1832 1663/2301/1834
f 1664/2297/1832 1665/2225/1764 1666/2224/1763
f 1764/2303/1837 1763/2370/1896 1731/2304/1838
f 1667/2295/1830 1672/2260/1798 1673/2262/1800
f 1701/2307/1841 1653/2271/1809 1652/2272/1810
f 1765/2309/1843 1764/2303/1837 1732/2305/1839
f 1724/2311/1845 1721/2278/1816 1646/2266/1804
f 1653/2271/1809 1632/2357/1850 1631/2312/1785
f 1694/2313/1846 1693/2298/1833 1664/2297/1832
f 1699/2315/1847 1700/2308/1842 1652/2272/1810
f 1674/2279/1817 1669/2281/1819 1668/2317/1840
f 1644/2319/1803 1643/2353/1881 1629/2250/1789
f 1697/2320/1849 1696/2203/1882 1627/2246/1786
f 1694/2322/1846 1671/6431/1835 1661/2323/1851
f 1677/2236/1775 1676/2326/1854 1680/2325/1853
f 1676/2326/1854 1677/2236/1775 1678/2324/1852
f 1661/2323/1851 1659/6432/1828 1675/2327/1855
f 1605/2202/1744 1621/2200/1742 1622/2199/1741
f 1679/2328/1856 1681/2376/1879 1682/2237/1776
f 1733/2329/1857 1732/2365/1891 1687/2330/1858
f 1702/2331/1859 1685/2210/1750 1684/2332/1860
f 1687/2330/1858 1688/2340/1867 1683/2334/1862
f 1691/2335/1863 1684/2332/1860 1683/2334/1862
f 1684/2332/1860 1685/2210/1750 1686/2209/1749
f 1768/2337/1864 1767/2373/1897 1735/2338/1865
f 1687/2330/1858 1692/2296/1831 1693/2298/1833
f 1740/2341/1868 1737/2358/1884 1705/2342/1869
f 1755/2344/1871 1768/2337/1864 1736/2339/1866
f 1728/2345/1873 1727/2346/1874 1672/2260/1798
f 1727/2346/1874 1726/2239/1778 1639/2241/1780
f 1762/2347/1875 1761/2276/1814 1729/2277/1815
f 1704/2349/1877 1703/2333/1861 1684/2332/1860
f 1694/2322/1846 1678/2324/1852 1677/2236/1775
f 1694/2313/1846 1689/2397/1878 1688/2340/1867
f 1670/2302/1836 1669/2281/1819 1657/2280/1818
f 1704/2349/1877 1691/2335/1863 1681/2351/1879
f 1648/2282/1781 1630/2254/1793 1629/2250/1789
f 1696/2203/1882 1697/2320/1849 1698/2354/1880
f 1681/2355/1879 1679/6426/1856 1695/2206/1883
f 1604/2214/1754 1614/2212/1752 1615/2215/1755
f 1653/2271/1809 1701/2307/1841 1697/2356/1849
f 1737/2358/1884 1738/2383/1904 1706/2359/1885
f 1613/2222/1761 1616/2216/1756 1615/2215/1755
f 1723/2231/1770 1736/2339/1895 1699/2315/1847
f 1699/2315/1847 1702/2331/1859 1703/2333/1861
f 1704/2349/1877 1701/2307/1841 1700/2308/1842
f 1758/2363/1889 1757/2151/1702 1725/2152/1703
f 1732/2365/1891 1731/2366/1892 1692/2296/1831
f 1731/2366/1892 1730/2223/1762 1665/2225/1764
f 1766/2367/1893 1765/2309/1843 1733/2310/1844
f 1704/2349/1877 1698/2352/1880 1697/2356/1849
f 1736/2339/1895 1735/2338/1900 1702/2331/1859
f 1635/2369/1821 1645/6433/1802 1644/2319/1803
f 1763/2370/1896 1762/6434/1875 1730/2371/1876
f 1661/2372/1851 1671/2300/1835 1670/2302/1836
f 1767/2373/1897 1766/6435/1893 1734/2208/1894
f 1764/2303/1837 1765/2309/1843 1775/2374/1898
f 1681/2376/1879 1691/6436/1863 1690/2235/1774
f 1735/2338/1900 1734/2208/1748 1685/2210/1750
f 1746/2377/1708 1779/2404/1917 1778/2378/1901
f 1775/2374/1898 1765/2309/1843 1766/2367/1893
f 1741/2381/1903 1740/2341/1868 1708/2343/1870
f 1707/2382/1726 1706/2359/1885 1738/2383/1904
f 1592/2153/1554 1581/6437/1596 1577/2173/1718
f 1676/2274/1812 1675/2221/1760 1613/2222/1761
f 1582/2123/1604 1561/6438/1671 1557/2150/1701
f 1627/2385/1784 1595/2043/1602 1594/2175/1719
f 1568/2130/1678 1567/2132/1680 1571/2144/1694
f 1562/2006/1569 1539/2031/1592 1535/2118/1670
f 1585/2170/1907 1575/2158/1706 1574/2160/1693
f 1548/2094/1646 1547/2096/1648 1551/2111/1663
f 1718/2389/1909 1717/2181/1724 1531/2092/1645
f 1565/2390/1910 1555/2128/1676 1554/2110/1662
f 1519/2073/1911 1520/6415/1642 1513/2391/1616
f 1743/2393/1912 1742/2422/1720 1710/2394/1722
f 1755/2344/1871 1723/2231/1872 1722/2233/1635
f 1643/2396/1881 1644/2265/1803 1637/2263/1801
f 1669/2281/1819 1670/2302/1836 1663/2301/1834
f 1689/2397/1878 1690/2336/1774 1683/2334/1862
f 1759/2398/1914 1758/2436/1889 1726/2399/1890
f 1763/2370/1896 1764/2303/1837 1776/2375/1899
f 1774/2401/1902 1766/6439/1893 1767/2402/1897
f 1760/2268/1806 1761/2276/1814 1779/2404/1917
f 1759/2398/1914 1760/2268/1806 1780/2405/1918
f 1792/2407/1920 1786/2361/1887 1785/2360/1886
f 1896/2409/1922 1895/2562/2043 1792/2407/1920
f 1788/2411/1924 1789/2434/1933 1785/2412/1886
f 1772/2414/1925 1768/2419/1864 1755/2415/1871
f 1770/2416/1926 1755/2415/1871 1754/2417/1913
f 1740/2341/1868 1773/2403/1916 1772/2414/1925
f 1773/2403/1916 1767/2402/1897 1768/2419/1864
f 1752/2101/1653 1739/2182/1725 1769/2420/1927
f 1741/2381/1903 1774/2401/1902 1773/2403/1916
f 1742/2422/1720 1775/2374/1898 1774/2380/1902
f 1742/2422/1720 1743/2393/1912 1776/2375/1899
f 1743/2393/1912 1744/2166/1710 1777/2400/1915
f 1746/2377/1708 1747/2424/1696 1780/2405/1918
f 1747/2424/1696 1748/2425/1685 1781/2406/1919
f 1748/2425/1685 1749/6440/1729 1782/2426/1929
f 1749/2427/1729 1750/2133/1681 1783/2428/1930
f 1750/2133/1681 1751/2113/1665 1784/2430/1931
f 1751/2113/1665 1752/2101/1653 1771/2421/1928
f 1756/2097/1649 1757/2151/1702 1783/2428/1930
f 1737/2358/1884 1772/2414/1925 1770/2416/1926
f 1753/2078/1634 1771/2421/1928 1769/2420/1927
f 1738/2383/1904 1770/2416/1926 1769/2418/1927
f 1778/2432/1901 1762/6434/1875 1763/2370/1896
f 1745/2187/1730 1778/2432/1901 1777/2400/1915
f 1779/2404/1917 1761/2276/1814 1762/2347/1875
f 1790/2433/1932 1791/6441/1921 1785/2412/1886
f 1753/2078/1634 1756/2097/1649 1784/2430/1931
f 1845/2435/1934 1846/2438/1936 1787/2362/1888
f 1758/2436/1889 1759/2398/1914 1781/2406/1919
f 1845/2435/1934 1832/2592/2073 1831/2437/1935
f 1757/2151/1702 1758/2363/1889 1782/2429/1929
f 1866/2439/1937 1863/2466/1942 1805/2440/1938
f 1798/2442/1940 1799/2410/1923 1792/2407/1920
f 1866/2443/1937 1854/2541/2025 1853/2444/1941
f 1788/2411/1924 1793/2447/1944 1794/2446/1943
f 1793/2447/1944 1801/2456/1953 1800/2448/1945
f 1812/2449/1946 1815/6442/1965 1814/2450/1947
f 1795/2452/1949 1796/2460/1956 1797/2453/1950
f 1795/2452/1949 1790/2433/1932 1789/2434/1933
f 1844/2454/1951 1841/2455/1952 1793/2447/1944
f 1841/2455/1952 1842/2465/1961 1801/2456/1953
f 1803/2441/1939 1805/2440/1938 1806/2457/1954
f 1798/2459/1940 1791/6441/1921 1790/2433/1932
f 1796/2460/1956 1795/2452/1949 1804/2458/1955
f 1843/2464/1960 1802/2483/1973 1801/2456/1953
f 1863/2466/1942 1864/2608/2045 1808/2462/1958
f 1810/2467/1962 1812/2449/1946 1813/2451/1948
f 1885/2469/1964 1816/2473/1967 1815/2470/1965
f 1797/2453/1950 1796/2460/1956 1811/2468/1963
f 1844/2474/1951 1788/6443/1924 1787/2362/1888
f 1799/2410/1923 1798/2442/1940 1814/2472/1947
f 1900/2475/1968 1901/2627/2102 1897/2476/1969
f 1883/2478/1971 1884/2595/1966 1815/2479/1965
f 1886/2481/1972 1883/2478/1971 1812/2480/1946
f 1803/2441/1939 1804/2458/1955 1800/2448/1945
f 2017/2484/1974 2016/2577/2059 1867/2485/1975
f 2013/2487/1977 2012/2605/2084 1887/2488/1978
f 1890/2490/1980 1819/2493/1983 1818/2491/1981
f 1819/2493/1983 1820/2612/2091 1817/2494/1984
f 1831/2437/1935 1832/2592/2073 1825/2495/1985
f 1828/2497/1987 1827/2511/1991 1833/2498/1988
f 1821/2500/1990 1826/2503/1993 1827/2501/1991
f 1826/2503/1993 1834/2513/1999 1833/2504/1988
f 1844/2505/1951 1830/2508/1996 1829/2506/1994
f 1828/2497/1995 1829/2506/1994 1830/2508/1996
f 1828/2497/1987 1823/2509/2276 1822/2510/1992
f 2024/2512/1998 2023/2515/2001 1826/2503/1993
f 1834/2513/1999 1835/2614/2013 1836/2514/2000
f 2023/2515/2001 2022/2817/2274 1834/2513/1999
f 2057/2516/2002 2058/2852/2278 2026/2517/2003
f 1837/2519/2005 1839/2561/2038 1840/2520/2006
f 1831/2521/1935 1824/6444/1986 1823/2509/1997
f 1829/2506/1994 1828/2497/1995 1838/2499/2007
f 1866/2439/1937 1803/2441/1939 1802/2483/1973
f 1892/2522/2008 1891/2492/1982 1818/2491/1981
f 1825/2523/2009 1818/2491/1981 1817/2494/1984
f 1796/2460/1956 1806/2457/1954 1807/2461/1957
f 1844/2505/1951 1846/6445/1936 1831/2521/1935
f 1837/2525/2011 1838/6446/1989 1833/2526/1988
f 1805/2440/1938 1808/2462/1958 1807/2461/1957
f 1847/2528/2012 1848/2532/2015 1836/2527/2000
f 1842/2530/1961 1841/2507/1952 1829/2506/1994
f 1852/2531/2014 1849/2542/2029 1848/2532/2015
f 2060/2534/2017 2057/2516/2002 2025/2518/2004
f 1847/2528/2012 1850/2590/2028 1851/2533/2016
f 2018/2536/2019 2017/2484/1974 1857/2486/1976
f 2056/2538/2021 2055/2550/2033 2023/2539/2022
f 1852/2531/2024 1853/2444/1941 1854/2541/2025
f 2020/2543/2027 2019/2549/2032 1850/2544/2028
f 1849/2542/2029 1837/2525/2011 1836/2527/2000
f 1856/2546/2020 1857/6447/1976 1858/2547/2030
f 2019/2549/2032 2018/2536/2019 1856/2537/2020
f 2055/2550/2033 2054/2567/2049 2022/2551/2034
f 1859/2552/2035 1861/2593/2069 1862/2553/2036
f 1839/2555/2038 1837/2525/2005 1849/2542/2026
f 1853/2444/1941 1852/2531/2024 1860/2554/2037
f 1886/2556/1972 1810/2467/1962 1809/2463/1959
f 2011/2558/2040 1820/2612/2091 1819/2493/1983
f 1886/2481/1972 1874/2575/2057 1873/2560/2042
f 1797/2453/1950 1813/2451/1948 1814/2450/1947
f 1839/2561/2038 1843/6448/1960 1842/2530/1961
f 1895/2562/2043 1845/2435/1934 1786/2361/1887
f 1859/2552/2044 1860/2554/2273 1855/2548/2031
f 1864/2563/2045 1863/2445/1942 1853/2444/1941
f 1872/2564/2046 1869/6449/2275 1868/2565/2047
f 2054/2567/2049 2053/2847/2097 2021/2568/2050
f 1867/2485/1975 1870/2578/2060 1871/2566/2048
f 2014/2569/2051 2013/2487/1977 1877/2489/1979
f 2052/2571/2053 2051/2582/2064 2019/2572/2054
f 1872/2574/2056 1873/2560/2042 1874/2575/2057
f 2016/2577/2059 2015/2581/2063 1870/2578/2060
f 1876/2570/2052 1877/2489/1979 1878/2579/2061
f 2015/2581/2063 2014/2569/2051 1876/2570/2052
f 2051/2582/2064 2050/2597/2076 2018/2583/2065
f 1879/2584/2066 1881/2611/2086 1882/2585/2067
f 1861/2587/2069 1859/6450/2035 1869/2576/2058
f 1873/2560/2042 1872/2574/2056 1880/2586/2068
f 1896/2409/1922 1799/2410/1923 1816/2473/1967
f 2061/2588/2070 2060/2534/2017 2028/2535/2018
f 1850/2590/2028 1856/2546/2020 1855/2548/2031
f 1896/2409/1922 1894/2603/2082 1893/2591/2072
f 1893/2591/2072 1892/2602/2081 1825/2495/1985
f 1861/2593/2069 1865/6451/2039 1864/2563/2045
f 1879/2594/2074 1880/2815/2271 1875/2580/2062
f 1884/2595/1966 1883/2478/1971 1873/2560/2042
f 1892/2522/2008 1889/2816/2272 1888/2596/2075
f 2050/2597/2076 2049/2809/2098 2017/2598/2077
f 1887/2488/1978 1890/2490/1980 1891/2492/1982
f 2048/2599/2078 2047/2821/2277 2015/2600/2079
f 1892/2602/2081 1893/2591/2072 1894/2603/2082
f 2012/2605/2084 2009/2606/2085 1890/2490/1980
f 2009/2606/2085 2010/2559/2041 1819/2493/1983
f 1881/2607/2086 1879/6452/2066 1889/2604/2083
f 1810/2467/1962 1811/2468/1963 1807/2461/1957
f 1865/2557/2039 1809/2463/1959 1808/2462/1958
f 1795/2452/1949 1794/2446/1943 1800/2448/1945
f 2046/2610/2088 2045/2811/2268 2013/2487/2089
f 1881/2611/2086 1885/6453/1964 1884/2595/1966
f 1821/2500/1990 1822/2502/1992 1817/2494/1984
f 2011/2558/2040 2024/2512/1998 1821/2500/1990
f 2021/2613/2092 2020/2543/2027 1847/2545/2012
f 1870/2578/2060 1876/2570/2052 1875/2580/2062
f 2043/2615/2093 2056/2538/2021 2024/2540/2023
f 1867/2485/1975 1868/2565/2047 1858/2617/2030
f 1904/2618/2095 1898/2609/2087 1897/2476/1969
f 2053/2620/2097 2052/2571/2053 2020/2573/2055
f 1887/2488/1978 1888/2596/2075 1878/2579/2061
f 2049/2622/2098 2048/2599/2078 2016/2601/2080
f 1845/2435/1934 1895/2562/2043 1893/2591/2072
f 1932/2624/2099 1929/2629/2104 1904/2618/2095
f 1902/2626/2101 1903/2619/2096 1897/2476/1969
f 1910/2628/2103 1911/2625/2100 1904/2618/2095
f 1929/2629/2104 1930/2814/2270 1898/2609/2087
f 1900/2475/1968 1905/2631/2106 1906/2630/2105
f 1905/2631/2106 1913/2640/2115 1912/2632/2107
f 1924/2633/2108 1927/2663/2137 1926/2634/2109
f 1907/2636/2111 1908/2647/2122 1909/2637/2112
f 1907/2636/2111 1902/2626/2101 1901/2627/2102
f 2000/2638/2113 1999/2639/2114 1905/2631/2106
f 1999/2639/2114 1983/2651/2126 1913/2640/2115
f 2038/2641/2116 2037/2762/2225 1990/2642/2117
f 1915/2644/2119 1917/2654/2129 1918/2645/2120
f 1910/2628/2103 1903/2619/2096 1902/2626/2101
f 1908/2647/2122 1907/2636/2111 1916/2646/2121
f 1983/2651/2126 1984/2713/2181 1914/2652/2127
f 1979/2653/2128 1963/6454/2156 1920/2649/2124
f 2034/2655/2130 2033/2715/2197 1970/2656/2131
f 1922/2658/2133 1924/2633/2108 1925/2635/2110
f 1937/2660/2135 1938/6455/2188 1928/2661/2136
f 1909/2637/2112 1908/2647/2122 1923/2659/2134
f 1911/2625/2100 1910/2628/2103 1926/2634/2109
f 2027/2665/2138 1955/2750/2216 1954/2666/2139
f 1959/2668/2141 1937/2660/2135 1927/2662/2137
f 1994/2670/2142 1993/2781/2246 1981/2671/2143
f 1960/2673/2145 1959/2668/2141 1924/2669/2108
f 2030/2675/2146 2029/2695/2164 1944/2676/2147
f 1915/2644/2119 1916/2646/2121 1912/2632/2107
f 1952/2678/2149 1951/2704/2173 1953/2679/2150
f 2000/2638/2113 1900/2475/1968 1899/2477/1970
f 1922/2658/2133 1923/2659/2134 1919/2648/2123
f 1935/2682/2153 1936/6456/2218 1931/2683/2154
f 1963/2685/2156 1964/2726/2195 1921/2686/2125
f 1933/2688/2157 1932/2691/2160 1938/2689/2158
f 1907/2636/2111 1906/2630/2105 1912/2632/2107
f 1932/2691/2160 1933/2688/2157 1934/2692/2161
f 1935/2682/2153 1930/2684/2155 1929/2693/2162
f 1937/2694/2163 1939/2797/2189 1940/2690/2159
f 2029/2695/2164 2028/2745/2213 1945/2696/2165
f 1976/2697/2166 1943/2677/2148 1942/2698/2167
f 1945/2696/2165 1946/2711/2179 1941/2700/2169
f 1949/2701/2170 1942/2698/2167 1941/2700/2169
f 1942/2698/2167 1943/2677/2148 1944/2676/2147
f 1950/2703/2172 1954/2666/2139 1953/2679/2150
f 2064/2705/2174 2063/2827/2279 2031/2706/2175
f 1957/2708/2177 1958/2747/2151 1953/2709/2150
f 1945/2696/2165 1950/2703/2172 1951/2704/2173
f 1980/2712/2180 1915/2644/2119 1914/2652/2127
f 2065/2714/2182 2064/2705/2174 2032/2707/2176
f 1954/2666/2139 1955/2750/2216 1956/2716/2178
f 2025/2717/2184 2026/2667/2140 1954/2666/2139
f 1978/2718/2185 1962/2724/2190 1961/2719/2186
f 1952/2721/2149 1958/6457/2151 1935/2682/2153
f 1978/2718/2185 1977/2699/2168 1942/2698/2167
f 1932/2624/2099 1911/2625/2100 1928/2664/2136
f 1952/2678/2149 1947/2825/2249 1946/2711/2179
f 1978/2718/2185 1949/2701/2170 1939/2723/2189
f 1961/2725/2186 1960/2673/2193 1964/2726/2191
f 1960/2673/2193 1961/2725/2186 1962/2728/2190
f 1939/2729/2189 1937/2660/2163 1959/2668/2194
f 1960/2673/2145 1922/2674/2133 1921/2686/2125
f 1963/2685/2196 1965/6458/2219 1966/2727/2192
f 2033/2715/2197 2032/2707/2241 1971/2730/2198
f 1996/2731/2199 1969/2657/2132 1968/2732/2200
f 1971/2730/2198 1972/2740/2208 1967/2734/2202
f 1975/2735/2203 1968/2732/2200 1967/2734/2202
f 1968/2732/2200 1969/2657/2132 1970/2656/2131
f 2068/2737/2205 2067/2798/2261 2035/2738/2206
f 1971/2730/2198 1976/2697/2166 1977/2699/2168
f 2005/2741/2209 1957/2708/2177 1956/2710/2178
f 2069/2743/2211 2068/2737/2205 2036/2739/2207
f 2028/2745/2213 2025/2717/2184 1950/2703/2172
f 1957/2708/2177 1936/2754/2218 1935/2746/2153
f 1998/2748/2214 1997/2733/2201 1968/2732/2200
f 2003/2749/2215 2004/2789/2210 1956/2716/2178
f 1978/2718/2185 1973/2720/2187 1972/2740/2208
f 1948/2751/2171 1947/2785/2249 1933/2688/2157
f 2001/2752/2217 2000/2786/2250 1931/2753/2154
f 1998/2755/2214 1975/6459/2203 1965/2756/2219
f 1981/2671/2143 1980/2759/2222 1984/2758/2221
f 1980/2759/2222 1981/2671/2143 1982/2757/2220
f 1965/2756/2219 1963/6460/2196 1979/2760/2223
f 1909/2637/2112 1925/2635/2110 1926/2634/2109
f 1983/2761/2224 1985/2806/2247 1986/2672/2144
f 2037/2762/2225 2036/2792/2256 1991/2763/2226
f 2006/2764/2227 1989/2643/2118 1988/2765/2228
f 1991/2763/2226 1992/2774/2235 1987/2767/2230
f 1995/2768/2231 1988/2780/2228 1987/2769/2230
f 1988/2765/2228 1989/2643/2118 1990/2642/2117
f 2072/2771/2232 2071/2802/2262 2039/2772/2233
f 1991/2763/2226 1996/2731/2199 1997/2733/2201
f 2044/2775/2236 2041/2788/2252 2009/2606/2237
f 2059/2776/2239 2072/2771/2232 2040/2773/2234
f 2032/2707/2241 2031/2706/2242 1976/2697/2166
f 2031/2706/2242 2030/2675/2146 1943/2677/2148
f 2066/2778/2243 2065/2714/2182 2033/2715/2183
f 2008/2779/2245 2007/2790/2229 1988/2780/2228
f 1998/2755/2214 1982/2757/2220 1981/2671/2143
f 1998/2748/2214 1993/2826/2246 1992/2774/2235
f 1974/2782/2204 1973/6461/2187 1961/2725/2186
f 2008/2779/2245 1995/2768/2231 1985/2783/2247
f 1952/2721/2149 1934/2692/2161 1933/2688/2157
f 2000/2786/2250 2001/2752/2217 2002/2784/2248
f 1985/2783/2247 1983/6462/2224 1999/2787/2251
f 1908/2647/2122 1918/2645/2120 1919/2648/2123
f 1957/2708/2177 2005/2741/2209 2001/2752/2217
f 2041/2788/2252 2042/2812/2269 2010/2559/2253
f 1917/2654/2129 1920/2649/2124 1919/2648/2123
f 2027/2665/2138 2040/2796/2260 2003/2749/2215
f 2003/2749/2215 2006/2764/2227 2007/2766/2229
f 2008/2779/2245 2005/2741/2209 2004/2742/2210
f 2062/2791/2254 2061/6463/2070 2029/2695/2071
f 2036/2792/2256 2035/2793/2257 1996/2731/2199
f 2035/2793/2257 2034/2655/2130 1969/2657/2132
f 2070/2794/2258 2069/2743/2211 2037/2744/2212
f 2008/2779/2245 2002/2784/2248 2001/2752/2217
f 2040/2796/2260 2039/2807/2265 2006/2764/2227
f 1939/2797/2189 1949/6464/2170 1948/2751/2171
f 2067/2798/2261 2066/6465/2243 2034/2799/2244
f 1965/2756/2219 1975/6459/2203 1974/2800/2204
f 2071/2802/2262 2070/6466/2258 2038/2803/2259
f 2068/2737/2205 2069/2743/2211 2079/2804/2263
f 1985/2806/2247 1995/6467/2231 1994/2670/2142
f 2039/2807/2265 2038/2641/2116 1989/2643/2118
f 2050/2597/2076 2083/2832/2282 2082/2808/2266
f 2079/2804/2263 2069/2743/2211 2070/2794/2258
f 2045/2811/2268 2044/2775/2236 2012/2605/2238
f 2011/2558/2094 2010/2559/2253 2042/2812/2269
f 1896/2409/1922 1885/2469/1964 1881/2607/2086
f 1980/2712/2180 1979/2653/2128 1917/2654/2129
f 1886/2481/1972 1865/6468/2039 1861/2587/2069
f 1931/2681/2152 1899/2477/1970 1898/2609/2087
f 1872/2564/2046 1871/2566/2048 1875/2580/2062
f 1866/2443/1937 1843/6469/1960 1839/2555/2038
f 1889/2816/2272 1879/2594/2074 1878/2579/2061
f 1852/2531/2014 1851/2533/2016 1855/2548/2031
f 2022/2817/2274 2021/2613/2092 1835/2614/2013
f 1869/2818/2275 1859/2552/2044 1858/2547/2030
f 1823/2820/2276 1824/2524/2010 1817/2494/1984
f 2047/2821/2277 2046/2844/2088 2014/2822/2090
f 2059/2776/2239 2027/2777/2240 2026/2823/2003
f 1947/2825/2249 1948/2702/2171 1941/2700/2169
f 1973/2720/2187 1974/2736/2204 1967/2734/2202
f 1993/2826/2246 1994/6470/2142 1987/2767/2230
f 2063/2827/2279 2062/2791/2254 2030/2675/2255
f 2067/2798/2261 2068/2737/2205 2080/2805/2264
f 2078/2829/2267 2070/6466/2258 2071/2802/2262
f 2064/2831/2174 2065/6471/2182 2083/2832/2282
f 2063/2834/2279 2064/2831/2174 2084/2833/2283
f 2076/2836/2285 2072/2771/2232 2059/2776/2239
f 2074/2837/2286 2059/2776/2239 2058/2824/2278
f 2044/2839/2236 2077/2830/2281 2076/2836/2285
f 2077/2830/2281 2071/2802/2262 2072/2771/2232
f 2056/2538/2021 2043/2615/2093 2073/2841/2287
f 2045/2843/2268 2078/2829/2267 2077/2830/2281
f 2046/2844/2088 2079/2804/2263 2078/2810/2267
f 2046/2844/2088 2047/2821/2277 2080/2805/2264
f 2047/2821/2277 2048/2599/2078 2081/2828/2280
f 2050/2597/2076 2051/2582/2064 2084/2833/2283
f 2051/2582/2064 2052/2571/2053 2085/2835/2284
f 2052/2571/2053 2053/2620/2097 2086/2846/2289
f 2053/2847/2097 2054/2567/2049 2087/2848/2290
f 2054/2567/2049 2055/2550/2033 2088/2850/2291
f 2055/2550/2033 2056/2538/2021 2075/2842/2288
f 984/1276/964 983/1248/936 880/1117/822
f 2060/2534/2017 2061/2588/2070 2087/2848/2290
f 2041/2840/2252 2076/2836/2285 2074/2837/2286
f 2057/2516/2002 2075/2842/2288 2073/2841/2287
f 2042/2851/2269 2074/2837/2286 2073/2838/2287
f 2082/2854/2266 2066/6465/2243 2067/2798/2261
f 2049/2622/2098 2082/2854/2266 2081/2828/2280
f 2083/2832/2282 2065/6471/2182 2066/2855/2243
f 876/1122/827 877/1124/829 873/2856/2292
f 2057/2516/2002 2060/2534/2017 2088/2850/2291
f 2062/2857/2254 2063/2834/2279 2085/2835/2284
f 933/2858/994 934/1157/858 875/1156/857
f 2061/2588/2070 2062/6472/2254 2086/2849/2289
f 880/1117/822 874/1249/937 873/2856/2292
f 933/2859/994 920/6366/968 919/1177/877
f 878/1132/837 879/1118/823 873/2856/2292
f 954/1119/824 951/1121/826 893/1149/850
f 2090/2861/2293 2091/2885/2316 2092/2862/2294
f 2187/2864/2296 2095/3032/2445 2103/2865/2297
f 2094/2867/2299 2093/2893/2323 2099/2868/2300
f 2101/2870/2302 2100/2897/2326 2105/2871/2303
f 2190/2873/2305 2102/3031/2444 2109/2874/2306
f 2107/2876/2308 2106/2902/2331 2111/2877/2309
f 2192/2879/2311 2108/3030/2443 2112/2880/2312
f 2117/2882/2314 2100/3102/2326 2099/2883/2300
f 2091/2885/2316 2113/2907/2335 2114/2886/2317
f 2272/2887/2318 2144/3159/2518 2133/2888/2319
f 2123/2890/2321 2124/3107/2334 2116/2891/2315
f 2093/2893/2323 2115/2892/2322 2116/2891/2315
f 2189/2894/2324 2194/3127/2313 2112/2895/2312
f 2100/2897/2326 2117/4291/2314 2118/2898/2327
f 2106/2902/2331 2119/2909/2337 2120/2903/2332
f 2125/2904/2333 2117/6473/2314 2116/2905/2315
f 2113/2907/2335 2121/2901/2330 2122/2900/2329
f 2119/2909/2337 2127/2968/2391 2128/2910/2338
f 2132/2911/2339 2123/2890/2321 2122/2900/2329
f 2274/2912/2340 2141/6474/2364 2130/2913/2341
f 2143/2915/2343 2142/2937/2352 2278/2916/2344
f 2129/2922/2350 2121/3043/2330 2128/2923/2338
f 2130/2913/2341 2141/6474/2364 2142/2925/2352
f 2133/2888/2319 2144/3159/2518 2145/2926/2353
f 2138/2928/2355 2127/2968/2391 2126/2929/2356
f 2136/2931/2358 2147/6475/2447 2148/2932/2359
f 2277/2936/2363 2278/2916/2344 2142/2937/2352
f 2214/2939/2365 2185/2966/2389 2174/2940/2360
f 2154/2942/2367 2155/6476/2543 2156/2943/2368
f 2289/2945/2370 2162/3254/2484 2161/2946/2371
f 2168/2948/2362 2169/3066/2382 2163/2949/2373
f 2295/2953/2377 2177/6477/2549 2176/2954/2378
f 2176/2956/2378 2177/3211/2549 2173/2957/2380
f 2313/2960/2383 2187/2864/2296 2191/2866/2298
f 2181/2962/2385 2182/3061/2457 2183/2963/2386
f 2186/2965/2388 2944/3000/2420 2185/2966/2389
f 2196/2918/2346 2197/2920/2348 2198/2970/2393
f 2203/2972/2395 2202/2975/2398 2204/2973/2396
f 2202/2975/2398 2201/3260/2568 2205/2976/2399
f 2207/2977/2400 2206/3149/2513 2211/2978/2401
f 2176/2956/2378 2175/2958/2381 2184/2980/2403
f 2248/2985/2407 2226/3009/2427 2214/2986/2408
f 2217/2988/2410 2218/6478/2522 2219/2989/2411
f 2251/2991/2413 2245/3020/2434 2244/2992/2414
f 2158/2994/2416 2941/3070/2463 2157/2995/2417
f 2166/2984/2406 2203/2972/2395 2209/2974/2397
f 2168/2998/2362 2208/6479/2470 2215/2941/2366
f 2229/3002/2421 2230/3029/2442 2231/3003/2422
f 2235/3006/2424 2236/3186/2537 2237/3007/2425
f 2226/3009/2427 2248/2985/2407 2244/2992/2414
f 2241/3014/2429 2242/3075/2467 2243/3015/2430
f 2227/3018/2433 2241/3014/2429 2240/3016/2431
f 2245/3020/2434 2246/3153/2514 2247/3010/2428
f 2273/3021/2435 2147/6475/2447 2136/2931/2358
f 2253/3024/2437 2254/3140/2505 2255/3025/2438
f 2160/3027/2440 2159/3067/2460 2165/2983/2405
f 2229/3002/2421 2253/3024/2437 2252/3026/2439
f 2108/3030/2443 2107/2876/2308 2110/2878/2310
f 2192/2879/2311 2193/2875/2307 2109/2874/2306
f 2102/3031/2444 2101/2870/2302 2104/2872/2304
f 2095/3032/2445 2096/4293/2566 2089/2863/2295
f 2123/2890/2321 2115/2892/2322 2114/2886/2317
f 2097/2896/2325 2112/2895/2312 2110/3033/2310
f 2091/3035/2316 2090/3034/2293 2110/3033/2310
f 2127/2968/2391 2119/2909/2337 2118/2898/2327
f 2102/3037/2444 2103/3104/2297 2098/3038/2301
f 2293/3040/2446 2280/6480/2539 2148/3041/2359
f 2121/3043/2330 2113/3105/2335 2120/3044/2332
f 2313/2960/2383 2314/3122/2492 2188/3049/2448
f 2292/3052/2449 2286/3241/2499 2263/3053/2450
f 2152/3055/2452 2129/2922/2350 2140/2924/2351
f 2146/3057/2454 2135/3059/2455 2134/3048/2354
f 2135/3059/2455 2125/2904/2333 2124/2906/2334
f 2182/3061/2457 2181/2962/2385 2151/3056/2453
f 2143/3063/2343 2132/2911/2339 2131/2908/2336
f 2152/3064/2452 2257/2914/2342 2130/2913/2341
f 2170/3065/2459 2171/3196/2541 2163/2949/2373
f 2160/3027/2440 2161/3110/2371 2153/2944/2369
f 2276/3068/2461 2261/3091/2476 2164/3005/2375
f 2170/3071/2459 2169/2959/2382 2173/2957/2380
f 2246/3073/2465 2218/3167/2522 2266/3074/2466
f 2239/3076/2468 2235/3006/2424 2234/3008/2426
f 2208/3078/2470 2209/3158/2397 2204/3079/2396
f 2222/3080/2471 2258/3187/2538 2259/3081/2472
f 2203/2972/2395 2166/2984/2406 2158/2994/2416
f 2224/3083/2474 2217/2988/2410 2216/2990/2412
f 2225/3085/2419 2157/3253/2417 2186/3086/2388
f 2296/3090/2475 2283/6481/2485 2262/3028/2441
f 2230/3029/2442 2249/3097/2479 2212/3092/2477
f 2220/3093/2478 2219/3154/2515 2245/3020/2434
f 2197/3094/2348 2225/3019/2419 2240/3016/2431
f 2239/3096/2468 2238/3095/2469 2240/3016/2431
f 2249/3097/2479 2230/3029/2442 2252/3026/2439
f 2251/3099/2481 2250/3098/2480 2252/3026/2439
f 2318/3100/2482 2192/2879/2311 2194/2881/2313
f 2100/3102/2326 2101/3039/2302 2098/3038/2301
f 2190/3103/2305 2191/3125/2298 2103/3104/2297
f 2108/3030/2443 2109/2874/2306 2104/2872/2304
f 2113/3105/2335 2091/6482/2316 2111/3106/2309
f 2106/2902/2331 2107/2876/2308 2104/2872/2304
f 2119/2909/2337 2106/2902/2331 2105/2871/2303
f 2162/3109/2484 2154/2942/2367 2153/2944/2369
f 2283/3112/2485 2284/3250/2540 2160/3113/2440
f 2178/3115/2486 2273/3021/2435 2256/3022/2436
f 2150/3062/2458 2151/3056/2453 2140/2924/2351
f 2261/3091/2476 2262/3028/2441 2165/2983/2405
f 2249/3116/2487 2248/2985/2407 2213/2987/2409
f 2232/3118/2489 2233/3135/2501 2228/3004/2423
f 2288/2955/2379 2176/2954/2378 2264/3119/2404
f 2323/3121/2491 2315/6483/2495 2314/3122/2492
f 2316/3124/2494 2317/3198/2384 2191/3125/2298
f 2315/3126/2495 2320/6484/2483 2194/3127/2313
f 2326/3128/2496 2327/3258/2567 2319/3129/2497
f 2242/3075/2467 2266/3074/2466 2265/3130/2498
f 2208/3078/2470 2207/2977/2400 2210/2979/2402
f 2286/3132/2499 2287/3120/2490 2264/3119/2404
f 2232/3118/2489 2206/3262/2570 2205/3134/2500
f 2217/3137/2410 2224/6485/2474 2265/3130/2498
f 2236/3138/2503 2258/3161/2519 2268/3139/2504
f 2199/3141/2506 2229/3002/2421 2228/3004/2423
f 2268/3139/2504 2222/3162/2520 2221/3143/2508
f 2299/3145/2510 2293/3040/2446 2147/3042/2447
f 2239/3096/2468 2243/3015/2430 2265/3130/2498
f 2251/3099/2481 2255/3025/2438 2267/3144/2509
f 2162/3109/2484 2274/2912/2340 2257/2914/2342
f 2254/3140/2505 2268/3139/2504 2267/3144/2509
f 2206/3149/2513 2207/2977/2400 2204/3079/2396
f 2263/3151/2450 2264/2981/2404 2184/2980/2403
f 2246/3153/2514 2245/3020/2434 2219/3154/2515
f 2222/3156/2471 2223/3084/2473 2216/2990/2412
f 2208/3078/2470 2168/2948/2362 2167/2950/2374
f 2226/2996/2418 2247/3178/2531 2241/3014/2429
f 2159/3067/2460 2158/2994/2416 2166/2984/2406
f 2276/3068/2461 2172/3069/2462 2144/3159/2518
f 2201/3136/2502 2200/3142/2507 2228/3004/2423
f 2184/3001/2403 2175/3089/2381 2174/2940/2360
f 2220/3163/2521 2221/3157/2517 2216/2990/2412
f 2275/3168/2451 2182/3251/2457 2150/3169/2458
f 2199/3171/2524 2198/2970/2393 2234/3008/2426
f 2212/3117/2488 2213/2987/2409 2210/3172/2525
f 2199/3141/2506 2237/3179/2532 2253/3024/2437
f 2211/3174/2527 2232/3118/2489 2231/3003/2422
f 2282/3175/2528 2269/3212/2534 2149/3176/2529
f 2249/3116/2487 2250/2993/2415 2244/2992/2414
f 2197/2920/2348 2238/3077/2469 2234/3008/2426
f 2247/3178/2531 2246/3073/2465 2242/3075/2467
f 2237/3179/2532 2236/3138/2503 2254/3140/2505
f 2290/3180/2533 2270/3183/2523 2269/3181/2534
f 2290/3180/2533 2292/3052/2449 2275/3054/2451
f 2298/3184/2535 2272/2887/2318 2271/2889/2320
f 2236/3186/2537 2235/3006/2424 2259/3081/2472
f 2260/3188/2511 2259/3081/2472 2235/3006/2424
f 2256/3022/2436 2136/2931/2358 2135/3111/2455
f 2280/3190/2539 2281/6486/2530 2149/3191/2529
f 2149/3176/2529 2269/3212/2534 2139/3017/2432
f 2285/2947/2372 2161/2946/2371 2160/3193/2440
f 2095/3032/2445 2094/2867/2299 2098/2869/2301
f 2214/2986/2408 2215/6487/5093 2210/3172/2525
f 2172/3195/2462 2164/2951/2375 2163/2949/2373
f 2324/3197/2542 2325/6488/2553 2317/3198/2384
f 2152/3064/2452 2155/6476/2543 2154/2942/2367
f 2271/3199/2320 2143/2915/2343 2279/2917/2345
f 2144/3159/2518 2172/3069/2462 2171/3201/2541
f 2143/3063/2343 2271/2889/2320 2133/2888/2319
f 2146/3189/2454 2170/3071/2459 2179/3072/2464
f 2155/3202/2543 2152/3055/2452 2151/3056/2453
f 2155/3202/2543 2181/2962/2385 2180/2964/2387
f 2260/3188/2511 2224/6489/2474 2223/3082/2473
f 2170/3065/2459 2146/3057/2454 2145/3058/2353
f 2290/3180/2533 2282/3182/2528 2310/3206/2544
f 2289/2945/2370 2312/3210/2548 2311/3207/2545
f 2326/3128/2496 2318/3100/2482 2320/3101/2483
f 2290/3180/2533 2311/3207/2545 2312/3210/2548
f 2178/3115/2486 2179/3072/2464 2173/2957/2380
f 2270/3170/2523 2150/3169/2458 2139/3017/2432
f 2300/3213/2550 2296/3244/2475 2261/3214/2476
f 2149/3176/2529 2138/2928/2355 2137/2930/2357
f 2298/3216/2535 2300/3213/2550 2276/3215/2461
f 2282/3218/2528 2281/6486/2530 2309/3219/2551
f 2321/3221/2552 2313/2960/2383 2317/2961/2384
f 2308/3223/2554 2280/3190/2539 2293/3224/2446
f 2291/3208/2546 2277/3238/2363 2141/3226/2364
f 2307/3228/2555 2306/3236/2559 2298/3216/2535
f 2302/3230/2556 2288/2955/2379 2287/3120/2490
f 2295/3232/2377 2288/6490/2379 2302/3233/2556
f 2283/3235/2485 2296/3244/2475 2304/3234/2558
f 2307/3228/2555 2293/3040/2446 2299/3145/2510
f 2278/2916/2344 2309/3219/2551 2308/3223/2554
f 2300/3213/2550 2298/3216/2535 2306/3236/2559
f 2278/2916/2344 2277/2936/2363 2310/3220/2544
f 2291/3208/2546 2311/3207/2545 2310/3206/2544
f 2289/2945/2370 2285/2947/2372 2303/3239/2561
f 2321/3221/2552 2322/3123/2493 2314/3122/2492
f 2305/3237/2560 2297/3243/2562 2295/3232/2377
f 2285/2947/2372 2284/3194/2540 2301/3240/2557
f 2286/3241/2499 2303/3239/2561 2301/3240/2557
f 2279/2917/2345 2308/3223/2554 2307/3225/2555
f 2297/3243/2562 2305/3237/2560 2306/3236/2559
f 2300/3213/2550 2305/3237/2560 2304/3234/2558
f 2340/3245/2563 2347/3403/2693 2336/3246/2564
f 2286/3241/2499 2292/3052/2449 2312/3210/2548
f 2315/3126/2495 2189/2894/2324 2188/3248/2448
f 2283/3112/2485 2302/3230/2556 2301/3231/2557
f 2318/3100/2482 2319/3129/2497 2193/2875/2307
f 2275/3168/2451 2263/3151/2450 2183/3152/2386
f 2189/2894/2324 2097/2896/2325 2096/3252/2566
f 2157/3253/2417 2156/3204/2368 2180/2964/2387
f 2289/2945/2370 2291/3208/2546 2274/3227/2340
f 2297/3243/2562 2178/3256/2486 2177/3255/2549
f 2297/3243/2562 2299/3145/2510 2273/3146/2435
f 2309/3219/2551 2281/6486/2530 2280/3190/2539
f 2324/3257/2542 2316/3259/2494 2319/3129/2497
f 2316/3259/2494 2190/2873/2305 2193/2875/2307
f 2201/3260/2568 2202/2975/2398 2195/2971/2394
f 2329/3263/2571 2330/3265/2573 2322/3123/2493
f 2337/3264/2572 2338/3270/2578 2330/3265/2573
f 2329/3263/2571 2321/3221/2552 2325/3222/2553
f 2332/3267/2575 2324/3257/2542 2327/3258/2567
f 2406/3271/2579 2405/3331/2634 2376/3272/2580
f 2380/3274/2582 2354/3399/2691 2353/3275/2583
f 2352/3284/2590 2353/3535/2583 2342/3283/2589
f 2490/3286/2592 2470/3502/2761 2475/3287/2593
f 2399/3289/2595 2400/3374/2671 2395/3290/2596
f 2474/3292/2598 2457/3488/2754 2339/3293/2599
f 2477/3295/2601 2478/3514/2764 2350/3296/2602
f 2437/3298/2604 2438/3492/2749 2434/3299/2605
f 2362/3301/2607 2363/3537/2623 2364/3302/2608
f 2483/3307/2613 2484/6491/2766 2367/3308/2614
f 2372/3310/2584 2373/3408/2696 2374/3311/2616
f 2497/3313/2618 2495/3546/2776 2384/3314/2619
f 2382/3316/2621 2383/3588/2620 2384/3317/2619
f 2363/3319/2623 2362/3506/2607 2388/3320/2610
f 2390/3322/2625 2391/3584/2624 2388/3304/2610
f 2363/3319/2623 2391/3321/2624 2359/3325/2628
f 2367/3308/2614 2368/3359/2661 2361/3303/2609
f 2396/3327/2630 2397/3324/2627 2398/3291/2597
f 2476/3328/2631 2380/3274/2582 2379/3329/2632
f 2405/3331/2634 2406/3271/2579 2407/3332/2635
f 2385/3334/2637 2463/3521/2648 2394/3335/2638
f 2414/3337/2640 2415/6492/5094 2410/3338/2641
f 2411/3340/2643 2412/3480/2748 2413/3339/2642
f 2430/3341/2644 2431/3423/2709 2428/3342/2645
f 2486/3344/2647 2487/3377/2674 2463/3345/2648
f 2420/3347/2649 2421/3356/2658 2416/3348/2650
f 2417/3350/2652 2418/6493/2735 2419/3349/2651
f 2458/3354/2656 2459/6494/5095 2422/3355/2657
f 2378/3357/2659 2377/3420/2706 2369/3358/2660
f 2399/3289/2595 2377/3420/2706 2376/3360/2580
f 2437/3362/2662 2436/3391/2687 2455/3363/2663
f 2394/3365/2638 2393/3370/2668 2387/3366/2665
f 2446/3368/2666 2414/3337/2640 2413/3339/2642
f 2412/3278/2585 2411/3445/2719 2387/3366/2665
f 2417/3350/2652 2416/3348/2650 2423/3371/2669
f 2399/3289/2595 2405/3361/2634 2404/3373/2636
f 2402/3375/2672 2401/3483/2750 2429/3343/2646
f 2488/3376/2673 2464/6495/2718 2463/3345/2648
f 2435/3378/2675 2397/3324/2627 2396/3327/2630
f 2403/3379/2676 2402/3375/2672 2428/3342/2645
f 2425/3381/2678 2397/3500/2627 2435/3382/2675
f 2427/3280/2587 2426/3462/2731 2443/3384/2680
f 2445/3386/2682 2446/3368/2666 2447/3369/2667
f 2432/3388/2684 2446/3422/2708 2445/3389/2685
f 2403/3379/2676 2433/3380/2677 2455/3363/2663
f 2331/3277/2565 2323/3121/2491 2322/3123/2493
f 2203/2972/2395 2196/2918/2346 2195/2971/2394
f 2334/3392/2688 2335/3268/2576 2327/3258/2567
f 2331/3247/2565 2336/3246/2564 2328/3393/2547
f 2344/3353/2655 2345/3435/2714 2335/3268/2576
f 2349/3395/2603 2350/3441/2602 2338/3270/2578
f 2489/3396/2689 2483/3562/2613 2366/3397/2615
f 2354/3399/2691 2343/3413/2699 2342/3400/2589
f 2358/3326/2629 2359/3325/2628 2347/3403/2693
f 2472/3404/2694 2354/3399/2691 2380/3274/2582
f 2360/3405/2695 2348/3352/2654 2347/3402/2693
f 2373/3408/2696 2352/3284/2590 2456/3409/2697
f 2460/3411/2698 2458/3354/2656 2421/3356/2658
f 2403/3416/2702 2396/3327/2630 2395/3290/2596
f 2399/3289/2595 2398/3291/2597 2369/3358/2660
f 2446/3422/2708 2432/3388/2684 2431/3423/2709
f 2449/3426/2711 2450/3468/2736 2444/3387/2683
f 2451/3428/2713 2453/3470/2738 2452/3390/2686
f 2199/3171/2524 2200/3261/2569 2195/2971/2394
f 2323/3394/2491 2328/3393/2547 2320/3429/2483
f 2334/3392/2688 2326/3128/2496 2328/3209/2547
f 2332/3432/2575 2333/3282/2574 2325/3433/2553
f 2341/3285/2591 2342/3283/2589 2333/3282/2574
f 2355/3436/2715 2356/3439/2717 2345/3435/2714
f 2357/3438/2716 2346/3528/2760 2345/3435/2714
f 2351/3294/2600 2339/3293/2599 2338/3270/2578
f 2367/3308/2614 2461/3473/2741 2378/3357/2659
f 2475/3442/2593 2390/3322/2625 2389/3306/2612
f 2406/3444/2579 2375/6496/2581 2387/3366/2665
f 2408/3446/2720 2407/3332/2635 2410/3447/2721
f 2408/3446/2720 2409/6497/2747 2404/3333/2636
f 2419/3449/2651 2466/3466/2734 2465/3450/2723
f 2451/3455/2727 2450/3468/2736 2417/3456/2728
f 2427/3458/2730 2448/3427/2712 2444/3387/2683
f 2441/3463/2732 2439/3478/2746 2460/3464/2698
f 2449/3465/2733 2442/3485/2752 2466/3466/2734
f 2449/3426/2711 2418/6498/5096 2417/3456/2728
f 2445/3386/2682 2444/3387/2683 2450/3468/2736
f 2453/3470/2738 2451/3428/2713 2424/3471/2739
f 2437/3362/2662 2454/3364/2664 2468/3454/2726
f 2462/3330/2633 2379/3329/2632 2378/3357/2659
f 2481/3474/2742 2509/3558/2783 2508/3475/2743
f 2432/3388/2684 2433/3380/2677 2428/3342/2645
f 2403/3416/2702 2436/3300/2606 2434/3299/2605
f 2401/3477/2745 2402/3417/2703 2395/3290/2596
f 2439/3478/2746 2441/3463/2732 2440/3383/2679
f 2401/3477/2745 2400/3374/2671 2404/3373/2636
f 2427/3458/2730 2447/3369/2667 2413/3339/2642
f 2437/3481/2604 2459/6494/5095 2458/3354/2656
f 2442/3485/2752 2443/3384/2680 2440/3383/2679
f 2951/3469/2737 2369/3358/2660 2955/3323/2626
f 2415/3419/2705 2414/3424/2710 2431/3423/2709
f 2425/3381/2678 2440/3383/2679 2443/3384/2680
f 2365/3487/2690 2364/3302/2608 2457/3488/2754
f 2422/3355/2657 2423/3371/2669 2416/3348/2650
f 2432/3388/2684 2452/3390/2686 2455/3363/2663
f 2442/3485/2752 2441/3463/2732 2465/3450/2723
f 2480/3489/2755 2481/6499/2742 2355/3490/2715
f 2435/3378/2675 2434/3299/2605 2438/3492/2749
f 2454/3364/2664 2455/3363/2663 2452/3390/2686
f 2498/3494/2757 2494/3552/2762 2471/3495/2758
f 2422/3452/2724 2468/3454/2726 2467/3472/2740
f 2454/3364/2664 2453/3470/2738 2467/3472/2740
f 2449/3465/2733 2448/3385/2681 2443/3384/2680
f 2490/3286/2592 2480/3489/2755 2469/3491/2756
f 2469/3503/2756 2355/3436/2715 2344/3353/2655
f 2471/3507/2758 2349/3395/2603 2337/3264/2572
f 2492/3288/2594 2475/3287/2593 2464/3508/2718
f 2365/3487/2690 2366/3309/2615 2361/3303/2609
f 2494/3510/2762 2477/3295/2601 2349/3297/2603
f 2482/3476/2744 2356/6500/2717 2355/3512/2715
f 2457/3488/2754 2358/6501/2629 2340/3425/2563
f 2479/3513/2763 2351/6502/2600 2350/3296/2602
f 2485/3515/2765 2461/6503/2741 2367/3516/2614
f 2496/3518/2767 2462/3566/2633 2461/3519/2741
f 2464/3443/2718 2389/3306/2612 2394/3335/2638
f 2954/3522/2611 2392/3461/2701 2956/3279/2586
f 2406/3271/2579 2411/6504/2719 2410/3447/2721
f 2471/3507/2758 2343/3413/2699 2354/3399/2691
f 2370/3526/2753 2392/6505/2701 2388/3320/2610
f 2470/3527/2761 2360/3405/2695 2390/3322/2625
f 2498/3494/2757 2472/3496/2694 2476/3529/2631
f 2439/3531/2746 2438/3482/2749 2458/3354/2656
f 2490/3286/2592 2492/3288/2594 2512/3532/2769
f 2473/3534/2771 2456/3589/2697 2346/3528/2760
f 2373/3408/2696 2372/3310/2584 2353/3535/2583
f 2425/3381/2678 2426/3462/2731 2392/3461/2701
f 2456/3409/2697 2352/3284/2590 2341/3285/2591
f 2380/3274/2582 2372/3276/2584 2371/3523/2617
f 2363/3537/2623 2358/6501/2629 2457/3488/2754
f 2497/3313/2618 2499/3543/2775 2506/3538/2772
f 2469/3503/2756 2348/3352/2654 2360/3405/2695
f 2493/3540/2774 2357/3438/2716 2356/3439/2717
f 2408/3418/2704 2430/3341/2644 2429/3343/2646
f 2499/3543/2775 2473/3583/2771 2357/3544/2716
f 2495/3546/2776 2504/3556/2781 2503/3547/2777
f 2375/3273/2581 2376/3272/2580 2371/3312/2617
f 2495/3549/2776 2486/3344/2647 2385/3346/2637
f 2498/3494/2757 2506/3538/2772 2507/3551/2778
f 2484/3553/2766 2483/3562/2613 2502/3554/2779
f 2504/3556/2781 2496/3518/2767 2485/3520/2765
f 2500/3530/2768 2505/3539/2773 2506/3538/2772
f 2494/3510/2762 2507/3559/2778 2508/3475/2743
f 2510/3557/2782 2479/3513/2763 2478/3514/2764
f 2482/3476/2744 2508/3475/2743 2507/3559/2778
f 2491/3561/2784 2511/3533/2770 2512/3532/2769
f 2483/3562/2613 2489/3396/2689 2512/3532/2769
f 2517/3563/2785 2518/3595/2800 2513/3564/2786
f 2500/3530/2768 2476/3529/2631 2462/3566/2633
f 2497/3313/2618 2505/3539/2773 2504/3556/2781
f 2485/3515/2765 2484/3517/2766 2501/3567/2780
f 2611/3569/2788 2612/3762/2941 2520/3570/2789
f 2539/3572/2791 2517/3563/2785 2516/3565/2787
f 2496/3518/2767 2504/3556/2781 2505/3539/2773
f 2488/3509/2673 2487/6506/2674 2501/3555/2780
f 2488/3509/2673 2502/3554/2779 2512/3532/2769
f 2511/3533/2770 2491/3561/2784 2479/3574/2763
f 2549/3576/2793 2550/3652/2850 2542/3577/2794
f 2521/3579/2796 2514/3591/2797 2513/3580/2786
f 2489/3396/2689 2365/3398/2690 2474/3582/2598
f 2497/3313/2618 2383/3315/2620 2473/3583/2771
f 2360/3405/2695 2359/3406/2628 2391/3584/2624
f 2493/3545/2774 2507/3551/2778 2506/3538/2772
f 2385/3334/2637 2386/3336/2639 2381/3318/2622
f 2486/3344/2647 2503/3568/2777 2501/3567/2780
f 2373/3585/2696 2382/3316/2621 2381/3318/2622
f 2491/3561/2784 2474/3582/2598 2351/3587/2600
f 2383/3588/2620 2382/3316/2621 2456/3589/2697
f 2478/3514/2764 2477/3295/2601 2508/3475/2743
f 2480/3590/2755 2510/3557/2782 2509/3558/2783
f 2490/3286/2592 2511/3533/2770 2510/3575/2782
f 2514/3591/2797 2515/3752/2816 2516/3592/2787
f 2611/3569/2788 2519/3571/2790 2527/3593/2798
f 2518/3595/2800 2517/3563/2785 2523/3596/2801
f 2525/3598/2803 2524/3621/2822 2529/3599/2804
f 2614/3601/2806 2526/3750/2938 2533/3602/2807
f 2531/3604/2809 2530/3625/2826 2535/3605/2810
f 2616/3607/2812 2532/3749/2937 2536/3608/2813
f 2541/3610/2795 2524/3818/2822 2523/3611/2801
f 2515/3613/2816 2537/3630/2829 2538/3573/2792
f 2696/3614/2817 2568/3875/3011 2557/3615/2818
f 2547/3617/2820 2548/3823/2828 2540/3618/2815
f 2517/3563/2785 2539/3572/2791 2540/3618/2815
f 2613/3619/2821 2618/3844/2814 2536/3620/2813
f 2524/3621/2822 2541/3578/2795 2542/3577/2794
f 2530/3625/2826 2543/3632/2831 2544/3626/2827
f 2549/3627/2793 2541/6507/2795 2540/3628/2815
f 2537/3630/2829 2545/3624/2825 2546/3623/2824
f 2543/3632/2831 2551/3692/2885 2552/3633/2832
f 2556/3634/2833 2547/3617/2820 2546/3623/2824
f 2698/3635/2834 2565/6508/2858 2554/3636/2835
f 2567/3638/2837 2566/3660/2846 2702/3639/2838
f 2553/3645/2844 2545/3759/2825 2552/3646/2832
f 2554/3636/2835 2565/6508/2858 2566/3648/2846
f 2557/3615/2818 2568/3875/3011 2569/3649/2847
f 2562/3651/2849 2551/3692/2885 2550/3652/2850
f 2560/3654/2852 2571/3758/2940 2572/3655/2853
f 2701/3659/2857 2702/3639/2838 2566/3660/2846
f 2638/3662/2859 2609/3690/2883 2598/3663/2854
f 2578/3665/2861 2579/6509/3036 2580/3666/2862
f 2713/3668/2864 2586/3968/2977 2585/3669/2865
f 2592/3658/2856 2593/3683/2876 2587/3671/2867
f 2719/3676/2871 2601/6510/3042 2600/3677/2872
f 2600/3679/2872 2601/3932/3042 2597/3680/2874
f 2737/3684/2877 2611/3569/2788 2615/3594/2799
f 2605/3686/2879 2606/3774/2950 2607/3687/2880
f 2610/3689/2882 2964/3723/2914 2609/3690/2883
f 2620/3641/2840 2621/3643/2842 2622/3694/2887
f 2627/3696/2889 2626/3699/2892 2628/3697/2890
f 2626/3699/2892 2625/3974/3060 2629/3700/2893
f 2631/3701/2894 2630/3867/3006 2635/3702/2895
f 2600/3679/2872 2599/3681/2875 2608/3704/2897
f 2672/3708/2901 2650/3731/2921 2638/3709/2902
f 2641/3711/2904 2642/6511/3015 2643/3712/2905
f 2675/3714/2907 2669/3739/2928 2668/3715/2908
f 2582/3717/2910 2961/3804/2956 2581/3718/2911
f 2590/3707/2900 2627/3696/2889 2633/3698/2891
f 2592/3721/2856 2632/6512/2963 2639/3664/2860
f 2653/3725/2915 2654/3748/2936 2655/3726/2916
f 2659/3728/2918 2660/6513/3030 2661/3729/2919
f 2650/3731/2921 2672/3708/2901 2668/3715/2908
f 2665/3733/2923 2666/3790/2960 2667/3734/2924
f 2651/3737/2927 2665/3733/2923 2664/3735/2925
f 2669/3739/2928 2670/3870/3007 2671/3732/2922
f 2697/3740/2929 2571/3758/2940 2560/3654/2852
f 2677/3743/2931 2678/3857/2998 2679/3744/2932
f 2584/3746/2934 2583/3780/2953 2589/3706/2899
f 2653/3725/2915 2677/3743/2931 2676/3745/2933
f 2532/3749/2937 2531/3604/2809 2534/3606/2811
f 2616/3607/2812 2617/3603/2808 2533/3602/2807
f 2526/3750/2938 2525/3598/2803 2528/3600/2805
f 2519/3571/2790 2520/3570/2789 2513/3564/2786
f 2547/3617/2820 2539/3572/2791 2538/3573/2792
f 2521/3579/2796 2536/3620/2813 2534/3751/2811
f 2515/3752/2816 2514/3591/2797 2534/3751/2811
f 2551/3692/2885 2543/3632/2831 2542/3577/2794
f 2526/3754/2938 2527/3820/2798 2522/3755/2802
f 2717/3757/2939 2704/6514/3032 2572/3655/2853
f 2545/3759/2825 2537/3821/2829 2544/3760/2827
f 2737/3684/2877 2738/3839/2985 2612/3762/2941
f 2716/3764/2942 2710/3959/2992 2687/3765/2943
f 2576/3767/2945 2553/3645/2844 2564/3647/2845
f 2570/3769/2947 2559/3772/2948 2558/3770/2848
f 2559/3772/2948 2549/3627/2793 2548/3629/2828
f 2606/3774/2950 2605/3686/2879 2575/3775/2946
f 2567/3777/2837 2556/3634/2833 2555/3631/2830
f 2576/3778/2945 2681/3637/2836 2554/3636/2835
f 2594/3779/2952 2595/3926/3034 2587/3671/2867
f 2584/3746/2934 2585/3825/2865 2577/3667/2863
f 2700/3781/2954 2685/3832/2969 2588/3673/2869
f 2594/3786/2952 2593/6515/2876 2597/3680/2874
f 2670/3788/2958 2642/3883/3015 2690/3789/2959
f 2663/3791/2961 2659/3728/2918 2658/3730/2920
f 2632/3793/2963 2633/3874/2891 2628/3794/2890
f 2646/3795/2964 2682/3903/3031 2683/3796/2965
f 2627/3696/2889 2590/3707/2900 2582/3717/2910
f 2648/3798/2967 2641/3711/2904 2640/3713/2906
f 2649/3799/2913 2581/3785/2911 2610/3800/2882
f 2720/3805/2968 2707/3953/2978 2686/3806/2935
f 2654/3748/2936 2673/3813/2972 2636/3808/2970
f 2644/3809/2971 2643/3871/3008 2669/3739/2928
f 2621/3810/2842 2649/3738/2913 2664/3735/2925
f 2663/3812/2961 2662/3811/2962 2664/3735/2925
f 2673/3813/2972 2654/3748/2936 2676/3745/2933
f 2675/3815/2974 2674/3814/2973 2676/3745/2933
f 2742/3816/2975 2616/3607/2812 2618/3609/2814
f 2524/3818/2822 2525/3756/2803 2522/3755/2802
f 2614/3819/2806 2615/3842/2799 2527/3820/2798
f 2532/3749/2937 2533/3602/2807 2528/3600/2805
f 2537/3821/2829 2515/6516/2816 2535/3822/2810
f 2530/3625/2826 2531/3604/2809 2528/3600/2805
f 2543/3632/2831 2530/3625/2826 2529/3599/2804
f 2586/3824/2977 2578/3665/2861 2577/3667/2863
f 2707/3827/2978 2708/3967/3033 2584/3828/2934
f 2602/3830/2979 2697/3740/2929 2680/3741/2930
f 2574/3776/2951 2575/3775/2946 2564/3763/2845
f 2685/3832/2969 2686/3747/2935 2589/3706/2899
f 2673/3833/2980 2672/3708/2901 2637/3710/2903
f 2656/3835/2982 2657/3852/2994 2652/3727/2917
f 2712/3678/2873 2600/3677/2872 2688/3836/2898
f 2747/3838/2984 2739/6517/2988 2738/3839/2985
f 2740/3841/2987 2741/3917/2878 2615/3842/2799
f 2739/3843/2988 2744/4143/2976 2618/3844/2814
f 2750/3845/2989 2751/3972/3059 2743/3846/2990
f 2666/3790/2960 2690/3789/2959 2689/3847/2991
f 2632/3793/2963 2631/3701/2894 2634/3703/2896
f 2710/3849/2992 2711/3837/2983 2688/3836/2898
f 2656/3835/2982 2630/3976/3062 2629/3851/2993
f 2641/3854/2904 2648/6518/2967 2689/3847/2991
f 2660/3855/2996 2682/3877/3012 2692/3856/2997
f 2623/3858/2999 2653/3725/2915 2652/3727/2917
f 2692/3856/2997 2646/3878/3013 2645/3860/3001
f 2723/3862/3003 2717/6519/2939 2571/3863/2940
f 2663/3812/2961 2667/3734/2924 2689/3847/2991
f 2675/3815/2974 2679/3744/2932 2691/3861/3002
f 2586/3824/2977 2698/3635/2834 2681/3637/2836
f 2678/3857/2998 2692/3856/2997 2691/3861/3002
f 2630/3867/3006 2631/3701/2894 2628/3794/2890
f 2687/3869/2943 2688/3705/2898 2608/3704/2897
f 2670/3870/3007 2669/3739/2928 2643/3871/3008
f 2646/3795/2964 2647/3797/2966 2640/3713/2906
f 2632/3793/2963 2592/3658/2856 2591/3672/2868
f 2650/3719/2912 2671/3893/3024 2665/3733/2923
f 2583/3780/2953 2582/3717/2910 2590/3707/2900
f 2700/3781/2954 2596/3782/2955 2568/3875/3011
f 2625/3853/2995 2624/3859/3000 2652/3727/2917
f 2608/3724/2897 2599/3803/2875 2598/3663/2854
f 2644/3880/3014 2645/3873/3010 2640/3713/2906
f 2699/3884/2944 2606/3774/2950 2574/3776/2951
f 2623/3886/3017 2622/3694/2887 2658/3730/2920
f 2636/3834/2981 2637/3710/2903 2634/3887/3018
f 2623/3858/2999 2661/3894/3025 2677/3743/2931
f 2635/3889/3020 2656/3835/2982 2655/3726/2916
f 2706/3890/3021 2693/3897/3027 2573/3891/3022
f 2673/3833/2980 2674/3716/2909 2668/3715/2908
f 2621/3643/2842 2662/3792/2962 2658/3730/2920
f 2671/3893/3024 2670/3788/2958 2666/3790/2960
f 2661/3894/3025 2660/3855/2996 2678/3857/2998
f 2714/3896/3026 2694/3898/3016 2693/3897/3027
f 2714/3896/3026 2716/3764/2942 2699/3766/2944
f 2722/3899/3028 2696/3936/2817 2695/3900/2819
f 2660/3902/3030 2659/3904/2918 2683/3796/2965
f 2684/3881/3004 2683/3796/2965 2659/3904/2918
f 2680/3907/2930 2560/3879/2852 2559/3772/2948
f 2704/3908/3032 2705/6520/3023 2573/3909/3022
f 2573/3911/3022 2693/3933/3027 2563/3736/2926
f 2709/3912/2866 2585/3825/2865 2584/3746/2934
f 2519/3571/2790 2518/3595/2800 2522/3597/2802
f 2638/3709/2902 2639/6521/5097 2634/3887/3018
f 2596/3782/2955 2588/3673/2869 2587/3675/2867
f 2748/3916/3035 2749/6522/3046 2741/3917/2878
f 2576/3778/2945 2579/6509/3036 2578/3665/2861
f 2695/3918/2819 2567/3638/2837 2703/3640/2839
f 2568/3875/3011 2596/3782/2955 2595/3914/3034
f 2567/3777/2837 2695/3616/2819 2557/3615/2818
f 2570/3769/2947 2594/3779/2952 2603/3920/2957
f 2579/3921/3036 2576/3767/2945 2575/3768/2946
f 2579/3921/3036 2605/3922/2879 2604/3924/2881
f 2684/3881/3004 2648/3798/2967 2647/3797/2966
f 2594/3779/2952 2570/3769/2947 2569/3771/2847
f 2714/3896/3026 2706/3890/3021 2734/3927/3037
f 2713/3668/2864 2736/3931/3041 2735/3928/3038
f 2750/3845/2989 2742/3816/2975 2744/3817/2976
f 2714/3896/3026 2735/3928/3038 2736/3931/3041
f 2602/3830/2979 2603/3787/2957 2597/3680/2874
f 2694/3885/3016 2574/3776/2951 2563/3736/2926
f 2724/3934/3043 2720/3805/2968 2685/3807/2969
f 2573/3911/3022 2562/3651/2849 2561/3653/2851
f 2722/3899/3028 2724/3934/3043 2700/3935/2954
f 2706/3937/3021 2705/6520/3023 2733/3938/3044
f 2745/3940/3045 2737/3684/2877 2741/3685/2878
f 2732/3942/3047 2704/3908/3032 2717/3943/2939
f 2715/3929/3039 2701/3956/2857 2565/3945/2858
f 2731/3947/3048 2730/3954/3052 2722/3899/3028
f 2726/3948/3049 2712/3678/2873 2711/3837/2983
f 2719/3950/2871 2712/6523/2873 2726/3951/3049
f 2707/3953/2978 2720/3805/2968 2728/3952/3051
f 2731/3947/3048 2717/6519/2939 2723/3862/3003
f 2702/3639/2838 2733/3938/3044 2732/3942/3047
f 2724/3934/3043 2722/3899/3028 2730/3954/3052
f 2702/3639/2838 2701/3659/2857 2734/3939/3037
f 2715/3929/3039 2735/3928/3038 2734/3927/3037
f 2713/3668/2864 2709/3670/2866 2727/3957/3054
f 2745/3940/3045 2746/3840/2986 2738/3839/2985
f 2729/3955/3053 2721/3961/3055 2719/3950/2871
f 2709/3670/2866 2708/6524/3033 2725/3958/3050
f 2710/3959/2992 2727/3957/3054 2725/3958/3050
f 2703/3640/2839 2732/3942/3047 2731/3944/3048
f 2721/3961/3055 2729/3955/3053 2730/3954/3052
f 2724/3934/3043 2729/3955/3053 2728/3952/3051
f 2764/3962/3056 2771/4117/3185 2760/3963/3057
f 2710/3959/2992 2716/3764/2942 2736/3931/3041
f 2739/3843/2988 2613/3619/2821 2612/3965/2941
f 2707/3827/2978 2726/3948/3049 2725/3949/3050
f 2742/3816/2975 2743/3846/2990 2617/3603/2808
f 2699/3884/2944 2687/3869/2943 2607/3687/2880
f 2613/3619/2821 2521/3579/2796 2520/3581/2789
f 2581/3785/2911 2580/3784/2862 2604/3924/2881
f 2713/3668/2864 2715/3929/3039 2698/3946/2834
f 2721/3961/3055 2602/3970/2979 2601/3969/3042
f 2721/3961/3055 2723/3862/3003 2697/3864/2929
f 2733/3938/3044 2705/6520/3023 2704/3908/3032
f 2748/3971/3035 2740/3973/2987 2743/3846/2990
f 2740/3973/2987 2614/3601/2806 2617/3603/2808
f 2625/3974/3060 2626/3699/2892 2619/3695/2888
f 2753/3977/3063 2754/3979/3065 2746/3840/2986
f 2761/3978/3064 2762/3984/3070 2754/3979/3065
f 2753/3977/3063 2745/3940/3045 2749/3941/3046
f 2756/3981/3067 2748/3971/3035 2751/3972/3059
f 2830/3985/3071 2829/4046/3126 2800/3986/3072
f 2804/3988/3074 2778/4113/3183 2777/3989/3075
f 2776/3998/3082 2777/4248/3075 2766/3997/3081
f 2914/4000/3084 2894/4218/3253 2899/4001/3085
f 2823/4003/3087 2824/4089/3163 2819/4004/3088
f 2898/4006/3090 2881/4202/3246 2763/4007/3091
f 2901/4009/3093 2902/4225/3256 2774/4010/3094
f 2861/4012/3096 2862/4196/3241 2858/4013/3097
f 2786/4015/3099 2787/4252/3115 2788/4016/3100
f 2907/4021/3105 2908/4269/3258 2791/4022/3106
f 2796/4024/3076 2797/4247/3188 2798/4025/3108
f 2921/4027/3110 2919/4262/3268 2808/4028/3111
f 2806/4030/3113 2807/4289/3112 2808/4031/3111
f 2787/4033/3115 2786/4238/3099 2812/4018/3102
f 2814/4035/3117 2815/4034/3116 2812/4018/3102
f 2787/4033/3115 2815/4034/3116 2783/4038/3120
f 2791/4040/3106 2792/4074/3153 2785/4017/3101
f 2820/4042/3122 2821/4037/3119 2822/4005/3089
f 2900/4043/3123 2804/3988/3074 2803/4044/3124
f 2829/4046/3126 2830/3985/3071 2831/4047/3127
f 2809/4049/3129 2887/4231/3140 2818/4050/3130
f 2838/4052/3132 2839/6525/5098 2834/4053/3133
f 2835/4055/3135 2836/4195/3240 2837/4054/3134
f 2854/4056/3136 2855/4136/3201 2852/4057/3137
f 2910/4059/3139 2911/4092/3166 2887/4060/3140
f 2844/4062/3141 2845/4204/3150 2840/4063/3142
f 2841/4065/3144 2842/6526/3227 2843/4064/3143
f 2882/4069/3148 2883/6527/5099 2846/4070/3149
f 2802/4072/3151 2801/4133/3198 2793/4073/3152
f 2823/4003/3087 2801/4133/3198 2800/4075/3072
f 2861/4077/3154 2860/4106/3179 2879/4078/3155
f 2818/4080/3130 2817/4085/3160 2811/4081/3157
f 2870/4083/3158 2838/4052/3132 2837/4054/3134
f 2836/3992/3077 2835/4159/3211 2811/4081/3157
f 2841/4065/3144 2840/4063/3142 2847/4086/3161
f 2823/4003/3087 2829/4076/3126 2828/4088/3128
f 2826/4090/3164 2825/4197/3242 2853/4058/3138
f 2912/4091/3165 2888/6528/3210 2887/4060/3140
f 2859/4093/3167 2821/4037/3119 2820/4042/3122
f 2827/4094/3168 2826/4090/3164 2852/4057/3137
f 2849/4096/3170 2821/4215/3119 2859/4097/3167
f 2851/3994/3079 2850/4177/3223 2867/4099/3172
f 2869/4101/3174 2870/4083/3158 2871/4084/3159
f 2856/4103/3176 2870/4135/3200 2869/4104/3177
f 2827/4094/3168 2857/4095/3169 2879/4078/3155
f 2755/3991/3058 2747/3838/2984 2746/3840/2986
f 2627/3696/2889 2620/3641/2840 2619/3695/2888
f 2758/4107/3180 2759/3982/3068 2751/3972/3059
f 2755/3964/3058 2760/3963/3057 2752/4108/3040
f 2768/4068/3147 2769/4148/3206 2759/3982/3068
f 2773/4110/3095 2774/4154/3094 2762/3984/3070
f 2913/4111/3181 2907/4021/3105 2790/4023/3107
f 2778/4113/3183 2767/4126/3191 2766/4114/3081
f 2782/4039/3121 2783/4038/3120 2771/4117/3185
f 2896/4119/3186 2778/4113/3183 2804/3988/3074
f 2784/4120/3187 2772/4118/3146 2771/4117/3185
f 2797/4121/3188 2776/6529/3082 2880/4122/3189
f 2884/4123/3190 2882/4069/3148 2845/4071/3150
f 2827/4129/3194 2820/4042/3122 2819/4004/3088
f 2823/4003/3087 2822/4005/3089 2793/4073/3152
f 2870/4135/3200 2856/4103/3176 2855/4136/3201
f 2873/4139/3203 2874/4183/3228 2868/4102/3175
f 2875/4141/3205 2877/4185/3230 2876/4105/3178
f 2623/3886/3017 2624/3975/3061 2619/3695/2888
f 2747/4142/2984 2752/6530/3040 2744/4143/2976
f 2758/4107/3180 2750/3845/2989 2752/3930/3040
f 2756/4145/3067 2757/3996/3066 2749/4146/3046
f 2765/3999/3083 2766/3997/3081 2757/3996/3066
f 2779/4149/3207 2780/4152/3209 2769/4148/3206
f 2781/4151/3208 2770/4216/3252 2769/4148/3206
f 2775/4008/3092 2763/4007/3091 2762/3984/3070
f 2791/4040/3106 2885/4188/3233 2802/4072/3151
f 2899/4155/3085 2814/4240/3117 2813/4156/3104
f 2830/4158/3071 2799/6531/3073 2811/4081/3157
f 2832/4160/3212 2831/4047/3127 2834/4161/3213
f 2832/4160/3212 2833/6532/3239 2828/4048/3128
f 2843/4163/3143 2890/4181/3226 2889/4164/3215
f 2875/4169/3219 2874/4183/3228 2841/4170/3220
f 2851/4172/3222 2872/4140/3204 2868/4102/3175
f 2865/4178/3224 2863/4193/3238 2884/4179/3190
f 2873/4180/3225 2866/4199/3244 2890/4181/3226
f 2873/4139/3203 2842/6533/5100 2841/4170/3220
f 2869/4101/3174 2868/4102/3175 2874/4183/3228
f 2877/4185/3230 2875/4141/3205 2848/4186/3231
f 2861/4077/3154 2878/4079/3156 2892/4168/3218
f 2886/4045/3125 2803/4044/3124 2802/4072/3151
f 2905/4189/3234 2933/4275/3275 2932/4190/3235
f 2856/4103/3176 2857/4095/3169 2852/4057/3137
f 2827/4129/3194 2860/4014/3098 2858/4013/3097
f 2825/4192/3237 2826/4130/3195 2819/4004/3088
f 2863/4193/3238 2865/4178/3224 2864/4098/3171
f 2825/4192/3237 2824/4089/3163 2828/4088/3128
f 2851/4172/3222 2871/4084/3159 2837/4054/3134
f 2861/4012/3096 2883/6527/5099 2882/4069/3148
f 2866/4199/3244 2867/4099/3172 2864/4098/3171
f 2971/4184/3229 2793/4073/3152 2975/4036/3118
f 2839/4132/3197 2838/4137/3202 2855/4136/3201
f 2849/4096/3170 2864/4098/3171 2867/4099/3172
f 2789/4201/3182 2788/4016/3100 2881/4202/3246
f 2846/4203/3149 2847/4086/3161 2840/4063/3142
f 2856/4103/3176 2876/4105/3178 2879/4078/3155
f 2866/4199/3244 2865/4178/3224 2889/4164/3215
f 2904/4205/3247 2905/6534/3234 2779/4149/3207
f 2859/4093/3167 2858/4013/3097 2862/4196/3241
f 2878/4079/3156 2879/4078/3155 2876/4105/3178
f 2922/4208/3249 2918/6535/3254 2895/4209/3250
f 2846/4166/3216 2892/4168/3218 2891/4187/3232
f 2878/4079/3156 2877/4185/3230 2891/4187/3232
f 2873/4180/3225 2872/4100/3173 2867/4099/3172
f 2914/4000/3084 2904/4292/3247 2893/4217/3248
f 2893/4206/3248 2779/4149/3207 2768/4068/3147
f 2895/4209/3250 2773/4110/3095 2761/3978/3064
f 2916/4002/3086 2899/4001/3085 2888/4219/3210
f 2789/4201/3182 2790/4041/3107 2785/4017/3101
f 2918/4221/3254 2901/4009/3093 2773/4011/3095
f 2906/4191/3236 2780/6536/3209 2779/4223/3207
f 2881/4202/3246 2782/6537/3121 2764/4138/3056
f 2903/4224/3255 2775/6538/3092 2774/4010/3094
f 2909/4226/3257 2885/6539/3233 2791/4227/3106
f 2920/4229/3259 2886/4045/3125 2885/4188/3233
f 2888/4157/3210 2813/4156/3104 2818/4050/3130
f 2974/4232/3103 2816/4176/3193 2976/3993/3078
f 2830/3985/3071 2835/6540/3211 2834/4161/3213
f 2895/4209/3250 2767/4126/3191 2778/4113/3183
f 2794/4237/3245 2816/4128/3193 2812/4018/3102
f 2894/4239/3253 2784/4255/3187 2814/4240/3117
f 2922/4241/3249 2896/6541/3186 2900/4242/3123
f 2863/4207/3238 2862/4196/3241 2882/4069/3148
f 2914/4000/3084 2916/4002/3086 2936/4244/3261
f 2897/4246/3263 2880/4122/3189 2770/4216/3252
f 2797/4247/3188 2796/4024/3076 2777/4248/3075
f 2849/4249/3170 2850/6542/3223 2816/4128/3193
f 2880/4122/3189 2776/6529/3082 2765/4150/3083
f 2804/4251/3074 2796/4024/3076 2795/4026/3109
f 2787/4252/3115 2782/6537/3121 2881/4202/3246
f 2921/4027/3110 2923/4260/3267 2930/4253/3264
f 2893/4206/3248 2772/4067/3146 2784/4255/3187
f 2917/4256/3266 2781/4261/3208 2780/4257/3209
f 2832/4131/3196 2854/4056/3136 2853/4058/3138
f 2923/4260/3267 2897/4287/3263 2781/4261/3208
f 2919/4262/3268 2928/4282/3273 2927/4263/3269
f 2799/3987/3073 2800/3986/3072 2795/4026/3109
f 2919/4265/3268 2910/4059/3139 2809/4061/3129
f 2922/4241/3249 2930/4253/3264 2931/4267/3270
f 2908/4269/3258 2907/4021/3105 2926/4270/3271
f 2928/4272/3273 2920/6543/3259 2909/4226/3257
f 2924/4243/3260 2929/4254/3265 2930/4253/3264
f 2918/4221/3254 2931/4276/3270 2932/4190/3235
f 2934/4274/3274 2903/4224/3255 2902/4225/3256
f 2906/4191/3236 2932/4190/3235 2931/4276/3270
f 2915/4278/3276 2935/4245/3262 2936/4244/3261
f 2097/2896/2325 2090/3034/2293 2089/4279/2295
f 2907/4021/3105 2913/4111/3181 2936/4244/3261
f 2115/2892/2322 2093/2893/2323 2092/2862/2294
f 2924/4243/3260 2900/4242/3123 2886/4280/3125
f 2921/4027/3110 2929/4254/3265 2928/4282/3273
f 2909/4226/3257 2908/4228/3258 2925/4283/3272
f 2093/2893/2323 2094/2867/2299 2089/2863/2295
f 2920/4281/3259 2928/4282/3273 2929/4254/3265
f 2912/4220/3165 2911/6544/3166 2925/4271/3272
f 2912/4220/3165 2926/4270/3271 2936/4244/3261
f 2935/4245/3262 2915/4278/3276 2903/4284/3255
f 2913/4111/3181 2789/4112/3182 2898/4286/3090
f 2921/4027/3110 2807/4029/3112 2897/4287/3263
f 2784/4120/3187 2783/4038/3120 2815/4034/3116
f 2917/4256/3266 2931/4267/3270 2930/4253/3264
f 2809/4049/3129 2810/4051/3131 2805/4032/3114
f 2910/4059/3139 2927/4273/3269 2925/4283/3272
f 2797/4121/3188 2806/4030/3113 2805/4032/3114
f 2915/4278/3276 2898/4286/3090 2775/4288/3092
f 2807/4289/3112 2806/4030/3113 2880/4122/3189
f 2902/4225/3256 2901/4009/3093 2932/4190/3235
f 2904/4290/3247 2934/4274/3274 2933/4275/3275
f 2125/3108/2333 2126/2929/2356 2118/2898/2327
f 2914/4000/3084 2935/4245/3262 2934/4285/3274
f 2187/2864/2296 2188/3049/2448 2096/4293/2566
f 4237/4294/3277 3397/4297/3280 2977/4295/3278
f 3397/4297/3280 4238/4302/3285 3399/4298/3281
f 2977/4295/3278 3399/4298/3281 4239/4299/3282
f 3398/4296/3279 2977/4295/3278 3400/4300/3283
f 4238/4302/3285 3401/4304/3287 2982/4303/3286
f 3401/4304/3287 4241/4308/3291 3402/4305/3288
f 2982/4303/3286 3402/4305/3288 4242/4306/3289
f 3399/4298/3281 2982/4303/3286 3403/4307/3290
f 4241/4308/3291 3404/4310/3293 2987/4309/3292
f 3404/4310/3293 4243/4314/3297 3405/4311/3294
f 2987/4309/3292 3405/4311/3294 4244/4312/3295
f 3402/4305/3288 2987/4309/3292 3406/4313/3296
f 4243/4314/3297 3407/4316/3299 2990/4315/3298
f 3407/4316/3299 4245/4320/3303 3408/4317/3300
f 2990/4315/3298 3408/4317/3300 4246/4318/3301
f 3405/4311/3294 2990/4315/3298 3409/4319/3302
f 4245/4320/3303 3410/4322/3305 2993/4321/3304
f 3410/4322/3305 4247/4326/3309 3411/4323/3306
f 2993/4321/3304 3411/4323/3306 4248/4324/3307
f 3408/4317/3300 2993/4321/3304 3412/4325/3308
f 4247/4326/3309 3413/4328/3311 2996/4327/3310
f 3413/4328/3311 4249/4332/3315 3414/4329/3312
f 2996/4327/3310 3414/4329/3312 4250/4330/3313
f 3411/4323/3306 2996/4327/3310 3415/4331/3314
f 4249/4332/3315 3416/4334/3317 2999/4333/3316
f 3416/4334/3317 4251/4338/3321 3417/4335/3318
f 2999/4333/3316 3417/4335/3318 4252/4336/3319
f 3414/4329/3312 2999/4333/3316 3418/4337/3320
f 4251/4338/3321 3419/4340/3323 3002/4339/3322
f 3419/4340/3323 4253/4344/3327 3420/4341/3324
f 3002/4339/3322 3420/4341/3324 4254/4342/3325
f 3417/4335/3318 3002/4339/3322 3421/4343/3326
f 4253/4344/3327 3422/4346/3329 3005/4345/3328
f 3422/4346/3329 4255/4350/3333 3423/4347/3330
f 3005/4345/3328 3423/4347/3330 4256/4348/3331
f 3420/4341/3324 3005/4345/3328 3424/4349/3332
f 4255/4350/3333 3425/4352/3335 3008/4351/3334
f 3425/4352/3335 4257/4356/3339 3426/4353/3336
f 3008/4351/3334 3426/4353/3336 4258/4354/3337
f 3423/4347/3330 3008/4351/3334 3427/4355/3338
f 4257/4356/3339 3428/4358/3341 3011/4357/3340
f 3428/4358/3341 4259/4362/3345 3429/4359/3342
f 3011/4357/3340 3429/4359/3342 4260/4360/3343
f 3426/4353/3336 3011/4357/3340 3430/4361/3344
f 4259/4362/3345 3431/4364/3347 3014/4363/3346
f 3431/4364/3347 4261/4368/3351 3432/4365/3348
f 3014/4363/3346 3432/4365/3348 4262/4366/3349
f 3429/4359/3342 3014/4363/3346 3433/4367/3350
f 4261/4368/3351 3434/4370/3353 3017/4369/3352
f 3434/4370/3353 4263/4374/3357 3435/4371/3354
f 3017/4369/3352 3435/4371/3354 4264/4372/3355
f 3432/4365/3348 3017/4369/3352 3436/4373/3356
f 4263/4374/3357 3437/4376/3359 3020/4375/3358
f 3437/4376/3359 4265/4380/3363 3438/4377/3360
f 3020/4375/3358 3438/4377/3360 4266/4378/3361
f 3435/4371/3354 3020/4375/3358 3439/4379/3362
f 4265/4380/3363 3440/4382/3365 3023/4381/3364
f 3440/4382/3365 4267/4386/3369 3441/4383/3366
f 3023/4381/3364 3441/4383/3366 4268/4384/3367
f 3438/4377/3360 3023/4381/3364 3442/4385/3368
f 4267/4386/3369 3443/4388/3371 3026/4387/3370
f 3443/4388/3371 4269/4392/3375 3444/4389/3372
f 3026/4387/3370 3444/4389/3372 4270/4390/3373
f 3441/4383/3366 3026/4387/3370 3445/4391/3374
f 4269/4392/3375 3446/4394/3377 3029/4393/3376
f 3446/4394/3377 4271/4398/3381 3447/4395/3378
f 3029/4393/3376 3447/4395/3378 4272/4396/3379
f 3444/4389/3372 3029/4393/3376 3448/4397/3380
f 4271/4398/3381 3449/4400/3383 3032/4399/3382
f 3449/4400/3383 4273/4404/3387 3450/4401/3384
f 3032/4399/3382 3450/4401/3384 4274/4402/3385
f 3447/4395/3378 3032/4399/3382 3451/4403/3386
f 4273/4404/3387 3452/4406/3389 3035/4405/3388
f 3452/4406/3389 4275/4410/3393 3453/4407/3390
f 3035/4405/3388 3453/4407/3390 4276/4408/3391
f 3450/4401/3384 3035/4405/3388 3454/4409/3392
f 4275/4410/3393 3455/4412/3395 3038/4411/3394
f 3455/4412/3395 4277/4416/3399 3456/4413/3396
f 3038/4411/3394 3456/4413/3396 4278/4414/3397
f 3453/4407/3390 3038/4411/3394 3457/4415/3398
f 4277/4416/3399 3458/4418/3401 3041/4417/3400
f 3458/4418/3401 4279/4422/3405 3459/4419/3402
f 3041/4417/3400 3459/4419/3402 4280/4420/3403
f 3456/4413/3396 3041/4417/3400 3460/4421/3404
f 4279/4422/3405 3461/4424/3407 3044/4423/3406
f 3461/4424/3407 4281/4428/3411 3462/4425/3408
f 3044/4423/3406 3462/4425/3408 4282/4426/3409
f 3459/4419/3402 3044/4423/3406 3463/4427/3410
f 4281/4428/3411 3464/4430/3413 3047/4429/3412
f 3464/4430/3413 4283/4434/3417 3465/4431/3414
f 3047/4429/3412 3465/4431/3414 4284/4432/3415
f 3462/4425/3408 3047/4429/3412 3466/4433/3416
f 4283/4434/3417 3467/4436/3419 3050/4435/3418
f 3467/4436/3419 4285/4440/3423 3468/4437/3420
f 3050/4435/3418 3468/4437/3420 4286/4438/3421
f 3465/4431/3414 3050/4435/3418 3469/4439/3422
f 4285/4440/3423 3470/4442/3425 3053/4441/3424
f 3470/4442/3425 4287/4446/3429 3471/4443/3426
f 3053/4441/3424 3471/4443/3426 4288/4444/3427
f 3468/4437/3420 3053/4441/3424 3472/4445/3428
f 4287/4446/3429 3473/4448/3431 3056/4447/3430
f 3473/4448/3431 4289/4452/3435 3474/4449/3432
f 3056/4447/3430 3474/4449/3432 4290/4450/3433
f 3471/4443/3426 3056/4447/3430 3475/4451/3434
f 4289/4452/3435 3476/4454/3437 3059/4453/3436
f 3476/4454/3437 4291/4458/3441 3477/4455/3438
f 3059/4453/3436 3477/4455/3438 4292/4456/3439
f 3474/4449/3432 3059/4453/3436 3478/4457/3440
f 4291/4458/3441 3479/4460/3443 3062/4459/3442
f 3479/4460/3443 4293/4464/3447 3480/4461/3444
f 3062/4459/3442 3480/4461/3444 4294/4462/3445
f 3477/4455/3438 3062/4459/3442 3481/4463/3446
f 4293/4464/3447 3482/4466/3449 3065/4465/3448
f 3482/4466/3449 4295/4470/3453 3483/4467/3450
f 3065/4465/3448 3483/4467/3450 4296/4468/3451
f 3480/4461/3444 3065/4465/3448 3484/4469/3452
f 4295/4470/3453 3485/4472/3455 2978/4471/3454
f 3485/4472/3455 4237/4294/3277 3398/4296/3279
f 2978/4471/3454 3398/4296/3279 4240/4301/3284
f 3483/4467/3450 2978/4471/3454 3486/4473/3456
f 4297/4474/3457 3487/4477/3460 3067/4475/3458
f 3487/4477/3460 4298/4487/3470 3489/4478/3461
f 3067/4475/3458 3489/4478/3461 4299/4479/3462
f 3488/4476/3459 3067/4475/3458 3490/4480/3463
f 4301/4482/3465 3491/4485/3468 3068/4483/3466
f 3491/4485/3468 4302/4494/3476 3493/4486/3469
f 3068/4483/3466 3493/4486/3469 4298/4487/3470
f 3492/4484/3467 3068/4483/3466 3487/4477/3460
f 4303/4488/3471 3494/4491/3474 3073/4489/3472
f 3494/4491/3474 4304/4502/3482 3496/4492/3475
f 3073/4493/3472 3496/6545/3475 4302/4494/3476
f 3495/4490/3473 3073/4489/3472 3491/4495/3468
f 4305/4497/3477 3497/4500/3480 3075/4498/3478
f 3497/4500/3480 4306/4690/3488 3499/4501/3481
f 3075/4498/3478 3499/4501/3481 4304/4502/3482
f 3498/4499/3479 3075/4498/3478 3494/4491/3474
f 4307/4503/3483 3500/4506/3486 3077/4504/3484
f 3500/4506/3486 4308/4516/3494 3502/4507/3487
f 3077/4504/3484 3502/4507/3487 4306/4508/3488
f 3501/4510/3485 3077/6546/3484 3497/4500/3480
f 4309/4511/3489 3503/4514/3492 3079/4512/3490
f 3503/4514/3492 4310/4522/3500 3505/4515/3493
f 3079/4512/3490 3505/4515/3493 4308/4516/3494
f 3504/4513/3491 3079/4512/3490 3500/4506/3486
f 4311/4517/3495 3506/4520/3498 3081/4518/3496
f 3506/4520/3498 4312/4528/3506 3508/4521/3499
f 3081/4518/3496 3508/4521/3499 4310/4522/3500
f 3507/4519/3497 3081/4518/3496 3503/4514/3492
f 4313/4523/3501 3509/4526/3504 3083/4524/3502
f 3509/4526/3504 4314/4534/3512 3511/4527/3505
f 3083/4524/3502 3511/4527/3505 4312/4528/3506
f 3510/4525/3503 3083/4524/3502 3506/4520/3498
f 4315/4529/3507 3512/4532/3510 3085/4530/3508
f 3512/4532/3510 4316/4540/3518 3514/4533/3511
f 3085/4530/3508 3514/4533/3511 4314/4534/3512
f 3513/4531/3509 3085/4530/3508 3509/4526/3504
f 4317/4535/3513 3515/4538/3516 3087/4536/3514
f 3515/4538/3516 4318/4547/3524 3517/4539/3517
f 3087/4536/3514 3517/4539/3517 4316/4540/3518
f 3516/4537/3515 3087/4536/3514 3512/4532/3510
f 4319/4541/3519 3518/4544/3522 3089/4542/3520
f 3518/4544/3522 4320/4555/3530 3520/4545/3523
f 3089/4546/3520 3520/6547/3523 4318/4547/3524
f 3519/4543/3521 3089/4542/3520 3515/4548/3516
f 4321/4550/3525 3521/4553/3528 3091/4551/3526
f 3521/4553/3528 4322/4561/3536 3523/4554/3529
f 3091/4551/3526 3523/4554/3529 4320/4555/3530
f 3522/4552/3527 3091/4551/3526 3518/4544/3522
f 4323/4556/3531 3524/4559/3534 3093/4557/3532
f 3524/4559/3534 4324/4568/3542 3526/4560/3535
f 3093/4557/3532 3526/4560/3535 4322/4561/3536
f 3525/4558/3533 3093/4557/3532 3521/4553/3528
f 4325/4562/3537 3527/4576/3540 3095/4563/3538
f 3527/4565/3540 4326/4575/3548 3529/4566/3541
f 3095/4563/3538 3529/4743/3541 4324/4568/3542
f 3528/4564/3539 3095/4563/3538 3524/4559/3534
f 4327/4569/3543 3530/4583/3546 3097/4570/3544
f 3530/4572/3546 4328/6548/3554 3532/4573/3547
f 3097/4574/3544 3532/4573/3547 4326/4575/3548
f 3531/4571/3545 3097/4570/3544 3527/4576/3540
f 4329/4577/3549 3533/4580/3552 3099/4578/3550
f 3533/4580/3552 4330/4589/3560 3535/4581/3553
f 3099/4578/3550 3535/4581/3553 4328/4582/3554
f 3534/4579/3551 3099/4578/3550 3530/4583/3546
f 4331/4584/3555 3536/4587/3558 3101/4585/3556
f 3536/4587/3558 4332/4595/3566 3538/4588/3559
f 3101/4585/3556 3538/4588/3559 4330/4589/3560
f 3537/4586/3557 3101/4585/3556 3533/4580/3552
f 4333/4590/3561 3539/4593/3564 3103/4591/3562
f 3539/4593/3564 4334/4601/3572 3541/4594/3565
f 3103/4591/3562 3541/4594/3565 4332/4595/3566
f 3540/4592/3563 3103/4591/3562 3536/4587/3558
f 4335/4596/3567 3542/4599/3570 3105/4597/3568
f 3542/4599/3570 4336/4607/3578 3544/4600/3571
f 3105/4597/3568 3544/4600/3571 4334/4601/3572
f 3543/4598/3569 3105/4597/3568 3539/4593/3564
f 4337/4602/3573 3545/4605/3576 3107/4603/3574
f 3545/4605/3576 4338/4613/3584 3547/4606/3577
f 3107/4603/3574 3547/4606/3577 4336/4607/3578
f 3546/4604/3575 3107/4603/3574 3542/4599/3570
f 4339/4608/3579 3548/4611/3582 3109/4609/3580
f 3548/4611/3582 4340/4619/3590 3550/4612/3583
f 3109/4609/3580 3550/4612/3583 4338/4613/3584
f 3549/4610/3581 3109/4609/3580 3545/4605/3576
f 4341/4614/3585 3551/4617/3588 3111/4615/3586
f 3551/4617/3588 4342/4625/3596 3553/4618/3589
f 3111/4615/3586 3553/4618/3589 4340/4619/3590
f 3552/4616/3587 3111/4615/3586 3548/4611/3582
f 4343/4620/3591 3554/4623/3594 3113/4621/3592
f 3554/4623/3594 4344/4631/3602 3556/4624/3595
f 3113/4621/3592 3556/4624/3595 4342/4625/3596
f 3555/4622/3593 3113/4621/3592 3551/4617/3588
f 4345/4626/3597 3557/4629/3600 3115/4627/3598
f 3557/4629/3600 4346/4637/3608 3559/4630/3601
f 3115/4627/3598 3559/4630/3601 4344/4631/3602
f 3558/4628/3599 3115/4627/3598 3554/4623/3594
f 4347/4632/3603 3560/4635/3606 3117/4633/3604
f 3560/4635/3606 4348/4643/3614 3562/4636/3607
f 3117/4633/3604 3562/4636/3607 4346/4637/3608
f 3561/4634/3605 3117/4633/3604 3557/4629/3600
f 4349/4638/3609 3563/4641/3612 3119/4639/3610
f 3563/4641/3612 4350/4649/3620 3565/4642/3613
f 3119/4639/3610 3565/4642/3613 4348/4643/3614
f 3564/4640/3611 3119/4639/3610 3560/4635/3606
f 4351/4644/3615 3566/4647/3618 3121/4645/3616
f 3566/4647/3618 4352/4655/3626 3568/4648/3619
f 3121/4645/3616 3568/4648/3619 4350/4649/3620
f 3567/4646/3617 3121/4645/3616 3563/4641/3612
f 4353/4650/3621 3569/4653/3624 3123/4651/3622
f 3569/4653/3624 4354/4662/3632 3571/4654/3625
f 3123/4651/3622 3571/4654/3625 4352/4655/3626
f 3570/4652/3623 3123/4651/3622 3566/4647/3618
f 4355/4656/3627 3572/6549/3630 3125/4657/3628
f 3572/4659/3630 4356/4666/3636 3574/4660/3631
f 3125/4657/3628 3574/4806/3631 4354/4662/3632
f 3573/4658/3629 3125/4657/3628 3569/4653/3624
f 4300/4481/3464 3490/4480/3463 3072/4663/3633
f 3490/4480/3463 4299/4479/3462 3576/4665/3635
f 3072/4663/3633 3576/4665/3635 4356/4666/3636
f 3575/4664/3634 3072/4663/3633 3572/4659/3630
f 4357/4668/3637 3577/4671/3640 3070/4669/3638
f 3577/4671/3640 4358/4808/3754 3579/4672/3641
f 3070/4669/3638 3579/4672/3641 4299/4673/3462
f 3578/4670/3639 3070/4669/3638 3489/4674/3461
f 4359/4676/3642 3580/4679/3645 3069/4677/3643
f 3580/4679/3645 4357/4668/3637 3578/4670/3639
f 3069/4677/3643 3578/4670/3639 4298/4675/3470
f 3581/4678/3644 3069/4677/3643 3493/4680/3469
f 4360/4682/3646 3582/4685/3649 3074/4683/3647
f 3582/4685/3649 4359/4676/3642 3581/4678/3644
f 3074/4683/3647 3581/4678/3644 4302/4681/3476
f 3583/4684/3648 3074/4683/3647 3496/4492/3475
f 4361/4686/3650 3584/4689/3653 3076/4687/3651
f 3584/4689/3653 4360/4682/3646 3583/4684/3648
f 3076/4687/3651 3583/4684/3648 4304/4502/3482
f 3585/4688/3652 3076/4687/3651 3499/4501/3481
f 4362/4691/3654 3586/4694/3657 3078/4692/3655
f 3586/4694/3657 4361/4686/3650 3585/4688/3652
f 3078/4692/3655 3585/4688/3652 4306/4690/3488
f 3587/4693/3656 3078/4692/3655 3502/4695/3487
f 4363/4697/3658 3588/4700/3661 3080/4698/3659
f 3588/4700/3661 4362/4691/3654 3587/4693/3656
f 3080/4698/3659 3587/4693/3656 4308/4696/3494
f 3589/4699/3660 3080/4698/3659 3505/4701/3493
f 4364/4703/3662 3590/4706/3665 3082/4704/3663
f 3590/4706/3665 4363/4697/3658 3589/4699/3660
f 3082/4704/3663 3589/4699/3660 4310/4702/3500
f 3591/4705/3664 3082/4704/3663 3508/4707/3499
f 4365/4709/3666 3592/4712/3669 3084/4710/3667
f 3592/4712/3669 4364/4703/3662 3591/4705/3664
f 3084/4710/3667 3591/4705/3664 4312/4708/3506
f 3593/4711/3668 3084/4710/3667 3511/4713/3505
f 4366/4715/3670 3594/4718/3673 3086/4716/3671
f 3594/4718/3673 4365/4709/3666 3593/4711/3668
f 3086/4716/3671 3593/4711/3668 4314/4714/3512
f 3595/4717/3672 3086/4716/3671 3514/4719/3511
f 4367/4721/3674 3596/4724/3677 3088/4722/3675
f 3596/4724/3677 4366/4715/3670 3595/4717/3672
f 3088/4722/3675 3595/4717/3672 4316/4720/3518
f 3597/4723/3676 3088/4722/3675 3517/4725/3517
f 4368/4727/3678 3598/4730/3681 3090/4728/3679
f 3598/4730/3681 4367/4721/3674 3597/4723/3676
f 3090/4728/3679 3597/4723/3676 4318/4726/3524
f 3599/4729/3680 3090/4728/3679 3520/4545/3523
f 4369/4731/3682 3600/4734/3685 3092/4732/3683
f 3600/4734/3685 4368/4727/3678 3599/4729/3680
f 3092/4732/3683 3599/4729/3680 4320/4555/3530
f 3601/4733/3684 3092/4732/3683 3523/4554/3529
f 4370/4735/3686 3602/4738/3689 3094/4736/3687
f 3602/4738/3689 4369/4731/3682 3601/4733/3684
f 3094/4736/3687 3601/4733/3684 4322/4561/3536
f 3603/4737/3688 3094/4736/3687 3526/4560/3535
f 4371/4739/3690 3604/4742/3693 3096/4740/3691
f 3604/4742/3693 4370/4735/3686 3603/4737/3688
f 3096/4740/3691 3603/4737/3688 4324/4568/3542
f 3605/4741/3692 3096/4740/3691 3529/4743/3541
f 4372/4745/3694 3606/4748/3697 3098/4746/3695
f 3606/4748/3697 4371/4739/3690 3605/4741/3692
f 3098/4746/3695 3605/4741/3692 4326/4744/3548
f 3607/4747/3696 3098/4746/3695 3532/4749/3547
f 4373/4750/3698 3608/4753/3701 3100/4751/3699
f 3608/4753/3701 4372/4745/3694 3607/4747/3696
f 3100/4751/3699 3607/4747/3696 4328/4582/3554
f 3609/4752/3700 3100/4751/3699 3535/4581/3553
f 4374/4754/3702 3610/4757/3705 3102/4755/3703
f 3610/4757/3705 4373/4750/3698 3609/4752/3700
f 3102/4755/3703 3609/4752/3700 4330/4589/3560
f 3611/4756/3704 3102/4755/3703 3538/4588/3559
f 4375/4758/3706 3612/4761/3709 3104/4759/3707
f 3612/4761/3709 4374/4754/3702 3611/4756/3704
f 3104/4759/3707 3611/4756/3704 4332/4595/3566
f 3613/4760/3708 3104/4759/3707 3541/4594/3565
f 4376/4762/3710 3614/4765/3713 3106/4763/3711
f 3614/4765/3713 4375/4758/3706 3613/4760/3708
f 3106/4763/3711 3613/4760/3708 4334/4601/3572
f 3615/4764/3712 3106/4763/3711 3544/4600/3571
f 4377/4766/3714 3616/4769/3717 3108/4767/3715
f 3616/4769/3717 4376/4762/3710 3615/4764/3712
f 3108/4767/3715 3615/4764/3712 4336/4607/3578
f 3617/4768/3716 3108/4767/3715 3547/4606/3577
f 4378/4770/3718 3618/4773/3721 3110/4771/3719
f 3618/4773/3721 4377/4766/3714 3617/4768/3716
f 3110/4771/3719 3617/4768/3716 4338/4613/3584
f 3619/4772/3720 3110/4771/3719 3550/4612/3583
f 4379/4774/3722 3620/4777/3725 3112/4775/3723
f 3620/4777/3725 4378/4770/3718 3619/4772/3720
f 3112/4775/3723 3619/4772/3720 4340/4619/3590
f 3621/4776/3724 3112/4775/3723 3553/4618/3589
f 4380/4778/3726 3622/4781/3729 3114/4779/3727
f 3622/4781/3729 4379/4774/3722 3621/4776/3724
f 3114/4779/3727 3621/4776/3724 4342/4625/3596
f 3623/4780/3728 3114/4779/3727 3556/4624/3595
f 4381/4782/3730 3624/4785/3733 3116/4783/3731
f 3624/4785/3733 4380/4778/3726 3623/4780/3728
f 3116/4783/3731 3623/4780/3728 4344/4631/3602
f 3625/4784/3732 3116/4783/3731 3559/4630/3601
f 4382/4786/3734 3626/4789/3737 3118/4787/3735
f 3626/4789/3737 4381/4782/3730 3625/4784/3732
f 3118/4787/3735 3625/4784/3732 4346/4637/3608
f 3627/4788/3736 3118/4787/3735 3562/4636/3607
f 4383/4790/3738 3628/4793/3741 3120/4791/3739
f 3628/4793/3741 4382/4786/3734 3627/4788/3736
f 3120/4791/3739 3627/4788/3736 4348/4643/3614
f 3629/4792/3740 3120/4791/3739 3565/4642/3613
f 4384/4794/3742 3630/4797/3745 3122/4795/3743
f 3630/4797/3745 4383/4790/3738 3629/4792/3740
f 3122/4795/3743 3629/4792/3740 4350/4649/3620
f 3631/4796/3744 3122/4795/3743 3568/4648/3619
f 4385/4798/3746 3632/4801/3749 3124/4799/3747
f 3632/4801/3749 4384/4794/3742 3631/4796/3744
f 3124/4799/3747 3631/4796/3744 4352/4655/3626
f 3633/4800/3748 3124/4799/3747 3571/4654/3625
f 4386/4802/3750 3634/4805/3753 3126/4803/3751
f 3634/4805/3753 4385/4798/3746 3633/4800/3748
f 3126/4803/3751 3633/4800/3748 4354/4662/3632
f 3635/4804/3752 3126/4803/3751 3574/4806/3631
f 4358/4808/3754 3636/4810/3756 3071/4809/3755
f 3636/4810/3756 4386/4802/3750 3635/4804/3752
f 3071/4809/3755 3635/4804/3752 4356/4807/3636
f 3579/4672/3641 3071/4809/3755 3576/4811/3635
f 4239/4299/3282 3637/4813/3758 2984/4812/3757
f 3637/4813/3758 4297/4820/3457 3488/4814/3459
f 2984/4812/3757 3488/4814/3459 4300/4815/3464
f 3400/4300/3283 2984/4812/3757 3638/4816/3759
f 4242/4306/3289 3639/4818/3761 2983/4817/3760
f 3639/4818/3761 4301/4496/3465 3492/4819/3467
f 2983/4817/3760 3492/4819/3467 4297/4820/3457
f 3403/4307/3290 2983/4817/3760 3637/4813/3758
f 4244/4312/3295 3640/4822/3763 2988/4821/3762
f 3640/4822/3763 4303/4488/3471 3495/4490/3473
f 2988/4821/3762 3495/4490/3473 4301/4496/3465
f 3406/4313/3296 2988/4821/3762 3639/4818/3761
f 4246/4318/3301 3641/4824/3765 2991/4823/3764
f 3641/4824/3765 4305/4497/3477 3498/4499/3479
f 2991/4823/3764 3498/4499/3479 4303/4488/3471
f 3409/4319/3302 2991/4823/3764 3640/4822/3763
f 4248/4324/3307 3642/4826/3767 2994/4825/3766
f 3642/4826/3767 4307/4830/3483 3501/4510/3485
f 2994/4825/3766 3501/4510/3485 4305/4497/3477
f 3412/4325/3308 2994/4825/3766 3641/4824/3765
f 4250/4330/3313 3643/4828/3769 2997/4827/3768
f 3643/4828/3769 4309/4834/3489 3504/4829/3491
f 2997/4827/3768 3504/4829/3491 4307/4830/3483
f 3415/4331/3314 2997/4827/3768 3642/4826/3767
f 4252/4336/3319 3644/4832/3771 3000/4831/3770
f 3644/4832/3771 4311/4838/3495 3507/4833/3497
f 3000/4831/3770 3507/4833/3497 4309/4834/3489
f 3418/4337/3320 3000/4831/3770 3643/4828/3769
f 4254/4342/3325 3645/4836/3773 3003/4835/3772
f 3645/4836/3773 4313/4842/3501 3510/4837/3503
f 3003/4835/3772 3510/4837/3503 4311/4838/3495
f 3421/4343/3326 3003/4835/3772 3644/4832/3771
f 4256/4348/3331 3646/4840/3775 3006/4839/3774
f 3646/4840/3775 4315/4846/3507 3513/4841/3509
f 3006/4839/3774 3513/4841/3509 4313/4842/3501
f 3424/4349/3332 3006/4839/3774 3645/4836/3773
f 4258/4354/3337 3647/4844/3777 3009/4843/3776
f 3647/4844/3777 4317/4549/3513 3516/4845/3515
f 3009/4843/3776 3516/4845/3515 4315/4846/3507
f 3427/4355/3338 3009/4843/3776 3646/4840/3775
f 4260/4360/3343 3648/4848/3779 3012/4847/3778
f 3648/4848/3779 4319/4541/3519 3519/4543/3521
f 3012/4847/3778 3519/4543/3521 4317/4549/3513
f 3430/4361/3344 3012/4847/3778 3647/4844/3777
f 4262/4366/3349 3649/4850/3781 3015/4849/3780
f 3649/4850/3781 4321/4550/3525 3522/4552/3527
f 3015/4849/3780 3522/4552/3527 4319/4541/3519
f 3433/4367/3350 3015/4849/3780 3648/4848/3779
f 4264/4372/3355 3650/4852/3783 3018/4851/3782
f 3650/4852/3783 4323/4556/3531 3525/4558/3533
f 3018/4851/3782 3525/4558/3533 4321/4550/3525
f 3436/4373/3356 3018/4851/3782 3649/4850/3781
f 4266/4378/3361 3651/4854/3785 3021/4853/3784
f 3651/4854/3785 4325/4562/3537 3528/4564/3539
f 3021/4853/3784 3528/4564/3539 4323/4556/3531
f 3439/4379/3362 3021/4853/3784 3650/4852/3783
f 4268/4384/3367 3652/4856/3787 3024/4855/3786
f 3652/4856/3787 4327/4569/3543 3531/4571/3545
f 3024/4855/3786 3531/4571/3545 4325/4562/3537
f 3442/4385/3368 3024/4855/3786 3651/4854/3785
f 4270/4390/3373 3653/4858/3789 3027/4857/3788
f 3653/4858/3789 4329/4577/3549 3534/4579/3551
f 3027/4857/3788 3534/4579/3551 4327/4569/3543
f 3445/4391/3374 3027/4857/3788 3652/4856/3787
f 4272/4396/3379 3654/4860/3791 3030/4859/3790
f 3654/4860/3791 4331/4584/3555 3537/4586/3557
f 3030/4859/3790 3537/4586/3557 4329/4577/3549
f 3448/4397/3380 3030/4859/3790 3653/4858/3789
f 4274/4402/3385 3655/4862/3793 3033/4861/3792
f 3655/4862/3793 4333/4590/3561 3540/4592/3563
f 3033/4861/3792 3540/4592/3563 4331/4584/3555
f 3451/4403/3386 3033/4861/3792 3654/4860/3791
f 4276/4408/3391 3656/4864/3795 3036/4863/3794
f 3656/4864/3795 4335/4596/3567 3543/4598/3569
f 3036/4863/3794 3543/4598/3569 4333/4590/3561
f 3454/4409/3392 3036/4863/3794 3655/4862/3793
f 4278/4414/3397 3657/4866/3797 3039/4865/3796
f 3657/4866/3797 4337/4602/3573 3546/4604/3575
f 3039/4865/3796 3546/4604/3575 4335/4596/3567
f 3457/4415/3398 3039/4865/3796 3656/4864/3795
f 4280/4420/3403 3658/4868/3799 3042/4867/3798
f 3658/4868/3799 4339/4608/3579 3549/4610/3581
f 3042/4867/3798 3549/4610/3581 4337/4602/3573
f 3460/4421/3404 3042/4867/3798 3657/4866/3797
f 4282/4426/3409 3659/4870/3801 3045/4869/3800
f 3659/4870/3801 4341/4614/3585 3552/4616/3587
f 3045/4869/3800 3552/4616/3587 4339/4608/3579
f 3463/4427/3410 3045/4869/3800 3658/4868/3799
f 4284/4432/3415 3660/4872/3803 3048/4871/3802
f 3660/4872/3803 4343/4620/3591 3555/4622/3593
f 3048/4871/3802 3555/4622/3593 4341/4614/3585
f 3466/4433/3416 3048/4871/3802 3659/4870/3801
f 4286/4438/3421 3661/4874/3805 3051/4873/3804
f 3661/4874/3805 4345/4626/3597 3558/4628/3599
f 3051/4873/3804 3558/4628/3599 4343/4620/3591
f 3469/4439/3422 3051/4873/3804 3660/4872/3803
f 4288/4444/3427 3662/4876/3807 3054/4875/3806
f 3662/4876/3807 4347/4632/3603 3561/4634/3605
f 3054/4875/3806 3561/4634/3605 4345/4626/3597
f 3472/4445/3428 3054/4875/3806 3661/4874/3805
f 4290/4450/3433 3663/4878/3809 3057/4877/3808
f 3663/4878/3809 4349/4638/3609 3564/4640/3611
f 3057/4877/3808 3564/4640/3611 4347/4632/3603
f 3475/4451/3434 3057/4877/3808 3662/4876/3807
f 4292/4456/3439 3664/4880/3811 3060/4879/3810
f 3664/4880/3811 4351/4644/3615 3567/4646/3617
f 3060/4879/3810 3567/4646/3617 4349/4638/3609
f 3478/4457/3440 3060/4879/3810 3663/4878/3809
f 4294/4462/3445 3665/4882/3813 3063/4881/3812
f 3665/4882/3813 4353/4650/3621 3570/4652/3623
f 3063/4881/3812 3570/4652/3623 4351/4644/3615
f 3481/4463/3446 3063/4881/3812 3664/4880/3811
f 4296/4468/3451 3666/4884/3815 3066/4883/3814
f 3666/4884/3815 4355/4656/3627 3573/4658/3629
f 3066/4883/3814 3573/4658/3629 4353/4650/3621
f 3484/4469/3452 3066/4883/3814 3665/4882/3813
f 4240/4301/3284 3638/4816/3759 2985/4885/3816
f 3638/4816/3759 4300/4815/3464 3575/4886/3634
f 2985/4885/3816 3575/4886/3634 4355/4656/3627
f 3486/4473/3456 2985/4885/3816 3666/4884/3815
f 4387/4887/3817 3667/4890/3820 3157/4888/3818
f 3667/4890/3820 4388/5066/3996 3669/4891/3821
f 3157/4888/3818 3669/4891/3821 4389/4892/3822
f 3668/4889/3819 3157/4888/3818 3670/4893/3823
f 4390/4894/3824 3670/4893/3823 3164/4895/3825
f 3670/4893/3823 4389/4892/3822 3672/4897/3827
f 3164/4895/3825 3672/4897/3827 4391/4898/3828
f 3671/4896/3826 3164/4895/3825 3673/4899/3829
f 4392/4900/3830 3673/4899/3829 3167/4901/3831
f 3673/4899/3829 4391/4898/3828 3675/4903/3833
f 3167/4901/3831 3675/4903/3833 4393/4904/3834
f 3674/4902/3832 3167/4901/3831 3676/4905/3835
f 4394/4906/3836 3676/4905/3835 3170/4907/3837
f 3676/4905/3835 4393/4904/3834 3678/4909/3839
f 3170/4907/3837 3678/4909/3839 4395/4910/3840
f 3677/4908/3838 3170/4907/3837 3679/4911/3841
f 4396/4912/3842 3679/4911/3841 3173/4913/3843
f 3679/4911/3841 4395/4910/3840 3681/4915/3845
f 3173/4913/3843 3681/4915/3845 4397/4916/3846
f 3680/4914/3844 3173/4913/3843 3682/4917/3847
f 4398/4918/3848 3682/4917/3847 3176/4919/3849
f 3682/4917/3847 4397/4916/3846 3684/4921/3851
f 3176/4919/3849 3684/4921/3851 4399/4922/3852
f 3683/4920/3850 3176/4919/3849 3685/4923/3853
f 4400/4924/3854 3685/4923/3853 3179/4925/3855
f 3685/4923/3853 4399/4922/3852 3687/4927/3857
f 3179/4925/3855 3687/4927/3857 4401/4928/3858
f 3686/4926/3856 3179/4925/3855 3688/4929/3859
f 4402/4930/3860 3688/4929/3859 3182/4931/3861
f 3688/4929/3859 4401/4928/3858 3690/4933/3863
f 3182/4931/3861 3690/4933/3863 4403/4934/3864
f 3689/4932/3862 3182/4931/3861 3691/4935/3865
f 4404/4936/3866 3691/4935/3865 3185/4937/3867
f 3691/4935/3865 4403/4934/3864 3693/4939/3869
f 3185/4937/3867 3693/4939/3869 4405/4940/3870
f 3692/4938/3868 3185/4937/3867 3694/4941/3871
f 4406/4942/3872 3694/4941/3871 3188/4943/3873
f 3694/4941/3871 4405/4940/3870 3696/4945/3875
f 3188/4943/3873 3696/4945/3875 4407/4946/3876
f 3695/4944/3874 3188/4943/3873 3697/4947/3877
f 4408/4948/3878 3697/4947/3877 3191/4949/3879
f 3697/4947/3877 4407/4946/3876 3699/4951/3881
f 3191/4949/3879 3699/4951/3881 4409/4952/3882
f 3698/4950/3880 3191/4949/3879 3700/4953/3883
f 4410/4954/3884 3700/4953/3883 3194/4955/3885
f 3700/4953/3883 4409/4952/3882 3702/4957/3887
f 3194/4955/3885 3702/4957/3887 4411/4958/3888
f 3701/4956/3886 3194/4955/3885 3703/4959/3889
f 4412/4960/3890 3703/4959/3889 3197/4961/3891
f 3703/4959/3889 4411/4958/3888 3705/4963/3893
f 3197/4961/3891 3705/4963/3893 4413/4964/3894
f 3704/4962/3892 3197/4961/3891 3706/4965/3895
f 4414/4966/3896 3706/4965/3895 3200/4967/3897
f 3706/4965/3895 4413/4964/3894 3708/4969/3899
f 3200/4967/3897 3708/4969/3899 4415/4970/3900
f 3707/4968/3898 3200/4967/3897 3709/4971/3901
f 4416/4972/3902 3709/4971/3901 3203/4973/3903
f 3709/4971/3901 4415/4970/3900 3711/4975/3905
f 3203/4973/3903 3711/4975/3905 4417/4976/3906
f 3710/4974/3904 3203/4973/3903 3712/4977/3907
f 4418/4978/3908 3712/4977/3907 3206/4979/3909
f 3712/4977/3907 4417/4976/3906 3714/4981/3911
f 3206/4979/3909 3714/4981/3911 4419/4982/3912
f 3713/4980/3910 3206/4979/3909 3715/4983/3913
f 4420/4984/3914 3715/4983/3913 3209/4985/3915
f 3715/4983/3913 4419/4982/3912 3717/4987/3917
f 3209/4985/3915 3717/4987/3917 4421/4988/3918
f 3716/4986/3916 3209/4985/3915 3718/4989/3919
f 4422/4990/3920 3718/4989/3919 3212/4991/3921
f 3718/4989/3919 4421/4988/3918 3720/4993/3923
f 3212/4991/3921 3720/4993/3923 4423/4994/3924
f 3719/4992/3922 3212/4991/3921 3721/4995/3925
f 4424/4996/3926 3721/4995/3925 3215/4997/3927
f 3721/4995/3925 4423/4994/3924 3723/4999/3929
f 3215/4997/3927 3723/4999/3929 4425/5000/3930
f 3722/4998/3928 3215/4997/3927 3724/5001/3931
f 4426/5002/3932 3724/5001/3931 3218/5003/3933
f 3724/5001/3931 4425/5000/3930 3726/5005/3935
f 3218/5003/3933 3726/5005/3935 4427/5006/3936
f 3725/5004/3934 3218/5003/3933 3727/5007/3937
f 4428/5008/3938 3727/5007/3937 3221/5009/3939
f 3727/5007/3937 4427/5006/3936 3729/5011/3941
f 3221/5009/3939 3729/5011/3941 4429/5012/3942
f 3728/5010/3940 3221/5009/3939 3730/5013/3943
f 4430/5014/3944 3730/5013/3943 3224/5015/3945
f 3730/5013/3943 4429/5012/3942 3732/5017/3947
f 3224/5015/3945 3732/5017/3947 4431/5018/3948
f 3731/5016/3946 3224/5015/3945 3733/5019/3949
f 4432/5020/3950 3733/5019/3949 3227/5021/3951
f 3733/5019/3949 4431/5018/3948 3735/5023/3953
f 3227/5021/3951 3735/5023/3953 4433/5024/3954
f 3734/5022/3952 3227/5021/3951 3736/5025/3955
f 4434/5026/3956 3736/5025/3955 3230/5027/3957
f 3736/5025/3955 4433/5024/3954 3738/5029/3959
f 3230/5027/3957 3738/5029/3959 4435/5030/3960
f 3737/5028/3958 3230/5027/3957 3739/5031/3961
f 4436/5032/3962 3739/5031/3961 3233/5033/3963
f 3739/5031/3961 4435/5030/3960 3741/5035/3965
f 3233/5033/3963 3741/5035/3965 4437/5036/3966
f 3740/5034/3964 3233/5033/3963 3742/5037/3967
f 4438/5038/3968 3742/5037/3967 3236/5039/3969
f 3742/5037/3967 4437/5036/3966 3744/5041/3971
f 3236/5039/3969 3744/5041/3971 4439/5042/3972
f 3743/5040/3970 3236/5039/3969 3745/5043/3973
f 4440/5044/3974 3745/5043/3973 3239/5045/3975
f 3745/5043/3973 4439/5042/3972 3747/5047/3977
f 3239/5045/3975 3747/5047/3977 4441/5048/3978
f 3746/5046/3976 3239/5045/3975 3748/5049/3979
f 4442/5050/3980 3748/5049/3979 3242/5051/3981
f 3748/5049/3979 4441/5048/3978 3750/5053/3983
f 3242/5051/3981 3750/5053/3983 4443/5054/3984
f 3749/5052/3982 3242/5051/3981 3751/5055/3985
f 4444/5056/3986 3751/5055/3985 3245/5057/3987
f 3751/5055/3985 4443/5054/3984 3753/5059/3989
f 3245/5057/3987 3753/5059/3989 4445/5060/3990
f 3752/5058/3988 3245/5057/3987 3754/5061/3991
f 4446/5062/3992 3754/5061/3991 3160/5063/3993
f 3754/5061/3991 4445/5060/3990 3756/5065/3995
f 3160/5063/3993 3756/5065/3995 4388/5066/3996
f 3755/5064/3994 3160/5063/3993 3667/4890/3820
f 4447/5067/3997 3757/5070/4000 3247/5068/3998
f 3757/5070/4000 4448/5075/4005 3759/5071/4001
f 3247/5068/3998 3759/5071/4001 4449/5072/4002
f 3758/5069/3999 3247/5068/3998 3760/5073/4003
f 4448/5075/4005 3761/5077/4007 3252/5076/4006
f 3761/5077/4007 4451/5081/4011 3762/5078/4008
f 3252/5076/4006 3762/5078/4008 4452/5079/4009
f 3759/5071/4001 3252/5076/4006 3763/5080/4010
f 4451/5081/4011 3764/6550/4013 3254/5082/4012
f 3764/5083/4013 4453/5090/4017 3765/5084/4014
f 3254/5085/4012 3765/5084/4014 4454/5086/4015
f 3762/5088/4008 3254/5085/4012 3766/5087/4016
f 4453/5090/4017 3767/5278/4019 3256/5091/4018
f 3767/5092/4019 4455/5097/4023 3768/5093/4020
f 3256/5091/4018 3768/6551/4020 4456/5095/4021
f 3765/5084/4014 3256/5091/4018 3769/5096/4022
f 4455/5097/4023 3770/5099/4025 3258/5098/4024
f 3770/5099/4025 4457/5104/4029 3771/5100/4026
f 3258/5098/4024 3771/5100/4026 4458/5101/4027
f 3768/5093/4020 3258/5098/4024 3772/5102/4028
f 4457/5104/4029 3773/5106/4031 3260/5105/4030
f 3773/5106/4031 4459/5110/4035 3774/5107/4032
f 3260/5105/4030 3774/5107/4032 4460/5108/4033
f 3771/5100/4026 3260/5105/4030 3775/5109/4034
f 4459/5110/4035 3776/5112/4037 3262/5111/4036
f 3776/5112/4037 4461/5116/4041 3777/5113/4038
f 3262/5111/4036 3777/5113/4038 4462/5114/4039
f 3774/5107/4032 3262/5111/4036 3778/5115/4040
f 4461/5116/4041 3779/5118/4043 3264/5117/4042
f 3779/5118/4043 4463/5122/4047 3780/5119/4044
f 3264/5117/4042 3780/5119/4044 4464/5120/4045
f 3777/5113/4038 3264/5117/4042 3781/5121/4046
f 4463/5122/4047 3782/5124/4049 3266/5123/4048
f 3782/5124/4049 4465/5128/4053 3783/5125/4050
f 3266/5123/4048 3783/5125/4050 4466/5126/4051
f 3780/5119/4044 3266/5123/4048 3784/5127/4052
f 4465/5128/4053 3785/5130/4055 3268/5129/4054
f 3785/5130/4055 4467/5134/4059 3786/5131/4056
f 3268/5129/4054 3786/5131/4056 4468/5132/4057
f 3783/5125/4050 3268/5129/4054 3787/5133/4058
f 4467/5134/4059 3788/5136/4061 3270/5135/4060
f 3788/5136/4061 4469/6552/4065 3789/5137/4062
f 3270/5135/4060 3789/5137/4062 4470/5138/4063
f 3786/5131/4056 3270/5135/4060 3790/5139/4064
f 4469/5140/4065 3791/5143/4067 3272/5141/4066
f 3791/5143/4067 4471/5148/4071 3792/5144/4068
f 3272/5141/4066 3792/5144/4068 4472/5145/4069
f 3789/5142/4062 3272/5141/4066 3793/5146/4070
f 4471/5148/4071 3794/5150/4073 3274/5149/4072
f 3794/5150/4073 4473/5154/4077 3795/5151/4074
f 3274/5149/4072 3795/5151/4074 4474/5152/4075
f 3792/5144/4068 3274/5149/4072 3796/5153/4076
f 4473/5154/4077 3797/5156/4079 3276/5155/4078
f 3797/5156/4079 4475/5336/4083 3798/5157/4080
f 3276/5155/4078 3798/5157/4080 4476/5158/4081
f 3795/5151/4074 3276/5155/4078 3799/5159/4082
f 4475/5160/4083 3800/5163/4085 3278/5161/4084
f 3800/5163/4085 4477/6553/4089 3801/5164/4086
f 3278/5165/4084 3801/5170/4086 4478/5166/4087
f 3798/5157/4080 3278/5165/4084 3802/5167/4088
f 4477/5168/4089 3803/5171/4091 3280/5169/4090
f 3803/5171/4091 4479/5175/4095 3804/5172/4092
f 3280/5169/4090 3804/5172/4092 4480/5173/4093
f 3801/5170/4086 3280/5169/4090 3805/5174/4094
f 4479/5175/4095 3806/5177/4097 3282/5176/4096
f 3806/5177/4097 4481/5181/4101 3807/5178/4098
f 3282/5176/4096 3807/5178/4098 4482/5179/4099
f 3804/5172/4092 3282/5176/4096 3808/5180/4100
f 4481/5181/4101 3809/5183/4103 3284/5182/4102
f 3809/5183/4103 4483/5187/4107 3810/5184/4104
f 3284/5182/4102 3810/5184/4104 4484/5185/4105
f 3807/5178/4098 3284/5182/4102 3811/5186/4106
f 4483/5187/4107 3812/5189/4109 3286/5188/4108
f 3812/5189/4109 4485/5193/4113 3813/5190/4110
f 3286/5188/4108 3813/5190/4110 4486/5191/4111
f 3810/5184/4104 3286/5188/4108 3814/5192/4112
f 4485/5193/4113 3815/5195/4115 3288/5194/4114
f 3815/5195/4115 4487/5199/4119 3816/5196/4116
f 3288/5194/4114 3816/5196/4116 4488/5197/4117
f 3813/5190/4110 3288/5194/4114 3817/5198/4118
f 4487/5199/4119 3818/5201/4121 3290/5200/4120
f 3818/5201/4121 4489/5205/4125 3819/5202/4122
f 3290/5200/4120 3819/5202/4122 4490/5203/4123
f 3816/5196/4116 3290/5200/4120 3820/5204/4124
f 4489/5205/4125 3821/5207/4127 3292/5206/4126
f 3821/5207/4127 4491/5211/4131 3822/5208/4128
f 3292/5206/4126 3822/5208/4128 4492/5209/4129
f 3819/5202/4122 3292/5206/4126 3823/5210/4130
f 4491/5211/4131 3824/5213/4133 3294/5212/4132
f 3824/5213/4133 4493/5217/4137 3825/5214/4134
f 3294/5212/4132 3825/5214/4134 4494/5215/4135
f 3822/5208/4128 3294/5212/4132 3826/5216/4136
f 4493/5217/4137 3827/5219/4139 3296/5218/4138
f 3827/5219/4139 4495/5223/4143 3828/5220/4140
f 3296/5218/4138 3828/5220/4140 4496/5221/4141
f 3825/5214/4134 3296/5218/4138 3829/5222/4142
f 4495/5223/4143 3830/5225/4145 3298/5224/4144
f 3830/5225/4145 4497/5229/4149 3831/5226/4146
f 3298/5224/4144 3831/5226/4146 4498/5227/4147
f 3828/5220/4140 3298/5224/4144 3832/5228/4148
f 4497/5229/4149 3833/5231/4151 3300/5230/4150
f 3833/5231/4151 4499/5235/4155 3834/5232/4152
f 3300/5230/4150 3834/5232/4152 4500/5233/4153
f 3831/5226/4146 3300/5230/4150 3835/5234/4154
f 4499/5235/4155 3836/5237/4157 3302/5236/4156
f 3836/5237/4157 4501/5241/4161 3837/5238/4158
f 3302/5236/4156 3837/5238/4158 4502/5239/4159
f 3834/5232/4152 3302/5236/4156 3838/5240/4160
f 4501/5241/4161 3839/5243/4163 3304/5242/4162
f 3839/5243/4163 4503/5394/4167 3840/5244/4164
f 3304/5242/4162 3840/5244/4164 4504/5245/4165
f 3837/5238/4158 3304/5242/4162 3841/5246/4166
f 4503/5247/4167 3842/5250/4169 3306/5248/4168
f 3842/5250/4169 4505/5255/4173 3843/5251/4170
f 3306/5248/4168 3843/5251/4170 4506/5252/4171
f 3840/5244/4164 3306/6554/4168 3844/5254/4172
f 4505/5255/4173 3845/5257/4175 3248/5256/4174
f 3845/5257/4175 4447/5067/3997 3758/5069/3999
f 3248/5256/4174 3758/5069/3999 4450/5074/4004
f 3843/5251/4170 3248/5256/4174 3846/5258/4176
f 4447/5259/3997 3847/5262/4178 3250/5260/4177
f 3847/5262/4178 4507/5404/4296 3848/5263/4179
f 3250/5260/4177 3848/5263/4179 4508/5264/4180
f 3757/5261/4000 3250/5260/4177 3849/5265/4181
f 4448/5266/4005 3849/5265/4181 3251/5267/4182
f 3849/5265/4181 4508/5264/4180 3850/5269/4183
f 3251/5267/4182 3850/5269/4183 4509/5270/4184
f 3761/5268/4007 3251/5267/4182 3851/5271/4185
f 4451/5272/4011 3851/5271/4185 3253/5273/4186
f 3851/5271/4185 4509/5270/4184 3852/5274/4187
f 3253/5273/4186 3852/5274/4187 4510/5275/4188
f 3764/5083/4013 3253/5273/4186 3853/5276/4189
f 4453/5090/4017 3853/5276/4189 3255/5277/4190
f 3853/5276/4189 4510/5275/4188 3854/5279/4191
f 3255/5277/4190 3854/5279/4191 4511/5280/4192
f 3767/5278/4019 3255/5277/4190 3855/5281/4193
f 4455/5282/4023 3855/5281/4193 3257/5283/4194
f 3855/5281/4193 4511/5280/4192 3856/5285/4195
f 3257/5283/4194 3856/5285/4195 4512/5286/4196
f 3770/5284/4025 3257/5283/4194 3857/5287/4197
f 4457/5288/4029 3857/5287/4197 3259/5289/4198
f 3857/5287/4197 4512/5286/4196 3858/5291/4199
f 3259/5289/4198 3858/5291/4199 4513/5292/4200
f 3773/5290/4031 3259/5289/4198 3859/5293/4201
f 4459/5294/4035 3859/5293/4201 3261/5295/4202
f 3859/5293/4201 4513/5292/4200 3860/5297/4203
f 3261/5295/4202 3860/5297/4203 4514/5298/4204
f 3776/5296/4037 3261/5295/4202 3861/5299/4205
f 4461/5300/4041 3861/5299/4205 3263/5301/4206
f 3861/5299/4205 4514/5298/4204 3862/5303/4207
f 3263/5301/4206 3862/5303/4207 4515/5304/4208
f 3779/5302/4043 3263/5301/4206 3863/5305/4209
f 4463/5306/4047 3863/5305/4209 3265/5307/4210
f 3863/5305/4209 4515/5304/4208 3864/5309/4211
f 3265/5307/4210 3864/5309/4211 4516/5310/4212
f 3782/5308/4049 3265/5307/4210 3865/5311/4213
f 4465/5312/4053 3865/5311/4213 3267/5313/4214
f 3865/5311/4213 4516/5310/4212 3866/5315/4215
f 3267/5313/4214 3866/5315/4215 4517/5316/4216
f 3785/5314/4055 3267/5313/4214 3867/5317/4217
f 4467/5318/4059 3867/5317/4217 3269/5319/4218
f 3867/5317/4217 4517/5316/4216 3868/5321/4219
f 3269/5319/4218 3868/5321/4219 4518/5322/4220
f 3788/5320/4061 3269/5319/4218 3869/5323/4221
f 4469/5140/4065 3869/5323/4221 3271/5324/4222
f 3869/5323/4221 4518/5322/4220 3870/5325/4223
f 3271/5324/4222 3870/5325/4223 4519/5326/4224
f 3791/5143/4067 3271/5324/4222 3871/5327/4225
f 4471/5148/4071 3871/5327/4225 3273/5328/4226
f 3871/5327/4225 4519/5326/4224 3872/5329/4227
f 3273/5328/4226 3872/5329/4227 4520/5330/4228
f 3794/5150/4073 3273/5328/4226 3873/5331/4229
f 4473/5154/4077 3873/5331/4229 3275/5332/4230
f 3873/5331/4229 4520/5330/4228 3874/5333/4231
f 3275/5332/4230 3874/5333/4231 4521/5334/4232
f 3797/5156/4079 3275/5332/4230 3875/5335/4233
f 4475/5336/4083 3875/5335/4233 3277/5337/4234
f 3875/5335/4233 4521/5334/4232 3876/5339/4235
f 3277/5337/4234 3876/5339/4235 4522/5340/4236
f 3800/5338/4085 3277/5337/4234 3877/5341/4237
f 4477/5168/4089 3877/5341/4237 3279/5342/4238
f 3877/5341/4237 4522/5340/4236 3878/5343/4239
f 3279/5342/4238 3878/5343/4239 4523/5344/4240
f 3803/5171/4091 3279/5342/4238 3879/5345/4241
f 4479/5175/4095 3879/5345/4241 3281/5346/4242
f 3879/5345/4241 4523/5344/4240 3880/5347/4243
f 3281/5346/4242 3880/5347/4243 4524/5348/4244
f 3806/5177/4097 3281/5346/4242 3881/5349/4245
f 4481/5181/4101 3881/5349/4245 3283/5350/4246
f 3881/5349/4245 4524/5348/4244 3882/5351/4247
f 3283/5350/4246 3882/5351/4247 4525/5352/4248
f 3809/5183/4103 3283/5350/4246 3883/5353/4249
f 4483/5187/4107 3883/5353/4249 3285/5354/4250
f 3883/5353/4249 4525/5352/4248 3884/5355/4251
f 3285/5354/4250 3884/5355/4251 4526/5356/4252
f 3812/5189/4109 3285/5354/4250 3885/5357/4253
f 4485/5193/4113 3885/5357/4253 3287/5358/4254
f 3885/5357/4253 4526/5356/4252 3886/5359/4255
f 3287/5358/4254 3886/5359/4255 4527/5360/4256
f 3815/5195/4115 3287/5358/4254 3887/5361/4257
f 4487/5199/4119 3887/5361/4257 3289/5362/4258
f 3887/5361/4257 4527/5360/4256 3888/5363/4259
f 3289/5362/4258 3888/5363/4259 4528/5364/4260
f 3818/5201/4121 3289/5362/4258 3889/5365/4261
f 4489/5205/4125 3889/5365/4261 3291/5366/4262
f 3889/5365/4261 4528/5364/4260 3890/5367/4263
f 3291/5366/4262 3890/5367/4263 4529/5368/4264
f 3821/5207/4127 3291/5366/4262 3891/5369/4265
f 4491/5211/4131 3891/5369/4265 3293/5370/4266
f 3891/5369/4265 4529/5368/4264 3892/5371/4267
f 3293/5370/4266 3892/5371/4267 4530/5372/4268
f 3824/5213/4133 3293/5370/4266 3893/5373/4269
f 4493/5217/4137 3893/5373/4269 3295/5374/4270
f 3893/5373/4269 4530/5372/4268 3894/5375/4271
f 3295/5374/4270 3894/5375/4271 4531/5376/4272
f 3827/5219/4139 3295/5374/4270 3895/5377/4273
f 4495/5223/4143 3895/5377/4273 3297/5378/4274
f 3895/5377/4273 4531/5376/4272 3896/5379/4275
f 3297/5378/4274 3896/5379/4275 4532/5380/4276
f 3830/5225/4145 3297/5378/4274 3897/5381/4277
f 4497/5229/4149 3897/5381/4277 3299/5382/4278
f 3897/5381/4277 4532/5380/4276 3898/5383/4279
f 3299/5382/4278 3898/5383/4279 4533/5384/4280
f 3833/5231/4151 3299/5382/4278 3899/5385/4281
f 4499/5235/4155 3899/5385/4281 3301/5386/4282
f 3899/5385/4281 4533/5384/4280 3900/5387/4283
f 3301/5386/4282 3900/5387/4283 4534/5388/4284
f 3836/5237/4157 3301/5386/4282 3901/5389/4285
f 4501/5241/4161 3901/5389/4285 3303/5390/4286
f 3901/5389/4285 4534/5388/4284 3902/5391/4287
f 3303/5390/4286 3902/5391/4287 4535/5392/4288
f 3839/5243/4163 3303/5390/4286 3903/5393/4289
f 4503/5394/4167 3903/5393/4289 3305/5395/4290
f 3903/5393/4289 4535/5392/4288 3904/5397/4291
f 3305/5395/4290 3904/5397/4291 4536/5398/4292
f 3842/5396/4169 3305/5395/4290 3905/5399/4293
f 4505/5400/4173 3905/5399/4293 3249/5401/4294
f 3905/5399/4293 4536/5398/4292 3906/5403/4295
f 3249/5401/4294 3906/5403/4295 4507/5404/4296
f 3845/5402/4175 3249/5401/4294 3847/5262/4178
f 4389/4892/3822 3669/4891/3821 3162/5405/4297
f 3669/4891/3821 4388/5066/3996 3908/5407/4299
f 3162/5405/4297 3908/5407/4299 4450/5408/4004
f 3907/5406/4298 3162/5405/4297 3760/5409/4003
f 4391/4898/3828 3672/4897/3827 3163/5411/4300
f 3672/4897/3827 4389/4892/3822 3907/5406/4298
f 3163/5411/4300 3907/5406/4298 4449/5410/4002
f 3909/5412/4301 3163/5411/4300 3763/5413/4010
f 4393/4904/3834 3675/4903/3833 3166/5414/4302
f 3675/4903/3833 4391/4898/3828 3909/5412/4301
f 3166/5414/4302 3909/5412/4301 4452/5089/4009
f 3910/5415/4303 3166/5414/4302 3766/5087/4016
f 4395/4910/3840 3678/4909/3839 3169/5416/4304
f 3678/4909/3839 4393/4904/3834 3910/5415/4303
f 3169/5416/4304 3910/5415/4303 4454/5086/4015
f 3911/5417/4305 3169/5416/4304 3769/5096/4022
f 4397/4916/3846 3681/4915/3845 3172/5418/4306
f 3681/4915/3845 4395/4910/3840 3911/5417/4305
f 3172/5418/4306 3911/5417/4305 4456/5095/4021
f 3912/5419/4307 3172/5418/4306 3772/5420/4028
f 4399/4922/3852 3684/4921/3851 3175/5422/4308
f 3684/4921/3851 4397/4916/3846 3912/5419/4307
f 3175/5422/4308 3912/5419/4307 4458/5421/4027
f 3913/5423/4309 3175/5422/4308 3775/5424/4034
f 4401/4928/3858 3687/4927/3857 3178/5426/4310
f 3687/4927/3857 4399/4922/3852 3913/5423/4309
f 3178/5426/4310 3913/5423/4309 4460/5425/4033
f 3914/5427/4311 3178/5426/4310 3778/5428/4040
f 4403/4934/3864 3690/4933/3863 3181/5430/4312
f 3690/4933/3863 4401/4928/3858 3914/5427/4311
f 3181/5430/4312 3914/5427/4311 4462/5429/4039
f 3915/5431/4313 3181/5430/4312 3781/5432/4046
f 4405/4940/3870 3693/4939/3869 3184/5434/4314
f 3693/4939/3869 4403/4934/3864 3915/5431/4313
f 3184/5434/4314 3915/5431/4313 4464/5433/4045
f 3916/5435/4315 3184/5434/4314 3784/5436/4052
f 4407/4946/3876 3696/4945/3875 3187/5438/4316
f 3696/4945/3875 4405/4940/3870 3916/5435/4315
f 3187/5438/4316 3916/5435/4315 4466/5437/4051
f 3917/5439/4317 3187/5438/4316 3787/5440/4058
f 4409/4952/3882 3699/4951/3881 3190/5442/4318
f 3699/4951/3881 4407/4946/3876 3917/5439/4317
f 3190/5442/4318 3917/5439/4317 4468/5441/4057
f 3918/5443/4319 3190/5442/4318 3790/5444/4064
f 4411/4958/3888 3702/4957/3887 3193/5445/4320
f 3702/4957/3887 4409/4952/3882 3918/5443/4319
f 3193/5445/4320 3918/5443/4319 4470/5147/4063
f 3919/5446/4321 3193/5445/4320 3793/5146/4070
f 4413/4964/3894 3705/4963/3893 3196/5447/4322
f 3705/4963/3893 4411/4958/3888 3919/5446/4321
f 3196/5447/4322 3919/5446/4321 4472/5145/4069
f 3920/5448/4323 3196/5447/4322 3796/5153/4076
f 4415/4970/3900 3708/4969/3899 3199/5449/4324
f 3708/4969/3899 4413/4964/3894 3920/5448/4323
f 3199/5449/4324 3920/5448/4323 4474/5152/4075
f 3921/5450/4325 3199/5449/4324 3799/5159/4082
f 4417/4976/3906 3711/4975/3905 3202/5451/4326
f 3711/4975/3905 4415/4970/3900 3921/5450/4325
f 3202/5451/4326 3921/5450/4325 4476/5158/4081
f 3922/5452/4327 3202/5451/4326 3802/5167/4088
f 4419/4982/3912 3714/4981/3911 3205/5453/4328
f 3714/4981/3911 4417/4976/3906 3922/5452/4327
f 3205/5453/4328 3922/5452/4327 4478/5166/4087
f 3923/5454/4329 3205/5453/4328 3805/5174/4094
f 4421/4988/3918 3717/4987/3917 3208/5455/4330
f 3717/4987/3917 4419/4982/3912 3923/5454/4329
f 3208/5455/4330 3923/5454/4329 4480/5173/4093
f 3924/5456/4331 3208/5455/4330 3808/5180/4100
f 4423/4994/3924 3720/4993/3923 3211/5457/4332
f 3720/4993/3923 4421/4988/3918 3924/5456/4331
f 3211/5457/4332 3924/5456/4331 4482/5179/4099
f 3925/5458/4333 3211/5457/4332 3811/5186/4106
f 4425/5000/3930 3723/4999/3929 3214/5459/4334
f 3723/4999/3929 4423/4994/3924 3925/5458/4333
f 3214/5459/4334 3925/5458/4333 4484/5185/4105
f 3926/5460/4335 3214/5459/4334 3814/5192/4112
f 4427/5006/3936 3726/5005/3935 3217/5461/4336
f 3726/5005/3935 4425/5000/3930 3926/5460/4335
f 3217/5461/4336 3926/5460/4335 4486/5191/4111
f 3927/5462/4337 3217/5461/4336 3817/5198/4118
f 4429/5012/3942 3729/5011/3941 3220/5463/4338
f 3729/5011/3941 4427/5006/3936 3927/5462/4337
f 3220/5463/4338 3927/5462/4337 4488/5197/4117
f 3928/5464/4339 3220/5463/4338 3820/5204/4124
f 4431/5018/3948 3732/5017/3947 3223/5465/4340
f 3732/5017/3947 4429/5012/3942 3928/5464/4339
f 3223/5465/4340 3928/5464/4339 4490/5203/4123
f 3929/5466/4341 3223/5465/4340 3823/5210/4130
f 4433/5024/3954 3735/5023/3953 3226/5467/4342
f 3735/5023/3953 4431/5018/3948 3929/5466/4341
f 3226/5467/4342 3929/5466/4341 4492/5209/4129
f 3930/5468/4343 3226/5467/4342 3826/5216/4136
f 4435/5030/3960 3738/5029/3959 3229/5469/4344
f 3738/5029/3959 4433/5024/3954 3930/5468/4343
f 3229/5469/4344 3930/5468/4343 4494/5215/4135
f 3931/5470/4345 3229/5469/4344 3829/5222/4142
f 4437/5036/3966 3741/5035/3965 3232/5471/4346
f 3741/5035/3965 4435/5030/3960 3931/5470/4345
f 3232/5471/4346 3931/5470/4345 4496/5221/4141
f 3932/5472/4347 3232/5471/4346 3832/5228/4148
f 4439/5042/3972 3744/5041/3971 3235/5473/4348
f 3744/5041/3971 4437/5036/3966 3932/5472/4347
f 3235/5473/4348 3932/5472/4347 4498/5227/4147
f 3933/5474/4349 3235/5473/4348 3835/5234/4154
f 4441/5048/3978 3747/5047/3977 3238/5475/4350
f 3747/5047/3977 4439/5042/3972 3933/5474/4349
f 3238/5475/4350 3933/5474/4349 4500/5233/4153
f 3934/5476/4351 3238/5475/4350 3838/5240/4160
f 4443/5054/3984 3750/5053/3983 3241/5477/4352
f 3750/5053/3983 4441/5048/3978 3934/5476/4351
f 3241/5477/4352 3934/5476/4351 4502/5239/4159
f 3935/5478/4353 3241/5477/4352 3841/5246/4166
f 4445/5060/3990 3753/5059/3989 3244/5479/4354
f 3753/5059/3989 4443/5054/3984 3935/5478/4353
f 3244/5479/4354 3935/5478/4353 4504/5245/4165
f 3936/5480/4355 3244/5479/4354 3844/5254/4172
f 4388/5066/3996 3756/5065/3995 3161/5482/4356
f 3756/5065/3995 4445/5060/3990 3936/5480/4355
f 3161/5482/4356 3936/5480/4355 4506/5481/4171
f 3908/5407/4299 3161/5482/4356 3846/5483/4176
f 4237/4294/3277 3937/5485/4358 2980/5484/4357
f 3937/5485/4358 4537/5603/4473 3938/5486/4359
f 2980/5484/4357 3938/5486/4359 4538/5487/4360
f 3397/4297/3280 2980/5484/4357 3939/5488/4361
f 4238/4302/3285 3939/5488/4361 2981/5489/557
f 3939/5488/4361 4538/5487/4360 3940/5490/4362
f 2981/5489/557 3940/5490/4362 4539/5491/4363
f 3401/4304/3287 2981/5489/557 3941/5492/4364
f 4241/4308/3291 3941/5492/4364 2986/5493/4365
f 3941/5492/4364 4539/5491/4363 3942/5494/4366
f 2986/5493/4365 3942/5494/4366 4540/5495/4367
f 3404/4310/3293 2986/5493/4365 3943/5496/4368
f 4243/4314/3297 3943/5496/4368 2989/5497/4369
f 3943/5496/4368 4540/5495/4367 3944/5498/4370
f 2989/5497/4369 3944/5498/4370 4541/5499/4371
f 3407/4316/3299 2989/5497/4369 3945/5500/4372
f 4245/4320/3303 3945/5500/4372 2992/5501/4373
f 3945/5500/4372 4541/5499/4371 3946/5502/4374
f 2992/5501/4373 3946/5502/4374 4542/5503/4375
f 3410/4322/3305 2992/5501/4373 3947/5504/4376
f 4247/4326/3309 3947/5504/4376 2995/5505/4377
f 3947/5504/4376 4542/5503/4375 3948/5506/4378
f 2995/5505/4377 3948/5506/4378 4543/5507/4379
f 3413/4328/3311 2995/5505/4377 3949/5508/4380
f 4249/4332/3315 3949/5508/4380 2998/5509/4381
f 3949/5508/4380 4543/5507/4379 3950/5510/4382
f 2998/5509/4381 3950/5510/4382 4544/5511/4383
f 3416/4334/3317 2998/5509/4381 3951/5512/4384
f 4251/4338/3321 3951/5512/4384 3001/5513/4385
f 3951/5512/4384 4544/5511/4383 3952/5514/4386
f 3001/5513/4385 3952/5514/4386 4545/5515/4387
f 3419/4340/3323 3001/5513/4385 3953/5516/4388
f 4253/4344/3327 3953/5516/4388 3004/5517/4389
f 3953/5516/4388 4545/5515/4387 3954/5518/4390
f 3004/5517/4389 3954/5518/4390 4546/5519/4391
f 3422/4346/3329 3004/5517/4389 3955/5520/4392
f 4255/4350/3333 3955/5520/4392 3007/5521/4393
f 3955/5520/4392 4546/5519/4391 3956/5522/4394
f 3007/5521/4393 3956/5522/4394 4547/5523/4395
f 3425/4352/3335 3007/5521/4393 3957/5524/4396
f 4257/4356/3339 3957/5524/4396 3010/5525/4397
f 3957/5524/4396 4547/5523/4395 3958/5526/4398
f 3010/5525/4397 3958/5526/4398 4548/5527/4399
f 3428/4358/3341 3010/5525/4397 3959/5528/4400
f 4259/4362/3345 3959/5528/4400 3013/5529/4401
f 3959/5528/4400 4548/5527/4399 3960/5530/4402
f 3013/5529/4401 3960/5530/4402 4549/5531/4403
f 3431/4364/3347 3013/5529/4401 3961/5532/4404
f 4261/4368/3351 3961/5532/4404 3016/5533/4405
f 3961/5532/4404 4549/5531/4403 3962/5534/4406
f 3016/5533/4405 3962/5534/4406 4550/5535/4407
f 3434/4370/3353 3016/5533/4405 3963/5536/4408
f 4263/4374/3357 3963/5536/4408 3019/5537/569
f 3963/5536/4408 4550/5535/4407 3964/5538/4409
f 3019/5537/569 3964/5538/4409 4551/5539/4410
f 3437/4376/3359 3019/5537/569 3965/5540/4411
f 4265/4380/3363 3965/5540/4411 3022/5541/4412
f 3965/5540/4411 4551/5539/4410 3966/5542/4413
f 3022/5541/4412 3966/5542/4413 4552/5543/4414
f 3440/4382/3365 3022/5541/4412 3967/5544/4415
f 4267/4386/3369 3967/5544/4415 3025/5545/4416
f 3967/5544/4415 4552/5543/4414 3968/5546/4417
f 3025/5545/4416 3968/5546/4417 4553/5547/4418
f 3443/4388/3371 3025/5545/4416 3969/5548/4419
f 4269/4392/3375 3969/5548/4419 3028/5549/4420
f 3969/5548/4419 4553/5547/4418 3970/5550/4421
f 3028/5549/4420 3970/5550/4421 4554/5551/4422
f 3446/4394/3377 3028/5549/4420 3971/5552/4423
f 4271/4398/3381 3971/5552/4423 3031/5553/4424
f 3971/5552/4423 4554/5551/4422 3972/5554/4425
f 3031/5553/4424 3972/5554/4425 4555/5555/4426
f 3449/4400/3383 3031/5553/4424 3973/5556/4427
f 4273/4404/3387 3973/5556/4427 3034/5557/4428
f 3973/5556/4427 4555/5555/4426 3974/5558/4429
f 3034/5557/4428 3974/5558/4429 4556/5559/4430
f 3452/4406/3389 3034/5557/4428 3975/5560/4431
f 4275/4410/3393 3975/5560/4431 3037/5561/4432
f 3975/5560/4431 4556/5559/4430 3976/5562/4433
f 3037/5561/4432 3976/5562/4433 4557/5563/4434
f 3455/4412/3395 3037/5561/4432 3977/5564/4435
f 4277/4416/3399 3977/5564/4435 3040/5565/4436
f 3977/5564/4435 4557/5563/4434 3978/5566/4437
f 3040/5565/4436 3978/5566/4437 4558/5567/4438
f 3458/4418/3401 3040/5565/4436 3979/5568/4439
f 4279/4422/3405 3979/5568/4439 3043/5569/4440
f 3979/5568/4439 4558/5567/4438 3980/5570/4441
f 3043/5569/4440 3980/5570/4441 4559/5571/4442
f 3461/4424/3407 3043/5569/4440 3981/5572/4443
f 4281/4428/3411 3981/5572/4443 3046/5573/4444
f 3981/5572/4443 4559/5571/4442 3982/5574/4445
f 3046/5573/4444 3982/5574/4445 4560/5575/4446
f 3464/4430/3413 3046/5573/4444 3983/5576/4447
f 4283/4434/3417 3983/5576/4447 3049/5577/4448
f 3983/5576/4447 4560/5575/4446 3984/5578/4449
f 3049/5577/4448 3984/5578/4449 4561/5579/4450
f 3467/4436/3419 3049/5577/4448 3985/5580/4451
f 4285/4440/3423 3985/5580/4451 3052/5581/4452
f 3985/5580/4451 4561/5579/4450 3986/5582/4453
f 3052/5581/4452 3986/5582/4453 4562/5583/4454
f 3470/4442/3425 3052/5581/4452 3987/5584/4455
f 4287/4446/3429 3987/5584/4455 3055/5585/4456
f 3987/5584/4455 4562/5583/4454 3988/5586/4457
f 3055/5585/4456 3988/5586/4457 4563/5587/4458
f 3473/4448/3431 3055/5585/4456 3989/5588/4459
f 4289/4452/3435 3989/5588/4459 3058/5589/4460
f 3989/5588/4459 4563/5587/4458 3990/5590/4461
f 3058/5589/4460 3990/5590/4461 4564/5591/4462
f 3476/4454/3437 3058/5589/4460 3991/5592/4463
f 4291/4458/3441 3991/5592/4463 3061/5593/4464
f 3991/5592/4463 4564/5591/4462 3992/5594/4465
f 3061/5593/4464 3992/5594/4465 4565/5595/4466
f 3479/4460/3443 3061/5593/4464 3993/5596/4467
f 4293/4464/3447 3993/5596/4467 3064/5597/584
f 3993/5596/4467 4565/5595/4466 3994/5598/4468
f 3064/5597/584 3994/5598/4468 4566/5599/4469
f 3482/4466/3449 3064/5597/584 3995/5600/4470
f 4295/4470/3453 3995/5600/4470 2979/5601/4471
f 3995/5600/4470 4566/5599/4469 3996/5602/4472
f 2979/5601/4471 3996/5602/4472 4537/5603/4473
f 3485/4472/3455 2979/5601/4471 3937/5485/4358
f 4357/4668/3637 3997/5616/4475 3128/5604/4474
f 3997/5605/4475 4567/5615/4482 3998/5606/4476
f 3128/5607/4474 3998/5606/4476 4568/5608/4477
f 3577/4671/3640 3128/5604/4474 3999/5610/4478
f 4359/4676/3642 4000/5622/4480 3127/5611/4479
f 4000/5612/4480 4569/5621/4486 4001/5613/4481
f 3127/5614/4479 4001/5613/4481 4567/5615/4482
f 3580/4679/3645 3127/5611/4479 3997/5616/4475
f 4360/4682/3646 4002/5618/4484 3130/5617/4483
f 4002/5618/4484 4570/5626/4490 4003/5619/4485
f 3130/5620/4483 4003/6146/4485 4569/5621/4486
f 3582/4685/3649 3130/5617/4483 4000/5622/4480
f 4361/4686/3650 4004/5624/4488 3131/5623/4487
f 4004/5624/4488 4571/6555/4494 4005/5625/4489
f 3131/5623/4487 4005/5625/4489 4570/5626/4490
f 3584/4689/3653 3131/5623/4487 4002/5618/4484
f 4362/4691/3654 4006/5638/4492 3132/5627/4491
f 4006/5628/4492 4572/5637/4498 4007/5629/4493
f 3132/5630/4491 4007/5629/4493 4571/5631/4494
f 3586/4694/3657 3132/5627/4491 4004/5624/4488
f 4363/4697/3658 4008/5644/4496 3133/5633/4495
f 4008/5634/4496 4573/5643/4502 4009/5635/4497
f 3133/5636/4495 4009/5635/4497 4572/5637/4498
f 3588/4700/3661 3133/5633/4495 4006/5638/4492
f 4364/4703/3662 4010/5650/4500 3134/5639/4499
f 4010/5640/4500 4574/5649/4506 4011/5641/4501
f 3134/5642/4499 4011/5641/4501 4573/5643/4502
f 3590/4706/3665 3134/5639/4499 4008/5644/4496
f 4365/4709/3666 4012/5656/4504 3135/5645/4503
f 4012/5646/4504 4575/5655/4510 4013/5647/4505
f 3135/5648/4503 4013/5647/4505 4574/5649/4506
f 3592/4712/3669 3135/5645/4503 4010/5650/4500
f 4366/4715/3670 4014/5662/4508 3136/5651/4507
f 4014/5652/4508 4576/5661/4514 4015/5653/4509
f 3136/5654/4507 4015/5653/4509 4575/5655/4510
f 3594/4718/3673 3136/5651/4507 4012/5656/4504
f 4367/4721/3674 4016/5668/4512 3137/5657/4511
f 4016/5658/4512 4577/5667/4518 4017/5659/4513
f 3137/5660/4511 4017/5659/4513 4576/5661/4514
f 3596/4724/3677 3137/5657/4511 4014/5662/4508
f 4368/4727/3678 4018/5664/4516 3138/5663/4515
f 4018/5664/4516 4578/5672/4522 4019/5665/4517
f 3138/5666/4515 4019/6018/4517 4577/5667/4518
f 3598/4730/3681 3138/5663/4515 4016/5668/4512
f 4369/4731/3682 4020/5670/4520 3139/5669/4519
f 4020/5670/4520 4579/5676/4526 4021/5671/4521
f 3139/5669/4519 4021/5671/4521 4578/5672/4522
f 3600/4734/3685 3139/5669/4519 4018/5664/4516
f 4370/4735/3686 4022/5674/4524 3140/5673/4523
f 4022/5674/4524 4580/5681/4530 4023/5675/4525
f 3140/5673/4523 4023/5675/4525 4579/5676/4526
f 3602/4738/3689 3140/5673/4523 4020/5670/4520
f 4371/4739/3690 4024/5687/4528 3141/5677/4527
f 4024/5678/4528 4581/5686/4534 4025/5679/4529
f 3141/5677/4527 4025/6556/4529 4580/5681/4530
f 3604/4742/3693 3141/5677/4527 4022/5674/4524
f 4372/4745/3694 4026/5692/4532 3142/5682/4531
f 4026/5683/4532 4582/6045/4538 4027/5684/4533
f 3142/5685/4531 4027/5684/4533 4581/5686/4534
f 3606/4748/3697 3142/5682/4531 4024/5687/4528
f 4373/4750/3698 4028/5689/4536 3143/5688/4535
f 4028/5689/4536 4583/5696/4542 4029/5690/4537
f 3143/5688/4535 4029/5690/4537 4582/5691/4538
f 3608/4753/3701 3143/5688/4535 4026/5692/4532
f 4374/4754/3702 4030/5694/4540 3144/5693/4539
f 4030/5694/4540 4584/5700/4546 4031/5695/4541
f 3144/5693/4539 4031/5695/4541 4583/5696/4542
f 3610/4757/3705 3144/5693/4539 4028/5689/4536
f 4375/4758/3706 4032/5698/4544 3145/5697/4543
f 4032/5698/4544 4585/5704/4550 4033/5699/4545
f 3145/5697/4543 4033/5699/4545 4584/5700/4546
f 3612/4761/3709 3145/5697/4543 4030/5694/4540
f 4376/4762/3710 4034/5702/4548 3146/5701/4547
f 4034/5702/4548 4586/5708/4554 4035/5703/4549
f 3146/5701/4547 4035/5703/4549 4585/5704/4550
f 3614/4765/3713 3146/5701/4547 4032/5698/4544
f 4377/4766/3714 4036/5706/4552 3147/5705/4551
f 4036/5706/4552 4587/5712/4558 4037/5707/4553
f 3147/5705/4551 4037/5707/4553 4586/5708/4554
f 3616/4769/3717 3147/5705/4551 4034/5702/4548
f 4378/4770/3718 4038/5710/4556 3148/5709/4555
f 4038/5710/4556 4588/5716/4562 4039/5711/4557
f 3148/5709/4555 4039/5711/4557 4587/5712/4558
f 3618/4773/3721 3148/5709/4555 4036/5706/4552
f 4379/4774/3722 4040/5714/4560 3149/5713/4559
f 4040/5714/4560 4589/5720/4566 4041/5715/4561
f 3149/5713/4559 4041/5715/4561 4588/5716/4562
f 3620/4777/3725 3149/5713/4559 4038/5710/4556
f 4380/4778/3726 4042/5718/4564 3150/5717/4563
f 4042/5718/4564 4590/5724/4570 4043/5719/4565
f 3150/5717/4563 4043/5719/4565 4589/5720/4566
f 3622/4781/3729 3150/5717/4563 4040/5714/4560
f 4381/4782/3730 4044/5722/4568 3151/5721/4567
f 4044/5722/4568 4591/5728/4574 4045/5723/4569
f 3151/5721/4567 4045/5723/4569 4590/5724/4570
f 3624/4785/3733 3151/5721/4567 4042/5718/4564
f 4382/4786/3734 4046/5726/4572 3152/5725/4571
f 4046/5726/4572 4592/5732/4578 4047/5727/4573
f 3152/5725/4571 4047/5727/4573 4591/5728/4574
f 3626/4789/3737 3152/5725/4571 4044/5722/4568
f 4383/4790/3738 4048/5730/4576 3153/5729/4575
f 4048/5730/4576 4593/5736/4582 4049/5731/4577
f 3153/5729/4575 4049/5731/4577 4592/5732/4578
f 3628/4793/3741 3153/5729/4575 4046/5726/4572
f 4384/4794/3742 4050/5734/4580 3154/5733/4579
f 4050/5734/4580 4594/5740/4586 4051/5735/4581
f 3154/5733/4579 4051/5735/4581 4593/5736/4582
f 3630/4797/3745 3154/5733/4579 4048/5730/4576
f 4385/4798/3746 4052/5738/4584 3155/5737/4583
f 4052/5738/4584 4595/5745/4590 4053/5739/4585
f 3155/5737/4583 4053/5739/4585 4594/5740/4586
f 3632/4801/3749 3155/5737/4583 4050/5734/4580
f 4386/4802/3750 4054/5750/4588 3156/5741/4587
f 4054/5742/4588 4596/5749/4593 4055/5743/4589
f 3156/5741/4587 4055/6557/4589 4595/5745/4590
f 3634/4805/3753 3156/5741/4587 4052/5738/4584
f 4358/4808/3754 3999/5610/4478 3129/5746/4591
f 3999/5609/4478 4568/5608/4477 4056/5747/4592
f 3129/5748/4591 4056/5747/4592 4596/5749/4593
f 3636/4810/3756 3129/5746/4591 4054/5750/4588
f 4390/4894/3824 4057/5752/4595 3158/5751/4594
f 4057/5752/4595 4597/5759/4602 4058/5753/4596
f 3158/5751/4594 4058/5753/4596 4598/5754/4597
f 3668/4889/3819 3158/5751/4594 4059/5755/4598
f 4392/4900/3830 4060/5757/4600 3165/5756/4599
f 4060/5757/4600 4599/5763/4606 4061/5758/4601
f 3165/5756/4599 4061/5758/4601 4597/5759/4602
f 3671/4896/3826 3165/5756/4599 4057/5752/4595
f 4394/4906/3836 4062/5761/4604 3168/5760/4603
f 4062/5761/4604 4600/5767/4610 4063/5762/4605
f 3168/5760/4603 4063/5762/4605 4599/5763/4606
f 3674/4902/3832 3168/5760/4603 4060/5757/4600
f 4396/4912/3842 4064/5765/4608 3171/5764/4607
f 4064/5765/4608 4601/5771/4614 4065/5766/4609
f 3171/5764/4607 4065/5766/4609 4600/5767/4610
f 3677/4908/3838 3171/5764/4607 4062/5761/4604
f 4398/4918/3848 4066/5769/4612 3174/5768/4611
f 4066/5769/4612 4602/5775/4618 4067/5770/4613
f 3174/5768/4611 4067/5770/4613 4601/5771/4614
f 3680/4914/3844 3174/5768/4611 4064/5765/4608
f 4400/4924/3854 4068/5773/4616 3177/5772/4615
f 4068/5773/4616 4603/5779/4622 4069/5774/4617
f 3177/5772/4615 4069/5774/4617 4602/5775/4618
f 3683/4920/3850 3177/5772/4615 4066/5769/4612
f 4402/4930/3860 4070/5777/4620 3180/5776/4619
f 4070/5777/4620 4604/5783/4626 4071/5778/4621
f 3180/5776/4619 4071/5778/4621 4603/5779/4622
f 3686/4926/3856 3180/5776/4619 4068/5773/4616
f 4404/4936/3866 4072/5781/4624 3183/5780/4623
f 4072/5781/4624 4605/5787/4630 4073/5782/4625
f 3183/5780/4623 4073/5782/4625 4604/5783/4626
f 3689/4932/3862 3183/5780/4623 4070/5777/4620
f 4406/4942/3872 4074/5785/4628 3186/5784/4627
f 4074/5785/4628 4606/5791/4634 4075/5786/4629
f 3186/5784/4627 4075/5786/4629 4605/5787/4630
f 3692/4938/3868 3186/5784/4627 4072/5781/4624
f 4408/4948/3878 4076/5789/4632 3189/5788/4631
f 4076/5789/4632 4607/5795/4638 4077/5790/4633
f 3189/5788/4631 4077/5790/4633 4606/5791/4634
f 3695/4944/3874 3189/5788/4631 4074/5785/4628
f 4410/4954/3884 4078/5793/4636 3192/5792/4635
f 4078/5793/4636 4608/5799/4642 4079/5794/4637
f 3192/5792/4635 4079/5794/4637 4607/5795/4638
f 3698/4950/3880 3192/5792/4635 4076/5789/4632
f 4412/4960/3890 4080/5797/4640 3195/5796/4639
f 4080/5797/4640 4609/5803/4646 4081/5798/4641
f 3195/5796/4639 4081/5798/4641 4608/5799/4642
f 3701/4956/3886 3195/5796/4639 4078/5793/4636
f 4414/4966/3896 4082/5801/4644 3198/5800/4643
f 4082/5801/4644 4610/5807/4650 4083/5802/4645
f 3198/5800/4643 4083/5802/4645 4609/5803/4646
f 3704/4962/3892 3198/5800/4643 4080/5797/4640
f 4416/4972/3902 4084/5805/4648 3201/5804/4647
f 4084/5805/4648 4611/5811/4654 4085/5806/4649
f 3201/5804/4647 4085/5806/4649 4610/5807/4650
f 3707/4968/3898 3201/5804/4647 4082/5801/4644
f 4418/4978/3908 4086/5809/4652 3204/5808/4651
f 4086/5809/4652 4612/5815/4658 4087/5810/4653
f 3204/5808/4651 4087/5810/4653 4611/5811/4654
f 3710/4974/3904 3204/5808/4651 4084/5805/4648
f 4420/4984/3914 4088/5813/4656 3207/5812/4655
f 4088/5813/4656 4613/5819/4662 4089/5814/4657
f 3207/5812/4655 4089/5814/4657 4612/5815/4658
f 3713/4980/3910 3207/5812/4655 4086/5809/4652
f 4422/4990/3920 4090/5817/4660 3210/5816/4659
f 4090/5817/4660 4614/5823/4666 4091/5818/4661
f 3210/5816/4659 4091/5818/4661 4613/5819/4662
f 3716/4986/3916 3210/5816/4659 4088/5813/4656
f 4424/4996/3926 4092/5821/4664 3213/5820/4663
f 4092/5821/4664 4615/5827/4670 4093/5822/4665
f 3213/5820/4663 4093/5822/4665 4614/5823/4666
f 3719/4992/3922 3213/5820/4663 4090/5817/4660
f 4426/5002/3932 4094/5825/4668 3216/5824/4667
f 4094/5825/4668 4616/5831/4674 4095/5826/4669
f 3216/5824/4667 4095/5826/4669 4615/5827/4670
f 3722/4998/3928 3216/5824/4667 4092/5821/4664
f 4428/5008/3938 4096/5829/4672 3219/5828/4671
f 4096/5829/4672 4617/5835/4678 4097/5830/4673
f 3219/5828/4671 4097/5830/4673 4616/5831/4674
f 3725/5004/3934 3219/5828/4671 4094/5825/4668
f 4430/5014/3944 4098/5833/4676 3222/5832/4675
f 4098/5833/4676 4618/5839/4682 4099/5834/4677
f 3222/5832/4675 4099/5834/4677 4617/5835/4678
f 3728/5010/3940 3222/5832/4675 4096/5829/4672
f 4432/5020/3950 4100/5837/4680 3225/5836/4679
f 4100/5837/4680 4619/5843/4686 4101/5838/4681
f 3225/5836/4679 4101/5838/4681 4618/5839/4682
f 3731/5016/3946 3225/5836/4679 4098/5833/4676
f 4434/5026/3956 4102/5841/4684 3228/5840/4683
f 4102/5841/4684 4620/5847/4690 4103/5842/4685
f 3228/5840/4683 4103/5842/4685 4619/5843/4686
f 3734/5022/3952 3228/5840/4683 4100/5837/4680
f 4436/5032/3962 4104/5845/4688 3231/5844/4687
f 4104/5845/4688 4621/5851/4694 4105/5846/4689
f 3231/5844/4687 4105/5846/4689 4620/5847/4690
f 3737/5028/3958 3231/5844/4687 4102/5841/4684
f 4438/5038/3968 4106/5849/4692 3234/5848/4691
f 4106/5849/4692 4622/5855/4698 4107/5850/4693
f 3234/5848/4691 4107/5850/4693 4621/5851/4694
f 3740/5034/3964 3234/5848/4691 4104/5845/4688
f 4440/5044/3974 4108/5853/4696 3237/5852/4695
f 4108/5853/4696 4623/5859/4702 4109/5854/4697
f 3237/5852/4695 4109/5854/4697 4622/5855/4698
f 3743/5040/3970 3237/5852/4695 4106/5849/4692
f 4442/5050/3980 4110/5857/4700 3240/5856/4699
f 4110/5857/4700 4624/5863/4706 4111/5858/4701
f 3240/5856/4699 4111/5858/4701 4623/5859/4702
f 3746/5046/3976 3240/5856/4699 4108/5853/4696
f 4444/5056/3986 4112/5861/4704 3243/5860/4703
f 4112/5861/4704 4625/5867/4710 4113/5862/4705
f 3243/5860/4703 4113/5862/4705 4624/5863/4706
f 3749/5052/3982 3243/5860/4703 4110/5857/4700
f 4446/5062/3992 4114/5865/4708 3246/5864/4707
f 4114/5865/4708 4626/5870/4713 4115/5866/4709
f 3246/5864/4707 4115/5866/4709 4625/5867/4710
f 3752/5058/3988 3246/5864/4707 4112/5861/4704
f 4387/4887/3817 4059/5755/4598 3159/5868/4711
f 4059/5755/4598 4598/5754/4597 4116/5869/4712
f 3159/5868/4711 4116/5869/4712 4626/5870/4713
f 3755/5064/3994 3159/5868/4711 4114/5865/4708
f 4507/5404/4296 4117/5872/4715 3308/5871/4714
f 4117/5872/4715 4627/5990/4833 4118/5873/4716
f 3308/5871/4714 4118/5873/4716 4628/5874/4717
f 3848/5263/4179 3308/5871/4714 4119/5875/4718
f 4508/5264/4180 4119/5875/4718 3309/5876/4719
f 4119/5875/4718 4628/5874/4717 4120/5877/4720
f 3309/5876/4719 4120/5877/4720 4629/5878/4721
f 3850/5269/4183 3309/5876/4719 4121/5879/4722
f 4509/5270/4184 4121/5879/4722 3310/5880/4723
f 4121/5879/4722 4629/5878/4721 4122/5881/4724
f 3310/5880/4723 4122/5881/4724 4630/5882/4725
f 3852/5274/4187 3310/5880/4723 4123/5883/4726
f 4510/5275/4188 4123/5883/4726 3311/5884/4727
f 4123/5883/4726 4630/5882/4725 4124/5885/4728
f 3311/5884/4727 4124/5885/4728 4631/5886/4729
f 3854/5279/4191 3311/5884/4727 4125/5887/4730
f 4511/5280/4192 4125/5887/4730 3312/5888/4731
f 4125/5887/4730 4631/5886/4729 4126/5889/4732
f 3312/5888/4731 4126/5889/4732 4632/5890/4733
f 3856/5285/4195 3312/5888/4731 4127/5891/4734
f 4512/5286/4196 4127/5891/4734 3313/5892/4735
f 4127/5891/4734 4632/5890/4733 4128/5893/4736
f 3313/5892/4735 4128/5893/4736 4633/5894/4737
f 3858/5291/4199 3313/5892/4735 4129/5895/4738
f 4513/5292/4200 4129/5895/4738 3314/5896/4739
f 4129/5895/4738 4633/5894/4737 4130/5897/4740
f 3314/5896/4739 4130/5897/4740 4634/5898/4741
f 3860/5297/4203 3314/5896/4739 4131/5899/4742
f 4514/5298/4204 4131/5899/4742 3315/5900/4743
f 4131/5899/4742 4634/5898/4741 4132/5901/4744
f 3315/5900/4743 4132/5901/4744 4635/5902/4745
f 3862/5303/4207 3315/5900/4743 4133/5903/4746
f 4515/5304/4208 4133/5903/4746 3316/5904/4747
f 4133/5903/4746 4635/5902/4745 4134/5905/4748
f 3316/5904/4747 4134/5905/4748 4636/5906/4749
f 3864/5309/4211 3316/5904/4747 4135/5907/4750
f 4516/5310/4212 4135/5907/4750 3317/5908/4751
f 4135/5907/4750 4636/5906/4749 4136/5909/4752
f 3317/5908/4751 4136/5909/4752 4637/5910/4753
f 3866/5315/4215 3317/5908/4751 4137/5911/4754
f 4517/5316/4216 4137/5911/4754 3318/5912/4755
f 4137/5911/4754 4637/5910/4753 4138/5913/4756
f 3318/5912/4755 4138/5913/4756 4638/5914/4757
f 3868/5321/4219 3318/5912/4755 4139/5915/4758
f 4518/5322/4220 4139/5915/4758 3319/5916/4759
f 4139/5915/4758 4638/5914/4757 4140/5917/4760
f 3319/5916/4759 4140/5917/4760 4639/5918/4761
f 3870/5325/4223 3319/5916/4759 4141/5919/4762
f 4519/5326/4224 4141/5919/4762 3320/5920/4763
f 4141/5919/4762 4639/5918/4761 4142/5921/4764
f 3320/5920/4763 4142/5921/4764 4640/5922/4765
f 3872/5329/4227 3320/5920/4763 4143/5923/4766
f 4520/5330/4228 4143/5923/4766 3321/5924/4767
f 4143/5923/4766 4640/5922/4765 4144/5925/4768
f 3321/5924/4767 4144/5925/4768 4641/5926/4769
f 3874/5333/4231 3321/5924/4767 4145/5927/4770
f 4521/5334/4232 4145/5927/4770 3322/5928/4771
f 4145/5927/4770 4641/5926/4769 4146/5929/4772
f 3322/5928/4771 4146/5929/4772 4642/5930/4773
f 3876/5339/4235 3322/5928/4771 4147/5931/4774
f 4522/5340/4236 4147/5931/4774 3323/5932/4775
f 4147/5931/4774 4642/5930/4773 4148/5933/4776
f 3323/5932/4775 4148/5933/4776 4643/5934/4777
f 3878/5343/4239 3323/5932/4775 4149/5935/4778
f 4523/5344/4240 4149/5935/4778 3324/5936/4779
f 4149/5935/4778 4643/5934/4777 4150/5937/4780
f 3324/5936/4779 4150/5937/4780 4644/5938/4781
f 3880/5347/4243 3324/5936/4779 4151/5939/4782
f 4524/5348/4244 4151/5939/4782 3325/5940/4783
f 4151/5939/4782 4644/5938/4781 4152/5941/4784
f 3325/5940/4783 4152/5941/4784 4645/5942/4785
f 3882/5351/4247 3325/5940/4783 4153/5943/4786
f 4525/5352/4248 4153/5943/4786 3326/5944/4787
f 4153/5943/4786 4645/5942/4785 4154/5945/4788
f 3326/5944/4787 4154/5945/4788 4646/5946/4789
f 3884/5355/4251 3326/5944/4787 4155/5947/4790
f 4526/5356/4252 4155/5947/4790 3327/5948/4791
f 4155/5947/4790 4646/5946/4789 4156/5949/4792
f 3327/5948/4791 4156/5949/4792 4647/5950/4793
f 3886/5359/4255 3327/5948/4791 4157/5951/4794
f 4527/5360/4256 4157/5951/4794 3328/5952/4795
f 4157/5951/4794 4647/5950/4793 4158/5953/4796
f 3328/5952/4795 4158/5953/4796 4648/5954/4797
f 3888/5363/4259 3328/5952/4795 4159/5955/4798
f 4528/5364/4260 4159/5955/4798 3329/5956/4799
f 4159/5955/4798 4648/5954/4797 4160/5957/4800
f 3329/5956/4799 4160/5957/4800 4649/5958/4801
f 3890/5367/4263 3329/5956/4799 4161/5959/4802
f 4529/5368/4264 4161/5959/4802 3330/5960/4803
f 4161/5959/4802 4649/5958/4801 4162/5961/4804
f 3330/5960/4803 4162/5961/4804 4650/5962/4805
f 3892/5371/4267 3330/5960/4803 4163/5963/4806
f 4530/5372/4268 4163/5963/4806 3331/5964/4807
f 4163/5963/4806 4650/5962/4805 4164/5965/4808
f 3331/5964/4807 4164/5965/4808 4651/5966/4809
f 3894/5375/4271 3331/5964/4807 4165/5967/4810
f 4531/5376/4272 4165/5967/4810 3332/5968/4811
f 4165/5967/4810 4651/5966/4809 4166/5969/4812
f 3332/5968/4811 4166/5969/4812 4652/5970/4813
f 3896/5379/4275 3332/5968/4811 4167/5971/4814
f 4532/5380/4276 4167/5971/4814 3333/5972/4815
f 4167/5971/4814 4652/5970/4813 4168/5973/4816
f 3333/5972/4815 4168/5973/4816 4653/5974/4817
f 3898/5383/4279 3333/5972/4815 4169/5975/4818
f 4533/5384/4280 4169/5975/4818 3334/5976/4819
f 4169/5975/4818 4653/5974/4817 4170/5977/4820
f 3334/5976/4819 4170/5977/4820 4654/5978/4821
f 3900/5387/4283 3334/5976/4819 4171/5979/4822
f 4534/5388/4284 4171/5979/4822 3335/5980/4823
f 4171/5979/4822 4654/5978/4821 4172/5981/4824
f 3335/5980/4823 4172/5981/4824 4655/5982/4825
f 3902/5391/4287 3335/5980/4823 4173/5983/4826
f 4535/5392/4288 4173/5983/4826 3336/5984/4827
f 4173/5983/4826 4655/5982/4825 4174/5985/4828
f 3336/5984/4827 4174/5985/4828 4656/5986/4829
f 3904/5397/4291 3336/5984/4827 4175/5987/4830
f 4536/5398/4292 4175/5987/4830 3307/5988/4831
f 4175/5987/4830 4656/5986/4829 4176/5989/4832
f 3307/5988/4831 4176/5989/4832 4627/5990/4833
f 3906/5403/4295 3307/5988/4831 4117/5872/4715
f 4571/5631/4494 4007/5629/4493 3372/5991/4834
f 4007/5629/4493 4572/5637/4498 4178/5993/4836
f 3372/5991/4834 4178/5993/4836 4632/5994/4837
f 4177/5992/4835 3372/5991/4834 4126/5995/4838
f 4572/5637/4498 4009/5635/4497 3373/5997/4840
f 4009/5635/4497 4573/5643/4502 4179/5998/4841
f 3373/5997/4840 4179/5998/4841 4633/5999/4842
f 4178/5993/4836 3373/5997/4840 4128/6000/4843
f 4573/5643/4502 4011/5641/4501 3374/6001/4844
f 4011/5641/4501 4574/5649/4506 4180/6002/4845
f 3374/6001/4844 4180/6002/4845 4634/6003/4846
f 4179/5998/4841 3374/6001/4844 4130/6004/4847
f 4574/5649/4506 4013/5647/4505 3375/6005/4848
f 4013/5647/4505 4575/5655/4510 4181/6006/4849
f 3375/6005/4848 4181/6006/4849 4635/6007/4850
f 4180/6002/4845 3375/6005/4848 4132/6008/4851
f 4575/5655/4510 4015/5653/4509 3376/6009/4852
f 4015/5653/4509 4576/5661/4514 4182/6010/4853
f 3376/6009/4852 4182/6010/4853 4636/6011/4854
f 4181/6006/4849 3376/6009/4852 4134/6012/4855
f 4576/5661/4514 4017/5659/4513 3377/6013/4856
f 4017/5659/4513 4577/5667/4518 4183/6014/4857
f 3377/6013/4856 4183/6014/4857 4637/6015/4858
f 4182/6010/4853 3377/6013/4856 4136/6016/4859
f 4577/5667/4518 4019/6018/4517 3378/6017/4860
f 4019/6018/4517 4578/6558/4522 4184/6019/4861
f 3378/6017/4860 4184/6019/4861 4638/6020/4862
f 4183/6014/4857 3378/6017/4860 4138/6021/4863
f 4578/6022/4522 4021/6025/4521 3379/6023/4864
f 4021/6025/4521 4579/6030/4526 4185/6026/4865
f 3379/6023/4864 4185/6026/4865 4639/6027/4866
f 4184/6024/4861 3379/6023/4864 4140/6028/4867
f 4579/6030/4526 4023/6032/4525 3380/6031/4868
f 4023/6032/4525 4580/6036/4530 4186/6033/4869
f 3380/6031/4868 4186/6033/4869 4640/6034/4870
f 4185/6026/4865 3380/6031/4868 4142/6035/4871
f 4580/6036/4530 4025/5679/4529 3381/6037/4872
f 4025/5679/4529 4581/5686/4534 4187/6038/4873
f 3381/6037/4872 4187/6038/4873 4641/6039/4874
f 4186/6033/4869 3381/6037/4872 4144/6040/4875
f 4581/5686/4534 4027/5684/4533 3382/6041/4876
f 4027/5684/4533 4582/6045/4538 4188/6042/4877
f 3382/6041/4876 4188/6042/4877 4642/6043/4878
f 4187/6038/4873 3382/6041/4876 4146/6044/4879
f 4582/6045/4538 4029/6047/4537 3383/6046/4880
f 4029/6047/4537 4583/6051/4542 4189/6048/4881
f 3383/6046/4880 4189/6048/4881 4643/6049/4882
f 4188/6042/4877 3383/6046/4880 4148/6050/4883
f 4583/6051/4542 4031/6053/4541 3384/6052/4884
f 4031/6053/4541 4584/6057/4546 4190/6054/4885
f 3384/6052/4884 4190/6054/4885 4644/6055/4886
f 4189/6048/4881 3384/6052/4884 4150/6056/4887
f 4584/6057/4546 4033/6059/4545 3385/6058/4888
f 4033/6059/4545 4585/6063/4550 4191/6060/4889
f 3385/6058/4888 4191/6060/4889 4645/6061/4890
f 4190/6054/4885 3385/6058/4888 4152/6062/4891
f 4585/6063/4550 4035/6065/4549 3386/6064/4892
f 4035/6065/4549 4586/6559/4554 4192/6066/4893
f 3386/6067/4892 4192/6073/4893 4646/6068/4894
f 4191/6060/4889 3386/6064/4892 4154/6070/4895
f 4586/6071/4554 4037/6074/4553 3387/6072/4896
f 4037/6074/4553 4587/6078/4558 4193/6075/4897
f 3387/6072/4896 4193/6075/4897 4647/6076/4898
f 4192/6073/4893 3387/6072/4896 4156/6077/4899
f 4587/6078/4558 4039/6080/4557 3388/6079/4900
f 4039/6080/4557 4588/6084/4562 4194/6081/4901
f 3388/6079/4900 4194/6081/4901 4648/6082/4902
f 4193/6075/4897 3388/6079/4900 4158/6083/4903
f 4588/6084/4562 4041/6086/4561 3389/6085/4904
f 4041/6086/4561 4589/6090/4566 4195/6087/4905
f 3389/6085/4904 4195/6087/4905 4649/6088/4906
f 4194/6081/4901 3389/6085/4904 4160/6089/4907
f 4589/6090/4566 4043/6092/4565 3390/6091/4908
f 4043/6092/4565 4590/6096/4570 4196/6093/4909
f 3390/6091/4908 4196/6093/4909 4650/6094/4910
f 4195/6087/4905 3390/6091/4908 4162/6095/4911
f 4590/6096/4570 4045/6098/4569 3391/6097/4912
f 4045/6098/4569 4591/6102/4574 4197/6099/4913
f 3391/6097/4912 4197/6099/4913 4651/6100/4914
f 4196/6093/4909 3391/6097/4912 4164/6101/4915
f 4591/6102/4574 4047/6104/4573 3392/6103/4916
f 4047/6104/4573 4592/6108/4578 4198/6105/4917
f 3392/6103/4916 4198/6105/4917 4652/6106/4918
f 4197/6099/4913 3392/6103/4916 4166/6107/4919
f 4592/6108/4578 4049/6110/4577 3393/6109/4920
f 4049/6110/4577 4593/6560/4582 4199/6111/4921
f 3393/6109/4920 4199/6111/4921 4653/6112/4922
f 4198/6105/4917 3393/6109/4920 4168/6113/4923
f 4593/6114/4582 4051/6117/4581 3394/6115/4924
f 4051/6117/4581 4594/6122/4586 4200/6118/4925
f 3394/6115/4924 4200/6118/4925 4654/6119/4926
f 4199/6111/4921 3394/6561/4924 4170/6121/4927
f 4594/6122/4586 4053/6124/4585 3395/6123/4928
f 4053/6124/4585 4595/6128/4590 4201/6125/4929
f 3395/6123/4928 4201/6125/4929 4655/6126/4930
f 4200/6118/4925 3395/6123/4928 4172/6127/4931
f 4595/6128/4590 4055/5743/4589 3396/6129/4932
f 4055/5743/4589 4596/5749/4593 4202/6130/4933
f 3396/6129/4932 4202/6130/4933 4656/6131/4934
f 4201/6125/4929 3396/6129/4932 4174/6132/4935
f 4596/5749/4593 4056/5747/4592 3369/6133/4936
f 4056/5747/4592 4568/5608/4477 4203/6134/4937
f 3369/6133/4936 4203/6134/4937 4627/6135/4938
f 4202/6130/4933 3369/6133/4936 4176/6136/4939
f 4568/5608/4477 3998/5606/4476 3368/6137/4940
f 3998/5606/4476 4567/5615/4482 4204/6138/4941
f 3368/6137/4940 4204/6138/4941 4628/6139/4942
f 4203/6134/4937 3368/6137/4940 4118/6140/4943
f 4567/5615/4482 4001/5613/4481 3367/6141/4944
f 4001/5613/4481 4569/5621/4486 4205/6142/4945
f 3367/6141/4944 4205/6142/4945 4629/6143/4946
f 4204/6138/4941 3367/6141/4944 4120/6144/4947
f 4569/5621/4486 4003/6146/4485 3370/6145/4948
f 4003/6146/4485 4570/6150/4490 4206/6147/4949
f 3370/6145/4948 4206/6147/4949 4630/6148/4950
f 4205/6142/4945 3370/6145/4948 4122/6149/4951
f 4570/6150/4490 4005/6562/4489 3371/6151/4952
f 4005/6152/4489 4571/5631/4494 4177/5992/4835
f 3371/6153/4952 4177/5992/4835 4631/5996/4839
f 4206/6147/4949 3371/6151/4952 4124/6155/4953
f 4543/6156/4954 3948/6159/4955 3343/6157/4900
f 3948/6159/4955 4542/6164/4959 4208/6160/4897
f 3343/6157/4900 4208/6160/4897 4602/6161/4956
f 4207/6158/4901 3343/6157/4900 4069/6162/4957
f 4542/6164/4959 3946/6166/4960 3342/6165/4896
f 3946/6166/4960 4541/6563/4964 4209/6167/4961
f 3342/6165/4896 4209/6167/4961 4601/6168/4962
f 4208/6160/4897 3342/6165/4896 4067/6169/4963
f 4541/6170/4964 3944/6173/4965 3341/6171/4892
f 3944/6173/4965 4540/6178/4968 4210/6174/4889
f 3341/6171/4892 4210/6174/4889 4600/6175/4966
f 4209/6167/4961 3341/6564/4892 4065/6177/4967
f 4540/6178/4968 3942/6180/4969 3340/6179/4888
f 3942/6180/4969 4539/6184/4972 4211/6181/4885
f 3340/6179/4888 4211/6181/4885 4599/6182/4970
f 4210/6174/4889 3340/6179/4888 4063/6183/4971
f 4539/6184/4972 3940/6186/4973 3339/6185/4884
f 3940/6186/4973 4538/6190/4976 4212/6187/4881
f 3339/6185/4884 4212/6187/4881 4597/6188/4974
f 4211/6181/4885 3339/6185/4884 4061/6189/4975
f 4538/6190/4976 3938/6192/4978 3338/6191/4977
f 3938/6192/4978 4537/6196/4981 4213/6193/4877
f 3338/6191/4977 4213/6193/4877 4598/6194/4979
f 4212/6187/4881 3338/6191/4977 4058/6195/4980
f 4537/6196/4981 3996/6198/4983 3337/6197/4982
f 3996/6198/4983 4566/6202/4986 4214/6199/4873
f 3337/6197/4982 4214/6199/4873 4626/6200/4984
f 4213/6193/4877 3337/6197/4982 4116/6201/4985
f 4566/6202/4986 3994/6204/4987 3366/6203/4872
f 3994/6204/4987 4565/6208/4990 4215/6205/4869
f 3366/6203/4872 4215/6205/4869 4625/6206/4988
f 4214/6199/4873 3366/6203/4872 4115/6207/4989
f 4565/6208/4990 3992/6210/4991 3365/6209/4868
f 3992/6210/4991 4564/6214/4994 4216/6211/4865
f 3365/6209/4868 4216/6211/4865 4624/6212/4992
f 4215/6205/4869 3365/6209/4868 4113/6213/4993
f 4564/6214/4994 3990/6216/4995 3364/6215/4864
f 3990/6216/4995 4563/6565/4999 4217/6217/4996
f 3364/6215/4864 4217/6217/4996 4623/6218/4997
f 4216/6211/4865 3364/6215/4864 4111/6219/4998
f 4563/6220/4999 3988/6223/5000 3363/6221/4860
f 3988/6223/5000 4562/6228/5003 4218/6224/4857
f 3363/6221/4860 4218/6224/4857 4622/6225/5001
f 4217/6222/4996 3363/6221/4860 4109/6226/5002
f 4562/6228/5003 3986/6230/5004 3362/6229/4856
f 3986/6230/5004 4561/6234/5007 4219/6231/4853
f 3362/6229/4856 4219/6231/4853 4621/6232/5005
f 4218/6224/4857 3362/6229/4856 4107/6233/5006
f 4561/6234/5007 3984/6236/5008 3361/6235/4852
f 3984/6236/5008 4560/6240/5011 4220/6237/4849
f 3361/6235/4852 4220/6237/4849 4620/6238/5009
f 4219/6231/4853 3361/6235/4852 4105/6239/5010
f 4560/6240/5011 3982/6242/5012 3360/6241/4848
f 3982/6242/5012 4559/6246/5015 4221/6243/4845
f 3360/6241/4848 4221/6243/4845 4619/6244/5013
f 4220/6237/4849 3360/6241/4848 4103/6245/5014
f 4559/6246/5015 3980/6248/5016 3359/6247/4844
f 3980/6248/5016 4558/6252/5020 4222/6249/5017
f 3359/6247/4844 4222/6249/5017 4618/6250/5018
f 4221/6243/4845 3359/6247/4844 4101/6251/5019
f 4558/6252/5020 3978/6254/5021 3358/6253/4840
f 3978/6254/5021 4557/6258/5024 4223/6255/4836
f 3358/6253/4840 4223/6255/4836 4617/6256/5022
f 4222/6249/5017 3358/6253/4840 4099/6257/5023
f 4557/6258/5024 3976/6260/5025 3357/6259/4834
f 3976/6260/5025 4556/6264/5028 4224/6261/4835
f 3357/6259/4834 4224/6261/4835 4616/6262/5026
f 4223/6255/4836 3357/6259/4834 4097/6263/5027
f 4556/6264/5028 3974/6566/5030 3356/6265/5029
f 3974/6266/5030 4555/6272/5033 4225/6267/4949
f 3356/6268/5029 4225/6267/4949 4615/6269/5031
f 4224/6261/4835 3356/6265/5029 4095/6271/5032
f 4555/6272/5033 3972/6274/5035 3355/6273/5034
f 3972/6274/5035 4554/6278/5038 4226/6275/4945
f 3355/6273/5034 4226/6275/4945 4614/6276/5036
f 4225/6267/4949 3355/6273/5034 4093/6277/5037
f 4554/6278/5038 3970/6280/5039 3354/6279/4944
f 3970/6280/5039 4553/6284/5043 4227/6281/5040
f 3354/6279/4944 4227/6281/5040 4613/6282/5041
f 4226/6275/4945 3354/6279/4944 4091/6283/5042
f 4553/6284/5043 3968/6286/5045 3353/6285/5044
f 3968/6286/5045 4552/6290/5048 4228/6287/4937
f 3353/6285/5044 4228/6287/4937 4612/6288/5046
f 4227/6281/5040 3353/6285/5044 4089/6289/5047
f 4552/6290/5048 3966/6292/5049 3352/6291/4936
f 3966/6292/5049 4551/6296/5053 4229/6293/5050
f 3352/6291/4936 4229/6293/5050 4611/6294/5051
f 4228/6287/4937 3352/6291/4936 4087/6295/5052
f 4551/6296/5053 3964/6298/5054 3351/6297/4932
f 3964/6298/5054 4550/6302/5058 4230/6299/5055
f 3351/6297/4932 4230/6299/5055 4610/6300/5056
f 4229/6293/5050 3351/6297/4932 4085/6301/5057
f 4550/6302/5058 3962/6304/5059 3350/6303/4928
f 3962/6304/5059 4549/6308/5062 4231/6305/4925
f 3350/6303/4928 4231/6305/4925 4609/6306/5060
f 4230/6299/5055 3350/6303/4928 4083/6307/5061
f 4549/6308/5062 3960/6310/5064 3349/6309/5063
f 3960/6310/5064 4548/6567/5068 4232/6311/5065
f 3349/6312/5063 4232/6318/5065 4608/6313/5066
f 4231/6305/4925 3349/6309/5063 4081/6315/5067
f 4548/6316/5068 3958/6319/5069 3348/6317/4920
f 3958/6319/5069 4547/6323/5073 4233/6320/5070
f 3348/6317/4920 4233/6320/5070 4607/6321/5071
f 4232/6318/5065 3348/6317/4920 4079/6322/5072
f 4547/6323/5073 3956/6325/5075 3347/6324/5074
f 3956/6325/5075 4546/6329/5079 4234/6326/5076
f 3347/6324/5074 4234/6326/5076 4606/6327/5077
f 4233/6320/5070 3347/6324/5074 4077/6328/5078
f 4546/6329/5079 3954/6331/5080 3346/6330/4912
f 3954/6331/5080 4545/6335/5084 4235/6332/5081
f 3346/6330/4912 4235/6332/5081 4605/6333/5082
f 4234/6326/5076 3346/6330/4912 4075/6334/5083
f 4545/6335/5084 3952/6337/5086 3345/6336/5085
f 3952/6337/5086 4544/6341/5089 4236/6338/4905
f 3345/6336/5085 4236/6338/4905 4604/6339/5087
f 4235/6332/5081 3345/6336/5085 4073/6340/5088
f 4544/6341/5089 3950/6343/5091 3344/6342/5090
f 3950/6343/5091 4543/6156/4954 4207/6158/4901
f 3344/6342/5090 4207/6158/4901 4603/6163/4958
f 4236/6338/4905 3344/6342/5090 4071/6344/5092