# Blender 4.0.0
# www.blender.org
o Juice001_Clear
v -0.03104400 0.00321500 0.06908400
v -0.02987200 0.00921200 0.06908400
v -0.03000800 0.00925200 0.10620300
v -0.03118500 0.00322800 0.10620300
v -0.02417500 0.01995800 0.06908400
v -0.02428500 0.02004700 0.10620300
v -0.02767800 0.01493200 0.10620300
v -0.02755300 0.01486600 0.06908400
v -0.01986900 0.02429300 0.06908400
v -0.01995900 0.02440300 0.10620300
v -0.01480000 0.02770500 0.06908400
v -0.01486700 0.02783000 0.10620300
v -0.00916200 0.03006300 0.06908400
v -0.00920300 0.03019800 0.10620300
v -0.00317300 0.03127600 0.06908400
v -0.00318700 0.03141600 0.10620300
v 0.00293800 0.03129600 0.06908400
v 0.00295200 0.03143700 0.10620300
v 0.00893500 0.03012500 0.06908400
v 0.00897600 0.03026000 0.10620300
v 0.01458900 0.02780500 0.06908400
v 0.01465500 0.02793000 0.10620300
v 0.01968100 0.02442800 0.06908400
v 0.01977000 0.02453700 0.10620300
v 0.02401700 0.02012100 0.06908400
v 0.02412600 0.02021100 0.10620300
v 0.02742900 0.01505200 0.06908400
v 0.02755300 0.01511900 0.10620300
v 0.02978700 0.00941400 0.06908400
v 0.02992200 0.00945500 0.10620300
v 0.03099900 0.00342500 0.06908400
v 0.03114000 0.00344000 0.10620300
v 0.03102000 -0.00268600 0.06908400
v 0.03116100 -0.00269900 0.10620300
v 0.02984800 -0.00868300 0.06908400
v 0.02998400 -0.00872300 0.10620300
v 0.02752900 -0.01433700 0.06908400
v 0.02765400 -0.01440300 0.10620300
v 0.02415100 -0.01942900 0.06908400
v 0.02426100 -0.01951800 0.10620300
v 0.01984500 -0.02376500 0.06908400
v 0.01993500 -0.02387400 0.10620300
v 0.01477600 -0.02717700 0.06908400
v 0.01484300 -0.02730100 0.10620300
v 0.00913800 -0.02953500 0.06908400
v 0.00917900 -0.02967000 0.10620300
v 0.00314900 -0.03074700 0.06908400
v 0.00316300 -0.03088700 0.10620300
v -0.00296300 -0.03076800 0.06908400
v -0.00297600 -0.03090800 0.10620300
v -0.00895900 -0.02959600 0.06908400
v -0.00900000 -0.02973100 0.10620300
v -0.01461300 -0.02727700 0.06908400
v -0.01468000 -0.02740100 0.10620300
v -0.01970500 -0.02389900 0.06908400
v -0.01979500 -0.02400900 0.10620300
v -0.02404100 -0.01959200 0.06908400
v -0.02415000 -0.01968200 0.10620300
v -0.02745300 -0.01452300 0.06908400
v -0.02757800 -0.01459000 0.10620300
v -0.02981100 -0.00888500 0.06908400
v -0.02994600 -0.00892700 0.10620300
v -0.03102300 -0.00289700 0.06908400
v -0.03116400 -0.00291100 0.10620300
v -0.03066700 -0.00286000 0.10953400
v -0.03068800 0.00318100 0.10953400
v -0.02946900 -0.00878000 0.10953400
v -0.02713800 -0.01435400 0.10953400
v -0.02376500 -0.01936400 0.10953400
v -0.01947900 -0.02362100 0.10953400
v -0.01444600 -0.02696000 0.10953400
v -0.00885700 -0.02925300 0.10953400
v -0.00292900 -0.03041100 0.10953400
v 0.00311200 -0.03039100 0.10953400
v 0.00903200 -0.02919200 0.10953400
v 0.01460600 -0.02686100 0.10953400
v 0.01961700 -0.02348900 0.10953400
v 0.02387400 -0.01920300 0.10953400
v 0.02721200 -0.01416900 0.10953400
v 0.02950500 -0.00858000 0.10953400
v 0.03066300 -0.00265200 0.10953400
v 0.03064300 0.00338900 0.10953400
v 0.02944500 0.00930900 0.10953400
v 0.02711400 0.01488200 0.10953400
v 0.02374100 0.01989300 0.10953400
v 0.01945500 0.02415000 0.10953400
v 0.01442100 0.02748900 0.10953400
v 0.00883200 0.02978200 0.10953400
v 0.00290400 0.03094000 0.10953400
v -0.00313700 0.03091900 0.10953400
v -0.00905700 0.02972100 0.10953400
v -0.01463000 0.02739000 0.10953400
v -0.01964100 0.02401700 0.10953400
v -0.02389800 0.01973100 0.10953400
v -0.02723600 0.01469800 0.10953400
v -0.02952900 0.00910900 0.10953400
v -0.02956500 0.00307400 0.11307600
v -0.02954500 -0.00274600 0.11307600
v -0.02839000 -0.00844900 0.11307600
v -0.02614500 -0.01381800 0.11307600
v -0.02289600 -0.01864600 0.11307600
v -0.01876600 -0.02274700 0.11307600
v -0.01391700 -0.02596400 0.11307600
v -0.00853300 -0.02817200 0.11307600
v -0.00282200 -0.02928800 0.11307600
v 0.00299800 -0.02926800 0.11307600
v 0.00870100 -0.02811400 0.11307600
v 0.01407100 -0.02586900 0.11307600
v 0.01889800 -0.02261900 0.11307600
v 0.02299900 -0.01849000 0.11307600
v 0.02621600 -0.01364100 0.11307600
v 0.02842500 -0.00825600 0.11307600
v 0.02954000 -0.00254500 0.11307600
v 0.02952100 0.00327500 0.11307600
v 0.02836600 0.00897800 0.11307600
v 0.02612100 0.01434700 0.11307600
v 0.02287200 0.01917400 0.11307600
v 0.01874200 0.02327600 0.11307600
v 0.01389300 0.02649200 0.11307600
v 0.00850900 0.02870100 0.11307600
v 0.00279800 0.02981700 0.11307600
v -0.00302200 0.02979700 0.11307600
v -0.00872600 0.02864300 0.11307600
v -0.01409500 0.02639700 0.11307600
v -0.02624000 0.01417000 0.11307600
v -0.02844900 0.00878500 0.11307600
v -0.02750400 0.00850200 0.11510900
v -0.02536900 0.01370800 0.11510900
v -0.02264900 0.01226600 0.11690900
v -0.02455500 0.00761800 0.11690900
v -0.01892200 0.02314800 0.11307600
v -0.02302400 0.01901900 0.11307600
v -0.02453400 0.00761200 0.12034100
v -0.02262900 0.01225500 0.12034100
v -0.02856400 -0.00264600 0.11510900
v -0.02858300 0.00298100 0.11510900
v -0.02551800 0.00268900 0.11690900
v -0.02550100 -0.00233400 0.11690900
v -0.02744800 -0.00816000 0.11510900
v -0.02450500 -0.00725600 0.11690900
v -0.02527700 -0.01335100 0.11510900
v -0.02256700 -0.01189000 0.11690900
v -0.02213500 -0.01801700 0.11510900
v -0.01976200 -0.01605700 0.11690900
v -0.01814300 -0.02198300 0.11510900
v -0.01619900 -0.01959600 0.11690900
v -0.01345500 -0.02509200 0.11510900
v -0.01201300 -0.02237200 0.11690900
v -0.00825000 -0.02722800 0.11510900
v -0.00736600 -0.02427900 0.11690900
v -0.00272900 -0.02830600 0.11510900
v -0.00243700 -0.02524200 0.11690900
v 0.00289800 -0.02828700 0.11510900
v 0.00258600 -0.02522500 0.11690900
v 0.00841200 -0.02717100 0.11510900
v 0.00750800 -0.02422800 0.11690900
v 0.01360300 -0.02500000 0.11510900
v 0.01214200 -0.02229000 0.11690900
v 0.01827000 -0.02185900 0.11510900
v 0.01630900 -0.01948600 0.11690900
v 0.02223500 -0.01786700 0.11510900
v 0.01984900 -0.01592200 0.11690900
v 0.02534400 -0.01317900 0.11510900
v 0.02262500 -0.01173700 0.11690900
v 0.02748000 -0.00797300 0.11510900
v 0.02453100 -0.00709000 0.11690900
v 0.02855900 -0.00245200 0.11510900
v 0.02549400 -0.00216100 0.11690900
v 0.02854000 0.00317500 0.11510900
v 0.02547700 0.00286200 0.11690900
v 0.02742300 0.00868800 0.11510900
v 0.02448100 0.00778500 0.11690900
v 0.02525300 0.01387900 0.11510900
v 0.02254300 0.01241900 0.11690900
v 0.02211100 0.01854600 0.11510900
v 0.01973800 0.01658500 0.11690900
v 0.01811900 0.02251100 0.11510900
v 0.01617400 0.02012500 0.11690900
v 0.01343100 0.02562100 0.11510900
v 0.01198900 0.02290100 0.11690900
v 0.00822500 0.02775600 0.11510900
v 0.00734200 0.02480800 0.11690900
v 0.00270400 0.02883500 0.11510900
v 0.00241300 0.02577100 0.11690900
v -0.00292200 0.02881600 0.11510900
v -0.00261000 0.02575400 0.11690900
v -0.00843600 0.02770000 0.11510900
v -0.00753300 0.02475700 0.11690900
v -0.01362700 0.02552900 0.11510900
v -0.01216700 0.02281900 0.11690900
v -0.01829400 0.02238800 0.11510900
v -0.01633300 0.02001500 0.11690900
v -0.02225900 0.01839600 0.11510900
v -0.01987300 0.01645100 0.11690900
v -0.02547900 -0.00233100 0.12034100
v -0.02549600 0.00268700 0.12034100
v -0.02448300 -0.00724900 0.12034100
v -0.02254700 -0.01187900 0.12034100
v -0.01974500 -0.01604200 0.12034100
v -0.01618400 -0.01957900 0.12034100
v -0.01200300 -0.02235200 0.12034100
v -0.00736000 -0.02425700 0.12034100
v -0.00243500 -0.02521900 0.12034100
v 0.00258400 -0.02520200 0.12034100
v 0.00750200 -0.02420700 0.12034100
v 0.01213200 -0.02227000 0.12034100
v 0.01629400 -0.01946800 0.12034100
v 0.01983100 -0.01590800 0.12034100
v 0.02260400 -0.01172600 0.12034100
v 0.02450900 -0.00708300 0.12034100
v 0.02547100 -0.00215900 0.12034100
v 0.02545400 0.00286000 0.12034100
v 0.02445900 0.00777800 0.12034100
v 0.02252200 0.01240800 0.12034100
v 0.01972100 0.01657100 0.12034100
v 0.01616000 0.02010700 0.12034100
v 0.01197800 0.02288100 0.12034100
v 0.00733500 0.02478600 0.12034100
v 0.00241100 0.02574800 0.12034100
v -0.00260800 0.02573100 0.12034100
v -0.00752600 0.02473500 0.12034100
v -0.01215600 0.02279900 0.12034100
v -0.01631900 0.01999700 0.12034100
v -0.01985500 0.01643600 0.12034100
v -0.02261800 0.01224900 0.13746400
v -0.02452200 0.00760800 0.13746400
v -0.02454100 0.00761400 0.12182400
v -0.02263500 0.01225800 0.12182400
v -0.02569700 0.00796000 0.12353200
v -0.02370100 0.01282400 0.12353200
v -0.02257300 0.01222600 0.12524100
v -0.02447300 0.00759400 0.12524100
v -0.02446600 0.00759200 0.12712500
v -0.02256600 0.01222200 0.12712500
v -0.02451700 0.00760700 0.13650000
v -0.02261300 0.01224700 0.13650000
v -0.02488400 0.00771700 0.13649300
v -0.02295200 0.01242600 0.13649300
v -0.02548400 0.00268600 0.13746400
v -0.01984600 0.01642900 0.13746400
v -0.01631100 0.01998800 0.13746400
v -0.01215000 0.02278900 0.13746400
v -0.00752200 0.02472400 0.13746400
v -0.00260700 0.02571900 0.13746400
v 0.00241000 0.02573600 0.13746400
v 0.00733200 0.02477400 0.13746400
v 0.01197300 0.02287000 0.13746400
v 0.01615200 0.02009800 0.13746400
v 0.01971200 0.01656300 0.13746400
v 0.02251200 0.01240300 0.13746400
v 0.02444700 0.00777500 0.13746400
v 0.02544300 0.00285900 0.13746400
v 0.02546000 -0.00215700 0.13746400
v 0.02449800 -0.00708000 0.13746400
v 0.02259400 -0.01172100 0.13746400
v 0.01982200 -0.01590000 0.13746400
v 0.01628700 -0.01945900 0.13746400
v 0.01212600 -0.02226000 0.13746400
v 0.00749800 -0.02419500 0.13746400
v 0.00258200 -0.02519000 0.13746400
v -0.00243400 -0.02520700 0.13746400
v -0.00735600 -0.02424600 0.13746400
v -0.01199700 -0.02234200 0.13746400
v -0.01617700 -0.01957000 0.13746400
v -0.01973600 -0.01603400 0.13746400
v -0.02253600 -0.01187400 0.13746400
v -0.02447200 -0.00724600 0.13746400
v -0.02546700 -0.00233000 0.13746400
v -0.02548600 -0.00233200 0.12182400
v -0.02550300 0.00268800 0.12182400
v -0.02449000 -0.00725100 0.12182400
v -0.02255300 -0.01188300 0.12182400
v -0.01975100 -0.01604700 0.12182400
v -0.01618900 -0.01958400 0.12182400
v -0.01200600 -0.02235900 0.12182400
v -0.00736200 -0.02426400 0.12182400
v -0.00243600 -0.02522600 0.12182400
v 0.00258400 -0.02520900 0.12182400
v 0.00750400 -0.02421400 0.12182400
v 0.01213500 -0.02227700 0.12182400
v 0.01629900 -0.01947400 0.12182400
v 0.01983700 -0.01591200 0.12182400
v 0.02261100 -0.01173000 0.12182400
v 0.02451600 -0.00708500 0.12182400
v 0.02547900 -0.00215900 0.12182400
v 0.02546200 0.00286100 0.12182400
v 0.02446600 0.00778000 0.12182400
v 0.02252900 0.01241200 0.12182400
v 0.01972600 0.01657500 0.12182400
v 0.01616500 0.02011300 0.12182400
v 0.01198200 0.02288700 0.12182400
v 0.00733700 0.02479300 0.12182400
v 0.00241100 0.02575500 0.12182400
v -0.00260900 0.02573800 0.12182400
v -0.00752800 0.02474200 0.12182400
v -0.01215900 0.02280500 0.12182400
v -0.01632300 0.02000300 0.12182400
v -0.01986100 0.01644100 0.12182400
v -0.02668700 -0.00245500 0.12353200
v -0.02670400 0.00280200 0.12353200
v -0.02564400 -0.00760600 0.12353200
v -0.02361600 -0.01245500 0.12353200
v -0.02068100 -0.01681500 0.12353200
v -0.01695100 -0.02052000 0.12353200
v -0.01257100 -0.02342500 0.12353200
v -0.00770800 -0.02542000 0.12353200
v -0.00255000 -0.02642800 0.12353200
v 0.00270700 -0.02641000 0.12353200
v 0.00785800 -0.02536700 0.12353200
v 0.01270800 -0.02333900 0.12353200
v 0.01706800 -0.02040400 0.12353200
v 0.02077200 -0.01667500 0.12353200
v 0.02367700 -0.01229500 0.12353200
v 0.02567200 -0.00743200 0.12353200
v 0.02668000 -0.00227300 0.12353200
v 0.02666200 0.00298300 0.12353200
v 0.02561900 0.00813400 0.12353200
v 0.02359100 0.01298400 0.12353200
v 0.02065700 0.01734400 0.12353200
v 0.01692700 0.02104900 0.12353200
v 0.01254700 0.02395400 0.12353200
v 0.00768400 0.02594900 0.12353200
v 0.00252600 0.02695700 0.12353200
v -0.00273100 0.02693900 0.12353200
v -0.00788200 0.02589600 0.12353200
v -0.01273200 0.02386800 0.12353200
v -0.01709200 0.02093300 0.12353200
v -0.02079600 0.01720300 0.12353200
v -0.02543300 0.00268100 0.12524100
v -0.02541600 -0.00232500 0.12524100
v -0.02442300 -0.00723100 0.12524100
v -0.02249200 -0.01185000 0.12524100
v -0.01969700 -0.01600200 0.12524100
v -0.01614500 -0.01953000 0.12524100
v -0.01197300 -0.02229700 0.12524100
v -0.00734200 -0.02419700 0.12524100
v -0.00242900 -0.02515700 0.12524100
v 0.00257700 -0.02514000 0.12524100
v 0.00748300 -0.02414700 0.12524100
v 0.01210200 -0.02221500 0.12524100
v 0.01625400 -0.01942000 0.12524100
v 0.01978200 -0.01586800 0.12524100
v 0.02254900 -0.01169700 0.12524100
v 0.02444900 -0.00706500 0.12524100
v 0.02540900 -0.00215300 0.12524100
v 0.02539200 0.00285400 0.12524100
v 0.02439900 0.00776000 0.12524100
v 0.02246700 0.01237800 0.12524100
v 0.01967200 0.01653100 0.12524100
v 0.01612000 0.02005900 0.12524100
v 0.01194900 0.02282600 0.12524100
v 0.00731700 0.02472600 0.12524100
v 0.00240500 0.02568500 0.12524100
v -0.00260200 0.02566900 0.12524100
v -0.00750700 0.02467500 0.12524100
v -0.01212600 0.02274400 0.12524100
v -0.01627900 0.01994900 0.12524100
v -0.02488400 0.00771700 0.13747100
v -0.02295200 0.01242600 0.13747100
v -0.01980700 0.01639700 0.12524100
v -0.02540800 -0.00232400 0.12712500
v -0.02542500 0.00268100 0.12712500
v -0.02441500 -0.00722900 0.12712500
v -0.02248500 -0.01184600 0.12712500
v -0.01969000 -0.01599700 0.12712500
v -0.01614000 -0.01952400 0.12712500
v -0.01197000 -0.02229000 0.12712500
v -0.00733900 -0.02418900 0.12712500
v -0.00242800 -0.02514900 0.12712500
v 0.00257600 -0.02513200 0.12712500
v 0.00748100 -0.02413900 0.12712500
v 0.01209800 -0.02220800 0.12712500
v 0.01624900 -0.01941400 0.12712500
v 0.01977600 -0.01586300 0.12712500
v 0.02254200 -0.01169300 0.12712500
v 0.02444200 -0.00706300 0.12712500
v 0.02540100 -0.00215200 0.12712500
v 0.02538400 0.00285300 0.12712500
v 0.02439100 0.00775700 0.12712500
v 0.02246000 0.01237500 0.12712500
v 0.01966600 0.01652600 0.12712500
v 0.01611500 0.02005300 0.12712500
v 0.01194500 0.02281800 0.12712500
v 0.00731500 0.02471800 0.12712500
v 0.00240400 0.02567800 0.12712500
v -0.00260100 0.02566100 0.12712500
v -0.00750500 0.02466800 0.12712500
v -0.01212200 0.02273700 0.12712500
v -0.01627400 0.01994300 0.12712500
v -0.01980000 0.01639200 0.12712500
v -0.02546100 -0.00233000 0.13650000
v -0.02547800 0.00268600 0.13650000
v -0.02446600 -0.00724400 0.13650000
v -0.02253100 -0.01187100 0.13650000
v -0.01973100 -0.01603100 0.13650000
v -0.01617300 -0.01956500 0.13650000
v -0.01199400 -0.02233700 0.13650000
v -0.00735500 -0.02424000 0.13650000
v -0.00243300 -0.02520200 0.13650000
v 0.00258200 -0.02518500 0.13650000
v 0.00749600 -0.02419000 0.13650000
v 0.01212300 -0.02225500 0.13650000
v 0.01628300 -0.01945500 0.13650000
v 0.01981700 -0.01589700 0.13650000
v 0.02258900 -0.01171800 0.13650000
v 0.02449200 -0.00707800 0.13650000
v 0.02545400 -0.00215700 0.13650000
v 0.02543700 0.00285800 0.13650000
v 0.02444200 0.00777300 0.13650000
v 0.02250700 0.01240000 0.13650000
v 0.01970700 0.01656000 0.13650000
v 0.01614900 0.02009400 0.13650000
v 0.01197000 0.02286500 0.13650000
v 0.00733000 0.02476900 0.13650000
v 0.00240900 0.02573000 0.13650000
v -0.00260600 0.02571300 0.13650000
v -0.00752100 0.02471800 0.13650000
v -0.01214800 0.02278300 0.13650000
v -0.01630700 0.01998400 0.13650000
v -0.01984100 0.01642500 0.13650000
v -0.02586000 0.00272200 0.13649300
v -0.02584300 -0.00236900 0.13649300
v -0.02483300 -0.00735700 0.13649300
v -0.02286900 -0.01205300 0.13649300
v -0.02002700 -0.01627500 0.13649300
v -0.01641600 -0.01986300 0.13649300
v -0.01217400 -0.02267600 0.13649300
v -0.00746500 -0.02460800 0.13649300
v -0.00247000 -0.02558400 0.13649300
v 0.00262100 -0.02556700 0.13649300
v 0.00760900 -0.02455700 0.13649300
v 0.01230500 -0.02259300 0.13649300
v 0.01652800 -0.01975100 0.13649300
v 0.02011500 -0.01613900 0.13649300
v 0.02292800 -0.01189800 0.13649300
v 0.02486000 -0.00718800 0.13649300
v 0.02583600 -0.00219300 0.13649300
v 0.02581900 0.00289700 0.13649300
v 0.02480900 0.00788600 0.13649300
v 0.02284500 0.01258200 0.13649300
v 0.02000300 0.01680400 0.13649300
v 0.01639100 0.02039100 0.13649300
v 0.01215000 0.02320500 0.13649300
v 0.00744000 0.02513700 0.13649300
v 0.00244500 0.02611300 0.13649300
v -0.00264500 0.02609500 0.13649300
v -0.00763300 0.02508500 0.13649300
v -0.01233000 0.02312100 0.13649300
v -0.01655200 0.02027900 0.13649300
v -0.02013900 0.01666800 0.13649300
v -0.02584300 -0.00236900 0.13747100
v -0.02586000 0.00272200 0.13747100
v -0.02483300 -0.00735700 0.13747100
v -0.02286900 -0.01205300 0.13747100
v -0.02002700 -0.01627500 0.13747100
v -0.01641600 -0.01986300 0.13747100
v -0.01217400 -0.02267600 0.13747100
v -0.00746500 -0.02460800 0.13747100
v -0.00247000 -0.02558400 0.13747100
v 0.00262100 -0.02556700 0.13747100
v 0.00760900 -0.02455700 0.13747100
v 0.01230500 -0.02259300 0.13747100
v 0.01652800 -0.01975100 0.13747100
v 0.02011500 -0.01613900 0.13747100
v 0.02292800 -0.01189800 0.13747100
v 0.02486000 -0.00718800 0.13747100
v 0.02583600 -0.00219300 0.13747100
v 0.02581900 0.00289700 0.13747100
v 0.02480900 0.00788600 0.13747100
v 0.02284500 0.01258200 0.13747100
v 0.02000300 0.01680400 0.13747100
v 0.01639100 0.02039100 0.13747100
v 0.01215000 0.02320500 0.13747100
v 0.00744000 0.02513700 0.13747100
v 0.00244500 0.02611300 0.13747100
v -0.00264500 0.02609500 0.13747100
v -0.00763300 0.02508500 0.13747100
v -0.01233000 0.02312100 0.13747100
v -0.01655200 0.02027900 0.13747100
v -0.02013900 0.01666800 0.13747100
v -0.03120100 0.00323000 0.06398700
v -0.03002300 0.00925700 0.06398700
v -0.02769200 0.01493900 0.06398700
v -0.02429800 0.02005700 0.06398700
v -0.01996900 0.02441500 0.06398700
v -0.01487500 0.02784400 0.06398700
v -0.00920800 0.03021400 0.06398700
v -0.00318900 0.03143300 0.06398700
v 0.00295300 0.03145300 0.06398700
v 0.00898000 0.03027600 0.06398700
v 0.01466300 0.02794500 0.06398700
v 0.01978100 0.02455000 0.06398700
v 0.02413900 0.02022100 0.06398700
v 0.02756800 0.01512700 0.06398700
v 0.02993700 0.00946000 0.06398700
v 0.03115600 0.00344100 0.06398700
v 0.03117700 -0.00270100 0.06398700
v 0.02999900 -0.00872800 0.06398700
v 0.02766800 -0.01441100 0.06398700
v 0.02427400 -0.01952800 0.06398700
v 0.01994500 -0.02388600 0.06398700
v 0.01485100 -0.02731600 0.06398700
v 0.00918400 -0.02968500 0.06398700
v 0.00316500 -0.03090400 0.06398700
v -0.00297700 -0.03092500 0.06398700
v -0.00900500 -0.02974700 0.06398700
v -0.01468700 -0.02741600 0.06398700
v -0.01980500 -0.02402100 0.06398700
v -0.02416300 -0.01969300 0.06398700
v -0.02759200 -0.01459800 0.06398700
v -0.02996200 -0.00893200 0.06398700
v -0.03118000 -0.00291300 0.06398700
v -0.03231100 0.00333500 0.05855800
v -0.03109100 0.00957700 0.05855800
v -0.02867700 0.01546200 0.05855800
v -0.02516200 0.02076200 0.05855800
v -0.02068000 0.02527500 0.05855800
v -0.01540400 0.02882600 0.05855800
v -0.00953500 0.03128000 0.05855800
v -0.00330200 0.03254200 0.05855800
v 0.00305900 0.03256300 0.05855800
v 0.00930000 0.03134400 0.05855800
v 0.01518500 0.02892900 0.05855800
v 0.02048500 0.02541400 0.05855800
v 0.02499800 0.02093200 0.05855800
v 0.02854900 0.01565600 0.05855800
v 0.03100300 0.00978800 0.05855800
v 0.03226500 0.00355400 0.05855800
v 0.03228700 -0.00280600 0.05855800
v 0.03106700 -0.00904800 0.05855800
v 0.02865300 -0.01493300 0.05855800
v 0.02513800 -0.02023300 0.05855800
v 0.02065500 -0.02474600 0.05855800
v 0.01537900 -0.02829700 0.05855800
v 0.00951100 -0.03075100 0.05855800
v 0.00327800 -0.03201300 0.05855800
v -0.00308300 -0.03203500 0.05855800
v -0.00932500 -0.03081500 0.05855800
v -0.01520900 -0.02840100 0.05855800
v -0.02050900 -0.02488600 0.05855800
v -0.02502200 -0.02040300 0.05855800
v -0.02857300 -0.01512700 0.05855800
v -0.03102800 -0.00925900 0.05855800
v -0.03229000 -0.00302600 0.05855800
v -0.03778400 0.00385600 0.04856300
v -0.03635800 0.01115500 0.04856300
v -0.03353400 0.01803700 0.04856300
v -0.02942300 0.02423500 0.04856300
v -0.02418100 0.02951200 0.04856300
v -0.01801200 0.03366500 0.04856300
v -0.01114900 0.03653500 0.04856300
v -0.00386000 0.03801100 0.04856300
v 0.00357900 0.03803600 0.04856300
v 0.01087800 0.03661000 0.04856300
v 0.01776000 0.03378700 0.04856300
v 0.02395800 0.02967600 0.04856300
v 0.02923600 0.02443400 0.04856300
v 0.03338900 0.01826400 0.04856300
v 0.03625900 0.01140100 0.04856300
v 0.03773400 0.00411200 0.04856300
v 0.03776000 -0.00332700 0.04856300
v 0.03633400 -0.01062600 0.04856300
v 0.03351000 -0.01750800 0.04856300
v 0.02939900 -0.02370600 0.04856300
v 0.02415700 -0.02898400 0.04856300
v 0.01798700 -0.03313600 0.04856300
v 0.01112500 -0.03600700 0.04856300
v 0.00383500 -0.03748200 0.04856300
v -0.00360300 -0.03750700 0.04856300
v -0.01090300 -0.03608100 0.04856300
v -0.01778500 -0.03325800 0.04856300
v -0.02398200 -0.02914700 0.04856300
v -0.02926000 -0.02390500 0.04856300
v -0.03341300 -0.01773500 0.04856300
v -0.03628300 -0.01087200 0.04856300
v -0.03775900 -0.00358300 0.04856300
v -0.04384600 0.00443200 0.03780900
v -0.04219100 0.01290300 0.03780900
v -0.03891500 0.02088900 0.03780900
v -0.03414400 0.02808200 0.03780900
v -0.02806100 0.03420700 0.03780900
v -0.02090100 0.03902600 0.03780900
v -0.01293600 0.04235700 0.03780900
v -0.00447700 0.04406900 0.03780900
v 0.00415500 0.04409900 0.03780900
v 0.01262600 0.04244400 0.03780900
v 0.02061300 0.03916700 0.03780900
v 0.02780500 0.03439600 0.03780900
v 0.03393000 0.02831300 0.03780900
v 0.03875000 0.02115300 0.03780900
v 0.04208000 0.01318900 0.03780900
v 0.04379300 0.00472900 0.03780900
v 0.04382200 -0.00390300 0.03780900
v 0.04216700 -0.01237400 0.03780900
v 0.03889100 -0.02036100 0.03780900
v 0.03412000 -0.02755300 0.03780900
v 0.02803600 -0.03367800 0.03780900
v 0.02087600 -0.03849800 0.03780900
v 0.01291200 -0.04182800 0.03780900
v 0.00445300 -0.04354100 0.03780900
v -0.00418000 -0.04357000 0.03780900
v -0.01265000 -0.04191500 0.03780900
v -0.02063700 -0.03863800 0.03780900
v -0.02783000 -0.03386800 0.03780900
v -0.03395500 -0.02778400 0.03780900
v -0.03877400 -0.02062400 0.03780900
v -0.04210500 -0.01266000 0.03780900
v -0.04381700 -0.00420100 0.03780900
v -0.04630400 0.00466600 0.03164200
v -0.04455600 0.01361100 0.03164200
v -0.04109600 0.02204600 0.03164200
v -0.03605800 0.02964200 0.03164200
v -0.02963400 0.03611000 0.03164200
v -0.02207200 0.04120000 0.03164200
v -0.01366100 0.04471700 0.03164200
v -0.00472700 0.04652500 0.03164200
v 0.00438900 0.04655600 0.03164200
v 0.01333500 0.04480900 0.03164200
v 0.02176900 0.04134800 0.03164200
v 0.02936500 0.03631000 0.03164200
v 0.03583400 0.02988600 0.03164200
v 0.04092300 0.02232400 0.03164200
v 0.04444000 0.01391300 0.03164200
v 0.04624900 0.00498000 0.03164200
v 0.04628000 -0.00413700 0.03164200
v 0.04453200 -0.01308300 0.03164200
v 0.04107200 -0.02151700 0.03164200
v 0.03603400 -0.02911300 0.03164200
v 0.02960900 -0.03558100 0.03164200
v 0.02204800 -0.04067100 0.03164200
v 0.01363700 -0.04418800 0.03164200
v 0.00470300 -0.04599700 0.03164200
v -0.00441300 -0.04602800 0.03164200
v -0.01335900 -0.04428000 0.03164200
v -0.02179300 -0.04082000 0.03164200
v -0.02939000 -0.03578200 0.03164200
v -0.03585800 -0.02935700 0.03164200
v -0.04094700 -0.02179500 0.03164200
v -0.04446500 -0.01338500 0.03164200
v -0.04627300 -0.00445100 0.03164200
v -0.04833000 0.00485800 0.02579100
v -0.04650500 0.01419500 0.02579100
v -0.04289400 0.02299900 0.02579100
v -0.03763500 0.03092700 0.02579100
v -0.03093000 0.03767800 0.02579100
v -0.02303700 0.04299100 0.02579100
v -0.01425800 0.04666200 0.02579100
v -0.00493400 0.04855000 0.02579100
v 0.00458200 0.04858200 0.02579100
v 0.01391900 0.04675800 0.02579100
v 0.02272200 0.04314600 0.02579100
v 0.03065100 0.03788700 0.02579100
v 0.03740200 0.03118200 0.02579100
v 0.04271400 0.02328900 0.02579100
v 0.04638600 0.01451100 0.02579100
v 0.04827300 0.00518600 0.02579100
v 0.04830600 -0.00432900 0.02579100
v 0.04648100 -0.01366700 0.02579100
v 0.04287000 -0.02247000 0.02579100
v 0.03761100 -0.03039800 0.02579100
v 0.03090500 -0.03715000 0.02579100
v 0.02301300 -0.04246200 0.02579100
v 0.01423400 -0.04613300 0.02579100
v 0.00491000 -0.04802100 0.02579100
v -0.00460600 -0.04805300 0.02579100
v -0.01394300 -0.04622900 0.02579100
v -0.02274700 -0.04261700 0.02579100
v -0.03067500 -0.03735900 0.02579100
v -0.03742600 -0.03065300 0.02579100
v -0.04273900 -0.02276100 0.02579100
v -0.04641000 -0.01398200 0.02579100
v -0.04829700 -0.00465700 0.02579100
v -0.05026500 0.00504200 0.01629300
v -0.04836800 0.01475300 0.01629300
v -0.04461200 0.02390900 0.01629300
v -0.03914200 0.03215500 0.01629300
v -0.03216800 0.03917700 0.01629300
v -0.02395900 0.04470200 0.01629300
v -0.01482900 0.04852100 0.01629300
v -0.00513100 0.05048400 0.01629300
v 0.00476600 0.05051700 0.01629300
v 0.01447700 0.04862000 0.01629300
v 0.02363300 0.04486400 0.01629300
v 0.03187900 0.03939400 0.01629300
v 0.03890100 0.03242000 0.01629300
v 0.04442600 0.02421200 0.01629300
v 0.04824400 0.01508100 0.01629300
v 0.05020700 0.00538300 0.01629300
v 0.05024100 -0.00451300 0.01629300
v 0.04834300 -0.01422500 0.01629300
v 0.04458700 -0.02338100 0.01629300
v 0.03911800 -0.03162700 0.01629300
v 0.03214400 -0.03864800 0.01629300
v 0.02393500 -0.04417400 0.01629300
v 0.01480500 -0.04799200 0.01629300
v 0.00510700 -0.04995500 0.01629300
v -0.00479000 -0.04998900 0.01629300
v -0.01450100 -0.04809100 0.01629300
v -0.02365700 -0.04433500 0.01629300
v -0.03190300 -0.03886600 0.01629300
v -0.03892500 -0.03189200 0.01629300
v -0.04445000 -0.02368300 0.01629300
v -0.04826800 -0.01455300 0.01629300
v -0.05023200 -0.00485400 0.01629300
v -0.04909400 0.01497100 0.00773600
v -0.04528100 0.02426500 0.00773600
v -0.03973000 0.03263400 0.00773600
v -0.03265100 0.03976100 0.00773600
v -0.02431900 0.04537000 0.00773600
v -0.01505100 0.04924500 0.00773600
v -0.00520800 0.05123800 0.00773600
v 0.00483700 0.05127200 0.00773600
v 0.01469400 0.04934600 0.00773600
v 0.02398800 0.04553400 0.00773600
v 0.03235800 0.03998200 0.00773600
v 0.03948500 0.03290300 0.00773600
v 0.04509300 0.02457100 0.00773600
v 0.04896900 0.01530400 0.00773600
v 0.05096200 0.00546000 0.00773600
v 0.05099600 -0.00458500 0.00773600
v 0.04907000 -0.01444200 0.00773600
v 0.04525700 -0.02373600 0.00773600
v 0.03970600 -0.03210600 0.00773600
v 0.03262700 -0.03923300 0.00773600
v 0.02429500 -0.04484100 0.00773600
v 0.01502700 -0.04871700 0.00773700
v 0.00518400 -0.05070900 0.00773600
v -0.00486200 -0.05074300 0.00773600
v -0.01471900 -0.04881800 0.00773600
v -0.02401200 -0.04500500 0.00773700
v -0.03238200 -0.03945300 0.00773600
v -0.03950900 -0.03237400 0.00773600
v -0.04511700 -0.02404300 0.00773600
v -0.04899300 -0.01477500 0.00773600
v -0.05098600 -0.00493100 0.00773600
v -0.05102000 0.00511400 0.00773600
v -0.04909400 0.01497100 -0.13523500
v -0.04528100 0.02426500 -0.13523500
v -0.03973000 0.03263400 -0.13523500
v -0.03265100 0.03976100 -0.13523500
v -0.02431900 0.04537000 -0.13523500
v -0.01505200 0.04924500 -0.13523500
v -0.00520800 0.05123800 -0.13523500
v 0.00483700 0.05127200 -0.13523500
v 0.01469400 0.04934600 -0.13523500
v 0.02398800 0.04553300 -0.13523500
v 0.03235800 0.03998200 -0.13523500
v 0.03948500 0.03290300 -0.13523500
v 0.04509300 0.02457100 -0.13523500
v 0.04896900 0.01530400 -0.13523500
v 0.05096100 0.00546000 -0.13523500
v 0.05099600 -0.00458500 -0.13523500
v 0.04907000 -0.01444200 -0.13523500
v 0.04525700 -0.02373600 -0.13523500
v 0.03970600 -0.03210600 -0.13523500
v 0.03262700 -0.03923300 -0.13523500
v 0.02429500 -0.04484100 -0.13523500
v 0.00518400 -0.05070900 -0.13523500
v -0.00486200 -0.05074300 -0.13523500
v -0.01471900 -0.04881800 -0.13523500
v -0.03238200 -0.03945300 -0.13523500
v -0.03950900 -0.03237400 -0.13523500
v -0.04511700 -0.02404300 -0.13523500
v -0.04899300 -0.01477500 -0.13523500
v -0.05098600 -0.00493100 -0.13523500
v 0.01502700 -0.04871700 -0.13523400
v -0.02401200 -0.04500500 -0.13523400
v -0.05102000 0.00511400 -0.13523500
v -0.05049500 0.00506400 -0.14126500
v -0.04858800 0.01481900 -0.14126500
v -0.04481500 0.02401700 -0.14126500
v -0.03932100 0.03230100 -0.14126500
v -0.03231500 0.03935500 -0.14126500
v -0.02406900 0.04490500 -0.14126500
v -0.01489700 0.04874100 -0.14126500
v -0.00515400 0.05071300 -0.14126500
v 0.00478700 0.05074700 -0.14126500
v 0.01454300 0.04884100 -0.14126500
v 0.02374100 0.04506700 -0.14126500
v 0.03202400 0.03957300 -0.14126500
v 0.03907800 0.03256700 -0.14126500
v 0.04462900 0.02432100 -0.14126500
v 0.04846400 0.01514900 -0.14126500
v 0.05043700 0.00540700 -0.14126500
v 0.05047000 -0.00453500 -0.14126500
v 0.04856400 -0.01429100 -0.14126500
v 0.04479100 -0.02348900 -0.14126500
v 0.03929700 -0.03177200 -0.14126500
v 0.03229000 -0.03882600 -0.14126500
v 0.02404500 -0.04437600 -0.14126500
v 0.01487200 -0.04821200 -0.14126500
v 0.00513000 -0.05018400 -0.14126500
v -0.00481200 -0.05021800 -0.14126500
v -0.01456700 -0.04831200 -0.14126500
v -0.02376500 -0.04453900 -0.14126500
v -0.03204900 -0.03904400 -0.14126500
v -0.03910300 -0.03203800 -0.14126500
v -0.04465300 -0.02379200 -0.14126500
v -0.04848900 -0.01462000 -0.14126500
v -0.05046100 -0.00487800 -0.14126500
v -0.04881600 0.00490400 -0.14468500
v -0.04697400 0.01433600 -0.14468500
v -0.04332600 0.02322800 -0.14468500
v -0.03801400 0.03123600 -0.14468500
v -0.03124100 0.03805500 -0.14468500
v -0.02326900 0.04342100 -0.14468500
v -0.01440200 0.04712900 -0.14468500
v -0.00498300 0.04903600 -0.14468500
v 0.00462800 0.04906900 -0.14468500
v 0.01405900 0.04722600 -0.14468500
v 0.02295100 0.04357800 -0.14468500
v 0.03095900 0.03826600 -0.14468500
v 0.03777900 0.03149300 -0.14468500
v 0.04314500 0.02352100 -0.14468500
v 0.04685300 0.01465400 -0.14468500
v 0.04876000 0.00523600 -0.14468500
v 0.04879200 -0.00437600 -0.14468500
v 0.04694900 -0.01380700 -0.14468500
v 0.04330100 -0.02269900 -0.14468500
v 0.03799000 -0.03070700 -0.14468500
v 0.03121700 -0.03752700 -0.14468500
v 0.02324500 -0.04289200 -0.14468500
v 0.01437800 -0.04660100 -0.14468500
v 0.00495900 -0.04850700 -0.14468500
v -0.00465200 -0.04854000 -0.14468500
v -0.01408300 -0.04669700 -0.14468500
v -0.02297600 -0.04304900 -0.14468500
v -0.03098400 -0.03773800 -0.14468500
v -0.03780300 -0.03096400 -0.14468500
v -0.04316900 -0.02299300 -0.14468500
v -0.04687700 -0.01412500 -0.14468500
v -0.04878400 -0.00470700 -0.14468500
v -0.04744200 0.00477400 -0.14465800
v -0.04565100 0.01393900 -0.14465800
v -0.04210600 0.02258100 -0.14465800
v -0.03694400 0.03036400 -0.14465800
v -0.03036200 0.03699100 -0.14465800
v -0.02261400 0.04220600 -0.14465800
v -0.01399700 0.04581000 -0.14465800
v -0.00484300 0.04766300 -0.14465800
v 0.00449700 0.04769500 -0.14465800
v 0.01366300 0.04590400 -0.14465800
v 0.02230500 0.04235900 -0.14465800
v 0.03008800 0.03719600 -0.14465800
v 0.03671500 0.03061400 -0.14465800
v 0.04193000 0.02286600 -0.14465800
v 0.04553300 0.01424900 -0.14465800
v 0.04738600 0.00509600 -0.14465800
v 0.04741800 -0.00424500 -0.14465800
v 0.04562700 -0.01341100 -0.14465800
v 0.04208200 -0.02205300 -0.14465800
v 0.03692000 -0.02983500 -0.14465800
v 0.03033800 -0.03646200 -0.14465800
v 0.02259000 -0.04167700 -0.14465800
v 0.01397200 -0.04528100 -0.14465800
v 0.00481900 -0.04713400 -0.14465800
v -0.00452200 -0.04716600 -0.14465800
v -0.01368700 -0.04537500 -0.14465800
v -0.02232900 -0.04183000 -0.14465800
v -0.03011200 -0.03666800 -0.14465800
v -0.03673900 -0.03008500 -0.14465800
v -0.04195400 -0.02233800 -0.14465800
v -0.04555800 -0.01372000 -0.14465800
v -0.04741100 -0.00456700 -0.14465800
v -0.04341100 0.00439100 -0.14465800
v -0.04177200 0.01277700 -0.14465800
v -0.03852800 0.02068400 -0.14465800
v -0.03380500 0.02780600 -0.14465800
v -0.02778200 0.03386900 -0.14465800
v -0.02069300 0.03864100 -0.14465800
v -0.01280800 0.04193800 -0.14465800
v -0.00443300 0.04363400 -0.14465800
v 0.00411400 0.04366300 -0.14465800
v 0.01250100 0.04202400 -0.14465800
v 0.02040800 0.03878000 -0.14465800
v 0.02752900 0.03405700 -0.14465800
v 0.03359300 0.02803400 -0.14465800
v 0.03836500 0.02094500 -0.14465800
v 0.04166200 0.01306000 -0.14465800
v 0.04335800 0.00468500 -0.14465800
v 0.04338700 -0.00386200 -0.14465800
v 0.04174800 -0.01224800 -0.14465800
v 0.03850400 -0.02015600 -0.14465800
v 0.03378100 -0.02727700 -0.14465800
v 0.02775800 -0.03334100 -0.14465800
v 0.02066900 -0.03811200 -0.14465800
v 0.01278400 -0.04141000 -0.14465800
v 0.00440800 -0.04310500 -0.14465800
v -0.00413800 -0.04313400 -0.14465800
v -0.01252500 -0.04149600 -0.14465800
v -0.02043200 -0.03825200 -0.14465800
v -0.02755300 -0.03352800 -0.14465800
v -0.03361700 -0.02750600 -0.14465800
v -0.03838900 -0.02041700 -0.14465800
v -0.04168600 -0.01253200 -0.14465800
v -0.04338200 -0.00415600 -0.14465800
v -0.03934600 0.00400400 -0.14466800
v -0.03786100 0.01160500 -0.14466800
v -0.03492100 0.01877200 -0.14466800
v -0.03064000 0.02522600 -0.14466800
v -0.02518100 0.03072200 -0.14466800
v -0.01875600 0.03504700 -0.14466800
v -0.01161000 0.03803500 -0.14466800
v -0.00401900 0.03957200 -0.14466800
v 0.00372800 0.03959800 -0.14466800
v 0.01132900 0.03811300 -0.14466800
v 0.01849500 0.03517300 -0.14466800
v 0.02495000 0.03089200 -0.14466800
v 0.03044600 0.02543300 -0.14466800
v 0.03477000 0.01900800 -0.14466800
v 0.03775900 0.01186200 -0.14466800
v 0.03929600 0.00427100 -0.14466800
v 0.03932200 -0.00347500 -0.14466800
v 0.03783700 -0.01107600 -0.14466800
v 0.03489700 -0.01824300 -0.14466800
v 0.03061600 -0.02469700 -0.14466800
v 0.02515700 -0.03019300 -0.14466800
v 0.01873200 -0.03451800 -0.14466800
v 0.01158500 -0.03750700 -0.14466800
v 0.00399400 -0.03904300 -0.14466800
v -0.00375200 -0.03907000 -0.14466800
v -0.01135300 -0.03758500 -0.14466800
v -0.01852000 -0.03464400 -0.14466800
v -0.02497400 -0.03036400 -0.14466800
v -0.03047000 -0.02490500 -0.14466800
v -0.03479500 -0.01848000 -0.14466800
v -0.03778300 -0.01133300 -0.14466800
v -0.03932000 -0.00374200 -0.14466800
v -0.03758500 0.00383700 -0.14307500
v -0.03616700 0.01109700 -0.14307500
v -0.03335800 0.01794300 -0.14307500
v -0.02926900 0.02410900 -0.14307500
v -0.02405400 0.02935900 -0.14307500
v -0.01791700 0.03349000 -0.14307500
v -0.01109000 0.03634400 -0.14307500
v -0.00383900 0.03781200 -0.14307500
v 0.00356000 0.03783700 -0.14307500
v 0.01082100 0.03641900 -0.14307500
v 0.01766700 0.03361000 -0.14307500
v 0.02383200 0.02952100 -0.14307500
v 0.02908200 0.02430700 -0.14307500
v 0.03321300 0.01816900 -0.14307500
v 0.03606800 0.01134300 -0.14307500
v 0.03753600 0.00409200 -0.14307500
v 0.03756100 -0.00330800 -0.14307500
v 0.03614200 -0.01056900 -0.14307500
v 0.03333400 -0.01741500 -0.14307500
v 0.02924500 -0.02358000 -0.14307500
v 0.02403000 -0.02883000 -0.14307500
v 0.01789300 -0.03296100 -0.14307500
v 0.01106600 -0.03581600 -0.14307500
v 0.00381500 -0.03728400 -0.14307500
v -0.00358400 -0.03730900 -0.14307500
v -0.01084500 -0.03589000 -0.14307500
v -0.01769100 -0.03308200 -0.14307500
v -0.02385600 -0.02899200 -0.14307500
v -0.02910600 -0.02377800 -0.14307500
v -0.03323800 -0.01764100 -0.14307500
v -0.03609200 -0.01081400 -0.14307500
v -0.03756000 -0.00356300 -0.14307500
v -0.03564500 0.00365200 -0.14306200
v -0.03430000 0.01053800 -0.14306200
v -0.03163600 0.01703000 -0.14306200
v -0.02775800 0.02287700 -0.14306200
v -0.02281300 0.02785600 -0.14306200
v -0.01699200 0.03177400 -0.14306200
v -0.00364200 0.03587400 -0.14306200
v 0.00337600 0.03589700 -0.14306200
v 0.01026200 0.03455200 -0.14306200
v 0.01675400 0.03188800 -0.14306200
v 0.02758000 0.02306500 -0.14306200
v 0.03149700 0.01724500 -0.14306200
v 0.03420500 0.01077100 -0.14306200
v 0.03559700 0.00389400 -0.14306200
v 0.03562100 -0.00312300 -0.14306200
v 0.03161200 -0.01650200 -0.14306200
v 0.02773400 -0.02234900 -0.14306200
v 0.02278900 -0.02732800 -0.14306200
v 0.01696800 -0.03124500 -0.14306200
v 0.01049400 -0.03395300 -0.14306200
v 0.00361700 -0.03534500 -0.14306200
v -0.00340000 -0.03536900 -0.14306200
v -0.01028600 -0.03402300 -0.14306200
v -0.01677800 -0.03136000 -0.14306200
v -0.02262500 -0.02748200 -0.14306200
v -0.03152200 -0.01671600 -0.14306200
v -0.03422900 -0.01024200 -0.14306200
v 0.03427500 -0.01000900 -0.14306200
v -0.01051800 0.03448100 -0.14306200
v 0.02260100 0.02801000 -0.14306200
v -0.02760400 -0.02253600 -0.14306200
v -0.03562100 -0.00336500 -0.14306200
v -0.02447100 0.00759300 0.13975100
v -0.02543000 0.00268100 0.13975100
v -0.02442500 -0.00723100 0.13959200
v -0.02442000 -0.00723000 0.13975100
v -0.02249300 -0.01185000 0.13959200
v -0.02248900 -0.01184800 0.13975100
v -0.01969400 -0.01600000 0.13975100
v -0.01614600 -0.01953100 0.13959200
v -0.01614300 -0.01952800 0.13975100
v -0.01197200 -0.02229400 0.13975100
v -0.00734100 -0.02419400 0.13975100
v -0.00242900 -0.02515800 0.13959200
v -0.00242900 -0.02515400 0.13975100
v 0.00257700 -0.02513700 0.13975100
v 0.00748400 -0.02414800 0.13959200
v 0.00748200 -0.02414400 0.13975100
v 0.01210300 -0.02221700 0.13959200
v 0.01210100 -0.02221300 0.13975100
v 0.01625200 -0.01941800 0.13975100
v 0.01978400 -0.01586900 0.13959200
v 0.01978000 -0.01586600 0.13975100
v 0.02444600 -0.00706400 0.13975100
v 0.02540600 -0.00215200 0.13975100
v 0.02538900 0.00285300 0.13975100
v 0.02440000 0.00776000 0.13959100
v 0.02439600 0.00775900 0.13975100
v 0.02246500 0.01237700 0.13975100
v 0.01967400 0.01653200 0.13959200
v 0.01967000 0.01652900 0.13975100
v 0.01611900 0.02005700 0.13975100
v 0.01194800 0.02282300 0.13975100
v 0.00731800 0.02472700 0.13959200
v 0.00731600 0.02472300 0.13975100
v 0.00240500 0.02568700 0.13959200
v 0.00240500 0.02568300 0.13975100
v -0.00750700 0.02467200 0.13975100
v -0.01212700 0.02274500 0.13959200
v -0.01212500 0.02274100 0.13975100
v -0.01980800 0.01639800 0.13959200
v -0.02257500 0.01222600 0.13959200
v -0.02543500 0.00268100 0.13959200
v -0.02541800 -0.00232500 0.13959200
v -0.01969800 -0.01600300 0.13959200
v -0.01197400 -0.02229800 0.13959200
v -0.00734200 -0.02419800 0.13959200
v 0.00257700 -0.02514100 0.13959200
v 0.01625500 -0.01942100 0.13959200
v 0.02254700 -0.01169600 0.13975100
v 0.02445100 -0.00706600 0.13959200
v 0.02541100 -0.00215300 0.13959100
v 0.02539400 0.00285400 0.13959100
v 0.02246900 0.01237900 0.13959100
v 0.01195000 0.02282700 0.13959200
v -0.00260100 0.02566600 0.13975100
v -0.00750800 0.02467700 0.13959100
v -0.01627700 0.01994700 0.13975100
v -0.02257100 0.01222400 0.13975100
v -0.01980400 0.01639500 0.13975100
v -0.02541300 -0.00232500 0.13975100
v -0.02355400 0.00731800 0.13972400
v -0.02446100 -0.00222800 0.13972400
v -0.02447800 0.00259100 0.13972400
v -0.02350500 -0.00695000 0.13972400
v -0.02164600 -0.01139500 0.13972400
v -0.01895600 -0.01539100 0.13972400
v -0.01553800 -0.01878600 0.13972400
v -0.01152400 -0.02144900 0.13972400
v -0.00706600 -0.02327700 0.13972400
v -0.00233800 -0.02420100 0.13972400
v 0.00248000 -0.02418500 0.13972400
v 0.00720100 -0.02322900 0.13972400
v 0.01164600 -0.02137000 0.13972400
v 0.01564300 -0.01868000 0.13972400
v 0.01903800 -0.01526200 0.13972400
v 0.02170100 -0.01124800 0.13972400
v 0.02353000 -0.00679000 0.13972400
v 0.02445300 -0.00206200 0.13972400
v 0.02443700 0.00275600 0.13972400
v 0.02348100 0.00747800 0.13972400
v 0.02162200 0.01192300 0.13972400
v 0.01893200 0.01592000 0.13972400
v 0.01551300 0.01931500 0.13972400
v 0.01149900 0.02197700 0.13972400
v 0.00704200 0.02380600 0.13972400
v 0.00231300 0.02473000 0.13972400
v -0.00250500 0.02471300 0.13972400
v -0.00722600 0.02375700 0.13972400
v -0.01167100 0.02189800 0.13972400
v -0.01566700 0.01920800 0.13972400
v -0.02172500 0.01177500 0.13972400
v -0.01906300 0.01579000 0.13972400
v -0.02356600 0.00732200 0.13919600
v -0.02449000 0.00259200 0.13919600
v -0.01554600 -0.01879600 0.13919600
v -0.01153000 -0.02146000 0.13919600
v -0.02165800 -0.01140000 0.13919600
v -0.01896600 -0.01539900 0.13919600
v -0.02447400 -0.00222900 0.13919600
v 0.00231500 0.02474300 0.13919600
v -0.00250500 0.02472600 0.13919600
v 0.01552200 0.01932500 0.13919600
v 0.01150500 0.02198900 0.13919600
v 0.01904800 -0.01527000 0.13919600
v 0.02171200 -0.01125300 0.13919600
v 0.01165300 -0.02138100 0.13919600
v 0.01565100 -0.01869000 0.13919600
v 0.01894200 0.01592700 0.13919600
v 0.02354200 -0.00679300 0.13919600
v -0.01907200 0.01579800 0.13919600
v -0.02173600 0.01178200 0.13919600
v 0.02446600 -0.00206300 0.13919600
v -0.00722900 0.02377000 0.13919600
v -0.02351800 -0.00695300 0.13919600
v 0.00704500 0.02381800 0.13919600
v 0.02349300 0.00748200 0.13919600
v 0.02163300 0.01192900 0.13919600
v 0.02445000 0.00275800 0.13919600
v 0.00720500 -0.02324100 0.13919600
v -0.00233900 -0.02421400 0.13919600
v 0.00248100 -0.02419700 0.13919600
v -0.01167700 0.02191000 0.13919600
v -0.01567500 0.01921900 0.13919600
v -0.00707000 -0.02328900 0.13919600
v -0.03009100 0.00312400 0.06907100
v -0.02895500 0.00893700 0.06907100
v -0.02909300 0.00897800 0.10613400
v -0.03023400 0.00313800 0.10613400
v -0.02343300 0.01935300 0.06907100
v -0.02354500 0.01944300 0.10613400
v -0.02683400 0.01448400 0.10613400
v -0.02670700 0.01441700 0.06907100
v -0.01925900 0.02355500 0.06907100
v -0.01935000 0.02366600 0.10613400
v -0.01434600 0.02686200 0.06907100
v -0.01441400 0.02698900 0.10613400
v -0.00888100 0.02914800 0.06907100
v -0.00892300 0.02928500 0.10613400
v -0.00307600 0.03032300 0.06907100
v -0.00309100 0.03046600 0.10613400
v 0.00284800 0.03034300 0.06907100
v 0.00286100 0.03048600 0.10613400
v 0.00866000 0.02920700 0.06907100
v 0.00870100 0.02934500 0.10613400
v 0.01414100 0.02695900 0.06907100
v 0.01420800 0.02708600 0.10613400
v 0.01907600 0.02368500 0.06907100
v 0.01916700 0.02379700 0.10613400
v 0.02327900 0.01951100 0.06907100
v 0.02339000 0.01960300 0.10613400
v 0.02658600 0.01459800 0.06907100
v 0.02671200 0.01466600 0.10613400
v 0.02887100 0.00913300 0.06907100
v 0.02900900 0.00917500 0.10613400
v 0.03004600 0.00332800 0.06907100
v 0.03018900 0.00334300 0.10613400
v 0.03006700 -0.00259500 0.06907100
v 0.03021000 -0.00260900 0.10613400
v 0.02893100 -0.00840800 0.06907100
v 0.02906800 -0.00844900 0.10613400
v 0.02668300 -0.01388800 0.06907100
v 0.02681000 -0.01395600 0.10613400
v 0.02340900 -0.01882400 0.06907100
v 0.02352000 -0.01891500 0.10613400
v 0.01923500 -0.02302700 0.06907100
v 0.01932600 -0.02313700 0.10613400
v 0.01432100 -0.02633400 0.06907100
v 0.01439000 -0.02646000 0.10613400
v 0.00885600 -0.02861900 0.06907100
v 0.00889900 -0.02875600 0.10613400
v 0.00305200 -0.02979400 0.06907100
v 0.00306600 -0.02993700 0.10613400
v -0.00287200 -0.02981400 0.06907100
v -0.00288500 -0.02995700 0.10613400
v -0.00868400 -0.02867900 0.06907100
v -0.00872600 -0.02881600 0.10613400
v -0.01416500 -0.02643000 0.06907100
v -0.01423200 -0.02655700 0.10613400
v -0.01910000 -0.02315700 0.06907100
v -0.01919100 -0.02326800 0.10613400
v -0.02330300 -0.01898200 0.06907100
v -0.02341400 -0.01907400 0.10613400
v -0.02661000 -0.01406900 0.06907100
v -0.02673700 -0.01413700 0.10613400
v -0.02889600 -0.00860400 0.06907100
v -0.02903300 -0.00864600 0.10613400
v -0.03007100 -0.00279900 0.06907100
v -0.03021400 -0.00281400 0.10613400
v -0.02973900 -0.00276600 0.10931800
v -0.02975900 0.00309300 0.10931800
v -0.02857700 -0.00850600 0.10931800
v -0.02631700 -0.01391100 0.10931800
v -0.02304600 -0.01877000 0.10931800
v -0.01889000 -0.02289800 0.10931800
v -0.01400900 -0.02613600 0.10931800
v -0.00858900 -0.02835900 0.10931800
v -0.00284000 -0.02948200 0.10931800
v 0.00301800 -0.02946200 0.10931800
v 0.00875900 -0.02830000 0.10931800
v 0.01416300 -0.02604000 0.10931800
v 0.01902200 -0.02276900 0.10931800
v 0.02315000 -0.01861300 0.10931800
v 0.02638800 -0.01373200 0.10931800
v 0.02861100 -0.00831200 0.10931800
v 0.02973500 -0.00256400 0.10931800
v 0.02971500 0.00329400 0.10931800
v 0.02855300 0.00903500 0.10931800
v 0.02629200 0.01444000 0.10931800
v 0.02302200 0.01929900 0.10931800
v 0.01886500 0.02342700 0.10931800
v 0.01398400 0.02666400 0.10931800
v 0.00856400 0.02888800 0.10931800
v 0.00281600 0.03001100 0.10931800
v -0.00304200 0.02999100 0.10931800
v -0.00878300 0.02882900 0.10931800
v -0.01418700 0.02656900 0.10931800
v -0.01904600 0.02329800 0.10931800
v -0.02317500 0.01914200 0.10931800
v -0.02641200 0.01426100 0.10931800
v -0.02863600 0.00884100 0.10931800
v -0.02867900 0.00299000 0.11272200
v -0.02866000 -0.00265600 0.11272200
v -0.02754000 -0.00818800 0.11272200
v -0.02536200 -0.01339600 0.11272200
v -0.02221000 -0.01807900 0.11272200
v -0.01820400 -0.02205700 0.11272200
v -0.01350000 -0.02517700 0.11272200
v -0.00827700 -0.02732000 0.11272200
v -0.00273800 -0.02840200 0.11272200
v 0.00290800 -0.02838300 0.11272200
v 0.00844000 -0.02726300 0.11272200
v 0.01364900 -0.02508500 0.11272200
v 0.01833100 -0.02193300 0.11272200
v 0.02230900 -0.01792800 0.11272200
v 0.02542900 -0.01322400 0.11272200
v 0.02757200 -0.00800100 0.11272200
v 0.02865400 -0.00246100 0.11272200
v 0.02863500 0.00318400 0.11272200
v 0.02751500 0.00871700 0.11272200
v 0.02533700 0.01392500 0.11272200
v 0.02218500 0.01860700 0.11272200
v 0.01818000 0.02258600 0.11272200
v 0.01347600 0.02570600 0.11272200
v 0.00825300 0.02784900 0.11272200
v 0.00271300 0.02893100 0.11272200
v -0.00293200 0.02891200 0.11272200
v -0.00846400 0.02779200 0.11272200
v -0.01367300 0.02561400 0.11272200
v -0.02545400 0.01375300 0.11272200
v -0.02759600 0.00853000 0.11272200
v -0.02682300 0.00829800 0.11446700
v -0.02474100 0.01337500 0.11446700
v -0.02192300 0.01188100 0.11641600
v -0.02376900 0.00738300 0.11641600
v -0.01835500 0.02246200 0.11272200
v -0.02233400 0.01845600 0.11272200
v -0.02361600 0.00733700 0.12034000
v -0.02178200 0.01180600 0.12034000
v -0.02785700 -0.00257400 0.11446700
v -0.02787500 0.00291300 0.11446700
v -0.02470100 0.00261200 0.11641600
v -0.02468400 -0.00225000 0.11641600
v -0.02676800 -0.00795100 0.11446700
v -0.02372000 -0.00701500 0.11641600
v -0.02465100 -0.01301300 0.11446700
v -0.02184400 -0.01150100 0.11641600
v -0.02158800 -0.01756500 0.11446700
v -0.01912900 -0.01553300 0.11641600
v -0.01769400 -0.02143200 0.11446700
v -0.01568000 -0.01896000 0.11641600
v -0.01312200 -0.02446400 0.11446700
v -0.01162900 -0.02164700 0.11641600
v -0.00804600 -0.02654700 0.11446700
v -0.00713000 -0.02349200 0.11641600
v -0.00266100 -0.02759900 0.11446700
v -0.00235900 -0.02442400 0.11641600
v 0.00282600 -0.02758000 0.11446700
v 0.00250300 -0.02440800 0.11641600
v 0.00820300 -0.02649200 0.11446700
v 0.00726700 -0.02344300 0.11641600
v 0.01326600 -0.02437500 0.11446700
v 0.01175300 -0.02156700 0.11641600
v 0.01781700 -0.02131100 0.11446700
v 0.01578600 -0.01885300 0.11641600
v 0.02168400 -0.01741800 0.11446700
v 0.01921200 -0.01540300 0.11641600
v 0.02471600 -0.01284600 0.11446700
v 0.02189900 -0.01135200 0.11641600
v 0.02679900 -0.00776900 0.11446700
v 0.02374400 -0.00685400 0.11641600
v 0.02785100 -0.00238500 0.11446700
v 0.02467600 -0.00208300 0.11641600
v 0.02783200 0.00310300 0.11446700
v 0.02466000 0.00277900 0.11641600
v 0.02674400 0.00848000 0.11446700
v 0.02369500 0.00754400 0.11641600
v 0.02462700 0.01354200 0.11446700
v 0.02182000 0.01202900 0.11641600
v 0.02156300 0.01809300 0.11446700
v 0.01910500 0.01606200 0.11641600
v 0.01767000 0.02196000 0.11446700
v 0.01565500 0.01948800 0.11641600
v 0.01309800 0.02499300 0.11446700
v 0.01160400 0.02217500 0.11641600
v 0.00802100 0.02707600 0.11446700
v 0.00710600 0.02402100 0.11641600
v 0.00263700 0.02812800 0.11446700
v 0.00233500 0.02495300 0.11641600
v -0.00285000 0.02810900 0.11446700
v -0.00252700 0.02493600 0.11641600
v -0.00822700 0.02702000 0.11446700
v -0.00729100 0.02397200 0.11641600
v -0.01329000 0.02490300 0.11446700
v -0.01177700 0.02209600 0.11641600
v -0.01784100 0.02184000 0.11446700
v -0.01581000 0.01938200 0.11641600
v -0.02170800 0.01794700 0.11446700
v -0.01923600 0.01593200 0.11641600
v -0.02452600 -0.00223400 0.12034000
v -0.02454200 0.00259700 0.12034000
v -0.02356800 -0.00696800 0.12034000
v -0.02170400 -0.01142500 0.12034000
v -0.01900700 -0.01543200 0.12034000
v -0.01557900 -0.01883600 0.12034000
v -0.01155400 -0.02150600 0.12034000
v -0.00708500 -0.02334000 0.12034000
v -0.00234400 -0.02426600 0.12034000
v 0.00248700 -0.02424900 0.12034000
v 0.00722000 -0.02329100 0.12034000
v 0.01167700 -0.02142700 0.12034000
v 0.01568400 -0.01873000 0.12034000
v 0.01908800 -0.01530300 0.12034000
v 0.02175800 -0.01127800 0.12034000
v 0.02359200 -0.00680800 0.12034000
v 0.02451800 -0.00206800 0.12034000
v 0.02450200 0.00276300 0.12034000
v 0.02354300 0.00749700 0.12034000
v 0.02167900 0.01195400 0.12034000
v 0.01898200 0.01596100 0.12034000
v 0.01555500 0.01936500 0.12034000
v 0.01153000 0.02203500 0.12034000
v 0.00706000 0.02386800 0.12034000
v 0.00232000 0.02479400 0.12034000
v -0.00251100 0.02477800 0.12034000
v -0.00724500 0.02382000 0.12034000
v -0.01170200 0.02195600 0.12034000
v -0.01570800 0.01925900 0.12034000
v -0.01911300 0.01583100 0.12034000
v -0.02219500 0.01202500 0.13698000
v -0.02406300 0.00747100 0.13698000
v -0.02366900 0.00735300 0.12212200
v -0.02183100 0.01183200 0.12212200
v -0.02477900 0.00768500 0.12351900
v -0.02285500 0.01237500 0.12351900
v -0.02177300 0.01180100 0.12493100
v -0.02360500 0.00733400 0.12493100
v -0.02354800 0.00731700 0.12712600
v -0.02172000 0.01177300 0.12712600
v -0.02500700 0.00264100 0.13698000
v -0.01947400 0.01612600 0.13698000
v -0.01600600 0.01961800 0.13698000
v -0.01192300 0.02236700 0.13698000
v -0.00738200 0.02426600 0.13698000
v -0.00255800 0.02524200 0.13698000
v 0.00236400 0.02525900 0.13698000
v 0.00719400 0.02431500 0.13698000
v 0.01174800 0.02244700 0.13698000
v 0.01585000 0.01972700 0.13698000
v 0.01934200 0.01625800 0.13698000
v 0.02209000 0.01217500 0.13698000
v 0.02398900 0.00763400 0.13698000
v 0.02496600 0.00281000 0.13698000
v 0.02498200 -0.00211200 0.13698000
v 0.02403900 -0.00694200 0.13698000
v 0.02217000 -0.01149600 0.13698000
v 0.01945000 -0.01559700 0.13698000
v 0.01598100 -0.01909000 0.13698000
v 0.01189900 -0.02183800 0.13698000
v 0.00735700 -0.02373700 0.13698000
v 0.00253400 -0.02471300 0.13698000
v -0.00238800 -0.02473000 0.13698000
v -0.00721900 -0.02378600 0.13698000
v -0.01177300 -0.02191800 0.13698000
v -0.01587400 -0.01919800 0.13698000
v -0.01936600 -0.01572900 0.13698000
v -0.02211400 -0.01164600 0.13698000
v -0.02401300 -0.00710500 0.13698000
v -0.02499000 -0.00228200 0.13698000
v -0.02458000 -0.00224000 0.12212200
v -0.02459700 0.00260200 0.12212200
v -0.02362000 -0.00698400 0.12212200
v -0.02175200 -0.01145100 0.12212200
v -0.01904900 -0.01546700 0.12212200
v -0.01561400 -0.01887900 0.12212200
v -0.01158000 -0.02155400 0.12212200
v -0.00710000 -0.02339200 0.12212200
v -0.00235000 -0.02432000 0.12212200
v 0.00249200 -0.02430400 0.12212200
v 0.00723700 -0.02334300 0.12212200
v 0.01170300 -0.02147500 0.12212200
v 0.01571900 -0.01877200 0.12212200
v 0.01913100 -0.01533700 0.12212200
v 0.02180700 -0.01130300 0.12212200
v 0.02364400 -0.00682400 0.12212200
v 0.02457200 -0.00207300 0.12212200
v 0.02455600 0.00276900 0.12212200
v 0.02359600 0.00751300 0.12212200
v 0.02172800 0.01198000 0.12212200
v 0.01902500 0.01599600 0.12212200
v 0.01558900 0.01940700 0.12212200
v 0.01155500 0.02208300 0.12212200
v 0.00707600 0.02392100 0.12212200
v 0.00232500 0.02484900 0.12212200
v -0.00251600 0.02483300 0.12212200
v -0.00726100 0.02387200 0.12212200
v -0.01172800 0.02200400 0.12212200
v -0.01574300 0.01930100 0.12212200
v -0.01915500 0.01586600 0.12212200
v -0.02573400 -0.00235700 0.12351900
v -0.02575100 0.00271100 0.12351900
v -0.02472800 -0.00732500 0.12351900
v -0.02277300 -0.01200100 0.12351900
v -0.01994300 -0.01620500 0.12351900
v -0.01634600 -0.01977700 0.12351900
v -0.01212300 -0.02257900 0.12351900
v -0.00743300 -0.02450300 0.12351900
v -0.00245900 -0.02547500 0.12351900
v 0.00261000 -0.02545700 0.12351900
v 0.00757700 -0.02445200 0.12351900
v 0.01225300 -0.02249600 0.12351900
v 0.01645800 -0.01966600 0.12351900
v 0.02003000 -0.01607000 0.12351900
v 0.02283100 -0.01184600 0.12351900
v 0.02475500 -0.00715700 0.12351900
v 0.02572700 -0.00218300 0.12351900
v 0.02571000 0.00288600 0.12351900
v 0.02470400 0.00785300 0.12351900
v 0.02274800 0.01253000 0.12351900
v 0.01991800 0.01673400 0.12351900
v 0.01632200 0.02030600 0.12351900
v 0.01209900 0.02310800 0.12351900
v 0.00740900 0.02503100 0.12351900
v 0.00243500 0.02600300 0.12351900
v -0.00263400 0.02598600 0.12351900
v -0.00760100 0.02498000 0.12351900
v -0.01227800 0.02302500 0.12351900
v -0.01648200 0.02019500 0.12351900
v -0.02005400 0.01659800 0.12351900
v -0.02453100 0.00259600 0.12493100
v -0.02451500 -0.00223300 0.12493100
v -0.02355700 -0.00696500 0.12493100
v -0.02169400 -0.01142000 0.12493100
v -0.01899800 -0.01542500 0.12493100
v -0.01557200 -0.01882800 0.12493100
v -0.01154900 -0.02149600 0.12493100
v -0.00708100 -0.02332900 0.12493100
v -0.00234300 -0.02425500 0.12493100
v 0.00248500 -0.02423800 0.12493100
v 0.00721700 -0.02328000 0.12493100
v 0.01167200 -0.02141700 0.12493100
v 0.01567700 -0.01872200 0.12493100
v 0.01908000 -0.01529600 0.12493100
v 0.02174800 -0.01127200 0.12493100
v 0.02358100 -0.00680500 0.12493100
v 0.02450700 -0.00206700 0.12493100
v 0.02449000 0.00276200 0.12493100
v 0.02353300 0.00749400 0.12493100
v 0.02167000 0.01194900 0.12493100
v 0.01897400 0.01595400 0.12493100
v 0.01554800 0.01935600 0.12493100
v 0.01152500 0.02202500 0.12493100
v 0.00705700 0.02385800 0.12493100
v 0.00231900 0.02478300 0.12493100
v -0.00251000 0.02476700 0.12493100
v -0.00724100 0.02380900 0.12493100
v -0.01169600 0.02194600 0.12493100
v -0.01570100 0.01925000 0.12493100
v -0.01910400 0.01582400 0.12493100
v -0.02445600 -0.00222700 0.12712600
v -0.02447200 0.00259000 0.12712600
v -0.02350000 -0.00694800 0.12712600
v -0.02164100 -0.01139200 0.12712600
v -0.01895200 -0.01538700 0.12712600
v -0.01553500 -0.01878200 0.12712600
v -0.01152100 -0.02144400 0.12712600
v -0.00706400 -0.02327200 0.12712600
v -0.00233800 -0.02419500 0.12712600
v 0.00247900 -0.02417900 0.12712600
v 0.00720000 -0.02322300 0.12712600
v 0.01164400 -0.02136500 0.12712600
v 0.01563900 -0.01867600 0.12712600
v 0.01903400 -0.01525800 0.12712600
v 0.02169600 -0.01124500 0.12712600
v 0.02352400 -0.00678800 0.12712600
v 0.02444800 -0.00206100 0.12712600
v 0.02443100 0.00275600 0.12712600
v 0.02347600 0.00747600 0.12712600
v 0.02161700 0.01192000 0.12712600
v 0.01892800 0.01591600 0.12712600
v 0.01551000 0.01931000 0.12712600
v 0.01149700 0.02197200 0.12712600
v 0.00704000 0.02380100 0.12712600
v 0.00231300 0.02472400 0.12712600
v -0.00250400 0.02470800 0.12712600
v -0.00722400 0.02375200 0.12712600
v -0.01166800 0.02189400 0.12712600
v -0.01566300 0.01920400 0.12712600
v -0.01905800 0.01578700 0.12712600
v -0.03025400 0.00314000 0.06387500
v -0.02911200 0.00898400 0.06387500
v -0.02685200 0.01449400 0.06387500
v -0.02356100 0.01945600 0.06387500
v -0.01936300 0.02368200 0.06387500
v -0.01442400 0.02700700 0.06387500
v -0.00892900 0.02930500 0.06387500
v -0.00309300 0.03048600 0.06387500
v 0.00286300 0.03050700 0.06387500
v 0.00870700 0.02936500 0.06387500
v 0.01421700 0.02710400 0.06387500
v 0.01918000 0.02381300 0.06387500
v 0.02340600 0.01961600 0.06387500
v 0.02673000 0.01467600 0.06387500
v 0.02902800 0.00918100 0.06387500
v 0.03021000 0.00334500 0.06387500
v 0.03023000 -0.00261100 0.06387500
v 0.02908800 -0.00845500 0.06387500
v 0.02682800 -0.01396500 0.06387500
v 0.02353600 -0.01892700 0.06387500
v 0.01933900 -0.02315300 0.06387500
v 0.01439900 -0.02647800 0.06387500
v 0.00890500 -0.02877600 0.06387500
v 0.00306800 -0.02995800 0.06387500
v -0.00288700 -0.02997800 0.06387500
v -0.00873200 -0.02883600 0.06387500
v -0.01424200 -0.02657500 0.06387500
v -0.01920400 -0.02328400 0.06387500
v -0.02343000 -0.01908700 0.06387500
v -0.02675500 -0.01414700 0.06387500
v -0.02905300 -0.00865200 0.06387500
v -0.03023400 -0.00281600 0.06387500
v -0.03141700 0.00325000 0.05822400
v -0.03023200 0.00931900 0.05822400
v -0.02788400 0.01504100 0.05822400
v -0.02446600 0.02019400 0.05822400
v -0.02010800 0.02458300 0.05822400
v -0.01497800 0.02803500 0.05822400
v -0.00927200 0.03042200 0.05822400
v -0.00321100 0.03164900 0.05822400
v 0.00297400 0.03167000 0.05822400
v 0.00904300 0.03048400 0.05822400
v 0.01476500 0.02813600 0.05822400
v 0.01991800 0.02471800 0.05822400
v 0.02430600 0.02036000 0.05822400
v 0.02775900 0.01523000 0.05822400
v 0.03014500 0.00952400 0.05822400
v 0.03137200 0.00346300 0.05822400
v 0.03139300 -0.00272200 0.05822400
v 0.03020700 -0.00879000 0.05822400
v 0.02786000 -0.01451300 0.05822400
v 0.02444200 -0.01966600 0.05822400
v 0.02008300 -0.02405400 0.05822400
v 0.01495400 -0.02750700 0.05822400
v 0.00924800 -0.02989300 0.05822400
v 0.00318700 -0.03112000 0.05822400
v -0.00299800 -0.03114100 0.05822400
v -0.00906700 -0.02995500 0.05822400
v -0.01478900 -0.02760800 0.05822400
v -0.01994200 -0.02419000 0.05822400
v -0.02433000 -0.01983100 0.05822400
v -0.02778300 -0.01470100 0.05822400
v -0.03016900 -0.00899500 0.05822400
v -0.03139600 -0.00293500 0.05822400
v -0.03695100 0.00377600 0.04809600
v -0.03555700 0.01091500 0.04809600
v -0.03279600 0.01764500 0.04809600
v -0.02877500 0.02370600 0.04809600
v -0.02364900 0.02886800 0.04809600
v -0.01761500 0.03292900 0.04809600
v -0.01090400 0.03573600 0.04809600
v -0.00377500 0.03717900 0.04809600
v 0.00350000 0.03720400 0.04809600
v 0.01063800 0.03580900 0.04809600
v 0.01736900 0.03304800 0.04809600
v 0.02343000 0.02902700 0.04809600
v 0.02859100 0.02390100 0.04809600
v 0.03265300 0.01786700 0.04809600
v 0.03545900 0.01115600 0.04809600
v 0.03690200 0.00402700 0.04809600
v 0.03692700 -0.00324800 0.04809600
v 0.03553200 -0.01038600 0.04809600
v 0.03277100 -0.01711600 0.04809600
v 0.02875100 -0.02317800 0.04809600
v 0.02362400 -0.02833900 0.04809600
v 0.01759100 -0.03240000 0.04809600
v 0.01087900 -0.03520700 0.04809600
v 0.00375100 -0.03665000 0.04809600
v -0.00352400 -0.03667500 0.04809600
v -0.01066200 -0.03528000 0.04809600
v -0.01739300 -0.03251900 0.04809600
v -0.02345400 -0.02849900 0.04809600
v -0.02861500 -0.02337200 0.04809600
v -0.03267700 -0.01733900 0.04809600
v -0.03548400 -0.01062700 0.04809600
v -0.03692700 -0.00349800 0.04809600
v -0.04298600 0.00435000 0.03739500
v -0.04136400 0.01265500 0.03739500
v -0.03815200 0.02048500 0.03739500
v -0.03347400 0.02753600 0.03739500
v -0.02751000 0.03354100 0.03739500
v -0.02049100 0.03826600 0.03739500
v -0.01268300 0.04153100 0.03739500
v -0.00439000 0.04321000 0.03739500
v 0.00407400 0.04323900 0.03739500
v 0.01237800 0.04161600 0.03739500
v 0.02020800 0.03840400 0.03739500
v 0.02726000 0.03372700 0.03739500
v 0.03326400 0.02776300 0.03739500
v 0.03798900 0.02074300 0.03739500
v 0.04125400 0.01293500 0.03739500
v 0.04293300 0.00464200 0.03739500
v 0.04296200 -0.00382100 0.03739500
v 0.04133900 -0.01212600 0.03739500
v 0.03812700 -0.01995600 0.03739500
v 0.03345000 -0.02700700 0.03739500
v 0.02748600 -0.03301200 0.03739500
v 0.02046700 -0.03773700 0.03739500
v 0.01265900 -0.04100200 0.03739500
v 0.00436500 -0.04268100 0.03739500
v -0.00409800 -0.04271000 0.03739500
v -0.01240200 -0.04108700 0.03739500
v -0.02023200 -0.03787500 0.03739500
v -0.02728400 -0.03319800 0.03739500
v -0.03328900 -0.02723400 0.03739500
v -0.03801300 -0.02021400 0.03739500
v -0.04127900 -0.01240600 0.03739500
v -0.04295800 -0.00411300 0.03739500
v -0.04541100 0.00458100 0.03130800
v -0.04369700 0.01335400 0.03130800
v -0.04030300 0.02162500 0.03130800
v -0.03536200 0.02907500 0.03130800
v -0.02906200 0.03541800 0.03130800
v -0.02164600 0.04041000 0.03130800
v -0.01339800 0.04385900 0.03130800
v -0.00463600 0.04563300 0.03130800
v 0.00430400 0.04566300 0.03130800
v 0.01307700 0.04394900 0.03130800
v 0.02134900 0.04055600 0.03130800
v 0.02879800 0.03561500 0.03130800
v 0.03514200 0.02931400 0.03130800
v 0.04013300 0.02189800 0.03130800
v 0.04358300 0.01365000 0.03130800
v 0.04535600 0.00488900 0.03130800
v 0.04538700 -0.00405200 0.03130800
v 0.04367300 -0.01282500 0.03130800
v 0.04027900 -0.02109700 0.03130800
v 0.03533800 -0.02854600 0.03130800
v 0.02903800 -0.03489000 0.03130800
v 0.02162200 -0.03988100 0.03130800
v 0.01337300 -0.04333000 0.03130800
v 0.00461200 -0.04510400 0.03130800
v -0.00432800 -0.04513400 0.03130800
v -0.01310200 -0.04342000 0.03130800
v -0.02137300 -0.04002700 0.03130800
v -0.02882300 -0.03508600 0.03130800
v -0.03516600 -0.02878500 0.03130800
v -0.04015700 -0.02137000 0.03130800
v -0.04360700 -0.01312100 0.03130800
v -0.04538100 -0.00436000 0.03130800
v -0.04741000 0.00477100 0.02553800
v -0.04562100 0.01393000 0.02553800
v -0.04207800 0.02256600 0.02553800
v -0.03691900 0.03034400 0.02553800
v -0.03034100 0.03696600 0.02553800
v -0.02259900 0.04217800 0.02553800
v -0.01398700 0.04577900 0.02553800
v -0.00484000 0.04763100 0.02553800
v 0.00449400 0.04766200 0.02553800
v 0.01365400 0.04587300 0.02553800
v 0.02229000 0.04233000 0.02553800
v 0.03006700 0.03717100 0.02553800
v 0.03669000 0.03059300 0.02553800
v 0.04190100 0.02285100 0.02553800
v 0.04550300 0.01423900 0.02553800
v 0.04735400 0.00509200 0.02553800
v 0.04738600 -0.00424200 0.02553800
v 0.04559600 -0.01340100 0.02553800
v 0.04205300 -0.02203800 0.02553800
v 0.03689500 -0.02981500 0.02553800
v 0.03031700 -0.03643800 0.02553800
v 0.02257500 -0.04164900 0.02553800
v 0.01396300 -0.04525000 0.02553800
v 0.00481600 -0.04710200 0.02553800
v -0.00451900 -0.04713400 0.02553800
v -0.01367800 -0.04534400 0.02553800
v -0.02231400 -0.04180100 0.02553800
v -0.03009100 -0.03664300 0.02553800
v -0.03671400 -0.03006500 0.02553800
v -0.04192500 -0.02232300 0.02553800
v -0.04552700 -0.01371100 0.02553800
v -0.04737900 -0.00456400 0.02553800
v -0.04932200 0.00495200 0.01615500
v -0.04746000 0.01448100 0.01615500
v -0.04377400 0.02346500 0.01615500
v -0.03840800 0.03155700 0.01615500
v -0.03156400 0.03844600 0.01615500
v -0.02351000 0.04386800 0.01615500
v -0.01455100 0.04761500 0.01615500
v -0.00503500 0.04954100 0.01615500
v 0.00467600 0.04957400 0.01615500
v 0.01420500 0.04771200 0.01615500
v 0.02318900 0.04402600 0.01615500
v 0.03128000 0.03866000 0.01615500
v 0.03817000 0.03181700 0.01615500
v 0.04359100 0.02376200 0.01615500
v 0.04733800 0.01480300 0.01615500
v 0.04926400 0.00528700 0.01615500
v 0.04929700 -0.00442400 0.01615500
v 0.04743600 -0.01395300 0.01615500
v 0.04375000 -0.02293700 0.01615500
v 0.03838300 -0.03102800 0.01615500
v 0.03154000 -0.03791800 0.01615500
v 0.02348500 -0.04333900 0.01615500
v 0.01452700 -0.04708600 0.01615500
v 0.00501100 -0.04901200 0.01615500
v -0.00470000 -0.04904500 0.01615500
v -0.01422900 -0.04718300 0.01615500
v -0.02321300 -0.04349800 0.01615500
v -0.03130400 -0.03813100 0.01615500
v -0.03819400 -0.03128800 0.01615500
v -0.04361600 -0.02323300 0.01615500
v -0.04736200 -0.01427400 0.01615500
v -0.04928900 -0.00475800 0.01615500
v -0.05006700 0.00502300 0.00769300
v -0.04817800 0.01469600 0.00769300
v -0.04443600 0.02381700 0.00769300
v -0.03898800 0.03203000 0.00769300
v -0.03204100 0.03902400 0.00769300
v -0.02386500 0.04452700 0.00769300
v -0.01477100 0.04833100 0.00769300
v -0.00511100 0.05028600 0.00769300
v 0.00474700 0.05032000 0.00769300
v 0.01442000 0.04843000 0.00769300
v 0.02354000 0.04468800 0.00769300
v 0.03175300 0.03924000 0.00769300
v 0.03874700 0.03229400 0.00769300
v 0.04425100 0.02411700 0.00769300
v 0.04805400 0.01502300 0.00769300
v 0.05001000 0.00536300 0.00769300
v 0.05004300 -0.00449500 0.00769300
v 0.04815300 -0.01416800 0.00769300
v 0.04441200 -0.02328800 0.00769300
v 0.03896400 -0.03150100 0.00769300
v 0.03201700 -0.03849500 0.00769300
v 0.02384100 -0.04399900 0.00769300
v 0.01474600 -0.04780200 0.00769300
v 0.00508700 -0.04975700 0.00769300
v -0.00477100 -0.04979100 0.00769300
v -0.01444400 -0.04790100 0.00769300
v -0.02356400 -0.04416000 0.00769300
v -0.03177800 -0.03871200 0.00769300
v -0.03877200 -0.03176500 0.00769300
v -0.04427500 -0.02358900 0.00769300
v -0.04807900 -0.01449400 0.00769300
v -0.05003400 -0.00483400 0.00769300
v -0.04817700 0.01469600 -0.00945600
v -0.04443500 0.02381600 -0.00944200
v -0.03898700 0.03202900 -0.00939700
v -0.03204100 0.03902300 -0.00940400
v -0.02386500 0.04452600 -0.00940300
v -0.01477000 0.04833000 -0.00937000
v -0.00511100 0.05028500 -0.00939400
v 0.00474700 0.05031900 -0.00939300
v 0.01442000 0.04842900 -0.00935400
v 0.02354000 0.04468700 -0.00942000
v 0.03175300 0.03924000 -0.00942900
v 0.03874700 0.03229300 -0.00941600
v 0.04425000 0.02411700 -0.00944300
v 0.04805300 0.01502300 -0.00943000
v 0.05000900 0.00536300 -0.00937900
v 0.05004200 -0.00449500 -0.00939400
v 0.04815200 -0.01416700 -0.00939000
v 0.04441100 -0.02328700 -0.00938100
v 0.03896300 -0.03150000 -0.00940500
v 0.03201600 -0.03849400 -0.00939800
v 0.02384000 -0.04399800 -0.00945700
v 0.01474600 -0.04780100 -0.00943400
v 0.00508600 -0.04975600 -0.00943400
v -0.00477100 -0.04979000 -0.00941900
v -0.01444400 -0.04790000 -0.00943400
v -0.02356400 -0.04415900 -0.00941400
v -0.03177700 -0.03871100 -0.00943300
v -0.03877100 -0.03176400 -0.00943100
v -0.04427400 -0.02358800 -0.00942700
v -0.04807700 -0.01449400 -0.00944600
v -0.05003300 -0.00483400 -0.00939500
v -0.05006600 0.00502300 -0.00942000
v 0.02354000 0.04468700 -0.12727100
v 0.03896300 -0.03150000 -0.12727100
v -0.04817700 0.01469600 -0.12727400
v -0.04443500 0.02381600 -0.12726300
v -0.03898700 0.03202900 -0.12723000
v -0.03204100 0.03902300 -0.12725900
v -0.02386500 0.04452600 -0.12724700
v -0.01477000 0.04833000 -0.12722500
v -0.00511100 0.05028500 -0.12728400
v 0.00474700 0.05031900 -0.12725300
v 0.01442000 0.04842900 -0.12725500
v 0.03175300 0.03924000 -0.12726800
v 0.03874700 0.03229300 -0.12725400
v 0.04425000 0.02411700 -0.12726200
v 0.04805300 0.01502300 -0.12725400
v 0.05000900 0.00536300 -0.12726200
v 0.05004200 -0.00449500 -0.12725300
v 0.04815200 -0.01416700 -0.12726100
v 0.04441100 -0.02328700 -0.12723900
v 0.02384000 -0.04399800 -0.12728400
v 0.01474600 -0.04780100 -0.12726000
v 0.00508600 -0.04975600 -0.12725000
v -0.00477100 -0.04979000 -0.12723000
v -0.01444400 -0.04790000 -0.12726100
v -0.02356400 -0.04415900 -0.12726100
v -0.03177700 -0.03871100 -0.12725500
v -0.03877100 -0.03176400 -0.12727300
v -0.04427400 -0.02358800 -0.12727500
v -0.04807700 -0.01449400 -0.12725700
v -0.05003300 -0.00483400 -0.12725800
v 0.03201600 -0.03849400 -0.12727500
v -0.05006600 0.00502300 -0.12726800
v -0.05006700 0.00502300 -0.13519200
v -0.04817800 0.01469600 -0.13519200
v -0.04443600 0.02381600 -0.13519200
v -0.03898800 0.03203000 -0.13519200
v -0.03204100 0.03902400 -0.13519200
v -0.02386500 0.04452700 -0.13519200
v -0.01477100 0.04833100 -0.13519200
v -0.00511100 0.05028600 -0.13519200
v 0.00474700 0.05032000 -0.13519200
v 0.01442000 0.04843000 -0.13519200
v 0.02354000 0.04468800 -0.13519200
v 0.03175300 0.03924000 -0.13519200
v 0.03874700 0.03229400 -0.13519200
v 0.04425100 0.02411700 -0.13519200
v 0.04805400 0.01502300 -0.13519200
v 0.05001000 0.00536300 -0.13519200
v 0.05004300 -0.00449500 -0.13519200
v 0.04815300 -0.01416800 -0.13519200
v 0.04441200 -0.02328800 -0.13519200
v 0.03896400 -0.03150100 -0.13519200
v 0.03201700 -0.03849500 -0.13519200
v 0.02384100 -0.04399900 -0.13519200
v 0.01474600 -0.04780200 -0.13519200
v 0.00508700 -0.04975700 -0.13519200
v -0.00477100 -0.04979100 -0.13519200
v -0.01444400 -0.04790100 -0.13519200
v -0.02356400 -0.04415900 -0.13519200
v -0.03177800 -0.03871200 -0.13519200
v -0.03877200 -0.03176500 -0.13519200
v -0.04427500 -0.02358900 -0.13519200
v -0.04807800 -0.01449400 -0.13519200
v -0.05003400 -0.00483400 -0.13519200
v -0.04957600 0.00497700 -0.14101000
v -0.04770400 0.01455500 -0.14101000
v -0.04400000 0.02358500 -0.14101000
v -0.03860500 0.03171800 -0.14101000
v -0.03172700 0.03864300 -0.14101000
v -0.02363100 0.04409200 -0.14101000
v -0.01462600 0.04785800 -0.14101000
v -0.00506100 0.04979500 -0.14101000
v 0.00470000 0.04982800 -0.14101000
v 0.01427800 0.04795600 -0.14101000
v 0.02330900 0.04425200 -0.14101000
v 0.03144100 0.03885700 -0.14101000
v 0.03836700 0.03197900 -0.14101000
v 0.04381600 0.02388300 -0.14101000
v 0.04758200 0.01487800 -0.14101000
v 0.04951800 0.00531300 -0.14101000
v 0.04955100 -0.00444800 -0.14101000
v 0.04768000 -0.01402600 -0.14101000
v 0.04397500 -0.02305600 -0.14101000
v 0.03858100 -0.03118900 -0.14101000
v 0.03170200 -0.03811400 -0.14101000
v 0.02360700 -0.04356400 -0.14101000
v 0.01460100 -0.04733000 -0.14101000
v 0.00503600 -0.04926600 -0.14101000
v -0.00472400 -0.04929900 -0.14101000
v -0.01430200 -0.04742800 -0.14101000
v -0.02333300 -0.04372300 -0.14101000
v -0.03146500 -0.03832900 -0.14101000
v -0.03839100 -0.03145000 -0.14101000
v -0.04384000 -0.02335400 -0.14101000
v -0.04760600 -0.01434900 -0.14101000
v -0.04954200 -0.00478400 -0.14101000
v -0.04829800 0.00485500 -0.14388100
v -0.04647500 0.01418600 -0.14388100
v -0.04286600 0.02298400 -0.14388100
v -0.03761100 0.03090700 -0.14388100
v -0.03090900 0.03765400 -0.14388100
v -0.02302200 0.04296300 -0.14388100
v -0.01424900 0.04663200 -0.14388100
v -0.00493100 0.04851800 -0.14388100
v 0.00457900 0.04855000 -0.14388100
v 0.01391000 0.04672700 -0.14388100
v 0.02270800 0.04311800 -0.14388100
v 0.03063100 0.03786300 -0.14388100
v 0.03737800 0.03116200 -0.14388100
v 0.04268600 0.02327400 -0.14388100
v 0.04635500 0.01450100 -0.14388100
v 0.04824200 0.00518300 -0.14388100
v 0.04827400 -0.00432600 -0.14388100
v 0.04645100 -0.01365800 -0.14388100
v 0.04284200 -0.02245500 -0.14388100
v 0.03758600 -0.03037800 -0.14388100
v 0.03088500 -0.03712500 -0.14388100
v 0.02299800 -0.04243400 -0.14388100
v 0.01422500 -0.04610300 -0.14388100
v 0.00490600 -0.04798900 -0.14388100
v -0.00460300 -0.04802200 -0.14388100
v -0.01393400 -0.04619900 -0.14388100
v -0.02273200 -0.04258900 -0.14388100
v -0.03065500 -0.03733400 -0.14388100
v -0.03740200 -0.03063300 -0.14388100
v -0.04271100 -0.02274600 -0.14388100
v -0.04638000 -0.01397300 -0.14388100
v -0.04826600 -0.00465400 -0.14388100
v -0.04745200 0.00477500 -0.14370100
v -0.04566100 0.01394200 -0.14370100
v -0.04211500 0.02258600 -0.14370100
v -0.03695200 0.03037000 -0.14370100
v -0.03036800 0.03699900 -0.14370100
v -0.02261900 0.04221500 -0.14370100
v -0.01400000 0.04581900 -0.14370100
v -0.00484400 0.04767300 -0.14370100
v 0.00449800 0.04770400 -0.14370100
v 0.01366600 0.04591300 -0.14370100
v 0.02230900 0.04236700 -0.14370100
v 0.03009400 0.03720400 -0.14370100
v 0.03672200 0.03062000 -0.14370100
v 0.04193800 0.02287100 -0.14370100
v 0.04554300 0.01425200 -0.14370100
v 0.04739600 0.00509700 -0.14370100
v 0.04742800 -0.00424600 -0.14370100
v 0.04563700 -0.01341400 -0.14370100
v 0.04209100 -0.02205700 -0.14370100
v 0.03692800 -0.02984200 -0.14370100
v 0.03034400 -0.03647000 -0.14370100
v 0.02259500 -0.04168600 -0.14370100
v 0.01397500 -0.04529100 -0.14370100
v 0.00482000 -0.04714400 -0.14370100
v -0.00452300 -0.04717600 -0.14370100
v -0.01369000 -0.04538500 -0.14370100
v -0.02233400 -0.04183900 -0.14370100
v -0.03011800 -0.03667500 -0.14370100
v -0.03674700 -0.03009200 -0.14370100
v -0.04196300 -0.02234200 -0.14370100
v -0.04556700 -0.01372300 -0.14370100
v -0.04742100 -0.00456800 -0.14370100
v -0.04341000 0.00439000 -0.14370100
v -0.04177100 0.01277700 -0.14370100
v -0.03852700 0.02068400 -0.14370100
v -0.03380400 0.02780500 -0.14370100
v -0.02778100 0.03386900 -0.14370100
v -0.02069300 0.03864000 -0.14370100
v -0.01280800 0.04193700 -0.14370100
v -0.00443300 0.04363300 -0.14370100
v 0.00411400 0.04366200 -0.14370100
v 0.01250000 0.04202300 -0.14370100
v 0.02040700 0.03878000 -0.14370100
v 0.02752800 0.03405600 -0.14370100
v 0.03359200 0.02803400 -0.14370100
v 0.03836400 0.02094500 -0.14370100
v 0.04166100 0.01306000 -0.14370100
v 0.04335600 0.00468500 -0.14370100
v 0.04338500 -0.00386200 -0.14370100
v 0.04174700 -0.01224800 -0.14370100
v 0.03850300 -0.02015500 -0.14370100
v 0.03378000 -0.02727600 -0.14370100
v 0.02775700 -0.03334000 -0.14370100
v 0.02066800 -0.03811100 -0.14370100
v 0.01278300 -0.04140900 -0.14370100
v 0.00440800 -0.04310400 -0.14370100
v -0.00413800 -0.04313300 -0.14370100
v -0.01252500 -0.04149500 -0.14370100
v -0.02043200 -0.03825100 -0.14370100
v -0.02755300 -0.03352800 -0.14370100
v -0.03361600 -0.02750500 -0.14370100
v -0.03838800 -0.02041600 -0.14370100
v -0.04168500 -0.01253100 -0.14370100
v -0.04338100 -0.00415600 -0.14370100
v -0.03966800 0.00403500 -0.14376700
v -0.03817100 0.01169800 -0.14376700
v -0.03520700 0.01892300 -0.14376700
v -0.03089100 0.02543000 -0.14376700
v -0.02538700 0.03097100 -0.14376700
v -0.01890900 0.03533100 -0.14376700
v -0.01170400 0.03834400 -0.14376700
v -0.00405100 0.03989400 -0.14376700
v 0.00375800 0.03992000 -0.14376700
v 0.01142100 0.03842300 -0.14376700
v 0.01864700 0.03545900 -0.14376700
v 0.02515400 0.03114300 -0.14376700
v 0.03069500 0.02563900 -0.14376700
v 0.03505500 0.01916200 -0.14376700
v 0.03806800 0.01195700 -0.14376700
v 0.03961700 0.00430400 -0.14376700
v 0.03964400 -0.00350600 -0.14376700
v 0.03814600 -0.01116900 -0.14376700
v 0.03518200 -0.01839500 -0.14376700
v 0.03086600 -0.02490100 -0.14376700
v 0.02536300 -0.03044300 -0.14376700
v 0.01888500 -0.03480300 -0.14376700
v 0.01168000 -0.03781600 -0.14376700
v 0.00402700 -0.03936500 -0.14376700
v -0.00378200 -0.03939100 -0.14376700
v -0.01144600 -0.03789400 -0.14376700
v -0.01867100 -0.03493000 -0.14376700
v -0.02517800 -0.03061400 -0.14376700
v -0.03071900 -0.02511000 -0.14376700
v -0.03507900 -0.01863300 -0.14376700
v -0.03809200 -0.01142800 -0.14376700
v -0.03964100 -0.00377500 -0.14376700
v -0.03794800 0.00387100 -0.14218900
v -0.03651600 0.01120200 -0.14218900
v -0.03368000 0.01811400 -0.14218900
v -0.02955100 0.02433900 -0.14218900
v -0.02428700 0.02964000 -0.14218900
v -0.01809000 0.03381100 -0.14218900
v -0.01119700 0.03669300 -0.14218900
v -0.00387600 0.03817500 -0.14218900
v 0.00359500 0.03820000 -0.14218900
v 0.01092600 0.03676800 -0.14218900
v 0.01783800 0.03393300 -0.14218900
v 0.02406200 0.02980400 -0.14218900
v 0.02936300 0.02453900 -0.14218900
v 0.03353400 0.01834200 -0.14218900
v 0.03641600 0.01145000 -0.14218900
v 0.03789800 0.00412900 -0.14218900
v 0.03792400 -0.00334200 -0.14218900
v 0.03649100 -0.01067300 -0.14218900
v 0.03365600 -0.01758500 -0.14218900
v 0.02952700 -0.02381000 -0.14218900
v 0.02426200 -0.02911100 -0.14218900
v 0.01806600 -0.03328200 -0.14218900
v 0.01117300 -0.03616400 -0.14218900
v 0.00385200 -0.03764600 -0.14218900
v -0.00361900 -0.03767200 -0.14218900
v -0.01095000 -0.03623900 -0.14218900
v -0.01786200 -0.03340400 -0.14218900
v -0.02408700 -0.02927500 -0.14218900
v -0.02938700 -0.02401000 -0.14218900
v -0.03355800 -0.01781300 -0.14218900
v -0.03644100 -0.01092100 -0.14218900
v -0.03792300 -0.00360000 -0.14218900
v -0.03564800 0.00365200 -0.14210400
v -0.03430300 0.01053900 -0.14210400
v -0.03163900 0.01703200 -0.14210400
v -0.02776100 0.02287900 -0.14210400
v -0.02281500 0.02785900 -0.14210400
v -0.01699400 0.03177700 -0.14210400
v -0.01051900 0.03448500 -0.14210400
v -0.00364200 0.03587700 -0.14210400
v 0.00337600 0.03590100 -0.14210400
v 0.01026300 0.03455500 -0.14210400
v 0.01675500 0.03189100 -0.14210400
v 0.02260300 0.02801300 -0.14210400
v 0.02758200 0.02306700 -0.14210400
v 0.03150000 0.01724600 -0.14210400
v 0.03420800 0.01077200 -0.14210400
v 0.03427900 -0.01001000 -0.14210400
v 0.03161500 -0.01650300 -0.14210400
v 0.02773600 -0.02235100 -0.14210400
v 0.01697000 -0.03124800 -0.14210400
v 0.01049500 -0.03395600 -0.14210400
v 0.00361800 -0.03534800 -0.14210400
v -0.00340000 -0.03537200 -0.14210400
v -0.01028700 -0.03402600 -0.14210400
v -0.01678000 -0.03136200 -0.14210400
v -0.02262700 -0.02748400 -0.14210400
v -0.02760700 -0.02253800 -0.14210400
v -0.03152500 -0.01671800 -0.14210400
v -0.03423200 -0.01024300 -0.14210400
v -0.03562500 -0.00336600 -0.14210400
v 0.03562400 -0.00312400 -0.14210400
v 0.03560000 0.00389400 -0.14210400
v 0.02279100 -0.02733000 -0.14210400
v -0.02173600 0.01178200 0.13919600
v -0.02356600 0.00732200 0.13919600
v -0.02449000 0.00259200 0.13919600
v -0.01907200 0.01579800 0.13919600
v -0.02447400 -0.00222900 0.13919600
v -0.02351800 -0.00695300 0.13919600
v -0.02165800 -0.01140000 0.13919600
v -0.01896600 -0.01539900 0.13919600
v -0.01554600 -0.01879600 0.13919600
v -0.01153000 -0.02146000 0.13919600
v -0.00707000 -0.02328900 0.13919600
v -0.00233900 -0.02421400 0.13919600
v 0.00248100 -0.02419700 0.13919600
v 0.00720500 -0.02324100 0.13919600
v 0.01165300 -0.02138100 0.13919600
v 0.01565100 -0.01869000 0.13919600
v 0.01904800 -0.01527000 0.13919600
v 0.02171200 -0.01125300 0.13919600
v 0.02354200 -0.00679300 0.13919600
v 0.02446600 -0.00206300 0.13919600
v 0.02445000 0.00275800 0.13919600
v 0.02349300 0.00748200 0.13919600
v 0.02163300 0.01192900 0.13919600
v 0.01894200 0.01592700 0.13919600
v 0.01552200 0.01932500 0.13919600
v 0.01150500 0.02198900 0.13919600
v 0.00704500 0.02381800 0.13919600
v 0.00231500 0.02474300 0.13919600
v -0.00250500 0.02472600 0.13919600
v -0.00722900 0.02377000 0.13919600
v -0.01167700 0.02191000 0.13919600
v -0.01567500 0.01921900 0.13919600
vn -0.9955 0.0946 0.0004
vn -0.9579 0.2870 0.0088
vn -0.9579 0.2870 0.0004
vn -0.8835 0.4684 0.0004
vn -0.7751 0.6317 0.0088
vn -0.7752 0.6318 0.0004
vn -0.6370 0.7708 0.0088
vn -0.6370 0.7708 0.0004
vn -0.4744 0.8803 0.0004
vn -0.4744 0.8803 0.0088
vn -0.2935 0.9559 0.0004
vn -0.1014 0.9948 0.0088
vn -0.1014 0.9948 0.0004
vn 0.0946 0.9955 0.0088
vn 0.0946 0.9955 0.0004
vn 0.2870 0.9579 0.0004
vn 0.4684 0.8835 0.0088
vn 0.4684 0.8835 0.0004
vn 0.6318 0.7752 0.0004
vn 0.6317 0.7751 0.0088
vn 0.7708 0.6370 0.0004
vn 0.8803 0.4744 0.0088
vn 0.8803 0.4744 0.0004
vn 0.9559 0.2935 0.0088
vn 0.9559 0.2935 0.0004
vn 0.9948 0.1014 0.0004
vn 0.9948 0.1014 0.0088
vn 0.9955 -0.0946 0.0004
vn 0.9955 -0.0946 0.0088
vn 0.9579 -0.2870 0.0004
vn 0.8835 -0.4684 0.0004
vn 0.9579 -0.2870 0.0088
vn 0.8835 -0.4684 0.0088
vn 0.7752 -0.6318 0.0004
vn 0.7751 -0.6317 0.0088
vn 0.6370 -0.7708 0.0088
vn 0.6370 -0.7708 0.0004
vn 0.4744 -0.8803 0.0004
vn 0.4744 -0.8803 0.0088
vn 0.2935 -0.9559 0.0004
vn 0.1014 -0.9948 0.0088
vn 0.1014 -0.9948 0.0004
vn -0.0946 -0.9955 0.0088
vn -0.0946 -0.9955 0.0004
vn -0.2870 -0.9579 0.0088
vn -0.2870 -0.9579 0.0004
vn -0.4684 -0.8835 0.0088
vn -0.4684 -0.8835 0.0004
vn -0.6318 -0.7752 0.0004
vn -0.6317 -0.7751 0.0088
vn -0.7708 -0.6370 0.0004
vn -0.7708 -0.6370 0.0088
vn -0.8803 -0.4744 0.0004
vn -0.8803 -0.4744 0.0088
vn -0.9559 -0.2935 0.0004
vn -0.8835 0.4684 0.0088
vn -0.9948 -0.1014 0.0004
vn -0.9559 -0.2935 0.0088
vn -0.9948 -0.1014 0.0088
vn -0.9955 0.0946 0.0088
vn -0.9690 0.0921 0.2293
vn -0.9683 -0.0987 0.2294
vn -0.9305 -0.2857 0.2293
vn -0.8569 -0.4617 0.2293
vn -0.7503 -0.6200 0.2294
vn -0.6149 -0.7545 0.2293
vn -0.4559 -0.8600 0.2294
vn -0.2794 -0.9324 0.2294
vn -0.0921 -0.9690 0.2294
vn 0.0987 -0.9683 0.2294
vn 0.2857 -0.9305 0.2294
vn 0.2935 -0.9559 0.0088
vn 0.4617 -0.8568 0.2294
vn 0.6200 -0.7503 0.2293
vn 0.7545 -0.6149 0.2294
vn 0.8600 -0.4559 0.2294
vn 0.9324 -0.2794 0.2294
vn 0.9690 -0.0921 0.2294
vn 0.9683 0.0987 0.2293
vn 0.9305 0.2857 0.2293
vn 0.8569 0.4617 0.2293
vn 0.7708 0.6370 0.0088
vn 0.7503 0.6200 0.2293
vn 0.6149 0.7545 0.2294
vn 0.4559 0.8600 0.2293
vn 0.2794 0.9324 0.2294
vn 0.2870 0.9579 0.0088
vn 0.0921 0.9690 0.2294
vn -0.0987 0.9683 0.2294
vn -0.2857 0.9305 0.2293
vn -0.2935 0.9559 0.0088
vn -0.4617 0.8568 0.2294
vn -0.6200 0.7503 0.2294
vn -0.7545 0.6149 0.2293
vn -0.8600 0.4559 0.2294
vn -0.9324 0.2794 0.2295
vn -0.9312 0.0885 0.3535
vn -0.9306 -0.0948 0.3535
vn -0.8942 -0.2746 0.3535
vn -0.7211 -0.5959 0.3535
vn -0.5910 -0.7251 0.3535
vn -0.4382 -0.8265 0.3535
vn -0.0885 -0.9312 0.3535
vn 0.0948 -0.9306 0.3535
vn 0.2746 -0.8942 0.3535
vn 0.5959 -0.7211 0.3535
vn 0.7251 -0.5910 0.3535
vn 0.8265 -0.4382 0.3534
vn 0.9312 -0.0885 0.3535
vn 0.9306 0.0948 0.3535
vn 0.8942 0.2746 0.3535
vn 0.7211 0.5959 0.3535
vn 0.5910 0.7251 0.3535
vn 0.4382 0.8265 0.3534
vn 0.0885 0.9313 0.3535
vn -0.0948 0.9306 0.3535
vn -0.2746 0.8942 0.3535
vn -0.8265 0.4382 0.3534
vn -0.8158 0.2445 0.5242
vn -0.6128 0.3249 0.7203
vn -0.6644 0.1991 0.7203
vn -0.5959 0.7211 0.3535
vn -0.7251 0.5910 0.3535
vn -0.8835 0.4684 0.0030
vn -0.9579 0.2870 0.0029
vn -0.8961 0.2685 0.3535
vn -0.8472 -0.0863 0.5241
vn -0.6905 0.0656 0.7203
vn -0.6901 -0.0703 0.7203
vn -0.8141 -0.2500 0.5242
vn -0.6631 -0.2036 0.7203
vn -0.6106 -0.3290 0.7203
vn -0.5347 -0.4419 0.7203
vn -0.7497 -0.4040 0.5242
vn -0.5380 -0.6601 0.5242
vn -0.4382 -0.5377 0.7204
vn -0.3989 -0.7524 0.5242
vn -0.3249 -0.6128 0.7203
vn -0.2445 -0.8158 0.5242
vn -0.1991 -0.6644 0.7203
vn -0.0656 -0.6905 0.7203
vn 0.0863 -0.8472 0.5242
vn 0.0703 -0.6901 0.7203
vn 0.2500 -0.8141 0.5242
vn 0.2036 -0.6631 0.7203
vn 0.3290 -0.6106 0.7203
vn 0.4419 -0.5347 0.7203
vn 0.4040 -0.7497 0.5242
vn 0.6601 -0.5380 0.5242
vn 0.5377 -0.4382 0.7203
vn 0.7524 -0.3989 0.5242
vn 0.6128 -0.3249 0.7203
vn 0.8158 -0.2445 0.5242
vn 0.6644 -0.1991 0.7203
vn 0.6905 -0.0656 0.7203
vn 0.8472 0.0863 0.5242
vn 0.6901 0.0703 0.7203
vn 0.8141 0.2500 0.5241
vn 0.6631 0.2036 0.7203
vn 0.6106 0.3290 0.7203
vn 0.5347 0.4419 0.7203
vn 0.7497 0.4040 0.5241
vn 0.5380 0.6601 0.5241
vn 0.4382 0.5377 0.7203
vn 0.3989 0.7524 0.5242
vn 0.3249 0.6128 0.7203
vn 0.2445 0.8158 0.5242
vn 0.1991 0.6644 0.7203
vn 0.0656 0.6905 0.7203
vn -0.0863 0.8472 0.5242
vn -0.0703 0.6901 0.7203
vn -0.2500 0.8141 0.5242
vn -0.2036 0.6631 0.7203
vn -0.3290 0.6106 0.7203
vn -0.4419 0.5347 0.7203
vn -0.4040 0.7497 0.5242
vn -0.6601 0.5380 0.5242
vn -0.5377 0.4382 0.7203
vn -0.7524 0.3989 0.5242
vn -0.9955 0.0946 0.0031
vn -0.9948 -0.1014 0.0030
vn -0.9559 -0.2935 0.0031
vn -0.8803 -0.4744 0.0031
vn -0.6565 -0.5425 0.5242
vn -0.7708 -0.6370 0.0030
vn -0.6318 -0.7752 0.0030
vn -0.4684 -0.8835 0.0031
vn -0.2870 -0.9579 0.0030
vn -0.0946 -0.9955 0.0030
vn -0.0806 -0.8478 0.5242
vn 0.1014 -0.9948 0.0030
vn 0.2935 -0.9559 0.0031
vn 0.4744 -0.8803 0.0030
vn 0.5425 -0.6565 0.5242
vn 0.6370 -0.7708 0.0031
vn 0.7752 -0.6318 0.0030
vn 0.8835 -0.4684 0.0030
vn 0.9579 -0.2870 0.0031
vn 0.9955 -0.0946 0.0030
vn 0.8478 -0.0806 0.5242
vn 0.9948 0.1014 0.0030
vn 0.9559 0.2935 0.0030
vn 0.8803 0.4744 0.0032
vn 0.7708 0.6370 0.0031
vn 0.6565 0.5425 0.5242
vn 0.6318 0.7752 0.0030
vn 0.4684 0.8835 0.0030
vn 0.2870 0.9579 0.0031
vn 0.0806 0.8478 0.5242
vn 0.0946 0.9955 0.0031
vn -0.1014 0.9948 0.0030
vn -0.2935 0.9559 0.0031
vn -0.4744 0.8803 0.0031
vn -0.5425 0.6565 0.5242
vn -0.6370 0.7708 0.0030
vn -0.7752 0.6318 0.0031
vn -0.8478 0.0806 0.5242
vn -0.8235 -0.4438 0.3535
vn -0.2685 -0.8961 0.3535
vn 0.4438 -0.8235 0.3535
vn 0.8961 -0.2685 0.3535
vn 0.8235 0.4438 0.3535
vn 0.2685 0.8961 0.3535
vn -0.4438 0.8235 0.3535
vn -0.8941 0.2679 -0.3590
vn -0.8833 0.4683 0.0200
vn -0.9577 0.2870 0.0200
vn -0.9007 0.2699 0.3405
vn -0.9579 0.2870 -0.0040
vn -0.8307 0.4404 0.3405
vn -0.8826 0.4677 -0.0469
vn -0.9569 0.2868 -0.0469
vn -0.8224 0.4361 -0.3653
vn -0.8917 0.2672 -0.3653
vn -0.9291 0.0883 -0.3590
vn -0.9285 -0.0946 -0.3590
vn -0.8922 -0.2740 -0.3590
vn -0.8216 -0.4428 -0.3590
vn -0.7195 -0.5946 -0.3590
vn -0.5897 -0.7235 -0.3590
vn -0.4372 -0.8246 -0.3590
vn -0.2679 -0.8941 -0.3590
vn -0.0883 -0.9291 -0.3590
vn 0.0946 -0.9285 -0.3590
vn 0.2740 -0.8922 -0.3590
vn 0.4428 -0.8216 -0.3590
vn 0.5945 -0.7194 -0.3590
vn 0.7235 -0.5897 -0.3590
vn 0.8246 -0.4372 -0.3590
vn 0.8941 -0.2679 -0.3590
vn 0.9292 -0.0883 -0.3590
vn 0.9285 0.0946 -0.3590
vn 0.8922 0.2740 -0.3590
vn 0.8216 0.4428 -0.3590
vn 0.7195 0.5945 -0.3590
vn 0.5897 0.7235 -0.3590
vn 0.4372 0.8246 -0.3590
vn 0.2679 0.8941 -0.3590
vn 0.0883 0.9291 -0.3590
vn -0.0946 0.9285 -0.3590
vn -0.2740 0.8922 -0.3590
vn -0.4428 0.8216 -0.3590
vn -0.5946 0.7195 -0.3590
vn -0.7235 0.5897 -0.3590
vn -0.8246 0.4372 -0.3590
vn -0.9946 -0.1014 0.0200
vn -0.9558 -0.2935 0.0200
vn -0.8801 -0.4743 0.0200
vn -0.7707 -0.6369 0.0200
vn -0.6317 -0.7750 0.0200
vn -0.4683 -0.8833 0.0200
vn -0.2870 -0.9577 0.0200
vn -0.0946 -0.9953 0.0200
vn 0.1014 -0.9946 0.0200
vn 0.2935 -0.9558 0.0200
vn 0.4743 -0.8801 0.0200
vn 0.6369 -0.7707 0.0200
vn 0.7750 -0.6317 0.0200
vn 0.8833 -0.4683 0.0200
vn 0.9577 -0.2870 0.0200
vn 0.9953 -0.0946 0.0200
vn 0.9946 0.1014 0.0200
vn 0.9558 0.2935 0.0200
vn 0.8801 0.4743 0.0200
vn 0.7707 0.6369 0.0200
vn 0.6316 0.7750 0.0200
vn 0.4683 0.8833 0.0200
vn 0.2870 0.9577 0.0200
vn 0.0946 0.9953 0.0200
vn -0.1014 0.9946 0.0200
vn -0.2935 0.9558 0.0200
vn -0.4743 0.8801 0.0200
vn -0.6369 0.7707 0.0200
vn -0.7750 0.6317 0.0200
vn -0.9953 0.0946 0.0200
vn -0.9354 -0.0953 0.3405
vn -0.8988 -0.2760 0.3405
vn -0.8277 -0.4460 0.3405
vn -0.7248 -0.5990 0.3405
vn -0.4404 -0.8307 0.3405
vn -0.2699 -0.9007 0.3405
vn -0.0890 -0.9360 0.3405
vn 0.0953 -0.9354 0.3405
vn 0.2760 -0.8988 0.3405
vn 0.4460 -0.8277 0.3405
vn 0.7288 -0.5940 0.3405
vn 0.8307 -0.4404 0.3405
vn 0.9007 -0.2699 0.3405
vn 0.9360 -0.0890 0.3405
vn 0.9354 0.0953 0.3405
vn 0.8988 0.2760 0.3405
vn 0.8277 0.4460 0.3405
vn 0.5940 0.7288 0.3405
vn 0.4404 0.8307 0.3405
vn 0.2699 0.9007 0.3405
vn 0.0890 0.9360 0.3405
vn -0.0953 0.9354 0.3405
vn -0.2760 0.8988 0.3405
vn -0.4460 0.8277 0.3405
vn -0.8241 0.4369 0.3605
vn -0.8935 0.2677 0.3606
vn -0.7288 0.5940 0.3405
vn -0.9360 0.0890 0.3405
vn -0.9948 -0.1014 -0.0040
vn -0.9559 -0.2935 -0.0039
vn -0.8803 -0.4744 -0.0040
vn -0.7708 -0.6370 -0.0039
vn -0.5940 -0.7288 0.3405
vn -0.6318 -0.7751 -0.0040
vn -0.4684 -0.8835 -0.0040
vn -0.2870 -0.9579 -0.0040
vn -0.0946 -0.9955 -0.0039
vn 0.1014 -0.9948 -0.0039
vn 0.2935 -0.9559 -0.0040
vn 0.4744 -0.8803 -0.0039
vn 0.5989 -0.7248 0.3405
vn 0.6370 -0.7708 -0.0039
vn 0.7751 -0.6318 -0.0040
vn 0.8835 -0.4684 -0.0040
vn 0.9579 -0.2870 -0.0040
vn 0.9955 -0.0946 -0.0040
vn 0.9948 0.1014 -0.0040
vn 0.9559 0.2935 -0.0040
vn 0.8803 0.4744 -0.0039
vn 0.7248 0.5989 0.3405
vn 0.7708 0.6370 -0.0040
vn 0.6318 0.7752 -0.0039
vn 0.4684 0.8835 -0.0040
vn 0.2870 0.9579 -0.0040
vn 0.0946 0.9955 -0.0040
vn -0.1014 0.9948 -0.0039
vn -0.2935 0.9559 -0.0039
vn -0.4744 0.8803 -0.0039
vn -0.5989 0.7248 0.3405
vn -0.6370 0.7708 -0.0039
vn -0.8581 0.4549 0.2382
vn -0.7751 0.6318 -0.0040
vn -0.8835 0.4684 -0.0040
vn -0.9955 0.0946 -0.0040
vn -0.9938 -0.1012 -0.0470
vn -0.9549 -0.2932 -0.0469
vn -0.8794 -0.4738 -0.0469
vn -0.7700 -0.6363 -0.0469
vn -0.6311 -0.7742 -0.0469
vn -0.4680 -0.8825 -0.0469
vn -0.2868 -0.9569 -0.0469
vn -0.0946 -0.9944 -0.0470
vn 0.1012 -0.9938 -0.0469
vn 0.2932 -0.9549 -0.0469
vn 0.4738 -0.8794 -0.0469
vn 0.6363 -0.7700 -0.0469
vn 0.7743 -0.6311 -0.0469
vn 0.8825 -0.4680 -0.0469
vn 0.9569 -0.2868 -0.0469
vn 0.9944 -0.0947 -0.0469
vn 0.9938 0.1012 -0.0470
vn 0.9549 0.2931 -0.0469
vn 0.8794 0.4738 -0.0469
vn 0.7700 0.6363 -0.0469
vn 0.6311 0.7743 -0.0469
vn 0.4680 0.8825 -0.0469
vn 0.2868 0.9569 -0.0469
vn 0.0946 0.9944 -0.0470
vn -0.1012 0.9938 -0.0469
vn -0.2933 0.9549 -0.0470
vn -0.4738 0.8794 -0.0469
vn -0.6363 0.7700 -0.0469
vn -0.7743 0.6311 -0.0469
vn -0.9944 0.0944 -0.0469
vn -0.9267 0.0881 -0.3653
vn -0.9261 -0.0943 -0.3653
vn -0.8899 -0.2733 -0.3652
vn -0.8195 -0.4416 -0.3653
vn -0.7176 -0.5930 -0.3652
vn -0.5882 -0.7216 -0.3652
vn -0.4360 -0.8225 -0.3653
vn -0.2672 -0.8917 -0.3653
vn -0.0881 -0.9267 -0.3653
vn 0.0944 -0.9261 -0.3653
vn 0.2733 -0.8899 -0.3653
vn 0.4416 -0.8195 -0.3653
vn 0.5930 -0.7176 -0.3652
vn 0.7216 -0.5882 -0.3652
vn 0.8225 -0.4360 -0.3653
vn 0.8917 -0.2672 -0.3653
vn 0.9267 -0.0881 -0.3653
vn 0.9261 0.0944 -0.3654
vn 0.8899 0.2733 -0.3653
vn 0.8195 0.4416 -0.3652
vn 0.7176 0.5930 -0.3652
vn 0.5881 0.7216 -0.3653
vn 0.4360 0.8225 -0.3653
vn 0.2672 0.8917 -0.3653
vn 0.0881 0.9267 -0.3653
vn -0.0944 0.9261 -0.3653
vn -0.2733 0.8899 -0.3653
vn -0.4416 0.8195 -0.3653
vn -0.5931 0.7176 -0.3652
vn -0.7216 0.5882 -0.3652
vn -0.9286 0.0883 0.3605
vn -0.9280 -0.0946 0.3604
vn -0.8917 -0.2738 0.3605
vn -0.8211 -0.4425 0.3605
vn -0.7190 -0.5942 0.3604
vn -0.5893 -0.7231 0.3604
vn -0.4369 -0.8241 0.3605
vn -0.2677 -0.8935 0.3605
vn -0.0883 -0.9286 0.3605
vn 0.0946 -0.9280 0.3605
vn 0.2738 -0.8917 0.3605
vn 0.4425 -0.8211 0.3605
vn 0.5942 -0.7190 0.3604
vn 0.7231 -0.5893 0.3604
vn 0.8241 -0.4369 0.3605
vn 0.8935 -0.2677 0.3605
vn 0.9286 -0.0883 0.3605
vn 0.9280 0.0946 0.3605
vn 0.8917 0.2738 0.3605
vn 0.8211 0.4425 0.3605
vn 0.7190 0.5942 0.3604
vn 0.5893 0.7231 0.3604
vn 0.4369 0.8241 0.3605
vn 0.2677 0.8935 0.3605
vn 0.0883 0.9286 0.3605
vn -0.0946 0.9280 0.3605
vn -0.2738 0.8917 0.3605
vn -0.4425 0.8211 0.3605
vn -0.5942 0.7190 0.3604
vn -0.7231 0.5893 0.3604
vn -0.9670 0.0919 0.2377
vn -0.9671 -0.0986 0.2347
vn -0.8557 -0.4611 0.2347
vn -0.9275 -0.2848 0.2420
vn -0.7483 -0.6185 0.2398
vn -0.6142 -0.7535 0.2347
vn -0.4546 -0.8575 0.2407
vn -0.0920 -0.9668 0.2383
vn -0.2790 -0.9312 0.2348
vn 0.0985 -0.9664 0.2376
vn 0.4607 -0.8550 0.2382
vn 0.2850 -0.9282 0.2391
vn 0.6187 -0.7486 0.2382
vn 0.7530 -0.6137 0.2376
vn 0.8575 -0.4546 0.2407
vn 0.9677 -0.0919 0.2347
vn 0.9301 -0.2787 0.2391
vn 0.9663 0.0984 0.2377
vn 0.8550 0.4607 0.2382
vn 0.9282 0.2850 0.2391
vn 0.7488 0.6187 0.2376
vn 0.6133 0.7523 0.2407
vn 0.4553 0.8588 0.2348
vn 0.0920 0.9670 0.2377
vn 0.2787 0.9301 0.2391
vn -0.0984 0.9656 0.2407
vn -0.4607 0.8550 0.2382
vn -0.2853 0.9292 0.2348
vn -0.6183 0.7482 0.2407
vn -0.7535 0.6141 0.2347
vn -0.9295 0.2785 0.2420
vn -0.9882 0.0940 0.1208
vn -0.9509 0.2849 0.1208
vn -0.7695 0.6271 0.1209
vn -0.8770 0.4650 0.1209
vn -0.6323 0.7652 0.1209
vn -0.2914 0.9489 0.1208
vn -0.4709 0.8739 0.1209
vn -0.1007 0.9876 0.1209
vn 0.2849 0.9509 0.1208
vn 0.0940 0.9882 0.1209
vn 0.6271 0.7695 0.1208
vn 0.4650 0.8770 0.1208
vn 0.7652 0.6323 0.1209
vn 0.9489 0.2914 0.1209
vn 0.8739 0.4709 0.1208
vn 0.9876 0.1006 0.1208
vn 0.9882 -0.0940 0.1208
vn 0.9509 -0.2849 0.1208
vn 0.7695 -0.6271 0.1209
vn 0.8771 -0.4650 0.1208
vn 0.6323 -0.7652 0.1208
vn 0.2914 -0.9489 0.1208
vn 0.4709 -0.8739 0.1208
vn 0.1006 -0.9876 0.1209
vn -0.0939 -0.9882 0.1209
vn -0.2849 -0.9509 0.1208
vn -0.6271 -0.7695 0.1209
vn -0.4650 -0.8770 0.1208
vn -0.7652 -0.6323 0.1208
vn -0.9490 -0.2914 0.1208
vn -0.8739 -0.4709 0.1209
vn -0.9876 -0.1006 0.1209
vn -0.8780 0.2631 0.3999
vn -0.9124 0.0867 0.3999
vn -0.8098 0.4293 0.3999
vn -0.7105 0.5790 0.3999
vn -0.4348 0.8069 0.3999
vn -0.5838 0.7065 0.3999
vn -0.2690 0.8762 0.3999
vn 0.0867 0.9124 0.3999
vn -0.0929 0.9118 0.3999
vn 0.2631 0.8780 0.3999
vn 0.4293 0.8098 0.3999
vn 0.7065 0.5839 0.3999
vn 0.5790 0.7105 0.3999
vn 0.8069 0.4348 0.3999
vn 0.8762 0.2690 0.3999
vn 0.9118 0.0929 0.3999
vn 0.8780 -0.2631 0.3999
vn 0.9124 -0.0867 0.4000
vn 0.8098 -0.4293 0.3999
vn 0.7105 -0.5790 0.3999
vn 0.4348 -0.8069 0.3999
vn 0.5838 -0.7065 0.3999
vn 0.2690 -0.8762 0.3999
vn 0.0929 -0.9118 0.3999
vn -0.2631 -0.8780 0.3999
vn -0.0867 -0.9124 0.3999
vn -0.4293 -0.8098 0.3999
vn -0.7065 -0.5839 0.3999
vn -0.5790 -0.7105 0.3999
vn -0.8069 -0.4348 0.3999
vn -0.8762 -0.2690 0.3999
vn -0.9118 -0.0929 0.3999
vn -0.8362 0.2506 0.4878
vn -0.8690 0.0826 0.4879
vn -0.7714 0.4090 0.4875
vn -0.6768 0.5516 0.4875
vn -0.4141 0.7685 0.4878
vn -0.5562 0.6730 0.4875
vn -0.2563 0.8347 0.4875
vn -0.0885 0.8684 0.4878
vn 0.2506 0.8364 0.4875
vn 0.0826 0.8692 0.4875
vn 0.4090 0.7714 0.4875
vn 0.6730 0.5562 0.4875
vn 0.5516 0.6768 0.4875
vn 0.7684 0.4141 0.4879
vn 0.8347 0.2563 0.4875
vn 0.8683 0.0885 0.4881
vn 0.8361 -0.2506 0.4879
vn 0.8692 -0.0826 0.4875
vn 0.7714 -0.4090 0.4875
vn 0.5562 -0.6730 0.4875
vn 0.6768 -0.5516 0.4875
vn 0.4141 -0.7684 0.4879
vn 0.2563 -0.8347 0.4875
vn -0.0826 -0.8692 0.4875
vn 0.0885 -0.8684 0.4878
vn -0.2506 -0.8364 0.4875
vn -0.4090 -0.7714 0.4875
vn -0.5516 -0.6768 0.4875
vn -0.7686 -0.4142 0.4875
vn -0.6729 -0.5560 0.4879
vn -0.8347 -0.2563 0.4875
vn -0.8684 -0.0885 0.4878
vn -0.8897 0.0846 0.4486
vn -0.8561 0.2565 0.4486
vn -0.6928 0.5646 0.4486
vn -0.7896 0.4186 0.4486
vn -0.5693 0.6889 0.4486
vn -0.2623 0.8544 0.4486
vn -0.4240 0.7868 0.4486
vn -0.0906 0.8891 0.4486
vn 0.0846 0.8897 0.4486
vn 0.2565 0.8561 0.4486
vn 0.5646 0.6928 0.4486
vn 0.4186 0.7896 0.4486
vn 0.6889 0.5693 0.4486
vn 0.7868 0.4240 0.4486
vn 0.8891 0.0906 0.4486
vn 0.8544 0.2623 0.4486
vn 0.8897 -0.0846 0.4486
vn 0.8561 -0.2565 0.4486
vn 0.6928 -0.5646 0.4486
vn 0.7896 -0.4186 0.4486
vn 0.5693 -0.6889 0.4486
vn 0.4240 -0.7868 0.4486
vn 0.0906 -0.8891 0.4486
vn 0.2623 -0.8544 0.4486
vn -0.0846 -0.8897 0.4486
vn -0.2565 -0.8561 0.4486
vn -0.5646 -0.6928 0.4486
vn -0.4186 -0.7896 0.4486
vn -0.6889 -0.5693 0.4486
vn -0.8544 -0.2623 0.4486
vn -0.7868 -0.4240 0.4486
vn -0.8891 -0.0906 0.4486
vn -0.8972 0.2689 0.3504
vn -0.9325 0.0886 0.3503
vn -0.8275 0.4387 0.3504
vn -0.7261 0.5918 0.3500
vn -0.4443 0.8245 0.3504
vn -0.5968 0.7222 0.3497
vn -0.2749 0.8954 0.3504
vn -0.0950 0.9318 0.3503
vn 0.2689 0.8973 0.3502
vn 0.0886 0.9325 0.3502
vn 0.4388 0.8276 0.3500
vn 0.5917 0.7260 0.3504
vn 0.7221 0.5967 0.3502
vn 0.8246 0.4443 0.3502
vn 0.8954 0.2749 0.3504
vn 0.9325 -0.0887 0.3500
vn 0.9319 0.0950 0.3502
vn 0.8973 -0.2689 0.3500
vn 0.8277 -0.4388 0.3497
vn 0.7260 -0.5917 0.3504
vn 0.5967 -0.7221 0.3502
vn 0.4443 -0.8246 0.3503
vn 0.2749 -0.8954 0.3504
vn 0.0950 -0.9319 0.3502
vn -0.0887 -0.9327 0.3497
vn -0.4388 -0.8277 0.3497
vn -0.2689 -0.8972 0.3503
vn -0.5919 -0.7262 0.3497
vn -0.7220 -0.5967 0.3502
vn -0.8246 -0.4443 0.3502
vn -0.8954 -0.2749 0.3504
vn -0.9318 -0.0950 0.3504
vn -0.9276 0.2780 0.2496
vn -0.9640 0.0916 0.2496
vn -0.8555 0.4536 0.2496
vn -0.6169 0.7464 0.2496
vn -0.7506 0.6118 0.2496
vn -0.4594 0.8524 0.2496
vn -0.2842 0.9257 0.2496
vn 0.0916 0.9640 0.2496
vn -0.0982 0.9633 0.2497
vn 0.2780 0.9276 0.2496
vn 0.4536 0.8555 0.2496
vn 0.6118 0.7506 0.2497
vn 0.8524 0.4594 0.2496
vn 0.7464 0.6169 0.2496
vn 0.9257 0.2842 0.2496
vn 0.9640 -0.0916 0.2496
vn 0.9633 0.0982 0.2497
vn 0.9276 -0.2780 0.2497
vn 0.8555 -0.4536 0.2496
vn 0.7506 -0.6118 0.2496
vn 0.4594 -0.8524 0.2496
vn 0.6168 -0.7464 0.2497
vn 0.2842 -0.9257 0.2496
vn -0.0916 -0.9640 0.2496
vn 0.0982 -0.9633 0.2496
vn -0.2780 -0.9276 0.2496
vn -0.4536 -0.8555 0.2496
vn -0.7464 -0.6169 0.2496
vn -0.6118 -0.7506 0.2496
vn -0.8524 -0.4594 0.2496
vn -0.9257 -0.2842 0.2497
vn -0.9633 -0.0982 0.2497
vn -0.9847 0.0936 0.1472
vn -0.8739 0.4633 0.1472
vn -0.9475 0.2839 0.1473
vn -0.7667 0.6249 0.1473
vn -0.6301 0.7624 0.1472
vn -0.4692 0.8707 0.1472
vn -0.1003 0.9840 0.1472
vn -0.2903 0.9455 0.1473
vn 0.0936 0.9847 0.1472
vn 0.4633 0.8739 0.1472
vn 0.2839 0.9475 0.1473
vn 0.6249 0.7667 0.1472
vn 0.7624 0.6301 0.1473
vn 0.8707 0.4692 0.1472
vn 0.9840 0.1003 0.1472
vn 0.9455 0.2903 0.1473
vn 0.9847 -0.0936 0.1472
vn 0.8739 -0.4633 0.1472
vn 0.9475 -0.2839 0.1473
vn 0.7667 -0.6249 0.1473
vn 0.6301 -0.7625 0.1472
vn 0.4692 -0.8707 0.1472
vn 0.1003 -0.9840 0.1471
vn 0.2903 -0.9455 0.1473
vn -0.0936 -0.9847 0.1473
vn -0.4633 -0.8739 0.1472
vn -0.2839 -0.9475 0.1472
vn -0.6249 -0.7667 0.1473
vn -0.7625 -0.6301 0.1472
vn -0.8707 -0.4692 0.1473
vn -0.9840 -0.1003 0.1473
vn -0.9455 -0.2903 0.1472
vn -0.9938 0.1018 0.0440
vn -0.9549 0.2938 0.0441
vn -0.8792 0.4744 0.0440
vn -0.7705 0.6358 0.0454
vn -0.4665 0.8833 0.0468
vn -0.6320 0.7736 0.0458
vn -0.2860 0.9570 0.0476
vn -0.0952 0.9944 0.0454
vn 0.1029 0.9938 0.0413
vn 0.2926 0.9552 0.0454
vn 0.4754 0.8788 0.0413
vn 0.7716 0.6341 0.0497
vn 0.6354 0.7708 0.0459
vn 0.8833 0.4665 0.0468
vn 0.9556 0.2906 0.0497
vn 0.9946 0.0929 0.0468
vn 0.9940 -0.0972 0.0497
vn 0.9541 -0.2961 0.0440
vn 0.8792 -0.4744 0.0440
vn 0.7698 -0.6368 0.0440
vn 0.4692 -0.8817 0.0492
vn 0.6320 -0.7736 0.0458
vn 0.2906 -0.9556 0.0497
vn 0.0929 -0.9946 0.0468
vn -0.0997 -0.9938 0.0492
vn -0.2948 -0.9547 0.0413
vn -0.4733 -0.8797 0.0454
vn -0.7732 -0.6322 0.0492
vn -0.6354 -0.7708 0.0459
vn -0.8833 -0.4665 0.0468
vn -0.9563 -0.2882 0.0492
vn -0.9945 -0.0938 0.0477
vn -0.9947 0.0946 -0.0406
vn -0.9571 0.2868 -0.0405
vn -0.8828 0.4680 -0.0401
vn -0.6379 0.7690 -0.0421
vn -0.7745 0.6313 -0.0399
vn -0.4765 0.8781 -0.0435
vn -0.2913 0.9557 -0.0415
vn 0.0926 0.9948 -0.0435
vn -0.1013 0.9941 -0.0400
vn 0.4653 0.8841 -0.0435
vn 0.2868 0.9572 -0.0400
vn 0.6312 0.7745 -0.0413
vn 0.8781 0.4765 -0.0435
vn 0.7702 0.6365 -0.0400
vn 0.9937 0.1033 -0.0435
vn 0.9560 0.2905 -0.0415
vn 0.9576 -0.2850 -0.0420
vn 0.9944 -0.0974 -0.0415
vn 0.8815 -0.4703 -0.0414
vn 0.7745 -0.6312 -0.0405
vn 0.6365 -0.7702 -0.0412
vn 0.4740 -0.8796 -0.0402
vn 0.1013 -0.9940 -0.0416
vn -0.2844 -0.9577 -0.0435
vn -0.0946 -0.9947 -0.0400
vn -0.7689 -0.6380 -0.0415
vn -0.6312 -0.7745 -0.0412
vn -0.8781 -0.4765 -0.0435
vn -0.9552 -0.2933 -0.0406
vn -0.9940 -0.1013 -0.0412
vn 0.2906 -0.9560 -0.0415
vn -0.4710 -0.8811 -0.0415
vn -0.9697 0.0922 -0.2261
vn -0.9331 0.2796 -0.2261
vn -0.7551 0.6154 -0.2261
vn -0.8606 0.4563 -0.2261
vn -0.6205 0.7509 -0.2261
vn -0.2859 0.9312 -0.2261
vn -0.4621 0.8575 -0.2261
vn -0.0988 0.9691 -0.2261
vn 0.0922 0.9697 -0.2261
vn 0.2796 0.9331 -0.2261
vn 0.6154 0.7551 -0.2261
vn 0.4563 0.8606 -0.2261
vn 0.7509 0.6205 -0.2261
vn 0.9312 0.2859 -0.2261
vn 0.8575 0.4621 -0.2261
vn 0.9691 0.0988 -0.2261
vn 0.9697 -0.0922 -0.2261
vn 0.9331 -0.2796 -0.2261
vn 0.7551 -0.6154 -0.2261
vn 0.8606 -0.4563 -0.2261
vn 0.6205 -0.7509 -0.2261
vn 0.2859 -0.9312 -0.2261
vn 0.4621 -0.8575 -0.2261
vn 0.0988 -0.9691 -0.2261
vn -0.0922 -0.9697 -0.2261
vn -0.2796 -0.9331 -0.2261
vn -0.6154 -0.7551 -0.2261
vn -0.4563 -0.8606 -0.2261
vn -0.7509 -0.6205 -0.2261
vn -0.9312 -0.2859 -0.2261
vn -0.8575 -0.4621 -0.2261
vn -0.9691 -0.0988 -0.2261
vn -0.7153 0.2143 -0.6651
vn -0.7433 0.0707 -0.6652
vn -0.6597 0.3498 -0.6651
vn -0.5788 0.4717 -0.6652
vn -0.4757 0.5756 -0.6652
vn -0.3542 0.6573 -0.6652
vn -0.2192 0.7138 -0.6651
vn 0.0707 0.7434 -0.6652
vn -0.0757 0.7428 -0.6652
vn 0.2143 0.7153 -0.6651
vn 0.3498 0.6597 -0.6651
vn 0.4717 0.5788 -0.6652
vn 0.5756 0.4756 -0.6652
vn 0.6573 0.3542 -0.6651
vn 0.7138 0.2192 -0.6651
vn 0.7429 0.0757 -0.6652
vn 0.7153 -0.2143 -0.6651
vn 0.7433 -0.0707 -0.6652
vn 0.6597 -0.3498 -0.6651
vn 0.5788 -0.4717 -0.6652
vn 0.4756 -0.5756 -0.6652
vn 0.3542 -0.6573 -0.6651
vn 0.2192 -0.7138 -0.6651
vn 0.0757 -0.7429 -0.6652
vn -0.2143 -0.7153 -0.6651
vn -0.0707 -0.7433 -0.6652
vn -0.3498 -0.6597 -0.6651
vn -0.4717 -0.5788 -0.6652
vn -0.5756 -0.4757 -0.6652
vn -0.6573 -0.3542 -0.6651
vn -0.7138 -0.2192 -0.6652
vn -0.7429 -0.0757 -0.6652
vn 0.0052 -0.0005 -1.0000
vn 0.0046 -0.0024 -1.0000
vn 0.0050 -0.0015 -1.0000
vn 0.0041 -0.0033 -1.0000
vn 0.0024 -0.0045 -1.0000
vn 0.0033 -0.0040 -1.0000
vn 0.0005 -0.0053 -1.0000
vn 0.0015 -0.0050 -1.0000
vn -0.0005 -0.0053 -1.0000
vn -0.0024 -0.0046 -1.0000
vn -0.0015 -0.0050 -1.0000
vn -0.0033 -0.0041 -1.0000
vn -0.0046 -0.0025 -1.0000
vn -0.0040 -0.0033 -1.0000
vn -0.0053 -0.0005 -1.0000
vn -0.0051 -0.0016 -1.0000
vn -0.0052 0.0005 -1.0000
vn -0.0046 0.0025 -1.0000
vn -0.0050 0.0015 -1.0000
vn -0.0041 0.0033 -1.0000
vn -0.0025 0.0046 -1.0000
vn -0.0033 0.0040 -1.0000
vn -0.0005 0.0052 -1.0000
vn -0.0015 0.0050 -1.0000
vn 0.0005 0.0052 -1.0000
vn 0.0025 0.0046 -1.0000
vn 0.0015 0.0049 -1.0000
vn 0.0033 0.0041 -1.0000
vn 0.0046 0.0025 -1.0000
vn 0.0041 0.0033 -1.0000
vn 0.0052 0.0005 -1.0000
vn 0.0051 0.0016 -1.0000
vn -0.0011 0.0001 -1.0000
vn -0.0011 0.0003 -1.0000
vn -0.0010 0.0005 -1.0000
vn -0.0007 0.0009 -1.0000
vn -0.0009 0.0007 -1.0000
vn -0.0003 0.0011 -1.0000
vn -0.0005 0.0010 -1.0000
vn -0.0001 0.0011 -1.0000
vn 0.0001 0.0011 -1.0000
vn 0.0003 0.0011 -1.0000
vn 0.0007 0.0009 -1.0000
vn 0.0005 0.0010 -1.0000
vn 0.0009 0.0007 -1.0000
vn 0.0011 0.0003 -1.0000
vn 0.0010 0.0005 -1.0000
vn 0.0011 0.0001 -1.0000
vn 0.0011 -0.0001 -1.0000
vn 0.0011 -0.0003 -1.0000
vn 0.0009 -0.0007 -1.0000
vn 0.0010 -0.0005 -1.0000
vn 0.0007 -0.0009 -1.0000
vn 0.0003 -0.0011 -1.0000
vn 0.0005 -0.0010 -1.0000
vn 0.0001 -0.0011 -1.0000
vn -0.0001 -0.0011 -1.0000
vn -0.0005 -0.0010 -1.0000
vn -0.0003 -0.0011 -1.0000
vn -0.0009 -0.0007 -1.0000
vn -0.0007 -0.0009 -1.0000
vn -0.0011 -0.0003 -1.0000
vn -0.0010 -0.0005 -1.0000
vn -0.0011 -0.0001 -1.0000
vn 0.2384 -0.0714 -0.9685
vn 0.2478 -0.0236 -0.9685
vn 0.2199 -0.1166 -0.9685
vn 0.1929 -0.1572 -0.9685
vn 0.1585 -0.1918 -0.9685
vn 0.1181 -0.2191 -0.9685
vn 0.0730 -0.2379 -0.9685
vn -0.0235 -0.2478 -0.9685
vn 0.0252 -0.2476 -0.9685
vn -0.0714 -0.2384 -0.9685
vn -0.1166 -0.2199 -0.9685
vn -0.1572 -0.1929 -0.9685
vn -0.1918 -0.1585 -0.9685
vn -0.2191 -0.1181 -0.9685
vn -0.2379 -0.0730 -0.9685
vn -0.2477 0.0235 -0.9685
vn -0.2476 -0.0252 -0.9685
vn -0.2384 0.0714 -0.9685
vn -0.2199 0.1166 -0.9685
vn -0.1929 0.1572 -0.9685
vn -0.1585 0.1918 -0.9685
vn -0.1181 0.2191 -0.9685
vn -0.0730 0.2379 -0.9685
vn 0.0235 0.2477 -0.9685
vn -0.0252 0.2476 -0.9685
vn 0.0714 0.2384 -0.9685
vn 0.1166 0.2199 -0.9685
vn 0.1572 0.1929 -0.9685
vn 0.1918 0.1585 -0.9685
vn 0.2191 0.1181 -0.9685
vn 0.2379 0.0730 -0.9685
vn 0.2476 0.0252 -0.9685
vn 0.4033 -0.0383 -0.9143
vn 0.3880 -0.1163 -0.9143
vn 0.3579 -0.1897 -0.9143
vn 0.3140 -0.2559 -0.9143
vn 0.1922 -0.3566 -0.9143
vn 0.2580 -0.3123 -0.9143
vn 0.1189 -0.3872 -0.9143
vn 0.0411 -0.4030 -0.9143
vn -0.0383 -0.4033 -0.9143
vn -0.1163 -0.3880 -0.9143
vn -0.1897 -0.3579 -0.9143
vn -0.3122 -0.2580 -0.9143
vn -0.2559 -0.3140 -0.9143
vn -0.3566 -0.1922 -0.9143
vn -0.3872 -0.1189 -0.9143
vn -0.4030 -0.0411 -0.9143
vn -0.4033 0.0383 -0.9143
vn -0.3880 0.1163 -0.9143
vn -0.3579 0.1897 -0.9143
vn -0.3140 0.2559 -0.9143
vn -0.1922 0.3566 -0.9143
vn -0.2580 0.3123 -0.9143
vn -0.1189 0.3872 -0.9143
vn -0.0411 0.4030 -0.9143
vn 0.0383 0.4033 -0.9143
vn 0.1163 0.3880 -0.9143
vn 0.1897 0.3579 -0.9143
vn 0.3122 0.2580 -0.9143
vn 0.2559 0.3140 -0.9143
vn 0.3566 0.1922 -0.9143
vn 0.3872 0.1189 -0.9143
vn 0.4030 0.0411 -0.9143
vn 0.0012 -0.0004 -1.0000
vn 0.0013 -0.0001 -1.0000
vn 0.0011 -0.0006 -1.0000
vn 0.0008 -0.0010 -1.0000
vn 0.0006 -0.0011 -1.0000
vn 0.0010 -0.0033 -1.0000
vn -0.0001 -0.0014 -1.0000
vn 0.0001 -0.0012 -1.0000
vn -0.0003 -0.0012 -1.0000
vn -0.0023 -0.0016 -1.0000
vn -0.0010 -0.0008 -1.0000
vn -0.0012 -0.0006 -1.0000
vn -0.0013 -0.0004 -1.0000
vn -0.0012 -0.0001 -1.0000
vn -0.0029 0.0016 -1.0000
vn -0.0013 0.0001 -1.0000
vn -0.0011 0.0006 -1.0000
vn -0.0010 0.0008 -1.0000
vn -0.0008 0.0010 -1.0000
vn -0.0006 0.0011 -1.0000
vn -0.0004 0.0012 -1.0000
vn -0.0001 0.0012 -1.0000
vn 0.0001 0.0012 -1.0000
vn 0.0006 0.0011 -1.0000
vn 0.0008 0.0010 -1.0000
vn 0.0026 0.0022 -1.0000
vn 0.0011 0.0006 -1.0000
vn 0.0012 0.0004 -1.0000
vn 0.0028 0.0003 -1.0000
vn -0.9554 -0.2941 0.0257
vn -0.1229 -0.0662 0.9902
vn -0.1336 -0.0407 0.9902
vn 0.9555 0.2939 0.0257
vn 0.1229 0.0662 0.9902
vn 0.1336 0.0408 0.9902
vn 0.2938 -0.9555 0.0256
vn 0.0662 -0.1229 0.9902
vn 0.0409 -0.1336 0.9902
vn -0.2935 0.9556 0.0256
vn -0.0662 0.1230 0.9902
vn -0.0407 0.1336 0.9902
vn -0.1233 0.0655 0.9902
vn -0.7749 0.6316 0.0256
vn -0.8832 0.4683 0.0256
vn 0.1263 0.4974 0.8583
vn 0.4684 0.8831 0.0259
vn 0.0654 0.1233 0.9902
vn -0.6312 -0.7752 0.0256
vn -0.0654 -0.1234 0.9902
vn -0.0882 -0.1082 0.9902
vn -0.0946 -0.9952 0.0256
vn 0.0142 -0.1390 0.9902
vn -0.0134 -0.1390 0.9902
vn 0.9952 -0.0946 0.0256
vn 0.1390 0.0142 0.9902
vn 0.1391 -0.0133 0.9902
vn 0.7706 0.6368 0.0261
vn 0.0950 0.0785 0.9924
vn -0.8800 -0.4742 0.0256
vn -0.1076 -0.0890 0.9902
vn 0.4745 -0.8799 0.0257
vn 0.0889 -0.1076 0.9902
vn -0.4747 0.8798 0.0256
vn -0.7399 0.3990 0.5417
vn -0.1389 -0.0141 0.9902
vn -0.9952 0.0940 0.0256
vn -0.9945 -0.1014 0.0256
vn -0.4680 -0.8834 0.0261
vn -0.0401 -0.1338 0.9902
vn 0.2869 0.9576 0.0261
vn 0.0401 0.1338 0.9902
vn 0.1017 -0.9945 0.0256
vn 0.2725 0.6059 0.7474
vn 0.6370 -0.7704 0.0259
vn 0.7226 -0.6794 0.1277
vn 0.9576 -0.2869 0.0256
vn 0.3892 -0.7557 0.5267
vn -0.2869 -0.9576 0.0256
vn 0.1642 0.9788 0.1222
vn -0.7704 -0.6370 0.0254
vn 0.8800 0.4742 0.0256
vn 0.9945 0.1016 0.0254
vn 0.7069 -0.1452 0.6923
vn 0.7749 -0.6316 0.0251
vn 0.0946 0.9952 0.0253
vn -0.3875 0.0485 0.9206
vn 0.9494 -0.2860 -0.1299
vn 0.5343 0.1494 0.8320
vn 0.9871 -0.0938 -0.1299
vn 0.3081 0.3462 0.8861
vn 0.4644 0.8760 -0.1300
vn 0.6264 0.7686 -0.1298
vn 0.3939 0.1812 0.9011
vn 0.7643 0.6316 -0.1298
vn 0.8728 0.4704 -0.1299
vn 0.4642 0.0467 0.8845
vn 0.9864 0.1005 -0.1298
vn -0.0575 -0.4214 0.9051
vn 0.1005 -0.9864 -0.1298
vn -0.0938 -0.9871 -0.1298
vn -0.3067 -0.3470 0.8863
vn -0.4644 -0.8760 -0.1299
vn -0.6264 -0.7686 -0.1298
vn -0.7676 0.6276 -0.1300
vn -0.5633 0.0084 0.8262
vn -0.8761 0.4644 -0.1298
vn -0.4691 0.8735 -0.1299
vn -0.4830 0.2714 0.8325
vn -0.6316 0.7643 -0.1298
vn -0.3029 -0.6367 0.7091
vn -0.7643 -0.6317 -0.1298
vn -0.5253 0.2515 0.8129
vn -0.9498 0.2846 -0.1298
vn 0.3447 -0.3102 0.8860
vn 0.8760 -0.4644 -0.1299
vn 0.7686 -0.6264 -0.1299
vn -0.9871 0.0938 -0.1299
vn 0.0281 -0.4625 0.8862
vn 0.2910 -0.9479 -0.1298
vn 0.4898 0.1368 0.8611
vn 0.9478 0.2911 -0.1299
vn -0.0217 -0.6227 0.7821
vn -0.2846 -0.9498 -0.1298
vn -0.9483 -0.2897 -0.1299
vn -0.3653 -0.4173 0.8322
vn -0.8729 -0.4704 -0.1298
vn -0.4937 -0.2505 0.8328
vn -0.9864 -0.1005 -0.1298
vn -0.2897 0.9483 -0.1299
vn -0.4193 0.3611 0.8329
vn 0.0571 0.4213 0.9051
vn -0.1005 0.9864 -0.1300
vn 0.0938 0.9871 -0.1299
vn 0.3997 -0.2344 0.8862
vn 0.2018 -0.4171 0.8861
vn 0.6316 -0.7643 -0.1299
vn 0.4704 -0.8729 -0.1299
vn 0.2820 -0.3673 0.8863
vn 0.0719 0.5672 0.8205
vn 0.2846 0.9498 -0.1298
vn 0.1193 -0.4474 0.8863
vn 0.0389 0.5538 0.8317
vn 0.3018 0.6352 0.7109
vn -0.8204 0.5586 0.1224
vn -0.9883 -0.0729 0.1343
vn 0.7229 -0.4358 0.5362
vn -0.4445 -0.3622 0.8193
vn -0.0797 0.8770 0.4738
vn -0.4958 0.6807 0.5393
vn -0.3390 -0.8370 0.4296
vn 0.3384 0.8372 0.4296
vn -0.8798 0.2096 0.4265
vn 0.9579 -0.2870 0.0015
vn 0.9953 -0.0966 -0.0054
vn 0.9955 -0.0946 -0.0039
vn 0.7764 -0.6302 -0.0054
vn 0.8702 -0.4927 -0.0017
vn 0.7752 -0.6318 -0.0005
vn 0.6620 -0.7495 -0.0005
vn 0.4986 -0.8668 -0.0017
vn 0.6141 -0.7892 -0.0119
vn 0.2935 -0.9559 0.0015
vn 0.4453 -0.8953 -0.0082
vn 0.1306 -0.9914 -0.0118
vn 0.0766 -0.9971 -0.0005
vn -0.0966 -0.9953 -0.0054
vn -0.2870 -0.9579 0.0015
vn -0.4392 -0.8983 -0.0082
vn -0.4927 -0.8702 -0.0017
vn -0.6318 -0.7751 -0.0082
vn -0.6362 -0.7715 -0.0023
vn -0.7513 -0.6600 0.0009
vn -0.8668 -0.4986 -0.0017
vn -0.7912 -0.6115 -0.0083
vn -0.9484 -0.3172 -0.0005
vn -0.8946 -0.4469 -0.0045
vn -0.9948 -0.1014 0.0015
vn -0.9636 -0.2670 -0.0082
vn -0.9977 0.0671 -0.0082
vn -0.9947 -0.1014 -0.0185
vn -0.9925 0.1222 -0.0017
vn -0.9663 0.2573 -0.0044
vn -0.8844 0.4667 -0.0054
vn -0.9488 0.3158 0.0009
vn -0.8835 0.4684 -0.0039
vn -0.7938 0.6081 0.0009
vn -0.6620 0.7495 -0.0005
vn -0.7562 0.6542 -0.0118
vn -0.4986 0.8668 -0.0017
vn -0.6115 0.7912 -0.0083
vn -0.3222 0.9467 0.0009
vn -0.4469 0.8946 -0.0045
vn -0.1045 0.9945 0.0005
vn -0.2670 0.9636 -0.0082
vn 0.0966 0.9953 -0.0054
vn 0.0946 0.9955 -0.0039
vn 0.2870 0.9579 0.0015
vn 0.4392 0.8983 -0.0082
vn 0.4927 0.8702 -0.0017
vn 0.6087 0.7933 -0.0119
vn 0.6548 0.7558 0.0009
vn 0.7721 0.6355 -0.0054
vn 0.8803 0.4744 -0.0005
vn 0.7672 0.6414 -0.0023
vn 0.9554 0.2954 -0.0054
vn 0.8803 0.4743 -0.0083
vn 0.8983 -0.4392 -0.0082
vn 0.9945 0.1045 0.0005
vn 0.9559 0.2935 -0.0005
vn 0.9947 0.1014 -0.0185
vn 0.9713 -0.0605 -0.2299
vn 0.9680 0.0987 -0.2307
vn 0.9391 0.2552 -0.2299
vn 0.8568 0.4617 -0.2297
vn 0.7406 0.6366 -0.2148
vn 0.6271 0.7392 -0.2456
vn 0.4836 0.8445 -0.2299
vn 0.2794 0.9323 -0.2297
vn 0.0605 0.9713 -0.2299
vn -0.1014 0.9947 -0.0185
vn -0.0987 0.9680 -0.2307
vn -0.2720 0.9317 -0.2408
vn -0.4749 0.8524 -0.2187
vn -0.6366 0.7406 -0.2148
vn -0.7392 0.6271 -0.2456
vn -0.8445 0.4836 -0.2299
vn -0.9323 0.2794 -0.2297
vn -0.9713 0.0605 -0.2299
vn -0.9680 -0.0987 -0.2307
vn -0.9391 -0.2552 -0.2299
vn -0.8568 -0.4617 -0.2297
vn -0.7406 -0.6366 -0.2148
vn -0.6271 -0.7392 -0.2456
vn -0.4836 -0.8445 -0.2299
vn -0.2794 -0.9323 -0.2297
vn -0.0605 -0.9713 -0.2299
vn 0.0987 -0.9680 -0.2307
vn 0.2733 -0.9367 -0.2188
vn 0.4722 -0.8479 -0.2408
vn 0.6321 -0.7350 -0.2456
vn 0.7449 -0.6316 -0.2148
vn 0.8445 -0.4836 -0.2299
vn 0.9323 -0.2794 -0.2297
vn 0.9358 0.1037 -0.3369
vn 0.8879 0.3052 -0.3441
vn 0.8263 0.4453 -0.3448
vn 0.7310 0.5934 -0.3369
vn 0.5766 0.7373 -0.3520
vn 0.4204 0.8435 -0.3344
vn 0.2807 0.8914 -0.3559
vn 0.1198 0.9312 -0.3441
vn -0.0952 0.9341 -0.3440
vn -0.2867 0.8894 -0.3559
vn -0.4261 0.8406 -0.3344
vn -0.5934 0.7310 -0.3369
vn -0.7373 0.5766 -0.3520
vn -0.8435 0.4204 -0.3344
vn -0.8914 0.2807 -0.3559
vn -0.9298 0.1074 -0.3520
vn -0.9358 -0.1037 -0.3369
vn -0.8879 -0.3052 -0.3441
vn -0.8263 -0.4453 -0.3449
vn -0.7238 -0.5981 -0.3440
vn -0.5687 -0.7471 -0.3441
vn -0.4203 -0.8435 -0.3344
vn -0.2807 -0.8914 -0.3559
vn -0.1074 -0.9298 -0.3520
vn 0.1037 -0.9358 -0.3369
vn 0.2992 -0.8937 -0.3344
vn 0.4318 -0.8288 -0.3559
vn 0.8435 -0.4203 -0.3344
vn 0.8914 -0.2807 -0.3559
vn 0.6348 -0.3257 -0.7007
vn 0.7261 -0.2176 -0.6523
vn 0.6947 -0.1937 -0.6927
vn 0.5816 -0.7334 -0.3520
vn 0.7350 -0.5884 -0.3369
vn 0.9552 -0.2950 -0.0225
vn 0.7898 -0.4288 -0.4385
vn 0.8834 -0.4683 -0.0183
vn 0.9298 -0.1074 -0.3520
vn 0.6194 -0.0589 -0.7829
vn 0.8016 0.0691 -0.5939
vn 0.6802 0.0689 -0.7298
vn 0.7873 0.2253 -0.5740
vn 0.6934 0.1984 -0.6927
vn 0.6326 0.3300 -0.7007
vn 0.7869 0.4342 -0.4385
vn 0.5011 0.4260 -0.7532
vn 0.6916 0.6007 -0.4012
vn 0.5388 0.6739 -0.5054
vn 0.3977 0.5070 -0.7647
vn 0.3879 0.7049 -0.5939
vn 0.3257 0.6348 -0.7007
vn 0.2500 0.7798 -0.5739
vn 0.1937 0.6947 -0.6927
vn 0.0531 0.6556 -0.7532
vn 0.1090 0.9095 -0.4012
vn -0.0586 0.8610 -0.5052
vn -0.0773 0.6398 -0.7647
vn -0.2524 0.8221 -0.5104
vn -0.1984 0.6934 -0.6927
vn -0.3300 0.6326 -0.7007
vn -0.4347 0.7455 -0.5052
vn -0.4260 0.5011 -0.7533
vn -0.6007 0.6916 -0.4012
vn -0.6157 0.5179 -0.5939
vn -0.5070 0.3978 -0.7647
vn -0.7898 0.4288 -0.4385
vn -0.6348 0.3257 -0.7007
vn -0.7261 0.2176 -0.6523
vn -0.6947 0.1937 -0.6927
vn -0.6403 0.0729 -0.7647
vn -0.8955 0.0761 -0.4386
vn -0.6552 -0.0575 -0.7532
vn -0.8643 -0.0881 -0.4952
vn -0.8221 -0.2524 -0.5104
vn -0.6934 -0.1984 -0.6927
vn -0.6326 -0.3300 -0.7007
vn -0.7022 -0.3926 -0.5939
vn -0.4796 -0.3963 -0.7829
vn -0.7202 -0.5660 -0.4012
vn -0.5747 -0.6909 -0.4386
vn -0.4322 -0.5296 -0.7298
vn -0.3970 -0.7661 -0.5054
vn -0.3257 -0.6348 -0.7007
vn -0.2200 -0.7888 -0.5740
vn -0.1937 -0.6947 -0.6927
vn -0.0589 -0.6194 -0.7829
vn -0.0643 -0.9137 -0.4012
vn 0.0691 -0.8016 -0.5939
vn 0.0689 -0.6802 -0.7298
vn 0.2253 -0.7873 -0.5740
vn 0.2205 -0.7179 -0.6603
vn 0.3247 -0.6016 -0.7298
vn 0.4342 -0.7869 -0.4385
vn 0.3963 -0.4796 -0.7829
vn 0.6007 -0.6916 -0.4012
vn 0.6157 -0.5179 -0.5939
vn 0.5296 -0.4322 -0.7298
vn 0.9370 -0.0891 -0.3377
vn 0.9954 0.0931 -0.0225
vn 0.9941 -0.1079 -0.0117
vn 0.9521 0.3053 -0.0183
vn 0.8803 0.4744 -0.0066
vn 0.7865 0.6171 -0.0240
vn 0.6568 0.7538 -0.0183
vn 0.4683 0.8834 -0.0183
vn 0.2626 0.9646 -0.0240
vn 0.0822 0.9964 -0.0183
vn -0.1218 0.9925 -0.0137
vn -0.3062 0.9519 -0.0117
vn -0.4633 0.8860 -0.0183
vn -0.6273 0.7786 -0.0183
vn -0.7749 0.6315 -0.0274
vn -0.8771 0.4801 -0.0117
vn -0.9553 0.2949 -0.0225
vn -0.9941 0.1079 -0.0117
vn -0.9954 -0.0931 -0.0225
vn -0.9597 -0.2807 -0.0117
vn -0.8802 -0.4743 -0.0183
vn -0.7543 -0.6561 -0.0240
vn -0.6317 -0.7751 -0.0066
vn -0.4793 -0.8775 -0.0183
vn -0.3111 -0.9501 -0.0240
vn -0.1150 -0.9933 -0.0137
vn 0.1013 -0.9945 -0.0274
vn 0.3053 -0.9521 -0.0183
vn 0.4626 -0.8865 -0.0117
vn 0.6112 -0.7913 -0.0183
vn 0.7750 -0.6317 -0.0183
vn 0.8334 -0.4554 0.3132
vn 0.8948 -0.2650 0.3594
vn 0.8977 -0.4400 -0.0231
vn 0.9663 -0.2564 -0.0231
vn 0.9134 -0.2848 -0.2909
vn 0.8868 -0.4608 0.0341
vn 0.9569 -0.2867 0.0464
vn 0.8832 -0.4682 0.0250
vn 0.9574 -0.2869 -0.0343
vn 0.9112 -0.0721 0.4057
vn 0.9248 0.1254 0.3592
vn 0.8825 0.3035 0.3592
vn 0.7900 0.4447 0.4221
vn 0.7244 0.6142 0.3131
vn 0.5882 0.7542 0.2918
vn 0.4393 0.7930 0.4221
vn 0.2841 0.9062 0.3131
vn 0.0721 0.9112 0.4057
vn -0.0947 0.9294 0.3568
vn -0.2544 0.8779 0.4057
vn -0.4400 0.8229 0.3594
vn -0.5933 0.7502 0.2918
vn -0.7285 0.6093 0.3131
vn -0.8259 0.4345 0.3594
vn -0.8948 0.2650 0.3594
vn -0.9112 0.0721 0.4057
vn -0.9248 -0.1254 0.3592
vn -0.8825 -0.3034 0.3592
vn -0.7900 -0.4447 0.4221
vn -0.7468 -0.6171 0.2480
vn -0.5856 -0.6920 0.4221
vn -0.4408 -0.8007 0.4057
vn -0.2611 -0.9131 0.3131
vn -0.0691 -0.9039 0.4221
vn 0.0982 -0.9638 0.2480
vn 0.2821 -0.8694 0.4057
vn 0.4698 -0.8064 0.3592
vn 0.6181 -0.6993 0.3592
vn 0.7241 -0.5902 0.3568
vn 0.9973 0.0697 -0.0231
vn 0.9952 -0.0946 -0.0235
vn 0.9645 0.2629 -0.0231
vn 0.8947 0.4461 -0.0231
vn 0.7718 0.6203 -0.1396
vn 0.6183 0.7802 0.0946
vn 0.4400 0.8977 -0.0231
vn 0.2564 0.9663 -0.0231
vn 0.0946 0.9952 -0.0235
vn -0.0873 0.9917 0.0946
vn -0.2706 0.9451 -0.1834
vn -0.4461 0.8947 -0.0231
vn -0.6369 0.7706 -0.0229
vn -0.7946 0.6066 -0.0231
vn -0.8977 0.4400 -0.0231
vn -0.9663 0.2564 -0.0231
vn -0.9802 0.0744 -0.1834
vn -0.9869 -0.0818 0.1390
vn -0.9645 -0.2629 -0.0231
vn -0.8947 -0.4460 -0.0231
vn -0.7706 -0.6369 -0.0229
vn -0.6066 -0.7946 -0.0231
vn -0.4438 -0.8771 -0.1834
vn -0.2869 -0.9577 -0.0231
vn -0.1123 -0.9839 0.1389
vn 0.0873 -0.9917 0.0946
vn 0.2706 -0.9451 -0.1834
vn 0.4461 -0.8947 -0.0231
vn 0.6203 -0.7718 -0.1396
vn 0.7802 -0.6183 0.0946
vn 0.9190 -0.0712 -0.3877
vn 0.9077 0.1079 -0.4054
vn 0.9013 0.2704 -0.3385
vn 0.8312 0.4411 -0.3385
vn 0.7509 0.6206 -0.2259
vn 0.5898 0.7332 -0.3385
vn 0.4354 0.8342 -0.3385
vn 0.2771 0.8712 -0.4054
vn 0.1032 0.9160 -0.3877
vn -0.0894 0.9367 -0.3385
vn -0.2704 0.9013 -0.3385
vn -0.4411 0.8312 -0.3385
vn -0.6205 0.7509 -0.2259
vn -0.7332 0.5898 -0.3385
vn -0.8004 0.4417 -0.4054
vn -0.8920 0.2999 -0.3384
vn -0.9514 0.1012 -0.2909
vn -0.9153 -0.1094 -0.3877
vn -0.8899 -0.3059 -0.3384
vn -0.7973 -0.4471 -0.4054
vn -0.7563 -0.5963 -0.2692
vn -0.6184 -0.7093 -0.3384
vn -0.4575 -0.8403 -0.2908
vn -0.2643 -0.9031 -0.3385
vn -0.0712 -0.9190 -0.3877
vn 0.1264 -0.9325 -0.3384
vn 0.2830 -0.8693 -0.4054
vn 0.4632 -0.8371 -0.2908
vn 0.6001 -0.7262 -0.3356
vn 0.7093 -0.6184 -0.3384
vn 0.8163 -0.4681 -0.3384
vn 0.9941 0.1013 0.0397
vn 0.9941 -0.1028 0.0341
vn 0.9449 0.3249 0.0397
vn 0.8759 0.4813 0.0341
vn 0.7700 0.6363 0.0464
vn 0.6378 0.7695 0.0340
vn 0.4721 0.8805 0.0429
vn 0.2622 0.9644 0.0359
vn 0.0615 0.9973 0.0397
vn -0.1095 0.9934 0.0341
vn -0.2729 0.9612 0.0397
vn -0.4551 0.8895 0.0397
vn -0.6138 0.7882 0.0440
vn -0.7715 0.6348 0.0429
vn -0.8831 0.4682 0.0293
vn -0.9584 0.2823 0.0429
vn -0.9947 0.0946 0.0396
vn -0.9944 -0.0967 0.0429
vn -0.9487 -0.3136 0.0397
vn -0.8673 -0.4965 0.0359
vn -0.7651 -0.6430 0.0340
vn -0.6476 -0.7609 0.0397
vn -0.4934 -0.8687 0.0440
vn -0.2912 -0.9557 0.0429
vn -0.1028 -0.9941 0.0341
vn 0.0682 -0.9969 0.0397
vn 0.2687 -0.9626 0.0359
vn 0.4482 -0.8928 0.0440
vn 0.6166 -0.7865 0.0359
vn 0.7774 -0.6276 0.0429
vn 0.9952 -0.0946 0.0250
vn 0.9955 0.0933 -0.0179
vn 0.9649 0.2625 0.0015
vn 0.8803 0.4744 0.0015
vn 0.7655 0.6432 -0.0179
vn 0.6281 0.7780 0.0127
vn 0.4611 0.8872 -0.0179
vn 0.3138 0.9493 0.0166
vn 0.1194 0.9928 -0.0119
vn -0.1013 0.9945 0.0250
vn -0.3131 0.9497 0.0015
vn -0.4923 0.8704 0.0015
vn -0.6560 0.7547 -0.0119
vn -0.7801 0.6254 -0.0179
vn -0.8832 0.4682 0.0250
vn -0.9574 0.2869 -0.0343
vn -0.9952 0.0946 0.0250
vn -0.9955 -0.0933 -0.0179
vn -0.9649 -0.2625 0.0015
vn -0.8952 -0.4456 0.0015
vn -0.7738 -0.6334 0.0127
vn -0.6158 -0.7879 0.0015
vn -0.4462 -0.8949 -0.0119
vn -0.2792 -0.9601 -0.0179
vn -0.0900 -0.9959 0.0127
vn 0.1335 -0.9910 0.0015
vn 0.3243 -0.9460 0.0015
vn 0.4989 -0.8665 0.0166
vn 0.6560 -0.7547 -0.0119
vn 0.7801 -0.6254 -0.0179
vn 0.9538 -0.2858 -0.0930
vn 0.7799 -0.6161 -0.1103
vn 0.6211 -0.7721 -0.1349
vn 0.2923 -0.9518 -0.0930
vn 0.1027 -0.9871 -0.1225
vn -0.2858 -0.9538 -0.0930
vn -0.6011 -0.7897 -0.1225
vn -0.7650 -0.6322 -0.1229
vn -0.9450 -0.3099 -0.1047
vn -0.9873 -0.1006 -0.1229
vn -0.9538 0.2858 -0.0930
vn -0.7799 0.6161 -0.1103
vn -0.6211 0.7721 -0.1349
vn -0.2923 0.9518 -0.0930
vn -0.0875 0.9870 -0.1349
vn 0.2858 0.9538 -0.0930
vn 0.6270 0.7693 -0.1229
vn 0.7856 0.6065 -0.1225
vn 0.9518 0.2923 -0.0930
vn 0.9871 0.1027 -0.1225
vn 0.9842 -0.0936 -0.1506
vn 0.8806 -0.2847 -0.3787
vn 0.8844 -0.4454 -0.1393
vn 0.8156 -0.4476 -0.3666
vn 0.7192 -0.5707 -0.3964
vn 0.4532 -0.8126 -0.3666
vn 0.4514 -0.8814 -0.1393
vn 0.2907 -0.8787 -0.3787
vn 0.0843 -0.9064 -0.4139
vn -0.0936 -0.9842 -0.1506
vn -0.2847 -0.8806 -0.3787
vn -0.4454 -0.8844 -0.1393
vn -0.4476 -0.8156 -0.3666
vn -0.5707 -0.7192 -0.3964
vn -0.8126 -0.4532 -0.3666
vn -0.8814 -0.4514 -0.1393
vn -0.8787 -0.2907 -0.3787
vn -0.9128 0.0988 -0.3964
vn -0.9836 0.1144 -0.1393
vn -0.8806 0.2847 -0.3787
vn -0.8844 0.4454 -0.1393
vn -0.8156 0.4476 -0.3666
vn -0.7192 0.5707 -0.3964
vn -0.4532 0.8126 -0.3666
vn -0.4514 0.8814 -0.1393
vn -0.2907 0.8787 -0.3787
vn 0.0782 0.9070 -0.4139
vn 0.1144 0.9836 -0.1393
vn 0.2847 0.8806 -0.3787
vn 0.4454 0.8844 -0.1393
vn 0.4476 0.8156 -0.3666
vn 0.6966 0.5861 -0.4139
vn 0.8126 0.4532 -0.3666
vn 0.8814 0.4514 -0.1393
vn 0.8787 0.2907 -0.3787
vn 0.9064 0.0843 -0.4139
vn 0.9018 -0.1104 -0.4177
vn 0.8443 -0.2229 -0.4873
vn 0.7714 -0.4089 -0.4876
vn 0.6680 -0.5634 -0.4861
vn 0.5745 -0.6952 -0.4321
vn 0.4142 -0.7686 -0.4875
vn 0.2286 -0.8428 -0.4873
vn -0.0680 -0.8712 -0.4861
vn -0.1104 -0.9018 -0.4177
vn -0.2229 -0.8443 -0.4873
vn -0.4090 -0.7716 -0.4872
vn -0.5634 -0.6680 -0.4861
vn -0.6952 -0.5745 -0.4321
vn -0.7688 -0.4143 -0.4872
vn -0.8428 -0.2286 -0.4873
vn -0.8972 -0.0914 -0.4321
vn -0.8716 0.0538 -0.4873
vn -0.8443 0.2229 -0.4873
vn -0.7714 0.4090 -0.4875
vn -0.6680 0.5634 -0.4861
vn -0.5745 0.6952 -0.4321
vn -0.4142 0.7686 -0.4876
vn -0.2286 0.8428 -0.4873
vn -0.1165 0.9011 -0.4177
vn -0.0598 0.8712 -0.4873
vn 0.2229 0.8443 -0.4873
vn 0.4089 0.7713 -0.4878
vn 0.5548 0.7195 -0.4177
vn 0.5738 0.6583 -0.4873
vn 0.7686 0.4142 -0.4876
vn 0.8428 0.2286 -0.4873
vn 0.8716 -0.0538 -0.4873
vn 0.8862 -0.1123 -0.4496
vn 0.8472 -0.2830 -0.4496
vn 0.6956 -0.5545 -0.4568
vn 0.5710 -0.6599 -0.4884
vn 0.5604 -0.7010 -0.4411
vn 0.2888 -0.8453 -0.4496
vn 0.1183 -0.8854 -0.4496
vn 0.0688 -0.8699 -0.4884
vn -0.0846 -0.8896 -0.4488
vn -0.2727 -0.8446 -0.4607
vn -0.5545 -0.6956 -0.4568
vn -0.6599 -0.5710 -0.4884
vn -0.7010 -0.5604 -0.4411
vn -0.8453 -0.2888 -0.4496
vn -0.8840 -0.0998 -0.4568
vn -0.8688 -0.0885 -0.4872
vn -0.8919 0.0995 -0.4411
vn -0.8472 0.2830 -0.4496
vn -0.6956 0.5545 -0.4568
vn -0.5710 0.6599 -0.4884
vn -0.5604 0.7010 -0.4411
vn -0.2888 0.8453 -0.4496
vn -0.1183 0.8854 -0.4496
vn 0.0846 0.8896 -0.4488
vn 0.0826 0.8694 -0.4872
vn 0.2830 0.8472 -0.4496
vn 0.5556 0.7048 -0.4411
vn 0.6918 0.5592 -0.4568
vn 0.6732 0.5563 -0.4872
vn 0.8453 0.2888 -0.4496
vn 0.8890 0.0906 -0.4488
vn 0.8688 0.0885 -0.4872
vn 0.9005 -0.2511 -0.3549
vn 0.8327 -0.4262 -0.3535
vn 0.7883 -0.4179 -0.4516
vn 0.7187 -0.6023 -0.3474
vn 0.4319 -0.8298 -0.3535
vn 0.4233 -0.7854 -0.4516
vn 0.2455 -0.9038 -0.3504
vn 0.0644 -0.9344 -0.3504
vn -0.2681 -0.8945 -0.3577
vn -0.4082 -0.8003 -0.4393
vn -0.4381 -0.8278 -0.3505
vn -0.5912 -0.7264 -0.3506
vn -0.8298 -0.4319 -0.3535
vn -0.7854 -0.4233 -0.4516
vn -0.8988 -0.2572 -0.3549
vn -0.9341 -0.0823 -0.3474
vn -0.9005 0.2511 -0.3549
vn -0.8327 0.4262 -0.3535
vn -0.7883 0.4179 -0.4516
vn -0.7264 0.5912 -0.3505
vn -0.4319 0.8298 -0.3535
vn -0.4233 0.7854 -0.4516
vn -0.2455 0.9038 -0.3504
vn -0.0644 0.9344 -0.3504
vn 0.2511 0.9005 -0.3549
vn 0.4262 0.8327 -0.3535
vn 0.4179 0.7883 -0.4516
vn 0.7224 0.5960 -0.3506
vn 0.8298 0.4319 -0.3535
vn 0.7854 0.4232 -0.4516
vn 0.8988 0.2572 -0.3549
vn 0.9346 -0.0760 -0.3474
vn 0.9276 -0.2779 -0.2497
vn 0.8400 -0.4815 -0.2500
vn 0.6258 -0.7342 -0.2633
vn 0.5830 -0.7349 -0.3464
vn 0.4872 -0.8367 -0.2500
vn 0.2939 -0.9248 -0.2415
vn 0.1124 -0.9582 -0.2633
vn -0.0598 -0.9664 -0.2500
vn -0.1074 -0.9319 -0.3464
vn -0.2779 -0.9276 -0.2497
vn -0.4815 -0.8400 -0.2500
vn -0.6362 -0.7299 -0.2500
vn -0.7239 -0.5982 -0.3435
vn -0.8367 -0.4872 -0.2500
vn -0.9257 -0.2842 -0.2497
vn -0.9617 0.0767 -0.2633
vn -0.9319 0.1074 -0.3464
vn -0.9276 0.2779 -0.2497
vn -0.8400 0.4815 -0.2500
vn -0.7385 0.6208 -0.2633
vn -0.5982 0.7239 -0.3435
vn -0.4872 0.8367 -0.2500
vn -0.2939 0.9248 -0.2415
vn -0.1124 0.9582 -0.2633
vn 0.0598 0.9664 -0.2500
vn 0.1074 0.9319 -0.3464
vn 0.2779 0.9276 -0.2497
vn 0.4815 0.8400 -0.2500
vn 0.5933 0.7280 -0.3435
vn 0.7342 0.6258 -0.2633
vn 0.8367 0.4872 -0.2500
vn 0.9257 0.2842 -0.2497
vn 0.9312 0.1137 -0.3464
vn 0.9611 0.0832 -0.2633
vn 0.9846 -0.0944 -0.1475
vn 0.9686 -0.0687 -0.2388
vn 0.8885 -0.4346 -0.1474
vn 0.7866 -0.5996 -0.1474
vn 0.7378 -0.6314 -0.2388
vn 0.6301 -0.7625 -0.1472
vn 0.4406 -0.8855 -0.1474
vn 0.1135 -0.9814 -0.1552
vn -0.0944 -0.9846 -0.1474
vn -0.4346 -0.8885 -0.1474
vn -0.6145 -0.7765 -0.1393
vn -0.7700 -0.6189 -0.1552
vn -0.7462 -0.6166 -0.2510
vn -0.8855 -0.4406 -0.1474
vn -0.9839 -0.1011 -0.1474
vn -0.9682 -0.0752 -0.2388
vn -0.9821 0.1068 -0.1552
vn -0.8885 0.4346 -0.1474
vn -0.7742 0.6137 -0.1552
vn -0.6364 0.7335 -0.2388
vn -0.6198 0.7723 -0.1393
vn -0.4406 0.8855 -0.1474
vn -0.0868 0.9841 -0.1552
vn 0.1130 0.9809 -0.1586
vn 0.4346 0.8885 -0.1474
vn 0.6145 0.7765 -0.1393
vn 0.6314 0.7378 -0.2388
vn 0.7700 0.6189 -0.1552
vn 0.8855 0.4406 -0.1474
vn 0.9811 0.1000 -0.1658
vn 0.9934 -0.1083 -0.0375
vn 0.9542 -0.2662 -0.1364
vn 0.9607 -0.2761 -0.0291
vn 0.8884 -0.4582 -0.0291
vn 0.7694 -0.6383 -0.0238
vn 0.4820 -0.8759 -0.0238
vn 0.2743 -0.9610 -0.0350
vn 0.2903 -0.9454 -0.1479
vn 0.0876 -0.9954 -0.0376
vn -0.1033 -0.9944 -0.0238
vn -0.2662 -0.9542 -0.1364
vn -0.3181 -0.9476 -0.0292
vn -0.4968 -0.8674 -0.0291
vn -0.7650 -0.6436 -0.0238
vn -0.8852 -0.4642 -0.0291
vn -0.9511 -0.3065 -0.0375
vn -0.9524 -0.2726 -0.1364
vn -0.9906 -0.1338 -0.0292
vn -0.9976 0.0620 -0.0292
vn -0.9575 0.2869 -0.0292
vn -0.9474 0.2839 -0.1479
vn -0.8763 0.4802 -0.0376
vn -0.7819 0.6228 -0.0292
vn -0.4861 0.8731 -0.0375
vn -0.3245 0.9454 -0.0291
vn -0.2726 0.9524 -0.1364
vn -0.1338 0.9906 -0.0291
vn 0.0748 0.9966 -0.0350
vn 0.2662 0.9542 -0.1364
vn 0.2761 0.9607 -0.0291
vn 0.4582 0.8884 -0.0291
vn 0.7493 0.6616 -0.0291
vn 0.8759 0.4819 -0.0238
vn 0.9511 0.3065 -0.0375
vn 0.9524 0.2726 -0.1364
vn 0.9944 0.1013 -0.0291
vn 0.9955 -0.0946 -0.0000
vn 0.9480 -0.3183 -0.0000
vn 0.8808 -0.4736 -0.0000
vn 0.6580 -0.7530 -0.0000
vn 0.6368 -0.7705 -0.0293
vn 0.2700 -0.9629 -0.0000
vn 0.1014 -0.9948 -0.0000
vn -0.2840 -0.9588 -0.0000
vn -0.4632 -0.8862 -0.0000
vn -0.6102 -0.7922 -0.0000
vn -0.6315 -0.7748 -0.0292
vn -0.8775 -0.4795 -0.0000
vn -0.9475 -0.3197 -0.0000
vn -0.9921 -0.1257 -0.0000
vn -0.9975 0.0702 -0.0000
vn -0.8835 0.4684 -0.0000
vn -0.7714 0.6363 -0.0000
vn -0.6369 0.7708 -0.0175
vn -0.4744 0.8803 -0.0000
vn -0.3169 0.9485 -0.0000
vn -0.1257 0.9921 -0.0000
vn 0.0702 0.9975 -0.0000
vn 0.2635 0.9647 -0.0000
vn 0.4466 0.8947 -0.0000
vn 0.6123 0.7903 -0.0219
vn 0.6126 0.7904 -0.0000
vn 0.7550 0.6557 -0.0000
vn 0.9560 0.2935 -0.0000
vn -0.4670 -0.8843 -0.0000
vn -0.7761 0.6306 -0.0000
vn -0.6370 0.7709 -0.0000
vn 0.9665 -0.2568 -0.0000
vn 0.8842 -0.4670 -0.0000
vn 0.7937 -0.6083 -0.0000
vn 0.7567 -0.6538 -0.0000
vn 0.6147 -0.7888 -0.0000
vn 0.4744 -0.8803 -0.0000
vn 0.3234 -0.9463 -0.0000
vn 0.1030 -0.9947 -0.0000
vn -0.0648 -0.9979 -0.0000
vn -0.1246 -0.9922 -0.0000
vn -0.2870 -0.9579 -0.0001
vn -0.6537 -0.7567 -0.0000
vn -0.7709 -0.6370 -0.0000
vn -0.8811 -0.4730 -0.0000
vn -0.9647 -0.2633 -0.0000
vn -0.9974 -0.0714 -0.0000
vn -0.9920 0.1259 -0.0000
vn -0.9661 0.2582 -0.0000
vn -0.9493 0.3144 -0.0000
vn -0.8849 0.4657 -0.0000
vn -0.4731 0.8810 -0.0000
vn -0.2620 0.9651 -0.0000
vn -0.0701 0.9975 -0.0000
vn 0.1231 0.9924 -0.0000
vn 0.3144 0.9493 -0.0000
vn 0.4935 0.8697 -0.0000
vn 0.6548 0.7558 -0.0000
vn 0.7913 0.6114 -0.0000
vn 0.8657 0.5005 -0.0000
vn 0.8948 0.4465 -0.0000
vn 0.9947 0.1028 -0.0000
vn 0.9948 0.1014 -0.0000
vn -0.6370 0.7709 -0.0001
vn 0.9955 -0.0946 -0.0001
vn 0.9607 -0.2758 0.0300
vn 0.8748 -0.4827 0.0418
vn 0.7536 -0.6564 0.0357
vn 0.6196 -0.7844 0.0278
vn 0.4744 -0.8803 -0.0001
vn 0.2825 -0.9588 0.0300
vn 0.0687 -0.9970 0.0358
vn -0.2758 -0.9607 0.0300
vn -0.4826 -0.8748 0.0418
vn -0.6485 -0.7607 0.0278
vn -0.7709 -0.6370 -0.0001
vn -0.8715 -0.4886 0.0418
vn -0.9557 -0.2935 0.0227
vn -0.9961 0.0831 0.0300
vn -0.9558 0.2919 0.0357
vn -0.8749 0.4826 0.0417
vn -0.7536 0.6564 0.0358
vn -0.4885 0.8716 0.0418
vn -0.3144 0.9489 0.0278
vn -0.1128 0.9932 0.0299
vn 0.0997 0.9944 0.0357
vn 0.2918 0.9558 0.0358
vn 0.4826 0.8748 0.0418
vn 0.7491 0.6615 0.0358
vn 0.8798 0.4741 0.0357
vn 0.9551 0.2964 -0.0000
vn 0.9644 0.2619 0.0358
vn 0.9965 0.0794 0.0278
vn 0.9687 -0.1117 0.2215
vn 0.9960 -0.0776 0.0443
vn 0.9290 -0.3119 0.1994
vn 0.7667 -0.6102 0.1995
vn 0.6294 -0.7616 0.1544
vn 0.4738 -0.8792 0.0502
vn 0.3182 -0.9268 0.1994
vn 0.1312 -0.9711 0.1994
vn -0.0927 -0.9756 0.1990
vn -0.0946 -0.9949 0.0358
vn -0.3119 -0.9290 0.1994
vn -0.6242 -0.7659 0.1544
vn -0.7591 -0.6494 0.0443
vn -0.7626 -0.6154 0.1995
vn -0.9380 -0.2969 0.1788
vn -0.9920 -0.1182 0.0443
vn -0.9759 -0.0880 0.1995
vn -0.9687 0.1117 0.2215
vn -0.9290 0.3119 0.1994
vn -0.7667 0.6102 0.1995
vn -0.6294 0.7616 0.1544
vn -0.6366 0.7703 0.0359
vn -0.2969 0.9380 0.1788
vn -0.0880 0.9759 0.1995
vn 0.1117 0.9687 0.2215
vn 0.3119 0.9290 0.1994
vn 0.6281 0.7573 0.1788
vn 0.6314 0.7747 0.0359
vn 0.7748 0.6085 0.1716
vn 0.9268 0.3182 0.1994
vn 0.9779 0.1082 0.1788
vn 0.7161 -0.1865 0.6726
vn 0.7472 -0.3633 0.5565
vn 0.8532 -0.4673 0.2316
vn 0.6254 -0.4758 0.6184
vn 0.5012 -0.6064 0.6173
vn 0.4731 -0.8500 0.2316
vn 0.3684 -0.7447 0.5565
vn 0.1913 -0.7148 0.6726
vn 0.0554 -0.8290 0.5565
vn -0.1865 -0.7161 0.6726
vn -0.3633 -0.7472 0.5565
vn -0.4674 -0.8532 0.2316
vn -0.5193 -0.6351 0.5718
vn -0.5872 -0.4503 0.6726
vn -0.8500 -0.4731 0.2316
vn -0.7447 -0.3684 0.5565
vn -0.7148 -0.1913 0.6726
vn -0.7840 -0.0535 0.6184
vn -0.7161 0.1865 0.6726
vn -0.7472 0.3633 0.5565
vn -0.8532 0.4673 0.2316
vn -0.6254 0.4758 0.6184
vn -0.5012 0.6064 0.6173
vn -0.4731 0.8500 0.2316
vn -0.3684 0.7447 0.5565
vn -0.1913 0.7148 0.6726
vn -0.0535 0.7841 0.6184
vn 0.1865 0.7161 0.6726
vn 0.3633 0.7472 0.5565
vn 0.4674 0.8532 0.2316
vn 0.4463 0.5902 0.6726
vn 0.6316 0.5236 0.5718
vn 0.8500 0.4731 0.2316
vn 0.7447 0.3684 0.5565
vn 0.7148 0.1913 0.6726
vn 0.8290 0.0554 0.5565
vn -0.0376 0.0048 0.9993
vn 0.7109 -0.0676 0.7000
vn -0.0339 0.0180 0.9993
vn -0.0286 0.0249 0.9993
vn -0.0182 0.0338 0.9993
vn -0.0048 0.0475 0.9989
vn -0.0700 -0.7107 0.7000
vn 0.0065 0.0506 0.9987
vn 0.0180 0.0339 0.9993
vn 0.0335 0.0384 0.9987
vn 0.0420 0.0227 0.9989
vn 0.0506 0.0069 0.9987
vn 0.0475 -0.0045 0.9989
vn -0.7802 0.0742 0.6212
vn 0.0339 -0.0180 0.9993
vn 0.0384 -0.0335 0.9987
vn 0.0226 -0.0420 0.9989
vn 0.0069 -0.0506 0.9987
vn -0.0046 -0.0475 0.9989
vn 0.0742 0.7801 0.6212
vn -0.0295 -0.0557 0.9980
vn -0.0382 -0.0338 0.9987
vn -0.0338 -0.0182 0.9993
vn -0.0627 -0.0064 0.9980
vn 0.0080 -0.0013 1.0000
vn -0.0256 0.0077 0.9996
vn 0.0079 -0.0024 1.0000
vn 0.0051 -0.0042 1.0000
vn 0.0046 -0.0052 1.0000
vn -0.0234 0.0283 0.9993
vn 0.0024 -0.0079 1.0000
vn -0.0078 0.0255 0.9996
vn 0.0009 -0.0092 1.0000
vn -0.0009 -0.0069 1.0000
vn 0.0077 0.0256 0.9996
vn -0.0024 -0.0079 1.0000
vn -0.0046 -0.0053 1.0000
vn 0.0206 0.0170 0.9996
vn -0.0051 -0.0042 1.0000
vn -0.0070 -0.0042 1.0000
vn 0.0200 0.0062 0.9998
vn -0.0069 -0.0009 1.0000
vn -0.0094 0.0009 1.0000
vn 0.0256 -0.0077 0.9996
vn -0.0079 0.0024 1.0000
vn -0.0042 0.0034 1.0000
vn 0.0170 -0.0206 0.9996
vn -0.0053 0.0064 1.0000
vn -0.0039 0.0073 1.0000
vn 0.0062 -0.0200 0.9998
vn -0.0008 0.0082 1.0000
vn 0.0008 0.0082 1.0000
vn -0.0060 -0.0201 0.9998
vn 0.0034 0.0061 1.0000
vn -0.0133 -0.0163 0.9998
vn 0.0052 0.0046 1.0000
vn 0.0079 0.0024 1.0000
vn -0.0255 -0.0078 0.9996
vn 0.0082 0.0008 1.0000
vn -0.2490 0.0661 0.9663
vn -0.2313 0.1134 0.9662
vn 0.0087 -0.0050 0.9999
vn -0.1640 0.1247 0.9785
vn -0.1970 0.2378 0.9511
vn 0.0051 -0.0087 0.9999
vn -0.1150 0.2305 0.9662
vn -0.0678 0.2485 0.9663
vn 0.0162 0.2571 0.9662
vn 0.0661 0.2490 0.9663
vn 0.1134 0.2313 0.9662
vn -0.0050 -0.0087 0.9999
vn 0.1953 0.2391 0.9511
vn 0.1632 0.1258 0.9785
vn 0.2306 0.1150 0.9662
vn -0.0095 -0.0032 0.9999
vn 0.2485 0.0678 0.9663
vn 0.2570 0.0180 0.9662
vn 0.2490 -0.0661 0.9663
vn 0.2313 -0.1134 0.9662
vn -0.0087 0.0049 0.9999
vn 0.1965 -0.1602 0.9673
vn 0.1577 -0.2037 0.9662
vn 0.1150 -0.2306 0.9662
vn -0.0032 0.0095 0.9999
vn 0.0678 -0.2485 0.9663
vn -0.0162 -0.2571 0.9662
vn -0.0661 -0.2490 0.9663
vn 0.0032 0.0095 0.9999
vn -0.1134 -0.2313 0.9662
vn -0.1602 -0.1965 0.9673
vn 0.0052 0.0064 1.0000
vn -0.2037 -0.1577 0.9662
vn 0.0087 0.0050 0.9999
vn -0.2306 -0.1150 0.9662
vn -0.2485 -0.0678 0.9663
vn -0.2571 0.0162 0.9663
vn -0.3837 0.0495 0.9221
vn -0.3667 0.1235 0.9221
vn -0.3355 0.1926 0.9221
vn -0.2915 0.2544 0.9221
vn -0.1949 0.3342 0.9221
vn -0.1259 0.3659 0.9221
vn -0.0441 0.4332 0.9002
vn -0.0269 0.2642 0.9641
vn 0.0428 0.3370 0.9405
vn 0.1235 0.3667 0.9221
vn 0.1926 0.3355 0.9221
vn 0.2898 0.2564 0.9221
vn 0.3342 0.1949 0.9221
vn 0.3659 0.1259 0.9221
vn 0.3834 0.0522 0.9221
vn 0.3880 -0.0369 0.9209
vn 0.2644 -0.0251 0.9641
vn 0.3667 -0.1235 0.9221
vn 0.3355 -0.1926 0.9221
vn 0.2564 -0.2898 0.9221
vn 0.1949 -0.3342 0.9221
vn 0.1259 -0.3658 0.9221
vn 0.0442 -0.4332 0.9002
vn 0.0269 -0.2642 0.9641
vn -0.0428 -0.3370 0.9405
vn -0.1235 -0.3667 0.9221
vn -0.1926 -0.3355 0.9221
vn -0.2898 -0.2564 0.9221
vn -0.3342 -0.1949 0.9221
vn -0.3659 -0.1259 0.9221
vn -0.3877 -0.0395 0.9209
vn -0.2642 -0.0269 0.9641
vn -0.0297 0.0078 0.9995
vn -0.0036 0.0018 1.0000
vn -0.0074 0.0056 1.0000
vn -0.0103 0.0125 0.9999
vn -0.2425 0.2935 0.9247
vn -0.0092 0.0186 0.9998
vn -0.0080 0.0296 0.9995
vn -0.0000 0.0005 1.0000
vn 0.0052 0.0201 0.9998
vn 0.0011 0.0022 1.0000
vn 0.0202 0.0248 0.9995
vn 0.2405 0.2951 0.9247
vn 0.0163 0.0126 0.9998
vn 0.0073 0.0036 1.0000
vn 0.0296 0.0080 0.9995
vn 0.0002 -0.0000 1.0000
vn 0.0297 -0.0078 0.9995
vn 0.0114 -0.0055 0.9999
vn 0.0248 -0.0202 0.9995
vn 0.2951 -0.2405 0.9247
vn 0.0031 -0.0040 1.0000
vn 0.0005 -0.0010 1.0000
vn 0.0080 -0.0296 0.9995
vn 0.0014 -0.0207 0.9998
vn -0.0024 -0.0089 1.0000
vn -0.0002 -0.0004 1.0000
vn -0.0202 -0.0248 0.9995
vn -0.2405 -0.2951 0.9247
vn -0.0164 -0.0126 0.9998
vn -0.0073 -0.0036 1.0000
vn -0.0296 -0.0080 0.9995
vn -0.0004 -0.0000 1.0000
vn -0.0038 -0.0004 1.0000
vn 0.0057 -0.0005 1.0000
vn 0.6399 0.7339 -0.2278
vn 0.2795 0.9327 -0.2280
vn -0.0987 0.9687 -0.2280
vn 0.4619 -0.8571 -0.2280
vn 0.7339 -0.6399 -0.2278
vn -0.8413 -0.4902 -0.2278
vn -0.9649 -0.1309 -0.2278
vn 0.9649 0.1309 -0.2278
vn 0.8603 -0.4561 -0.2280
vn -0.3166 0.9208 -0.2278
vn -0.9693 0.0922 -0.2280
vn -0.9208 -0.3166 -0.2278
vn -0.3104 -0.9229 -0.2278
vn -0.7339 0.6399 -0.2278
vn -0.1243 -0.9657 -0.2278
vn 0.9208 0.3166 -0.2278
vn 0.2547 -0.9398 -0.2278
vn -0.8603 0.4561 -0.2280
vn -0.7295 -0.6449 -0.2278
vn -0.4902 0.8413 -0.2278
vn -0.5897 -0.7748 -0.2278
vn 0.0665 -0.9714 -0.2278
vn 0.9693 -0.0922 -0.2280
vn 0.7708 0.5950 -0.2278
vn 0.4844 0.8446 -0.2278
vn 0.9579 -0.2870 -0.0083
vn 0.2935 -0.9559 -0.0083
vn -0.2870 -0.9579 -0.0083
vn 0.2870 0.9579 -0.0083
vn 0.0027 0.0281 0.9996
vn -0.0010 -0.0101 0.9999
vn 0.0922 0.9693 -0.2280
vn 0.6202 -0.7506 -0.2280
vn 0.9327 -0.2795 -0.2280
vn -0.4561 -0.8603 -0.2279
vn -0.6202 0.7506 -0.2279
vn 0.8571 0.4619 -0.2280
vn -0.9327 0.2795 -0.2280
vt 0.486103 0.820120
vt 0.475230 0.892620
vt 0.475230 0.820167
vt 0.464386 0.820280
vt 0.453580 0.892620
vt 0.453580 0.820442
vt 0.442808 0.892620
vt 0.442808 0.820619
vt 0.431954 0.820854
vt 0.431954 0.892620
vt 0.421059 0.821190
vt 0.410127 0.892620
vt 0.410127 0.821560
vt 0.764664 0.821113
vt 0.753739 0.892620
vt 0.753739 0.820945
vt 0.742831 0.820762
vt 0.732003 0.892620
vt 0.732003 0.820626
vt 0.721219 0.820560
vt 0.721219 0.892620
vt 0.710413 0.820493
vt 0.699570 0.892620
vt 0.699570 0.820409
vt 0.688697 0.892620
vt 0.688697 0.820349
vt 0.676034 0.820328
vt 0.676034 0.892620
vt 0.663371 0.820268
vt 0.663371 0.892620
vt 0.652498 0.820169
vt 0.641655 0.820099
vt 0.652498 0.892620
vt 0.641655 0.892620
vt 0.630849 0.820058
vt 0.630849 0.892620
vt 0.620065 0.892620
vt 0.620065 0.819996
vt 0.609237 0.819919
vt 0.609237 0.892620
vt 0.598329 0.819869
vt 0.587404 0.892620
vt 0.587404 0.819872
vt 0.576473 0.892620
vt 0.576473 0.819876
vt 0.565577 0.892620
vt 0.565577 0.819835
vt 0.554724 0.892620
vt 0.554724 0.819840
vt 0.543951 0.819883
vt 0.543951 0.892620
vt 0.533145 0.819909
vt 0.533145 0.892620
vt 0.522302 0.819921
vt 0.522302 0.892620
vt 0.511429 0.819959
vt 0.464386 0.892620
vt 0.498766 0.820042
vt 0.511429 0.892620
vt 0.498766 0.892620
vt 0.486103 0.892620
vt 0.486103 0.899383
vt 0.498766 0.899383
vt 0.511429 0.899383
vt 0.522302 0.899383
vt 0.533145 0.899383
vt 0.543951 0.899383
vt 0.554724 0.899383
vt 0.565577 0.899383
vt 0.576473 0.899383
vt 0.587404 0.899383
vt 0.598329 0.899383
vt 0.598329 0.892620
vt 0.609237 0.899383
vt 0.620065 0.899383
vt 0.630849 0.899383
vt 0.641655 0.899383
vt 0.652498 0.899383
vt 0.663371 0.899383
vt 0.676034 0.899383
vt 0.688697 0.899383
vt 0.699570 0.899383
vt 0.710413 0.892620
vt 0.710413 0.899383
vt 0.721219 0.899383
vt 0.732003 0.899383
vt 0.742831 0.899383
vt 0.742831 0.892620
vt 0.753739 0.899383
vt 0.764664 0.892620
vt 0.764664 0.899383
vt 0.421059 0.899383
vt 0.421059 0.892620
vt 0.431954 0.899383
vt 0.442808 0.899383
vt 0.453580 0.899383
vt 0.464386 0.899383
vt 0.475230 0.899383
vt 0.486103 0.906988
vt 0.498766 0.906988
vt 0.511429 0.906988
vt 0.533145 0.906988
vt 0.543951 0.906988
vt 0.554724 0.906988
vt 0.576473 0.906988
vt 0.587404 0.906988
vt 0.598329 0.906988
vt 0.620065 0.906988
vt 0.630849 0.906988
vt 0.641655 0.906988
vt 0.663371 0.906988
vt 0.676034 0.906988
vt 0.688697 0.906988
vt 0.710413 0.906988
vt 0.721219 0.906988
vt 0.732003 0.906988
vt 0.753739 0.906988
vt 0.410127 0.906988
vt 0.410127 0.899383
vt 0.421059 0.906988
vt 0.464386 0.906988
vt 0.475230 0.918884
vt 0.464386 0.911647
vt 0.475230 0.911647
vt 0.442808 0.906988
vt 0.453580 0.906988
vt 0.464386 0.926284
vt 0.475230 0.926284
vt 0.475230 0.906988
vt 0.498766 0.918884
vt 0.486103 0.911647
vt 0.498766 0.911647
vt 0.511429 0.918884
vt 0.511429 0.911647
vt 0.522302 0.911647
vt 0.533145 0.911647
vt 0.522302 0.918884
vt 0.543951 0.918884
vt 0.543951 0.911647
vt 0.554724 0.918884
vt 0.554724 0.911647
vt 0.565577 0.918884
vt 0.565577 0.911647
vt 0.576473 0.911647
vt 0.587404 0.918884
vt 0.587404 0.911647
vt 0.598329 0.918884
vt 0.598329 0.911647
vt 0.609237 0.911647
vt 0.620065 0.911647
vt 0.609237 0.918884
vt 0.630849 0.918884
vt 0.630849 0.911647
vt 0.641655 0.918884
vt 0.641655 0.911647
vt 0.652498 0.918884
vt 0.652498 0.911647
vt 0.663371 0.911647
vt 0.676034 0.918884
vt 0.676034 0.911647
vt 0.688697 0.918884
vt 0.688697 0.911647
vt 0.699570 0.911647
vt 0.710413 0.911647
vt 0.699570 0.918884
vt 0.721219 0.918884
vt 0.721219 0.911647
vt 0.732003 0.918884
vt 0.732003 0.911647
vt 0.742831 0.918884
vt 0.742831 0.911647
vt 0.753739 0.911647
vt 0.764664 0.918884
vt 0.764664 0.911647
vt 0.421059 0.918884
vt 0.410127 0.911647
vt 0.421059 0.911647
vt 0.431954 0.911647
vt 0.442808 0.911647
vt 0.431954 0.918884
vt 0.453580 0.918884
vt 0.453580 0.911647
vt 0.464386 0.918884
vt 0.486103 0.926284
vt 0.498766 0.926284
vt 0.511429 0.926284
vt 0.522302 0.926284
vt 0.533145 0.918884
vt 0.533145 0.926284
vt 0.543951 0.926284
vt 0.554724 0.926284
vt 0.565577 0.926284
vt 0.576473 0.926284
vt 0.576473 0.918884
vt 0.587404 0.926284
vt 0.598329 0.926284
vt 0.609237 0.926284
vt 0.620065 0.918884
vt 0.620065 0.926284
vt 0.630849 0.926284
vt 0.641655 0.926284
vt 0.652498 0.926284
vt 0.663371 0.926284
vt 0.663371 0.918884
vt 0.676034 0.926284
vt 0.688697 0.926284
vt 0.699570 0.926284
vt 0.710413 0.926284
vt 0.710413 0.918884
vt 0.721219 0.926284
vt 0.732003 0.926284
vt 0.742831 0.926284
vt 0.753739 0.918884
vt 0.753739 0.926284
vt 0.764664 0.926284
vt 0.410127 0.926284
vt 0.421059 0.926284
vt 0.431954 0.926284
vt 0.442808 0.918884
vt 0.442808 0.926284
vt 0.453580 0.926284
vt 0.486103 0.918884
vt 0.522302 0.906988
vt 0.565577 0.906988
vt 0.609237 0.906988
vt 0.652498 0.906988
vt 0.699570 0.906988
vt 0.742831 0.906988
vt 0.764664 0.906988
vt 0.431954 0.906988
vt 0.475230 0.929545
vt 0.464386 0.934276
vt 0.475230 0.934276
vt 0.475230 0.939104
vt 0.475230 0.943370
vt 0.464386 0.939104
vt 0.464386 0.964675
vt 0.475230 0.964675
vt 0.464386 0.965496
vt 0.475230 0.965496
vt 0.486103 0.929545
vt 0.498766 0.929545
vt 0.511429 0.929545
vt 0.522302 0.929545
vt 0.533145 0.929545
vt 0.543951 0.929545
vt 0.554724 0.929545
vt 0.565577 0.929545
vt 0.576473 0.929545
vt 0.587404 0.929545
vt 0.598329 0.929545
vt 0.609237 0.929545
vt 0.620065 0.929545
vt 0.630849 0.929545
vt 0.641655 0.929545
vt 0.652498 0.929545
vt 0.663371 0.929545
vt 0.676034 0.929545
vt 0.688697 0.929545
vt 0.699570 0.929545
vt 0.710413 0.929545
vt 0.721219 0.929545
vt 0.732003 0.929545
vt 0.742831 0.929545
vt 0.753739 0.929545
vt 0.764664 0.929545
vt 0.421059 0.929545
vt 0.431954 0.929545
vt 0.442808 0.929545
vt 0.453580 0.929545
vt 0.464386 0.929545
vt 0.498766 0.934276
vt 0.511429 0.934276
vt 0.522302 0.934276
vt 0.533145 0.934276
vt 0.543951 0.934276
vt 0.554724 0.934276
vt 0.565577 0.934276
vt 0.576473 0.934276
vt 0.587404 0.934276
vt 0.598329 0.934276
vt 0.609237 0.934276
vt 0.620065 0.934276
vt 0.630849 0.934276
vt 0.641655 0.934276
vt 0.652498 0.934276
vt 0.663371 0.934276
vt 0.676034 0.934276
vt 0.688697 0.934276
vt 0.699570 0.934276
vt 0.710413 0.934276
vt 0.721219 0.934276
vt 0.732003 0.934276
vt 0.742831 0.934276
vt 0.753739 0.934276
vt 0.764664 0.934276
vt 0.421059 0.934276
vt 0.410127 0.929545
vt 0.431954 0.934276
vt 0.442808 0.934276
vt 0.453580 0.934276
vt 0.486103 0.934276
vt 0.498766 0.939104
vt 0.511429 0.939104
vt 0.522302 0.939104
vt 0.533145 0.939104
vt 0.554724 0.939104
vt 0.565577 0.939104
vt 0.576473 0.939104
vt 0.587404 0.939104
vt 0.598329 0.939104
vt 0.609237 0.939104
vt 0.630849 0.939104
vt 0.641655 0.939104
vt 0.652498 0.939104
vt 0.663371 0.939104
vt 0.676034 0.939104
vt 0.688697 0.939104
vt 0.699570 0.939104
vt 0.721219 0.939104
vt 0.732003 0.939104
vt 0.742831 0.939104
vt 0.753739 0.939104
vt 0.764664 0.939104
vt 0.410127 0.939104
vt 0.410127 0.934276
vt 0.421059 0.939104
vt 0.431954 0.939104
vt 0.464386 0.967836
vt 0.475230 0.967836
vt 0.453580 0.939104
vt 0.486103 0.939104
vt 0.498766 0.943370
vt 0.511429 0.943370
vt 0.522302 0.943370
vt 0.533145 0.943370
vt 0.543951 0.939104
vt 0.543951 0.943370
vt 0.554724 0.943370
vt 0.565577 0.943370
vt 0.576473 0.943370
vt 0.587404 0.943370
vt 0.598329 0.943370
vt 0.609237 0.943370
vt 0.620065 0.939104
vt 0.620065 0.943370
vt 0.630849 0.943370
vt 0.641655 0.943370
vt 0.652498 0.943370
vt 0.663371 0.943370
vt 0.676034 0.943370
vt 0.688697 0.943370
vt 0.699570 0.943370
vt 0.710413 0.939104
vt 0.710413 0.943370
vt 0.721219 0.943370
vt 0.732003 0.943370
vt 0.742831 0.943370
vt 0.753739 0.943370
vt 0.764664 0.943370
vt 0.410127 0.943370
vt 0.421059 0.943370
vt 0.431954 0.943370
vt 0.442808 0.939104
vt 0.442808 0.943370
vt 0.464386 0.968636
vt 0.453580 0.943370
vt 0.464386 0.943370
vt 0.486103 0.943370
vt 0.498766 0.964675
vt 0.511429 0.964675
vt 0.522302 0.964675
vt 0.533145 0.964675
vt 0.543951 0.964675
vt 0.554724 0.964675
vt 0.565577 0.964675
vt 0.576473 0.964675
vt 0.587404 0.964675
vt 0.598329 0.964675
vt 0.609237 0.964675
vt 0.620065 0.964675
vt 0.630849 0.964675
vt 0.641655 0.964675
vt 0.652498 0.964675
vt 0.663371 0.964675
vt 0.676034 0.964675
vt 0.688697 0.964675
vt 0.699570 0.964675
vt 0.710413 0.964675
vt 0.721219 0.964675
vt 0.732003 0.964675
vt 0.742831 0.964675
vt 0.753739 0.964675
vt 0.764664 0.964675
vt 0.410127 0.964675
vt 0.421059 0.964675
vt 0.431954 0.964675
vt 0.442808 0.964675
vt 0.453580 0.964675
vt 0.486103 0.964675
vt 0.486103 0.965496
vt 0.498766 0.965496
vt 0.511429 0.965496
vt 0.522302 0.965496
vt 0.533145 0.965496
vt 0.543951 0.965496
vt 0.554724 0.965496
vt 0.565577 0.965496
vt 0.576473 0.965496
vt 0.587404 0.965496
vt 0.598329 0.965496
vt 0.609237 0.965496
vt 0.620065 0.965496
vt 0.630849 0.965496
vt 0.641655 0.965496
vt 0.652498 0.965496
vt 0.663371 0.965496
vt 0.676034 0.965496
vt 0.688697 0.965496
vt 0.699570 0.965496
vt 0.710413 0.965496
vt 0.721219 0.965496
vt 0.732003 0.965496
vt 0.742831 0.965496
vt 0.753739 0.965496
vt 0.764664 0.965496
vt 0.421059 0.965496
vt 0.410127 0.965496
vt 0.431954 0.965496
vt 0.442808 0.965496
vt 0.453580 0.965496
vt 0.486103 0.967836
vt 0.498766 0.967836
vt 0.511429 0.967836
vt 0.522302 0.967836
vt 0.533145 0.967836
vt 0.543951 0.967836
vt 0.554724 0.967836
vt 0.565577 0.967836
vt 0.576473 0.967836
vt 0.587404 0.967836
vt 0.598329 0.967836
vt 0.609237 0.967836
vt 0.620065 0.967836
vt 0.630849 0.967836
vt 0.641655 0.967836
vt 0.652498 0.967836
vt 0.663371 0.967836
vt 0.676034 0.967836
vt 0.688697 0.967836
vt 0.699570 0.967836
vt 0.710413 0.967836
vt 0.721219 0.967836
vt 0.732003 0.967836
vt 0.742831 0.967836
vt 0.753739 0.967836
vt 0.764664 0.967836
vt 0.410127 0.967836
vt 0.421059 0.967836
vt 0.431954 0.967836
vt 0.442808 0.967836
vt 0.453580 0.967836
vt 0.486103 0.968636
vt 0.498766 0.968636
vt 0.522302 0.968636
vt 0.511429 0.968636
vt 0.533145 0.968636
vt 0.543951 0.968636
vt 0.554724 0.968636
vt 0.576473 0.968636
vt 0.565577 0.968636
vt 0.587404 0.968636
vt 0.609237 0.968636
vt 0.598329 0.968636
vt 0.620065 0.968636
vt 0.630849 0.968636
vt 0.641655 0.968636
vt 0.663371 0.968636
vt 0.652498 0.968636
vt 0.676034 0.968636
vt 0.699570 0.968636
vt 0.688697 0.968636
vt 0.710413 0.968636
vt 0.721219 0.968636
vt 0.732003 0.968636
vt 0.753739 0.968636
vt 0.742831 0.968636
vt 0.410127 0.968636
vt 0.431954 0.968636
vt 0.421059 0.968636
vt 0.442808 0.968636
vt 0.453580 0.968636
vt 0.475230 0.968636
vt 0.486103 0.810540
vt 0.475230 0.810573
vt 0.453580 0.810852
vt 0.464386 0.810714
vt 0.442808 0.811063
vt 0.421059 0.811553
vt 0.431954 0.811289
vt 0.764664 0.811282
vt 0.742831 0.811068
vt 0.753739 0.811225
vt 0.721219 0.810893
vt 0.732003 0.810983
vt 0.710413 0.810855
vt 0.688697 0.810684
vt 0.699570 0.810766
vt 0.676034 0.810660
vt 0.663371 0.810646
vt 0.652498 0.810536
vt 0.630849 0.810435
vt 0.641655 0.810484
vt 0.620065 0.810425
vt 0.598329 0.810290
vt 0.609237 0.810351
vt 0.587404 0.810297
vt 0.576473 0.810328
vt 0.565577 0.810268
vt 0.543951 0.810294
vt 0.554724 0.810276
vt 0.533145 0.810354
vt 0.511429 0.810365
vt 0.522302 0.810354
vt 0.498766 0.810440
vt 0.475230 0.800325
vt 0.486103 0.800363
vt 0.464386 0.800482
vt 0.453580 0.800642
vt 0.431954 0.801018
vt 0.442808 0.800864
vt 0.421059 0.801325
vt 0.410127 0.811840
vt 0.753739 0.800957
vt 0.764664 0.801086
vt 0.742831 0.800747
vt 0.732003 0.800681
vt 0.710413 0.800604
vt 0.721219 0.800621
vt 0.699570 0.800436
vt 0.688697 0.800423
vt 0.676034 0.800415
vt 0.652498 0.800310
vt 0.663371 0.800437
vt 0.641655 0.800190
vt 0.630849 0.800215
vt 0.609237 0.800098
vt 0.620065 0.800244
vt 0.598329 0.800116
vt 0.587404 0.800136
vt 0.565577 0.800105
vt 0.576473 0.800191
vt 0.554724 0.800031
vt 0.533145 0.800189
vt 0.543951 0.800107
vt 0.522302 0.800102
vt 0.511429 0.800175
vt 0.498766 0.800253
vt 0.475230 0.781276
vt 0.486103 0.781150
vt 0.464386 0.781351
vt 0.453580 0.781347
vt 0.431954 0.781735
vt 0.442808 0.781498
vt 0.410127 0.801698
vt 0.421059 0.781993
vt 0.764664 0.782051
vt 0.742831 0.781557
vt 0.753739 0.781700
vt 0.732003 0.781460
vt 0.710413 0.781265
vt 0.721219 0.781299
vt 0.699570 0.781307
vt 0.688697 0.781300
vt 0.676034 0.781151
vt 0.652498 0.781170
vt 0.663371 0.781137
vt 0.641655 0.781211
vt 0.620065 0.781038
vt 0.630849 0.781044
vt 0.609237 0.781103
vt 0.598329 0.781106
vt 0.576473 0.780977
vt 0.587404 0.780967
vt 0.565577 0.781048
vt 0.554724 0.781124
vt 0.543951 0.780990
vt 0.522302 0.781126
vt 0.533145 0.781021
vt 0.511429 0.781173
vt 0.498766 0.781086
vt 0.486103 0.763458
vt 0.475230 0.763430
vt 0.453580 0.763508
vt 0.464386 0.763409
vt 0.442808 0.763549
vt 0.421059 0.763642
vt 0.431954 0.763591
vt 0.410127 0.763618
vt 0.764664 0.763606
vt 0.753739 0.763610
vt 0.742831 0.763553
vt 0.721219 0.763495
vt 0.732003 0.763474
vt 0.710413 0.763474
vt 0.699570 0.763424
vt 0.676034 0.763471
vt 0.688697 0.763407
vt 0.663371 0.763456
vt 0.652498 0.763396
vt 0.630849 0.763397
vt 0.641655 0.763331
vt 0.620065 0.763390
vt 0.609237 0.763332
vt 0.587404 0.763377
vt 0.598329 0.763317
vt 0.576473 0.763359
vt 0.565577 0.763366
vt 0.543951 0.763382
vt 0.554724 0.763304
vt 0.533145 0.763389
vt 0.511429 0.763362
vt 0.522302 0.763352
vt 0.498766 0.763451
vt 0.475230 0.754768
vt 0.486103 0.754768
vt 0.464386 0.754768
vt 0.453580 0.754768
vt 0.431954 0.754768
vt 0.442808 0.754768
vt 0.421059 0.754768
vt 0.764664 0.754768
vt 0.742831 0.754768
vt 0.753739 0.754768
vt 0.732003 0.754768
vt 0.721219 0.754768
vt 0.710413 0.754768
vt 0.699570 0.754768
vt 0.688697 0.754768
vt 0.663371 0.754768
vt 0.676034 0.754768
vt 0.652498 0.754768
vt 0.641655 0.754768
vt 0.630849 0.754768
vt 0.620065 0.754768
vt 0.609237 0.754768
vt 0.598329 0.754768
vt 0.587404 0.754768
vt 0.576473 0.754768
vt 0.554724 0.754768
vt 0.565577 0.754768
vt 0.543951 0.754768
vt 0.533145 0.754768
vt 0.522302 0.754768
vt 0.511429 0.754768
vt 0.498766 0.754768
vt 0.475230 0.746475
vt 0.486103 0.746475
vt 0.464386 0.746475
vt 0.442808 0.746475
vt 0.453580 0.746475
vt 0.431954 0.746475
vt 0.421059 0.746475
vt 0.410127 0.754768
vt 0.753739 0.746475
vt 0.764664 0.746475
vt 0.742831 0.746475
vt 0.732003 0.746475
vt 0.721219 0.746475
vt 0.699570 0.746475
vt 0.710413 0.746475
vt 0.688697 0.746475
vt 0.663371 0.746475
vt 0.676034 0.746475
vt 0.652498 0.746475
vt 0.641655 0.746475
vt 0.630849 0.746475
vt 0.609237 0.746475
vt 0.620065 0.746475
vt 0.598329 0.746475
vt 0.576473 0.746475
vt 0.587404 0.746475
vt 0.565577 0.746475
vt 0.554724 0.746475
vt 0.533145 0.746475
vt 0.543951 0.746475
vt 0.522302 0.746475
vt 0.511429 0.746475
vt 0.498766 0.746475
vt 0.486103 0.733458
vt 0.464386 0.733458
vt 0.475230 0.733458
vt 0.453580 0.733458
vt 0.442808 0.733458
vt 0.431954 0.733458
vt 0.410127 0.733458
vt 0.421059 0.733458
vt 0.764664 0.733458
vt 0.753739 0.733458
vt 0.732003 0.733458
vt 0.742831 0.733458
vt 0.721219 0.733458
vt 0.710413 0.733458
vt 0.699570 0.733458
vt 0.676034 0.733458
vt 0.688697 0.733458
vt 0.663371 0.733458
vt 0.641655 0.733458
vt 0.652498 0.733458
vt 0.630849 0.733458
vt 0.620065 0.733458
vt 0.609237 0.733458
vt 0.587404 0.733458
vt 0.598329 0.733458
vt 0.576473 0.733458
vt 0.554724 0.733458
vt 0.565577 0.733458
vt 0.543951 0.733458
vt 0.533145 0.733458
vt 0.522302 0.733458
vt 0.498766 0.733458
vt 0.511429 0.733458
vt 0.486103 0.721906
vt 0.475230 0.721906
vt 0.464386 0.721906
vt 0.453580 0.721906
vt 0.431954 0.721906
vt 0.442808 0.721906
vt 0.421059 0.721906
vt 0.764664 0.721906
vt 0.753739 0.721906
vt 0.742831 0.721906
vt 0.732003 0.721906
vt 0.710413 0.721906
vt 0.721219 0.721906
vt 0.699570 0.721906
vt 0.688697 0.721906
vt 0.676034 0.721906
vt 0.663371 0.721906
vt 0.652498 0.721906
vt 0.641655 0.721906
vt 0.630849 0.721906
vt 0.609237 0.721906
vt 0.620065 0.721906
vt 0.598329 0.721907
vt 0.587404 0.721906
vt 0.576473 0.721906
vt 0.565577 0.721906
vt 0.554724 0.721907
vt 0.533145 0.721906
vt 0.543951 0.721906
vt 0.522302 0.721906
vt 0.511429 0.721906
vt 0.498766 0.721906
vt 0.486103 0.529585
vt 0.475230 0.529585
vt 0.464387 0.529585
vt 0.442808 0.529585
vt 0.453580 0.529585
vt 0.431954 0.529585
vt 0.410127 0.721906
vt 0.421059 0.529585
vt 0.753739 0.529585
vt 0.764664 0.529585
vt 0.732003 0.529585
vt 0.742831 0.529585
vt 0.721220 0.529585
vt 0.699570 0.529585
vt 0.710413 0.529585
vt 0.676034 0.529585
vt 0.688697 0.529585
vt 0.652498 0.529585
vt 0.663371 0.529585
vt 0.641655 0.529585
vt 0.630849 0.529585
vt 0.620065 0.529585
vt 0.609237 0.529585
vt 0.587404 0.529585
vt 0.565578 0.529585
vt 0.576473 0.529585
vt 0.533145 0.529585
vt 0.543951 0.529585
vt 0.522302 0.529585
vt 0.511429 0.529585
vt 0.498766 0.529585
vt 0.598329 0.529586
vt 0.554724 0.529586
vt 0.486103 0.521446
vt 0.475230 0.521446
vt 0.453580 0.521446
vt 0.464387 0.521446
vt 0.442808 0.521446
vt 0.421059 0.521446
vt 0.431954 0.521446
vt 0.410128 0.521446
vt 0.753739 0.521446
vt 0.764664 0.521446
vt 0.742831 0.521446
vt 0.721220 0.521446
vt 0.732003 0.521446
vt 0.710413 0.521446
vt 0.688697 0.521446
vt 0.699570 0.521446
vt 0.676034 0.521446
vt 0.663371 0.521446
vt 0.652498 0.521446
vt 0.630849 0.521446
vt 0.641655 0.521446
vt 0.620065 0.521446
vt 0.598329 0.521446
vt 0.609237 0.521446
vt 0.587404 0.521446
vt 0.576473 0.521446
vt 0.565578 0.521446
vt 0.543951 0.521446
vt 0.554724 0.521446
vt 0.533145 0.521446
vt 0.511429 0.521446
vt 0.522302 0.521446
vt 0.498766 0.521446
vt 0.475230 0.516362
vt 0.486103 0.516362
vt 0.464387 0.516362
vt 0.453580 0.516362
vt 0.442808 0.516362
vt 0.431954 0.516362
vt 0.421059 0.516362
vt 0.753739 0.516362
vt 0.764664 0.516362
vt 0.742831 0.516362
vt 0.732003 0.516362
vt 0.721220 0.516362
vt 0.710413 0.516362
vt 0.699570 0.516362
vt 0.688697 0.516362
vt 0.676034 0.516362
vt 0.652498 0.516362
vt 0.663371 0.516362
vt 0.641655 0.516362
vt 0.630849 0.516362
vt 0.620065 0.516362
vt 0.609237 0.516362
vt 0.598329 0.516362
vt 0.587404 0.516362
vt 0.565578 0.516362
vt 0.576473 0.516362
vt 0.554724 0.516362
vt 0.543951 0.516362
vt 0.533145 0.516362
vt 0.522302 0.516362
vt 0.511429 0.516362
vt 0.498766 0.516362
vt 0.779288 0.714493
vt 0.778583 0.727942
vt 0.776651 0.727752
vt 0.786175 0.702916
vt 0.781146 0.715056
vt 0.791973 0.690760
vt 0.784462 0.702000
vt 0.801534 0.681198
vt 0.793474 0.691991
vt 0.813691 0.675400
vt 0.802766 0.682700
vt 0.825267 0.668513
vt 0.812775 0.673688
vt 0.838717 0.667808
vt 0.825831 0.670371
vt 0.852048 0.665876
vt 0.838527 0.665876
vt 0.865308 0.668513
vt 0.851858 0.667808
vt 0.876885 0.675400
vt 0.864744 0.670371
vt 0.889041 0.681198
vt 0.877800 0.673688
vt 0.898602 0.690760
vt 0.887809 0.682700
vt 0.904400 0.702916
vt 0.897101 0.691991
vt 0.911287 0.714493
vt 0.906113 0.702000
vt 0.911992 0.727942
vt 0.909429 0.715056
vt 0.913925 0.727752
vt 0.911992 0.741083
vt 0.911287 0.754533
vt 0.913925 0.741274
vt 0.904400 0.766110
vt 0.909429 0.753969
vt 0.898602 0.778266
vt 0.906113 0.767025
vt 0.889041 0.787827
vt 0.897101 0.777034
vt 0.876885 0.793626
vt 0.887809 0.786326
vt 0.865308 0.800513
vt 0.877800 0.795338
vt 0.851858 0.801217
vt 0.864744 0.798654
vt 0.852048 0.803150
vt 0.838717 0.801217
vt 0.825267 0.800513
vt 0.838527 0.803150
vt 0.813691 0.793626
vt 0.825831 0.798654
vt 0.801534 0.787827
vt 0.812775 0.795338
vt 0.791973 0.778266
vt 0.802766 0.786326
vt 0.786175 0.766110
vt 0.793474 0.777034
vt 0.779288 0.754533
vt 0.784462 0.767025
vt 0.778583 0.741083
vt 0.781146 0.753969
vt 0.776651 0.741274
vt 0.784253 0.728501
vt 0.786598 0.716710
vt 0.791200 0.705602
vt 0.806380 0.687104
vt 0.797878 0.695606
vt 0.827485 0.675823
vt 0.816376 0.680425
vt 0.839276 0.673478
vt 0.851300 0.673478
vt 0.863090 0.675823
vt 0.884195 0.687104
vt 0.874199 0.680425
vt 0.892697 0.695606
vt 0.903977 0.716710
vt 0.899376 0.705602
vt 0.906323 0.728501
vt 0.906323 0.740525
vt 0.903977 0.752316
vt 0.892697 0.773420
vt 0.899376 0.763424
vt 0.884195 0.781922
vt 0.863090 0.793202
vt 0.874199 0.788601
vt 0.851300 0.795548
vt 0.839276 0.795548
vt 0.816376 0.788601
vt 0.827485 0.793202
vt 0.797878 0.773420
vt 0.806380 0.781922
vt 0.786598 0.752316
vt 0.791200 0.763424
vt 0.784253 0.740525
vt 0.792095 0.718378
vt 0.789969 0.729064
vt 0.796265 0.708309
vt 0.802319 0.699250
vt 0.810025 0.691544
vt 0.819084 0.685490
vt 0.829152 0.681320
vt 0.850736 0.679195
vt 0.839839 0.679195
vt 0.861423 0.681320
vt 0.871491 0.685490
vt 0.880551 0.691544
vt 0.888257 0.699250
vt 0.894310 0.708309
vt 0.898480 0.718378
vt 0.900606 0.739962
vt 0.900606 0.729064
vt 0.898480 0.750648
vt 0.894310 0.760716
vt 0.888257 0.769776
vt 0.880551 0.777482
vt 0.871491 0.783535
vt 0.861423 0.787706
vt 0.839839 0.789831
vt 0.850736 0.789831
vt 0.829152 0.787706
vt 0.819084 0.783535
vt 0.810025 0.777482
vt 0.802319 0.769776
vt 0.796265 0.760716
vt 0.792095 0.750648
vt 0.789969 0.739962
vt 0.792446 0.729308
vt 0.794476 0.719100
vt 0.798460 0.709482
vt 0.804242 0.700828
vt 0.820257 0.687685
vt 0.811603 0.693467
vt 0.829875 0.683701
vt 0.840083 0.681671
vt 0.850493 0.681671
vt 0.860701 0.683701
vt 0.870318 0.687685
vt 0.886333 0.700828
vt 0.878972 0.693467
vt 0.892115 0.709482
vt 0.896099 0.719100
vt 0.898130 0.729308
vt 0.898130 0.739718
vt 0.896099 0.749926
vt 0.892115 0.759543
vt 0.886333 0.768197
vt 0.870318 0.781341
vt 0.878972 0.775558
vt 0.860701 0.785324
vt 0.850493 0.787355
vt 0.840083 0.787355
vt 0.829875 0.785324
vt 0.820257 0.781341
vt 0.804242 0.768197
vt 0.811603 0.775558
vt 0.798460 0.759543
vt 0.794476 0.749926
vt 0.792446 0.739718
vt 0.797100 0.719896
vt 0.795174 0.729577
vt 0.800878 0.710775
vt 0.806362 0.702568
vt 0.813343 0.695587
vt 0.821550 0.690103
vt 0.830671 0.686326
vt 0.850224 0.684399
vt 0.840351 0.684399
vt 0.859905 0.686325
vt 0.869026 0.690103
vt 0.877232 0.695587
vt 0.884214 0.702568
vt 0.889697 0.710775
vt 0.893475 0.719896
vt 0.895401 0.729577
vt 0.893475 0.749130
vt 0.895401 0.739449
vt 0.889697 0.758251
vt 0.884214 0.766458
vt 0.877233 0.773439
vt 0.869026 0.778922
vt 0.859905 0.782701
vt 0.850224 0.784626
vt 0.830671 0.782701
vt 0.840351 0.784626
vt 0.821550 0.778922
vt 0.813343 0.773439
vt 0.806362 0.766458
vt 0.800878 0.758251
vt 0.797100 0.749130
vt 0.795175 0.739449
vt 0.511429 0.973541
vt 0.522302 0.973909
vt 0.511429 0.973909
vt 0.688697 0.973541
vt 0.699570 0.973909
vt 0.688697 0.973909
vt 0.598329 0.973543
vt 0.609237 0.973909
vt 0.598329 0.973909
vt 0.421059 0.973541
vt 0.431954 0.973909
vt 0.421059 0.973909
vt 0.464386 0.973909
vt 0.453580 0.973542
vt 0.464386 0.973542
vt 0.721219 0.973909
vt 0.732003 0.973542
vt 0.732003 0.973909
vt 0.543951 0.973542
vt 0.554724 0.973909
vt 0.543951 0.973909
vt 0.576473 0.973542
vt 0.587404 0.973909
vt 0.576473 0.973909
vt 0.663371 0.973541
vt 0.676034 0.973909
vt 0.663371 0.973909
vt 0.710413 0.973541
vt 0.710413 0.973909
vt 0.522302 0.973542
vt 0.533145 0.973909
vt 0.609237 0.973542
vt 0.620065 0.973909
vt 0.431954 0.973541
vt 0.442808 0.973909
vt 0.498766 0.973909
vt 0.486103 0.973542
vt 0.498766 0.973542
vt 0.554724 0.973542
vt 0.565577 0.973909
vt 0.742831 0.973541
vt 0.742831 0.973909
vt 0.587404 0.973542
vt 0.410127 0.973909
vt 0.620065 0.973542
vt 0.630849 0.973909
vt 0.652498 0.973542
vt 0.652498 0.973909
vt 0.565577 0.973542
vt 0.753739 0.973909
vt 0.533145 0.973542
vt 0.699570 0.973541
vt 0.676034 0.973541
vt 0.641655 0.973909
vt 0.630848 0.973542
vt 0.764664 0.968636
vt 0.753739 0.973542
vt 0.475230 0.973909
vt 0.475230 0.972682
vt 0.486103 0.973909
vt 0.486103 0.972682
vt 0.554724 0.972682
vt 0.543951 0.972682
vt 0.533145 0.972682
vt 0.522302 0.972682
vt 0.498766 0.972682
vt 0.764664 0.972682
vt 0.753739 0.972682
vt 0.732003 0.972682
vt 0.721219 0.972682
vt 0.630849 0.972682
vt 0.641655 0.972682
vt 0.609237 0.972682
vt 0.620065 0.972682
vt 0.710413 0.972682
vt 0.652498 0.973909
vt 0.652498 0.972682
vt 0.453580 0.973909
vt 0.464386 0.972682
vt 0.453580 0.972682
vt 0.663371 0.972682
vt 0.421059 0.972682
vt 0.410127 0.972682
vt 0.511429 0.972682
vt 0.742831 0.973909
vt 0.742831 0.972682
vt 0.688697 0.972682
vt 0.699570 0.972682
vt 0.676034 0.972682
vt 0.598329 0.972682
vt 0.587404 0.972682
vt 0.576473 0.972682
vt 0.464386 0.973909
vt 0.442808 0.972682
vt 0.431954 0.972682
vt 0.565577 0.972682
vt 0.688697 0.973909
vt 0.587404 0.973909
vt 0.764664 0.973909
vt 0.410127 0.918884
vt 0.410127 0.782415
vt 0.410127 0.746475
vt 0.410128 0.529585
vt 0.410128 0.516362
vt 0.486103 0.721906
vt 0.475230 0.721906
vt 0.464386 0.721906
vt 0.453580 0.721906
vt 0.431954 0.721906
vt 0.421059 0.721905
vt 0.764664 0.721906
vt 0.753739 0.721906
vt 0.742831 0.721906
vt 0.732003 0.721906
vt 0.710413 0.721906
vt 0.699570 0.721906
vt 0.688697 0.721905
vt 0.676034 0.721906
vt 0.663371 0.721905
vt 0.652498 0.721906
vt 0.641655 0.721906
vt 0.630849 0.721906
vt 0.609237 0.721906
vt 0.598329 0.721906
vt 0.587404 0.721905
vt 0.576473 0.721906
vt 0.565577 0.721906
vt 0.554724 0.721906
vt 0.533145 0.721906
vt 0.522302 0.721906
vt 0.511429 0.721905
vt 0.498766 0.721906
vt 0.486103 0.698829
vt 0.475230 0.698780
vt 0.464386 0.698799
vt 0.442808 0.698850
vt 0.442808 0.721906
vt 0.421059 0.698896
vt 0.410127 0.698864
vt 0.410127 0.721906
vt 0.764664 0.698864
vt 0.742831 0.698918
vt 0.732003 0.698829
vt 0.721219 0.698817
vt 0.721219 0.721906
vt 0.699570 0.698797
vt 0.688697 0.698815
vt 0.676034 0.698884
vt 0.663371 0.698864
vt 0.641655 0.698881
vt 0.630849 0.698848
vt 0.620065 0.721906
vt 0.609237 0.698778
vt 0.598329 0.698810
vt 0.587404 0.698810
vt 0.576473 0.698830
vt 0.565577 0.698809
vt 0.554724 0.698837
vt 0.543951 0.721906
vt 0.543951 0.698811
vt 0.533145 0.698814
vt 0.511429 0.698793
vt 0.732003 0.540299
vt 0.630849 0.540298
vt 0.620065 0.698858
vt 0.475230 0.540293
vt 0.464387 0.540308
vt 0.453580 0.698860
vt 0.453580 0.540353
vt 0.442808 0.540314
vt 0.431954 0.698852
vt 0.421059 0.540360
vt 0.410128 0.540281
vt 0.764664 0.540281
vt 0.753739 0.698865
vt 0.753739 0.540322
vt 0.742831 0.540320
vt 0.721219 0.540302
vt 0.710413 0.698835
vt 0.699570 0.540311
vt 0.688697 0.540321
vt 0.676034 0.540310
vt 0.663371 0.540322
vt 0.652498 0.698869
vt 0.652498 0.540311
vt 0.641655 0.540340
vt 0.609237 0.540281
vt 0.598329 0.540313
vt 0.587404 0.540326
vt 0.576473 0.540354
vt 0.565578 0.540311
vt 0.554724 0.540312
vt 0.543951 0.540319
vt 0.533145 0.540295
vt 0.522302 0.698820
vt 0.522302 0.540293
vt 0.498766 0.540316
vt 0.498766 0.698862
vt 0.620065 0.540292
vt 0.486103 0.540302
vt 0.475230 0.529587
vt 0.464387 0.529587
vt 0.453580 0.529587
vt 0.442808 0.529587
vt 0.431954 0.540330
vt 0.421059 0.529587
vt 0.764664 0.529587
vt 0.742831 0.529587
vt 0.732003 0.529587
vt 0.721220 0.529587
vt 0.710413 0.540321
vt 0.699570 0.529587
vt 0.688697 0.529587
vt 0.663371 0.529587
vt 0.652498 0.529587
vt 0.641655 0.529587
vt 0.630849 0.529587
vt 0.609237 0.529587
vt 0.598329 0.529587
vt 0.587404 0.529587
vt 0.576473 0.529587
vt 0.565578 0.529587
vt 0.554724 0.529587
vt 0.533145 0.529587
vt 0.522302 0.529587
vt 0.511429 0.540317
vt 0.511429 0.529587
vt 0.498766 0.529587
vt 0.486103 0.529587
vt 0.431954 0.529587
vt 0.410128 0.529587
vt 0.753739 0.529587
vt 0.710413 0.529587
vt 0.676034 0.529587
vt 0.620065 0.529587
vt 0.543951 0.529587
vt 0.830671 0.686325
vt 0.840351 0.684400
vt 0.869026 0.690103
vt 0.877233 0.695587
vt 0.895401 0.729577
vt 0.893475 0.749130
vt 0.877233 0.773439
vt 0.869026 0.778922
vt 0.821550 0.778922
vt 0.795174 0.729577
vt 0.795174 0.739449
vt 0.895401 0.739449
s 1
f 1/1/1 3/2/2 2/3/3
f 8/4/4 6/5/5 5/6/6
f 5/6/6 10/7/7 9/8/8
f 10/7/7 11/9/9 9/8/8
f 12/10/10 13/11/11 11/9/9
f 13/11/11 16/12/12 15/13/13
f 15/14/13 18/15/14 17/16/15
f 18/15/14 19/17/16 17/16/15
f 19/17/16 22/18/17 21/19/18
f 23/20/19 22/18/17 24/21/20
f 24/21/20 25/22/21 23/20/19
f 25/22/21 28/23/22 27/24/23
f 27/24/23 30/25/24 29/26/25
f 31/27/26 30/25/24 32/28/27
f 32/28/27 33/29/28 31/27/26
f 34/30/29 35/31/30 33/29/28
f 37/32/31 36/33/32 38/34/33
f 39/35/34 38/34/33 40/36/35
f 39/35/34 42/37/36 41/38/37
f 42/37/36 43/39/38 41/38/37
f 44/40/39 45/41/40 43/39/38
f 45/41/40 48/42/41 47/43/42
f 47/43/42 50/44/43 49/45/44
f 49/45/44 52/46/45 51/47/46
f 51/47/46 54/48/47 53/49/48
f 55/50/49 54/48/47 56/51/50
f 56/51/50 57/52/51 55/50/49
f 58/53/52 59/54/53 57/52/51
f 60/55/54 61/56/55 59/54/53
f 8/4/4 3/2/2 7/57/56
f 63/58/57 62/59/58 64/60/59
f 63/58/57 4/61/60 1/1/1
f 66/62/61 64/60/59 65/63/62
f 67/64/63 64/60/59 62/59/58
f 67/64/63 60/55/54 68/65/64
f 68/65/64 58/53/52 69/66/65
f 70/67/66 58/53/52 56/51/50
f 71/68/67 56/51/50 54/48/47
f 72/69/68 54/48/47 52/46/45
f 73/70/69 52/46/45 50/44/43
f 73/70/69 48/42/41 74/71/70
f 75/72/71 48/42/41 46/73/72
f 76/74/73 46/73/72 44/40/39
f 76/74/73 42/37/36 77/75/74
f 77/75/74 40/36/35 78/76/75
f 79/77/76 40/36/35 38/34/33
f 80/78/77 38/34/33 36/33/32
f 80/78/77 34/30/29 81/79/78
f 81/79/78 32/28/27 82/80/79
f 83/81/80 32/28/27 30/25/24
f 83/81/80 28/23/22 84/82/81
f 84/82/81 26/83/82 85/84/83
f 86/85/84 26/83/82 24/21/20
f 87/86/85 24/21/20 22/18/17
f 88/87/86 22/18/17 20/88/87
f 89/89/88 20/88/87 18/15/14
f 89/89/88 16/90/12 90/91/89
f 91/92/90 16/12/12 14/93/91
f 91/92/90 12/10/10 92/94/92
f 92/94/92 10/7/7 93/95/93
f 93/95/93 6/5/5 94/96/94
f 95/97/95 6/5/5 7/57/56
f 96/98/96 4/61/60 66/62/61
f 96/98/96 7/57/56 3/2/2
f 65/63/62 97/99/97 66/62/61
f 67/64/63 98/100/98 65/63/62
f 68/65/64 99/101/99 67/64/63
f 101/102/100 68/65/64 69/66/65
f 102/103/101 69/66/65 70/67/66
f 71/68/67 102/103/101 70/67/66
f 72/69/68 103/104/102 71/68/67
f 105/105/103 72/69/68 73/70/69
f 106/106/104 73/70/69 74/71/70
f 75/72/71 106/106/104 74/71/70
f 76/74/73 107/107/105 75/72/71
f 109/108/106 76/74/73 77/75/74
f 110/109/107 77/75/74 78/76/75
f 79/77/76 110/109/107 78/76/75
f 80/78/77 111/110/108 79/77/76
f 113/111/109 80/78/77 81/79/78
f 114/112/110 81/79/78 82/80/79
f 83/81/80 114/112/110 82/80/79
f 84/82/81 115/113/111 83/81/80
f 117/114/112 84/82/81 85/84/83
f 118/115/113 85/84/83 86/85/84
f 87/86/85 118/115/113 86/85/84
f 88/87/86 119/116/114 87/86/85
f 121/117/115 88/87/86 89/89/88
f 90/91/89 121/117/115 89/89/88
f 91/92/90 122/118/116 90/119/89
f 92/94/92 123/120/117 91/92/90
f 96/98/96 125/121/118 95/97/95
f 130/122/119 128/123/120 127/124/121
f 131/125/122 92/94/92 93/95/93
f 94/96/94 131/125/122 93/95/93
f 95/97/95 132/126/123 94/96/94
f 134/127/124 130/122/119 133/128/125
f 97/99/97 96/98/96 66/62/61
f 126/129/126 128/123/120 125/121/118
f 138/130/127 136/131/128 135/132/129
f 140/133/130 135/132/129 139/134/131
f 141/135/132 140/133/130 139/134/131
f 143/136/133 142/137/134 141/135/132
f 146/138/135 143/136/133 145/139/136
f 148/140/137 145/139/136 147/141/138
f 150/142/139 147/141/138 149/143/140
f 151/144/141 150/142/139 149/143/140
f 154/145/142 151/144/141 153/146/143
f 156/147/144 153/146/143 155/148/145
f 157/149/146 156/147/144 155/148/145
f 159/150/147 158/151/148 157/149/146
f 162/152/149 159/150/147 161/153/150
f 164/154/151 161/153/150 163/155/152
f 166/156/153 163/155/152 165/157/154
f 167/158/155 166/156/153 165/157/154
f 170/159/156 167/158/155 169/160/157
f 172/161/158 169/160/157 171/162/159
f 173/163/160 172/161/158 171/162/159
f 175/164/161 174/165/162 173/163/160
f 178/166/163 175/164/161 177/167/164
f 180/168/165 177/167/164 179/169/166
f 182/170/167 179/169/166 181/171/168
f 183/172/169 182/170/167 181/171/168
f 186/173/170 183/172/169 185/174/171
f 188/175/172 185/176/171 187/177/173
f 189/178/174 188/175/172 187/177/173
f 191/179/175 190/180/176 189/178/174
f 194/181/177 191/179/175 193/182/178
f 129/183/179 193/182/178 128/123/120
f 136/131/128 130/122/119 127/124/121
f 196/184/180 138/130/127 195/185/181
f 197/186/182 138/130/127 140/133/130
f 197/186/182 142/137/134 198/187/183
f 198/187/183 144/188/184 199/189/185
f 199/189/185 146/138/135 200/190/186
f 200/190/186 148/140/137 201/191/187
f 201/191/187 150/142/139 202/192/188
f 203/193/189 150/142/139 152/194/190
f 203/193/189 154/145/142 204/195/191
f 204/195/191 156/147/144 205/196/192
f 206/197/193 156/147/144 158/151/148
f 206/197/193 160/198/194 207/199/195
f 208/200/196 160/198/194 162/152/149
f 209/201/197 162/152/149 164/154/151
f 209/201/197 166/156/153 210/202/198
f 211/203/199 166/156/153 168/204/200
f 212/205/201 168/204/200 170/159/156
f 213/206/202 170/159/156 172/161/158
f 213/206/202 174/165/162 214/207/203
f 215/208/204 174/165/162 176/209/205
f 215/208/204 178/166/163 216/210/206
f 217/211/207 178/166/163 180/168/165
f 217/211/207 182/170/167 218/212/208
f 218/212/208 184/213/209 219/214/210
f 220/215/211 184/213/209 186/173/170
f 220/216/211 188/175/172 221/217/212
f 222/218/213 188/175/172 190/180/176
f 222/218/213 192/219/214 223/220/215
f 224/221/216 192/219/214 194/181/177
f 224/221/216 129/183/179 134/127/124
f 133/128/125 137/222/217 196/184/180
f 135/132/129 97/99/97 98/100/98
f 139/134/131 98/100/98 99/101/99
f 141/135/132 99/101/99 100/223/218
f 101/102/100 141/135/132 100/223/218
f 102/103/101 143/136/133 101/102/100
f 147/141/138 102/103/101 103/104/102
f 104/224/219 147/141/138 103/104/102
f 105/105/103 149/143/140 104/224/219
f 153/146/143 105/105/103 106/106/104
f 155/148/145 106/106/104 107/107/105
f 157/149/146 107/107/105 108/225/220
f 109/108/106 157/149/146 108/225/220
f 161/153/150 109/108/106 110/109/107
f 163/155/152 110/109/107 111/110/108
f 112/226/221 163/155/152 111/110/108
f 113/111/109 165/157/154 112/226/221
f 169/160/157 113/111/109 114/112/110
f 171/162/159 114/112/110 115/113/111
f 173/163/160 115/113/111 116/227/222
f 117/114/112 173/163/160 116/227/222
f 118/115/113 175/164/161 117/114/112
f 179/169/166 118/115/113 119/116/114
f 120/228/223 179/169/166 119/116/114
f 121/117/115 181/171/168 120/228/223
f 185/174/171 121/117/115 122/229/116
f 187/177/173 122/118/116 123/120/117
f 189/178/174 123/120/117 124/230/224
f 131/125/122 189/178/174 124/230/224
f 132/126/123 191/179/175 131/125/122
f 128/123/120 132/126/123 125/121/118
f 97/99/97 127/124/121 126/129/126
f 227/231/225 134/127/124 133/128/125
f 230/232/226 227/231/225 229/233/227
f 232/234/228 230/232/226 229/233/227
f 233/235/229 231/236/230 232/234/228
f 236/237/231 233/235/229 235/238/232
f 238/239/233 235/238/232 237/240/234
f 270/241/235 195/185/181 269/242/236
f 271/243/237 195/185/181 197/186/182
f 271/243/237 198/187/183 272/244/238
f 272/244/238 199/189/185 273/245/239
f 273/245/239 200/190/186 274/246/240
f 274/246/240 201/191/187 275/247/241
f 275/247/241 202/192/188 276/248/242
f 276/248/242 203/193/189 277/249/243
f 278/250/244 203/193/189 204/195/191
f 278/250/244 205/196/192 279/251/245
f 279/251/245 206/197/193 280/252/246
f 281/253/247 206/197/193 207/199/195
f 281/253/247 208/200/196 282/254/248
f 283/255/249 208/200/196 209/201/197
f 283/255/249 210/202/198 284/256/250
f 284/256/250 211/203/199 285/257/251
f 285/257/251 212/205/201 286/258/252
f 286/258/252 213/206/202 287/259/253
f 287/259/253 214/207/203 288/260/254
f 288/260/254 215/208/204 289/261/255
f 289/261/255 216/210/206 290/262/256
f 291/263/257 216/210/206 217/211/207
f 291/263/257 218/212/208 292/264/258
f 292/264/258 219/214/210 293/265/259
f 294/266/260 219/214/210 220/215/211
f 295/267/261 220/216/211 221/217/212
f 296/268/262 221/217/212 222/218/213
f 296/268/262 223/220/215 297/269/263
f 298/270/264 223/220/215 224/221/216
f 298/270/264 134/127/124 228/271/265
f 270/241/235 133/128/125 196/184/180
f 299/272/266 270/241/235 269/242/236
f 299/272/266 271/243/237 301/273/267
f 302/274/268 271/243/237 272/244/238
f 303/275/269 272/244/238 273/245/239
f 303/275/269 274/246/240 304/276/270
f 304/276/270 275/247/241 305/277/271
f 305/277/271 276/248/242 306/278/272
f 306/278/272 277/249/243 307/279/273
f 307/279/273 278/250/244 308/280/274
f 309/281/275 278/250/244 279/251/245
f 310/282/276 279/251/245 280/252/246
f 311/283/277 280/252/246 281/253/247
f 312/284/278 281/253/247 282/254/248
f 312/284/278 283/255/249 313/285/279
f 313/285/279 284/256/250 314/286/280
f 314/286/280 285/257/251 315/287/281
f 315/287/281 286/258/252 316/288/282
f 316/288/282 287/259/253 317/289/283
f 318/290/284 287/259/253 288/260/254
f 319/291/285 288/260/254 289/261/255
f 320/292/286 289/261/255 290/262/256
f 320/292/286 291/263/257 321/293/287
f 321/293/287 292/264/258 322/294/288
f 323/295/289 292/264/258 293/265/259
f 323/295/289 294/266/260 324/296/290
f 325/297/291 294/298/260 295/267/261
f 326/299/292 295/267/261 296/268/262
f 327/300/293 296/268/262 297/269/263
f 327/300/293 298/270/264 328/301/294
f 328/301/294 228/271/265 230/232/226
f 229/233/227 270/241/235 300/302/295
f 330/303/296 300/302/295 299/272/266
f 301/273/267 330/303/296 299/272/266
f 302/274/268 331/304/297 301/273/267
f 303/275/269 332/305/298 302/274/268
f 304/276/270 333/306/299 303/275/269
f 335/307/300 304/276/270 305/277/271
f 336/308/301 305/277/271 306/278/272
f 337/309/302 306/278/272 307/279/273
f 308/280/274 337/309/302 307/279/273
f 309/281/275 338/310/303 308/280/274
f 310/282/276 339/311/304 309/281/275
f 311/283/277 340/312/305 310/282/276
f 342/313/306 311/283/277 312/284/278
f 343/314/307 312/284/278 313/285/279
f 344/315/308 313/285/279 314/286/280
f 345/316/309 314/286/280 315/287/281
f 346/317/310 315/287/281 316/288/282
f 317/289/283 346/317/310 316/288/282
f 318/290/284 347/318/311 317/289/283
f 319/291/285 348/319/312 318/290/284
f 350/320/313 319/291/285 320/292/286
f 351/321/314 320/292/286 321/293/287
f 352/322/315 321/293/287 322/294/288
f 353/323/316 322/294/288 323/295/289
f 354/324/317 323/295/289 324/296/290
f 325/297/291 354/325/317 324/326/290
f 326/299/292 355/327/318 325/297/291
f 327/300/293 356/328/319 326/299/292
f 359/329/320 237/240/234 358/330/321
f 360/331/322 327/300/293 328/301/294
f 231/236/230 328/301/294 230/232/226
f 329/332/323 229/233/227 300/302/295
f 361/333/324 329/332/323 330/303/296
f 363/334/325 330/303/296 331/304/297
f 363/334/325 332/305/298 364/335/326
f 365/336/327 332/305/298 333/306/299
f 365/336/327 334/337/328 366/338/329
f 366/338/329 335/307/300 367/339/330
f 368/340/331 335/307/300 336/308/301
f 369/341/332 336/308/301 337/309/302
f 370/342/333 337/309/302 338/310/303
f 370/342/333 339/311/304 371/343/334
f 372/344/335 339/311/304 340/312/305
f 372/344/335 341/345/336 373/346/337
f 374/347/338 341/345/336 342/313/306
f 374/347/338 343/314/307 375/348/339
f 375/348/339 344/315/308 376/349/340
f 376/349/340 345/316/309 377/350/341
f 377/350/341 346/317/310 378/351/342
f 379/352/343 346/317/310 347/318/311
f 379/352/343 348/319/312 380/353/344
f 380/353/344 349/354/345 381/355/346
f 381/355/346 350/320/313 382/356/347
f 382/356/347 351/321/314 383/357/348
f 383/357/348 352/322/315 384/358/349
f 384/358/349 353/323/316 385/359/350
f 386/360/351 353/323/316 354/324/317
f 386/361/351 355/327/318 387/362/352
f 388/363/353 355/327/318 356/328/319
f 388/363/353 357/364/354 389/365/355
f 358/330/321 225/366/356 359/329/320
f 390/367/357 357/364/354 360/331/322
f 390/367/357 231/236/230 234/368/358
f 233/235/229 329/332/323 362/369/359
f 391/370/360 362/369/359 361/333/324
f 391/370/360 363/334/325 393/371/361
f 394/372/362 363/334/325 364/335/326
f 395/373/363 364/335/326 365/336/327
f 396/374/364 365/336/327 366/338/329
f 397/375/365 366/338/329 367/339/330
f 397/375/365 368/340/331 398/376/366
f 398/376/366 369/341/332 399/377/367
f 399/377/367 370/342/333 400/378/368
f 400/378/368 371/343/334 401/379/369
f 401/379/369 372/344/335 402/380/370
f 402/380/370 373/346/337 403/381/371
f 404/382/372 373/346/337 374/347/338
f 405/383/373 374/347/338 375/348/339
f 405/383/373 376/349/340 406/384/374
f 407/385/375 376/349/340 377/350/341
f 408/386/376 377/350/341 378/351/342
f 409/387/377 378/351/342 379/352/343
f 409/387/377 380/353/344 410/388/378
f 410/388/378 381/355/346 411/389/379
f 411/389/379 382/356/347 412/390/380
f 413/391/381 382/356/347 383/357/348
f 413/391/381 384/358/349 414/392/382
f 414/392/382 385/359/350 415/393/383
f 415/393/383 386/360/351 416/394/384
f 416/395/384 387/362/352 417/396/385
f 417/396/385 388/363/353 418/397/386
f 418/397/386 389/365/355 419/398/387
f 419/398/387 390/367/357 420/399/388
f 236/237/231 390/367/357 234/368/358
f 392/400/389 233/235/229 362/369/359
f 421/401/390 391/370/360 422/402/391
f 391/370/360 423/403/392 422/402/391
f 393/371/361 424/404/393 423/403/392
f 425/405/394 394/372/362 395/373/363
f 426/406/395 395/373/363 396/374/364
f 426/406/395 397/375/365 427/407/396
f 427/407/396 398/376/366 428/408/397
f 428/408/397 399/377/367 429/409/398
f 429/409/398 400/378/368 430/410/399
f 431/411/400 400/378/368 401/379/369
f 401/379/369 432/412/401 431/411/400
f 433/413/402 402/380/370 403/381/371
f 433/413/402 404/382/372 434/414/403
f 434/414/403 405/383/373 435/415/404
f 435/415/404 406/384/374 436/416/405
f 436/416/405 407/385/375 437/417/406
f 437/417/406 408/386/376 438/418/407
f 408/386/376 439/419/408 438/418/407
f 409/387/377 440/420/409 439/419/408
f 441/421/410 410/388/378 411/389/379
f 442/422/411 411/389/379 412/390/380
f 442/422/411 413/391/381 443/423/412
f 443/423/412 414/392/382 444/424/413
f 444/424/413 415/393/383 445/425/414
f 415/393/383 446/426/415 445/425/414
f 416/395/384 447/427/416 446/428/415
f 417/396/385 448/429/417 447/427/416
f 449/430/418 418/397/386 419/398/387
f 449/430/418 420/399/388 450/431/419
f 450/431/419 236/237/231 238/239/233
f 237/240/234 392/400/389 421/401/390
f 452/432/420 422/402/391 451/433/421
f 451/433/421 423/403/392 453/434/422
f 453/434/422 424/404/393 454/435/423
f 454/435/423 425/405/394 455/436/424
f 455/436/424 426/406/395 456/437/425
f 456/437/425 427/407/396 457/438/426
f 457/438/426 428/408/397 458/439/427
f 458/439/427 429/409/398 459/440/428
f 459/440/428 430/410/399 460/441/429
f 460/441/429 431/411/400 461/442/430
f 461/442/430 432/412/401 462/443/431
f 462/443/431 433/413/402 463/444/432
f 463/444/432 434/414/403 464/445/433
f 464/445/433 435/415/404 465/446/434
f 465/446/434 436/416/405 466/447/435
f 466/447/435 437/417/406 467/448/436
f 467/448/436 438/418/407 468/449/437
f 469/450/438 438/418/407 439/419/408
f 470/451/439 439/419/408 440/420/409
f 470/451/439 441/421/410 471/452/440
f 471/452/440 442/422/411 472/453/441
f 472/453/441 443/423/412 473/454/442
f 473/454/442 444/424/413 474/455/443
f 474/455/443 445/425/414 475/456/444
f 475/456/444 446/426/415 476/457/445
f 476/458/445 447/427/416 477/459/446
f 477/459/446 448/429/417 478/460/447
f 478/460/447 449/430/418 479/461/448
f 479/461/448 450/431/419 480/462/449
f 480/462/449 238/239/233 359/329/320
f 358/330/321 421/401/390 452/432/420
f 451/433/421 239/463/450 452/432/420
f 453/434/422 268/464/451 451/433/421
f 453/434/422 266/465/452 267/466/453
f 265/467/454 454/435/423 455/436/424
f 456/437/425 265/467/454 455/436/424
f 457/438/426 264/468/455 456/437/425
f 458/439/427 263/469/456 457/438/426
f 458/439/427 261/470/457 262/471/458
f 459/440/428 260/472/459 261/470/457
f 461/442/430 260/472/459 460/441/429
f 461/442/430 258/473/460 259/474/461
f 257/475/462 462/443/431 463/444/432
f 256/476/463 463/444/432 464/445/433
f 465/446/434 256/476/463 464/445/433
f 466/447/435 255/477/464 465/446/434
f 466/447/435 253/478/465 254/479/466
f 467/448/436 252/480/467 253/478/465
f 469/450/438 252/480/467 468/449/437
f 469/450/438 250/481/468 251/482/469
f 249/483/470 470/451/439 471/452/440
f 472/453/441 249/483/470 471/452/440
f 473/454/442 248/484/471 472/453/441
f 474/455/443 247/485/472 473/454/442
f 474/455/443 245/486/473 246/487/474
f 476/457/445 245/486/473 475/456/444
f 477/459/446 244/488/475 476/458/445
f 477/459/446 242/489/476 243/490/477
f 241/491/478 478/460/447 479/461/448
f 240/492/479 479/461/448 480/462/449
f 359/329/320 240/492/479 480/462/449
f 358/330/321 239/463/450 226/493/480
f 2/3/3 481/494/481 1/1/1
f 8/4/4 482/495/482 2/3/3
f 8/4/4 484/496/483 483/497/484
f 9/8/8 484/496/483 5/6/6
f 11/9/9 485/498/485 9/8/8
f 11/9/9 487/499/486 486/500/487
f 15/13/13 487/499/486 13/11/11
f 17/16/15 488/501/488 15/14/13
f 17/16/15 490/502/489 489/503/490
f 21/19/18 490/502/489 19/17/16
f 21/19/18 492/504/491 491/505/492
f 25/22/21 492/504/491 23/20/19
f 27/24/23 493/506/493 25/22/21
f 27/24/23 495/507/494 494/508/495
f 29/26/25 496/509/496 495/507/494
f 33/29/28 496/509/496 31/27/26
f 35/31/30 497/510/497 33/29/28
f 37/32/31 498/511/498 35/31/30
f 37/32/31 500/512/499 499/513/500
f 41/38/37 500/512/499 39/35/34
f 43/39/38 501/514/501 41/38/37
f 43/39/38 503/515/502 502/516/503
f 45/41/40 504/517/504 503/515/502
f 47/43/42 505/518/505 504/517/504
f 51/47/46 505/518/505 49/45/44
f 53/49/48 506/519/506 51/47/46
f 53/49/48 508/520/507 507/521/508
f 57/52/51 508/520/507 55/50/49
f 59/54/53 509/522/509 57/52/51
f 59/54/53 511/523/510 510/524/511
f 61/56/55 512/525/512 511/523/510
f 63/58/57 481/494/481 512/525/512
f 481/494/481 514/526/513 513/527/514
f 483/497/484 514/526/513 482/495/482
f 484/496/483 515/528/515 483/497/484
f 485/498/485 516/529/516 484/496/483
f 485/498/485 518/530/517 517/531/518
f 486/500/487 519/532/519 518/530/517
f 488/533/488 519/532/519 487/499/486
f 488/501/488 521/534/520 520/535/521
f 489/503/490 522/536/522 521/534/520
f 491/505/492 522/536/522 490/502/489
f 492/504/491 523/537/523 491/505/492
f 492/504/491 525/538/524 524/539/525
f 493/506/493 526/540/526 525/538/524
f 494/508/495 527/541/527 526/540/526
f 496/509/496 527/541/527 495/507/494
f 497/510/497 528/542/528 496/509/496
f 497/510/497 530/543/529 529/544/530
f 499/513/500 530/543/529 498/511/498
f 500/512/499 531/545/531 499/513/500
f 501/514/501 532/546/532 500/512/499
f 501/514/501 534/547/533 533/548/534
f 502/516/503 535/549/535 534/547/533
f 504/517/504 535/549/535 503/515/502
f 505/518/505 536/550/536 504/517/504
f 505/518/505 538/551/537 537/552/538
f 507/521/508 538/551/537 506/519/506
f 508/520/507 539/553/539 507/521/508
f 508/520/507 541/554/540 540/555/541
f 509/522/509 542/556/542 541/554/540
f 510/524/511 543/557/543 542/556/542
f 512/525/512 543/557/543 511/523/510
f 512/525/512 513/527/514 544/558/544
f 513/527/514 546/559/545 545/560/546
f 514/526/513 547/561/547 546/559/545
f 516/529/516 547/561/547 515/528/515
f 517/531/518 548/562/548 516/529/516
f 517/531/518 550/563/549 549/564/550
f 519/532/519 550/563/549 518/530/517
f 520/565/521 551/566/551 519/532/519
f 521/534/520 552/567/552 520/535/521
f 521/534/520 554/568/553 553/569/554
f 523/537/523 554/568/553 522/536/522
f 524/539/525 555/570/555 523/537/523
f 524/539/525 557/571/556 556/572/557
f 525/538/524 558/573/558 557/571/556
f 527/541/527 558/573/558 526/540/526
f 528/542/528 559/574/559 527/541/527
f 529/544/530 560/575/560 528/542/528
f 529/544/530 562/576/561 561/577/562
f 530/543/529 563/578/563 562/576/561
f 532/546/532 563/578/563 531/545/531
f 532/546/532 565/579/564 564/580/565
f 533/548/534 566/581/566 565/579/564
f 535/549/535 566/581/566 534/547/533
f 536/550/536 567/582/567 535/549/535
f 536/550/536 569/583/568 568/584/569
f 537/552/538 570/585/570 569/583/568
f 538/551/537 571/586/571 570/585/570
f 540/555/541 571/586/571 539/553/539
f 541/554/540 572/587/572 540/555/541
f 541/554/540 574/588/573 573/589/574
f 542/556/542 575/590/575 574/588/573
f 544/558/544 575/590/575 543/557/543
f 513/527/514 576/591/576 544/558/544
f 546/559/545 577/592/577 545/560/546
f 547/561/547 578/593/578 546/559/545
f 547/561/547 580/594/579 579/595/580
f 549/564/550 580/594/579 548/562/548
f 550/563/549 581/596/581 549/564/550
f 550/563/549 583/597/582 582/598/583
f 551/566/551 584/599/584 583/597/582
f 553/569/554 584/600/584 552/567/552
f 554/568/553 585/601/585 553/569/554
f 555/570/555 586/602/586 554/568/553
f 555/570/555 588/603/587 587/604/588
f 557/571/556 588/603/587 556/572/557
f 558/573/558 589/605/589 557/571/556
f 559/574/559 590/606/590 558/573/558
f 559/574/559 592/607/591 591/608/592
f 561/577/562 592/607/591 560/575/560
f 562/576/561 593/609/593 561/577/562
f 563/578/563 594/610/594 562/576/561
f 563/578/563 596/611/595 595/612/596
f 564/580/565 597/613/597 596/611/595
f 566/581/566 597/613/597 565/579/564
f 567/582/567 598/614/598 566/581/566
f 567/582/567 600/615/599 599/616/600
f 569/583/568 600/615/599 568/584/569
f 570/585/570 601/617/601 569/583/568
f 571/586/571 602/618/602 570/585/570
f 571/586/571 604/619/603 603/620/604
f 572/587/572 605/621/605 604/619/603
f 574/588/573 605/621/605 573/589/574
f 574/588/573 607/622/606 606/623/607
f 575/590/575 608/624/608 607/622/606
f 576/591/576 577/592/577 608/624/608
f 577/592/577 610/625/609 609/626/610
f 578/593/578 611/627/611 610/625/609
f 580/594/579 611/627/611 579/595/580
f 581/596/581 612/628/612 580/594/579
f 581/596/581 614/629/613 613/630/614
f 583/597/582 614/629/613 582/598/583
f 584/599/584 615/631/615 583/597/582
f 585/601/585 616/632/616 584/600/584
f 585/601/585 618/633/617 617/634/618
f 586/602/586 619/635/619 618/633/617
f 588/603/587 619/635/619 587/604/588
f 589/605/589 620/636/620 588/603/587
f 590/606/590 621/637/621 589/605/589
f 591/608/592 622/638/622 590/606/590
f 592/607/591 623/639/623 591/608/592
f 592/607/591 625/640/624 624/641/625
f 593/609/593 626/642/626 625/640/624
f 594/610/594 627/643/627 626/642/626
f 596/611/595 627/643/627 595/612/596
f 597/613/597 628/644/628 596/611/595
f 598/614/598 629/645/629 597/613/597
f 599/616/600 630/646/630 598/614/598
f 600/615/599 631/647/631 599/616/600
f 601/617/601 632/648/632 600/615/599
f 602/618/602 633/649/633 601/617/601
f 602/618/602 635/650/634 634/651/635
f 603/620/604 636/652/636 635/650/634
f 604/619/603 637/653/637 636/652/636
f 605/621/605 638/654/638 637/653/637
f 607/622/606 638/654/638 606/623/607
f 608/624/608 639/655/639 607/622/606
f 577/592/577 640/656/640 608/624/608
f 609/626/610 642/657/641 641/658/642
f 611/627/611 642/657/641 610/625/609
f 612/628/612 643/659/643 611/627/611
f 612/628/612 645/660/644 644/661/645
f 613/630/614 646/662/646 645/660/644
f 614/629/613 647/663/647 646/662/646
f 616/664/616 647/663/647 615/631/615
f 616/632/616 649/665/648 648/666/649
f 617/634/618 650/667/650 649/665/648
f 619/635/619 650/667/650 618/633/617
f 620/636/620 651/668/651 619/635/619
f 621/637/621 652/669/652 620/636/620
f 621/637/621 654/670/653 653/671/654
f 622/638/622 655/672/655 654/670/653
f 624/641/625 655/672/655 623/639/623
f 624/641/625 657/673/656 656/674/657
f 626/642/626 657/673/656 625/640/624
f 627/643/627 658/675/658 626/642/626
f 628/644/628 659/676/659 627/643/627
f 629/645/629 660/677/660 628/644/628
f 629/645/629 662/678/661 661/679/662
f 630/646/630 663/680/663 662/678/661
f 632/648/632 663/680/663 631/647/631
f 632/648/632 665/681/664 664/682/665
f 633/649/633 666/683/666 665/681/664
f 635/650/634 666/683/666 634/651/635
f 636/652/636 667/684/667 635/650/634
f 636/652/636 669/685/668 668/686/669
f 637/653/637 670/687/670 669/685/668
f 638/654/638 671/688/671 670/687/670
f 640/656/640 671/688/671 639/655/639
f 640/656/640 641/658/642 672/689/672
f 642/657/641 673/690/673 641/658/642
f 642/657/641 675/691/674 674/692/675
f 643/659/643 676/693/676 675/691/674
f 644/661/645 677/694/677 676/693/676
f 646/662/646 677/694/677 645/660/644
f 647/663/647 678/695/678 646/662/646
f 647/663/647 680/696/679 679/697/680
f 649/665/648 680/698/679 648/666/649
f 650/667/650 681/699/681 649/665/648
f 650/667/650 683/700/682 682/701/683
f 651/668/651 684/702/684 683/700/682
f 652/669/652 685/703/685 684/702/684
f 654/670/653 685/703/685 653/671/654
f 655/672/655 686/704/686 654/670/653
f 655/672/655 688/705/687 687/706/688
f 656/674/657 689/707/689 688/705/687
f 658/675/658 689/707/689 657/673/656
f 658/675/658 691/708/690 690/709/691
f 659/676/659 692/710/692 691/708/690
f 661/679/662 692/710/692 660/677/660
f 662/678/661 693/711/693 661/679/662
f 663/680/663 694/712/694 662/678/661
f 663/680/663 696/713/695 695/714/696
f 665/681/664 696/713/695 664/682/665
f 666/683/666 697/715/697 665/681/664
f 666/683/666 699/716/698 698/717/699
f 667/684/667 700/718/700 699/716/698
f 668/686/669 701/719/701 700/718/700
f 670/687/670 701/719/701 669/685/668
f 671/688/671 702/720/702 670/687/670
f 671/688/671 704/721/703 703/722/704
f 641/658/642 704/721/703 672/689/672
f 674/692/675 736/723/705 673/690/673
f 675/691/674 705/724/706 674/692/675
f 676/693/676 706/725/707 675/691/674
f 677/694/677 707/726/708 676/693/676
f 677/694/677 709/727/709 708/728/710
f 678/695/678 710/729/711 709/727/709
f 680/696/679 710/729/711 679/697/680
f 681/699/681 711/730/712 680/698/679
f 682/701/683 712/731/713 681/699/681
f 683/700/682 713/732/714 682/701/683
f 684/702/684 714/733/715 683/700/682
f 684/702/684 716/734/716 715/735/717
f 685/703/685 717/736/718 716/734/716
f 686/704/686 718/737/719 717/736/718
f 687/706/688 719/738/720 718/737/719
f 688/705/687 720/739/721 719/738/720
f 689/707/689 721/740/722 720/739/721
f 691/708/690 721/740/722 690/709/691
f 692/710/692 722/741/723 691/708/690
f 693/711/693 723/742/724 692/710/692
f 693/711/693 725/743/725 724/744/726
f 694/712/694 726/745/727 725/743/725
f 695/714/696 727/746/728 726/745/727
f 696/713/695 728/747/729 727/746/728
f 698/717/699 728/747/729 697/715/697
f 699/716/698 729/748/730 698/717/699
f 700/718/700 730/749/731 699/716/698
f 700/718/700 732/750/732 731/751/733
f 701/719/701 733/752/734 732/750/732
f 702/720/702 734/753/735 733/752/734
f 703/722/704 735/754/736 734/753/735
f 673/690/673 735/754/736 704/721/703
f 705/724/706 768/755/737 736/723/705
f 706/725/707 737/756/738 705/724/706
f 707/726/708 738/757/739 706/725/707
f 707/726/708 740/758/740 739/759/741
f 708/728/710 741/760/742 740/758/740
f 710/729/711 741/760/742 709/727/709
f 711/761/712 742/762/743 710/729/711
f 711/730/712 744/763/744 743/764/745
f 713/732/714 744/763/744 712/731/713
f 713/732/714 746/765/746 745/766/747
f 715/735/717 746/765/746 714/733/715
f 716/734/716 747/767/748 715/735/717
f 716/734/716 749/768/749 748/769/750
f 718/737/719 749/768/749 717/736/718
f 718/737/719 751/770/751 750/771/752
f 720/739/721 751/770/751 719/738/720
f 720/739/721 753/772/753 752/773/754
f 722/741/723 753/772/753 721/740/722
f 723/742/724 754/774/755 722/741/723
f 724/744/726 755/775/756 723/742/724
f 725/743/725 756/776/757 724/744/726
f 726/745/727 757/777/758 725/743/725
f 728/747/729 758/778/759 727/746/728
f 728/747/729 760/779/760 759/780/761
f 729/748/730 730/749/731 760/779/760
f 731/751/733 762/781/762 761/782/763
f 732/750/732 763/783/764 762/781/762
f 734/753/735 763/783/764 733/752/734
f 735/754/736 764/784/765 734/753/735
f 736/723/705 765/785/766 735/754/736
f 758/778/759 766/786/767 726/745/727
f 761/782/763 767/787/768 730/749/731
f 737/756/738 769/788/769 768/755/737
f 738/757/739 770/789/770 737/756/738
f 738/757/739 772/790/771 771/791/772
f 739/759/741 773/792/773 772/790/771
f 741/760/742 773/792/773 740/758/740
f 741/760/742 775/793/774 774/794/775
f 742/762/743 776/795/776 775/793/774
f 743/764/745 777/796/777 776/797/776
f 745/766/747 777/796/777 744/763/744
f 746/765/746 778/798/778 745/766/747
f 746/765/746 780/799/779 779/800/780
f 748/769/750 780/799/779 747/767/748
f 749/768/749 781/801/781 748/769/750
f 749/768/749 783/802/782 782/803/783
f 750/771/752 784/804/784 783/802/782
f 752/773/754 784/804/784 751/770/751
f 753/772/753 785/805/785 752/773/754
f 754/774/755 786/806/786 753/772/753
f 754/774/755 788/807/787 787/808/788
f 755/775/756 789/809/789 788/807/787
f 757/777/758 789/809/789 756/776/757
f 757/777/758 791/810/790 790/811/791
f 766/786/767 792/812/792 791/810/790
f 759/780/761 792/812/792 758/778/759
f 760/779/760 793/813/793 759/780/761
f 767/787/768 794/814/794 760/779/760
f 767/787/768 796/815/795 795/816/796
f 762/781/762 796/815/795 761/782/763
f 763/783/764 797/817/797 762/781/762
f 763/783/764 799/818/798 798/819/799
f 764/784/765 800/820/800 799/818/798
f 768/755/737 800/820/800 765/785/766
f 769/788/769 802/821/801 801/822/802
f 770/789/770 803/823/803 802/821/801
f 771/791/772 804/824/804 803/823/803
f 772/790/771 805/825/805 804/824/804
f 774/794/775 805/825/805 773/792/773
f 775/793/774 806/826/806 774/794/775
f 776/795/776 807/827/807 775/793/774
f 776/797/776 809/828/808 808/829/809
f 777/796/777 810/830/810 809/828/808
f 778/798/778 811/831/811 810/830/810
f 779/800/780 812/832/812 811/831/811
f 780/799/779 813/833/813 812/832/812
f 782/803/783 813/833/813 781/801/781
f 783/802/782 814/834/814 782/803/783
f 784/804/784 815/835/815 783/802/782
f 785/805/785 816/836/816 784/804/784
f 785/805/785 818/837/817 817/838/818
f 786/806/786 819/839/819 818/837/817
f 787/808/788 820/840/820 819/839/819
f 788/807/787 821/841/821 820/840/820
f 790/811/791 821/841/821 789/809/789
f 791/810/790 822/842/822 790/811/791
f 792/812/792 823/843/823 791/810/790
f 793/813/793 824/844/824 792/812/792
f 793/813/793 826/845/825 825/846/826
f 794/814/794 827/847/827 826/845/825
f 795/816/796 828/848/828 827/847/827
f 797/817/797 828/848/828 796/815/795
f 798/819/799 829/849/829 797/817/797
f 799/818/798 830/850/830 798/819/799
f 800/820/800 831/851/831 799/818/798
f 800/820/800 801/822/802 832/852/832
f 802/853/801 833/854/833 801/855/802
f 802/853/801 835/856/834 834/857/835
f 804/858/804 835/856/834 803/859/803
f 805/860/805 836/861/836 804/858/804
f 805/860/805 838/862/837 837/863/838
f 807/864/807 838/862/837 806/865/806
f 807/864/807 840/866/839 839/867/840
f 809/868/808 840/866/839 808/869/809
f 810/870/810 841/871/841 809/868/808
f 810/870/810 843/872/842 842/873/843
f 812/874/812 843/872/842 811/875/811
f 813/876/813 844/877/844 812/874/812
f 813/876/813 846/878/845 845/879/846
f 815/880/815 846/878/845 814/881/814
f 815/880/815 848/882/847 847/883/848
f 816/884/816 849/885/849 848/882/847
f 818/886/817 849/885/849 817/887/818
f 818/886/817 851/888/850 850/889/851
f 820/890/820 851/888/850 819/891/819
f 821/892/821 852/893/852 820/890/820
f 821/892/821 854/894/853 853/895/854
f 823/896/823 854/894/853 822/897/822
f 823/896/823 856/898/855 855/899/856
f 824/900/824 857/901/857 856/898/855
f 826/902/825 857/901/857 825/903/826
f 826/902/825 859/904/858 858/905/859
f 828/906/828 859/904/858 827/907/827
f 829/908/829 860/909/860 828/906/828
f 829/908/829 862/910/861 861/911/862
f 831/912/831 862/910/861 830/913/830
f 831/912/831 864/914/863 863/915/864
f 832/916/832 833/854/833 864/914/863
f 834/857/835 865/917/865 833/854/833
f 835/856/834 866/918/866 834/857/835
f 836/861/836 867/919/867 835/856/834
f 836/861/836 869/920/868 868/921/869
f 838/862/837 869/920/868 837/863/838
f 838/862/837 871/922/870 870/923/871
f 839/867/840 872/924/872 871/922/870
f 840/866/839 873/925/873 872/924/872
f 842/873/843 873/925/873 841/871/841
f 843/872/842 874/926/874 842/873/843
f 843/872/842 876/927/875 875/928/876
f 844/877/844 877/929/877 876/927/875
f 846/878/845 877/929/877 845/879/846
f 846/878/845 879/930/878 878/931/879
f 847/883/848 880/932/880 879/930/878
f 849/885/849 880/932/880 848/882/847
f 850/889/851 881/933/881 849/885/849
f 851/888/850 882/934/882 850/889/851
f 851/888/850 884/935/883 883/936/884
f 853/895/854 884/935/883 852/893/852
f 854/894/853 885/937/885 853/895/854
f 854/894/853 887/938/886 886/939/887
f 855/899/856 888/940/888 887/938/886
f 857/901/857 888/940/888 856/898/855
f 858/905/859 889/941/889 857/901/857
f 858/905/859 891/942/890 890/943/891
f 860/909/860 891/942/890 859/904/858
f 860/909/860 893/944/892 892/945/893
f 862/910/861 893/944/892 861/911/862
f 862/910/861 895/946/894 894/947/895
f 863/915/864 896/948/896 895/946/894
f 864/914/863 865/917/865 896/948/896
f 865/917/865 898/949/897 897/950/898
f 866/918/866 899/951/899 898/949/897
f 867/919/867 900/952/900 899/951/899
f 869/920/868 900/952/900 868/921/869
f 870/923/871 901/953/901 869/920/868
f 871/922/870 902/954/902 870/923/871
f 872/924/872 903/955/903 871/922/870
f 872/924/872 905/956/904 904/957/905
f 873/925/873 906/958/906 905/956/904
f 874/926/874 907/959/907 906/958/906
f 875/928/876 908/960/908 907/959/907
f 877/929/877 908/960/908 876/927/875
f 878/931/879 909/961/909 877/929/877
f 879/930/878 910/962/910 878/931/879
f 880/932/880 911/963/911 879/930/878
f 880/932/880 913/964/912 912/965/913
f 881/933/881 914/966/914 913/964/912
f 882/934/882 915/967/915 914/966/914
f 883/936/884 916/968/916 915/967/915
f 884/935/883 917/969/917 916/968/916
f 886/939/887 917/969/917 885/937/885
f 887/938/886 918/970/918 886/939/887
f 888/940/888 919/971/919 887/938/886
f 888/940/888 921/972/920 920/973/921
f 889/941/889 922/974/922 921/972/920
f 890/943/891 923/975/923 922/974/922
f 891/942/890 924/976/924 923/975/923
f 893/944/892 924/976/924 892/945/893
f 894/947/895 925/977/925 893/944/892
f 895/946/894 926/978/926 894/947/895
f 896/948/896 927/979/927 895/946/894
f 896/948/896 897/950/898 928/980/928
f 898/949/897 929/981/929 897/950/898
f 899/951/899 930/982/930 898/949/897
f 900/952/900 931/983/931 899/951/899
f 901/953/901 932/984/932 900/952/900
f 901/953/901 934/985/933 933/986/934
f 902/954/902 935/987/935 934/985/933
f 903/955/903 936/988/936 935/987/935
f 904/957/905 937/989/937 936/988/936
f 906/958/906 937/989/937 905/956/904
f 907/959/907 938/990/938 906/958/906
f 908/960/908 939/991/939 907/959/907
f 908/960/908 941/992/940 940/993/941
f 909/961/909 942/994/942 941/992/940
f 910/962/910 943/995/943 942/994/942
f 911/963/911 944/996/944 943/995/943
f 913/964/912 944/996/944 912/965/913
f 914/966/914 945/997/945 913/964/912
f 915/967/915 946/998/946 914/966/914
f 916/968/916 947/999/947 915/967/915
f 917/969/917 948/1000/948 916/968/916
f 917/969/917 950/1001/949 949/1002/950
f 918/970/918 951/1003/951 950/1001/949
f 919/971/919 952/1004/952 951/1003/951
f 921/972/920 952/1004/952 920/973/921
f 922/974/922 953/1005/953 921/972/920
f 923/975/923 954/1006/954 922/974/922
f 924/976/924 955/1007/955 923/975/923
f 924/976/924 957/1008/956 956/1009/957
f 925/977/925 958/1010/958 957/1008/956
f 926/978/926 959/1011/959 958/1010/958
f 927/979/927 960/1012/960 959/1011/959
f 928/980/928 929/981/929 960/1012/960
f 929/981/929 962/1013/961 961/1014/962
f 930/982/930 963/1015/963 962/1013/961
f 931/983/931 964/1016/883 963/1015/963
f 932/984/932 965/1017/964 964/1016/883
f 934/985/933 965/1017/964 933/986/934
f 935/987/935 966/1018/965 934/985/933
f 936/988/936 989/1019/966 935/987/935
f 936/988/936 968/1020/967 967/1021/968
f 937/989/937 969/1022/969 968/1020/967
f 938/990/938 970/1023/890 969/1022/969
f 939/991/939 990/1024/970 970/1023/890
f 941/992/940 990/1024/970 940/993/941
f 942/994/942 971/1025/971 941/992/940
f 943/995/943 972/1026/972 942/994/942
f 944/996/944 973/1027/973 943/995/943
f 945/997/945 974/1028/974 944/996/944
f 945/997/945 988/1029/975 975/1030/976
f 946/998/946 976/1031/977 988/1029/975
f 947/999/947 977/1032/978 976/1031/977
f 948/1000/948 978/1033/979 977/1032/978
f 950/1001/949 978/1033/979 949/1002/950
f 951/1003/951 979/1034/980 950/1001/949
f 952/1004/952 980/1035/981 951/1003/951
f 953/1005/953 981/1036/982 952/1004/952
f 953/1005/953 983/1037/874 982/1038/983
f 954/1006/954 984/1039/984 983/1037/874
f 955/1007/955 985/1040/985 984/1039/984
f 956/1009/957 991/1041/986 985/1040/985
f 958/1010/958 991/1041/986 957/1008/956
f 959/1011/959 986/1042/987 958/1010/958
f 960/1012/960 987/1043/988 959/1011/959
f 929/981/929 992/1044/989 960/1012/960
f 992/1044/989 986/1042/987 987/1043/988
f 991/1041/986 979/1034/980 980/1035/981
f 988/1029/975 972/1026/972 973/1027/973
f 989/1019/966 970/1023/890 990/1024/970
f 992/1044/989 963/1015/963 989/1019/966
f 990/1024/970 988/1029/975 989/1019/966
f 992/1044/989 988/1029/975 991/1041/986
f 995/1045/990 998/1046/991 996/1047/992
f 1017/1048/993 1019/1049/994 1018/1050/995
f 1007/1051/996 1010/1052/997 1008/1053/998
f 1047/1054/999 1030/1055/1000 1028/1056/1001
f 1049/1057/1002 1031/1058/1003 1032/1059/1004
f 1022/1060/1005 1045/1061/1006 1023/1062/1007
f 1000/1063/1008 1002/1064/1009 1001/1065/1010
f 1004/1066/1011 1006/1067/1012 1005/1068/1013
f 1042/1069/1014 1016/1070/1015 1015/1071/1016
f 1019/1049/994 1020/1072/1017 1021/1073/1018
f 997/1074/1019 999/1075/1020 998/1046/991
f 1009/1076/1021 1011/1077/1022 1010/1052/997
f 1029/1078/1023 1048/1079/1024 1030/1055/1000
f 1051/1080/1025 1033/1081/1026 1034/1082/1027
f 1051/1080/1025 995/1045/990 996/1047/992
f 1036/1083/1028 1003/1084/1029 1002/1064/1009
f 1023/1062/1007 1024/1085/1030 1025/1086/1031
f 1038/1087/1032 1008/1053/998 1006/1067/1012
f 1046/1088/1033 1047/1054/999 1028/1056/1001
f 1016/1070/1015 1017/1048/993 1018/1050/995
f 999/1075/1020 1000/1063/1008 1001/1065/1010
f 1039/1089/1034 1013/1090/1035 1011/1077/1022
f 1041/1091/1036 1015/1071/1016 1014/1092/1037
f 1037/1093/1038 1005/1068/1013 1003/1084/1029
f 1024/1085/1030 1027/1094/1039 1025/1086/1031
f 265/467/454 1000/1063/1008 1035/1095/1040
f 261/470/457 1037/1093/1038 262/471/458
f 259/474/461 1038/1087/1032 260/472/459
f 242/489/476 1047/1054/999 243/490/477
f 263/469/456 1037/1093/1038 1036/1083/1028
f 241/491/478 1031/1058/1003 1048/1079/1024
f 249/483/470 1044/1096/1041 250/481/468
f 251/482/469 1043/1097/1042 252/480/467
f 267/466/453 1034/1082/1027 268/464/451
f 241/491/478 1029/1078/1023 242/489/476
f 226/493/480 1032/1059/1004 225/366/356
f 260/472/459 1004/1066/1011 261/470/457
f 258/473/460 1007/1051/996 259/474/461
f 252/480/467 1042/1069/1014 253/478/465
f 250/481/468 1017/1048/993 251/482/469
f 246/487/474 1045/1061/1006 247/485/472
f 256/476/463 1039/1089/1034 257/475/462
f 245/486/473 1024/1085/1030 246/487/474
f 267/466/453 997/1074/1019 995/1045/990
f 244/488/475 1047/1054/999 1046/1088/1033
f 254/479/466 1042/1069/1014 1041/1091/1036
f 225/366/356 1031/1058/1003 240/492/479
f 255/477/464 1041/1091/1036 1040/1098/1043
f 248/484/471 1020/1072/1017 249/483/470
f 257/475/462 1009/1076/1021 258/473/460
f 255/477/464 1012/1099/1044 256/476/463
f 248/484/471 1045/1061/1006 1022/1060/1005
f 244/1100/475 1026/1101/1045 245/486/473
f 239/463/450 1034/1082/1027 1033/1081/1026
f 265/467/454 997/1074/1019 266/465/452
f 263/469/456 1000/1063/1008 264/468/455
f 226/493/480 1033/1081/1026 993/1102/1046
f 1084/1103/1047 1054/1104/1048 1085/1105/1049
f 1058/1065/1050 1087/1106/1051 1086/1107/1052
f 1056/1046/1053 1089/1108/1054 1088/1109/1055
f 1085/1105/1049 1053/1080/1056 1090/1110/1057
f 1077/1094/1058 1092/1111/1059 1091/1112/1060
f 1074/1060/1061 1094/1113/1062 1093/1114/1063
f 1095/1115/1064 1067/1098/1065 1096/1116/1066
f 1097/1117/1067 1065/1077/1068 1098/1118/1069
f 1073/1073/1070 1093/1114/1063 1099/1119/1071
f 1096/1116/1066 1068/1120/1072 1100/1121/1073
f 1083/1122/1074 1102/1123/1075 1101/1124/1076
f 1068/1120/1072 1103/1125/1077 1100/1121/1073
f 1078/1088/1078 1104/1126/1079 1092/1127/1059
f 1055/1047/1080 1088/1109/1055 1105/1128/1081
f 1076/1129/1082 1091/1112/1060 1106/1130/1083
f 1065/1077/1068 1095/1115/1064 1098/1118/1069
f 1094/1113/1062 1076/1129/1082 1106/1130/1083
f 1107/1131/1084 1072/1049/1085 1108/1132/1086
f 1103/1125/1077 1070/1070/1087 1109/1133/1088
f 1110/1134/1089 1064/1052/1090 1097/1117/1067
f 1061/1068/1091 1112/1135/1092 1111/1136/1093
f 1082/1137/1094 1084/1103/1047 1102/1123/1075
f 1080/1055/1095 1114/1138/1096 1113/1139/1097
f 1053/1080/1056 1105/1128/1081 1090/1110/1057
f 1070/1070/1087 1107/1131/1084 1109/1133/1088
f 1072/1049/1085 1099/1119/1071 1108/1132/1086
f 1081/1079/1098 1101/1124/1076 1114/1138/1096
f 1087/1106/1051 1060/1084/1099 1115/1140/1100
f 1079/1056/1101 1113/1139/1097 1104/1126/1079
f 1112/1135/1092 1063/1053/1102 1110/1134/1089
f 1060/1084/1099 1111/1136/1093 1115/1140/1100
f 1057/1075/1103 1086/1107/1052 1089/1108/1054
f 993/1102/1046 1082/1137/1094 1049/1057/1002
f 1049/1057/1002 1083/1122/1074 1050/1122/1104
f 994/1104/1105 1053/1080/1056 1054/1104/1048
f 993/1102/1046 1054/1104/1048 1052/1102/1106
f 996/1047/992 1056/1046/1053 1055/1047/1080
f 996/1047/992 1053/1080/1056 1051/1080/1025
f 999/1075/1020 1056/1046/1053 998/1046/991
f 1018/1050/995 1072/1049/1085 1071/1141/1107
f 1018/1050/995 1070/1070/1087 1016/1070/1015
f 1021/1073/1018 1072/1049/1085 1019/1049/994
f 1008/1053/998 1064/1052/1090 1063/1053/1102
f 1006/1067/1012 1063/1053/1102 1062/1142/1108
f 1010/1052/997 1065/1077/1068 1064/1052/1090
f 1030/1055/1000 1079/1056/1101 1028/1056/1001
f 1028/1056/1001 1078/1088/1078 1046/1088/1033
f 1048/1079/1024 1080/1055/1095 1030/1055/1000
f 1013/1090/1035 1067/1098/1065 1066/1090/1109
f 1013/1090/1035 1065/1077/1068 1011/1077/1022
f 1014/1092/1037 1067/1098/1065 1040/1098/1043
f 1050/1122/1104 1081/1079/1098 1048/1079/1024
f 1023/1062/1007 1074/1060/1061 1022/1060/1005
f 1022/1060/1005 1073/1073/1070 1021/1073/1018
f 1025/1086/1031 1075/1062/1110 1023/1062/1007
f 1002/1064/1009 1058/1065/1050 1001/1065/1010
f 1001/1065/1010 1057/1075/1103 999/1075/1020
f 1003/1084/1029 1059/1064/1111 1002/1064/1009
f 1006/1067/1012 1061/1068/1091 1005/1068/1013
f 1003/1084/1029 1061/1068/1091 1060/1084/1099
f 1046/1143/1033 1077/1094/1058 1027/1094/1039
f 1025/1086/1031 1077/1094/1058 1076/1129/1082
f 1015/1071/1016 1070/1070/1087 1069/1071/1112
f 1014/1092/1037 1069/1071/1112 1068/1120/1072
f 1/1/1 4/61/60 3/2/2
f 8/4/4 7/57/56 6/5/5
f 5/6/6 6/5/5 10/7/7
f 10/7/7 12/10/10 11/9/9
f 12/10/10 14/93/91 13/11/11
f 13/11/11 14/93/91 16/12/12
f 15/14/13 16/90/12 18/15/14
f 18/15/14 20/88/87 19/17/16
f 19/17/16 20/88/87 22/18/17
f 23/20/19 21/19/18 22/18/17
f 24/21/20 26/83/82 25/22/21
f 25/22/21 26/83/82 28/23/22
f 27/24/23 28/23/22 30/25/24
f 31/27/26 29/26/25 30/25/24
f 32/28/27 34/30/29 33/29/28
f 34/30/29 36/33/32 35/31/30
f 37/32/31 35/31/30 36/33/32
f 39/35/34 37/32/31 38/34/33
f 39/35/34 40/36/35 42/37/36
f 42/37/36 44/40/39 43/39/38
f 44/40/39 46/73/72 45/41/40
f 45/41/40 46/73/72 48/42/41
f 47/43/42 48/42/41 50/44/43
f 49/45/44 50/44/43 52/46/45
f 51/47/46 52/46/45 54/48/47
f 55/50/49 53/49/48 54/48/47
f 56/51/50 58/53/52 57/52/51
f 58/53/52 60/55/54 59/54/53
f 60/55/54 62/59/58 61/56/55
f 8/4/4 2/3/3 3/2/2
f 63/58/57 61/56/55 62/59/58
f 63/58/57 64/60/59 4/61/60
f 66/62/61 4/61/60 64/60/59
f 67/64/63 65/63/62 64/60/59
f 67/64/63 62/59/58 60/55/54
f 68/65/64 60/55/54 58/53/52
f 70/67/66 69/66/65 58/53/52
f 71/68/67 70/67/66 56/51/50
f 72/69/68 71/68/67 54/48/47
f 73/70/69 72/69/68 52/46/45
f 73/70/69 50/44/43 48/42/41
f 75/72/71 74/71/70 48/42/41
f 76/74/73 75/72/71 46/73/72
f 76/74/73 44/40/39 42/37/36
f 77/75/74 42/37/36 40/36/35
f 79/77/76 78/76/75 40/36/35
f 80/78/77 79/77/76 38/34/33
f 80/78/77 36/33/32 34/30/29
f 81/79/78 34/30/29 32/28/27
f 83/81/80 82/80/79 32/28/27
f 83/81/80 30/25/24 28/23/22
f 84/82/81 28/23/22 26/83/82
f 86/85/84 85/84/83 26/83/82
f 87/86/85 86/85/84 24/21/20
f 88/87/86 87/86/85 22/18/17
f 89/89/88 88/87/86 20/88/87
f 89/89/88 18/15/14 16/90/12
f 91/92/90 90/119/89 16/12/12
f 91/92/90 14/93/91 12/10/10
f 92/94/92 12/10/10 10/7/7
f 93/95/93 10/7/7 6/5/5
f 95/97/95 94/96/94 6/5/5
f 96/98/96 3/2/2 4/61/60
f 96/98/96 95/97/95 7/57/56
f 65/63/62 98/100/98 97/99/97
f 67/64/63 99/101/99 98/100/98
f 68/65/64 100/223/218 99/101/99
f 101/102/100 100/223/218 68/65/64
f 102/103/101 101/102/100 69/66/65
f 71/68/67 103/104/102 102/103/101
f 72/69/68 104/224/219 103/104/102
f 105/105/103 104/224/219 72/69/68
f 106/106/104 105/105/103 73/70/69
f 75/72/71 107/107/105 106/106/104
f 76/74/73 108/225/220 107/107/105
f 109/108/106 108/225/220 76/74/73
f 110/109/107 109/108/106 77/75/74
f 79/77/76 111/110/108 110/109/107
f 80/78/77 112/226/221 111/110/108
f 113/111/109 112/226/221 80/78/77
f 114/112/110 113/111/109 81/79/78
f 83/81/80 115/113/111 114/112/110
f 84/82/81 116/227/222 115/113/111
f 117/114/112 116/227/222 84/82/81
f 118/115/113 117/114/112 85/84/83
f 87/86/85 119/116/114 118/115/113
f 88/87/86 120/228/223 119/116/114
f 121/117/115 120/228/223 88/87/86
f 90/91/89 122/229/116 121/117/115
f 91/92/90 123/120/117 122/118/116
f 92/94/92 124/230/224 123/120/117
f 96/98/96 126/129/126 125/121/118
f 130/122/119 129/183/179 128/123/120
f 131/125/122 124/230/224 92/94/92
f 94/96/94 132/126/123 131/125/122
f 95/97/95 125/121/118 132/126/123
f 134/127/124 129/183/179 130/122/119
f 97/99/97 126/129/126 96/98/96
f 126/129/126 127/124/121 128/123/120
f 138/130/127 137/222/217 136/131/128
f 140/133/130 138/130/127 135/132/129
f 141/135/132 142/137/134 140/133/130
f 143/136/133 144/188/184 142/137/134
f 146/138/135 144/188/184 143/136/133
f 148/140/137 146/138/135 145/139/136
f 150/142/139 148/140/137 147/141/138
f 151/144/141 152/194/190 150/142/139
f 154/145/142 152/194/190 151/144/141
f 156/147/144 154/145/142 153/146/143
f 157/149/146 158/151/148 156/147/144
f 159/150/147 160/198/194 158/151/148
f 162/152/149 160/198/194 159/150/147
f 164/154/151 162/152/149 161/153/150
f 166/156/153 164/154/151 163/155/152
f 167/158/155 168/204/200 166/156/153
f 170/159/156 168/204/200 167/158/155
f 172/161/158 170/159/156 169/160/157
f 173/163/160 174/165/162 172/161/158
f 175/164/161 176/209/205 174/165/162
f 178/166/163 176/209/205 175/164/161
f 180/168/165 178/166/163 177/167/164
f 182/170/167 180/168/165 179/169/166
f 183/172/169 184/213/209 182/170/167
f 186/173/170 184/213/209 183/172/169
f 188/175/172 186/1144/170 185/176/171
f 189/178/174 190/180/176 188/175/172
f 191/179/175 192/219/214 190/180/176
f 194/181/177 192/219/214 191/179/175
f 129/183/179 194/181/177 193/182/178
f 136/131/128 137/222/217 130/122/119
f 196/184/180 137/222/217 138/130/127
f 197/186/182 195/185/181 138/130/127
f 197/186/182 140/133/130 142/137/134
f 198/187/183 142/137/134 144/188/184
f 199/189/185 144/188/184 146/138/135
f 200/190/186 146/138/135 148/140/137
f 201/191/187 148/140/137 150/142/139
f 203/193/189 202/192/188 150/142/139
f 203/193/189 152/194/190 154/145/142
f 204/195/191 154/145/142 156/147/144
f 206/197/193 205/196/192 156/147/144
f 206/197/193 158/151/148 160/198/194
f 208/200/196 207/199/195 160/198/194
f 209/201/197 208/200/196 162/152/149
f 209/201/197 164/154/151 166/156/153
f 211/203/199 210/202/198 166/156/153
f 212/205/201 211/203/199 168/204/200
f 213/206/202 212/205/201 170/159/156
f 213/206/202 172/161/158 174/165/162
f 215/208/204 214/207/203 174/165/162
f 215/208/204 176/209/205 178/166/163
f 217/211/207 216/210/206 178/166/163
f 217/211/207 180/168/165 182/170/167
f 218/212/208 182/170/167 184/213/209
f 220/215/211 219/214/210 184/213/209
f 220/216/211 186/1144/170 188/175/172
f 222/218/213 221/217/212 188/175/172
f 222/218/213 190/180/176 192/219/214
f 224/221/216 223/220/215 192/219/214
f 224/221/216 194/181/177 129/183/179
f 133/128/125 130/122/119 137/222/217
f 135/132/129 136/131/128 97/99/97
f 139/134/131 135/132/129 98/100/98
f 141/135/132 139/134/131 99/101/99
f 101/102/100 143/136/133 141/135/132
f 102/103/101 145/139/136 143/136/133
f 147/141/138 145/139/136 102/103/101
f 104/224/219 149/143/140 147/141/138
f 105/105/103 151/144/141 149/143/140
f 153/146/143 151/144/141 105/105/103
f 155/148/145 153/146/143 106/106/104
f 157/149/146 155/148/145 107/107/105
f 109/108/106 159/150/147 157/149/146
f 161/153/150 159/150/147 109/108/106
f 163/155/152 161/153/150 110/109/107
f 112/226/221 165/157/154 163/155/152
f 113/111/109 167/158/155 165/157/154
f 169/160/157 167/158/155 113/111/109
f 171/162/159 169/160/157 114/112/110
f 173/163/160 171/162/159 115/113/111
f 117/114/112 175/164/161 173/163/160
f 118/115/113 177/167/164 175/164/161
f 179/169/166 177/167/164 118/115/113
f 120/228/223 181/171/168 179/169/166
f 121/117/115 183/172/169 181/171/168
f 185/174/171 183/172/169 121/117/115
f 187/177/173 185/176/171 122/118/116
f 189/178/174 187/177/173 123/120/117
f 131/125/122 191/179/175 189/178/174
f 132/126/123 193/182/178 191/179/175
f 128/123/120 193/182/178 132/126/123
f 97/99/97 136/131/128 127/124/121
f 227/231/225 228/271/265 134/127/124
f 230/232/226 228/271/265 227/231/225
f 232/234/228 231/236/230 230/232/226
f 233/235/229 234/368/358 231/236/230
f 236/237/231 234/368/358 233/235/229
f 238/239/233 236/237/231 235/238/232
f 270/241/235 196/184/180 195/185/181
f 271/243/237 269/242/236 195/185/181
f 271/243/237 197/186/182 198/187/183
f 272/244/238 198/187/183 199/189/185
f 273/245/239 199/189/185 200/190/186
f 274/246/240 200/190/186 201/191/187
f 275/247/241 201/191/187 202/192/188
f 276/248/242 202/192/188 203/193/189
f 278/250/244 277/249/243 203/193/189
f 278/250/244 204/195/191 205/196/192
f 279/251/245 205/196/192 206/197/193
f 281/253/247 280/252/246 206/197/193
f 281/253/247 207/199/195 208/200/196
f 283/255/249 282/254/248 208/200/196
f 283/255/249 209/201/197 210/202/198
f 284/256/250 210/202/198 211/203/199
f 285/257/251 211/203/199 212/205/201
f 286/258/252 212/205/201 213/206/202
f 287/259/253 213/206/202 214/207/203
f 288/260/254 214/207/203 215/208/204
f 289/261/255 215/208/204 216/210/206
f 291/263/257 290/262/256 216/210/206
f 291/263/257 217/211/207 218/212/208
f 292/264/258 218/212/208 219/214/210
f 294/266/260 293/265/259 219/214/210
f 295/267/261 294/298/260 220/216/211
f 296/268/262 295/267/261 221/217/212
f 296/268/262 222/218/213 223/220/215
f 298/270/264 297/269/263 223/220/215
f 298/270/264 224/221/216 134/127/124
f 270/241/235 227/231/225 133/128/125
f 299/272/266 300/302/295 270/241/235
f 299/272/266 269/242/236 271/243/237
f 302/274/268 301/273/267 271/243/237
f 303/275/269 302/274/268 272/244/238
f 303/275/269 273/245/239 274/246/240
f 304/276/270 274/246/240 275/247/241
f 305/277/271 275/247/241 276/248/242
f 306/278/272 276/248/242 277/249/243
f 307/279/273 277/249/243 278/250/244
f 309/281/275 308/280/274 278/250/244
f 310/282/276 309/281/275 279/251/245
f 311/283/277 310/282/276 280/252/246
f 312/284/278 311/283/277 281/253/247
f 312/284/278 282/254/248 283/255/249
f 313/285/279 283/255/249 284/256/250
f 314/286/280 284/256/250 285/257/251
f 315/287/281 285/257/251 286/258/252
f 316/288/282 286/258/252 287/259/253
f 318/290/284 317/289/283 287/259/253
f 319/291/285 318/290/284 288/260/254
f 320/292/286 319/291/285 289/261/255
f 320/292/286 290/262/256 291/263/257
f 321/293/287 291/263/257 292/264/258
f 323/295/289 322/294/288 292/264/258
f 323/295/289 293/265/259 294/266/260
f 325/297/291 324/326/290 294/298/260
f 326/299/292 325/297/291 295/267/261
f 327/300/293 326/299/292 296/268/262
f 327/300/293 297/269/263 298/270/264
f 328/301/294 298/270/264 228/271/265
f 229/233/227 227/231/225 270/241/235
f 330/303/296 329/332/323 300/302/295
f 301/273/267 331/304/297 330/303/296
f 302/274/268 332/305/298 331/304/297
f 303/275/269 333/306/299 332/305/298
f 304/276/270 334/337/328 333/306/299
f 335/307/300 334/337/328 304/276/270
f 336/308/301 335/307/300 305/277/271
f 337/309/302 336/308/301 306/278/272
f 308/280/274 338/310/303 337/309/302
f 309/281/275 339/311/304 338/310/303
f 310/282/276 340/312/305 339/311/304
f 311/283/277 341/345/336 340/312/305
f 342/313/306 341/345/336 311/283/277
f 343/314/307 342/313/306 312/284/278
f 344/315/308 343/314/307 313/285/279
f 345/316/309 344/315/308 314/286/280
f 346/317/310 345/316/309 315/287/281
f 317/289/283 347/318/311 346/317/310
f 318/290/284 348/319/312 347/318/311
f 319/291/285 349/354/345 348/319/312
f 350/320/313 349/354/345 319/291/285
f 351/321/314 350/320/313 320/292/286
f 352/322/315 351/321/314 321/293/287
f 353/323/316 352/322/315 322/294/288
f 354/324/317 353/323/316 323/295/289
f 325/297/291 355/327/318 354/325/317
f 326/299/292 356/328/319 355/327/318
f 327/300/293 357/364/354 356/328/319
f 359/329/320 238/239/233 237/240/234
f 360/331/322 357/364/354 327/300/293
f 231/236/230 360/331/322 328/301/294
f 329/332/323 232/234/228 229/233/227
f 361/333/324 362/369/359 329/332/323
f 363/334/325 361/333/324 330/303/296
f 363/334/325 331/304/297 332/305/298
f 365/336/327 364/335/326 332/305/298
f 365/336/327 333/306/299 334/337/328
f 366/338/329 334/337/328 335/307/300
f 368/340/331 367/339/330 335/307/300
f 369/341/332 368/340/331 336/308/301
f 370/342/333 369/341/332 337/309/302
f 370/342/333 338/310/303 339/311/304
f 372/344/335 371/343/334 339/311/304
f 372/344/335 340/312/305 341/345/336
f 374/347/338 373/346/337 341/345/336
f 374/347/338 342/313/306 343/314/307
f 375/348/339 343/314/307 344/315/308
f 376/349/340 344/315/308 345/316/309
f 377/350/341 345/316/309 346/317/310
f 379/352/343 378/351/342 346/317/310
f 379/352/343 347/318/311 348/319/312
f 380/353/344 348/319/312 349/354/345
f 381/355/346 349/354/345 350/320/313
f 382/356/347 350/320/313 351/321/314
f 383/357/348 351/321/314 352/322/315
f 384/358/349 352/322/315 353/323/316
f 386/360/351 385/359/350 353/323/316
f 386/361/351 354/325/317 355/327/318
f 388/363/353 387/362/352 355/327/318
f 388/363/353 356/328/319 357/364/354
f 358/330/321 226/493/480 225/366/356
f 390/367/357 389/365/355 357/364/354
f 390/367/357 360/331/322 231/236/230
f 233/235/229 232/234/228 329/332/323
f 391/370/360 392/400/389 362/369/359
f 391/370/360 361/333/324 363/334/325
f 394/372/362 393/371/361 363/334/325
f 395/373/363 394/372/362 364/335/326
f 396/374/364 395/373/363 365/336/327
f 397/375/365 396/374/364 366/338/329
f 397/375/365 367/339/330 368/340/331
f 398/376/366 368/340/331 369/341/332
f 399/377/367 369/341/332 370/342/333
f 400/378/368 370/342/333 371/343/334
f 401/379/369 371/343/334 372/344/335
f 402/380/370 372/344/335 373/346/337
f 404/382/372 403/381/371 373/346/337
f 405/383/373 404/382/372 374/347/338
f 405/383/373 375/348/339 376/349/340
f 407/385/375 406/384/374 376/349/340
f 408/386/376 407/385/375 377/350/341
f 409/387/377 408/386/376 378/351/342
f 409/387/377 379/352/343 380/353/344
f 410/388/378 380/353/344 381/355/346
f 411/389/379 381/355/346 382/356/347
f 413/391/381 412/390/380 382/356/347
f 413/391/381 383/357/348 384/358/349
f 414/392/382 384/358/349 385/359/350
f 415/393/383 385/359/350 386/360/351
f 416/395/384 386/361/351 387/362/352
f 417/396/385 387/362/352 388/363/353
f 418/397/386 388/363/353 389/365/355
f 419/398/387 389/365/355 390/367/357
f 236/237/231 420/399/388 390/367/357
f 392/400/389 235/238/232 233/235/229
f 421/401/390 392/400/389 391/370/360
f 391/370/360 393/371/361 423/403/392
f 393/371/361 394/372/362 424/404/393
f 425/405/394 424/404/393 394/372/362
f 426/406/395 425/405/394 395/373/363
f 426/406/395 396/374/364 397/375/365
f 427/407/396 397/375/365 398/376/366
f 428/408/397 398/376/366 399/377/367
f 429/409/398 399/377/367 400/378/368
f 431/411/400 430/410/399 400/378/368
f 401/379/369 402/380/370 432/412/401
f 433/413/402 432/412/401 402/380/370
f 433/413/402 403/381/371 404/382/372
f 434/414/403 404/382/372 405/383/373
f 435/415/404 405/383/373 406/384/374
f 436/416/405 406/384/374 407/385/375
f 437/417/406 407/385/375 408/386/376
f 408/386/376 409/387/377 439/419/408
f 409/387/377 410/388/378 440/420/409
f 441/421/410 440/420/409 410/388/378
f 442/422/411 441/421/410 411/389/379
f 442/422/411 412/390/380 413/391/381
f 443/423/412 413/391/381 414/392/382
f 444/424/413 414/392/382 415/393/383
f 415/393/383 416/394/384 446/426/415
f 416/395/384 417/396/385 447/427/416
f 417/396/385 418/397/386 448/429/417
f 449/430/418 448/429/417 418/397/386
f 449/430/418 419/398/387 420/399/388
f 450/431/419 420/399/388 236/237/231
f 237/240/234 235/238/232 392/400/389
f 452/432/420 421/401/390 422/402/391
f 451/433/421 422/402/391 423/403/392
f 453/434/422 423/403/392 424/404/393
f 454/435/423 424/404/393 425/405/394
f 455/436/424 425/405/394 426/406/395
f 456/437/425 426/406/395 427/407/396
f 457/438/426 427/407/396 428/408/397
f 458/439/427 428/408/397 429/409/398
f 459/440/428 429/409/398 430/410/399
f 460/441/429 430/410/399 431/411/400
f 461/442/430 431/411/400 432/412/401
f 462/443/431 432/412/401 433/413/402
f 463/444/432 433/413/402 434/414/403
f 464/445/433 434/414/403 435/415/404
f 465/446/434 435/415/404 436/416/405
f 466/447/435 436/416/405 437/417/406
f 467/448/436 437/417/406 438/418/407
f 469/450/438 468/449/437 438/418/407
f 470/451/439 469/450/438 439/419/408
f 470/451/439 440/420/409 441/421/410
f 471/452/440 441/421/410 442/422/411
f 472/453/441 442/422/411 443/423/412
f 473/454/442 443/423/412 444/424/413
f 474/455/443 444/424/413 445/425/414
f 475/456/444 445/425/414 446/426/415
f 476/458/445 446/428/415 447/427/416
f 477/459/446 447/427/416 448/429/417
f 478/460/447 448/429/417 449/430/418
f 479/461/448 449/430/418 450/431/419
f 480/462/449 450/431/419 238/239/233
f 358/330/321 237/240/234 421/401/390
f 451/433/421 268/464/451 239/463/450
f 453/434/422 267/466/453 268/464/451
f 453/434/422 454/435/423 266/465/452
f 265/467/454 266/465/452 454/435/423
f 456/437/425 264/468/455 265/467/454
f 457/438/426 263/469/456 264/468/455
f 458/439/427 262/471/458 263/469/456
f 458/439/427 459/440/428 261/470/457
f 459/440/428 460/441/429 260/472/459
f 461/442/430 259/474/461 260/472/459
f 461/442/430 462/443/431 258/473/460
f 257/475/462 258/473/460 462/443/431
f 256/476/463 257/475/462 463/444/432
f 465/446/434 255/477/464 256/476/463
f 466/447/435 254/479/466 255/477/464
f 466/447/435 467/448/436 253/478/465
f 467/448/436 468/449/437 252/480/467
f 469/450/438 251/482/469 252/480/467
f 469/450/438 470/451/439 250/481/468
f 249/483/470 250/481/468 470/451/439
f 472/453/441 248/484/471 249/483/470
f 473/454/442 247/485/472 248/484/471
f 474/455/443 246/487/474 247/485/472
f 474/455/443 475/456/444 245/486/473
f 476/457/445 244/1100/475 245/486/473
f 477/459/446 243/490/477 244/488/475
f 477/459/446 478/460/447 242/489/476
f 241/491/478 242/489/476 478/460/447
f 240/492/479 241/491/478 479/461/448
f 359/329/320 225/366/356 240/492/479
f 358/330/321 452/432/420 239/463/450
f 2/3/3 482/495/482 481/494/481
f 8/4/4 483/497/484 482/495/482
f 8/4/4 5/6/6 484/496/483
f 9/8/8 485/498/485 484/496/483
f 11/9/9 486/500/487 485/498/485
f 11/9/9 13/11/11 487/499/486
f 15/13/13 488/533/488 487/499/486
f 17/16/15 489/503/490 488/501/488
f 17/16/15 19/17/16 490/502/489
f 21/19/18 491/505/492 490/502/489
f 21/19/18 23/20/19 492/504/491
f 25/22/21 493/506/493 492/504/491
f 27/24/23 494/508/495 493/506/493
f 27/24/23 29/26/25 495/507/494
f 29/26/25 31/27/26 496/509/496
f 33/29/28 497/510/497 496/509/496
f 35/31/30 498/511/498 497/510/497
f 37/32/31 499/513/500 498/511/498
f 37/32/31 39/35/34 500/512/499
f 41/38/37 501/514/501 500/512/499
f 43/39/38 502/516/503 501/514/501
f 43/39/38 45/41/40 503/515/502
f 45/41/40 47/43/42 504/517/504
f 47/43/42 49/45/44 505/518/505
f 51/47/46 506/519/506 505/518/505
f 53/49/48 507/521/508 506/519/506
f 53/49/48 55/50/49 508/520/507
f 57/52/51 509/522/509 508/520/507
f 59/54/53 510/524/511 509/522/509
f 59/54/53 61/56/55 511/523/510
f 61/56/55 63/58/57 512/525/512
f 63/58/57 1/1/1 481/494/481
f 481/494/481 482/495/482 514/526/513
f 483/497/484 515/528/515 514/526/513
f 484/496/483 516/529/516 515/528/515
f 485/498/485 517/531/518 516/529/516
f 485/498/485 486/500/487 518/530/517
f 486/500/487 487/499/486 519/532/519
f 488/533/488 520/565/521 519/532/519
f 488/501/488 489/503/490 521/534/520
f 489/503/490 490/502/489 522/536/522
f 491/505/492 523/537/523 522/536/522
f 492/504/491 524/539/525 523/537/523
f 492/504/491 493/506/493 525/538/524
f 493/506/493 494/508/495 526/540/526
f 494/508/495 495/507/494 527/541/527
f 496/509/496 528/542/528 527/541/527
f 497/510/497 529/544/530 528/542/528
f 497/510/497 498/511/498 530/543/529
f 499/513/500 531/545/531 530/543/529
f 500/512/499 532/546/532 531/545/531
f 501/514/501 533/548/534 532/546/532
f 501/514/501 502/516/503 534/547/533
f 502/516/503 503/515/502 535/549/535
f 504/517/504 536/550/536 535/549/535
f 505/518/505 537/552/538 536/550/536
f 505/518/505 506/519/506 538/551/537
f 507/521/508 539/553/539 538/551/537
f 508/520/507 540/555/541 539/553/539
f 508/520/507 509/522/509 541/554/540
f 509/522/509 510/524/511 542/556/542
f 510/524/511 511/523/510 543/557/543
f 512/525/512 544/558/544 543/557/543
f 512/525/512 481/494/481 513/527/514
f 513/527/514 514/526/513 546/559/545
f 514/526/513 515/528/515 547/561/547
f 516/529/516 548/562/548 547/561/547
f 517/531/518 549/564/550 548/562/548
f 517/531/518 518/530/517 550/563/549
f 519/532/519 551/566/551 550/563/549
f 520/565/521 552/1145/552 551/566/551
f 521/534/520 553/569/554 552/567/552
f 521/534/520 522/536/522 554/568/553
f 523/537/523 555/570/555 554/568/553
f 524/539/525 556/572/557 555/570/555
f 524/539/525 525/538/524 557/571/556
f 525/538/524 526/540/526 558/573/558
f 527/541/527 559/574/559 558/573/558
f 528/542/528 560/575/560 559/574/559
f 529/544/530 561/577/562 560/575/560
f 529/544/530 530/543/529 562/576/561
f 530/543/529 531/545/531 563/578/563
f 532/546/532 564/580/565 563/578/563
f 532/546/532 533/548/534 565/579/564
f 533/548/534 534/547/533 566/581/566
f 535/549/535 567/582/567 566/581/566
f 536/550/536 568/584/569 567/582/567
f 536/550/536 537/552/538 569/583/568
f 537/552/538 538/551/537 570/585/570
f 538/551/537 539/553/539 571/586/571
f 540/555/541 572/587/572 571/586/571
f 541/554/540 573/589/574 572/587/572
f 541/554/540 542/556/542 574/588/573
f 542/556/542 543/557/543 575/590/575
f 544/558/544 576/591/576 575/590/575
f 513/527/514 545/560/546 576/591/576
f 546/559/545 578/593/578 577/592/577
f 547/561/547 579/595/580 578/593/578
f 547/561/547 548/562/548 580/594/579
f 549/564/550 581/596/581 580/594/579
f 550/563/549 582/598/583 581/596/581
f 550/563/549 551/566/551 583/597/582
f 551/566/551 552/1145/552 584/599/584
f 553/569/554 585/601/585 584/600/584
f 554/568/553 586/602/586 585/601/585
f 555/570/555 587/604/588 586/602/586
f 555/570/555 556/572/557 588/603/587
f 557/571/556 589/605/589 588/603/587
f 558/573/558 590/606/590 589/605/589
f 559/574/559 591/608/592 590/606/590
f 559/574/559 560/575/560 592/607/591
f 561/577/562 593/609/593 592/607/591
f 562/576/561 594/610/594 593/609/593
f 563/578/563 595/612/596 594/610/594
f 563/578/563 564/580/565 596/611/595
f 564/580/565 565/579/564 597/613/597
f 566/581/566 598/614/598 597/613/597
f 567/582/567 599/616/600 598/614/598
f 567/582/567 568/584/569 600/615/599
f 569/583/568 601/617/601 600/615/599
f 570/585/570 602/618/602 601/617/601
f 571/586/571 603/620/604 602/618/602
f 571/586/571 572/587/572 604/619/603
f 572/587/572 573/589/574 605/621/605
f 574/588/573 606/623/607 605/621/605
f 574/588/573 575/590/575 607/622/606
f 575/590/575 576/591/576 608/624/608
f 576/591/576 545/560/546 577/592/577
f 577/592/577 578/593/578 610/625/609
f 578/593/578 579/595/580 611/627/611
f 580/594/579 612/628/612 611/627/611
f 581/596/581 613/630/614 612/628/612
f 581/596/581 582/598/583 614/629/613
f 583/597/582 615/631/615 614/629/613
f 584/599/584 616/664/616 615/631/615
f 585/601/585 617/634/618 616/632/616
f 585/601/585 586/602/586 618/633/617
f 586/602/586 587/604/588 619/635/619
f 588/603/587 620/636/620 619/635/619
f 589/605/589 621/637/621 620/636/620
f 590/606/590 622/638/622 621/637/621
f 591/608/592 623/639/623 622/638/622
f 592/607/591 624/641/625 623/639/623
f 592/607/591 593/609/593 625/640/624
f 593/609/593 594/610/594 626/642/626
f 594/610/594 595/612/596 627/643/627
f 596/611/595 628/644/628 627/643/627
f 597/613/597 629/645/629 628/644/628
f 598/614/598 630/646/630 629/645/629
f 599/616/600 631/647/631 630/646/630
f 600/615/599 632/648/632 631/647/631
f 601/617/601 633/649/633 632/648/632
f 602/618/602 634/651/635 633/649/633
f 602/618/602 603/620/604 635/650/634
f 603/620/604 604/619/603 636/652/636
f 604/619/603 605/621/605 637/653/637
f 605/621/605 606/623/607 638/654/638
f 607/622/606 639/655/639 638/654/638
f 608/624/608 640/656/640 639/655/639
f 577/592/577 609/626/610 640/656/640
f 609/626/610 610/625/609 642/657/641
f 611/627/611 643/659/643 642/657/641
f 612/628/612 644/661/645 643/659/643
f 612/628/612 613/630/614 645/660/644
f 613/630/614 614/629/613 646/662/646
f 614/629/613 615/631/615 647/663/647
f 616/664/616 648/1146/649 647/663/647
f 616/632/616 617/634/618 649/665/648
f 617/634/618 618/633/617 650/667/650
f 619/635/619 651/668/651 650/667/650
f 620/636/620 652/669/652 651/668/651
f 621/637/621 653/671/654 652/669/652
f 621/637/621 622/638/622 654/670/653
f 622/638/622 623/639/623 655/672/655
f 624/641/625 656/674/657 655/672/655
f 624/641/625 625/640/624 657/673/656
f 626/642/626 658/675/658 657/673/656
f 627/643/627 659/676/659 658/675/658
f 628/644/628 660/677/660 659/676/659
f 629/645/629 661/679/662 660/677/660
f 629/645/629 630/646/630 662/678/661
f 630/646/630 631/647/631 663/680/663
f 632/648/632 664/682/665 663/680/663
f 632/648/632 633/649/633 665/681/664
f 633/649/633 634/651/635 666/683/666
f 635/650/634 667/684/667 666/683/666
f 636/652/636 668/686/669 667/684/667
f 636/652/636 637/653/637 669/685/668
f 637/653/637 638/654/638 670/687/670
f 638/654/638 639/655/639 671/688/671
f 640/656/640 672/689/672 671/688/671
f 640/656/640 609/626/610 641/658/642
f 642/657/641 674/692/675 673/690/673
f 642/657/641 643/659/643 675/691/674
f 643/659/643 644/661/645 676/693/676
f 644/661/645 645/660/644 677/694/677
f 646/662/646 678/695/678 677/694/677
f 647/663/647 679/697/680 678/695/678
f 647/663/647 648/1146/649 680/696/679
f 649/665/648 681/699/681 680/698/679
f 650/667/650 682/701/683 681/699/681
f 650/667/650 651/668/651 683/700/682
f 651/668/651 652/669/652 684/702/684
f 652/669/652 653/671/654 685/703/685
f 654/670/653 686/704/686 685/703/685
f 655/672/655 687/706/688 686/704/686
f 655/672/655 656/674/657 688/705/687
f 656/674/657 657/673/656 689/707/689
f 658/675/658 690/709/691 689/707/689
f 658/675/658 659/676/659 691/708/690
f 659/676/659 660/677/660 692/710/692
f 661/679/662 693/711/693 692/710/692
f 662/678/661 694/712/694 693/711/693
f 663/680/663 695/714/696 694/712/694
f 663/680/663 664/682/665 696/713/695
f 665/681/664 697/715/697 696/713/695
f 666/683/666 698/717/699 697/715/697
f 666/683/666 667/684/667 699/716/698
f 667/684/667 668/686/669 700/718/700
f 668/686/669 669/685/668 701/719/701
f 670/687/670 702/720/702 701/719/701
f 671/688/671 703/722/704 702/720/702
f 671/688/671 672/689/672 704/721/703
f 641/658/642 673/690/673 704/721/703
f 674/692/675 705/724/706 736/723/705
f 675/691/674 706/725/707 705/724/706
f 676/693/676 707/726/708 706/725/707
f 677/694/677 708/728/710 707/726/708
f 677/694/677 678/695/678 709/727/709
f 678/695/678 679/697/680 710/729/711
f 680/696/679 711/761/712 710/729/711
f 681/699/681 712/731/713 711/730/712
f 682/701/683 713/732/714 712/731/713
f 683/700/682 714/733/715 713/732/714
f 684/702/684 715/735/717 714/733/715
f 684/702/684 685/703/685 716/734/716
f 685/703/685 686/704/686 717/736/718
f 686/704/686 687/706/688 718/737/719
f 687/706/688 688/705/687 719/738/720
f 688/705/687 689/707/689 720/739/721
f 689/707/689 690/709/691 721/740/722
f 691/708/690 722/741/723 721/740/722
f 692/710/692 723/742/724 722/741/723
f 693/711/693 724/744/726 723/742/724
f 693/711/693 694/712/694 725/743/725
f 694/712/694 695/714/696 726/745/727
f 695/714/696 696/713/695 727/746/728
f 696/713/695 697/715/697 728/747/729
f 698/717/699 729/748/730 728/747/729
f 699/716/698 730/749/731 729/748/730
f 700/718/700 731/751/733 730/749/731
f 700/718/700 701/719/701 732/750/732
f 701/719/701 702/720/702 733/752/734
f 702/720/702 703/722/704 734/753/735
f 703/722/704 704/721/703 735/754/736
f 673/690/673 736/723/705 735/754/736
f 705/724/706 737/756/738 768/755/737
f 706/725/707 738/757/739 737/756/738
f 707/726/708 739/759/741 738/757/739
f 707/726/708 708/728/710 740/758/740
f 708/728/710 709/727/709 741/760/742
f 710/729/711 742/762/743 741/760/742
f 711/761/712 743/1147/745 742/762/743
f 711/730/712 712/731/713 744/763/744
f 713/732/714 745/766/747 744/763/744
f 713/732/714 714/733/715 746/765/746
f 715/735/717 747/767/748 746/765/746
f 716/734/716 748/769/750 747/767/748
f 716/734/716 717/736/718 749/768/749
f 718/737/719 750/771/752 749/768/749
f 718/737/719 719/738/720 751/770/751
f 720/739/721 752/773/754 751/770/751
f 720/739/721 721/740/722 753/772/753
f 722/741/723 754/774/755 753/772/753
f 723/742/724 755/775/756 754/774/755
f 724/744/726 756/776/757 755/775/756
f 725/743/725 757/777/758 756/776/757
f 726/745/727 727/746/728 758/778/759
f 728/747/729 759/780/761 758/778/759
f 728/747/729 729/748/730 760/779/760
f 731/751/733 761/782/763 730/749/731
f 731/751/733 732/750/732 762/781/762
f 732/750/732 733/752/734 763/783/764
f 734/753/735 764/784/765 763/783/764
f 735/754/736 765/785/766 764/784/765
f 736/723/705 768/755/737 765/785/766
f 726/745/727 766/786/767 757/777/758
f 730/749/731 767/787/768 760/779/760
f 737/756/738 770/789/770 769/788/769
f 738/757/739 771/791/772 770/789/770
f 738/757/739 739/759/741 772/790/771
f 739/759/741 740/758/740 773/792/773
f 741/760/742 774/794/775 773/792/773
f 741/760/742 742/762/743 775/793/774
f 742/762/743 743/1147/745 776/795/776
f 743/764/745 744/763/744 777/796/777
f 745/766/747 778/798/778 777/796/777
f 746/765/746 779/800/780 778/798/778
f 746/765/746 747/767/748 780/799/779
f 748/769/750 781/801/781 780/799/779
f 749/768/749 782/803/783 781/801/781
f 749/768/749 750/771/752 783/802/782
f 750/771/752 751/770/751 784/804/784
f 752/773/754 785/805/785 784/804/784
f 753/772/753 786/806/786 785/805/785
f 754/774/755 787/808/788 786/806/786
f 754/774/755 755/775/756 788/807/787
f 755/775/756 756/776/757 789/809/789
f 757/777/758 790/811/791 789/809/789
f 757/777/758 766/786/767 791/810/790
f 766/786/767 758/778/759 792/812/792
f 759/780/761 793/813/793 792/812/792
f 760/779/760 794/814/794 793/813/793
f 767/787/768 795/816/796 794/814/794
f 767/787/768 761/782/763 796/815/795
f 762/781/762 797/817/797 796/815/795
f 763/783/764 798/819/799 797/817/797
f 763/783/764 764/784/765 799/818/798
f 764/784/765 765/785/766 800/820/800
f 768/755/737 769/788/769 800/820/800
f 769/788/769 770/789/770 802/821/801
f 770/789/770 771/791/772 803/823/803
f 771/791/772 772/790/771 804/824/804
f 772/790/771 773/792/773 805/825/805
f 774/794/775 806/826/806 805/825/805
f 775/793/774 807/827/807 806/826/806
f 776/795/776 808/1148/809 807/827/807
f 776/797/776 777/796/777 809/828/808
f 777/796/777 778/798/778 810/830/810
f 778/798/778 779/800/780 811/831/811
f 779/800/780 780/799/779 812/832/812
f 780/799/779 781/801/781 813/833/813
f 782/803/783 814/834/814 813/833/813
f 783/802/782 815/835/815 814/834/814
f 784/804/784 816/836/816 815/835/815
f 785/805/785 817/838/818 816/836/816
f 785/805/785 786/806/786 818/837/817
f 786/806/786 787/808/788 819/839/819
f 787/808/788 788/807/787 820/840/820
f 788/807/787 789/809/789 821/841/821
f 790/811/791 822/842/822 821/841/821
f 791/810/790 823/843/823 822/842/822
f 792/812/792 824/844/824 823/843/823
f 793/813/793 825/846/826 824/844/824
f 793/813/793 794/814/794 826/845/825
f 794/814/794 795/816/796 827/847/827
f 795/816/796 796/815/795 828/848/828
f 797/817/797 829/849/829 828/848/828
f 798/819/799 830/850/830 829/849/829
f 799/818/798 831/851/831 830/850/830
f 800/820/800 832/852/832 831/851/831
f 800/820/800 769/788/769 801/822/802
f 802/853/801 834/857/835 833/854/833
f 802/853/801 803/859/803 835/856/834
f 804/858/804 836/861/836 835/856/834
f 805/860/805 837/863/838 836/861/836
f 805/860/805 806/865/806 838/862/837
f 807/864/807 839/867/840 838/862/837
f 807/864/807 808/869/809 840/866/839
f 809/868/808 841/871/841 840/866/839
f 810/870/810 842/873/843 841/871/841
f 810/870/810 811/875/811 843/872/842
f 812/874/812 844/877/844 843/872/842
f 813/876/813 845/879/846 844/877/844
f 813/876/813 814/881/814 846/878/845
f 815/880/815 847/883/848 846/878/845
f 815/880/815 816/884/816 848/882/847
f 816/884/816 817/887/818 849/885/849
f 818/886/817 850/889/851 849/885/849
f 818/886/817 819/891/819 851/888/850
f 820/890/820 852/893/852 851/888/850
f 821/892/821 853/895/854 852/893/852
f 821/892/821 822/897/822 854/894/853
f 823/896/823 855/899/856 854/894/853
f 823/896/823 824/900/824 856/898/855
f 824/900/824 825/903/826 857/901/857
f 826/902/825 858/905/859 857/901/857
f 826/902/825 827/907/827 859/904/858
f 828/906/828 860/909/860 859/904/858
f 829/908/829 861/911/862 860/909/860
f 829/908/829 830/913/830 862/910/861
f 831/912/831 863/915/864 862/910/861
f 831/912/831 832/916/832 864/914/863
f 832/916/832 801/855/802 833/854/833
f 834/857/835 866/918/866 865/917/865
f 835/856/834 867/919/867 866/918/866
f 836/861/836 868/921/869 867/919/867
f 836/861/836 837/863/838 869/920/868
f 838/862/837 870/923/871 869/920/868
f 838/862/837 839/867/840 871/922/870
f 839/867/840 840/866/839 872/924/872
f 840/866/839 841/871/841 873/925/873
f 842/873/843 874/926/874 873/925/873
f 843/872/842 875/928/876 874/926/874
f 843/872/842 844/877/844 876/927/875
f 844/877/844 845/879/846 877/929/877
f 846/878/845 878/931/879 877/929/877
f 846/878/845 847/883/848 879/930/878
f 847/883/848 848/882/847 880/932/880
f 849/885/849 881/933/881 880/932/880
f 850/889/851 882/934/882 881/933/881
f 851/888/850 883/936/884 882/934/882
f 851/888/850 852/893/852 884/935/883
f 853/895/854 885/937/885 884/935/883
f 854/894/853 886/939/887 885/937/885
f 854/894/853 855/899/856 887/938/886
f 855/899/856 856/898/855 888/940/888
f 857/901/857 889/941/889 888/940/888
f 858/905/859 890/943/891 889/941/889
f 858/905/859 859/904/858 891/942/890
f 860/909/860 892/945/893 891/942/890
f 860/909/860 861/911/862 893/944/892
f 862/910/861 894/947/895 893/944/892
f 862/910/861 863/915/864 895/946/894
f 863/915/864 864/914/863 896/948/896
f 864/914/863 833/854/833 865/917/865
f 865/917/865 866/918/866 898/949/897
f 866/918/866 867/919/867 899/951/899
f 867/919/867 868/921/869 900/952/900
f 869/920/868 901/953/901 900/952/900
f 870/923/871 902/954/902 901/953/901
f 871/922/870 903/955/903 902/954/902
f 872/924/872 904/957/905 903/955/903
f 872/924/872 873/925/873 905/956/904
f 873/925/873 874/926/874 906/958/906
f 874/926/874 875/928/876 907/959/907
f 875/928/876 876/927/875 908/960/908
f 877/929/877 909/961/909 908/960/908
f 878/931/879 910/962/910 909/961/909
f 879/930/878 911/963/911 910/962/910
f 880/932/880 912/965/913 911/963/911
f 880/932/880 881/933/881 913/964/912
f 881/933/881 882/934/882 914/966/914
f 882/934/882 883/936/884 915/967/915
f 883/936/884 884/935/883 916/968/916
f 884/935/883 885/937/885 917/969/917
f 886/939/887 918/970/918 917/969/917
f 887/938/886 919/971/919 918/970/918
f 888/940/888 920/973/921 919/971/919
f 888/940/888 889/941/889 921/972/920
f 889/941/889 890/943/891 922/974/922
f 890/943/891 891/942/890 923/975/923
f 891/942/890 892/945/893 924/976/924
f 893/944/892 925/977/925 924/976/924
f 894/947/895 926/978/926 925/977/925
f 895/946/894 927/979/927 926/978/926
f 896/948/896 928/980/928 927/979/927
f 896/948/896 865/917/865 897/950/898
f 898/949/897 930/982/930 929/981/929
f 899/951/899 931/983/931 930/982/930
f 900/952/900 932/984/932 931/983/931
f 901/953/901 933/986/934 932/984/932
f 901/953/901 902/954/902 934/985/933
f 902/954/902 903/955/903 935/987/935
f 903/955/903 904/957/905 936/988/936
f 904/957/905 905/956/904 937/989/937
f 906/958/906 938/990/938 937/989/937
f 907/959/907 939/991/939 938/990/938
f 908/960/908 940/993/941 939/991/939
f 908/960/908 909/961/909 941/992/940
f 909/961/909 910/962/910 942/994/942
f 910/962/910 911/963/911 943/995/943
f 911/963/911 912/965/913 944/996/944
f 913/964/912 945/997/945 944/996/944
f 914/966/914 946/998/946 945/997/945
f 915/967/915 947/999/947 946/998/946
f 916/968/916 948/1000/948 947/999/947
f 917/969/917 949/1002/950 948/1000/948
f 917/969/917 918/970/918 950/1001/949
f 918/970/918 919/971/919 951/1003/951
f 919/971/919 920/973/921 952/1004/952
f 921/972/920 953/1005/953 952/1004/952
f 922/974/922 954/1006/954 953/1005/953
f 923/975/923 955/1007/955 954/1006/954
f 924/976/924 956/1009/957 955/1007/955
f 924/976/924 925/977/925 957/1008/956
f 925/977/925 926/978/926 958/1010/958
f 926/978/926 927/979/927 959/1011/959
f 927/979/927 928/980/928 960/1012/960
f 928/980/928 897/950/898 929/981/929
f 929/981/929 930/982/930 962/1013/961
f 930/982/930 931/983/931 963/1015/963
f 931/983/931 932/984/932 964/1016/883
f 932/984/932 933/986/934 965/1017/964
f 934/985/933 966/1018/965 965/1017/964
f 935/987/935 989/1019/966 966/1018/965
f 936/988/936 967/1021/968 989/1019/966
f 936/988/936 937/989/937 968/1020/967
f 937/989/937 938/990/938 969/1022/969
f 938/990/938 939/991/939 970/1023/890
f 939/991/939 940/993/941 990/1024/970
f 941/992/940 971/1025/971 990/1024/970
f 942/994/942 972/1026/972 971/1025/971
f 943/995/943 973/1027/973 972/1026/972
f 944/996/944 974/1028/974 973/1027/973
f 945/997/945 975/1030/976 974/1028/974
f 945/997/945 946/998/946 988/1029/975
f 946/998/946 947/999/947 976/1031/977
f 947/999/947 948/1000/948 977/1032/978
f 948/1000/948 949/1002/950 978/1033/979
f 950/1001/949 979/1034/980 978/1033/979
f 951/1003/951 980/1035/981 979/1034/980
f 952/1004/952 981/1036/982 980/1035/981
f 953/1005/953 982/1038/983 981/1036/982
f 953/1005/953 954/1006/954 983/1037/874
f 954/1006/954 955/1007/955 984/1039/984
f 955/1007/955 956/1009/957 985/1040/985
f 956/1009/957 957/1008/956 991/1041/986
f 958/1010/958 986/1042/987 991/1041/986
f 959/1011/959 987/1043/988 986/1042/987
f 960/1012/960 992/1044/989 987/1043/988
f 929/981/929 961/1014/962 992/1044/989
f 992/1044/989 991/1041/986 986/1042/987
f 984/1039/984 985/1040/985 991/1041/986
f 991/1041/986 983/1037/874 984/1039/984
f 991/1041/986 982/1038/983 983/1037/874
f 981/1036/982 982/1038/983 991/1041/986
f 980/1035/981 981/1036/982 991/1041/986
f 991/1041/986 988/1029/975 979/1034/980
f 988/1029/975 978/1033/979 979/1034/980
f 977/1032/978 978/1033/979 988/1029/975
f 976/1031/977 977/1032/978 988/1029/975
f 974/1028/974 975/1030/976 988/1029/975
f 973/1027/973 974/1028/974 988/1029/975
f 988/1029/975 990/1024/970 972/1026/972
f 990/1024/970 971/1025/971 972/1026/972
f 989/1019/966 969/1022/969 970/1023/890
f 989/1019/966 968/1020/967 969/1022/969
f 989/1019/966 967/1021/968 968/1020/967
f 989/1019/966 965/1017/964 966/1018/965
f 989/1019/966 964/1016/883 965/1017/964
f 963/1015/963 964/1016/883 989/1019/966
f 992/1044/989 962/1013/961 963/1015/963
f 992/1044/989 961/1014/962 962/1013/961
f 989/1019/966 988/1029/975 992/1044/989
f 993/1102/1046 1049/1057/1002 1032/1059/1004
f 993/1102/1046 1033/1081/1026 994/1104/1105
f 995/1045/990 997/1074/1019 998/1046/991
f 1017/1048/993 1044/1096/1041 1019/1049/994
f 1007/1051/996 1009/1076/1021 1010/1052/997
f 1047/1054/999 1029/1078/1023 1030/1055/1000
f 1013/1090/1035 1012/1099/1044 1040/1098/1043
f 1049/1057/1002 1050/1122/1104 1031/1058/1003
f 1000/1063/1008 1036/1083/1028 1002/1064/1009
f 1004/1066/1011 1038/1087/1032 1006/1067/1012
f 1027/1094/1039 1026/1101/1045 1046/1143/1033
f 1042/1069/1014 1043/1097/1042 1016/1070/1015
f 1019/1049/994 1044/1096/1041 1020/1072/1017
f 997/1074/1019 1035/1095/1040 999/1075/1020
f 1009/1076/1021 1039/1089/1034 1011/1077/1022
f 1040/1098/1043 1041/1091/1036 1014/1092/1037
f 1051/1080/1025 994/1104/1105 1033/1081/1026
f 1051/1080/1025 1034/1082/1027 995/1045/990
f 1036/1083/1028 1037/1093/1038 1003/1084/1029
f 1023/1062/1007 1045/1061/1006 1024/1085/1030
f 1038/1087/1032 1007/1051/996 1008/1053/998
f 1016/1070/1015 1043/1097/1042 1017/1048/993
f 999/1075/1020 1035/1095/1040 1000/1063/1008
f 1021/1073/1018 1020/1072/1017 1022/1060/1005
f 1039/1089/1034 1012/1099/1044 1013/1090/1035
f 1048/1079/1024 1031/1058/1003 1050/1122/1104
f 1041/1091/1036 1042/1069/1014 1015/1071/1016
f 1037/1093/1038 1004/1066/1011 1005/1068/1013
f 1024/1085/1030 1026/1101/1045 1027/1094/1039
f 265/467/454 264/468/455 1000/1063/1008
f 261/470/457 1004/1066/1011 1037/1093/1038
f 259/474/461 1007/1051/996 1038/1087/1032
f 242/489/476 1029/1078/1023 1047/1054/999
f 263/469/456 262/471/458 1037/1093/1038
f 241/491/478 240/492/479 1031/1058/1003
f 249/483/470 1020/1072/1017 1044/1096/1041
f 251/482/469 1017/1048/993 1043/1097/1042
f 267/466/453 995/1045/990 1034/1082/1027
f 241/491/478 1048/1079/1024 1029/1078/1023
f 226/493/480 993/1102/1046 1032/1059/1004
f 260/472/459 1038/1087/1032 1004/1066/1011
f 258/473/460 1009/1076/1021 1007/1051/996
f 252/480/467 1043/1097/1042 1042/1069/1014
f 250/481/468 1044/1096/1041 1017/1048/993
f 246/487/474 1024/1085/1030 1045/1061/1006
f 256/476/463 1012/1099/1044 1039/1089/1034
f 245/486/473 1026/1101/1045 1024/1085/1030
f 267/466/453 266/465/452 997/1074/1019
f 244/488/475 243/490/477 1047/1054/999
f 254/479/466 253/478/465 1042/1069/1014
f 225/366/356 1032/1059/1004 1031/1058/1003
f 255/477/464 254/479/466 1041/1091/1036
f 248/484/471 1022/1060/1005 1020/1072/1017
f 257/475/462 1039/1089/1034 1009/1076/1021
f 255/477/464 1040/1098/1043 1012/1099/1044
f 248/484/471 247/485/472 1045/1061/1006
f 244/1100/475 1046/1143/1033 1026/1101/1045
f 239/463/450 268/464/451 1034/1082/1027
f 265/467/454 1035/1095/1040 997/1074/1019
f 263/469/456 1036/1083/1028 1000/1063/1008
f 226/493/480 239/463/450 1033/1081/1026
f 1084/1103/1047 1052/1102/1106 1054/1104/1048
f 1058/1065/1050 1059/1064/1111 1087/1106/1051
f 1056/1046/1053 1057/1075/1103 1089/1108/1054
f 1085/1105/1049 1054/1104/1048 1053/1080/1056
f 1077/1094/1058 1078/1143/1078 1092/1111/1059
f 1074/1060/1061 1075/1062/1110 1094/1113/1062
f 1095/1115/1064 1066/1090/1109 1067/1098/1065
f 1097/1117/1067 1064/1052/1090 1065/1077/1068
f 1073/1073/1070 1074/1060/1061 1093/1114/1063
f 1096/1116/1066 1067/1098/1065 1068/1120/1072
f 1083/1122/1074 1082/1137/1094 1102/1123/1075
f 1068/1120/1072 1069/1071/1112 1103/1125/1077
f 1078/1088/1078 1079/1056/1101 1104/1126/1079
f 1055/1047/1080 1056/1046/1053 1088/1109/1055
f 1076/1129/1082 1077/1094/1058 1091/1112/1060
f 1065/1077/1068 1066/1090/1109 1095/1115/1064
f 1094/1113/1062 1075/1062/1110 1076/1129/1082
f 1107/1131/1084 1071/1141/1107 1072/1049/1085
f 1103/1125/1077 1069/1071/1112 1070/1070/1087
f 1110/1134/1089 1063/1053/1102 1064/1052/1090
f 1061/1068/1091 1062/1142/1108 1112/1135/1092
f 1082/1137/1094 1052/1102/1106 1084/1103/1047
f 1080/1055/1095 1081/1079/1098 1114/1138/1096
f 1053/1080/1056 1055/1047/1080 1105/1128/1081
f 1070/1070/1087 1071/1141/1107 1107/1131/1084
f 1072/1049/1085 1073/1073/1070 1099/1119/1071
f 1081/1079/1098 1083/1122/1074 1101/1124/1076
f 1087/1106/1051 1059/1064/1111 1060/1084/1099
f 1079/1056/1101 1080/1055/1095 1113/1139/1097
f 1112/1135/1092 1062/1142/1108 1063/1053/1102
f 1060/1084/1099 1061/1068/1091 1111/1136/1093
f 1057/1075/1103 1058/1065/1050 1086/1107/1052
f 993/1102/1046 1052/1102/1106 1082/1137/1094
f 1049/1057/1002 1082/1137/1094 1083/1122/1074
f 994/1104/1105 1051/1080/1025 1053/1080/1056
f 993/1102/1046 994/1104/1105 1054/1104/1048
f 996/1047/992 998/1046/991 1056/1046/1053
f 996/1047/992 1055/1047/1080 1053/1080/1056
f 999/1075/1020 1057/1075/1103 1056/1046/1053
f 1018/1050/995 1019/1049/994 1072/1049/1085
f 1018/1050/995 1071/1141/1107 1070/1070/1087
f 1021/1073/1018 1073/1073/1070 1072/1049/1085
f 1008/1053/998 1010/1052/997 1064/1052/1090
f 1006/1067/1012 1008/1053/998 1063/1053/1102
f 1010/1052/997 1011/1077/1022 1065/1077/1068
f 1030/1055/1000 1080/1055/1095 1079/1056/1101
f 1028/1056/1001 1079/1056/1101 1078/1088/1078
f 1048/1079/1024 1081/1079/1098 1080/1055/1095
f 1013/1090/1035 1040/1098/1043 1067/1098/1065
f 1013/1090/1035 1066/1090/1109 1065/1077/1068
f 1014/1092/1037 1068/1120/1072 1067/1098/1065
f 1050/1122/1104 1083/1122/1074 1081/1079/1098
f 1023/1062/1007 1075/1062/1110 1074/1060/1061
f 1022/1060/1005 1074/1060/1061 1073/1073/1070
f 1025/1086/1031 1076/1129/1082 1075/1062/1110
f 1002/1064/1009 1059/1064/1111 1058/1065/1050
f 1001/1065/1010 1058/1065/1050 1057/1075/1103
f 1003/1084/1029 1060/1084/1099 1059/1064/1111
f 1006/1067/1012 1062/1142/1108 1061/1068/1091
f 1003/1084/1029 1005/1068/1013 1061/1068/1091
f 1046/1143/1033 1078/1143/1078 1077/1094/1058
f 1025/1086/1031 1027/1094/1039 1077/1094/1058
f 1015/1071/1016 1016/1070/1015 1070/1070/1087
f 1014/1092/1037 1015/1071/1016 1069/1071/1112
f 1117/3/1113 1119/61/1114 1116/1/1115
f 1121/5/1116 1123/4/1117 1120/6/1118
f 1124/8/1119 1121/5/1116 1120/6/1118
f 1126/9/1120 1125/7/1121 1124/8/1119
f 1128/11/1122 1127/10/1123 1126/9/1120
f 1131/12/1124 1128/11/1122 1130/13/1125
f 1130/14/1125 1133/15/1126 1131/90/1124
f 1134/17/1127 1133/15/1126 1132/16/332
f 1137/18/1128 1134/17/1127 1136/19/1129
f 1139/21/1130 1136/19/1129 1138/20/1131
f 1140/22/1132 1139/21/1130 1138/20/1131
f 1142/24/1133 1141/83/1134 1140/22/1132
f 1144/26/1135 1143/23/1136 1142/24/1133
f 1146/27/1137 1145/25/1138 1144/26/1135
f 1146/27/1137 1149/30/1139 1147/28/1140
f 1148/29/1141 1151/33/1142 1149/30/1139
f 1153/34/1143 1150/31/1144 1152/32/1145
f 1154/35/1146 1153/34/1143 1152/32/1145
f 1156/38/1147 1155/36/1148 1154/35/1146
f 1158/39/1149 1157/37/1150 1156/38/1147
f 1160/41/1151 1159/40/1152 1158/39/1149
f 1162/43/1153 1161/73/1154 1160/41/1151
f 1165/44/1155 1162/43/1153 1164/45/1156
f 1166/47/1157 1165/44/1155 1164/45/1156
f 1169/48/1158 1166/47/1157 1168/49/1159
f 1171/51/1160 1168/49/1159 1170/50/1161
f 1170/50/1161 1173/53/1162 1171/51/1160
f 1174/54/1163 1173/53/1162 1172/52/1164
f 1174/54/1163 1177/59/1165 1175/55/1166
f 1122/57/1167 1117/3/1113 1123/4/1117
f 1178/58/1168 1177/59/1165 1176/56/1169
f 1119/61/1114 1178/58/1168 1116/1/1115
f 1179/60/1170 1181/62/1171 1180/63/1172
f 1182/64/1173 1179/60/1170 1180/63/1172
f 1183/65/1174 1177/59/1165 1182/64/1173
f 1173/53/1162 1183/65/1174 1184/66/1175
f 1171/51/1160 1184/66/1175 1185/67/1176
f 1186/68/1177 1171/51/1160 1185/67/1176
f 1187/69/1178 1169/48/1158 1186/68/1177
f 1165/44/1155 1187/69/1178 1188/70/1179
f 1163/42/1180 1188/70/1179 1189/71/1181
f 1190/72/1182 1163/42/1180 1189/71/1181
f 1191/74/1183 1161/73/1154 1190/72/1182
f 1157/37/1150 1191/74/1183 1192/75/1184
f 1155/36/1148 1192/75/1184 1193/76/1185
f 1194/77/1186 1155/36/1148 1193/76/1185
f 1195/78/1187 1153/34/1143 1194/77/1186
f 1149/30/1139 1195/78/1187 1196/79/1188
f 1147/28/1140 1196/79/1188 1197/80/1189
f 1198/81/1190 1147/28/1140 1197/80/1189
f 1199/82/1191 1145/25/1138 1198/81/1190
f 1141/83/1134 1199/82/1191 1200/84/1192
f 1139/21/1130 1200/84/1192 1201/85/1193
f 1202/86/1194 1139/21/1130 1201/85/1193
f 1203/87/1195 1137/18/1128 1202/86/1194
f 1133/15/1126 1203/87/1195 1204/89/1196
f 1131/90/1124 1204/89/1196 1205/91/1197
f 1206/92/1198 1131/12/1124 1205/119/1197
f 1127/10/1123 1206/92/1198 1207/94/1199
f 1125/7/1121 1207/94/1199 1208/95/1200
f 1209/96/1201 1125/7/1121 1208/95/1200
f 1210/97/1202 1121/5/1116 1209/96/1201
f 1119/61/1114 1211/98/1203 1181/62/1171
f 1211/98/1203 1122/57/1167 1210/97/1202
f 1181/62/1171 1213/100/1204 1180/63/1172
f 1182/64/1173 1213/100/1204 1214/101/1205
f 1183/65/1174 1214/101/1205 1215/223/1206
f 1183/65/1174 1216/102/1207 1184/66/1175
f 1185/67/1176 1216/102/1207 1217/103/1208
f 1186/68/1177 1217/103/1208 1218/104/1209
f 1187/69/1178 1218/104/1209 1219/224/1210
f 1187/69/1178 1220/105/1211 1188/70/1179
f 1188/70/1179 1221/106/1212 1189/71/1181
f 1190/72/1182 1221/106/1212 1222/107/1213
f 1190/72/1182 1223/225/1214 1191/74/1183
f 1191/74/1183 1224/108/1215 1192/75/1184
f 1193/76/1185 1224/108/1215 1225/109/1216
f 1194/77/1186 1225/109/1216 1226/110/1217
f 1195/78/1187 1226/110/1217 1227/226/1218
f 1195/78/1187 1228/111/1219 1196/79/1188
f 1196/79/1188 1229/112/1220 1197/80/1189
f 1198/81/1190 1229/112/1220 1230/113/1221
f 1199/82/1191 1230/113/1221 1231/227/1222
f 1199/82/1191 1232/114/1223 1200/84/1192
f 1201/85/1193 1232/114/1223 1233/115/1224
f 1202/86/1194 1233/115/1224 1234/116/1225
f 1203/87/1195 1234/116/1225 1235/228/1226
f 1203/87/1195 1236/117/1227 1204/89/1196
f 1204/89/1196 1237/229/1228 1205/91/1197
f 1206/92/1198 1237/118/1228 1238/120/1229
f 1207/94/1199 1238/120/1229 1239/230/1230
f 1211/98/1203 1240/121/1231 1241/129/1232
f 1243/123/1233 1245/122/1234 1242/124/1235
f 1207/94/1199 1246/125/1236 1208/95/1200
f 1208/95/1200 1247/126/1237 1209/96/1201
f 1210/97/1202 1247/126/1237 1240/121/1231
f 1248/128/1238 1244/183/1239 1249/127/1240
f 1211/98/1203 1212/99/1241 1181/62/1171
f 1241/129/1232 1243/123/1233 1242/124/1235
f 1251/131/1242 1253/130/1243 1250/132/1244
f 1250/132/1244 1255/133/1245 1254/134/1246
f 1256/135/1247 1255/133/1245 1257/137/1248
f 1258/136/1249 1257/137/1248 1259/188/1250
f 1258/136/1249 1261/138/1251 1260/139/1252
f 1260/139/1252 1263/140/1253 1262/141/1254
f 1262/141/1254 1265/142/1255 1264/143/1256
f 1266/144/1257 1265/142/1255 1267/194/1258
f 1266/144/1257 1269/145/1259 1268/146/1260
f 1268/146/1260 1271/147/1261 1270/148/1262
f 1272/149/1263 1271/147/1261 1273/151/1264
f 1274/150/1265 1273/151/1264 1275/198/1266
f 1274/150/1265 1277/152/1267 1276/153/1268
f 1276/153/1268 1279/154/1269 1278/155/1270
f 1278/155/1270 1281/156/1271 1280/157/1272
f 1282/158/1273 1281/156/1271 1283/204/1274
f 1284/160/1275 1283/204/1274 1285/159/1276
f 1284/160/1275 1287/161/1277 1286/162/1278
f 1288/163/1279 1287/161/1277 1289/165/1280
f 1290/164/1281 1289/165/1280 1291/209/1282
f 1290/164/1281 1293/166/1283 1292/167/1284
f 1292/167/1284 1295/168/1285 1294/169/1286
f 1294/169/1286 1297/170/1287 1296/171/1288
f 1298/172/1289 1297/170/1287 1299/213/1290
f 1298/172/1289 1301/173/1291 1300/174/1292
f 1300/176/1292 1303/175/1293 1302/177/1294
f 1304/178/1295 1303/175/1293 1305/180/1296
f 1306/179/1297 1305/180/1296 1307/219/1298
f 1306/179/1297 1309/181/1299 1308/182/1300
f 1308/182/1300 1244/183/1239 1243/123/1233
f 1251/131/1242 1245/122/1234 1252/222/1301
f 1310/185/1302 1252/222/1301 1311/184/1303
f 1255/133/1245 1310/185/1302 1312/186/1304
f 1257/137/1248 1312/186/1304 1313/187/1305
f 1314/189/1306 1257/137/1248 1313/187/1305
f 1315/190/1307 1259/188/1250 1314/189/1306
f 1316/191/1308 1261/138/1251 1315/190/1307
f 1265/142/1255 1316/191/1308 1317/192/1309
f 1267/194/1258 1317/192/1309 1318/193/1310
f 1269/145/1259 1318/193/1310 1319/195/1311
f 1271/147/1261 1319/195/1311 1320/196/1312
f 1321/197/1313 1271/147/1261 1320/196/1312
f 1322/199/1314 1273/151/1264 1321/197/1313
f 1323/200/1315 1275/198/1266 1322/199/1314
f 1279/154/1269 1323/200/1315 1324/201/1316
f 1325/202/1317 1279/154/1269 1324/201/1316
f 1283/204/1274 1325/202/1317 1326/203/1318
f 1327/205/1319 1283/204/1274 1326/203/1318
f 1287/161/1277 1327/205/1319 1328/206/1320
f 1329/207/1321 1287/161/1277 1328/206/1320
f 1291/209/1282 1329/207/1321 1330/208/1322
f 1293/166/1283 1330/208/1322 1331/210/1323
f 1332/211/1324 1293/166/1283 1331/210/1323
f 1333/212/1325 1295/168/1285 1332/211/1324
f 1334/214/1326 1297/170/1287 1333/212/1325
f 1335/215/1327 1299/213/1290 1334/214/1326
f 1303/175/1293 1335/216/1327 1336/217/1328
f 1305/180/1296 1336/217/1328 1337/218/1329
f 1338/220/1330 1305/180/1296 1337/218/1329
f 1339/221/1331 1307/219/1298 1338/220/1330
f 1244/183/1239 1339/221/1331 1249/127/1240
f 1252/222/1301 1248/128/1238 1311/184/1303
f 1212/99/1241 1250/132/1244 1213/100/1204
f 1213/100/1204 1254/134/1246 1214/101/1205
f 1214/101/1205 1256/135/1247 1215/223/1206
f 1216/102/1207 1256/135/1247 1258/136/1249
f 1217/103/1208 1258/136/1249 1260/139/1252
f 1217/103/1208 1262/141/1254 1218/104/1209
f 1219/224/1210 1262/141/1254 1264/143/1256
f 1220/105/1211 1264/143/1256 1266/144/1257
f 1221/106/1212 1266/144/1257 1268/146/1260
f 1221/106/1212 1270/148/1262 1222/107/1213
f 1222/107/1213 1272/149/1263 1223/225/1214
f 1224/108/1215 1272/149/1263 1274/150/1265
f 1225/109/1216 1274/150/1265 1276/153/1268
f 1225/109/1216 1278/155/1270 1226/110/1217
f 1227/226/1218 1278/155/1270 1280/157/1272
f 1228/111/1219 1280/157/1272 1282/158/1273
f 1228/111/1219 1284/160/1275 1229/112/1220
f 1229/112/1220 1286/162/1278 1230/113/1221
f 1230/113/1221 1288/163/1279 1231/227/1222
f 1232/114/1223 1288/163/1279 1290/164/1281
f 1232/114/1223 1292/167/1284 1233/115/1224
f 1233/115/1224 1294/169/1286 1234/116/1225
f 1235/228/1226 1294/169/1286 1296/171/1288
f 1236/117/1227 1296/171/1288 1298/172/1289
f 1236/117/1227 1300/174/1292 1237/229/1228
f 1237/118/1228 1302/177/1294 1238/120/1229
f 1239/230/1230 1302/177/1294 1304/178/1295
f 1246/125/1236 1304/178/1295 1306/179/1297
f 1246/125/1236 1308/182/1300 1247/126/1237
f 1247/126/1237 1243/123/1233 1240/121/1231
f 1212/99/1241 1242/124/1235 1251/131/1242
f 1248/128/1238 1343/271/1332 1342/231/1333
f 1342/231/1333 1345/232/1334 1344/233/1335
f 1345/232/1334 1347/234/1336 1344/233/1335
f 1347/234/1336 1349/368/1337 1348/235/1338
f 1348/235/1338 1340/237/1339 1341/238/1340
f 1310/185/1302 1381/241/1341 1380/242/1342
f 1312/186/1304 1380/242/1342 1382/243/1343
f 1313/187/1305 1382/243/1343 1383/244/1344
f 1384/245/1345 1313/187/1305 1383/244/1344
f 1315/190/1307 1384/245/1345 1385/246/1346
f 1316/191/1308 1385/246/1346 1386/247/1347
f 1387/248/1348 1316/191/1308 1386/247/1347
f 1318/193/1310 1387/248/1348 1388/249/1349
f 1319/195/1311 1388/249/1349 1389/250/1350
f 1390/251/1351 1319/195/1311 1389/250/1350
f 1391/252/1352 1320/196/1312 1390/251/1351
f 1392/253/1353 1321/197/1313 1391/252/1352
f 1393/254/1354 1322/199/1314 1392/253/1353
f 1324/201/1316 1393/254/1354 1394/255/1355
f 1325/202/1317 1394/255/1355 1395/256/1356
f 1326/203/1318 1395/256/1356 1396/257/1357
f 1327/205/1319 1396/257/1357 1397/258/1358
f 1328/206/1320 1397/258/1358 1398/259/1359
f 1329/207/1321 1398/259/1359 1399/260/1360
f 1400/261/1361 1329/207/1321 1399/260/1360
f 1331/210/1323 1400/261/1361 1401/262/1362
f 1402/263/1363 1331/210/1323 1401/262/1362
f 1403/264/1364 1332/211/1324 1402/263/1363
f 1334/214/1326 1403/264/1364 1404/265/1365
f 1405/266/1366 1334/214/1326 1404/265/1365
f 1336/217/1328 1405/298/1366 1406/267/1367
f 1337/218/1329 1406/267/1367 1407/268/1368
f 1338/220/1330 1407/268/1368 1408/269/1369
f 1339/221/1331 1408/269/1369 1409/270/1370
f 1343/271/1332 1339/221/1331 1409/270/1370
f 1311/184/1303 1342/231/1333 1381/241/1341
f 1410/272/1371 1381/241/1341 1411/302/1372
f 1412/273/1373 1380/242/1342 1410/272/1371
f 1413/274/1374 1382/243/1343 1412/273/1373
f 1414/275/1375 1383/244/1344 1413/274/1374
f 1415/276/1376 1384/245/1345 1414/275/1375
f 1386/247/1347 1415/276/1376 1416/277/1377
f 1387/248/1348 1416/277/1377 1417/278/1378
f 1388/249/1349 1417/278/1378 1418/279/1379
f 1419/280/1380 1388/249/1349 1418/279/1379
f 1390/251/1351 1419/280/1380 1420/281/1381
f 1421/282/1382 1390/251/1351 1420/281/1381
f 1422/283/1383 1391/252/1352 1421/282/1382
f 1393/254/1354 1422/283/1383 1423/284/1384
f 1394/255/1355 1423/284/1384 1424/285/1385
f 1395/256/1356 1424/285/1385 1425/286/1386
f 1396/257/1357 1425/286/1386 1426/287/1387
f 1427/288/1388 1396/257/1357 1426/287/1387
f 1428/289/1389 1397/258/1358 1427/288/1388
f 1429/290/1390 1398/259/1359 1428/289/1389
f 1430/291/1391 1399/260/1360 1429/290/1390
f 1401/262/1362 1430/291/1391 1431/292/1392
f 1402/263/1363 1431/292/1392 1432/293/1393
f 1433/294/1394 1402/263/1363 1432/293/1393
f 1434/295/1395 1403/264/1364 1433/294/1394
f 1435/296/1396 1404/265/1365 1434/295/1395
f 1406/267/1367 1435/326/1396 1436/297/1397
f 1437/299/1398 1406/267/1367 1436/297/1397
f 1438/300/1399 1407/268/1368 1437/299/1398
f 1439/301/1400 1408/269/1369 1438/300/1399
f 1343/271/1332 1439/301/1400 1345/232/1334
f 1381/241/1341 1344/233/1335 1411/302/1372
f 1410/272/1371 1440/332/1401 1441/303/1402
f 1412/273/1373 1441/303/1402 1442/304/1403
f 1413/274/1374 1442/304/1403 1443/305/1404
f 1414/275/1375 1443/305/1404 1444/306/1405
f 1414/275/1375 1445/337/1406 1415/276/1376
f 1415/276/1376 1446/307/1407 1416/277/1377
f 1416/277/1377 1447/308/1408 1417/278/1378
f 1417/278/1378 1448/309/1409 1418/279/1379
f 1419/280/1380 1448/309/1409 1449/310/1410
f 1420/281/1381 1449/310/1410 1450/311/1411
f 1421/282/1382 1450/311/1411 1451/312/1412
f 1422/283/1383 1451/312/1412 1452/345/1413
f 1422/283/1383 1453/313/1414 1423/284/1384
f 1423/284/1384 1454/314/1415 1424/285/1385
f 1424/285/1385 1455/315/1416 1425/286/1386
f 1425/286/1386 1456/316/1417 1426/287/1387
f 1426/287/1387 1457/317/1418 1427/288/1388
f 1428/289/1389 1457/317/1418 1458/318/1419
f 1429/290/1390 1458/318/1419 1459/319/1420
f 1430/291/1391 1459/319/1420 1460/354/1421
f 1430/291/1391 1461/320/1422 1431/292/1392
f 1431/292/1392 1462/321/1423 1432/293/1393
f 1432/293/1393 1463/322/1424 1433/294/1394
f 1433/294/1394 1464/323/1425 1434/295/1395
f 1435/296/1396 1464/323/1425 1465/324/1426
f 1436/297/1397 1465/325/1426 1466/327/1427
f 1437/299/1398 1466/327/1427 1467/328/1428
f 1438/300/1399 1467/328/1428 1468/364/1429
f 1438/300/1399 1469/331/1430 1439/301/1400
f 1439/301/1400 1346/236/1431 1345/232/1334
f 1344/233/1335 1440/332/1401 1411/302/1372
f 1470/333/1432 1440/332/1401 1471/369/1433
f 1442/304/1403 1470/333/1432 1472/334/1434
f 1443/305/1404 1472/334/1434 1473/335/1435
f 1444/306/1405 1473/335/1435 1474/336/1436
f 1475/338/1437 1444/306/1405 1474/336/1436
f 1476/339/1438 1445/337/1406 1475/338/1437
f 1477/340/1439 1446/307/1407 1476/339/1438
f 1448/309/1409 1477/340/1439 1478/341/1440
f 1449/310/1410 1478/341/1440 1479/342/1441
f 1450/311/1411 1479/342/1441 1480/343/1442
f 1451/312/1412 1480/343/1442 1481/344/1443
f 1452/345/1413 1481/344/1443 1482/346/1444
f 1483/347/1445 1452/345/1413 1482/346/1444
f 1484/348/1446 1453/313/1414 1483/347/1445
f 1455/315/1416 1484/348/1446 1485/349/1447
f 1456/316/1417 1485/349/1447 1486/350/1448
f 1487/351/1449 1456/316/1417 1486/350/1448
f 1488/352/1450 1457/317/1418 1487/351/1449
f 1489/353/1451 1458/318/1419 1488/352/1450
f 1460/354/1421 1489/353/1451 1490/355/1452
f 1461/320/1422 1490/355/1452 1491/356/1453
f 1462/321/1423 1491/356/1453 1492/357/1454
f 1493/358/1455 1462/321/1423 1492/357/1454
f 1494/359/1456 1463/322/1424 1493/358/1455
f 1495/360/1457 1464/323/1425 1494/359/1456
f 1496/362/1458 1465/325/1426 1495/361/1457
f 1467/328/1428 1496/362/1458 1497/363/1459
f 1498/365/1460 1467/328/1428 1497/363/1459
f 1469/331/1430 1498/365/1460 1499/367/1461
f 1346/236/1431 1499/367/1461 1349/368/1337
f 1471/369/1433 1347/234/1336 1348/235/1338
f 1470/333/1432 1350/400/1462 1379/370/1463
f 1378/371/1464 1470/333/1432 1379/370/1463
f 1377/372/1465 1472/334/1434 1378/371/1464
f 1474/336/1436 1377/372/1465 1376/373/1466
f 1375/374/1467 1474/336/1436 1376/373/1466
f 1476/339/1438 1375/374/1467 1374/375/1468
f 1373/376/1469 1476/339/1438 1374/375/1468
f 1372/377/1470 1477/340/1439 1373/376/1469
f 1371/378/1471 1478/341/1440 1372/377/1470
f 1480/343/1442 1371/378/1471 1370/379/1472
f 1481/344/1443 1370/379/1472 1369/380/1473
f 1482/346/1444 1369/380/1473 1368/381/1474
f 1483/347/1445 1368/381/1474 1367/382/1475
f 1366/383/1476 1483/347/1445 1367/382/1475
f 1485/349/1447 1366/383/1476 1365/384/1477
f 1364/385/1478 1485/349/1447 1365/384/1477
f 1487/351/1449 1364/385/1478 1363/386/1479
f 1362/387/1480 1487/351/1449 1363/386/1479
f 1361/388/1481 1488/352/1450 1362/387/1480
f 1360/389/1482 1489/353/1451 1361/388/1481
f 1491/356/1453 1360/389/1482 1359/390/1483
f 1492/357/1454 1359/390/1483 1358/391/1484
f 1493/358/1455 1358/391/1484 1357/392/1485
f 1356/393/1486 1493/358/1455 1357/392/1485
f 1495/360/1457 1356/393/1486 1355/394/1487
f 1496/362/1458 1355/395/1487 1354/396/1488
f 1497/363/1459 1354/396/1488 1353/397/1489
f 1498/365/1460 1353/397/1489 1352/398/1490
f 1499/367/1461 1352/398/1490 1351/399/1491
f 1340/237/1339 1499/367/1461 1351/399/1491
f 1350/400/1462 1348/235/1338 1341/238/1340
f 1116/1/1115 1501/495/1492 1117/3/1113
f 1501/495/1492 1123/4/1117 1117/3/1113
f 1123/4/1117 1503/496/1493 1120/6/1118
f 1503/496/1493 1124/8/1119 1120/6/1118
f 1504/498/1494 1126/9/1120 1124/8/1119
f 1126/9/1120 1506/499/1495 1128/11/1122
f 1506/499/1495 1130/13/1125 1128/11/1122
f 1507/501/1496 1132/16/332 1130/14/1125
f 1132/16/332 1509/502/1497 1134/17/1127
f 1509/502/1497 1136/19/1129 1134/17/1127
f 1136/19/1129 1511/504/1498 1138/20/1131
f 1138/20/1131 1512/506/1499 1140/22/1132
f 1512/506/1499 1142/24/1133 1140/22/1132
f 1142/24/1133 1514/507/1500 1144/26/1135
f 1144/26/1135 1515/509/1501 1146/27/1137
f 1515/509/1501 1148/29/1141 1146/27/1137
f 1148/29/1141 1517/511/1502 1150/31/1144
f 1517/511/1502 1152/32/1145 1150/31/1144
f 1152/32/1145 1519/512/1503 1154/35/1146
f 1519/512/1503 1156/38/1147 1154/35/1146
f 1520/514/1504 1158/39/1149 1156/38/1147
f 1158/39/1149 1522/515/1505 1160/41/1151
f 1522/515/1505 1162/43/1153 1160/41/1151
f 1523/517/1506 1164/45/1156 1162/43/1153
f 1164/45/1156 1525/519/1507 1166/47/1157
f 1525/519/1507 1168/49/1159 1166/47/1157
f 1168/49/1159 1527/520/1508 1170/50/1161
f 1527/520/1508 1172/52/1164 1170/50/1161
f 1528/522/1509 1174/54/1163 1172/52/1164
f 1174/54/1163 1530/523/1510 1176/56/1169
f 1530/523/1510 1178/58/1168 1176/56/1169
f 1531/525/1511 1116/1/1115 1178/58/1168
f 1500/494/1512 1533/526/1513 1501/495/1492
f 1533/526/1513 1502/497/1514 1501/495/1492
f 1534/528/1515 1503/496/1493 1502/497/1514
f 1535/529/1516 1504/498/1494 1503/496/1493
f 1504/498/1494 1537/530/1517 1505/500/1518
f 1505/500/1518 1538/532/1519 1506/499/1495
f 1538/532/1519 1507/533/1496 1506/499/1495
f 1539/535/1520 1508/503/1521 1507/501/1496
f 1508/503/1521 1541/536/1522 1509/502/1497
f 1541/536/1522 1510/505/1523 1509/502/1497
f 1542/537/1524 1511/504/1498 1510/505/1523
f 1543/539/1525 1512/506/1499 1511/504/1498
f 1512/506/1499 1545/540/1526 1513/508/1527
f 1513/508/1527 1546/541/1528 1514/507/1500
f 1546/541/1528 1515/509/1501 1514/507/1500
f 1515/509/1501 1548/544/1529 1516/510/1530
f 1516/510/1530 1549/543/1531 1517/511/1502
f 1549/543/1531 1518/513/1532 1517/511/1502
f 1550/545/1533 1519/512/1503 1518/513/1532
f 1551/546/1534 1520/514/1504 1519/512/1503
f 1520/514/1504 1553/547/1535 1521/516/1536
f 1521/516/1536 1554/549/1537 1522/515/1505
f 1554/549/1537 1523/517/1506 1522/515/1505
f 1523/517/1506 1556/552/1538 1524/518/1539
f 1524/518/1539 1557/551/1540 1525/519/1507
f 1557/551/1540 1526/521/1541 1525/519/1507
f 1558/553/1542 1527/520/1508 1526/521/1541
f 1527/520/1508 1560/554/1543 1528/522/1509
f 1528/522/1509 1561/556/1544 1529/524/1545
f 1529/524/1545 1562/557/1546 1530/523/1510
f 1562/557/1546 1531/525/1511 1530/523/1510
f 1563/558/1547 1500/494/1512 1531/525/1511
f 1532/527/1548 1565/559/1549 1533/526/1513
f 1533/526/1513 1566/561/1550 1534/528/1515
f 1566/561/1550 1535/529/1516 1534/528/1515
f 1567/562/1551 1536/531/1552 1535/529/1516
f 1536/531/1552 1569/563/1553 1537/530/1517
f 1569/563/1553 1538/532/1519 1537/530/1517
f 1570/566/1554 1539/565/1520 1538/532/1519
f 1539/535/1520 1572/569/1555 1540/534/1556
f 1540/534/1556 1573/568/1557 1541/536/1522
f 1541/536/1522 1574/570/1558 1542/537/1524
f 1574/570/1558 1543/539/1525 1542/537/1524
f 1575/572/1559 1544/538/1560 1543/539/1525
f 1544/538/1560 1577/573/1561 1545/540/1526
f 1577/573/1561 1546/541/1528 1545/540/1526
f 1578/574/1562 1547/542/1563 1546/541/1528
f 1547/542/1563 1580/577/1564 1548/544/1529
f 1548/544/1529 1581/576/1565 1549/543/1531
f 1549/543/1531 1582/578/1566 1550/545/1533
f 1582/578/1566 1551/546/1534 1550/545/1533
f 1583/580/1567 1552/548/1568 1551/546/1534
f 1552/548/1568 1585/581/1569 1553/547/1535
f 1585/581/1569 1554/549/1537 1553/547/1535
f 1586/582/1570 1555/550/1571 1554/549/1537
f 1587/584/1572 1556/552/1538 1555/550/1571
f 1556/552/1538 1589/585/1573 1557/551/1540
f 1557/551/1540 1590/586/1574 1558/553/1542
f 1590/586/1574 1559/555/1575 1558/553/1542
f 1591/587/1576 1560/554/1543 1559/555/1575
f 1560/554/1543 1593/588/1577 1561/556/1544
f 1593/588/1577 1562/557/1546 1561/556/1544
f 1594/590/1578 1563/558/1547 1562/557/1546
f 1563/558/1547 1564/560/1579 1532/527/1548
f 1596/592/1580 1565/559/1549 1564/560/1579
f 1597/593/1581 1566/561/1550 1565/559/1549
f 1566/561/1550 1599/594/1582 1567/562/1551
f 1599/594/1582 1568/564/1583 1567/562/1551
f 1600/596/1584 1569/563/1553 1568/564/1583
f 1569/563/1553 1602/597/1585 1570/566/1554
f 1570/566/1554 1603/599/1586 1571/1145/1587
f 1571/567/1587 1604/601/1588 1572/569/1555
f 1604/601/1588 1573/568/1557 1572/569/1555
f 1605/602/1589 1574/570/1558 1573/568/1557
f 1574/570/1558 1607/603/1590 1575/572/1559
f 1607/603/1590 1576/571/1591 1575/572/1559
f 1608/605/1592 1577/573/1561 1576/571/1591
f 1577/573/1561 1610/608/1593 1578/574/1562
f 1578/574/1562 1611/607/1594 1579/575/1595
f 1611/607/1594 1580/577/1564 1579/575/1595
f 1612/609/1596 1581/576/1565 1580/577/1564
f 1613/610/1597 1582/578/1566 1581/576/1565
f 1582/578/1566 1615/611/1598 1583/580/1567
f 1615/611/1598 1584/579/1599 1583/580/1567
f 1616/613/1600 1585/581/1569 1584/579/1599
f 1585/581/1569 1618/616/1601 1586/582/1570
f 1586/582/1570 1619/615/1602 1587/584/1572
f 1587/584/1572 1620/617/1603 1588/583/1604
f 1620/617/1603 1589/585/1573 1588/583/1604
f 1621/618/1605 1590/586/1574 1589/585/1573
f 1590/586/1574 1623/619/1606 1591/587/1576
f 1591/587/1576 1624/621/1607 1592/589/1608
f 1624/621/1607 1593/588/1577 1592/589/1608
f 1593/588/1577 1626/622/1609 1594/590/1578
f 1594/590/1578 1627/624/1610 1595/591/1611
f 1627/624/1610 1564/560/1579 1595/591/1611
f 1596/592/1580 1629/625/1612 1597/593/1581
f 1597/593/1581 1630/627/1613 1598/595/1614
f 1630/627/1613 1599/594/1582 1598/595/1614
f 1631/628/1615 1600/596/1584 1599/594/1582
f 1600/596/1584 1633/629/1616 1601/598/1617
f 1633/629/1616 1602/597/1585 1601/598/1617
f 1634/631/1618 1603/599/1586 1602/597/1585
f 1635/632/1619 1604/601/1588 1603/600/1586
f 1604/601/1588 1637/633/1620 1605/602/1589
f 1637/633/1620 1606/604/1621 1605/602/1589
f 1638/635/1622 1607/603/1590 1606/604/1621
f 1639/636/1623 1608/605/1592 1607/603/1590
f 1608/605/1592 1641/638/1624 1609/606/1625
f 1641/638/1624 1610/608/1593 1609/606/1625
f 1642/639/1626 1611/607/1594 1610/608/1593
f 1643/641/1627 1612/609/1596 1611/607/1594
f 1612/609/1596 1645/642/1628 1613/610/1597
f 1613/610/1597 1646/643/1629 1614/612/1630
f 1646/643/1629 1615/611/1598 1614/612/1630
f 1647/644/1631 1616/613/1600 1615/611/1598
f 1616/613/1600 1649/646/1632 1617/614/1633
f 1649/646/1632 1618/616/1601 1617/614/1633
f 1650/647/1634 1619/615/1602 1618/616/1601
f 1651/648/1635 1620/617/1603 1619/615/1602
f 1620/617/1603 1653/651/1636 1621/618/1605
f 1621/618/1605 1654/650/1637 1622/620/1638
f 1654/650/1637 1623/619/1606 1622/620/1638
f 1623/619/1606 1656/653/1639 1624/621/1607
f 1624/621/1607 1657/654/1640 1625/623/1641
f 1657/654/1640 1626/622/1609 1625/623/1641
f 1658/655/1642 1627/624/1610 1626/622/1609
f 1627/624/1610 1628/626/1643 1596/592/1580
f 1628/626/1643 1661/657/1644 1629/625/1612
f 1661/657/1644 1630/627/1613 1629/625/1612
f 1662/659/1645 1631/628/1615 1630/627/1613
f 1631/628/1615 1664/660/1646 1632/630/1647
f 1632/630/1647 1665/662/1648 1633/629/1616
f 1633/629/1616 1666/663/1649 1634/631/1618
f 1634/631/1618 1667/1146/1650 1635/664/1619
f 1635/632/1619 1668/665/1651 1636/634/1652
f 1636/634/1652 1669/667/1653 1637/633/1620
f 1669/667/1653 1638/635/1622 1637/633/1620
f 1670/668/1654 1639/636/1623 1638/635/1622
f 1671/669/1655 1640/637/1656 1639/636/1623
f 1640/637/1656 1673/670/1657 1641/638/1624
f 1641/638/1624 1674/672/1658 1642/639/1626
f 1674/672/1658 1643/641/1627 1642/639/1626
f 1643/641/1627 1676/673/1659 1644/640/1660
f 1644/640/1660 1677/675/1661 1645/642/1628
f 1677/675/1661 1646/643/1629 1645/642/1628
f 1678/676/1662 1647/644/1631 1646/643/1629
f 1679/677/1663 1648/645/1664 1647/644/1631
f 1648/645/1664 1681/678/1665 1649/646/1632
f 1649/646/1632 1682/680/1666 1650/647/1634
f 1650/647/1634 1683/682/1667 1651/648/1635
f 1651/648/1635 1684/681/1668 1652/649/1669
f 1652/649/1669 1685/683/1670 1653/651/1636
f 1685/683/1670 1654/650/1637 1653/651/1636
f 1686/684/1671 1655/652/1672 1654/650/1637
f 1655/652/1672 1688/685/1673 1656/653/1639
f 1656/653/1639 1689/687/1674 1657/654/1640
f 1657/654/1640 1690/688/1675 1658/655/1642
f 1690/688/1675 1659/656/1676 1658/655/1642
f 1691/689/1677 1628/626/1643 1659/656/1676
f 1692/690/1678 1661/657/1644 1660/658/1679
f 1661/657/1644 1694/691/1680 1662/659/1645
f 1662/659/1645 1695/693/1681 1663/661/1682
f 1663/661/1682 1696/694/1683 1664/660/1646
f 1696/694/1683 1665/662/1648 1664/660/1646
f 1697/695/1684 1666/663/1649 1665/662/1648
f 1666/663/1649 1699/696/1685 1667/1146/1650
f 1699/698/1685 1668/665/1651 1667/666/1650
f 1700/699/1686 1669/667/1653 1668/665/1651
f 1669/667/1653 1702/700/1687 1670/668/1654
f 1670/668/1654 1703/702/1688 1671/669/1655
f 1671/669/1655 1704/703/1689 1672/671/1690
f 1704/703/1689 1673/670/1657 1672/671/1690
f 1705/704/1691 1674/672/1658 1673/670/1657
f 1674/672/1658 1707/705/1692 1675/674/1693
f 1675/674/1693 1708/707/1694 1676/673/1659
f 1708/707/1694 1677/675/1661 1676/673/1659
f 1677/675/1661 1710/708/1695 1678/676/1662
f 1678/676/1662 1711/710/1696 1679/677/1663
f 1711/710/1696 1680/679/1697 1679/677/1663
f 1712/711/1698 1681/678/1665 1680/679/1697
f 1713/712/1699 1682/680/1666 1681/678/1665
f 1682/680/1666 1715/713/1700 1683/682/1667
f 1715/713/1700 1684/681/1668 1683/682/1667
f 1716/715/1701 1685/683/1670 1684/681/1668
f 1685/683/1670 1718/716/1702 1686/684/1671
f 1686/684/1671 1719/718/1703 1687/686/1704
f 1687/686/1704 1720/719/1705 1688/685/1673
f 1720/719/1705 1689/687/1674 1688/685/1673
f 1721/720/1706 1690/688/1675 1689/687/1674
f 1690/688/1675 1723/721/1707 1691/689/1677
f 1723/721/1707 1660/658/1679 1691/689/1677
f 1724/1149/1708 1693/692/1709 1692/690/1678
f 1725/1150/1710 1694/691/1680 1693/692/1709
f 1726/1151/1711 1695/693/1681 1694/691/1680
f 1727/1152/1712 1696/694/1683 1695/693/1681
f 1696/694/1683 1729/1153/1713 1697/695/1684
f 1697/695/1684 1730/1154/1714 1698/697/1715
f 1730/1154/1714 1699/696/1685 1698/697/1715
f 1731/1155/1716 1700/699/1686 1699/698/1685
f 1732/1156/1717 1701/701/1718 1700/699/1686
f 1733/1157/1719 1702/700/1687 1701/701/1718
f 1734/1158/1720 1703/702/1688 1702/700/1687
f 1703/702/1688 1736/1159/1721 1704/703/1689
f 1704/703/1689 1737/1160/1722 1705/704/1691
f 1705/704/1691 1738/1161/1723 1706/706/1724
f 1706/706/1724 1739/1162/1725 1707/705/1692
f 1707/705/1692 1740/1163/1726 1708/707/1694
f 1708/707/1694 1741/1164/1727 1709/709/1728
f 1741/1164/1727 1710/708/1695 1709/709/1728
f 1742/1165/1729 1711/710/1696 1710/708/1695
f 1743/1166/1730 1712/711/1698 1711/710/1696
f 1712/711/1698 1745/1167/1731 1713/712/1699
f 1713/712/1699 1746/1168/1732 1714/714/1733
f 1714/714/1733 1747/1169/1734 1715/713/1700
f 1715/713/1700 1748/1170/1735 1716/715/1701
f 1748/1170/1735 1717/717/1736 1716/715/1701
f 1749/1171/1737 1718/716/1702 1717/717/1736
f 1750/1172/1738 1719/718/1703 1718/716/1702
f 1719/718/1703 1752/1173/1739 1720/719/1705
f 1720/719/1705 1753/1174/1740 1721/720/1706
f 1721/720/1706 1754/1175/1741 1722/722/1742
f 1722/722/1742 1755/1176/1743 1723/721/1707
f 1755/1176/1743 1692/690/1678 1723/721/1707
f 1787/1177/1744 1725/1150/1710 1724/1149/1708
f 1756/1178/1745 1726/1151/1711 1725/1150/1710
f 1757/1179/1746 1727/1152/1712 1726/1151/1711
f 1727/1152/1712 1759/1180/1747 1728/1181/1748
f 1759/1180/1747 1729/1153/1713 1728/1181/1748
f 1729/1153/1713 1761/1182/1749 1730/1154/1714
f 1730/1154/1714 1762/1183/1750 1731/1184/1716
f 1762/1185/1750 1732/1156/1717 1731/1155/1716
f 1732/1156/1717 1764/1186/1751 1733/1157/1719
f 1733/1157/1719 1765/1187/1752 1734/1158/1720
f 1734/1158/1720 1766/1188/1753 1735/1189/1754
f 1766/1188/1753 1736/1159/1721 1735/1189/1754
f 1736/1159/1721 1768/1190/1755 1737/1160/1722
f 1737/1160/1722 1769/1191/1756 1738/1161/1723
f 1769/1191/1756 1739/1162/1725 1738/1161/1723
f 1770/1192/1757 1740/1163/1726 1739/1162/1725
f 1771/1193/1758 1741/1164/1727 1740/1163/1726
f 1741/1164/1727 1773/1194/1759 1742/1165/1729
f 1773/1194/1759 1743/1166/1730 1742/1165/1729
f 1774/1195/1760 1744/1196/1761 1743/1166/1730
f 1744/1196/1761 1776/1197/1762 1745/1167/1731
f 1776/1197/1762 1746/1168/1732 1745/1167/1731
f 1777/1198/1763 1747/1169/1734 1746/1168/1732
f 1778/1199/1764 1748/1170/1735 1747/1169/1734
f 1779/1200/1765 1749/1171/1737 1748/1170/1735
f 1780/1201/1766 1750/1172/1738 1749/1171/1737
f 1781/1202/1767 1751/1203/1768 1750/1172/1738
f 1782/1204/1769 1752/1173/1739 1751/1203/1768
f 1783/1205/1770 1753/1174/1740 1752/1173/1739
f 1753/1174/1740 1785/1206/1771 1754/1175/1741
f 1785/1206/1771 1755/1176/1743 1754/1175/1741
f 1755/1176/1743 1787/1177/1744 1724/1149/1708
f 1764/1186/1751 1788/1207/1772 1765/1187/1752
f 1789/1208/1773 1775/1209/1774 1774/1195/1760
f 1787/1177/1744 1790/1210/1775 1756/1178/1745
f 1756/1178/1745 1791/1211/1776 1757/1179/1746
f 1791/1211/1776 1758/1212/1777 1757/1179/1746
f 1792/1213/1778 1759/1180/1747 1758/1212/1777
f 1793/1214/1779 1760/1215/1780 1759/1180/1747
f 1760/1215/1780 1795/1216/1781 1761/1182/1749
f 1761/1182/1749 1796/1217/1782 1762/1183/1750
f 1796/1218/1782 1763/1219/1783 1762/1185/1750
f 1797/1220/1784 1764/1186/1751 1763/1219/1783
f 1798/1221/1785 1788/1207/1772 1764/1186/1751
f 1788/1207/1772 1799/1222/1786 1766/1188/1753
f 1799/1222/1786 1767/1223/1787 1766/1188/1753
f 1767/1223/1787 1801/1224/1788 1768/1190/1755
f 1801/1224/1788 1769/1191/1756 1768/1190/1755
f 1802/1225/1789 1770/1192/1757 1769/1191/1756
f 1803/1226/1790 1771/1193/1758 1770/1192/1757
f 1804/1227/1791 1772/1228/1792 1771/1193/1758
f 1805/1229/1793 1773/1194/1759 1772/1228/1792
f 1806/1230/1794 1789/1208/1773 1773/1194/1759
f 1807/1231/1795 1777/1198/1763 1776/1197/1762
f 1808/1232/1796 1778/1199/1764 1777/1198/1763
f 1809/1233/1797 1779/1200/1765 1778/1199/1764
f 1810/1234/1798 1780/1201/1766 1779/1200/1765
f 1811/1235/1799 1781/1202/1767 1780/1201/1766
f 1812/1236/1800 1782/1204/1769 1781/1202/1767
f 1813/1237/1801 1783/1205/1770 1782/1204/1769
f 1814/1238/1802 1784/1239/1803 1783/1205/1770
f 1815/1240/1804 1785/1206/1771 1784/1239/1803
f 1785/1206/1771 1817/1241/1805 1786/1242/1806
f 1817/1241/1805 1787/1177/1744 1786/1242/1806
f 1789/1208/1773 1818/1243/1807 1775/1209/1774
f 1818/1243/1807 1807/1231/1795 1775/1209/1774
f 1819/1244/1808 1821/1245/1809 1790/1210/1775
f 1821/1245/1809 1791/1211/1776 1790/1210/1775
f 1822/1246/1810 1792/1213/1778 1791/1211/1776
f 1823/1247/1811 1793/1214/1779 1792/1213/1778
f 1824/1248/1812 1794/1249/1813 1793/1214/1779
f 1794/1249/1813 1826/1250/1814 1795/1216/1781
f 1826/1250/1814 1796/1217/1782 1795/1216/1781
f 1827/1251/1815 1797/1220/1784 1796/1218/1782
f 1797/1220/1784 1829/1252/1816 1798/1221/1785
f 1829/1252/1816 1788/1207/1772 1798/1221/1785
f 1830/1253/1817 1799/1222/1786 1788/1207/1772
f 1831/1254/1818 1800/1255/1819 1799/1222/1786
f 1800/1255/1819 1833/1256/1820 1801/1224/1788
f 1801/1224/1788 1834/1257/1821 1802/1225/1789
f 1834/1257/1821 1803/1226/1790 1802/1225/1789
f 1803/1226/1790 1836/1258/1822 1804/1227/1791
f 1836/1258/1822 1805/1229/1793 1804/1227/1791
f 1837/1259/1823 1806/1230/1794 1805/1229/1793
f 1838/1260/1824 1789/1208/1773 1806/1230/1794
f 1839/1261/1825 1818/1243/1807 1789/1208/1773
f 1818/1243/1807 1841/1262/1826 1807/1231/1795
f 1807/1231/1795 1842/1263/1827 1808/1232/1796
f 1808/1232/1796 1843/1264/1828 1809/1233/1797
f 1843/1264/1828 1810/1234/1798 1809/1233/1797
f 1844/1265/1829 1811/1235/1799 1810/1234/1798
f 1845/1266/1830 1812/1236/1800 1811/1235/1799
f 1846/1267/1831 1813/1237/1801 1812/1236/1800
f 1813/1237/1801 1848/1268/1832 1814/1238/1802
f 1814/1238/1802 1849/1269/1833 1815/1240/1804
f 1849/1269/1833 1816/1270/1834 1815/1240/1804
f 1850/1271/1835 1817/1241/1805 1816/1270/1834
f 1851/1272/1836 1819/1244/1808 1817/1241/1805
f 1852/788/1837 1821/1245/1809 1820/1273/1838
f 1853/789/1839 1822/1246/1810 1821/1245/1809
f 1822/1246/1810 1855/790/1840 1823/1247/1811
f 1823/1247/1811 1856/792/1841 1824/1248/1812
f 1856/792/1841 1825/1274/1842 1824/1248/1812
f 1825/1274/1842 1858/793/1843 1826/1250/1814
f 1826/1250/1814 1859/795/1844 1827/1275/1815
f 1827/1251/1815 1860/796/1845 1828/1276/1846
f 1860/796/1845 1829/1252/1816 1828/1276/1846
f 1861/798/1847 1830/1253/1817 1829/1252/1816
f 1830/1253/1817 1863/799/1848 1831/1254/1818
f 1863/799/1848 1832/1277/1849 1831/1254/1818
f 1864/801/1850 1833/1256/1820 1832/1277/1849
f 1833/1256/1820 1866/802/1851 1834/1257/1821
f 1866/802/1851 1835/1278/1852 1834/1257/1821
f 1867/804/1853 1836/1258/1822 1835/1278/1852
f 1868/805/1854 1837/1259/1823 1836/1258/1822
f 1869/806/1855 1838/1260/1824 1837/1259/1823
f 1838/1260/1824 1871/807/1856 1839/1261/1825
f 1839/1261/1825 1872/809/1857 1840/1279/1858
f 1872/809/1857 1841/1262/1826 1840/1279/1858
f 1841/1262/1826 1874/810/1859 1842/1263/1827
f 1874/810/1859 1843/1264/1828 1842/1263/1827
f 1875/812/1860 1844/1265/1829 1843/1264/1828
f 1876/813/1861 1845/1266/1830 1844/1265/1829
f 1877/814/1862 1846/1267/1831 1845/1266/1830
f 1846/1267/1831 1879/815/1863 1847/1280/1864
f 1879/815/1863 1848/1268/1832 1847/1280/1864
f 1880/817/1865 1849/1269/1833 1848/1268/1832
f 1849/1269/1833 1882/818/1866 1850/1271/1835
f 1850/1271/1835 1883/820/1867 1851/1272/1836
f 1883/820/1867 1820/1273/1838 1851/1272/1836
f 1852/788/1837 1885/821/1868 1853/789/1839
f 1853/789/1839 1886/823/1869 1854/791/1870
f 1854/791/1870 1887/824/1871 1855/790/1840
f 1855/790/1840 1888/825/1872 1856/792/1841
f 1888/825/1872 1857/794/1873 1856/792/1841
f 1889/826/1874 1858/793/1843 1857/794/1873
f 1890/827/1875 1859/795/1844 1858/793/1843
f 1891/829/1876 1860/796/1845 1859/797/1844
f 1860/796/1845 1893/830/1877 1861/798/1847
f 1861/798/1847 1894/831/1878 1862/800/1879
f 1862/800/1879 1895/832/1880 1863/799/1848
f 1895/832/1880 1864/801/1850 1863/799/1848
f 1896/833/1881 1865/803/1882 1864/801/1850
f 1897/834/1883 1866/802/1851 1865/803/1882
f 1898/835/1884 1867/804/1853 1866/802/1851
f 1899/836/1885 1868/805/1854 1867/804/1853
f 1868/805/1854 1901/837/1886 1869/806/1855
f 1869/806/1855 1902/839/1887 1870/808/1888
f 1870/808/1888 1903/840/1889 1871/807/1856
f 1871/807/1856 1904/841/1890 1872/809/1857
f 1904/841/1890 1873/811/1891 1872/809/1857
f 1905/842/1892 1874/810/1859 1873/811/1891
f 1906/843/1893 1875/812/1860 1874/810/1859
f 1907/844/1894 1876/813/1861 1875/812/1860
f 1876/813/1861 1909/845/1895 1877/814/1862
f 1877/814/1862 1910/847/1896 1878/816/1897
f 1878/816/1897 1911/848/1898 1879/815/1863
f 1879/815/1863 1912/849/1899 1880/817/1865
f 1912/849/1899 1881/819/1900 1880/817/1865
f 1913/850/1901 1882/818/1866 1881/819/1900
f 1914/851/1902 1883/820/1867 1882/818/1866
f 1915/852/1903 1852/788/1837 1883/820/1867
f 1916/854/1904 1885/853/1868 1884/855/1905
f 1885/853/1868 1918/856/1906 1886/859/1869
f 1918/856/1906 1887/858/1871 1886/859/1869
f 1919/861/1907 1888/860/1872 1887/858/1871
f 1888/860/1872 1921/862/1908 1889/865/1874
f 1921/862/1908 1890/864/1875 1889/865/1874
f 1890/864/1875 1923/866/1909 1891/869/1876
f 1923/866/1909 1892/868/1910 1891/869/1876
f 1924/871/1911 1893/870/1877 1892/868/1910
f 1893/870/1877 1926/872/1912 1894/875/1878
f 1926/872/1912 1895/874/1880 1894/875/1878
f 1927/877/1913 1896/876/1881 1895/874/1880
f 1896/876/1881 1929/878/1914 1897/881/1883
f 1929/878/1914 1898/880/1884 1897/881/1883
f 1898/880/1884 1931/882/1915 1899/884/1885
f 1899/884/1885 1932/885/1916 1900/887/1917
f 1932/885/1916 1901/886/1886 1900/887/1917
f 1901/886/1886 1934/888/1918 1902/891/1887
f 1934/888/1918 1903/890/1889 1902/891/1887
f 1935/893/1919 1904/892/1890 1903/890/1889
f 1904/892/1890 1937/894/1920 1905/897/1892
f 1937/894/1920 1906/896/1893 1905/897/1892
f 1906/896/1893 1939/898/1921 1907/900/1894
f 1907/900/1894 1940/901/1922 1908/903/1923
f 1940/901/1922 1909/902/1895 1908/903/1923
f 1909/902/1895 1942/904/1924 1910/907/1896
f 1942/904/1924 1911/906/1898 1910/907/1896
f 1911/906/1898 1944/911/1925 1912/908/1899
f 1912/908/1899 1945/910/1926 1913/913/1901
f 1945/910/1926 1914/912/1902 1913/913/1901
f 1914/912/1902 1947/914/1927 1915/916/1903
f 1947/914/1927 1884/855/1905 1915/916/1903
f 1948/917/1928 1917/857/1929 1916/854/1904
f 1949/918/1930 1918/856/1906 1917/857/1929
f 1918/856/1906 1951/921/1931 1919/861/1907
f 1919/861/1907 1952/920/1932 1920/863/1933
f 1952/920/1932 1921/862/1908 1920/863/1933
f 1921/862/1908 1954/922/1934 1922/867/1935
f 1922/867/1935 1955/924/1936 1923/866/1909
f 1923/866/1909 1956/925/1937 1924/871/1911
f 1956/925/1937 1925/873/1938 1924/871/1911
f 1957/926/1939 1926/872/1912 1925/873/1938
f 1926/872/1912 1959/927/1940 1927/877/1913
f 1959/927/1940 1928/879/1941 1927/877/1913
f 1960/929/1942 1929/878/1914 1928/879/1941
f 1961/931/1943 1930/883/1944 1929/878/1914
f 1930/883/1944 1963/932/1945 1931/882/1915
f 1963/932/1945 1932/885/1916 1931/882/1915
f 1964/933/1946 1933/889/1947 1932/885/1916
f 1965/934/1948 1934/888/1918 1933/889/1947
f 1934/888/1918 1967/935/1949 1935/893/1919
f 1967/935/1949 1936/895/1950 1935/893/1919
f 1968/937/1951 1937/894/1920 1936/895/1950
f 1969/939/1952 1938/899/1953 1937/894/1920
f 1938/899/1953 1971/940/1954 1939/898/1921
f 1971/940/1954 1940/901/1922 1939/898/1921
f 1972/941/1955 1941/905/1956 1940/901/1922
f 1941/905/1956 1974/942/1957 1942/904/1924
f 1974/942/1957 1943/909/1958 1942/904/1924
f 1943/909/1958 1976/944/1959 1944/911/1925
f 1976/944/1959 1945/910/1926 1944/911/1925
f 1945/910/1926 1978/946/1960 1946/915/1961
f 1946/915/1961 1979/948/1962 1947/914/1927
f 1979/948/1962 1916/854/1904 1947/914/1927
f 1948/917/1928 1981/949/1963 1949/918/1930
f 1949/918/1930 1982/951/1964 1950/919/1965
f 1950/919/1965 1983/952/1966 1951/921/1931
f 1983/952/1966 1952/920/1932 1951/921/1931
f 1984/953/1967 1953/923/1968 1952/920/1932
f 1985/954/1969 1954/922/1934 1953/923/1968
f 1986/955/1970 1955/924/1936 1954/922/1934
f 1955/924/1936 1988/956/1971 1956/925/1937
f 1956/925/1937 1989/958/1972 1957/926/1939
f 1957/926/1939 1990/959/1973 1958/928/1974
f 1958/928/1974 1991/960/1975 1959/927/1940
f 1959/927/1940 1992/961/1976 1960/929/1942
f 1992/961/1976 1961/931/1943 1960/929/1942
f 1993/962/1977 1962/930/1978 1961/931/1943
f 1994/963/1979 1963/932/1945 1962/930/1978
f 1995/965/1980 1964/933/1946 1963/932/1945
f 1964/933/1946 1997/966/1981 1965/934/1948
f 1965/934/1948 1998/967/1982 1966/936/1983
f 1966/936/1983 1999/968/1984 1967/935/1949
f 1999/968/1984 1968/937/1951 1967/935/1949
f 2000/969/1985 1969/939/1952 1968/937/1951
f 2001/970/1986 1970/938/1987 1969/939/1952
f 2002/971/1988 1971/940/1954 1970/938/1987
f 1971/940/1954 2004/972/1989 1972/941/1955
f 1972/941/1955 2005/974/1990 1973/943/1991
f 1973/943/1991 2006/975/1992 1974/942/1957
f 1974/942/1957 2007/976/1993 1975/945/1994
f 2007/976/1993 1976/944/1959 1975/945/1994
f 2008/977/1995 1977/947/1996 1976/944/1959
f 2009/978/1997 1978/946/1960 1977/947/1996
f 2010/979/1998 1979/948/1962 1978/946/1960
f 1979/948/1962 1980/950/1999 1948/917/1928
f 2012/981/2000 1981/949/1963 1980/950/1999
f 2013/982/2001 1982/951/1964 1981/949/1963
f 2014/983/2002 1983/952/1966 1982/951/1964
f 2015/984/2003 1984/953/1967 1983/952/1966
f 1984/953/1967 2017/985/2004 1985/954/1969
f 1985/954/1969 2018/987/2005 1986/955/1970
f 1986/955/1970 2019/988/2006 1987/957/2007
f 2019/988/2006 1988/956/1971 1987/957/2007
f 2020/989/2008 1989/958/1972 1988/956/1971
f 2021/990/2009 1990/959/1973 1989/958/1972
f 2022/991/2010 1991/960/1975 1990/959/1973
f 1991/960/1975 2024/992/2011 1992/961/1976
f 1992/961/1976 2025/994/2012 1993/962/1977
f 1993/962/1977 2026/995/2013 1994/963/1979
f 1994/963/1979 2027/996/2014 1995/965/1980
f 1995/965/1980 2028/997/2015 1996/964/2016
f 2028/997/2015 1997/966/1981 1996/964/2016
f 2029/998/2017 1998/967/1982 1997/966/1981
f 2030/999/2018 1999/968/1984 1998/967/1982
f 1999/968/1984 2032/1002/2019 2000/969/1985
f 2000/969/1985 2033/1001/2020 2001/970/1986
f 2001/970/1986 2034/1003/2021 2002/971/1988
f 2002/971/1988 2035/1004/2022 2003/973/2023
f 2035/1004/2022 2004/972/1989 2003/973/2023
f 2036/1005/2024 2005/974/1990 2004/972/1989
f 2037/1006/2025 2006/975/1992 2005/974/1990
f 2038/1007/2026 2007/976/1993 2006/975/1992
f 2007/976/1993 2040/1008/2027 2008/977/1995
f 2008/977/1995 2041/1010/2028 2009/978/1997
f 2009/978/1997 2042/1011/2029 2010/979/1998
f 2010/979/1998 2043/1012/2030 2011/980/2031
f 2043/1012/2030 1980/950/1999 2011/980/2031
f 2012/981/2000 2045/1013/2032 2013/982/2001
f 2013/982/2001 2046/1015/2033 2014/983/2002
f 2014/983/2002 2047/1016/2034 2015/984/2003
f 2015/984/2003 2048/1017/2035 2016/986/2036
f 2048/1017/2035 2017/985/2004 2016/986/2036
f 2049/1018/2037 2018/987/2005 2017/985/2004
f 2050/1281/2038 2019/988/2006 2018/987/2005
f 2051/1282/2039 2020/989/2008 2019/988/2006
f 2020/989/2008 2053/1022/2040 2021/990/2009
f 2021/990/2009 2054/1283/2041 2022/991/2010
f 2022/991/2010 2055/1284/2042 2023/993/2043
f 2055/1284/2042 2024/992/2011 2023/993/2043
f 2056/1025/2044 2025/994/2012 2024/992/2011
f 2057/1026/2045 2026/995/2013 2025/994/2012
f 2058/1027/2046 2027/996/2014 2026/995/2013
f 2074/1285/2047 2028/997/2015 2027/996/2014
f 2028/997/2015 2059/1286/2048 2029/998/2017
f 2029/998/2017 2060/1031/2049 2030/999/2018
f 2030/999/2018 2061/1032/2050 2031/1000/2051
f 2061/1032/2050 2032/1002/2019 2031/1000/2051
f 2075/1287/2052 2033/1001/2020 2032/1002/2019
f 2062/1288/2053 2034/1003/2021 2033/1001/2020
f 2063/1035/2054 2035/1004/2022 2034/1003/2021
f 2064/1036/2055 2036/1005/2024 2035/1004/2022
f 2036/1005/2024 2066/1037/2056 2037/1006/2025
f 2037/1006/2025 2067/1289/2057 2038/1007/2026
f 2038/1007/2026 2068/1040/2058 2039/1009/2059
f 2068/1040/2058 2040/1008/2027 2039/1009/2059
f 2069/1041/2060 2041/1010/2028 2040/1008/2027
f 2070/1042/2061 2042/1011/2029 2041/1010/2028
f 2071/1043/2062 2043/1012/2030 2042/1011/2029
f 2043/1012/2030 2044/1290/2063 2012/981/2000
f 2072/1291/2064 2070/1042/2061 2067/1289/2057
f 2067/1289/2057 2070/1042/2061 2069/1041/2060
f 2062/1288/2053 2067/1289/2057 2066/1037/2056
f 2073/1292/2065 2060/1031/2049 2059/1286/2048
f 2074/1285/2047 2057/1026/2045 2054/1283/2041
f 2054/1283/2041 2057/1026/2045 2056/1025/2044
f 2051/1282/2039 2054/1283/2041 2053/1022/2040
f 2051/1282/2039 2049/1018/2037 2048/1017/2035
f 2051/1282/2039 2048/1017/2035 2047/1016/2034
f 2044/1290/2063 2046/1015/2033 2045/1013/2032
f 2067/1289/2057 2044/1290/2063 2072/1291/2064
f 2074/1285/2047 2051/1282/2039 2044/1290/2063
f 2074/1285/2047 2067/1289/2057 2062/1288/2053
f 2074/1285/2047 2054/1283/2041 2051/1282/2039
f 2075/1287/2052 2074/1285/2047 2062/1288/2053
f 1376/467/1466 2084/1107/2066 1375/468/1467
f 2086/1140/2067 1372/470/1470 1373/471/1469
f 2088/1135/2068 1370/474/1472 1371/472/1471
f 1354/490/1488 2106/1139/2069 1353/489/1489
f 1374/469/1468 2086/1140/2067 1373/471/1469
f 1352/491/1490 2079/1124/2070 1351/492/1491
f 2098/1132/2071 1360/483/1482 1361/481/1481
f 2096/1133/2072 1362/482/1480 1363/480/1479
f 2080/1110/2073 1378/466/1464 1379/464/1463
f 2106/1139/2069 1352/491/1490 1353/489/1489
f 2076/1123/2074 1341/493/1340 1340/366/1339
f 1372/470/1470 2088/1135/2068 1371/472/1471
f 2089/1134/2075 1369/473/1473 1370/474/1472
f 2095/1125/2076 1363/480/1479 1364/478/1478
f 2097/1131/2077 1361/481/1481 1362/482/1480
f 1358/485/1484 2102/1130/2078 1357/487/1485
f 1368/475/1474 2092/1115/2079 1367/476/1475
f 1357/487/1485 2103/1112/2080 1356/486/1486
f 2081/1128/2081 1377/465/1465 1378/466/1464
f 1355/488/1487 2105/1126/2082 1354/490/1488
f 1365/479/1477 2095/1125/2076 1364/478/1478
f 1351/492/1491 2076/1123/2074 1340/366/1339
f 2093/1116/2083 1365/479/1477 1366/477/1476
f 2099/1119/2084 1359/484/1483 1360/483/1482
f 2090/1117/2085 1368/475/1474 1369/473/1473
f 1367/476/1475 2093/1116/2083 1366/477/1476
f 2100/1114/2086 1358/485/1484 1359/484/1483
f 1356/486/1486 2104/1111/2087 1355/1100/1487
f 2078/1105/2088 1379/464/1463 1350/463/1462
f 1377/465/1465 2083/1108/2089 1376/467/1466
f 1375/468/1467 2085/1106/2090 1374/469/1468
f 1341/493/1340 2078/1105/2088 1350/463/1462
f 1117/3/1113 1118/2/2091 1119/61/1114
f 1121/5/1116 1122/57/1167 1123/4/1117
f 1124/8/1119 1125/7/1121 1121/5/1116
f 1126/9/1120 1127/10/1123 1125/7/1121
f 1128/11/1122 1129/93/2092 1127/10/1123
f 1131/12/1124 1129/93/2092 1128/11/1122
f 1130/14/1125 1132/16/332 1133/15/1126
f 1134/17/1127 1135/88/2093 1133/15/1126
f 1137/18/1128 1135/88/2093 1134/17/1127
f 1139/21/1130 1137/18/1128 1136/19/1129
f 1140/22/1132 1141/83/1134 1139/21/1130
f 1142/24/1133 1143/23/1136 1141/83/1134
f 1144/26/1135 1145/25/1138 1143/23/1136
f 1146/27/1137 1147/28/1140 1145/25/1138
f 1146/27/1137 1148/29/1141 1149/30/1139
f 1148/29/1141 1150/31/1144 1151/33/1142
f 1153/34/1143 1151/33/1142 1150/31/1144
f 1154/35/1146 1155/36/1148 1153/34/1143
f 1156/38/1147 1157/37/1150 1155/36/1148
f 1158/39/1149 1159/40/1152 1157/37/1150
f 1160/41/1151 1161/73/1154 1159/40/1152
f 1162/43/1153 1163/42/1180 1161/73/1154
f 1165/44/1155 1163/42/1180 1162/43/1153
f 1166/47/1157 1167/46/2094 1165/44/1155
f 1169/48/1158 1167/46/2094 1166/47/1157
f 1171/51/1160 1169/48/1158 1168/49/1159
f 1170/50/1161 1172/52/1164 1173/53/1162
f 1174/54/1163 1175/55/1166 1173/53/1162
f 1174/54/1163 1176/56/1169 1177/59/1165
f 1122/57/1167 1118/2/2091 1117/3/1113
f 1178/58/1168 1179/60/1170 1177/59/1165
f 1119/61/1114 1179/60/1170 1178/58/1168
f 1179/60/1170 1119/61/1114 1181/62/1171
f 1182/64/1173 1177/59/1165 1179/60/1170
f 1183/65/1174 1175/55/1166 1177/59/1165
f 1173/53/1162 1175/55/1166 1183/65/1174
f 1171/51/1160 1173/53/1162 1184/66/1175
f 1186/68/1177 1169/48/1158 1171/51/1160
f 1187/69/1178 1167/46/2094 1169/48/1158
f 1165/44/1155 1167/46/2094 1187/69/1178
f 1163/42/1180 1165/44/1155 1188/70/1179
f 1190/72/1182 1161/73/1154 1163/42/1180
f 1191/74/1183 1159/40/1152 1161/73/1154
f 1157/37/1150 1159/40/1152 1191/74/1183
f 1155/36/1148 1157/37/1150 1192/75/1184
f 1194/77/1186 1153/34/1143 1155/36/1148
f 1195/78/1187 1151/33/1142 1153/34/1143
f 1149/30/1139 1151/33/1142 1195/78/1187
f 1147/28/1140 1149/30/1139 1196/79/1188
f 1198/81/1190 1145/25/1138 1147/28/1140
f 1199/82/1191 1143/23/1136 1145/25/1138
f 1141/83/1134 1143/23/1136 1199/82/1191
f 1139/21/1130 1141/83/1134 1200/84/1192
f 1202/86/1194 1137/18/1128 1139/21/1130
f 1203/87/1195 1135/88/2093 1137/18/1128
f 1133/15/1126 1135/88/2093 1203/87/1195
f 1131/90/1124 1133/15/1126 1204/89/1196
f 1206/92/1198 1129/93/2092 1131/12/1124
f 1127/10/1123 1129/93/2092 1206/92/1198
f 1125/7/1121 1127/10/1123 1207/94/1199
f 1209/96/1201 1121/5/1116 1125/7/1121
f 1210/97/1202 1122/57/1167 1121/5/1116
f 1119/61/1114 1118/2/2091 1211/98/1203
f 1211/98/1203 1118/2/2091 1122/57/1167
f 1181/62/1171 1212/99/1241 1213/100/1204
f 1182/64/1173 1180/63/1172 1213/100/1204
f 1183/65/1174 1182/64/1173 1214/101/1205
f 1183/65/1174 1215/223/1206 1216/102/1207
f 1185/67/1176 1184/66/1175 1216/102/1207
f 1186/68/1177 1185/67/1176 1217/103/1208
f 1187/69/1178 1186/68/1177 1218/104/1209
f 1187/69/1178 1219/224/1210 1220/105/1211
f 1188/70/1179 1220/105/1211 1221/106/1212
f 1190/72/1182 1189/71/1181 1221/106/1212
f 1190/72/1182 1222/107/1213 1223/225/1214
f 1191/74/1183 1223/225/1214 1224/108/1215
f 1193/76/1185 1192/75/1184 1224/108/1215
f 1194/77/1186 1193/76/1185 1225/109/1216
f 1195/78/1187 1194/77/1186 1226/110/1217
f 1195/78/1187 1227/226/1218 1228/111/1219
f 1196/79/1188 1228/111/1219 1229/112/1220
f 1198/81/1190 1197/80/1189 1229/112/1220
f 1199/82/1191 1198/81/1190 1230/113/1221
f 1199/82/1191 1231/227/1222 1232/114/1223
f 1201/85/1193 1200/84/1192 1232/114/1223
f 1202/86/1194 1201/85/1193 1233/115/1224
f 1203/87/1195 1202/86/1194 1234/116/1225
f 1203/87/1195 1235/228/1226 1236/117/1227
f 1204/89/1196 1236/117/1227 1237/229/1228
f 1206/92/1198 1205/119/1197 1237/118/1228
f 1207/94/1199 1206/92/1198 1238/120/1229
f 1211/98/1203 1210/97/1202 1240/121/1231
f 1243/123/1233 1244/183/1239 1245/122/1234
f 1207/94/1199 1239/230/1230 1246/125/1236
f 1208/95/1200 1246/125/1236 1247/126/1237
f 1210/97/1202 1209/96/1201 1247/126/1237
f 1248/128/1238 1245/122/1234 1244/183/1239
f 1211/98/1203 1241/129/1232 1212/99/1241
f 1241/129/1232 1240/121/1231 1243/123/1233
f 1251/131/1242 1252/222/1301 1253/130/1243
f 1250/132/1244 1253/130/1243 1255/133/1245
f 1256/135/1247 1254/134/1246 1255/133/1245
f 1258/136/1249 1256/135/1247 1257/137/1248
f 1258/136/1249 1259/188/1250 1261/138/1251
f 1260/139/1252 1261/138/1251 1263/140/1253
f 1262/141/1254 1263/140/1253 1265/142/1255
f 1266/144/1257 1264/143/1256 1265/142/1255
f 1266/144/1257 1267/194/1258 1269/145/1259
f 1268/146/1260 1269/145/1259 1271/147/1261
f 1272/149/1263 1270/148/1262 1271/147/1261
f 1274/150/1265 1272/149/1263 1273/151/1264
f 1274/150/1265 1275/198/1266 1277/152/1267
f 1276/153/1268 1277/152/1267 1279/154/1269
f 1278/155/1270 1279/154/1269 1281/156/1271
f 1282/158/1273 1280/157/1272 1281/156/1271
f 1284/160/1275 1282/158/1273 1283/204/1274
f 1284/160/1275 1285/159/1276 1287/161/1277
f 1288/163/1279 1286/162/1278 1287/161/1277
f 1290/164/1281 1288/163/1279 1289/165/1280
f 1290/164/1281 1291/209/1282 1293/166/1283
f 1292/167/1284 1293/166/1283 1295/168/1285
f 1294/169/1286 1295/168/1285 1297/170/1287
f 1298/172/1289 1296/171/1288 1297/170/1287
f 1298/172/1289 1299/213/1290 1301/173/1291
f 1300/176/1292 1301/1144/1291 1303/175/1293
f 1304/178/1295 1302/177/1294 1303/175/1293
f 1306/179/1297 1304/178/1295 1305/180/1296
f 1306/179/1297 1307/219/1298 1309/181/1299
f 1308/182/1300 1309/181/1299 1244/183/1239
f 1251/131/1242 1242/124/1235 1245/122/1234
f 1310/185/1302 1253/130/1243 1252/222/1301
f 1255/133/1245 1253/130/1243 1310/185/1302
f 1257/137/1248 1255/133/1245 1312/186/1304
f 1314/189/1306 1259/188/1250 1257/137/1248
f 1315/190/1307 1261/138/1251 1259/188/1250
f 1316/191/1308 1263/140/1253 1261/138/1251
f 1265/142/1255 1263/140/1253 1316/191/1308
f 1267/194/1258 1265/142/1255 1317/192/1309
f 1269/145/1259 1267/194/1258 1318/193/1310
f 1271/147/1261 1269/145/1259 1319/195/1311
f 1321/197/1313 1273/151/1264 1271/147/1261
f 1322/199/1314 1275/198/1266 1273/151/1264
f 1323/200/1315 1277/152/1267 1275/198/1266
f 1279/154/1269 1277/152/1267 1323/200/1315
f 1325/202/1317 1281/156/1271 1279/154/1269
f 1283/204/1274 1281/156/1271 1325/202/1317
f 1327/205/1319 1285/159/1276 1283/204/1274
f 1287/161/1277 1285/159/1276 1327/205/1319
f 1329/207/1321 1289/165/1280 1287/161/1277
f 1291/209/1282 1289/165/1280 1329/207/1321
f 1293/166/1283 1291/209/1282 1330/208/1322
f 1332/211/1324 1295/168/1285 1293/166/1283
f 1333/212/1325 1297/170/1287 1295/168/1285
f 1334/214/1326 1299/213/1290 1297/170/1287
f 1335/215/1327 1301/173/1291 1299/213/1290
f 1303/175/1293 1301/1144/1291 1335/216/1327
f 1305/180/1296 1303/175/1293 1336/217/1328
f 1338/220/1330 1307/219/1298 1305/180/1296
f 1339/221/1331 1309/181/1299 1307/219/1298
f 1244/183/1239 1309/181/1299 1339/221/1331
f 1252/222/1301 1245/122/1234 1248/128/1238
f 1212/99/1241 1251/131/1242 1250/132/1244
f 1213/100/1204 1250/132/1244 1254/134/1246
f 1214/101/1205 1254/134/1246 1256/135/1247
f 1216/102/1207 1215/223/1206 1256/135/1247
f 1217/103/1208 1216/102/1207 1258/136/1249
f 1217/103/1208 1260/139/1252 1262/141/1254
f 1219/224/1210 1218/104/1209 1262/141/1254
f 1220/105/1211 1219/224/1210 1264/143/1256
f 1221/106/1212 1220/105/1211 1266/144/1257
f 1221/106/1212 1268/146/1260 1270/148/1262
f 1222/107/1213 1270/148/1262 1272/149/1263
f 1224/108/1215 1223/225/1214 1272/149/1263
f 1225/109/1216 1224/108/1215 1274/150/1265
f 1225/109/1216 1276/153/1268 1278/155/1270
f 1227/226/1218 1226/110/1217 1278/155/1270
f 1228/111/1219 1227/226/1218 1280/157/1272
f 1228/111/1219 1282/158/1273 1284/160/1275
f 1229/112/1220 1284/160/1275 1286/162/1278
f 1230/113/1221 1286/162/1278 1288/163/1279
f 1232/114/1223 1231/227/1222 1288/163/1279
f 1232/114/1223 1290/164/1281 1292/167/1284
f 1233/115/1224 1292/167/1284 1294/169/1286
f 1235/228/1226 1234/116/1225 1294/169/1286
f 1236/117/1227 1235/228/1226 1296/171/1288
f 1236/117/1227 1298/172/1289 1300/174/1292
f 1237/118/1228 1300/176/1292 1302/177/1294
f 1239/230/1230 1238/120/1229 1302/177/1294
f 1246/125/1236 1239/230/1230 1304/178/1295
f 1246/125/1236 1306/179/1297 1308/182/1300
f 1247/126/1237 1308/182/1300 1243/123/1233
f 1212/99/1241 1241/129/1232 1242/124/1235
f 1248/128/1238 1249/127/1240 1343/271/1332
f 1342/231/1333 1343/271/1332 1345/232/1334
f 1345/232/1334 1346/236/1431 1347/234/1336
f 1347/234/1336 1346/236/1431 1349/368/1337
f 1348/235/1338 1349/368/1337 1340/237/1339
f 1310/185/1302 1311/184/1303 1381/241/1341
f 1312/186/1304 1310/185/1302 1380/242/1342
f 1313/187/1305 1312/186/1304 1382/243/1343
f 1384/245/1345 1314/189/1306 1313/187/1305
f 1315/190/1307 1314/189/1306 1384/245/1345
f 1316/191/1308 1315/190/1307 1385/246/1346
f 1387/248/1348 1317/192/1309 1316/191/1308
f 1318/193/1310 1317/192/1309 1387/248/1348
f 1319/195/1311 1318/193/1310 1388/249/1349
f 1390/251/1351 1320/196/1312 1319/195/1311
f 1391/252/1352 1321/197/1313 1320/196/1312
f 1392/253/1353 1322/199/1314 1321/197/1313
f 1393/254/1354 1323/200/1315 1322/199/1314
f 1324/201/1316 1323/200/1315 1393/254/1354
f 1325/202/1317 1324/201/1316 1394/255/1355
f 1326/203/1318 1325/202/1317 1395/256/1356
f 1327/205/1319 1326/203/1318 1396/257/1357
f 1328/206/1320 1327/205/1319 1397/258/1358
f 1329/207/1321 1328/206/1320 1398/259/1359
f 1400/261/1361 1330/208/1322 1329/207/1321
f 1331/210/1323 1330/208/1322 1400/261/1361
f 1402/263/1363 1332/211/1324 1331/210/1323
f 1403/264/1364 1333/212/1325 1332/211/1324
f 1334/214/1326 1333/212/1325 1403/264/1364
f 1405/266/1366 1335/215/1327 1334/214/1326
f 1336/217/1328 1335/216/1327 1405/298/1366
f 1337/218/1329 1336/217/1328 1406/267/1367
f 1338/220/1330 1337/218/1329 1407/268/1368
f 1339/221/1331 1338/220/1330 1408/269/1369
f 1343/271/1332 1249/127/1240 1339/221/1331
f 1311/184/1303 1248/128/1238 1342/231/1333
f 1410/272/1371 1380/242/1342 1381/241/1341
f 1412/273/1373 1382/243/1343 1380/242/1342
f 1413/274/1374 1383/244/1344 1382/243/1343
f 1414/275/1375 1384/245/1345 1383/244/1344
f 1415/276/1376 1385/246/1346 1384/245/1345
f 1386/247/1347 1385/246/1346 1415/276/1376
f 1387/248/1348 1386/247/1347 1416/277/1377
f 1388/249/1349 1387/248/1348 1417/278/1378
f 1419/280/1380 1389/250/1350 1388/249/1349
f 1390/251/1351 1389/250/1350 1419/280/1380
f 1421/282/1382 1391/252/1352 1390/251/1351
f 1422/283/1383 1392/253/1353 1391/252/1352
f 1393/254/1354 1392/253/1353 1422/283/1383
f 1394/255/1355 1393/254/1354 1423/284/1384
f 1395/256/1356 1394/255/1355 1424/285/1385
f 1396/257/1357 1395/256/1356 1425/286/1386
f 1427/288/1388 1397/258/1358 1396/257/1357
f 1428/289/1389 1398/259/1359 1397/258/1358
f 1429/290/1390 1399/260/1360 1398/259/1359
f 1430/291/1391 1400/261/1361 1399/260/1360
f 1401/262/1362 1400/261/1361 1430/291/1391
f 1402/263/1363 1401/262/1362 1431/292/1392
f 1433/294/1394 1403/264/1364 1402/263/1363
f 1434/295/1395 1404/265/1365 1403/264/1364
f 1435/296/1396 1405/266/1366 1404/265/1365
f 1406/267/1367 1405/298/1366 1435/326/1396
f 1437/299/1398 1407/268/1368 1406/267/1367
f 1438/300/1399 1408/269/1369 1407/268/1368
f 1439/301/1400 1409/270/1370 1408/269/1369
f 1343/271/1332 1409/270/1370 1439/301/1400
f 1381/241/1341 1342/231/1333 1344/233/1335
f 1410/272/1371 1411/302/1372 1440/332/1401
f 1412/273/1373 1410/272/1371 1441/303/1402
f 1413/274/1374 1412/273/1373 1442/304/1403
f 1414/275/1375 1413/274/1374 1443/305/1404
f 1414/275/1375 1444/306/1405 1445/337/1406
f 1415/276/1376 1445/337/1406 1446/307/1407
f 1416/277/1377 1446/307/1407 1447/308/1408
f 1417/278/1378 1447/308/1408 1448/309/1409
f 1419/280/1380 1418/279/1379 1448/309/1409
f 1420/281/1381 1419/280/1380 1449/310/1410
f 1421/282/1382 1420/281/1381 1450/311/1411
f 1422/283/1383 1421/282/1382 1451/312/1412
f 1422/283/1383 1452/345/1413 1453/313/1414
f 1423/284/1384 1453/313/1414 1454/314/1415
f 1424/285/1385 1454/314/1415 1455/315/1416
f 1425/286/1386 1455/315/1416 1456/316/1417
f 1426/287/1387 1456/316/1417 1457/317/1418
f 1428/289/1389 1427/288/1388 1457/317/1418
f 1429/290/1390 1428/289/1389 1458/318/1419
f 1430/291/1391 1429/290/1390 1459/319/1420
f 1430/291/1391 1460/354/1421 1461/320/1422
f 1431/292/1392 1461/320/1422 1462/321/1423
f 1432/293/1393 1462/321/1423 1463/322/1424
f 1433/294/1394 1463/322/1424 1464/323/1425
f 1435/296/1396 1434/295/1395 1464/323/1425
f 1436/297/1397 1435/326/1396 1465/325/1426
f 1437/299/1398 1436/297/1397 1466/327/1427
f 1438/300/1399 1437/299/1398 1467/328/1428
f 1438/300/1399 1468/364/1429 1469/331/1430
f 1439/301/1400 1469/331/1430 1346/236/1431
f 1344/233/1335 1347/234/1336 1440/332/1401
f 1470/333/1432 1441/303/1402 1440/332/1401
f 1442/304/1403 1441/303/1402 1470/333/1432
f 1443/305/1404 1442/304/1403 1472/334/1434
f 1444/306/1405 1443/305/1404 1473/335/1435
f 1475/338/1437 1445/337/1406 1444/306/1405
f 1476/339/1438 1446/307/1407 1445/337/1406
f 1477/340/1439 1447/308/1408 1446/307/1407
f 1448/309/1409 1447/308/1408 1477/340/1439
f 1449/310/1410 1448/309/1409 1478/341/1440
f 1450/311/1411 1449/310/1410 1479/342/1441
f 1451/312/1412 1450/311/1411 1480/343/1442
f 1452/345/1413 1451/312/1412 1481/344/1443
f 1483/347/1445 1453/313/1414 1452/345/1413
f 1484/348/1446 1454/314/1415 1453/313/1414
f 1455/315/1416 1454/314/1415 1484/348/1446
f 1456/316/1417 1455/315/1416 1485/349/1447
f 1487/351/1449 1457/317/1418 1456/316/1417
f 1488/352/1450 1458/318/1419 1457/317/1418
f 1489/353/1451 1459/319/1420 1458/318/1419
f 1460/354/1421 1459/319/1420 1489/353/1451
f 1461/320/1422 1460/354/1421 1490/355/1452
f 1462/321/1423 1461/320/1422 1491/356/1453
f 1493/358/1455 1463/322/1424 1462/321/1423
f 1494/359/1456 1464/323/1425 1463/322/1424
f 1495/360/1457 1465/324/1426 1464/323/1425
f 1496/362/1458 1466/327/1427 1465/325/1426
f 1467/328/1428 1466/327/1427 1496/362/1458
f 1498/365/1460 1468/364/1429 1467/328/1428
f 1469/331/1430 1468/364/1429 1498/365/1460
f 1346/236/1431 1469/331/1430 1499/367/1461
f 1471/369/1433 1440/332/1401 1347/234/1336
f 1470/333/1432 1471/369/1433 1350/400/1462
f 1378/371/1464 1472/334/1434 1470/333/1432
f 1377/372/1465 1473/335/1435 1472/334/1434
f 1474/336/1436 1473/335/1435 1377/372/1465
f 1375/374/1467 1475/338/1437 1474/336/1436
f 1476/339/1438 1475/338/1437 1375/374/1467
f 1373/376/1469 1477/340/1439 1476/339/1438
f 1372/377/1470 1478/341/1440 1477/340/1439
f 1371/378/1471 1479/342/1441 1478/341/1440
f 1480/343/1442 1479/342/1441 1371/378/1471
f 1481/344/1443 1480/343/1442 1370/379/1472
f 1482/346/1444 1481/344/1443 1369/380/1473
f 1483/347/1445 1482/346/1444 1368/381/1474
f 1366/383/1476 1484/348/1446 1483/347/1445
f 1485/349/1447 1484/348/1446 1366/383/1476
f 1364/385/1478 1486/350/1448 1485/349/1447
f 1487/351/1449 1486/350/1448 1364/385/1478
f 1362/387/1480 1488/352/1450 1487/351/1449
f 1361/388/1481 1489/353/1451 1488/352/1450
f 1360/389/1482 1490/355/1452 1489/353/1451
f 1491/356/1453 1490/355/1452 1360/389/1482
f 1492/357/1454 1491/356/1453 1359/390/1483
f 1493/358/1455 1492/357/1454 1358/391/1484
f 1356/393/1486 1494/359/1456 1493/358/1455
f 1495/360/1457 1494/359/1456 1356/393/1486
f 1496/362/1458 1495/361/1457 1355/395/1487
f 1497/363/1459 1496/362/1458 1354/396/1488
f 1498/365/1460 1497/363/1459 1353/397/1489
f 1499/367/1461 1498/365/1460 1352/398/1490
f 1340/237/1339 1349/368/1337 1499/367/1461
f 1350/400/1462 1471/369/1433 1348/235/1338
f 1116/1/1115 1500/494/1512 1501/495/1492
f 1501/495/1492 1502/497/1514 1123/4/1117
f 1123/4/1117 1502/497/1514 1503/496/1493
f 1503/496/1493 1504/498/1494 1124/8/1119
f 1504/498/1494 1505/500/1518 1126/9/1120
f 1126/9/1120 1505/500/1518 1506/499/1495
f 1506/499/1495 1507/533/1496 1130/13/1125
f 1507/501/1496 1508/503/1521 1132/16/332
f 1132/16/332 1508/503/1521 1509/502/1497
f 1509/502/1497 1510/505/1523 1136/19/1129
f 1136/19/1129 1510/505/1523 1511/504/1498
f 1138/20/1131 1511/504/1498 1512/506/1499
f 1512/506/1499 1513/508/1527 1142/24/1133
f 1142/24/1133 1513/508/1527 1514/507/1500
f 1144/26/1135 1514/507/1500 1515/509/1501
f 1515/509/1501 1516/510/1530 1148/29/1141
f 1148/29/1141 1516/510/1530 1517/511/1502
f 1517/511/1502 1518/513/1532 1152/32/1145
f 1152/32/1145 1518/513/1532 1519/512/1503
f 1519/512/1503 1520/514/1504 1156/38/1147
f 1520/514/1504 1521/516/1536 1158/39/1149
f 1158/39/1149 1521/516/1536 1522/515/1505
f 1522/515/1505 1523/517/1506 1162/43/1153
f 1523/517/1506 1524/518/1539 1164/45/1156
f 1164/45/1156 1524/518/1539 1525/519/1507
f 1525/519/1507 1526/521/1541 1168/49/1159
f 1168/49/1159 1526/521/1541 1527/520/1508
f 1527/520/1508 1528/522/1509 1172/52/1164
f 1528/522/1509 1529/524/1545 1174/54/1163
f 1174/54/1163 1529/524/1545 1530/523/1510
f 1530/523/1510 1531/525/1511 1178/58/1168
f 1531/525/1511 1500/494/1512 1116/1/1115
f 1500/494/1512 1532/527/1548 1533/526/1513
f 1533/526/1513 1534/528/1515 1502/497/1514
f 1534/528/1515 1535/529/1516 1503/496/1493
f 1535/529/1516 1536/531/1552 1504/498/1494
f 1504/498/1494 1536/531/1552 1537/530/1517
f 1505/500/1518 1537/530/1517 1538/532/1519
f 1538/532/1519 1539/565/1520 1507/533/1496
f 1539/535/1520 1540/534/1556 1508/503/1521
f 1508/503/1521 1540/534/1556 1541/536/1522
f 1541/536/1522 1542/537/1524 1510/505/1523
f 1542/537/1524 1543/539/1525 1511/504/1498
f 1543/539/1525 1544/538/1560 1512/506/1499
f 1512/506/1499 1544/538/1560 1545/540/1526
f 1513/508/1527 1545/540/1526 1546/541/1528
f 1546/541/1528 1547/542/1563 1515/509/1501
f 1515/509/1501 1547/542/1563 1548/544/1529
f 1516/510/1530 1548/544/1529 1549/543/1531
f 1549/543/1531 1550/545/1533 1518/513/1532
f 1550/545/1533 1551/546/1534 1519/512/1503
f 1551/546/1534 1552/548/1568 1520/514/1504
f 1520/514/1504 1552/548/1568 1553/547/1535
f 1521/516/1536 1553/547/1535 1554/549/1537
f 1554/549/1537 1555/550/1571 1523/517/1506
f 1523/517/1506 1555/550/1571 1556/552/1538
f 1524/518/1539 1556/552/1538 1557/551/1540
f 1557/551/1540 1558/553/1542 1526/521/1541
f 1558/553/1542 1559/555/1575 1527/520/1508
f 1527/520/1508 1559/555/1575 1560/554/1543
f 1528/522/1509 1560/554/1543 1561/556/1544
f 1529/524/1545 1561/556/1544 1562/557/1546
f 1562/557/1546 1563/558/1547 1531/525/1511
f 1563/558/1547 1532/527/1548 1500/494/1512
f 1532/527/1548 1564/560/1579 1565/559/1549
f 1533/526/1513 1565/559/1549 1566/561/1550
f 1566/561/1550 1567/562/1551 1535/529/1516
f 1567/562/1551 1568/564/1583 1536/531/1552
f 1536/531/1552 1568/564/1583 1569/563/1553
f 1569/563/1553 1570/566/1554 1538/532/1519
f 1570/566/1554 1571/1145/1587 1539/565/1520
f 1539/535/1520 1571/567/1587 1572/569/1555
f 1540/534/1556 1572/569/1555 1573/568/1557
f 1541/536/1522 1573/568/1557 1574/570/1558
f 1574/570/1558 1575/572/1559 1543/539/1525
f 1575/572/1559 1576/571/1591 1544/538/1560
f 1544/538/1560 1576/571/1591 1577/573/1561
f 1577/573/1561 1578/574/1562 1546/541/1528
f 1578/574/1562 1579/575/1595 1547/542/1563
f 1547/542/1563 1579/575/1595 1580/577/1564
f 1548/544/1529 1580/577/1564 1581/576/1565
f 1549/543/1531 1581/576/1565 1582/578/1566
f 1582/578/1566 1583/580/1567 1551/546/1534
f 1583/580/1567 1584/579/1599 1552/548/1568
f 1552/548/1568 1584/579/1599 1585/581/1569
f 1585/581/1569 1586/582/1570 1554/549/1537
f 1586/582/1570 1587/584/1572 1555/550/1571
f 1587/584/1572 1588/583/1604 1556/552/1538
f 1556/552/1538 1588/583/1604 1589/585/1573
f 1557/551/1540 1589/585/1573 1590/586/1574
f 1590/586/1574 1591/587/1576 1559/555/1575
f 1591/587/1576 1592/589/1608 1560/554/1543
f 1560/554/1543 1592/589/1608 1593/588/1577
f 1593/588/1577 1594/590/1578 1562/557/1546
f 1594/590/1578 1595/591/1611 1563/558/1547
f 1563/558/1547 1595/591/1611 1564/560/1579
f 1596/592/1580 1597/593/1581 1565/559/1549
f 1597/593/1581 1598/595/1614 1566/561/1550
f 1566/561/1550 1598/595/1614 1599/594/1582
f 1599/594/1582 1600/596/1584 1568/564/1583
f 1600/596/1584 1601/598/1617 1569/563/1553
f 1569/563/1553 1601/598/1617 1602/597/1585
f 1570/566/1554 1602/597/1585 1603/599/1586
f 1571/567/1587 1603/600/1586 1604/601/1588
f 1604/601/1588 1605/602/1589 1573/568/1557
f 1605/602/1589 1606/604/1621 1574/570/1558
f 1574/570/1558 1606/604/1621 1607/603/1590
f 1607/603/1590 1608/605/1592 1576/571/1591
f 1608/605/1592 1609/606/1625 1577/573/1561
f 1577/573/1561 1609/606/1625 1610/608/1593
f 1578/574/1562 1610/608/1593 1611/607/1594
f 1611/607/1594 1612/609/1596 1580/577/1564
f 1612/609/1596 1613/610/1597 1581/576/1565
f 1613/610/1597 1614/612/1630 1582/578/1566
f 1582/578/1566 1614/612/1630 1615/611/1598
f 1615/611/1598 1616/613/1600 1584/579/1599
f 1616/613/1600 1617/614/1633 1585/581/1569
f 1585/581/1569 1617/614/1633 1618/616/1601
f 1586/582/1570 1618/616/1601 1619/615/1602
f 1587/584/1572 1619/615/1602 1620/617/1603
f 1620/617/1603 1621/618/1605 1589/585/1573
f 1621/618/1605 1622/620/1638 1590/586/1574
f 1590/586/1574 1622/620/1638 1623/619/1606
f 1591/587/1576 1623/619/1606 1624/621/1607
f 1624/621/1607 1625/623/1641 1593/588/1577
f 1593/588/1577 1625/623/1641 1626/622/1609
f 1594/590/1578 1626/622/1609 1627/624/1610
f 1627/624/1610 1596/592/1580 1564/560/1579
f 1596/592/1580 1628/626/1643 1629/625/1612
f 1597/593/1581 1629/625/1612 1630/627/1613
f 1630/627/1613 1631/628/1615 1599/594/1582
f 1631/628/1615 1632/630/1647 1600/596/1584
f 1600/596/1584 1632/630/1647 1633/629/1616
f 1633/629/1616 1634/631/1618 1602/597/1585
f 1634/631/1618 1635/664/1619 1603/599/1586
f 1635/632/1619 1636/634/1652 1604/601/1588
f 1604/601/1588 1636/634/1652 1637/633/1620
f 1637/633/1620 1638/635/1622 1606/604/1621
f 1638/635/1622 1639/636/1623 1607/603/1590
f 1639/636/1623 1640/637/1656 1608/605/1592
f 1608/605/1592 1640/637/1656 1641/638/1624
f 1641/638/1624 1642/639/1626 1610/608/1593
f 1642/639/1626 1643/641/1627 1611/607/1594
f 1643/641/1627 1644/640/1660 1612/609/1596
f 1612/609/1596 1644/640/1660 1645/642/1628
f 1613/610/1597 1645/642/1628 1646/643/1629
f 1646/643/1629 1647/644/1631 1615/611/1598
f 1647/644/1631 1648/645/1664 1616/613/1600
f 1616/613/1600 1648/645/1664 1649/646/1632
f 1649/646/1632 1650/647/1634 1618/616/1601
f 1650/647/1634 1651/648/1635 1619/615/1602
f 1651/648/1635 1652/649/1669 1620/617/1603
f 1620/617/1603 1652/649/1669 1653/651/1636
f 1621/618/1605 1653/651/1636 1654/650/1637
f 1654/650/1637 1655/652/1672 1623/619/1606
f 1623/619/1606 1655/652/1672 1656/653/1639
f 1624/621/1607 1656/653/1639 1657/654/1640
f 1657/654/1640 1658/655/1642 1626/622/1609
f 1658/655/1642 1659/656/1676 1627/624/1610
f 1627/624/1610 1659/656/1676 1628/626/1643
f 1628/626/1643 1660/658/1679 1661/657/1644
f 1661/657/1644 1662/659/1645 1630/627/1613
f 1662/659/1645 1663/661/1682 1631/628/1615
f 1631/628/1615 1663/661/1682 1664/660/1646
f 1632/630/1647 1664/660/1646 1665/662/1648
f 1633/629/1616 1665/662/1648 1666/663/1649
f 1634/631/1618 1666/663/1649 1667/1146/1650
f 1635/632/1619 1667/666/1650 1668/665/1651
f 1636/634/1652 1668/665/1651 1669/667/1653
f 1669/667/1653 1670/668/1654 1638/635/1622
f 1670/668/1654 1671/669/1655 1639/636/1623
f 1671/669/1655 1672/671/1690 1640/637/1656
f 1640/637/1656 1672/671/1690 1673/670/1657
f 1641/638/1624 1673/670/1657 1674/672/1658
f 1674/672/1658 1675/674/1693 1643/641/1627
f 1643/641/1627 1675/674/1693 1676/673/1659
f 1644/640/1660 1676/673/1659 1677/675/1661
f 1677/675/1661 1678/676/1662 1646/643/1629
f 1678/676/1662 1679/677/1663 1647/644/1631
f 1679/677/1663 1680/679/1697 1648/645/1664
f 1648/645/1664 1680/679/1697 1681/678/1665
f 1649/646/1632 1681/678/1665 1682/680/1666
f 1650/647/1634 1682/680/1666 1683/682/1667
f 1651/648/1635 1683/682/1667 1684/681/1668
f 1652/649/1669 1684/681/1668 1685/683/1670
f 1685/683/1670 1686/684/1671 1654/650/1637
f 1686/684/1671 1687/686/1704 1655/652/1672
f 1655/652/1672 1687/686/1704 1688/685/1673
f 1656/653/1639 1688/685/1673 1689/687/1674
f 1657/654/1640 1689/687/1674 1690/688/1675
f 1690/688/1675 1691/689/1677 1659/656/1676
f 1691/689/1677 1660/658/1679 1628/626/1643
f 1692/690/1678 1693/692/1709 1661/657/1644
f 1661/657/1644 1693/692/1709 1694/691/1680
f 1662/659/1645 1694/691/1680 1695/693/1681
f 1663/661/1682 1695/693/1681 1696/694/1683
f 1696/694/1683 1697/695/1684 1665/662/1648
f 1697/695/1684 1698/697/1715 1666/663/1649
f 1666/663/1649 1698/697/1715 1699/696/1685
f 1699/698/1685 1700/699/1686 1668/665/1651
f 1700/699/1686 1701/701/1718 1669/667/1653
f 1669/667/1653 1701/701/1718 1702/700/1687
f 1670/668/1654 1702/700/1687 1703/702/1688
f 1671/669/1655 1703/702/1688 1704/703/1689
f 1704/703/1689 1705/704/1691 1673/670/1657
f 1705/704/1691 1706/706/1724 1674/672/1658
f 1674/672/1658 1706/706/1724 1707/705/1692
f 1675/674/1693 1707/705/1692 1708/707/1694
f 1708/707/1694 1709/709/1728 1677/675/1661
f 1677/675/1661 1709/709/1728 1710/708/1695
f 1678/676/1662 1710/708/1695 1711/710/1696
f 1711/710/1696 1712/711/1698 1680/679/1697
f 1712/711/1698 1713/712/1699 1681/678/1665
f 1713/712/1699 1714/714/1733 1682/680/1666
f 1682/680/1666 1714/714/1733 1715/713/1700
f 1715/713/1700 1716/715/1701 1684/681/1668
f 1716/715/1701 1717/717/1736 1685/683/1670
f 1685/683/1670 1717/717/1736 1718/716/1702
f 1686/684/1671 1718/716/1702 1719/718/1703
f 1687/686/1704 1719/718/1703 1720/719/1705
f 1720/719/1705 1721/720/1706 1689/687/1674
f 1721/720/1706 1722/722/1742 1690/688/1675
f 1690/688/1675 1722/722/1742 1723/721/1707
f 1723/721/1707 1692/690/1678 1660/658/1679
f 1724/1149/1708 1725/1150/1710 1693/692/1709
f 1725/1150/1710 1726/1151/1711 1694/691/1680
f 1726/1151/1711 1727/1152/1712 1695/693/1681
f 1727/1152/1712 1728/1181/1748 1696/694/1683
f 1696/694/1683 1728/1181/1748 1729/1153/1713
f 1697/695/1684 1729/1153/1713 1730/1154/1714
f 1730/1154/1714 1731/1184/1716 1699/696/1685
f 1731/1155/1716 1732/1156/1717 1700/699/1686
f 1732/1156/1717 1733/1157/1719 1701/701/1718
f 1733/1157/1719 1734/1158/1720 1702/700/1687
f 1734/1158/1720 1735/1189/1754 1703/702/1688
f 1703/702/1688 1735/1189/1754 1736/1159/1721
f 1704/703/1689 1736/1159/1721 1737/1160/1722
f 1705/704/1691 1737/1160/1722 1738/1161/1723
f 1706/706/1724 1738/1161/1723 1739/1162/1725
f 1707/705/1692 1739/1162/1725 1740/1163/1726
f 1708/707/1694 1740/1163/1726 1741/1164/1727
f 1741/1164/1727 1742/1165/1729 1710/708/1695
f 1742/1165/1729 1743/1166/1730 1711/710/1696
f 1743/1166/1730 1744/1196/1761 1712/711/1698
f 1712/711/1698 1744/1196/1761 1745/1167/1731
f 1713/712/1699 1745/1167/1731 1746/1168/1732
f 1714/714/1733 1746/1168/1732 1747/1169/1734
f 1715/713/1700 1747/1169/1734 1748/1170/1735
f 1748/1170/1735 1749/1171/1737 1717/717/1736
f 1749/1171/1737 1750/1172/1738 1718/716/1702
f 1750/1172/1738 1751/1203/1768 1719/718/1703
f 1719/718/1703 1751/1203/1768 1752/1173/1739
f 1720/719/1705 1752/1173/1739 1753/1174/1740
f 1721/720/1706 1753/1174/1740 1754/1175/1741
f 1722/722/1742 1754/1175/1741 1755/1176/1743
f 1755/1176/1743 1724/1149/1708 1692/690/1678
f 1787/1177/1744 1756/1178/1745 1725/1150/1710
f 1756/1178/1745 1757/1179/1746 1726/1151/1711
f 1757/1179/1746 1758/1212/1777 1727/1152/1712
f 1727/1152/1712 1758/1212/1777 1759/1180/1747
f 1759/1180/1747 1760/1215/1780 1729/1153/1713
f 1729/1153/1713 1760/1215/1780 1761/1182/1749
f 1730/1154/1714 1761/1182/1749 1762/1183/1750
f 1762/1185/1750 1763/1219/1783 1732/1156/1717
f 1732/1156/1717 1763/1219/1783 1764/1186/1751
f 1733/1157/1719 1764/1186/1751 1765/1187/1752
f 1734/1158/1720 1765/1187/1752 1766/1188/1753
f 1766/1188/1753 1767/1223/1787 1736/1159/1721
f 1736/1159/1721 1767/1223/1787 1768/1190/1755
f 1737/1160/1722 1768/1190/1755 1769/1191/1756
f 1769/1191/1756 1770/1192/1757 1739/1162/1725
f 1770/1192/1757 1771/1193/1758 1740/1163/1726
f 1771/1193/1758 1772/1228/1792 1741/1164/1727
f 1741/1164/1727 1772/1228/1792 1773/1194/1759
f 1773/1194/1759 1774/1195/1760 1743/1166/1730
f 1774/1195/1760 1775/1209/1774 1744/1196/1761
f 1744/1196/1761 1775/1209/1774 1776/1197/1762
f 1776/1197/1762 1777/1198/1763 1746/1168/1732
f 1777/1198/1763 1778/1199/1764 1747/1169/1734
f 1778/1199/1764 1779/1200/1765 1748/1170/1735
f 1779/1200/1765 1780/1201/1766 1749/1171/1737
f 1780/1201/1766 1781/1202/1767 1750/1172/1738
f 1781/1202/1767 1782/1204/1769 1751/1203/1768
f 1782/1204/1769 1783/1205/1770 1752/1173/1739
f 1783/1205/1770 1784/1239/1803 1753/1174/1740
f 1753/1174/1740 1784/1239/1803 1785/1206/1771
f 1785/1206/1771 1786/1242/1806 1755/1176/1743
f 1755/1176/1743 1786/1242/1806 1787/1177/1744
f 1765/1187/1752 1788/1207/1772 1766/1188/1753
f 1773/1194/1759 1789/1208/1773 1774/1195/1760
f 1787/1177/1744 1819/1244/1808 1790/1210/1775
f 1756/1178/1745 1790/1210/1775 1791/1211/1776
f 1791/1211/1776 1792/1213/1778 1758/1212/1777
f 1792/1213/1778 1793/1214/1779 1759/1180/1747
f 1793/1214/1779 1794/1249/1813 1760/1215/1780
f 1760/1215/1780 1794/1249/1813 1795/1216/1781
f 1761/1182/1749 1795/1216/1781 1796/1217/1782
f 1796/1218/1782 1797/1220/1784 1763/1219/1783
f 1797/1220/1784 1798/1221/1785 1764/1186/1751
f 1799/1222/1786 1800/1255/1819 1767/1223/1787
f 1767/1223/1787 1800/1255/1819 1801/1224/1788
f 1801/1224/1788 1802/1225/1789 1769/1191/1756
f 1802/1225/1789 1803/1226/1790 1770/1192/1757
f 1803/1226/1790 1804/1227/1791 1771/1193/1758
f 1804/1227/1791 1805/1229/1793 1772/1228/1792
f 1805/1229/1793 1806/1230/1794 1773/1194/1759
f 1775/1209/1774 1807/1231/1795 1776/1197/1762
f 1807/1231/1795 1808/1232/1796 1777/1198/1763
f 1808/1232/1796 1809/1233/1797 1778/1199/1764
f 1809/1233/1797 1810/1234/1798 1779/1200/1765
f 1810/1234/1798 1811/1235/1799 1780/1201/1766
f 1811/1235/1799 1812/1236/1800 1781/1202/1767
f 1812/1236/1800 1813/1237/1801 1782/1204/1769
f 1813/1237/1801 1814/1238/1802 1783/1205/1770
f 1814/1238/1802 1815/1240/1804 1784/1239/1803
f 1815/1240/1804 1816/1270/1834 1785/1206/1771
f 1785/1206/1771 1816/1270/1834 1817/1241/1805
f 1817/1241/1805 1819/1244/1808 1787/1177/1744
f 1819/1244/1808 1820/1273/1838 1821/1245/1809
f 1821/1245/1809 1822/1246/1810 1791/1211/1776
f 1822/1246/1810 1823/1247/1811 1792/1213/1778
f 1823/1247/1811 1824/1248/1812 1793/1214/1779
f 1824/1248/1812 1825/1274/1842 1794/1249/1813
f 1794/1249/1813 1825/1274/1842 1826/1250/1814
f 1826/1250/1814 1827/1275/1815 1796/1217/1782
f 1827/1251/1815 1828/1276/1846 1797/1220/1784
f 1797/1220/1784 1828/1276/1846 1829/1252/1816
f 1829/1252/1816 1830/1253/1817 1788/1207/1772
f 1830/1253/1817 1831/1254/1818 1799/1222/1786
f 1831/1254/1818 1832/1277/1849 1800/1255/1819
f 1800/1255/1819 1832/1277/1849 1833/1256/1820
f 1801/1224/1788 1833/1256/1820 1834/1257/1821
f 1834/1257/1821 1835/1278/1852 1803/1226/1790
f 1803/1226/1790 1835/1278/1852 1836/1258/1822
f 1836/1258/1822 1837/1259/1823 1805/1229/1793
f 1837/1259/1823 1838/1260/1824 1806/1230/1794
f 1838/1260/1824 1839/1261/1825 1789/1208/1773
f 1839/1261/1825 1840/1279/1858 1818/1243/1807
f 1818/1243/1807 1840/1279/1858 1841/1262/1826
f 1807/1231/1795 1841/1262/1826 1842/1263/1827
f 1808/1232/1796 1842/1263/1827 1843/1264/1828
f 1843/1264/1828 1844/1265/1829 1810/1234/1798
f 1844/1265/1829 1845/1266/1830 1811/1235/1799
f 1845/1266/1830 1846/1267/1831 1812/1236/1800
f 1846/1267/1831 1847/1280/1864 1813/1237/1801
f 1813/1237/1801 1847/1280/1864 1848/1268/1832
f 1814/1238/1802 1848/1268/1832 1849/1269/1833
f 1849/1269/1833 1850/1271/1835 1816/1270/1834
f 1850/1271/1835 1851/1272/1836 1817/1241/1805
f 1851/1272/1836 1820/1273/1838 1819/1244/1808
f 1852/788/1837 1853/789/1839 1821/1245/1809
f 1853/789/1839 1854/791/1870 1822/1246/1810
f 1822/1246/1810 1854/791/1870 1855/790/1840
f 1823/1247/1811 1855/790/1840 1856/792/1841
f 1856/792/1841 1857/794/1873 1825/1274/1842
f 1825/1274/1842 1857/794/1873 1858/793/1843
f 1826/1250/1814 1858/793/1843 1859/795/1844
f 1827/1251/1815 1859/797/1844 1860/796/1845
f 1860/796/1845 1861/798/1847 1829/1252/1816
f 1861/798/1847 1862/800/1879 1830/1253/1817
f 1830/1253/1817 1862/800/1879 1863/799/1848
f 1863/799/1848 1864/801/1850 1832/1277/1849
f 1864/801/1850 1865/803/1882 1833/1256/1820
f 1833/1256/1820 1865/803/1882 1866/802/1851
f 1866/802/1851 1867/804/1853 1835/1278/1852
f 1867/804/1853 1868/805/1854 1836/1258/1822
f 1868/805/1854 1869/806/1855 1837/1259/1823
f 1869/806/1855 1870/808/1888 1838/1260/1824
f 1838/1260/1824 1870/808/1888 1871/807/1856
f 1839/1261/1825 1871/807/1856 1872/809/1857
f 1872/809/1857 1873/811/1891 1841/1262/1826
f 1841/1262/1826 1873/811/1891 1874/810/1859
f 1874/810/1859 1875/812/1860 1843/1264/1828
f 1875/812/1860 1876/813/1861 1844/1265/1829
f 1876/813/1861 1877/814/1862 1845/1266/1830
f 1877/814/1862 1878/816/1897 1846/1267/1831
f 1846/1267/1831 1878/816/1897 1879/815/1863
f 1879/815/1863 1880/817/1865 1848/1268/1832
f 1880/817/1865 1881/819/1900 1849/1269/1833
f 1849/1269/1833 1881/819/1900 1882/818/1866
f 1850/1271/1835 1882/818/1866 1883/820/1867
f 1883/820/1867 1852/788/1837 1820/1273/1838
f 1852/788/1837 1884/822/1905 1885/821/1868
f 1853/789/1839 1885/821/1868 1886/823/1869
f 1854/791/1870 1886/823/1869 1887/824/1871
f 1855/790/1840 1887/824/1871 1888/825/1872
f 1888/825/1872 1889/826/1874 1857/794/1873
f 1889/826/1874 1890/827/1875 1858/793/1843
f 1890/827/1875 1891/1148/1876 1859/795/1844
f 1891/829/1876 1892/828/1910 1860/796/1845
f 1860/796/1845 1892/828/1910 1893/830/1877
f 1861/798/1847 1893/830/1877 1894/831/1878
f 1862/800/1879 1894/831/1878 1895/832/1880
f 1895/832/1880 1896/833/1881 1864/801/1850
f 1896/833/1881 1897/834/1883 1865/803/1882
f 1897/834/1883 1898/835/1884 1866/802/1851
f 1898/835/1884 1899/836/1885 1867/804/1853
f 1899/836/1885 1900/838/1917 1868/805/1854
f 1868/805/1854 1900/838/1917 1901/837/1886
f 1869/806/1855 1901/837/1886 1902/839/1887
f 1870/808/1888 1902/839/1887 1903/840/1889
f 1871/807/1856 1903/840/1889 1904/841/1890
f 1904/841/1890 1905/842/1892 1873/811/1891
f 1905/842/1892 1906/843/1893 1874/810/1859
f 1906/843/1893 1907/844/1894 1875/812/1860
f 1907/844/1894 1908/846/1923 1876/813/1861
f 1876/813/1861 1908/846/1923 1909/845/1895
f 1877/814/1862 1909/845/1895 1910/847/1896
f 1878/816/1897 1910/847/1896 1911/848/1898
f 1879/815/1863 1911/848/1898 1912/849/1899
f 1912/849/1899 1913/850/1901 1881/819/1900
f 1913/850/1901 1914/851/1902 1882/818/1866
f 1914/851/1902 1915/852/1903 1883/820/1867
f 1915/852/1903 1884/822/1905 1852/788/1837
f 1916/854/1904 1917/857/1929 1885/853/1868
f 1885/853/1868 1917/857/1929 1918/856/1906
f 1918/856/1906 1919/861/1907 1887/858/1871
f 1919/861/1907 1920/863/1933 1888/860/1872
f 1888/860/1872 1920/863/1933 1921/862/1908
f 1921/862/1908 1922/867/1935 1890/864/1875
f 1890/864/1875 1922/867/1935 1923/866/1909
f 1923/866/1909 1924/871/1911 1892/868/1910
f 1924/871/1911 1925/873/1938 1893/870/1877
f 1893/870/1877 1925/873/1938 1926/872/1912
f 1926/872/1912 1927/877/1913 1895/874/1880
f 1927/877/1913 1928/879/1941 1896/876/1881
f 1896/876/1881 1928/879/1941 1929/878/1914
f 1929/878/1914 1930/883/1944 1898/880/1884
f 1898/880/1884 1930/883/1944 1931/882/1915
f 1899/884/1885 1931/882/1915 1932/885/1916
f 1932/885/1916 1933/889/1947 1901/886/1886
f 1901/886/1886 1933/889/1947 1934/888/1918
f 1934/888/1918 1935/893/1919 1903/890/1889
f 1935/893/1919 1936/895/1950 1904/892/1890
f 1904/892/1890 1936/895/1950 1937/894/1920
f 1937/894/1920 1938/899/1953 1906/896/1893
f 1906/896/1893 1938/899/1953 1939/898/1921
f 1907/900/1894 1939/898/1921 1940/901/1922
f 1940/901/1922 1941/905/1956 1909/902/1895
f 1909/902/1895 1941/905/1956 1942/904/1924
f 1942/904/1924 1943/909/1958 1911/906/1898
f 1911/906/1898 1943/909/1958 1944/911/1925
f 1912/908/1899 1944/911/1925 1945/910/1926
f 1945/910/1926 1946/915/1961 1914/912/1902
f 1914/912/1902 1946/915/1961 1947/914/1927
f 1947/914/1927 1916/854/1904 1884/855/1905
f 1948/917/1928 1949/918/1930 1917/857/1929
f 1949/918/1930 1950/919/1965 1918/856/1906
f 1918/856/1906 1950/919/1965 1951/921/1931
f 1919/861/1907 1951/921/1931 1952/920/1932
f 1952/920/1932 1953/923/1968 1921/862/1908
f 1921/862/1908 1953/923/1968 1954/922/1934
f 1922/867/1935 1954/922/1934 1955/924/1936
f 1923/866/1909 1955/924/1936 1956/925/1937
f 1956/925/1937 1957/926/1939 1925/873/1938
f 1957/926/1939 1958/928/1974 1926/872/1912
f 1926/872/1912 1958/928/1974 1959/927/1940
f 1959/927/1940 1960/929/1942 1928/879/1941
f 1960/929/1942 1961/931/1943 1929/878/1914
f 1961/931/1943 1962/930/1978 1930/883/1944
f 1930/883/1944 1962/930/1978 1963/932/1945
f 1963/932/1945 1964/933/1946 1932/885/1916
f 1964/933/1946 1965/934/1948 1933/889/1947
f 1965/934/1948 1966/936/1983 1934/888/1918
f 1934/888/1918 1966/936/1983 1967/935/1949
f 1967/935/1949 1968/937/1951 1936/895/1950
f 1968/937/1951 1969/939/1952 1937/894/1920
f 1969/939/1952 1970/938/1987 1938/899/1953
f 1938/899/1953 1970/938/1987 1971/940/1954
f 1971/940/1954 1972/941/1955 1940/901/1922
f 1972/941/1955 1973/943/1991 1941/905/1956
f 1941/905/1956 1973/943/1991 1974/942/1957
f 1974/942/1957 1975/945/1994 1943/909/1958
f 1943/909/1958 1975/945/1994 1976/944/1959
f 1976/944/1959 1977/947/1996 1945/910/1926
f 1945/910/1926 1977/947/1996 1978/946/1960
f 1946/915/1961 1978/946/1960 1979/948/1962
f 1979/948/1962 1948/917/1928 1916/854/1904
f 1948/917/1928 1980/950/1999 1981/949/1963
f 1949/918/1930 1981/949/1963 1982/951/1964
f 1950/919/1965 1982/951/1964 1983/952/1966
f 1983/952/1966 1984/953/1967 1952/920/1932
f 1984/953/1967 1985/954/1969 1953/923/1968
f 1985/954/1969 1986/955/1970 1954/922/1934
f 1986/955/1970 1987/957/2007 1955/924/1936
f 1955/924/1936 1987/957/2007 1988/956/1971
f 1956/925/1937 1988/956/1971 1989/958/1972
f 1957/926/1939 1989/958/1972 1990/959/1973
f 1958/928/1974 1990/959/1973 1991/960/1975
f 1959/927/1940 1991/960/1975 1992/961/1976
f 1992/961/1976 1993/962/1977 1961/931/1943
f 1993/962/1977 1994/963/1979 1962/930/1978
f 1994/963/1979 1995/965/1980 1963/932/1945
f 1995/965/1980 1996/964/2016 1964/933/1946
f 1964/933/1946 1996/964/2016 1997/966/1981
f 1965/934/1948 1997/966/1981 1998/967/1982
f 1966/936/1983 1998/967/1982 1999/968/1984
f 1999/968/1984 2000/969/1985 1968/937/1951
f 2000/969/1985 2001/970/1986 1969/939/1952
f 2001/970/1986 2002/971/1988 1970/938/1987
f 2002/971/1988 2003/973/2023 1971/940/1954
f 1971/940/1954 2003/973/2023 2004/972/1989
f 1972/941/1955 2004/972/1989 2005/974/1990
f 1973/943/1991 2005/974/1990 2006/975/1992
f 1974/942/1957 2006/975/1992 2007/976/1993
f 2007/976/1993 2008/977/1995 1976/944/1959
f 2008/977/1995 2009/978/1997 1977/947/1996
f 2009/978/1997 2010/979/1998 1978/946/1960
f 2010/979/1998 2011/980/2031 1979/948/1962
f 1979/948/1962 2011/980/2031 1980/950/1999
f 2012/981/2000 2013/982/2001 1981/949/1963
f 2013/982/2001 2014/983/2002 1982/951/1964
f 2014/983/2002 2015/984/2003 1983/952/1966
f 2015/984/2003 2016/986/2036 1984/953/1967
f 1984/953/1967 2016/986/2036 2017/985/2004
f 1985/954/1969 2017/985/2004 2018/987/2005
f 1986/955/1970 2018/987/2005 2019/988/2006
f 2019/988/2006 2020/989/2008 1988/956/1971
f 2020/989/2008 2021/990/2009 1989/958/1972
f 2021/990/2009 2022/991/2010 1990/959/1973
f 2022/991/2010 2023/993/2043 1991/960/1975
f 1991/960/1975 2023/993/2043 2024/992/2011
f 1992/961/1976 2024/992/2011 2025/994/2012
f 1993/962/1977 2025/994/2012 2026/995/2013
f 1994/963/1979 2026/995/2013 2027/996/2014
f 1995/965/1980 2027/996/2014 2028/997/2015
f 2028/997/2015 2029/998/2017 1997/966/1981
f 2029/998/2017 2030/999/2018 1998/967/1982
f 2030/999/2018 2031/1000/2051 1999/968/1984
f 1999/968/1984 2031/1000/2051 2032/1002/2019
f 2000/969/1985 2032/1002/2019 2033/1001/2020
f 2001/970/1986 2033/1001/2020 2034/1003/2021
f 2002/971/1988 2034/1003/2021 2035/1004/2022
f 2035/1004/2022 2036/1005/2024 2004/972/1989
f 2036/1005/2024 2037/1006/2025 2005/974/1990
f 2037/1006/2025 2038/1007/2026 2006/975/1992
f 2038/1007/2026 2039/1009/2059 2007/976/1993
f 2007/976/1993 2039/1009/2059 2040/1008/2027
f 2008/977/1995 2040/1008/2027 2041/1010/2028
f 2009/978/1997 2041/1010/2028 2042/1011/2029
f 2010/979/1998 2042/1011/2029 2043/1012/2030
f 2043/1012/2030 2012/981/2000 1980/950/1999
f 2012/981/2000 2044/1290/2063 2045/1013/2032
f 2013/982/2001 2045/1013/2032 2046/1015/2033
f 2014/983/2002 2046/1015/2033 2047/1016/2034
f 2015/984/2003 2047/1016/2034 2048/1017/2035
f 2048/1017/2035 2049/1018/2037 2017/985/2004
f 2049/1018/2037 2050/1281/2038 2018/987/2005
f 2050/1281/2038 2051/1282/2039 2019/988/2006
f 2051/1282/2039 2052/1020/2095 2020/989/2008
f 2020/989/2008 2052/1020/2095 2053/1022/2040
f 2021/990/2009 2053/1022/2040 2054/1283/2041
f 2022/991/2010 2054/1283/2041 2055/1284/2042
f 2055/1284/2042 2056/1025/2044 2024/992/2011
f 2056/1025/2044 2057/1026/2045 2025/994/2012
f 2057/1026/2045 2058/1027/2046 2026/995/2013
f 2058/1027/2046 2074/1285/2047 2027/996/2014
f 2074/1285/2047 2073/1292/2065 2028/997/2015
f 2028/997/2015 2073/1292/2065 2059/1286/2048
f 2029/998/2017 2059/1286/2048 2060/1031/2049
f 2030/999/2018 2060/1031/2049 2061/1032/2050
f 2061/1032/2050 2075/1287/2052 2032/1002/2019
f 2075/1287/2052 2062/1288/2053 2033/1001/2020
f 2062/1288/2053 2063/1035/2054 2034/1003/2021
f 2063/1035/2054 2064/1036/2055 2035/1004/2022
f 2064/1036/2055 2065/1038/2096 2036/1005/2024
f 2036/1005/2024 2065/1038/2096 2066/1037/2056
f 2037/1006/2025 2066/1037/2056 2067/1289/2057
f 2038/1007/2026 2067/1289/2057 2068/1040/2058
f 2068/1040/2058 2069/1041/2060 2040/1008/2027
f 2069/1041/2060 2070/1042/2061 2041/1010/2028
f 2070/1042/2061 2071/1043/2062 2042/1011/2029
f 2071/1043/2062 2072/1291/2064 2043/1012/2030
f 2043/1012/2030 2072/1291/2064 2044/1290/2063
f 2072/1291/2064 2071/1043/2062 2070/1042/2061
f 2067/1289/2057 2069/1041/2060 2068/1040/2058
f 2066/1037/2056 2065/1038/2096 2062/1288/2053
f 2062/1288/2053 2065/1038/2096 2064/1036/2055
f 2062/1288/2053 2064/1036/2055 2063/1035/2054
f 2075/1287/2052 2061/1032/2050 2060/1031/2049
f 2073/1292/2065 2075/1287/2052 2060/1031/2049
f 2074/1285/2047 2058/1027/2046 2057/1026/2045
f 2054/1283/2041 2056/1025/2044 2055/1284/2042
f 2053/1022/2040 2052/1020/2095 2051/1282/2039
f 2051/1282/2039 2050/1281/2038 2049/1018/2037
f 2051/1282/2039 2047/1016/2034 2046/1015/2033
f 2044/1290/2063 2051/1282/2039 2046/1015/2033
f 2075/1287/2052 2073/1292/2065 2074/1285/2047
f 2074/1285/2047 2044/1290/2063 2067/1289/2057
f 1376/467/1466 2083/1108/2089 2084/1107/2066
f 2086/1140/2067 2087/1136/2097 1372/470/1470
f 2088/1135/2068 2089/1134/2075 1370/474/1472
f 1354/490/1488 2105/1126/2082 2106/1139/2069
f 1374/469/1468 2085/1106/2090 2086/1140/2067
f 1352/491/1490 2107/1138/2098 2079/1124/2070
f 2098/1132/2071 2099/1119/2084 1360/483/1482
f 2096/1133/2072 2097/1131/2077 1362/482/1480
f 2080/1110/2073 2081/1128/2081 1378/466/1464
f 2106/1139/2069 2107/1138/2098 1352/491/1490
f 2076/1123/2074 2077/1103/2099 1341/493/1340
f 1372/470/1470 2087/1136/2097 2088/1135/2068
f 2089/1134/2075 2090/1117/2085 1369/473/1473
f 2095/1125/2076 2096/1133/2072 1363/480/1479
f 2097/1131/2077 2098/1132/2071 1361/481/1481
f 1358/485/1484 2101/1113/2100 2102/1130/2078
f 1368/475/1474 2091/1118/2101 2092/1115/2079
f 1357/487/1485 2102/1130/2078 2103/1112/2080
f 2081/1128/2081 2082/1109/2102 1377/465/1465
f 1355/488/1487 2104/1127/2087 2105/1126/2082
f 1365/479/1477 2094/1121/2103 2095/1125/2076
f 1351/492/1491 2079/1124/2070 2076/1123/2074
f 2093/1116/2083 2094/1121/2103 1365/479/1477
f 2099/1119/2084 2100/1114/2086 1359/484/1483
f 2090/1117/2085 2091/1118/2101 1368/475/1474
f 1367/476/1475 2092/1115/2079 2093/1116/2083
f 2100/1114/2086 2101/1113/2100 1358/485/1484
f 1356/486/1486 2103/1112/2080 2104/1111/2087
f 2078/1105/2088 2080/1110/2073 1379/464/1463
f 1377/465/1465 2082/1109/2102 2083/1108/2089
f 1375/468/1467 2084/1107/2066 2085/1106/2090
f 1341/493/1340 2077/1103/2099 2078/1105/2088
