# Blender 4.0.0
# www.blender.org
o Juice001
v -0.04000600 -0.03267400 0.00539300
v -0.03279200 -0.03984000 0.00539300
v -0.01490800 -0.04932100 0.00539300
v 0.00524300 -0.05123700 0.00539300
v 0.04019600 -0.03240200 0.00539300
v 0.01521100 -0.04921900 0.00539300
v -0.05162700 -0.00488600 0.00539300
v -0.04960900 -0.01485400 0.00539300
v -0.04568500 -0.02423700 0.00539300
v 0.02459200 -0.04529600 0.00539300
v 0.04967700 -0.01451700 0.00539300
v 0.04581700 -0.02392600 0.00539300
v 0.04554100 -0.02377900 -0.12691300
v 0.03995300 -0.03220400 -0.12691300
v 0.05131500 -0.00450700 -0.12691300
v -0.05131500 -0.00485500 -0.12691300
v -0.04930900 -0.01476300 -0.12691300
v -0.03976500 -0.03247400 -0.12691300
v -0.03259300 -0.03959700 -0.12691300
v -0.02416900 -0.04518400 -0.12691300
v -0.00489700 -0.05095900 -0.12691300
v 0.00521100 -0.05092500 -0.12691300
v 0.03283000 -0.03937500 -0.12691300
v 0.04937700 -0.01442800 -0.12691300
v -0.04930900 -0.01476300 0.00539300
v -0.04540900 -0.02408800 0.00539300
v -0.03976400 -0.03247500 0.00539300
v -0.03259300 -0.03959700 0.00539300
v -0.02431600 -0.04546200 0.00539300
v -0.02416900 -0.04518500 0.00539300
v -0.01481800 -0.04902100 0.00539300
v -0.00492600 -0.05127200 0.00539300
v 0.00521100 -0.05092500 0.00539300
v 0.01511900 -0.04891900 0.00539300
v 0.02444300 -0.04502000 0.00539300
v 0.03303000 -0.03961700 0.00539300
v 0.03283000 -0.03937500 0.00539300
v 0.03995300 -0.03220400 0.00539300
v 0.04554000 -0.02377900 0.00539300
v 0.05162700 -0.00453600 0.00539300
v -0.05162700 -0.00488700 -0.12691300
v -0.04960900 -0.01485500 -0.12691300
v -0.04541000 -0.02408800 -0.12691300
v -0.04000600 -0.03267300 -0.12691300
v -0.03279100 -0.03984000 -0.12691300
v -0.02431500 -0.04546200 -0.12691300
v -0.01490800 -0.04932100 -0.12691300
v -0.00492600 -0.05127100 -0.12691300
v 0.00524400 -0.05123700 -0.12691300
v 0.01521100 -0.04921900 -0.12691300
v 0.02444400 -0.04502000 -0.12691300
v 0.03302900 -0.03961700 -0.12691300
v 0.04019600 -0.03240100 -0.12691300
v 0.04581800 -0.02392600 -0.12691300
v 0.04967700 -0.01451800 -0.12691300
v 0.05162700 -0.00453600 -0.12691300
v 0.05131500 -0.00450700 0.00539300
v -0.05131500 -0.00485500 0.00539300
v -0.00489600 -0.05096000 0.00539300
v 0.04937700 -0.01442800 0.00539300
v 0.02459300 -0.04529600 -0.12691300
v -0.04568600 -0.02423700 -0.12691300
v -0.01481800 -0.04902100 -0.12691300
v 0.01511900 -0.04891900 -0.12691300
v -0.02985500 0.00310200 0.06846300
v -0.02872800 0.00886900 0.06846300
v -0.02886400 0.00891000 0.10523600
v -0.02999700 0.00311500 0.10523600
v -0.02324900 0.01920300 0.06846300
v -0.02336000 0.01929300 0.10523600
v -0.02662300 0.01437300 0.10523600
v -0.02649700 0.01430600 0.06846300
v -0.01910800 0.02337200 0.06846300
v -0.01919900 0.02348200 0.10523600
v -0.01423300 0.02665400 0.06846300
v -0.01430100 0.02677900 0.10523600
v -0.00881100 0.02892100 0.06846300
v -0.00885300 0.02905700 0.10523600
v -0.00305200 0.03008700 0.06846300
v -0.00306600 0.03022900 0.10523600
v 0.00282500 0.03010700 0.06846300
v 0.00283900 0.03024900 0.10523600
v 0.00859200 0.02898000 0.06846300
v 0.00863300 0.02911700 0.10523600
v 0.01402900 0.02675000 0.06846300
v 0.01409600 0.02687600 0.10523600
v 0.01892600 0.02350200 0.06846300
v 0.01901600 0.02361200 0.10523600
v 0.02309600 0.01936000 0.06846300
v 0.02320600 0.01945100 0.10523600
v 0.02637700 0.01448500 0.06846300
v 0.02650300 0.01455300 0.10523600
v 0.02864500 0.00906300 0.06846300
v 0.02878100 0.00910500 0.10523600
v 0.02981100 0.00330400 0.06846300
v 0.02995200 0.00331900 0.10523600
v 0.02983000 -0.00257300 0.06846300
v 0.02997200 -0.00258600 0.10523600
v 0.02870400 -0.00834000 0.06846300
v 0.02884000 -0.00838100 0.10523600
v 0.02647300 -0.01377700 0.06846300
v 0.02659900 -0.01384400 0.10523600
v 0.02322500 -0.01867400 0.06846300
v 0.02333600 -0.01876400 0.10523600
v 0.01908400 -0.02284400 0.06846300
v 0.01917400 -0.02295400 0.10523600
v 0.01420900 -0.02612500 0.06846300
v 0.01427700 -0.02625000 0.10523600
v 0.00878700 -0.02839200 0.06846300
v 0.00882900 -0.02852900 0.10523600
v 0.00302800 -0.02955800 0.06846300
v 0.00304200 -0.02970000 0.10523600
v -0.00284900 -0.02957800 0.06846300
v -0.00286300 -0.02972000 0.10523600
v -0.00861600 -0.02845100 0.06846300
v -0.00865700 -0.02858800 0.10523600
v -0.01405400 -0.02622100 0.06846300
v -0.01412100 -0.02634700 0.10523600
v -0.01895000 -0.02297300 0.06846300
v -0.01904100 -0.02308300 0.10523600
v -0.02312000 -0.01883100 0.06846300
v -0.02323000 -0.01892200 0.10523600
v -0.02640100 -0.01395700 0.06846300
v -0.02652700 -0.01402400 0.10523600
v -0.02866900 -0.00853500 0.06846300
v -0.02880500 -0.00857600 0.10523600
v -0.02983500 -0.00277500 0.06846300
v -0.02997700 -0.00279000 0.10523600
v -0.02950600 -0.00274200 0.10839400
v -0.02952500 0.00307000 0.10839400
v -0.02835300 -0.00843700 0.10839400
v -0.02611000 -0.01380000 0.10839400
v -0.02286500 -0.01862100 0.10839400
v -0.01874100 -0.02271600 0.10839400
v -0.01389900 -0.02592800 0.10839400
v -0.00852100 -0.02813400 0.10839400
v -0.00281800 -0.02924900 0.10839400
v 0.00299400 -0.02922900 0.10839400
v 0.00869000 -0.02807600 0.10839400
v 0.01405200 -0.02583400 0.10839400
v 0.01887300 -0.02258900 0.10839400
v 0.02296900 -0.01846500 0.10839400
v 0.02618100 -0.01362200 0.10839400
v 0.02838700 -0.00824500 0.10839400
v 0.02950100 -0.00254200 0.10839400
v 0.02948100 0.00327100 0.10839400
v 0.02832800 0.00896600 0.10839400
v 0.02608600 0.01432800 0.10839400
v 0.02284100 0.01914900 0.10839400
v 0.01871700 0.02324500 0.10839400
v 0.01387400 0.02645700 0.10839400
v 0.00849700 0.02866300 0.10839400
v 0.00279400 0.02977800 0.10839400
v -0.00301800 0.02975800 0.10839400
v -0.00871400 0.02860500 0.10839400
v -0.01407600 0.02636200 0.10839400
v -0.01889700 0.02311700 0.10839400
v -0.02299300 0.01899400 0.10839400
v -0.02620500 0.01415100 0.10839400
v -0.02841100 0.00877400 0.10839400
v -0.02845400 0.00296800 0.11177100
v -0.02843500 -0.00263300 0.11177100
v -0.02732400 -0.00812200 0.11177100
v -0.02516300 -0.01328900 0.11177100
v -0.02203600 -0.01793500 0.11177100
v -0.01806100 -0.02188200 0.11177100
v -0.01339500 -0.02497800 0.11177100
v -0.00821200 -0.02710300 0.11177100
v -0.00271600 -0.02817700 0.11177100
v 0.00288500 -0.02815800 0.11177100
v 0.00837400 -0.02704700 0.11177100
v 0.01354100 -0.02488600 0.11177100
v 0.01818700 -0.02175900 0.11177100
v 0.02213400 -0.01778500 0.11177100
v 0.02523000 -0.01311800 0.11177100
v 0.02735600 -0.00793600 0.11177100
v 0.02842900 -0.00244000 0.11177100
v 0.02841000 0.00316100 0.11177100
v 0.02729900 0.00865000 0.11177100
v 0.02513800 0.01381800 0.11177100
v 0.02201100 0.01846300 0.11177100
v 0.01803700 0.02241100 0.11177100
v 0.01337000 0.02550600 0.11177100
v 0.00818800 0.02763200 0.11177100
v 0.00269200 0.02870600 0.11177100
v -0.00290900 0.02868700 0.11177100
v -0.00839800 0.02757600 0.11177100
v -0.01356600 0.02541500 0.11177100
v -0.02525400 0.01364700 0.11177100
v -0.02738000 0.00846500 0.11177100
v -0.02661300 0.00823500 0.11350300
v -0.02454700 0.01327200 0.11350300
v -0.02175100 0.01179000 0.11543700
v -0.02358200 0.00732700 0.11543700
v -0.01821100 0.02228800 0.11177100
v -0.02215900 0.01831400 0.11177100
v -0.02343400 0.00727500 0.12101700
v -0.02763800 -0.00255200 0.11350300
v -0.02765700 0.00289300 0.11350300
v -0.02450700 0.00259300 0.11543700
v -0.02449100 -0.00223100 0.11543700
v -0.02655800 -0.00788600 0.11350300
v -0.02353400 -0.00695800 0.11543700
v -0.02445800 -0.01290900 0.11350300
v -0.02167200 -0.01140800 0.11543700
v -0.02141800 -0.01742500 0.11350300
v -0.01897900 -0.01540900 0.11543700
v -0.01755600 -0.02126100 0.11350300
v -0.01555700 -0.01880900 0.11543700
v -0.01301900 -0.02427000 0.11350300
v -0.01153700 -0.02147500 0.11543700
v -0.00798300 -0.02633600 0.11350300
v -0.00707400 -0.02330600 0.11543700
v -0.00264000 -0.02738000 0.11350300
v -0.00234100 -0.02423000 0.11543700
v 0.00280400 -0.02736200 0.11350300
v 0.00248300 -0.02421400 0.11543700
v 0.00813900 -0.02628200 0.11350300
v 0.00721000 -0.02325700 0.11543700
v 0.01316100 -0.02418100 0.11350300
v 0.01166100 -0.02139600 0.11543700
v 0.01767700 -0.02114200 0.11350300
v 0.01566200 -0.01870300 0.11543700
v 0.02151400 -0.01727900 0.11350300
v 0.01906100 -0.01528000 0.11543700
v 0.02452200 -0.01274300 0.11350300
v 0.02172700 -0.01126100 0.11543700
v 0.02658900 -0.00770600 0.11350300
v 0.02355800 -0.00679800 0.11543700
v 0.02763200 -0.00236400 0.11350300
v 0.02448300 -0.00206500 0.11543700
v 0.02761400 0.00308000 0.11350300
v 0.02446600 0.00275900 0.11543700
v 0.02653400 0.00841500 0.11350300
v 0.02350900 0.00748700 0.11543700
v 0.02443300 0.01343800 0.11350300
v 0.02164800 0.01193700 0.11543700
v 0.02139400 0.01795300 0.11350300
v 0.01895500 0.01593800 0.11543700
v 0.01753100 0.02179000 0.11350300
v 0.01553200 0.01933800 0.11543700
v 0.01299500 0.02479900 0.11350300
v 0.01151300 0.02200300 0.11543700
v 0.00795800 0.02686500 0.11350300
v 0.00705000 0.02383400 0.11543700
v 0.00261600 0.02790900 0.11350300
v 0.00231700 0.02475900 0.11543700
v -0.00282800 0.02789000 0.11350300
v -0.00250700 0.02474300 0.11543700
v -0.00816300 0.02681000 0.11350300
v -0.00723400 0.02378600 0.11543700
v -0.01318600 0.02471000 0.11350300
v -0.01168500 0.02192500 0.11543700
v -0.01770100 0.02167100 0.11350300
v -0.01568600 0.01923200 0.11543700
v -0.02153800 0.01780800 0.11350300
v -0.01908500 0.01580900 0.11543700
v -0.02433500 -0.00220800 0.12101700
v -0.02341700 -0.00683600 0.12102800
v -0.02155400 -0.01133800 0.12104600
v -0.01886300 -0.01530400 0.12101700
v -0.01547000 -0.01870200 0.12104000
v -0.01145800 -0.02134000 0.12101700
v -0.00709900 -0.02314400 0.12103400
v -0.00232800 -0.02409300 0.12104900
v 0.00246700 -0.02405800 0.12100900
v 0.00717000 -0.02312500 0.12104900
v 0.01165200 -0.02123300 0.12103400
v 0.01562800 -0.01853900 0.12102400
v 0.01894400 -0.01517600 0.12101700
v 0.02160800 -0.01119100 0.12104600
v 0.02341000 -0.00674600 0.12101700
v 0.02434600 -0.00204600 0.12104600
v 0.02431000 0.00274400 0.12102100
v 0.02337900 0.00744100 0.12104600
v 0.02151400 0.01185600 0.12101700
v 0.01889200 0.01578300 0.12102400
v 0.01544100 0.01923400 0.12104600
v 0.01138100 0.02190600 0.12103400
v 0.00694100 0.02371300 0.12103400
v 0.00223400 0.02461900 0.12103400
v -0.00249100 0.02458700 0.12100900
v -0.00712400 0.02366500 0.12103400
v -0.01161900 0.02180300 0.12104900
v -0.01564500 0.01907300 0.12103400
v -0.01896400 0.01571000 0.12100900
v -0.02163200 0.01172000 0.12104600
v -0.02458500 0.00762700 0.12248400
v -0.02267600 0.01228000 0.12248400
v -0.02160200 0.01171100 0.12388500
v -0.02342000 0.00727800 0.12388500
v -0.02437000 0.00258000 0.12104900
v -0.02553200 -0.00233700 0.12248400
v -0.02554900 0.00269200 0.12248400
v -0.02453400 -0.00726500 0.12248400
v -0.02259400 -0.01190500 0.12248400
v -0.01978600 -0.01607600 0.12248400
v -0.01621800 -0.01962000 0.12248400
v -0.01202800 -0.02240000 0.12248400
v -0.00737500 -0.02430800 0.12248400
v -0.00244000 -0.02527300 0.12248400
v 0.00258900 -0.02525500 0.12248400
v 0.00751700 -0.02425800 0.12248400
v 0.01215700 -0.02231700 0.12248400
v 0.01632800 -0.01951000 0.12248400
v 0.01987200 -0.01594200 0.12248400
v 0.02265200 -0.01175100 0.12248400
v 0.02456000 -0.00709800 0.12248400
v 0.02552500 -0.00216400 0.12248400
v 0.02550800 0.00286600 0.12248400
v 0.02451000 0.00779400 0.12248400
v 0.02257000 0.01243400 0.12248400
v 0.01976200 0.01660500 0.12248400
v 0.01619400 0.02014900 0.12248400
v 0.01200400 0.02292800 0.12248400
v 0.00735100 0.02483700 0.12248400
v 0.00241600 0.02580100 0.12248400
v -0.00261300 0.02578400 0.12248400
v -0.00754200 0.02478600 0.12248400
v -0.01218100 0.02284600 0.12248400
v -0.01635300 0.02003800 0.12248400
v -0.01989700 0.01647000 0.12248400
v -0.02433900 0.00257700 0.12388500
v -0.02432200 -0.00221400 0.12388500
v -0.02337200 -0.00690800 0.12388500
v -0.02152400 -0.01132800 0.12388500
v -0.01884900 -0.01530200 0.12388500
v -0.01545000 -0.01867800 0.12388500
v -0.01145800 -0.02132500 0.12388500
v -0.00702600 -0.02314400 0.12388500
v -0.00232500 -0.02406200 0.12388500
v 0.00246600 -0.02404600 0.12388500
v 0.00716000 -0.02309500 0.12388500
v 0.01158000 -0.02124700 0.12388500
v 0.01555400 -0.01857300 0.12388500
v 0.01893000 -0.01517300 0.12388500
v 0.02157800 -0.01118200 0.12388500
v 0.02339600 -0.00674900 0.12388500
v 0.02431400 -0.00204900 0.12388500
v 0.02429800 0.00274200 0.12388500
v 0.02334800 0.00743700 0.12388500
v 0.02149900 0.01185700 0.12388500
v 0.01882500 0.01583000 0.12388500
v 0.01542600 0.01920600 0.12388500
v 0.01143400 0.02185400 0.12388500
v 0.00700200 0.02367200 0.12388500
v 0.00230100 0.02459100 0.12388500
v -0.00249000 0.02457500 0.12388500
v -0.00718500 0.02362400 0.12388500
v -0.01160500 0.02177600 0.12388500
v -0.01557800 0.01910100 0.12388500
v -0.01895400 0.01570200 0.12388500
v -0.03001700 0.00311700 0.06330800
v -0.02888400 0.00891500 0.06330800
v -0.02664100 0.01438200 0.06330800
v -0.02337600 0.01930600 0.06330800
v -0.01921100 0.02349800 0.06330800
v -0.01431000 0.02679700 0.06330800
v -0.00885900 0.02907700 0.06330800
v -0.00306800 0.03024900 0.06330800
v 0.00284100 0.03026900 0.06330800
v 0.00863900 0.02913600 0.06330800
v 0.01410600 0.02689400 0.06330800
v 0.01902900 0.02362800 0.06330800
v 0.02322200 0.01946400 0.06330800
v 0.02652100 0.01456300 0.06330800
v 0.02880000 0.00911100 0.06330800
v 0.02997300 0.00332100 0.06330800
v 0.02999300 -0.00258800 0.06330800
v 0.02886000 -0.00838700 0.06330800
v 0.02661700 -0.01385400 0.06330800
v 0.02335100 -0.01877700 0.06330800
v 0.01918700 -0.02296900 0.06330800
v 0.01428600 -0.02626800 0.06330800
v 0.00883500 -0.02854800 0.06330800
v 0.00304400 -0.02972000 0.06330800
v -0.00286500 -0.02974000 0.06330800
v -0.00866300 -0.02860700 0.06330800
v -0.01413000 -0.02636500 0.06330800
v -0.01905300 -0.02309900 0.06330800
v -0.02324600 -0.01893500 0.06330800
v -0.02654500 -0.01403400 0.06330800
v -0.02882500 -0.00858200 0.06330800
v -0.02999700 -0.00279200 0.06330800
v -0.02999400 0.00924800 0.05770200
v -0.02766500 0.01492500 0.05770200
v -0.02430200 0.02005600 0.05756000
v -0.01995000 0.02439200 0.05770200
v -0.01486000 0.02781700 0.05770200
v -0.00919900 0.03018500 0.05770200
v -0.00318600 0.03140200 0.05770200
v 0.00295700 0.03145600 0.05756000
v 0.00897200 0.03024700 0.05770200
v 0.01464900 0.02791800 0.05770200
v 0.01977900 0.02455500 0.05756000
v 0.02411500 0.02020200 0.05770200
v 0.02754100 0.01511300 0.05770200
v 0.02990800 0.00945100 0.05770200
v 0.03116100 0.00344200 0.05755500
v 0.03114700 -0.00269800 0.05770200
v 0.02997000 -0.00871900 0.05770200
v 0.02764100 -0.01439700 0.05770200
v 0.02427800 -0.01952700 0.05756000
v 0.01992600 -0.02386300 0.05770200
v 0.01483600 -0.02728900 0.05770200
v 0.00917500 -0.02965600 0.05770200
v 0.00316200 -0.03087400 0.05770200
v -0.00298200 -0.03092700 0.05756000
v -0.00899600 -0.02971800 0.05770200
v -0.01467300 -0.02738900 0.05770200
v -0.01978600 -0.02399800 0.05770200
v -0.02416700 -0.01969100 0.05756000
v -0.02756500 -0.01458400 0.05770200
v -0.02993300 -0.00892300 0.05770200
v -0.03115000 -0.00290900 0.05770200
v -0.03120600 0.00323000 0.05755500
v -0.03527800 0.01083100 0.04765300
v -0.03253800 0.01750900 0.04765300
v -0.02346300 0.02864300 0.04765300
v -0.01747700 0.03267300 0.04765300
v -0.01081800 0.03545700 0.04765300
v -0.00437200 0.04294500 0.03682700
v 0.01055500 0.03553000 0.04765300
v 0.01723200 0.03279000 0.04765300
v 0.02836700 0.02371500 0.04765300
v 0.03239600 0.01772900 0.04765300
v 0.03518100 0.01107000 0.04765300
v 0.03663700 -0.00322000 0.04765300
v 0.03525300 -0.01030200 0.04765300
v 0.03251400 -0.01698000 0.04765300
v 0.02732300 -0.03281500 0.03681100
v 0.01745300 -0.03214400 0.04765300
v 0.01079400 -0.03492900 0.04765300
v 0.00372100 -0.03636100 0.04765300
v -0.01057900 -0.03500100 0.04765300
v -0.01725700 -0.03226200 0.04765300
v -0.02327000 -0.02827300 0.04765300
v -0.03242000 -0.01720000 0.04765300
v -0.03520500 -0.01054200 0.04765300
v -0.04270300 -0.00408700 0.03681100
v -0.04264900 0.00431800 0.03703600
v -0.04103900 0.01255700 0.03703600
v -0.03785200 0.02032600 0.03703600
v -0.03321200 0.02732200 0.03703600
v -0.02729500 0.03328000 0.03703600
v -0.02033000 0.03796700 0.03703600
v -0.01258300 0.04120700 0.03703600
v 0.00404200 0.04290100 0.03703600
v 0.01228100 0.04129100 0.03703600
v 0.02004900 0.03810400 0.03703600
v 0.02704600 0.03346400 0.03703600
v 0.03300300 0.02754700 0.03703600
v 0.03769100 0.02058200 0.03703600
v 0.04093000 0.01283600 0.03703600
v 0.04259600 0.00460700 0.03703600
v 0.04262500 -0.00378900 0.03703600
v 0.04101500 -0.01202900 0.03703600
v 0.03782800 -0.01979700 0.03703600
v 0.03318800 -0.02679300 0.03703600
v 0.02030600 -0.03743900 0.03703600
v 0.01255900 -0.04067800 0.03703600
v 0.00433100 -0.04234400 0.03703600
v -0.00406600 -0.04237300 0.03703600
v -0.01230500 -0.04076300 0.03703600
v -0.02007400 -0.03757600 0.03703600
v -0.02707000 -0.03293500 0.03703600
v -0.03302700 -0.02701800 0.03703600
v -0.03771500 -0.02005400 0.03703600
v -0.04095500 -0.01230700 0.03703600
v -0.04505500 0.00454700 0.03099600
v -0.04335400 0.01325100 0.03099600
v -0.03998700 0.02145800 0.03099600
v -0.03508500 0.02884900 0.03099600
v -0.02883400 0.03514200 0.03099600
v -0.02147600 0.04009500 0.03099600
v -0.01329300 0.04351700 0.03099600
v -0.00460000 0.04527700 0.03099600
v 0.00427000 0.04530700 0.03099600
v 0.01297500 0.04360600 0.03099600
v 0.02118100 0.04023900 0.03099600
v 0.02857200 0.03533700 0.03099600
v 0.03486600 0.02908600 0.03099600
v 0.03981800 0.02172900 0.03099600
v 0.04324000 0.01354500 0.03099600
v 0.04500000 0.00485200 0.03099600
v 0.04503000 -0.00401800 0.03099600
v 0.04333000 -0.01272200 0.03099600
v 0.03996300 -0.02092900 0.03099600
v 0.03506100 -0.02832000 0.03099600
v 0.02881000 -0.03461400 0.03099600
v 0.02145200 -0.03956600 0.03099600
v 0.01326800 -0.04298800 0.03099600
v 0.00457600 -0.04474800 0.03099600
v -0.00429500 -0.04477800 0.03099600
v -0.01299900 -0.04307700 0.03099600
v -0.02120600 -0.03971100 0.03099600
v -0.02859700 -0.03480900 0.03099600
v -0.03489000 -0.02855700 0.03099600
v -0.03984200 -0.02120000 0.03099600
v -0.04326500 -0.01301600 0.03099600
v -0.04502500 -0.00432400 0.03099600
v -0.04703800 0.00473500 0.02527200
v -0.04526300 0.01382300 0.02527200
v -0.04174800 0.02239100 0.02527200
v -0.03662900 0.03010700 0.02527200
v -0.03010300 0.03667800 0.02527200
v -0.02242200 0.04184900 0.02527200
v -0.01387800 0.04542200 0.02527200
v -0.00480200 0.04725900 0.02527200
v 0.00445900 0.04729000 0.02527200
v 0.01354600 0.04551500 0.02527200
v 0.02211500 0.04200000 0.02527200
v 0.02983100 0.03688200 0.02527200
v 0.03640200 0.03035500 0.02527200
v 0.04157200 0.02267400 0.02527200
v 0.04514500 0.01413000 0.02527200
v 0.04698200 0.00505400 0.02527200
v 0.04701400 -0.00420700 0.02527200
v 0.04523800 -0.01329400 0.02527200
v 0.04172300 -0.02186200 0.02527200
v 0.03660500 -0.02957900 0.02527200
v 0.03007900 -0.03615000 0.02527200
v 0.02239700 -0.04132000 0.02527200
v 0.01385300 -0.04489300 0.02527200
v 0.00477800 -0.04673000 0.02527200
v -0.00448300 -0.04676200 0.02527200
v -0.01357100 -0.04498600 0.02527200
v -0.02213900 -0.04147100 0.02527200
v -0.02985500 -0.03635300 0.02527200
v -0.03642600 -0.02982700 0.02527200
v -0.04159600 -0.02214500 0.02527200
v -0.04517000 -0.01360100 0.02527200
v -0.04700700 -0.00452600 0.02527200
v -0.04893500 0.00491600 0.01596200
v -0.04708700 0.01437000 0.01596200
v -0.04343100 0.02328300 0.01596200
v -0.03810600 0.03131100 0.01596200
v -0.03131700 0.03814700 0.01596200
v -0.02332500 0.04352600 0.01596200
v -0.01443700 0.04724300 0.01596200
v -0.00499500 0.04915400 0.01596200
v 0.00463900 0.04918700 0.01596200
v 0.01409300 0.04734000 0.01596200
v 0.02300700 0.04368300 0.01596200
v 0.03103500 0.03835800 0.01596200
v 0.03787000 0.03156900 0.01596200
v 0.04324900 0.02357800 0.01596200
v 0.04696600 0.01468900 0.01596200
v 0.04887800 0.00524800 0.01596200
v 0.04891000 -0.00438700 0.01596200
v 0.04706300 -0.01384100 0.01596200
v 0.04340600 -0.02275500 0.01596200
v 0.03808200 -0.03078200 0.01596200
v 0.03129200 -0.03761800 0.01596200
v 0.02330100 -0.04299700 0.01596200
v 0.01441200 -0.04671400 0.01596200
v 0.00497100 -0.04862500 0.01596200
v -0.00466300 -0.04865800 0.01596200
v -0.01411800 -0.04681100 0.01596200
v -0.02303100 -0.04315400 0.01596200
v -0.03105900 -0.03783000 0.01596200
v -0.03789500 -0.03104000 0.01596200
v -0.04327300 -0.02304900 0.01596200
v -0.04699100 -0.01416000 0.01596200
v -0.04890200 -0.00471900 0.01596200
v -0.04779900 0.01458300 0.00757200
v -0.04408700 0.02363200 0.00757000
v -0.03868200 0.03178100 0.00757100
v -0.03178900 0.03872000 0.00757100
v -0.02367700 0.04418000 0.00757100
v -0.01465500 0.04795300 0.00757200
v -0.00507100 0.04989300 0.00757000
v 0.00471000 0.04992600 0.00757100
v 0.01430600 0.04805100 0.00757200
v 0.02335500 0.04433900 0.00757000
v 0.03150400 0.03893400 0.00757100
v 0.03844300 0.03204200 0.00757200
v 0.04390300 0.02393000 0.00757000
v 0.04767700 0.01490600 0.00757100
v 0.04961700 0.00532200 0.00757100
v 0.04965000 -0.00445700 0.00757200
v 0.04777500 -0.01405400 0.00757000
v 0.04406200 -0.02310300 0.00757100
v 0.03865700 -0.03125200 0.00757100
v 0.03176500 -0.03819100 0.00757100
v 0.02365300 -0.04365100 0.00757100
v 0.01463000 -0.04742500 0.00757100
v 0.00504600 -0.04936400 0.00757200
v -0.00473300 -0.04939800 0.00757100
v -0.01433100 -0.04752300 0.00757000
v -0.02337900 -0.04381000 0.00757200
v -0.03152800 -0.03840600 0.00757000
v -0.03846800 -0.03151300 0.00757100
v -0.04392800 -0.02340100 0.00757100
v -0.04770100 -0.01437800 0.00757100
v -0.04964100 -0.00479400 0.00757200
v -0.04967400 0.00498600 0.00757000
v -0.00507100 0.04989300 -0.13420200
v 0.02335500 0.04433900 -0.13420200
v -0.01433100 -0.04752300 -0.13420200
v -0.04779900 0.01458300 -0.13420000
v -0.04408700 0.02363100 -0.13420200
v -0.03868200 0.03178000 -0.13420100
v -0.03179000 0.03871900 -0.13420100
v -0.02367800 0.04417900 -0.13420100
v -0.01465500 0.04795300 -0.13420000
v 0.00470900 0.04992600 -0.13420100
v 0.01430700 0.04805100 -0.13420000
v 0.03150300 0.03893500 -0.13420100
v 0.03844300 0.03204200 -0.13420000
v 0.04390300 0.02393000 -0.13420200
v 0.04767600 0.01490800 -0.13420100
v 0.04961700 0.00532400 -0.13420100
v 0.04965000 -0.00445700 -0.13420000
v 0.04777500 -0.01405400 -0.13420200
v 0.04406300 -0.02310200 -0.13420100
v 0.03865800 -0.03125100 -0.13420100
v 0.03176600 -0.03819000 -0.13420100
v 0.02365400 -0.04365100 -0.13420100
v 0.01463100 -0.04742400 -0.13420100
v 0.00504600 -0.04936500 -0.13420000
v -0.00473400 -0.04939800 -0.13420100
v -0.02337900 -0.04381100 -0.13420000
v -0.03152800 -0.03840500 -0.13420200
v -0.03846700 -0.03151400 -0.13420100
v -0.04392700 -0.02340200 -0.13420100
v -0.04770100 -0.01437900 -0.13420100
v -0.04964100 -0.00479400 -0.13420000
v -0.04967400 0.00498600 -0.13420200
v -0.04918700 0.00494000 -0.13996900
v -0.04733000 0.01444200 -0.13996900
v -0.04365400 0.02340200 -0.13996900
v -0.03830200 0.03147100 -0.13996900
v -0.03147800 0.03834200 -0.13996900
v -0.02344600 0.04374800 -0.13996900
v -0.01451100 0.04748500 -0.13996900
v -0.00502100 0.04940600 -0.13996900
v 0.00466300 0.04943900 -0.13996900
v 0.01416600 0.04758200 -0.13996900
v 0.02312600 0.04390600 -0.13996900
v 0.03119400 0.03855500 -0.13996900
v 0.03806500 0.03173000 -0.13996900
v 0.04347200 0.02369800 -0.13996900
v 0.04720800 0.01476300 -0.13996900
v 0.04912900 0.00527300 -0.13996900
v 0.04916200 -0.00441100 -0.13996900
v 0.04730600 -0.01391400 -0.13996900
v 0.04363000 -0.02287300 -0.13996900
v 0.03827800 -0.03094200 -0.13996900
v 0.03145300 -0.03781300 -0.13996900
v 0.02342100 -0.04322000 -0.13996900
v 0.01448700 -0.04695600 -0.13996900
v 0.00499700 -0.04887700 -0.13996900
v -0.00468700 -0.04891000 -0.13996900
v -0.01419000 -0.04705300 -0.13996900
v -0.02315000 -0.04337800 -0.13996900
v -0.03121900 -0.03802600 -0.13996900
v -0.03809000 -0.03120100 -0.13996900
v -0.04349600 -0.02316900 -0.13996900
v -0.04723200 -0.01423400 -0.13996900
v -0.04915400 -0.00474500 -0.13996900
v -0.04791900 0.00481900 -0.14281800
v -0.04611000 0.01407700 -0.14281800
v -0.04253000 0.02280600 -0.14281800
v -0.03731600 0.03066700 -0.14281800
v -0.03066700 0.03736100 -0.14281800
v -0.02284200 0.04262800 -0.14281800
v -0.01413700 0.04626800 -0.14281800
v -0.00489200 0.04813900 -0.14281800
v 0.00454300 0.04817100 -0.14281800
v 0.01380000 0.04636300 -0.14281800
v 0.02252900 0.04278200 -0.14281800
v 0.03039000 0.03756800 -0.14281800
v 0.03708400 0.03091900 -0.14281800
v 0.04235100 0.02309400 -0.14281800
v 0.04599100 0.01439000 -0.14281800
v 0.04786300 0.00514400 -0.14281800
v 0.04789500 -0.00429000 -0.14281800
v 0.04608600 -0.01354800 -0.14281800
v 0.04250500 -0.02227700 -0.14281800
v 0.03729100 -0.03013800 -0.14281800
v 0.03064300 -0.03683200 -0.14281800
v 0.02281700 -0.04209900 -0.14281800
v 0.01411300 -0.04573900 -0.14281800
v 0.00486800 -0.04761100 -0.14281800
v -0.00456700 -0.04764300 -0.14281800
v -0.01382500 -0.04583400 -0.14281800
v -0.02255400 -0.04225300 -0.14281800
v -0.03041400 -0.03703900 -0.14281800
v -0.03710800 -0.03039000 -0.14281800
v -0.04237600 -0.02256500 -0.14281800
v -0.04601600 -0.01386100 -0.14281800
v -0.04788700 -0.00461500 -0.14281800
v -0.04708000 0.00473900 -0.14263800
v -0.04514300 0.01373500 -0.14261200
v -0.04178500 0.02241100 -0.14263800
v -0.03013000 0.03671100 -0.14263800
v -0.02244200 0.04188600 -0.14263800
v -0.01389000 0.04546200 -0.14263800
v 0.00446300 0.04733200 -0.14263800
v 0.01355800 0.04555500 -0.14263800
v 0.02213400 0.04203700 -0.14263800
v 0.02986800 0.03672700 -0.14261900
v 0.03643400 0.03038200 -0.14263800
v 0.04160900 0.02269400 -0.14263800
v 0.04518500 0.01414200 -0.14263800
v 0.04684100 0.00517000 -0.14261100
v 0.04705600 -0.00421100 -0.14263800
v 0.04527800 -0.01330600 -0.14263800
v 0.04176000 -0.02188200 -0.14263800
v 0.03645100 -0.02961600 -0.14261900
v 0.03010600 -0.03618200 -0.14263800
v 0.02241700 -0.04135700 -0.14263800
v 0.01386600 -0.04493300 -0.14263800
v 0.00478200 -0.04677200 -0.14263800
v -0.01358300 -0.04502600 -0.14263800
v -0.02988200 -0.03638500 -0.14263800
v -0.03645800 -0.02985300 -0.14263800
v -0.04163300 -0.02216500 -0.14263800
v -0.04704800 -0.00453000 -0.14263800
v -0.03654800 0.03008600 -0.14261900
v -0.00479100 0.04715200 -0.14261300
v -0.00444500 -0.04673200 -0.14262500
v -0.02197500 -0.04145300 -0.14261600
v -0.04488400 -0.01414800 -0.14261900
v -0.03935700 0.00400500 -0.14270400
v -0.03787100 0.01160800 -0.14270400
v -0.03493000 0.01877700 -0.14270400
v -0.03064800 0.02523300 -0.14270400
v -0.02518800 0.03073000 -0.14270400
v -0.01876100 0.03505600 -0.14270400
v -0.01161300 0.03804500 -0.14270400
v -0.00402000 0.03958300 -0.14270400
v 0.00372900 0.03960900 -0.14270400
v 0.01133200 0.03812300 -0.14270400
v 0.01850000 0.03518200 -0.14270400
v 0.02495600 0.03090000 -0.14270400
v 0.03045400 0.02544000 -0.14270400
v 0.03478000 0.01901300 -0.14270400
v 0.03776900 0.01186500 -0.14270400
v 0.03930600 0.00427200 -0.14270400
v 0.03933200 -0.00347600 -0.14270400
v 0.03784700 -0.01107900 -0.14270400
v 0.03490600 -0.01824800 -0.14270400
v 0.03062400 -0.02470400 -0.14270400
v 0.02516400 -0.03020200 -0.14270400
v 0.01873700 -0.03452700 -0.14270400
v 0.01158800 -0.03751700 -0.14270400
v 0.00399500 -0.03905400 -0.14270400
v -0.00375300 -0.03908000 -0.14270400
v -0.01135600 -0.03759500 -0.14270400
v -0.01852500 -0.03465400 -0.14270400
v -0.02498000 -0.03037200 -0.14270400
v -0.03047800 -0.02491100 -0.14270400
v -0.03480400 -0.01848500 -0.14270400
v -0.03779300 -0.01133600 -0.14270400
v -0.03933000 -0.00374300 -0.14270400
v -0.03765000 0.00384300 -0.14113900
v -0.03622900 0.01111600 -0.14113900
v -0.03341600 0.01797400 -0.14113900
v -0.02927700 0.02412400 -0.14109900
v -0.02404200 0.02939200 -0.14110300
v -0.01794800 0.03354700 -0.14113900
v -0.01111000 0.03640700 -0.14113900
v -0.00384600 0.03787700 -0.14113900
v 0.00356600 0.03790300 -0.14113900
v 0.01084000 0.03648100 -0.14113900
v 0.01769700 0.03366800 -0.14113900
v 0.02382700 0.02953600 -0.14109600
v 0.02913300 0.02434800 -0.14113900
v 0.03327100 0.01820000 -0.14113900
v 0.03613000 0.01136200 -0.14113900
v 0.03760100 0.00409800 -0.14113900
v 0.03762600 -0.00331400 -0.14113900
v 0.03339200 -0.01744500 -0.14113900
v 0.02929500 -0.02362100 -0.14113900
v 0.02403700 -0.02881500 -0.14108500
v 0.01792400 -0.03301900 -0.14113900
v 0.01108500 -0.03587800 -0.14113900
v 0.00369300 -0.03730400 -0.14109100
v -0.00359100 -0.03737400 -0.14113900
v -0.01086400 -0.03595300 -0.14113900
v -0.01772200 -0.03314000 -0.14113900
v -0.02384800 -0.02901600 -0.14109900
v -0.02909000 -0.02380400 -0.14109100
v -0.03329500 -0.01767200 -0.14113900
v -0.03615500 -0.01083300 -0.14113900
v -0.03762500 -0.00356900 -0.14113900
v -0.03618200 0.00014300 -0.14105400
v 0.03387100 0.01332500 -0.14105400
v 0.03608900 -0.01074000 -0.14108900
v -0.00013500 0.03644300 -0.14105400
v -0.01890900 0.01566500 0.12606200
v -0.01554100 0.01905600 0.12606200
v -0.01157700 0.02172400 0.12606200
v -0.00716700 0.02356800 0.12606200
v -0.00248400 0.02451600 0.12606200
v 0.00229500 0.02453200 0.12606200
v 0.00698500 0.02361600 0.12606200
v 0.01140600 0.02180200 0.12606200
v 0.01538800 0.01916100 0.12606200
v 0.01877900 0.01579300 0.12606200
v 0.02144700 0.01182900 0.12606200
v 0.02329100 0.00742000 0.12606200
v 0.02423900 0.00273600 0.12606200
v 0.02425600 -0.00204300 0.12606200
v 0.02333900 -0.00673300 0.12606200
v 0.02152500 -0.01115400 0.12606200
v 0.01888400 -0.01513600 0.12606200
v 0.01551600 -0.01852700 0.12606200
v 0.01155200 -0.02119500 0.12606200
v 0.00714300 -0.02303900 0.12606200
v 0.00246000 -0.02398700 0.12606200
v -0.00231900 -0.02400300 0.12606200
v -0.00700900 -0.02308700 0.12606200
v -0.01143100 -0.02127300 0.12606200
v -0.01541300 -0.01863200 0.12606200
v -0.01880400 -0.01526400 0.12606200
v -0.02147200 -0.01130000 0.12606200
v -0.02331600 -0.00689100 0.12606200
v -0.02428000 0.00257200 0.12606200
v -0.02426400 -0.00220800 0.12606200
v -0.02155000 0.01168300 0.12606200
v -0.02336400 0.00726100 0.12606200
vn -0.7708 -0.6370 -0.0000
vn -0.6569 -0.7540 -0.0000
vn -0.7709 -0.6370 -0.0000
vn -0.6060 -0.7955 -0.0000
vn -0.4971 -0.8677 -0.0000
vn -0.4392 -0.8984 -0.0000
vn -0.2870 -0.9579 -0.0000
vn -0.0946 -0.9955 -0.0000
vn 0.0687 -0.9976 -0.0000
vn 0.1340 -0.9910 -0.0000
vn 0.2620 -0.9651 -0.0000
vn 0.6370 -0.7708 -0.0000
vn 0.7540 -0.6569 -0.0000
vn 0.6370 -0.7709 -0.0000
vn 0.7955 -0.6060 -0.0000
vn 0.8835 -0.4684 -0.0000
vn 0.3247 -0.9458 -0.0000
vn 0.4744 -0.8803 -0.0000
vn -0.9910 -0.1340 -0.0000
vn -0.9651 -0.2620 -0.0000
vn -0.9976 -0.0687 -0.0000
vn -0.9458 -0.3247 -0.0000
vn -0.8803 -0.4744 -0.0000
vn 0.7914 0.6114 -0.0000
vn 0.8803 0.4744 -0.0000
vn -0.9579 0.2870 -0.0000
vn -0.8835 0.4684 -0.0000
vn -0.7540 0.6569 -0.0000
vn -0.7955 0.6060 -0.0000
vn 0.9559 0.2935 -0.0000
vn 0.9910 0.1340 -0.0000
vn 0.9976 0.0687 -0.0000
vn 0.9560 0.2935 -0.0000
vn 0.6568 0.7540 -0.0000
vn 0.7495 0.6620 -0.0000
vn 0.4972 0.8677 -0.0000
vn 0.6060 0.7955 -0.0000
vn 0.2870 0.9579 -0.0000
vn 0.4392 0.8984 -0.0000
vn -0.0687 0.9976 -0.0000
vn 0.0946 0.9955 -0.0000
vn -0.2935 0.9560 -0.0000
vn -0.1340 0.9910 -0.0000
vn -0.6620 0.7495 -0.0000
vn -0.6114 0.7913 -0.0000
vn -0.9955 0.0947 -0.0000
vn -0.5030 0.8643 -0.0000
vn -0.4453 0.8954 -0.0000
vn -0.0000 -0.0000 -1.0000
vn -0.0001 -0.0000 -1.0000
vn -0.0000 -0.0000 1.0000
vn -0.0001 -0.0001 1.0000
vn -0.0000 -0.0001 1.0000
vn 0.9480 -0.3183 -0.0000
vn -0.9953 0.0966 0.0054
vn -0.9579 0.2870 -0.0016
vn -0.9955 0.0946 0.0039
vn -0.8702 0.4927 0.0017
vn -0.7764 0.6302 0.0054
vn -0.7752 0.6318 0.0005
vn -0.6621 0.7494 0.0005
vn -0.6141 0.7892 0.0118
vn -0.4744 0.8803 0.0005
vn -0.3230 0.9464 0.0045
vn -0.2646 0.9644 -0.0008
vn -0.1306 0.9914 0.0118
vn -0.0738 0.9973 0.0017
vn 0.0966 0.9953 0.0054
vn 0.1003 0.9950 0.0023
vn 0.2870 0.9579 -0.0016
vn 0.4392 0.8983 0.0082
vn 0.4927 0.8702 0.0017
vn 0.6317 0.7751 0.0082
vn 0.6362 0.7715 0.0023
vn 0.7513 0.6600 -0.0009
vn 0.7912 0.6114 0.0082
vn 0.8668 0.4986 0.0017
vn 0.8946 0.4469 0.0045
vn 0.9467 0.3222 -0.0008
vn 0.9945 0.1045 -0.0005
vn 0.9636 0.2671 0.0083
vn 0.9947 0.1014 0.0185
vn 0.9953 -0.0966 0.0054
vn 0.9955 -0.0946 0.0039
vn 0.9579 -0.2870 -0.0016
vn 0.8983 -0.4392 0.0082
vn 0.8702 -0.4927 0.0017
vn 0.7751 -0.6317 0.0082
vn 0.7751 -0.6318 0.0005
vn 0.6621 -0.7494 0.0005
vn 0.6115 -0.7912 0.0082
vn 0.4986 -0.8668 0.0017
vn 0.4469 -0.8946 0.0045
vn 0.3222 -0.9467 -0.0008
vn 0.1045 -0.9945 -0.0005
vn 0.2671 -0.9636 0.0083
vn 0.1014 -0.9947 0.0185
vn -0.0966 -0.9953 0.0054
vn -0.0946 -0.9955 0.0039
vn -0.2870 -0.9579 -0.0016
vn -0.4392 -0.8983 0.0082
vn -0.4927 -0.8702 0.0017
vn -0.6087 -0.7933 0.0118
vn -0.6548 -0.7558 -0.0008
vn -0.7721 -0.6355 0.0054
vn -0.7672 -0.6414 0.0023
vn -0.8668 -0.4986 0.0017
vn -0.8946 -0.4469 0.0045
vn -0.9467 -0.3222 -0.0008
vn -0.8983 0.4392 0.0082
vn -0.9945 -0.1045 -0.0005
vn -0.9636 -0.2671 0.0083
vn -0.9947 -0.1014 0.0185
vn -0.9713 0.0605 0.2299
vn -0.9680 -0.0986 0.2307
vn -0.9391 -0.2552 0.2299
vn -0.8568 -0.4617 0.2297
vn -0.7296 -0.6441 0.2300
vn -0.6147 -0.7542 0.2308
vn -0.4836 -0.8446 0.2299
vn -0.2794 -0.9323 0.2297
vn -0.2870 -0.9579 0.0083
vn -0.0605 -0.9713 0.2299
vn 0.0986 -0.9680 0.2308
vn 0.2720 -0.9317 0.2408
vn 0.4750 -0.8524 0.2187
vn 0.6367 -0.7406 0.2148
vn 0.7393 -0.6270 0.2456
vn 0.8446 -0.4836 0.2299
vn 0.9323 -0.2794 0.2297
vn 0.9579 -0.2870 0.0083
vn 0.9713 -0.0605 0.2299
vn 0.9680 0.0986 0.2308
vn 0.9391 0.2552 0.2299
vn 0.8568 0.4617 0.2297
vn 0.7296 0.6441 0.2299
vn 0.6147 0.7542 0.2308
vn 0.4836 0.8446 0.2299
vn 0.2794 0.9323 0.2297
vn 0.2870 0.9579 0.0083
vn 0.0605 0.9713 0.2299
vn -0.0986 0.9680 0.2308
vn -0.2857 0.9304 0.2297
vn -0.4711 0.8820 0.0136
vn -0.4893 0.8412 0.2299
vn -0.6321 0.7350 0.2456
vn -0.7449 0.6316 0.2148
vn -0.8446 0.4836 0.2299
vn -0.9323 0.2794 0.2298
vn -0.9579 0.2870 0.0083
vn -0.9358 -0.1037 0.3369
vn -0.8879 -0.3052 0.3441
vn -0.7432 -0.5738 0.3441
vn -0.5932 -0.7278 0.3440
vn -0.4203 -0.8435 0.3344
vn -0.1198 -0.9312 0.3441
vn 0.0952 -0.9341 0.3440
vn 0.4261 -0.8406 0.3344
vn 0.5981 -0.7238 0.3440
vn 0.7471 -0.5687 0.3441
vn 0.8435 -0.4203 0.3344
vn 0.9298 -0.1074 0.3520
vn 0.9358 0.1037 0.3369
vn 0.8879 0.3052 0.3441
vn 0.7432 0.5738 0.3441
vn 0.5932 0.7278 0.3440
vn 0.4203 0.8435 0.3344
vn 0.1198 0.9312 0.3441
vn -0.0952 0.9341 0.3440
vn -0.4261 0.8406 0.3344
vn -0.8435 0.4203 0.3344
vn -0.4995 0.1497 0.8533
vn -0.4681 0.2303 0.8532
vn -0.5816 0.7334 0.3520
vn -0.7350 0.5884 0.3369
vn -0.9577 0.2867 0.0261
vn -0.8832 0.4682 0.0265
vn -0.9575 0.2870 0.0281
vn -0.9298 0.1074 0.3520
vn -0.8914 0.2807 0.3559
vn -0.8019 0.4251 0.4198
vn -0.5206 -0.0344 0.8531
vn -0.5191 0.0494 0.8533
vn -0.5171 -0.0686 0.8532
vn -0.4985 -0.1531 0.8533
vn -0.4665 -0.2335 0.8532
vn -0.4020 -0.3322 0.8533
vn -0.4502 -0.2636 0.8531
vn -0.3438 -0.3925 0.8531
vn -0.3172 -0.4141 0.8532
vn -0.2606 -0.4520 0.8531
vn -0.2303 -0.4681 0.8532
vn -0.1497 -0.4995 0.8533
vn -0.0494 -0.5191 0.8533
vn 0.0344 -0.5206 0.8531
vn 0.0686 -0.5171 0.8532
vn 0.1531 -0.4985 0.8533
vn 0.2335 -0.4665 0.8532
vn 0.3322 -0.4020 0.8533
vn 0.2636 -0.4502 0.8531
vn 0.3925 -0.3438 0.8531
vn 0.4142 -0.3172 0.8532
vn 0.4520 -0.2606 0.8531
vn 0.4681 -0.2303 0.8532
vn 0.4995 -0.1497 0.8533
vn 0.5191 -0.0494 0.8533
vn 0.5206 0.0344 0.8531
vn 0.5171 0.0685 0.8532
vn 0.4985 0.1531 0.8533
vn 0.4665 0.2335 0.8532
vn 0.4020 0.3322 0.8533
vn 0.4502 0.2637 0.8531
vn 0.3438 0.3925 0.8531
vn 0.3172 0.4141 0.8532
vn 0.2606 0.4520 0.8531
vn 0.2303 0.4681 0.8532
vn 0.1497 0.4995 0.8533
vn 0.0494 0.5191 0.8533
vn -0.0344 0.5206 0.8531
vn -0.0686 0.5171 0.8532
vn -0.1531 0.4985 0.8533
vn -0.2335 0.4665 0.8532
vn -0.3200 0.4120 0.8532
vn -0.2637 0.4502 0.8531
vn -0.4042 0.3295 0.8533
vn -0.3464 0.3901 0.8531
vn -0.4520 0.2606 0.8531
vn -0.9946 -0.1008 0.0265
vn -0.9952 0.0946 0.0261
vn -0.9944 -0.1014 0.0281
vn -0.9649 -0.2612 0.0270
vn -0.9459 -0.3234 0.0257
vn -0.8801 -0.4740 0.0263
vn -0.8803 -0.4738 0.0246
vn -0.7706 -0.6368 0.0264
vn -0.7705 -0.6368 0.0281
vn -0.6316 -0.7749 0.0260
vn -0.6316 -0.7749 0.0246
vn -0.4684 -0.8831 0.0264
vn -0.4683 -0.8831 0.0281
vn -0.3187 -0.9475 0.0269
vn -0.2564 -0.9662 0.0257
vn -0.0945 -0.9952 0.0263
vn -0.0945 -0.9952 0.0245
vn 0.1014 -0.9945 0.0261
vn 0.1013 -0.9945 0.0281
vn 0.2933 -0.9557 0.0263
vn 0.2938 -0.9556 0.0245
vn 0.4467 -0.8943 0.0257
vn 0.5036 -0.8635 0.0272
vn 0.6123 -0.7902 0.0258
vn 0.6623 -0.7488 0.0273
vn 0.7750 -0.6314 0.0263
vn 0.7748 -0.6316 0.0281
vn 0.8832 -0.4682 0.0265
vn 0.8834 -0.4680 0.0246
vn 0.9577 -0.2867 0.0261
vn 0.9575 -0.2870 0.0281
vn 0.9952 -0.0946 0.0264
vn 0.9952 -0.0943 0.0246
vn 0.9945 0.1014 0.0261
vn 0.9945 0.1014 0.0280
vn 0.9556 0.2934 0.0264
vn 0.9557 0.2932 0.0246
vn 0.8801 0.4741 0.0263
vn 0.8799 0.4743 0.0281
vn 0.7915 0.6106 0.0270
vn 0.7501 0.6609 0.0258
vn 0.6316 0.7749 0.0257
vn 0.6315 0.7750 0.0246
vn 0.4955 0.8682 0.0256
vn 0.4383 0.8984 0.0271
vn 0.3166 0.9482 0.0257
vn 0.2546 0.9667 0.0271
vn 0.1259 0.9917 0.0257
vn 0.0613 0.9977 0.0272
vn -0.1014 0.9945 0.0264
vn -0.1013 0.9945 0.0281
vn -0.2613 0.9649 0.0269
vn -0.3235 0.9459 0.0257
vn -0.4742 0.8800 0.0262
vn -0.4742 0.8800 0.0245
vn -0.6121 0.7904 0.0257
vn -0.6622 0.7489 0.0273
vn -0.7749 0.6316 0.0263
vn -0.7749 0.6315 0.0281
vn -0.8834 0.4680 0.0246
vn -0.9952 0.0946 0.0245
vn -0.9056 -0.0618 0.4195
vn -0.8762 -0.2373 0.4195
vn -0.7990 -0.4306 0.4198
vn -0.8263 -0.4453 0.3449
vn -0.6800 -0.6013 0.4196
vn -0.4251 -0.8019 0.4198
vn -0.2807 -0.8914 0.3559
vn -0.2314 -0.8778 0.4195
vn -0.0556 -0.9060 0.4195
vn 0.2373 -0.8762 0.4195
vn 0.2867 -0.8895 0.3559
vn 0.4306 -0.7990 0.4198
vn 0.6841 -0.5967 0.4196
vn 0.8019 -0.4251 0.4198
vn 0.8914 -0.2807 0.3559
vn 0.8778 -0.2313 0.4195
vn 0.9056 0.0618 0.4195
vn 0.8762 0.2373 0.4195
vn 0.7990 0.4306 0.4198
vn 0.8263 0.4453 0.3449
vn 0.6800 0.6013 0.4196
vn 0.4251 0.8019 0.4198
vn 0.2807 0.8914 0.3559
vn 0.2313 0.8778 0.4195
vn 0.0556 0.9060 0.4195
vn -0.2373 0.8762 0.4195
vn -0.2867 0.8895 0.3559
vn -0.4306 0.7990 0.4198
vn -0.6840 0.5967 0.4196
vn -0.8778 0.2313 0.4195
vn -0.6937 0.3398 -0.6350
vn -0.7327 0.2463 -0.6344
vn -0.7469 0.1981 -0.6347
vn -0.7158 0.2412 0.6553
vn -0.6782 0.3324 0.6554
vn -0.7301 0.1937 0.6554
vn -0.8981 0.4389 0.0271
vn -0.9576 0.2869 0.0271
vn -0.7709 -0.0539 -0.6347
vn -0.7690 0.0731 -0.6350
vn -0.7672 -0.1033 -0.6330
vn -0.7462 -0.2031 -0.6340
vn -0.7309 -0.2517 -0.6344
vn -0.6911 -0.3438 -0.6358
vn -0.6677 -0.3887 -0.6348
vn -0.6111 -0.4732 -0.6345
vn -0.5795 -0.5121 -0.6340
vn -0.4884 -0.5993 -0.6343
vn -0.3855 -0.6704 -0.6340
vn -0.3409 -0.6944 -0.6337
vn -0.2465 -0.7323 -0.6348
vn -0.1981 -0.7461 -0.6357
vn -0.0737 -0.7684 -0.6357
vn -0.0730 -0.7679 -0.6364
vn 0.0784 -0.7692 -0.6342
vn 0.0786 -0.7709 -0.6321
vn 0.2272 -0.7378 -0.6357
vn 0.2264 -0.7374 -0.6364
vn 0.3445 -0.6908 -0.6357
vn 0.3893 -0.6668 -0.6354
vn 0.4932 -0.5962 -0.6335
vn 0.4938 -0.5961 -0.6331
vn 0.5842 -0.5083 -0.6327
vn 0.6143 -0.4690 -0.6345
vn 0.6699 -0.3850 -0.6348
vn 0.6937 -0.3398 -0.6350
vn 0.7327 -0.2464 -0.6344
vn 0.7471 -0.1982 -0.6345
vn 0.7662 -0.0992 -0.6348
vn 0.7707 -0.0484 -0.6354
vn 0.7682 0.0783 -0.6353
vn 0.7683 0.0783 -0.6353
vn 0.7451 0.2029 -0.6353
vn 0.7305 0.2518 -0.6348
vn 0.6917 0.3449 -0.6345
vn 0.6695 0.3891 -0.6327
vn 0.5962 0.4924 -0.6341
vn 0.5964 0.4934 -0.6331
vn 0.5076 0.5819 -0.6354
vn 0.4675 0.6137 -0.6363
vn 0.3607 0.6820 -0.6362
vn 0.3616 0.6819 -0.6358
vn 0.2446 0.7330 -0.6347
vn 0.1950 0.7466 -0.6361
vn 0.0968 0.7667 -0.6347
vn 0.0465 0.7718 -0.6342
vn -0.0785 0.7702 -0.6330
vn -0.0786 0.7709 -0.6321
vn -0.2022 0.7462 -0.6342
vn -0.2498 0.7304 -0.6357
vn -0.3658 0.6788 -0.6367
vn -0.3659 0.6790 -0.6364
vn -0.4727 0.6103 -0.6357
vn -0.5121 0.5793 -0.6342
vn -0.6002 0.4886 -0.6332
vn -0.6013 0.4888 -0.6321
vn -0.6705 0.3851 -0.6342
vn -0.7679 0.0730 -0.6364
vn -0.7534 -0.0527 0.6554
vn -0.7517 0.0715 0.6556
vn -0.7287 -0.1986 0.6554
vn -0.7484 -0.1020 0.6554
vn -0.6760 -0.3370 0.6554
vn -0.7141 -0.2460 0.6553
vn -0.5821 -0.4810 0.6556
vn -0.6524 -0.3806 0.6554
vn -0.4968 -0.5690 0.6553
vn -0.4583 -0.6003 0.6554
vn -0.3762 -0.6550 0.6554
vn -0.3324 -0.6782 0.6554
vn -0.2412 -0.7158 0.6553
vn -0.1937 -0.7300 0.6554
vn -0.0715 -0.7517 0.6556
vn 0.0527 -0.7534 0.6554
vn 0.1986 -0.7287 0.6554
vn 0.1020 -0.7484 0.6554
vn 0.3370 -0.6759 0.6554
vn 0.2460 -0.7141 0.6553
vn 0.4624 -0.5972 0.6554
vn 0.3806 -0.6524 0.6554
vn 0.5854 -0.4771 0.6556
vn 0.5006 -0.5656 0.6553
vn 0.6550 -0.3762 0.6554
vn 0.6782 -0.3324 0.6554
vn 0.7158 -0.2412 0.6553
vn 0.7300 -0.1937 0.6554
vn 0.7491 -0.0969 0.6554
vn 0.7538 -0.0476 0.6554
vn 0.7512 0.0766 0.6556
vn 0.7287 0.1986 0.6554
vn 0.6760 0.3370 0.6554
vn 0.7141 0.2460 0.6553
vn 0.5821 0.4810 0.6556
vn 0.6524 0.3806 0.6554
vn 0.4968 0.5690 0.6553
vn 0.4583 0.6003 0.6554
vn 0.3762 0.6550 0.6554
vn 0.3324 0.6782 0.6554
vn 0.2412 0.7158 0.6554
vn 0.1937 0.7300 0.6554
vn 0.0715 0.7517 0.6556
vn -0.0527 0.7534 0.6554
vn -0.1986 0.7287 0.6554
vn -0.1020 0.7484 0.6554
vn -0.3370 0.6759 0.6554
vn -0.2460 0.7141 0.6553
vn -0.4810 0.5821 0.6556
vn -0.3806 0.6524 0.6554
vn -0.5690 0.4968 0.6553
vn -0.6003 0.4583 0.6554
vn -0.6550 0.3762 0.6554
vn -0.9945 -0.1014 0.0271
vn -0.9977 0.0619 0.0272
vn -0.9647 -0.2620 0.0271
vn -0.9454 -0.3247 0.0271
vn -0.8951 -0.4451 0.0271
vn -0.8640 -0.5028 0.0271
vn -0.7910 -0.6112 0.0271
vn -0.7492 -0.6618 0.0271
vn -0.6315 -0.7749 0.0271
vn -0.4970 -0.8673 0.0272
vn -0.4390 -0.8981 0.0272
vn -0.2869 -0.9576 0.0271
vn -0.1271 -0.9915 0.0271
vn -0.0618 -0.9977 0.0271
vn 0.0687 -0.9973 0.0271
vn 0.1340 -0.9906 0.0271
vn 0.2620 -0.9647 0.0271
vn 0.3247 -0.9454 0.0271
vn 0.4451 -0.8951 0.0271
vn 0.5028 -0.8640 0.0271
vn 0.6368 -0.7706 0.0271
vn 0.7537 -0.6567 0.0272
vn 0.7951 -0.6058 0.0272
vn 0.8832 -0.4682 0.0271
vn 0.9476 -0.3182 0.0271
vn 0.9665 -0.2553 0.0271
vn 0.9951 -0.0946 0.0271
vn 0.9973 0.0686 0.0272
vn 0.9906 0.1339 0.0272
vn 0.9647 0.2619 0.0272
vn 0.9455 0.3246 0.0272
vn 0.8951 0.4450 0.0272
vn 0.8640 0.5028 0.0272
vn 0.7706 0.6368 0.0271
vn 0.6566 0.7538 0.0271
vn 0.6057 0.7952 0.0271
vn 0.4682 0.8832 0.0271
vn 0.3183 0.9476 0.0272
vn 0.2554 0.9664 0.0272
vn 0.1272 0.9915 0.0272
vn 0.0619 0.9977 0.0272
vn -0.0686 0.9973 0.0272
vn -0.1339 0.9906 0.0272
vn -0.2934 0.9556 0.0271
vn -0.4742 0.8800 0.0271
vn -0.6368 0.7706 0.0271
vn -0.7538 0.6566 0.0271
vn -0.7952 0.6057 0.0271
vn -0.8674 0.4969 0.0271
vn -0.9915 0.1272 0.0272
vn -0.9538 0.2858 0.0930
vn -0.9840 0.0936 0.1514
vn -0.7798 0.6161 0.1112
vn -0.8844 0.4454 0.1393
vn -0.6213 0.7718 0.1352
vn -0.2923 0.9518 0.0930
vn -0.4514 0.8814 0.1393
vn 0.0961 0.9877 0.1235
vn -0.1003 0.9834 0.1509
vn 0.2858 0.9538 0.0930
vn 0.6012 0.7895 0.1234
vn 0.4454 0.8844 0.1393
vn 0.7648 0.6324 0.1232
vn 0.9518 0.2923 0.0930
vn 0.8814 0.4514 0.1393
vn 0.9869 0.0876 0.1357
vn 0.9538 -0.2858 0.0930
vn 0.9836 -0.1144 0.1393
vn 0.7798 -0.6161 0.1112
vn 0.8844 -0.4454 0.1393
vn 0.6213 -0.7718 0.1352
vn 0.2923 -0.9518 0.0930
vn 0.4514 -0.8814 0.1393
vn 0.0872 -0.9870 0.1353
vn -0.2858 -0.9538 0.0930
vn -0.1143 -0.9835 0.1402
vn -0.6272 -0.7691 0.1232
vn -0.4454 -0.8844 0.1393
vn -0.7854 -0.6065 0.1234
vn -0.9518 -0.2923 0.0930
vn -0.8814 -0.4514 0.1393
vn -0.9871 -0.1027 0.1226
vn -0.8812 0.2834 0.3784
vn -0.8861 0.0720 0.4578
vn -0.8148 0.4495 0.3661
vn -0.6932 0.5722 0.4382
vn -0.4532 0.8126 0.3666
vn -0.5609 0.7148 0.4177
vn -0.2907 0.8787 0.3787
vn 0.0684 0.8924 0.4460
vn -0.1100 0.8891 0.4443
vn 0.2834 0.8812 0.3784
vn 0.4495 0.8148 0.3661
vn 0.5722 0.6932 0.4382
vn 0.8126 0.4532 0.3666
vn 0.7148 0.5609 0.4177
vn 0.8793 0.2893 0.3784
vn 0.9131 -0.0972 0.3959
vn 0.8875 0.0905 0.4518
vn 0.8806 -0.2848 0.3787
vn 0.8148 -0.4495 0.3661
vn 0.6833 -0.5780 0.4460
vn 0.4532 -0.8126 0.3666
vn 0.5557 -0.7027 0.4444
vn 0.2907 -0.8787 0.3787
vn -0.0795 -0.8954 0.4382
vn 0.1149 -0.9013 0.4177
vn -0.2834 -0.8812 0.3783
vn -0.4476 -0.8156 0.3666
vn -0.6893 -0.5769 0.4381
vn -0.5560 -0.7186 0.4177
vn -0.8117 -0.4551 0.3661
vn -0.8787 -0.2907 0.3787
vn -0.8978 -0.1027 0.4283
vn -0.7724 0.4070 0.4876
vn -0.8436 0.2247 0.4876
vn -0.4143 0.7688 0.4872
vn -0.5767 0.6555 0.4876
vn -0.2304 0.8427 0.4867
vn -0.0900 0.8811 0.4643
vn 0.4208 0.7654 0.4870
vn 0.2426 0.8381 0.4886
vn 0.7688 0.4143 0.4872
vn 0.6555 0.5767 0.4876
vn 0.8421 0.2304 0.4876
vn 0.8443 -0.2229 0.4873
vn 0.8713 -0.0557 0.4876
vn 0.7721 -0.4074 0.4878
vn 0.4131 -0.7695 0.4871
vn 0.5709 -0.6813 0.4581
vn 0.2286 -0.8428 0.4873
vn 0.0616 -0.8709 0.4876
vn -0.4089 -0.7713 0.4877
vn -0.2247 -0.8436 0.4876
vn -0.5722 -0.6594 0.4876
vn -0.7696 -0.4123 0.4876
vn -0.8427 -0.2303 0.4867
vn -0.8849 -0.0841 0.4581
vn -0.8823 0.1030 0.4593
vn -0.8472 0.2830 0.4496
vn -0.6917 0.5542 0.4631
vn -0.7883 0.4179 0.4516
vn -0.5604 0.7010 0.4411
vn -0.2877 0.8456 0.4496
vn -0.4233 0.7854 0.4516
vn 0.0943 0.8867 0.4525
vn 0.3935 0.8019 0.4496
vn 0.2561 0.8547 0.4516
vn 0.5542 0.6917 0.4631
vn 0.7010 0.5604 0.4411
vn 0.8453 0.2888 0.4496
vn 0.7854 0.4233 0.4516
vn 0.8810 0.0972 0.4631
vn 0.8919 -0.0995 0.4411
vn 0.8472 -0.2830 0.4496
vn 0.7004 -0.5463 0.4593
vn 0.7883 -0.4179 0.4516
vn 0.2888 -0.8453 0.4496
vn 0.4248 -0.7846 0.4516
vn 0.1183 -0.8854 0.4496
vn -0.0842 -0.8858 0.4564
vn -0.2830 -0.8472 0.4496
vn -0.5556 -0.7048 0.4411
vn -0.4179 -0.7883 0.4516
vn -0.6879 -0.5588 0.4631
vn -0.8456 -0.2876 0.4496
vn -0.7854 -0.4233 0.4516
vn -0.9005 0.2511 0.3549
vn -0.9322 0.0897 0.3506
vn -0.8327 0.4263 0.3535
vn -0.7187 0.6023 0.3474
vn -0.4319 0.8298 0.3535
vn -0.5830 0.7349 0.3464
vn -0.2457 0.9038 0.3505
vn -0.0642 0.9343 0.3506
vn 0.2556 0.8998 0.3535
vn 0.0886 0.9322 0.3509
vn 0.4381 0.8278 0.3506
vn 0.5912 0.7264 0.3505
vn 0.8298 0.4319 0.3535
vn 0.7239 0.5982 0.3435
vn 0.8988 0.2572 0.3549
vn 0.9341 0.0823 0.3474
vn 0.9005 -0.2511 0.3549
vn 0.9319 -0.1074 0.3464
vn 0.8327 -0.4262 0.3535
vn 0.7266 -0.5909 0.3506
vn 0.4315 -0.8300 0.3536
vn 0.5982 -0.7239 0.3435
vn 0.2455 -0.9038 0.3504
vn 0.0644 -0.9344 0.3504
vn -0.2511 -0.9005 0.3549
vn -0.1074 -0.9319 0.3464
vn -0.4262 -0.8327 0.3535
vn -0.7224 -0.5960 0.3507
vn -0.5933 -0.7280 0.3435
vn -0.8298 -0.4318 0.3535
vn -0.8987 -0.2576 0.3550
vn -0.9343 -0.0952 0.3435
vn -0.9276 0.2780 0.2497
vn -0.9664 0.0598 0.2500
vn -0.8400 0.4815 0.2500
vn -0.6258 0.7342 0.2633
vn -0.7378 0.6314 0.2388
vn -0.4872 0.8367 0.2500
vn -0.2940 0.9248 0.2415
vn -0.1124 0.9581 0.2633
vn 0.0733 0.9631 0.2588
vn 0.2877 0.9268 0.2415
vn 0.4815 0.8400 0.2500
vn 0.6362 0.7299 0.2500
vn 0.8367 0.4872 0.2500
vn 0.7462 0.6166 0.2509
vn 0.9257 0.2842 0.2497
vn 0.9617 -0.0767 0.2633
vn 0.9682 0.0753 0.2388
vn 0.9276 -0.2780 0.2497
vn 0.8400 -0.4815 0.2500
vn 0.7385 -0.6208 0.2633
vn 0.4872 -0.8367 0.2500
vn 0.6364 -0.7335 0.2388
vn 0.2939 -0.9248 0.2415
vn 0.1124 -0.9581 0.2633
vn -0.0598 -0.9664 0.2500
vn -0.2780 -0.9276 0.2497
vn -0.4815 -0.8400 0.2500
vn -0.7342 -0.6258 0.2633
vn -0.6314 -0.7378 0.2388
vn -0.8367 -0.4872 0.2500
vn -0.9257 -0.2842 0.2497
vn -0.9630 -0.0981 0.2509
vn -0.9846 0.0944 0.1475
vn -0.8885 0.4346 0.1474
vn -0.9542 0.2662 0.1364
vn -0.7866 0.5996 0.1474
vn -0.6301 0.7625 0.1472
vn -0.4406 0.8855 0.1474
vn -0.1135 0.9813 0.1552
vn -0.2903 0.9454 0.1479
vn 0.0944 0.9846 0.1475
vn 0.4346 0.8885 0.1474
vn 0.2662 0.9542 0.1364
vn 0.5996 0.7866 0.1474
vn 0.7625 0.6301 0.1472
vn 0.8855 0.4406 0.1474
vn 0.9839 0.1011 0.1474
vn 0.9524 0.2727 0.1364
vn 0.9821 -0.1068 0.1552
vn 0.8885 -0.4346 0.1474
vn 0.9474 -0.2839 0.1479
vn 0.7742 -0.6137 0.1552
vn 0.6198 -0.7723 0.1393
vn 0.4406 -0.8855 0.1474
vn 0.0868 -0.9841 0.1552
vn 0.2727 -0.9524 0.1364
vn -0.1129 -0.9809 0.1586
vn -0.4346 -0.8885 0.1474
vn -0.2662 -0.9542 0.1364
vn -0.6145 -0.7765 0.1393
vn -0.7700 -0.6189 0.1552
vn -0.8855 -0.4406 0.1474
vn -0.9811 -0.1000 0.1658
vn -0.9524 -0.2727 0.1364
vn -0.9952 0.0972 0.0072
vn -0.9575 0.2884 0.0038
vn -0.8823 0.4707 0.0072
vn -0.7933 0.6089 0.0049
vn -0.5030 0.8643 0.0049
vn -0.6610 0.7504 0.0034
vn -0.2935 0.9559 0.0049
vn -0.0988 0.9951 0.0072
vn 0.0655 0.9978 0.0049
vn 0.2884 0.9575 0.0038
vn 0.4707 0.8823 0.0072
vn 0.6089 0.7933 0.0049
vn 0.8790 0.4767 0.0072
vn 0.7708 0.6370 0.0026
vn 0.9458 0.3247 0.0049
vn 0.9910 0.1339 0.0049
vn 0.9956 -0.0933 0.0038
vn 0.9579 -0.2870 0.0093
vn 0.8968 -0.4424 0.0049
vn 0.7933 -0.6089 0.0049
vn 0.5030 -0.8643 0.0049
vn 0.6610 -0.7504 0.0034
vn 0.3247 -0.9458 0.0049
vn 0.1027 -0.9947 0.0038
vn -0.1249 -0.9922 0.0064
vn -0.2896 -0.9571 0.0072
vn -0.4696 -0.8829 0.0038
vn -0.7495 -0.6620 0.0049
vn -0.6318 -0.7751 0.0049
vn -0.8643 -0.5030 0.0049
vn -0.9458 -0.3247 0.0049
vn -0.9948 -0.1014 0.0049
vn -0.1004 0.9949 -0.0025
vn 0.4684 0.8835 -0.0033
vn -0.2861 -0.9582 -0.0025
vn -0.9956 0.0937 -0.0025
vn -0.8835 0.4684 -0.0033
vn -0.9584 0.2852 -0.0049
vn -0.7540 0.6569 -0.0033
vn -0.6121 0.7908 -0.0022
vn -0.4468 0.8946 -0.0044
vn -0.2918 0.9565 -0.0049
vn 0.1272 0.9919 -0.0033
vn 0.2870 0.9579 -0.0033
vn 0.6562 0.7546 -0.0022
vn 0.8803 0.4744 -0.0033
vn 0.7696 0.6385 -0.0049
vn 0.9651 0.2620 -0.0033
vn 0.9976 0.0696 -0.0022
vn 0.9582 -0.2861 -0.0025
vn 0.9957 -0.0928 -0.0049
vn 0.8685 -0.4957 -0.0044
vn 0.7540 -0.6568 -0.0033
vn 0.6121 -0.7908 -0.0022
vn 0.4468 -0.8946 -0.0044
vn 0.2629 -0.9648 -0.0022
vn -0.0619 -0.9981 -0.0033
vn 0.1032 -0.9946 -0.0049
vn -0.6325 -0.7745 -0.0025
vn -0.4684 -0.8835 -0.0064
vn -0.7908 -0.6121 -0.0022
vn -0.8946 -0.4468 -0.0044
vn -0.9651 -0.2620 -0.0033
vn -0.9948 -0.1014 -0.0033
vn -0.9687 0.1117 -0.2216
vn -0.9290 0.3119 -0.1994
vn -0.7789 0.6032 -0.1717
vn -0.8532 0.4673 -0.2317
vn -0.6333 0.7530 -0.1788
vn -0.3182 0.9268 -0.1994
vn -0.4731 0.8500 -0.2317
vn -0.1183 0.9679 -0.2216
vn 0.0814 0.9765 -0.1995
vn 0.2905 0.9400 -0.1788
vn 0.6242 0.7658 -0.1544
vn 0.4673 0.8532 -0.2317
vn 0.7625 0.6154 -0.1995
vn 0.9268 0.3182 -0.1994
vn 0.8500 0.4731 -0.2317
vn 0.9779 0.1082 -0.1788
vn 0.9687 -0.1117 -0.2215
vn 0.9289 -0.3119 -0.1994
vn 0.7789 -0.6032 -0.1717
vn 0.8532 -0.4673 -0.2317
vn 0.6333 -0.7530 -0.1788
vn 0.2969 -0.9380 -0.1788
vn 0.4731 -0.8500 -0.2317
vn 0.0794 -0.9719 -0.2215
vn -0.1247 -0.9720 -0.1994
vn -0.3119 -0.9289 -0.1994
vn -0.6102 -0.7667 -0.1995
vn -0.4673 -0.8532 -0.2317
vn -0.7616 -0.6294 -0.1544
vn -0.9268 -0.3182 -0.1994
vn -0.8500 -0.4731 -0.2317
vn -0.9779 -0.1082 -0.1788
vn -0.8829 0.2328 -0.4078
vn -0.9089 0.0864 -0.4080
vn -0.8206 0.4005 -0.4078
vn -0.7077 0.5768 -0.4080
vn -0.5578 0.7229 -0.4078
vn -0.4061 0.8178 -0.4078
vn -0.2387 0.8813 -0.4078
vn 0.0560 0.9114 -0.4078
vn -0.0926 0.9083 -0.4080
vn 0.2328 0.8829 -0.4078
vn 0.4005 0.8206 -0.4078
vn 0.5768 0.7077 -0.4080
vn 0.7229 0.5578 -0.4078
vn 0.8178 0.4061 -0.4078
vn 0.8813 0.2387 -0.4078
vn 0.9110 0.0622 -0.4078
vn 0.8829 -0.2328 -0.4078
vn 0.9089 -0.0864 -0.4080
vn 0.8205 -0.4005 -0.4078
vn 0.7077 -0.5768 -0.4080
vn 0.5578 -0.7229 -0.4078
vn 0.4061 -0.8178 -0.4078
vn 0.2387 -0.8813 -0.4078
vn -0.0560 -0.9114 -0.4078
vn 0.0926 -0.9083 -0.4080
vn -0.2328 -0.8829 -0.4078
vn -0.4005 -0.8206 -0.4078
vn -0.5529 -0.7266 -0.4078
vn -0.7038 -0.5816 -0.4080
vn -0.8178 -0.4061 -0.4078
vn -0.8813 -0.2387 -0.4078
vn -0.9110 -0.0622 -0.4078
vn 0.1937 -0.0580 -0.9793
vn 0.0598 -0.0066 -0.9982
vn 0.2078 -0.0129 -0.9781
vn 0.1222 -0.0647 -0.9904
vn -0.0021 0.0004 -1.0000
vn 0.1617 -0.1241 -0.9790
vn 0.1838 -0.0975 -0.9781
vn 0.1320 -0.1586 -0.9785
vn 0.0020 -0.0001 -1.0000
vn 0.0186 -0.0344 -0.9992
vn 0.0660 -0.0803 -0.9946
vn 0.0598 -0.1975 -0.9785
vn 0.0987 -0.1832 -0.9781
vn 0.0001 -0.0005 -1.0000
vn 0.0311 -0.0999 -0.9945
vn -0.0120 -0.2055 -0.9786
vn 0.0205 -0.2009 -0.9794
vn -0.0597 -0.1993 -0.9781
vn -0.0162 -0.1237 -0.9922
vn -0.0642 -0.1205 -0.9906
vn -0.0070 -0.0231 -0.9997
vn -0.1228 -0.1598 -0.9795
vn -0.0975 -0.1838 -0.9781
vn -0.1584 -0.1318 -0.9785
vn 0.0005 0.0011 -1.0000
vn -0.0623 -0.0335 -0.9975
vn -0.0805 -0.0660 -0.9946
vn -0.1976 -0.0599 -0.9784
vn -0.1832 -0.0987 -0.9781
vn 0.0019 -0.0000 -1.0000
vn -0.0249 -0.0083 -0.9997
vn -0.2018 -0.0149 -0.9793
vn -0.1371 0.0128 -0.9905
vn -0.1993 0.0597 -0.9781
vn -0.2071 0.0197 -0.9781
vn -0.1205 0.0642 -0.9906
vn -0.0231 0.0070 -0.9997
vn -0.1598 0.1228 -0.9795
vn -0.1838 0.0975 -0.9781
vn -0.1318 0.1585 -0.9785
vn 0.0012 -0.0011 -1.0000
vn -0.0335 0.0622 -0.9975
vn -0.0660 0.0805 -0.9946
vn -0.0611 0.1989 -0.9781
vn -0.0987 0.1832 -0.9781
vn -0.0169 0.1233 -0.9922
vn -0.0040 0.0127 -0.9999
vn -0.0139 0.2071 -0.9782
vn 0.0026 0.0022 -1.0000
vn 0.0594 0.1976 -0.9785
vn 0.0199 0.2045 -0.9787
vn 0.0006 0.0029 -1.0000
vn 0.0303 0.1019 -0.9943
vn 0.1236 0.1635 -0.9788
vn 0.0947 0.1784 -0.9794
vn 0.1604 0.1325 -0.9781
vn 0.0234 0.0257 -0.9994
vn 0.1251 0.0677 -0.9898
vn 0.0351 0.0293 -0.9990
vn 0.1926 0.0592 -0.9795
vn 0.1832 0.0987 -0.9781
vn 0.1314 0.0140 -0.9912
vn -0.0032 -0.0017 -1.0000
vn 0.2070 0.0211 -0.9781
vn -0.0117 0.0035 -0.9999
vn -0.0149 0.0006 -0.9999
vn -0.0123 0.0065 -0.9999
vn -0.0101 0.0065 -0.9999
vn -0.0089 0.0169 -0.9998
vn 0.0055 0.0188 -0.9998
vn 0.0012 0.0135 -0.9999
vn 0.0059 0.0114 -0.9999
vn 0.0071 0.0087 -0.9999
vn 0.0098 0.0081 -0.9999
vn 0.0173 0.0091 -0.9998
vn 0.0191 -0.0055 -0.9998
vn 0.0140 -0.0014 -0.9999
vn 0.0113 -0.0060 -0.9999
vn 0.0087 -0.0071 -0.9999
vn 0.0081 -0.0098 -0.9999
vn 0.0123 -0.0271 -0.9996
vn -0.0023 -0.0109 -0.9999
vn 0.0012 -0.0116 -0.9999
vn -0.0037 -0.0125 -0.9999
vn -0.0054 -0.0102 -0.9999
vn -0.0129 -0.0123 -0.9998
vn -0.0130 -0.0013 -0.9999
vn 0.6520 -0.1730 -0.7382
vn 0.6690 -0.0865 -0.7382
vn 0.6733 -0.0424 -0.7382
vn 0.6058 -0.2968 -0.7382
vn 0.6393 -0.2154 -0.7382
vn 0.5351 -0.4092 -0.7390
vn 0.5843 -0.3362 -0.7386
vn 0.4290 -0.5184 -0.7397
vn 0.5067 -0.4428 -0.7397
vn 0.3401 -0.5822 -0.7385
vn 0.4282 -0.5188 -0.7399
vn 0.3009 -0.6038 -0.7382
vn 0.2197 -0.6378 -0.7382
vn 0.1774 -0.6508 -0.7382
vn 0.0684 -0.6709 -0.7384
vn -0.0424 -0.6732 -0.7382
vn -0.1730 -0.6520 -0.7382
vn -0.0865 -0.6690 -0.7382
vn -0.2968 -0.6058 -0.7382
vn -0.2154 -0.6393 -0.7382
vn -0.4254 -0.5219 -0.7394
vn -0.3362 -0.5841 -0.7388
vn -0.5041 -0.4471 -0.7390
vn -0.4244 -0.5213 -0.7404
vn -0.5334 -0.4130 -0.7382
vn -0.5827 -0.3399 -0.7382
vn -0.6038 -0.3009 -0.7382
vn -0.6378 -0.2197 -0.7382
vn -0.6508 -0.1774 -0.7382
vn -0.6684 -0.0910 -0.7382
vn -0.6729 -0.0470 -0.7382
vn -0.6695 0.0653 -0.7400
vn -0.6499 0.1734 -0.7399
vn -0.6714 0.0638 -0.7384
vn -0.6060 0.2970 -0.7380
vn -0.6376 0.2143 -0.7400
vn -0.5362 0.4093 -0.7382
vn -0.5846 0.3367 -0.7382
vn -0.4286 0.5187 -0.7398
vn -0.5070 0.4437 -0.7390
vn -0.3402 0.5813 -0.7392
vn -0.4277 0.5176 -0.7410
vn -0.3010 0.6037 -0.7382
vn -0.2188 0.6381 -0.7382
vn -0.1759 0.6499 -0.7394
vn -0.0683 0.6703 -0.7389
vn 0.0424 0.6737 -0.7378
vn -0.0682 0.6697 -0.7394
vn 0.1730 0.6520 -0.7382
vn 0.0872 0.6690 -0.7382
vn 0.2968 0.6058 -0.7382
vn 0.2154 0.6393 -0.7382
vn 0.4257 0.5214 -0.7395
vn 0.3361 0.5843 -0.7386
vn 0.5035 0.4459 -0.7401
vn 0.4247 0.5213 -0.7402
vn 0.5320 0.4127 -0.7394
vn 0.5815 0.3402 -0.7390
vn 0.6037 0.3010 -0.7382
vn 0.6378 0.2197 -0.7382
vn 0.6508 0.1774 -0.7382
vn 0.6709 0.0684 -0.7384
vn 0.0232 -0.0079 -0.9997
vn 0.0047 -0.0034 -1.0000
vn 0.0013 0.0002 -1.0000
vn 0.0080 -0.0227 -0.9997
vn 0.0056 -0.0118 -0.9999
vn 0.0093 -0.0223 -0.9997
vn 0.0048 -0.0467 -0.9989
vn 0.0003 -0.0025 -1.0000
vn -0.0044 -0.0468 -0.9989
vn -0.0080 -0.0240 -0.9997
vn -0.0059 -0.0090 -0.9999
vn -0.0418 -0.0225 -0.9989
vn -0.0009 0.0003 -1.0000
vn -0.0282 -0.0198 -0.9994
vn -0.0511 -0.0157 -0.9986
vn -0.0304 -0.0031 -0.9995
vn -0.0256 -0.0007 -0.9997
vn -0.0285 0.0188 -0.9994
vn -0.0006 0.0014 -1.0000
vn -0.0079 0.0027 -1.0000
vn -0.0124 0.0304 -0.9995
vn -0.0135 0.0324 -0.9994
vn 0.0053 0.0170 -0.9998
vn 0.0009 0.0028 -1.0000
vn 0.0003 0.0048 -1.0000
vn 0.0246 0.0083 -0.9997
vn 0.0006 0.0013 -1.0000
vn 0.0291 0.0122 -0.9995
vn 0.0467 0.0047 -0.9989
vn 0.0001 -0.0000 1.0000
vn 0.9668 -0.2554 -0.0000
vn 0.9955 -0.0946 -0.0000
vn -0.9955 0.0946 -0.0000
vn -0.0976 0.9952 -0.0000
vn -0.1016 0.9948 -0.0000
vn 0.0945 0.9955 -0.0000
vn -0.5191 0.0493 0.8533
vn -0.0493 -0.5191 0.8533
vn 0.5191 -0.0493 0.8533
vn 0.0493 0.5191 0.8533
vn -0.9036 0.0859 0.4197
vn -0.5734 -0.7036 0.4198
vn 0.0920 -0.9030 0.4197
vn 0.5782 -0.6997 0.4198
vn 0.9036 -0.0859 0.4197
vn 0.5734 0.7036 0.4198
vn -0.0920 0.9030 0.4197
vn -0.5782 0.6997 0.4198
vn -0.0080 0.0097 -0.9999
vn -0.0040 0.0130 -0.9999
vn -0.0012 0.0119 -0.9999
vn 0.0133 0.0041 -0.9999
vn 0.0122 0.0012 -0.9999
vn 0.0057 -0.0184 -0.9998
vn -0.0155 -0.0128 -0.9998
vn -0.0111 -0.0060 -0.9999
vn -0.0108 -0.0032 -0.9999
vn 0.0467 -0.0044 -0.9989
vn 0.0244 -0.0100 -0.9997
vn -0.0108 -0.0263 -0.9996
vn -0.0281 0.0186 -0.9994
vn 0.0062 0.0317 -0.9995
vn 0.0101 0.0245 -0.9996
vt 0.358941 0.039620
vt 0.390450 0.448564
vt 0.358941 0.448564
vt 0.390450 0.039620
vt 0.421965 0.448564
vt 0.421965 0.039620
vt 0.453475 0.448564
vt 0.484990 0.039620
vt 0.484990 0.448564
vt 0.516499 0.448564
vt 0.516499 0.039620
vt 0.548014 0.448564
vt 0.611039 0.039620
vt 0.642548 0.448564
vt 0.611039 0.448564
vt 0.642548 0.039620
vt 0.674063 0.448564
vt 0.548014 0.039620
vt 0.579524 0.448564
vt 0.264401 0.039620
vt 0.295917 0.448564
vt 0.264402 0.448564
vt 0.295916 0.039621
vt 0.327426 0.448564
vt 0.327426 0.039621
vt 0.637886 0.447491
vt 0.669168 0.037996
vt 0.669168 0.447491
vt 0.293819 0.447491
vt 0.325096 0.037996
vt 0.325096 0.447491
vt 0.356378 0.037996
vt 0.356378 0.447491
vt 0.700444 0.447491
vt 0.731726 0.037996
vt 0.731726 0.447491
vt 0.700444 0.037996
vt 0.606610 0.447491
vt 0.637886 0.037996
vt 0.575328 0.447491
vt 0.606610 0.037996
vt 0.544052 0.447491
vt 0.575328 0.037996
vt 0.481494 0.447491
vt 0.512770 0.037996
vt 0.512770 0.447491
vt 0.450212 0.447491
vt 0.481494 0.037996
vt 0.387653 0.447491
vt 0.387653 0.037996
vt 0.262537 0.037996
vt 0.293819 0.037996
vt 0.544052 0.037996
vt 0.418935 0.447491
vt 0.418935 0.037996
vt 0.555705 0.450380
vt 0.585085 0.451409
vt 0.555705 0.451409
vt 0.320690 0.450380
vt 0.350070 0.451409
vt 0.320690 0.451409
vt 0.525830 0.424421
vt 0.494650 0.425390
vt 0.494650 0.424421
vt 0.614459 0.450380
vt 0.585085 0.450380
vt 0.350070 0.450380
vt 0.379444 0.451409
vt 0.557015 0.424421
vt 0.525830 0.425390
vt 0.643838 0.451409
vt 0.614459 0.451409
vt 0.307556 0.424421
vt 0.338735 0.425390
vt 0.307556 0.425390
vt 0.379444 0.450380
vt 0.408823 0.451409
vt 0.588195 0.425390
vt 0.557015 0.425390
vt 0.673213 0.450380
vt 0.643838 0.450380
vt 0.369921 0.424421
vt 0.338735 0.424421
vt 0.438198 0.450380
vt 0.408823 0.450380
vt 0.619380 0.424421
vt 0.588195 0.424421
vt 0.401100 0.425390
vt 0.369921 0.425390
vt 0.702592 0.450380
vt 0.673213 0.451409
vt 0.650559 0.425390
vt 0.619380 0.425390
vt 0.467577 0.451409
vt 0.438198 0.451409
vt 0.432285 0.424421
vt 0.401100 0.424421
vt 0.650559 0.424421
vt 0.681745 0.425390
vt 0.496951 0.450380
vt 0.467577 0.450380
vt 0.463465 0.425390
vt 0.432285 0.425390
vt 0.291316 0.450380
vt 0.261936 0.451409
vt 0.261936 0.450380
vt 0.681745 0.424421
vt 0.712924 0.424421
vt 0.526331 0.450380
vt 0.496951 0.451409
vt 0.463465 0.424421
vt 0.291316 0.451409
vt 0.526331 0.451409
vt 0.276370 0.424421
vt 0.276370 0.425390
vt 0.744110 0.425390
vt 0.712924 0.425390
vt 0.674063 0.039620
vt 0.705573 0.039620
vt 0.450212 0.037996
vt 0.170904 0.774019
vt 0.273096 0.765566
vt 0.273700 0.779437
vt 0.267948 0.695503
vt 0.166600 0.683975
vt 0.269580 0.683720
vt 0.270861 0.669873
vt 0.167887 0.670063
vt 0.271741 0.654500
vt 0.169220 0.638223
vt 0.272187 0.638184
vt 0.169214 0.621520
vt 0.272182 0.621560
vt 0.168755 0.605142
vt 0.271725 0.605260
vt 0.270835 0.589916
vt 0.166565 0.575856
vt 0.269545 0.576113
vt 0.164917 0.564073
vt 0.267905 0.564385
vt 0.164766 0.903569
vt 0.269683 0.893992
vt 0.267692 0.903213
vt 0.166766 0.894304
vt 0.271376 0.882250
vt 0.168467 0.882507
vt 0.272707 0.868436
vt 0.273625 0.853085
vt 0.169805 0.868627
vt 0.170727 0.853202
vt 0.171199 0.836821
vt 0.274095 0.836781
vt 0.274097 0.820156
vt 0.170736 0.803728
vt 0.273633 0.803845
vt 0.169819 0.788289
vt 0.272721 0.788479
vt 0.271394 0.774643
vt 0.164954 0.683695
vt 0.269362 0.669617
vt 0.268447 0.683439
vt 0.165873 0.669807
vt 0.269992 0.654255
vt 0.270313 0.637950
vt 0.166506 0.654372
vt 0.166829 0.637990
vt 0.166829 0.621283
vt 0.270313 0.621323
vt 0.269992 0.605018
vt 0.165873 0.589466
vt 0.269362 0.589656
vt 0.164954 0.575577
vt 0.268447 0.575833
vt 0.269638 0.859294
vt 0.168511 0.838887
vt 0.271318 0.843998
vt 0.272605 0.827738
vt 0.169804 0.822549
vt 0.273449 0.811132
vt 0.169228 0.748199
vt 0.272032 0.753739
vt 0.273819 0.794825
vt 0.170652 0.805865
vt 0.171024 0.789480
vt 0.161871 0.774192
vt 0.161989 0.789410
vt 0.161623 0.805537
vt 0.160788 0.821960
vt 0.159515 0.838041
vt 0.166824 0.854256
vt 0.157854 0.853167
vt 0.155869 0.866754
vt 0.164807 0.868060
vt 0.157487 0.605290
vt 0.166506 0.604901
vt 0.157805 0.621415
vt 0.157805 0.637859
vt 0.157487 0.653983
vt 0.156864 0.669175
vt 0.155959 0.682845
vt 0.159494 0.775236
vt 0.160806 0.788919
vt 0.161709 0.804115
vt 0.162167 0.820247
vt 0.171202 0.820117
vt 0.162165 0.836688
vt 0.161700 0.852812
vt 0.160793 0.867994
vt 0.159476 0.881656
vt 0.157801 0.893268
vt 0.155833 0.902387
vt 0.157572 0.576708
vt 0.158848 0.590360
vt 0.167861 0.589725
vt 0.159728 0.605534
vt 0.160180 0.621654
vt 0.160186 0.638095
vt 0.168771 0.654616
vt 0.159744 0.654230
vt 0.158874 0.669434
vt 0.157607 0.683128
vt 0.155993 0.694780
vt 0.164960 0.695814
vt 0.161274 0.760474
vt 0.170298 0.760082
vt 0.152085 0.789791
vt 0.151732 0.805333
vt 0.149701 0.836656
vt 0.148100 0.851234
vt 0.147090 0.591533
vt 0.156864 0.590098
vt 0.147996 0.621713
vt 0.147996 0.637560
vt 0.147089 0.667740
vt 0.146218 0.680913
vt 0.149699 0.777165
vt 0.150963 0.790352
vt 0.151833 0.804996
vt 0.152272 0.836386
vt 0.151825 0.851924
vt 0.150950 0.866555
vt 0.148068 0.890911
vt 0.146171 0.899700
vt 0.146220 0.567469
vt 0.155951 0.565110
vt 0.147783 0.578646
vt 0.149861 0.606425
vt 0.150296 0.621960
vt 0.149876 0.653353
vt 0.150381 0.750634
vt 0.160221 0.748778
vt 0.513034 0.959632
vt 0.523044 0.973421
vt 0.508814 0.967526
vt 0.149037 0.668005
vt 0.147816 0.681202
vt 0.478802 0.591626
vt 0.469261 0.577043
vt 0.478946 0.575949
vt 0.151971 0.775126
vt 0.151396 0.761906
vt 0.145247 0.752127
vt 0.492038 0.942401
vt 0.496010 0.958970
vt 0.485118 0.948079
vt 0.484457 0.931055
vt 0.476563 0.935275
vt 0.470668 0.921045
vt 0.467664 0.905941
vt 0.479234 0.918446
vt 0.476572 0.891415
vt 0.467664 0.890538
vt 0.479234 0.878033
vt 0.470668 0.875434
vt 0.484457 0.865424
vt 0.476563 0.861204
vt 0.485118 0.848400
vt 0.501688 0.844428
vt 0.496010 0.837508
vt 0.513034 0.836847
vt 0.508814 0.828953
vt 0.523044 0.823058
vt 0.538148 0.820054
vt 0.525643 0.831624
vt 0.552673 0.828962
vt 0.553551 0.820054
vt 0.566056 0.831624
vt 0.568655 0.823058
vt 0.578665 0.836847
vt 0.582885 0.828953
vt 0.595689 0.837508
vt 0.599661 0.854078
vt 0.606580 0.848400
vt 0.607242 0.865424
vt 0.615136 0.861204
vt 0.621031 0.875434
vt 0.624035 0.890538
vt 0.612465 0.878033
vt 0.615127 0.905063
vt 0.624035 0.905941
vt 0.612465 0.918446
vt 0.621031 0.921045
vt 0.607242 0.931055
vt 0.615136 0.935275
vt 0.606580 0.948079
vt 0.590011 0.952051
vt 0.595689 0.958970
vt 0.578665 0.959632
vt 0.582885 0.967526
vt 0.568655 0.973421
vt 0.553551 0.976425
vt 0.566056 0.964855
vt 0.538148 0.976425
vt 0.552673 0.967517
vt 0.525643 0.964855
vt 0.502610 0.590498
vt 0.490318 0.575196
vt 0.502943 0.574812
vt 0.516331 0.574812
vt 0.515697 0.590522
vt 0.529973 0.575196
vt 0.529476 0.590952
vt 0.542750 0.591626
vt 0.543340 0.575949
vt 0.555923 0.577043
vt 0.555296 0.592775
vt 0.648932 0.783823
vt 0.660505 0.798820
vt 0.649159 0.799570
vt 0.636550 0.800088
vt 0.636617 0.784285
vt 0.623167 0.800351
vt 0.623129 0.784514
vt 0.609563 0.784620
vt 0.609519 0.800351
vt 0.596136 0.800088
vt 0.596250 0.784251
vt 0.583551 0.783767
vt 0.583528 0.799570
vt 0.572275 0.783043
vt 0.572182 0.798820
vt 0.561529 0.768780
vt 0.573527 0.783029
vt 0.562207 0.784445
vt 0.549621 0.785557
vt 0.549039 0.769810
vt 0.535734 0.770644
vt 0.536249 0.786323
vt 0.522609 0.786713
vt 0.522178 0.770959
vt 0.508898 0.771019
vt 0.509221 0.786713
vt 0.496604 0.786323
vt 0.496349 0.770571
vt 0.485085 0.769884
vt 0.485239 0.785557
vt 0.475565 0.784445
vt 0.475579 0.768781
vt 0.467952 0.783030
vt 0.467836 0.767294
vt 0.477710 0.804592
vt 0.467664 0.790228
vt 0.477290 0.788882
vt 0.488991 0.803542
vt 0.488620 0.787823
vt 0.501525 0.802821
vt 0.501214 0.787092
vt 0.514638 0.802390
vt 0.514593 0.786718
vt 0.528239 0.786713
vt 0.528003 0.802449
vt 0.541630 0.787079
vt 0.541518 0.802854
vt 0.554227 0.803547
vt 0.554249 0.787802
vt 0.565334 0.804513
vt 0.565614 0.788853
vt 0.575285 0.790193
vt 0.574995 0.805944
vt 0.490058 0.590961
vt 0.146902 0.790186
vt 0.146560 0.805292
vt 0.145777 0.820675
vt 0.150927 0.821159
vt 0.144586 0.835737
vt 0.141170 0.862633
vt 0.146187 0.864328
vt 0.147690 0.606174
vt 0.142018 0.592601
vt 0.142601 0.606831
vt 0.142899 0.621935
vt 0.142601 0.652442
vt 0.147690 0.653099
vt 0.142017 0.666672
vt 0.145828 0.791417
vt 0.146674 0.805651
vt 0.152275 0.820542
vt 0.147103 0.820761
vt 0.146666 0.851264
vt 0.145816 0.865485
vt 0.144583 0.878282
vt 0.149681 0.879721
vt 0.143014 0.889158
vt 0.142689 0.580087
vt 0.149012 0.591801
vt 0.143884 0.592874
vt 0.144709 0.607087
vt 0.145137 0.637587
vt 0.150301 0.637804
vt 0.144723 0.652700
vt 0.142721 0.679769
vt 0.141210 0.690683
vt 0.146261 0.692431
vt 0.146233 0.763082
vt 0.610630 0.753823
vt 0.597117 0.758554
vt 0.596470 0.755211
vt 0.570975 0.740270
vt 0.584463 0.745038
vt 0.570304 0.743643
vt 0.468921 0.606862
vt 0.478583 0.599661
vt 0.478516 0.605778
vt 0.570303 0.766037
vt 0.584140 0.762431
vt 0.572215 0.768856
vt 0.515497 0.594117
vt 0.529720 0.594517
vt 0.543655 0.595303
vt 0.584461 0.735528
vt 0.597978 0.740270
vt 0.584463 0.738883
vt 0.570950 0.740270
vt 0.570304 0.736922
vt 0.650555 0.779988
vt 0.637410 0.780527
vt 0.623457 0.780802
vt 0.609229 0.780802
vt 0.595277 0.780527
vt 0.582132 0.779988
vt 0.482871 0.555987
vt 0.470097 0.550022
vt 0.483431 0.552644
vt 0.496793 0.552607
vt 0.497099 0.555999
vt 0.510103 0.550022
vt 0.511054 0.553236
vt 0.549921 0.766216
vt 0.535980 0.767015
vt 0.521760 0.767422
vt 0.507802 0.767422
vt 0.480740 0.566542
vt 0.471086 0.555999
vt 0.482311 0.563585
vt 0.493878 0.572003
vt 0.494853 0.568744
vt 0.507827 0.574795
vt 0.507943 0.571414
vt 0.521749 0.571478
vt 0.522056 0.574812
vt 0.535228 0.568764
vt 0.536011 0.572053
vt 0.549163 0.566624
vt 0.547750 0.563553
vt 0.561001 0.558735
vt 0.559014 0.555999
vt 0.514296 0.806052
vt 0.528522 0.806048
vt 0.542483 0.806430
vt 0.638400 0.759360
vt 0.649084 0.768856
vt 0.636928 0.762405
vt 0.624787 0.755224
vt 0.624125 0.758562
vt 0.610617 0.757174
vt 0.582855 0.759335
vt 0.501539 0.594117
vt 0.489876 0.598913
vt 0.488377 0.594517
vt 0.502414 0.598532
vt 0.515710 0.598532
vt 0.529259 0.598913
vt 0.555030 0.600747
vt 0.556774 0.596443
vt 0.566263 0.602129
vt 0.568566 0.597894
vt 0.636411 0.776259
vt 0.623120 0.776520
vt 0.609566 0.776520
vt 0.596275 0.776259
vt 0.570304 0.779205
vt 0.583753 0.775745
vt 0.563042 0.765057
vt 0.572542 0.759342
vt 0.574844 0.763581
vt 0.548800 0.761852
vt 0.535520 0.762613
vt 0.521974 0.763000
vt 0.508678 0.763000
vt 0.494649 0.767015
vt 0.482800 0.766216
vt 0.496148 0.762613
vt 0.481616 0.744132
vt 0.468663 0.750199
vt 0.467664 0.746907
vt 0.495508 0.747555
vt 0.495845 0.744132
vt 0.508798 0.750199
vt 0.509797 0.746907
vt 0.488846 0.811550
vt 0.475406 0.808309
vt 0.487218 0.807205
vt 0.501354 0.810825
vt 0.500348 0.806443
vt 0.514642 0.810452
vt 0.528193 0.810448
vt 0.555639 0.807183
vt 0.541493 0.810812
vt 0.565312 0.812574
vt 0.567488 0.808279
vt 0.584463 0.741598
vt 0.598620 0.743643
vt 0.476522 0.595303
vt 0.502290 0.604652
vt 0.515554 0.604652
vt 0.529070 0.605032
vt 0.542534 0.599661
vt 0.542313 0.605778
vt 0.554780 0.606862
vt 0.648855 0.769600
vt 0.660201 0.774999
vt 0.648934 0.775745
vt 0.636363 0.770113
vt 0.623104 0.770374
vt 0.609582 0.770374
vt 0.596324 0.770112
vt 0.583832 0.769600
vt 0.572486 0.774999
vt 0.572591 0.768856
vt 0.561045 0.754635
vt 0.561299 0.760748
vt 0.548576 0.755736
vt 0.535327 0.756495
vt 0.521814 0.756882
vt 0.508550 0.756882
vt 0.496050 0.756495
vt 0.484790 0.755736
vt 0.484860 0.761852
vt 0.475206 0.754635
vt 0.475253 0.760748
vt 0.467693 0.759342
vt 0.467664 0.753233
vt 0.468164 0.820054
vt 0.477594 0.812602
vt 0.477701 0.818721
vt 0.488925 0.817672
vt 0.501403 0.816948
vt 0.514658 0.816576
vt 0.528177 0.816572
vt 0.541445 0.816935
vt 0.553946 0.817651
vt 0.554024 0.811529
vt 0.565206 0.818692
vt 0.574916 0.813904
vt 0.574787 0.820019
vt 0.489782 0.605032
vt 0.287580 0.766010
vt 0.288187 0.779956
vt 0.284072 0.684012
vt 0.282431 0.695858
vt 0.285360 0.670090
vt 0.286693 0.638229
vt 0.286245 0.654633
vt 0.286229 0.605125
vt 0.286688 0.621514
vt 0.285333 0.589698
vt 0.282388 0.564028
vt 0.284036 0.575819
vt 0.284157 0.894348
vt 0.282156 0.903620
vt 0.287198 0.868654
vt 0.285859 0.882543
vt 0.288121 0.853219
vt 0.288596 0.820112
vt 0.288593 0.836826
vt 0.287212 0.788262
vt 0.288129 0.803712
vt 0.282995 0.683731
vt 0.284548 0.654389
vt 0.283914 0.669834
vt 0.284871 0.637995
vt 0.284548 0.604884
vt 0.284871 0.621278
vt 0.282995 0.575541
vt 0.283914 0.589439
vt 0.284104 0.860248
vt 0.285792 0.844868
vt 0.287935 0.811823
vt 0.287086 0.828519
vt 0.288307 0.795428
vt 0.303726 0.764748
vt 0.304780 0.779205
vt 0.286510 0.754119
vt 0.298429 0.698388
vt 0.300539 0.686154
vt 0.302389 0.655577
vt 0.301470 0.671629
vt 0.302855 0.638542
vt 0.302781 0.604128
vt 0.302849 0.621185
vt 0.301443 0.588145
vt 0.300096 0.573733
vt 0.298476 0.906602
vt 0.301921 0.884627
vt 0.300153 0.896886
vt 0.303311 0.870203
vt 0.304759 0.837152
vt 0.304693 0.854204
vt 0.304762 0.819794
vt 0.304278 0.802763
vt 0.285878 0.774351
vt 0.303734 0.786685
vt 0.299985 0.671380
vt 0.299029 0.685812
vt 0.300643 0.655341
vt 0.301386 0.620936
vt 0.300978 0.638317
vt 0.300643 0.603932
vt 0.298020 0.876954
vt 0.282085 0.874060
vt 0.302278 0.846676
vt 0.300116 0.862610
vt 0.303213 0.829662
vt 0.304094 0.812323
vt 0.304480 0.795297
vt 0.332733 0.741853
vt 0.334040 0.756378
vt 0.327962 0.710427
vt 0.332621 0.660072
vt 0.331540 0.678952
vt 0.333169 0.640035
vt 0.365878 0.617918
vt 0.329924 0.563806
vt 0.331508 0.580758
vt 0.298791 0.561423
vt 0.331788 0.894540
vt 0.329708 0.908959
vt 0.333423 0.877575
vt 0.335130 0.818283
vt 0.335126 0.838699
vt 0.334560 0.798251
vt 0.329637 0.678736
vt 0.360358 0.706655
vt 0.330411 0.659871
vt 0.330805 0.639847
vt 0.329637 0.580537
vt 0.330411 0.599403
vt 0.327328 0.888356
vt 0.329794 0.871484
vt 0.333436 0.832730
vt 0.334474 0.812337
vt 0.367841 0.788970
vt 0.367007 0.767020
vt 0.366145 0.747202
vt 0.361546 0.706722
vt 0.359214 0.723556
vt 0.363376 0.686938
vt 0.365271 0.641664
vt 0.364634 0.664974
vt 0.364611 0.594624
vt 0.361496 0.552980
vt 0.363339 0.572702
vt 0.359153 0.536225
vt 0.358140 0.935300
vt 0.360984 0.922125
vt 0.365305 0.885613
vt 0.363403 0.905350
vt 0.366617 0.863680
vt 0.367287 0.840386
vt 0.367291 0.816635
vt 0.365325 0.771376
vt 0.366629 0.793330
vt 0.364085 0.751459
vt 0.361913 0.664810
vt 0.361013 0.686758
vt 0.362372 0.641515
vt 0.362372 0.617760
vt 0.361913 0.594464
vt 0.361204 0.881114
vt 0.358336 0.900742
vt 0.363604 0.859260
vt 0.366649 0.812303
vt 0.365442 0.836028
vt 0.384006 0.743768
vt 0.384917 0.764704
vt 0.382399 0.725917
vt 0.376742 0.728830
vt 0.379205 0.711046
vt 0.382467 0.666943
vt 0.381138 0.690147
vt 0.383140 0.642318
vt 0.383132 0.617226
vt 0.381099 0.569465
vt 0.382443 0.592624
vt 0.379152 0.548631
vt 0.375513 0.941334
vt 0.381073 0.909693
vt 0.378518 0.927415
vt 0.383083 0.888843
vt 0.384468 0.865673
vt 0.385181 0.815973
vt 0.385177 0.841064
vt 0.384481 0.791353
vt 0.383103 0.768160
vt 0.378614 0.689981
vt 0.377234 0.710843
vt 0.379566 0.666795
vt 0.380050 0.642186
vt 0.379566 0.592480
vt 0.380050 0.617090
vt 0.378615 0.569294
vt 0.375757 0.905970
vt 0.381322 0.862148
vt 0.378787 0.885235
vt 0.383264 0.837606
vt 0.384539 0.812542
vt 0.385097 0.787929
vt 0.400814 0.741042
vt 0.401765 0.762900
vt 0.393277 0.733179
vt 0.397868 0.692793
vt 0.395849 0.714612
vt 0.399255 0.668567
vt 0.399958 0.642857
vt 0.399949 0.616661
vt 0.399230 0.590975
vt 0.397827 0.566796
vt 0.376677 0.530929
vt 0.395794 0.545044
vt 0.391921 0.946308
vt 0.397726 0.913275
vt 0.395057 0.931777
vt 0.399823 0.891506
vt 0.402010 0.841623
vt 0.401270 0.867315
vt 0.402014 0.815427
vt 0.401283 0.789723
vt 0.381101 0.747277
vt 0.399845 0.765509
vt 0.395221 0.692638
vt 0.393780 0.714419
vt 0.396214 0.668431
vt 0.396721 0.642739
vt 0.396721 0.616537
vt 0.396215 0.590844
vt 0.392202 0.910387
vt 0.398012 0.864635
vt 0.395366 0.888739
vt 0.400039 0.839012
vt 0.401370 0.812844
vt 0.401953 0.787148
vt 0.428607 0.761721
vt 0.425872 0.719593
vt 0.427617 0.738981
vt 0.422513 0.718022
vt 0.419837 0.737338
vt 0.424613 0.695322
vt 0.426056 0.670119
vt 0.426779 0.616120
vt 0.426787 0.643373
vt 0.426030 0.589398
vt 0.422456 0.541616
vt 0.424570 0.564244
vt 0.419768 0.522390
vt 0.421614 0.935947
vt 0.418351 0.951065
vt 0.424390 0.916699
vt 0.428077 0.868886
vt 0.426572 0.894052
vt 0.428846 0.842158
vt 0.428090 0.788165
vt 0.428851 0.814905
vt 0.426594 0.762974
vt 0.397754 0.743706
vt 0.420402 0.717839
vt 0.421902 0.695179
vt 0.423462 0.643267
vt 0.422935 0.669996
vt 0.423462 0.616009
vt 0.421902 0.564096
vt 0.422935 0.589280
vt 0.421949 0.892635
vt 0.418658 0.915157
vt 0.424702 0.867559
vt 0.426811 0.840902
vt 0.428802 0.786947
vt 0.428196 0.813680
vt 0.452392 0.761938
vt 0.451383 0.738855
vt 0.443535 0.738959
vt 0.446249 0.719350
vt 0.449844 0.670723
vt 0.448380 0.696307
vt 0.450585 0.643574
vt 0.450581 0.615909
vt 0.449819 0.588782
vt 0.448335 0.563249
vt 0.446193 0.540278
vt 0.441987 0.952918
vt 0.448119 0.918034
vt 0.445296 0.937573
vt 0.450331 0.895044
vt 0.451859 0.869497
vt 0.452638 0.842366
vt 0.452648 0.814701
vt 0.451873 0.787555
vt 0.424419 0.740292
vt 0.450354 0.761984
vt 0.445708 0.696168
vt 0.444187 0.719171
vt 0.446757 0.670605
vt 0.447290 0.643473
vt 0.447292 0.615804
vt 0.446760 0.588669
vt 0.420403 0.541436
vt 0.445706 0.563105
vt 0.448426 0.869375
vt 0.445634 0.894831
vt 0.450567 0.842315
vt 0.451972 0.814681
vt 0.452585 0.787546
vt 0.847775 0.615909
vt 0.443462 0.520761
vt 0.843387 0.540278
vt 0.845885 0.588670
vt 0.848939 0.782105
vt 0.846163 0.739340
vt 0.847930 0.759021
vt 0.840729 0.738959
vt 0.843443 0.719353
vt 0.845574 0.696310
vt 0.847039 0.670727
vt 0.847779 0.643574
vt 0.847013 0.588785
vt 0.845528 0.563249
vt 0.838909 0.952920
vt 0.845043 0.918034
vt 0.842220 0.937573
vt 0.847256 0.895047
vt 0.848783 0.869500
vt 0.849571 0.814702
vt 0.849562 0.842366
vt 0.848797 0.787558
vt 0.448146 0.738959
vt 0.847279 0.761987
vt 0.843311 0.719173
vt 0.844833 0.696171
vt 0.845882 0.670608
vt 0.846417 0.615801
vt 0.846414 0.643473
vt 0.843314 0.540103
vt 0.844831 0.563105
vt 0.842181 0.914997
vt 0.844973 0.889544
vt 0.847114 0.862485
vt 0.848520 0.834850
vt 0.849132 0.807712
vt 0.864865 0.783569
vt 0.863870 0.760712
vt 0.859453 0.718475
vt 0.856764 0.737890
vt 0.861564 0.695658
vt 0.863750 0.643441
vt 0.863015 0.670326
vt 0.863741 0.616048
vt 0.862988 0.589189
vt 0.861521 0.563905
vt 0.856694 0.521835
vt 0.859396 0.541160
vt 0.854965 0.951696
vt 0.858245 0.936501
vt 0.863229 0.894390
vt 0.861035 0.917154
vt 0.864741 0.869095
vt 0.865515 0.842229
vt 0.865519 0.814836
vt 0.863251 0.762637
vt 0.864755 0.787957
vt 0.861065 0.739838
vt 0.859444 0.718293
vt 0.861989 0.670204
vt 0.860951 0.695517
vt 0.862519 0.643337
vt 0.862519 0.615939
vt 0.861990 0.589072
vt 0.859444 0.540982
vt 0.860951 0.563758
vt 0.860940 0.889952
vt 0.858173 0.915157
vt 0.864452 0.835795
vt 0.863060 0.863158
vt 0.865061 0.808924
vt 0.871329 0.763379
vt 0.872298 0.785647
vt 0.869620 0.744393
vt 0.867047 0.716197
vt 0.864427 0.735111
vt 0.869103 0.693968
vt 0.870516 0.669288
vt 0.871232 0.643097
vt 0.870491 0.590242
vt 0.871224 0.616410
vt 0.869061 0.565610
vt 0.866991 0.543451
vt 0.864358 0.524625
vt 0.853519 0.506667
vt 0.865893 0.933714
vt 0.868611 0.914866
vt 0.870748 0.892689
vt 0.872222 0.868045
vt 0.872980 0.815184
vt 0.872975 0.841872
vt 0.872235 0.788999
vt 0.870770 0.764331
vt 0.867188 0.716008
vt 0.868657 0.693819
vt 0.869668 0.669158
vt 0.870184 0.616292
vt 0.870184 0.642984
vt 0.869669 0.590117
vt 0.868657 0.565456
vt 0.867189 0.543266
vt 0.868475 0.889288
vt 0.865778 0.913844
vt 0.870540 0.863185
vt 0.871896 0.836527
vt 0.872489 0.810349
vt 0.543185 0.592145
vt 0.540352 0.618554
vt 0.537978 0.618320
vt 0.555503 0.568610
vt 0.545918 0.593122
vt 0.568226 0.545295
vt 0.553399 0.567484
vt 0.587101 0.526420
vt 0.570393 0.546947
vt 0.610415 0.513698
vt 0.588613 0.528265
vt 0.633951 0.501379
vt 0.609290 0.511594
vt 0.660401 0.498968
vt 0.634643 0.503662
vt 0.686817 0.496173
vt 0.660125 0.496173
vt 0.712992 0.501379
vt 0.686583 0.498547
vt 0.736528 0.513698
vt 0.712299 0.503662
vt 0.759842 0.526420
vt 0.737653 0.511594
vt 0.778717 0.545295
vt 0.758356 0.528794
vt 0.791440 0.568610
vt 0.776872 0.546808
vt 0.803758 0.592145
vt 0.793543 0.567484
vt 0.806074 0.618238
vt 0.801475 0.592838
vt 0.808964 0.618320
vt 0.806590 0.644778
vt 0.803758 0.671186
vt 0.808964 0.645012
vt 0.791440 0.694723
vt 0.801475 0.670494
vt 0.778717 0.718036
vt 0.793543 0.695847
vt 0.759842 0.736911
vt 0.776343 0.716551
vt 0.736528 0.749635
vt 0.758329 0.735067
vt 0.712992 0.761952
vt 0.737653 0.751737
vt 0.686584 0.764785
vt 0.712299 0.759670
vt 0.686817 0.767159
vt 0.660479 0.764585
vt 0.633951 0.761952
vt 0.660125 0.767159
vt 0.610935 0.749479
vt 0.634643 0.759670
vt 0.587101 0.736911
vt 0.609290 0.751737
vt 0.568226 0.718036
vt 0.588613 0.735067
vt 0.555503 0.694723
vt 0.570070 0.716524
vt 0.543185 0.671186
vt 0.553399 0.695847
vt 0.540352 0.644779
vt 0.546384 0.672010
vt 0.537978 0.645012
vt 0.566471 0.599209
vt 0.562196 0.620705
vt 0.574860 0.578956
vt 0.587037 0.560733
vt 0.620761 0.533055
vt 0.705928 0.524666
vt 0.684432 0.520390
vt 0.726181 0.533055
vt 0.744405 0.545232
vt 0.759906 0.560733
vt 0.772082 0.578956
vt 0.780471 0.664123
vt 0.784747 0.642627
vt 0.772082 0.684376
vt 0.759906 0.702599
vt 0.744405 0.718100
vt 0.726181 0.730277
vt 0.662511 0.742942
vt 0.684432 0.742942
vt 0.641014 0.738666
vt 0.620762 0.730277
vt 0.602538 0.718100
vt 0.562196 0.642627
vt 0.567020 0.621185
vt 0.571110 0.600621
vt 0.579135 0.581246
vt 0.602538 0.545232
vt 0.590905 0.563887
vt 0.623046 0.537336
vt 0.605766 0.549032
vt 0.642420 0.529311
vt 0.641014 0.524666
vt 0.662984 0.525221
vt 0.662510 0.520390
vt 0.683955 0.525221
vt 0.704519 0.529311
vt 0.723894 0.537336
vt 0.756156 0.563813
vt 0.741195 0.549085
vt 0.767805 0.581246
vt 0.775829 0.600621
vt 0.780471 0.599209
vt 0.779920 0.621185
vt 0.784747 0.620705
vt 0.779920 0.642156
vt 0.775499 0.663149
vt 0.767805 0.682094
vt 0.756156 0.699528
vt 0.723894 0.726005
vt 0.741229 0.714171
vt 0.704519 0.734030
vt 0.705928 0.738666
vt 0.683592 0.737993
vt 0.662984 0.738120
vt 0.642421 0.734030
vt 0.623046 0.726005
vt 0.590973 0.699484
vt 0.605754 0.714280
vt 0.587037 0.702599
vt 0.579135 0.682094
vt 0.574860 0.684376
vt 0.571110 0.662720
vt 0.566471 0.664123
vt 0.567020 0.642156
vt 0.571139 0.631667
vt 0.673470 0.529313
vt 0.769454 0.595046
vt 0.598379 0.708009
vt 0.570068 0.736321
vt 0.606191 0.682258
vt 0.517536 0.609499
vt 0.530795 0.606862
vt 0.505044 0.614674
vt 0.476733 0.708009
vt 0.530795 0.744132
vt 0.505044 0.736320
vt 0.476733 0.642985
vt 0.484243 0.631745
vt 0.468921 0.668736
vt 0.471558 0.655478
vt 0.557575 0.609499
vt 0.570068 0.614674
vt 0.544317 0.606862
vt 0.606191 0.668736
vt 0.581308 0.622184
vt 0.598379 0.642986
vt 0.544317 0.744132
vt 0.468921 0.682258
vt 0.471558 0.695517
vt 0.603554 0.655478
vt 0.493804 0.622184
vt 0.493804 0.728810
vt 0.484243 0.719249
vt 0.603554 0.695517
vt 0.517536 0.741495
vt 0.590869 0.719249
vt 0.581308 0.728810
vt 0.590869 0.631745
vt 0.557575 0.741495
vt 0.453475 0.039620
vt 0.705573 0.448564
vt 0.737088 0.039620
vt 0.737088 0.448564
vt 0.579524 0.039620
vt 0.262537 0.447491
vt 0.702592 0.451409
vt 0.744110 0.424421
vt 0.000000 0.000000
vt 0.168486 0.774387
vt 0.469130 0.592788
vt 0.501688 0.952051
vt 0.476572 0.905063
vt 0.492038 0.854078
vt 0.539026 0.828962
vt 0.590011 0.844428
vt 0.615127 0.891415
vt 0.599661 0.942401
vt 0.539026 0.967517
vt 0.660257 0.783013
vt 0.572639 0.767378
vt 0.467976 0.805975
vt 0.146792 0.775932
vt 0.143030 0.849907
vt 0.142899 0.637338
vt 0.141170 0.679476
vt 0.144599 0.778600
vt 0.147101 0.836161
vt 0.141170 0.897701
vt 0.141170 0.569223
vt 0.145132 0.622187
vt 0.143908 0.666942
vt 0.468964 0.600747
vt 0.598621 0.736923
vt 0.468921 0.553199
vt 0.468921 0.558625
vt 0.650944 0.766071
vt 0.481954 0.747555
vt 0.597949 0.740270
vt 0.660096 0.768856
vt 0.572260 0.753233
vt 0.468034 0.813939
vt 0.302614 0.752399
vt 0.301939 0.772273
vt 0.299985 0.587893
vt 0.574754 0.745038
vt 0.605797 0.753823
vt 0.570304 0.753823
vt 0.364623 0.730304
vt 0.361013 0.572516
vt 0.399137 0.722405
vt 0.393210 0.526564
vt 0.395222 0.566636
vt 0.449616 0.719173
vt 0.444189 0.540102
vt 0.840656 0.520763
vt 0.845070 0.738962
vt 0.862116 0.741224
vt 0.861265 0.509847
vt 0.868640 0.742120
s 1
f 44/1/1 2/2/2 1/3/3
f 45/4/4 29/5/5 2/2/2
f 46/6/6 3/7/7 29/5/5
f 3/7/7 48/8/8 32/9/8
f 48/8/8 4/10/9 32/9/8
f 49/11/10 6/12/11 4/10/9
f 52/13/12 5/14/13 36/15/14
f 53/16/15 12/17/16 5/14/13
f 50/18/17 10/19/18 6/12/11
f 41/20/19 8/21/20 7/22/21
f 42/23/22 9/24/23 8/21/20
f 62/25/23 44/1/1 9/24/23
f 27/26/24 43/27/25 26/28/25
f 60/29/26 13/30/27 39/31/27
f 13/30/27 14/32/28 38/33/29
f 25/34/30 16/35/31 58/36/32
f 43/27/25 17/37/33 25/34/30
f 28/38/34 18/39/35 27/26/24
f 30/40/36 19/41/37 28/38/34
f 31/42/38 20/43/39 30/40/36
f 33/44/40 21/45/41 59/46/41
f 34/47/42 22/48/43 33/44/40
f 37/49/44 14/32/28 23/50/45
f 15/51/46 24/52/26 60/29/26
f 21/45/41 63/53/38 31/42/38
f 35/54/47 23/50/45 51/55/48
f 51/56/49 52/57/49 61/58/49
f 43/59/50 44/60/49 62/61/50
f 4/62/51 59/63/51 32/64/51
f 14/65/49 52/57/49 23/66/49
f 18/67/49 45/68/49 44/60/49
f 6/69/51 33/70/51 4/62/51
f 14/65/49 54/71/49 53/72/49
f 8/73/51 26/74/51 25/75/51
f 19/76/49 46/77/49 45/68/49
f 6/69/51 35/78/51 34/79/51
f 24/80/49 54/71/49 13/81/49
f 1/82/51 26/74/51 9/83/51
f 63/84/49 46/77/49 20/85/49
f 36/86/51 35/78/51 10/87/51
f 1/82/51 28/88/52 27/89/51
f 15/90/49 55/91/49 24/80/49
f 36/86/51 38/92/51 37/93/51
f 63/84/49 48/94/49 47/95/49
f 29/96/51 28/88/52 2/97/52
f 5/98/51 39/99/51 38/92/51
f 22/100/49 48/94/49 21/101/49
f 29/96/51 31/102/53 30/103/51
f 17/104/49 41/105/49 16/106/49
f 12/107/51 11/108/51 39/99/51
f 64/109/49 49/110/49 22/100/49
f 32/64/51 31/102/53 3/111/53
f 17/104/49 62/61/50 42/112/49
f 64/109/49 61/58/49 50/113/49
f 7/114/51 25/75/51 58/115/51
f 57/116/51 60/117/51 11/108/51
f 54/118/16 55/119/54 12/17/16
f 53/16/15 54/118/16 12/17/16
f 51/55/48 64/120/42 34/47/42
f 68/121/55 66/122/56 65/123/57
f 72/124/58 70/125/59 69/126/60
f 70/125/59 73/127/61 69/126/60
f 74/128/62 75/129/63 73/127/61
f 75/129/63 78/130/64 77/131/65
f 77/131/65 80/132/66 79/133/67
f 79/133/67 82/134/68 81/135/69
f 82/134/68 83/136/70 81/135/69
f 83/136/70 86/137/71 85/138/72
f 85/138/72 88/139/73 87/140/74
f 88/141/73 89/142/75 87/143/74
f 90/144/76 91/145/77 89/142/75
f 92/146/78 93/147/79 91/145/77
f 95/148/80 94/149/81 96/150/82
f 95/148/80 98/151/83 97/152/84
f 98/151/83 99/153/85 97/152/84
f 99/153/85 102/154/86 101/155/87
f 101/155/87 104/156/88 103/157/89
f 104/156/88 105/158/90 103/157/89
f 106/159/91 107/160/92 105/161/90
f 108/162/93 109/163/94 107/160/92
f 111/164/95 110/165/96 112/166/97
f 111/164/95 114/167/98 113/168/99
f 114/167/98 115/169/100 113/168/99
f 115/169/100 118/170/101 117/171/102
f 117/171/102 120/172/103 119/173/104
f 119/174/104 122/175/105 121/176/106
f 122/175/105 123/177/107 121/176/106
f 124/178/108 125/179/109 123/177/107
f 66/122/56 71/180/110 72/181/58
f 127/182/111 126/183/112 128/184/113
f 127/182/111 68/121/55 65/123/57
f 130/185/114 128/184/113 129/186/115
f 131/187/116 128/184/113 126/183/112
f 132/188/117 126/183/112 124/178/108
f 132/188/117 122/175/105 133/189/118
f 133/189/118 120/190/103 134/191/119
f 135/192/120 120/190/103 118/193/101
f 136/194/121 118/170/101 116/195/122
f 136/194/121 114/167/98 137/196/123
f 137/196/123 112/166/97 138/197/124
f 139/198/125 112/166/97 110/165/96
f 140/199/126 110/165/96 108/162/93
f 140/199/126 106/159/91 141/200/127
f 141/201/127 104/156/88 142/202/128
f 143/203/129 104/156/88 102/154/86
f 144/204/130 102/154/86 100/205/131
f 144/204/130 98/151/83 145/206/132
f 145/206/132 96/150/82 146/207/133
f 147/208/134 96/150/82 94/149/81
f 148/209/135 94/149/81 92/146/78
f 148/209/135 90/144/76 149/210/136
f 149/210/136 88/141/73 150/211/137
f 151/212/138 88/139/73 86/137/71
f 152/213/139 86/137/71 84/214/140
f 152/213/139 82/134/68 153/215/141
f 153/215/141 80/132/66 154/216/142
f 155/217/143 80/132/66 78/130/64
f 155/217/143 76/218/144 156/219/145
f 156/219/145 74/128/62 157/220/146
f 158/221/147 74/128/62 70/125/59
f 159/222/148 70/125/59 71/223/110
f 160/224/149 68/121/55 130/185/114
f 160/224/149 71/180/110 67/225/150
f 162/226/151 130/185/114 129/186/115
f 131/187/116 162/226/151 129/186/115
f 132/188/117 163/227/152 131/187/116
f 165/228/153 132/188/117 133/189/118
f 166/229/154 133/189/118 134/191/119
f 135/192/120 166/229/154 134/191/119
f 136/194/121 167/230/155 135/231/120
f 169/232/156 136/194/121 137/196/123
f 170/233/157 137/196/123 138/197/124
f 139/198/125 170/233/157 138/197/124
f 172/234/158 139/198/125 140/199/126
f 173/235/159 140/199/126 141/200/127
f 142/202/128 173/236/159 141/201/127
f 143/203/129 174/237/160 142/202/128
f 144/204/130 175/238/161 143/203/129
f 177/239/162 144/204/130 145/206/132
f 178/240/163 145/206/132 146/207/133
f 147/208/134 178/240/163 146/207/133
f 148/209/135 179/241/164 147/208/134
f 181/242/165 148/209/135 149/210/136
f 182/243/166 149/210/136 150/211/137
f 151/212/138 182/244/166 150/245/137
f 152/213/139 183/246/167 151/212/138
f 185/247/168 152/213/139 153/215/141
f 186/248/169 153/215/141 154/216/142
f 155/217/143 186/248/169 154/216/142
f 188/249/170 155/217/143 156/219/145
f 160/224/149 189/250/171 159/251/148
f 194/252/172 192/253/173 191/254/172
f 195/255/174 156/219/145 157/220/146
f 196/256/175 157/220/146 158/221/147
f 159/222/148 196/256/175 158/221/147
f 197/257/176 193/258/177 194/259/178
f 161/260/179 160/224/149 130/185/114
f 190/261/180 192/262/181 189/250/171
f 201/263/182 199/264/183 198/265/184
f 203/266/185 198/265/184 202/267/185
f 204/268/186 203/266/185 202/267/185
f 206/269/187 205/270/188 204/268/186
f 209/271/189 206/269/187 208/272/190
f 211/273/191 208/272/190 210/274/192
f 213/275/193 210/274/192 212/276/193
f 214/277/194 213/275/193 212/276/193
f 217/278/195 214/277/194 216/279/196
f 219/280/197 216/279/196 218/281/197
f 220/282/198 219/280/197 218/281/197
f 222/283/199 221/284/200 220/282/198
f 225/285/201 222/283/199 224/286/202
f 227/287/203 224/286/202 226/288/204
f 229/289/205 226/288/204 228/290/205
f 230/291/206 229/289/205 228/290/205
f 233/292/207 230/291/206 232/293/208
f 235/294/209 232/293/208 234/295/209
f 236/296/210 235/294/209 234/295/209
f 238/297/211 237/298/212 236/296/210
f 241/299/213 238/297/211 240/300/214
f 243/301/215 240/300/214 242/302/216
f 245/303/217 242/302/216 244/304/217
f 246/305/218 245/303/217 244/304/217
f 249/306/219 246/305/218 248/307/220
f 251/308/221 248/307/220 250/309/221
f 252/310/222 251/308/221 250/309/221
f 254/311/223 253/312/224 252/310/222
f 256/313/225 255/314/226 254/311/223
f 193/315/227 256/313/225 192/253/173
f 199/264/183 194/252/172 191/254/172
f 258/316/228 200/317/229 201/318/230
f 258/316/228 203/319/231 259/320/232
f 259/320/232 205/321/233 260/322/234
f 261/323/235 205/321/233 207/324/236
f 261/323/235 209/325/237 262/326/238
f 263/327/239 209/328/237 211/329/240
f 263/327/239 213/330/241 264/331/242
f 264/331/242 215/332/243 265/333/244
f 266/334/245 215/332/243 217/335/246
f 266/334/245 219/336/247 267/337/248
f 268/338/249 219/336/247 221/339/250
f 269/340/251 221/339/250 223/341/252
f 270/342/253 223/343/252 225/344/254
f 270/342/253 227/345/255 271/346/256
f 272/347/257 227/345/255 229/348/258
f 272/347/257 231/349/259 273/350/260
f 274/351/261 231/349/259 233/352/262
f 274/351/261 235/353/263 275/354/264
f 276/355/265 235/353/263 237/356/266
f 276/355/265 239/357/267 277/358/268
f 277/358/268 241/359/269 278/360/270
f 279/361/271 241/362/269 243/363/272
f 280/364/273 243/363/272 245/365/274
f 281/366/275 245/365/274 247/367/276
f 282/368/277 247/367/276 249/369/278
f 282/368/277 251/370/279 283/371/280
f 283/371/280 253/372/281 284/373/282
f 285/374/283 253/372/281 255/375/284
f 286/376/285 255/375/284 257/377/286
f 286/376/285 193/378/177 287/379/287
f 197/257/176 200/317/229 292/380/288
f 198/381/289 161/260/179 162/226/151
f 202/382/290 162/226/151 163/227/152
f 204/383/291 163/227/152 164/384/292
f 165/228/153 204/383/291 164/384/292
f 166/229/154 206/385/293 165/228/153
f 210/386/294 166/229/154 167/387/155
f 168/388/295 210/389/294 167/230/155
f 169/232/156 212/390/296 168/388/295
f 170/233/157 214/391/297 169/232/156
f 218/392/298 170/233/157 171/393/299
f 220/394/300 171/393/299 172/234/158
f 173/235/159 220/394/300 172/234/158
f 224/395/301 173/236/159 174/237/160
f 226/396/302 174/237/160 175/238/161
f 176/397/303 226/396/302 175/238/161
f 177/239/162 228/398/304 176/397/303
f 232/399/305 177/239/162 178/240/163
f 234/400/306 178/240/163 179/241/164
f 236/401/307 179/241/164 180/402/308
f 181/242/165 236/401/307 180/402/308
f 182/243/166 238/403/309 181/242/165
f 242/404/310 182/244/166 183/246/167
f 184/405/311 242/404/310 183/246/167
f 185/247/168 244/406/312 184/405/311
f 186/248/169 246/407/313 185/247/168
f 250/408/314 186/248/169 187/409/315
f 252/410/316 187/409/315 188/249/170
f 195/255/174 252/410/316 188/249/170
f 256/411/317 195/255/174 196/256/175
f 192/412/181 196/256/175 189/413/171
f 161/260/179 191/414/318 190/261/180
f 289/415/319 197/416/320 288/417/321
f 291/418/322 289/419/323 288/420/324
f 823/421/325 291/422/326 824/423/326
f 293/424/327 292/425/328 258/426/329
f 295/427/330 258/316/329 259/320/331
f 296/428/332 259/320/331 260/322/333
f 297/429/334 260/322/333 261/323/335
f 298/430/336 261/431/335 262/432/336
f 298/430/336 263/433/337 299/434/338
f 299/435/338 264/331/339 300/436/340
f 300/436/340 265/333/341 301/437/342
f 302/438/343 265/333/341 266/334/344
f 302/438/343 267/337/345 303/439/346
f 304/440/347 267/337/345 268/338/348
f 305/441/349 268/442/348 269/443/350
f 305/441/349 270/444/351 306/445/352
f 306/445/352 271/446/353 307/447/354
f 307/448/354 272/347/355 308/449/356
f 308/449/356 273/350/357 309/450/358
f 309/450/358 274/351/359 310/451/360
f 311/452/361 274/453/359 275/454/362
f 312/455/363 275/454/362 276/456/364
f 313/457/365 276/456/364 277/458/366
f 313/457/365 278/459/367 314/460/368
f 314/460/368 279/461/369 315/462/370
f 316/463/371 279/461/369 280/464/372
f 317/465/373 280/464/372 281/466/374
f 318/467/375 281/366/374 282/368/376
f 318/467/375 283/371/377 319/468/378
f 319/468/378 284/373/379 320/469/380
f 321/470/381 284/471/379 285/472/382
f 322/473/383 285/472/382 286/474/384
f 322/473/383 287/475/385 289/415/319
f 288/417/321 292/425/328 294/476/386
f 293/477/387 323/478/388 294/479/388
f 295/427/389 324/480/390 293/477/387
f 296/428/391 325/481/392 295/427/389
f 297/429/393 326/482/394 296/428/391
f 328/483/395 297/429/393 298/484/396
f 329/485/397 298/484/396 299/486/398
f 330/487/399 299/435/398 300/436/400
f 331/488/401 300/436/400 301/437/401
f 302/438/402 331/488/401 301/437/401
f 303/439/403 332/489/404 302/438/402
f 304/440/405 333/490/406 303/439/403
f 305/491/407 334/492/408 304/440/405
f 306/493/409 335/494/410 305/495/407
f 337/496/411 306/493/409 307/448/412
f 338/497/413 307/448/412 308/449/414
f 339/498/415 308/449/414 309/450/416
f 340/499/417 309/450/416 310/451/417
f 311/500/418 340/499/417 310/451/417
f 312/501/419 341/502/420 311/500/418
f 313/503/421 342/504/422 312/505/419
f 344/506/423 313/503/421 314/507/424
f 345/508/425 314/507/424 315/509/426
f 346/510/427 315/511/426 316/512/428
f 347/513/429 316/512/428 317/514/429
f 318/467/430 347/513/429 317/514/429
f 319/468/431 348/515/432 318/467/430
f 320/469/433 349/516/434 319/468/431
f 321/517/435 350/518/436 320/469/433
f 352/519/437 321/517/435 322/520/438
f 290/521/439 322/522/438 289/419/323
f 323/478/388 288/523/324 294/479/388
f 822/524/440 323/478/441 324/480/440
f 822/524/440 325/481/442 820/525/443
f 820/525/443 326/482/444 819/526/445
f 819/526/445 327/527/446 818/528/447
f 818/528/447 328/483/448 817/529/448
f 816/530/449 328/531/448 329/532/450
f 815/533/451 329/532/450 330/487/451
f 815/533/451 331/488/452 814/534/453
f 814/534/453 332/489/454 813/535/455
f 813/535/455 333/490/456 812/536/457
f 812/536/457 334/492/458 811/537/459
f 811/537/459 335/538/460 810/539/460
f 809/540/461 335/494/460 336/541/462
f 808/542/463 336/541/462 337/496/463
f 808/542/463 338/497/464 807/543/465
f 807/543/465 339/498/466 806/544/466
f 805/545/467 339/498/466 340/499/468
f 804/546/469 340/499/468 341/502/470
f 803/547/471 341/502/470 342/548/472
f 802/549/473 342/548/472 343/550/473
f 802/549/473 344/551/474 801/552/475
f 801/553/475 345/554/476 800/555/476
f 799/556/477 345/554/476 346/510/478
f 798/557/479 346/510/478 347/513/480
f 797/558/481 347/513/480 348/515/482
f 796/559/483 348/515/482 349/516/483
f 796/559/483 350/518/484 795/560/484
f 794/561/485 350/518/484 351/562/485
f 794/561/485 352/519/486 793/563/487
f 793/563/487 290/564/488 823/565/325
f 821/566/489 291/422/326 323/478/441
f 65/123/57 354/567/490 353/568/491
f 72/181/58 354/567/490 66/122/56
f 72/124/58 356/569/492 355/570/493
f 73/127/61 356/569/492 69/126/60
f 75/129/63 357/571/494 73/127/61
f 75/129/63 359/572/495 358/573/496
f 79/133/67 359/572/495 77/131/65
f 79/133/67 361/574/497 360/575/498
f 81/135/69 362/576/499 361/574/497
f 85/138/72 362/576/499 83/136/70
f 85/138/72 364/577/500 363/578/501
f 87/143/74 365/579/502 364/580/500
f 91/145/77 365/579/502 89/142/75
f 91/145/77 367/581/503 366/582/504
f 95/148/80 367/581/503 93/147/79
f 97/152/84 368/583/505 95/148/80
f 97/152/84 370/584/506 369/585/507
f 101/155/87 370/584/506 99/153/85
f 101/155/87 372/586/508 371/587/509
f 105/158/90 372/586/508 103/157/89
f 107/160/92 373/588/510 105/161/90
f 107/160/92 375/589/511 374/590/512
f 111/164/95 375/589/511 109/163/94
f 113/168/99 376/591/513 111/164/95
f 113/168/99 378/592/514 377/593/515
f 117/171/102 378/592/514 115/169/100
f 117/171/102 380/594/516 379/595/517
f 121/176/106 380/596/516 119/174/104
f 123/177/107 381/597/518 121/176/106
f 123/177/107 383/598/519 382/599/520
f 127/182/111 383/598/519 125/179/109
f 65/123/57 384/600/521 127/182/111
f 353/568/491 385/601/522 416/602/523
f 355/603/493 385/601/522 354/567/490
f 356/569/492 386/604/524 355/570/493
f 357/571/494 387/605/525 356/569/492
f 357/571/494 389/606/526 388/607/527
f 358/573/496 390/608/528 389/606/526
f 360/575/498 390/608/528 359/572/495
f 360/575/498 392/609/529 391/610/530
f 361/574/497 393/611/531 392/609/529
f 363/578/501 393/611/531 362/576/499
f 364/577/500 394/612/532 363/578/501
f 365/579/502 395/613/533 364/580/500
f 365/579/502 397/614/534 396/615/535
f 366/582/504 398/616/536 397/614/534
f 368/583/505 398/616/536 367/581/503
f 368/583/505 400/617/537 399/618/538
f 369/585/507 401/619/539 400/617/537
f 371/587/509 401/619/539 370/584/506
f 372/586/508 402/620/540 371/587/509
f 373/621/510 403/622/541 372/586/508
f 373/588/510 405/623/542 404/624/543
f 374/590/512 406/625/544 405/623/542
f 376/591/513 406/625/544 375/589/511
f 376/591/513 408/626/545 407/627/546
f 377/593/515 409/628/547 408/626/545
f 379/595/517 409/628/547 378/592/514
f 380/596/516 410/629/548 379/630/517
f 380/596/516 412/631/549 411/632/550
f 381/597/518 413/633/551 412/631/549
f 382/599/520 414/634/552 413/633/551
f 384/600/521 414/634/552 383/598/519
f 353/568/491 415/635/553 384/600/521
f 385/601/522 418/636/554 417/637/555
f 387/605/525 418/638/554 386/604/524
f 388/607/527 420/639/556 419/640/557
f 390/608/528 420/639/556 389/606/526
f 391/610/530 421/641/558 390/608/528
f 391/610/530 392/609/529 422/642/559
f 393/611/531 424/643/560 423/644/561
f 395/645/533 424/643/560 394/612/532
f 396/615/535 426/646/562 425/647/563
f 398/616/536 426/646/562 397/614/534
f 399/618/538 427/648/564 398/616/536
f 400/617/537 429/649/565 428/650/566
f 401/619/539 430/651/567 429/649/565
f 403/622/541 430/651/567 402/620/540
f 404/624/543 432/652/568 431/653/569
f 406/625/544 432/652/568 405/623/542
f 407/627/546 433/654/570 406/625/544
f 408/626/545 434/655/571 407/627/546
f 409/628/547 436/656/572 435/657/573
f 411/632/550 436/658/572 410/629/548
f 412/631/549 437/659/574 411/632/550
f 414/634/552 438/660/575 413/633/551
f 415/635/553 439/661/576 414/634/552
f 415/635/553 416/602/523 440/662/577
f 417/637/555 441/663/578 416/602/523
f 418/636/554 442/664/579 417/637/555
f 418/638/554 444/665/580 443/666/581
f 419/640/557 444/665/580 387/605/525
f 420/639/556 445/667/582 419/640/557
f 420/639/556 447/668/583 446/669/584
f 421/641/558 422/642/559 447/668/583
f 423/644/561 448/670/585 392/609/529
f 423/644/561 450/671/586 449/672/587
f 424/643/560 451/673/588 450/671/586
f 425/647/563 451/674/588 395/613/533
f 426/646/562 452/675/589 425/647/563
f 426/646/562 454/676/590 453/677/591
f 427/648/564 455/678/592 454/676/590
f 428/650/566 455/678/592 399/618/538
f 429/649/565 456/679/593 428/650/566
f 430/651/567 457/680/594 429/649/565
f 430/651/567 459/681/595 458/682/596
f 431/683/569 459/681/595 403/622/541
f 432/652/568 461/684/597 460/685/598
f 433/654/570 462/686/599 461/684/597
f 434/655/571 463/687/600 462/686/599
f 435/657/573 463/687/600 408/626/545
f 436/656/572 464/688/601 435/657/573
f 436/658/572 466/689/602 465/690/603
f 437/659/574 467/691/604 466/689/602
f 438/660/575 467/691/604 412/631/549
f 438/660/575 469/692/605 468/693/606
f 439/661/576 440/662/577 469/692/605
f 441/663/578 471/694/607 470/695/608
f 442/664/579 472/696/609 471/694/607
f 444/665/580 472/697/609 443/666/581
f 445/667/582 473/698/610 444/665/580
f 445/667/582 475/699/611 474/700/612
f 447/668/583 475/699/611 446/669/584
f 422/642/559 476/701/613 447/668/583
f 448/670/585 477/702/614 422/642/559
f 448/670/585 479/703/615 478/704/616
f 450/671/586 479/703/615 449/672/587
f 451/673/588 480/705/617 450/671/586
f 452/675/589 481/706/618 451/674/588
f 452/675/589 483/707/619 482/708/620
f 454/676/590 483/707/619 453/677/591
f 455/678/592 484/709/621 454/676/590
f 456/679/593 485/710/622 455/678/592
f 456/679/593 487/711/623 486/712/624
f 457/680/594 488/713/625 487/711/623
f 459/681/595 488/713/625 458/682/596
f 431/683/569 489/714/626 459/681/595
f 431/653/569 491/715/627 490/716/628
f 461/684/597 491/715/627 460/685/598
f 462/686/599 492/717/629 461/684/597
f 463/687/600 493/718/630 462/686/599
f 463/687/600 495/719/631 494/720/632
f 464/688/601 496/721/633 495/719/631
f 466/689/602 496/722/633 465/690/603
f 466/689/602 498/723/634 497/724/635
f 467/691/604 499/725/636 498/723/634
f 469/692/605 499/725/636 468/693/606
f 440/662/577 500/726/637 469/692/605
f 440/662/577 470/695/608 501/727/638
f 470/695/608 503/728/639 502/729/640
f 472/696/609 503/728/639 471/694/607
f 473/698/610 504/730/641 472/697/609
f 473/698/610 506/731/642 505/732/643
f 474/700/612 507/733/644 506/731/642
f 475/699/611 508/734/645 507/733/644
f 476/701/613 509/735/646 508/734/645
f 477/702/614 510/736/647 509/735/646
f 479/703/615 510/736/647 478/704/616
f 480/705/617 511/737/648 479/703/615
f 481/738/618 512/739/649 480/705/617
f 482/708/620 513/740/650 481/706/618
f 482/708/620 515/741/651 514/742/652
f 483/707/619 516/743/653 515/741/651
f 485/710/622 516/743/653 484/709/621
f 485/710/622 518/744/654 517/745/655
f 486/712/624 519/746/656 518/744/654
f 488/713/625 519/746/656 487/711/623
f 489/714/626 520/747/657 488/713/625
f 490/748/628 521/749/658 489/714/626
f 490/716/628 523/750/659 522/751/660
f 491/715/627 524/752/661 523/750/659
f 492/717/629 525/753/662 524/752/661
f 493/718/630 526/754/663 525/753/662
f 494/720/632 527/755/664 526/754/663
f 496/721/633 527/755/664 495/719/631
f 497/724/635 528/756/665 496/722/633
f 497/724/635 530/757/666 529/758/667
f 498/723/634 531/759/668 530/757/666
f 499/725/636 532/760/669 531/759/668
f 501/727/638 532/760/669 500/726/637
f 501/727/638 502/729/640 533/761/670
f 503/728/639 534/762/671 502/729/640
f 503/728/639 536/763/672 535/764/673
f 504/730/641 537/765/674 536/766/672
f 505/732/643 538/767/675 537/765/674
f 507/733/644 538/767/675 506/731/642
f 508/734/645 539/768/676 507/733/644
f 508/734/645 541/769/677 540/770/678
f 510/736/647 541/769/677 509/735/646
f 511/737/648 542/771/679 510/736/647
f 511/737/648 544/772/680 543/773/681
f 512/739/649 545/774/682 544/772/680
f 513/740/650 546/775/683 545/776/682
f 515/741/651 546/775/683 514/742/652
f 516/743/653 547/777/684 515/741/651
f 516/743/653 549/778/685 548/779/686
f 517/745/655 550/780/687 549/778/685
f 519/746/656 550/780/687 518/744/654
f 519/746/656 552/781/688 551/782/689
f 520/747/657 553/783/690 552/781/688
f 522/784/660 553/783/690 521/749/658
f 523/750/659 554/785/691 522/751/660
f 524/752/661 555/786/692 523/750/659
f 524/752/661 557/787/693 556/788/694
f 526/754/663 557/787/693 525/753/662
f 527/755/664 558/789/695 526/754/663
f 527/755/664 560/790/696 559/791/697
f 528/756/665 561/792/698 560/793/696
f 529/758/667 562/794/699 561/792/698
f 531/759/668 562/794/699 530/757/666
f 532/760/669 563/795/700 531/759/668
f 532/760/669 565/796/701 564/797/702
f 502/729/640 565/796/701 533/761/670
f 535/764/673 597/798/703 534/762/671
f 536/763/672 566/799/704 535/764/673
f 537/765/674 567/800/705 536/766/672
f 538/767/675 568/801/706 537/765/674
f 538/767/675 570/802/707 569/803/708
f 539/768/676 571/804/709 570/802/707
f 541/769/677 571/804/709 540/770/678
f 542/771/679 572/805/710 541/769/677
f 543/773/681 573/806/711 542/771/679
f 544/772/680 574/807/712 543/773/681
f 545/774/682 575/808/713 544/772/680
f 546/775/683 576/809/714 545/776/682
f 546/775/683 578/810/715 577/811/716
f 547/777/684 579/812/717 578/810/715
f 548/779/686 580/813/718 579/812/717
f 549/778/685 581/814/719 580/813/718
f 550/780/687 582/815/720 581/814/719
f 552/781/688 582/815/720 551/782/689
f 553/783/690 583/816/721 552/781/688
f 554/817/691 584/818/722 553/783/690
f 554/785/691 586/819/723 585/820/724
f 555/786/692 587/821/725 586/819/723
f 556/788/694 588/822/726 587/821/725
f 557/787/693 589/823/727 588/822/726
f 559/791/697 589/823/727 558/789/695
f 560/790/696 590/824/728 559/791/697
f 561/825/698 591/826/729 560/790/696
f 561/792/698 593/827/730 592/828/731
f 562/794/699 594/829/732 593/827/730
f 563/795/700 595/830/733 594/829/732
f 564/797/702 596/831/734 595/830/733
f 534/762/671 596/831/734 565/796/701
f 573/806/711 598/832/735 572/805/710
f 576/833/714 599/834/736 575/808/713
f 590/824/728 591/826/729 600/835/737
f 566/799/704 629/836/738 597/798/703
f 566/799/704 602/837/739 601/838/740
f 568/801/706 602/839/739 567/800/705
f 569/803/708 603/840/741 568/801/706
f 570/802/707 604/841/742 569/803/708
f 571/804/709 605/842/743 570/802/707
f 598/832/735 606/843/744 571/804/709
f 574/807/712 607/844/745 573/806/711
f 574/807/712 599/834/736 608/845/746
f 577/811/716 609/846/747 576/809/714
f 577/811/716 611/847/748 610/848/749
f 579/812/717 611/847/748 578/810/715
f 580/813/718 612/849/750 579/812/717
f 581/814/719 613/850/751 580/813/718
f 581/814/719 615/851/752 614/852/753
f 583/816/721 615/851/752 582/815/720
f 584/818/722 616/853/754 583/816/721
f 585/854/724 617/855/755 584/818/722
f 586/819/723 618/856/756 585/820/724
f 587/821/725 619/857/757 586/819/723
f 588/822/726 620/858/758 587/821/725
f 588/822/726 622/859/759 621/860/760
f 589/823/727 600/835/737 622/859/759
f 591/826/729 624/861/761 623/862/762
f 593/827/730 624/863/761 592/828/731
f 594/829/732 625/864/763 593/827/730
f 595/830/733 626/865/764 594/829/732
f 596/831/734 627/866/765 595/830/733
f 596/831/734 629/836/738 628/867/766
f 601/838/740 630/868/767 629/836/738
f 602/837/739 631/869/768 601/838/740
f 602/839/739 633/870/769 632/871/770
f 603/840/741 634/872/771 633/870/769
f 605/842/743 634/872/771 604/841/742
f 605/842/743 636/873/772 635/874/773
f 606/843/744 637/875/774 636/873/772
f 598/832/735 638/876/775 637/875/774
f 607/844/745 639/877/776 638/876/775
f 599/834/736 639/877/776 608/845/746
f 599/834/736 641/878/777 640/879/778
f 610/848/749 641/880/777 609/846/747
f 611/847/748 642/881/779 610/848/749
f 611/847/748 644/882/780 643/883/781
f 612/849/750 645/884/782 644/882/780
f 614/852/753 645/884/782 613/850/751
f 615/851/752 646/885/783 614/852/753
f 616/853/754 647/886/784 615/851/752
f 616/853/754 649/887/785 648/888/786
f 617/855/755 650/889/787 649/887/785
f 619/857/757 650/890/787 618/856/756
f 619/857/757 652/891/788 651/892/789
f 621/860/760 652/891/788 620/858/758
f 622/859/759 653/893/790 621/860/760
f 600/835/737 654/894/791 622/859/759
f 623/862/762 655/895/792 600/835/737
f 623/862/762 657/896/793 656/897/794
f 624/863/761 658/898/795 657/899/793
f 626/865/764 658/898/795 625/864/763
f 626/865/764 660/900/796 659/901/797
f 627/866/765 661/902/798 660/900/796
f 629/836/738 661/902/798 628/867/766
f 630/868/767 663/903/799 662/904/800
f 631/869/768 664/905/801 663/903/799
f 632/871/770 665/906/802 664/907/801
f 634/872/771 665/906/802 633/870/769
f 635/874/773 666/908/803 634/872/771
f 636/873/772 667/909/804 635/874/773
f 637/875/774 668/910/805 636/873/772
f 637/875/774 670/911/806 669/912/807
f 638/876/775 671/913/808 670/911/806
f 639/877/776 672/914/809 671/913/808
f 640/879/778 673/915/810 672/914/809
f 642/916/779 673/915/810 641/878/777
f 643/883/781 674/917/811 642/881/779
f 644/882/780 675/918/812 643/883/781
f 645/884/782 676/919/813 644/882/780
f 646/885/783 677/920/814 645/884/782
f 646/885/783 679/921/815 678/922/816
f 647/886/784 680/923/817 679/921/815
f 648/888/786 681/924/818 680/923/817
f 650/889/787 681/924/818 649/887/785
f 651/892/789 682/925/819 650/890/787
f 652/891/788 683/926/820 651/892/789
f 653/893/790 684/927/821 652/891/788
f 653/893/790 686/928/822 685/929/823
f 654/894/791 687/930/824 686/928/822
f 655/895/792 688/931/825 687/930/824
f 656/897/794 689/932/826 688/931/825
f 657/899/793 690/933/827 689/934/826
f 659/901/797 690/933/827 658/898/795
f 660/900/796 691/935/828 659/901/797
f 661/902/798 692/936/829 660/900/796
f 630/868/767 693/937/830 661/902/798
f 663/938/831 694/939/832 662/940/833
f 663/938/831 696/941/834 695/942/835
f 665/943/836 696/941/834 664/944/837
f 666/945/838 721/946/839 665/943/836
f 666/945/838 698/947/840 697/948/841
f 668/949/842 698/947/840 667/950/843
f 668/949/842 722/951/844 699/952/845
f 670/953/846 722/951/844 669/954/847
f 671/955/848 700/956/849 670/953/846
f 671/955/848 702/957/850 701/958/851
f 673/959/852 702/957/850 672/960/853
f 674/961/854 703/962/855 673/959/852
f 674/961/854 705/963/856 704/964/857
f 676/965/858 705/963/856 675/966/859
f 676/965/858 707/967/860 706/968/861
f 677/969/862 708/970/863 707/967/860
f 679/971/864 708/970/863 678/972/865
f 679/971/864 710/973/866 709/974/867
f 681/975/868 710/973/866 680/976/869
f 682/977/870 711/978/871 681/975/868
f 682/977/870 713/979/872 712/980/873
f 684/981/874 713/979/872 683/982/875
f 684/981/874 715/983/876 714/984/877
f 685/985/878 723/986/879 715/983/876
f 687/987/880 723/986/879 686/988/881
f 687/987/880 724/989/882 716/990/883
f 689/991/884 724/989/882 688/992/885
f 690/993/886 717/994/887 689/991/884
f 690/993/886 719/995/888 718/996/889
f 692/997/890 719/995/888 691/998/891
f 692/997/890 720/999/892 725/1000/893
f 662/940/833 720/999/892 693/1001/894
f 696/941/834 721/946/839 695/942/835
f 698/947/840 721/946/839 697/948/841
f 698/947/840 722/951/844 721/946/839
f 701/958/851 722/951/844 700/956/849
f 702/957/850 703/962/855 701/958/851
f 705/963/856 703/962/855 704/964/857
f 706/968/861 703/962/855 705/963/856
f 709/974/867 707/967/860 708/970/863
f 710/973/866 711/978/871 709/974/867
f 713/979/872 711/978/871 712/980/873
f 714/984/877 711/978/871 713/979/872
f 716/990/883 724/989/882 723/986/879
f 717/994/887 725/1000/893 724/989/882
f 719/995/888 725/1000/893 718/996/889
f 694/939/832 725/1000/893 720/999/892
f 695/942/835 727/1002/895 726/1003/896
f 695/942/835 728/1004/897 727/1002/895
f 695/942/835 729/1005/898 728/1004/897
f 722/951/844 731/1006/899 721/946/839
f 722/951/844 735/1007/900 734/1008/901
f 703/962/855 736/1009/902 735/1007/900
f 703/962/855 737/1010/903 736/1009/902
f 703/962/855 738/1011/904 737/1010/903
f 707/967/860 739/1012/905 703/962/855
f 707/967/860 743/1013/906 742/1014/907
f 711/978/871 744/1015/908 743/1013/906
f 711/978/871 745/1016/909 744/1015/908
f 711/978/871 746/1017/910 745/1016/909
f 723/986/879 747/1018/911 711/978/871
f 723/986/879 750/1019/912 749/1020/913
f 724/989/882 751/1021/914 750/1019/912
f 724/989/882 752/1022/915 751/1021/914
f 724/989/882 753/1023/916 752/1022/915
f 725/1000/893 753/1023/916 724/989/882
f 725/1000/893 726/1003/896 757/1024/917
f 727/1002/918 758/1025/919 726/1003/920
f 728/1004/921 759/1026/922 727/1002/918
f 729/1005/923 760/1027/924 728/1004/921
f 730/1028/925 761/1029/926 729/1005/923
f 730/1028/925 763/1030/927 762/1031/928
f 731/1006/929 764/1032/930 763/1030/927
f 732/1033/931 765/1034/932 764/1032/930
f 734/1008/933 765/1034/932 733/1035/932
f 735/1007/934 766/1036/935 734/1008/933
f 736/1009/936 767/1037/937 735/1007/934
f 737/1010/938 768/1038/939 736/1009/936
f 737/1010/938 770/1039/940 769/1040/941
f 738/1011/942 771/1041/943 770/1039/940
f 739/1012/944 772/1042/945 771/1041/943
f 740/1043/946 773/1044/947 772/1042/945
f 741/1045/948 774/1046/949 773/1044/947
f 743/1013/950 774/1046/949 742/1014/951
f 744/1015/952 791/1047/953 743/1013/950
f 745/1016/954 775/1048/955 744/1015/952
f 746/1017/956 776/1049/957 745/1016/954
f 746/1017/956 778/1050/958 777/1051/959
f 747/1018/960 779/1052/961 778/1050/958
f 748/1053/962 780/1054/963 779/1052/961
f 750/1019/964 780/1054/963 749/1020/965
f 751/1021/966 781/1055/967 750/1019/964
f 752/1022/968 782/1056/969 751/1021/966
f 753/1023/970 783/1057/971 752/1022/968
f 753/1023/970 785/1058/972 784/1059/973
f 754/1060/974 786/1061/975 785/1058/972
f 755/1062/976 787/1063/977 786/1061/975
f 756/1064/978 788/1065/979 787/1063/977
f 726/1003/920 788/1065/979 757/1024/979
f 759/1026/980 761/1029/981 789/1066/982
f 764/1032/983 762/1031/984 763/1030/985
f 765/1034/986 792/1067/987 764/1032/983
f 766/1036/988 792/1067/987 765/1034/986
f 767/1037/989 769/1040/990 792/1067/987
f 771/1041/991 790/1068/992 770/1039/993
f 772/1042/994 790/1068/992 771/1041/991
f 773/1044/995 790/1068/992 772/1042/994
f 774/1046/996 790/1068/992 773/1044/995
f 776/1049/997 777/1051/998 791/1047/999
f 779/1052/1000 777/1051/998 778/1050/1001
f 782/1056/1002 784/1059/1003 780/1054/1004
f 787/1063/1005 785/1058/1006 786/1061/1007
f 788/1065/1008 789/1066/982 787/1063/1005
f 777/1051/998 784/1059/1003 785/1058/1006
f 789/1066/982 761/1029/981 792/1067/987
f 777/1051/998 790/1068/992 791/1047/999
f 790/1068/992 785/1058/1006 789/1066/982
f 769/1040/990 790/1068/992 792/1067/987
f 803/1069/51 800/1070/51 805/1071/51
f 815/1072/51 814/1073/51 816/1074/51
f 823/1075/51 797/1076/51 795/1077/51
f 819/1078/51 818/1079/51 816/1074/51
f 819/1078/51 816/1074/51 822/1080/51
f 820/1081/51 819/1078/51 822/1080/51
f 812/1082/51 811/1083/51 813/1084/51
f 822/1080/51 814/1073/51 813/1084/51
f 822/1080/51 816/1074/51 814/1073/51
f 822/1080/51 813/1084/51 806/1085/51
f 811/1083/51 810/1086/51 808/1087/51
f 805/1071/51 800/1070/51 798/1088/51
f 808/1087/51 813/1084/51 811/1083/51
f 821/1089/51 823/1075/51 824/1090/51
f 806/1085/51 813/1084/51 808/1087/51
f 806/1085/51 808/1087/51 807/1091/51
f 797/1076/51 806/1085/51 805/1071/51
f 816/1074/51 818/1079/51 817/1092/51
f 823/1075/51 794/1093/51 793/1094/51
f 795/1077/51 794/1093/51 823/1075/51
f 805/1071/51 798/1088/51 797/1076/51
f 797/1076/51 821/1089/51 806/1085/51
f 804/1095/1009 803/1069/51 805/1071/51
f 796/1096/51 795/1077/51 797/1076/51
f 821/1089/51 822/1080/51 806/1085/51
f 823/1075/51 821/1089/51 797/1076/51
f 802/1097/51 801/1098/51 803/1069/51
f 808/1087/51 810/1086/51 809/1099/51
f 801/1098/51 800/1070/51 803/1069/51
f 800/1070/51 799/1100/51 798/1088/51
f 9/24/23 44/1/1 1/3/3
f 44/1/1 45/4/4 2/2/2
f 45/4/4 46/6/6 29/5/5
f 46/6/6 47/1101/7 3/7/7
f 3/7/7 47/1101/7 48/8/8
f 48/8/8 49/11/10 4/10/9
f 10/19/18 52/13/12 36/15/14
f 52/13/12 53/16/15 5/14/13
f 49/11/10 50/18/17 6/12/11
f 11/1102/1010 56/1103/1011 40/1104/1011
f 41/20/19 42/23/22 8/21/20
f 42/23/22 62/25/23 9/24/23
f 50/18/17 61/1105/18 10/19/18
f 10/19/18 61/1105/18 52/13/12
f 12/17/16 55/119/54 11/1102/1010
f 11/1102/1010 55/119/54 56/1103/1011
f 26/28/25 43/27/25 25/34/30
f 39/31/27 13/30/27 38/33/29
f 37/49/44 38/33/29 14/32/28
f 60/29/26 57/1106/1012 15/51/46
f 25/34/30 17/37/33 16/35/31
f 27/26/24 18/39/35 43/27/25
f 28/38/34 19/41/37 18/39/35
f 30/40/36 20/43/39 19/41/37
f 59/46/41 21/45/41 31/42/38
f 33/44/40 22/48/43 21/45/41
f 37/49/44 23/50/45 35/54/47
f 60/29/26 24/52/26 13/30/27
f 31/42/38 63/53/38 20/43/39
f 35/54/47 51/55/48 34/47/42
f 51/56/49 23/66/49 52/57/49
f 43/59/50 18/67/49 44/60/49
f 4/62/51 33/70/51 59/63/51
f 14/65/49 53/72/49 52/57/49
f 8/73/51 25/75/51 7/114/51
f 18/67/49 19/76/49 45/68/49
f 6/69/51 34/79/51 33/70/51
f 14/65/49 13/81/49 54/71/49
f 8/73/51 9/83/51 26/74/51
f 19/76/49 20/85/49 46/77/49
f 6/69/51 10/87/51 35/78/51
f 24/80/49 55/91/49 54/71/49
f 1/82/51 27/89/51 26/74/51
f 63/84/49 47/95/49 46/77/49
f 36/86/51 37/93/51 35/78/51
f 1/82/51 2/97/52 28/88/52
f 15/90/49 56/1107/49 55/91/49
f 36/86/51 5/98/51 38/92/51
f 63/84/49 21/101/49 48/94/49
f 29/96/51 30/103/51 28/88/52
f 5/98/51 12/107/51 39/99/51
f 22/100/49 49/110/49 48/94/49
f 29/96/51 3/111/53 31/102/53
f 17/104/49 42/112/49 41/105/49
f 64/109/49 50/113/49 49/110/49
f 32/64/51 59/63/51 31/102/53
f 17/104/49 43/59/50 62/61/50
f 11/108/51 40/1108/51 57/116/51
f 64/109/49 51/56/49 61/58/49
s 0
f 58/1109/1013 41/1109/1013 7/1109/1013
s 1
f 11/108/51 60/117/51 39/99/51
s 0
f 58/1109/1014 16/1109/1014 41/1109/1014
f 57/1109/41 40/1109/41 56/1109/41
f 57/1109/1015 56/1109/1015 15/1109/1015
s 1
f 34/47/42 64/120/42 22/48/43
f 68/121/55 67/225/150 66/122/56
f 72/124/58 71/223/110 70/125/59
f 70/125/59 74/128/62 73/127/61
f 74/128/62 76/218/144 75/129/63
f 75/129/63 76/218/144 78/130/64
f 77/131/65 78/130/64 80/132/66
f 79/133/67 80/132/66 82/134/68
f 82/134/68 84/214/140 83/136/70
f 83/136/70 84/214/140 86/137/71
f 85/138/72 86/137/71 88/139/73
f 88/141/73 90/144/76 89/142/75
f 90/144/76 92/146/78 91/145/77
f 92/146/78 94/149/81 93/147/79
f 95/148/80 93/147/79 94/149/81
f 95/148/80 96/150/82 98/151/83
f 98/151/83 100/205/131 99/153/85
f 99/153/85 100/205/131 102/154/86
f 101/155/87 102/154/86 104/156/88
f 104/156/88 106/1110/91 105/158/90
f 106/159/91 108/162/93 107/160/92
f 108/162/93 110/165/96 109/163/94
f 111/164/95 109/163/94 110/165/96
f 111/164/95 112/166/97 114/167/98
f 114/167/98 116/195/122 115/169/100
f 115/169/100 116/195/122 118/170/101
f 117/171/102 118/170/101 120/172/103
f 119/174/104 120/190/103 122/175/105
f 122/175/105 124/178/108 123/177/107
f 124/178/108 126/183/112 125/179/109
f 66/122/56 67/225/150 71/180/110
f 127/182/111 125/179/109 126/183/112
f 127/182/111 128/184/113 68/121/55
f 130/185/114 68/121/55 128/184/113
f 131/187/116 129/186/115 128/184/113
f 132/188/117 131/187/116 126/183/112
f 132/188/117 124/178/108 122/175/105
f 133/189/118 122/175/105 120/190/103
f 135/192/120 134/191/119 120/190/103
f 136/194/121 135/231/120 118/170/101
f 136/194/121 116/195/122 114/167/98
f 137/196/123 114/167/98 112/166/97
f 139/198/125 138/197/124 112/166/97
f 140/199/126 139/198/125 110/165/96
f 140/199/126 108/162/93 106/159/91
f 141/201/127 106/1110/91 104/156/88
f 143/203/129 142/202/128 104/156/88
f 144/204/130 143/203/129 102/154/86
f 144/204/130 100/205/131 98/151/83
f 145/206/132 98/151/83 96/150/82
f 147/208/134 146/207/133 96/150/82
f 148/209/135 147/208/134 94/149/81
f 148/209/135 92/146/78 90/144/76
f 149/210/136 90/144/76 88/141/73
f 151/212/138 150/245/137 88/139/73
f 152/213/139 151/212/138 86/137/71
f 152/213/139 84/214/140 82/134/68
f 153/215/141 82/134/68 80/132/66
f 155/217/143 154/216/142 80/132/66
f 155/217/143 78/130/64 76/218/144
f 156/219/145 76/218/144 74/128/62
f 158/221/147 157/220/146 74/128/62
f 159/222/148 158/221/147 70/125/59
f 160/224/149 67/225/150 68/121/55
f 160/224/149 159/251/148 71/180/110
f 162/226/151 161/260/179 130/185/114
f 131/187/116 163/227/152 162/226/151
f 132/188/117 164/384/292 163/227/152
f 165/228/153 164/384/292 132/188/117
f 166/229/154 165/228/153 133/189/118
f 135/192/120 167/387/155 166/229/154
f 136/194/121 168/388/295 167/230/155
f 169/232/156 168/388/295 136/194/121
f 170/233/157 169/232/156 137/196/123
f 139/198/125 171/393/299 170/233/157
f 172/234/158 171/393/299 139/198/125
f 173/235/159 172/234/158 140/199/126
f 142/202/128 174/237/160 173/236/159
f 143/203/129 175/238/161 174/237/160
f 144/204/130 176/397/303 175/238/161
f 177/239/162 176/397/303 144/204/130
f 178/240/163 177/239/162 145/206/132
f 147/208/134 179/241/164 178/240/163
f 148/209/135 180/402/308 179/241/164
f 181/242/165 180/402/308 148/209/135
f 182/243/166 181/242/165 149/210/136
f 151/212/138 183/246/167 182/244/166
f 152/213/139 184/405/311 183/246/167
f 185/247/168 184/405/311 152/213/139
f 186/248/169 185/247/168 153/215/141
f 155/217/143 187/409/315 186/248/169
f 188/249/170 187/409/315 155/217/143
f 160/224/149 190/261/180 189/250/171
f 194/252/172 193/315/227 192/253/173
f 195/255/174 188/249/170 156/219/145
f 196/256/175 195/255/174 157/220/146
f 159/222/148 189/413/171 196/256/175
f 197/257/176 287/1111/287 193/258/177
f 161/260/179 190/261/180 160/224/149
f 190/261/180 191/414/318 192/262/181
f 201/263/182 200/1112/1016 199/264/183
f 203/266/185 201/263/182 198/265/184
f 204/268/186 205/270/188 203/266/185
f 206/269/187 207/1113/187 205/270/188
f 209/271/189 207/1113/187 206/269/187
f 211/273/191 209/271/189 208/272/190
f 213/275/193 211/273/191 210/274/192
f 214/277/194 215/1114/1017 213/275/193
f 217/278/195 215/1114/1017 214/277/194
f 219/280/197 217/278/195 216/279/196
f 220/282/198 221/284/200 219/280/197
f 222/283/199 223/1115/199 221/284/200
f 225/285/201 223/1115/199 222/283/199
f 227/287/203 225/285/201 224/286/202
f 229/289/205 227/287/203 226/288/204
f 230/291/206 231/1116/1018 229/289/205
f 233/292/207 231/1116/1018 230/291/206
f 235/294/209 233/292/207 232/293/208
f 236/296/210 237/298/212 235/294/209
f 238/297/211 239/1117/211 237/298/212
f 241/299/213 239/1117/211 238/297/211
f 243/301/215 241/299/213 240/300/214
f 245/303/217 243/301/215 242/302/216
f 246/305/218 247/1118/1019 245/303/217
f 249/306/219 247/1118/1019 246/305/218
f 251/308/221 249/306/219 248/307/220
f 252/310/222 253/312/224 251/308/221
f 254/311/223 255/314/226 253/312/224
f 256/313/225 257/1119/225 255/314/226
f 193/315/227 257/1119/225 256/313/225
f 199/264/183 200/1112/1016 194/252/172
f 258/316/228 292/380/288 200/317/229
f 258/316/228 201/318/230 203/319/231
f 259/320/232 203/319/231 205/321/233
f 261/323/235 260/322/234 205/321/233
f 261/323/235 207/324/236 209/325/237
f 263/327/239 262/1120/238 209/328/237
f 263/327/239 211/329/240 213/330/241
f 264/331/242 213/330/241 215/332/243
f 266/334/245 265/333/244 215/332/243
f 266/334/245 217/335/246 219/336/247
f 268/338/249 267/337/248 219/336/247
f 269/340/251 268/338/249 221/339/250
f 270/342/253 269/1121/251 223/343/252
f 270/342/253 225/344/254 227/345/255
f 272/347/257 271/346/256 227/345/255
f 272/347/257 229/348/258 231/349/259
f 274/351/261 273/350/260 231/349/259
f 274/351/261 233/352/262 235/353/263
f 276/355/265 275/354/264 235/353/263
f 276/355/265 237/356/266 239/357/267
f 277/358/268 239/357/267 241/359/269
f 279/361/271 278/1122/270 241/362/269
f 280/364/273 279/361/271 243/363/272
f 281/366/275 280/364/273 245/365/274
f 282/368/277 281/366/275 247/367/276
f 282/368/277 249/369/278 251/370/279
f 283/371/280 251/370/279 253/372/281
f 285/374/283 284/373/282 253/372/281
f 286/376/285 285/374/283 255/375/284
f 286/376/285 257/377/286 193/378/177
f 197/257/176 194/259/178 200/317/229
f 198/381/289 199/1123/1020 161/260/179
f 202/382/290 198/381/289 162/226/151
f 204/383/291 202/382/290 163/227/152
f 165/228/153 206/385/293 204/383/291
f 166/229/154 208/1124/1021 206/385/293
f 210/386/294 208/1124/1021 166/229/154
f 168/388/295 212/390/296 210/389/294
f 169/232/156 214/391/297 212/390/296
f 170/233/157 216/1125/1022 214/391/297
f 218/392/298 216/1125/1022 170/233/157
f 220/394/300 218/392/298 171/393/299
f 173/235/159 222/1126/1023 220/394/300
f 224/395/301 222/1127/1023 173/236/159
f 226/396/302 224/395/301 174/237/160
f 176/397/303 228/398/304 226/396/302
f 177/239/162 230/1128/1024 228/398/304
f 232/399/305 230/1128/1024 177/239/162
f 234/400/306 232/399/305 178/240/163
f 236/401/307 234/400/306 179/241/164
f 181/242/165 238/403/309 236/401/307
f 182/243/166 240/1129/1025 238/403/309
f 242/404/310 240/1130/1025 182/244/166
f 184/405/311 244/406/312 242/404/310
f 185/247/168 246/407/313 244/406/312
f 186/248/169 248/1131/1026 246/407/313
f 250/408/314 248/1131/1026 186/248/169
f 252/410/316 250/408/314 187/409/315
f 195/255/174 254/1132/1027 252/410/316
f 256/411/317 254/1132/1027 195/255/174
f 192/412/181 256/411/317 196/256/175
f 161/260/179 199/1123/1020 191/414/318
f 289/415/319 287/475/385 197/416/320
f 291/418/322 290/521/439 289/419/323
f 823/421/325 290/1133/488 291/422/326
f 293/424/327 294/476/386 292/425/328
f 295/427/330 293/477/327 258/316/329
f 296/428/332 295/427/330 259/320/331
f 297/429/334 296/428/332 260/322/333
f 298/430/336 297/1134/334 261/431/335
f 298/430/336 262/432/336 263/433/337
f 299/435/338 263/327/337 264/331/339
f 300/436/340 264/331/339 265/333/341
f 302/438/343 301/437/342 265/333/341
f 302/438/343 266/334/344 267/337/345
f 304/440/347 303/439/346 267/337/345
f 305/441/349 304/1135/347 268/442/348
f 305/441/349 269/443/350 270/444/351
f 306/445/352 270/444/351 271/446/353
f 307/448/354 271/346/353 272/347/355
f 308/449/356 272/347/355 273/350/357
f 309/450/358 273/350/357 274/351/359
f 311/452/361 310/1136/360 274/453/359
f 312/455/363 311/452/361 275/454/362
f 313/457/365 312/455/363 276/456/364
f 313/457/365 277/458/366 278/459/367
f 314/460/368 278/459/367 279/461/369
f 316/463/371 315/462/370 279/461/369
f 317/465/373 316/463/371 280/464/372
f 318/467/375 317/514/373 281/366/374
f 318/467/375 282/368/376 283/371/377
f 319/468/378 283/371/377 284/373/379
f 321/470/381 320/1137/380 284/471/379
f 322/473/383 321/470/381 285/472/382
f 322/473/383 286/474/384 287/475/385
f 288/417/321 197/416/320 292/425/328
f 293/477/387 324/480/390 323/478/388
f 295/427/389 325/481/392 324/480/390
f 296/428/391 326/482/394 325/481/392
f 297/429/393 327/527/393 326/482/394
f 328/483/395 327/527/393 297/429/393
f 329/485/397 328/483/395 298/484/396
f 330/487/399 329/532/397 299/435/398
f 331/488/401 330/487/399 300/436/400
f 302/438/402 332/489/404 331/488/401
f 303/439/403 333/490/406 332/489/404
f 304/440/405 334/492/408 333/490/406
f 305/491/407 335/538/410 334/492/408
f 306/493/409 336/541/409 335/494/410
f 337/496/411 336/541/409 306/493/409
f 338/497/413 337/496/411 307/448/412
f 339/498/415 338/497/413 308/449/414
f 340/499/417 339/498/415 309/450/416
f 311/500/418 341/502/420 340/499/417
f 312/501/419 342/548/422 341/502/420
f 313/503/421 343/1138/421 342/504/422
f 344/506/423 343/1138/421 313/503/421
f 345/508/425 344/506/423 314/507/424
f 346/510/427 345/554/425 315/511/426
f 347/513/429 346/510/427 316/512/428
f 318/467/430 348/515/432 347/513/429
f 319/468/431 349/516/434 348/515/432
f 320/469/433 350/518/436 349/516/434
f 321/517/435 351/562/435 350/518/436
f 352/519/437 351/562/435 321/517/435
f 290/521/439 352/1139/437 322/522/438
f 323/478/388 291/422/322 288/523/324
f 822/524/440 821/566/489 323/478/441
f 822/524/440 324/480/440 325/481/442
f 820/525/443 325/481/442 326/482/444
f 819/526/445 326/482/444 327/527/446
f 818/528/447 327/527/446 328/483/448
f 816/530/449 817/1140/448 328/531/448
f 815/533/451 816/530/449 329/532/450
f 815/533/451 330/487/451 331/488/452
f 814/534/453 331/488/452 332/489/454
f 813/535/455 332/489/454 333/490/456
f 812/536/457 333/490/456 334/492/458
f 811/537/459 334/492/458 335/538/460
f 809/540/461 810/1141/460 335/494/460
f 808/542/463 809/540/461 336/541/462
f 808/542/463 337/496/463 338/497/464
f 807/543/465 338/497/464 339/498/466
f 805/545/467 806/544/466 339/498/466
f 804/546/469 805/545/467 340/499/468
f 803/547/471 804/546/469 341/502/470
f 802/549/473 803/547/471 342/548/472
f 802/549/473 343/550/473 344/551/474
f 801/553/475 344/1142/474 345/554/476
f 799/556/477 800/555/476 345/554/476
f 798/557/479 799/556/477 346/510/478
f 797/558/481 798/557/479 347/513/480
f 796/559/483 797/558/481 348/515/482
f 796/559/483 349/516/483 350/518/484
f 794/561/485 795/560/484 350/518/484
f 794/561/485 351/562/485 352/519/486
f 793/563/487 352/519/486 290/564/488
f 821/566/489 824/423/326 291/422/326
f 65/123/57 66/122/56 354/567/490
f 72/181/58 355/603/493 354/567/490
f 72/124/58 69/126/60 356/569/492
f 73/127/61 357/571/494 356/569/492
f 75/129/63 358/573/496 357/571/494
f 75/129/63 77/131/65 359/572/495
f 79/133/67 360/575/498 359/572/495
f 79/133/67 81/135/69 361/574/497
f 81/135/69 83/136/70 362/576/499
f 85/138/72 363/578/501 362/576/499
f 85/138/72 87/140/74 364/577/500
f 87/143/74 89/142/75 365/579/502
f 91/145/77 366/582/504 365/579/502
f 91/145/77 93/147/79 367/581/503
f 95/148/80 368/583/505 367/581/503
f 97/152/84 369/585/507 368/583/505
f 97/152/84 99/153/85 370/584/506
f 101/155/87 371/587/509 370/584/506
f 101/155/87 103/157/89 372/586/508
f 105/158/90 373/621/510 372/586/508
f 107/160/92 374/590/512 373/588/510
f 107/160/92 109/163/94 375/589/511
f 111/164/95 376/591/513 375/589/511
f 113/168/99 377/593/515 376/591/513
f 113/168/99 115/169/100 378/592/514
f 117/171/102 379/595/517 378/592/514
f 117/171/102 119/173/104 380/594/516
f 121/176/106 381/597/518 380/596/516
f 123/177/107 382/599/520 381/597/518
f 123/177/107 125/179/109 383/598/519
f 127/182/111 384/600/521 383/598/519
f 65/123/57 353/568/491 384/600/521
f 353/568/491 354/567/490 385/601/522
f 355/603/493 386/1143/524 385/601/522
f 356/569/492 387/605/525 386/604/524
f 357/571/494 388/607/527 387/605/525
f 357/571/494 358/573/496 389/606/526
f 358/573/496 359/572/495 390/608/528
f 360/575/498 391/610/530 390/608/528
f 360/575/498 361/574/497 392/609/529
f 361/574/497 362/576/499 393/611/531
f 363/578/501 394/612/532 393/611/531
f 364/577/500 395/645/533 394/612/532
f 365/579/502 396/615/535 395/613/533
f 365/579/502 366/582/504 397/614/534
f 366/582/504 367/581/503 398/616/536
f 368/583/505 399/618/538 398/616/536
f 368/583/505 369/585/507 400/617/537
f 369/585/507 370/584/506 401/619/539
f 371/587/509 402/620/540 401/619/539
f 372/586/508 403/622/541 402/620/540
f 373/621/510 404/1144/543 403/622/541
f 373/588/510 374/590/512 405/623/542
f 374/590/512 375/589/511 406/625/544
f 376/591/513 407/627/546 406/625/544
f 376/591/513 377/593/515 408/626/545
f 377/593/515 378/592/514 409/628/547
f 379/595/517 410/1145/548 409/628/547
f 380/596/516 411/632/550 410/629/548
f 380/596/516 381/597/518 412/631/549
f 381/597/518 382/599/520 413/633/551
f 382/599/520 383/598/519 414/634/552
f 384/600/521 415/635/553 414/634/552
f 353/568/491 416/602/523 415/635/553
f 416/602/523 385/601/522 417/637/555
f 385/601/522 386/1143/524 418/636/554
f 388/607/527 419/640/557 387/605/525
f 388/607/527 389/606/526 420/639/556
f 390/608/528 421/641/558 420/639/556
f 391/610/530 422/642/559 421/641/558
f 392/609/529 393/611/531 423/644/561
f 393/611/531 394/612/532 424/643/560
f 396/1146/535 425/1147/563 395/1148/533
f 396/615/535 397/614/534 426/646/562
f 398/616/536 427/648/564 426/646/562
f 399/618/538 400/617/537 428/650/566
f 400/617/537 401/619/539 429/649/565
f 401/619/539 402/620/540 430/651/567
f 404/1144/543 431/683/569 403/622/541
f 404/624/543 405/623/542 432/652/568
f 406/625/544 433/654/570 432/652/568
f 407/627/546 434/655/571 433/654/570
f 408/626/545 409/628/547 435/657/573
f 409/628/547 410/1145/548 436/656/572
f 411/632/550 437/659/574 436/658/572
f 412/631/549 413/633/551 438/660/575
f 414/634/552 439/661/576 438/660/575
f 415/635/553 440/662/577 439/661/576
f 417/637/555 442/664/579 441/663/578
f 418/636/554 443/1149/581 442/664/579
f 418/638/554 387/605/525 444/665/580
f 419/640/557 445/667/582 444/665/580
f 420/639/556 446/669/584 445/667/582
f 420/639/556 421/641/558 447/668/583
f 422/642/559 392/609/529 448/670/585
f 423/644/561 449/672/587 448/670/585
f 423/644/561 424/643/560 450/671/586
f 424/643/560 395/645/533 451/673/588
f 425/647/563 452/675/589 451/674/588
f 426/646/562 453/677/591 452/675/589
f 426/646/562 427/648/564 454/676/590
f 427/648/564 399/618/538 455/678/592
f 428/650/566 456/679/593 455/678/592
f 429/649/565 457/680/594 456/679/593
f 430/651/567 458/682/596 457/680/594
f 430/651/567 403/622/541 459/681/595
f 432/652/568 460/685/598 431/653/569
f 432/652/568 433/654/570 461/684/597
f 433/654/570 434/655/571 462/686/599
f 434/655/571 408/626/545 463/687/600
f 435/657/573 464/688/601 463/687/600
f 436/656/572 465/1150/603 464/688/601
f 436/658/572 437/659/574 466/689/602
f 437/659/574 412/631/549 467/691/604
f 438/660/575 468/693/606 467/691/604
f 438/660/575 439/661/576 469/692/605
f 440/662/577 416/602/523 441/663/578
f 441/663/578 442/664/579 471/694/607
f 442/664/579 443/1149/581 472/696/609
f 444/665/580 473/698/610 472/697/609
f 445/667/582 474/700/612 473/698/610
f 445/667/582 446/669/584 475/699/611
f 447/668/583 476/701/613 475/699/611
f 422/642/559 477/702/614 476/701/613
f 448/670/585 478/704/616 477/702/614
f 448/670/585 449/672/587 479/703/615
f 450/671/586 480/705/617 479/703/615
f 451/673/588 481/738/618 480/705/617
f 452/675/589 482/708/620 481/706/618
f 452/675/589 453/677/591 483/707/619
f 454/676/590 484/709/621 483/707/619
f 455/678/592 485/710/622 484/709/621
f 456/679/593 486/712/624 485/710/622
f 456/679/593 457/680/594 487/711/623
f 457/680/594 458/682/596 488/713/625
f 459/681/595 489/714/626 488/713/625
f 431/683/569 490/748/628 489/714/626
f 431/653/569 460/685/598 491/715/627
f 461/684/597 492/717/629 491/715/627
f 462/686/599 493/718/630 492/717/629
f 463/687/600 494/720/632 493/718/630
f 463/687/600 464/688/601 495/719/631
f 464/688/601 465/1150/603 496/721/633
f 466/689/602 497/724/635 496/722/633
f 466/689/602 467/691/604 498/723/634
f 467/691/604 468/693/606 499/725/636
f 469/692/605 500/726/637 499/725/636
f 440/662/577 501/727/638 500/726/637
f 440/662/577 441/663/578 470/695/608
f 470/695/608 471/694/607 503/728/639
f 472/696/609 504/1151/641 503/728/639
f 473/698/610 505/732/643 504/730/641
f 473/698/610 474/700/612 506/731/642
f 474/700/612 475/699/611 507/733/644
f 475/699/611 476/701/613 508/734/645
f 476/701/613 477/702/614 509/735/646
f 477/702/614 478/704/616 510/736/647
f 479/703/615 511/737/648 510/736/647
f 480/705/617 512/739/649 511/737/648
f 481/738/618 513/1152/650 512/739/649
f 482/708/620 514/742/652 513/740/650
f 482/708/620 483/707/619 515/741/651
f 483/707/619 484/709/621 516/743/653
f 485/710/622 517/745/655 516/743/653
f 485/710/622 486/712/624 518/744/654
f 486/712/624 487/711/623 519/746/656
f 488/713/625 520/747/657 519/746/656
f 489/714/626 521/749/658 520/747/657
f 490/748/628 522/784/660 521/749/658
f 490/716/628 491/715/627 523/750/659
f 491/715/627 492/717/629 524/752/661
f 492/717/629 493/718/630 525/753/662
f 493/718/630 494/720/632 526/754/663
f 494/720/632 495/719/631 527/755/664
f 496/721/633 528/1153/665 527/755/664
f 497/724/635 529/758/667 528/756/665
f 497/724/635 498/723/634 530/757/666
f 498/723/634 499/725/636 531/759/668
f 499/725/636 500/726/637 532/760/669
f 501/727/638 533/761/670 532/760/669
f 501/727/638 470/695/608 502/729/640
f 503/728/639 535/764/673 534/762/671
f 503/728/639 504/1151/641 536/763/672
f 504/730/641 505/732/643 537/765/674
f 505/732/643 506/731/642 538/767/675
f 507/733/644 539/768/676 538/767/675
f 508/734/645 540/770/678 539/768/676
f 508/734/645 509/735/646 541/769/677
f 510/736/647 542/771/679 541/769/677
f 511/737/648 543/773/681 542/771/679
f 511/737/648 512/739/649 544/772/680
f 512/739/649 513/1152/650 545/774/682
f 513/740/650 514/742/652 546/775/683
f 515/741/651 547/777/684 546/775/683
f 516/743/653 548/779/686 547/777/684
f 516/743/653 517/745/655 549/778/685
f 517/745/655 518/744/654 550/780/687
f 519/746/656 551/782/689 550/780/687
f 519/746/656 520/747/657 552/781/688
f 520/747/657 521/749/658 553/783/690
f 522/784/660 554/817/691 553/783/690
f 523/750/659 555/786/692 554/785/691
f 524/752/661 556/788/694 555/786/692
f 524/752/661 525/753/662 557/787/693
f 526/754/663 558/789/695 557/787/693
f 527/755/664 559/791/697 558/789/695
f 527/755/664 528/1153/665 560/790/696
f 528/756/665 529/758/667 561/792/698
f 529/758/667 530/757/666 562/794/699
f 531/759/668 563/795/700 562/794/699
f 532/760/669 564/797/702 563/795/700
f 532/760/669 533/761/670 565/796/701
f 502/729/640 534/762/671 565/796/701
f 535/764/673 566/799/704 597/798/703
f 536/763/672 567/1154/705 566/799/704
f 537/765/674 568/801/706 567/800/705
f 538/767/675 569/803/708 568/801/706
f 538/767/675 539/768/676 570/802/707
f 539/768/676 540/770/678 571/804/709
f 541/769/677 572/805/710 571/804/709
f 542/771/679 573/806/711 572/805/710
f 543/773/681 574/807/712 573/806/711
f 544/772/680 575/808/713 574/807/712
f 545/774/682 576/833/714 575/808/713
f 546/775/683 577/811/716 576/809/714
f 546/775/683 547/777/684 578/810/715
f 547/777/684 548/779/686 579/812/717
f 548/779/686 549/778/685 580/813/718
f 549/778/685 550/780/687 581/814/719
f 550/780/687 551/782/689 582/815/720
f 552/781/688 583/816/721 582/815/720
f 553/783/690 584/818/722 583/816/721
f 554/817/691 585/854/724 584/818/722
f 554/785/691 555/786/692 586/819/723
f 555/786/692 556/788/694 587/821/725
f 556/788/694 557/787/693 588/822/726
f 557/787/693 558/789/695 589/823/727
f 559/791/697 590/824/728 589/823/727
f 560/790/696 591/826/729 590/824/728
f 561/825/698 592/1155/731 591/826/729
f 561/792/698 562/794/699 593/827/730
f 562/794/699 563/795/700 594/829/732
f 563/795/700 564/797/702 595/830/733
f 564/797/702 565/796/701 596/831/734
f 534/762/671 597/798/703 596/831/734
f 572/805/710 598/832/735 571/804/709
f 575/808/713 599/834/736 574/807/712
f 590/824/728 600/835/737 589/823/727
f 566/799/704 601/838/740 629/836/738
f 566/799/704 567/1154/705 602/837/739
f 568/801/706 603/840/741 602/839/739
f 569/803/708 604/841/742 603/840/741
f 570/802/707 605/842/743 604/841/742
f 571/804/709 606/843/744 605/842/743
f 573/806/711 607/844/745 598/832/735
f 574/807/712 608/845/746 607/844/745
f 599/834/736 576/833/714 609/1156/747
f 577/811/716 610/848/749 609/846/747
f 577/811/716 578/810/715 611/847/748
f 579/812/717 612/849/750 611/847/748
f 580/813/718 613/850/751 612/849/750
f 581/814/719 614/852/753 613/850/751
f 581/814/719 582/815/720 615/851/752
f 583/816/721 616/853/754 615/851/752
f 584/818/722 617/855/755 616/853/754
f 585/854/724 618/1157/756 617/855/755
f 586/819/723 619/857/757 618/856/756
f 587/821/725 620/858/758 619/857/757
f 588/822/726 621/860/760 620/858/758
f 588/822/726 589/823/727 622/859/759
f 591/826/729 623/862/762 600/835/737
f 591/826/729 592/1155/731 624/861/761
f 593/827/730 625/864/763 624/863/761
f 594/829/732 626/865/764 625/864/763
f 595/830/733 627/866/765 626/865/764
f 596/831/734 628/867/766 627/866/765
f 596/831/734 597/798/703 629/836/738
f 601/838/740 631/869/768 630/868/767
f 602/837/739 632/1158/770 631/869/768
f 602/839/739 603/840/741 633/870/769
f 603/840/741 604/841/742 634/872/771
f 605/842/743 635/874/773 634/872/771
f 605/842/743 606/843/744 636/873/772
f 606/843/744 598/832/735 637/875/774
f 598/832/735 607/844/745 638/876/775
f 607/844/745 608/845/746 639/877/776
f 599/834/736 640/879/778 639/877/776
f 599/834/736 609/1156/747 641/878/777
f 610/848/749 642/881/779 641/880/777
f 611/847/748 643/883/781 642/881/779
f 611/847/748 612/849/750 644/882/780
f 612/849/750 613/850/751 645/884/782
f 614/852/753 646/885/783 645/884/782
f 615/851/752 647/886/784 646/885/783
f 616/853/754 648/888/786 647/886/784
f 616/853/754 617/855/755 649/887/785
f 617/855/755 618/1157/756 650/889/787
f 619/857/757 651/892/789 650/890/787
f 619/857/757 620/858/758 652/891/788
f 621/860/760 653/893/790 652/891/788
f 622/859/759 654/894/791 653/893/790
f 600/835/737 655/895/792 654/894/791
f 623/862/762 656/897/794 655/895/792
f 623/862/762 624/861/761 657/896/793
f 624/863/761 625/864/763 658/898/795
f 626/865/764 659/901/797 658/898/795
f 626/865/764 627/866/765 660/900/796
f 627/866/765 628/867/766 661/902/798
f 629/836/738 630/868/767 661/902/798
f 630/868/767 631/869/768 663/903/799
f 631/869/768 632/1158/770 664/905/801
f 632/871/770 633/870/769 665/906/802
f 634/872/771 666/908/803 665/906/802
f 635/874/773 667/909/804 666/908/803
f 636/873/772 668/910/805 667/909/804
f 637/875/774 669/912/807 668/910/805
f 637/875/774 638/876/775 670/911/806
f 638/876/775 639/877/776 671/913/808
f 639/877/776 640/879/778 672/914/809
f 640/879/778 641/878/777 673/915/810
f 642/916/779 674/1159/811 673/915/810
f 643/883/781 675/918/812 674/917/811
f 644/882/780 676/919/813 675/918/812
f 645/884/782 677/920/814 676/919/813
f 646/885/783 678/922/816 677/920/814
f 646/885/783 647/886/784 679/921/815
f 647/886/784 648/888/786 680/923/817
f 648/888/786 649/887/785 681/924/818
f 650/889/787 682/1160/819 681/924/818
f 651/892/789 683/926/820 682/925/819
f 652/891/788 684/927/821 683/926/820
f 653/893/790 685/929/823 684/927/821
f 653/893/790 654/894/791 686/928/822
f 654/894/791 655/895/792 687/930/824
f 655/895/792 656/897/794 688/931/825
f 656/897/794 657/896/793 689/932/826
f 657/899/793 658/898/795 690/933/827
f 659/901/797 691/935/828 690/933/827
f 660/900/796 692/936/829 691/935/828
f 661/902/798 693/937/830 692/936/829
f 630/868/767 662/904/800 693/937/830
f 663/938/831 695/942/835 694/939/832
f 663/938/831 664/944/837 696/941/834
f 665/943/836 721/946/839 696/941/834
f 666/945/838 697/948/841 721/946/839
f 666/945/838 667/950/843 698/947/840
f 668/949/842 699/952/845 698/947/840
f 668/949/842 669/954/847 722/951/844
f 670/953/846 700/956/849 722/951/844
f 671/955/848 701/958/851 700/956/849
f 671/955/848 672/960/853 702/957/850
f 673/959/852 703/962/855 702/957/850
f 674/961/854 704/964/857 703/962/855
f 674/961/854 675/966/859 705/963/856
f 676/965/858 706/968/861 705/963/856
f 676/965/858 677/969/862 707/967/860
f 677/969/862 678/972/865 708/970/863
f 679/971/864 709/974/867 708/970/863
f 679/971/864 680/976/869 710/973/866
f 681/975/868 711/978/871 710/973/866
f 682/977/870 712/980/873 711/978/871
f 682/977/870 683/982/875 713/979/872
f 684/981/874 714/984/877 713/979/872
f 684/981/874 685/985/878 715/983/876
f 685/985/878 686/988/881 723/986/879
f 687/987/880 716/990/883 723/986/879
f 687/987/880 688/992/885 724/989/882
f 689/991/884 717/994/887 724/989/882
f 690/993/886 718/996/889 717/994/887
f 690/993/886 691/998/891 719/995/888
f 692/997/890 725/1000/893 719/995/888
f 692/997/890 693/1001/894 720/999/892
f 662/940/833 694/939/832 720/999/892
f 698/947/840 699/952/845 722/951/844
f 701/958/851 703/962/855 722/951/844
f 706/968/861 707/967/860 703/962/855
f 709/974/867 711/978/871 707/967/860
f 714/984/877 723/986/879 711/978/871
f 714/984/877 715/983/876 723/986/879
f 717/994/887 718/996/889 725/1000/893
f 694/939/832 695/942/835 725/1000/893
f 695/942/835 721/946/839 729/1005/898
f 721/946/839 730/1028/1028 729/1005/898
f 721/946/839 731/1006/899 730/1028/1028
f 722/951/844 732/1033/1029 731/1006/899
f 722/951/844 733/1035/1030 732/1033/1029
f 722/951/844 734/1008/901 733/1035/1030
f 722/951/844 703/962/855 735/1007/900
f 703/962/855 739/1012/905 738/1011/904
f 707/967/860 740/1043/1031 739/1012/905
f 707/967/860 741/1045/1032 740/1043/1031
f 707/967/860 742/1014/907 741/1045/1032
f 707/967/860 711/978/871 743/1013/906
f 711/978/871 747/1018/911 746/1017/910
f 723/986/879 748/1053/1033 747/1018/911
f 723/986/879 749/1020/913 748/1053/1033
f 723/986/879 724/989/882 750/1019/912
f 725/1000/893 754/1060/1034 753/1023/916
f 725/1000/893 755/1062/1035 754/1060/1034
f 725/1000/893 756/1064/1036 755/1062/1035
f 725/1000/893 757/1024/917 756/1064/1036
f 725/1000/893 695/942/835 726/1003/896
f 727/1002/918 759/1026/922 758/1025/919
f 728/1004/921 760/1027/924 759/1026/922
f 729/1005/923 761/1029/926 760/1027/924
f 730/1028/925 762/1031/928 761/1029/926
f 730/1028/925 731/1006/929 763/1030/927
f 731/1006/929 732/1033/931 764/1032/930
f 732/1033/931 733/1035/932 765/1034/932
f 734/1008/933 766/1036/935 765/1034/932
f 735/1007/934 767/1037/937 766/1036/935
f 736/1009/936 768/1038/939 767/1037/937
f 737/1010/938 769/1040/941 768/1038/939
f 737/1010/938 738/1011/942 770/1039/940
f 738/1011/942 739/1012/944 771/1041/943
f 739/1012/944 740/1043/946 772/1042/945
f 740/1043/946 741/1045/948 773/1044/947
f 741/1045/948 742/1014/951 774/1046/949
f 743/1013/950 791/1047/953 774/1046/949
f 744/1015/952 775/1048/955 791/1047/953
f 745/1016/954 776/1049/957 775/1048/955
f 746/1017/956 777/1051/959 776/1049/957
f 746/1017/956 747/1018/960 778/1050/958
f 747/1018/960 748/1053/962 779/1052/961
f 748/1053/962 749/1020/965 780/1054/963
f 750/1019/964 781/1055/967 780/1054/963
f 751/1021/966 782/1056/969 781/1055/967
f 752/1022/968 783/1057/971 782/1056/969
f 753/1023/970 784/1059/973 783/1057/971
f 753/1023/970 754/1060/974 785/1058/972
f 754/1060/974 755/1062/976 786/1061/975
f 755/1062/976 756/1064/978 787/1063/977
f 756/1064/978 757/1024/979 788/1065/979
f 726/1003/920 758/1025/919 788/1065/979
f 758/1025/1037 759/1026/980 789/1066/982
f 759/1026/980 760/1027/1038 761/1029/981
f 764/1032/983 792/1067/987 762/1031/984
f 766/1036/988 767/1037/989 792/1067/987
f 767/1037/989 768/1038/1039 769/1040/990
f 770/1039/993 790/1068/992 769/1040/990
f 774/1046/996 791/1047/999 790/1068/992
f 775/1048/1040 776/1049/997 791/1047/999
f 779/1052/1000 780/1054/1004 777/1051/998
f 781/1055/1041 782/1056/1002 780/1054/1004
f 782/1056/1002 783/1057/1042 784/1059/1003
f 787/1063/1005 789/1066/982 785/1058/1006
f 788/1065/1008 758/1025/1037 789/1066/982
f 777/1051/998 780/1054/1004 784/1059/1003
f 792/1067/987 761/1029/981 762/1031/984
f 790/1068/992 789/1066/982 792/1067/987
f 790/1068/992 777/1051/998 785/1058/1006
