# Blender 4.0.0
# www.blender.org
o Juice001_Lid
v -0.02767500 0.00819800 0.13480900
v -0.02765500 0.00823600 0.13565700
v -0.02693100 0.00847600 0.12598500
v -0.02523500 0.01405400 0.13052300
v -0.02590500 0.01202000 0.13043700
v -0.02597900 0.01119200 0.12954600
v -0.02524700 0.01401300 0.12967600
v -0.02173200 0.01812000 0.12908200
v -0.02479800 0.01354100 0.12930200
v -0.03221200 0.00345500 0.13729500
v -0.03099100 0.00969200 0.13628900
v -0.02850000 0.01552400 0.13756800
v -0.02502500 0.02082800 0.13628900
v -0.02039600 0.02535800 0.13756800
v -0.01522200 0.02877600 0.13756900
v -0.00938500 0.03125600 0.13628900
v -0.00315900 0.03248900 0.13628900
v 0.00311700 0.03244500 0.13743900
v 0.00941200 0.03123800 0.13628900
v 0.01527400 0.02880300 0.13628900
v 0.02054800 0.02527200 0.13628900
v 0.02502700 0.02068800 0.13763500
v 0.02855200 0.01549900 0.13628900
v 0.03092700 0.00955200 0.13769600
v 0.03192500 0.00338700 0.12732900
v 0.03220800 0.00340600 0.13628900
v 0.03220200 -0.00294100 0.13628900
v 0.03087200 -0.00920400 0.13769600
v 0.02852300 -0.01502700 0.13628900
v 0.02489700 -0.02030400 0.13769600
v 0.02049900 -0.02478400 0.13628900
v 0.01513000 -0.02827300 0.13769700
v 0.00935200 -0.03072900 0.13628900
v 0.00312600 -0.03196100 0.13629000
v -0.00320700 -0.03193100 0.13729600
v -0.00942300 -0.03063900 0.13778600
v -0.01530600 -0.02824800 0.13729900
v -0.02058100 -0.02474500 0.13628900
v -0.02506500 -0.02025200 0.13628900
v -0.02852900 -0.01494100 0.13756900
v -0.03100900 -0.00910500 0.13628900
v -0.03195600 -0.00281000 0.12729800
v -0.03224100 -0.00287900 0.13628900
v -0.03077700 -0.00903400 0.13876300
v -0.03023800 -0.00887100 0.14123700
v -0.03144000 -0.00280100 0.14123700
v -0.03200000 -0.00285500 0.13876300
v -0.02787500 -0.01459200 0.14123700
v -0.02487700 -0.02009800 0.13876300
v -0.02444200 -0.01974100 0.14123700
v -0.02042700 -0.02455700 0.13876300
v -0.02006900 -0.02412200 0.14123700
v -0.01492700 -0.02756600 0.14123700
v -0.00921100 -0.02994000 0.14123700
v -0.00314200 -0.03115300 0.14123700
v 0.00310200 -0.03171900 0.13876300
v 0.00304800 -0.03115900 0.14123700
v 0.00928200 -0.03049600 0.13876300
v 0.00911900 -0.02995800 0.14123700
v 0.01484000 -0.02759500 0.14123700
v 0.02034500 -0.02459700 0.13876300
v 0.01998900 -0.02416100 0.14123700
v 0.02437000 -0.01978900 0.14123700
v -0.02598000 0.01104800 0.13071200
v -0.02607300 0.01091200 0.13469500
v -0.02691300 0.00845100 0.13443300
v -0.02479800 0.01354100 0.13090000
v -0.02479800 0.01354100 0.13282800
v 0.02830900 -0.01491200 0.13876300
v 0.02781300 -0.01464600 0.14123700
v 0.03018700 -0.00893000 0.14123700
v 0.03196000 -0.00291700 0.13876300
v 0.03140100 -0.00286200 0.14123700
v 0.03020500 0.00939900 0.14123700
v 0.03140600 0.00332800 0.14123700
v 0.03196600 0.00338300 0.13876300
v 0.02833800 0.01538500 0.13876300
v 0.02784200 0.01512000 0.14123700
v 0.02440900 0.02026900 0.14123700
v 0.02039300 0.02508500 0.13876300
v 0.02003600 0.02465000 0.14123700
v 0.01515900 0.02858900 0.13876300
v 0.01489400 0.02809400 0.14123700
v 0.00934100 0.03100600 0.13876300
v 0.00917700 0.03046800 0.14123700
v 0.00310900 0.03168100 0.14123700
v -0.00313600 0.03224700 0.13876300
v -0.00308100 0.03168700 0.14123700
v -0.00931500 0.03102400 0.13876300
v -0.00915200 0.03048500 0.14123700
v -0.01487300 0.02812200 0.14123700
v -0.02002200 0.02468900 0.14123700
v -0.02483800 0.02067400 0.13876300
v -0.02440300 0.02031600 0.14123700
v -0.02784600 0.01517400 0.14123700
v -0.03075900 0.00962200 0.13876300
v -0.03022000 0.00945800 0.14123700
v -0.03143400 0.00338900 0.14123700
v -0.03084600 -0.00274300 0.12591400
v -0.02806100 -0.00235900 0.12597200
v -0.02966700 -0.00869900 0.12591400
v -0.02701700 -0.00781700 0.12594300
v -0.02734800 -0.01431200 0.12591400
v -0.02493300 -0.01290000 0.12595500
v -0.02398000 -0.01936300 0.12591400
v -0.02186900 -0.01753500 0.12594300
v -0.01969000 -0.02366100 0.12591400
v -0.01788100 -0.02150300 0.12597700
v -0.01464500 -0.02704000 0.12591400
v -0.01339500 -0.02454300 0.12594300
v -0.00903700 -0.02936900 0.12591400
v -0.00829800 -0.02667600 0.12594300
v -0.00308300 -0.03055900 0.12591400
v -0.00288300 -0.02777400 0.12594300
v 0.00299000 -0.03056500 0.12591400
v 0.00270900 -0.02776100 0.12597500
v 0.00894600 -0.02938600 0.12591400
v 0.00801200 -0.02674200 0.12596500
v 0.01455900 -0.02706800 0.12591400
v 0.01318600 -0.02461800 0.12597800
v 0.01961100 -0.02370000 0.12591400
v 0.01782900 -0.02151200 0.12598800
v 0.02390900 -0.01941000 0.12591400
v 0.02169600 -0.01767500 0.12595900
v 0.02728700 -0.01436500 0.12591400
v 0.02479000 -0.01311400 0.12594300
v 0.02961600 -0.00875600 0.12591400
v 0.02692300 -0.00801700 0.12594300
v 0.03080700 -0.00280200 0.12591400
v 0.03081200 0.00327000 0.12591400
v 0.02801900 0.00290800 0.12598400
v 0.02963400 0.00922700 0.12591400
v 0.02698400 0.00834500 0.12594300
v 0.02731500 0.01483900 0.12591400
v 0.02488600 0.01347000 0.12595300
v 0.02394700 0.01989100 0.12591400
v 0.02174600 0.01812700 0.12598500
v 0.01965700 0.02418900 0.12591400
v 0.01794200 0.02198400 0.12594600
v 0.01461200 0.02756700 0.12591400
v 0.01339100 0.02504600 0.12596200
v 0.00826400 0.02720400 0.12594300
v 0.00900300 0.02989700 0.12591400
v 0.00305000 0.03108700 0.12591400
v 0.00278100 0.02827900 0.12598100
v -0.00302300 0.03109300 0.12591400
v -0.00266100 0.02832000 0.12594900
v -0.00897900 0.02991400 0.12591400
v -0.00809900 0.02726300 0.12594600
v -0.01459200 0.02759600 0.12591400
v -0.01318200 0.02518000 0.12595400
v -0.01964400 0.02422700 0.12591400
v -0.01788000 0.02207500 0.12594100
v -0.02394200 0.01993700 0.12591400
v -0.02182600 0.01810800 0.12594100
v -0.02732000 0.01489200 0.12591400
v -0.02484200 0.01355600 0.12592700
v -0.02964900 0.00928400 0.12591400
v -0.03084000 0.00333000 0.12591400
v -0.02152300 0.00414200 0.14209300
v 0.01247000 0.01822200 0.14210600
v -0.02144100 -0.00397600 0.14210600
v -0.01797500 0.01275100 0.14210600
v -0.01183000 0.01867200 0.14210600
v -0.00425700 0.02168700 0.14210500
v 0.00430000 0.02180300 0.14210700
v 0.01839200 0.01207700 0.14210600
v 0.02140700 0.00450300 0.14210500
v 0.02152400 -0.00405300 0.14210800
v 0.01794200 -0.01222300 0.14210600
v 0.01179700 -0.01814400 0.14210600
v 0.00422300 -0.02116100 0.14210600
v -0.00392800 -0.02125500 0.14210500
v -0.01253200 -0.01766800 0.14209800
v -0.01842300 -0.01154900 0.14210500
v -0.02135900 0.00912800 0.14258400
v -0.01781800 0.01490100 0.14258500
v -0.01309200 0.01931600 0.14257600
v -0.00420800 0.02305600 0.14257700
v 0.00451400 0.02292500 0.14258400
v 0.01231200 0.01984100 0.14257900
v 0.01903600 0.01334000 0.14257600
v 0.02277600 0.00445500 0.14257700
v 0.02264500 -0.00426700 0.14258400
v 0.01956100 -0.01206400 0.14257900
v 0.01305900 -0.01878900 0.14257600
v 0.00447500 -0.02243600 0.14257300
v -0.00229800 -0.02266900 0.14258500
v -0.00888100 -0.02107800 0.14258400
v -0.01465400 -0.01753700 0.14258500
v -0.01907700 -0.01281000 0.14257700
v -0.02271900 -0.00424400 0.14257500
v -0.02295000 0.00254500 0.14258500
v -0.02492900 0.00784700 0.14258500
v -0.02297100 0.01256200 0.14258500
v -0.02013100 0.01680400 0.14258500
v -0.01651700 0.02041000 0.14258500
v -0.01227000 0.02324200 0.14258500
v -0.00755200 0.02519100 0.14258500
v -0.00254400 0.02618200 0.14258500
v 0.00256100 0.02617700 0.14258500
v 0.00756700 0.02517600 0.14258500
v 0.01228200 0.02321800 0.14258500
v 0.01652300 0.02037800 0.14258500
v 0.02013000 0.01676500 0.14258500
v 0.02296200 0.01251800 0.14258500
v 0.02491100 0.00779900 0.14258500
v 0.02590200 0.00279100 0.14258500
v 0.02489600 -0.00731900 0.14258500
v 0.02589700 -0.00231400 0.14258500
v 0.02293800 -0.01203400 0.14258500
v 0.02009800 -0.01627600 0.14258500
v 0.01648400 -0.01988200 0.14258500
v 0.01223700 -0.02271400 0.14258500
v 0.00751800 -0.02466300 0.14258500
v 0.00251100 -0.02565400 0.14258500
v -0.00259400 -0.02564900 0.14258500
v -0.00760000 -0.02464900 0.14258500
v -0.01231500 -0.02269000 0.14258500
v -0.01655600 -0.01985000 0.14258500
v -0.02016300 -0.01623700 0.14258500
v -0.02299500 -0.01199000 0.14258500
v -0.02494400 -0.00727100 0.14258500
v -0.02593500 -0.00226400 0.14258500
v -0.02593000 0.00284200 0.14258500
v -0.02417900 0.01320900 0.14114800
v -0.02624000 0.00824600 0.14114800
v -0.02119000 0.01767400 0.14114800
v -0.01738600 0.02147100 0.14114800
v -0.01291500 0.02445100 0.14114800
v -0.00794800 0.02650300 0.14114800
v -0.00267700 0.02754600 0.14114800
v 0.00269700 0.02754100 0.14114800
v 0.00796600 0.02648800 0.14114800
v 0.01292900 0.02442600 0.14114800
v 0.01739400 0.02143700 0.14114800
v 0.02119000 0.01763300 0.14114800
v 0.02417100 0.01316200 0.14114800
v 0.02622300 0.00819500 0.14114800
v 0.02726600 0.00292400 0.14114800
v 0.02620700 -0.00771900 0.14114800
v 0.02726100 -0.00245000 0.14114800
v 0.02414600 -0.01268200 0.14114800
v 0.02115600 -0.01714600 0.14114800
v 0.01735300 -0.02094300 0.14114800
v 0.01288200 -0.02392400 0.14114800
v 0.00791500 -0.02597500 0.14114800
v 0.00264400 -0.02701900 0.14114800
v -0.00273000 -0.02701300 0.14114800
v -0.00799900 -0.02596000 0.14114800
v -0.01296200 -0.02389800 0.14114800
v -0.01742700 -0.02090900 0.14114800
v -0.02122300 -0.01710500 0.14114800
v -0.02420400 -0.01263500 0.14114800
v -0.02625600 -0.00766800 0.14114800
v -0.02729900 -0.00239700 0.14114800
v -0.02729400 0.00297700 0.14114800
v -0.02479800 0.01354100 0.13971100
v -0.02702500 0.00803400 0.13967900
v -0.02173200 0.01812000 0.13971100
v -0.01783100 0.02201400 0.13971100
v -0.01324600 0.02507200 0.13971100
v -0.00815200 0.02717600 0.13971100
v -0.00274500 0.02824600 0.13971100
v 0.00276700 0.02824000 0.13971100
v 0.00817000 0.02716000 0.13971100
v 0.01326100 0.02504600 0.13971100
v 0.01784000 0.02198000 0.13971100
v 0.02173400 0.01807800 0.13971100
v 0.02479100 0.01349300 0.13971100
v 0.02689500 0.00839900 0.13971100
v 0.02688000 -0.00792300 0.13971100
v 0.02796000 -0.00251900 0.13971100
v 0.02476500 -0.01301400 0.13971100
v 0.02169900 -0.01759300 0.13971100
v 0.01779800 -0.02148700 0.13971100
v 0.01321300 -0.02454400 0.13971100
v 0.00811800 -0.02664800 0.13971100
v 0.00271200 -0.02771800 0.13971100
v -0.00280000 -0.02771300 0.13971100
v -0.00820400 -0.02663200 0.13971100
v -0.01329400 -0.02451800 0.13971100
v -0.01787300 -0.02145200 0.13971100
v -0.02176700 -0.01755100 0.13971100
v -0.02482400 -0.01296500 0.13971100
v -0.02692900 -0.00787100 0.13971100
v -0.02799300 0.00304700 0.13971100
v 0.02796500 0.00299300 0.13971100
v -0.00809700 0.00154100 0.14457000
v -0.00634800 -0.00443900 0.14467600
v 0.02899700 0.00309300 0.14331200
v 0.02899100 -0.00262200 0.14331200
v -0.02903000 -0.00256600 0.14331200
v -0.02902500 0.00315000 0.14331200
v -0.02790400 0.00875300 0.14331200
v -0.02571200 0.01403100 0.14331200
v -0.02253300 0.01877900 0.14331200
v -0.01848800 0.02281600 0.14331200
v -0.01373400 0.02598600 0.14331200
v -0.00845100 0.02816800 0.14331200
v -0.00284600 0.02927700 0.14331200
v 0.00286900 0.02927200 0.14331200
v 0.00847200 0.02815200 0.14331200
v 0.01375000 0.02595900 0.14331200
v 0.01849800 0.02278000 0.14331200
v 0.02253600 0.01873500 0.14331200
v 0.02570600 0.01398100 0.14331200
v 0.02788800 0.00869900 0.14331200
v 0.02787100 -0.00822500 0.14331200
v 0.02567900 -0.01350300 0.14331200
v 0.02250000 -0.01825100 0.14331200
v 0.01845500 -0.02228800 0.14331200
v 0.01370000 -0.02545800 0.14331200
v 0.00841800 -0.02764000 0.14331200
v 0.00281300 -0.02875000 0.14331200
v -0.00290200 -0.02874400 0.14331200
v -0.00850600 -0.02762400 0.14331200
v -0.01378400 -0.02543200 0.14331200
v -0.01853200 -0.02225200 0.14331200
v -0.02256900 -0.01820700 0.14331200
v -0.02573900 -0.01345300 0.14331200
v -0.03077500 -0.00894000 0.12734700
v -0.03160600 -0.00281700 0.12639200
v -0.03039800 -0.00892000 0.12639200
v -0.02834200 -0.01486800 0.12736200
v -0.02802200 -0.01467100 0.12639200
v -0.02487400 -0.02002600 0.12730600
v -0.02457100 -0.01984700 0.12639200
v -0.02040700 -0.02452100 0.12732900
v -0.02017500 -0.02425100 0.12639200
v -0.01513000 -0.02804000 0.12729100
v -0.01500600 -0.02771300 0.12639200
v -0.00936700 -0.03046200 0.12736800
v -0.00925900 -0.03009900 0.12639200
v -0.00319200 -0.03165800 0.12728700
v -0.00315800 -0.03131900 0.12639200
v 0.00305400 -0.03167500 0.12729100
v 0.00306400 -0.03132500 0.12639200
v 0.00927000 -0.03045900 0.12735200
v 0.00916700 -0.03011700 0.12639200
v 0.01506100 -0.02809200 0.12737300
v 0.01491800 -0.02774200 0.12639200
v 0.02031300 -0.02456900 0.12730400
v 0.02009400 -0.02429000 0.12639200
v 0.02480300 -0.02011400 0.12735700
v 0.02449900 -0.01989500 0.12639200
v 0.02826200 -0.01488100 0.12727300
v 0.02796000 -0.01472500 0.12639200
v 0.03071000 -0.00908300 0.12736700
v 0.03034700 -0.00897900 0.12639200
v 0.03190500 -0.00290600 0.12727300
v 0.03156600 -0.00287800 0.12639200
v 0.03072600 0.00955800 0.12736900
v 0.03157200 0.00334400 0.12639200
v 0.03036500 0.00944700 0.12639200
v 0.02829000 0.01535900 0.12728700
v 0.02798900 0.01519900 0.12639200
v 0.02481700 0.02059400 0.12732800
v 0.02453700 0.02037500 0.12639200
v 0.02032800 0.02507500 0.12729200
v 0.02014200 0.02477900 0.12639200
v 0.01508900 0.02857300 0.12730600
v 0.01497200 0.02824000 0.12639200
v 0.00941100 0.03095300 0.12732800
v 0.00922600 0.03062700 0.12639200
v 0.00321100 0.03220400 0.12733000
v 0.00312500 0.03184700 0.12639200
v -0.00308300 0.03222000 0.12733000
v -0.00309700 0.03185300 0.12639200
v -0.00924800 0.03101200 0.12735000
v -0.00920000 0.03064500 0.12639200
v -0.01511900 0.02860300 0.12736300
v -0.01495100 0.02826900 0.12639200
v -0.02042300 0.02504900 0.12732800
v -0.02012800 0.02481800 0.12639200
v -0.02480600 0.02064800 0.12731600
v -0.02453200 0.02042200 0.12639200
v -0.02831300 0.01545100 0.12736200
v -0.02799300 0.01525300 0.12639200
v -0.03075700 0.00952700 0.12734500
v -0.03038000 0.00950600 0.12639200
v -0.03193800 0.00343400 0.12727300
v -0.03159900 0.00340600 0.12639200
v -0.02799900 -0.00246500 0.13971100
v -0.01787300 -0.02145200 0.13559500
v -0.00280000 -0.02771300 0.13509000
v 0.01779800 -0.02148700 0.13441800
v 0.02169900 -0.01759300 0.13425100
v 0.02476500 -0.01301400 0.13408300
v 0.02796000 -0.00251900 0.13374600
v 0.02689500 0.00839900 0.13341100
v 0.02173400 0.01807800 0.13307600
v -0.00274500 0.02824600 0.13223600
v -0.02792100 -0.00817100 0.14331200
v -0.00815200 0.02717600 0.13206700
v -0.01783100 0.02201400 0.13173200
v -0.02691300 0.00845100 0.13603000
v -0.02799300 0.00304700 0.13622200
v -0.02938900 0.00299000 0.13571400
v -0.02856700 -0.00834200 0.13548100
v -0.02969700 -0.00260600 0.13561400
v -0.02799900 -0.00246500 0.13620000
v -0.02692900 -0.00787100 0.13609700
v -0.02634000 -0.01374600 0.13531400
v -0.02482400 -0.01296500 0.13593000
v -0.02310000 -0.01861300 0.13514600
v -0.02176700 -0.01755100 0.13576200
v -0.01897500 -0.02275300 0.13497900
v -0.01411900 -0.02601000 0.13480900
v -0.01329400 -0.02451800 0.13542700
v -0.00872400 -0.02825600 0.13464200
v -0.00820400 -0.02663200 0.13525800
v -0.00299100 -0.02940600 0.13447400
v 0.00285300 -0.02941700 0.13430700
v 0.00271200 -0.02771800 0.13492300
v 0.00858900 -0.02828700 0.13413900
v 0.00811800 -0.02664800 0.13475500
v 0.01399300 -0.02605900 0.13397000
v 0.01321300 -0.02454400 0.13458600
v 0.01886000 -0.02282000 0.13380200
v 0.02300000 -0.01869400 0.13363500
v 0.02625700 -0.01383900 0.13346700
v 0.02850300 -0.00844300 0.13329900
v 0.02688000 -0.00792300 0.13391500
v 0.02965400 -0.00271100 0.13313000
v 0.02853400 0.00887000 0.13279500
v 0.02966400 0.00313300 0.13296200
v 0.02796500 0.00299300 0.13357900
v 0.02630700 0.01427300 0.13262700
v 0.02479100 0.01349300 0.13324300
v 0.02306700 0.01914100 0.13246000
v 0.01894200 0.02328000 0.13229000
v 0.01784000 0.02198000 0.13290700
v 0.01408600 0.02653700 0.13212300
v 0.01326100 0.02504600 0.13273900
v 0.00869100 0.02878300 0.13195500
v 0.00817000 0.02716000 0.13257100
v 0.00295800 0.02993400 0.13178800
v 0.00276600 0.02824000 0.13240400
v -0.00288600 0.02994500 0.13161900
v -0.00862300 0.02881400 0.13145100
v -0.01402600 0.02658700 0.13128300
v -0.01324600 0.02507200 0.13189900
v -0.01889300 0.02334800 0.13111600
v -0.02173200 0.01812000 0.13136300
v -0.02268400 0.01912000 0.13084000
v -0.02270400 0.01908000 0.12960200
v -0.01893000 0.02331700 0.12968200
v -0.01783100 0.02201400 0.12906600
v -0.01406800 0.02656500 0.12985000
v -0.01324600 0.02507200 0.12923400
v -0.00866800 0.02880000 0.13001700
v -0.00815200 0.02717600 0.12940100
v -0.00293400 0.02994000 0.13018500
v -0.00274500 0.02824600 0.12956900
v 0.00291100 0.02993900 0.13035400
v 0.00276600 0.02824000 0.12973600
v 0.00864500 0.02879800 0.13052200
v 0.00817000 0.02716000 0.12990600
v 0.01404400 0.02656000 0.13068900
v 0.01326100 0.02504600 0.13007300
v 0.01890500 0.02331100 0.13085700
v 0.01784000 0.02198000 0.13024100
v 0.02303700 0.01917800 0.13102500
v 0.02173400 0.01807800 0.13040900
v 0.02628400 0.01431600 0.13119400
v 0.02479100 0.01349300 0.13057800
v 0.02852000 0.00891600 0.13136100
v 0.02689500 0.00839900 0.13074500
v 0.02966000 0.00318100 0.13152900
v 0.02796500 0.00299300 0.13091300
v 0.02851700 -0.00839700 0.13186400
v 0.02965900 -0.00266300 0.13169700
v 0.02796000 -0.00251900 0.13108100
v 0.02688000 -0.00792300 0.13124800
v 0.02628000 -0.01379700 0.13203300
v 0.02476500 -0.01301400 0.13141700
v 0.02303000 -0.01865800 0.13220100
v 0.02169900 -0.01759300 0.13158500
v 0.01889700 -0.02279000 0.13236900
v 0.01779800 -0.02148700 0.13175300
v 0.01403500 -0.02603700 0.13253600
v 0.01321300 -0.02454400 0.13192000
v 0.00863500 -0.02827300 0.13270500
v 0.00811800 -0.02664800 0.13208800
v 0.00290100 -0.02941200 0.13287300
v 0.00271200 -0.02771800 0.13225700
v -0.00294400 -0.02941100 0.13304100
v -0.00280000 -0.02771300 0.13242500
v -0.00867800 -0.02827000 0.13320800
v -0.00820400 -0.02663200 0.13259200
v -0.01407700 -0.02603200 0.13337600
v -0.01329400 -0.02451800 0.13276000
v -0.01893800 -0.02278300 0.13354500
v -0.01787300 -0.02145200 0.13292700
v -0.02307000 -0.01865000 0.13371300
v -0.02176700 -0.01755100 0.13309700
v -0.02631700 -0.01378800 0.13388000
v -0.02482400 -0.01296500 0.13326400
v -0.02855300 -0.00838800 0.13404800
v -0.02692900 -0.00787100 0.13343200
v -0.02799900 -0.00246500 0.13366600
v -0.02969300 -0.00265300 0.13425200
v -0.02799300 0.00304700 0.13399700
v -0.02940200 0.00294900 0.13450800
v 0.02800600 -0.00252800 0.12596700
v -0.02803600 0.00313300 0.12597400
v -0.02707200 0.00295500 0.14435000
v -0.02602700 0.00818100 0.14435000
v -0.02398200 0.01310400 0.14435000
v -0.02101700 0.01753200 0.14435000
v -0.01724400 0.02129800 0.14435000
v -0.01281000 0.02425400 0.14435000
v -0.00788400 0.02629000 0.14435000
v -0.00265600 0.02732400 0.14435000
v 0.00267500 0.02731900 0.14435000
v 0.00790100 0.02627400 0.14435000
v 0.01282400 0.02423000 0.14435000
v 0.01725200 0.02126500 0.14435000
v 0.02101700 0.01749200 0.14435000
v 0.02397400 0.01305800 0.14435000
v 0.02600900 0.00813100 0.14435000
v 0.02704400 0.00290300 0.14435000
v 0.02703900 -0.00242800 0.14435000
v 0.02599400 -0.00765400 0.14435000
v 0.02394900 -0.01257600 0.14435000
v 0.02098400 -0.01700500 0.14435000
v 0.01721100 -0.02077000 0.14435000
v 0.01277700 -0.02372700 0.14435000
v 0.00785000 -0.02576200 0.14435000
v 0.00262200 -0.02679700 0.14435000
v -0.00270800 -0.02679100 0.14435000
v -0.00793400 -0.02574600 0.14435000
v -0.01285700 -0.02370200 0.14435000
v -0.01728500 -0.02073700 0.14435000
v -0.02105100 -0.01696400 0.14435000
v -0.02400700 -0.01253000 0.14435000
v -0.02604200 -0.00760300 0.14435000
v -0.02707700 -0.00237500 0.14435000
v 0.01562100 -0.00052400 0.14433200
v -0.01569800 0.00062000 0.14432900
v -0.01445600 -0.00570100 0.14432100
v -0.01024100 -0.01163600 0.14433400
v -0.00607700 -0.01432700 0.14434500
v -0.00083000 -0.01538000 0.14433200
v 0.00594800 -0.01417600 0.14432100
v 0.01191300 -0.00994000 0.14432900
v 0.01448800 -0.00605500 0.14434400
v 0.01442300 0.00622800 0.14432100
v 0.01090600 0.01141200 0.14432400
v 0.00595800 0.01464900 0.14432600
v -0.00081100 0.01593500 0.14431800
v -0.00752800 0.01396500 0.14433200
v -0.01225900 0.00989500 0.14431400
v -0.01509300 0.00434600 0.14431000
v -0.00404600 0.02075300 0.14466900
v -0.00225300 0.01749500 0.14465600
v -0.01242300 -0.01173600 0.14465700
v -0.01165400 -0.01707200 0.14467000
v -0.01592600 -0.00640300 0.14466300
v -0.01733400 -0.01127800 0.14466900
v 0.01724400 0.00056600 0.14465800
v 0.02082600 0.00230200 0.14467100
v 0.01605300 -0.00606500 0.14466200
v 0.01937700 -0.00735800 0.14467000
v 0.01519800 0.00866600 0.14465900
v 0.01754400 0.01148400 0.14467000
v 0.01225900 -0.01193600 0.14465900
v 0.01601200 -0.01291600 0.14466900
v 0.01161700 0.01760400 0.14466900
v 0.00656500 -0.01567900 0.14466200
v 0.01151500 -0.01705500 0.14467000
v 0.00795800 0.01577400 0.14466100
v 0.00406600 0.02066800 0.14467000
v 0.00028300 -0.01699900 0.14465900
v 0.00404200 -0.02022100 0.14467000
v -0.00409900 -0.02014000 0.14467000
v -0.00663700 -0.01572400 0.14466200
v -0.01157000 0.01756800 0.14467000
v -0.00976200 0.01452600 0.14466500
v -0.01735200 0.01190100 0.14467000
v -0.01433600 0.00997100 0.14466600
v -0.01738900 0.00183000 0.14466400
v -0.02042000 0.00434600 0.14467000
v -0.02050000 -0.00379300 0.14467000
v -0.01182700 0.00809500 0.14465700
v -0.00790500 0.01206700 0.14465300
v -0.00119300 0.01439200 0.14466500
v 0.00623000 0.01304200 0.14466100
v 0.01163200 0.00811000 0.14466100
v 0.01415200 0.00123200 0.14466600
v 0.01299700 -0.00504000 0.14466200
v 0.00980200 -0.00968900 0.14468500
v 0.00539500 -0.01285400 0.14465700
v 0.00001200 -0.01389400 0.14465900
v -0.00532000 -0.01275000 0.14466300
v -0.01000700 -0.00976300 0.14466000
v -0.01313100 -0.00514400 0.14465800
v -0.01415300 0.00179600 0.14465500
v 0.01070900 0.00508700 0.14466700
v 0.00801400 -0.00165800 0.14455200
v 0.00799800 0.00177900 0.14456600
v 0.00680100 0.00490300 0.14454200
v 0.00191000 0.01154600 0.14466900
v 0.00476600 0.00715300 0.14449400
v -0.00663200 0.00960300 0.14466900
v 0.00039800 0.00885400 0.14448700
v -0.00456700 0.00714000 0.14453900
v -0.01150100 0.00140600 0.14466800
v -0.00683200 0.00479000 0.14456500
v -0.00705000 -0.00932900 0.14466700
v -0.00788800 -0.00299000 0.14450000
v -0.00468900 -0.00671400 0.14449500
v -0.00065900 -0.00817100 0.14449300
v 0.00396700 -0.00717200 0.14449300
v 0.00999800 -0.00510200 0.14466900
v 0.00687300 -0.00451800 0.14449400
v -0.00034500 -0.00769300 0.14466600
v 0.00492600 -0.00577100 0.14466900
v 0.00298800 0.00749700 0.14466900
v -0.00151800 0.00784800 0.14466900
v -0.02309600 0.00487200 0.14395000
v -0.02314700 -0.00430900 0.14392900
v 0.02335000 0.00240900 0.14393800
v -0.01959500 -0.01279600 0.14395000
v -0.01316300 -0.01931000 0.14392800
v -0.00462500 -0.02281500 0.14395000
v 0.00212900 -0.02310300 0.14393800
v 0.00891000 -0.02149600 0.14394100
v 0.01632200 -0.01670000 0.14393900
v 0.02072900 -0.01070000 0.14393800
v 0.02305200 -0.00440600 0.14395000
v 0.02169900 0.00929600 0.14394100
v 0.01669100 0.01691500 0.14393300
v 0.01081100 0.02106800 0.14394000
v 0.00459200 0.02334300 0.14395000
v -0.00216200 0.02363100 0.14393800
v -0.00900200 0.02199800 0.14394200
v -0.01666800 0.01697200 0.14393300
v -0.02082100 0.01109100 0.14394000
v -0.02395400 0.01019600 0.14454900
v -0.01828500 0.01853000 0.14454900
v -0.00992800 0.02421000 0.14454900
v -0.00001100 0.02609700 0.14454900
v 0.00983500 0.02422000 0.14454600
v 0.01817000 0.01863400 0.14455300
v 0.02393200 0.01017400 0.14454900
v 0.02584000 -0.00005700 0.14454500
v 0.02386500 -0.00966700 0.14455700
v 0.01848900 -0.01779700 0.14454600
v 0.00985800 -0.02369900 0.14454900
v -0.00002200 -0.02557000 0.14454900
v -0.00986800 -0.02369200 0.14454600
v -0.01820300 -0.01810700 0.14455300
v -0.02397800 -0.00961500 0.14454900
v -0.02585000 0.00026900 0.14454900
vn 0.8027 -0.3535 0.4804
vn 0.9108 -0.4124 -0.0176
vn 0.7651 -0.3865 -0.5151
vn 0.9119 -0.2302 -0.3399
vn 0.8045 -0.3369 0.4892
vn 0.8136 -0.3272 -0.4806
vn 0.6117 -0.3405 -0.7140
vn 0.6540 -0.5094 0.5593
vn 0.7760 -0.3960 0.4910
vn -0.8642 0.4642 -0.1941
vn -0.9561 0.2918 0.0285
vn -0.8779 0.4703 0.0905
vn -0.7572 0.6228 -0.1968
vn -0.7720 0.6349 0.0293
vn -0.6238 0.7566 -0.1962
vn -0.6255 0.7749 0.0906
vn -0.4625 0.8657 -0.1918
vn -0.4708 0.8776 0.0898
vn -0.2897 0.9566 0.0315
vn -0.0964 0.9949 0.0300
vn -0.2807 0.9399 -0.1943
vn 0.0964 0.9916 0.0862
vn -0.0915 0.9763 -0.1963
vn 0.2909 0.9562 0.0317
vn 0.0987 0.9759 -0.1948
vn 0.4616 0.8653 -0.1955
vn 0.2892 0.9364 -0.1987
vn 0.4723 0.8808 0.0331
vn 0.6210 0.7586 -0.1974
vn 0.6354 0.7716 0.0305
vn 0.7595 0.6216 -0.1918
vn 0.7718 0.6290 0.0933
vn 0.8824 0.4697 0.0282
vn 0.9764 0.0945 -0.1942
vn 0.9390 0.2841 -0.1937
vn 0.9948 0.0969 0.0308
vn 0.9535 0.2858 0.0956
vn 0.9386 -0.2855 -0.1935
vn 0.9946 -0.0995 0.0308
vn 0.9516 -0.2922 0.0956
vn 0.8808 -0.4727 0.0286
vn 0.6328 -0.7738 0.0287
vn 0.7585 -0.6221 -0.1942
vn 0.7673 -0.6341 0.0955
vn 0.4603 -0.8667 -0.1920
vn 0.4664 -0.8794 0.0956
vn 0.2827 -0.9401 -0.1906
vn 0.2891 -0.9568 0.0309
vn 0.0972 -0.9948 0.0296
vn -0.1008 -0.9916 0.0813
vn 0.0922 -0.9762 -0.1965
vn -0.4623 -0.8649 -0.1953
vn -0.2853 -0.9391 -0.1917
vn -0.4687 -0.8796 0.0815
vn -0.6229 -0.7582 -0.1928
vn -0.6350 -0.7719 0.0297
vn -0.7734 -0.6332 0.0310
vn -0.8652 -0.4625 -0.1940
vn -0.7596 -0.6202 -0.1959
vn -0.8788 -0.4686 0.0906
vn -0.9566 -0.2898 0.0316
vn -0.9948 -0.0969 0.0299
vn -0.9401 -0.2790 -0.1957
vn -0.9451 -0.2844 0.1610
vn -0.8572 -0.0836 0.5081
vn -0.9821 -0.0972 0.1613
vn -0.7641 -0.4075 0.5001
vn -0.7627 -0.6264 0.1610
vn -0.6280 -0.7613 0.1613
vn -0.6663 -0.5457 0.5081
vn -0.4085 -0.7648 0.4982
vn -0.2898 -0.9521 0.0976
vn -0.0869 -0.8627 0.4982
vn 0.0972 -0.9821 0.1613
vn 0.2855 -0.9444 0.1628
vn 0.0836 -0.8572 0.5081
vn 0.2512 -0.8246 0.5069
vn 0.6262 -0.7622 0.1643
vn 0.4062 -0.7642 0.5009
vn 0.5476 -0.6657 0.5069
vn 0.6772 -0.2026 -0.7073
vn 0.9460 -0.3179 -0.0628
vn 0.8720 -0.4895 -0.0021
vn 0.8702 -0.4645 0.1643
vn 0.6678 -0.5506 0.5009
vn 0.7607 -0.4055 0.5069
vn 0.9823 -0.0963 0.1609
vn 0.8276 -0.2531 0.5009
vn 0.8578 0.0855 0.5069
vn 0.9820 0.0958 0.1628
vn 0.8696 0.4655 0.1645
vn 0.8288 0.2493 0.5009
vn 0.7597 0.4074 0.5068
vn 0.6257 0.7632 0.1610
vn 0.6705 0.5476 0.5005
vn 0.4662 0.8702 0.1594
vn 0.5470 0.6652 0.5081
vn 0.2884 0.9439 0.1610
vn 0.4067 0.7592 0.5081
vn 0.0860 0.8621 0.4995
vn -0.0975 0.9821 0.1613
vn -0.2844 0.9451 0.1610
vn -0.0836 0.8572 0.5081
vn -0.4088 0.7639 0.4993
vn -0.7621 0.6267 0.1625
vn -0.5480 0.6704 0.5003
vn 0.9466 -0.3195 0.0422
vn 0.7874 -0.3800 -0.4854
vn -0.7633 0.4090 0.5001
vn -0.9439 0.2874 0.1628
vn -0.8625 0.0858 0.4988
vn -0.9918 0.0982 0.0817
vn -0.2823 -0.0267 -0.9590
vn 0.6551 0.1945 -0.7300
vn -0.2748 -0.0834 -0.9579
vn 0.6063 0.3207 -0.7277
vn -0.2520 -0.1344 -0.9583
vn -0.2224 -0.1818 -0.9579
vn 0.5287 0.4324 -0.7304
vn -0.1802 -0.2191 -0.9589
vn 0.4394 0.5343 -0.7221
vn 0.3247 0.6014 -0.7300
vn -0.1358 -0.2534 -0.9578
vn 0.2009 0.6535 -0.7298
vn -0.0837 -0.2750 -0.9578
vn 0.0701 0.6789 -0.7309
vn -0.0275 -0.2853 -0.9580
vn -0.0667 0.6870 -0.7236
vn 0.0271 -0.2813 -0.9592
vn -0.1956 0.6582 -0.7270
vn 0.0821 -0.2717 -0.9589
vn 0.1330 -0.2487 -0.9594
vn -0.3222 0.6090 -0.7248
vn 0.1819 -0.2215 -0.9580
vn -0.5296 0.4373 -0.7268
vn -0.4516 0.5410 -0.7095
vn 0.8304 -0.2791 0.4823
vn 0.2201 -0.1816 -0.9584
vn -0.6002 0.3247 -0.7310
vn 0.2534 -0.1358 -0.9578
vn -0.6516 0.2007 -0.7315
vn 0.2746 -0.0829 -0.9580
vn -0.6844 0.0686 -0.7259
vn 0.2823 -0.0281 -0.9589
vn 0.2811 0.0267 -0.9593
vn -0.6532 -0.1939 -0.7319
vn 0.2748 0.0834 -0.9579
vn -0.6023 -0.3203 -0.7312
vn 0.2523 0.1345 -0.9582
vn -0.5346 -0.4391 -0.7220
vn 0.2187 0.1789 -0.9592
vn 0.1817 0.2217 -0.9580
vn -0.4353 -0.5241 -0.7321
vn -0.3249 -0.6029 -0.7286
vn 0.1351 0.2509 -0.9585
vn -0.2012 -0.6492 -0.7336
vn 0.0828 0.2744 -0.9580
vn -0.0635 -0.6994 -0.7119
vn 0.0282 0.2865 -0.9577
vn 0.0627 -0.6782 -0.7322
vn -0.0278 0.2852 -0.9581
vn -0.0831 0.2744 -0.9580
vn 0.3184 -0.6027 -0.7317
vn -0.1344 0.2521 -0.9583
vn -0.1819 0.2227 -0.9578
vn 0.4314 -0.5223 -0.7356
vn -0.2223 0.1833 -0.9576
vn 0.5371 -0.4214 -0.7307
vn -0.2557 0.1370 -0.9570
vn -0.2708 0.0810 -0.9592
vn 0.6853 -0.0712 -0.7248
vn -0.2812 0.0280 -0.9592
vn 0.1333 0.1655 -0.9772
vn 0.1822 0.1030 -0.9779
vn 0.0428 0.2138 -0.9759
vn -0.9763 -0.0915 -0.1961
vn 0.8571 -0.0853 0.5081
vn -0.1029 0.1822 -0.9779
vn -0.1870 0.1238 -0.9745
vn -0.0424 0.1845 -0.9819
vn 0.1657 -0.1334 -0.9771
vn 0.1845 0.0424 -0.9819
vn 0.2141 -0.0428 -0.9759
vn 0.6864 0.0657 -0.7243
vn -0.1131 0.1059 -0.9879
vn -0.1237 0.0516 -0.9910
vn -0.0936 0.1278 -0.9874
vn -0.0258 0.1483 -0.9886
vn 0.0340 0.1716 -0.9846
vn 0.0766 0.1328 -0.9882
vn 0.1275 0.0937 -0.9874
vn 0.1483 0.0258 -0.9886
vn 0.1328 -0.0766 -0.9882
vn 0.1716 -0.0340 -0.9846
vn 0.0940 -0.1275 -0.9874
vn 0.0301 -0.1513 -0.9880
vn 0.1032 -0.1812 -0.9780
vn -0.0452 -0.2205 -0.9743
vn -0.0053 -0.1546 -0.9880
vn -0.0512 -0.1237 -0.9910
vn -0.1075 -0.1149 -0.9875
vn -0.1245 -0.1877 -0.9743
vn -0.1279 -0.0935 -0.9874
vn -0.1509 -0.0304 -0.9881
vn -0.1818 -0.1033 -0.9779
vn 0.3648 -0.1954 -0.9103
vn 0.3959 -0.1205 -0.9104
vn 0.2615 -0.3198 -0.9107
vn 0.3197 -0.2629 -0.9103
vn 0.1943 -0.3642 -0.9109
vn 0.1194 -0.3951 -0.9108
vn 0.0404 -0.4111 -0.9107
vn -0.0410 -0.4118 -0.9104
vn -0.1953 -0.3642 -0.9106
vn -0.1205 -0.3959 -0.9104
vn -0.3194 -0.2615 -0.9108
vn -0.2624 -0.3191 -0.9107
vn -0.3642 -0.1943 -0.9109
vn -0.3951 -0.1194 -0.9108
vn -0.4111 -0.0404 -0.9107
vn -0.3959 0.1205 -0.9104
vn -0.4118 0.0410 -0.9103
vn -0.3642 0.1953 -0.9106
vn -0.2615 0.3194 -0.9108
vn -0.3191 0.2624 -0.9107
vn -0.1942 0.3642 -0.9109
vn -0.1192 0.3948 -0.9110
vn -0.0405 0.4108 -0.9108
vn 0.0410 0.4118 -0.9103
vn 0.1205 0.3959 -0.9104
vn 0.1954 0.3648 -0.9104
vn 0.3198 0.2616 -0.9106
vn 0.2629 0.3197 -0.9103
vn 0.3951 0.1193 -0.9109
vn 0.3643 0.1943 -0.9108
vn 0.4110 0.0405 -0.9107
vn 0.4118 -0.0410 -0.9103
vn 0.7260 -0.3889 -0.5672
vn 0.7910 -0.2457 -0.5603
vn 0.6361 -0.5231 -0.5672
vn 0.5219 -0.6372 -0.5672
vn 0.3875 -0.7267 -0.5672
vn 0.2383 -0.7884 -0.5672
vn 0.0799 -0.8197 -0.5672
vn -0.0815 -0.8196 -0.5672
vn -0.2398 -0.7879 -0.5672
vn -0.3889 -0.7260 -0.5672
vn -0.5231 -0.6361 -0.5672
vn -0.6372 -0.5219 -0.5672
vn -0.7267 -0.3875 -0.5671
vn -0.7884 -0.2383 -0.5672
vn -0.8197 -0.0799 -0.5672
vn -0.7879 0.2398 -0.5672
vn -0.8196 0.0815 -0.5671
vn -0.7260 0.3890 -0.5672
vn -0.6361 0.5231 -0.5672
vn -0.5219 0.6372 -0.5672
vn -0.3875 0.7267 -0.5671
vn -0.2383 0.7884 -0.5672
vn -0.0799 0.8197 -0.5672
vn 0.0815 0.8196 -0.5672
vn 0.2398 0.7879 -0.5672
vn 0.3890 0.7260 -0.5672
vn 0.5231 0.6361 -0.5672
vn 0.6372 0.5219 -0.5672
vn 0.7267 0.3875 -0.5671
vn 0.7884 0.2383 -0.5672
vn 0.8197 0.0799 -0.5672
vn 0.8196 -0.0815 -0.5672
vn 0.8610 -0.4579 -0.2211
vn 0.9360 -0.2746 -0.2200
vn 0.7530 -0.6192 -0.2225
vn 0.6178 -0.7542 -0.2225
vn 0.4587 -0.8603 -0.2225
vn 0.2821 -0.9332 -0.2225
vn 0.0946 -0.9703 -0.2225
vn -0.0965 -0.9701 -0.2225
vn -0.2839 -0.9327 -0.2225
vn -0.4604 -0.8594 -0.2225
vn -0.6192 -0.7530 -0.2225
vn -0.7542 -0.6178 -0.2225
vn -0.8603 -0.4587 -0.2225
vn -0.9332 -0.2821 -0.2225
vn -0.9703 -0.0946 -0.2225
vn -0.9327 0.2839 -0.2225
vn -0.9701 0.0965 -0.2225
vn -0.8594 0.4604 -0.2225
vn -0.7530 0.6192 -0.2225
vn -0.6178 0.7542 -0.2225
vn -0.4587 0.8603 -0.2225
vn -0.2821 0.9332 -0.2225
vn -0.0946 0.9703 -0.2225
vn 0.0965 0.9701 -0.2225
vn 0.2839 0.9327 -0.2225
vn 0.4604 0.8594 -0.2225
vn 0.6192 0.7530 -0.2225
vn 0.7542 0.6178 -0.2225
vn 0.8603 0.4587 -0.2225
vn 0.9332 0.2821 -0.2225
vn 0.9703 0.0946 -0.2225
vn 0.9701 -0.0949 -0.2233
vn -0.2173 0.0444 -0.9751
vn -0.1569 0.0054 -0.9876
vn 0.5645 -0.0561 0.8235
vn -0.5645 0.0561 0.8235
vn -0.8240 0.2508 0.5081
vn -0.5427 0.1652 0.8235
vn -0.5000 0.2679 0.8235
vn -0.6652 0.5470 0.5081
vn -0.4382 0.3603 0.8235
vn -0.2669 0.5005 0.8235
vn -0.1641 0.5430 0.8235
vn -0.2492 0.8244 0.5081
vn -0.0551 0.5646 0.8235
vn 0.0561 0.5645 0.8235
vn 0.2508 0.8240 0.5081
vn 0.1652 0.5427 0.8235
vn 0.2679 0.5000 0.8235
vn 0.3603 0.4382 0.8235
vn 0.4389 0.3594 0.8235
vn 0.5005 0.2669 0.8235
vn 0.5430 0.1641 0.8235
vn 0.5646 0.0551 0.8235
vn 0.5427 -0.1652 0.8235
vn 0.5000 -0.2679 0.8235
vn 0.4382 -0.3603 0.8235
vn 0.3594 -0.4389 0.8235
vn 0.2669 -0.5005 0.8235
vn 0.1641 -0.5430 0.8235
vn 0.0551 -0.5646 0.8235
vn -0.0562 -0.5645 0.8235
vn -0.2519 -0.8276 0.5015
vn -0.1652 -0.5427 0.8235
vn -0.2679 -0.5000 0.8235
vn -0.5470 -0.6652 0.5081
vn -0.3603 -0.4382 0.8235
vn -0.5005 -0.2669 0.8235
vn -0.7460 -0.2277 -0.6258
vn -0.6877 -0.3660 -0.6270
vn -0.6029 -0.4959 -0.6250
vn -0.4960 -0.6034 -0.6244
vn -0.3693 -0.6861 -0.6268
vn -0.2267 -0.7451 -0.6272
vn -0.0774 -0.7766 -0.6252
vn -0.0963 -0.9764 -0.1933
vn 0.0771 -0.7754 -0.6267
vn 0.2263 -0.7495 -0.6222
vn 0.3677 -0.6877 -0.6260
vn 0.6208 -0.7584 -0.1985
vn 0.4936 -0.6022 -0.6274
vn 0.6009 -0.4951 -0.6275
vn 0.6868 -0.3680 -0.6268
vn 0.8640 -0.4624 -0.1991
vn 0.7450 -0.2270 -0.6272
vn 0.7754 -0.0772 -0.6268
vn 0.9754 -0.0958 -0.1986
vn 0.7457 0.2251 -0.6270
vn 0.6886 0.3675 -0.6251
vn 0.8647 0.4623 -0.1964
vn 0.6041 0.4950 -0.6245
vn 0.4961 0.6009 -0.6267
vn 0.3697 0.6874 -0.6252
vn 0.2245 0.7451 -0.6280
vn 0.0758 0.7752 -0.6271
vn -0.0769 0.7752 -0.6271
vn -0.2272 0.7469 -0.6250
vn -0.3672 0.6879 -0.6260
vn -0.4914 0.6034 -0.6280
vn -0.6024 0.4953 -0.6260
vn -0.6870 0.3674 -0.6270
vn -0.7451 0.2295 -0.6262
vn -0.9399 0.2804 -0.1948
vn -0.7753 0.0770 -0.6269
vn -0.9760 0.0957 -0.1955
vn 0.4973 0.6344 -0.5918
vn 0.0614 0.8038 -0.5918
vn -0.5251 0.6116 -0.5918
vn -0.6344 0.4975 -0.5917
vn -0.7192 0.3640 -0.5918
vn -0.8037 0.0610 -0.5919
vn -0.8002 -0.0969 -0.5918
vn -0.7661 -0.2509 -0.5917
vn -0.6117 -0.5250 -0.5918
vn 0.0969 -0.8005 -0.5915
vn -0.8244 -0.2492 0.5081
vn 0.2509 -0.7661 -0.5917
vn 0.5364 -0.6072 -0.5861
vn 0.8143 -0.0993 -0.5719
vn 0.8696 -0.3610 -0.3369
vn 0.7893 0.2509 -0.5604
vn 0.7999 0.0851 -0.5940
vn 0.7667 0.2484 -0.5920
vn 0.7257 0.4026 -0.5578
vn 0.7023 0.3957 -0.5918
vn 0.6332 0.5365 -0.5578
vn 0.6116 0.5251 -0.5918
vn 0.5163 0.6497 -0.5579
vn 0.3798 0.7382 -0.5575
vn 0.3642 0.7194 -0.5915
vn 0.2284 0.7979 -0.5578
vn 0.2170 0.7765 -0.5916
vn 0.0684 0.8271 -0.5578
vn -0.0943 0.8246 -0.5578
vn -0.0969 0.8002 -0.5918
vn -0.2534 0.7903 -0.5578
vn -0.2512 0.7659 -0.5918
vn -0.4027 0.7257 -0.5578
vn -0.3956 0.7024 -0.5917
vn -0.5365 0.6332 -0.5578
vn -0.6497 0.5164 -0.5578
vn -0.7380 0.3797 -0.5578
vn -0.7979 0.2284 -0.5579
vn -0.7764 0.2167 -0.5918
vn -0.8272 0.0683 -0.5578
vn -0.7904 -0.2533 -0.5578
vn -0.7257 -0.4026 -0.5578
vn -0.7026 -0.3955 -0.5915
vn -0.6332 -0.5365 -0.5579
vn -0.5164 -0.6498 -0.5578
vn -0.4973 -0.6344 -0.5919
vn -0.3797 -0.7380 -0.5578
vn -0.3645 -0.7192 -0.5915
vn -0.2285 -0.7979 -0.5578
vn -0.2168 -0.7764 -0.5918
vn -0.5430 -0.1641 0.8235
vn -0.5646 -0.0551 0.8235
vn -0.0683 -0.8271 -0.5579
vn -0.0611 -0.8038 -0.5918
vn 0.0943 -0.8248 -0.5575
vn 0.2534 -0.7903 -0.5578
vn 0.4026 -0.7257 -0.5578
vn 0.3957 -0.7022 -0.5918
vn 0.5587 -0.6175 -0.5537
vn 0.7101 -0.4615 -0.5318
vn 0.6702 -0.4814 -0.5649
vn 0.6929 -0.4764 0.5413
vn 0.5111 -0.6359 0.5783
vn 0.5378 -0.6346 0.5550
vn 0.3783 -0.7387 0.5578
vn 0.3660 -0.7244 0.5842
vn 0.2269 -0.7983 0.5578
vn 0.2171 -0.7819 0.5844
vn 0.0667 -0.8273 0.5578
vn 0.0598 -0.8086 0.5853
vn -0.0959 -0.8246 0.5575
vn -0.0985 -0.8035 0.5871
vn -0.2549 -0.7899 0.5578
vn -0.2535 -0.7698 0.5858
vn -0.4041 -0.7250 0.5578
vn -0.3985 -0.7055 0.5861
vn -0.5377 -0.6322 0.5578
vn -0.5291 -0.6136 0.5861
vn -0.6508 -0.5151 0.5578
vn -0.6375 -0.4977 0.5881
vn -0.7388 -0.3782 0.5578
vn -0.7230 -0.3652 0.5864
vn -0.7983 -0.2269 0.5578
vn -0.7806 -0.2157 0.5866
vn -0.8273 -0.0668 0.5578
vn -0.8066 -0.0607 0.5880
vn -0.7898 0.2549 0.5578
vn -0.8027 0.0985 0.5882
vn -0.7689 0.2531 0.5871
vn -0.7250 0.4041 0.5578
vn -0.7041 0.3989 0.5874
vn -0.6322 0.5377 0.5578
vn -0.6124 0.5277 0.5886
vn -0.5152 0.6507 0.5578
vn -0.4978 0.6368 0.5888
vn -0.3782 0.7388 0.5578
vn -0.3638 0.7220 0.5885
vn -0.2270 0.7985 0.5575
vn -0.2161 0.7793 0.5882
vn -0.0667 0.8273 0.5578
vn -0.0601 0.8060 0.5888
vn 0.0959 0.8244 0.5578
vn 0.0983 0.8028 0.5881
vn 0.2549 0.7899 0.5578
vn 0.2535 0.7682 0.5879
vn 0.4041 0.7249 0.5578
vn 0.3986 0.7037 0.5882
vn 0.5379 0.6324 0.5575
vn 0.5277 0.6121 0.5889
vn 0.6508 0.5151 0.5578
vn 0.6370 0.4977 0.5887
vn 0.7387 0.3783 0.5578
vn 0.7220 0.3639 0.5885
vn 0.7974 0.2242 0.5603
vn 0.7824 0.2126 0.5854
vn 0.8064 0.0471 0.5895
vn 0.8296 0.0404 0.5568
vn 0.8131 -0.1334 0.5666
vn 0.8258 -0.1719 0.5371
vn 0.8235 -0.1484 -0.5476
vn 0.8268 0.0676 -0.5584
vn -0.7760 -0.0770 -0.6260
vn 0.7773 0.0758 -0.6245
vn -0.8246 -0.0943 -0.5578
vn -0.8244 0.0959 0.5578
vn -0.6880 -0.0661 -0.7227
vn -0.3082 0.0338 0.9507
vn -0.2734 0.1507 0.9500
vn -0.2416 0.1945 0.9507
vn -0.1940 0.2418 0.9507
vn -0.3595 0.4389 0.8235
vn -0.0867 0.2998 0.9500
vn 0.0339 0.3079 0.9508
vn 0.1497 0.2722 0.9505
vn 0.1954 0.2432 0.9501
vn 0.2425 0.1942 0.9505
vn 0.2998 0.0867 0.9500
vn 0.3095 -0.0341 0.9503
vn 0.2738 -0.1509 0.9499
vn 0.2428 -0.1954 0.9502
vn 0.1932 -0.2406 0.9512
vn 0.0868 -0.3001 0.9500
vn 0.0333 -0.3084 0.9507
vn -0.0339 -0.3079 0.9508
vn -0.1498 -0.2722 0.9505
vn -0.1954 -0.2433 0.9501
vn -0.4389 -0.3594 0.8235
vn -0.2424 -0.1942 0.9505
vn -0.3000 -0.0868 0.9500
vn -0.3084 -0.0333 0.9507
vn 0.1942 -0.6519 -0.7330
vn 0.3070 0.0330 0.9512
vn -0.0300 0.0011 0.9996
vn 0.0162 0.0077 0.9998
vn -0.2736 -0.1502 0.9500
vn 0.0183 0.0169 0.9997
vn -0.0872 -0.2989 0.9503
vn 0.0069 0.0192 0.9998
vn -0.0101 0.0216 0.9997
vn 0.1501 -0.2736 0.9501
vn -0.0246 0.0223 0.9994
vn -0.0254 0.0099 0.9996
vn 0.3000 -0.0874 0.9499
vn -0.0216 -0.0100 0.9997
vn 0.2738 0.1503 0.9500
vn -0.0235 -0.0248 0.9994
vn 0.0872 0.2989 0.9503
vn -0.0095 -0.0227 0.9997
vn -0.0333 0.3083 0.9507
vn -0.0006 -0.0323 0.9995
vn 0.0101 -0.0215 0.9997
vn -0.1503 0.2738 0.9500
vn 0.0263 -0.0260 0.9993
vn 0.0204 -0.0086 0.9998
vn -0.2998 0.0874 0.9500
vn 0.0206 0.0266 0.9994
vn 0.0459 0.1123 0.9926
vn 0.0033 0.0266 0.9996
vn -0.0273 0.0202 0.9994
vn -0.1172 0.0551 0.9916
vn -0.0275 0.0002 0.9996
vn 0.0847 0.0340 0.9958
vn -0.1186 -0.0792 0.9898
vn 0.0642 0.0568 0.9963
vn -0.0872 -0.0049 0.9962
vn 0.1504 0.0155 0.9885
vn -0.0701 -0.0410 0.9967
vn 0.1122 -0.0882 0.9898
vn -0.0894 0.0330 0.9955
vn -0.0582 0.0633 0.9963
vn 0.1307 0.0836 0.9879
vn -0.0357 -0.0690 0.9970
vn 0.0832 0.1258 0.9886
vn 0.0830 -0.1274 0.9884
vn -0.0355 0.0853 0.9957
vn 0.0129 -0.0822 0.9965
vn -0.0046 0.0872 0.9962
vn 0.0286 -0.1480 0.9886
vn 0.0498 -0.0700 0.9963
vn -0.1262 0.0834 0.9885
vn 0.0745 -0.0475 0.9961
vn 0.0853 -0.0063 0.9963
vn -0.1461 -0.0290 0.9888
vn 0.0256 0.0080 0.9996
vn 0.0387 -0.0149 0.9991
vn 0.0094 -0.0096 0.9999
vn 0.0126 -0.0286 0.9995
vn -0.0092 -0.0344 0.9994
vn -0.0001 -0.0128 0.9999
vn -0.0502 -0.0499 0.9975
vn -0.0395 -0.0065 0.9992
vn -0.0060 0.0149 0.9999
vn 0.0352 0.0863 0.9956
vn 0.0168 0.0028 0.9999
vn -0.1251 0.0161 0.9920
vn -0.1204 -0.0510 0.9914
vn 0.0522 -0.1264 0.9906
vn 0.1100 0.0744 0.9911
vn 0.1430 0.0185 0.9895
vn 0.0645 0.1248 0.9901
vn -0.0135 0.1296 0.9915
vn -0.0819 0.1102 0.9905
vn -0.1222 0.0728 0.9898
vn -0.0213 0.0064 0.9998
vn -0.0119 -0.0038 0.9999
vn -0.0086 -0.0024 1.0000
vn -0.0113 -0.0006 0.9999
vn 0.0080 0.0127 0.9999
vn 0.0278 0.0313 0.9991
vn -0.0044 -0.0229 0.9997
vn 0.0059 0.0353 0.9994
vn 0.0090 -0.0105 0.9999
vn -0.0099 0.0186 0.9998
vn 0.0135 -0.0078 0.9999
vn 0.0112 -0.0024 0.9999
vn 0.0056 -0.0031 1.0000
vn -0.0155 0.0005 0.9999
vn 0.0100 0.0143 0.9998
vn -0.0198 -0.0380 0.9991
vn -0.0164 -0.0630 0.9979
vn 0.0084 -0.1282 0.9917
vn 0.0741 -0.0898 0.9932
vn 0.0232 -0.0545 0.9982
vn 0.0347 -0.0209 0.9992
vn -0.2497 -0.2079 0.9457
vn 0.0097 -0.2090 0.9779
vn 0.1412 -0.1557 0.9777
vn 0.0921 0.2273 0.9695
vn -0.0665 0.2032 0.9769
vn 0.0432 -0.0074 0.9990
vn -0.1402 0.0281 0.9897
vn 0.0266 -0.0256 0.9993
vn -0.0850 0.1284 0.9881
vn -0.0284 0.1477 0.9886
vn 0.0098 -0.0213 0.9997
vn -0.0073 -0.0425 0.9991
vn 0.0280 0.1397 0.9898
vn -0.0266 -0.0267 0.9993
vn -0.0234 -0.0138 0.9996
vn 0.1363 -0.0525 0.9893
vn -0.0469 0.0123 0.9988
vn -0.0215 0.0160 0.9996
vn -0.0160 0.0249 0.9996
vn -0.0094 0.0212 0.9997
vn 0.0075 0.0426 0.9991
vn -0.0280 -0.1398 0.9898
vn -0.0827 -0.1232 0.9889
vn 0.0367 0.0260 0.9990
vn 0.0273 -0.0010 0.9996
vn 0.0150 -0.0293 0.9995
vn -0.0190 -0.0090 0.9998
vn -0.0149 0.0293 0.9995
vn 0.0006 0.0323 0.9995
vn 0.0273 0.0398 0.9988
vn 0.0474 0.0083 0.9988
vn -0.1873 -0.0371 -0.9816
vn 0.0371 -0.1874 -0.9816
vn -0.1008 -0.0843 0.9913
vn -0.0731 -0.1839 0.9802
vn 0.1858 -0.0731 0.9799
vn 0.0185 -0.0272 0.9995
vn -0.0280 -0.0193 0.9994
vt 0.069503 0.941247
vt 0.069524 0.942254
vt 0.069198 0.941263
vt 0.063541 0.927084
vt 0.063280 0.926354
vt 0.063585 0.926340
vt 0.061941 0.926506
vt 0.063135 0.924807
vt 0.063155 0.926514
vt 0.040257 0.978069
vt 0.043531 0.976022
vt 0.043928 0.978115
vt 0.040158 0.979927
vt 0.043387 0.980009
vt 0.034689 0.965259
vt 0.034597 0.963688
vt 0.037826 0.963609
vt 0.038375 0.965269
vt 0.034772 0.967164
vt 0.038443 0.967127
vt 0.038033 0.969224
vt 0.038058 0.971464
vt 0.034815 0.969274
vt 0.038470 0.973723
vt 0.034832 0.971492
vt 0.038034 0.975991
vt 0.034832 0.973757
vt 0.034753 0.978038
vt 0.034807 0.975991
vt 0.037986 0.978104
vt 0.034679 0.979929
vt 0.037917 0.980007
vt 0.034604 0.981550
vt 0.038311 0.981626
vt 0.043349 0.938553
vt 0.046651 0.940301
vt 0.042943 0.940347
vt 0.046481 0.934260
vt 0.046502 0.936454
vt 0.043255 0.934281
vt 0.042786 0.936464
vt 0.046467 0.929754
vt 0.043243 0.931999
vt 0.042751 0.929722
vt 0.043291 0.927581
vt 0.043427 0.923912
vt 0.046563 0.925670
vt 0.042845 0.925612
vt 0.061442 0.935660
vt 0.058310 0.937639
vt 0.057729 0.935683
vt 0.061399 0.933560
vt 0.058182 0.933588
vt 0.058157 0.931339
vt 0.057799 0.929059
vt 0.061396 0.931315
vt 0.061485 0.924794
vt 0.061401 0.926852
vt 0.057885 0.924729
vt 0.061552 0.922918
vt 0.058328 0.922854
vt 0.043470 0.965223
vt 0.040163 0.963653
vt 0.043387 0.963590
vt 0.040318 0.967156
vt 0.040237 0.965287
vt 0.043990 0.967149
vt 0.043569 0.969256
vt 0.043582 0.971501
vt 0.040351 0.969299
vt 0.044454 0.969285
vt 0.045344 0.971536
vt 0.044466 0.971514
vt 0.045294 0.967279
vt 0.044355 0.965282
vt 0.044272 0.963661
vt 0.045234 0.965413
vt 0.056485 0.924870
vt 0.057443 0.922911
vt 0.057654 0.926831
vt 0.056400 0.929088
vt 0.057273 0.931332
vt 0.057298 0.933564
vt 0.056397 0.931316
vt 0.056421 0.933509
vt 0.057426 0.937585
vt 0.056472 0.935584
vt 0.041659 0.924129
vt 0.042541 0.923978
vt 0.065068 0.927491
vt 0.061921 0.928374
vt 0.063638 0.927436
vt 0.064422 0.926518
vt 0.042406 0.927620
vt 0.041583 0.925790
vt 0.041527 0.927707
vt 0.042359 0.932005
vt 0.041492 0.929810
vt 0.041492 0.934240
vt 0.042371 0.934269
vt 0.042463 0.938509
vt 0.041527 0.936398
vt 0.041583 0.938406
vt 0.038803 0.979952
vt 0.039597 0.981404
vt 0.038871 0.978063
vt 0.039683 0.979824
vt 0.038918 0.975965
vt 0.039751 0.977968
vt 0.039821 0.973721
vt 0.038942 0.971473
vt 0.038917 0.969250
vt 0.039820 0.971493
vt 0.039749 0.967253
vt 0.038712 0.963676
vt 0.039681 0.965404
vt 0.063219 0.927383
vt 0.047211 0.947337
vt 0.047054 0.947996
vt 0.046995 0.947227
vt 0.044272 0.979957
vt 0.043742 0.981626
vt 0.045234 0.977993
vt 0.044416 0.976000
vt 0.045331 0.973764
vt 0.043931 0.973783
vt 0.069501 0.975512
vt 0.071475 0.976670
vt 0.070715 0.977329
vt 0.072869 0.978072
vt 0.072261 0.978875
vt 0.074078 0.980089
vt 0.074528 0.979190
vt 0.076098 0.980926
vt 0.076402 0.979958
vt 0.078313 0.980349
vt 0.078242 0.981352
vt 0.080302 0.980355
vt 0.080428 0.981352
vt 0.082253 0.979972
vt 0.082571 0.980926
vt 0.084110 0.979196
vt 0.084591 0.980089
vt 0.085733 0.978124
vt 0.086408 0.978875
vt 0.087954 0.977329
vt 0.087159 0.976704
vt 0.089168 0.975512
vt 0.089030 0.973221
vt 0.088274 0.975030
vt 0.090486 0.949188
vt 0.090546 0.948254
vt 0.090704 0.949377
vt 0.090005 0.973492
vt 0.089428 0.971278
vt 0.090431 0.971348
vt 0.089434 0.969289
vt 0.090431 0.969162
vt 0.089036 0.967314
vt 0.090005 0.967019
vt 0.089168 0.964999
vt 0.087195 0.963841
vt 0.087954 0.963182
vt 0.085790 0.962427
vt 0.086408 0.961636
vt 0.084103 0.961312
vt 0.084591 0.960422
vt 0.082571 0.959585
vt 0.082306 0.960555
vt 0.080370 0.960166
vt 0.080428 0.959159
vt 0.078368 0.960156
vt 0.078242 0.959159
vt 0.076396 0.960556
vt 0.076098 0.959585
vt 0.074582 0.961294
vt 0.074078 0.960422
vt 0.072261 0.961636
vt 0.071518 0.963790
vt 0.070715 0.963182
vt 0.069501 0.964999
vt 0.070385 0.965471
vt 0.068665 0.967019
vt 0.069621 0.967335
vt 0.069247 0.969265
vt 0.068238 0.969162
vt 0.068238 0.971348
vt 0.069253 0.971242
vt 0.069624 0.973170
vt 0.068665 0.973492
vt 0.031195 0.945187
vt 0.033405 0.943054
vt 0.029909 0.948129
vt 0.040345 0.971509
vt 0.041480 0.932016
vt 0.031042 0.953935
vt 0.033175 0.956145
vt 0.029954 0.951210
vt 0.042152 0.943207
vt 0.036130 0.941965
vt 0.039210 0.941920
vt 0.070374 0.975000
vt 0.032401 0.956089
vt 0.034481 0.957362
vt 0.030810 0.954390
vt 0.029461 0.951193
vt 0.029505 0.948053
vt 0.030612 0.945245
vt 0.032950 0.942823
vt 0.036147 0.941473
vt 0.042095 0.942625
vt 0.039287 0.941517
vt 0.044518 0.944963
vt 0.045834 0.948051
vt 0.044286 0.945417
vt 0.045411 0.951076
vt 0.045920 0.950489
vt 0.045349 0.952860
vt 0.044077 0.954939
vt 0.044123 0.954175
vt 0.042377 0.956533
vt 0.039295 0.957847
vt 0.041923 0.956298
vt 0.033245 0.957943
vt 0.034943 0.958647
vt 0.030418 0.955623
vt 0.031717 0.956923
vt 0.029397 0.954095
vt 0.028694 0.952397
vt 0.028335 0.950595
vt 0.028335 0.948757
vt 0.029397 0.945257
vt 0.028694 0.946955
vt 0.031717 0.942430
vt 0.030418 0.943730
vt 0.033245 0.941409
vt 0.034943 0.940706
vt 0.036745 0.940347
vt 0.040385 0.940706
vt 0.038583 0.940347
vt 0.042083 0.941409
vt 0.044910 0.943729
vt 0.043611 0.942430
vt 0.045931 0.945257
vt 0.046634 0.946955
vt 0.046993 0.948757
vt 0.046993 0.950595
vt 0.046634 0.952397
vt 0.045931 0.954095
vt 0.043611 0.956922
vt 0.044910 0.955623
vt 0.040385 0.958647
vt 0.042083 0.957943
vt 0.038583 0.959005
vt 0.036745 0.959005
vt 0.067425 0.926634
vt 0.067927 0.928578
vt 0.067385 0.928459
vt 0.031404 0.957303
vt 0.033012 0.958377
vt 0.030036 0.955935
vt 0.028962 0.954327
vt 0.051059 0.928388
vt 0.050472 0.926810
vt 0.051015 0.926586
vt 0.050534 0.930330
vt 0.051081 0.930292
vt 0.051078 0.932226
vt 0.051052 0.934115
vt 0.050532 0.932168
vt 0.051004 0.935888
vt 0.050507 0.933963
vt 0.030036 0.943415
vt 0.028961 0.945024
vt 0.031404 0.942047
vt 0.033012 0.940973
vt 0.033158 0.931080
vt 0.032576 0.929513
vt 0.033117 0.929285
vt 0.032634 0.933024
vt 0.033179 0.932981
vt 0.033155 0.936809
vt 0.032633 0.934862
vt 0.033178 0.934916
vt 0.033112 0.938588
vt 0.032612 0.936660
vt 0.043923 0.942047
vt 0.042315 0.940973
vt 0.045291 0.943415
vt 0.046366 0.945023
vt 0.036027 0.929806
vt 0.036508 0.927871
vt 0.036568 0.929656
vt 0.036066 0.931607
vt 0.036608 0.931551
vt 0.036629 0.933486
vt 0.036628 0.935384
vt 0.036085 0.933444
vt 0.036606 0.937173
vt 0.036084 0.935248
vt 0.045292 0.955935
vt 0.046366 0.954327
vt 0.043924 0.957303
vt 0.042315 0.958377
vt 0.067385 0.934179
vt 0.067964 0.935668
vt 0.067425 0.935923
vt 0.067907 0.932232
vt 0.067364 0.932306
vt 0.067364 0.930374
vt 0.067907 0.930397
vt 0.066896 0.926525
vt 0.066841 0.928550
vt 0.066955 0.924818
vt 0.067031 0.923340
vt 0.067482 0.924969
vt 0.051479 0.924801
vt 0.051546 0.926471
vt 0.051591 0.928319
vt 0.051612 0.930272
vt 0.051610 0.932255
vt 0.051584 0.934193
vt 0.051534 0.936011
vt 0.051464 0.937639
vt 0.033057 0.927666
vt 0.033505 0.926090
vt 0.033584 0.927508
vt 0.033646 0.929168
vt 0.033688 0.931010
vt 0.033709 0.932959
vt 0.033685 0.936885
vt 0.033708 0.934943
vt 0.033640 0.938710
vt 0.033577 0.940347
vt 0.036433 0.926266
vt 0.036866 0.924702
vt 0.036958 0.926100
vt 0.037036 0.927746
vt 0.037097 0.929576
vt 0.037138 0.931520
vt 0.037159 0.933504
vt 0.037158 0.935451
vt 0.037136 0.937287
vt 0.037093 0.938940
vt 0.036504 0.940158
vt 0.037031 0.940347
vt 0.066955 0.937639
vt 0.066896 0.936053
vt 0.066855 0.934264
vt 0.066835 0.932343
vt 0.066835 0.930362
vt 0.036276 0.957419
vt 0.036851 0.957932
vt 0.049444 0.961530
vt 0.048543 0.963659
vt 0.047869 0.963106
vt 0.063864 0.979101
vt 0.064767 0.976973
vt 0.065439 0.977525
vt 0.066677 0.975673
vt 0.065910 0.975263
vt 0.066697 0.973362
vt 0.067530 0.973614
vt 0.067964 0.971429
vt 0.067098 0.971345
vt 0.067964 0.969201
vt 0.066697 0.967270
vt 0.067530 0.967016
vt 0.065910 0.965369
vt 0.066677 0.964958
vt 0.065439 0.963105
vt 0.064767 0.963659
vt 0.063312 0.962204
vt 0.063864 0.961530
vt 0.062012 0.960292
vt 0.061602 0.961062
vt 0.059701 0.960274
vt 0.059953 0.959440
vt 0.057768 0.959005
vt 0.055540 0.959005
vt 0.057684 0.959873
vt 0.055626 0.959873
vt 0.053609 0.960274
vt 0.053355 0.959440
vt 0.051708 0.961062
vt 0.051297 0.960292
vt 0.049998 0.962204
vt 0.046631 0.964958
vt 0.047401 0.965369
vt 0.046613 0.967270
vt 0.045778 0.967016
vt 0.045344 0.969201
vt 0.045344 0.971429
vt 0.046212 0.969288
vt 0.046212 0.971345
vt 0.046613 0.973362
vt 0.045778 0.973614
vt 0.046631 0.975673
vt 0.047401 0.975263
vt 0.047869 0.977525
vt 0.048543 0.976973
vt 0.049998 0.978428
vt 0.049444 0.979101
vt 0.051297 0.980338
vt 0.051708 0.979571
vt 0.053609 0.980358
vt 0.053355 0.981191
vt 0.055540 0.981626
vt 0.055627 0.980759
vt 0.057768 0.981626
vt 0.059701 0.980358
vt 0.059953 0.981191
vt 0.040000 0.969303
vt 0.039962 0.967224
vt 0.039902 0.965349
vt 0.039821 0.963748
vt 0.061895 0.923004
vt 0.061815 0.924841
vt 0.061759 0.926894
vt 0.061729 0.929081
vt 0.061400 0.929067
vt 0.061727 0.931321
vt 0.061751 0.933525
vt 0.061802 0.935611
vt 0.061543 0.937574
vt 0.061877 0.937497
vt 0.046993 0.924073
vt 0.046916 0.925742
vt 0.046860 0.927670
vt 0.046537 0.927621
vt 0.046825 0.929783
vt 0.046813 0.932001
vt 0.046490 0.931998
vt 0.046860 0.936406
vt 0.046917 0.938425
vt 0.046589 0.938489
vt 0.046993 0.940215
vt 0.034264 0.981450
vt 0.034350 0.979862
vt 0.034418 0.977996
vt 0.034465 0.975925
vt 0.034488 0.973727
vt 0.034488 0.971487
vt 0.034464 0.969292
vt 0.034416 0.967225
vt 0.034348 0.965366
vt 0.034261 0.963787
vt 0.039902 0.977995
vt 0.039962 0.975935
vt 0.040312 0.975945
vt 0.040000 0.973743
vt 0.040323 0.973756
vt 0.070503 0.977504
vt 0.072087 0.979087
vt 0.073949 0.980332
vt 0.076018 0.981189
vt 0.078214 0.981626
vt 0.080454 0.981626
vt 0.082651 0.981189
vt 0.084720 0.980332
vt 0.086582 0.979087
vt 0.088166 0.977504
vt 0.089410 0.975641
vt 0.090268 0.973572
vt 0.090704 0.971376
vt 0.090704 0.969136
vt 0.090267 0.966939
vt 0.088166 0.963008
vt 0.086582 0.961424
vt 0.084720 0.960180
vt 0.082651 0.959323
vt 0.080454 0.958886
vt 0.078214 0.958886
vt 0.076018 0.959323
vt 0.073949 0.960180
vt 0.072086 0.961424
vt 0.070503 0.963008
vt 0.069258 0.964870
vt 0.068401 0.966939
vt 0.067964 0.969136
vt 0.067964 0.971376
vt 0.068401 0.973572
vt 0.038572 0.938924
vt 0.038820 0.933487
vt 0.038860 0.926080
vt 0.038829 0.924681
vt 0.035539 0.940347
vt 0.035663 0.938710
vt 0.035852 0.934943
vt 0.035913 0.932959
vt 0.035953 0.931010
vt 0.035969 0.927508
vt 0.054298 0.930272
vt 0.062012 0.980338
vt 0.054337 0.928319
vt 0.054346 0.924801
vt 0.047598 0.951269
vt 0.046993 0.949498
vt 0.047209 0.949324
vt 0.048984 0.955133
vt 0.048359 0.953102
vt 0.049462 0.954750
vt 0.050471 0.956621
vt 0.050867 0.956152
vt 0.052222 0.957790
vt 0.052517 0.957253
vt 0.054165 0.958595
vt 0.054351 0.958010
vt 0.056230 0.959005
vt 0.056297 0.958395
vt 0.058334 0.959005
vt 0.058281 0.958394
vt 0.060398 0.958594
vt 0.060227 0.958005
vt 0.062342 0.957789
vt 0.062059 0.957244
vt 0.064092 0.956620
vt 0.063708 0.956141
vt 0.065579 0.955132
vt 0.065110 0.954736
vt 0.066749 0.953382
vt 0.066211 0.953086
vt 0.067554 0.951438
vt 0.066969 0.951252
vt 0.067964 0.949373
vt 0.067354 0.949306
vt 0.067964 0.947270
vt 0.067353 0.947322
vt 0.067554 0.945205
vt 0.066964 0.945376
vt 0.065580 0.941512
vt 0.066203 0.943544
vt 0.065100 0.941895
vt 0.064092 0.940024
vt 0.063696 0.940493
vt 0.062342 0.938855
vt 0.062045 0.939392
vt 0.060398 0.938050
vt 0.060212 0.938635
vt 0.058334 0.937639
vt 0.058266 0.938249
vt 0.056231 0.937639
vt 0.056282 0.938251
vt 0.061602 0.979571
vt 0.063312 0.978428
vt 0.054167 0.938050
vt 0.054337 0.938639
vt 0.052223 0.938855
vt 0.052504 0.939400
vt 0.050473 0.940024
vt 0.050856 0.940504
vt 0.048986 0.941512
vt 0.049454 0.941908
vt 0.047817 0.943262
vt 0.048354 0.943558
vt 0.047142 0.945191
vt 0.047596 0.945392
vt 0.090093 0.945258
vt 0.090696 0.947108
vt 0.090481 0.947203
vt 0.090548 0.945073
vt 0.089332 0.943425
vt 0.089877 0.943143
vt 0.088708 0.941393
vt 0.088229 0.941777
vt 0.087221 0.939906
vt 0.086825 0.940375
vt 0.085471 0.938736
vt 0.085174 0.939274
vt 0.083527 0.937931
vt 0.083341 0.938516
vt 0.081463 0.937521
vt 0.081395 0.938130
vt 0.079360 0.937521
vt 0.079411 0.938132
vt 0.077295 0.937931
vt 0.077466 0.938520
vt 0.075352 0.938736
vt 0.075633 0.939281
vt 0.073602 0.939905
vt 0.073985 0.940385
vt 0.072114 0.941393
vt 0.072583 0.941789
vt 0.070945 0.943143
vt 0.071482 0.943439
vt 0.069729 0.947151
vt 0.070724 0.945273
vt 0.070339 0.947219
vt 0.069729 0.949255
vt 0.070340 0.949203
vt 0.070140 0.951319
vt 0.070729 0.951148
vt 0.070945 0.953262
vt 0.071490 0.952981
vt 0.072114 0.955013
vt 0.072593 0.954629
vt 0.073602 0.956500
vt 0.073997 0.956031
vt 0.075352 0.957670
vt 0.075648 0.957132
vt 0.077296 0.958475
vt 0.077482 0.957890
vt 0.079360 0.958886
vt 0.079428 0.958276
vt 0.081464 0.958886
vt 0.081412 0.958274
vt 0.083528 0.958475
vt 0.083357 0.957886
vt 0.085472 0.957670
vt 0.085190 0.957125
vt 0.087222 0.956501
vt 0.086839 0.956022
vt 0.088710 0.955013
vt 0.088241 0.954618
vt 0.089342 0.952967
vt 0.089879 0.953264
vt 0.090100 0.951134
vt 0.090555 0.951360
vt 0.069190 0.939343
vt 0.063303 0.924482
vt 0.065572 0.932339
vt 0.065556 0.934260
vt 0.063748 0.924469
vt 0.063405 0.922883
vt 0.063921 0.922873
vt 0.065537 0.936049
vt 0.068546 0.931848
vt 0.067964 0.930108
vt 0.068478 0.930078
vt 0.065536 0.937635
vt 0.068596 0.933806
vt 0.068032 0.931880
vt 0.068626 0.935878
vt 0.068082 0.933839
vt 0.038878 0.940347
vt 0.038967 0.938936
vt 0.041464 0.938853
vt 0.038676 0.937271
vt 0.068631 0.937982
vt 0.068112 0.935911
vt 0.038759 0.935435
vt 0.068116 0.938016
vt 0.068609 0.940040
vt 0.068094 0.940073
vt 0.068559 0.941971
vt 0.068044 0.942003
vt 0.038859 0.931502
vt 0.068479 0.943702
vt 0.039082 0.933495
vt 0.039073 0.931510
vt 0.041330 0.931433
vt 0.038878 0.929558
vt 0.067964 0.943757
vt 0.068543 0.945233
vt 0.068028 0.945260
vt 0.039045 0.929565
vt 0.041248 0.929527
vt 0.068595 0.946993
vt 0.068632 0.948945
vt 0.068081 0.947023
vt 0.039000 0.927735
vt 0.038943 0.926089
vt 0.041014 0.926006
vt 0.068650 0.951013
vt 0.068118 0.948975
vt 0.038878 0.924691
vt 0.040900 0.924623
vt 0.035768 0.936885
vt 0.068131 0.953149
vt 0.068616 0.955179
vt 0.068101 0.955210
vt 0.068561 0.957117
vt 0.068046 0.957146
vt 0.054482 0.934171
vt 0.054509 0.932228
vt 0.056347 0.932178
vt 0.068480 0.958859
vt 0.067964 0.958886
vt 0.068999 0.942282
vt 0.069582 0.943735
vt 0.069069 0.943765
vt 0.035971 0.929168
vt 0.069644 0.945480
vt 0.069691 0.947420
vt 0.069130 0.945512
vt 0.054461 0.926452
vt 0.054412 0.924792
vt 0.056001 0.924729
vt 0.069176 0.947453
vt 0.069720 0.949483
vt 0.069206 0.949517
vt 0.053908 0.937639
vt 0.054039 0.936011
vt 0.069729 0.951588
vt 0.054149 0.934193
vt 0.069215 0.951622
vt 0.069714 0.953655
vt 0.069200 0.953688
vt 0.054235 0.932255
vt 0.069674 0.955604
vt 0.069159 0.955636
vt 0.049031 0.934187
vt 0.049052 0.932247
vt 0.050402 0.932207
vt 0.069607 0.957361
vt 0.069092 0.957391
vt 0.069514 0.958858
vt 0.054352 0.926471
vt 0.069726 0.933370
vt 0.069190 0.931705
vt 0.069705 0.931689
vt 0.069729 0.935266
vt 0.069211 0.933389
vt 0.064163 0.923331
vt 0.063955 0.924809
vt 0.069215 0.935286
vt 0.069700 0.937304
vt 0.069211 0.937325
vt 0.063729 0.926516
vt 0.065580 0.930358
vt 0.065532 0.928394
vt 0.064780 0.930355
vt 0.061896 0.930317
vt 0.040012 0.971504
vt 0.046825 0.934237
vt 0.069258 0.975641
vt 0.089410 0.964870
vt 0.047142 0.951481
vt 0.047814 0.953383
vt 0.066749 0.943262
vt 0.070140 0.945086
vt 0.064662 0.932336
vt 0.061895 0.932291
vt 0.068645 0.953118
vt 0.068136 0.951044
vt 0.054513 0.930243
vt 0.056286 0.930223
vt 0.069624 0.939324
vt 0.064221 0.976525
vt 0.066021 0.973157
vt 0.066396 0.971276
vt 0.066396 0.969357
vt 0.067098 0.969287
vt 0.065287 0.965703
vt 0.062864 0.962751
vt 0.059497 0.960951
vt 0.057615 0.960576
vt 0.055696 0.960576
vt 0.052042 0.961685
vt 0.049090 0.964108
vt 0.047290 0.967475
vt 0.046916 0.969357
vt 0.046916 0.971276
vt 0.048024 0.974930
vt 0.049090 0.976525
vt 0.050447 0.977882
vt 0.053815 0.979682
vt 0.055696 0.980056
vt 0.057684 0.980759
vt 0.057615 0.980056
vt 0.061269 0.978948
vt 0.062865 0.977882
vt 0.064579 0.936046
vt 0.061905 0.934232
vt 0.064598 0.934257
vt 0.056374 0.937610
vt 0.054429 0.935998
vt 0.056397 0.935978
vt 0.056389 0.934150
vt 0.048972 0.926463
vt 0.050263 0.928287
vt 0.049019 0.928310
vt 0.050461 0.936004
vt 0.050456 0.934173
vt 0.056224 0.928263
vt 0.054496 0.928293
vt 0.050350 0.930249
vt 0.049047 0.930263
vt 0.050152 0.926446
vt 0.048908 0.924793
vt 0.050031 0.924738
vt 0.050452 0.937623
vt 0.048984 0.936008
vt 0.039030 0.937281
vt 0.041480 0.937232
vt 0.041458 0.935394
vt 0.041412 0.933444
vt 0.041136 0.927670
vt 0.063205 0.923329
vt 0.062004 0.924810
vt 0.062080 0.923304
vt 0.039068 0.935443
vt 0.061949 0.936017
vt 0.064578 0.937632
vt 0.062005 0.937621
vt 0.050447 0.962751
vt 0.049999 0.963810
vt 0.060232 0.978934
vt 0.059497 0.979682
vt 0.056600 0.979621
vt 0.052042 0.978948
vt 0.053057 0.978918
vt 0.048039 0.973894
vt 0.047290 0.973157
vt 0.047348 0.970194
vt 0.048053 0.966757
vt 0.048024 0.965703
vt 0.053091 0.961695
vt 0.053815 0.960951
vt 0.056712 0.961011
vt 0.061269 0.961685
vt 0.060254 0.961715
vt 0.064221 0.964108
vt 0.063236 0.963746
vt 0.065277 0.966752
vt 0.066021 0.967475
vt 0.065955 0.970326
vt 0.065273 0.973890
vt 0.065287 0.974930
vt 0.056224 0.975947
vt 0.054479 0.975571
vt 0.052877 0.974502
vt 0.051022 0.969872
vt 0.051357 0.968228
vt 0.052478 0.966533
vt 0.059003 0.976065
vt 0.058119 0.977664
vt 0.056753 0.976529
vt 0.052343 0.965842
vt 0.051875 0.964488
vt 0.054928 0.964303
vt 0.049222 0.969584
vt 0.050957 0.967832
vt 0.050426 0.970291
vt 0.055049 0.962989
vt 0.058580 0.964341
vt 0.058116 0.962943
vt 0.049311 0.971783
vt 0.050920 0.972694
vt 0.061615 0.966504
vt 0.052181 0.974630
vt 0.050404 0.974492
vt 0.062768 0.969172
vt 0.064029 0.971774
vt 0.062770 0.971496
vt 0.061472 0.974344
vt 0.060831 0.976567
vt 0.060734 0.974221
vt 0.061529 0.973119
vt 0.062223 0.970986
vt 0.062057 0.968746
vt 0.060850 0.966534
vt 0.058801 0.965136
vt 0.056718 0.964699
vt 0.054503 0.965121
vt 0.051460 0.972468
vt 0.054266 0.976069
vt 0.058808 0.975512
vt 0.060641 0.973529
vt 0.058613 0.975033
vt 0.051937 0.972274
vt 0.055693 0.965353
vt 0.053300 0.966460
vt 0.058323 0.965475
vt 0.060555 0.967023
vt 0.061669 0.969325
vt 0.061654 0.971334
vt 0.052742 0.969129
vt 0.055157 0.966357
vt 0.055004 0.967889
vt 0.054124 0.968759
vt 0.056104 0.967400
vt 0.057195 0.967346
vt 0.059040 0.966957
vt 0.058739 0.968026
vt 0.060718 0.969627
vt 0.059565 0.969727
vt 0.059542 0.970902
vt 0.059867 0.972952
vt 0.059036 0.972050
vt 0.057828 0.973149
vt 0.056000 0.974548
vt 0.056066 0.973282
vt 0.054670 0.972625
vt 0.053041 0.973909
vt 0.051623 0.970346
vt 0.053748 0.971192
vt 0.053685 0.969777
vt 0.057068 0.973125
vt 0.054712 0.972424
vt 0.053861 0.970592
vt 0.057735 0.967712
vt 0.058970 0.968770
vt 0.063698 0.975024
vt 0.062884 0.974477
vt 0.065147 0.970310
vt 0.064003 0.968860
vt 0.062901 0.966133
vt 0.064478 0.967079
vt 0.061364 0.963273
vt 0.060816 0.964088
vt 0.056649 0.961825
vt 0.053435 0.962487
vt 0.049782 0.967313
vt 0.049599 0.965626
vt 0.048586 0.967819
vt 0.048178 0.970467
vt 0.048842 0.973575
vt 0.051947 0.977359
vt 0.052495 0.976545
vt 0.055198 0.977690
vt 0.058307 0.978626
vt 0.063226 0.976897
vt 0.063154 0.964921
vt 0.051260 0.963817
vt 0.050156 0.975712
vt 0.050075 0.976887
vt 0.055011 0.978643
vt 0.061372 0.977372
vt 0.041448 0.940295
vt 0.039198 0.957386
vt 0.045375 0.948142
vt 0.046660 0.923978
vt 0.045331 0.969346
vt 0.045153 0.963821
vt 0.056564 0.923043
vt 0.056429 0.926912
vt 0.056547 0.937459
vt 0.064958 0.928392
vt 0.041659 0.940187
vt 0.039797 0.975907
vt 0.039796 0.969309
vt 0.039594 0.963833
vt 0.090550 0.948147
vt 0.047164 0.948329
vt 0.045153 0.979832
vt 0.045294 0.975944
vt 0.088290 0.965505
vt 0.072920 0.962396
vt 0.067964 0.926844
vt 0.050514 0.928522
vt 0.050461 0.935647
vt 0.032615 0.931219
vt 0.032571 0.938351
vt 0.035971 0.928110
vt 0.036064 0.936948
vt 0.067927 0.934012
vt 0.067556 0.923528
vt 0.050951 0.924958
vt 0.050936 0.937475
vt 0.032980 0.926284
vt 0.033049 0.940185
vt 0.036343 0.924903
vt 0.036564 0.938785
vt 0.067482 0.937470
vt 0.039821 0.979843
vt 0.047149 0.948389
vt 0.038450 0.940333
vt 0.067964 0.943732
vt 0.068478 0.943732
vt 0.038878 0.927727
vt 0.054352 0.937639
vt 0.069513 0.942254
vt 0.035951 0.926090
vt 0.054352 0.923375
vt 0.068999 0.958886
vt 0.056125 0.926413
vt 0.055897 0.923330
vt 0.048908 0.937639
vt 0.056641 0.975412
vt 0.054689 0.974977
vt 0.051995 0.968349
vt 0.064705 0.972864
vt 0.059203 0.962267
s 1
f 1/1/1 65/2/2 2/3/3
f 5/4/4 7/5/5 4/6/6
f 157/7/7 8/8/8 9/9/9
f 378/10/10 11/11/11 12/12/12
f 376/13/13 378/10/10 13/14/14
f 13/14/14 378/10/10 12/12/12
f 374/15/15 376/16/13 13/17/14
f 374/15/15 13/17/14 14/18/16
f 372/19/17 14/18/16 15/20/18
f 16/21/19 372/19/17 15/20/18
f 17/22/20 370/23/21 16/21/19
f 18/24/22 368/25/23 17/22/20
f 19/26/24 366/27/25 18/24/22
f 362/28/26 364/29/27 20/30/28
f 20/30/28 364/29/27 19/26/24
f 360/31/29 20/30/28 21/32/30
f 358/33/31 21/32/30 22/34/32
f 23/35/33 358/36/31 22/37/32
f 25/38/34 353/39/35 26/40/36
f 26/40/36 353/39/35 24/41/37
f 349/42/38 27/43/39 28/44/40
f 29/45/41 349/42/38 28/44/40
f 31/46/42 345/47/43 30/48/44
f 341/49/45 31/50/42 32/51/46
f 339/52/47 341/49/45 33/53/48
f 33/53/48 341/49/45 32/51/46
f 34/54/49 339/52/47 33/53/48
f 35/55/50 337/56/51 34/54/49
f 331/57/52 333/58/53 37/59/54
f 329/60/55 37/59/54 38/61/56
f 39/62/57 329/63/55 38/64/56
f 325/65/58 327/66/59 39/62/57
f 325/65/58 39/62/57 40/67/60
f 41/68/61 325/65/58 40/67/60
f 43/69/62 322/70/63 41/68/61
f 44/71/64 46/72/65 47/73/66
f 41/68/61 47/73/66 43/69/62
f 48/74/67 44/71/64 40/67/60
f 49/75/68 48/74/67 40/67/60
f 49/75/68 40/67/60 39/62/57
f 51/76/69 50/77/70 49/75/68
f 51/76/69 39/62/57 38/64/56
f 53/78/71 51/79/69 37/59/54
f 36/80/72 53/78/71 37/59/54
f 55/81/73 36/80/72 35/55/50
f 56/82/74 55/81/73 35/55/50
f 58/83/75 57/84/76 56/82/74
f 58/83/75 34/54/49 33/53/48
f 32/51/46 59/85/77 58/83/75
f 61/86/78 60/87/79 32/51/46
f 61/86/78 32/51/46 31/50/42
f 30/48/44 62/88/80 61/89/78
f 65/90/2 3/91/81 64/92/82
f 64/92/82 68/93/83 65/90/2
f 69/94/84 63/95/85 30/48/44
f 69/94/84 30/48/44 29/45/41
f 28/44/40 70/96/86 69/94/84
f 28/44/40 69/94/84 29/45/41
f 72/97/87 71/98/88 28/44/40
f 72/97/87 28/44/40 27/43/39
f 24/41/37 75/99/89 76/100/90
f 24/41/37 76/100/90 26/40/36
f 77/101/91 74/102/92 24/41/37
f 77/101/91 24/41/37 23/35/33
f 22/37/32 78/103/93 77/101/91
f 80/104/94 79/105/95 22/34/32
f 80/104/94 22/34/32 21/32/30
f 82/106/96 81/107/97 80/104/94
f 82/106/96 21/32/30 20/30/28
f 84/108/98 83/109/99 82/106/96
f 19/26/24 82/106/96 20/30/28
f 86/110/100 84/108/98 18/24/22
f 18/24/22 84/108/98 19/26/24
f 87/111/101 86/110/100 18/24/22
f 87/111/101 18/24/22 17/22/20
f 89/112/102 88/113/103 87/111/101
f 16/21/19 87/111/101 17/22/20
f 91/114/104 89/112/102 15/20/18
f 14/18/16 91/114/104 15/20/18
f 93/115/105 92/116/106 14/18/16
f 64/92/82 6/117/107 5/4/4
f 67/118/108 5/119/4 4/120/6
f 93/121/105 14/122/16 13/14/14
f 95/123/109 93/121/105 12/12/12
f 96/124/110 95/123/109 12/12/12
f 98/125/111 96/124/110 10/126/112
f 99/127/113 102/128/114 101/129/115
f 101/129/115 104/130/116 103/131/117
f 105/132/118 104/130/116 106/133/119
f 107/134/120 106/133/119 108/135/121
f 107/134/120 110/136/122 109/137/123
f 109/137/123 112/138/124 111/139/125
f 111/139/125 114/140/126 113/141/127
f 113/141/127 116/142/128 115/143/129
f 115/143/129 118/144/130 117/145/131
f 119/146/132 118/144/130 120/147/133
f 121/148/134 119/146/132 124/149/135
f 119/146/132 122/150/136 124/149/135
f 66/151/137 65/152/2 1/153/1
f 123/154/138 126/155/139 125/156/140
f 125/156/140 128/157/141 127/158/142
f 127/158/142 506/159/143 129/160/144
f 130/161/145 133/162/146 132/163/147
f 132/163/147 135/164/148 134/165/149
f 135/164/148 137/166/150 136/167/151
f 138/168/152 136/167/151 139/169/153
f 138/168/152 141/170/154 140/171/155
f 140/171/155 142/172/156 143/173/157
f 142/172/156 145/174/158 143/173/157
f 144/175/159 147/176/160 146/177/161
f 145/174/158 147/176/160 143/173/157
f 147/176/160 148/178/162 146/177/161
f 148/178/162 151/179/163 150/180/164
f 152/181/165 151/179/163 153/182/166
f 154/183/167 153/182/166 155/184/168
f 154/183/167 157/185/7 156/186/169
f 158/187/170 157/185/7 3/188/81
f 158/187/170 507/189/171 159/190/172
f 161/191/173 167/192/174 166/193/175
f 27/43/39 25/38/34 26/40/36
f 10/126/112 42/194/176 43/69/62
f 47/73/66 98/125/111 10/126/112
f 47/73/66 10/126/112 43/69/62
f 76/100/90 73/195/177 72/97/87
f 164/196/178 167/192/174 163/197/179
f 167/192/174 164/196/178 165/198/180
f 166/193/175 167/192/174 165/198/180
f 76/100/90 27/43/39 26/40/36
f 170/199/181 168/200/182 169/201/183
f 159/190/172 100/202/184 99/127/113
f 506/159/143 130/161/145 129/160/144
f 177/203/185 163/197/179 176/204/186
f 178/205/187 163/197/179 177/203/185
f 179/206/188 164/196/178 178/205/187
f 166/193/175 179/206/188 180/207/189
f 181/208/190 166/193/175 180/207/189
f 182/209/191 161/191/173 181/208/190
f 183/210/192 167/192/174 182/209/191
f 185/211/193 169/201/183 184/212/194
f 186/213/195 170/199/181 185/211/193
f 187/214/196 171/215/197 186/213/195
f 173/216/198 187/214/196 188/217/199
f 173/216/198 188/217/199 189/218/200
f 190/219/201 174/220/202 189/218/200
f 191/221/203 174/220/202 190/219/201
f 192/222/204 175/223/205 191/221/203
f 195/224/206 176/204/186 194/225/207
f 195/224/206 177/203/185 176/204/186
f 197/226/208 177/203/185 196/227/209
f 198/228/210 178/205/187 197/226/208
f 199/229/211 178/205/187 198/228/210
f 179/206/188 199/229/211 200/230/212
f 180/207/189 200/230/212 201/231/213
f 203/232/214 180/207/189 202/233/215
f 205/234/216 181/208/190 204/235/217
f 206/236/218 182/209/191 205/234/216
f 207/237/219 182/209/191 206/236/218
f 183/210/192 207/237/219 208/238/220
f 209/239/221 184/212/194 210/240/222
f 211/241/223 184/212/194 209/239/221
f 213/242/224 185/211/193 212/243/225
f 214/244/226 186/213/195 213/242/224
f 215/245/227 186/213/195 214/244/226
f 187/214/196 215/245/227 216/246/228
f 188/217/199 216/246/228 217/247/229
f 218/248/230 188/217/199 217/247/229
f 219/249/231 189/218/200 218/248/230
f 219/249/231 190/219/201 189/218/200
f 221/250/232 190/219/201 220/251/233
f 223/252/234 191/221/203 222/253/235
f 192/222/204 223/252/234 224/254/236
f 176/204/186 225/255/237 194/225/207
f 226/256/238 194/257/207 227/258/239
f 228/259/240 195/224/206 226/260/238
f 197/226/208 228/259/240 229/261/241
f 198/228/210 229/261/241 230/262/242
f 231/263/243 198/264/210 230/265/242
f 200/266/212 231/263/243 232/267/244
f 233/268/245 200/266/212 232/267/244
f 234/269/246 201/270/213 233/268/245
f 235/271/247 202/272/215 234/269/246
f 236/273/248 203/232/214 235/274/247
f 205/234/216 236/273/248 237/275/249
f 206/236/218 237/275/249 238/276/250
f 239/277/251 206/278/218 238/279/250
f 208/280/220 239/277/251 240/281/252
f 241/282/253 210/283/222 242/284/254
f 243/285/255 209/286/221 241/282/253
f 244/287/256 211/241/223 243/288/255
f 213/242/224 244/287/256 245/289/257
f 214/244/226 245/289/257 246/290/258
f 215/291/227 246/292/258 247/293/259
f 216/294/228 247/293/259 248/295/260
f 249/296/261 216/294/228 248/295/260
f 250/297/262 217/298/229 249/296/261
f 251/299/263 218/300/230 250/297/262
f 252/301/264 219/249/231 251/302/263
f 253/303/265 220/251/233 252/301/264
f 222/253/235 253/303/265 254/304/266
f 255/305/267 222/306/235 254/307/266
f 224/308/236 255/305/267 256/309/268
f 257/310/269 194/257/207 225/311/237
f 258/312/270 227/258/239 259/313/271
f 260/314/272 226/256/238 258/312/270
f 261/315/273 228/316/240 260/314/272
f 230/265/242 261/317/273 262/318/274
f 263/319/275 230/265/242 262/318/274
f 264/320/276 231/263/243 263/319/275
f 233/268/245 264/320/276 265/321/277
f 234/269/246 265/321/277 266/322/278
f 235/271/247 266/322/278 267/323/279
f 268/324/280 235/271/247 267/323/279
f 237/325/249 268/326/280 269/327/281
f 238/279/250 269/327/281 270/328/282
f 271/329/283 238/279/250 270/328/282
f 240/281/252 271/329/283 288/330/284
f 272/331/285 242/284/254 273/332/286
f 243/285/255 272/331/285 274/333/287
f 275/334/288 243/285/255 274/333/287
f 245/335/257 275/336/288 276/337/289
f 246/292/258 276/337/289 277/338/290
f 278/339/291 246/292/258 277/338/290
f 248/295/260 278/339/291 279/340/292
f 280/341/293 248/295/260 279/340/292
f 250/297/262 280/341/293 281/342/294
f 251/299/263 281/342/294 282/343/295
f 283/344/296 251/299/263 282/343/295
f 253/345/265 283/344/296 284/346/297
f 254/307/266 284/347/297 285/348/298
f 286/349/299 254/307/266 285/348/298
f 384/350/300 255/305/267 286/349/299
f 287/351/301 227/258/239 257/310/269
f 169/201/183 183/210/192 184/212/194
f 160/352/302 192/222/204 193/353/303
f 184/212/194 208/238/220 210/240/222
f 193/353/303 224/254/236 225/255/237
f 210/283/222 240/281/252 242/284/254
f 257/310/269 224/308/236 256/309/268
f 273/332/286 240/281/252 288/330/284
f 257/310/269 384/350/300 287/351/301
f 75/354/89 292/355/304 73/356/177
f 46/357/65 294/358/305 98/359/111
f 97/360/306 294/358/305 295/361/307
f 97/360/306 296/362/308 95/363/109
f 296/362/308 94/364/309 95/363/109
f 297/365/310 92/366/106 94/364/309
f 92/366/106 299/367/311 91/368/104
f 91/368/104 300/369/312 90/370/313
f 88/371/103 300/369/312 301/372/314
f 88/371/103 302/373/315 86/374/100
f 85/375/316 302/373/315 303/376/317
f 85/375/316 304/377/318 83/378/99
f 304/377/318 81/379/97 83/378/99
f 79/380/95 305/381/319 306/382/320
f 79/380/95 307/383/321 78/384/93
f 78/384/93 308/385/322 74/386/92
f 75/354/89 308/385/322 291/387/323
f 71/388/88 292/355/304 309/389/324
f 71/388/88 310/390/325 70/391/86
f 310/390/325 63/392/85 70/391/86
f 62/393/80 311/394/326 312/395/327
f 62/393/80 313/396/328 60/397/79
f 59/398/77 313/396/328 314/399/329
f 57/400/76 314/399/329 315/401/330
f 57/400/76 316/402/331 55/403/73
f 54/404/332 316/402/331 317/405/333
f 54/404/332 318/406/334 53/407/71
f 52/408/335 318/406/334 319/409/336
f 319/409/336 50/410/70 52/408/335
f 50/410/70 321/411/337 48/412/67
f 42/194/176 324/413/338 322/70/63
f 325/65/58 324/413/338 326/414/339
f 327/66/59 326/414/339 328/415/340
f 329/63/55 328/415/340 330/416/341
f 331/57/52 330/417/341 332/418/342
f 331/57/52 334/419/343 333/58/53
f 333/58/53 336/420/344 335/421/345
f 337/56/51 336/420/344 338/422/346
f 337/56/51 340/423/347 339/52/47
f 341/49/45 340/423/347 342/424/348
f 343/425/349 342/424/348 344/426/350
f 345/47/43 344/427/350 346/428/351
f 345/47/43 348/429/352 347/430/353
f 347/430/353 350/431/354 349/42/38
f 349/42/38 352/432/355 351/433/356
f 25/38/34 355/434/357 353/39/35
f 353/39/35 357/435/358 356/436/359
f 358/36/31 357/435/358 359/437/360
f 360/31/29 359/438/360 361/439/361
f 360/31/29 363/440/362 362/28/26
f 362/28/26 365/441/363 364/29/27
f 364/29/27 367/442/364 366/27/25
f 366/27/25 369/443/365 368/25/23
f 368/25/23 371/444/366 370/23/21
f 372/19/17 371/444/366 373/445/367
f 374/15/15 373/445/367 375/446/368
f 376/16/13 375/446/368 377/447/369
f 376/13/13 379/448/370 378/10/10
f 378/10/10 381/449/371 380/450/372
f 380/450/372 383/451/373 382/452/374
f 324/453/338 99/127/113 101/129/115
f 324/453/338 103/131/117 326/454/339
f 326/454/339 105/132/118 328/455/340
f 328/455/340 107/134/120 330/456/341
f 330/456/341 109/137/123 332/457/342
f 334/458/343 109/137/123 111/139/125
f 336/459/344 111/139/125 113/141/127
f 336/459/344 115/143/129 338/460/346
f 340/461/347 115/143/129 117/145/131
f 342/462/348 117/145/131 119/146/132
f 342/462/348 121/148/134 344/463/350
f 344/463/350 123/154/138 346/464/351
f 346/464/351 125/156/140 348/465/352
f 350/466/354 125/156/140 127/158/142
f 352/467/355 127/158/142 129/160/144
f 355/468/357 130/161/145 132/163/147
f 355/468/357 134/165/149 357/469/358
f 357/469/358 136/167/151 359/470/360
f 359/470/360 138/168/152 361/471/361
f 361/471/361 140/171/155 363/472/362
f 365/473/363 140/171/155 143/173/157
f 367/474/364 143/173/157 144/175/159
f 367/474/364 146/177/161 369/475/365
f 371/476/366 146/177/161 148/178/162
f 373/477/367 148/178/162 150/180/164
f 373/477/367 152/181/165 375/478/368
f 375/478/368 154/183/167 377/479/369
f 377/479/369 156/186/169 379/480/370
f 381/481/371 156/186/169 158/187/170
f 383/482/373 158/187/170 159/190/172
f 284/346/297 283/344/296 385/483/375
f 281/342/294 280/341/293 386/484/376
f 277/338/290 276/337/289 387/485/377
f 387/485/377 275/336/288 388/486/378
f 388/487/378 274/333/287 389/488/379
f 272/331/285 273/332/286 390/489/380
f 428/490/381 271/329/283 391/491/382
f 270/328/282 269/327/281 392/492/383
f 265/321/277 264/320/276 393/493/384
f 321/411/337 45/494/385 48/412/67
f 393/493/384 263/319/275 395/495/386
f 262/318/274 261/317/273 396/496/387
f 260/314/272 258/312/270 68/93/83
f 258/312/270 259/313/271 68/93/83
f 398/497/388 2/498/3 397/499/389
f 400/500/390 402/501/391 403/502/392
f 404/503/393 403/502/392 405/504/394
f 406/505/395 405/504/394 407/506/396
f 408/507/397 407/506/396 385/508/375
f 409/509/398 385/508/375 410/510/399
f 411/511/400 410/510/399 412/512/401
f 413/513/402 412/512/401 386/514/376
f 414/515/403 386/514/376 415/516/404
f 416/517/405 415/516/404 417/518/406
f 418/519/407 417/518/406 419/520/408
f 420/521/409 419/520/408 387/522/377
f 421/523/410 387/522/377 388/524/378
f 422/525/411 388/524/378 389/526/379
f 423/527/412 389/526/379 424/528/413
f 425/529/414 424/528/413 390/530/380
f 426/531/415 428/532/381 391/533/382
f 429/534/416 391/533/382 430/535/417
f 431/536/418 430/535/417 392/537/383
f 432/538/419 392/537/383 433/539/420
f 434/540/421 433/539/420 435/541/422
f 436/542/423 435/541/422 437/543/424
f 46/357/65 394/544/425 293/545/426
f 438/546/427 437/543/424 439/547/428
f 440/548/429 439/547/428 393/549/384
f 441/550/430 393/549/384 395/551/386
f 442/552/431 395/551/386 443/553/432
f 444/554/433 443/553/432 396/555/387
f 396/555/387 446/556/434 444/554/433
f 445/557/435 4/120/6 446/556/434
f 8/558/8 7/559/5 9/560/9
f 447/561/436 449/562/437 448/563/438
f 450/564/439 449/562/437 451/565/440
f 452/566/441 451/565/440 453/567/442
f 454/568/443 453/567/442 455/569/444
f 456/570/445 455/569/444 457/571/446
f 458/572/447 457/571/446 459/573/448
f 460/574/449 459/573/448 461/575/450
f 462/576/451 461/575/450 463/577/452
f 464/578/453 463/577/452 465/579/454
f 466/580/455 465/579/454 467/581/456
f 468/582/457 467/581/456 469/583/458
f 470/584/459 469/583/458 471/585/460
f 472/586/461 474/587/462 475/588/463
f 476/589/464 475/588/463 477/590/465
f 478/591/466 477/590/465 479/592/467
f 480/593/468 479/592/467 481/594/469
f 482/595/470 481/594/469 483/596/471
f 484/597/472 483/596/471 485/598/473
f 486/599/474 485/598/473 487/600/475
f 488/601/476 487/600/475 489/602/477
f 490/603/478 489/602/477 491/604/479
f 492/605/480 491/604/479 493/606/481
f 494/607/482 493/606/481 495/608/483
f 496/609/484 495/608/483 497/610/485
f 498/611/486 497/610/485 499/612/487
f 500/613/488 499/612/487 501/614/489
f 500/613/488 502/615/490 503/616/491
f 504/617/492 1/153/1 505/618/493
f 399/619/494 1/1/1 2/3/3
f 447/620/436 4/6/6 7/5/5
f 402/621/391 286/349/299 403/622/392
f 446/623/434 448/624/438 444/625/433
f 403/622/392 285/348/298 405/626/394
f 450/627/439 444/628/433 448/629/438
f 405/626/394 284/347/297 407/630/396
f 452/631/441 442/632/431 450/627/439
f 454/633/443 441/634/430 452/631/441
f 497/635/485 495/636/483 108/637/121
f 385/483/375 282/343/295 410/638/399
f 456/639/445 440/640/429 454/633/443
f 410/638/399 281/342/294 412/641/401
f 438/642/427 458/643/447 436/644/423
f 386/484/376 412/641/401 281/342/294
f 436/644/423 460/645/449 434/646/421
f 386/484/376 279/340/292 415/647/404
f 462/648/451 434/646/421 460/645/449
f 489/649/477 487/650/475 116/651/128
f 415/647/404 278/339/291 417/652/406
f 432/653/419 464/654/453 431/655/418
f 116/651/128 485/656/473 118/657/130
f 277/338/290 417/652/406 278/339/291
f 466/658/455 431/655/418 464/654/453
f 468/659/457 429/660/416 466/658/455
f 483/661/471 481/662/469 122/663/136
f 470/664/459 426/665/415 468/659/457
f 122/663/136 479/666/467 124/667/135
f 389/488/379 272/331/285 424/668/413
f 425/669/414 472/670/461 423/671/412
f 390/489/380 424/668/413 272/331/285
f 423/671/412 476/672/464 422/673/411
f 475/674/463 474/675/462 506/676/143
f 422/673/411 478/677/466 421/678/410
f 421/679/410 480/680/468 420/681/409
f 391/491/382 270/328/282 430/682/417
f 482/683/470 420/681/409 480/680/468
f 484/684/472 418/685/407 482/683/470
f 467/686/456 465/687/454 137/688/150
f 416/689/405 486/690/474 414/691/403
f 433/692/420 267/323/279 435/693/422
f 488/694/476 414/691/403 486/690/474
f 435/693/422 266/322/278 437/695/424
f 413/696/402 490/697/478 411/698/400
f 437/695/424 265/321/277 439/699/428
f 411/698/400 492/700/480 409/701/398
f 459/702/448 457/703/446 145/704/158
f 409/701/398 494/705/482 408/706/397
f 496/707/484 408/706/397 494/705/482
f 395/495/386 262/318/274 443/708/432
f 498/709/486 406/710/395 496/711/484
f 500/712/488 404/713/393 498/709/486
f 396/714/387 260/314/272 445/715/435
f 400/716/390 503/717/491 401/718/495
f 445/715/435 68/93/83 67/719/108
f 259/313/271 65/90/2 68/93/83
f 259/313/271 398/720/388 397/721/389
f 3/91/81 504/722/492 507/723/171
f 382/452/374 323/724/496 42/194/176
f 351/433/356 354/725/497 25/38/34
f 323/726/496 159/190/172 99/127/113
f 354/727/497 129/160/144 130/161/145
f 390/489/380 288/330/284 428/490/381
f 399/728/494 402/501/391 401/729/495
f 427/730/498 390/530/380 428/532/381
f 473/731/499 471/585/460 474/587/462
f 502/615/490 505/618/493 503/616/491
f 398/720/388 384/350/300 402/621/391
f 507/723/171 502/732/490 100/733/184
f 473/734/499 427/735/498 470/664/459
f 506/676/143 471/736/460 131/737/500
f 505/738/493 401/718/495 503/717/491
f 508/739/501 295/361/307 294/358/305
f 295/361/307 510/740/502 296/362/308
f 296/362/308 511/741/503 297/365/310
f 297/365/310 512/742/504 298/743/505
f 512/742/504 299/367/311 298/743/505
f 299/367/311 514/744/506 300/369/312
f 514/744/506 301/372/314 300/369/312
f 301/372/314 516/745/507 302/373/315
f 516/745/507 303/376/317 302/373/315
f 303/376/317 518/746/508 304/377/318
f 304/377/318 519/747/509 305/381/319
f 519/747/509 306/382/320 305/381/319
f 520/748/510 307/383/321 306/382/320
f 307/383/321 522/749/511 308/385/322
f 522/749/511 291/387/323 308/385/322
f 524/750/512 309/389/324 292/355/304
f 309/389/324 526/751/513 310/390/325
f 310/390/325 527/752/514 311/394/326
f 527/752/514 312/395/327 311/394/326
f 528/753/515 313/396/328 312/395/327
f 313/396/328 530/754/516 314/399/329
f 314/399/329 531/755/517 315/401/330
f 531/755/517 316/402/331 315/401/330
f 532/756/518 317/405/333 316/402/331
f 317/405/333 534/757/519 318/406/334
f 318/406/334 535/758/520 319/409/336
f 535/758/520 320/759/521 319/409/336
f 536/760/522 321/411/337 320/759/521
f 321/411/337 538/761/523 394/544/425
f 538/761/523 293/545/426 394/544/425
f 291/387/323 524/750/512 292/355/304
f 539/762/524 294/358/305 293/545/426
f 499/763/487 102/764/114 501/765/489
f 124/766/135 477/767/465 126/768/139
f 126/768/139 475/674/463 128/769/141
f 451/770/440 149/771/525 453/772/442
f 141/773/154 459/702/448 142/774/156
f 467/686/456 133/775/146 469/776/458
f 453/772/442 147/777/160 455/778/444
f 151/779/163 449/780/437 153/781/166
f 139/782/153 461/783/450 141/773/154
f 108/637/121 493/784/481 110/785/122
f 112/786/124 489/649/477 114/787/126
f 116/651/128 114/787/126 489/649/477
f 118/657/130 483/661/471 120/788/133
f 449/789/437 155/790/168 153/791/166
f 110/785/122 491/792/479 112/786/124
f 104/793/116 497/794/485 106/795/119
f 145/704/158 455/778/444 147/777/160
f 523/796/526 648/797/527 524/750/512
f 655/798/528 539/762/524 538/761/523
f 536/760/522 655/798/528 537/799/529
f 535/758/520 654/800/530 536/760/522
f 534/757/519 654/800/530 535/758/520
f 533/801/531 653/802/532 534/757/519
f 532/756/518 653/802/532 533/801/531
f 651/803/533 531/755/517 530/754/516
f 528/753/515 651/803/533 529/804/534
f 527/752/514 650/805/535 528/753/515
f 649/806/536 527/752/514 526/751/513
f 525/807/537 649/806/536 526/751/513
f 524/750/512 649/806/536 525/807/537
f 523/796/526 647/808/538 648/797/527
f 520/748/510 647/808/538 521/809/539
f 519/747/509 646/810/540 520/748/510
f 518/746/508 646/810/540 519/747/509
f 517/811/541 645/812/542 518/746/508
f 516/745/507 645/812/542 517/811/541
f 515/813/543 644/814/544 516/745/507
f 515/813/543 643/815/545 644/814/544
f 643/815/545 514/744/506 513/816/546
f 512/742/504 643/815/545 513/816/546
f 511/741/503 642/817/547 512/742/504
f 641/818/548 511/741/503 510/740/502
f 509/819/549 641/818/548 510/740/502
f 508/739/501 641/818/548 509/819/549
f 543/820/550 544/821/551 545/822/552
f 547/823/553 548/824/554 540/825/555
f 560/826/556 561/827/557 558/828/558
f 562/829/559 563/830/560 566/831/561
f 569/832/562 564/833/563 568/834/564
f 567/835/565 573/836/566 566/831/561
f 567/835/565 570/837/567 573/836/566
f 572/838/568 568/834/564 571/839/569
f 570/837/567 557/840/570 573/836/566
f 575/841/571 576/842/572 571/839/569
f 580/843/573 581/844/574 582/845/575
f 581/844/574 583/846/576 582/845/575
f 585/847/577 561/827/557 560/826/556
f 583/846/576 541/848/578 555/849/579
f 583/846/576 555/849/579 582/845/575
f 582/845/575 554/850/580 580/843/573
f 557/840/570 553/851/581 552/852/582
f 573/836/566 552/852/582 551/853/583
f 573/836/566 550/854/584 566/831/561
f 562/829/559 549/855/585 540/825/555
f 564/833/563 540/825/555 548/824/554
f 548/824/554 568/834/564 564/833/563
f 568/834/564 546/856/586 571/839/569
f 546/856/586 575/841/571 571/839/569
f 578/857/587 545/822/552 544/821/551
f 578/857/587 543/820/550 558/828/558
f 558/828/558 542/858/588 560/826/556
f 583/846/576 542/858/588 541/848/578
f 599/859/589 555/849/579 541/848/578
f 541/848/578 598/860/590 599/859/589
f 543/820/550 598/860/590 542/858/588
f 594/861/591 545/822/552 546/856/586
f 547/823/553 594/861/591 546/856/586
f 549/855/585 590/862/592 591/863/593
f 550/854/584 590/862/592 549/855/585
f 589/864/594 550/854/584 551/853/583
f 552/852/582 589/864/594 551/853/583
f 588/865/595 552/852/582 553/851/581
f 553/851/581 587/866/596 588/865/595
f 554/850/580 587/866/596 553/851/581
f 555/849/579 586/867/597 554/850/580
f 616/868/598 591/863/593 600/869/599
f 600/869/599 602/870/600 601/871/601
f 600/869/599 603/872/602 602/870/600
f 603/872/602 600/869/599 605/873/603
f 589/864/594 604/874/604 600/869/599
f 604/874/604 607/875/605 605/873/603
f 588/865/595 606/876/606 604/874/604
f 607/875/605 606/876/606 608/877/607
f 608/877/607 606/876/606 610/878/608
f 586/867/597 609/879/609 606/876/606
f 609/879/609 289/880/610 610/878/608
f 609/879/609 612/881/611 289/880/610
f 598/860/590 611/882/612 609/879/609
f 612/881/611 611/882/612 613/883/613
f 611/882/612 614/884/614 613/883/613
f 611/882/612 595/885/615 593/886/616
f 614/884/614 593/886/616 615/887/617
f 615/887/617 616/868/598 617/888/618
f 616/868/598 601/871/601 617/888/618
f 612/881/611 290/889/619 289/880/610
f 613/883/613 290/889/619 612/881/611
f 613/883/613 618/890/620 290/889/619
f 615/887/617 619/891/621 618/890/620
f 617/888/618 619/891/621 615/887/617
f 607/875/605 620/892/622 605/873/603
f 607/875/605 621/893/623 620/892/622
f 608/877/607 621/893/623 607/875/605
f 608/877/607 610/878/608 621/893/623
f 581/844/574 622/894/624 584/895/625
f 639/896/626 581/844/574 579/897/627
f 556/898/628 638/899/629 579/897/627
f 636/900/630 556/898/628 574/901/631
f 570/837/567 636/900/630 574/901/631
f 634/902/632 570/837/567 567/835/565
f 633/903/633 567/835/565 563/830/560
f 565/904/634 632/905/635 563/830/560
f 569/832/562 631/906/636 565/904/634
f 630/907/637 569/832/562 572/838/568
f 576/842/572 629/908/638 572/838/568
f 627/909/639 576/842/572 577/910/640
f 559/911/641 627/909/639 577/910/640
f 625/912/642 559/911/641 561/827/557
f 585/847/577 625/912/642 561/827/557
f 622/894/624 585/847/577 584/895/625
f 622/894/624 641/818/548 656/913/643
f 641/818/548 639/896/626 642/817/547
f 639/896/626 643/815/545 642/817/547
f 643/815/545 637/914/644 644/814/544
f 636/900/630 645/812/542 644/814/544
f 645/812/542 634/902/632 646/810/540
f 634/902/632 647/808/538 646/810/540
f 647/808/538 624/915/645 648/797/527
f 648/797/527 632/905/635 649/806/536
f 631/906/636 650/805/535 649/806/536
f 630/907/637 651/803/533 650/805/535
f 651/803/533 628/916/646 652/917/647
f 627/909/639 653/802/532 652/917/647
f 653/802/532 626/918/648 654/800/530
f 625/912/642 655/798/528 654/800/530
f 655/798/528 623/919/649 656/913/643
f 3/91/81 6/117/107 64/92/82
f 108/637/121 106/920/119 497/635/485
f 6/117/107 157/7/7 9/9/9
f 610/878/608 620/892/622 621/893/623
f 602/870/600 620/892/622 601/871/601
f 620/892/622 290/889/619 619/891/621
f 162/921/650 163/197/179 167/192/174
f 170/199/181 162/921/650 167/192/174
f 172/922/651 162/921/650 170/199/181
f 174/220/202 162/921/650 172/922/651
f 5/4/4 6/117/107 7/5/5
f 157/7/7 155/790/168 8/8/8
f 380/450/372 382/452/374 10/126/112
f 11/11/11 380/450/372 10/126/112
f 378/10/10 380/450/372 11/11/11
f 372/19/17 374/15/15 14/18/16
f 16/21/19 370/23/21 372/19/17
f 17/22/20 368/25/23 370/23/21
f 18/24/22 366/27/25 368/25/23
f 19/26/24 364/29/27 366/27/25
f 360/31/29 362/28/26 20/30/28
f 358/33/31 360/31/29 21/32/30
f 23/35/33 356/436/359 358/36/31
f 353/39/35 356/436/359 23/35/33
f 24/41/37 353/39/35 23/35/33
f 349/42/38 351/433/356 27/43/39
f 29/45/41 347/430/353 349/42/38
f 345/47/43 347/430/353 29/45/41
f 30/48/44 345/47/43 29/45/41
f 31/46/42 343/923/349 345/47/43
f 341/49/45 343/425/349 31/50/42
f 34/54/49 337/56/51 339/52/47
f 35/55/50 335/421/345 337/56/51
f 333/58/53 335/421/345 35/55/50
f 36/80/72 333/58/53 35/55/50
f 37/59/54 333/58/53 36/80/72
f 329/60/55 331/57/52 37/59/54
f 39/62/57 327/66/59 329/63/55
f 41/68/61 322/70/63 325/65/58
f 43/69/62 42/194/176 322/70/63
f 44/71/64 45/924/385 46/72/65
f 41/68/61 44/71/64 47/73/66
f 48/74/67 45/924/385 44/71/64
f 40/67/60 44/71/64 41/68/61
f 49/75/68 50/77/70 48/74/67
f 51/76/69 52/925/335 50/77/70
f 51/76/69 49/75/68 39/62/57
f 53/78/71 52/926/335 51/79/69
f 37/59/54 51/79/69 38/61/56
f 36/80/72 54/927/332 53/78/71
f 55/81/73 54/927/332 36/80/72
f 56/82/74 57/84/76 55/81/73
f 34/54/49 56/82/74 35/55/50
f 58/83/75 59/85/77 57/84/76
f 58/83/75 56/82/74 34/54/49
f 32/51/46 60/87/79 59/85/77
f 32/51/46 58/83/75 33/53/48
f 61/86/78 62/928/80 60/87/79
f 30/48/44 63/95/85 62/88/80
f 30/48/44 61/89/78 31/46/42
f 65/90/2 66/929/137 3/91/81
f 64/92/82 67/719/108 68/93/83
f 69/94/84 70/96/86 63/95/85
f 28/44/40 71/98/88 70/96/86
f 72/97/87 73/195/177 71/98/88
f 24/41/37 74/102/92 75/99/89
f 77/101/91 78/103/93 74/102/92
f 22/37/32 79/930/95 78/103/93
f 22/37/32 77/101/91 23/35/33
f 80/104/94 81/107/97 79/105/95
f 82/106/96 83/109/99 81/107/97
f 82/106/96 80/104/94 21/32/30
f 84/108/98 85/931/316 83/109/99
f 19/26/24 84/108/98 82/106/96
f 86/110/100 85/931/316 84/108/98
f 87/111/101 88/113/103 86/110/100
f 89/112/102 90/932/313 88/113/103
f 16/21/19 89/112/102 87/111/101
f 91/114/104 90/932/313 89/112/102
f 15/20/18 89/112/102 16/21/19
f 14/18/16 92/116/106 91/114/104
f 93/115/105 94/933/309 92/116/106
f 9/560/9 7/559/5 6/934/107
f 67/118/108 64/935/82 5/119/4
f 95/123/109 94/936/309 93/121/105
f 12/12/12 93/121/105 13/14/14
f 96/124/110 97/937/306 95/123/109
f 11/11/11 96/124/110 12/12/12
f 98/125/111 97/937/306 96/124/110
f 10/126/112 96/124/110 11/11/11
f 99/127/113 100/202/184 102/128/114
f 101/129/115 102/128/114 104/130/116
f 105/132/118 103/131/117 104/130/116
f 107/134/120 105/132/118 106/133/119
f 107/134/120 108/135/121 110/136/122
f 109/137/123 110/136/122 112/138/124
f 111/139/125 112/138/124 114/140/126
f 113/141/127 114/140/126 116/142/128
f 115/143/129 116/142/128 118/144/130
f 117/145/131 118/144/130 119/146/132
f 119/146/132 120/147/133 122/150/136
f 123/154/138 121/148/134 124/149/135
f 123/154/138 124/149/135 126/155/139
f 125/156/140 126/155/139 128/157/141
f 127/158/142 128/157/141 506/159/143
f 130/161/145 131/938/500 133/162/146
f 132/163/147 133/162/146 135/164/148
f 136/167/151 134/165/149 135/164/148
f 136/167/151 137/166/150 139/169/153
f 138/168/152 139/169/153 141/170/154
f 140/171/155 141/170/154 142/172/156
f 144/175/159 143/173/157 147/176/160
f 147/176/160 149/939/525 148/178/162
f 148/178/162 149/939/525 151/179/163
f 152/181/165 150/180/164 151/179/163
f 154/183/167 152/181/165 153/182/166
f 154/183/167 155/184/168 157/185/7
f 156/186/169 157/185/7 158/187/170
f 158/187/170 3/188/81 507/189/171
f 171/215/197 172/922/651 170/199/181
f 27/43/39 351/433/356 25/38/34
f 10/126/112 382/452/374 42/194/176
f 47/73/66 46/72/65 98/125/111
f 76/100/90 75/99/89 73/195/177
f 163/197/179 162/921/650 160/352/302
f 76/100/90 72/97/87 27/43/39
f 170/199/181 167/192/174 168/200/182
f 159/190/172 507/189/171 100/202/184
f 173/216/198 174/220/202 172/922/651
f 506/159/143 131/938/500 130/161/145
f 174/220/202 175/223/205 162/921/650
f 176/204/186 163/197/179 160/352/302
f 178/205/187 164/196/178 163/197/179
f 179/206/188 165/198/180 164/196/178
f 166/193/175 165/198/180 179/206/188
f 181/208/190 161/191/173 166/193/175
f 182/209/191 167/192/174 161/191/173
f 183/210/192 168/200/182 167/192/174
f 185/211/193 170/199/181 169/201/183
f 186/213/195 171/215/197 170/199/181
f 187/214/196 172/922/651 171/215/197
f 173/216/198 172/922/651 187/214/196
f 174/220/202 173/216/198 189/218/200
f 191/221/203 175/223/205 174/220/202
f 192/222/204 162/921/650 175/223/205
f 193/353/303 176/204/186 160/352/302
f 195/224/206 196/227/209 177/203/185
f 197/226/208 178/205/187 177/203/185
f 199/229/211 179/206/188 178/205/187
f 180/207/189 179/206/188 200/230/212
f 201/231/213 202/233/215 180/207/189
f 203/232/214 181/208/190 180/207/189
f 203/232/214 204/235/217 181/208/190
f 205/234/216 182/209/191 181/208/190
f 207/237/219 183/210/192 182/209/191
f 211/241/223 185/211/193 184/212/194
f 211/241/223 212/243/225 185/211/193
f 213/242/224 186/213/195 185/211/193
f 215/245/227 187/214/196 186/213/195
f 188/217/199 187/214/196 216/246/228
f 218/248/230 189/218/200 188/217/199
f 219/249/231 220/251/233 190/219/201
f 221/250/232 191/221/203 190/219/201
f 221/250/232 222/253/235 191/221/203
f 223/252/234 192/222/204 191/221/203
f 176/204/186 193/353/303 225/255/237
f 226/256/238 195/940/206 194/257/207
f 228/259/240 196/227/209 195/224/206
f 197/226/208 196/227/209 228/259/240
f 198/228/210 197/226/208 229/261/241
f 231/263/243 199/941/211 198/264/210
f 200/266/212 199/941/211 231/263/243
f 233/268/245 201/270/213 200/266/212
f 234/269/246 202/272/215 201/270/213
f 235/271/247 203/942/214 202/272/215
f 236/273/248 204/235/217 203/232/214
f 205/234/216 204/235/217 236/273/248
f 206/236/218 205/234/216 237/275/249
f 239/277/251 207/943/219 206/278/218
f 208/280/220 207/943/219 239/277/251
f 241/282/253 209/286/221 210/283/222
f 243/285/255 211/944/223 209/286/221
f 244/287/256 212/243/225 211/241/223
f 213/242/224 212/243/225 244/287/256
f 214/244/226 213/242/224 245/289/257
f 215/291/227 214/945/226 246/292/258
f 216/294/228 215/291/227 247/293/259
f 249/296/261 217/298/229 216/294/228
f 250/297/262 218/300/230 217/298/229
f 251/299/263 219/946/231 218/300/230
f 252/301/264 220/251/233 219/249/231
f 253/303/265 221/250/232 220/251/233
f 222/253/235 221/250/232 253/303/265
f 255/305/267 223/947/234 222/306/235
f 224/308/236 223/947/234 255/305/267
f 257/310/269 227/258/239 194/257/207
f 258/312/270 226/256/238 227/258/239
f 260/314/272 228/316/240 226/256/238
f 261/315/273 229/948/241 228/316/240
f 230/265/242 229/949/241 261/317/273
f 263/319/275 231/263/243 230/265/242
f 264/320/276 232/267/244 231/263/243
f 233/268/245 232/267/244 264/320/276
f 234/269/246 233/268/245 265/321/277
f 235/271/247 234/269/246 266/322/278
f 268/324/280 236/950/248 235/271/247
f 237/325/249 236/951/248 268/326/280
f 238/279/250 237/325/249 269/327/281
f 271/329/283 239/277/251 238/279/250
f 240/281/252 239/277/251 271/329/283
f 272/331/285 241/282/253 242/284/254
f 243/285/255 241/282/253 272/331/285
f 275/334/288 244/952/256 243/285/255
f 245/335/257 244/953/256 275/336/288
f 246/292/258 245/335/257 276/337/289
f 278/339/291 247/293/259 246/292/258
f 248/295/260 247/293/259 278/339/291
f 280/341/293 249/296/261 248/295/260
f 250/297/262 249/296/261 280/341/293
f 251/299/263 250/297/262 281/342/294
f 283/344/296 252/954/264 251/299/263
f 253/345/265 252/954/264 283/344/296
f 254/307/266 253/955/265 284/347/297
f 286/349/299 255/305/267 254/307/266
f 384/350/300 256/309/268 255/305/267
f 287/351/301 259/313/271 227/258/239
f 169/201/183 168/200/182 183/210/192
f 160/352/302 162/921/650 192/222/204
f 184/212/194 183/210/192 208/238/220
f 193/353/303 192/222/204 224/254/236
f 210/283/222 208/280/220 240/281/252
f 257/310/269 225/311/237 224/308/236
f 273/332/286 242/284/254 240/281/252
f 257/310/269 256/309/268 384/350/300
f 75/354/89 291/387/323 292/355/304
f 46/357/65 293/545/426 294/358/305
f 97/360/306 98/359/111 294/358/305
f 97/360/306 295/361/307 296/362/308
f 296/362/308 297/365/310 94/364/309
f 297/365/310 298/743/505 92/366/106
f 92/366/106 298/743/505 299/367/311
f 91/368/104 299/367/311 300/369/312
f 88/371/103 90/370/313 300/369/312
f 88/371/103 301/372/314 302/373/315
f 85/375/316 86/374/100 302/373/315
f 85/375/316 303/376/317 304/377/318
f 304/377/318 305/381/319 81/379/97
f 79/380/95 81/379/97 305/381/319
f 79/380/95 306/382/320 307/383/321
f 78/384/93 307/383/321 308/385/322
f 75/354/89 74/386/92 308/385/322
f 71/388/88 73/356/177 292/355/304
f 71/388/88 309/389/324 310/390/325
f 310/390/325 311/394/326 63/392/85
f 62/393/80 63/392/85 311/394/326
f 62/393/80 312/395/327 313/396/328
f 59/398/77 60/397/79 313/396/328
f 57/400/76 59/398/77 314/399/329
f 57/400/76 315/401/330 316/402/331
f 54/404/332 55/403/73 316/402/331
f 54/404/332 317/405/333 318/406/334
f 52/408/335 53/407/71 318/406/334
f 319/409/336 320/759/521 50/410/70
f 50/410/70 320/759/521 321/411/337
f 42/194/176 323/724/496 324/413/338
f 325/65/58 322/70/63 324/413/338
f 327/66/59 325/65/58 326/414/339
f 329/63/55 327/66/59 328/415/340
f 331/57/52 329/60/55 330/417/341
f 331/57/52 332/418/342 334/419/343
f 333/58/53 334/419/343 336/420/344
f 337/56/51 335/421/345 336/420/344
f 337/56/51 338/422/346 340/423/347
f 341/49/45 339/52/47 340/423/347
f 343/425/349 341/49/45 342/424/348
f 345/47/43 343/923/349 344/427/350
f 345/47/43 346/428/351 348/429/352
f 347/430/353 348/429/352 350/431/354
f 349/42/38 350/431/354 352/432/355
f 25/38/34 354/725/497 355/434/357
f 353/39/35 355/434/357 357/435/358
f 358/36/31 356/436/359 357/435/358
f 360/31/29 358/33/31 359/438/360
f 360/31/29 361/439/361 363/440/362
f 362/28/26 363/440/362 365/441/363
f 364/29/27 365/441/363 367/442/364
f 366/27/25 367/442/364 369/443/365
f 368/25/23 369/443/365 371/444/366
f 372/19/17 370/23/21 371/444/366
f 374/15/15 372/19/17 373/445/367
f 376/16/13 374/15/15 375/446/368
f 376/13/13 377/956/369 379/448/370
f 378/10/10 379/448/370 381/449/371
f 380/450/372 381/449/371 383/451/373
f 324/453/338 323/726/496 99/127/113
f 324/453/338 101/129/115 103/131/117
f 326/454/339 103/131/117 105/132/118
f 328/455/340 105/132/118 107/134/120
f 330/456/341 107/134/120 109/137/123
f 334/458/343 332/457/342 109/137/123
f 336/459/344 334/458/343 111/139/125
f 336/459/344 113/141/127 115/143/129
f 340/461/347 338/460/346 115/143/129
f 342/462/348 340/461/347 117/145/131
f 342/462/348 119/146/132 121/148/134
f 344/463/350 121/148/134 123/154/138
f 346/464/351 123/154/138 125/156/140
f 350/466/354 348/465/352 125/156/140
f 352/467/355 350/466/354 127/158/142
f 355/468/357 354/727/497 130/161/145
f 355/468/357 132/163/147 134/165/149
f 357/469/358 134/165/149 136/167/151
f 359/470/360 136/167/151 138/168/152
f 361/471/361 138/168/152 140/171/155
f 365/473/363 363/472/362 140/171/155
f 367/474/364 365/473/363 143/173/157
f 367/474/364 144/175/159 146/177/161
f 371/476/366 369/475/365 146/177/161
f 373/477/367 371/476/366 148/178/162
f 373/477/367 150/180/164 152/181/165
f 375/478/368 152/181/165 154/183/167
f 377/479/369 154/183/167 156/186/169
f 381/481/371 379/480/370 156/186/169
f 383/482/373 381/481/371 158/187/170
f 385/483/375 283/344/296 282/343/295
f 386/484/376 280/341/293 279/340/292
f 387/485/377 276/337/289 275/336/288
f 388/487/378 275/334/288 274/333/287
f 389/488/379 274/333/287 272/331/285
f 428/490/381 288/330/284 271/329/283
f 391/491/382 271/329/283 270/328/282
f 392/492/383 269/327/281 268/326/280
f 321/411/337 394/544/425 45/494/385
f 393/493/384 264/320/276 263/319/275
f 395/495/386 263/319/275 262/318/274
f 396/714/387 261/315/273 260/314/272
f 397/499/389 2/498/3 65/957/2
f 398/497/388 399/728/494 2/498/3
f 400/500/390 401/729/495 402/501/391
f 404/503/393 400/500/390 403/502/392
f 406/505/395 404/503/393 405/504/394
f 408/507/397 406/505/395 407/506/396
f 409/509/398 408/507/397 385/508/375
f 411/511/400 409/509/398 410/510/399
f 413/513/402 411/511/400 412/512/401
f 414/515/403 413/513/402 386/514/376
f 416/517/405 414/515/403 415/516/404
f 418/519/407 416/517/405 417/518/406
f 420/521/409 418/519/407 419/520/408
f 421/523/410 420/521/409 387/522/377
f 422/525/411 421/523/410 388/524/378
f 423/527/412 422/525/411 389/526/379
f 425/529/414 423/527/412 424/528/413
f 426/531/415 427/730/498 428/532/381
f 429/534/416 426/531/415 391/533/382
f 431/536/418 429/534/416 430/535/417
f 432/538/419 431/536/418 392/537/383
f 434/540/421 432/538/419 433/539/420
f 436/542/423 434/540/421 435/541/422
f 46/357/65 45/494/385 394/544/425
f 438/546/427 436/542/423 437/543/424
f 440/548/429 438/546/427 439/547/428
f 441/550/430 440/548/429 393/549/384
f 442/552/431 441/550/430 395/551/386
f 444/554/433 442/552/431 443/553/432
f 396/555/387 445/557/435 446/556/434
f 445/557/435 67/118/108 4/120/6
f 8/558/8 447/561/436 7/559/5
f 447/561/436 8/558/8 449/562/437
f 450/564/439 448/563/438 449/562/437
f 452/566/441 450/564/439 451/565/440
f 454/568/443 452/566/441 453/567/442
f 456/570/445 454/568/443 455/569/444
f 458/572/447 456/570/445 457/571/446
f 460/574/449 458/572/447 459/573/448
f 462/576/451 460/574/449 461/575/450
f 464/578/453 462/576/451 463/577/452
f 466/580/455 464/578/453 465/579/454
f 468/582/457 466/580/455 467/581/456
f 470/584/459 468/582/457 469/583/458
f 472/586/461 473/731/499 474/587/462
f 476/589/464 472/586/461 475/588/463
f 478/591/466 476/589/464 477/590/465
f 480/593/468 478/591/466 479/592/467
f 482/595/470 480/593/468 481/594/469
f 484/597/472 482/595/470 483/596/471
f 486/599/474 484/597/472 485/598/473
f 488/601/476 486/599/474 487/600/475
f 490/603/478 488/601/476 489/602/477
f 492/605/480 490/603/478 491/604/479
f 494/607/482 492/605/480 493/606/481
f 496/609/484 494/607/482 495/608/483
f 498/611/486 496/609/484 497/610/485
f 500/613/488 498/611/486 499/612/487
f 500/613/488 501/614/489 502/615/490
f 504/617/492 66/151/137 1/153/1
f 399/619/494 505/738/493 1/1/1
f 447/620/436 446/623/434 4/6/6
f 402/621/391 384/350/300 286/349/299
f 446/623/434 447/620/436 448/624/438
f 100/733/184 502/732/490 501/765/489
f 403/622/392 286/349/299 285/348/298
f 450/627/439 442/632/431 444/628/433
f 405/626/394 285/348/298 284/347/297
f 452/631/441 441/634/430 442/632/431
f 407/958/396 284/346/297 385/483/375
f 454/633/443 440/640/429 441/634/430
f 456/639/445 438/642/427 440/640/429
f 108/637/121 495/636/483 493/784/481
f 410/638/399 282/343/295 281/342/294
f 438/642/427 456/639/445 458/643/447
f 436/644/423 458/643/447 460/645/449
f 462/648/451 432/959/419 434/646/421
f 415/647/404 279/340/292 278/339/291
f 432/653/419 462/960/451 464/654/453
f 116/651/128 487/650/475 485/656/473
f 277/338/290 419/961/408 417/652/406
f 466/658/455 429/660/416 431/655/418
f 118/657/130 485/656/473 483/661/471
f 419/961/408 277/338/290 387/485/377
f 468/659/457 426/665/415 429/660/416
f 470/664/459 427/735/498 426/665/415
f 122/663/136 481/662/469 479/666/467
f 124/766/135 479/962/467 477/767/465
f 425/669/414 473/734/499 472/670/461
f 423/671/412 472/670/461 476/672/464
f 422/673/411 476/672/464 478/677/466
f 421/679/410 478/963/466 480/680/468
f 131/737/500 471/736/460 469/776/458
f 482/683/470 418/685/407 420/681/409
f 430/682/417 270/328/282 392/492/383
f 484/684/472 416/689/405 418/685/407
f 268/326/280 433/964/420 392/492/383
f 416/689/405 484/684/472 486/690/474
f 137/688/150 465/687/454 463/965/452
f 433/692/420 268/324/280 267/323/279
f 488/694/476 413/696/402 414/691/403
f 435/693/422 267/323/279 266/322/278
f 413/696/402 488/694/476 490/697/478
f 437/695/424 266/322/278 265/321/277
f 411/698/400 490/697/478 492/700/480
f 439/699/428 265/321/277 393/493/384
f 409/701/398 492/700/480 494/705/482
f 145/704/158 457/703/446 455/778/444
f 496/707/484 406/966/395 408/706/397
f 498/709/486 404/713/393 406/710/395
f 443/708/432 262/318/274 396/496/387
f 500/712/488 400/716/390 404/713/393
f 8/8/8 155/790/168 449/789/437
f 400/716/390 500/712/488 503/717/491
f 445/715/435 260/314/272 68/93/83
f 259/313/271 397/721/389 65/90/2
f 259/313/271 287/351/301 398/720/388
f 3/91/81 66/929/137 504/722/492
f 382/452/374 383/451/373 323/724/496
f 351/433/356 352/432/355 354/725/497
f 323/726/496 383/482/373 159/190/172
f 354/727/497 352/467/355 129/160/144
f 390/489/380 273/332/286 288/330/284
f 399/728/494 398/497/388 402/501/391
f 427/730/498 425/529/414 390/530/380
f 473/731/499 470/584/459 471/585/460
f 502/615/490 504/617/492 505/618/493
f 398/720/388 287/351/301 384/350/300
f 507/723/171 504/722/492 502/732/490
f 473/734/499 425/669/414 427/735/498
f 506/676/143 474/675/462 471/736/460
f 505/738/493 399/619/494 401/718/495
f 508/739/501 509/819/549 295/361/307
f 295/361/307 509/819/549 510/740/502
f 296/362/308 510/740/502 511/741/503
f 297/365/310 511/741/503 512/742/504
f 512/742/504 513/816/546 299/367/311
f 299/367/311 513/816/546 514/744/506
f 514/744/506 515/813/543 301/372/314
f 301/372/314 515/813/543 516/745/507
f 516/745/507 517/811/541 303/376/317
f 303/376/317 517/811/541 518/746/508
f 304/377/318 518/746/508 519/747/509
f 519/747/509 520/748/510 306/382/320
f 520/748/510 521/809/539 307/383/321
f 307/383/321 521/809/539 522/749/511
f 522/749/511 523/796/526 291/387/323
f 524/750/512 525/807/537 309/389/324
f 309/389/324 525/807/537 526/751/513
f 310/390/325 526/751/513 527/752/514
f 527/752/514 528/753/515 312/395/327
f 528/753/515 529/804/534 313/396/328
f 313/396/328 529/804/534 530/754/516
f 314/399/329 530/754/516 531/755/517
f 531/755/517 532/756/518 316/402/331
f 532/756/518 533/801/531 317/405/333
f 317/405/333 533/801/531 534/757/519
f 318/406/334 534/757/519 535/758/520
f 535/758/520 536/760/522 320/759/521
f 536/760/522 537/799/529 321/411/337
f 321/411/337 537/799/529 538/761/523
f 538/761/523 539/762/524 293/545/426
f 291/387/323 523/796/526 524/750/512
f 539/762/524 508/739/501 294/358/305
f 499/763/487 104/793/116 102/764/114
f 120/788/133 483/661/471 122/663/136
f 126/768/139 477/767/465 475/674/463
f 128/769/141 475/674/463 506/676/143
f 469/776/458 133/775/146 131/737/500
f 451/770/440 151/779/163 149/771/525
f 135/967/148 467/686/456 137/688/150
f 463/965/452 139/968/153 137/688/150
f 141/773/154 461/783/450 459/702/448
f 142/774/156 459/702/448 145/704/158
f 467/686/456 135/967/148 133/775/146
f 453/772/442 149/771/525 147/777/160
f 151/779/163 451/770/440 449/780/437
f 139/782/153 463/969/452 461/783/450
f 112/786/124 491/792/479 489/649/477
f 501/765/489 102/764/114 100/733/184
f 110/785/122 493/784/481 491/792/479
f 104/793/116 499/763/487 497/794/485
f 508/739/501 539/762/524 656/913/643
f 655/798/528 656/913/643 539/762/524
f 538/761/523 537/799/529 655/798/528
f 536/760/522 654/800/530 655/798/528
f 534/757/519 653/802/532 654/800/530
f 532/756/518 652/917/647 653/802/532
f 532/756/518 531/755/517 652/917/647
f 651/803/533 652/917/647 531/755/517
f 530/754/516 529/804/534 651/803/533
f 528/753/515 650/805/535 651/803/533
f 649/806/536 650/805/535 527/752/514
f 524/750/512 648/797/527 649/806/536
f 523/796/526 522/749/511 647/808/538
f 522/749/511 521/809/539 647/808/538
f 520/748/510 646/810/540 647/808/538
f 518/746/508 645/812/542 646/810/540
f 516/745/507 644/814/544 645/812/542
f 515/813/543 514/744/506 643/815/545
f 512/742/504 642/817/547 643/815/545
f 641/818/548 642/817/547 511/741/503
f 508/739/501 656/913/643 641/818/548
f 558/828/558 561/827/557 559/911/641
f 564/833/563 565/904/634 562/829/559
f 566/831/561 563/830/560 567/835/565
f 569/832/562 565/904/634 564/833/563
f 568/834/564 572/838/568 569/832/562
f 576/842/572 572/838/568 571/839/569
f 570/837/567 574/901/631 557/840/570
f 574/901/631 556/898/628 557/840/570
f 577/910/640 576/842/572 575/841/571
f 578/857/587 577/910/640 575/841/571
f 557/840/570 556/898/628 580/843/573
f 556/898/628 579/897/627 580/843/573
f 559/911/641 577/910/640 578/857/587
f 558/828/558 559/911/641 578/857/587
f 580/843/573 579/897/627 581/844/574
f 581/844/574 584/895/625 583/846/576
f 583/846/576 585/847/577 560/826/556
f 565/904/634 563/830/560 562/829/559
f 583/846/576 584/895/625 585/847/577
f 582/845/575 555/849/579 554/850/580
f 580/843/573 554/850/580 553/851/581
f 557/840/570 580/843/573 553/851/581
f 573/836/566 557/840/570 552/852/582
f 573/836/566 551/853/583 550/854/584
f 566/831/561 550/854/584 549/855/585
f 562/829/559 566/831/561 549/855/585
f 564/833/563 562/829/559 540/825/555
f 548/824/554 547/823/553 568/834/564
f 568/834/564 547/823/553 546/856/586
f 546/856/586 545/822/552 575/841/571
f 578/857/587 575/841/571 545/822/552
f 578/857/587 544/821/551 543/820/550
f 558/828/558 543/820/550 542/858/588
f 583/846/576 560/826/556 542/858/588
f 541/848/578 542/858/588 598/860/590
f 543/820/550 597/970/652 598/860/590
f 596/971/653 597/970/652 543/820/550
f 543/820/550 545/822/552 596/971/653
f 595/885/615 596/971/653 545/822/552
f 594/861/591 595/885/615 545/822/552
f 547/823/553 593/886/616 594/861/591
f 592/972/654 593/886/616 547/823/553
f 547/823/553 540/825/555 592/972/654
f 591/863/593 592/972/654 540/825/555
f 540/825/555 549/855/585 591/863/593
f 550/854/584 589/864/594 590/862/592
f 552/852/582 588/865/595 589/864/594
f 554/850/580 586/867/597 587/866/596
f 555/849/579 599/859/589 586/867/597
f 616/868/598 600/869/599 601/871/601
f 616/868/598 592/972/654 591/863/593
f 591/863/593 590/862/592 600/869/599
f 600/869/599 590/862/592 589/864/594
f 600/869/599 604/874/604 605/873/603
f 589/864/594 588/865/595 604/874/604
f 604/874/604 606/876/606 607/875/605
f 588/865/595 587/866/596 606/876/606
f 606/876/606 587/866/596 586/867/597
f 606/876/606 609/879/609 610/878/608
f 609/879/609 586/867/597 599/859/589
f 609/879/609 599/859/589 598/860/590
f 612/881/611 609/879/609 611/882/612
f 598/860/590 597/970/652 611/882/612
f 597/970/652 596/971/653 611/882/612
f 611/882/612 596/971/653 595/885/615
f 611/882/612 593/886/616 614/884/614
f 593/886/616 595/885/615 594/861/591
f 615/887/617 593/886/616 616/868/598
f 593/886/616 592/972/654 616/868/598
f 613/883/613 614/884/614 618/890/620
f 614/884/614 615/887/617 618/890/620
f 617/888/618 601/871/601 619/891/621
f 605/873/603 620/892/622 603/872/602
f 581/844/574 640/973/655 622/894/624
f 581/844/574 639/896/626 640/973/655
f 579/897/627 638/899/629 639/896/626
f 637/914/644 638/899/629 556/898/628
f 636/900/630 637/914/644 556/898/628
f 570/837/567 635/974/656 636/900/630
f 570/837/567 634/902/632 635/974/656
f 567/835/565 633/903/633 634/902/632
f 624/915/645 633/903/633 563/830/560
f 565/904/634 631/906/636 632/905/635
f 569/832/562 630/907/637 631/906/636
f 572/838/568 629/908/638 630/907/637
f 628/916/646 629/908/638 576/842/572
f 627/909/639 628/916/646 576/842/572
f 559/911/641 626/918/648 627/909/639
f 625/912/642 626/918/648 559/911/641
f 585/847/577 623/919/649 625/912/642
f 632/905/635 624/915/645 563/830/560
f 622/894/624 623/919/649 585/847/577
f 641/818/548 622/894/624 640/973/655
f 641/818/548 640/973/655 639/896/626
f 639/896/626 638/899/629 643/815/545
f 643/815/545 638/899/629 637/914/644
f 637/914/644 636/900/630 644/814/544
f 645/812/542 636/900/630 635/974/656
f 645/812/542 635/974/656 634/902/632
f 634/902/632 633/903/633 647/808/538
f 647/808/538 633/903/633 624/915/645
f 649/806/536 632/905/635 631/906/636
f 631/906/636 630/907/637 650/805/535
f 630/907/637 629/908/638 651/803/533
f 651/803/533 629/908/638 628/916/646
f 628/916/646 627/909/639 652/917/647
f 653/802/532 627/909/639 626/918/648
f 626/918/648 625/912/642 654/800/530
f 655/798/528 625/912/642 623/919/649
f 624/915/645 632/905/635 648/797/527
f 623/919/649 622/894/624 656/913/643
f 6/117/107 3/91/81 157/7/7
f 603/872/602 620/892/622 602/870/600
f 610/878/608 289/880/610 620/892/622
f 620/892/622 289/880/610 290/889/619
f 620/892/622 619/891/621 601/871/601
f 619/891/621 290/889/619 618/890/620
