# https://github.com/mikedh/trimesh
v -0.16499835 -0.12297252 -0.38162333
v -0.17493038 -0.12297252 -0.38132399
v -0.15460791 -0.12297252 -0.38124919
v 0.00499228 -0.32497537 -0.37279272
v -0.00501616 -0.33496517 -0.37294239
v -0.05498194 -0.36497188 -0.37346625
v -0.18417482 -0.12297252 -0.38080019
v -0.14528708 -0.12297252 -0.38050079
v 0.04074761 -0.29897204 -0.37017345
v 0.04074761 -0.30073056 -0.37017345
v 0.00567988 -0.33567604 -0.37219405
v -0.04497350 -0.37196845 -0.37099665
v -0.05498194 -0.37294126 -0.37159538
v -0.06499038 -0.37200588 -0.37114632
v -0.06499038 -0.36497188 -0.37226886
v -0.19364846 -0.12297252 -0.37997699
v -0.19166204 -0.12297252 -0.38020146
v -0.13428544 -0.12297252 -0.37915379
v 0.13494916 -0.15503706 -0.35722691
v 0.08498338 -0.25500959 -0.36471045
v 0.09499182 -0.25500959 -0.36328858
v 0.10194424 -0.30241421 -0.36126804
v 0.00277667 -0.34211141 -0.37122118
v -0.03939628 -0.37062153 -0.37024832
v 0.00927070 -0.37978816 -0.34981817
v -0.04497350 -0.37694463 -0.36762905
v -0.05498194 -0.37795484 -0.36830258
v -0.06499038 -0.37701946 -0.36762905
v -0.13497303 -0.38648543 -0.34749824
v -0.13497303 -0.38150924 -0.35086584
v -0.07072040 -0.37073377 -0.37039798
v -0.19693367 -0.12297252 -0.37945312
v 0.04296322 -0.12297252 -0.35528117
v 0.13456716 -0.14448607 -0.35273671
v 0.14495760 -0.15503706 -0.35580498
v 0.15496604 -0.16502683 -0.35445797
v 0.14434640 -0.22500286 -0.35296124
v 0.15985565 -0.27929184 -0.33986497
v 0.15297963 -0.28501630 -0.34173590
v 0.15068762 -0.29059112 -0.34038883
v 0.09797142 -0.35842428 -0.32901376
v 0.06045888 -0.37035963 -0.34031397
v 0.05495807 -0.35771340 -0.34914464
v 0.05327726 -0.33309442 -0.36186671
v 0.04907525 -0.33975425 -0.35984612
v 0.05495807 -0.36497188 -0.34525317
v 0.07153693 -0.40081531 -0.31075388
v 0.04158802 -0.40055341 -0.32055736
v 0.04494963 -0.44141045 -0.28156787
v -0.04497350 -0.38180858 -0.36261505
v 0.01186831 -0.44073698 -0.29054821
v -0.05498194 -0.38240719 -0.36328858
v -0.14956549 -0.44006351 -0.30005234
v -0.15124629 -0.44006351 -0.30005234
v -0.15789312 -0.43980160 -0.29967815
v -0.16499835 -0.43411455 -0.30371928
v -0.16499835 -0.42839009 -0.30873328
v 0.00499228 -0.44141045 -0.29114687
v -0.00501616 -0.44185942 -0.29159588
v -0.16499835 -0.42341390 -0.31262475
v -0.16117834 -0.40103981 -0.33058536
v -0.14009185 -0.38008749 -0.35004264
v -0.13497303 -0.37499905 -0.35318577
v -0.17470118 -0.34473044 -0.35168904
v -0.17493038 -0.33496517 -0.35341024
v -0.20495570 -0.12503034 -0.37743253
v -0.20487930 -0.12297252 -0.37773192
v 0.11294588 -0.12297252 -0.34585184
v 0.11493229 -0.12297252 -0.34555250
v 0.12295432 -0.12297252 -0.34413064
v 0.13533117 -0.12297252 -0.34181070
v 0.14495760 -0.14751668 -0.35206324
v 0.15496604 -0.15466292 -0.35266191
v 0.16199486 -0.15776835 -0.35124004
v 0.16291167 -0.16502683 -0.35146451
v 0.16703728 -0.17501660 -0.34884530
v 0.17498291 -0.18500637 -0.34405577
v 0.17971973 -0.19896212 -0.33979017
v 0.17903213 -0.20502332 -0.33934110
v 0.17544131 -0.26462519 -0.33283043
v 0.17230891 -0.27502653 -0.33200723
v 0.17062810 -0.28105032 -0.33058536
v 0.16497448 -0.28464216 -0.33327943
v 0.15794565 -0.28501630 -0.33859277
v 0.18017814 -0.36022019 -0.28014600
v 0.10156224 -0.38120991 -0.31127769
v 0.09040780 -0.39026433 -0.31023002
v 0.10018703 -0.41016904 -0.29009920
v 0.08949099 -0.44982880 -0.25979066
v 0.09499182 -0.41162822 -0.29129654
v 0.05144366 -0.44051248 -0.28037053
v 0.08276777 -0.45057708 -0.26083839
v 0.05067965 -0.45012811 -0.27019286
v -0.01494819 -0.44215876 -0.29174554
v -0.01494819 -0.44717234 -0.28560901
v -0.01494819 -0.45035261 -0.28059500
v -0.00501616 -0.46928453 -0.24864015
v -0.01494819 -0.46924710 -0.24841565
v -0.14108506 -0.45024037 -0.28044534
v -0.15476072 -0.44212133 -0.29578668
v -0.16293554 -0.44152269 -0.29301780
v -0.20090649 -0.43078464 -0.29114687
v -0.18234122 -0.43082204 -0.30080068
v -0.17493038 -0.43239346 -0.30214775
v 0.00430468 -0.44691044 -0.28403747
v -0.00501616 -0.44687301 -0.28545934
v -0.17233278 -0.42165542 -0.31127769
v -0.18898804 -0.42943770 -0.29930401
v -0.19242606 -0.42277783 -0.30154908
v -0.19922568 -0.36949909 -0.32968730
v -0.17126317 -0.35105354 -0.35064131
v -0.18104240 -0.34121343 -0.35056651
v -0.21496414 -0.13502011 -0.37316692
v -0.21496414 -0.12503034 -0.37466365
v -0.21496414 -0.12297252 -0.37496299
v 0.13693558 -0.12297252 -0.34143651
v 0.14174879 -0.12297252 -0.34023917
v 0.15427844 -0.12297252 -0.33657223
v 0.16489807 -0.12297252 -0.33305490
v 0.17154489 -0.12297252 -0.33066016
v 0.17658731 -0.12297252 -0.32871443
v 0.18499134 -0.12297252 -0.32534683
v 0.19331898 -0.12297252 -0.32160503
v 0.19828500 -0.12297252 -0.31921029
v 0.20340382 -0.12297252 -0.31644136
v 0.21104385 -0.12297252 -0.31210089
v 0.21234265 -0.12297252 -0.31135255
v 0.21631546 -0.12297252 -0.30903262
v 0.21730867 -0.12297252 -0.30843395
v 0.18033093 -0.15926494 -0.34023917
v 0.16787769 -0.16502683 -0.34884530
v 0.17498291 -0.17501660 -0.34457964
v 0.18086573 -0.18500637 -0.34061337
v 0.18040733 -0.19230227 -0.34023917
v 0.25046641 -0.19170363 -0.29039854
v 0.18033093 -0.26103339 -0.33028603
v 0.17910853 -0.26769322 -0.32901376
v 0.24336116 -0.26503676 -0.27288693
v 0.24145116 -0.27244490 -0.27124053
v 0.18674855 -0.35498211 -0.27700293
v 0.11989830 -0.40990713 -0.27992153
v 0.19041577 -0.36063176 -0.27041739
v 0.19904900 -0.37859088 -0.24916400
v 0.19232577 -0.38236979 -0.25163358
v 0.11325148 -0.41192752 -0.28186727
v 0.08567098 -0.45282197 -0.25582439
v 0.09499182 -0.44810772 -0.25844365
v 0.10224985 -0.45117575 -0.25148392
v 0.09499182 -0.45226076 -0.25342965
v 0.06076449 -0.46019271 -0.25028652
v 0.04494963 -0.45858389 -0.25754559
v 0.00499228 -0.46924710 -0.24841565
v 0.02493276 -0.45181179 -0.27266246
v 0.00048466 -0.45005327 -0.28007120
v 0.00713149 -0.44964170 -0.27939767
v -0.00501616 -0.45027778 -0.28044534
v -0.00501616 -0.47179133 -0.24362615
v -0.01494819 -0.47156683 -0.24340165
v -0.01494819 -0.49438989 -0.18495490
v -0.02495663 -0.49326745 -0.18495490
v -0.01494819 -0.49753273 -0.17492689
v -0.02495663 -0.49626064 -0.17492689
v -0.03496507 -0.50056338 -0.15202715
v -0.14498147 -0.45607707 -0.25492638
v -0.15498991 -0.45439339 -0.25492638
v -0.15498991 -0.44616213 -0.28493553
v -0.00501616 -0.48118246 -0.22237279
v -0.01036417 -0.49004978 -0.20014656
v -0.18050760 -0.45024037 -0.24108173
v -0.19800328 -0.43894106 -0.24497320
v -0.20495570 -0.43549889 -0.23494521
v -0.20587251 -0.43344107 -0.24549705
v -0.21129692 -0.43104655 -0.23494521
v -0.21060932 -0.43048531 -0.24250361
v -0.21733254 -0.42723021 -0.22499204
v -0.22031215 -0.42045814 -0.24175526
v -0.21167892 -0.42184246 -0.27498233
v -0.21068572 -0.42090711 -0.28246593
v -0.20969251 -0.41813838 -0.28912634
v -0.21985376 -0.37975076 -0.30985582
v -0.21167892 -0.37215555 -0.32138056
v -0.20136489 -0.36280182 -0.33133370
v -0.19311365 -0.34499234 -0.34218490
v -0.25056666 -0.17131253 -0.35034198
v -0.25385189 -0.15503706 -0.35236257
v -0.24705225 -0.14500988 -0.35857391
v -0.24208623 -0.14500988 -0.36096865
v -0.23498102 -0.14500988 -0.36426145
v -0.23498102 -0.13502011 -0.36620718
v -0.22757018 -0.13502011 -0.36927545
v -0.22550738 -0.12499292 -0.37137085
v -0.23024419 -0.12297252 -0.37009865
v 0.22510150 -0.12297252 -0.30356961
v 0.18071294 -0.16502683 -0.34053850
v 0.17498291 -0.16502683 -0.34435511
v 0.23022032 -0.12297252 -0.30020201
v 0.23510994 -0.12297252 -0.29675955
v 0.18101853 -0.17501660 -0.34076303
v 0.25046641 -0.18803698 -0.29039854
v 0.26016921 -0.19503355 -0.28014600
v 0.26009285 -0.20042130 -0.28007120
v 0.25894684 -0.20708114 -0.27909833
v 0.26162082 -0.22500286 -0.27146506
v 0.26055121 -0.23128855 -0.27049220
v 0.24962600 -0.25920004 -0.26966900
v 0.24832718 -0.26503676 -0.26832199
v 0.25115401 -0.27222043 -0.26136225
v 0.24534757 -0.27566260 -0.26540339
v 0.12012751 -0.42008397 -0.27011800
v 0.18751256 -0.38902962 -0.24908917
v 0.24977879 -0.30956045 -0.23965986
v 0.21998268 -0.39003983 -0.21997805
v 0.19576380 -0.38581195 -0.24579640
v 0.06886292 -0.46984574 -0.22970669
v 0.17123930 -0.44069958 -0.20096976
v 0.14205439 -0.47134233 -0.17118511
v 0.13441436 -0.47800219 -0.16474922
v 0.12761474 -0.47953618 -0.16796717
v 0.08208017 -0.47089338 -0.22169927
v 0.20493183 -0.41241392 -0.21256930
v 0.21035625 -0.41046834 -0.21039906
v 0.19881980 -0.41941050 -0.20912685
v 0.20202862 -0.42176765 -0.20246647
v 0.07497494 -0.47186613 -0.22357015
v 0.03853201 -0.46980834 -0.23958503
v 0.01492432 -0.46857363 -0.24736795
v 0.02493276 -0.47396138 -0.23494521
v 0.02493276 -0.47830153 -0.22596490
v 0.00499228 -0.48136953 -0.22274697
v -0.00501616 -0.47564507 -0.23494521
v -0.00501616 -0.49764499 -0.17492689
v -0.00501616 -0.50075042 -0.16287833
v -0.01494819 -0.50228441 -0.15494573
v -0.02495663 -0.50123680 -0.15546960
v -0.03496507 -0.50176060 -0.14499258
v -0.04207029 -0.50063819 -0.14499258
v -0.04008389 -0.50003958 -0.15015624
v -0.15498991 -0.45663828 -0.24497320
v 0.00499228 -0.48451239 -0.21496405
v -0.00853057 -0.49004978 -0.20014656
v -0.18058401 -0.45027778 -0.23494521
v -0.20044808 -0.44032541 -0.22169927
v -0.04925192 -0.49977764 -0.13833219
v -0.06040636 -0.50011438 -0.11109196
v -0.06155236 -0.50045109 -0.10495543
v -0.06659478 -0.49887967 -0.10495543
v -0.06766438 -0.49936607 -0.09492743
v -0.07102600 -0.50082529 -0.06304739
v -0.21229012 -0.43164515 -0.22499204
v -0.21771455 -0.42764178 -0.21496405
v -0.22130536 -0.42221662 -0.22499204
v -0.22077055 -0.42120641 -0.23494521
v -0.25782472 -0.36650589 -0.21496405
v -0.26095712 -0.36149231 -0.21496405
v -0.25988752 -0.35980862 -0.22933252
v -0.21962455 -0.41922343 -0.24841565
v -0.24964987 -0.36946166 -0.24856532
v -0.25133067 -0.36246508 -0.25492638
v -0.25026107 -0.36048210 -0.26068872
v -0.24888586 -0.35760114 -0.26734912
v -0.27715397 -0.24558103 -0.30476701
v -0.27043074 -0.25074428 -0.31037968
v -0.27165312 -0.24501982 -0.31150222
v -0.25041386 -0.35094130 -0.27086639
v -0.29113519 -0.25216606 -0.28194207
v -0.28899598 -0.24801300 -0.28860247
v -0.29052401 -0.24135315 -0.29069787
v -0.27600795 -0.15503706 -0.33657223
v -0.26997232 -0.16005066 -0.33993983
v -0.27096552 -0.15503706 -0.34068817
v -0.26515913 -0.16401663 -0.34240937
v -0.19815607 -0.34499234 -0.33874243
v -0.25683147 -0.16502683 -0.34802210
v -0.25881791 -0.15503706 -0.34929430
v -0.25988752 -0.14972416 -0.34989297
v -0.25591469 -0.14583300 -0.35326058
v -0.25499788 -0.13502011 -0.35587984
v -0.24888586 -0.13502011 -0.35939711
v -0.24391983 -0.13502011 -0.36186671
v -0.23429340 -0.12499292 -0.36800325
v -0.22917458 -0.12828544 -0.36972445
v -0.23467541 -0.12297252 -0.36807805
v 0.22617111 -0.16502683 -0.30716175
v 0.23350553 -0.17501660 -0.30252194
v 0.24038155 -0.12297252 -0.29286808
v 0.23847155 -0.17501660 -0.29878014
v 0.24710478 -0.12297252 -0.28770441
v 0.25329322 -0.12297252 -0.28269047
v 0.25825924 -0.12297252 -0.27849960
v 0.26398927 -0.12297252 -0.27348566
v 0.26895529 -0.12297252 -0.26899546
v 0.27415049 -0.12297252 -0.26405632
v 0.28423530 -0.12297252 -0.25417799
v 0.28920132 -0.12297252 -0.24916400
v 0.29263937 -0.12297252 -0.24519770
v 0.29852217 -0.12297252 -0.23816314
v 0.30173099 -0.12297252 -0.23419684
v 0.30761379 -0.12297252 -0.22686294
v 0.31135744 -0.12297252 -0.22184893
v 0.26864964 -0.20502332 -0.26764846
v 0.26788568 -0.21501309 -0.26712459
v 0.27078885 -0.22500286 -0.26128739
v 0.26666325 -0.22500286 -0.26630139
v 0.27025408 -0.23095183 -0.26046419
v 0.26475322 -0.23446882 -0.26472986
v 0.25940520 -0.25867623 -0.25926685
v 0.25291121 -0.26503676 -0.26330799
v 0.24932040 -0.27888027 -0.25919199
v 0.25795364 -0.26503676 -0.25724626
v 0.26872605 -0.25714225 -0.24811630
v 0.25971085 -0.28928161 -0.23951018
v 0.25176519 -0.31322712 -0.23299947
v 0.22907431 -0.38798201 -0.20837849
v 0.22181629 -0.39228472 -0.21496405
v 0.06534851 -0.47807699 -0.21451503
v 0.06229249 -0.48043415 -0.21084808
v 0.17337851 -0.44238323 -0.19498289
v 0.14518680 -0.47280151 -0.16504857
v 0.19011016 -0.43007374 -0.20007172
v 0.13685916 -0.47890013 -0.15494573
v 0.13067074 -0.48020965 -0.16130678
v 0.15137522 -0.47085595 -0.16183063
v 0.14495760 -0.47553280 -0.15494573
v 0.09262341 -0.49064839 -0.15314968
v 0.09499182 -0.48690695 -0.16497374
v 0.06534851 -0.48155659 -0.20553474
v 0.06893932 -0.47979808 -0.20920169
v 0.07497494 -0.47579470 -0.21496405
v 0.21960068 -0.39965546 -0.20935136
v 0.23037311 -0.40040374 -0.19064242
v 0.20355661 -0.42341390 -0.19498289
v 0.19690980 -0.42842749 -0.19498289
v 0.03509399 -0.47220290 -0.23576839
v 0.03455919 -0.47781509 -0.22424369
v 0.03096838 -0.48013484 -0.22035222
v 0.01492432 -0.48383892 -0.21496405
v 0.00499228 -0.48986268 -0.19954787
v 0.00499228 -0.49427766 -0.18495490
v 0.00499228 -0.49727082 -0.17492689
v 0.00499228 -0.49929124 -0.16706914
v 0.00499228 -0.50048852 -0.16212997
v -0.00501616 -0.50235927 -0.15494573
v -0.01494819 -0.50378102 -0.14499258
v -0.02495663 -0.50299531 -0.14499258
v -0.03496507 -0.50452936 -0.11498342
v -0.04497350 -0.50303274 -0.11498342
v -0.04558470 -0.50101233 -0.13496459
v 0.01492432 -0.48765522 -0.20493604
v -0.20037168 -0.44028801 -0.21496405
v -0.07102600 -0.50082529 -0.05900625
v -0.20541410 -0.43692067 -0.21496405
v -0.21267213 -0.43190706 -0.21496405
v -0.05070353 -0.50018919 -0.13167180
v -0.05528754 -0.50093746 -0.11460925
v -0.05498194 -0.50194770 -0.10495543
v -0.04497350 -0.50363135 -0.10495543
v -0.03496507 -0.50479126 -0.10495543
v -0.24086383 -0.38098544 0.08497781
v -0.22191656 -0.42225403 -0.20493604
v -0.22168736 -0.42262819 -0.21496405
v -0.18639043 -0.43703291 0.02495951
v -0.20159408 -0.42131865 0.05496866
v -0.26149189 -0.36212835 -0.20493604
v -0.26592314 -0.35498211 -0.20493604
v -0.28158516 -0.33257061 -0.18495490
v -0.26492989 -0.35498211 -0.21496405
v -0.26890272 -0.34802294 -0.21496405
v -0.26271433 -0.35588005 -0.22559072
v -0.26806235 -0.34641409 -0.22499204
v -0.25927627 -0.35872358 -0.23494521
v -0.26088071 -0.35180184 -0.24265328
v -0.25828308 -0.35505694 -0.24557188
v -0.25515068 -0.35498211 -0.25492638
v -0.25155985 -0.35453314 -0.26435566
v -0.28112680 -0.24266268 -0.30132455
v -0.28250200 -0.23503006 -0.30297095
v -0.28158516 -0.15503706 -0.33155823
v -0.27822357 -0.23503006 -0.30798495
v -0.28945440 -0.16839418 -0.31943482
v -0.29243404 -0.25530890 -0.27483267
v -0.29732364 -0.24457084 -0.27445853
v -0.29228121 -0.24479532 -0.28516001
v -0.25897068 -0.34570321 -0.25589925
v -0.34041339 -0.13142829 -0.26076353
v -0.33101618 -0.14317656 -0.27161473
v -0.31940335 -0.14792824 -0.28897667
v -0.31672931 -0.14478539 -0.29429001
v -0.31046450 -0.15137041 -0.30057621
v -0.30022687 -0.16087379 -0.31023002
v -0.29915726 -0.16753364 -0.30895782
v -0.28754443 -0.23503006 -0.29690921
v -0.27776515 -0.14500988 -0.33821857
v -0.27279913 -0.14500988 -0.34181070
v -0.26492989 -0.15503706 -0.34502864
v -0.26080430 -0.14302689 -0.35064131
v -0.27921677 -0.13502011 -0.33941597
v -0.26202673 -0.13502011 -0.35138971
v -0.26324910 -0.12503034 -0.35213804
v -0.25431028 -0.12551674 -0.35760105
v -0.25110146 -0.12297252 -0.35992098
v -0.25049025 -0.12297252 -0.36029518
v -0.24972627 -0.12918340 -0.35984612
v -0.24582985 -0.12551674 -0.36231571
v -0.24560064 -0.12297252 -0.36276472
v 0.24206236 -0.12297252 -0.29159588
v 0.31670547 -0.12297252 -0.21444020
v 0.31800425 -0.12297252 -0.21256930
v 0.32159507 -0.12297252 -0.20733079
v 0.32289386 -0.12297252 -0.20538506
v 0.32824188 -0.12297252 -0.19722795
v 0.33145070 -0.12297252 -0.19221397
v 0.27201128 -0.25429869 -0.24489836
v 0.27017766 -0.25048238 -0.25021172
v 0.33580554 -0.12297252 -0.18488006
v 0.33931994 -0.12297252 -0.17881836
v 0.34107715 -0.12297252 -0.17567526
v 0.31066984 -0.19282608 -0.20119426
v 0.30982941 -0.19948593 -0.19969754
v 0.29974455 -0.21916614 -0.20950103
v 0.27460891 -0.24501982 -0.24497320
v 0.27094167 -0.26170686 -0.24145591
v 0.27002484 -0.29017955 -0.22012772
v 0.26857328 -0.29683942 -0.21713428
v 0.23075512 -0.39119971 -0.20171811
v 0.22525430 -0.39542758 -0.20553474
v 0.28026253 -0.29070336 -0.20052074
v 0.05495807 -0.48353958 -0.20493604
v 0.05495807 -0.48088312 -0.21182095
v 0.13800518 -0.47923687 -0.14499258
v 0.13303916 -0.48114502 -0.14499258
v 0.13189316 -0.48062122 -0.15494573
v 0.12494072 -0.48368925 -0.14499258
v 0.09552662 -0.49120963 -0.14506741
v 0.09927023 -0.48978788 -0.14843503
v 0.15764005 -0.46812466 -0.15494573
v 0.15267403 -0.47160423 -0.15494573
v 0.14495760 -0.47601920 -0.14499258
v 0.08498338 -0.49371642 -0.14499258
v 0.03494119 -0.49240690 -0.18495490
v 0.04082401 -0.49016201 -0.19049273
v 0.23495713 -0.39497858 -0.18495490
v 0.23121352 -0.40163845 -0.18495490
v 0.23182473 -0.39471668 -0.19438420
v 0.27957487 -0.30918631 -0.17889319
v 0.28079730 -0.31154343 -0.17223281
v 0.22777551 -0.40796155 -0.17492689
v 0.22273310 -0.41222686 -0.17492689
v 0.21662107 -0.41724044 -0.17492689
v 0.21157865 -0.42128125 -0.17492689
v 0.19889620 -0.42928803 -0.18495490
v 0.02493276 -0.48282871 -0.21496405
v 0.01492432 -0.48967564 -0.19879951
v 0.01148630 -0.50022662 -0.16085777
v 0.00499228 -0.50187290 -0.15494573
v -0.00501616 -0.50363135 -0.14499258
v -0.01494819 -0.50449193 -0.13496459
v -0.02495663 -0.50467896 -0.12493658
v -0.02495663 -0.50516540 -0.11498342
v 0.03494119 -0.49049875 -0.19139077
v -0.17493038 -0.44582540 0.00497835
v -0.18173002 -0.44129819 0.01493151
v -0.02044901 -0.50015175 -0.02922161
v -0.04497350 -0.49356675 0.01493151
v -0.05498194 -0.49143413 0.02495951
v -0.06017716 -0.49004978 0.03027285
v -0.14177266 -0.46101582 0.04187240
v -0.18134801 -0.44096148 0.02495951
v -0.02495663 -0.50486606 -0.10495543
v -0.23077899 -0.39067590 0.08258307
v -0.24040543 -0.38049904 0.09088984
v -0.24552424 -0.37499905 0.08497781
v -0.25377548 -0.36485964 0.07494982
v -0.25874150 -0.35834944 0.07494982
v -0.26233232 -0.35337326 0.07494982
v -0.31000608 -0.29010472 -0.05923076
v -0.31008250 -0.29021698 -0.06499311
v -0.30687368 -0.29538023 -0.09492743
v -0.27868199 -0.33792093 -0.16497374
v -0.27868199 -0.33792093 -0.17492689
v -0.27004874 -0.35008076 -0.19086692
v -0.26729834 -0.35404673 -0.19445904
v -0.18073681 -0.44051248 0.03498750
v -0.18570283 -0.43654650 0.03498750
v -0.19051604 -0.43044788 0.05324744
v -0.20105928 -0.42079484 0.06275158
v -0.27845275 -0.33758420 -0.18495490
v -0.28991282 -0.31988695 -0.17874353
v -0.27157676 -0.34304675 -0.21496405
v -0.29999763 -0.30013192 -0.18024024
v -0.27065992 -0.34140050 -0.22499204
v -0.27004874 -0.34020323 -0.23030539
v -0.26195031 -0.35371000 -0.23494521
v -0.26271433 -0.34570321 -0.24557188
v -0.25973469 -0.34955695 -0.24931367
v -0.28326601 -0.14500988 -0.33320457
v -0.28655118 -0.15503706 -0.32669389
v -0.30114365 -0.15503706 -0.31135255
v -0.29663604 -0.15503706 -0.31636655
v -0.29159361 -0.15503706 -0.32167989
v -0.30030328 -0.24097902 -0.27071673
v -0.34201783 -0.13487045 -0.25515085
v -0.33934379 -0.13808814 -0.25859332
v -0.35011625 -0.13056774 -0.24040821
v -0.34866464 -0.12503034 -0.24699377
v -0.34484464 -0.12503034 -0.25492638
v -0.34110099 -0.12503034 -0.26203579
v -0.33827418 -0.12503034 -0.26704973
v -0.32987016 -0.12959495 -0.27977186
v -0.33208579 -0.13502011 -0.27363533
v -0.32032013 -0.14126839 -0.29047334
v -0.31772250 -0.13502011 -0.29668474
v -0.31275648 -0.13502011 -0.30341995
v -0.30970049 -0.12880924 -0.30963135
v -0.27990437 -0.12974462 -0.33993983
v -0.28555799 -0.13438407 -0.33357877
v -0.29014200 -0.13064258 -0.33013630
v -0.29082960 -0.12503034 -0.33080983
v -0.26821512 -0.12503034 -0.34877044
v -0.26340193 -0.12297252 -0.35221291
v -0.26836795 -0.12297252 -0.34892011
v 0.27873451 -0.24501982 -0.23689093
v 0.29959178 -0.23843479 -0.19902402
v 0.29470217 -0.24501982 -0.20493604
v 0.29019451 -0.25063205 -0.21047390
v 0.27728289 -0.25429869 -0.23419684
v 0.28095013 -0.27502653 -0.21182095
v 0.27995688 -0.28007755 -0.21002488
v 0.34199393 -0.12297252 -0.17387919
v 0.34176475 -0.12503034 -0.17335534
v 0.31983787 -0.17958121 -0.18974438
v 0.27613688 -0.28404352 -0.21399118
v 0.27850533 -0.28673738 -0.20725596
v 0.28140849 -0.29287344 -0.19498289
v 0.28415895 -0.27502653 -0.20493604
v 0.28836095 -0.27555034 -0.19520740
v 0.29088217 -0.27255717 -0.19206429
v 0.28965974 -0.27921700 -0.18907087
v 0.13808158 -0.47912464 -0.13496459
v 0.13311556 -0.48129469 -0.13496459
v 0.12494072 -0.48410082 -0.13496459
v 0.10072184 -0.49019945 -0.14177464
v 0.11493229 -0.48686951 -0.13496459
v 0.08498338 -0.49480146 -0.13496459
v 0.19973661 -0.43980160 -0.12875322
v 0.20034781 -0.44028801 -0.12209283
v 0.20088261 -0.44069958 -0.11498342
v 0.19499978 -0.44586283 -0.10495543
v 0.19415939 -0.44724715 -0.09537645
v 0.17230891 -0.46142739 -0.09492743
v 0.15275043 -0.47179133 -0.14499258
v 0.19026297 -0.45020294 -0.09238302
v 0.16497448 -0.46546823 -0.09492743
v 0.15779285 -0.46898520 -0.09492743
v 0.00499228 -0.50310755 -0.14499258
v 0.01484792 -0.50078785 -0.15494573
v 0.03494119 -0.49438989 -0.17492689
v 0.27048326 -0.35094130 -0.13227050
v 0.28186691 -0.31345162 -0.16497374
v 0.29019451 -0.31038359 -0.14065211
v 0.27797049 -0.33608758 -0.13496459
v 0.27269888 -0.34574065 -0.13533877
v 0.26307243 -0.36598209 -0.12598428
v 0.26131523 -0.37226778 -0.11498342
v 0.25825924 -0.37724394 -0.11498342
v 0.23213032 -0.40294796 -0.17492689
v 0.28255451 -0.30551964 -0.17537591
v 0.29050016 -0.29104009 -0.17148446
v 0.29156977 -0.29328498 -0.16497374
v 0.28996533 -0.30001968 -0.15995973
v 0.22846311 -0.41828805 -0.09492743
v 0.22785191 -0.41757718 -0.10495543
v 0.22288589 -0.42307717 -0.10495543
v 0.21791987 -0.42809075 -0.10495543
v 0.21203706 -0.43171999 -0.11498342
v 0.23786035 -0.40762484 -0.09492743
v 0.23289433 -0.41331190 -0.09492743
v -0.00501616 -0.50423002 -0.13496459
v -0.01494819 -0.50490350 -0.12493658
v -0.01494819 -0.50467896 -0.11498342
v -0.17493038 -0.44391724 0.03498750
v -0.01830981 -0.50015175 -0.02922161
v -0.04497350 -0.49199533 0.02495951
v -0.05498194 -0.49031168 0.03124571
v -0.05498194 -0.48896474 0.03618488
v -0.07499882 -0.47235253 0.08497781
v -0.08027043 -0.47003281 0.09014148
v -0.08416685 -0.47081852 0.08467847
v -0.08493085 -0.47332531 0.07494982
v -0.09142487 -0.47033215 0.08123602
v -0.08493085 -0.47571987 0.06499665
v -0.09807170 -0.46947160 0.07704522
v -0.10005811 -0.47007024 0.07038483
v -0.13031262 -0.45016551 0.10054366
v -0.14268947 -0.44137305 0.11289156
v -0.17317317 -0.43198189 0.09493097
v -0.17577079 -0.43302953 0.08557650
v -0.17493038 -0.43606013 0.07494982
v -0.18272321 -0.43190706 0.07494982
v -0.17554159 -0.44223356 0.04456649
v -0.10494772 -0.46486956 0.08497781
v -0.01701100 -0.50037628 -0.03498396
v -0.21152613 -0.39164868 0.12329374
v -0.20174688 -0.39146161 0.14297555
v -0.20877571 -0.38873032 0.13496812
v -0.20579611 -0.38573712 0.14626832
v -0.20976892 -0.37978816 0.14963594
v -0.25110146 -0.36149231 0.10233971
v -0.25232387 -0.36317596 0.09493097
v -0.24964987 -0.36957389 0.08497781
v -0.22489618 -0.39497858 0.08490298
v -0.22970939 -0.38977793 0.08924345
v -0.20274009 -0.40234932 0.11498696
v -0.20128848 -0.40092757 0.12194669
v -0.25828308 -0.35767597 0.08497781
v -0.26187390 -0.35266238 0.08497781
v -0.32039654 -0.27061158 0.01493151
v -0.32482773 -0.26503676 0.00497835
v -0.32085490 -0.27124763 0.00497835
v -0.31833375 -0.27764559 -0.05496512
v -0.31359690 -0.28501630 -0.06499311
v -0.31023526 -0.29040405 -0.09492743
v -0.31008250 -0.29014215 -0.12179349
v -0.29014200 -0.32026112 -0.16497374
v -0.28189081 -0.33290735 -0.17492689
v -0.18020201 -0.44017577 0.04097437
v -0.18998124 -0.42996150 0.05990782
v -0.18929364 -0.42947510 0.06499665
v -0.18768923 -0.42824042 0.07494982
v -0.19380125 -0.42326424 0.07494982
v -0.28746802 -0.32404003 -0.17522624
v -0.29006559 -0.32011145 -0.17208314
v -0.31252730 -0.28595167 -0.12501141
v -0.31283289 -0.28464216 -0.13496459
v -0.29793483 -0.30589381 -0.17492689
v -0.31046450 -0.28093809 -0.17492689
v -0.31000608 -0.28004014 -0.18001573
v -0.26897913 -0.33780867 -0.23696576
v -0.30022687 -0.29055372 -0.20089492
v -0.30030328 -0.27068642 -0.23097891
v -0.28823203 -0.14500988 -0.32826543
v -0.28930163 -0.13730241 -0.32931316
v -0.29808766 -0.14500988 -0.31786329
v -0.29304522 -0.14500988 -0.32325143
v -0.37089711 -0.14205411 -0.17283149
v -0.36982751 -0.13965955 -0.17949188
v -0.37112629 -0.13299970 -0.18315883
v -0.36096507 -0.13240106 -0.21241963
v -0.36226386 -0.12536708 -0.21541306
v -0.35958987 -0.12892149 -0.21908002
v -0.34904665 -0.13722759 -0.23771413
v -0.36111790 -0.12297252 -0.22005288
v -0.36012465 -0.12297252 -0.22237279
v -0.34927583 -0.12297252 -0.24669442
v -0.34889382 -0.12297252 -0.24751762
v -0.34606701 -0.12297252 -0.25327998
v -0.34530300 -0.12297252 -0.25477666
v -0.34232342 -0.12297252 -0.26053905
v -0.34133023 -0.12297252 -0.26240993
v -0.33850342 -0.12297252 -0.26742393
v -0.33300257 -0.12574123 -0.27588040
v -0.33048135 -0.12297252 -0.28111887
v -0.32788378 -0.12297252 -0.28530967
v -0.32773095 -0.12574123 -0.28456134
v -0.32223016 -0.12503034 -0.29346681
v -0.31894493 -0.12503034 -0.29848081
v -0.31550694 -0.12297252 -0.30371928
v -0.31420809 -0.12297252 -0.30544055
v -0.31038809 -0.12297252 -0.31037968
v -0.30931848 -0.12297252 -0.31157708
v -0.30106723 -0.12297252 -0.32078183
v -0.28433561 -0.12585346 -0.33664703
v -0.28059196 -0.12297252 -0.34038883
v -0.27593154 -0.12585346 -0.34330744
v -0.29197562 -0.12297252 -0.32998663
v -0.29098243 -0.12297252 -0.33095950
v 0.30089056 -0.24318649 -0.19236363
v 0.29882777 -0.24591777 -0.19535707
v 0.35177314 -0.12297252 -0.15374836
v 0.35582238 -0.12297252 -0.14491774
v 0.36117041 -0.12297252 -0.13264467
v 0.36086482 -0.12503034 -0.13189632
v 0.29156977 -0.25437352 -0.20471154
v 0.28782612 -0.26507419 -0.20471154
v 0.34650153 -0.12297252 -0.16497374
v 0.34596676 -0.12503034 -0.16497374
v 0.28836095 -0.28512856 -0.18540391
v 0.28331852 -0.29586661 -0.18577808
v 0.28935415 -0.26844153 -0.19872467
v 0.29584813 -0.25500959 -0.19498289
v 0.29989737 -0.24984634 -0.18981922
v 0.29898059 -0.25500959 -0.18742447
v 0.29707056 -0.26406398 -0.18398203
v 0.29997379 -0.26013541 -0.18009056
v 0.29233372 -0.27555034 -0.18540391
v 0.29080576 -0.28191087 -0.18241048
v 0.15282683 -0.47123009 -0.09492743
v 0.13227515 -0.48103279 -0.12493658
v 0.12494072 -0.48376408 -0.12493658
v 0.14495760 -0.47388655 -0.08497427
v 0.14495760 -0.47332531 -0.07494628
v 0.11493229 -0.48657018 -0.11498342
v 0.11493229 -0.48686951 -0.12493658
v 0.10668106 -0.48911440 -0.12493658
v -0.00501616 -0.50415516 -0.12493658
v 0.00499228 -0.50333202 -0.13496459
v 0.10171504 -0.49042392 -0.12493658
v 0.10140944 -0.49034911 -0.11498342
v 0.09499182 -0.49177086 -0.11498342
v 0.08498338 -0.49416542 -0.12493658
v 0.20592503 -0.43673360 -0.11498342
v 0.21295385 -0.43231863 -0.10495543
v 0.20714743 -0.43778121 -0.09492743
v 0.20149381 -0.44118595 -0.10495543
v 0.20210502 -0.44159752 -0.09492743
v 0.18499134 -0.45379478 -0.08497427
v 0.17735133 -0.45843422 -0.08497427
v 0.17230891 -0.46127772 -0.08497427
v 0.19545819 -0.44676077 -0.08497427
v 0.19049217 -0.45031518 -0.08497427
v 0.17185050 -0.46094102 -0.07494628
v 0.15145162 -0.47070628 -0.07494628
v 0.16497448 -0.46427095 -0.07494628
v 0.27109444 -0.35213858 -0.12493658
v 0.26834404 -0.35711476 -0.12493658
v 0.28163773 -0.33290735 -0.12493658
v 0.29279214 -0.29601628 -0.15591860
v 0.29982096 -0.28973058 -0.13930506
v 0.29836935 -0.29474416 -0.13556327
v 0.29378533 -0.30503327 -0.13496459
v 0.28973615 -0.31940058 -0.11850071
v 0.28568691 -0.32497537 -0.12493658
v 0.26559365 -0.36497188 -0.11498342
v 0.26009285 -0.38012490 -0.09058696
v 0.25902325 -0.37844121 -0.10495543
v 0.24779238 -0.39711124 -0.08497427
v 0.24221516 -0.40261123 -0.09492743
v 0.28935415 -0.28857073 -0.17814483
v 0.29508418 -0.28501630 -0.16497374
v 0.29806376 -0.28456733 -0.15479606
v 0.22349709 -0.42367581 -0.09492743
v 0.23839515 -0.40826088 -0.08497427
v 0.21853107 -0.42868939 -0.09492743
v 0.08498338 -0.49281847 -0.10495543
v 0.08528898 -0.49147153 -0.09455325
v -0.00501616 -0.49742049 -0.02495597
v -0.01502459 -0.49899191 -0.02555465
v -0.01487179 -0.49098516 0.01530569
v -0.02587343 -0.49061102 0.02473500
v -0.03496507 -0.49154636 0.02495951
v -0.03496507 -0.49330485 0.01493151
v -0.04497350 -0.49046135 0.03184440
v -0.04497350 -0.48915184 0.03685840
v -0.05498194 -0.47710425 0.07494982
v -0.06499038 -0.47343758 0.08497781
v -0.06499038 -0.47643077 0.07494982
v -0.07499882 -0.47044438 0.09111435
v -0.08493085 -0.46359748 0.10495897
v -0.09089007 -0.46026754 0.11064649
v -0.08416685 -0.46778792 0.09403294
v -0.08691726 -0.46935934 0.08789641
v -0.09486289 -0.46834916 0.08467847
v -0.12748581 -0.44915533 0.10720404
v -0.11105975 -0.46052945 0.09163820
v -0.10846214 -0.45944440 0.09829859
v -0.13566063 -0.44286963 0.11573532
v -0.13940425 -0.43980160 0.11962678
v -0.15086430 -0.43048531 0.13077731
v -0.15453151 -0.43153292 0.12419177
v -0.15498991 -0.43478802 0.11498696
v -0.17126317 -0.43085945 0.10196554
v -0.17966720 -0.42977443 0.08931829
v -0.18119521 -0.43085945 0.08265790
v -0.18425122 -0.43287987 0.06499665
v -0.17920880 -0.43953970 0.04763475
v -0.10502413 -0.46176413 0.09500581
v -0.18822403 -0.40870985 0.12666135
v -0.17026997 -0.42019624 0.13040313
v -0.19968408 -0.38981533 0.14963594
v -0.19914928 -0.37922692 0.16871907
v -0.21083853 -0.37099567 0.16131032
v -0.21259573 -0.37309089 0.15494928
v -0.24934426 -0.35928482 0.10900010
v -0.25476867 -0.35468280 0.10450996
v -0.26004028 -0.35008076 0.10009464
v -0.26080430 -0.35112837 0.09493097
v -0.21878415 -0.39931872 0.08714805
v -0.19647527 -0.40736294 0.11498696
v -0.19150925 -0.41114181 0.11498696
v -0.26737475 -0.34405696 0.08430429
v -0.32857138 -0.25770345 0.01493151
v -0.32895339 -0.25837693 0.00497835
v -0.32925898 -0.25882590 -0.00497481
v -0.32169533 -0.27266940 -0.05496512
v -0.31841010 -0.27775782 -0.06499311
v -0.32169533 -0.27274424 -0.06499311
v -0.32154250 -0.27259457 -0.08497427
v -0.31810451 -0.27644831 -0.12493658
v -0.32138973 -0.27244490 -0.09492743
v -0.31779891 -0.27562517 -0.13496459
v -0.31176329 -0.28337005 -0.15494573
v -0.30863088 -0.28741086 -0.16497374
v -0.31115210 -0.28243467 -0.16497374
v -0.31474292 -0.27502653 -0.16497374
v -0.37960672 -0.14920035 -0.11498342
v -0.37876636 -0.14721736 -0.12493658
v -0.37020952 -0.15047245 -0.16085777
v -0.37158471 -0.14523438 -0.16452472
v -0.36936909 -0.14871395 -0.16751815
v -0.30916566 -0.27809456 -0.18667611
v -0.37571031 -0.13502011 -0.16497374
v -0.37250149 -0.13580583 -0.17567526
v -0.37655073 -0.12503034 -0.17492689
v -0.37265432 -0.12592830 -0.18585292
v -0.36990392 -0.12985685 -0.18981922
v -0.36623669 -0.12503034 -0.20493604
v -0.36295146 -0.12297252 -0.21533823
v -0.36753547 -0.12297252 -0.20299032
v -0.33369017 -0.12297252 -0.27565587
v -0.32238293 -0.12297252 -0.29391581
v -0.31978530 -0.12297252 -0.29788208
v -0.31917411 -0.12297252 -0.29878014
v -0.28624558 -0.12297252 -0.33529997
v 0.36430281 -0.12297252 -0.12486175
v 0.30089056 -0.25500959 -0.18241048
v 0.30998224 -0.25003341 -0.15995973
v 0.30723178 -0.25403678 -0.16400087
v 0.32006705 -0.23031577 -0.15023108
v 0.12494072 -0.48312801 -0.11498342
v 0.15084042 -0.47040695 -0.06761237
v 0.14572160 -0.47197840 -0.06454410
v 0.13494916 -0.47676748 -0.07494628
v 0.10072184 -0.49019945 -0.10862238
v 0.10637546 -0.48903957 -0.11498342
v 0.09537382 -0.49105996 -0.10517994
v 0.21348865 -0.43276763 -0.09492743
v 0.20730023 -0.43785602 -0.08497427
v 0.20225781 -0.44174719 -0.08497427
v 0.21364145 -0.43287987 -0.08497427
v 0.17689292 -0.45828456 -0.07494628
v 0.19033937 -0.45024037 -0.07823905
v 0.17093369 -0.46049201 -0.06678917
v 0.26918447 -0.35849911 -0.11498342
v 0.29027092 -0.32059786 -0.11184032
v 0.28774971 -0.32437676 -0.11505826
v 0.29080576 -0.32153320 -0.10495543
v 0.29913336 -0.28800949 -0.14499258
v 0.30119616 -0.28299591 -0.14499258
v 0.30921823 -0.26810479 -0.13683547
v 0.30998224 -0.27012518 -0.13017508
v 0.30050856 -0.29122716 -0.13264467
v 0.29890418 -0.29758769 -0.12493658
v 0.26964289 -0.35943449 -0.10727534
v 0.26742727 -0.36407393 -0.10435674
v 0.27147645 -0.36242765 -0.07494628
v 0.27178210 -0.36295146 -0.06499311
v 0.26910806 -0.36848888 -0.05496512
v 0.26505888 -0.37499905 -0.05496512
v 0.26070404 -0.38109767 -0.06499311
v 0.25726604 -0.38611126 -0.06499311
v 0.25230002 -0.39299560 -0.06499311
v 0.25191802 -0.39258406 -0.07494628
v 0.26765645 -0.36572018 -0.09492743
v 0.28217250 -0.34386989 -0.07494628
v 0.27934569 -0.34888348 -0.07494628
v 0.27583128 -0.35498211 -0.07494628
v 0.24802159 -0.39759764 -0.07494628
v 0.24274996 -0.40324730 -0.08497427
v 0.31074619 -0.25190416 -0.15494573
v 0.31632346 -0.24501982 -0.14499258
v 0.29951537 -0.27873060 -0.15808885
v 0.31212139 -0.25549597 -0.14521709
v 0.30440497 -0.27502653 -0.14499258
v 0.22869231 -0.41866219 -0.08497427
v 0.22372629 -0.42382544 -0.08497427
v 0.24305557 -0.40354660 -0.07494628
v 0.23862435 -0.40852278 -0.07494628
v 0.21868387 -0.42883906 -0.08497427
v 0.09224141 -0.49068582 -0.09769636
v 0.11493229 -0.47684234 -0.03498396
v 0.08192737 -0.47044438 0.04164789
v 0.04494963 -0.47411102 0.05496866
v -0.01815701 -0.49023685 0.02121772
v 0.03494119 -0.47549540 0.05496866
v -0.02984625 -0.48997495 0.02997351
v -0.03496507 -0.49019945 0.03087153
v -0.04497350 -0.47426069 0.08497781
v -0.03496507 -0.48885250 0.03581070
v -0.02495663 -0.47916204 0.06701722
v -0.03496507 -0.47717905 0.07494982
v -0.05498194 -0.47396138 0.08497781
v -0.06499038 -0.47089338 0.09246139
v -0.07499882 -0.46846139 0.09612834
v -0.08493085 -0.46082878 0.11199354
v -0.06499038 -0.46902263 0.09747539
v -0.09104288 -0.45031518 0.13062765
v -0.09463369 -0.45207369 0.12516463
v -0.09448089 -0.45738661 0.11438828
v -0.10586453 -0.45304647 0.11588500
v -0.09753690 -0.45918250 0.10810207
v -0.10181531 -0.46060428 0.10144169
v -0.09448089 -0.46146482 0.10480930
v -0.09493929 -0.46498179 0.09493097
v -0.08493085 -0.45862126 0.11700753
v -0.11495616 -0.45461789 0.10495897
v -0.12083898 -0.45024037 0.11057165
v -0.11495616 -0.45136279 0.11281673
v -0.10976095 -0.44990361 0.11985129
v -0.12824981 -0.43942747 0.12868191
v -0.12488820 -0.43740705 0.13451910
v -0.14498147 -0.43153292 0.13257338
v -0.13015983 -0.41005680 0.18009411
v -0.14498147 -0.40197518 0.18316238
v -0.15468431 -0.40257382 0.17508011
v -0.16240074 -0.40115204 0.17178734
v -0.16904756 -0.39950579 0.16916808
v -0.17004077 -0.41001937 0.15001011
v -0.16026153 -0.43018597 0.12037514
v -0.17821559 -0.42861456 0.09493097
v -0.17905600 -0.39939356 0.15884075
v -0.18157721 -0.40111464 0.15218036
v -0.18799484 -0.38858065 0.16729718
v -0.19196765 -0.38147184 0.17493044
v -0.19005764 -0.38005006 0.18001927
v -0.19731566 -0.37552288 0.17567879
v -0.20197609 -0.37256709 0.17283504
v -0.21198453 -0.34244812 0.19296587
v -0.21542254 -0.33545154 0.19551028
v -0.21863134 -0.33792093 0.18727835
v -0.22077055 -0.33126107 0.19139431
v -0.22955659 -0.31936315 0.18922406
v -0.23169580 -0.31274071 0.19289103
v -0.26462430 -0.34499234 0.09493097
v -0.24032903 -0.30069312 0.19064595
v -0.25858867 -0.23761168 0.22731549
v -0.26034588 -0.24060486 0.22065510
v -0.31963253 -0.17939414 0.16916808
v -0.32994658 -0.15993841 0.16984160
v -0.33139819 -0.16266970 0.16318122
v -0.33942020 -0.15889080 0.14858824
v -0.34041339 -0.17078872 0.13092698
v -0.26966673 -0.33904338 0.08722289
v -0.33032858 -0.25066948 0.03176957
v -0.33093977 -0.25167966 0.02495951
v -0.32796013 -0.25665584 0.02495951
v -0.33613497 -0.24501982 0.01493151
v -0.33987862 -0.23989397 0.00916915
v -0.33758658 -0.24423411 0.00550220
v -0.33200938 -0.25340074 0.00497835
v -0.34018421 -0.24034296 0.00250877
v -0.32650852 -0.26503676 -0.05496512
v -0.34385139 -0.23503006 -0.00497481
v -0.34430981 -0.23503006 -0.01492797
v -0.34071898 -0.24124092 -0.02495597
v -0.33758658 -0.24625450 -0.02495597
v -0.32650852 -0.26503676 -0.06499311
v -0.32979375 -0.25968644 -0.06499311
v -0.32964098 -0.25938714 -0.07494628
v -0.35607547 -0.21501309 -0.03498396
v -0.35943705 -0.20887706 -0.03498396
v -0.35462385 -0.21501309 -0.06499311
v -0.35867310 -0.20753011 -0.06499311
v -0.31978530 -0.26952654 -0.14701314
v -0.31772250 -0.27405375 -0.14416939
v -0.35401267 -0.21501309 -0.07494628
v -0.35829109 -0.20681924 -0.07494628
v -0.36088866 -0.20180565 -0.07494628
v -0.31611812 -0.27502653 -0.15494573
v -0.37028593 -0.18066625 -0.08160666
v -0.37953037 -0.15911528 -0.08677033
v -0.38121116 -0.15267994 -0.09492743
v -0.38434356 -0.14500988 -0.09492743
v -0.38159317 -0.14418675 -0.11498342
v -0.38082916 -0.14220376 -0.12493658
v -0.37372392 -0.14500988 -0.15494573
v -0.37807876 -0.13442147 -0.15472123
v -0.38021797 -0.13071740 -0.15127878
v -0.37953037 -0.12873441 -0.15793917
v -0.37891912 -0.12525482 -0.16564725
v -0.37357110 -0.12297252 -0.18562841
v -0.37777317 -0.12297252 -0.17298116
v -0.37104994 -0.12319702 -0.19288749
v -0.37104994 -0.12297252 -0.19303715
v 0.36781722 -0.12297252 -0.11483376
v 0.31334382 -0.24501982 -0.15494573
v 0.36842841 -0.12297252 -0.11296286
v 0.37056762 -0.12297252 -0.10622764
v 0.37079686 -0.12431946 -0.10398256
v 0.36995643 -0.13004394 -0.10001627
v 0.31907386 -0.23738718 -0.14499258
v 0.15817484 -0.45921993 -0.01492797
v 0.14205439 -0.47093076 -0.04493712
v 0.14365880 -0.47167909 -0.05496512
v 0.16596767 -0.46254987 -0.06402025
v 0.16421047 -0.46210086 -0.05496512
v 0.13494916 -0.47459745 -0.05496512
v 0.11921071 -0.47983551 -0.06170034
v 0.21348865 -0.43261796 -0.07494628
v 0.21845467 -0.42868939 -0.07494628
v 0.18323414 -0.45188659 -0.05496512
v 0.18575536 -0.45274717 -0.07494628
v 0.18919337 -0.44949204 -0.06499311
v 0.18827656 -0.44889343 -0.05496512
v 0.19499978 -0.44537643 -0.06499311
v 0.21287745 -0.43224379 -0.06499311
v 0.17674012 -0.44825739 -0.00497481
v 0.17177410 -0.45095122 -0.00497481
v 0.16497448 -0.45592743 -0.01492797
v 0.28805536 -0.32654682 -0.10495543
v 0.29149336 -0.32261825 -0.09492743
v 0.29386175 -0.31498560 -0.10495543
v 0.29531336 -0.31498560 -0.09492743
v 0.31983787 -0.23955724 -0.13923022
v 0.31479543 -0.25500959 -0.13496459
v 0.30906540 -0.27775782 -0.11498342
v 0.30440497 -0.28501630 -0.12493658
v 0.31861544 -0.24487016 -0.13556327
v 0.37408203 -0.13502011 -0.07494628
v 0.37163723 -0.14553370 -0.06454410
v 0.30111980 -0.29257411 -0.12493658
v 0.30593300 -0.28501630 -0.11498342
v 0.30188376 -0.29414552 -0.11498342
v 0.28156132 -0.34278485 -0.08497427
v 0.27644247 -0.35498211 -0.06499311
v 0.27201128 -0.36351269 -0.05496512
v 0.27728289 -0.35528141 -0.04493712
v 0.27224046 -0.36377460 -0.04493712
v 0.26918447 -0.36875078 -0.04493712
v 0.26521164 -0.37499905 -0.04493712
v 0.26093322 -0.38139701 -0.05496512
v 0.25749522 -0.38641059 -0.05496512
v 0.25252920 -0.39322010 -0.05496512
v 0.24825080 -0.39800921 -0.06499311
v 0.29202813 -0.32359102 -0.08497427
v 0.29004174 -0.33006382 -0.07045613
v 0.28744411 -0.33537671 -0.06499311
v 0.28010970 -0.35026783 -0.04493712
v 0.23365833 -0.41383570 -0.07494628
v 0.22884510 -0.41881186 -0.07494628
v 0.24328476 -0.40365884 -0.06499311
v 0.23870075 -0.40867245 -0.06499311
v 0.22380270 -0.42371321 -0.07494628
v 0.12494072 -0.47624367 -0.04493712
v 0.11493229 -0.47833893 -0.04493712
v 0.12494072 -0.47478449 -0.03498396
v 0.11493229 -0.47519606 -0.02495597
v 0.06496651 -0.46554303 0.07494982
v 0.05495807 -0.47063145 0.06230257
v 0.11493229 -0.47347498 -0.01492797
v 0.11401548 -0.46842396 0.01403348
v 0.11493229 -0.46599203 0.02495951
v 0.10492385 -0.46427095 0.04494066
v 0.09499182 -0.46662807 0.04494066
v 0.09499182 -0.46412128 0.05496866
v 0.04556083 -0.47149199 0.06574501
v 0.03494119 -0.47310084 0.06499665
v -0.01785140 -0.48028451 0.06103036
v -0.04497350 -0.47130492 0.09343426
v -0.05498194 -0.47115529 0.09313491
v -0.03496507 -0.47407362 0.08497781
v -0.03496507 -0.47119269 0.09335942
v -0.02495663 -0.47665524 0.07494982
v 0.00499228 -0.46977091 0.08916862
v -0.05498194 -0.46932194 0.09814891
v -0.07499882 -0.46490699 0.10495897
v -0.07499882 -0.46142739 0.11326575
v -0.05498194 -0.46677774 0.10495897
v -0.06499038 -0.46599203 0.10495897
v -0.08493085 -0.45458049 0.12494013
v -0.08493085 -0.45095122 0.13175018
v -0.08493085 -0.44821995 0.13676418
v -0.08546565 -0.44290704 0.14581931
v -0.08920927 -0.43980160 0.14963594
v -0.10089851 -0.43029824 0.16048713
v -0.11915818 -0.41974723 0.16954225
v -0.12045699 -0.43014857 0.15023462
v -0.12152659 -0.44047508 0.13085215
v -0.10311412 -0.45098865 0.12194669
v -0.10502413 -0.45809746 0.10480930
v -0.07499882 -0.45921993 0.11827974
v -0.07499882 -0.45600224 0.12494013
v -0.12427700 -0.43186966 0.14484644
v -0.12496460 -0.41087991 0.18151599
v -0.12496460 -0.40777448 0.18645515
v -0.13504943 -0.40504318 0.18503326
v -0.13993905 -0.39995477 0.18997243
v -0.14498147 -0.39890715 0.18817636
v -0.16056713 -0.39030173 0.19042145
v -0.16721396 -0.38854325 0.18765251
v -0.17791000 -0.38887998 0.17822321
v -0.18134801 -0.39090037 0.17156282
v -0.19991328 -0.33990392 0.20987874
v -0.20304570 -0.34319642 0.20321837
v -0.20969251 -0.33967942 0.19962625
v -0.19968408 -0.36953649 0.17949542
v -0.18493882 -0.38169631 0.18248884
v -0.17989640 -0.37993783 0.18989760
v -0.18004921 -0.37009770 0.20007525
v -0.21221372 -0.33301958 0.20299385
v -0.21886055 -0.32823047 0.19805470
v -0.22970939 -0.30963528 0.19962625
v -0.25003186 -0.24004364 0.24003758
v -0.34652543 -0.16401663 0.12396726
v -0.34996343 -0.16005066 0.12000097
v -0.35065103 -0.17138736 0.10181586
v -0.35149145 -0.17482953 0.09395811
v -0.34048980 -0.21093488 0.07143253
v -0.34545583 -0.20502332 0.06499665
v -0.33590579 -0.23503006 0.04494066
v -0.33995497 -0.23001646 0.03992667
v -0.25644946 -0.23458107 0.23449972
v -0.26042229 -0.23091441 0.23090760
v -0.30985332 -0.15986358 0.20980391
v -0.32001454 -0.14010853 0.21002842
v -0.32987016 -0.13988404 0.18982276
v -0.33353740 -0.13595548 0.18585646
v -0.33972579 -0.14938742 0.15928975
v -0.33835059 -0.15533638 0.15554796
v -0.34721303 -0.15451325 0.13451910
v -0.34881741 -0.15746903 0.12666135
v -0.33827418 -0.23476815 0.03596037
v -0.33246779 -0.24569328 0.03506234
v -0.33873260 -0.23776133 0.02495951
v -0.33468336 -0.24501982 0.02495951
v -0.34232342 -0.23420691 0.01493151
v -0.33949661 -0.23922051 0.01493151
v -0.34805346 -0.22646204 0.00497835
v -0.34255260 -0.23596542 0.00550220
v -0.34843540 -0.22736001 -0.00497481
v -0.32979375 -0.25972387 -0.05496512
v -0.34866464 -0.22780898 -0.01492797
v -0.34446263 -0.23503006 -0.02495597
v -0.34874105 -0.22788382 -0.02495597
v -0.35164422 -0.22283280 -0.03498396
v -0.35164422 -0.22287022 -0.02495597
v -0.35607547 -0.21501309 -0.02495597
v -0.35943705 -0.20898929 -0.02495597
v -0.36195827 -0.20397571 -0.02495597
v -0.36944550 -0.18886010 -0.03498396
v -0.37173754 -0.18354720 -0.04493712
v -0.36921632 -0.18856078 -0.04493712
v -0.36127067 -0.20255394 -0.06499311
v -0.36425030 -0.19503355 -0.07494628
v -0.37066793 -0.18152680 -0.07494628
v -0.38029432 -0.16076154 -0.07494628
v -0.37998873 -0.16005066 -0.08010995
v -0.38159317 -0.15548605 -0.08407624
v -0.38571876 -0.14500988 -0.08497427
v -0.38823998 -0.13404733 -0.09402940
v -0.38495475 -0.13502011 -0.11498342
v -0.38342679 -0.13502011 -0.12493658
v -0.38526034 -0.12503034 -0.13496459
v -0.38342679 -0.12503034 -0.14499258
v -0.38136393 -0.12525482 -0.15472123
v -0.38014156 -0.12297252 -0.16362669
v -0.37930113 -0.12297252 -0.16714397
v 0.37117887 -0.12297252 -0.10413224
v 0.37316525 -0.12297252 -0.09702284
v 0.37301242 -0.12503034 -0.09492743
v 0.37553364 -0.12503034 -0.08497427
v 0.37064403 -0.13165277 -0.09492743
v 0.15618844 -0.45839679 -0.00497481
v 0.15122242 -0.46049201 -0.00497481
v 0.16497448 -0.45435598 -0.00497481
v 0.14495760 -0.46471989 -0.01492797
v 0.14075558 -0.47029471 -0.03797739
v 0.13930398 -0.46977091 -0.03131701
v 0.13556036 -0.47160423 -0.03475945
v 0.13494916 -0.47336274 -0.04493712
v 0.21791987 -0.42824042 -0.06499311
v 0.22869231 -0.41877446 -0.06499311
v 0.22364989 -0.42326424 -0.06499311
v 0.18499134 -0.44500226 -0.01492797
v 0.19079778 -0.44054991 -0.00736956
v 0.19660419 -0.43755671 -0.01492797
v 0.19156177 -0.44107372 -0.01492797
v 0.22044109 -0.42030847 -0.01492797
v 0.22540709 -0.41641730 -0.01492797
v 0.18575536 -0.44294447 -0.00445096
v 0.18346335 -0.44212133 0.00497835
v 0.17429531 -0.44739681 0.00475384
v 0.17055170 -0.45031518 0.00131140
v 0.29645938 -0.31498560 -0.08497427
v 0.29943895 -0.30869991 -0.08497427
v 0.37179005 -0.13531943 -0.08482460
v 0.37056762 -0.15148266 -0.05496512
v 0.36911601 -0.15799284 -0.04493712
v 0.37836045 -0.12297252 -0.07479660
v 0.37866604 -0.12297252 -0.07307538
v 0.37576288 -0.13502011 -0.06499311
v 0.37324166 -0.14500988 -0.05496512
v 0.28026253 -0.35049233 -0.03498396
v 0.27728289 -0.35546851 -0.03498396
v 0.26910806 -0.36863855 -0.03498396
v 0.27224046 -0.36362493 -0.03498396
v 0.26895529 -0.36837661 -0.02495597
v 0.26093322 -0.38139701 -0.04493712
v 0.25734240 -0.38637316 -0.04493712
v 0.25230002 -0.39284596 -0.04493712
v 0.24832718 -0.39819628 -0.05496512
v 0.29302132 -0.32497537 -0.06499311
v 0.29019451 -0.33036312 -0.06499311
v 0.29065293 -0.33126107 -0.04493712
v 0.28790253 -0.33623725 -0.04493712
v 0.28331852 -0.34499234 -0.03498396
v 0.23373473 -0.41376087 -0.06499311
v 0.23847155 -0.40848535 -0.05496512
v 0.24336116 -0.40347177 -0.05496512
v 0.13265716 -0.47089338 -0.02495597
v 0.13089995 -0.47029471 -0.01852009
v 0.12494072 -0.47302601 -0.02495597
v 0.07497494 -0.46326071 0.07494982
v 0.06496651 -0.46273690 0.08497781
v 0.05495807 -0.46748859 0.07494982
v 0.04930444 -0.46988314 0.06963647
v 0.12494072 -0.46558046 0.01493151
v 0.11493229 -0.46385938 0.03498750
v 0.11523789 -0.46146482 0.04509034
v 0.11202908 -0.46060428 0.05219974
v 0.10530585 -0.46157706 0.05526800
v 0.10217344 -0.46056688 0.06170388
v 0.04556083 -0.46902263 0.07487498
v 0.04265762 -0.47036955 0.07143253
v 0.03494119 -0.47089338 0.07322859
v 0.02218235 -0.47025731 0.08093668
v 0.01492432 -0.46928453 0.08752223
v -0.04497350 -0.46943420 0.09844825
v -0.03496507 -0.46939677 0.09837342
v -0.00448135 -0.46876073 0.09433229
v -0.00501616 -0.46501923 0.10495897
v -0.02495663 -0.46909744 0.09732572
v 0.01492432 -0.46685255 0.09493097
v 0.00499228 -0.46786276 0.09493097
v -0.06025356 -0.46000564 0.12000097
v -0.04497350 -0.46685255 0.10495897
v -0.05498194 -0.46254987 0.11498696
v -0.07499882 -0.45173696 0.13324690
v -0.07499882 -0.44904310 0.13826090
v -0.07499882 -0.44530159 0.14499612
v -0.08248604 -0.44054991 0.15090814
v -0.08546565 -0.43774378 0.15457509
v -0.09493929 -0.43112135 0.16175933
v -0.11037215 -0.41009420 0.19012210
v -0.11251135 -0.42072004 0.17111380
v -0.06414998 -0.45761108 0.12404209
v -0.06399718 -0.45184919 0.13556680
v -0.12496460 -0.40276089 0.19371422
v -0.13329223 -0.40130171 0.19169365
v -0.14215466 -0.39090037 0.20127264
v -0.14528708 -0.39366907 0.19551028
v -0.15498991 -0.39164868 0.19229233
v -0.15498991 -0.38790721 0.19723150
v -0.16209514 -0.38109767 0.20134747
v -0.16881837 -0.37930179 0.19917724
v -0.17324957 -0.38184598 0.19251685
v -0.17561799 -0.38536298 0.18548228
v -0.18990484 -0.34989369 0.20987874
v -0.17966720 -0.34963179 0.21968223
v -0.20182328 -0.25186673 0.28149658
v -0.20847011 -0.24834974 0.27850318
v -0.20969251 -0.32953998 0.20965424
v -0.20633090 -0.33646175 0.20643631
v -0.16950597 -0.36968616 0.20965424
v -0.16950597 -0.35958415 0.21960740
v -0.24995546 -0.22994164 0.24991590
v -0.25155985 -0.23503006 0.24243233
v -0.35118586 -0.15451325 0.12396726
v -0.35393625 -0.15503706 0.11498696
v -0.35592264 -0.16502683 0.09493097
v -0.35867310 -0.16532615 0.08580101
v -0.35943705 -0.16884315 0.07801808
v -0.35424185 -0.17501660 0.08497781
v -0.34942865 -0.18893494 0.07816775
v -0.34897023 -0.19795191 0.06499665
v -0.34981066 -0.19963560 0.05915947
v -0.34178859 -0.22358111 0.04494066
v -0.34599060 -0.21501309 0.04494066
v -0.34835905 -0.21490085 0.03566102
v -0.34285820 -0.22601306 0.03596037
v -0.34568501 -0.22500286 0.02495951
v -0.25866508 -0.22758448 0.23756799
v -0.26042229 -0.22092465 0.24071109
v -0.29090601 -0.16154726 0.24138463
v -0.29931003 -0.14833981 0.23869053
v -0.30947131 -0.13902350 0.22911155
v -0.31107569 -0.13232625 0.23180564
v -0.32116055 -0.13502011 0.21197416
v -0.33116895 -0.12297252 0.20239517
v -0.32979375 -0.12959495 0.19962625
v -0.33139819 -0.13322420 0.19296587
v -0.33964938 -0.12910856 0.17919607
v -0.34919941 -0.13812554 0.14806439
v -0.34759504 -0.14478539 0.14484644
v -0.34904665 -0.14800307 0.13758737
v -0.35026902 -0.15080918 0.13092698
v -0.34148300 -0.23274773 0.02495951
v -0.34774780 -0.22436681 0.01523085
v -0.35026902 -0.22062533 0.01208775
v -0.35072744 -0.22148587 0.00497835
v -0.35531145 -0.21501309 -0.00497481
v -0.35126221 -0.22238383 -0.00497481
v -0.35156786 -0.22279540 -0.01492797
v -0.35928428 -0.20868999 -0.01492797
v -0.36180550 -0.20371380 -0.01492797
v -0.35584629 -0.21501309 -0.01492797
v -0.36638951 -0.19503355 -0.02495597
v -0.36936909 -0.18878527 -0.02495597
v -0.37571031 -0.17501660 -0.02495597
v -0.37899554 -0.16787036 -0.02495597
v -0.37578672 -0.17501660 -0.03498396
v -0.37578672 -0.17501660 -0.04493712
v -0.37150830 -0.18294856 -0.05496512
v -0.37532830 -0.17501660 -0.05496512
v -0.36868149 -0.18736351 -0.06499311
v -0.37112629 -0.18234992 -0.06499311
v -0.38082916 -0.16173433 -0.06499311
v -0.38289195 -0.15503706 -0.07494628
v -0.38686478 -0.14500988 -0.07494628
v -0.38976800 -0.13943507 -0.06708851
v -0.38930959 -0.13816296 -0.07494628
v -0.39106679 -0.13314937 -0.07494628
v -0.38671196 -0.12503034 -0.12493658
v -0.39358801 -0.12503034 -0.07494628
v -0.38999718 -0.13008136 -0.09006311
v -0.38625360 -0.12297252 -0.13242017
v -0.38587159 -0.12297252 -0.13496459
v -0.38441998 -0.12297252 -0.14297201
v -0.38250995 -0.12297252 -0.15255100
v -0.38403797 -0.12297252 -0.14499258
v -0.38082916 -0.12297252 -0.16048358
v 0.37370002 -0.12297252 -0.09492743
v 0.37568647 -0.12297252 -0.08699484
v 0.37614489 -0.12297252 -0.08497427
v 0.15397283 -0.45757365 0.00408032
v 0.14847201 -0.45940700 0.00677441
v 0.14495760 -0.46303624 -0.00497481
v 0.16543287 -0.45207369 0.00475384
v 0.16100167 -0.45050228 0.02211575
v 0.15496604 -0.45487982 0.01493151
v 0.13769957 -0.46920967 -0.02495597
v 0.23228313 -0.41200235 -0.02495597
v 0.23159552 -0.41144115 -0.01492797
v 0.23816594 -0.40818605 -0.04493712
v 0.23770754 -0.40781188 -0.03498396
v 0.23724914 -0.40740034 -0.02495597
v 0.18965177 -0.43980160 -0.00070917
v 0.20248702 -0.43179482 -0.00497481
v 0.20103541 -0.43074721 0.00497835
v 0.21998268 -0.41997173 -0.00991397
v 0.17887932 -0.43927780 0.02712975
v 0.17528851 -0.44212133 0.02428599
v 0.16459247 -0.44788322 0.02525885
v 0.16757208 -0.44870633 0.01493151
v 0.29982096 -0.30974755 -0.07494628
v 0.29722339 -0.31498560 -0.07494628
v 0.37117887 -0.15301666 -0.04493712
v 0.36942166 -0.15874113 -0.03498396
v 0.37996489 -0.12297252 -0.06499311
v 0.37874246 -0.12652694 -0.06499311
v 0.37706167 -0.13502011 -0.05496512
v 0.38103449 -0.12297252 -0.05728503
v 0.37943006 -0.12843509 -0.05496512
v 0.37431127 -0.14500988 -0.04493712
v 0.28010970 -0.35019299 -0.02495597
v 0.28308934 -0.34499234 -0.02495597
v 0.27208769 -0.36336303 -0.02495597
v 0.27980411 -0.34966919 -0.01313191
v 0.27949852 -0.34910798 -0.00497481
v 0.27575487 -0.35498211 -0.00497481
v 0.27170569 -0.36268955 -0.01492797
v 0.26849687 -0.36770317 -0.01492797
v 0.26414204 -0.37499905 -0.02495597
v 0.26062763 -0.38091061 -0.03498396
v 0.25688404 -0.38592422 -0.03498396
v 0.25191802 -0.39224732 -0.03498396
v 0.24802159 -0.39785954 -0.04493712
v 0.24305557 -0.40317246 -0.04493712
v 0.29821658 -0.31431216 -0.06581631
v 0.29814017 -0.31580874 -0.05496512
v 0.29355615 -0.32497537 -0.05496512
v 0.29072934 -0.33137333 -0.03498396
v 0.29393816 -0.32497537 -0.04493712
v 0.29416734 -0.32497537 -0.03498396
v 0.28797895 -0.33612502 -0.02495597
v 0.13456716 -0.46846139 -0.01507764
v 0.13494916 -0.46640357 -0.00497481
v 0.13494916 -0.46449542 0.00497835
v 0.07405814 -0.46075392 0.08437913
v 0.07016172 -0.46000564 0.09006665
v 0.06496651 -0.46056688 0.09163820
v 0.05495807 -0.46468249 0.08497781
v 0.13586597 -0.46206343 0.01582954
v 0.12494072 -0.46341038 0.02495951
v 0.12150271 -0.46045461 0.04187240
v 0.11875230 -0.45959407 0.04853278
v 0.10882027 -0.45966890 0.05886012
v 0.07680855 -0.45918250 0.08729772
v 0.04494963 -0.46629134 0.08497781
v 0.03494119 -0.46763825 0.08497781
v 0.03494119 -0.46950901 0.07824259
v 0.03494119 -0.46460766 0.09493097
v -0.03496507 -0.46662807 0.10495897
v -0.01494819 -0.46558046 0.10495897
v -0.01494819 -0.45330837 0.13496812
v 0.00499228 -0.46427095 0.10495897
v 0.00499228 -0.46116549 0.11259222
v 0.03494119 -0.46146482 0.10398611
v -0.05498194 -0.46011788 0.12030031
v -0.05498194 -0.45776075 0.12523946
v -0.05498194 -0.45297164 0.13496812
v -0.04428590 -0.46202606 0.11595983
v -0.04711271 -0.46015531 0.12030031
v -0.01494819 -0.45065191 0.14110465
v -0.02495663 -0.45068932 0.14125432
v -0.06674758 -0.44960430 0.13923377
v -0.07499882 -0.44126078 0.15203068
v -0.06399718 -0.44732201 0.14394842
v -0.08493085 -0.43231863 0.16363023
v -0.09493929 -0.42805335 0.16677333
v -0.08493085 -0.42913836 0.16864423
v -0.08493085 -0.42498532 0.17493044
v -0.10494772 -0.41061801 0.19087046
v -0.08943847 -0.39991736 0.20987874
v -0.09493929 -0.39928132 0.20905556
v -0.09967611 -0.38992760 0.21990675
v -0.11495616 -0.39191058 0.21234833
v -0.11984579 -0.39995477 0.19992559
v -0.06010076 -0.44997847 0.13998212
v -0.12496460 -0.39905682 0.19872822
v -0.13497303 -0.39224732 0.20299385
v -0.14307147 -0.38173375 0.21182448
v -0.14880149 -0.38944119 0.19925207
v -0.13497303 -0.38843101 0.20793302
v -0.12496460 -0.36818954 0.23779251
v -0.13145863 -0.37092084 0.23113212
v -0.15498991 -0.37862831 0.20838204
v -0.13268103 -0.36145487 0.24130978
v -0.13932785 -0.35950932 0.23958856
v -0.16583875 -0.37548545 0.20553827
v -0.18081321 -0.26077148 0.29062659
v -0.19082165 -0.25085652 0.29055172
v -0.19754487 -0.24711505 0.28815699
v -0.21137331 -0.24168989 0.28112245
v -0.22168736 -0.24195179 0.27146858
v -0.22833419 -0.23776133 0.26832551
v -0.23139019 -0.24168989 0.26159030
v -0.23803702 -0.23746201 0.25769883
v -0.24094023 -0.24120350 0.25103843
v -0.15116990 -0.36070657 0.23075794
v -0.15781672 -0.35834944 0.22843802
v -0.16186593 -0.35168961 0.23128179
v -0.15498991 -0.28250951 0.29204845
v -0.24285024 -0.23446882 0.25463057
v -0.24055822 -0.23076475 0.26054257
v -0.24773985 -0.22597565 0.25530410
v -0.24903867 -0.21826819 0.25882137
v -0.28127956 -0.15230578 0.26166511
v -0.29037124 -0.15077177 0.25051457
v -0.29235762 -0.15447584 0.24482706
v -0.35500586 -0.14500988 0.12494013
v -0.35966629 -0.13921058 0.11895327
v -0.35829109 -0.14500988 0.11536115
v -0.36096507 -0.16218330 0.08303208
v -0.36188185 -0.16532615 0.07480014
v -0.36470866 -0.16502683 0.06499665
v -0.36035389 -0.17086355 0.07135770
v -0.35760349 -0.17453021 0.07480014
v -0.35882586 -0.17767306 0.06499665
v -0.35966629 -0.17939414 0.05886012
v -0.36058307 -0.18115264 0.05219974
v -0.35156786 -0.21332943 0.02495951
v -0.36524349 -0.17501660 0.04494066
v -0.34912306 -0.21830560 0.02495951
v -0.34973425 -0.21961513 0.01874814
v -0.30901289 -0.12776163 0.23846602
v -0.31245089 -0.12465620 0.23509841
v -0.31833375 -0.12297252 0.22619295
v -0.32314694 -0.12540449 0.21556626
v -0.32887697 -0.12297252 0.20681049
v -0.33812141 -0.12297252 0.18727835
v -0.34354579 -0.12297252 0.17522977
v -0.35172063 -0.12297252 0.15629633
v -0.35569346 -0.12503034 0.14499612
v -0.35179704 -0.13490787 0.14484644
v -0.35989547 -0.12981944 0.12972961
v -0.35049826 -0.14130580 0.14140400
v -0.35882586 -0.13554391 0.12583816
v -0.35225546 -0.21579881 0.01523085
v -0.35836744 -0.20693149 0.00497835
v -0.35416543 -0.21501309 0.00497835
v -0.35897869 -0.20809135 -0.00497481
v -0.36608392 -0.19503355 -0.01492797
v -0.36921632 -0.18841113 -0.01492797
v -0.37884277 -0.16745880 -0.01492797
v -0.38128757 -0.16285677 -0.02495597
v -0.37899554 -0.16787036 -0.04493712
v -0.38105834 -0.16244520 -0.05496512
v -0.38380873 -0.15503706 -0.06499311
v -0.38823998 -0.14407451 -0.06424475
v -0.38999718 -0.14010853 -0.06042813
v -0.39129597 -0.13565616 -0.06424475
v -0.39458120 -0.12503034 -0.06499311
v -0.38732320 -0.12297252 -0.12493658
v -0.39221281 -0.12503034 -0.08497427
v -0.39519238 -0.12297252 -0.06499311
v -0.39435202 -0.12297252 -0.07292571
v -0.39412278 -0.12297252 -0.07494628
v -0.39282399 -0.12297252 -0.08497427
v 0.14511040 -0.45880836 0.01582954
v 0.14182518 -0.46067911 0.01313545
v 0.15924445 -0.44967914 0.02877613
v 0.15557724 -0.45218593 0.02525885
v 0.23656154 -0.40676427 -0.01492797
v 0.23006752 -0.41009420 0.00056304
v 0.24259716 -0.40283573 -0.03498396
v 0.24221516 -0.40238672 -0.02495597
v 0.24168035 -0.40178812 -0.01492797
v 0.18842936 -0.43909073 0.00497835
v 0.19499978 -0.43482542 0.00497835
v 0.19530539 -0.43231863 0.01410832
v 0.19217297 -0.43149552 0.02495951
v 0.21914227 -0.41937310 -0.00325359
v 0.21303025 -0.42217922 0.00497835
v 0.20004220 -0.43007374 0.01029169
v 0.21134944 -0.42094451 0.01493151
v 0.21027984 -0.42023364 0.02084354
v 0.17696932 -0.43811792 0.03498750
v 0.17192690 -0.44118595 0.03498750
v 0.18407455 -0.43677101 0.02428599
v 0.19072138 -0.43048531 0.03154506
v 0.16497448 -0.44492745 0.03498750
v 0.30020297 -0.31057066 -0.06312222
v 0.37499887 -0.14500988 -0.03498396
v 0.37148446 -0.15376496 -0.03498396
v 0.38088167 -0.13225141 -0.01492797
v 0.37874246 -0.13722759 -0.01492797
v 0.36942166 -0.15881597 -0.02495597
v 0.36667120 -0.16502683 -0.02495597
v 0.30066139 -0.31158087 -0.03498396
v 0.30302978 -0.30503327 -0.05496512
v 0.37836045 -0.13412215 -0.04448811
v 0.38141650 -0.12566639 -0.04448811
v 0.38134009 -0.12297252 -0.05496512
v 0.38118726 -0.12342151 -0.05496512
v 0.37843686 -0.13584323 -0.03498396
v 0.38065249 -0.13180244 -0.02495597
v 0.27995688 -0.35000592 -0.01986713
v 0.28224891 -0.34577805 -0.01590084
v 0.28232533 -0.34413180 -0.00497481
v 0.28072089 -0.34121343 0.02495951
v 0.27758849 -0.34622702 0.02495951
v 0.27124727 -0.36190385 -0.00497481
v 0.26788568 -0.36691746 -0.00497481
v 0.26291966 -0.37395144 -0.00497481
v 0.26276684 -0.37570995 -0.01597567
v 0.25963444 -0.37956369 -0.01328158
v 0.25642562 -0.38528815 -0.02495597
v 0.25138319 -0.39172351 -0.02495597
v 0.24718119 -0.39673710 -0.02495597
v 0.29836935 -0.31651962 -0.03498396
v 0.29386175 -0.32497537 -0.02495597
v 0.29829299 -0.31644478 -0.02495597
v 0.29340333 -0.32497537 -0.01492797
v 0.28774971 -0.33563861 -0.01492797
v 0.07405814 -0.45764852 0.09403294
v 0.07497494 -0.45349544 0.10495897
v 0.06496651 -0.45585257 0.10495897
v 0.05778488 -0.45955664 0.09867276
v 0.05465247 -0.46135259 0.09523032
v 0.04494963 -0.46318591 0.09493097
v 0.13296276 -0.46094102 0.02495951
v 0.13983878 -0.45993081 0.01979584
v 0.13074715 -0.46023011 0.03094637
v 0.12486432 -0.45847163 0.04509034
v 0.12814954 -0.45936960 0.03760676
v 0.11523789 -0.45869613 0.05526800
v 0.12494072 -0.45544103 0.05496866
v 0.11493229 -0.45555326 0.06499665
v 0.09789503 -0.44934240 0.09807408
v 0.09124820 -0.45035261 0.10091784
v 0.08498338 -0.45428115 0.09493097
v 0.04494963 -0.46075392 0.10204037
v 0.01492432 -0.45862126 0.11655851
v -0.00807217 -0.45035261 0.14050597
v 0.02928757 -0.45993081 0.10982329
v 0.02554396 -0.45850903 0.11431345
v 0.03494119 -0.45959407 0.10892527
v 0.04494963 -0.45888320 0.10705437
v 0.04494963 -0.45589000 0.11498696
v -0.04497350 -0.45342064 0.13496812
v -0.04497350 -0.45050228 0.14095499
v -0.05498194 -0.45020294 0.14035630
v -0.01494819 -0.44758391 0.14611866
v -0.02495663 -0.44290704 0.15464993
v -0.02495663 -0.44792062 0.14626832
v -0.03496507 -0.44795805 0.14619349
v -0.03496507 -0.45061451 0.14117949
v -0.07499882 -0.43815535 0.15704468
v -0.06499038 -0.44193426 0.15300354
v -0.05498194 -0.44743425 0.14537029
v -0.07805482 -0.42977443 0.16961709
v -0.08493085 -0.42083228 0.18114181
v -0.09493929 -0.41151595 0.19214267
v -0.09493929 -0.40796155 0.19715667
v -0.09493929 -0.37275416 0.24348003
v -0.09493929 -0.38158408 0.23210499
v -0.08493085 -0.40885952 0.19835404
v -0.07499882 -0.40960783 0.19940174
v -0.07499882 -0.40556699 0.20493959
v -0.07499882 -0.40092757 0.21115096
v -0.07499882 -0.39714867 0.21616496
v -0.07499882 -0.39217249 0.22275050
v -0.07499882 -0.37945142 0.23928921
v -0.08493085 -0.37870312 0.23831636
v -0.10242651 -0.38068610 0.23090760
v -0.10494772 -0.37140724 0.24175879
v -0.12206139 -0.39082554 0.21100129
v -0.11801217 -0.36946166 0.23921438
v -0.12496460 -0.36317596 0.24310584
v -0.12962502 -0.32983932 0.26982224
v -0.10288492 -0.34158757 0.27131891
v -0.14207827 -0.33144817 0.26129097
v -0.15544832 -0.27543810 0.29728693
v -0.15911552 -0.26915240 0.29938233
v -0.19212045 -0.23218653 0.30125326
v -0.19876727 -0.22837020 0.29915786
v -0.20258729 -0.23503006 0.29204845
v -0.20755331 -0.23503006 0.28823185
v -0.20976892 -0.22971714 0.28980339
v -0.21481134 -0.23446882 0.28284365
v -0.22046496 -0.23076475 0.28044891
v -0.21802014 -0.23742460 0.27820385
v -0.23062620 -0.23110148 0.27064544
v -0.22443777 -0.23424435 0.27438718
v -0.14872509 -0.32886654 0.25882137
v -0.14826669 -0.27902994 0.29930753
v -0.23925942 -0.21879199 0.26922351
v -0.24116944 -0.21213216 0.27124411
v -0.24216263 -0.22500286 0.26233864
v -0.24514225 -0.21520017 0.26503271
v -0.27142394 -0.15503706 0.27161831
v -0.27852917 -0.14721736 0.26832551
v -0.28020996 -0.14055751 0.27027124
v -0.28250200 -0.14433642 0.26495790
v -0.30007404 -0.13026842 0.25014040
v -0.36096507 -0.13255073 0.12306923
v -0.36226386 -0.13554391 0.11536115
v -0.37173754 -0.13509494 0.08467847
v -0.36065948 -0.14167996 0.11229288
v -0.36921632 -0.14807791 0.07494982
v -0.36631310 -0.15503706 0.07494982
v -0.36241668 -0.17565265 0.05526800
v -0.36990392 -0.14991122 0.06978615
v -0.36868149 -0.15518673 0.06589469
v -0.36776471 -0.16435337 0.05451965
v -0.36959833 -0.16910505 0.03805577
v -0.36944550 -0.17890775 0.01755076
v -0.36035389 -0.20079544 0.01171357
v -0.36883432 -0.16723432 0.04494066
v -0.30832529 -0.12297252 0.24265683
v -0.30649167 -0.12465620 0.24437805
v -0.31145769 -0.12297252 0.23771766
v -0.31229812 -0.12297252 0.23637062
v -0.32421654 -0.12297252 0.21541660
v -0.35561705 -0.12297252 0.14701669
v -0.35943705 -0.12297252 0.13758737
v -0.35905504 -0.12589088 0.13579132
v -0.36104149 -0.12297252 0.13324690
v -0.36371547 -0.12297252 0.12538913
v -0.36631310 -0.12503034 0.11498696
v -0.36088866 -0.20191789 0.00497835
v -0.36539632 -0.19503355 -0.00497481
v -0.36891073 -0.18781249 -0.00497481
v -0.37127912 -0.18279889 -0.00497481
v -0.38105834 -0.16248262 -0.01492797
v -0.38121116 -0.16285677 -0.04493712
v -0.38457274 -0.15503706 -0.02495597
v -0.38464916 -0.15503706 -0.03498396
v -0.38426715 -0.15503706 -0.05496512
v -0.38816357 -0.14534661 -0.05496512
v -0.39007360 -0.14033303 -0.05496512
v -0.39198357 -0.13502011 -0.05496512
v -0.39519238 -0.12503034 -0.05496512
v -0.39572722 -0.12297252 -0.05496512
v 0.14495760 -0.45663828 0.02495951
v 0.15733445 -0.44874376 0.03498750
v 0.15045843 -0.45024037 0.04074986
v 0.15236843 -0.45102608 0.03498750
v 0.23564474 -0.40579149 -0.00497481
v 0.23946474 -0.39946839 0.00737310
v 0.22915071 -0.40927106 0.00714859
v 0.22548351 -0.41286290 0.00430483
v 0.24664639 -0.39613846 -0.01492797
v 0.25038999 -0.39052624 -0.00736956
v 0.24939679 -0.38929152 0.00497835
v 0.24076356 -0.40077791 -0.00497481
v 0.19881980 -0.42921320 0.01695208
v 0.19721539 -0.42812818 0.02495951
v 0.21799627 -0.41851255 0.00497835
v 0.21631546 -0.41724044 0.01493151
v 0.22280949 -0.41226426 0.01493151
v 0.21417625 -0.41619283 0.02451049
v 0.20898104 -0.41926086 0.02750392
v 0.20539023 -0.42266560 0.02451049
v 0.18216453 -0.43138325 0.04494066
v 0.17039889 -0.44021317 0.04067502
v 0.18537335 -0.43280503 0.03491267
v 0.18904057 -0.42940027 0.03820544
v 0.19446498 -0.42693090 0.03491267
v 0.16497448 -0.44185942 0.04434198
v 0.15427844 -0.44720975 0.04441681
v 0.38355571 -0.12503034 -0.01492797
v 0.38439608 -0.12297252 -0.00497481
v 0.38363206 -0.12503034 -0.00497481
v 0.38088167 -0.13202693 -0.00497481
v 0.37538087 -0.14500988 -0.01492797
v 0.35994798 -0.18003020 -0.00998881
v 0.30066139 -0.31146863 -0.02495597
v 0.38317370 -0.12297252 -0.03498396
v 0.38027048 -0.13086706 -0.03498396
v 0.38233328 -0.12297252 -0.04456294
v 0.38386130 -0.12297252 -0.02495597
v 0.28774971 -0.33410460 -0.00512448
v 0.28423530 -0.33496517 0.02495951
v 0.28018612 -0.34042773 0.03117088
v 0.27705371 -0.34424403 0.03468816
v 0.27170569 -0.35232565 0.03498750
v 0.27254605 -0.35371000 0.02495951
v 0.26727444 -0.36590725 0.00497835
v 0.26223207 -0.37309089 0.00497835
v 0.25917602 -0.37896502 -0.00497481
v 0.25084841 -0.39112487 -0.01492797
v 0.25650203 -0.38397864 -0.01597567
v 0.29806376 -0.31607065 -0.01492797
v 0.30050856 -0.31109446 -0.01492797
v 0.29768175 -0.31554684 -0.00497481
v 0.08421937 -0.45110089 0.10458479
v 0.08039936 -0.45012811 0.11027231
v 0.07497494 -0.45080158 0.11199354
v 0.06489010 -0.45181179 0.11536115
v 0.05495807 -0.45413148 0.11498696
v 0.05465247 -0.45817232 0.10436028
v 0.05106165 -0.46019271 0.10054366
v 0.13792877 -0.45929474 0.02495951
v 0.13441436 -0.45798522 0.03453849
v 0.13494916 -0.45487982 0.04494066
v 0.14121398 -0.45050228 0.05137654
v 0.13487276 -0.45173696 0.05481899
v 0.13151115 -0.45057708 0.06147937
v 0.11157068 -0.45065191 0.08175987
v 0.10813267 -0.44937980 0.08842026
v 0.10484745 -0.44803289 0.09485614
v 0.10591706 -0.44316894 0.10593183
v 0.09476262 -0.44780838 0.10458479
v 0.02493276 -0.45416892 0.12494013
v 0.03494119 -0.45046484 0.13092698
v 0.03494119 -0.44780838 0.13594098
v 0.03494119 -0.44279480 0.14454710
v 0.00499228 -0.43849209 0.15749370
v -0.00501616 -0.43901590 0.15839173
v -0.01494819 -0.44260770 0.15420093
v 0.03494119 -0.45723695 0.11498696
v 0.03494119 -0.45312130 0.12494013
v 0.04441483 -0.45166212 0.12531430
v 0.04067121 -0.45012811 0.13025346
v -0.04497350 -0.44780838 0.14596899
v -0.02495663 -0.43980160 0.15966393
v -0.03496507 -0.43991387 0.15988845
v -0.03496507 -0.44298187 0.15487444
v -0.06499038 -0.43426421 0.16497727
v -0.05498194 -0.44245806 0.15382674
v -0.05498194 -0.43927780 0.15884075
v -0.04497350 -0.44283223 0.15457509
v -0.07140800 -0.43014857 0.17021579
v -0.07484601 -0.42708057 0.17410724
v -0.06965080 -0.40994453 0.19992559
v -0.09493929 -0.36860111 0.24849401
v -0.08699366 -0.36957389 0.24946688
v -0.06575438 -0.40713844 0.20419122
v -0.06499038 -0.40141395 0.21182448
v -0.06499038 -0.39759764 0.21683848
v -0.06499038 -0.39258406 0.22334920
v -0.05498194 -0.38906705 0.22881220
v -0.06499038 -0.37978816 0.23973823
v -0.07499882 -0.37466234 0.24497673
v -0.08034684 -0.37002289 0.24999073
v -0.10494772 -0.36702970 0.24677280
v -0.11487976 -0.36512154 0.24497673
v -0.11174735 -0.36078140 0.25066423
v -0.11839417 -0.35917258 0.24939205
v -0.12145019 -0.32085976 0.28067338
v -0.13038902 -0.29036665 0.30020553
v -0.10494772 -0.36201611 0.25178677
v -0.09493929 -0.34794810 0.26802617
v -0.09493929 -0.34293452 0.27229178
v -0.10082211 -0.33040053 0.28022438
v -0.10494772 -0.31790397 0.28845632
v -0.11251135 -0.31135637 0.29100072
v -0.11495616 -0.32239375 0.28187078
v -0.15246870 -0.27237010 0.30132806
v -0.16232434 -0.26245514 0.30140293
v -0.16538034 -0.25542116 0.30364799
v -0.16583875 -0.24591777 0.30873686
v -0.17959081 -0.22960490 0.30978453
v -0.18532082 -0.22578858 0.30828780
v -0.19525287 -0.22504029 0.30282480
v -0.20105928 -0.22171035 0.30072939
v -0.20541410 -0.22571374 0.29534125
v -0.22069415 -0.21112195 0.29055172
v -0.23123740 -0.21216956 0.28104758
v -0.22917458 -0.21882941 0.27925152
v -0.22726458 -0.22500286 0.27745545
v -0.23521021 -0.21546207 0.27528524
v -0.14948909 -0.25964904 0.30978453
v -0.23818982 -0.20502332 0.27820385
v -0.26874995 -0.14785340 0.27872765
v -0.27455634 -0.14418675 0.27446204
v -0.28135598 -0.13502011 0.27154344
v -0.28876680 -0.12297252 0.26840031
v -0.29778206 -0.12297252 0.25717497
v -0.30129647 -0.12503034 0.25163710
v -0.27050716 -0.14119357 0.28052372
v -0.27684838 -0.13502011 0.27648258
v -0.36898708 -0.12559156 0.10578217
v -0.37219590 -0.12559156 0.09545482
v -0.36967468 -0.12929563 0.09904694
v -0.37563396 -0.12503034 0.08497781
v -0.37074429 -0.13180244 0.09238656
v -0.37968314 -0.12297252 0.07345310
v -0.37448794 -0.13502011 0.07494982
v -0.37074429 -0.15196905 0.06312576
v -0.38090557 -0.13221399 0.05496866
v -0.37968314 -0.13928540 0.04875729
v -0.38044715 -0.14119357 0.04209690
v -0.38121116 -0.14298947 0.03498750
v -0.37899554 -0.15765610 0.01493151
v -0.37089711 -0.17213565 0.02495951
v -0.37013310 -0.18040435 0.01089038
v -0.36837590 -0.18657780 0.00497835
v -0.36425030 -0.19503355 0.00497835
v -0.30679727 -0.12297252 0.24490190
v -0.36898708 -0.12297252 0.10870076
v -0.37066793 -0.12297252 0.10331258
v -0.37066793 -0.18156421 0.00497835
v -0.37471712 -0.17501660 -0.00497481
v -0.38052356 -0.16132276 -0.00497481
v -0.38312113 -0.15503706 -0.00497481
v -0.38403797 -0.15503706 -0.01492797
v -0.38449639 -0.15503706 -0.04493712
v -0.38778156 -0.14500988 -0.01492797
v -0.38992077 -0.13988404 -0.02241155
v -0.38854557 -0.14403710 -0.02540498
v -0.38831639 -0.14523438 -0.03498396
v -0.39015001 -0.14044526 -0.04493712
v -0.38823998 -0.14545886 -0.04493712
v -0.39213639 -0.13502011 -0.04493712
v -0.39549798 -0.12503034 -0.04493712
v -0.39580363 -0.12297252 -0.05294455
v 0.14495760 -0.45398185 0.03498750
v 0.14786081 -0.44915533 0.04741025
v 0.14472841 -0.45132539 0.04441681
v 0.23831874 -0.39842075 0.01493151
v 0.23335274 -0.40317246 0.01493151
v 0.24832718 -0.38813168 0.01493151
v 0.24336116 -0.39344460 0.01493151
v 0.22785191 -0.40814865 0.01493151
v 0.25848842 -0.37810451 0.00497835
v 0.25352240 -0.38431537 0.00497835
v 0.25252920 -0.38311809 0.01493151
v 0.20225781 -0.42161798 0.03498750
v 0.22097588 -0.41080508 0.02495951
v 0.21998268 -0.41001937 0.03004834
v 0.21860747 -0.40889692 0.03670873
v 0.20730023 -0.41802615 0.03498750
v 0.18048373 -0.43033564 0.05085269
v 0.16825968 -0.43901590 0.04733541
v 0.16161287 -0.44088665 0.05227457
v 0.18720695 -0.42812818 0.04494066
v 0.20072980 -0.42053294 0.04134855
v 0.15542445 -0.44271997 0.05534284
v 0.38416690 -0.12297252 -0.01702337
v 0.38424331 -0.12297252 -0.01492797
v 0.38347930 -0.12297252 0.01493151
v 0.38317370 -0.12503034 0.00497835
v 0.38294446 -0.12297252 0.02495951
v 0.38011765 -0.13038068 0.02159190
v 0.30005020 -0.31019652 0.00063787
v 0.30020297 -0.31057066 -0.00497481
v 0.28981256 -0.32968965 -0.00198138
v 0.28843731 -0.32707062 0.02495951
v 0.29347974 -0.31498560 0.03498750
v 0.29004174 -0.32007405 0.04022601
v 0.27949852 -0.33919305 0.03783126
v 0.28943056 -0.31898901 0.04688639
v 0.28996533 -0.31004685 0.07001065
v 0.28759694 -0.31584615 0.06499665
v 0.28431171 -0.32497537 0.05496866
v 0.28064448 -0.33107400 0.05496866
v 0.28003329 -0.33010122 0.06020717
v 0.27071249 -0.35101613 0.04254592
v 0.26796204 -0.35733923 0.03498750
v 0.26062763 -0.37088344 0.02263960
v 0.26139164 -0.37196845 0.01493151
v 0.26903164 -0.35872358 0.02495951
v 0.08421937 -0.44709751 0.11416377
v 0.08467778 -0.44193426 0.12501496
v 0.08116336 -0.44040024 0.13070248
v 0.07497494 -0.44866893 0.11700753
v 0.06817532 -0.44956690 0.11895327
v 0.06152849 -0.45035261 0.12074932
v 0.05495807 -0.45102608 0.12224603
v 0.14472841 -0.44777095 0.05481899
v 0.13823438 -0.44926757 0.05803693
v 0.10988987 -0.43995127 0.10989813
v 0.10324305 -0.44126078 0.11266705
v 0.09537382 -0.44264513 0.11558565
v 0.04494963 -0.44197166 0.14334974
v 0.03494119 -0.43628460 0.15494928
v 0.02493276 -0.43224379 0.16348056
v 0.01492432 -0.43789345 0.15652083
v 0.04494963 -0.43901590 0.14836372
v 0.00552708 -0.43299210 0.16587530
v -0.00501616 -0.43475062 0.16497727
v 0.01492432 -0.43287987 0.16437858
v -0.01494819 -0.43572339 0.16497727
v -0.01494819 -0.43950230 0.15914008
v 0.04739444 -0.44949204 0.12890643
v 0.04441483 -0.44728458 0.13414493
v -0.02495663 -0.43632203 0.16497727
v -0.03496507 -0.43654650 0.16497727
v -0.04497350 -0.43620980 0.16497727
v -0.04497350 -0.43976420 0.15958910
v -0.05498194 -0.43531182 0.16497727
v -0.06499038 -0.43048531 0.17073964
v -0.06499038 -0.42708057 0.17575362
v -0.06300397 -0.41028127 0.20037460
v -0.07797842 -0.35984606 0.25979424
v -0.08493085 -0.35427123 0.26391017
v -0.05498194 -0.41061801 0.20082362
v -0.04497350 -0.41084251 0.20112297
v -0.04497350 -0.40691394 0.20613696
v -0.03496507 -0.40178812 0.21219866
v -0.04497350 -0.38891739 0.22858770
v -0.05498194 -0.38409087 0.23472424
v -0.06499038 -0.37514871 0.24497673
v -0.07499882 -0.37020996 0.25021523
v -0.05498194 -0.37978816 0.23973823
v -0.05498194 -0.37039703 0.25043976
v -0.07476962 -0.36403650 0.25612730
v -0.12496460 -0.26503676 0.31554687
v -0.12496460 -0.25340074 0.32183307
v -0.13504943 -0.25478509 0.31764227
v -0.11495616 -0.29852307 0.29900819
v -0.10914974 -0.29975778 0.29975653
v -0.11495616 -0.29354689 0.30222613
v -0.10494772 -0.28771019 0.30851233
v -0.11205295 -0.28116259 0.31068254
v -0.08493085 -0.34877124 0.26892418
v -0.09493929 -0.33623725 0.27730578
v -0.08493085 -0.34379506 0.27296531
v -0.08493085 -0.33739713 0.27797931
v -0.08493085 -0.33242095 0.28179592
v -0.09715490 -0.31921351 0.28942919
v -0.10494772 -0.31292781 0.29189879
v -0.15544832 -0.26548576 0.30357319
v -0.16973516 -0.23974432 0.30985940
v -0.15980314 -0.24988374 0.30985940
v -0.16308834 -0.24322391 0.31165540
v -0.16904756 -0.21886683 0.31951320
v -0.17080477 -0.19099274 0.33043921
v -0.18226482 -0.22294505 0.31128126
v -0.16232434 -0.22249606 0.32115960
v -0.18891163 -0.21849269 0.30941033
v -0.19937848 -0.17916965 0.31966287
v -0.20487930 -0.17550300 0.31771713
v -0.21122052 -0.18205060 0.31090707
v -0.20976892 -0.20970018 0.29983139
v -0.20808811 -0.21501309 0.29855919
v -0.22871618 -0.15743162 0.30903620
v -0.22894539 -0.17827170 0.29915786
v -0.23299460 -0.18500637 0.29257232
v -0.22741738 -0.20502332 0.28778279
v -0.26034588 -0.14066976 0.29032725
v -0.24995546 -0.18006761 0.27999991
v -0.13848744 -0.24876130 0.31943834
v -0.15246870 -0.23248583 0.32123441
v -0.15315631 -0.25298917 0.31135607
v -0.15583031 -0.25579530 0.30866200
v -0.26026952 -0.16057447 0.28029925
v -0.27852917 -0.12671401 0.27842832
v -0.28196716 -0.12297252 0.27633291
v -0.28265476 -0.12405756 0.27506071
v -0.30160207 -0.12297252 0.25231063
v -0.26454794 -0.14426158 0.28456485
v -0.26676351 -0.13502011 0.28695959
v -0.27180594 -0.13502011 0.28194565
v -0.37632155 -0.12297252 0.08505265
v -0.37884277 -0.12297252 0.07637170
v -0.38396156 -0.12297252 0.05698923
v -0.38373238 -0.12503034 0.05496866
v -0.38205153 -0.13558133 0.04524001
v -0.38441998 -0.13502011 0.03498750
v -0.38197517 -0.14568335 0.02518401
v -0.38105834 -0.15264252 0.01493151
v -0.37960672 -0.15919012 0.00767244
v -0.37158471 -0.17535333 0.01448250
v -0.37341833 -0.17501660 0.00497835
v -0.38014156 -0.16038740 0.00093722
v -0.38159317 -0.15552346 0.00460417
v -0.38571876 -0.14500988 0.00497835
v -0.38694119 -0.14500988 -0.00497481
v -0.38938600 -0.13812554 -0.00497481
v -0.38976800 -0.13936023 -0.01492797
v -0.39519238 -0.12503034 -0.02495597
v -0.39549798 -0.12503034 -0.03498396
v -0.39198357 -0.13502011 -0.03498396
v -0.39610922 -0.12297252 -0.03498396
v -0.39603281 -0.12297252 -0.04493712
v 0.23671435 -0.39692417 0.02495951
v 0.24190956 -0.39191058 0.02495951
v 0.23060232 -0.40055341 0.03154506
v 0.25138319 -0.38162148 0.02495951
v 0.25046641 -0.38053647 0.03176957
v 0.24687557 -0.38659766 0.02495951
v 0.22594190 -0.40661463 0.02495951
v 0.25757164 -0.37698203 0.01493151
v 0.22464310 -0.40470648 0.03416431
v 0.22280949 -0.40242416 0.04494066
v 0.21662107 -0.40740034 0.04494066
v 0.21165505 -0.41121665 0.04494066
v 0.23174833 -0.39142418 0.05496866
v 0.17842093 -0.42895129 0.05751308
v 0.17498291 -0.43228123 0.05451965
v 0.19186738 -0.42124385 0.05496866
v 0.19026297 -0.42019624 0.06043167
v 0.16497448 -0.43781862 0.05534284
v 0.15909165 -0.43957710 0.05893496
v 0.19881980 -0.41922343 0.04800893
v 0.21020344 -0.41016904 0.05047851
v 0.15244482 -0.44114855 0.06275158
v 0.38233328 -0.12297252 0.03498750
v 0.38179851 -0.12577865 0.02495951
v 0.38156927 -0.12297252 0.04494066
v 0.37018561 -0.15050986 0.03124571
v 0.29806376 -0.30578157 0.03498750
v 0.29470217 -0.31498560 0.02495951
v 0.29760540 -0.30409789 0.04419231
v 0.29187536 -0.31539717 0.04411747
v 0.28996533 -0.30005708 0.09006665
v 0.28904855 -0.30836320 0.07667104
v 0.28637451 -0.31405026 0.07397695
v 0.28209609 -0.32516247 0.06409863
v 0.29355615 -0.30503327 0.06499665
v 0.29645938 -0.29500607 0.07494982
v 0.29836935 -0.28662515 0.08497781
v 0.29401457 -0.29500607 0.08497781
v 0.28117931 -0.32172030 0.07494982
v 0.27613688 -0.33406720 0.06409863
v 0.26971924 -0.34966919 0.04920630
v 0.26719803 -0.35460797 0.04553935
v 0.26299602 -0.36388683 0.03498750
v 0.25909960 -0.36886302 0.03498750
v 0.25696039 -0.37451267 0.02555819
v 0.09904103 -0.43965197 0.11932744
v 0.09208860 -0.43082204 0.14132917
v 0.08467778 -0.43714514 0.13444427
v 0.07497494 -0.43845469 0.13728803
v 0.07497494 -0.44129819 0.13234887
v 0.07497494 -0.44496486 0.12494013
v 0.09537382 -0.43815535 0.12501496
v 0.09522101 -0.43284243 0.13541713
v 0.06489010 -0.44780838 0.12441628
v 0.05495807 -0.44870633 0.12726003
v 0.14564520 -0.44294447 0.06559534
v 0.12058590 -0.43026081 0.12059965
v 0.11401548 -0.43119618 0.12434144
v 0.10591706 -0.43879139 0.11558565
v 0.14938882 -0.43972677 0.06941197
v 0.05495807 -0.44462812 0.13496812
v 0.05495807 -0.44088665 0.14155367
v 0.03494119 -0.43157035 0.16235802
v 0.02493276 -0.42898870 0.16849455
v 0.05495807 -0.43793088 0.14656767
v 0.05442327 -0.43246830 0.15532346
v 0.05067965 -0.43014857 0.16018778
v 0.04494963 -0.43475062 0.15494928
v 0.00254747 -0.43029824 0.17051512
v -0.00501616 -0.43074721 0.17111380
v 0.01492432 -0.42958736 0.16939259
v -0.00501616 -0.42745471 0.17612781
v -0.01494819 -0.43119618 0.17178734
v -0.02495663 -0.43149552 0.17208667
v -0.03496507 -0.43160775 0.17216150
v -0.04497350 -0.43142068 0.17186217
v -0.05498194 -0.43100911 0.17141315
v -0.07133160 -0.36010796 0.26009357
v -0.06758799 -0.34978145 0.26982224
v -0.07499882 -0.34936988 0.26944804
v -0.04497350 -0.41522005 0.19498643
v -0.03496507 -0.41948533 0.18922406
v -0.02495663 -0.41941050 0.18914923
v -0.03496507 -0.41073024 0.20097329
v -0.01494819 -0.41046834 0.20059910
v -0.04497350 -0.38390380 0.23442489
v -0.02495663 -0.39733574 0.21691331
v -0.06499038 -0.37035963 0.25036490
v -0.06499038 -0.36538345 0.25537890
v -0.06499038 -0.36040726 0.26031810
v -0.04695991 -0.37028480 0.25029010
v -0.05498194 -0.36040726 0.26031810
v -0.11969298 -0.25991094 0.31988734
v -0.12496460 -0.24501982 0.32572454
v -0.13184063 -0.25126809 0.32056087
v -0.11579657 -0.25594497 0.32318014
v -0.11549097 -0.24498239 0.32856834
v -0.10548253 -0.30450946 0.29743665
v -0.10548253 -0.29586661 0.30319899
v -0.10494772 -0.28269657 0.31150573
v -0.09493929 -0.28920677 0.30948520
v -0.07499882 -0.34439370 0.27356398
v -0.09043168 -0.32011145 0.29002786
v -0.07499882 -0.33810800 0.27850318
v -0.07499882 -0.33313182 0.28239465
v -0.08493085 -0.32553661 0.28680992
v -0.09493929 -0.29500607 0.30574340
v -0.10250292 -0.30080539 0.30057973
v -0.15583031 -0.24591777 0.31352633
v -0.16499835 -0.18500637 0.33552802
v -0.17447199 -0.18407100 0.33133721
v -0.17752799 -0.18676487 0.32871801
v -0.15476072 -0.21493827 0.32774514
v -0.15399671 -0.19409817 0.33672541
v -0.15544832 -0.22548926 0.32295561
v -0.19120364 -0.16184656 0.33066374
v -0.19341925 -0.15503706 0.33193594
v -0.20151769 -0.17250980 0.32086021
v -0.20824091 -0.16708465 0.31891447
v -0.17997280 -0.18010503 0.32999021
v -0.21328333 -0.17501660 0.31240380
v -0.23261259 -0.16502683 0.30230093
v -0.21015091 -0.16042480 0.32011187
v -0.21167892 -0.15503706 0.32108474
v -0.24048182 -0.13101672 0.31030840
v -0.25140709 -0.13288747 0.30110359
v -0.24972627 -0.13954730 0.29975653
v -0.23521021 -0.17546558 0.29519153
v -0.25484508 -0.13573100 0.29713726
v -0.26179749 -0.13502011 0.29152459
v -0.14139067 -0.22122397 0.33051407
v -0.14482868 -0.22474095 0.32767028
v -0.13061821 -0.23054026 0.33021468
v -0.14803749 -0.21819335 0.32924181
v -0.27501476 -0.12297252 0.28381652
v -0.26867354 -0.12675142 0.28868085
v -0.38449639 -0.12297252 0.05489383
v -0.38648278 -0.12297252 0.04681156
v -0.38694119 -0.12297252 0.04494066
v -0.38617718 -0.12503034 0.04494066
v -0.38869840 -0.12297252 0.03573586
v -0.38617718 -0.13502011 0.02495951
v -0.38411438 -0.14500988 0.01493151
v -0.38961518 -0.12903373 0.01762560
v -0.39137238 -0.12544191 0.01455733
v -0.38877475 -0.13651671 0.00497835
v -0.39274758 -0.12503034 0.00497835
v -0.39442837 -0.12297252 -0.00497481
v -0.39526880 -0.12297252 -0.01492797
v -0.39458120 -0.12503034 -0.01492797
v -0.39572722 -0.12297252 -0.02293540
v -0.39580363 -0.12297252 -0.02495597
v 0.24068716 -0.39078814 0.03229341
v 0.23862435 -0.38880515 0.04494066
v 0.24359037 -0.38379157 0.04494066
v 0.23671435 -0.38708407 0.05496866
v 0.24954958 -0.37945142 0.03842995
v 0.22112869 -0.40096498 0.05234941
v 0.21486387 -0.40489355 0.05474415
v 0.23037311 -0.39033917 0.06073102
v 0.17169771 -0.43108395 0.06245224
v 0.19683339 -0.41780168 0.05496866
v 0.20500822 -0.41233909 0.05422030
v 0.20829344 -0.40882209 0.05713890
v 0.21096745 -0.40070307 0.07150737
v 0.20523742 -0.40313503 0.07487498
v 0.19263138 -0.41181529 0.07494982
v 0.18789455 -0.41866219 0.06709206
v 0.18124774 -0.42083228 0.07173188
v 0.18476215 -0.42199212 0.06424830
v 0.16558568 -0.43325400 0.06544567
v 0.16260606 -0.43138325 0.07300408
v 0.15542445 -0.43841726 0.06559534
v 0.38027048 -0.12297252 0.05496866
v 0.30005020 -0.30013192 0.04030084
v 0.29890418 -0.29784960 0.05496866
v 0.29538977 -0.30503327 0.05496866
v 0.30127257 -0.29287344 0.05496866
v 0.29149336 -0.29489383 0.09403294
v 0.28889573 -0.29814893 0.09672703
v 0.28622174 -0.30406049 0.09403294
v 0.28774971 -0.30630538 0.08497781
v 0.28232533 -0.31524751 0.08445396
v 0.29844576 -0.29481900 0.06589469
v 0.29943895 -0.28905711 0.07494982
v 0.30188376 -0.28404352 0.07494982
v 0.30073780 -0.28164896 0.08497781
v 0.29905695 -0.27809456 0.09680187
v 0.29691774 -0.28408092 0.09403294
v 0.27911651 -0.31872711 0.08737256
v 0.27628970 -0.32418966 0.08445396
v 0.27002484 -0.34005359 0.07008549
v 0.27086526 -0.34125084 0.06499665
v 0.26880246 -0.34843451 0.05496866
v 0.26062763 -0.36078140 0.05190039
v 0.26162082 -0.36216575 0.04494066
v 0.25764799 -0.36714193 0.04494066
v 0.10492385 -0.43456352 0.12494013
v 0.08979660 -0.41993433 0.15988845
v 0.08498338 -0.43198189 0.14305039
v 0.09873543 -0.42951253 0.13908409
v 0.10897307 -0.41959757 0.14926176
v 0.10232624 -0.42090711 0.15143199
v 0.09499182 -0.42225403 0.15352739
v 0.07520414 -0.43314177 0.14559481
v 0.06764051 -0.43942747 0.13900925
v 0.06458450 -0.44219616 0.13541713
v 0.11004267 -0.42999890 0.13002896
v 0.12730913 -0.42872679 0.11700753
v 0.12432952 -0.42655674 0.12434144
v 0.11668950 -0.42857715 0.12726003
v 0.15970285 -0.42981184 0.07966447
v 0.06091729 -0.44021317 0.14035630
v 0.03494119 -0.42820299 0.16737202
v 0.04494963 -0.43074721 0.16108581
v 0.03035717 -0.42004657 0.18001927
v 0.00499228 -0.42191732 0.18263853
v 0.00552708 -0.42749211 0.17425691
v 0.06458450 -0.43695807 0.14417292
v 0.06496651 -0.43160775 0.15240486
v 0.06863372 -0.41963500 0.16946742
v 0.06198689 -0.42045814 0.17073964
v 0.05495807 -0.41787648 0.17687617
v -0.00501616 -0.42244112 0.18331204
v -0.01494819 -0.42779145 0.17680132
v -0.02495663 -0.42797852 0.17710067
v -0.02495663 -0.42296493 0.18421008
v -0.06094116 -0.35004336 0.27004671
v -0.01494819 -0.42277783 0.18383589
v -0.01494819 -0.41462141 0.19498643
v -0.02495663 -0.41499555 0.19498643
v -0.00814857 -0.41024387 0.20022494
v -0.04497350 -0.37956369 0.23943889
v 0.00499228 -0.40032893 0.21040259
v -0.02495663 -0.36916235 0.24909270
v -0.04176469 -0.35984606 0.25986904
v 0.00499228 -0.39097521 0.22102928
v -0.05933676 -0.35004336 0.27004671
v -0.12496460 -0.23259808 0.33111274
v -0.10494772 -0.25500959 0.32602388
v -0.10494772 -0.24834974 0.32931668
v -0.10494772 -0.22743483 0.33882082
v -0.10494772 -0.22242123 0.34106588
v -0.11105975 -0.22077498 0.34031755
v -0.09493929 -0.28423059 0.31232893
v -0.09142487 -0.27049935 0.32026154
v -0.08813966 -0.28984281 0.30985940
v -0.07499882 -0.27764559 0.31861514
v -0.08493085 -0.32056043 0.29032725
v -0.07499882 -0.32609785 0.28733379
v -0.06499038 -0.33324409 0.28239465
v -0.06499038 -0.32624748 0.28733379
v -0.16553316 -0.16540098 0.34263742
v -0.16920036 -0.16899280 0.33956915
v -0.15010029 -0.19013220 0.34001821
v -0.16255353 -0.17288396 0.34114075
v -0.17493038 -0.17501660 0.33448035
v -0.18432762 -0.15455067 0.33702475
v -0.18730724 -0.14500988 0.33859628
v -0.18921724 -0.13876159 0.33956915
v -0.19991328 -0.14994864 0.32991534
v -0.19838527 -0.15503706 0.32901734
v -0.18058401 -0.15088402 0.34031755
v -0.20495570 -0.15503706 0.32512587
v -0.20495570 -0.14598267 0.32819414
v -0.21022731 -0.13056774 0.33013988
v -0.24094023 -0.12297252 0.31270313
v -0.24193344 -0.12503034 0.31135607
v -0.24689946 -0.12503034 0.30761427
v -0.25339347 -0.12503034 0.30260032
v -0.25889432 -0.12297252 0.29908299
v -0.26386034 -0.12297252 0.29459286
v -0.12924302 -0.20943828 0.33971888
v -0.13993905 -0.19997232 0.33994335
v -0.14498147 -0.19757777 0.33904535
v -0.27371597 -0.12297252 0.28508872
v -0.26645792 -0.12297252 0.29212326
v -0.38999718 -0.12297252 0.02825228
v -0.39091396 -0.12297252 0.02263960
v -0.39213639 -0.12297252 0.01463217
v -0.39312959 -0.12297252 0.00699892
v -0.39335877 -0.12297252 0.00497835
v 0.24190956 -0.38207048 0.05496866
v 0.24855639 -0.37829158 0.04494066
v 0.24061075 -0.38072354 0.06118003
v 0.21944788 -0.39958063 0.05900979
v 0.21784347 -0.39830852 0.06499665
v 0.21280105 -0.40212482 0.06499665
v 0.23457514 -0.38468951 0.06432313
v 0.22846311 -0.38865548 0.06739140
v 0.22173989 -0.39146161 0.07300408
v 0.16932929 -0.42958736 0.06911262
v 0.21104385 -0.39082554 0.09163820
v 0.20875184 -0.39909422 0.07816775
v 0.21975347 -0.38981533 0.07966447
v 0.19981301 -0.39987993 0.08969247
v 0.19522899 -0.40515545 0.08527716
v 0.19301338 -0.40208742 0.09493097
v 0.18820016 -0.40885952 0.08752223
v 0.18476215 -0.41701597 0.07502465
v 0.17880292 -0.41926086 0.07839226
v 0.37950647 -0.12297252 0.05915947
v 0.30264777 -0.28598911 0.06589469
v 0.30493981 -0.28501630 0.05496866
v 0.30058497 -0.29137683 0.06320059
v 0.29072934 -0.29145166 0.10211521
v 0.28752053 -0.29489383 0.10525831
v 0.28018612 -0.31030875 0.10039399
v 0.28950691 -0.28916937 0.10877559
v 0.28110290 -0.31180534 0.09493097
v 0.37866604 -0.12297252 0.06372445
v 0.37820768 -0.12297252 0.06589469
v 0.37675607 -0.12297252 0.07262991
v 0.30134898 -0.27487689 0.09403294
v 0.37454045 -0.12297252 0.08168504
v 0.37370002 -0.12297252 0.08497781
v 0.36216360 -0.12551674 0.12501496
v 0.35872561 -0.12731265 0.13496812
v 0.35971880 -0.12297252 0.13870992
v 0.35215515 -0.13535684 0.14477161
v 0.35116196 -0.13225141 0.15322806
v 0.30066139 -0.27143472 0.10196554
v 0.27766490 -0.31678152 0.09493097
v 0.27002484 -0.33010122 0.09014148
v 0.27101809 -0.33129850 0.08497781
v 0.26085681 -0.35109097 0.07203122
v 0.26215565 -0.35284945 0.06499665
v 0.25948161 -0.35932222 0.05856078
v 0.26345444 -0.35558075 0.05511833
v 0.08590018 -0.41783908 0.16482760
v 0.08314977 -0.42086968 0.16138516
v 0.09499182 -0.41899896 0.15854140
v 0.09552662 -0.41383570 0.16572563
v 0.10538226 -0.41742751 0.15487444
v 0.11493229 -0.42120641 0.14207752
v 0.12020391 -0.42008397 0.14013179
v 0.11493229 -0.41828805 0.14709152
v 0.11493229 -0.41305000 0.15532346
v 0.13426156 -0.42150575 0.12419177
v 0.13051794 -0.42027104 0.13047798
v 0.16000846 -0.42000914 0.10001981
v 0.15672325 -0.41843772 0.10668019
v 0.12410033 -0.42135608 0.13429460
v 0.03417719 -0.42259076 0.17552912
v 0.04494963 -0.41884929 0.17829804
v 0.03700400 -0.41948533 0.17927091
v 0.04189362 -0.41039354 0.19049628
v 0.03494119 -0.40725067 0.19625863
v 0.01492432 -0.41260099 0.19341488
v 0.01492432 -0.41761458 0.18660481
v 0.00499228 -0.41825065 0.18765251
v 0.07497494 -0.41881186 0.16812038
v 0.07528054 -0.41346154 0.17567879
v 0.06519570 -0.41712821 0.17440659
v 0.06496651 -0.41166562 0.18218951
v 0.05495807 -0.41286290 0.18368623
v -0.00501616 -0.41877446 0.18832605
v 0.00499228 -0.41327447 0.19423807
v 0.00499228 -0.40945816 0.19925207
v 0.01041670 -0.40002960 0.21002842
v 0.01492432 -0.39045140 0.22043060
v 0.01492432 -0.37645823 0.23599644
v 0.01492432 -0.37144464 0.24153429
v 0.02493276 -0.37084600 0.24086078
v 0.01492432 -0.36650589 0.24647345
v 0.01492432 -0.36149231 0.25141263
v 0.00499228 -0.36212835 0.25208616
v -0.01494819 -0.34734946 0.26772684
v 0.00499228 -0.35670319 0.25710011
v -0.05498194 -0.33313182 0.28231978
v -0.01494819 -0.34233588 0.27176797
v -0.02816544 -0.32041076 0.29032725
v -0.03496507 -0.32074749 0.29055172
v -0.12259619 -0.21179542 0.34076655
v -0.08493085 -0.25201640 0.33103788
v -0.08493085 -0.24501982 0.33440548
v -0.09440449 -0.23420691 0.33777314
v -0.09738410 -0.22911850 0.33956915
v -0.10494772 -0.21501309 0.34428382
v -0.09493929 -0.21501309 0.34630442
v -0.11465056 -0.21508792 0.34166455
v -0.08493085 -0.27143472 0.32071054
v -0.08493085 -0.26503676 0.32415301
v -0.08493085 -0.25699258 0.32841867
v -0.07499882 -0.30847543 0.29900819
v -0.07499882 -0.25328851 0.33171141
v -0.06499038 -0.27816939 0.31891447
v -0.06499038 -0.26503676 0.32617354
v -0.06499038 -0.25901297 0.32946634
v -0.07499882 -0.32112166 0.29070139
v -0.06499038 -0.32123390 0.29085106
v -0.06499038 -0.31498560 0.29519153
v -0.06499038 -0.30892441 0.29930753
v -0.05498194 -0.32613525 0.28733379
v -0.15453151 -0.16457786 0.34765142
v -0.15751112 -0.15683298 0.34907335
v -0.16400515 -0.15410170 0.34712762
v -0.17493038 -0.15455067 0.34188908
v -0.13757065 -0.17771047 0.34914815
v -0.14093226 -0.17105062 0.35034555
v -0.19112724 -0.13210174 0.34061688
v -0.18234122 -0.14500988 0.34121555
v -0.17493038 -0.14500988 0.34495735
v -0.21221372 -0.12297252 0.33118755
v -0.23467541 -0.12297252 0.31674427
v -0.19296086 -0.12503034 0.34173942
v -0.19800328 -0.12503034 0.33882082
v -0.24254464 -0.12297252 0.31158060
v -0.24735786 -0.12297252 0.30798846
v -0.25369906 -0.12297252 0.30312413
v -0.13092382 -0.18089074 0.35027069
v -0.13596624 -0.19600634 0.34278715
v -0.13451463 -0.18455739 0.34765142
v 0.25818282 -0.35782564 0.06499665
v 0.25940520 -0.34933245 0.07876644
v 0.25145960 -0.36167938 0.07307892
v 0.24985518 -0.35988346 0.07973931
v 0.24847998 -0.35834944 0.08497781
v 0.23831874 -0.36822698 0.08692354
v 0.23564474 -0.36572018 0.09620318
v 0.22983831 -0.36983579 0.09972046
v 0.22831032 -0.37840381 0.08699838
v 0.22166349 -0.38147184 0.09283557
v 0.17544131 -0.41334930 0.09523032
v 0.17238531 -0.41155338 0.10293840
v 0.16711368 -0.41843772 0.09493097
v 0.16482167 -0.41499555 0.10480930
v 0.20882824 -0.38914189 0.09829859
v 0.20531383 -0.39336976 0.09500581
v 0.21814907 -0.38846841 0.08497781
v 0.21532226 -0.38528815 0.09560449
v 0.20523742 -0.39789695 0.08580101
v 0.19797939 -0.39860785 0.09493097
v 0.19087417 -0.40059084 0.10114235
v 0.18491495 -0.40732551 0.09523032
v 0.18155333 -0.41099215 0.09208721
v 0.17910853 -0.40938333 0.09874760
v 0.29791099 -0.27487689 0.10518347
v 0.29263937 -0.28550270 0.10525831
v 0.28813171 -0.28696188 0.11498696
v 0.28293651 -0.29526797 0.11491213
v 0.27911651 -0.29874757 0.11820491
v 0.27674806 -0.30469653 0.11491213
v 0.27017766 -0.31027135 0.12030031
v 0.27155286 -0.31206727 0.11498696
v 0.27109444 -0.32134613 0.10204037
v 0.29095852 -0.28194830 0.11498696
v 0.29004174 -0.28011495 0.12007580
v 0.36071199 -0.12297252 0.13496812
v 0.35842001 -0.12297252 0.14305039
v 0.34993958 -0.12996911 0.15988845
v 0.26834404 -0.32804340 0.09680187
v 0.26062763 -0.34076446 0.09118918
v 0.09254701 -0.41099215 0.17126349
v 0.08498338 -0.41233909 0.17305954
v 0.10492385 -0.41207719 0.16288187
v 0.09927023 -0.40968263 0.16954225
v 0.11157068 -0.41069284 0.16093615
v 0.12685074 -0.41847515 0.13713837
v 0.12486432 -0.41495812 0.14492129
v 0.12287793 -0.41144115 0.15218036
v 0.11829390 -0.40923366 0.15884075
v 0.13716477 -0.41851255 0.12703553
v 0.14037359 -0.42019624 0.12037514
v 0.15328524 -0.41181529 0.12329374
v 0.14327680 -0.41185272 0.13324690
v 0.13517836 -0.41518262 0.13519263
v 0.16298807 -0.41177788 0.11326575
v 0.03494119 -0.40223709 0.20291902
v 0.04494963 -0.40133911 0.20179649
v 0.01492432 -0.40882209 0.19842887
v 0.07214813 -0.41065544 0.18084246
v 0.07879496 -0.40960783 0.17949542
v 0.06496651 -0.40279830 0.19356455
v 0.05877808 -0.39969286 0.19962625
v 0.05213126 -0.40051600 0.20067395
v 0.07497494 -0.40141395 0.19176848
v 0.01423672 -0.40309763 0.20568794
v 0.01706353 -0.39958063 0.20950457
v 0.02432155 -0.39329493 0.21571594
v 0.02057794 -0.39007723 0.22005641
v 0.02309915 -0.38042420 0.23045859
v 0.02286995 -0.36078140 0.25066423
v 0.02584956 -0.37664533 0.23427522
v 0.02974597 -0.37993783 0.22993474
v 0.03494119 -0.38902962 0.21893388
v 0.03112118 -0.37028480 0.24026208
v 0.01492432 -0.35584265 0.25642663
v 0.00499228 -0.35172701 0.26136577
v 0.00499228 -0.34076446 0.27064544
v -0.00501616 -0.34155017 0.27124411
v -0.02488023 -0.31577134 0.29324585
v -0.02495663 -0.30813870 0.29870886
v -0.03496507 -0.31498560 0.29459286
v 0.00499228 -0.33496517 0.27513558
v 0.00499228 -0.32927808 0.27947605
v 0.01492432 -0.32841754 0.27887738
v -0.00501616 -0.31839037 0.28883052
v 0.01064590 -0.30016932 0.30005586
v -0.11495616 -0.20502332 0.34563088
v -0.07499882 -0.24501982 0.33575255
v -0.07499882 -0.21695867 0.34854949
v -0.08493085 -0.23630215 0.33837181
v -0.09440449 -0.22548926 0.34173942
v -0.10517693 -0.20479883 0.34832495
v -0.09493929 -0.20805393 0.34922302
v -0.10196812 -0.20135668 0.35049522
v -0.08202764 -0.21086004 0.35034555
v -0.06499038 -0.25403678 0.33208561
v -0.06499038 -0.24501982 0.33657575
v -0.05498194 -0.26503676 0.32654774
v -0.05498194 -0.25949937 0.32969087
v -0.05498194 -0.29631561 0.30761427
v -0.05498194 -0.29130200 0.31075740
v -0.05498194 -0.28501630 0.31464887
v -0.05498194 -0.27816939 0.31883967
v -0.04497350 -0.26503676 0.32662261
v -0.04497350 -0.25964904 0.32976568
v -0.05498194 -0.30899924 0.29930753
v -0.05498194 -0.30402306 0.30260032
v -0.15086430 -0.16094862 0.35027069
v -0.14498147 -0.15503706 0.35423702
v -0.14039746 -0.14059493 0.36014903
v -0.16003233 -0.15017313 0.34997135
v -0.16683196 -0.14500988 0.34869915
v -0.13497303 -0.16502683 0.35431182
v -0.18547362 -0.13528201 0.34256262
v -0.16897117 -0.13827521 0.34959716
v -0.17447199 -0.13498269 0.34795082
v -0.18493882 -0.12503034 0.34578055
v -0.19357206 -0.12297252 0.34196395
v -0.12496460 -0.18298598 0.35109389
v -0.11495616 -0.17501660 0.35648209
v -0.11495616 -0.16745880 0.35910130
v -0.12496460 -0.17501660 0.35386282
v -0.11495616 -0.15503706 0.36336696
v -0.12045699 -0.16038740 0.36007416
v -0.12427700 -0.15447584 0.36097223
v -0.12710381 -0.15743162 0.35917616
v -0.10861494 -0.19899952 0.34959716
v 0.25787723 -0.34757397 0.08497781
v 0.25107759 -0.35124063 0.09208721
v 0.25291121 -0.35333586 0.08497781
v 0.24932040 -0.34925765 0.09874760
v 0.23961756 -0.35958415 0.09934629
v 0.23801315 -0.35793787 0.10495897
v 0.24083996 -0.35097873 0.11132001
v 0.23106071 -0.36108074 0.11161935
v 0.22823390 -0.36822698 0.10495897
v 0.22319148 -0.37316573 0.10495897
v 0.21967708 -0.37971333 0.09949595
v 0.22571270 -0.37574735 0.09627802
v 0.16963489 -0.40979490 0.10967363
v 0.17544131 -0.40811121 0.10578217
v 0.21287745 -0.38233238 0.10495897
v 0.21081464 -0.38061130 0.11109550
v 0.20531383 -0.38775754 0.10578217
v 0.20218141 -0.39157385 0.10301324
v 0.19064496 -0.39045140 0.12074932
v 0.18820016 -0.39883232 0.10780273
v 0.19973661 -0.38981533 0.10967363
v 0.28133214 -0.29208773 0.12247054
v 0.27766490 -0.29526797 0.12546398
v 0.27201128 -0.30462170 0.12419177
v 0.26826763 -0.30768973 0.12696069
v 0.26460046 -0.31453663 0.12441628
v 0.26093322 -0.32119650 0.12179703
v 0.26773286 -0.31704342 0.11498696
v 0.25994003 -0.32998899 0.10997297
v 0.29103494 -0.24176472 0.16190901
v 0.28965974 -0.22911850 0.17934574
v 0.27949852 -0.28935644 0.12920576
v 0.34558475 -0.13502011 0.16497727
v 0.34031314 -0.14066976 0.17073964
v 0.32029623 -0.17056423 0.18061796
v 0.35513479 -0.12297252 0.15277904
v 0.34917557 -0.12596571 0.16595013
v 0.35414159 -0.12297252 0.15554796
v 0.08803939 -0.39931872 0.18907440
v 0.10813267 -0.39931872 0.17904641
v 0.09499182 -0.39804661 0.18735318
v 0.08139256 -0.40044117 0.19057111
v 0.11493229 -0.40145138 0.17208667
v 0.12050951 -0.40025410 0.17036545
v 0.13319196 -0.41181529 0.14297555
v 0.12960115 -0.40979490 0.14963594
v 0.12570474 -0.40799898 0.15532346
v 0.12432952 -0.40227449 0.16482760
v 0.15993206 -0.40994453 0.11992612
v 0.14992362 -0.40998197 0.12995413
v 0.13991518 -0.40994453 0.13990729
v 0.16581488 -0.40863502 0.11595983
v 0.03494119 -0.39838335 0.20793302
v 0.04494963 -0.39741057 0.20681049
v 0.07528054 -0.40691394 0.18450941
v 0.06496651 -0.39886975 0.19857855
v 0.06137569 -0.39033917 0.21040259
v 0.07497494 -0.39744797 0.19678248
v 0.03494119 -0.39336976 0.21391988
v 0.02722476 -0.38962829 0.21953256
v 0.02095994 -0.35023043 0.26016837
v 0.03471199 -0.36560792 0.24355486
v 0.03494119 -0.35913515 0.24924238
v 0.03494119 -0.34839708 0.25859684
v 0.02523836 -0.35505694 0.25507957
v 0.04494963 -0.39243439 0.21279734
v 0.04494963 -0.38801944 0.21781135
v 0.03784440 -0.36938682 0.23936406
v 0.04494963 -0.36336303 0.24303101
v 0.04494963 -0.38304326 0.22312468
v 0.04494963 -0.37327796 0.23345202
v 0.01492432 -0.35082906 0.26069224
v 0.01118070 -0.34024066 0.27019638
v -0.01785140 -0.29036665 0.31023353
v -0.03496507 -0.30855027 0.29893333
v -0.04497350 -0.30376115 0.30260032
v 0.02493276 -0.33376789 0.27296531
v 0.02493276 -0.32714546 0.27797931
v 0.02936397 -0.30985978 0.28987819
v 0.02271715 -0.31068289 0.29047692
v 0.01469512 -0.33571345 0.27318984
v 0.01736913 -0.29934621 0.29953206
v 0.00499228 -0.28819656 0.30881166
v -0.00501616 -0.28924417 0.30948520
v -0.06499038 -0.23390761 0.34181428
v -0.06499038 -0.22500286 0.34600508
v -0.06499038 -0.21811852 0.34914815
v -0.07499882 -0.21194507 0.35079455
v -0.09493929 -0.20307776 0.35116875
v -0.08523645 -0.20565937 0.35184222
v -0.08493085 -0.18238734 0.36089736
v -0.08493085 -0.17501660 0.36359149
v -0.09111927 -0.18074107 0.36022383
v -0.09776610 -0.17845877 0.35947549
v -0.10555893 -0.17509143 0.35880196
v -0.07499882 -0.20502332 0.35363829
v -0.07446402 -0.19421044 0.35805362
v -0.07752003 -0.18912201 0.35962516
v -0.05498194 -0.23966950 0.33979368
v -0.05498194 -0.23465590 0.34226328
v -0.03549987 -0.24415928 0.33799762
v -0.03252026 -0.24023071 0.34009302
v -0.04497350 -0.23993140 0.33994335
v -0.04497350 -0.29609111 0.30753946
v -0.02495663 -0.28501630 0.31375080
v -0.03496507 -0.26503676 0.32632327
v -0.03496507 -0.25946194 0.32961601
v -0.03496507 -0.25444835 0.33253461
v -0.13443823 -0.15447584 0.35790396
v -0.13741785 -0.14725478 0.35917616
v -0.14941269 -0.12922081 0.35977483
v -0.15498991 -0.14500988 0.35333896
v -0.13443823 -0.14437383 0.36097223
v -0.13497303 -0.13502011 0.36344182
v -0.16178954 -0.14500988 0.35071969
v -0.17118677 -0.12297252 0.35236609
v -0.17783360 -0.12503034 0.34907335
v -0.18493882 -0.12297252 0.34630442
v -0.10548253 -0.14523438 0.36890483
v -0.10922614 -0.13936023 0.36980283
v -0.11495616 -0.14500988 0.36651009
v -0.09493929 -0.15470032 0.36830610
v -0.09157768 -0.15114592 0.37032670
v -0.12496460 -0.14500988 0.36374116
v -0.13069463 -0.15077177 0.36022383
v 0.24259716 -0.35292429 0.10495897
v 0.22983831 -0.34981886 0.12972961
v 0.23488073 -0.35490727 0.11483730
v 0.25902325 -0.31883934 0.12845741
v 0.22884510 -0.35883585 0.11827974
v 0.21998268 -0.35999569 0.12995413
v 0.22112869 -0.37114534 0.11154452
v 0.21784347 -0.37814191 0.10495897
v 0.18460935 -0.39220989 0.12441628
v 0.18101853 -0.39075071 0.13107666
v 0.20829344 -0.37859088 0.11775589
v 0.20164661 -0.38128477 0.12194669
v 0.20500822 -0.38304326 0.11461279
v 0.19775020 -0.38835615 0.11498696
v 0.21478745 -0.37484941 0.11468762
v 0.19469419 -0.38480175 0.12471562
v 0.18774176 -0.38831875 0.12740971
v 0.27063608 -0.30102986 0.13107666
v 0.26162082 -0.31221691 0.13227403
v 0.31013501 -0.16027515 0.21017809
v 0.28079730 -0.22141103 0.20127264
v 0.28087372 -0.23132598 0.19139431
v 0.28278369 -0.23480555 0.18458425
v 0.28018612 -0.26039732 0.16041230
v 0.31861544 -0.16745880 0.18727835
v 0.31869185 -0.15758127 0.19745600
v 0.34176475 -0.13464597 0.17448142
v 0.32885307 -0.14774117 0.18742801
v 0.32182425 -0.15455067 0.19446258
v 0.34955758 -0.12297252 0.16789587
v 0.34581393 -0.12503034 0.17493044
v 0.09399861 -0.39243439 0.19506127
v 0.08994940 -0.39000243 0.20000042
v 0.08483057 -0.39628813 0.19431290
v 0.11409189 -0.39235955 0.18488359
v 0.11019547 -0.39007723 0.19012210
v 0.11493229 -0.39789695 0.17702584
v 0.10492385 -0.39112487 0.19139431
v 0.08498338 -0.39086297 0.20097329
v 0.07497494 -0.39243439 0.20299385
v 0.12723273 -0.39868265 0.16804554
v 0.12471153 -0.39494118 0.17485560
v 0.12226671 -0.39119971 0.18151599
v 0.13594237 -0.40859762 0.14574447
v 0.14205439 -0.40122688 0.15188101
v 0.13502556 -0.40320987 0.15509894
v 0.13166395 -0.40092757 0.16138516
v 0.15595925 -0.40878469 0.12598783
v 0.16894729 -0.39935613 0.12883158
v 0.14595081 -0.40878469 0.13594098
v 0.15893885 -0.39935613 0.13893442
v 0.15229203 -0.40133911 0.14207752
v 0.05495807 -0.39116228 0.21137546
v 0.06802251 -0.38940379 0.20928006
v 0.05495807 -0.38165891 0.22177765
v 0.05495807 -0.38667250 0.21631463
v 0.02455075 -0.34562838 0.26331151
v 0.02493276 -0.33878148 0.26899904
v 0.04494963 -0.35273722 0.25238550
v 0.03494119 -0.34338349 0.26286250
v 0.02760677 -0.34936988 0.25942004
v 0.04494963 -0.34686309 0.25739950
v 0.04494963 -0.36837661 0.23846602
v 0.05495807 -0.36182904 0.24168396
v 0.06786972 -0.34936988 0.24939205
v 0.06114649 -0.35034266 0.25029010
v 0.05495807 -0.37185621 0.23188047
v -0.01494819 -0.25325108 0.33193594
v -0.02495663 -0.25392455 0.33238494
v -0.02495663 -0.27240750 0.32138407
v -0.02495663 -0.27742109 0.31839067
v -0.00501616 -0.28426802 0.31247860
v 0.00109587 -0.27031225 0.32018673
v -0.00501616 -0.25759122 0.32849348
v -0.00501616 -0.25257763 0.33148694
v 0.03494119 -0.33735970 0.26787651
v 0.04067121 -0.32018629 0.28014958
v 0.06099369 -0.30031899 0.29017758
v 0.02997518 -0.28000271 0.30993420
v 0.01438952 -0.29560471 0.30245060
v 0.02493276 -0.26750615 0.31846547
v 0.01492432 -0.26874083 0.31921387
v -0.05498194 -0.22500286 0.34675342
v -0.05498194 -0.21396548 0.35184222
v -0.06499038 -0.21310493 0.35131842
v -0.05498194 -0.20502332 0.35573369
v -0.06499038 -0.20502332 0.35476083
v -0.06499038 -0.19619343 0.35842782
v -0.07499882 -0.17501660 0.36523783
v -0.07545722 -0.16480234 0.36875516
v -0.08493085 -0.15305407 0.37100023
v -0.09493929 -0.16502683 0.36478883
v -0.06499038 -0.19117983 0.36044836
v -0.07079680 -0.19031928 0.36007416
v -0.07446402 -0.18549277 0.36142123
v -0.04497350 -0.23491780 0.34248775
v -0.04497350 -0.22500286 0.34727728
v -0.02763064 -0.24023071 0.34009302
v -0.03122145 -0.22013894 0.35004622
v -0.03473587 -0.22410491 0.34802562
v -0.02457463 -0.24415928 0.33784795
v -0.14566907 -0.12551674 0.36187023
v -0.15048230 -0.12297252 0.36074769
v -0.15193389 -0.12297252 0.36022383
v -0.12496460 -0.13502011 0.36658490
v -0.11923458 -0.12892149 0.36972803
v -0.12481180 -0.12536708 0.36875516
v -0.13313943 -0.12297252 0.36658490
v -0.14307147 -0.12297252 0.36329210
v -0.17737520 -0.12297252 0.34974682
v -0.17836840 -0.12297252 0.34929782
v -0.10257932 -0.14201669 0.37062603
v -0.09493929 -0.14523438 0.37144923
v -0.09493929 -0.13502011 0.37429297
v -0.10548253 -0.13561875 0.37167376
v -0.11251135 -0.13270038 0.37070090
v -0.08493085 -0.14500988 0.37346977
v 0.25237638 -0.32246858 0.13317207
v 0.24022876 -0.33025089 0.14028147
v 0.23113713 -0.33118626 0.15165651
v 0.22074668 -0.35079163 0.14095499
v 0.22235109 -0.35445830 0.13399525
v 0.22724071 -0.35531884 0.12583816
v 0.26024562 -0.28041428 0.17044029
v 0.24825080 -0.29784960 0.16752169
v 0.24473636 -0.30473393 0.16460310
v 0.24122196 -0.31158087 0.16168450
v 0.23839515 -0.31820330 0.15771820
v 0.21738507 -0.35745150 0.13668935
v 0.21073824 -0.36070657 0.14095499
v 0.21440546 -0.36227801 0.13399525
v 0.20959224 -0.36968616 0.12950511
v 0.21203706 -0.37193105 0.12284473
v 0.17926133 -0.37945142 0.14918692
v 0.17253810 -0.38177115 0.15247969
v 0.16749568 -0.38843101 0.14761537
v 0.16084886 -0.39052624 0.15083331
v 0.16451608 -0.39232215 0.14454710
v 0.18911697 -0.37937659 0.13908409
v 0.19056857 -0.37043446 0.15060881
v 0.20561942 -0.37552288 0.12576331
v 0.20241061 -0.37196845 0.13496812
v 0.19881980 -0.37907729 0.12860708
v 0.19217297 -0.38165891 0.13242370
v 0.28072089 -0.24101642 0.18106697
v 0.30799580 -0.15503706 0.21706298
v 0.30111980 -0.16203365 0.22147830
v 0.27980411 -0.18968323 0.22971024
v 0.28881931 -0.18796214 0.21826036
v 0.29966819 -0.17946897 0.20942974
v 0.32044905 -0.15092143 0.20067395
v 0.31945586 -0.12843509 0.21908355
v 0.27865809 -0.22807088 0.19805470
v 0.29103494 -0.19189072 0.21159998
v 0.28690934 -0.19514580 0.21496758
v 0.26964289 -0.21954030 0.21960740
v 0.27193487 -0.22298247 0.21294701
v 0.27201128 -0.23282257 0.20291902
v 0.34046590 -0.13105413 0.18106697
v 0.33045751 -0.14108132 0.19094530
v 0.32679027 -0.14467315 0.19453742
v 0.34741837 -0.12297252 0.17290987
v 0.34252876 -0.12297252 0.18323721
v 0.34145916 -0.12420721 0.18458425
v 0.09063700 -0.38023713 0.21025293
v 0.08498338 -0.38135958 0.21145031
v 0.08498338 -0.38637316 0.20598729
v 0.07497494 -0.38824391 0.20800786
v 0.09667262 -0.38861808 0.19842887
v 0.09728383 -0.37885278 0.20875621
v 0.11157068 -0.37077117 0.21077678
v 0.10492385 -0.38180858 0.20194615
v 0.10492385 -0.38678473 0.19640830
v 0.11684230 -0.38843101 0.18817636
v 0.13105275 -0.37054670 0.20059910
v 0.12494072 -0.37204328 0.20224550
v 0.13326836 -0.39202282 0.17261052
v 0.12898993 -0.38944119 0.17927091
v 0.13013594 -0.38005006 0.19004726
v 0.15534803 -0.39748541 0.14522062
v 0.13831078 -0.39901942 0.15854140
v 0.13578957 -0.39553982 0.16565080
v 0.16222407 -0.40133911 0.13227403
v 0.15534803 -0.40362144 0.13534230
v 0.07497494 -0.38326776 0.21332119
v 0.06191050 -0.38061130 0.22058026
v 0.06893932 -0.36964872 0.22963540
v 0.05916008 -0.33975425 0.25979424
v 0.06466090 -0.34559098 0.25343317
v 0.05495807 -0.36684263 0.23689447
v 0.06191050 -0.36070657 0.24063626
v 0.07497494 -0.34813517 0.24819468
v 0.07497494 -0.34315902 0.25268483
v 0.07497494 -0.33728486 0.25769883
v 0.06496651 -0.33885631 0.25904584
v -0.00501616 -0.24501982 0.33590221
v -0.01494819 -0.24501982 0.33672541
v -0.01494819 -0.23963207 0.33979368
v 0.00499228 -0.25650617 0.32789481
v 0.00499228 -0.24501982 0.33463001
v 0.06496651 -0.33388013 0.26316184
v 0.05663887 -0.32905361 0.26922351
v 0.06496651 -0.32276791 0.27221698
v 0.05495807 -0.31794140 0.27842832
v 0.05495807 -0.31300262 0.28217012
v 0.06764051 -0.29927137 0.28950405
v 0.04105322 -0.26039732 0.32018673
v 0.03494119 -0.26118302 0.32071054
v 0.02493276 -0.26252997 0.32145894
v 0.01492432 -0.26372725 0.32220727
v -0.04497350 -0.19840088 0.35932583
v -0.03496507 -0.19911177 0.35955036
v -0.05498194 -0.19241452 0.36097223
v -0.06499038 -0.16798261 0.36927897
v -0.07247761 -0.16136017 0.37040150
v -0.07545722 -0.15578537 0.37167376
v -0.05735035 -0.16932954 0.36972803
v -0.02892944 -0.22013894 0.35004622
v -0.02098382 -0.23993140 0.33994335
v -0.02457463 -0.23596542 0.34211361
v -0.11549097 -0.12536708 0.37159890
v -0.12221419 -0.12297252 0.37002736
v -0.12580501 -0.12297252 0.36890483
v -0.08493085 -0.13502011 0.37631357
v -0.09493929 -0.12503034 0.37676257
v -0.10494772 -0.12503034 0.37444264
v -0.07499882 -0.14500988 0.37504137
v -0.07400561 -0.13404733 0.37833411
v 0.23174833 -0.32194477 0.16228318
v 0.23480433 -0.32471347 0.15464993
v 0.22861591 -0.32860464 0.15831690
v 0.21142584 -0.35142770 0.15158167
v 0.21440546 -0.35445830 0.14424776
v 0.26971924 -0.22964230 0.20957941
v 0.26047480 -0.26069665 0.19064595
v 0.23946474 -0.28939384 0.18929891
v 0.24160396 -0.30196524 0.17208667
v 0.23526274 -0.31532234 0.16535145
v 0.22968552 -0.30963528 0.17957026
v 0.20791143 -0.35812497 0.14761537
v 0.20126460 -0.36111814 0.15143199
v 0.20409141 -0.36426100 0.14394842
v 0.20737663 -0.36781541 0.13496812
v 0.18438014 -0.37223035 0.15435059
v 0.18063654 -0.37047186 0.16063680
v 0.16910009 -0.37941402 0.15914008
v 0.16245326 -0.38165891 0.16228318
v 0.15702884 -0.38831875 0.15749370
v 0.19530539 -0.37720653 0.13541713
v 0.20019500 -0.37017253 0.14020662
v 0.19721539 -0.36777800 0.14694186
v 0.19438858 -0.36452290 0.15435059
v 0.18728335 -0.36792764 0.15726919
v 0.30944741 -0.14897585 0.21923323
v 0.29859859 -0.15687039 0.22821352
v 0.29004174 -0.17019008 0.23008442
v 0.28179049 -0.19503355 0.22252600
v 0.27888727 -0.17804721 0.23869053
v 0.26177365 -0.20300293 0.24198331
v 0.26544082 -0.20577163 0.23554742
v 0.26910806 -0.20857774 0.22888704
v 0.33878511 -0.12701333 0.18772736
v 0.32862389 -0.13692828 0.19760568
v 0.32182425 -0.14500988 0.20284419
v 0.33007550 -0.13026842 0.20015010
v 0.33129787 -0.12503034 0.20194615
v 0.33274949 -0.12297252 0.20089845
v 0.33167988 -0.12297252 0.20261967
v 0.32480389 -0.12297252 0.21347086
v 0.32037264 -0.12297252 0.22043060
v 0.31907386 -0.12297252 0.22215182
v 0.31655264 -0.12506776 0.22447173
v 0.31005859 -0.13019359 0.23008442
v 0.31235063 -0.13412215 0.22484590
v 0.31105185 -0.14231601 0.22140346
v 0.25971085 -0.20966277 0.23966339
v 0.26016921 -0.22025117 0.23015925
v 0.26039845 -0.23054026 0.22050543
v 0.24878560 -0.26844153 0.19835404
v 0.34184110 -0.12297252 0.18465909
v 0.34100074 -0.12297252 0.18638031
v 0.33954912 -0.12297252 0.18922406
v 0.09086620 -0.37039703 0.22035576
v 0.08498338 -0.37155688 0.22162797
v 0.09407501 -0.37462491 0.21459341
v 0.07497494 -0.36863855 0.22851287
v 0.10492385 -0.37219295 0.21227349
v 0.11164708 -0.36078140 0.22072995
v 0.10492385 -0.36729160 0.21728750
v 0.11821750 -0.36908752 0.20898072
v 0.11829390 -0.35913515 0.21915838
v 0.13387956 -0.37443784 0.19431290
v 0.13769957 -0.36871338 0.19857855
v 0.13441436 -0.36467254 0.20471507
v 0.13112915 -0.36066917 0.21062711
v 0.12494072 -0.36231542 0.21234833
v 0.14488120 -0.38330516 0.17500527
v 0.14144319 -0.38091061 0.18114181
v 0.13678277 -0.37829158 0.18780220
v 0.14281839 -0.37163171 0.19184333
v 0.15870965 -0.37918952 0.16894357
v 0.07497494 -0.36362493 0.23345202
v 0.08498338 -0.36167938 0.23158114
v 0.08498338 -0.34117603 0.25103843
v 0.08536538 -0.33459100 0.25665110
v 0.08230937 -0.33096176 0.26076710
v 0.07497494 -0.33227128 0.26181477
v -0.00501616 -0.23892120 0.33941948
v -0.01494819 -0.23465590 0.34233809
v 0.01889713 -0.24977151 0.32984054
v 0.00499228 -0.23783615 0.33874601
v 0.02493276 -0.24393478 0.33238494
v 0.02554396 -0.23439398 0.33784795
v 0.01492432 -0.23663889 0.33807248
v 0.07497494 -0.32100940 0.27079511
v 0.06496651 -0.31629515 0.27723098
v 0.08009376 -0.32003662 0.26997191
v 0.07497494 -0.29755029 0.28823185
v 0.07497494 -0.29253671 0.29152459
v 0.08039936 -0.26024768 0.31008387
v 0.07497494 -0.26148236 0.31090707
v 0.05992409 -0.26997554 0.30993420
v 0.03494119 -0.22889401 0.33934468
v 0.02928757 -0.22986680 0.33986855
v 0.04770004 -0.25908780 0.31943834
v 0.04464403 -0.25545856 0.32220727
v -0.04497350 -0.19342472 0.36134636
v -0.03496507 -0.19409817 0.36164576
v -0.02495663 -0.19911177 0.35955036
v -0.05070353 -0.17015266 0.37002736
v -0.05437074 -0.17411865 0.36815643
v -0.06499038 -0.16300642 0.37092537
v -0.06499038 -0.15503706 0.37346977
v -0.05498194 -0.15503706 0.37451750
v -0.05437074 -0.16558805 0.37122470
v -0.02533863 -0.22410491 0.34795082
v -0.00501616 -0.21389064 0.35191709
v -0.01494819 -0.21437705 0.35214162
v -0.01494819 -0.20502332 0.35648209
v -0.11999858 -0.12297252 0.37070090
v -0.10494772 -0.12297252 0.37489170
v -0.11312256 -0.12297252 0.37272143
v -0.07003280 -0.13004394 0.37998050
v -0.07667962 -0.12779905 0.37945664
v -0.08485445 -0.12469360 0.37885797
v -0.09486289 -0.12297252 0.37721157
v -0.08561845 -0.12297252 0.37908250
v -0.06499038 -0.14500988 0.37646323
v 0.22609471 -0.31607065 0.17627747
v 0.21967708 -0.31969988 0.17964509
v 0.22196908 -0.33193454 0.16228318
v 0.21020344 -0.32022369 0.19027176
v 0.24213876 -0.27251974 0.20239517
v 0.23915915 -0.26907757 0.20905556
v 0.22013548 -0.29017955 0.21010326
v 0.22021188 -0.30031899 0.20022494
v 0.22005908 -0.31015909 0.19012210
v 0.20485543 -0.35498211 0.15487444
v 0.19820860 -0.35849911 0.15809238
v 0.17719851 -0.36796507 0.16737202
v 0.17055170 -0.37035963 0.17044029
v 0.17429531 -0.37215555 0.16437858
v 0.19156177 -0.36123037 0.16153483
v 0.30845422 -0.13685344 0.22806385
v 0.28224891 -0.16502683 0.24250716
v 0.28064448 -0.17138736 0.24071109
v 0.29149336 -0.16502683 0.23165597
v 0.26910806 -0.17834653 0.24901786
v 0.26055121 -0.19114241 0.25058943
v 0.25864124 -0.19783968 0.24864370
v 0.25589079 -0.20633285 0.24587476
v 0.33756274 -0.12297252 0.19289103
v 0.33634031 -0.12420721 0.19408840
v 0.31762224 -0.12297252 0.22402272
v 0.31143379 -0.12297252 0.23173080
v 0.31105185 -0.12503034 0.23128179
v 0.30684978 -0.12503034 0.23622096
v 0.30180740 -0.12503034 0.24205814
v 0.30050856 -0.13112897 0.24056143
v 0.28935415 -0.13857453 0.24924238
v 0.25749522 -0.21501309 0.23741832
v 0.24970238 -0.20970018 0.24976623
v 0.23854795 -0.24831232 0.22851287
v 0.24175677 -0.25212863 0.22185248
v 0.24840359 -0.24808784 0.21818553
v 0.09086620 -0.36040726 0.23038375
v 0.08498338 -0.36669296 0.22656713
v 0.10492385 -0.34675083 0.23696931
v 0.09017859 -0.34009099 0.25006557
v 0.12494072 -0.35730183 0.21736233
v 0.13097635 -0.35060456 0.22058026
v 0.12494072 -0.35232565 0.22215182
v 0.11004267 -0.33002639 0.24999073
v 0.13785237 -0.35876101 0.20875621
v 0.14946522 -0.36964872 0.18959825
v 0.14633280 -0.36586982 0.19588445
v 0.14992362 -0.35992086 0.19992559
v 0.14320040 -0.36205351 0.20209582
v 0.14816642 -0.37885278 0.17837287
v 0.16008486 -0.37002289 0.18001927
v 0.08903259 -0.32957742 0.25964457
v 0.00499228 -0.23282257 0.34151489
v 0.00499228 -0.22500286 0.34555602
v -0.00501616 -0.23390761 0.34196395
v -0.00501616 -0.21890424 0.34944749
v 0.02264075 -0.23068991 0.34031755
v 0.01492432 -0.23162529 0.34084141
v 0.08406658 -0.31502303 0.27221698
v 0.09292901 -0.31173053 0.27124411
v 0.09514461 -0.30510810 0.27513558
v 0.09063700 -0.30035639 0.28022438
v 0.09728383 -0.29852307 0.27895218
v 0.08123977 -0.29077819 0.29047692
v 0.08421937 -0.26417622 0.30634207
v 0.08704618 -0.25833952 0.30896133
v 0.08421937 -0.25500959 0.31187993
v 0.08521258 -0.24475792 0.31756747
v 0.08208017 -0.24124092 0.32063574
v 0.07497494 -0.25500959 0.31472367
v 0.06496651 -0.26380208 0.31225413
v 0.04494963 -0.22197226 0.34106588
v 0.03494119 -0.22388041 0.34203875
v 0.02554396 -0.22593823 0.34248775
v 0.03494119 -0.21501309 0.34660375
v 0.06832812 -0.24943477 0.31966287
v 0.04961005 -0.23989397 0.32991534
v -0.03496507 -0.18500637 0.36516303
v -0.02495663 -0.19409817 0.36164576
v -0.02495663 -0.18500637 0.36531270
v -0.01494819 -0.19855055 0.35932583
v -0.01494819 -0.19353697 0.36149609
v -0.04497350 -0.17056423 0.37017703
v -0.04497350 -0.16502683 0.37204790
v -0.05498194 -0.14500988 0.37736124
v -0.04497350 -0.15503706 0.37519103
v 0.00499228 -0.21800628 0.34899849
v 0.00499228 -0.21299270 0.35139322
v 0.00499228 -0.19219002 0.36097223
v -0.00501616 -0.20502332 0.35595822
v -0.00501616 -0.19297573 0.36127156
v -0.07400561 -0.12469360 0.38057917
v -0.06499038 -0.13097930 0.38020504
v -0.06499038 -0.12503034 0.38155204
v -0.07752003 -0.12297252 0.38035470
v 0.21364145 -0.31360126 0.19348972
v 0.21035625 -0.31042099 0.20029977
v 0.20691822 -0.31704342 0.19693215
v 0.20019500 -0.32018629 0.20015010
v 0.18155333 -0.36130521 0.17148799
v 0.18820016 -0.35842428 0.16819522
v 0.24190956 -0.26241773 0.21219866
v 0.23892994 -0.25882590 0.21885905
v 0.22907431 -0.25901297 0.22903672
v 0.20989785 -0.28999248 0.21990675
v 0.21417625 -0.29410812 0.21219866
v 0.21027984 -0.30031899 0.21025293
v 0.21700306 -0.30697882 0.19678248
v 0.17421891 -0.36448547 0.17433175
v 0.17131570 -0.36100590 0.18114181
v 0.16673169 -0.36766574 0.17710067
v 0.28278369 -0.14500988 0.25305903
v 0.27819967 -0.14500988 0.25807297
v 0.27529651 -0.15556087 0.25530410
v 0.26116246 -0.17209825 0.26121610
v 0.24916758 -0.17864585 0.26922351
v 0.25199437 -0.20304033 0.25186163
v 0.30807221 -0.12297252 0.23569711
v 0.30723178 -0.12297252 0.23666996
v 0.30318260 -0.12297252 0.24130978
v 0.30218941 -0.12297252 0.24243233
v 0.29760540 -0.12297252 0.24744631
v 0.29722339 -0.12503034 0.24699730
v 0.29080576 -0.13187726 0.25081390
v 0.27957487 -0.13909833 0.25956970
v 0.24083996 -0.23098925 0.24078593
v 0.24832718 -0.19750294 0.25852203
v 0.24168035 -0.20214239 0.26136577
v 0.23495713 -0.20498592 0.26495790
v 0.23892994 -0.20880222 0.25912070
v 0.23228313 -0.21265596 0.26181477
v 0.23044951 -0.23061509 0.25036490
v 0.22746991 -0.23731235 0.24782050
v 0.22831032 -0.24816266 0.23846602
v 0.23190112 -0.25235313 0.23180564
v 0.13769957 -0.34854674 0.21870938
v 0.13051794 -0.34031549 0.23023409
v 0.12494072 -0.34188691 0.23165597
v 0.11676589 -0.32800600 0.24826951
v 0.12203752 -0.32134613 0.25111330
v 0.11401548 -0.32478830 0.25231063
v 0.10859106 -0.31917608 0.25942004
v 0.10515305 -0.32460123 0.25657630
v 0.09499182 -0.32793117 0.25837237
v 0.14992362 -0.34996852 0.20995359
v 0.14327680 -0.35210115 0.21197416
v 0.15496604 -0.36774057 0.18720351
v 0.16084886 -0.36066917 0.19072078
v 0.15496604 -0.36276439 0.19296587
v 0.15496604 -0.35808754 0.19797985
v 0.16115446 -0.34091413 0.21085161
v 0.15496604 -0.34817261 0.20808269
v 0.09499182 -0.32291758 0.26218897
v 0.08674058 -0.31835297 0.26877451
v 0.01492432 -0.21684642 0.34847462
v 0.13051794 -0.29036665 0.27019638
v 0.12142631 -0.28093809 0.28067338
v 0.10683386 -0.27809456 0.28875566
v 0.09499182 -0.28168640 0.29107559
v 0.09056060 -0.27038708 0.30020553
v 0.09430421 -0.27424082 0.29623926
v 0.09728383 -0.26832926 0.29893333
v 0.09201220 -0.25164226 0.31098193
v 0.08872699 -0.23925793 0.31951320
v 0.09056060 -0.20042130 0.34016788
v 0.07146053 -0.21093488 0.34046721
v 0.06496651 -0.21759471 0.33859628
v 0.07497494 -0.24299940 0.32160860
v 0.07497494 -0.24797559 0.31876481
v 0.05144366 -0.22062533 0.34031755
v 0.05488167 -0.21553689 0.34226328
v 0.04494963 -0.21501309 0.34465802
v 0.02982237 -0.20999950 0.34997135
v 0.02584956 -0.21452670 0.34825015
v 0.03494119 -0.20906413 0.34952235
v 0.04494963 -0.20708114 0.34862429
v 0.05816688 -0.21920356 0.33949435
v -0.03496507 -0.17108804 0.37032670
v -0.02495663 -0.17613904 0.36860549
v -0.01494819 -0.18500637 0.36501336
v -0.01494819 -0.17580232 0.36853063
v -0.00501616 -0.18500637 0.36456436
v -0.03496507 -0.16502683 0.37234724
v -0.05498194 -0.13240106 0.38057917
v -0.04497350 -0.14500988 0.37795997
v -0.03496507 -0.15503706 0.37549037
v 0.01492432 -0.20502332 0.35401249
v 0.00499228 -0.18500637 0.36389083
v 0.01492432 -0.19585669 0.35820329
v 0.02699556 -0.18942133 0.35970002
v 0.02493276 -0.17501660 0.36591136
v -0.07240120 -0.12297252 0.38110304
v -0.07415842 -0.12297252 0.38087851
v -0.06499038 -0.12297252 0.38192624
v -0.05498194 -0.12503034 0.38222557
v -0.06292757 -0.12297252 0.38207591
v 0.19958380 -0.29964551 0.21960740
v 0.17865013 -0.31883934 0.21893388
v 0.17880292 -0.32909101 0.20905556
v 0.17880292 -0.33904338 0.19895272
v 0.18247014 -0.34207398 0.19229233
v 0.18201174 -0.35172701 0.18189016
v 0.17796253 -0.35838687 0.17814837
v 0.22533070 -0.25542116 0.23532292
v 0.22242749 -0.26260480 0.23210499
v 0.21257184 -0.27259457 0.23210499
v 0.20921023 -0.27925441 0.22933605
v 0.20256342 -0.28247210 0.23203014
v 0.19904900 -0.28913194 0.22918639
v 0.18865857 -0.29893464 0.22896187
v 0.17490651 -0.35490727 0.18488359
v 0.16749568 -0.35812497 0.18780220
v 0.27315730 -0.14500988 0.26316184
v 0.27132368 -0.15238062 0.26129097
v 0.26803845 -0.14500988 0.26817584
v 0.25107759 -0.17198600 0.27094477
v 0.23870075 -0.17782272 0.27895218
v 0.24190956 -0.18500637 0.27176797
v 0.29248655 -0.12297252 0.25290930
v 0.28423530 -0.12297252 0.26151544
v 0.28286010 -0.12297252 0.26293731
v 0.27881092 -0.12297252 0.26697844
v 0.26956648 -0.13898608 0.26959771
v 0.23518634 -0.18545535 0.27708131
v 0.23090792 -0.20120701 0.27072024
v 0.22808111 -0.20786685 0.26847517
v 0.22265668 -0.22298247 0.26203930
v 0.21960068 -0.22964230 0.25971937
v 0.22555991 -0.22578858 0.25777364
v 0.22449030 -0.23439398 0.25246030
v 0.22082308 -0.24086677 0.25066423
v 0.21853107 -0.25852659 0.23876536
v 0.13716477 -0.33822024 0.22836319
v 0.14640921 -0.34592772 0.21586561
v 0.14954162 -0.33971685 0.21975708
v 0.14235999 -0.33156040 0.23143145
v 0.13426156 -0.33492774 0.23292817
v 0.14174879 -0.32115906 0.24093561
v 0.11493229 -0.31711826 0.25792331
v 0.14052638 -0.31038359 0.25021523
v 0.13915119 -0.29953328 0.25956970
v 0.15496604 -0.34315902 0.21294701
v 0.16100167 -0.35082906 0.20082362
v 0.17177410 -0.35146511 0.19154398
v 0.16772489 -0.34828484 0.19820437
v 0.16787769 -0.33833250 0.20830719
v 0.17215610 -0.33167264 0.21159998
v 0.17200330 -0.32157063 0.22147830
v 0.02317555 -0.21086004 0.35034555
v 0.13724117 -0.28808433 0.26869971
v 0.13433796 -0.28486666 0.27221698
v 0.12814954 -0.27873060 0.27910185
v 0.12486432 -0.27525103 0.28284365
v 0.11523789 -0.27483946 0.28733379
v 0.11202908 -0.27139729 0.29085106
v 0.10202064 -0.26166943 0.30095392
v 0.13105275 -0.19091792 0.33051407
v 0.12440592 -0.18433291 0.33672541
v 0.12066232 -0.18055400 0.34024268
v 0.07130773 -0.19080567 0.35034555
v 0.11493229 -0.18238734 0.34121555
v 0.11493229 -0.17501660 0.34488255
v 0.09667262 -0.17812204 0.34914815
v 0.06496651 -0.20502332 0.34503222
v 0.06496651 -0.21258113 0.34129041
v 0.05465247 -0.20438728 0.34772629
v 0.02584956 -0.20599611 0.35229129
v 0.03494119 -0.20408794 0.35184222
v 0.03494119 -0.19503355 0.35603303
v 0.06496651 -0.19233969 0.35109389
v 0.05113805 -0.20064579 0.35027069
v 0.04494963 -0.19503355 0.35423702
v -0.02495663 -0.17112546 0.37032670
v -0.01494819 -0.17082614 0.37025183
v -0.00463415 -0.17426831 0.36860549
v -0.00769017 -0.17041457 0.37010217
v -0.02495663 -0.16502683 0.37234724
v -0.04497350 -0.13805072 0.37953150
v -0.04497350 -0.13307454 0.38065404
v -0.03496507 -0.14500988 0.37810963
v -0.02495663 -0.15503706 0.37541550
v 0.01492432 -0.17501660 0.36680943
v 0.01492432 -0.16816968 0.36935383
v 0.03494119 -0.18807440 0.35917616
v 0.03494119 -0.18309821 0.36127156
v 0.03494119 -0.17501660 0.36441463
v 0.03494119 -0.16454044 0.36838096
v 0.03165598 -0.16087379 0.37025183
v 0.02493276 -0.16708465 0.36890483
v -0.05498194 -0.12297252 0.38259977
v -0.04497350 -0.12297252 0.38282424
v -0.05291913 -0.12297252 0.38267457
v 0.19293697 -0.30256388 0.22230150
v 0.17544131 -0.32534954 0.21526693
v 0.17544131 -0.33537671 0.20538861
v 0.20844623 -0.26851636 0.23876536
v 0.20546663 -0.27555034 0.23539776
v 0.19828500 -0.27850613 0.23869053
v 0.19232577 -0.29223737 0.23180564
v 0.19163817 -0.28149933 0.24116011
v 0.18774176 -0.28815916 0.23846602
v 0.18193534 -0.30170333 0.23135662
v 0.17796253 -0.30836320 0.22858770
v 0.24924399 -0.15866631 0.27932638
v 0.23197752 -0.18242474 0.28127211
v 0.22922711 -0.18912201 0.27940118
v 0.24038155 -0.15077177 0.29032725
v 0.22960912 -0.14942484 0.29968172
v 0.22769910 -0.15503706 0.29833466
v 0.22067028 -0.18096557 0.29047692
v 0.26872605 -0.12297252 0.27685678
v 0.26414204 -0.12297252 0.28127211
v 0.26230842 -0.12503034 0.28209531
v 0.25092477 -0.15200646 0.28082305
v 0.22555991 -0.19589409 0.27805418
v 0.21975347 -0.19982266 0.27985024
v 0.22479589 -0.20472401 0.27296531
v 0.22135788 -0.21153352 0.27094477
v 0.21814907 -0.21819335 0.26869971
v 0.21295385 -0.23308447 0.26211411
v 0.20966864 -0.23978174 0.25979424
v 0.21578066 -0.23585317 0.25807297
v 0.21448186 -0.24453342 0.25268483
v 0.21081464 -0.25093138 0.25066423
v 0.21180785 -0.26185650 0.24138463
v 0.20179941 -0.27180886 0.24138463
v 0.15496604 -0.33773386 0.21796101
v 0.16398127 -0.32426450 0.22432205
v 0.15496604 -0.32224411 0.23203014
v 0.14900681 -0.32935292 0.22941089
v 0.14839561 -0.31891418 0.23906471
v 0.14442280 -0.31464890 0.24467739
v 0.14717321 -0.30802646 0.24841918
v 0.14495760 -0.29736322 0.25792331
v 0.15038203 -0.29032922 0.26016837
v 0.14495760 -0.29238704 0.26166511
v 0.16711368 -0.31775433 0.22813869
v 0.14503400 -0.28486666 0.26682878
v 0.15947366 -0.26967621 0.26974738
v 0.14174879 -0.28142449 0.27086991
v 0.13556036 -0.27525103 0.27782965
v 0.11867590 -0.26907757 0.28942919
v 0.13265716 -0.27207077 0.28119725
v 0.17987253 -0.18994513 0.30993420
v 0.16971129 -0.17984313 0.31988734
v 0.13838717 -0.16869350 0.33934468
v 0.13502556 -0.17479211 0.33747375
v 0.12440592 -0.17479211 0.34173942
v 0.08498338 -0.17501660 0.35371315
v 0.07497494 -0.17501660 0.35633242
v 0.05495807 -0.18500637 0.35663176
v 0.12410033 -0.16412887 0.34690309
v 0.11493229 -0.16708465 0.34862429
v 0.10874387 -0.16925472 0.34959716
v 0.10522945 -0.17486694 0.34802562
v 0.10209704 -0.17142478 0.35057002
v 0.04991565 -0.17999278 0.35992450
v 0.04594283 -0.18481930 0.35857749
v -0.01494819 -0.16502683 0.37219757
v -0.00104334 -0.16985334 0.36987770
v -0.00463415 -0.16592479 0.37144923
v -0.03496507 -0.13820037 0.37960631
v -0.03496507 -0.12297252 0.38289911
v -0.02495663 -0.14500988 0.37803477
v -0.01296178 -0.12297252 0.38282424
v -0.01494819 -0.15503706 0.37526584
v 0.01492432 -0.16319351 0.37100023
v 0.02493276 -0.16207106 0.37062603
v 0.04326882 -0.18137713 0.36052322
v 0.04594283 -0.17602681 0.36216956
v 0.04494963 -0.16502683 0.36636037
v 0.05472887 -0.15443842 0.36830610
v 0.03494119 -0.15548605 0.37144923
v 0.02493276 -0.15503706 0.37287110
v 0.05121445 -0.15069693 0.37017703
v 0.18942256 -0.25953677 0.25964457
v 0.18674855 -0.27719659 0.24782050
v 0.18010174 -0.28015238 0.25006557
v 0.18392174 -0.28415576 0.24430321
v 0.19721539 -0.26746875 0.24804500
v 0.17712212 -0.29762512 0.23801701
v 0.17421891 -0.30439720 0.23442489
v 0.17131570 -0.31113189 0.23083277
v 0.21799627 -0.18762541 0.28853118
v 0.22258028 -0.19316281 0.28187078
v 0.24183317 -0.14500988 0.29159945
v 0.23480433 -0.14564593 0.29713726
v 0.22036467 -0.14063235 0.31023353
v 0.21807267 -0.14729218 0.30873686
v 0.22265668 -0.15503706 0.30192679
v 0.23144272 -0.14276499 0.30110359
v 0.21822548 -0.16760845 0.29878366
v 0.20905744 -0.15874113 0.30941033
v 0.20546663 -0.16581255 0.30813813
v 0.21478745 -0.18459481 0.29234779
v 0.24145116 -0.12297252 0.30110359
v 0.21555147 -0.19563219 0.28531325
v 0.21127304 -0.19140431 0.29085106
v 0.20157021 -0.23170012 0.27109444
v 0.20829344 -0.22822055 0.26877451
v 0.20561942 -0.23574093 0.26548177
v 0.19966020 -0.24973409 0.25971937
v 0.20577222 -0.24584293 0.25814784
v 0.20447342 -0.25456062 0.25260997
v 0.20080622 -0.26080889 0.25058943
v 0.15573004 -0.31535977 0.23749316
v 0.15962645 -0.30974755 0.23973823
v 0.15290323 -0.31229174 0.24175879
v 0.15565364 -0.30555707 0.24542575
v 0.15168083 -0.30136660 0.25096363
v 0.15702884 -0.28778499 0.25829750
v 0.16810688 -0.27858096 0.25889617
v 0.16138366 -0.28112516 0.26076710
v 0.15420203 -0.28467956 0.26211411
v 0.16482167 -0.27513880 0.26308697
v 0.17223251 -0.27192110 0.26129097
v 0.16497448 -0.26739392 0.26832551
v 0.17903213 -0.23925793 0.27947605
v 0.17238531 -0.24187696 0.28112245
v 0.18949896 -0.22964230 0.27970052
v 0.18873496 -0.19899952 0.29930753
v 0.18499134 -0.18758799 0.30851233
v 0.19011016 -0.18014243 0.31000906
v 0.18499134 -0.18257441 0.31128126
v 0.17498291 -0.17243497 0.32115960
v 0.15947366 -0.16959144 0.32976568
v 0.13502556 -0.16521391 0.34226328
v 0.14893042 -0.15900303 0.33949435
v 0.14228359 -0.16203365 0.34084141
v 0.08498338 -0.16472751 0.35812843
v 0.09499182 -0.16502683 0.35528469
v 0.07497494 -0.16816968 0.35925096
v 0.05495807 -0.17853360 0.35940069
v 0.12020391 -0.16020031 0.35004622
v 0.12685074 -0.15746903 0.34884882
v 0.11493229 -0.16207106 0.35086936
v 0.10522945 -0.16555065 0.35221642
v 0.05495807 -0.16502683 0.36448950
v 0.06939772 -0.16970369 0.35984969
v -0.00501616 -0.15503706 0.37489170
v 0.00499228 -0.16412887 0.37137437
v 0.00499228 -0.15503706 0.37429297
v -0.01494819 -0.14500988 0.37781024
v -0.00501616 -0.13251331 0.38057917
v -0.00501616 -0.12503034 0.38230044
v -0.00501616 -0.12297252 0.38274944
v -0.00501616 -0.14500988 0.37758577
v 0.01492432 -0.15503706 0.37361944
v 0.06496651 -0.15503706 0.36613590
v 0.06496651 -0.14676838 0.36890483
v 0.05786128 -0.14882620 0.36957830
v 0.03494119 -0.14500988 0.37459230
v 0.04494963 -0.14500988 0.37302077
v 0.02493276 -0.14500988 0.37564003
v 0.05472887 -0.14530919 0.37122470
v 0.19576380 -0.25575787 0.25799817
v 0.19805580 -0.23835997 0.26877451
v 0.19140898 -0.24124092 0.27086991
v 0.18094213 -0.25093138 0.27057058
v 0.18277574 -0.26241773 0.26166511
v 0.17887932 -0.26907757 0.25927037
v 0.17498291 -0.28228503 0.25171196
v 0.16940570 -0.28954351 0.24961655
v 0.17047529 -0.30039382 0.24026208
v 0.23839515 -0.13502011 0.29870886
v 0.22525430 -0.12465620 0.31277794
v 0.21761426 -0.12297252 0.31854033
v 0.21700306 -0.12503034 0.31816614
v 0.21035625 -0.13053033 0.32018673
v 0.20546663 -0.15526155 0.31315213
v 0.21142584 -0.15208130 0.31083226
v 0.22685871 -0.13502011 0.30761427
v 0.22999112 -0.12297252 0.31000906
v 0.21486387 -0.15526155 0.30716527
v 0.23510994 -0.12536708 0.30514473
v 0.23258872 -0.12297252 0.30806333
v 0.20241061 -0.16300642 0.31150573
v 0.19966020 -0.16966628 0.30978453
v 0.19232577 -0.19233969 0.30140293
v 0.20470262 -0.19484648 0.29257232
v 0.20118821 -0.20116960 0.29070139
v 0.19484699 -0.23503006 0.27296531
v 0.16268247 -0.29216254 0.25163710
v 0.15840405 -0.29882240 0.24901786
v 0.16535647 -0.28535303 0.25530410
v 0.17528851 -0.27513880 0.25695044
v 0.18567896 -0.23555386 0.27805418
v 0.19232577 -0.17501660 0.31135607
v 0.19018658 -0.16023773 0.32003701
v 0.18667215 -0.16689758 0.31839067
v 0.18399815 -0.17404382 0.31607074
v 0.18002532 -0.17007785 0.31996220
v 0.18399815 -0.16416629 0.32100987
v 0.16573848 -0.16577514 0.32871801
v 0.16955850 -0.15963909 0.32976568
v 0.17551771 -0.15578537 0.32864314
v 0.17253810 -0.15294184 0.33118755
v 0.15191002 -0.15234320 0.34084141
v 0.14533961 -0.15541121 0.34241295
v 0.13074715 -0.15077177 0.35027069
v 0.08169816 -0.16121052 0.36044836
v 0.10492385 -0.15503706 0.35663176
v 0.07497494 -0.16319351 0.36112189
v 0.11493229 -0.15503706 0.35371315
v 0.12410033 -0.15447584 0.35101902
v 0.00499228 -0.14500988 0.37706190
v 0.00499228 -0.12503034 0.38200110
v 0.00499228 -0.12297252 0.38245010
v 0.01492432 -0.12503034 0.38155204
v 0.01492432 -0.14500988 0.37638837
v 0.07497494 -0.15503706 0.36411530
v 0.07413454 -0.14411192 0.36793196
v 0.07023812 -0.14018336 0.37002736
v 0.06496651 -0.13502011 0.37257177
v 0.03494119 -0.13502011 0.37728643
v 0.02684276 -0.12914598 0.37975597
v 0.04494963 -0.13502011 0.37586457
v 0.05495807 -0.13502011 0.37429297
v 0.22769910 -0.12297252 0.31165540
v 0.22510150 -0.12297252 0.31345147
v 0.21272466 -0.12297252 0.32145894
v 0.21203706 -0.12503034 0.32115960
v 0.20500822 -0.12297252 0.32587421
v 0.19805580 -0.12503034 0.32894248
v 0.20477903 -0.13430923 0.32183307
v 0.19690980 -0.15503706 0.31824100
v 0.19492339 -0.16495201 0.31494820
v 0.19454138 -0.13475820 0.32722127
v 0.19095057 -0.13127862 0.33043921
v 0.18499134 -0.13475820 0.33208561
v 0.17918493 -0.14901327 0.32961601
v 0.16489807 -0.14504729 0.33784795
v 0.16153646 -0.14175479 0.34061688
v 0.14419360 -0.14429900 0.34712762
v 0.13739397 -0.14717995 0.34892362
v 0.14037359 -0.14048268 0.35012102
v 0.13441436 -0.14429900 0.35109389
v 0.13494916 -0.13502011 0.35408729
v 0.12471153 -0.13472079 0.35790396
v 0.12112071 -0.13116638 0.36037356
v 0.12494072 -0.14500988 0.35423702
v 0.09323461 -0.15223095 0.36082256
v 0.08498338 -0.15533638 0.36172056
v 0.09995783 -0.14998606 0.35992450
v 0.10492385 -0.14807791 0.35925096
v 0.11447389 -0.14448607 0.35775429
v 0.11080667 -0.14078200 0.36022383
v 0.02019594 -0.13008136 0.37998050
v 0.00697869 -0.12297252 0.38237524
v 0.02409235 -0.12547933 0.38080370
v 0.01492432 -0.12297252 0.38200110
v 0.08498338 -0.14500988 0.36523783
v 0.07688495 -0.13786364 0.36935383
v 0.09147740 -0.12297252 0.37085056
v 0.07497494 -0.12503034 0.37354463
v 0.04349802 -0.12297252 0.37923217
v 0.03899041 -0.12297252 0.37983084
v 0.03410079 -0.12297252 0.38042951
v 0.03257278 -0.12297252 0.38057917
v 0.05495807 -0.12503034 0.37698710
v 0.04663043 -0.12297252 0.37878311
v 0.19966020 -0.12297252 0.32879281
v 0.19866700 -0.12297252 0.32931668
v 0.19301338 -0.12503034 0.33156174
v 0.18499134 -0.12503034 0.33560288
v 0.17444812 -0.13460855 0.33724928
v 0.16818328 -0.13767657 0.33912015
v 0.15557724 -0.12596571 0.34892362
v 0.14992362 -0.12993169 0.34997135
v 0.14274199 -0.13502011 0.35109389
v 0.13510196 -0.12297252 0.35805362
v 0.12784393 -0.12761196 0.35917616
v 0.14595081 -0.12596571 0.35288996
v 0.11699510 -0.12297252 0.36404049
v 0.11493229 -0.12503034 0.36404049
v 0.10293745 -0.12297252 0.36815643
v 0.11752990 -0.13782622 0.35917616
v 0.12738554 -0.12297252 0.36082256
v 0.12471153 -0.12458137 0.36119670
v 0.09590862 -0.14602008 0.36231923
v 0.10492385 -0.14306431 0.36104703
v 0.02432155 -0.12297252 0.38132757
v 0.09781863 -0.12297252 0.36950350
v 0.07696135 -0.12297252 0.37369430
v 0.07497494 -0.12297252 0.37406850
v 0.05671527 -0.12297252 0.37721157
v 0.05495807 -0.12297252 0.37751091
v 0.19362459 -0.12297252 0.33193594
v 0.18735977 -0.12297252 0.33507901
v 0.17941412 -0.12297252 0.33889568
v 0.16497448 -0.12297252 0.34570569
v 0.16497448 -0.12503034 0.34503222
v 0.17070450 -0.13101672 0.34031755
v 0.15725805 -0.12297252 0.34922302
v 0.15313242 -0.12297252 0.35101902
v 0.12990674 -0.12297252 0.35992450
v 0.15275043 -0.12297252 0.35116875
f 1 2 7
f 1 7 17
f 1 17 16
f 1 16 32
f 1 32 67
f 1 67 115
f 1 115 192
f 1 192 282
f 1 282 404
f 1 404 401
f 1 401 400
f 1 400 519
f 1 519 520
f 1 520 672
f 1 672 822
f 1 822 675
f 1 675 674
f 1 674 670
f 1 670 669
f 1 669 668
f 1 668 667
f 1 667 666
f 1 666 821
f 1 821 820
f 1 820 819
f 1 819 662
f 1 662 661
f 1 661 818
f 1 818 659
f 1 659 658
f 1 658 657
f 1 657 656
f 1 656 655
f 1 655 654
f 1 654 653
f 1 653 652
f 1 652 651
f 1 651 816
f 1 816 817
f 1 817 982
f 1 982 979
f 1 979 980
f 1 980 1155
f 1 1155 1154
f 1 1154 1329
f 1 1329 1327
f 1 1327 1328
f 1 1328 1326
f 1 1326 1325
f 1 1325 1324
f 1 1324 1502
f 1 1502 1507
f 1 1507 1506
f 1 1506 1505
f 1 1505 1504
f 1 1504 1683
f 1 1683 1857
f 1 1857 2017
f 1 2017 2016
f 1 2016 2169
f 1 2169 2168
f 1 2168 2166
f 1 2166 2165
f 1 2165 2299
f 1 2299 2298
f 1 2298 2297
f 1 2297 2296
f 1 2296 2295
f 1 2295 2158
f 1 2158 2156
f 1 2156 2155
f 1 2155 2154
f 1 2154 1998
f 1 1998 1828
f 1 1828 1997
f 1 1997 1996
f 1 1996 1842
f 1 1842 1841
f 1 1841 1668
f 1 1668 1667
f 1 1667 1665
f 1 1665 1664
f 1 1664 1481
f 1 1481 1480
f 1 1480 1479
f 1 1479 1287
f 1 1287 1478
f 1 1478 1663
f 1 1663 1476
f 1 1476 1662
f 1 1662 1661
f 1 1661 1659
f 1 1659 1840
f 1 1840 1992
f 1 1992 1819
f 1 1819 1818
f 1 1818 1990
f 1 1990 2152
f 1 2152 2293
f 1 2293 2294
f 1 2294 2289
f 1 2289 2288
f 1 2288 2427
f 1 2427 2426
f 1 2426 2425
f 1 2425 2284
f 1 2284 2422
f 1 2422 2421
f 1 2421 2548
f 1 2548 2675
f 1 2675 2793
f 1 2793 2792
f 1 2792 2673
f 1 2673 2786
f 1 2786 2785
f 1 2785 2791
f 1 2791 2790
f 1 2790 2905
f 1 2905 2904
f 1 2904 3022
f 1 3022 3024
f 1 3024 3023
f 1 3023 3028
f 1 3028 3029
f 1 3029 3126
f 1 3126 3224
f 1 3224 3223
f 1 3223 3225
f 1 3225 3227
f 1 3227 3321
f 1 3321 3323
f 1 3323 3322
f 1 3322 3394
f 1 3394 3396
f 1 3396 3477
f 1 3477 3539
f 1 3539 3580
f 1 3580 3582
f 1 3582 3613
f 1 3613 3590
f 1 3590 3589
f 1 3589 3588
f 1 3588 3587
f 1 3587 3592
f 1 3592 3618
f 1 3618 3617
f 1 3617 3616
f 1 3616 3615
f 1 3615 3585
f 1 3585 3614
f 1 3614 3607
f 1 3607 3605
f 1 3605 3609
f 1 3609 3627
f 1 3627 3602
f 1 3602 3628
f 1 3628 3626
f 1 3626 3625
f 1 3625 3622
f 1 3622 3621
f 1 3621 3620
f 1 3620 3619
f 1 3619 3594
f 1 3594 3593
f 1 3593 3554
f 1 3554 3552
f 1 3552 3498
f 1 3498 3551
f 1 3551 3550
f 1 3550 3504
f 1 3504 3507
f 1 3507 3427
f 1 3427 3343
f 1 3343 3342
f 1 3342 3253
f 1 3253 3252
f 1 3252 3251
f 1 3251 3250
f 1 3250 3153
f 1 3153 3152
f 1 3152 3151
f 1 3151 3150
f 1 3150 3149
f 1 3149 3057
f 1 3057 3056
f 1 3056 2953
f 1 2953 2952
f 1 2952 2951
f 1 2951 2950
f 1 2950 2949
f 1 2949 3054
f 1 3054 2964
f 1 2964 2963
f 1 2963 2962
f 1 2962 2845
f 1 2845 2844
f 1 2844 2712
f 1 2712 2595
f 1 2595 2593
f 1 2593 2467
f 1 2467 2336
f 1 2336 2466
f 1 2466 2333
f 1 2333 2332
f 1 2332 2330
f 1 2330 2329
f 1 2329 2328
f 1 2328 2319
f 1 2319 2191
f 1 2191 2042
f 1 2042 2040
f 1 2040 1884
f 1 1884 1882
f 1 1882 1712
f 1 1712 1881
f 1 1881 1880
f 1 1880 1721
f 1 1721 1718
f 1 1718 1720
f 1 1720 1542
f 1 1542 1360
f 1 1360 1357
f 1 1357 1188
f 1 1188 1187
f 1 1187 1332
f 1 1332 1331
f 1 1331 1330
f 1 1330 1157
f 1 1157 1156
f 1 1156 986
f 1 986 985
f 1 985 983
f 1 983 823
f 1 823 680
f 1 680 679
f 1 679 678
f 1 678 684
f 1 684 528
f 1 528 416
f 1 416 415
f 1 415 414
f 1 414 411
f 1 411 410
f 1 410 409
f 1 409 408
f 1 408 407
f 1 407 406
f 1 406 299
f 1 299 298
f 1 298 297
f 1 297 296
f 1 296 295
f 1 295 294
f 1 294 293
f 1 293 292
f 1 292 291
f 1 291 290
f 1 290 289
f 1 289 288
f 1 288 287
f 1 287 405
f 1 405 285
f 1 285 197
f 1 197 196
f 1 196 193
f 1 193 129
f 1 129 128
f 1 128 127
f 1 127 126
f 1 126 125
f 1 125 124
f 1 124 123
f 1 123 122
f 1 122 121
f 1 121 120
f 1 120 119
f 1 119 118
f 1 118 117
f 1 117 116
f 1 116 71
f 1 71 70
f 1 70 69
f 1 69 68
f 1 68 33
f 1 33 18
f 1 18 8
f 1 8 3
f 1 3 4
f 1 4 5
f 1 5 6
f 1 6 2
f 2 6 7
f 3 8 9
f 3 9 4
f 4 9 10
f 4 10 11
f 4 11 5
f 5 11 6
f 6 12 13
f 6 13 14
f 6 14 15
f 6 15 16
f 6 16 17
f 6 17 7
f 6 11 12
f 8 18 19
f 8 19 9
f 9 19 20
f 9 20 10
f 10 20 21
f 10 21 22
f 10 22 11
f 11 22 23
f 11 23 12
f 12 24 25
f 12 25 26
f 12 26 27
f 12 27 13
f 12 23 24
f 13 27 14
f 14 27 28
f 14 28 29
f 14 29 30
f 14 30 31
f 14 31 15
f 15 31 32
f 15 32 16
f 18 33 34
f 18 34 19
f 19 34 35
f 19 35 36
f 19 36 20
f 20 36 21
f 21 36 22
f 22 36 37
f 22 37 38
f 22 38 39
f 22 39 40
f 22 40 41
f 22 41 42
f 22 42 43
f 22 43 44
f 22 44 23
f 23 44 24
f 24 44 45
f 24 45 43
f 24 43 46
f 24 46 42
f 24 42 25
f 25 42 47
f 25 47 48
f 25 48 49
f 25 49 26
f 26 50 27
f 26 49 51
f 26 51 50
f 27 52 53
f 27 53 54
f 27 54 55
f 27 55 56
f 27 56 57
f 27 57 28
f 27 50 58
f 27 58 59
f 27 59 52
f 28 57 29
f 29 57 60
f 29 60 61
f 29 61 30
f 30 61 62
f 30 62 63
f 30 63 31
f 31 63 64
f 31 64 65
f 31 65 32
f 32 65 66
f 32 66 67
f 33 68 34
f 34 68 69
f 34 69 70
f 34 70 71
f 34 71 72
f 34 72 35
f 35 72 73
f 35 73 74
f 35 74 36
f 36 74 75
f 36 75 37
f 37 75 76
f 37 76 38
f 38 76 77
f 38 77 78
f 38 78 79
f 38 79 80
f 38 80 81
f 38 81 82
f 38 82 83
f 38 83 84
f 38 84 39
f 39 84 40
f 40 84 85
f 40 85 41
f 41 85 86
f 41 86 42
f 42 46 43
f 42 86 87
f 42 87 88
f 42 88 47
f 43 45 44
f 47 89 48
f 47 88 90
f 47 90 89
f 48 89 91
f 48 91 49
f 49 91 89
f 49 89 92
f 49 92 93
f 49 93 51
f 50 51 58
f 51 93 58
f 52 59 94
f 52 94 53
f 53 94 95
f 53 95 96
f 53 96 97
f 53 97 54
f 54 97 98
f 54 98 99
f 54 99 100
f 54 100 55
f 55 100 101
f 55 101 102
f 55 102 103
f 55 103 104
f 55 104 56
f 56 104 57
f 57 104 103
f 57 103 60
f 58 93 105
f 58 105 106
f 58 106 59
f 59 106 95
f 59 95 94
f 60 103 107
f 60 107 61
f 61 107 103
f 61 103 108
f 61 108 109
f 61 109 110
f 61 110 62
f 62 110 111
f 62 111 63
f 63 111 64
f 64 111 112
f 64 112 65
f 65 112 113
f 65 113 66
f 66 113 114
f 66 114 115
f 66 115 67
f 71 116 72
f 72 116 117
f 72 117 118
f 72 118 73
f 73 118 119
f 73 119 120
f 73 120 121
f 73 121 122
f 73 122 74
f 74 122 123
f 74 123 124
f 74 124 125
f 74 125 126
f 74 126 127
f 74 127 128
f 74 128 129
f 74 129 130
f 74 130 131
f 74 131 75
f 75 131 76
f 76 131 132
f 76 132 77
f 77 132 133
f 77 133 134
f 77 134 78
f 78 134 135
f 78 135 136
f 78 136 79
f 79 136 80
f 80 136 81
f 81 136 137
f 81 137 138
f 81 138 139
f 81 139 82
f 82 85 83
f 82 139 140
f 82 140 85
f 83 85 84
f 85 141 86
f 85 140 142
f 85 142 143
f 85 143 144
f 85 144 141
f 86 141 88
f 86 88 87
f 88 141 145
f 88 145 89
f 88 89 90
f 89 146 92
f 89 145 147
f 89 147 148
f 89 148 149
f 89 149 146
f 92 146 150
f 92 150 151
f 92 151 93
f 93 151 152
f 93 152 153
f 93 153 154
f 93 154 155
f 93 155 105
f 95 106 156
f 95 156 96
f 96 156 97
f 97 156 152
f 97 152 157
f 97 157 98
f 98 158 99
f 98 157 158
f 99 159 160
f 99 160 161
f 99 161 162
f 99 162 163
f 99 163 164
f 99 164 165
f 99 165 166
f 99 166 100
f 99 158 167
f 99 167 168
f 99 168 159
f 100 166 101
f 101 166 102
f 102 109 108
f 102 108 103
f 102 166 165
f 102 165 169
f 102 169 170
f 102 170 171
f 102 171 172
f 102 172 173
f 102 173 174
f 102 174 175
f 102 175 176
f 102 176 177
f 102 177 178
f 102 178 179
f 102 179 180
f 102 180 181
f 102 181 109
f 105 155 154
f 105 154 106
f 106 154 156
f 109 181 110
f 110 182 112
f 110 112 111
f 110 181 182
f 112 182 183
f 112 183 184
f 112 184 185
f 112 185 186
f 112 186 187
f 112 187 188
f 112 188 189
f 112 189 190
f 112 190 113
f 113 190 114
f 114 190 115
f 115 190 191
f 115 191 192
f 129 193 130
f 130 194 195
f 130 195 131
f 130 193 196
f 130 196 197
f 130 197 194
f 131 195 132
f 132 195 198
f 132 198 133
f 133 198 135
f 133 135 134
f 135 199 200
f 135 200 201
f 135 201 136
f 135 198 199
f 136 201 202
f 136 202 203
f 136 203 204
f 136 204 137
f 137 204 205
f 137 205 138
f 138 205 206
f 138 206 139
f 139 206 207
f 139 207 208
f 139 208 142
f 139 142 140
f 141 209 148
f 141 148 145
f 141 144 210
f 141 210 209
f 142 208 211
f 142 211 212
f 142 212 143
f 143 212 213
f 143 213 144
f 144 213 210
f 145 148 147
f 146 214 150
f 146 149 214
f 148 215 216
f 148 216 217
f 148 217 218
f 148 218 219
f 148 219 149
f 148 209 220
f 148 220 221
f 148 221 222
f 148 222 223
f 148 223 215
f 149 219 224
f 149 224 214
f 150 214 225
f 150 225 151
f 151 225 226
f 151 226 152
f 152 226 225
f 152 225 227
f 152 227 228
f 152 228 229
f 152 229 157
f 152 156 154
f 152 154 153
f 157 229 230
f 157 230 158
f 158 230 167
f 159 161 160
f 159 168 161
f 161 168 231
f 161 231 232
f 161 232 233
f 161 233 234
f 161 234 162
f 162 234 163
f 163 234 235
f 163 235 236
f 163 236 237
f 163 237 165
f 163 165 164
f 165 238 169
f 165 237 238
f 167 230 229
f 167 229 168
f 168 229 239
f 168 239 240
f 168 240 231
f 169 241 242
f 169 242 170
f 169 238 243
f 169 243 244
f 169 244 245
f 169 245 246
f 169 246 247
f 169 247 248
f 169 248 241
f 170 242 171
f 171 242 249
f 171 249 173
f 171 173 172
f 173 249 175
f 173 175 174
f 175 249 250
f 175 250 360
f 175 360 251
f 175 251 252
f 175 252 176
f 176 252 253
f 176 253 254
f 176 254 255
f 176 255 256
f 176 256 178
f 176 178 177
f 178 256 257
f 178 257 258
f 178 258 259
f 178 259 179
f 179 259 260
f 179 260 180
f 180 261 262
f 180 262 263
f 180 263 181
f 180 260 264
f 180 264 265
f 180 265 266
f 180 266 267
f 180 267 261
f 181 263 268
f 181 268 269
f 181 269 270
f 181 270 271
f 181 271 272
f 181 272 182
f 182 272 183
f 183 272 273
f 183 273 184
f 184 273 274
f 184 274 185
f 185 274 275
f 185 275 276
f 185 276 186
f 186 276 277
f 186 277 278
f 186 278 279
f 186 279 189
f 186 189 187
f 187 189 188
f 189 280 192
f 189 192 281
f 189 281 190
f 189 279 280
f 190 281 191
f 191 281 192
f 192 280 282
f 194 198 195
f 194 197 283
f 194 283 284
f 194 284 198
f 197 285 283
f 198 284 199
f 199 284 286
f 199 286 287
f 199 287 288
f 199 288 289
f 199 289 290
f 199 290 291
f 199 291 292
f 199 292 293
f 199 293 294
f 199 294 200
f 200 294 201
f 201 294 295
f 201 295 296
f 201 296 297
f 201 297 298
f 201 298 299
f 201 299 300
f 201 300 301
f 201 301 302
f 201 302 303
f 201 303 203
f 201 203 202
f 203 303 204
f 204 303 304
f 204 304 305
f 204 305 205
f 205 305 304
f 205 304 306
f 205 306 206
f 206 306 307
f 206 307 207
f 207 211 308
f 207 308 208
f 207 307 306
f 207 306 309
f 207 309 211
f 208 308 211
f 209 210 221
f 209 221 220
f 210 213 221
f 211 309 310
f 211 310 311
f 211 311 312
f 211 312 313
f 211 313 212
f 212 313 314
f 212 314 221
f 212 221 213
f 214 224 315
f 214 315 316
f 214 316 225
f 215 317 318
f 215 318 216
f 215 223 319
f 215 319 317
f 216 318 217
f 217 320 321
f 217 321 218
f 217 318 322
f 217 322 323
f 217 323 320
f 218 321 324
f 218 324 325
f 218 325 326
f 218 326 327
f 218 327 328
f 218 328 219
f 219 328 224
f 221 223 222
f 221 314 329
f 221 329 330
f 221 330 223
f 223 330 331
f 223 331 332
f 223 332 319
f 224 328 327
f 224 327 316
f 224 316 315
f 225 333 227
f 225 316 333
f 227 333 228
f 228 333 334
f 228 334 316
f 228 316 335
f 228 335 336
f 228 336 229
f 229 336 239
f 231 240 337
f 231 337 338
f 231 338 339
f 231 339 232
f 232 339 340
f 232 340 341
f 232 341 342
f 232 342 233
f 233 342 343
f 233 343 344
f 233 344 234
f 234 344 235
f 235 344 345
f 235 345 346
f 235 346 236
f 236 346 347
f 236 347 243
f 236 243 238
f 236 238 237
f 239 336 348
f 239 348 337
f 239 337 240
f 241 349 242
f 241 248 350
f 241 350 349
f 242 349 351
f 242 351 352
f 242 352 249
f 243 347 353
f 243 353 244
f 244 353 354
f 244 354 355
f 244 355 245
f 245 355 248
f 245 248 247
f 245 247 246
f 248 355 356
f 248 356 357
f 248 357 350
f 249 352 250
f 250 358 359
f 250 359 360
f 250 352 361
f 250 361 362
f 250 362 358
f 251 360 363
f 251 363 253
f 251 253 252
f 253 363 254
f 254 363 364
f 254 364 365
f 254 365 366
f 254 366 255
f 255 366 367
f 255 367 368
f 255 368 369
f 255 369 370
f 255 370 256
f 256 370 257
f 257 370 371
f 257 371 372
f 257 372 258
f 258 372 373
f 258 373 259
f 259 373 374
f 259 374 260
f 260 374 265
f 260 265 264
f 261 375 376
f 261 376 263
f 261 263 262
f 261 267 375
f 263 377 268
f 263 376 378
f 263 378 379
f 263 379 377
f 265 380 381
f 265 381 382
f 265 382 267
f 265 267 266
f 265 374 373
f 265 373 383
f 265 383 380
f 267 382 384
f 267 384 385
f 267 385 386
f 267 386 387
f 267 387 388
f 267 388 389
f 267 389 390
f 267 390 391
f 267 391 376
f 267 376 375
f 268 377 392
f 268 392 270
f 268 270 269
f 270 393 394
f 270 394 271
f 270 392 393
f 271 394 273
f 271 273 272
f 273 394 274
f 274 394 275
f 275 395 276
f 275 394 393
f 275 393 396
f 275 396 395
f 276 395 397
f 276 397 277
f 277 397 398
f 277 398 399
f 277 399 400
f 277 400 401
f 277 401 402
f 277 402 278
f 278 402 279
f 279 402 403
f 279 403 280
f 280 403 404
f 280 404 282
f 283 285 284
f 284 285 286
f 285 405 286
f 286 405 287
f 299 406 301
f 299 301 300
f 301 406 302
f 302 304 303
f 302 406 407
f 302 407 408
f 302 408 409
f 302 409 410
f 302 410 411
f 302 411 304
f 304 412 413
f 304 413 306
f 304 411 414
f 304 414 415
f 304 415 416
f 304 416 417
f 304 417 418
f 304 418 419
f 304 419 420
f 304 420 412
f 306 413 310
f 306 310 309
f 310 413 412
f 310 412 421
f 310 421 311
f 311 421 422
f 311 422 423
f 311 423 312
f 312 423 313
f 313 424 425
f 313 425 314
f 313 423 426
f 313 426 424
f 314 425 329
f 316 327 427
f 316 427 428
f 316 428 335
f 316 334 333
f 317 322 318
f 317 319 332
f 317 332 322
f 320 429 430
f 320 430 431
f 320 431 321
f 320 323 429
f 321 431 432
f 321 432 433
f 321 433 434
f 321 434 324
f 322 435 436
f 322 436 323
f 322 332 435
f 323 436 437
f 323 437 429
f 324 438 439
f 324 439 440
f 324 440 326
f 324 326 325
f 324 434 433
f 324 433 438
f 326 427 327
f 326 440 427
f 329 425 330
f 330 441 442
f 330 442 331
f 330 425 424
f 330 424 443
f 330 443 444
f 330 444 445
f 330 445 441
f 331 446 447
f 331 447 448
f 331 448 449
f 331 449 450
f 331 450 435
f 331 435 332
f 331 442 446
f 335 451 336
f 335 428 427
f 335 427 451
f 336 451 348
f 337 348 452
f 337 452 338
f 338 452 339
f 339 452 439
f 339 439 340
f 340 439 341
f 341 439 453
f 341 453 454
f 341 454 342
f 342 454 455
f 342 455 343
f 343 455 456
f 343 456 457
f 343 457 344
f 344 457 345
f 345 457 458
f 345 458 357
f 345 357 356
f 345 356 346
f 346 356 355
f 346 355 347
f 347 355 354
f 347 354 353
f 348 459 452
f 348 451 427
f 348 427 459
f 349 460 461
f 349 461 351
f 349 350 460
f 350 357 462
f 350 462 463
f 350 463 464
f 350 464 465
f 350 465 466
f 350 466 460
f 351 461 352
f 352 461 467
f 352 467 361
f 357 458 468
f 357 468 462
f 358 469 470
f 358 470 471
f 358 471 359
f 358 362 469
f 359 471 472
f 359 472 473
f 359 473 474
f 359 474 475
f 359 475 476
f 359 476 477
f 359 477 478
f 359 478 360
f 360 478 479
f 360 479 480
f 360 480 481
f 360 481 363
f 361 467 482
f 361 482 483
f 361 483 362
f 362 483 484
f 362 484 485
f 362 485 469
f 363 481 486
f 363 486 365
f 363 365 364
f 365 486 487
f 365 487 366
f 366 487 367
f 367 488 369
f 367 369 368
f 367 487 488
f 369 488 489
f 369 489 490
f 369 490 491
f 369 491 492
f 369 492 370
f 370 492 371
f 371 492 491
f 371 491 493
f 371 493 494
f 371 494 372
f 372 494 373
f 373 494 383
f 376 391 390
f 376 390 389
f 376 389 378
f 377 495 392
f 377 379 496
f 377 496 495
f 378 389 497
f 378 497 498
f 378 498 379
f 379 498 499
f 379 499 496
f 380 500 381
f 380 383 494
f 380 494 500
f 381 500 382
f 382 500 501
f 382 501 502
f 382 502 384
f 384 502 501
f 384 501 503
f 384 503 504
f 384 504 505
f 384 505 506
f 384 506 507
f 384 507 508
f 384 508 509
f 384 509 385
f 385 509 386
f 386 510 387
f 386 509 510
f 387 511 388
f 387 510 511
f 388 511 512
f 388 512 513
f 388 513 497
f 388 497 389
f 392 495 396
f 392 396 393
f 395 396 397
f 396 514 397
f 396 495 515
f 396 515 516
f 396 516 517
f 396 517 514
f 397 514 518
f 397 518 398
f 398 519 400
f 398 400 399
f 398 518 520
f 398 520 519
f 401 404 403
f 401 403 402
f 412 420 521
f 412 521 522
f 412 522 523
f 412 523 524
f 412 524 525
f 412 525 526
f 412 526 527
f 412 527 421
f 416 528 529
f 416 529 418
f 416 418 417
f 418 529 530
f 418 530 522
f 418 522 419
f 419 522 521
f 419 521 420
f 421 527 531
f 421 531 422
f 422 531 423
f 423 531 532
f 423 532 426
f 424 426 533
f 424 533 444
f 424 444 443
f 426 532 527
f 426 527 534
f 426 534 535
f 426 535 536
f 426 536 537
f 426 537 533
f 427 440 459
f 429 538 539
f 429 539 430
f 429 437 538
f 430 539 540
f 430 540 432
f 430 432 431
f 432 541 433
f 432 540 542
f 432 542 543
f 432 543 541
f 433 541 543
f 433 543 438
f 435 450 449
f 435 449 544
f 435 544 545
f 435 545 546
f 435 546 547
f 435 547 548
f 435 548 436
f 436 549 550
f 436 550 437
f 436 548 551
f 436 551 549
f 437 550 552
f 437 552 553
f 437 553 538
f 438 543 554
f 438 554 555
f 438 555 453
f 438 453 556
f 438 556 439
f 439 459 440
f 439 556 453
f 439 452 459
f 441 557 442
f 441 445 558
f 441 558 559
f 441 559 560
f 441 560 561
f 441 561 557
f 442 557 562
f 442 562 563
f 442 563 564
f 442 564 565
f 442 565 446
f 444 533 566
f 444 566 445
f 445 566 567
f 445 567 568
f 445 568 569
f 445 569 559
f 445 559 558
f 446 570 571
f 446 571 572
f 446 572 573
f 446 573 574
f 446 574 544
f 446 544 447
f 446 565 736
f 446 736 575
f 446 575 576
f 446 576 570
f 447 544 448
f 448 544 449
f 453 555 454
f 454 555 554
f 454 554 455
f 455 554 577
f 455 577 456
f 456 577 578
f 456 578 458
f 456 458 457
f 458 578 579
f 458 579 468
f 460 580 467
f 460 467 461
f 460 466 580
f 462 468 581
f 462 581 463
f 463 581 582
f 463 582 464
f 464 582 583
f 464 583 465
f 465 583 584
f 465 584 585
f 465 585 586
f 465 586 587
f 465 587 588
f 465 588 589
f 465 589 590
f 465 590 591
f 465 591 592
f 465 592 466
f 466 593 594
f 466 594 595
f 466 595 596
f 466 596 597
f 466 597 598
f 466 598 599
f 466 599 580
f 466 592 591
f 466 591 600
f 466 600 593
f 467 580 482
f 468 579 601
f 468 601 581
f 469 485 470
f 470 602 603
f 470 603 604
f 470 604 605
f 470 605 606
f 470 606 607
f 470 607 608
f 470 608 609
f 470 609 471
f 470 485 610
f 470 610 611
f 470 611 612
f 470 612 613
f 470 613 602
f 471 609 473
f 471 473 472
f 473 609 614
f 473 614 474
f 474 614 615
f 474 615 616
f 474 616 617
f 474 617 618
f 474 618 475
f 475 618 619
f 475 619 476
f 476 619 620
f 476 620 477
f 477 620 621
f 477 621 478
f 478 621 479
f 479 621 622
f 479 622 623
f 479 623 624
f 479 624 486
f 479 486 480
f 480 486 481
f 482 580 625
f 482 625 484
f 482 484 483
f 484 625 626
f 484 626 485
f 485 626 627
f 485 627 628
f 485 628 629
f 485 629 610
f 486 624 630
f 486 630 487
f 487 630 631
f 487 631 632
f 487 632 633
f 487 633 634
f 487 634 488
f 488 634 489
f 489 634 635
f 489 635 636
f 489 636 490
f 490 636 491
f 491 637 493
f 491 636 638
f 491 638 639
f 491 639 637
f 493 637 639
f 493 639 500
f 493 500 494
f 495 496 499
f 495 499 640
f 495 640 641
f 495 641 516
f 495 516 515
f 497 642 498
f 497 513 642
f 498 642 643
f 498 643 499
f 499 643 640
f 500 639 644
f 500 644 645
f 500 645 646
f 500 646 647
f 500 647 648
f 500 648 649
f 500 649 650
f 500 650 503
f 500 503 501
f 503 650 649
f 503 649 651
f 503 651 652
f 503 652 504
f 504 653 654
f 504 654 505
f 504 652 653
f 505 654 655
f 505 655 656
f 505 656 657
f 505 657 506
f 506 657 658
f 506 658 659
f 506 659 507
f 507 659 660
f 507 660 508
f 508 660 661
f 508 661 662
f 508 662 663
f 508 663 510
f 508 510 509
f 510 663 664
f 510 664 665
f 510 665 511
f 511 665 512
f 512 665 513
f 513 665 666
f 513 666 667
f 513 667 668
f 513 668 669
f 513 669 670
f 513 670 642
f 514 517 671
f 514 671 672
f 514 672 673
f 514 673 518
f 516 641 670
f 516 670 517
f 517 670 674
f 517 674 675
f 517 675 671
f 518 673 520
f 520 673 672
f 522 676 677
f 522 677 523
f 522 530 678
f 522 678 679
f 522 679 680
f 522 680 681
f 522 681 676
f 523 677 682
f 523 682 524
f 524 682 683
f 524 683 526
f 524 526 525
f 526 683 534
f 526 534 527
f 527 532 531
f 528 684 529
f 529 684 530
f 530 684 685
f 530 685 678
f 533 537 686
f 533 686 687
f 533 687 566
f 534 683 688
f 534 688 536
f 534 536 535
f 536 688 689
f 536 689 690
f 536 690 691
f 536 691 537
f 537 691 692
f 537 692 693
f 537 693 694
f 537 694 695
f 537 695 686
f 538 553 696
f 538 696 539
f 539 697 698
f 539 698 540
f 539 696 699
f 539 699 700
f 539 700 697
f 540 698 701
f 540 701 702
f 540 702 542
f 542 702 703
f 542 703 543
f 543 704 705
f 543 705 554
f 543 703 706
f 543 706 707
f 543 707 708
f 543 708 709
f 543 709 601
f 543 601 704
f 544 574 545
f 545 574 710
f 545 710 546
f 546 710 711
f 546 711 712
f 546 712 713
f 546 713 547
f 547 713 714
f 547 714 548
f 548 714 551
f 549 715 716
f 549 716 717
f 549 717 552
f 549 552 550
f 549 551 715
f 551 714 718
f 551 718 719
f 551 719 715
f 552 717 720
f 552 720 553
f 553 721 696
f 553 720 722
f 553 722 721
f 554 705 577
f 557 723 724
f 557 724 562
f 557 561 725
f 557 725 723
f 559 569 726
f 559 726 727
f 559 727 728
f 559 728 729
f 559 729 730
f 559 730 731
f 559 731 725
f 559 725 560
f 560 725 561
f 562 724 732
f 562 732 563
f 563 732 733
f 563 733 734
f 563 734 564
f 564 734 565
f 565 734 733
f 565 733 735
f 565 735 736
f 566 687 737
f 566 737 567
f 567 737 695
f 567 695 738
f 567 738 568
f 568 726 569
f 568 738 739
f 568 739 726
f 570 740 572
f 570 572 571
f 570 576 741
f 570 741 740
f 572 740 742
f 572 742 573
f 573 742 711
f 573 711 574
f 574 711 710
f 575 736 867
f 575 867 741
f 575 741 576
f 577 705 704
f 577 704 578
f 578 704 579
f 579 704 601
f 580 599 625
f 581 601 709
f 581 709 743
f 581 743 744
f 581 744 745
f 581 745 746
f 581 746 747
f 581 747 748
f 581 748 749
f 581 749 750
f 581 750 582
f 582 751 583
f 582 750 749
f 582 749 751
f 583 751 752
f 583 752 584
f 584 753 754
f 584 754 755
f 584 755 585
f 584 752 753
f 585 755 754
f 585 754 756
f 585 756 586
f 586 756 757
f 586 757 758
f 586 758 759
f 586 759 760
f 586 760 587
f 587 760 589
f 587 589 588
f 589 761 591
f 589 591 590
f 589 760 761
f 591 761 600
f 593 762 594
f 593 600 763
f 593 763 764
f 593 764 762
f 594 762 765
f 594 765 766
f 594 766 767
f 594 767 768
f 594 768 769
f 594 769 770
f 594 770 595
f 595 770 771
f 595 771 772
f 595 772 596
f 596 772 597
f 597 772 598
f 598 773 774
f 598 774 599
f 598 772 628
f 598 628 627
f 598 627 773
f 599 774 625
f 600 761 775
f 600 775 763
f 602 613 603
f 603 613 776
f 603 776 777
f 603 777 778
f 603 778 605
f 603 605 604
f 605 778 779
f 605 779 606
f 606 780 781
f 606 781 607
f 606 779 780
f 607 782 783
f 607 783 784
f 607 784 608
f 607 781 782
f 608 784 785
f 608 785 615
f 608 615 614
f 608 614 609
f 610 786 611
f 610 629 786
f 611 786 612
f 612 787 613
f 612 786 787
f 613 787 788
f 613 788 776
f 615 785 789
f 615 789 790
f 615 790 616
f 616 790 617
f 617 790 791
f 617 791 792
f 617 792 618
f 618 792 793
f 618 793 619
f 619 793 620
f 620 793 794
f 620 794 621
f 621 794 795
f 621 795 622
f 622 795 796
f 622 796 632
f 622 632 631
f 622 631 623
f 623 631 624
f 624 631 630
f 625 774 773
f 625 773 627
f 625 627 626
f 628 772 786
f 628 786 629
f 632 797 633
f 632 796 798
f 632 798 797
f 633 797 799
f 633 799 634
f 634 799 800
f 634 800 801
f 634 801 802
f 634 802 635
f 635 802 803
f 635 803 804
f 635 804 636
f 636 804 805
f 636 805 806
f 636 806 807
f 636 807 808
f 636 808 644
f 636 644 809
f 636 809 638
f 638 809 644
f 638 644 639
f 640 643 641
f 641 643 670
f 642 670 643
f 644 808 807
f 644 807 810
f 644 810 811
f 644 811 645
f 645 811 646
f 646 811 812
f 646 812 813
f 646 813 814
f 646 814 647
f 647 814 815
f 647 815 648
f 648 816 651
f 648 651 649
f 648 815 817
f 648 817 816
f 659 818 660
f 660 818 661
f 662 819 664
f 662 664 663
f 664 819 820
f 664 820 665
f 665 820 821
f 665 821 666
f 671 675 822
f 671 822 672
f 676 690 677
f 676 681 690
f 677 689 682
f 677 690 689
f 678 685 684
f 680 823 681
f 681 823 690
f 682 689 683
f 683 689 688
f 686 695 737
f 686 737 687
f 690 824 693
f 690 693 691
f 690 823 824
f 691 693 692
f 693 825 826
f 693 826 738
f 693 738 694
f 693 824 827
f 693 827 825
f 694 738 695
f 696 721 699
f 697 700 698
f 698 700 828
f 698 828 701
f 699 721 700
f 700 721 829
f 700 829 830
f 700 830 831
f 700 831 701
f 700 701 828
f 701 832 833
f 701 833 702
f 701 831 832
f 702 833 703
f 703 833 707
f 703 707 706
f 707 833 832
f 707 832 708
f 708 832 834
f 708 834 709
f 709 834 743
f 711 742 835
f 711 835 712
f 712 836 837
f 712 837 714
f 712 714 713
f 712 835 838
f 712 838 836
f 714 837 718
f 715 839 716
f 715 719 840
f 715 840 839
f 716 839 717
f 717 839 720
f 718 840 719
f 718 837 840
f 720 841 829
f 720 829 722
f 720 839 841
f 721 722 829
f 723 842 724
f 723 725 842
f 724 842 732
f 725 731 730
f 725 730 843
f 725 843 844
f 725 844 845
f 725 845 842
f 726 739 846
f 726 846 727
f 727 846 847
f 727 847 848
f 727 848 849
f 727 849 850
f 727 850 728
f 728 850 729
f 729 850 851
f 729 851 843
f 729 843 730
f 732 842 852
f 732 852 853
f 732 853 733
f 733 854 855
f 733 855 856
f 733 856 857
f 733 857 858
f 733 858 859
f 733 859 860
f 733 860 861
f 733 861 735
f 733 853 862
f 733 862 863
f 733 863 864
f 733 864 865
f 733 865 854
f 735 866 867
f 735 867 736
f 735 861 860
f 735 860 866
f 738 826 825
f 738 825 868
f 738 868 869
f 738 869 870
f 738 870 739
f 739 870 871
f 739 871 872
f 739 872 847
f 739 847 846
f 740 741 873
f 740 873 874
f 740 874 742
f 741 867 875
f 741 875 876
f 741 876 873
f 742 874 877
f 742 877 835
f 743 834 878
f 743 878 744
f 744 878 745
f 745 878 879
f 745 879 880
f 745 880 881
f 745 881 747
f 745 747 746
f 747 881 882
f 747 882 748
f 748 882 881
f 748 881 883
f 748 883 884
f 748 884 749
f 749 884 885
f 749 885 751
f 751 885 752
f 752 886 753
f 752 885 887
f 752 887 888
f 752 888 889
f 752 889 886
f 753 886 890
f 753 890 754
f 754 890 891
f 754 891 756
f 756 892 893
f 756 893 757
f 756 891 894
f 756 894 892
f 757 893 758
f 758 895 896
f 758 896 897
f 758 897 898
f 758 898 899
f 758 899 900
f 758 900 901
f 758 901 902
f 758 902 760
f 758 760 759
f 758 893 903
f 758 903 895
f 760 902 761
f 761 902 775
f 762 764 904
f 762 904 765
f 763 775 764
f 764 775 900
f 764 900 904
f 765 904 905
f 765 905 906
f 765 906 766
f 766 906 907
f 766 907 908
f 766 908 767
f 767 908 909
f 767 909 910
f 767 910 911
f 767 911 912
f 767 912 913
f 767 913 914
f 767 914 915
f 767 915 916
f 767 916 777
f 767 777 768
f 768 777 917
f 768 917 769
f 769 917 770
f 770 777 788
f 770 788 918
f 770 918 771
f 770 917 777
f 771 918 788
f 771 788 787
f 771 787 786
f 771 786 772
f 775 902 900
f 776 788 777
f 777 916 919
f 777 919 920
f 777 920 778
f 778 920 919
f 778 919 921
f 778 921 922
f 778 922 779
f 779 922 923
f 779 923 924
f 779 924 925
f 779 925 780
f 780 926 927
f 780 927 928
f 780 928 782
f 780 782 781
f 780 925 926
f 782 928 929
f 782 929 930
f 782 930 931
f 782 931 783
f 783 931 784
f 784 932 785
f 784 931 933
f 784 933 934
f 784 934 935
f 784 935 936
f 784 936 937
f 784 937 938
f 784 938 939
f 784 939 940
f 784 940 932
f 785 932 789
f 789 932 941
f 789 941 942
f 789 942 943
f 789 943 944
f 789 944 790
f 790 944 943
f 790 943 945
f 790 945 946
f 790 946 947
f 790 947 948
f 790 948 791
f 791 948 949
f 791 949 792
f 792 950 793
f 792 949 951
f 792 951 952
f 792 952 953
f 792 953 954
f 792 954 950
f 793 795 794
f 793 950 795
f 795 950 955
f 795 955 796
f 796 955 956
f 796 956 798
f 797 798 956
f 797 956 957
f 797 957 958
f 797 958 959
f 797 959 960
f 797 960 961
f 797 961 799
f 799 962 963
f 799 963 800
f 799 961 964
f 799 964 965
f 799 965 966
f 799 966 962
f 800 963 967
f 800 967 801
f 801 967 802
f 802 967 803
f 803 967 962
f 803 962 968
f 803 968 969
f 803 969 970
f 803 970 804
f 804 970 971
f 804 971 972
f 804 972 973
f 804 973 805
f 805 973 974
f 805 974 806
f 806 974 810
f 806 810 807
f 810 974 975
f 810 975 976
f 810 976 977
f 810 977 978
f 810 978 812
f 810 812 811
f 812 979 813
f 812 978 980
f 812 980 979
f 813 981 815
f 813 815 814
f 813 979 981
f 815 981 817
f 817 981 982
f 823 983 824
f 824 983 827
f 825 984 869
f 825 869 868
f 825 827 984
f 827 983 985
f 827 985 986
f 827 986 987
f 827 987 988
f 827 988 989
f 827 989 869
f 827 869 984
f 829 990 991
f 829 991 992
f 829 992 830
f 829 841 993
f 829 993 994
f 829 994 990
f 830 992 831
f 831 995 996
f 831 996 832
f 831 992 995
f 832 996 834
f 834 996 878
f 835 877 838
f 836 838 997
f 836 997 837
f 837 997 840
f 838 877 998
f 838 998 997
f 839 999 841
f 839 840 1000
f 839 1000 1001
f 839 1001 1002
f 839 1002 999
f 840 1003 1001
f 840 1001 1000
f 840 997 1004
f 840 1004 1003
f 841 999 1005
f 841 1005 1006
f 841 1006 1007
f 841 1007 993
f 842 845 1008
f 842 1008 1009
f 842 1009 852
f 843 845 844
f 843 851 1010
f 843 1010 1011
f 843 1011 845
f 845 1011 1009
f 845 1009 1008
f 847 872 848
f 848 871 869
f 848 869 1012
f 848 1012 1013
f 848 1013 849
f 848 872 871
f 849 1014 1015
f 849 1015 850
f 849 1013 1016
f 849 1016 1017
f 849 1017 1018
f 849 1018 1014
f 850 1015 1019
f 850 1019 851
f 851 1019 1020
f 851 1020 1021
f 851 1021 1011
f 851 1011 1010
f 852 1009 1022
f 852 1022 853
f 853 1022 862
f 854 865 855
f 855 865 1023
f 855 1023 856
f 856 1023 1024
f 856 1024 1025
f 856 1025 1026
f 856 1026 1027
f 856 1027 857
f 857 1027 1028
f 857 1028 1029
f 857 1029 858
f 858 1029 1030
f 858 1030 859
f 859 1030 860
f 860 1030 1031
f 860 1031 1032
f 860 1032 866
f 862 1022 863
f 863 1022 1009
f 863 1009 1033
f 863 1033 1034
f 863 1034 1035
f 863 1035 1036
f 863 1036 1023
f 863 1023 864
f 864 1023 865
f 866 1032 867
f 867 1032 875
f 869 871 870
f 869 989 988
f 869 988 1012
f 873 876 1037
f 873 1037 874
f 874 1037 1038
f 874 1038 877
f 875 1032 1039
f 875 1039 876
f 876 1040 1037
f 876 1039 1040
f 877 1038 1041
f 877 1041 998
f 878 996 1042
f 878 1042 1043
f 878 1043 879
f 879 1043 1044
f 879 1044 1045
f 879 1045 880
f 880 1046 1047
f 880 1047 881
f 880 1045 1048
f 880 1048 1049
f 880 1049 1050
f 880 1050 1051
f 880 1051 1052
f 880 1052 1053
f 880 1053 1046
f 881 1047 1054
f 881 1054 883
f 883 1054 1055
f 883 1055 884
f 884 1056 887
f 884 887 885
f 884 1055 1056
f 886 1057 1058
f 886 1058 890
f 886 889 1059
f 886 1059 1060
f 886 1060 1057
f 887 1056 888
f 888 1061 1059
f 888 1059 889
f 888 1056 1062
f 888 1062 1061
f 890 1058 891
f 891 1058 1063
f 891 1063 894
f 892 1064 893
f 892 894 1064
f 893 1064 1065
f 893 1065 1079
f 893 1079 903
f 894 1063 1066
f 894 1066 1067
f 894 1067 1064
f 895 903 1068
f 895 1068 1069
f 895 1069 1070
f 895 1070 1071
f 895 1071 1072
f 895 1072 1073
f 895 1073 1074
f 895 1074 1075
f 895 1075 909
f 895 909 1076
f 895 1076 896
f 896 1077 897
f 896 1076 908
f 896 908 1077
f 897 1077 907
f 897 907 898
f 898 907 906
f 898 906 899
f 899 906 1078
f 899 1078 900
f 900 902 901
f 900 1078 906
f 900 906 904
f 903 1079 1080
f 903 1080 1068
f 904 906 905
f 907 1077 908
f 908 1076 909
f 909 1075 1081
f 909 1081 910
f 910 1081 911
f 911 1081 1074
f 911 1074 1082
f 911 1082 1083
f 911 1083 1084
f 911 1084 912
f 912 1085 1086
f 912 1086 914
f 912 914 913
f 912 1084 1085
f 914 1086 1087
f 914 1087 915
f 915 1088 1089
f 915 1089 1090
f 915 1090 916
f 915 1087 1088
f 916 1090 919
f 919 1090 921
f 921 923 922
f 921 1090 923
f 923 1091 1092
f 923 1092 1093
f 923 1093 1094
f 923 1094 924
f 923 1090 1089
f 923 1089 1095
f 923 1095 1096
f 923 1096 1097
f 923 1097 1091
f 924 1094 925
f 925 1094 1093
f 925 1093 926
f 926 1093 927
f 927 1093 1098
f 927 1098 1099
f 927 1099 929
f 927 929 928
f 929 1099 931
f 929 931 930
f 931 1099 1100
f 931 1100 1101
f 931 1101 933
f 932 940 1102
f 932 1102 1103
f 932 1103 1104
f 932 1104 1105
f 932 1105 1106
f 932 1106 1107
f 932 1107 1108
f 932 1108 1109
f 932 1109 941
f 933 1101 934
f 934 1101 1110
f 934 1110 1111
f 934 1111 935
f 935 1111 1112
f 935 1112 937
f 935 937 936
f 937 1112 1113
f 937 1113 1114
f 937 1114 1115
f 937 1115 1116
f 937 1116 1117
f 937 1117 938
f 938 1117 939
f 939 1117 1118
f 939 1118 940
f 940 1118 1119
f 940 1119 1102
f 941 1109 1120
f 941 1120 1121
f 941 1121 942
f 942 1121 1122
f 942 1122 1123
f 942 1123 943
f 943 1123 1124
f 943 1124 1125
f 943 1125 946
f 943 946 945
f 946 1125 1126
f 946 1126 1127
f 946 1127 949
f 946 949 947
f 947 949 948
f 949 1127 1128
f 949 1128 951
f 950 954 953
f 950 953 1129
f 950 1129 955
f 951 1128 1130
f 951 1130 952
f 952 1130 953
f 953 1130 1131
f 953 1131 1129
f 955 1129 956
f 956 1129 1132
f 956 1132 1133
f 956 1133 958
f 956 958 957
f 958 1133 1134
f 958 1134 1135
f 958 1135 1136
f 958 1136 959
f 959 1136 1137
f 959 1137 1138
f 959 1138 1139
f 959 1139 1140
f 959 1140 1141
f 959 1141 961
f 959 961 960
f 961 1141 965
f 961 965 964
f 962 967 963
f 962 966 1142
f 962 1142 968
f 965 1141 966
f 966 1141 1142
f 968 1142 1143
f 968 1143 1144
f 968 1144 1145
f 968 1145 1146
f 968 1146 969
f 969 1146 970
f 970 1146 971
f 971 1147 1148
f 971 1148 1149
f 971 1149 973
f 971 973 972
f 971 1146 1147
f 973 976 975
f 973 975 974
f 973 1149 1150
f 973 1150 1151
f 973 1151 976
f 976 1151 1152
f 976 1152 977
f 977 1152 1153
f 977 1153 1154
f 977 1154 978
f 978 1154 1155
f 978 1155 980
f 979 982 981
f 986 1156 987
f 987 1156 1157
f 987 1157 988
f 988 1157 1158
f 988 1158 1159
f 988 1159 1160
f 988 1160 1012
f 990 1161 1162
f 990 1162 991
f 990 994 1007
f 990 1007 1163
f 990 1163 1161
f 991 1162 1164
f 991 1164 1165
f 991 1165 1166
f 991 1166 1167
f 991 1167 1168
f 991 1168 992
f 992 1168 995
f 993 1007 994
f 995 1168 1042
f 995 1042 996
f 997 998 1004
f 998 1169 1004
f 998 1041 1170
f 998 1170 1171
f 998 1171 1169
f 999 1172 1005
f 999 1002 1173
f 999 1173 1172
f 1001 1003 1002
f 1002 1003 1174
f 1002 1174 1175
f 1002 1175 1173
f 1003 1004 1176
f 1003 1176 1174
f 1004 1169 1177
f 1004 1177 1176
f 1005 1172 1173
f 1005 1173 1178
f 1005 1178 1179
f 1005 1179 1180
f 1005 1180 1181
f 1005 1181 1006
f 1006 1181 1163
f 1006 1163 1007
f 1009 1011 1182
f 1009 1182 1033
f 1011 1021 1183
f 1011 1183 1182
f 1012 1160 1184
f 1012 1184 1016
f 1012 1016 1013
f 1014 1183 1020
f 1014 1020 1015
f 1014 1018 1185
f 1014 1185 1186
f 1014 1186 1183
f 1015 1020 1019
f 1016 1184 1017
f 1017 1184 1159
f 1017 1159 1187
f 1017 1187 1188
f 1017 1188 1189
f 1017 1189 1018
f 1018 1189 1190
f 1018 1190 1185
f 1020 1183 1021
f 1023 1025 1024
f 1023 1036 1025
f 1025 1036 1191
f 1025 1191 1026
f 1026 1191 1192
f 1026 1192 1027
f 1027 1193 1028
f 1027 1192 1194
f 1027 1194 1193
f 1028 1193 1195
f 1028 1195 1196
f 1028 1196 1029
f 1029 1196 1030
f 1030 1197 1031
f 1030 1196 1197
f 1031 1197 1198
f 1031 1198 1199
f 1031 1199 1032
f 1032 1199 1039
f 1033 1182 1034
f 1034 1182 1200
f 1034 1200 1201
f 1034 1201 1035
f 1035 1201 1202
f 1035 1202 1203
f 1035 1203 1036
f 1036 1203 1204
f 1036 1204 1191
f 1037 1040 1038
f 1038 1170 1041
f 1038 1040 1205
f 1038 1205 1170
f 1039 1199 1040
f 1040 1206 1205
f 1040 1199 1207
f 1040 1207 1206
f 1042 1168 1044
f 1042 1044 1043
f 1044 1168 1167
f 1044 1167 1208
f 1044 1208 1209
f 1044 1209 1210
f 1044 1210 1048
f 1044 1048 1045
f 1046 1211 1212
f 1046 1212 1390
f 1046 1390 1213
f 1046 1213 1047
f 1046 1053 1211
f 1047 1213 1214
f 1047 1214 1054
f 1048 1210 1049
f 1049 1210 1215
f 1049 1215 1050
f 1050 1215 1216
f 1050 1216 1051
f 1051 1216 1217
f 1051 1217 1218
f 1051 1218 1219
f 1051 1219 1053
f 1051 1053 1052
f 1053 1219 1220
f 1053 1220 1211
f 1054 1214 1221
f 1054 1221 1222
f 1054 1222 1055
f 1055 1222 1223
f 1055 1223 1056
f 1056 1223 1224
f 1056 1224 1225
f 1056 1225 1062
f 1057 1226 1063
f 1057 1063 1058
f 1057 1060 1227
f 1057 1227 1226
f 1059 1061 1228
f 1059 1228 1060
f 1060 1228 1229
f 1060 1229 1230
f 1060 1230 1227
f 1061 1062 1228
f 1062 1225 1231
f 1062 1231 1232
f 1062 1232 1228
f 1063 1226 1066
f 1064 1067 1065
f 1065 1067 1233
f 1065 1233 1079
f 1066 1226 1234
f 1066 1234 1235
f 1066 1235 1067
f 1067 1235 1233
f 1068 1080 1236
f 1068 1236 1069
f 1069 1236 1237
f 1069 1237 1070
f 1070 1237 1238
f 1070 1238 1239
f 1070 1239 1071
f 1071 1239 1240
f 1071 1240 1072
f 1072 1241 1073
f 1072 1240 1241
f 1073 1241 1242
f 1073 1242 1243
f 1073 1243 1074
f 1074 1081 1075
f 1074 1243 1242
f 1074 1242 1082
f 1079 1233 1080
f 1080 1233 1244
f 1080 1244 1245
f 1080 1245 1236
f 1082 1242 1083
f 1083 1246 1247
f 1083 1247 1084
f 1083 1242 1246
f 1084 1247 1085
f 1085 1248 1249
f 1085 1249 1250
f 1085 1250 1086
f 1085 1247 1248
f 1086 1250 1087
f 1087 1250 1251
f 1087 1251 1252
f 1087 1252 1253
f 1087 1253 1254
f 1087 1254 1088
f 1088 1254 1255
f 1088 1255 1089
f 1089 1255 1096
f 1089 1096 1095
f 1091 1097 1256
f 1091 1256 1257
f 1091 1257 1258
f 1091 1258 1259
f 1091 1259 1260
f 1091 1260 1261
f 1091 1261 1093
f 1091 1093 1092
f 1093 1261 1260
f 1093 1260 1098
f 1096 1255 1254
f 1096 1254 1253
f 1096 1253 1262
f 1096 1262 1097
f 1097 1262 1263
f 1097 1263 1257
f 1097 1257 1256
f 1098 1260 1264
f 1098 1264 1101
f 1098 1101 1099
f 1099 1101 1100
f 1101 1264 1265
f 1101 1265 1110
f 1102 1119 1103
f 1103 1266 1267
f 1103 1267 1268
f 1103 1268 1104
f 1103 1119 1266
f 1104 1268 1105
f 1105 1268 1269
f 1105 1269 1270
f 1105 1270 1271
f 1105 1271 1272
f 1105 1272 1106
f 1106 1272 1107
f 1107 1272 1273
f 1107 1273 1274
f 1107 1274 1275
f 1107 1275 1109
f 1107 1109 1108
f 1109 1275 1274
f 1109 1274 1276
f 1109 1276 1277
f 1109 1277 1278
f 1109 1278 1279
f 1109 1279 1120
f 1110 1280 1111
f 1110 1265 1280
f 1111 1280 1112
f 1112 1280 1281
f 1112 1281 1113
f 1113 1281 1282
f 1113 1282 1283
f 1113 1283 1284
f 1113 1284 1285
f 1113 1285 1286
f 1113 1286 1287
f 1113 1287 1288
f 1113 1288 1289
f 1113 1289 1114
f 1114 1289 1115
f 1115 1289 1290
f 1115 1290 1116
f 1116 1290 1291
f 1116 1291 1292
f 1116 1292 1293
f 1116 1293 1118
f 1116 1118 1117
f 1118 1293 1294
f 1118 1294 1119
f 1119 1294 1266
f 1120 1279 1295
f 1120 1295 1121
f 1121 1295 1122
f 1122 1295 1296
f 1122 1296 1124
f 1122 1124 1123
f 1124 1296 1126
f 1124 1126 1125
f 1126 1128 1127
f 1126 1296 1297
f 1126 1297 1298
f 1126 1298 1299
f 1126 1299 1300
f 1126 1300 1128
f 1128 1300 1301
f 1128 1301 1130
f 1129 1131 1132
f 1130 1132 1131
f 1130 1301 1134
f 1130 1134 1132
f 1132 1134 1133
f 1134 1301 1135
f 1135 1301 1136
f 1136 1302 1303
f 1136 1303 1137
f 1136 1301 1304
f 1136 1304 1302
f 1137 1303 1305
f 1137 1305 1138
f 1138 1305 1306
f 1138 1306 1307
f 1138 1307 1308
f 1138 1308 1309
f 1138 1309 1310
f 1138 1310 1139
f 1139 1311 1141
f 1139 1141 1140
f 1139 1310 1312
f 1139 1312 1311
f 1141 1311 1313
f 1141 1313 1142
f 1142 1313 1314
f 1142 1314 1143
f 1143 1314 1315
f 1143 1315 1144
f 1144 1315 1316
f 1144 1316 1146
f 1144 1146 1145
f 1146 1316 1147
f 1147 1317 1318
f 1147 1318 1319
f 1147 1319 1320
f 1147 1320 1148
f 1147 1316 1317
f 1148 1321 1149
f 1148 1320 1322
f 1148 1322 1323
f 1148 1323 1321
f 1149 1321 1151
f 1149 1151 1150
f 1151 1321 1324
f 1151 1324 1325
f 1151 1325 1326
f 1151 1326 1152
f 1152 1327 1153
f 1152 1326 1328
f 1152 1328 1327
f 1153 1327 1329
f 1153 1329 1154
f 1157 1330 1158
f 1158 1330 1159
f 1159 1331 1332
f 1159 1332 1187
f 1159 1184 1160
f 1159 1330 1331
f 1161 1333 1334
f 1161 1334 1162
f 1161 1163 1333
f 1162 1334 1335
f 1162 1335 1164
f 1163 1181 1336
f 1163 1336 1337
f 1163 1337 1338
f 1163 1338 1333
f 1164 1335 1166
f 1164 1166 1165
f 1166 1335 1339
f 1166 1339 1208
f 1166 1208 1167
f 1169 1171 1340
f 1169 1340 1341
f 1169 1341 1177
f 1170 1205 1206
f 1170 1206 1342
f 1170 1342 1343
f 1170 1343 1344
f 1170 1344 1340
f 1170 1340 1171
f 1173 1345 1178
f 1173 1175 1174
f 1173 1174 1346
f 1173 1346 1347
f 1173 1347 1345
f 1174 1176 1348
f 1174 1348 1346
f 1176 1177 1348
f 1177 1341 1348
f 1178 1345 1179
f 1179 1349 1350
f 1179 1350 1180
f 1179 1345 1349
f 1180 1351 1352
f 1180 1352 1181
f 1180 1350 1351
f 1181 1352 1351
f 1181 1351 1337
f 1181 1337 1336
f 1182 1183 1353
f 1182 1353 1354
f 1182 1354 1200
f 1183 1186 1353
f 1185 1190 1355
f 1185 1355 1186
f 1186 1355 1533
f 1186 1533 1356
f 1186 1356 1353
f 1188 1357 1358
f 1188 1358 1189
f 1189 1359 1190
f 1189 1358 1360
f 1189 1360 1361
f 1189 1361 1359
f 1190 1362 1355
f 1190 1359 1362
f 1191 1363 1192
f 1191 1204 1364
f 1191 1364 1363
f 1192 1365 1194
f 1192 1363 1365
f 1193 1194 1365
f 1193 1365 1195
f 1195 1365 1366
f 1195 1366 1367
f 1195 1367 1368
f 1195 1368 1369
f 1195 1369 1370
f 1195 1370 1371
f 1195 1371 1372
f 1195 1372 1196
f 1196 1372 1197
f 1197 1373 1198
f 1197 1372 1373
f 1198 1373 1374
f 1198 1374 1375
f 1198 1375 1199
f 1199 1375 1376
f 1199 1376 1207
f 1200 1354 1353
f 1200 1353 1377
f 1200 1377 1378
f 1200 1378 1379
f 1200 1379 1201
f 1201 1379 1202
f 1202 1380 1204
f 1202 1204 1203
f 1202 1379 1381
f 1202 1381 1382
f 1202 1382 1380
f 1204 1380 1383
f 1204 1383 1364
f 1206 1207 1376
f 1206 1376 1342
f 1208 1339 1384
f 1208 1384 1209
f 1209 1384 1385
f 1209 1385 1386
f 1209 1386 1215
f 1209 1215 1210
f 1211 1387 1212
f 1211 1220 1387
f 1212 1387 1388
f 1212 1388 1389
f 1212 1389 1390
f 1213 1390 1221
f 1213 1221 1214
f 1215 1386 1391
f 1215 1391 1392
f 1215 1392 1216
f 1216 1392 1217
f 1217 1392 1393
f 1217 1393 1394
f 1217 1394 1218
f 1218 1395 1219
f 1218 1394 1395
f 1219 1395 1220
f 1220 1395 1396
f 1220 1396 1387
f 1221 1390 1397
f 1221 1397 1398
f 1221 1398 1222
f 1222 1398 1399
f 1222 1399 1223
f 1223 1399 1224
f 1224 1399 1225
f 1225 1399 1398
f 1225 1398 1400
f 1225 1400 1231
f 1226 1227 1234
f 1227 1401 1234
f 1227 1230 1229
f 1227 1229 1402
f 1227 1402 1403
f 1227 1403 1401
f 1228 1232 1229
f 1229 1232 1404
f 1229 1404 1405
f 1229 1405 1403
f 1229 1403 1402
f 1231 1400 1406
f 1231 1406 1404
f 1231 1404 1232
f 1233 1235 1407
f 1233 1407 1408
f 1233 1408 1409
f 1233 1409 1245
f 1233 1245 1244
f 1234 1410 1411
f 1234 1411 1235
f 1234 1401 1403
f 1234 1403 1412
f 1234 1412 1410
f 1235 1411 1413
f 1235 1413 1407
f 1236 1245 1414
f 1236 1414 1237
f 1237 1414 1238
f 1238 1415 1239
f 1238 1414 1416
f 1238 1416 1415
f 1239 1417 1240
f 1239 1415 1417
f 1240 1417 1418
f 1240 1418 1241
f 1241 1418 1242
f 1242 1418 1417
f 1242 1417 1419
f 1242 1419 1420
f 1242 1420 1421
f 1242 1421 1422
f 1242 1422 1423
f 1242 1423 1424
f 1242 1424 1425
f 1242 1425 1426
f 1242 1426 1246
f 1245 1409 1427
f 1245 1427 1414
f 1246 1426 1428
f 1246 1428 1247
f 1247 1428 1429
f 1247 1429 1248
f 1248 1430 1431
f 1248 1431 1249
f 1248 1429 1432
f 1248 1432 1433
f 1248 1433 1434
f 1248 1434 1430
f 1249 1431 1250
f 1250 1431 1251
f 1251 1431 1252
f 1252 1431 1430
f 1252 1430 1435
f 1252 1435 1436
f 1252 1436 1437
f 1252 1437 1438
f 1252 1438 1253
f 1253 1438 1262
f 1257 1263 1258
f 1258 1263 1439
f 1258 1439 1440
f 1258 1440 1441
f 1258 1441 1442
f 1258 1442 1259
f 1259 1442 1443
f 1259 1443 1260
f 1260 1443 1444
f 1260 1444 1445
f 1260 1445 1446
f 1260 1446 1447
f 1260 1447 1264
f 1262 1438 1437
f 1262 1437 1448
f 1262 1448 1263
f 1263 1448 1449
f 1263 1449 1450
f 1263 1450 1451
f 1263 1451 1439
f 1264 1281 1280
f 1264 1280 1265
f 1264 1447 1452
f 1264 1452 1453
f 1264 1453 1454
f 1264 1454 1455
f 1264 1455 1456
f 1264 1456 1457
f 1264 1457 1458
f 1264 1458 1282
f 1264 1282 1281
f 1266 1294 1459
f 1266 1459 1460
f 1266 1460 1461
f 1266 1461 1267
f 1267 1461 1268
f 1268 1461 1462
f 1268 1462 1269
f 1269 1462 1270
f 1270 1462 1463
f 1270 1463 1464
f 1270 1464 1465
f 1270 1465 1466
f 1270 1466 1272
f 1270 1272 1271
f 1272 1466 1273
f 1273 1466 1274
f 1274 1466 1465
f 1274 1465 1467
f 1274 1467 1468
f 1274 1468 1469
f 1274 1469 1276
f 1276 1469 1277
f 1277 1470 1278
f 1277 1469 1471
f 1277 1471 1470
f 1278 1470 1472
f 1278 1472 1279
f 1279 1472 1473
f 1279 1473 1295
f 1282 1458 1283
f 1283 1458 1457
f 1283 1457 1474
f 1283 1474 1285
f 1283 1285 1284
f 1285 1474 1475
f 1285 1475 1476
f 1285 1476 1286
f 1286 1477 1478
f 1286 1478 1287
f 1286 1476 1477
f 1287 1479 1290
f 1287 1290 1288
f 1288 1290 1289
f 1290 1479 1480
f 1290 1480 1481
f 1290 1481 1482
f 1290 1482 1291
f 1291 1482 1483
f 1291 1483 1484
f 1291 1484 1485
f 1291 1485 1292
f 1292 1485 1293
f 1293 1485 1484
f 1293 1484 1486
f 1293 1486 1294
f 1294 1486 1459
f 1295 1473 1296
f 1296 1473 1297
f 1297 1473 1487
f 1297 1487 1488
f 1297 1488 1489
f 1297 1489 1298
f 1298 1489 1299
f 1299 1304 1300
f 1299 1489 1490
f 1299 1490 1302
f 1299 1302 1304
f 1300 1304 1301
f 1302 1490 1303
f 1303 1490 1491
f 1303 1491 1305
f 1305 1491 1306
f 1306 1491 1492
f 1306 1492 1307
f 1307 1492 1308
f 1308 1492 1493
f 1308 1493 1494
f 1308 1494 1309
f 1309 1494 1310
f 1310 1494 1495
f 1310 1495 1496
f 1310 1496 1312
f 1311 1314 1313
f 1311 1312 1314
f 1312 1496 1315
f 1312 1315 1314
f 1315 1496 1497
f 1315 1497 1316
f 1316 1497 1498
f 1316 1498 1317
f 1317 1498 1318
f 1318 1498 1499
f 1318 1499 1500
f 1318 1500 1320
f 1318 1320 1319
f 1320 1500 1501
f 1320 1501 1322
f 1321 1502 1324
f 1321 1323 1503
f 1321 1503 1507
f 1321 1507 1502
f 1322 1501 1504
f 1322 1504 1505
f 1322 1505 1506
f 1322 1506 1507
f 1322 1507 1503
f 1322 1503 1323
f 1333 1338 1334
f 1334 1508 1509
f 1334 1509 1335
f 1334 1338 1508
f 1335 1509 1384
f 1335 1384 1339
f 1337 1510 1511
f 1337 1511 1338
f 1337 1351 1510
f 1338 1511 1508
f 1340 1344 1341
f 1341 1344 1512
f 1341 1512 1513
f 1341 1513 1348
f 1342 1376 1514
f 1342 1514 1515
f 1342 1515 1343
f 1343 1515 1344
f 1344 1515 1516
f 1344 1516 1512
f 1345 1517 1349
f 1345 1347 1518
f 1345 1518 1519
f 1345 1519 1520
f 1345 1520 1517
f 1346 1348 1521
f 1346 1521 1522
f 1346 1522 1347
f 1347 1523 1519
f 1347 1519 1518
f 1347 1522 1524
f 1347 1524 1525
f 1347 1525 1523
f 1348 1513 1521
f 1349 1526 1527
f 1349 1527 1350
f 1349 1517 1528
f 1349 1528 1520
f 1349 1520 1529
f 1349 1529 1526
f 1350 1527 1351
f 1351 1527 1530
f 1351 1530 1510
f 1353 1531 1377
f 1353 1356 1531
f 1355 1362 1532
f 1355 1532 1533
f 1356 1533 1534
f 1356 1534 1535
f 1356 1535 1536
f 1356 1536 1537
f 1356 1537 1538
f 1356 1538 1539
f 1356 1539 1531
f 1357 1360 1358
f 1359 1540 1362
f 1359 1361 1541
f 1359 1541 1540
f 1360 1542 1543
f 1360 1543 1361
f 1361 1543 1541
f 1362 1540 1544
f 1362 1544 1545
f 1362 1545 1532
f 1363 1546 1365
f 1363 1364 1547
f 1363 1547 1546
f 1364 1383 1547
f 1365 1546 1366
f 1366 1546 1547
f 1366 1547 1367
f 1367 1547 1548
f 1367 1548 1549
f 1367 1549 1550
f 1367 1550 1368
f 1368 1550 1551
f 1368 1551 1370
f 1368 1370 1369
f 1370 1551 1552
f 1370 1552 1553
f 1370 1553 1554
f 1370 1554 1371
f 1371 1554 1555
f 1371 1555 1373
f 1371 1373 1372
f 1373 1556 1557
f 1373 1557 1374
f 1373 1555 1556
f 1374 1557 1558
f 1374 1558 1375
f 1375 1558 1515
f 1375 1515 1514
f 1375 1514 1376
f 1377 1531 1378
f 1378 1559 1381
f 1378 1381 1379
f 1378 1531 1539
f 1378 1539 1538
f 1378 1538 1559
f 1380 1382 1383
f 1381 1559 1382
f 1382 1560 1383
f 1382 1559 1561
f 1382 1561 1560
f 1383 1562 1563
f 1383 1563 1547
f 1383 1560 1562
f 1384 1509 1385
f 1385 1509 1386
f 1386 1509 1391
f 1387 1396 1388
f 1388 1396 1564
f 1388 1564 1565
f 1388 1565 1566
f 1388 1566 1389
f 1389 1566 1567
f 1389 1567 1568
f 1389 1568 1390
f 1390 1568 1569
f 1390 1569 1397
f 1391 1570 1392
f 1391 1509 1571
f 1391 1571 1570
f 1392 1570 1572
f 1392 1572 1393
f 1393 1573 1394
f 1393 1572 1574
f 1393 1574 1573
f 1394 1575 1395
f 1394 1573 1576
f 1394 1576 1575
f 1395 1575 1577
f 1395 1577 1578
f 1395 1578 1579
f 1395 1579 1580
f 1395 1580 1396
f 1396 1580 1564
f 1397 1569 1400
f 1397 1400 1398
f 1400 1569 1581
f 1400 1581 1406
f 1403 1405 1582
f 1403 1582 1583
f 1403 1583 1412
f 1404 1406 1584
f 1404 1584 1585
f 1404 1585 1582
f 1404 1582 1405
f 1406 1586 1584
f 1406 1581 1587
f 1406 1587 1588
f 1406 1588 1586
f 1407 1589 1408
f 1407 1413 1589
f 1408 1589 1590
f 1408 1590 1409
f 1409 1591 1427
f 1409 1590 1591
f 1410 1412 1411
f 1411 1412 1413
f 1412 1583 1592
f 1412 1592 1593
f 1412 1593 1594
f 1412 1594 1413
f 1413 1594 1595
f 1413 1595 1596
f 1413 1596 1589
f 1414 1427 1416
f 1415 1597 1417
f 1415 1416 1598
f 1415 1598 1597
f 1416 1427 1599
f 1416 1599 1598
f 1417 1597 1600
f 1417 1600 1419
f 1419 1600 1420
f 1420 1600 1601
f 1420 1601 1421
f 1421 1602 1603
f 1421 1603 1422
f 1421 1601 1602
f 1422 1604 1605
f 1422 1605 1424
f 1422 1424 1423
f 1422 1603 1602
f 1422 1602 1606
f 1422 1606 1607
f 1422 1607 1608
f 1422 1608 1609
f 1422 1609 1610
f 1422 1610 1611
f 1422 1611 1612
f 1422 1612 1613
f 1422 1613 1604
f 1424 1605 1604
f 1424 1604 1614
f 1424 1614 1425
f 1425 1614 1615
f 1425 1615 1616
f 1425 1616 1426
f 1426 1616 1428
f 1427 1591 1599
f 1428 1616 1429
f 1429 1616 1432
f 1430 1434 1435
f 1432 1616 1433
f 1433 1616 1617
f 1433 1617 1618
f 1433 1618 1436
f 1433 1436 1434
f 1434 1436 1435
f 1436 1619 1437
f 1436 1618 1620
f 1436 1620 1619
f 1437 1619 1621
f 1437 1621 1449
f 1437 1449 1448
f 1439 1451 1622
f 1439 1622 1623
f 1439 1623 1440
f 1440 1624 1625
f 1440 1625 1441
f 1440 1623 1624
f 1441 1625 1626
f 1441 1626 1442
f 1442 1626 1625
f 1442 1625 1627
f 1442 1627 1628
f 1442 1628 1629
f 1442 1629 1630
f 1442 1630 1631
f 1442 1631 1443
f 1443 1631 1444
f 1444 1632 1453
f 1444 1453 1445
f 1444 1631 1633
f 1444 1633 1632
f 1445 1453 1446
f 1446 1453 1447
f 1447 1453 1452
f 1449 1621 1450
f 1450 1621 1634
f 1450 1634 1451
f 1451 1634 1621
f 1451 1621 1635
f 1451 1635 1622
f 1453 1636 1637
f 1453 1637 1638
f 1453 1638 1455
f 1453 1455 1454
f 1453 1632 1636
f 1455 1638 1639
f 1455 1639 1640
f 1455 1640 1641
f 1455 1641 1456
f 1456 1641 1642
f 1456 1642 1643
f 1456 1643 1457
f 1457 1644 1474
f 1457 1643 1644
f 1459 1486 1460
f 1460 1486 1484
f 1460 1484 1645
f 1460 1645 1646
f 1460 1646 1647
f 1460 1647 1648
f 1460 1648 1462
f 1460 1462 1461
f 1462 1648 1647
f 1462 1647 1649
f 1462 1649 1650
f 1462 1650 1463
f 1463 1650 1464
f 1464 1651 1465
f 1464 1650 1652
f 1464 1652 1653
f 1464 1653 1654
f 1464 1654 1651
f 1465 1468 1467
f 1465 1651 1468
f 1468 1651 1469
f 1469 1651 1471
f 1470 1473 1472
f 1470 1471 1655
f 1470 1655 1656
f 1470 1656 1657
f 1470 1657 1473
f 1471 1651 1658
f 1471 1658 1655
f 1473 1657 1487
f 1474 1659 1475
f 1474 1644 1660
f 1474 1660 1659
f 1475 1661 1662
f 1475 1662 1476
f 1475 1659 1661
f 1476 1663 1477
f 1477 1663 1478
f 1481 1664 1482
f 1482 1664 1665
f 1482 1665 1666
f 1482 1666 1483
f 1483 1666 1484
f 1484 1666 1665
f 1484 1665 1667
f 1484 1667 1668
f 1484 1668 1669
f 1484 1669 1645
f 1487 1657 1670
f 1487 1670 1488
f 1488 1670 1490
f 1488 1490 1489
f 1490 1670 1671
f 1490 1671 1491
f 1491 1671 1672
f 1491 1672 1492
f 1492 1672 1673
f 1492 1673 1493
f 1493 1674 1494
f 1493 1673 1674
f 1494 1675 1495
f 1494 1674 1676
f 1494 1676 1677
f 1494 1677 1675
f 1495 1675 1496
f 1496 1675 1678
f 1496 1678 1497
f 1497 1678 1679
f 1497 1679 1498
f 1498 1679 1499
f 1499 1680 1681
f 1499 1681 1500
f 1499 1679 1680
f 1500 1681 1682
f 1500 1682 1501
f 1501 1682 1504
f 1504 1682 1683
f 1508 1684 1571
f 1508 1571 1509
f 1508 1511 1684
f 1510 1685 1686
f 1510 1686 1687
f 1510 1687 1511
f 1510 1530 1685
f 1511 1687 1684
f 1512 1688 1513
f 1512 1516 1688
f 1513 1688 1689
f 1513 1689 1690
f 1513 1690 1691
f 1513 1691 1521
f 1515 1558 1692
f 1515 1692 1516
f 1516 1692 1693
f 1516 1693 1694
f 1516 1694 1695
f 1516 1695 1688
f 1517 1520 1528
f 1519 1523 1696
f 1519 1696 1520
f 1520 1696 1697
f 1520 1697 1529
f 1521 1691 1698
f 1521 1698 1522
f 1522 1698 1524
f 1523 1525 1696
f 1524 1698 1699
f 1524 1699 1525
f 1525 1699 1700
f 1525 1700 1701
f 1525 1701 1702
f 1525 1702 1703
f 1525 1703 1696
f 1526 1704 1705
f 1526 1705 1527
f 1526 1529 1706
f 1526 1706 1707
f 1526 1707 1704
f 1527 1705 1530
f 1529 1707 1706
f 1529 1697 1708
f 1529 1708 1707
f 1530 1709 1710
f 1530 1710 1685
f 1530 1705 1709
f 1532 1545 1534
f 1532 1534 1533
f 1534 1545 1711
f 1534 1711 1712
f 1534 1712 1713
f 1534 1713 1714
f 1534 1714 1535
f 1535 1714 1715
f 1535 1715 1536
f 1536 1716 1537
f 1536 1715 1716
f 1537 1716 1538
f 1538 1717 1559
f 1538 1716 1717
f 1540 1541 1718
f 1540 1718 1719
f 1540 1719 1544
f 1541 1543 1720
f 1541 1720 1718
f 1542 1720 1543
f 1544 1719 1545
f 1545 1719 1718
f 1545 1718 1721
f 1545 1721 1711
f 1547 1563 1548
f 1548 1563 1722
f 1548 1722 1723
f 1548 1723 1549
f 1549 1724 1550
f 1549 1723 1724
f 1550 1724 1725
f 1550 1725 1726
f 1550 1726 1727
f 1550 1727 1728
f 1550 1728 1551
f 1551 1728 1552
f 1552 1728 1729
f 1552 1729 1553
f 1553 1729 1866
f 1553 1866 1730
f 1553 1730 1555
f 1553 1555 1554
f 1555 1730 1731
f 1555 1731 1732
f 1555 1732 1556
f 1556 1732 1731
f 1556 1731 1557
f 1557 1731 1692
f 1557 1692 1558
f 1559 1717 1561
f 1560 1561 1733
f 1560 1733 1562
f 1561 1717 1734
f 1561 1734 1733
f 1562 1733 1735
f 1562 1735 1563
f 1563 1735 1722
f 1564 1580 1736
f 1564 1736 1737
f 1564 1737 1565
f 1565 1737 1738
f 1565 1738 1566
f 1566 1739 1740
f 1566 1740 1741
f 1566 1741 1567
f 1566 1738 1739
f 1567 1741 1742
f 1567 1742 1568
f 1568 1742 1569
f 1569 1742 1581
f 1570 1571 1572
f 1571 1684 1743
f 1571 1743 1572
f 1572 1743 1744
f 1572 1744 1574
f 1573 1574 1744
f 1573 1744 1745
f 1573 1745 1576
f 1575 1576 1577
f 1576 1745 1746
f 1576 1746 1747
f 1576 1747 1748
f 1576 1748 1577
f 1577 1749 1578
f 1577 1748 1749
f 1578 1749 1750
f 1578 1750 1751
f 1578 1751 1752
f 1578 1752 1753
f 1578 1753 1579
f 1579 1737 1736
f 1579 1736 1580
f 1579 1753 1737
f 1581 1742 1741
f 1581 1741 1587
f 1582 1585 1754
f 1582 1754 1583
f 1583 1754 1755
f 1583 1755 1756
f 1583 1756 1757
f 1583 1757 1758
f 1583 1758 1759
f 1583 1759 1760
f 1583 1760 1592
f 1584 1586 1761
f 1584 1761 1585
f 1585 1761 1762
f 1585 1762 1754
f 1586 1588 1761
f 1587 1741 1740
f 1587 1740 1588
f 1588 1763 1764
f 1588 1764 1762
f 1588 1762 1761
f 1588 1740 1763
f 1589 1596 1590
f 1590 1765 1591
f 1590 1596 1595
f 1590 1595 1765
f 1591 1765 1599
f 1592 1760 1593
f 1593 1766 1767
f 1593 1767 1768
f 1593 1768 1594
f 1593 1760 1766
f 1594 1768 1595
f 1595 1768 1765
f 1597 1598 1600
f 1598 1769 1600
f 1598 1599 1770
f 1598 1770 1771
f 1598 1771 1769
f 1599 1765 1772
f 1599 1772 1770
f 1600 1769 1773
f 1600 1773 1774
f 1600 1774 1775
f 1600 1775 1607
f 1600 1607 1601
f 1601 1607 1606
f 1601 1606 1602
f 1604 1776 1615
f 1604 1615 1614
f 1604 1613 1777
f 1604 1777 1776
f 1607 1775 1608
f 1608 1775 1609
f 1609 1775 1778
f 1609 1778 1610
f 1610 1778 1611
f 1611 1778 1779
f 1611 1779 1780
f 1611 1780 1612
f 1612 1780 1781
f 1612 1781 1782
f 1612 1782 1783
f 1612 1783 1784
f 1612 1784 1785
f 1612 1785 1777
f 1612 1777 1613
f 1615 1776 1786
f 1615 1786 1617
f 1615 1617 1616
f 1617 1786 1787
f 1617 1787 1618
f 1618 1787 1788
f 1618 1788 1789
f 1618 1789 1620
f 1619 1790 1791
f 1619 1791 1635
f 1619 1635 1621
f 1619 1620 1790
f 1620 1788 1792
f 1620 1792 1793
f 1620 1793 1794
f 1620 1794 1795
f 1620 1795 1796
f 1620 1796 1797
f 1620 1797 1798
f 1620 1798 1790
f 1620 1789 1788
f 1622 1635 1799
f 1622 1799 1623
f 1623 1799 1800
f 1623 1800 1624
f 1624 1801 1802
f 1624 1802 1803
f 1624 1803 1804
f 1624 1804 1805
f 1624 1805 1625
f 1624 1800 1801
f 1625 1806 1807
f 1625 1807 1628
f 1625 1628 1627
f 1625 1805 1806
f 1628 1808 1630
f 1628 1630 1629
f 1628 1807 1808
f 1630 1633 1631
f 1630 1808 1809
f 1630 1809 1810
f 1630 1810 1811
f 1630 1811 1632
f 1630 1632 1633
f 1632 1811 1810
f 1632 1810 1812
f 1632 1812 1637
f 1632 1637 1636
f 1635 1813 1799
f 1635 1791 1813
f 1637 1812 1814
f 1637 1814 1815
f 1637 1815 1640
f 1637 1640 1639
f 1637 1639 1638
f 1640 1815 1816
f 1640 1816 1641
f 1641 1816 1642
f 1642 1817 1818
f 1642 1818 1819
f 1642 1819 1820
f 1642 1820 1644
f 1642 1644 1643
f 1642 1816 1821
f 1642 1821 1822
f 1642 1822 1817
f 1644 1820 1660
f 1645 1669 1646
f 1646 1669 1823
f 1646 1823 1824
f 1646 1824 1825
f 1646 1825 1826
f 1646 1826 1827
f 1646 1827 1647
f 1647 1827 1826
f 1647 1826 1828
f 1647 1828 1829
f 1647 1829 1649
f 1649 1829 1652
f 1649 1652 1650
f 1651 1654 1658
f 1652 1830 1654
f 1652 1654 1653
f 1652 1829 1831
f 1652 1831 1832
f 1652 1832 1830
f 1654 1830 1832
f 1654 1832 1658
f 1655 1658 1833
f 1655 1833 1834
f 1655 1834 1835
f 1655 1835 1836
f 1655 1836 1837
f 1655 1837 1656
f 1656 1837 1657
f 1657 1837 1838
f 1657 1838 1839
f 1657 1839 1670
f 1658 1832 1833
f 1659 1660 1840
f 1660 1820 1840
f 1668 1841 1669
f 1669 1841 1842
f 1669 1842 1823
f 1670 1839 1671
f 1671 1838 1672
f 1671 1839 1838
f 1672 1838 1673
f 1673 1838 1843
f 1673 1843 1844
f 1673 1844 1674
f 1674 1845 1846
f 1674 1846 1847
f 1674 1847 1676
f 1674 1844 1845
f 1675 1677 1848
f 1675 1848 1678
f 1676 1847 1849
f 1676 1849 1850
f 1676 1850 1851
f 1676 1851 1852
f 1676 1852 1677
f 1677 1852 1853
f 1677 1853 1854
f 1677 1854 1679
f 1677 1679 1848
f 1678 1848 1679
f 1679 1854 1853
f 1679 1853 1680
f 1680 1853 1855
f 1680 1855 1681
f 1681 1855 1856
f 1681 1856 1682
f 1682 1856 1857
f 1682 1857 1683
f 1684 1858 1743
f 1684 1687 1858
f 1685 1710 1686
f 1686 1859 1860
f 1686 1860 1745
f 1686 1745 1858
f 1686 1858 1687
f 1686 1710 1859
f 1688 1695 1689
f 1689 1861 1862
f 1689 1862 1690
f 1689 1695 1694
f 1689 1694 1863
f 1689 1863 1864
f 1689 1864 1861
f 1690 1865 1700
f 1690 1700 1691
f 1690 1862 1865
f 1691 1700 1698
f 1692 1731 1693
f 1693 1731 1730
f 1693 1730 1866
f 1693 1866 1867
f 1693 1867 1694
f 1694 1867 1868
f 1694 1868 1863
f 1696 1703 1697
f 1697 1703 1869
f 1697 1869 1708
f 1698 1700 1699
f 1700 1865 1870
f 1700 1870 1701
f 1701 1870 1871
f 1701 1871 1702
f 1702 1871 1872
f 1702 1872 1873
f 1702 1873 1869
f 1702 1869 1703
f 1704 1874 1705
f 1704 1707 1874
f 1705 1875 1876
f 1705 1876 1709
f 1705 1874 1875
f 1707 1877 1874
f 1707 1708 1878
f 1707 1878 1877
f 1708 1869 1878
f 1709 1876 1710
f 1710 1876 1879
f 1710 1879 1859
f 1711 1721 1880
f 1711 1880 1881
f 1711 1881 1712
f 1712 1882 1883
f 1712 1883 1713
f 1713 1883 1714
f 1714 1883 1882
f 1714 1882 1884
f 1714 1884 1885
f 1714 1885 1716
f 1714 1716 1715
f 1716 1885 1886
f 1716 1886 1887
f 1716 1887 1734
f 1716 1734 1717
f 1722 1888 1723
f 1722 1735 1886
f 1722 1886 1888
f 1723 1888 1886
f 1723 1886 1889
f 1723 1889 1890
f 1723 1890 1891
f 1723 1891 1724
f 1724 1892 1725
f 1724 1891 1893
f 1724 1893 1894
f 1724 1894 1895
f 1724 1895 1896
f 1724 1896 1892
f 1725 1892 1897
f 1725 1897 1898
f 1725 1898 1899
f 1725 1899 1726
f 1726 1899 1900
f 1726 1900 1901
f 1726 1901 1902
f 1726 1902 1903
f 1726 1903 1727
f 1727 1903 1728
f 1728 1903 1902
f 1728 1902 1729
f 1729 1902 1866
f 1733 1734 1887
f 1733 1887 1886
f 1733 1886 1735
f 1737 1904 1905
f 1737 1905 1906
f 1737 1906 1907
f 1737 1907 1738
f 1737 1753 1904
f 1738 1907 1908
f 1738 1908 1739
f 1739 1909 1740
f 1739 1908 1909
f 1740 1909 1910
f 1740 1910 1763
f 1743 1858 1744
f 1744 1858 1745
f 1745 1860 1746
f 1746 1860 1859
f 1746 1859 1911
f 1746 1911 1912
f 1746 1912 1747
f 1747 1912 1748
f 1748 1912 1749
f 1749 1912 1750
f 1750 1912 1913
f 1750 1913 1752
f 1750 1752 1751
f 1752 1913 1914
f 1752 1914 1753
f 1753 1914 1915
f 1753 1915 1904
f 1754 1762 1755
f 1755 1762 1764
f 1755 1764 1756
f 1756 1764 1916
f 1756 1916 1757
f 1757 1917 1918
f 1757 1918 1919
f 1757 1919 1758
f 1757 1916 1920
f 1757 1920 1917
f 1758 1921 1922
f 1758 1922 1759
f 1758 1919 1918
f 1758 1918 1923
f 1758 1923 1921
f 1759 1922 1924
f 1759 1924 1925
f 1759 1925 1760
f 1760 1925 1766
f 1763 1910 1926
f 1763 1926 1764
f 1764 1926 1927
f 1764 1927 1916
f 1765 1768 1772
f 1766 1928 1767
f 1766 1925 1924
f 1766 1924 1928
f 1767 1929 1930
f 1767 1930 1931
f 1767 1931 1772
f 1767 1772 1768
f 1767 1928 1929
f 1769 1771 1932
f 1769 1932 1933
f 1769 1933 1773
f 1770 1772 1931
f 1770 1931 1771
f 1771 1931 1932
f 1773 1933 1934
f 1773 1934 1775
f 1773 1775 1774
f 1775 1934 1935
f 1775 1935 1778
f 1776 1793 1792
f 1776 1792 1786
f 1776 1777 1793
f 1777 1785 1936
f 1777 1936 1937
f 1777 1937 1793
f 1778 1935 1779
f 1779 1935 1938
f 1779 1938 1780
f 1780 1938 1782
f 1780 1782 1781
f 1782 1938 1939
f 1782 1939 1940
f 1782 1940 1941
f 1782 1941 1942
f 1782 1942 1943
f 1782 1943 1783
f 1783 1944 1945
f 1783 1945 1784
f 1783 1943 1946
f 1783 1946 1947
f 1783 1947 1944
f 1784 1945 1785
f 1785 1945 1948
f 1785 1948 1936
f 1786 1792 1788
f 1786 1788 1787
f 1790 1798 1797
f 1790 1797 1791
f 1791 1949 1950
f 1791 1950 1951
f 1791 1951 1813
f 1791 1797 1952
f 1791 1952 1953
f 1791 1953 1954
f 1791 1954 1955
f 1791 1955 1956
f 1791 1956 1949
f 1793 1937 1957
f 1793 1957 1794
f 1794 1958 1795
f 1794 1957 1959
f 1794 1959 1960
f 1794 1960 1961
f 1794 1961 1958
f 1795 1958 1962
f 1795 1962 1796
f 1796 1963 1797
f 1796 1962 1963
f 1797 1953 1952
f 1797 1963 1953
f 1799 1964 1800
f 1799 1813 1964
f 1800 1964 1801
f 1801 1964 1802
f 1802 1965 1803
f 1802 1964 1966
f 1802 1966 1967
f 1802 1967 1965
f 1803 1968 1969
f 1803 1969 1970
f 1803 1970 1804
f 1803 1965 1967
f 1803 1967 1971
f 1803 1971 1968
f 1804 1972 1805
f 1804 1970 1972
f 1805 1972 1806
f 1806 1972 1973
f 1806 1973 1974
f 1806 1974 1975
f 1806 1975 1976
f 1806 1976 1977
f 1806 1977 1807
f 1807 1977 1808
f 1808 1977 1976
f 1808 1976 1978
f 1808 1978 1979
f 1808 1979 1980
f 1808 1980 1981
f 1808 1981 1809
f 1809 1814 1812
f 1809 1812 1810
f 1809 1981 1982
f 1809 1982 1983
f 1809 1983 1814
f 1813 1984 1985
f 1813 1985 1986
f 1813 1986 1967
f 1813 1967 1966
f 1813 1966 1987
f 1813 1987 1964
f 1813 1951 1984
f 1814 1983 1988
f 1814 1988 1815
f 1815 1988 1821
f 1815 1821 1816
f 1817 1822 1989
f 1817 1989 1990
f 1817 1990 1991
f 1817 1991 1818
f 1818 1991 1990
f 1819 1992 1820
f 1820 1992 1840
f 1821 1988 1993
f 1821 1993 1982
f 1821 1982 1994
f 1821 1994 1995
f 1821 1995 1822
f 1822 1995 1989
f 1823 1842 1824
f 1824 1842 1826
f 1824 1826 1825
f 1826 1996 1997
f 1826 1997 1828
f 1826 1842 1996
f 1828 1998 1999
f 1828 1999 1831
f 1828 1831 1829
f 1831 1999 2000
f 1831 2000 1832
f 1832 2000 1833
f 1833 2000 1834
f 1834 2000 2001
f 1834 2001 2002
f 1834 2002 1835
f 1835 2002 2003
f 1835 2003 2004
f 1835 2004 1837
f 1835 1837 2005
f 1835 2005 1836
f 1836 2005 1837
f 1837 2004 1843
f 1837 1843 1838
f 1843 2004 2006
f 1843 2006 2007
f 1843 2007 1845
f 1843 1845 1844
f 1845 2007 1846
f 1846 2007 2008
f 1846 2008 2009
f 1846 2009 2010
f 1846 2010 1847
f 1847 2010 1849
f 1849 2010 2011
f 1849 2011 2012
f 1849 2012 1850
f 1850 2012 2013
f 1850 2013 2014
f 1850 2014 1851
f 1851 2014 2015
f 1851 2015 1852
f 1852 2015 1855
f 1852 1855 1853
f 1855 2015 2014
f 1855 2014 1856
f 1856 2014 2016
f 1856 2016 2017
f 1856 2017 1857
f 1859 1879 1911
f 1861 2018 1862
f 1861 1864 2019
f 1861 2019 2018
f 1862 2018 2020
f 1862 2020 1865
f 1863 1868 2021
f 1863 2021 2022
f 1863 2022 2023
f 1863 2023 2019
f 1863 2019 1864
f 1865 2024 1870
f 1865 2020 2024
f 1866 1902 2025
f 1866 2025 1867
f 1867 2025 1868
f 1868 2025 2021
f 1869 1873 1878
f 1870 2024 1871
f 1871 2024 2020
f 1871 2020 2026
f 1871 2026 1872
f 1872 2027 2028
f 1872 2028 2029
f 1872 2029 1873
f 1872 2026 2030
f 1872 2030 2027
f 1873 2029 1878
f 1874 2031 2032
f 1874 2032 1875
f 1874 1877 2033
f 1874 2033 2034
f 1874 2034 2031
f 1875 2032 2035
f 1875 2035 1876
f 1876 2036 1879
f 1876 2035 2036
f 1877 1878 2033
f 1878 2037 2034
f 1878 2034 2033
f 1878 2029 2038
f 1878 2038 2037
f 1879 2039 1911
f 1879 2036 2039
f 1884 2040 2041
f 1884 2041 1885
f 1885 2041 2040
f 1885 2040 2042
f 1885 2042 2043
f 1885 2043 1886
f 1886 2044 2045
f 1886 2045 1889
f 1886 2043 2042
f 1886 2042 2044
f 1889 2045 1890
f 1890 2045 2044
f 1890 2044 2046
f 1890 2046 2047
f 1890 2047 1891
f 1891 2047 1893
f 1892 1896 1897
f 1893 2047 1894
f 1894 2048 2049
f 1894 2049 2050
f 1894 2050 2051
f 1894 2051 1898
f 1894 1898 1895
f 1894 2047 2052
f 1894 2052 2053
f 1894 2053 2054
f 1894 2054 2055
f 1894 2055 2048
f 1895 1898 1897
f 1895 1897 1896
f 1898 2051 2056
f 1898 2056 2057
f 1898 2057 2058
f 1898 2058 1899
f 1899 2058 2059
f 1899 2059 1900
f 1900 2059 2060
f 1900 2060 1901
f 1901 2061 2062
f 1901 2062 2021
f 1901 2021 2025
f 1901 2025 1902
f 1901 2060 2061
f 1904 1915 1905
f 1905 1915 2063
f 1905 2063 1906
f 1906 2064 2065
f 1906 2065 2066
f 1906 2066 2067
f 1906 2067 2068
f 1906 2068 1907
f 1906 2063 2069
f 1906 2069 2070
f 1906 2070 2064
f 1907 2068 1908
f 1908 2068 2071
f 1908 2071 1909
f 1909 2071 2072
f 1909 2072 1910
f 1910 2072 1926
f 1911 2073 1912
f 1911 2039 2073
f 1912 2073 1913
f 1913 2074 2075
f 1913 2075 2076
f 1913 2076 1914
f 1913 2073 2077
f 1913 2077 2074
f 1914 2063 1915
f 1914 2076 2063
f 1916 1927 2078
f 1916 2078 2079
f 1916 2079 2082
f 1916 2082 1920
f 1917 2080 1918
f 1917 1920 2080
f 1918 2081 1923
f 1918 2080 2081
f 1920 2082 2083
f 1920 2083 2084
f 1920 2084 2085
f 1920 2085 2080
f 1921 2086 1922
f 1921 1923 2086
f 1922 2086 2087
f 1922 2087 1924
f 1923 2081 2088
f 1923 2088 2086
f 1924 2087 2089
f 1924 2089 2090
f 1924 2090 1928
f 1926 2072 2078
f 1926 2078 1927
f 1928 2091 1929
f 1928 2090 2091
f 1929 2092 1930
f 1929 2091 2092
f 1930 2093 1938
f 1930 1938 2094
f 1930 2094 1932
f 1930 1932 1931
f 1930 2092 2093
f 1932 2094 1933
f 1933 2094 1934
f 1934 2094 1935
f 1935 2094 1938
f 1936 1957 1937
f 1936 1948 2095
f 1936 2095 2096
f 1936 2096 2097
f 1936 2097 1957
f 1938 2093 2098
f 1938 2098 1939
f 1939 2098 2099
f 1939 2099 2100
f 1939 2100 2101
f 1939 2101 1940
f 1940 2101 2102
f 1940 2102 1941
f 1941 2102 1942
f 1942 2103 1946
f 1942 1946 1943
f 1942 2102 2104
f 1942 2104 2103
f 1944 1947 2105
f 1944 2105 1945
f 1945 2105 2106
f 1945 2106 2107
f 1945 2107 1948
f 1946 2103 2108
f 1946 2108 1947
f 1947 2109 2107
f 1947 2107 2106
f 1947 2106 2105
f 1947 2108 2109
f 1948 2107 2095
f 1949 2110 1950
f 1949 1956 2110
f 1950 2111 2112
f 1950 2112 1951
f 1950 2110 2113
f 1950 2113 2114
f 1950 2114 2111
f 1951 2112 1984
f 1953 2115 2116
f 1953 2116 1954
f 1953 1963 2115
f 1954 2116 1955
f 1955 2117 1956
f 1955 2116 2118
f 1955 2118 2117
f 1956 2117 2113
f 1956 2113 2110
f 1957 2097 2119
f 1957 2119 1959
f 1958 1961 2120
f 1958 2120 1962
f 1959 2119 2121
f 1959 2121 1960
f 1960 2121 2122
f 1960 2122 1961
f 1961 2122 2123
f 1961 2123 2120
f 1962 2120 2124
f 1962 2124 2125
f 1962 2125 2115
f 1962 2115 1963
f 1964 1987 1966
f 1967 1986 2126
f 1967 2126 1985
f 1967 1985 1971
f 1968 1971 1969
f 1969 2127 2128
f 1969 2128 2129
f 1969 2129 1970
f 1969 1971 2130
f 1969 2130 2131
f 1969 2131 2127
f 1970 2129 1972
f 1971 1985 2132
f 1971 2132 2130
f 1972 2129 1973
f 1973 2133 2134
f 1973 2134 2135
f 1973 2135 2136
f 1973 2136 1974
f 1973 2129 2137
f 1973 2137 2133
f 1974 2136 2138
f 1974 2138 1975
f 1975 2138 1978
f 1975 1978 1976
f 1978 2139 1979
f 1978 2138 2136
f 1978 2136 2140
f 1978 2140 2141
f 1978 2141 2142
f 1978 2142 2143
f 1978 2143 2144
f 1978 2144 2139
f 1979 2139 1980
f 1980 2139 2145
f 1980 2145 1982
f 1980 1982 1981
f 1982 2144 2146
f 1982 2146 2147
f 1982 2147 1994
f 1982 1993 1988
f 1982 1988 1983
f 1982 2145 2139
f 1982 2139 2144
f 1984 2148 2149
f 1984 2149 1985
f 1984 2112 2111
f 1984 2111 2150
f 1984 2150 2148
f 1985 2126 1986
f 1985 2149 2151
f 1985 2151 2132
f 1989 1995 2152
f 1989 2152 1990
f 1994 2153 1995
f 1994 2147 2153
f 1995 2153 2152
f 1998 2154 1999
f 1999 2154 2155
f 1999 2155 2156
f 1999 2156 2157
f 1999 2157 2000
f 2000 2157 2001
f 2001 2157 2156
f 2001 2156 2158
f 2001 2158 2159
f 2001 2159 2160
f 2001 2160 2002
f 2002 2160 2003
f 2003 2160 2008
f 2003 2008 2004
f 2004 2008 2007
f 2004 2007 2006
f 2008 2160 2009
f 2009 2160 2161
f 2009 2161 2162
f 2009 2162 2163
f 2009 2163 2010
f 2010 2163 2011
f 2011 2163 2164
f 2011 2164 2165
f 2011 2165 2166
f 2011 2166 2167
f 2011 2167 2012
f 2012 2167 2013
f 2013 2167 2166
f 2013 2166 2168
f 2013 2168 2169
f 2013 2169 2016
f 2013 2016 2014
f 2018 2019 2170
f 2018 2170 2171
f 2018 2171 2020
f 2019 2023 2172
f 2019 2172 2170
f 2020 2171 2173
f 2020 2173 2030
f 2020 2030 2026
f 2021 2062 2061
f 2021 2061 2022
f 2022 2174 2023
f 2022 2061 2174
f 2023 2174 2172
f 2027 2175 2028
f 2027 2030 2175
f 2028 2176 2038
f 2028 2038 2029
f 2028 2175 2176
f 2030 2177 2175
f 2030 2173 2177
f 2031 2178 2032
f 2031 2034 2178
f 2032 2178 2035
f 2034 2037 2179
f 2034 2179 2180
f 2034 2180 2181
f 2034 2181 2182
f 2034 2182 2183
f 2034 2183 2184
f 2034 2184 2185
f 2034 2185 2186
f 2034 2186 2187
f 2034 2187 2178
f 2035 2178 2188
f 2035 2188 2036
f 2036 2188 2189
f 2036 2189 2190
f 2036 2190 2077
f 2036 2077 2039
f 2037 2038 2180
f 2037 2180 2179
f 2038 2176 2181
f 2038 2181 2180
f 2039 2077 2073
f 2042 2191 2192
f 2042 2192 2044
f 2044 2192 2046
f 2046 2193 2194
f 2046 2194 2047
f 2046 2192 2195
f 2046 2195 2193
f 2047 2194 2052
f 2048 2196 2197
f 2048 2197 2198
f 2048 2198 2199
f 2048 2199 2049
f 2048 2055 2054
f 2048 2054 2196
f 2049 2199 2050
f 2050 2199 2200
f 2050 2200 2056
f 2050 2056 2051
f 2052 2194 2201
f 2052 2201 2202
f 2052 2202 2053
f 2053 2202 2054
f 2054 2202 2203
f 2054 2203 2204
f 2054 2204 2205
f 2054 2205 2206
f 2054 2206 2196
f 2056 2200 2207
f 2056 2207 2208
f 2056 2208 2209
f 2056 2209 2210
f 2056 2210 2057
f 2057 2210 2058
f 2058 2210 2211
f 2058 2211 2212
f 2058 2212 2059
f 2059 2212 2213
f 2059 2213 2060
f 2060 2213 2061
f 2061 2213 2214
f 2061 2214 2174
f 2063 2076 2215
f 2063 2215 2069
f 2064 2216 2217
f 2064 2217 2066
f 2064 2066 2065
f 2064 2070 2218
f 2064 2218 2219
f 2064 2219 2220
f 2064 2220 2221
f 2064 2221 2216
f 2066 2217 2222
f 2066 2222 2223
f 2066 2223 2067
f 2067 2223 2224
f 2067 2224 2071
f 2067 2071 2068
f 2069 2215 2225
f 2069 2225 2070
f 2070 2225 2218
f 2071 2224 2072
f 2072 2224 2078
f 2074 2226 2227
f 2074 2227 2228
f 2074 2228 2075
f 2074 2077 2226
f 2075 2225 2076
f 2075 2228 2225
f 2076 2225 2215
f 2077 2190 2229
f 2077 2229 2226
f 2078 2224 2079
f 2079 2224 2230
f 2079 2230 2082
f 2080 2231 2081
f 2080 2085 2232
f 2080 2232 2231
f 2081 2231 2233
f 2081 2233 2234
f 2081 2234 2235
f 2081 2235 2088
f 2082 2230 2223
f 2082 2223 2236
f 2082 2236 2237
f 2082 2237 2083
f 2083 2237 2238
f 2083 2238 2239
f 2083 2239 2084
f 2084 2232 2085
f 2084 2239 2240
f 2084 2240 2232
f 2086 2089 2087
f 2086 2088 2235
f 2086 2235 2089
f 2089 2235 2234
f 2089 2234 2241
f 2089 2241 2242
f 2089 2242 2090
f 2090 2242 2091
f 2091 2243 2092
f 2091 2242 2243
f 2092 2099 2098
f 2092 2098 2093
f 2092 2243 2244
f 2092 2244 2099
f 2095 2107 2096
f 2096 2121 2119
f 2096 2119 2097
f 2096 2107 2245
f 2096 2245 2121
f 2099 2244 2100
f 2100 2244 2246
f 2100 2246 2247
f 2100 2247 2102
f 2100 2102 2248
f 2100 2248 2101
f 2101 2248 2102
f 2102 2247 2249
f 2102 2249 2104
f 2103 2250 2108
f 2103 2104 2250
f 2104 2249 2251
f 2104 2251 2250
f 2107 2109 2255
f 2107 2255 2245
f 2108 2252 2253
f 2108 2253 2109
f 2108 2250 2251
f 2108 2251 2254
f 2108 2254 2252
f 2109 2253 2255
f 2111 2256 2150
f 2111 2114 2256
f 2113 2117 2257
f 2113 2257 2258
f 2113 2258 2114
f 2114 2258 2259
f 2114 2259 2260
f 2114 2260 2261
f 2114 2261 2256
f 2115 2125 2116
f 2116 2125 2118
f 2117 2118 2262
f 2117 2262 2263
f 2117 2263 2257
f 2118 2124 2264
f 2118 2264 2265
f 2118 2265 2262
f 2118 2125 2124
f 2120 2264 2124
f 2120 2123 2266
f 2120 2266 2264
f 2121 2245 2122
f 2122 2267 2266
f 2122 2266 2123
f 2122 2245 2268
f 2122 2268 2269
f 2122 2269 2267
f 2127 2270 2271
f 2127 2271 2128
f 2127 2131 2272
f 2127 2272 2273
f 2127 2273 2270
f 2128 2271 2274
f 2128 2274 2137
f 2128 2137 2129
f 2130 2132 2151
f 2130 2151 2131
f 2131 2151 2272
f 2133 2137 2275
f 2133 2275 2134
f 2134 2276 2277
f 2134 2277 2278
f 2134 2278 2279
f 2134 2279 2136
f 2134 2136 2135
f 2134 2275 2280
f 2134 2280 2276
f 2136 2279 2278
f 2136 2278 2281
f 2136 2281 2140
f 2137 2274 2275
f 2140 2281 2141
f 2141 2281 2278
f 2141 2278 2282
f 2141 2282 2283
f 2141 2283 2284
f 2141 2284 2142
f 2142 2284 2285
f 2142 2285 2286
f 2142 2286 2287
f 2142 2287 2143
f 2143 2287 2288
f 2143 2288 2144
f 2144 2288 2146
f 2146 2288 2147
f 2147 2288 2289
f 2147 2289 2153
f 2148 2150 2290
f 2148 2290 2291
f 2148 2291 2292
f 2148 2292 2151
f 2148 2151 2149
f 2150 2256 2290
f 2151 2292 2272
f 2152 2153 2293
f 2153 2294 2293
f 2153 2289 2294
f 2158 2295 2159
f 2159 2295 2161
f 2159 2161 2160
f 2161 2295 2162
f 2162 2296 2297
f 2162 2297 2298
f 2162 2298 2164
f 2162 2164 2163
f 2162 2295 2296
f 2164 2298 2299
f 2164 2299 2165
f 2170 2172 2171
f 2171 2172 2300
f 2171 2300 2173
f 2172 2174 2301
f 2172 2301 2300
f 2173 2300 2302
f 2173 2302 2177
f 2174 2214 2301
f 2175 2303 2176
f 2175 2177 2303
f 2176 2303 2304
f 2176 2304 2305
f 2176 2305 2181
f 2177 2302 2306
f 2177 2306 2307
f 2177 2307 2308
f 2177 2308 2304
f 2177 2304 2303
f 2178 2309 2188
f 2178 2187 2309
f 2181 2305 2182
f 2182 2310 2311
f 2182 2311 2183
f 2182 2305 2304
f 2182 2304 2308
f 2182 2308 2312
f 2182 2312 2310
f 2183 2313 2314
f 2183 2314 2184
f 2183 2311 2313
f 2184 2314 2315
f 2184 2315 2316
f 2184 2316 2185
f 2185 2316 2317
f 2185 2317 2186
f 2186 2317 2318
f 2186 2318 2309
f 2186 2309 2187
f 2188 2309 2189
f 2189 2229 2190
f 2189 2309 2229
f 2191 2319 2320
f 2191 2320 2321
f 2191 2321 2192
f 2192 2321 2195
f 2193 2201 2194
f 2193 2195 2322
f 2193 2322 2201
f 2195 2320 2322
f 2195 2321 2320
f 2196 2323 2197
f 2196 2206 2323
f 2197 2324 2325
f 2197 2325 2198
f 2197 2323 2326
f 2197 2326 2324
f 2198 2325 2327
f 2198 2327 2199
f 2199 2327 2200
f 2200 2327 2207
f 2201 2322 2320
f 2201 2320 2203
f 2201 2203 2202
f 2203 2320 2319
f 2203 2319 2328
f 2203 2328 2329
f 2203 2329 2330
f 2203 2330 2204
f 2204 2331 2205
f 2204 2330 2332
f 2204 2332 2333
f 2204 2333 2334
f 2204 2334 2335
f 2204 2335 2336
f 2204 2336 2331
f 2205 2331 2336
f 2205 2336 2337
f 2205 2337 2338
f 2205 2338 2339
f 2205 2339 2323
f 2205 2323 2206
f 2207 2327 2325
f 2207 2325 2340
f 2207 2340 2341
f 2207 2341 2208
f 2208 2341 2342
f 2208 2342 2209
f 2209 2342 2341
f 2209 2341 2343
f 2209 2343 2344
f 2209 2344 2210
f 2210 2344 2345
f 2210 2345 2346
f 2210 2346 2211
f 2211 2346 2212
f 2212 2214 2213
f 2212 2346 2345
f 2212 2345 2300
f 2212 2300 2301
f 2212 2301 2214
f 2216 2347 2348
f 2216 2348 2222
f 2216 2222 2217
f 2216 2221 2349
f 2216 2349 2350
f 2216 2350 2347
f 2218 2225 2219
f 2219 2351 2220
f 2219 2225 2352
f 2219 2352 2353
f 2219 2353 2354
f 2219 2354 2355
f 2219 2355 2351
f 2220 2351 2349
f 2220 2349 2221
f 2222 2348 2237
f 2222 2237 2223
f 2223 2237 2236
f 2223 2230 2224
f 2225 2228 2353
f 2225 2353 2352
f 2226 2356 2357
f 2226 2357 2227
f 2226 2229 2358
f 2226 2358 2359
f 2226 2359 2356
f 2227 2360 2353
f 2227 2353 2228
f 2227 2357 2360
f 2229 2309 2358
f 2231 2361 2233
f 2231 2232 2362
f 2231 2362 2361
f 2232 2240 2362
f 2233 2361 2363
f 2233 2363 2364
f 2233 2364 2365
f 2233 2365 2366
f 2233 2366 2367
f 2233 2367 2234
f 2234 2368 2374
f 2234 2374 2241
f 2234 2367 2368
f 2237 2348 2369
f 2237 2369 2238
f 2238 2369 2370
f 2238 2370 2371
f 2238 2371 2239
f 2239 2371 2240
f 2240 2371 2372
f 2240 2372 2373
f 2240 2373 2362
f 2241 2374 2246
f 2241 2246 2242
f 2242 2246 2244
f 2242 2244 2243
f 2245 2255 2268
f 2246 2374 2247
f 2247 2374 2249
f 2249 2374 2368
f 2249 2368 2375
f 2249 2375 2376
f 2249 2376 2377
f 2249 2377 2251
f 2251 2377 2378
f 2251 2378 2254
f 2252 2254 2378
f 2252 2378 2379
f 2252 2379 2380
f 2252 2380 2381
f 2252 2381 2382
f 2252 2382 2383
f 2252 2383 2384
f 2252 2384 2253
f 2253 2385 2255
f 2253 2384 2386
f 2253 2386 2385
f 2255 2387 2268
f 2255 2385 2388
f 2255 2388 2389
f 2255 2389 2390
f 2255 2390 2387
f 2256 2261 2391
f 2256 2391 2290
f 2257 2263 2392
f 2257 2392 2258
f 2258 2392 2393
f 2258 2393 2394
f 2258 2394 2395
f 2258 2395 2259
f 2259 2395 2260
f 2260 2396 2261
f 2260 2395 2397
f 2260 2397 2396
f 2261 2396 2398
f 2261 2398 2391
f 2262 2265 2399
f 2262 2399 2263
f 2263 2399 2400
f 2263 2400 2401
f 2263 2401 2392
f 2264 2266 2402
f 2264 2402 2265
f 2265 2403 2400
f 2265 2400 2399
f 2265 2402 2404
f 2265 2404 2405
f 2265 2405 2406
f 2265 2406 2403
f 2266 2267 2407
f 2266 2407 2402
f 2267 2269 2408
f 2267 2408 2409
f 2267 2409 2410
f 2267 2410 2407
f 2268 2387 2411
f 2268 2411 2269
f 2269 2411 2408
f 2270 2273 2412
f 2270 2412 2413
f 2270 2413 2414
f 2270 2414 2415
f 2270 2415 2271
f 2271 2415 2274
f 2272 2412 2273
f 2272 2292 2291
f 2272 2291 2416
f 2272 2416 2417
f 2272 2417 2412
f 2274 2415 2280
f 2274 2280 2275
f 2276 2280 2277
f 2277 2418 2278
f 2277 2280 2419
f 2277 2419 2418
f 2278 2418 2283
f 2278 2283 2282
f 2280 2415 2420
f 2280 2420 2419
f 2283 2421 2422
f 2283 2422 2284
f 2283 2418 2423
f 2283 2423 2424
f 2283 2424 2421
f 2284 2425 2285
f 2285 2425 2426
f 2285 2426 2286
f 2286 2426 2427
f 2286 2427 2287
f 2287 2427 2288
f 2290 2391 2428
f 2290 2428 2429
f 2290 2429 2291
f 2291 2429 2428
f 2291 2428 2430
f 2291 2430 2416
f 2300 2345 2302
f 2302 2345 2431
f 2302 2431 2343
f 2302 2343 2432
f 2302 2432 2433
f 2302 2433 2434
f 2302 2434 2435
f 2302 2435 2436
f 2302 2436 2437
f 2302 2437 2438
f 2302 2438 2439
f 2302 2439 2306
f 2306 2439 2440
f 2306 2440 2307
f 2307 2440 2312
f 2307 2312 2308
f 2309 2318 2441
f 2309 2441 2442
f 2309 2442 2443
f 2309 2443 2444
f 2309 2444 2358
f 2310 2445 2446
f 2310 2446 2311
f 2310 2312 2447
f 2310 2447 2448
f 2310 2448 2445
f 2311 2446 2449
f 2311 2449 2313
f 2312 2440 2447
f 2313 2449 2446
f 2313 2446 2450
f 2313 2450 2451
f 2313 2451 2315
f 2313 2315 2314
f 2315 2451 2316
f 2316 2451 2452
f 2316 2452 2453
f 2316 2453 2317
f 2317 2453 2318
f 2318 2453 2454
f 2318 2454 2441
f 2323 2339 2455
f 2323 2455 2456
f 2323 2456 2326
f 2324 2326 2325
f 2325 2326 2457
f 2325 2457 2458
f 2325 2458 2459
f 2325 2459 2460
f 2325 2460 2461
f 2325 2461 2462
f 2325 2462 2463
f 2325 2463 2341
f 2325 2341 2340
f 2326 2456 2464
f 2326 2464 2465
f 2326 2465 2457
f 2333 2466 2334
f 2334 2466 2335
f 2335 2466 2336
f 2336 2467 2338
f 2336 2338 2337
f 2338 2467 2468
f 2338 2468 2455
f 2338 2455 2339
f 2341 2463 2469
f 2341 2469 2470
f 2341 2470 2432
f 2341 2432 2343
f 2343 2431 2345
f 2343 2345 2344
f 2347 2350 2471
f 2347 2471 2472
f 2347 2472 2370
f 2347 2370 2369
f 2347 2369 2348
f 2349 2351 2350
f 2350 2351 2473
f 2350 2473 2474
f 2350 2474 2471
f 2351 2355 2475
f 2351 2475 2473
f 2353 2360 2476
f 2353 2476 2477
f 2353 2477 2478
f 2353 2478 2354
f 2354 2478 2355
f 2355 2478 2479
f 2355 2479 2475
f 2356 2480 2357
f 2356 2359 2481
f 2356 2481 2480
f 2357 2476 2360
f 2357 2480 2482
f 2357 2482 2483
f 2357 2483 2484
f 2357 2484 2476
f 2358 2444 2485
f 2358 2485 2359
f 2359 2485 2481
f 2361 2362 2363
f 2362 2373 2364
f 2362 2364 2363
f 2364 2486 2365
f 2364 2373 2487
f 2364 2487 2486
f 2365 2486 2366
f 2366 2488 2368
f 2366 2368 2367
f 2366 2486 2488
f 2368 2488 2375
f 2370 2489 2371
f 2370 2472 2490
f 2370 2490 2489
f 2371 2489 2372
f 2372 2491 2492
f 2372 2492 2493
f 2372 2493 2487
f 2372 2487 2373
f 2372 2489 2494
f 2372 2494 2491
f 2375 2488 2376
f 2376 2488 2495
f 2376 2495 2377
f 2377 2495 2496
f 2377 2496 2497
f 2377 2497 2498
f 2377 2498 2378
f 2378 2498 2499
f 2378 2499 2381
f 2378 2381 2379
f 2379 2381 2380
f 2381 2500 2383
f 2381 2383 2382
f 2381 2499 2501
f 2381 2501 2502
f 2381 2502 2503
f 2381 2503 2504
f 2381 2504 2500
f 2383 2505 2386
f 2383 2386 2384
f 2383 2500 2505
f 2385 2386 2506
f 2385 2506 2507
f 2385 2507 2508
f 2385 2508 2388
f 2386 2505 2506
f 2387 2390 2411
f 2388 2508 2389
f 2389 2509 2510
f 2389 2510 2511
f 2389 2511 2390
f 2389 2508 2512
f 2389 2512 2513
f 2389 2513 2514
f 2389 2514 2515
f 2389 2515 2516
f 2389 2516 2509
f 2390 2511 2411
f 2391 2398 2517
f 2391 2517 2428
f 2392 2401 2403
f 2392 2403 2518
f 2392 2518 2393
f 2393 2518 2519
f 2393 2519 2520
f 2393 2520 2521
f 2393 2521 2394
f 2394 2521 2395
f 2395 2521 2397
f 2396 2522 2517
f 2396 2517 2398
f 2396 2397 2523
f 2396 2523 2524
f 2396 2524 2522
f 2397 2521 2525
f 2397 2525 2523
f 2400 2403 2401
f 2402 2407 2410
f 2402 2410 2404
f 2403 2406 2526
f 2403 2526 2527
f 2403 2527 2518
f 2404 2528 2529
f 2404 2529 2405
f 2404 2410 2530
f 2404 2530 2531
f 2404 2531 2532
f 2404 2532 2533
f 2404 2533 2534
f 2404 2534 2535
f 2404 2535 2528
f 2405 2529 2406
f 2406 2529 2526
f 2408 2411 2536
f 2408 2536 2409
f 2409 2536 2410
f 2410 2536 2537
f 2410 2537 2530
f 2411 2511 2536
f 2412 2417 2538
f 2412 2538 2413
f 2413 2538 2539
f 2413 2539 2540
f 2413 2540 2541
f 2413 2541 2542
f 2413 2542 2414
f 2414 2542 2420
f 2414 2420 2415
f 2416 2430 2428
f 2416 2428 2417
f 2417 2539 2538
f 2417 2428 2543
f 2417 2543 2539
f 2418 2419 2544
f 2418 2544 2423
f 2419 2420 2544
f 2420 2542 2545
f 2420 2545 2546
f 2420 2546 2547
f 2420 2547 2544
f 2421 2424 2423
f 2421 2423 2548
f 2423 2544 2547
f 2423 2547 2548
f 2428 2549 2550
f 2428 2550 2551
f 2428 2551 2552
f 2428 2552 2553
f 2428 2553 2554
f 2428 2554 2555
f 2428 2555 2556
f 2428 2556 2543
f 2428 2517 2557
f 2428 2557 2549
f 2432 2470 2558
f 2432 2558 2434
f 2432 2434 2433
f 2434 2559 2435
f 2434 2558 2560
f 2434 2560 2559
f 2435 2559 2561
f 2435 2561 2562
f 2435 2562 2437
f 2435 2437 2436
f 2437 2562 2438
f 2438 2562 2563
f 2438 2563 2564
f 2438 2564 2565
f 2438 2565 2566
f 2438 2566 2567
f 2438 2567 2568
f 2438 2568 2569
f 2438 2569 2439
f 2439 2569 2568
f 2439 2568 2440
f 2440 2568 2447
f 2441 2454 2442
f 2442 2570 2444
f 2442 2444 2443
f 2442 2454 2451
f 2442 2451 2571
f 2442 2571 2570
f 2444 2570 2485
f 2445 2448 2568
f 2445 2568 2572
f 2445 2572 2573
f 2445 2573 2574
f 2445 2574 2575
f 2445 2575 2446
f 2446 2575 2451
f 2446 2451 2450
f 2447 2568 2448
f 2451 2576 2577
f 2451 2577 2571
f 2451 2454 2452
f 2451 2575 2578
f 2451 2578 2576
f 2452 2454 2453
f 2455 2464 2456
f 2455 2468 2464
f 2457 2465 2458
f 2458 2465 2579
f 2458 2579 2459
f 2459 2579 2580
f 2459 2580 2581
f 2459 2581 2461
f 2459 2461 2460
f 2461 2582 2583
f 2461 2583 2584
f 2461 2584 2585
f 2461 2585 2462
f 2461 2581 2582
f 2462 2585 2463
f 2463 2585 2584
f 2463 2584 2586
f 2463 2586 2469
f 2464 2468 2465
f 2465 2587 2588
f 2465 2588 2589
f 2465 2589 2579
f 2465 2468 2590
f 2465 2590 2591
f 2465 2591 2592
f 2465 2592 2587
f 2467 2593 2468
f 2468 2594 2590
f 2468 2593 2595
f 2468 2595 2594
f 2469 2586 2470
f 2470 2560 2558
f 2470 2586 2561
f 2470 2561 2559
f 2470 2559 2560
f 2471 2596 2472
f 2471 2474 2597
f 2471 2597 2598
f 2471 2598 2596
f 2472 2596 2599
f 2472 2599 2490
f 2473 2475 2600
f 2473 2600 2597
f 2473 2597 2474
f 2475 2479 2601
f 2475 2601 2600
f 2476 2484 2602
f 2476 2602 2603
f 2476 2603 2477
f 2477 2603 2478
f 2478 2603 2604
f 2478 2604 2479
f 2479 2604 2605
f 2479 2605 2601
f 2480 2481 2485
f 2480 2485 2482
f 2482 2485 2606
f 2482 2606 2607
f 2482 2607 2483
f 2483 2607 2608
f 2483 2608 2484
f 2484 2608 2602
f 2485 2570 2609
f 2485 2609 2606
f 2486 2487 2610
f 2486 2610 2488
f 2487 2493 2611
f 2487 2611 2610
f 2488 2610 2495
f 2489 2490 2599
f 2489 2599 2612
f 2489 2612 2494
f 2491 2494 2613
f 2491 2613 2492
f 2492 2613 2614
f 2492 2614 2611
f 2492 2611 2493
f 2494 2612 2599
f 2494 2599 2615
f 2494 2615 2613
f 2495 2610 2496
f 2496 2610 2616
f 2496 2616 2497
f 2497 2616 2617
f 2497 2617 2498
f 2498 2617 2501
f 2498 2501 2499
f 2500 2618 2505
f 2500 2504 2619
f 2500 2619 2620
f 2500 2620 2621
f 2500 2621 2622
f 2500 2622 2618
f 2501 2617 2503
f 2501 2503 2502
f 2503 2617 2616
f 2503 2616 2623
f 2503 2623 2624
f 2503 2624 2504
f 2504 2625 2626
f 2504 2626 2619
f 2504 2624 2627
f 2504 2627 2628
f 2504 2628 2625
f 2505 2629 2506
f 2505 2618 2629
f 2506 2629 2630
f 2506 2630 2507
f 2507 2630 2514
f 2507 2514 2512
f 2507 2512 2508
f 2509 2516 2510
f 2510 2631 2632
f 2510 2632 2511
f 2510 2516 2631
f 2511 2632 2633
f 2511 2633 2536
f 2512 2514 2513
f 2514 2634 2635
f 2514 2635 2636
f 2514 2636 2637
f 2514 2637 2516
f 2514 2516 2515
f 2514 2630 2638
f 2514 2638 2634
f 2516 2637 2639
f 2516 2639 2640
f 2516 2640 2641
f 2516 2641 2631
f 2517 2522 2524
f 2517 2524 2557
f 2518 2527 2642
f 2518 2642 2643
f 2518 2643 2644
f 2518 2644 2519
f 2519 2645 2525
f 2519 2525 2520
f 2519 2644 2645
f 2520 2525 2521
f 2523 2646 2524
f 2523 2525 2647
f 2523 2647 2646
f 2524 2646 2648
f 2524 2648 2649
f 2524 2649 2650
f 2524 2650 2651
f 2524 2651 2652
f 2524 2652 2550
f 2524 2550 2549
f 2524 2549 2557
f 2525 2645 2653
f 2525 2653 2654
f 2525 2654 2655
f 2525 2655 2647
f 2526 2529 2656
f 2526 2656 2527
f 2527 2656 2657
f 2527 2657 2642
f 2528 2535 2529
f 2529 2535 2658
f 2529 2658 2659
f 2529 2659 2660
f 2529 2660 2656
f 2530 2537 2633
f 2530 2633 2661
f 2530 2661 2531
f 2531 2661 2532
f 2532 2661 2662
f 2532 2662 2663
f 2532 2663 2534
f 2532 2534 2533
f 2534 2663 2664
f 2534 2664 2535
f 2535 2664 2665
f 2535 2665 2659
f 2535 2659 2658
f 2536 2633 2537
f 2539 2543 2666
f 2539 2666 2667
f 2539 2667 2540
f 2540 2668 2669
f 2540 2669 2541
f 2540 2667 2670
f 2540 2670 2671
f 2540 2671 2668
f 2541 2669 2672
f 2541 2672 2542
f 2542 2672 2545
f 2543 2556 2666
f 2545 2673 2674
f 2545 2674 2546
f 2545 2672 2668
f 2545 2668 2673
f 2546 2674 2547
f 2547 2674 2675
f 2547 2675 2548
f 2550 2652 2551
f 2551 2553 2552
f 2551 2652 2553
f 2553 2676 2677
f 2553 2677 2678
f 2553 2678 2555
f 2553 2555 2554
f 2553 2652 2679
f 2553 2679 2680
f 2553 2680 2676
f 2555 2681 2682
f 2555 2682 2556
f 2555 2678 2681
f 2556 2682 2666
f 2561 2564 2683
f 2561 2683 2562
f 2561 2586 2564
f 2562 2683 2563
f 2563 2683 2564
f 2564 2684 2685
f 2564 2685 2565
f 2564 2586 2584
f 2564 2584 2686
f 2564 2686 2684
f 2565 2685 2687
f 2565 2687 2688
f 2565 2688 2689
f 2565 2689 2566
f 2566 2689 2567
f 2567 2689 2568
f 2568 2689 2690
f 2568 2690 2573
f 2568 2573 2572
f 2570 2691 2692
f 2570 2692 2609
f 2570 2571 2576
f 2570 2576 2691
f 2571 2577 2576
f 2573 2693 2694
f 2573 2694 2695
f 2573 2695 2696
f 2573 2696 2574
f 2573 2690 2689
f 2573 2689 2697
f 2573 2697 2693
f 2574 2696 2578
f 2574 2578 2575
f 2576 2698 2699
f 2576 2699 2692
f 2576 2692 2691
f 2576 2578 2696
f 2576 2696 2695
f 2576 2695 2694
f 2576 2694 2698
f 2579 2589 2580
f 2580 2589 2700
f 2580 2700 2581
f 2581 2700 2582
f 2582 2700 2701
f 2582 2701 2686
f 2582 2686 2583
f 2583 2686 2584
f 2587 2592 2588
f 2588 2702 2703
f 2588 2703 2704
f 2588 2704 2705
f 2588 2705 2706
f 2588 2706 2589
f 2588 2592 2707
f 2588 2707 2708
f 2588 2708 2702
f 2589 2706 2700
f 2590 2594 2709
f 2590 2709 2591
f 2591 2709 2592
f 2592 2709 2710
f 2592 2710 2711
f 2592 2711 2707
f 2594 2595 2712
f 2594 2712 2713
f 2594 2713 2709
f 2596 2598 2714
f 2596 2714 2715
f 2596 2715 2716
f 2596 2716 2599
f 2597 2717 2718
f 2597 2718 2598
f 2597 2600 2719
f 2597 2719 2717
f 2598 2718 2720
f 2598 2720 2714
f 2599 2716 2721
f 2599 2721 2722
f 2599 2722 2615
f 2600 2601 2719
f 2601 2605 2723
f 2601 2723 2724
f 2601 2724 2725
f 2601 2725 2719
f 2602 2608 2603
f 2603 2608 2726
f 2603 2726 2727
f 2603 2727 2728
f 2603 2728 2729
f 2603 2729 2604
f 2604 2729 2723
f 2604 2723 2605
f 2606 2730 2607
f 2606 2609 2692
f 2606 2692 2731
f 2606 2731 2730
f 2607 2732 2608
f 2607 2730 2732
f 2608 2732 2733
f 2608 2733 2734
f 2608 2734 2727
f 2608 2727 2726
f 2610 2611 2623
f 2610 2623 2616
f 2611 2614 2735
f 2611 2735 2623
f 2613 2615 2736
f 2613 2736 2614
f 2614 2737 2738
f 2614 2738 2624
f 2614 2624 2735
f 2614 2736 2737
f 2615 2722 2736
f 2618 2622 2739
f 2618 2739 2740
f 2618 2740 2630
f 2618 2630 2629
f 2619 2626 2620
f 2620 2626 2741
f 2620 2741 2621
f 2621 2742 2739
f 2621 2739 2743
f 2621 2743 2622
f 2621 2741 2744
f 2621 2744 2742
f 2622 2743 2739
f 2623 2735 2624
f 2624 2738 2737
f 2624 2737 2627
f 2625 2628 2745
f 2625 2745 2626
f 2626 2745 2746
f 2626 2746 2747
f 2626 2747 2748
f 2626 2748 2741
f 2627 2737 2628
f 2628 2737 2749
f 2628 2749 2745
f 2630 2740 2638
f 2631 2750 2751
f 2631 2751 2752
f 2631 2752 2753
f 2631 2753 2663
f 2631 2663 2662
f 2631 2662 2661
f 2631 2661 2633
f 2631 2633 2632
f 2631 2641 2754
f 2631 2754 2755
f 2631 2755 2756
f 2631 2756 2757
f 2631 2757 2750
f 2634 2638 2740
f 2634 2740 2758
f 2634 2758 2759
f 2634 2759 2635
f 2635 2759 2636
f 2636 2639 2637
f 2636 2759 2760
f 2636 2760 2639
f 2639 2761 2762
f 2639 2762 2640
f 2639 2760 2761
f 2640 2755 2641
f 2640 2762 2761
f 2640 2761 2763
f 2640 2763 2764
f 2640 2764 2755
f 2641 2755 2754
f 2642 2657 2643
f 2643 2657 2765
f 2643 2765 2766
f 2643 2766 2644
f 2644 2767 2645
f 2644 2766 2768
f 2644 2768 2767
f 2645 2767 2769
f 2645 2769 2770
f 2645 2770 2653
f 2646 2647 2655
f 2646 2655 2648
f 2648 2655 2771
f 2648 2771 2649
f 2649 2771 2772
f 2649 2772 2773
f 2649 2773 2680
f 2649 2680 2774
f 2649 2774 2650
f 2650 2774 2651
f 2651 2774 2652
f 2652 2774 2679
f 2653 2770 2775
f 2653 2775 2776
f 2653 2776 2654
f 2654 2776 2655
f 2655 2776 2777
f 2655 2777 2771
f 2656 2660 2778
f 2656 2778 2657
f 2657 2778 2779
f 2657 2779 2765
f 2659 2780 2900
f 2659 2900 2781
f 2659 2781 2782
f 2659 2782 2778
f 2659 2778 2660
f 2659 2665 2780
f 2663 2753 2752
f 2663 2752 2751
f 2663 2751 2664
f 2664 2751 2665
f 2665 2751 2783
f 2665 2783 2780
f 2666 2682 2667
f 2667 2682 2670
f 2668 2672 2669
f 2668 2671 2784
f 2668 2784 2785
f 2668 2785 2786
f 2668 2786 2673
f 2670 2682 2681
f 2670 2681 2787
f 2670 2787 2671
f 2671 2787 2788
f 2671 2788 2789
f 2671 2789 2790
f 2671 2790 2791
f 2671 2791 2784
f 2673 2792 2674
f 2674 2792 2793
f 2674 2793 2675
f 2676 2794 2677
f 2676 2680 2795
f 2676 2795 2794
f 2677 2794 2796
f 2677 2796 2797
f 2677 2797 2798
f 2677 2798 2787
f 2677 2787 2681
f 2677 2681 2678
f 2679 2774 2680
f 2680 2773 2799
f 2680 2799 2795
f 2684 2686 2800
f 2684 2800 2801
f 2684 2801 2802
f 2684 2802 2803
f 2684 2803 2804
f 2684 2804 2688
f 2684 2688 2805
f 2684 2805 2685
f 2685 2805 2687
f 2686 2701 2806
f 2686 2806 2807
f 2686 2807 2808
f 2686 2808 2809
f 2686 2809 2810
f 2686 2810 2800
f 2687 2805 2688
f 2688 2804 2803
f 2688 2803 2811
f 2688 2811 2812
f 2688 2812 2813
f 2688 2813 2814
f 2688 2814 2815
f 2688 2815 2697
f 2688 2697 2689
f 2692 2816 2817
f 2692 2817 2818
f 2692 2818 2819
f 2692 2819 2820
f 2692 2820 2733
f 2692 2733 2731
f 2692 2699 2821
f 2692 2821 2822
f 2692 2822 2816
f 2693 2697 2815
f 2693 2815 2814
f 2693 2814 2823
f 2693 2823 2694
f 2694 2823 2824
f 2694 2824 2825
f 2694 2825 2698
f 2698 2826 2699
f 2698 2825 2826
f 2699 2826 2821
f 2700 2806 2701
f 2700 2706 2705
f 2700 2705 2827
f 2700 2827 2806
f 2702 2828 2829
f 2702 2829 2830
f 2702 2830 2831
f 2702 2831 2832
f 2702 2832 2703
f 2702 2708 2833
f 2702 2833 2834
f 2702 2834 2828
f 2703 2835 2704
f 2703 2832 2836
f 2703 2836 2837
f 2703 2837 2838
f 2703 2838 2839
f 2703 2839 2835
f 2704 2835 2840
f 2704 2840 2806
f 2704 2806 2705
f 2705 2806 2827
f 2707 2711 2708
f 2708 2711 2833
f 2709 2713 2841
f 2709 2841 2710
f 2710 2841 2842
f 2710 2842 2711
f 2711 2843 2833
f 2711 2842 2843
f 2712 2844 2713
f 2713 2845 2846
f 2713 2846 2841
f 2713 2844 2845
f 2714 2720 2715
f 2715 2847 2848
f 2715 2848 2849
f 2715 2849 2850
f 2715 2850 2721
f 2715 2721 2716
f 2715 2720 2718
f 2715 2718 2851
f 2715 2851 2852
f 2715 2852 2847
f 2717 2719 2725
f 2717 2725 2718
f 2718 2853 2854
f 2718 2854 2855
f 2718 2855 2851
f 2718 2725 2856
f 2718 2856 2857
f 2718 2857 2858
f 2718 2858 2853
f 2721 2850 2722
f 2722 2850 2736
f 2723 2729 2859
f 2723 2859 2860
f 2723 2860 2724
f 2724 2860 2725
f 2725 2860 2861
f 2725 2861 2856
f 2727 2734 2733
f 2727 2733 2862
f 2727 2862 2819
f 2727 2819 2863
f 2727 2863 2728
f 2728 2863 2729
f 2729 2863 2864
f 2729 2864 2859
f 2730 2731 2865
f 2730 2865 2866
f 2730 2866 2732
f 2731 2733 2865
f 2732 2866 2733
f 2733 2820 2819
f 2733 2819 2862
f 2733 2866 2865
f 2736 2850 2867
f 2736 2867 2868
f 2736 2868 2737
f 2737 2868 2869
f 2737 2869 2749
f 2739 2742 2740
f 2740 2742 2758
f 2741 2748 2744
f 2742 2744 2870
f 2742 2870 2758
f 2744 2748 2871
f 2744 2871 2870
f 2745 2749 2872
f 2745 2872 2746
f 2746 2872 2873
f 2746 2873 2747
f 2747 2874 2875
f 2747 2875 2876
f 2747 2876 2877
f 2747 2877 2871
f 2747 2871 2748
f 2747 2873 2874
f 2749 2869 2872
f 2750 2757 2878
f 2750 2878 2751
f 2751 2878 2879
f 2751 2879 2880
f 2751 2880 2783
f 2755 2881 2757
f 2755 2757 2756
f 2755 2764 2881
f 2757 2881 2882
f 2757 2882 2878
f 2758 2870 2883
f 2758 2883 2884
f 2758 2884 2885
f 2758 2885 2759
f 2759 2885 2886
f 2759 2886 2887
f 2759 2887 2888
f 2759 2888 2760
f 2760 2888 2761
f 2761 2889 2763
f 2761 2888 2889
f 2763 2889 2890
f 2763 2890 2891
f 2763 2891 2764
f 2764 2891 2892
f 2764 2892 2881
f 2765 2779 2766
f 2766 2893 2768
f 2766 2779 2894
f 2766 2894 2893
f 2767 2768 2769
f 2768 2895 2769
f 2768 2893 2895
f 2769 2895 2770
f 2770 2895 2775
f 2771 2777 2896
f 2771 2896 2772
f 2772 2896 2897
f 2772 2897 2773
f 2773 2897 2898
f 2773 2898 2799
f 2775 2895 2899
f 2775 2899 2776
f 2776 2899 2896
f 2776 2896 2777
f 2778 2782 2779
f 2779 2782 2781
f 2779 2781 2894
f 2780 2783 2901
f 2780 2901 2902
f 2780 2902 2900
f 2781 2900 3011
f 2781 3011 2894
f 2783 2880 2901
f 2784 2791 2785
f 2787 2798 2788
f 2788 2903 2789
f 2788 2798 2903
f 2789 2903 2904
f 2789 2904 2905
f 2789 2905 2790
f 2794 2795 2796
f 2795 2799 2906
f 2795 2906 2796
f 2796 2907 2908
f 2796 2908 2797
f 2796 2906 2907
f 2797 2908 2798
f 2798 2908 2903
f 2799 2898 2909
f 2799 2909 2910
f 2799 2910 2906
f 2800 2810 2911
f 2800 2911 2912
f 2800 2912 2801
f 2801 2912 2802
f 2802 2912 2911
f 2802 2911 2913
f 2802 2913 2803
f 2803 2913 2914
f 2803 2914 2915
f 2803 2915 2812
f 2803 2812 2811
f 2806 2916 2917
f 2806 2917 2918
f 2806 2918 2807
f 2806 2840 2916
f 2807 2918 2808
f 2808 2918 2919
f 2808 2919 2809
f 2809 2920 2810
f 2809 2919 2918
f 2809 2918 2921
f 2809 2921 2920
f 2810 2920 2911
f 2812 2922 2923
f 2812 2923 2924
f 2812 2924 2925
f 2812 2925 2814
f 2812 2814 2813
f 2812 2915 2922
f 2814 2925 2824
f 2814 2824 2823
f 2816 2822 2926
f 2816 2926 2927
f 2816 2927 2817
f 2817 2927 2928
f 2817 2928 2929
f 2817 2929 2818
f 2818 2929 2819
f 2819 2929 2930
f 2819 2930 2863
f 2821 2826 2822
f 2822 2826 2931
f 2822 2931 2932
f 2822 2932 2933
f 2822 2933 2934
f 2822 2934 2935
f 2822 2935 2927
f 2822 2927 2926
f 2824 2932 2825
f 2824 2925 2932
f 2825 2932 2931
f 2825 2931 2826
f 2828 2834 2936
f 2828 2936 2829
f 2829 2936 2937
f 2829 2937 2938
f 2829 2938 2830
f 2830 2939 2831
f 2830 2938 2940
f 2830 2940 2941
f 2830 2941 2942
f 2830 2942 2943
f 2830 2943 2838
f 2830 2838 2939
f 2831 2939 2838
f 2831 2838 2837
f 2831 2837 2832
f 2832 2837 2836
f 2833 2843 2944
f 2833 2944 2945
f 2833 2945 2946
f 2833 2946 2834
f 2834 2946 2945
f 2834 2945 2947
f 2834 2947 2948
f 2834 2948 2949
f 2834 2949 2950
f 2834 2950 2951
f 2834 2951 2952
f 2834 2952 2953
f 2834 2953 2954
f 2834 2954 2955
f 2834 2955 2956
f 2834 2956 2957
f 2834 2957 2936
f 2835 2839 2916
f 2835 2916 2840
f 2838 2943 2958
f 2838 2958 2959
f 2838 2959 2960
f 2838 2960 2961
f 2838 2961 2916
f 2838 2916 2839
f 2841 2944 2842
f 2841 2846 2944
f 2842 2944 2843
f 2845 2962 2846
f 2846 2962 2963
f 2846 2963 2964
f 2846 2964 2944
f 2847 2965 2966
f 2847 2966 2848
f 2847 2852 2967
f 2847 2967 2965
f 2848 2966 2968
f 2848 2968 2867
f 2848 2867 2850
f 2848 2850 2849
f 2851 2855 2854
f 2851 2854 2852
f 2852 2854 2853
f 2852 2853 2969
f 2852 2969 2967
f 2853 2970 2971
f 2853 2971 2965
f 2853 2965 2969
f 2853 2858 2857
f 2853 2857 2972
f 2853 2972 2973
f 2853 2973 2970
f 2856 2861 2857
f 2857 2861 2974
f 2857 2974 2975
f 2857 2975 2976
f 2857 2976 2977
f 2857 2977 2978
f 2857 2978 2972
f 2859 2864 2979
f 2859 2979 2980
f 2859 2980 2860
f 2860 2981 2861
f 2860 2980 2981
f 2861 2981 2982
f 2861 2982 2974
f 2863 2930 2929
f 2863 2929 2864
f 2864 2929 2983
f 2864 2983 2979
f 2867 2968 2869
f 2867 2869 2868
f 2869 2968 2984
f 2869 2984 2873
f 2869 2873 2872
f 2870 2871 2877
f 2870 2877 2883
f 2873 2984 2874
f 2874 2984 2985
f 2874 2985 2986
f 2874 2986 2875
f 2875 2986 2987
f 2875 2987 2988
f 2875 2988 2876
f 2876 2989 2883
f 2876 2883 2877
f 2876 2988 2989
f 2878 2882 2990
f 2878 2990 2879
f 2879 2990 2880
f 2880 2991 2901
f 2880 2990 2991
f 2881 2892 2992
f 2881 2992 2882
f 2882 2993 2990
f 2882 2992 2994
f 2882 2994 2995
f 2882 2995 2996
f 2882 2996 2993
f 2883 2989 2885
f 2883 2885 2884
f 2885 2989 2997
f 2885 2997 2998
f 2885 2998 2886
f 2886 2998 2888
f 2886 2888 2887
f 2888 2998 2997
f 2888 2997 2999
f 2888 2999 3000
f 2888 3000 3001
f 2888 3001 3002
f 2888 3002 3003
f 2888 3003 3004
f 2888 3004 2889
f 2889 3005 3006
f 2889 3006 2995
f 2889 2995 2994
f 2889 2994 2890
f 2889 3004 3007
f 2889 3007 3008
f 2889 3008 3005
f 2890 2994 2891
f 2891 2994 2992
f 2891 2992 2892
f 2893 3009 2895
f 2893 2894 3010
f 2893 3010 3009
f 2894 3011 3110
f 2894 3110 3010
f 2895 3009 3012
f 2895 3012 3013
f 2895 3013 2899
f 2896 2899 3014
f 2896 3014 2897
f 2897 3014 3015
f 2897 3015 2898
f 2898 3015 2909
f 2899 3016 3015
f 2899 3015 3014
f 2899 3013 3012
f 2899 3012 3017
f 2899 3017 3016
f 2900 2902 3018
f 2900 3018 2991
f 2900 2991 3019
f 2900 3019 3020
f 2900 3020 3021
f 2900 3021 3011
f 2901 2991 2902
f 2902 2991 3018
f 2903 3022 2904
f 2903 2908 3023
f 2903 3023 3024
f 2903 3024 3022
f 2906 2910 3025
f 2906 3025 3026
f 2906 3026 3027
f 2906 3027 2907
f 2907 3028 3023
f 2907 3023 2908
f 2907 3027 3029
f 2907 3029 3028
f 2909 3015 3030
f 2909 3030 2910
f 2910 3030 3025
f 2911 2920 2921
f 2911 2921 2913
f 2913 2921 3031
f 2913 3031 3032
f 2913 3032 3033
f 2913 3033 2914
f 2914 3034 2922
f 2914 2922 2915
f 2914 3033 3032
f 2914 3032 3034
f 2916 2961 2917
f 2917 2961 2918
f 2918 2961 3035
f 2918 3035 3036
f 2918 3036 3037
f 2918 3037 3038
f 2918 3038 2921
f 2921 3038 3039
f 2921 3039 3034
f 2921 3034 3032
f 2921 3032 3031
f 2922 3034 3040
f 2922 3040 3041
f 2922 3041 2923
f 2923 3041 2934
f 2923 2934 2933
f 2923 2933 2924
f 2924 2933 2932
f 2924 2932 2925
f 2927 3042 3043
f 2927 3043 3044
f 2927 3044 2928
f 2927 2935 3042
f 2928 3044 3043
f 2928 3043 2929
f 2929 3043 2983
f 2934 3045 2935
f 2934 3041 3045
f 2935 3045 3042
f 2936 2957 2937
f 2937 2957 2956
f 2937 2956 3046
f 2937 3046 2955
f 2937 2955 3047
f 2937 3047 3048
f 2937 3048 2940
f 2937 2940 3049
f 2937 3049 2938
f 2938 3049 2940
f 2940 3048 3050
f 2940 3050 3051
f 2940 3051 3052
f 2940 3052 2941
f 2941 3052 3053
f 2941 3053 2958
f 2941 2958 2942
f 2942 2958 2943
f 2944 2964 3054
f 2944 3054 3055
f 2944 3055 2945
f 2945 3055 2947
f 2947 3055 2948
f 2948 3055 3054
f 2948 3054 2949
f 2953 3056 2954
f 2954 3056 3057
f 2954 3057 3058
f 2954 3058 2955
f 2955 3058 3059
f 2955 3059 3060
f 2955 3060 3061
f 2955 3061 3062
f 2955 3062 3047
f 2955 3046 2956
f 2958 3063 2959
f 2958 3053 3064
f 2958 3064 3063
f 2959 3063 3065
f 2959 3065 3066
f 2959 3066 3067
f 2959 3067 2960
f 2960 3067 2961
f 2961 3067 3035
f 2965 3068 3069
f 2965 3069 2966
f 2965 2967 2969
f 2965 2971 3068
f 2966 3069 2968
f 2968 3069 2985
f 2968 2985 2984
f 2970 2973 3070
f 2970 3070 3071
f 2970 3071 3068
f 2970 3068 2971
f 2972 2978 2973
f 2973 2978 2977
f 2973 2977 3072
f 2973 3072 3073
f 2973 3073 3074
f 2973 3074 3075
f 2973 3075 3070
f 2974 2982 2975
f 2975 3076 2976
f 2975 2982 3077
f 2975 3077 3078
f 2975 3078 3079
f 2975 3079 3080
f 2975 3080 3076
f 2976 3076 2977
f 2977 3076 3073
f 2977 3073 3072
f 2979 2983 3081
f 2979 3081 2980
f 2980 3081 3077
f 2980 3077 2981
f 2981 3077 2982
f 2983 3043 3082
f 2983 3082 3077
f 2983 3077 3081
f 2985 3069 3068
f 2985 3068 3071
f 2985 3071 2986
f 2986 3071 2987
f 2987 3071 3083
f 2987 3083 2988
f 2988 3083 2999
f 2988 2999 2997
f 2988 2997 2989
f 2990 2993 3084
f 2990 3084 3085
f 2990 3085 3086
f 2990 3086 2991
f 2991 3086 3087
f 2991 3087 3019
f 2993 2996 3089
f 2993 3089 3084
f 2995 3006 2996
f 2996 3006 3088
f 2996 3088 3089
f 2999 3083 3090
f 2999 3090 3000
f 3000 3090 3091
f 3000 3091 3092
f 3000 3092 3093
f 3000 3093 3094
f 3000 3094 3095
f 3000 3095 3001
f 3001 3095 3096
f 3001 3096 3002
f 3002 3096 3097
f 3002 3097 3098
f 3002 3098 3099
f 3002 3099 3100
f 3002 3100 3101
f 3002 3101 3003
f 3003 3101 3102
f 3003 3102 3004
f 3004 3102 3007
f 3005 3008 3103
f 3005 3103 3104
f 3005 3104 3006
f 3006 3105 3088
f 3006 3104 3106
f 3006 3106 3105
f 3007 3102 3107
f 3007 3107 3108
f 3007 3108 3008
f 3008 3108 3103
f 3009 3010 3109
f 3009 3109 3012
f 3010 3110 3111
f 3010 3111 3109
f 3011 3021 3112
f 3011 3112 3113
f 3011 3113 3110
f 3012 3109 3114
f 3012 3114 3115
f 3012 3115 3017
f 3015 3016 3030
f 3016 3116 3030
f 3016 3017 3115
f 3016 3115 3117
f 3016 3117 3116
f 3019 3087 3085
f 3019 3085 3118
f 3019 3118 3119
f 3019 3119 3120
f 3019 3120 3121
f 3019 3121 3021
f 3019 3021 3020
f 3021 3121 3122
f 3021 3122 3112
f 3025 3123 3026
f 3025 3030 3124
f 3025 3124 3125
f 3025 3125 3123
f 3026 3123 3027
f 3027 3123 3029
f 3029 3123 3126
f 3030 3116 3124
f 3034 3039 3127
f 3034 3127 3128
f 3034 3128 3129
f 3034 3129 3130
f 3034 3130 3131
f 3034 3131 3132
f 3034 3132 3041
f 3034 3041 3040
f 3035 3067 3133
f 3035 3133 3036
f 3036 3133 3134
f 3036 3134 3037
f 3037 3135 3136
f 3037 3136 3137
f 3037 3137 3138
f 3037 3138 3038
f 3037 3134 3135
f 3038 3138 3128
f 3038 3128 3139
f 3038 3139 3039
f 3039 3139 3127
f 3041 3132 3131
f 3041 3131 3045
f 3042 3131 3140
f 3042 3140 3043
f 3042 3045 3131
f 3043 3140 3141
f 3043 3141 3142
f 3043 3142 3082
f 3047 3062 3143
f 3047 3143 3144
f 3047 3144 3048
f 3048 3144 3145
f 3048 3145 3146
f 3048 3146 3050
f 3050 3146 3051
f 3051 3146 3052
f 3052 3146 3147
f 3052 3147 3148
f 3052 3148 3053
f 3053 3148 3064
f 3057 3149 3058
f 3058 3149 3059
f 3059 3149 3150
f 3059 3150 3060
f 3060 3150 3151
f 3060 3151 3152
f 3060 3152 3153
f 3060 3153 3154
f 3060 3154 3155
f 3060 3155 3062
f 3060 3062 3061
f 3062 3155 3156
f 3062 3156 3144
f 3062 3144 3143
f 3063 3064 3065
f 3064 3157 3065
f 3064 3148 3158
f 3064 3158 3159
f 3064 3159 3160
f 3064 3160 3161
f 3064 3161 3162
f 3064 3162 3163
f 3064 3163 3164
f 3064 3164 3165
f 3064 3165 3157
f 3065 3157 3166
f 3065 3166 3135
f 3065 3135 3066
f 3066 3134 3067
f 3066 3135 3134
f 3067 3134 3133
f 3070 3075 3071
f 3071 3075 3083
f 3073 3076 3167
f 3073 3167 3168
f 3073 3168 3074
f 3074 3168 3169
f 3074 3169 3075
f 3075 3169 3168
f 3075 3168 3170
f 3075 3170 3171
f 3075 3171 3172
f 3075 3172 3173
f 3075 3173 3174
f 3075 3174 3175
f 3075 3175 3083
f 3076 3080 3176
f 3076 3176 3177
f 3076 3177 3167
f 3077 3079 3078
f 3077 3082 3178
f 3077 3178 3179
f 3077 3179 3180
f 3077 3180 3079
f 3079 3176 3080
f 3079 3180 3179
f 3079 3179 3181
f 3079 3181 3182
f 3079 3182 3183
f 3079 3183 3176
f 3082 3179 3178
f 3082 3142 3179
f 3083 3175 3173
f 3083 3173 3184
f 3083 3184 3091
f 3083 3091 3185
f 3083 3185 3090
f 3084 3089 3105
f 3084 3105 3085
f 3085 3087 3086
f 3085 3105 3186
f 3085 3186 3118
f 3088 3105 3089
f 3090 3185 3091
f 3091 3184 3173
f 3091 3173 3092
f 3092 3173 3094
f 3092 3094 3093
f 3094 3173 3187
f 3094 3187 3188
f 3094 3188 3189
f 3094 3189 3190
f 3094 3190 3095
f 3095 3191 3096
f 3095 3190 3192
f 3095 3192 3191
f 3096 3191 3097
f 3097 3191 3193
f 3097 3193 3194
f 3097 3194 3195
f 3097 3195 3099
f 3097 3099 3098
f 3099 3195 3100
f 3100 3195 3196
f 3100 3196 3197
f 3100 3197 3198
f 3100 3198 3199
f 3100 3199 3200
f 3100 3200 3101
f 3101 3200 3107
f 3101 3107 3102
f 3103 3108 3201
f 3103 3201 3202
f 3103 3202 3203
f 3103 3203 3104
f 3104 3203 3106
f 3105 3106 3204
f 3105 3204 3205
f 3105 3205 3186
f 3106 3206 3204
f 3106 3203 3207
f 3106 3207 3206
f 3107 3200 3199
f 3107 3199 3208
f 3107 3208 3108
f 3108 3208 3201
f 3109 3209 3114
f 3109 3111 3210
f 3109 3210 3209
f 3110 3113 3211
f 3110 3211 3111
f 3111 3211 3212
f 3111 3212 3210
f 3112 3122 3113
f 3113 3122 3213
f 3113 3213 3211
f 3114 3209 3115
f 3115 3209 3214
f 3115 3214 3217
f 3115 3217 3117
f 3116 3215 3124
f 3116 3117 3216
f 3116 3216 3215
f 3117 3217 3216
f 3118 3186 3119
f 3119 3186 3218
f 3119 3218 3120
f 3120 3219 3213
f 3120 3213 3122
f 3120 3122 3121
f 3120 3218 3220
f 3120 3220 3221
f 3120 3221 3222
f 3120 3222 3219
f 3123 3125 3223
f 3123 3223 3224
f 3123 3224 3126
f 3124 3215 3125
f 3125 3225 3223
f 3125 3215 3226
f 3125 3226 3227
f 3125 3227 3225
f 3127 3139 3128
f 3128 3138 3130
f 3128 3130 3129
f 3130 3138 3228
f 3130 3228 3229
f 3130 3229 3230
f 3130 3230 3231
f 3130 3231 3232
f 3130 3232 3233
f 3130 3233 3131
f 3131 3233 3234
f 3131 3234 3141
f 3131 3141 3140
f 3135 3165 3235
f 3135 3235 3236
f 3135 3236 3136
f 3135 3166 3165
f 3136 3138 3137
f 3136 3236 3237
f 3136 3237 3238
f 3136 3238 3239
f 3136 3239 3240
f 3136 3240 3241
f 3136 3241 3228
f 3136 3228 3138
f 3141 3234 3242
f 3141 3242 3243
f 3141 3243 3179
f 3141 3179 3142
f 3144 3156 3244
f 3144 3244 3245
f 3144 3245 3146
f 3144 3146 3145
f 3146 3245 3246
f 3146 3246 3247
f 3146 3247 3147
f 3147 3247 3248
f 3147 3248 3249
f 3147 3249 3158
f 3147 3158 3148
f 3153 3250 3154
f 3154 3250 3156
f 3154 3156 3155
f 3156 3250 3251
f 3156 3251 3252
f 3156 3252 3253
f 3156 3253 3254
f 3156 3254 3244
f 3157 3165 3166
f 3158 3249 3159
f 3159 3249 3248
f 3159 3248 3255
f 3159 3255 3256
f 3159 3256 3160
f 3160 3256 3257
f 3160 3257 3162
f 3160 3162 3161
f 3162 3257 3258
f 3162 3258 3259
f 3162 3259 3260
f 3162 3260 3261
f 3162 3261 3163
f 3163 3261 3262
f 3163 3262 3164
f 3164 3262 3263
f 3164 3263 3235
f 3164 3235 3165
f 3167 3264 3168
f 3167 3177 3176
f 3167 3176 3265
f 3167 3265 3266
f 3167 3266 3267
f 3167 3267 3264
f 3168 3264 3267
f 3168 3267 3268
f 3168 3268 3269
f 3168 3269 3170
f 3170 3269 3171
f 3171 3270 3173
f 3171 3173 3172
f 3171 3269 3271
f 3171 3271 3272
f 3171 3272 3270
f 3173 3175 3174
f 3173 3270 3272
f 3173 3272 3187
f 3176 3266 3265
f 3176 3183 3182
f 3176 3182 3273
f 3176 3273 3266
f 3179 3274 3181
f 3179 3243 3275
f 3179 3275 3231
f 3179 3231 3276
f 3179 3276 3274
f 3181 3274 3182
f 3182 3274 3277
f 3182 3277 3278
f 3182 3278 3279
f 3182 3279 3273
f 3186 3205 3204
f 3186 3204 3280
f 3186 3280 3218
f 3187 3281 3282
f 3187 3282 3188
f 3187 3272 3281
f 3188 3282 3283
f 3188 3283 3284
f 3188 3284 3285
f 3188 3285 3189
f 3189 3193 3192
f 3189 3192 3190
f 3189 3285 3193
f 3191 3192 3193
f 3193 3285 3286
f 3193 3286 3287
f 3193 3287 3194
f 3194 3287 3288
f 3194 3288 3195
f 3195 3288 3289
f 3195 3289 3290
f 3195 3290 3196
f 3196 3291 3197
f 3196 3290 3292
f 3196 3292 3293
f 3196 3293 3294
f 3196 3294 3291
f 3197 3291 3295
f 3197 3295 3296
f 3197 3296 3198
f 3198 3296 3208
f 3198 3208 3199
f 3201 3208 3202
f 3202 3297 3207
f 3202 3207 3203
f 3202 3208 3296
f 3202 3296 3295
f 3202 3295 3297
f 3204 3221 3298
f 3204 3298 3280
f 3204 3206 3299
f 3204 3299 3300
f 3204 3300 3221
f 3206 3207 3299
f 3207 3297 3301
f 3207 3301 3302
f 3207 3302 3303
f 3207 3303 3299
f 3209 3210 3304
f 3209 3304 3214
f 3210 3212 3305
f 3210 3305 3304
f 3211 3213 3212
f 3212 3213 3306
f 3212 3306 3307
f 3212 3307 3305
f 3213 3219 3306
f 3214 3304 3308
f 3214 3308 3217
f 3215 3216 3309
f 3215 3309 3310
f 3215 3310 3226
f 3216 3217 3311
f 3216 3311 3309
f 3217 3308 3312
f 3217 3312 3395
f 3217 3395 3311
f 3218 3280 3298
f 3218 3298 3220
f 3219 3222 3313
f 3219 3313 3314
f 3219 3314 3306
f 3220 3298 3221
f 3221 3300 3315
f 3221 3315 3316
f 3221 3316 3222
f 3222 3316 3317
f 3222 3317 3318
f 3222 3318 3319
f 3222 3319 3320
f 3222 3320 3313
f 3226 3321 3227
f 3226 3310 3322
f 3226 3322 3323
f 3226 3323 3321
f 3228 3241 3324
f 3228 3324 3229
f 3229 3279 3325
f 3229 3325 3230
f 3229 3324 3241
f 3229 3241 3279
f 3230 3325 3278
f 3230 3278 3277
f 3230 3277 3326
f 3230 3326 3231
f 3231 3326 3276
f 3231 3275 3232
f 3232 3275 3242
f 3232 3242 3233
f 3233 3242 3234
f 3235 3263 3236
f 3236 3263 3237
f 3237 3327 3328
f 3237 3328 3238
f 3237 3263 3327
f 3238 3328 3239
f 3239 3328 3329
f 3239 3329 3240
f 3240 3329 3330
f 3240 3330 3241
f 3241 3330 3331
f 3241 3331 3332
f 3241 3332 3333
f 3241 3333 3334
f 3241 3334 3279
f 3242 3275 3243
f 3244 3254 3246
f 3244 3246 3245
f 3246 3254 3335
f 3246 3335 3247
f 3247 3335 3248
f 3248 3336 3337
f 3248 3337 3255
f 3248 3335 3338
f 3248 3338 3339
f 3248 3339 3340
f 3248 3340 3341
f 3248 3341 3336
f 3253 3342 3254
f 3254 3342 3343
f 3254 3343 3344
f 3254 3344 3345
f 3254 3345 3335
f 3255 3337 3256
f 3256 3337 3346
f 3256 3346 3347
f 3256 3347 3348
f 3256 3348 3257
f 3257 3348 3349
f 3257 3349 3259
f 3257 3259 3258
f 3259 3262 3261
f 3259 3261 3260
f 3259 3349 3350
f 3259 3350 3351
f 3259 3351 3352
f 3259 3352 3353
f 3259 3353 3262
f 3262 3353 3352
f 3262 3352 3354
f 3262 3354 3355
f 3262 3355 3263
f 3263 3355 3356
f 3263 3356 3357
f 3263 3357 3327
f 3266 3273 3358
f 3266 3358 3279
f 3266 3279 3359
f 3266 3359 3360
f 3266 3360 3361
f 3266 3361 3267
f 3267 3361 3362
f 3267 3362 3269
f 3267 3269 3268
f 3269 3362 3363
f 3269 3363 3271
f 3271 3363 3364
f 3271 3364 3272
f 3272 3364 3365
f 3272 3365 3366
f 3272 3366 3367
f 3272 3367 3281
f 3273 3279 3358
f 3274 3276 3277
f 3276 3326 3277
f 3278 3325 3279
f 3279 3334 3368
f 3279 3368 3359
f 3281 3367 3369
f 3281 3369 3370
f 3281 3370 3371
f 3281 3371 3282
f 3282 3371 3372
f 3282 3372 3283
f 3283 3372 3284
f 3284 3373 3285
f 3284 3372 3374
f 3284 3374 3375
f 3284 3375 3373
f 3285 3373 3286
f 3286 3373 3287
f 3287 3373 3288
f 3288 3373 3375
f 3288 3375 3376
f 3288 3376 3377
f 3288 3377 3378
f 3288 3378 3289
f 3289 3378 3377
f 3289 3377 3290
f 3290 3377 3379
f 3290 3379 3293
f 3290 3293 3292
f 3291 3380 3381
f 3291 3381 3382
f 3291 3382 3301
f 3291 3301 3295
f 3291 3294 3380
f 3293 3379 3383
f 3293 3383 3384
f 3293 3384 3385
f 3293 3385 3386
f 3293 3386 3294
f 3294 3386 3385
f 3294 3385 3387
f 3294 3387 3380
f 3295 3301 3297
f 3299 3303 3300
f 3300 3303 3315
f 3301 3382 3303
f 3301 3303 3302
f 3303 3382 3388
f 3303 3388 3389
f 3303 3389 3315
f 3304 3305 3390
f 3304 3390 3308
f 3305 3307 3390
f 3306 3391 3392
f 3306 3392 3307
f 3306 3314 3391
f 3307 3392 3390
f 3308 3390 3397
f 3308 3397 3312
f 3309 3311 3310
f 3310 3311 3393
f 3310 3393 3394
f 3310 3394 3322
f 3311 3395 3396
f 3311 3396 3393
f 3312 3397 3395
f 3313 3320 3314
f 3314 3398 3392
f 3314 3392 3391
f 3314 3320 3399
f 3314 3399 3398
f 3315 3389 3388
f 3315 3388 3400
f 3315 3400 3316
f 3316 3400 3401
f 3316 3401 3317
f 3317 3401 3318
f 3318 3401 3402
f 3318 3402 3403
f 3318 3403 3319
f 3319 3404 3405
f 3319 3405 3399
f 3319 3399 3320
f 3319 3403 3406
f 3319 3406 3404
f 3327 3357 3328
f 3328 3357 3329
f 3329 3357 3331
f 3329 3331 3330
f 3331 3407 3408
f 3331 3408 3409
f 3331 3409 3410
f 3331 3410 3332
f 3331 3357 3411
f 3331 3411 3407
f 3332 3410 3412
f 3332 3412 3333
f 3333 3412 3413
f 3333 3413 3334
f 3334 3413 3414
f 3334 3414 3368
f 3335 3345 3338
f 3336 3341 3337
f 3337 3341 3415
f 3337 3415 3416
f 3337 3416 3346
f 3338 3345 3417
f 3338 3417 3418
f 3338 3418 3339
f 3339 3419 3420
f 3339 3420 3421
f 3339 3421 3340
f 3339 3418 3422
f 3339 3422 3419
f 3340 3421 3341
f 3341 3421 3423
f 3341 3423 3424
f 3341 3424 3425
f 3341 3425 3426
f 3341 3426 3415
f 3343 3427 3344
f 3344 3427 3345
f 3345 3427 3417
f 3346 3416 3347
f 3347 3349 3348
f 3347 3416 3415
f 3347 3415 3428
f 3347 3428 3429
f 3347 3429 3430
f 3347 3430 3349
f 3349 3430 3350
f 3350 3431 3351
f 3350 3430 3431
f 3351 3431 3432
f 3351 3432 3352
f 3352 3355 3354
f 3352 3432 3433
f 3352 3433 3434
f 3352 3434 3355
f 3355 3434 3435
f 3355 3435 3436
f 3355 3436 3357
f 3355 3357 3356
f 3357 3436 3411
f 3359 3368 3360
f 3360 3437 3362
f 3360 3362 3361
f 3360 3368 3437
f 3362 3364 3363
f 3362 3437 3438
f 3362 3438 3439
f 3362 3439 3364
f 3364 3439 3440
f 3364 3440 3441
f 3364 3441 3365
f 3365 3441 3442
f 3365 3442 3366
f 3366 3442 3443
f 3366 3443 3444
f 3366 3444 3367
f 3367 3444 3445
f 3367 3445 3370
f 3367 3370 3369
f 3368 3414 3438
f 3368 3438 3437
f 3370 3445 3444
f 3370 3444 3446
f 3370 3446 3447
f 3370 3447 3448
f 3370 3448 3449
f 3370 3449 3450
f 3370 3450 3372
f 3370 3372 3371
f 3372 3450 3374
f 3374 3450 3375
f 3375 3450 3449
f 3375 3449 3451
f 3375 3451 3452
f 3375 3452 3453
f 3375 3453 3454
f 3375 3454 3455
f 3375 3455 3376
f 3376 3456 3457
f 3376 3457 3377
f 3376 3455 3456
f 3377 3458 3379
f 3377 3457 3459
f 3377 3459 3460
f 3377 3460 3458
f 3379 3458 3383
f 3380 3461 3381
f 3380 3387 3462
f 3380 3462 3461
f 3381 3461 3463
f 3381 3463 3464
f 3381 3464 3382
f 3382 3464 3388
f 3383 3465 3384
f 3383 3458 3466
f 3383 3466 3465
f 3384 3467 3385
f 3384 3465 3467
f 3385 3468 3387
f 3385 3467 3468
f 3387 3468 3462
f 3388 3469 3401
f 3388 3401 3400
f 3388 3464 3463
f 3388 3463 3470
f 3388 3470 3469
f 3390 3392 3471
f 3390 3471 3397
f 3392 3398 3472
f 3392 3472 3473
f 3392 3473 3471
f 3393 3396 3394
f 3395 3397 3474
f 3395 3474 3475
f 3395 3475 3476
f 3395 3476 3396
f 3396 3476 3477
f 3397 3471 3478
f 3397 3478 3474
f 3398 3479 3472
f 3398 3399 3479
f 3399 3405 3479
f 3401 3469 3402
f 3402 3469 3403
f 3403 3469 3480
f 3403 3480 3481
f 3403 3481 3482
f 3403 3482 3406
f 3404 3483 3405
f 3404 3406 3484
f 3404 3484 3483
f 3405 3485 3541
f 3405 3541 3479
f 3405 3483 3485
f 3406 3482 3486
f 3406 3486 3484
f 3407 3411 3436
f 3407 3436 3487
f 3407 3487 3433
f 3407 3433 3488
f 3407 3488 3489
f 3407 3489 3490
f 3407 3490 3491
f 3407 3491 3492
f 3407 3492 3409
f 3407 3409 3408
f 3409 3492 3493
f 3409 3493 3494
f 3409 3494 3495
f 3409 3495 3410
f 3410 3495 3412
f 3412 3495 3413
f 3413 3495 3414
f 3414 3495 3438
f 3415 3426 3429
f 3415 3429 3428
f 3417 3427 3496
f 3417 3496 3418
f 3418 3496 3422
f 3419 3497 3498
f 3419 3498 3499
f 3419 3499 3500
f 3419 3500 3501
f 3419 3501 3502
f 3419 3502 3424
f 3419 3424 3420
f 3419 3422 3503
f 3419 3503 3504
f 3419 3504 3497
f 3420 3424 3505
f 3420 3505 3421
f 3421 3505 3423
f 3422 3496 3427
f 3422 3427 3506
f 3422 3506 3507
f 3422 3507 3503
f 3423 3505 3424
f 3424 3502 3501
f 3424 3501 3508
f 3424 3508 3425
f 3425 3508 3509
f 3425 3509 3426
f 3426 3509 3429
f 3427 3507 3506
f 3429 3509 3454
f 3429 3454 3510
f 3429 3510 3511
f 3429 3511 3512
f 3429 3512 3451
f 3429 3451 3430
f 3430 3451 3513
f 3430 3513 3488
f 3430 3488 3433
f 3430 3433 3432
f 3430 3432 3431
f 3433 3436 3435
f 3433 3435 3434
f 3433 3487 3436
f 3438 3440 3439
f 3438 3495 3494
f 3438 3494 3440
f 3440 3494 3514
f 3440 3514 3515
f 3440 3515 3441
f 3441 3515 3442
f 3442 3515 3514
f 3442 3514 3516
f 3442 3516 3443
f 3443 3494 3493
f 3443 3493 3517
f 3443 3517 3492
f 3443 3492 3447
f 3443 3447 3446
f 3443 3446 3444
f 3443 3516 3514
f 3443 3514 3494
f 3447 3492 3491
f 3447 3491 3490
f 3447 3490 3449
f 3447 3449 3448
f 3449 3490 3518
f 3449 3518 3451
f 3451 3518 3513
f 3451 3512 3510
f 3451 3510 3452
f 3452 3510 3453
f 3453 3510 3454
f 3454 3509 3519
f 3454 3519 3520
f 3454 3520 3521
f 3454 3521 3455
f 3455 3521 3522
f 3455 3522 3523
f 3455 3523 3456
f 3456 3523 3524
f 3456 3524 3525
f 3456 3525 3457
f 3457 3525 3459
f 3458 3460 3466
f 3459 3525 3526
f 3459 3526 3527
f 3459 3527 3528
f 3459 3528 3529
f 3459 3529 3530
f 3459 3530 3531
f 3459 3531 3460
f 3460 3531 3466
f 3461 3532 3463
f 3461 3462 3532
f 3462 3468 3533
f 3462 3533 3532
f 3463 3534 3470
f 3463 3532 3534
f 3465 3535 3467
f 3465 3466 3531
f 3465 3531 3536
f 3465 3536 3535
f 3467 3535 3533
f 3467 3533 3468
f 3469 3470 3534
f 3469 3534 3480
f 3471 3473 3537
f 3471 3537 3478
f 3472 3479 3473
f 3473 3479 3541
f 3473 3541 3537
f 3474 3478 3475
f 3475 3478 3538
f 3475 3538 3476
f 3476 3538 3539
f 3476 3539 3477
f 3478 3537 3540
f 3478 3540 3538
f 3480 3534 3542
f 3480 3542 3481
f 3481 3542 3543
f 3481 3543 3544
f 3481 3544 3482
f 3482 3544 3545
f 3482 3545 3486
f 3483 3546 3547
f 3483 3547 3485
f 3483 3484 3549
f 3483 3549 3548
f 3483 3548 3546
f 3484 3486 3545
f 3484 3545 3549
f 3485 3547 3541
f 3488 3513 3489
f 3489 3513 3518
f 3489 3518 3490
f 3492 3517 3493
f 3497 3550 3551
f 3497 3551 3498
f 3497 3504 3550
f 3498 3552 3553
f 3498 3553 3499
f 3499 3553 3500
f 3500 3553 3554
f 3500 3554 3555
f 3500 3555 3556
f 3500 3556 3520
f 3500 3520 3557
f 3500 3557 3501
f 3501 3557 3520
f 3501 3520 3508
f 3503 3507 3504
f 3508 3520 3558
f 3508 3558 3509
f 3509 3558 3519
f 3510 3512 3511
f 3519 3558 3520
f 3520 3556 3559
f 3520 3559 3560
f 3520 3560 3561
f 3520 3561 3562
f 3520 3562 3528
f 3520 3528 3527
f 3520 3527 3526
f 3520 3526 3525
f 3520 3525 3524
f 3520 3524 3523
f 3520 3523 3521
f 3521 3523 3522
f 3528 3562 3563
f 3528 3563 3529
f 3529 3564 3565
f 3529 3565 3566
f 3529 3566 3530
f 3529 3563 3564
f 3530 3566 3531
f 3531 3566 3567
f 3531 3567 3568
f 3531 3568 3569
f 3531 3569 3570
f 3531 3570 3571
f 3531 3571 3572
f 3531 3572 3536
f 3532 3573 3574
f 3532 3574 3542
f 3532 3542 3534
f 3532 3533 3575
f 3532 3575 3573
f 3533 3535 3576
f 3533 3576 3575
f 3535 3536 3577
f 3535 3577 3578
f 3535 3578 3576
f 3536 3572 3577
f 3537 3541 3579
f 3537 3579 3540
f 3538 3580 3539
f 3538 3540 3580
f 3540 3579 3547
f 3540 3547 3581
f 3540 3581 3582
f 3540 3582 3580
f 3541 3547 3579
f 3542 3574 3583
f 3542 3583 3543
f 3543 3583 3584
f 3543 3584 3544
f 3544 3584 3585
f 3544 3585 3586
f 3544 3586 3545
f 3545 3586 3591
f 3545 3591 3549
f 3546 3548 3587
f 3546 3587 3588
f 3546 3588 3589
f 3546 3589 3547
f 3547 3589 3590
f 3547 3590 3581
f 3548 3549 3591
f 3548 3591 3592
f 3548 3592 3587
f 3552 3554 3553
f 3554 3593 3555
f 3555 3593 3594
f 3555 3594 3619
f 3555 3619 3595
f 3555 3595 3560
f 3555 3560 3559
f 3555 3559 3556
f 3560 3595 3596
f 3560 3596 3561
f 3561 3596 3597
f 3561 3597 3562
f 3562 3597 3598
f 3562 3598 3563
f 3563 3598 3564
f 3564 3599 3600
f 3564 3600 3565
f 3564 3598 3599
f 3565 3600 3567
f 3565 3567 3566
f 3567 3600 3601
f 3567 3601 3569
f 3567 3569 3568
f 3569 3602 3603
f 3569 3603 3570
f 3569 3601 3604
f 3569 3604 3602
f 3570 3603 3571
f 3571 3605 3606
f 3571 3606 3607
f 3571 3607 3578
f 3571 3578 3608
f 3571 3608 3572
f 3571 3603 3609
f 3571 3609 3610
f 3571 3610 3605
f 3572 3608 3577
f 3573 3575 3611
f 3573 3611 3574
f 3574 3611 3583
f 3575 3576 3612
f 3575 3612 3611
f 3576 3578 3612
f 3577 3608 3578
f 3578 3607 3612
f 3581 3613 3582
f 3581 3590 3613
f 3583 3611 3614
f 3583 3614 3584
f 3584 3614 3585
f 3585 3615 3586
f 3586 3615 3616
f 3586 3616 3617
f 3586 3617 3591
f 3591 3617 3618
f 3591 3618 3592
f 3595 3619 3596
f 3596 3619 3620
f 3596 3620 3621
f 3596 3621 3622
f 3596 3622 3623
f 3596 3623 3624
f 3596 3624 3597
f 3597 3624 3598
f 3598 3624 3623
f 3598 3623 3599
f 3599 3623 3625
f 3599 3625 3626
f 3599 3626 3600
f 3600 3604 3601
f 3600 3626 3604
f 3602 3627 3603
f 3602 3604 3628
f 3603 3627 3609
f 3604 3626 3628
f 3605 3607 3606
f 3605 3610 3609
f 3607 3614 3612
f 3611 3612 3614
f 3622 3625 3623

