# https://github.com/mikedh/trimesh
v 0.41275632 0.05498310 -0.00496652
v 0.41245604 0.05498310 -0.01494871
v 0.41252273 0.06499686 -0.00496652
v 0.41245604 0.06499686 0.00501566
v 0.41258949 0.05498310 0.00501566
v 0.41245604 0.04498813 0.00501566
v 0.41255611 0.04498813 -0.00496652
v 0.41232255 0.03499315 -0.01494871
v 0.41208899 0.03499315 -0.02493089
v 0.41215572 0.06499686 -0.01494871
v 0.41212234 0.04498813 -0.02493089
v 0.41202223 0.05498310 -0.02493089
v 0.41198888 0.06896103 -0.01494871
v 0.41232255 0.06896103 -0.00496652
v 0.41232255 0.06896103 0.00501566
v 0.41192216 0.06896103 0.01507179
v 0.41198888 0.06499686 0.01507179
v 0.41205561 0.05498310 0.01507179
v 0.41192216 0.03499315 0.01507179
v 0.41218907 0.03499315 0.00501566
v 0.41232255 0.03499315 -0.00496652
v 0.41205561 0.02499818 -0.00496652
v 0.41198888 0.02499818 -0.01494871
v 0.41172194 0.02499818 -0.02493089
v 0.41152173 0.03499315 -0.03498702
v 0.41165522 0.06499686 -0.02493089
v 0.41142166 0.04498813 -0.03498702
v 0.41128817 0.05498310 -0.03498702
v 0.41145501 0.06896103 -0.02493089
v 0.41148838 0.06896103 0.02098715
v 0.41128817 0.06499686 0.02498003
v 0.41132152 0.05498310 0.02498003
v 0.41075432 0.02499818 0.02424061
v 0.41162184 0.02499818 0.01507179
v 0.41112134 0.04498813 0.02498003
v 0.41078767 0.03401620 0.02594128
v 0.41185540 0.02499818 0.00501566
v 0.41138828 0.01498441 -0.00496652
v 0.41145501 0.01498441 -0.01494871
v 0.41125482 0.01498441 0.00501566
v 0.41102123 0.01498441 -0.02493089
v 0.41112134 0.02499818 -0.03498702
v 0.41012034 -0.00074076 -0.02130773
v 0.41028717 0.02576847 -0.04489526
v 0.40998685 0.02963870 -0.05007120
v 0.41058749 0.03499315 -0.04496920
v 0.41052073 0.04498813 -0.04496920
v 0.41092116 0.06499686 -0.03498702
v 0.41035390 0.05400614 -0.04556074
v 0.40992016 0.05667398 -0.04933178
v 0.41025382 0.06499686 -0.04252911
v 0.41068757 0.06896103 -0.03498702
v 0.41118807 0.06896103 0.02498003
v 0.41035390 0.06896103 0.03259606
v 0.41038728 0.06499686 0.03296577
v 0.41038728 0.05498310 0.03311366
v 0.41028717 0.04498813 0.03252212
v 0.41032052 0.01498441 0.02202234
v 0.41018707 0.03670282 0.03178270
v 0.40961984 0.03401620 0.03503615
v 0.40825179 0.03499315 0.04494439
v 0.40624979 0.02499818 0.05492658
v 0.40855211 0.01498441 0.03496221
v 0.40785140 0.00498944 0.03496221
v 0.41092116 0.01498441 0.01507179
v 0.41005361 -0.00040258 0.01070920
v 0.41058749 0.00498944 0.00501566
v 0.41015369 -0.00231891 -0.00496652
v 0.41012034 -0.00181165 0.00501566
v 0.41072094 0.00498944 -0.01494871
v 0.40988678 0.01167781 -0.03801864
v 0.41008699 0.01834739 -0.04149392
v 0.40985340 0.02296912 -0.04814871
v 0.41015369 -0.00137954 -0.01494871
v 0.40975332 -0.00733519 -0.00496652
v 0.40871894 -0.01500051 -0.00496652
v 0.40665019 -0.02501427 -0.02493089
v 0.40798485 -0.01500051 -0.02493089
v 0.40728414 -0.01500051 -0.03498702
v 0.40848535 -0.00500553 -0.03498702
v 0.41002023 0.03499315 -0.05014515
v 0.40908596 0.02576847 -0.05399013
v 0.40708396 0.02499818 -0.06493357
v 0.40521541 0.02499818 -0.07498969
v 0.40551573 0.03499315 -0.07498969
v 0.40738428 0.03499315 -0.06493357
v 0.41002023 0.04498813 -0.05014515
v 0.40998685 0.05000440 -0.04999726
v 0.40975332 0.06499686 -0.04755718
v 0.40918607 0.05400614 -0.05399013
v 0.40865219 0.06499686 -0.05495138
v 0.41012034 0.06896103 -0.04134604
v 0.40865219 0.06896103 0.04494439
v 0.40975332 0.05498310 0.03814172
v 0.40871894 0.06499686 0.04494439
v 0.40885240 0.05498310 0.04494439
v 0.40968657 0.04498813 0.03755018
v 0.41002023 0.00955481 0.02032167
v 0.40701723 -0.00500553 0.03496221
v 0.40865219 0.04498813 0.04494439
v 0.40538225 0.01498441 0.05492658
v 0.40624979 0.00498944 0.04494439
v 0.40708396 0.01498441 0.04494439
v 0.40698385 0.04498813 0.05492658
v 0.40508193 0.04498813 0.06498270
v 0.40428114 0.02499818 0.06498270
v 0.40955311 -0.00680914 0.00501566
v 0.40971994 0.00288524 0.01729005
v 0.40815169 -0.00500553 0.02498003
v 0.40695047 -0.01500051 0.02498003
v 0.40558243 -0.02501427 0.02498003
v 0.40855211 0.00498944 -0.04496920
v 0.40955311 0.01500320 -0.04489526
v 0.40638325 -0.00500553 -0.05495138
v 0.40494847 -0.00500553 -0.06493357
v 0.40811831 0.01498441 -0.05495138
v 0.40838528 -0.01500051 0.00501566
v 0.40678364 -0.02501427 0.00501566
v 0.40708396 -0.02501427 -0.00496652
v 0.40364718 -0.04498543 -0.02493089
v 0.40521541 -0.03499045 -0.02493089
v 0.40461481 -0.03499045 -0.03498702
v 0.40498185 -0.02501427 -0.04496920
v 0.40631652 -0.01500051 -0.04496920
v 0.40748435 -0.00500553 -0.04496920
v 0.40324676 -0.00500553 -0.07498969
v 0.40641662 0.01498441 -0.06493357
v 0.40461481 0.01498441 -0.07498969
v 0.40181202 0.00498944 -0.08497187
v 0.40231252 0.01498441 -0.08497187
v 0.40281302 0.02499818 -0.08497187
v 0.40538225 0.04498813 -0.07498969
v 0.40311331 0.03499315 -0.08497187
v 0.40301320 0.04498813 -0.08497187
v 0.40961984 0.06896103 -0.04622622
v 0.40992016 0.06896103 -0.04334247
v 0.40905261 0.06896103 -0.05051485
v 0.40838528 0.06896103 -0.05495138
v 0.40665019 0.06499686 -0.06493357
v 0.40765119 0.06896103 -0.05894426
v 0.40711731 0.06896103 0.05492658
v 0.40718406 0.06499686 0.05492658
v 0.40725079 0.05498310 0.05492658
v 0.40588275 -0.01500051 0.03496221
v 0.40177864 -0.02501427 0.05492658
v 0.40067750 -0.03467106 0.05514840
v 0.40214568 -0.03499045 0.04494439
v 0.40047732 -0.02501427 0.06202502
v 0.40538225 0.05498310 0.06498270
v 0.40348035 0.05498310 0.07496489
v 0.40074426 0.00498944 0.07333817
v 0.40304655 0.04498813 0.07496489
v 0.40101120 0.04498813 0.08457736
v 0.39991009 0.04498813 0.08960542
v 0.39964315 0.03499315 0.08827446
v 0.39914265 0.01470260 0.08450342
v 0.40321338 -0.03499045 0.03496221
v 0.40408093 -0.03499045 0.02498003
v 0.40624979 -0.02501427 0.01507179
v 0.40528214 -0.01500051 -0.05495138
v 0.40384737 -0.01500051 -0.06493357
v 0.40217903 -0.01500051 -0.07498969
v 0.40474826 -0.03499045 0.01507179
v 0.40147835 -0.05499919 0.01507179
v 0.40047732 -0.06279602 0.00501566
v 0.39844194 -0.07498914 -0.00496652
v 0.40187871 -0.05499919 -0.02493089
v 0.40144497 -0.05499919 -0.03498702
v 0.40314668 -0.04498543 -0.03498702
v 0.40217903 -0.04498543 -0.04496920
v 0.40361381 -0.03499045 -0.04496920
v 0.40064415 -0.01500051 -0.08238390
v 0.40101120 -0.00483644 -0.08548947
v 0.40014365 -0.00137954 -0.09036965
v 0.40034384 0.00498944 -0.09103513
v 0.40054405 0.01498441 -0.09184849
v 0.40074426 0.02499818 -0.09244003
v 0.40237921 0.06499686 -0.08497187
v 0.40454808 0.06499686 -0.07498969
v 0.40084437 0.03499315 -0.09258791
v 0.40081099 0.04498813 -0.09258791
v 0.40067750 0.05498310 -0.09236608
v 0.40057743 0.06499686 -0.09184849
v 0.40564919 0.06896103 -0.06892644
v 0.40598285 0.06896103 0.06098983
v 0.40531552 0.06499686 0.06498270
v 0.40011030 -0.03113901 0.06047224
v 0.39974326 -0.03778980 0.05854974
v 0.40031049 -0.04169761 0.05189495
v 0.40064415 -0.04500422 0.04405709
v 0.39630646 -0.01500051 0.08494707
v 0.39023370 -0.04177276 0.10077068
v 0.40328014 0.06499686 0.07496489
v 0.40124476 0.05498310 0.08472525
v 0.39740759 0.02499818 0.09492926
v 0.39991009 0.05498310 0.08975331
v 0.39567250 0.06499686 0.10498538
v 0.39266950 0.04498813 0.11496756
v 0.39236918 0.03499315 0.11496756
v 0.39520538 0.03499315 0.10498538
v 0.39126807 0.01509714 0.11578093
v 0.39420438 0.01498441 0.10498538
v 0.39934283 0.02499818 0.08664774
v 0.39667350 0.01498441 0.09492926
v 0.39343691 0.00498944 0.10498538
v 0.39657342 -0.07498914 0.03496221
v 0.40011030 -0.06069181 0.02128292
v 0.40241259 -0.03499045 -0.05495138
v 0.40087771 -0.04532360 -0.05532110
v 0.39984334 -0.04887445 -0.05894426
v 0.39940959 -0.04532360 -0.06508145
v 0.39774126 -0.04498543 -0.07498969
v 0.40017700 -0.02129433 -0.08068324
v 0.40027714 -0.06172513 0.01507179
v 0.39834183 -0.07498914 0.00501566
v 0.39960980 -0.06779350 0.00501566
v 0.39633983 -0.08498411 -0.00496652
v 0.39814165 -0.07498914 -0.01494871
v 0.40044397 -0.06208209 -0.02493089
v 0.40024376 -0.06114272 -0.03498702
v 0.40007693 -0.06037243 -0.04068056
v 0.40061080 -0.05503676 -0.04437766
v 0.40031049 -0.05173016 -0.05228947
v 0.39470488 -0.03499045 -0.09495406
v 0.39977664 -0.00804911 -0.08911263
v 0.39420438 -0.01500051 -0.10493624
v 0.39517200 -0.00500553 -0.10493624
v 0.39577261 0.00498944 -0.10493624
v 0.39630646 0.01498441 -0.10493624
v 0.39897582 0.01498441 -0.09680261
v 0.39920938 0.02499818 -0.09746809
v 0.40044397 0.06896103 -0.09147878
v 0.40214568 0.06896103 -0.08497187
v 0.40438125 0.06896103 -0.07498969
v 0.39920938 0.03499315 -0.09761598
v 0.39924276 0.04498813 -0.09761598
v 0.39920938 0.05498310 -0.09739415
v 0.39904255 0.06499686 -0.09687655
v 0.39984334 0.06896103 -0.09347522
v 0.40521541 0.06896103 0.06498270
v 0.39016697 -0.06121787 0.09064061
v 0.39620638 -0.05499919 0.06498270
v 0.39433783 -0.07498914 0.05492658
v 0.39557239 -0.07498914 0.04494439
v 0.39123470 0.00498944 0.11378449
v 0.38502848 -0.02501427 0.12494975
v 0.37968978 -0.03711345 0.13877693
v 0.38025701 -0.05188046 0.13079117
v 0.38135815 -0.05513070 0.12554128
v 0.38082427 -0.06499416 0.12280542
v 0.40398085 0.06896103 0.07097201
v 0.40311331 0.06896103 0.07496489
v 0.40181202 0.06896103 0.08065843
v 0.40101120 0.06896103 0.08413371
v 0.40107793 0.06499686 0.08435553
v 0.39984334 0.06499686 0.08938359
v 0.39837521 0.06499686 0.09492926
v 0.39560577 0.06896103 0.10498538
v 0.39273623 0.06499686 0.11496756
v 0.39056736 0.04498813 0.12169629
v 0.38889903 0.03499315 0.12642859
v 0.39043391 0.03499315 0.12140053
v 0.39006686 0.01849769 0.12021745
v 0.38986665 0.01182811 0.11969986
v 0.39473823 -0.08498411 0.03496221
v 0.39730746 -0.07498914 0.02498003
v 0.39790809 -0.07498914 0.01507179
v 0.39787471 -0.05499919 -0.06493357
v 0.39607292 -0.05499919 -0.07498969
v 0.39557239 -0.04498543 -0.08497187
v 0.39714062 -0.03499045 -0.08497187
v 0.39623976 -0.08498411 0.00501566
v 0.39587271 -0.08498411 0.01507179
v 0.39357039 -0.09499788 -0.00496652
v 0.39340356 -0.09499788 -0.01494871
v 0.39603955 -0.08498411 -0.01494871
v 0.39357039 -0.09499788 0.00501566
v 0.39553905 -0.08498411 -0.02493089
v 0.39717400 -0.07498914 -0.03498702
v 0.39490506 -0.08498411 -0.03498702
v 0.39623976 -0.07498914 -0.04496920
v 0.39877564 -0.06422387 -0.04437766
v 0.39737421 -0.06499416 -0.05495138
v 0.39967650 -0.05839973 -0.04733535
v 0.39927614 -0.05503676 -0.05532110
v 0.39597279 -0.02501427 -0.09495406
v 0.39310324 -0.04498543 -0.09495406
v 0.39090103 -0.04498543 -0.10242222
v 0.39150167 -0.03476500 -0.10545384
v 0.39293641 -0.02501427 -0.10493624
v 0.39720738 -0.01500051 -0.09495406
v 0.39020035 -0.03127052 -0.11055584
v 0.39130145 -0.01500051 -0.11314382
v 0.39146829 -0.00410373 -0.11558391
v 0.39233583 0.00498944 -0.11499237
v 0.39667350 0.02499818 -0.10493624
v 0.39276958 0.01498441 -0.11499237
v 0.39680696 0.03499315 -0.10493624
v 0.39680696 0.04498813 -0.10493624
v 0.39670688 0.05498310 -0.10493624
v 0.39637321 0.06499686 -0.10493624
v 0.39620638 0.06896103 -0.10493624
v 0.39780796 0.06896103 -0.10005607
v 0.39890909 0.06896103 -0.09650684
v 0.38966647 -0.06788744 0.08849629
v 0.39083433 -0.06473114 0.08509496
v 0.38029039 -0.07147586 0.12110476
v 0.39036718 -0.07203949 0.08176756
v 0.39103451 -0.07521459 0.07526065
v 0.39043391 -0.08220355 0.07215509
v 0.39286968 -0.07498914 0.06498270
v 0.39260274 -0.08498411 0.05492658
v 0.39106786 -0.08532229 0.06520453
v 0.39370388 -0.08498411 0.04494439
v 0.38002348 -0.03046266 0.14010787
v 0.37535208 -0.05499919 0.14498806
v 0.37915593 -0.04498543 0.13722414
v 0.37978989 -0.05855003 0.12931234
v 0.37868878 -0.05513070 0.13448828
v 0.37935612 -0.06499416 0.12775955
v 0.39977664 0.06896103 0.08908783
v 0.39830849 0.06896103 0.09492926
v 0.39266950 0.06896103 0.11496756
v 0.39053401 0.06896103 0.12154841
v 0.39056736 0.06499686 0.12162235
v 0.38893241 0.04498813 0.12672436
v 0.38616294 0.04498813 0.13493192
v 0.38269281 0.04498813 0.14498806
v 0.38596275 0.03499315 0.13493192
v 0.38439453 0.00498944 0.13493192
v 0.39233583 -0.09499788 0.03496221
v 0.39543894 -0.08498411 0.02498003
v 0.39066747 -0.09505423 0.05403927
v 0.39000013 -0.10001414 0.05004640
v 0.39587271 -0.06499416 -0.06493357
v 0.39400417 -0.06499416 -0.07498969
v 0.39156836 -0.06561415 -0.08556341
v 0.39387071 -0.05499919 -0.08497187
v 0.39330345 -0.09499788 0.01507179
v 0.39293641 -0.09499788 0.02498003
v 0.39106786 -0.10337712 -0.00496652
v 0.39100116 -0.10335833 -0.01494871
v 0.39110124 -0.10333954 0.00501566
v 0.39076757 -0.10270076 -0.02493089
v 0.39296979 -0.09499788 -0.02493089
v 0.39233583 -0.09499788 -0.03498702
v 0.39123470 -0.09556150 -0.04504314
v 0.39390406 -0.08498411 -0.04496920
v 0.39507189 -0.07498914 -0.05495138
v 0.39360374 -0.07498914 -0.06493357
v 0.39060074 -0.06268330 -0.09207032
v 0.39120135 -0.05488646 -0.09524983
v 0.38963312 -0.05813671 -0.09872511
v 0.39026707 -0.05146713 -0.10079549
v 0.38479492 -0.05499919 -0.11499237
v 0.38652998 -0.04498543 -0.11499237
v 0.38839853 -0.03476500 -0.11432689
v 0.38873219 -0.02501427 -0.11654516
v 0.38646325 -0.01500051 -0.12497455
v 0.38969982 -0.00682792 -0.11935495
v 0.39000013 -0.00015835 -0.12002043
v 0.39020035 0.00498944 -0.12053803
v 0.39043391 0.01498441 -0.12112956
v 0.39303651 0.02499818 -0.11499237
v 0.39323673 0.03499315 -0.11499237
v 0.39327008 0.04498813 -0.11499237
v 0.39487171 0.06896103 -0.10892911
v 0.39317000 0.05498310 -0.11499237
v 0.38673019 -0.07498914 0.09492926
v 0.38909924 -0.07521459 0.08509496
v 0.37715390 -0.06499416 0.13493192
v 0.37535208 -0.07498914 0.13493192
v 0.37855530 -0.07487641 0.12465398
v 0.37958968 -0.07812665 0.11866467
v 0.38973320 -0.07869028 0.07880987
v 0.38976657 -0.08887313 0.06867981
v 0.39036718 -0.09176642 0.06202502
v 0.38135815 0.00498944 0.14365710
v 0.37945622 0.00498944 0.14868516
v 0.37705380 0.00498944 0.15497024
v 0.37118125 -0.02501427 0.16266023
v 0.37181520 -0.05499919 0.15386111
v 0.37375051 -0.06499416 0.14498806
v 0.37098104 -0.06499416 0.15223439
v 0.38696375 0.06896103 0.13160454
v 0.38272619 0.05498310 0.14498806
v 0.38612959 0.05498310 0.13493192
v 0.38232577 0.03499315 0.14498806
v 0.38045722 0.04498813 0.15105131
v 0.38025701 0.03499315 0.15060766
v 0.37778789 0.01498441 0.15497024
v 0.38963312 -0.09843599 0.05670119
v 0.38819832 -0.10401589 0.05403927
v 0.38859874 -0.10553768 0.04494439
v 0.38893241 -0.10657100 0.03496221
v 0.39046729 -0.10155472 0.03496221
v 0.39146829 -0.07555276 -0.07543334
v 0.39060074 -0.07260312 -0.08267967
v 0.38983330 -0.06935287 -0.08933446
v 0.39093441 -0.10279470 0.01507179
v 0.39073420 -0.10219350 0.02498003
v 0.38946629 -0.10835581 -0.01494871
v 0.38926607 -0.10769825 -0.02493089
v 0.38943291 -0.10833703 0.00501566
v 0.38946629 -0.10837460 -0.00496652
v 0.39050063 -0.10153594 -0.03498702
v 0.39020035 -0.10067171 -0.04178969
v 0.38979995 -0.09928143 -0.04844448
v 0.39070085 -0.09268700 -0.05495138
v 0.39263612 -0.08498411 -0.05495138
v 0.39023370 -0.09095855 -0.06160618
v 0.38969982 -0.08881677 -0.06826096
v 0.38072416 -0.09302518 -0.10242222
v 0.38159168 -0.08526592 -0.10545384
v 0.38402748 -0.07498914 -0.10493624
v 0.38622969 -0.06499416 -0.10493624
v 0.38232577 -0.06593354 -0.11595362
v 0.38075751 -0.06320935 -0.12172110
v 0.38155833 -0.05499919 -0.12356965
v 0.38215894 -0.04545512 -0.12578791
v 0.38406086 -0.03499045 -0.12497455
v 0.38796476 -0.00410373 -0.12401330
v 0.37932277 -0.02501427 -0.13843201
v 0.38219231 -0.01500051 -0.13458702
v 0.38813162 0.00498944 -0.12549216
v 0.39056736 0.02499818 -0.12135139
v 0.38836515 0.01498441 -0.12608369
v 0.38859874 0.03499315 -0.12667522
v 0.39066747 0.03499315 -0.12164716
v 0.39070085 0.04498813 -0.12179504
v 0.39273623 0.06896103 -0.11499237
v 0.39066747 0.05498310 -0.12157321
v 0.39186868 0.06896103 -0.11728458
v 0.38466144 -0.08498411 0.09492926
v 0.38703048 -0.08498411 0.08494707
v 0.37164837 -0.07483883 0.14535777
v 0.37078083 -0.08498411 0.14195643
v 0.37314987 -0.08498411 0.13493192
v 0.37611955 -0.08498411 0.12494975
v 0.38055733 -0.08227870 0.11193594
v 0.38693041 -0.09499788 0.07496489
v 0.38906586 -0.09505423 0.06520453
v 0.37361702 0.01498441 0.16495243
v 0.36901242 -0.02501427 0.16768828
v 0.36851192 -0.03499045 0.16650520
v 0.36827832 -0.04532360 0.16436088
v 0.36687693 -0.05499919 0.16495243
v 0.36560899 -0.06499416 0.16495243
v 0.37031370 -0.07140072 0.15082948
v 0.36384055 -0.07498914 0.16495243
v 0.36817825 -0.07483883 0.15445265
v 0.38576257 0.06896103 0.13493192
v 0.38309321 0.06896103 0.14225221
v 0.38182527 0.06896103 0.14557959
v 0.38019031 0.06311811 0.15045977
v 0.38039050 0.05498310 0.15090342
v 0.37458467 0.04498813 0.16495243
v 0.38622969 -0.10499284 0.06498270
v 0.38392738 -0.11498782 0.05492658
v 0.38512859 -0.11498782 0.04494439
v 0.38579592 -0.11498782 0.03496221
v 0.38709724 -0.11498782 0.00501566
v 0.38909924 -0.08528471 -0.07543334
v 0.38979995 -0.07927269 -0.07913045
v 0.38919932 -0.07555276 -0.08556341
v 0.37992334 -0.09969476 -0.09968635
v 0.38723069 -0.11498782 -0.00496652
v 0.38713059 -0.11498782 -0.01494871
v 0.38673019 -0.11498782 -0.02493089
v 0.38599610 -0.11498782 -0.03498702
v 0.38519531 -0.11498782 -0.04496920
v 0.38866547 -0.10439164 -0.04504314
v 0.38726407 -0.10499284 -0.05495138
v 0.38936615 -0.09768449 -0.05495138
v 0.38869882 -0.09458455 -0.06493357
v 0.38396072 -0.10499284 -0.07498969
v 0.38673019 -0.09499788 -0.07498969
v 0.37915593 -0.09580573 -0.10545384
v 0.37972316 -0.08877920 -0.10907701
v 0.38125801 -0.07498914 -0.11336565
v 0.37491834 -0.08498411 -0.12497455
v 0.37858868 -0.08526592 -0.11469661
v 0.37148154 -0.08498411 -0.13355184
v 0.37241584 -0.07581579 -0.13584404
v 0.37498507 -0.06499416 -0.13495673
v 0.37672013 -0.05499919 -0.13495673
v 0.37832177 -0.04545512 -0.13443914
v 0.37198204 -0.05477374 -0.14560440
v 0.37018025 -0.05127925 -0.15033670
v 0.37058064 -0.04498543 -0.15107611
v 0.37605280 -0.02501427 -0.14493892
v 0.37978989 -0.01500051 -0.13954115
v 0.38229239 -0.00588855 -0.13591799
v 0.38362706 0.00498944 -0.13495673
v 0.38422769 0.01498441 -0.13495673
v 0.38449460 0.02499818 -0.13495673
v 0.38869882 0.04498813 -0.12682311
v 0.38472819 0.03499315 -0.13495673
v 0.39043391 0.06896103 -0.12105562
v 0.38856536 0.05498310 -0.12660128
v 0.38456136 -0.09499788 0.08494707
v 0.38165843 -0.08535986 0.10542903
v 0.37972316 -0.08894828 0.10905220
v 0.38069081 -0.09225489 0.10239740
v 0.38179189 -0.09535483 0.09529897
v 0.36594266 -0.08498411 0.15497024
v 0.36891231 -0.08498411 0.14698449
v 0.36360699 -0.09499788 0.15497024
v 0.37011349 -0.09041371 0.14032970
v 0.37091431 -0.09424637 0.13441435
v 0.37351692 -0.09499788 0.12494975
v 0.38409421 -0.10499284 0.07496489
v 0.37114787 0.03499315 0.17227270
v 0.37088096 0.02499818 0.17175511
v 0.37061399 0.01498441 0.17116356
v 0.36724395 -0.00500553 0.17493461
v 0.36644316 -0.01500051 0.17493461
v 0.36454123 -0.03499045 0.17493461
v 0.36020356 -0.05174894 0.18040632
v 0.36203873 -0.05505555 0.17574798
v 0.36173844 -0.06499416 0.17352971
v 0.35846847 -0.07498914 0.17663528
v 0.35770106 -0.08442049 0.17419519
v 0.36170506 -0.08442049 0.16524820
v 0.37888896 0.06896103 0.15275198
v 0.37091431 0.06896103 0.17197692
v 0.37101442 0.06499686 0.17219876
v 0.37124798 0.04498813 0.17242058
v 0.38119131 -0.11265817 0.07496489
v 0.38195872 -0.11555145 0.06498270
v 0.38032377 -0.12068044 0.06165531
v 0.38089100 -0.12177012 0.05492658
v 0.38159168 -0.12297253 0.04494439
v 0.38232577 -0.12297253 0.03496221
v 0.38292637 -0.12297253 0.02498003
v 0.38349360 -0.12297253 0.01507179
v 0.38399410 -0.12297253 0.00501566
v 0.38439453 -0.12297253 -0.00496652
v 0.37358367 -0.11498782 -0.10493624
v 0.37672013 -0.10499284 -0.10493624
v 0.37361702 -0.10499284 -0.11499237
v 0.37635309 -0.09499788 -0.11499237
v 0.38165843 -0.10529345 -0.08519370
v 0.38059068 -0.11177515 -0.08201420
v 0.37371713 -0.12297253 -0.09495406
v 0.38429439 -0.12297253 -0.01494871
v 0.38386065 -0.12297253 -0.02493089
v 0.38372719 -0.12297253 -0.02700127
v 0.38315994 -0.12297253 -0.03498702
v 0.38235915 -0.12297253 -0.04459949
v 0.38135815 -0.12297253 -0.05495138
v 0.38412756 -0.11498782 -0.05495138
v 0.38259271 -0.11498782 -0.06493357
v 0.38566244 -0.10499284 -0.06493357
v 0.38105783 -0.11506297 -0.07417633
v 0.37224901 -0.09546756 -0.12564003
v 0.37061399 -0.09246156 -0.13155541
v 0.36941281 -0.08498411 -0.13850597
v 0.37064737 -0.07303523 -0.14146364
v 0.37148154 -0.06499416 -0.14309037
v 0.36967975 -0.05794884 -0.14937545
v 0.36751091 -0.05477374 -0.15418169
v 0.36213884 -0.05499919 -0.16364627
v 0.36781120 -0.04498543 -0.15610418
v 0.37118125 -0.03499045 -0.15211131
v 0.37692034 -0.01500051 -0.14493892
v 0.37171513 -0.02501427 -0.15299861
v 0.38022366 -0.00314556 -0.14042845
v 0.37788796 0.00498944 -0.14597411
v 0.38082427 0.01498441 -0.14153759
v 0.38105783 0.02499818 -0.14190729
v 0.38489503 0.04498813 -0.13495673
v 0.38482827 0.05498310 -0.13495673
v 0.38119131 0.04498813 -0.14249884
v 0.38836515 0.06499686 -0.12615763
v 0.38826507 0.06896103 -0.12600975
v 0.38069081 -0.10196805 0.09226734
v 0.38159168 -0.10518072 0.08487313
v 0.37024698 -0.10074686 0.13071723
v 0.36080417 -0.09499788 0.16184686
v 0.36010346 -0.10038990 0.16022013
v 0.36117119 -0.10422256 0.15460053
v 0.36771110 -0.09424637 0.14417470
v 0.36430767 -0.10499284 0.14498806
v 0.38042384 -0.11094850 0.08154573
v 0.35883552 0.05498310 0.19770877
v 0.36861199 0.03499315 0.17730075
v 0.35820156 0.01498441 0.19615600
v 0.36033702 0.00498944 0.19061033
v 0.36203873 -0.00453584 0.18573016
v 0.35786790 -0.05505555 0.18417737
v 0.35980317 -0.05841852 0.17959297
v 0.35046044 -0.04498543 0.20081434
v 0.35930264 -0.06499416 0.17855777
v 0.35616618 -0.06499416 0.18499073
v 0.35436437 -0.07498914 0.18499073
v 0.35216215 -0.08468351 0.18543439
v 0.35486487 -0.09499788 0.17493461
v 0.35860196 -0.09499788 0.16680098
v 0.35946947 -0.08738892 0.16879742
v 0.36854526 0.06896103 0.17700499
v 0.36864537 0.06499686 0.17715287
v 0.36127129 0.05498310 0.19275466
v 0.37888896 -0.11767444 0.07496489
v 0.37965643 -0.11927138 0.06831010
v 0.37955633 -0.12297253 0.05914128
v 0.37822163 -0.12297253 0.06594396
v 0.37868878 -0.12297253 0.06372569
v 0.38025701 -0.12297253 0.05492658
v 0.38052398 -0.12297253 0.05307803
v 0.37121463 -0.12297253 -0.10412288
v 0.37084758 -0.12297253 -0.10537989
v 0.37014687 -0.12047378 -0.11055584
v 0.37094766 -0.11433025 -0.11432689
v 0.37018025 -0.11055396 -0.12039015
v 0.37098104 -0.10499284 -0.12238657
v 0.37945622 -0.11842594 -0.07706007
v 0.37618625 -0.12297253 -0.08504582
v 0.37571913 -0.12297253 -0.08696831
v 0.38105783 -0.12297253 -0.05731753
v 0.38052398 -0.12148831 -0.06493357
v 0.38005683 -0.12021076 -0.07040528
v 0.36974648 -0.09913113 -0.12941109
v 0.36851192 -0.09546756 -0.13488279
v 0.36444116 -0.09499788 -0.14493892
v 0.36660999 -0.08498411 -0.14493892
v 0.36907914 -0.06499416 -0.14811844
v 0.35946947 -0.08688165 -0.15898792
v 0.36540878 -0.06499416 -0.15499505
v 0.35770106 -0.07498914 -0.16579059
v 0.35843512 -0.06499416 -0.16726944
v 0.35219553 -0.07423763 -0.17540307
v 0.35006005 -0.07038619 -0.18006141
v 0.35916919 -0.05499919 -0.16860040
v 0.35966969 -0.04765326 -0.16948770
v 0.36233902 -0.04459089 -0.16564271
v 0.36837843 -0.03499045 -0.15713936
v 0.37244919 0.00420037 -0.15595630
v 0.36884558 -0.02501427 -0.15802668
v 0.36994666 0.00034892 -0.15994917
v 0.37818828 0.01498441 -0.14656565
v 0.37361702 0.01498441 -0.15499505
v 0.37872213 0.04498813 -0.14745295
v 0.38125801 0.05498310 -0.14249884
v 0.38439453 0.06499686 -0.13495673
v 0.38419431 0.06896103 -0.13495673
v 0.37091431 -0.10444801 0.12413639
v 0.37008014 -0.11023457 0.12029140
v 0.37945622 -0.10863763 0.08820052
v 0.36911249 -0.10741644 0.12694618
v 0.36043712 -0.11111759 0.15105131
v 0.36127129 -0.11466843 0.14439651
v 0.35903573 -0.10704069 0.15770610
v 0.34949282 -0.10809279 0.17885354
v 0.34879211 -0.11592720 0.17530432
v 0.34995994 -0.11989137 0.16990654
v 0.37785462 -0.11455571 0.08487313
v 0.36027029 -0.12058651 0.14077336
v 0.36130467 -0.12297253 0.13293549
v 0.35873541 0.06499686 0.19733906
v 0.35483152 0.05498310 0.20495510
v 0.35102767 0.04498813 0.21183172
v 0.35403070 0.02499818 0.20495510
v 0.36123794 0.04498813 0.19238494
v 0.35363030 0.01498441 0.20495510
v 0.35770106 0.00498944 0.19563840
v 0.35092759 -0.03499045 0.20170166
v 0.35186186 -0.06499416 0.19334619
v 0.34805804 -0.03499045 0.20672971
v 0.34739071 -0.04498543 0.20584241
v 0.34058386 -0.07284735 0.21094441
v 0.34962627 -0.05687794 0.19940944
v 0.35089421 -0.07498914 0.19164552
v 0.35126126 -0.09499788 0.18225488
v 0.35026026 -0.08113267 0.19046246
v 0.34945944 -0.08780225 0.18905754
v 0.36460799 0.06896103 0.18499073
v 0.37618625 -0.12297253 0.07496489
v 0.37675351 -0.12297253 0.07259874
v 0.37368375 -0.12297253 0.08494707
v 0.37451792 -0.12297253 0.08169362
v 0.37058064 -0.12297253 -0.10626720
v 0.36844516 -0.12297253 -0.11299594
v 0.36907914 -0.11722354 -0.11721063
v 0.36430767 -0.12297253 -0.12482667
v 0.36744416 -0.11433025 -0.12423514
v 0.36894566 -0.10499284 -0.12741464
v 0.37835512 -0.12297253 -0.07476787
v 0.37999010 -0.12297253 -0.06493357
v 0.37915593 -0.12297253 -0.07010952
v 0.37865543 -0.12297253 -0.07306720
v 0.36580920 -0.10499284 -0.13495673
v 0.36027029 -0.10084080 -0.15055852
v 0.36110446 -0.09499788 -0.15218525
v 0.36177179 -0.08411989 -0.15536475
v 0.35856858 -0.09499788 -0.15721332
v 0.35429764 -0.09499788 -0.16497724
v 0.35716718 -0.08411989 -0.16401598
v 0.35186186 -0.08498411 -0.17281510
v 0.34669000 -0.07423763 -0.18405429
v 0.34131795 -0.07498914 -0.19189216
v 0.34715712 -0.06499416 -0.18568102
v 0.35046044 -0.06499416 -0.18065296
v 0.34055048 -0.08282354 -0.19085696
v 0.36010346 -0.04098368 -0.17015317
v 0.36377382 -0.03499045 -0.16497724
v 0.37021363 0.00701850 -0.16031888
v 0.36037040 -0.03499045 -0.17059682
v 0.36761099 0.00420037 -0.16416387
v 0.37041381 0.01498441 -0.16061464
v 0.37415090 0.04498813 -0.15499505
v 0.37862206 0.05498310 -0.14752689
v 0.38102448 0.06499686 -0.14190729
v 0.38092434 0.06896103 -0.14168547
v 0.35126126 -0.12297253 0.16332570
v 0.35142809 -0.12297253 0.16288204
v 0.35516518 -0.12297253 0.15282592
v 0.35910246 -0.11778716 0.14742814
v 0.34442106 -0.11498782 0.18499073
v 0.34011674 -0.12034227 0.19024062
v 0.34188518 -0.12297253 0.18469496
v 0.34648979 -0.12297253 0.17500855
v 0.34745744 -0.12297253 0.17293817
v 0.34955955 -0.12297253 0.16783616
v 0.35776779 -0.12297253 0.14506200
v 0.35843512 -0.12297253 0.14306556
v 0.35970306 -0.12297253 0.13870299
v 0.35960296 0.06896103 0.19512080
v 0.35853523 0.06896103 0.19711724
v 0.35419753 0.06896103 0.20495510
v 0.35449785 0.06499686 0.20495510
v 0.35096094 0.05498310 0.21175778
v 0.34809139 0.05498310 0.21671189
v 0.34809139 0.04498813 0.21685977
v 0.35066065 0.02499818 0.21116623
v 0.34909242 -0.01500051 0.20828250
v 0.35042709 0.01498441 0.21072258
v 0.35012677 0.00838999 0.21020499
v 0.34902567 -0.06499416 0.19830032
v 0.34288618 -0.07570306 0.20584241
v 0.34815812 -0.07498914 0.19659965
v 0.34018347 -0.03134567 0.22033505
v 0.33798125 -0.06499416 0.21678583
v 0.33771431 -0.07570306 0.21456757
v 0.33988315 -0.07951693 0.20976134
v 0.33924919 -0.10711583 0.19867003
v 0.34088415 -0.11498782 0.19171947
v 0.34732395 -0.08468351 0.19430743
v 0.36781120 -0.12297253 -0.11484449
v 0.36120456 -0.12297253 -0.13266453
v 0.36240578 -0.11530720 -0.13554828
v 0.36163834 -0.10450437 -0.14486498
v 0.35579914 -0.12297253 -0.14493892
v 0.35182849 -0.12297253 -0.15373804
v 0.35089421 -0.12297253 -0.15573446
v 0.34648979 -0.12297253 -0.16497724
v 0.34205201 -0.12297253 -0.17385028
v 0.34111774 -0.12297253 -0.17562489
v 0.33984980 -0.11940289 -0.17969170
v 0.34065062 -0.11273331 -0.18109661
v 0.35072738 -0.09499788 -0.17104049
v 0.33234227 -0.11498782 -0.19351888
v 0.33294287 -0.10514314 -0.19566320
v 0.33541203 -0.09499788 -0.19499773
v 0.33040699 -0.10191169 -0.20054337
v 0.33107433 -0.09499788 -0.20143069
v 0.33197522 -0.08498411 -0.20261376
v 0.34215212 -0.06499416 -0.19300129
v 0.34772438 -0.05499919 -0.18656832
v 0.35106105 -0.05499919 -0.18161421
v 0.35716718 -0.03499045 -0.17562489
v 0.35760096 -0.02501427 -0.17621642
v 0.36203873 0.00498944 -0.17281510
v 0.36717722 0.01498441 -0.16564271
v 0.35259593 -0.02501427 -0.18390641
v 0.37044716 0.02499818 -0.16068859
v 0.37381721 0.05498310 -0.15499505
v 0.37041381 0.04498813 -0.16054070
v 0.37141481 0.06896103 -0.15765697
v 0.37618625 0.06896103 -0.15004092
v 0.37815493 0.06896103 -0.14671353
v 0.33754748 -0.12297253 0.19290254
v 0.33958286 -0.12297253 0.18920544
v 0.34105101 -0.12297253 0.18639563
v 0.33821481 -0.11498782 0.19667359
v 0.33167493 -0.12297253 0.20266290
v 0.35066065 0.06896103 0.21116623
v 0.34779111 0.06896103 0.21612036
v 0.34789121 0.06499686 0.21626824
v 0.34281945 0.06896103 0.22447582
v 0.34288618 0.06499686 0.22462370
v 0.34248579 0.05449462 0.22588071
v 0.34001663 0.05084984 0.23002148
v 0.34769100 0.02499818 0.21612036
v 0.34251913 0.04506327 0.22595465
v 0.34291953 0.03499315 0.22469765
v 0.34745744 0.00502702 0.21412392
v 0.34739071 0.01498441 0.21567671
v 0.33741403 -0.02501427 0.22580677
v 0.33240899 -0.02501427 0.23342282
v 0.33297622 -0.06499416 0.22418004
v 0.33220878 -0.07498914 0.22292303
v 0.33100760 -0.08498411 0.22129631
v 0.33054045 -0.11160606 0.21079652
v 0.34008336 -0.10044626 0.20014887
v 0.33290949 -0.11496903 0.20547269
v 0.35900235 -0.12297253 -0.13769260
v 0.35963631 -0.11885805 -0.13924538
v 0.33931592 -0.12297253 -0.17880440
v 0.33581242 -0.12297253 -0.18486765
v 0.33144134 -0.12297253 -0.19218792
v 0.32823813 -0.12297253 -0.19721599
v 0.32159814 -0.12297253 -0.20734605
v 0.32016337 -0.12071802 -0.21022980
v 0.32073060 -0.11498782 -0.21104316
v 0.32163149 -0.10499284 -0.21222623
v 0.32823813 -0.08498411 -0.20764183
v 0.33848175 -0.06499416 -0.19795541
v 0.33901563 -0.05499919 -0.19869483
v 0.34271935 -0.05499919 -0.19366677
v 0.34929261 -0.02501427 -0.18893448
v 0.34875876 -0.03499045 -0.18819505
v 0.35216215 -0.03499045 -0.18316698
v 0.35836840 0.00498944 -0.17784315
v 0.36217219 0.01498441 -0.17296298
v 0.36163834 0.06896103 -0.17229749
v 0.36694366 0.06896103 -0.16438569
v 0.36901242 0.06896103 -0.16128013
v 0.36694366 0.04498813 -0.16556877
v 0.36183852 0.05498310 -0.17259327
v 0.36167169 0.06499686 -0.17244539
v 0.32940596 -0.11827564 0.20909587
v 0.32483470 -0.12297253 0.21345845
v 0.34091753 0.06896103 0.22750744
v 0.34001663 0.04844503 0.23002148
v 0.33631292 0.06499686 0.23497559
v 0.33154145 0.06499686 0.24214798
v 0.33157483 0.04498813 0.24222192
v 0.34268597 0.02499818 0.22425400
v 0.33994991 0.04177546 0.22987358
v 0.33981642 0.03499315 0.22972570
v 0.34195191 0.00498944 0.22292303
v 0.34238568 0.01498441 0.22366245
v 0.33914909 0.01498441 0.22869052
v 0.33010668 -0.00096621 0.24007760
v 0.32940596 -0.01500051 0.23911636
v 0.32883874 -0.02501427 0.23837693
v 0.32246569 -0.04498543 0.24333104
v 0.32747072 -0.04498543 0.23623261
v 0.32166487 -0.05499919 0.24229586
v 0.32943934 -0.06499416 0.22913417
v 0.32523513 -0.06499416 0.23497559
v 0.32079732 -0.06499416 0.24111278
v 0.32857180 -0.07498914 0.22795109
v 0.32169825 -0.11498782 0.22225755
v 0.32733724 -0.08498411 0.22625042
v 0.31916237 -0.10675888 0.22891234
v 0.32700357 -0.11496903 0.21449363
v 0.32036358 -0.12297253 0.22048295
v 0.31802788 -0.12297253 -0.21259594
v 0.31142128 -0.12297253 -0.22183871
v 0.31716037 -0.11498782 -0.21599728
v 0.31215534 -0.11498782 -0.22272602
v 0.31792778 -0.10499284 -0.21718036
v 0.32997322 -0.05963971 -0.20993403
v 0.33277601 -0.07498914 -0.20357500
v 0.31292278 -0.10499284 -0.22361332
v 0.33984980 -0.03701951 -0.19980396
v 0.34445441 -0.02501427 -0.19499773
v 0.34482145 -0.01500051 -0.19499773
v 0.34942609 -0.01500051 -0.18915629
v 0.35846847 0.01498441 -0.17799105
v 0.36200535 0.03499315 -0.17281510
v 0.35850185 0.02499818 -0.17791709
v 0.35813481 0.06499686 -0.17739950
v 0.35803473 0.06896103 -0.17732556
v 0.35840175 0.03499315 -0.17784315
v 0.35820156 0.05498310 -0.17762133
v 0.33614609 0.06896103 0.23497559
v 0.33724719 0.04506327 0.23401435
v 0.33147472 0.06896103 0.24207404
v 0.32793784 0.06499686 0.24717604
v 0.32800457 0.04498813 0.24724999
v 0.32793784 0.03499315 0.24710210
v 0.33144134 0.03499315 0.24207404
v 0.33951613 0.02499818 0.22920811
v 0.33627954 0.03499315 0.23497559
v 0.33557886 0.02499818 0.23497559
v 0.33484477 0.01498441 0.23497559
v 0.32753742 0.02499818 0.24651057
v 0.32253242 0.02499818 0.25323927
v 0.32209864 0.01498441 0.25264776
v 0.32159814 0.00498944 0.25213015
v 0.31779432 0.00498944 0.25715822
v 0.31732720 -0.00500553 0.25641882
v 0.31866187 -0.04498543 0.24835911
v 0.32016337 -0.02121918 0.25020766
v 0.31789443 -0.05499919 0.24732393
v 0.32026348 -0.07102497 0.24029942
v 0.32303292 -0.07461338 0.23549318
v 0.32233220 -0.08498411 0.23297916
v 0.32056376 -0.12173255 0.22077872
v 0.31789443 -0.11498782 0.22728561
v 0.31689343 -0.09499788 0.23608473
v 0.30971956 -0.10914490 0.23963395
v 0.31909561 -0.12297253 0.22210968
v 0.30761743 -0.12297253 -0.22686677
v 0.30818468 -0.11498782 -0.22775407
v 0.32026348 -0.06499416 -0.22028592
v 0.32063049 -0.05499919 -0.22065563
v 0.33017343 -0.05298892 -0.21015586
v 0.30885202 -0.10499284 -0.22856744
v 0.30384699 -0.10499284 -0.23455673
v 0.29960939 -0.10499284 -0.23951086
v 0.29990971 -0.09864265 -0.23988059
v 0.34015009 -0.02501427 -0.20017368
v 0.33037362 -0.04498543 -0.21045162
v 0.34038365 -0.01500051 -0.20039549
v 0.34965965 0.02499818 -0.18959995
v 0.34048375 -0.00500553 -0.20054337
v 0.35349682 0.02499818 -0.18457189
v 0.34962627 0.03499315 -0.18952601
v 0.35606608 0.06896103 -0.17991354
v 0.32927251 0.06896103 0.24510567
v 0.32787111 0.06896103 0.24702816
v 0.32286608 0.06896103 0.25383085
v 0.32293281 0.06499686 0.25390476
v 0.32296619 0.05498310 0.25397873
v 0.32303292 0.04498813 0.25390476
v 0.32293281 0.03499315 0.25375688
v 0.31899554 0.03499315 0.25878495
v 0.30921906 0.01498441 0.26898897
v 0.31282267 0.00498944 0.26336938
v 0.31232217 -0.00500553 0.26277781
v 0.31108758 -0.02501427 0.26129898
v 0.31055373 -0.03282988 0.26063350
v 0.31686005 -0.06499416 0.24606691
v 0.31288940 -0.05499919 0.25338718
v 0.31936258 -0.07769454 0.23919030
v 0.31185502 -0.06499416 0.25213015
v 0.30144459 -0.07498914 0.26174265
v 0.31836155 -0.08498411 0.23793328
v 0.31288940 -0.11498782 0.23342282
v 0.31145462 -0.12297253 0.23172215
v 0.31682670 -0.12297253 0.22499341
v 0.30875191 -0.11498782 0.23845087
v 0.29704016 -0.07498914 0.26677069
v 0.29146791 -0.10499284 0.26166868
v 0.30261242 -0.12297253 -0.23315185
v 0.29850829 -0.12297253 -0.23817992
v 0.30317965 -0.11498782 -0.23381734
v 0.31065381 -0.06499416 -0.23063782
v 0.32089743 -0.04498543 -0.22095141
v 0.29350328 -0.12297253 -0.24416924
v 0.29263574 -0.12297253 -0.24520442
v 0.28926569 -0.12297253 -0.24912333
v 0.28959936 -0.11498782 -0.24956700
v 0.29006648 -0.10106625 -0.25001064
v 0.30010989 -0.09197307 -0.24010241
v 0.33060718 -0.03499045 -0.21067345
v 0.33074066 -0.02501427 -0.21082133
v 0.33084077 -0.01500051 -0.21089527
v 0.34041703 0.00498944 -0.20046943
v 0.34025019 0.02499818 -0.20024762
v 0.33981642 0.05498310 -0.19980396
v 0.33964959 0.06499686 -0.19965607
v 0.34902567 0.06896103 -0.18878658
v 0.35149482 0.06896103 -0.18575495
v 0.35312980 0.06499686 -0.18383247
v 0.32059714 0.06896103 0.25686246
v 0.31916237 0.06499686 0.25893283
v 0.31919575 0.05498310 0.25893283
v 0.31912899 0.04498813 0.25893283
v 0.31018668 0.04850139 0.27024597
v 0.30958608 0.02499818 0.26950654
v 0.30808458 -0.00500553 0.26773193
v 0.30031011 0.02693329 0.28030211
v 0.30421403 0.01498441 0.27468249
v 0.30685002 -0.02501427 0.26632702
v 0.30124438 -0.03499045 0.27135512
v 0.30054367 -0.04282486 0.27054176
v 0.29987633 -0.04949444 0.26987627
v 0.30264577 -0.06499416 0.26307359
v 0.30765080 -0.06499416 0.25715822
v 0.29834145 -0.06499416 0.26810166
v 0.30805120 -0.12297253 0.23571502
v 0.30324638 -0.12297253 0.24133462
v 0.29333645 -0.06499416 0.27372125
v 0.28869843 -0.06499416 0.27874932
v 0.29203513 -0.07498914 0.27209452
v 0.28856498 -0.09499788 0.26847136
v 0.28676316 -0.10499284 0.26669675
v 0.29040015 -0.11094850 0.26041168
v 0.31088740 -0.05499919 -0.23085964
v 0.32099754 -0.03499045 -0.22095141
v 0.28426066 -0.12297253 -0.25415140
v 0.28322628 -0.12297253 -0.25518659
v 0.27918890 -0.12297253 -0.25917947
v 0.28459433 -0.11498782 -0.25444716
v 0.27942246 -0.11498782 -0.25947523
v 0.27968940 -0.10499284 -0.25969705
v 0.28499472 -0.09499788 -0.25496477
v 0.29009986 -0.09499788 -0.25008458
v 0.33050710 0.02499818 -0.21045162
v 0.33551210 0.02499818 -0.20527567
v 0.32590246 -0.01500051 -0.21584940
v 0.33037362 0.03499315 -0.21030374
v 0.33020678 0.04278998 -0.21015586
v 0.33260918 0.06896103 -0.20653269
v 0.33754748 0.06896103 -0.20157857
v 0.33954948 0.06896103 -0.19950819
v 0.34402066 0.06896103 -0.19448014
v 0.31909561 0.06896103 0.25878495
v 0.31419072 0.06896103 0.26499608
v 0.31008658 0.06896103 0.27009809
v 0.31018668 0.05498310 0.27024597
v 0.31442428 0.05498310 0.26499608
v 0.30104417 0.06499686 0.28111547
v 0.30087733 0.05498310 0.28089365
v 0.30307955 -0.00500553 0.27335155
v 0.30184498 -0.02501427 0.27209452
v 0.28085724 0.03499315 0.30078405
v 0.28059030 0.02499818 0.30056223
v 0.28032339 0.01799042 0.30034041
v 0.28896537 -0.00500553 0.28887939
v 0.29970950 0.01498441 0.27963662
v 0.29914227 0.00498944 0.27904508
v 0.29740718 -0.02501427 0.27704865
v 0.29667312 -0.03499045 0.27638316
v 0.29854167 -0.12297253 0.24643663
v 0.27171475 -0.07498914 0.29168919
v 0.27518487 -0.08562289 0.28518227
v 0.27975613 -0.08924888 0.27971056
v 0.28713021 -0.07498914 0.27704865
v 0.28953260 -0.05708461 0.27948874
v 0.28075713 -0.04498543 0.29072794
v 0.27928901 -0.05710340 0.28932303
v 0.26787755 -0.06499416 0.29804820
v 0.28049022 -0.11115516 0.27046782
v 0.28289261 -0.12297253 0.26292571
v 0.28426066 -0.12297253 0.26152080
v 0.28786427 -0.12297253 0.25774977
v 0.31088740 -0.04498543 -0.23078570
v 0.31582567 -0.03499045 -0.22597946
v 0.27992296 -0.08498411 -0.25991890
v 0.32089743 -0.01500051 -0.22080351
v 0.27418387 -0.12297253 -0.26405963
v 0.26897866 -0.12297253 -0.26901376
v 0.26907876 -0.11498782 -0.26916164
v 0.27982289 -0.09499788 -0.25984496
v 0.31979632 0.05498310 -0.21976833
v 0.31942928 0.06896103 -0.21947256
v 0.32456779 0.06896103 -0.21444450
v 0.32953945 0.06896103 -0.20956431
v 0.30761743 0.06896103 0.27312973
v 0.30604920 0.06499686 0.27512616
v 0.30291271 0.06896103 0.27867538
v 0.30091071 0.06896103 0.28096759
v 0.29600579 0.06896103 0.28599563
v 0.29607251 0.06499686 0.28614354
v 0.29800779 -0.01500051 0.27771413
v 0.28092396 0.04498813 0.30085802
v 0.27551854 0.04498813 0.30588606
v 0.27051353 0.04498813 0.31047049
v 0.27531835 0.03499315 0.30581212
v 0.27004638 0.01936191 0.31002682
v 0.27515152 0.02499818 0.30559030
v 0.26967937 0.01269234 0.30965713
v 0.27888858 -0.00500553 0.29893550
v 0.27832136 -0.01500051 0.29827005
v 0.28396034 -0.00500553 0.29390746
v 0.28325966 -0.01500051 0.29331592
v 0.28823131 -0.01500051 0.28828785
v 0.29300278 -0.01500051 0.28325978
v 0.29357001 -0.00500553 0.28392527
v 0.29166809 -0.03499045 0.28163305
v 0.26951253 -0.08864768 0.28954485
v 0.26624256 -0.07498914 0.29664332
v 0.26901203 -0.11748657 0.27897114
v 0.28666306 -0.03499045 0.28666112
v 0.26704338 -0.02501427 0.30721703
v 0.26207173 -0.02501427 0.31187537
v 0.26093724 -0.03499045 0.31084019
v 0.26023653 -0.04098368 0.31017470
v 0.25843474 -0.05499919 0.30869588
v 0.26287252 -0.06499416 0.30248472
v 0.27902207 -0.11780595 0.26906291
v 0.27882186 -0.12297253 0.26699254
v 0.30548197 -0.04498543 -0.23581377
v 0.31082064 -0.03499045 -0.23071176
v 0.31072056 -0.02501427 -0.23063782
v 0.25830126 -0.12297253 -0.27855229
v 0.26901203 -0.09499788 -0.26916164
v 0.27491796 -0.08498411 -0.26405963
v 0.27978951 -0.07498914 -0.25977099
v 0.30034345 -0.03499045 -0.24032423
v 0.30047694 -0.04498543 -0.24039817
v 0.31001985 0.02028250 -0.22997233
v 0.26397362 -0.12297253 -0.27352422
v 0.31742728 0.06896103 -0.22117323
v 0.29100075 0.06896103 0.29094976
v 0.29106748 0.06499686 0.29102370
v 0.28089061 0.06499686 0.30078405
v 0.27054688 0.05498310 0.31047049
v 0.28589565 0.06499686 0.29605177
v 0.25950247 0.02499818 0.31956536
v 0.25906870 0.01498441 0.31919566
v 0.26280579 -0.01500051 0.31261480
v 0.27331632 -0.01500051 0.30292839
v 0.25846809 0.00498944 0.31867805
v 0.25886852 -0.11498782 0.28902727
v 0.26540840 -0.11448056 0.28340766
v 0.26123756 -0.07498914 0.30100590
v 0.25893524 -0.08712589 0.29900944
v 0.25232860 -0.09499788 0.30196714
v 0.24148439 -0.12297253 0.30115378
v 0.26414046 -0.12297253 0.28126335
v 0.26777744 -0.12297253 0.27778807
v 0.27785423 -0.12297253 0.26795378
v 0.25713342 -0.01500051 0.31756893
v 0.25606570 -0.02501427 0.31690344
v 0.24872498 -0.04498543 0.31904775
v 0.25563192 -0.04457210 0.31335422
v 0.25342971 -0.05499919 0.31283662
v 0.25699997 -0.06499416 0.30751279
v 0.30518165 -0.02501427 -0.23566589
v 0.25329626 -0.12297253 -0.28269306
v 0.26400700 -0.09499788 -0.27322847
v 0.27478448 -0.07498914 -0.26383781
v 0.26881182 -0.08498411 -0.26901376
v 0.30835152 0.06896103 -0.22871532
v 0.31205523 0.06896103 -0.22568369
v 0.28786427 0.06896103 0.29398140
v 0.28579554 0.06896103 0.29597783
v 0.28079051 0.06896103 0.30063617
v 0.27027994 0.06317447 0.31024864
v 0.26497462 0.05498310 0.31505489
v 0.25943574 0.05498310 0.31956536
v 0.25449744 0.02499818 0.32348430
v 0.25406367 0.01498441 0.32326245
v 0.25212839 -0.01500051 0.32163572
v 0.26290590 -0.12297253 0.28237247
v 0.25079373 -0.07198313 0.31061837
v 0.25536498 -0.08427018 0.30292839
v 0.24819112 -0.08498411 0.30854797
v 0.24612238 -0.09499788 0.30699521
v 0.23691313 -0.11498782 0.30758673
v 0.23057343 -0.12107498 0.31039655
v 0.23264217 -0.12297253 0.30803040
v 0.25106066 -0.02501427 0.32074842
v 0.23994951 -0.01973497 0.32991725
v 0.24371997 -0.04498543 0.32267094
v 0.22977263 -0.05892579 0.32976937
v 0.24221845 -0.05499919 0.32156178
v 0.24719012 -0.05499919 0.31786469
v 0.25199494 -0.06499416 0.31157961
v 0.24215172 -0.12297253 -0.29164004
v 0.25319615 -0.11498782 -0.28254518
v 0.24688981 -0.11498782 -0.28757325
v 0.26841143 -0.07498914 -0.26879194
v 0.25299594 -0.10499284 -0.28232333
v 0.25766730 -0.09499788 -0.27818260
v 0.30334648 0.06896103 -0.23248637
v 0.27631935 0.06896103 0.30455512
v 0.27445081 0.06896103 0.30618185
v 0.27091393 0.06896103 0.30921346
v 0.26727694 0.06896103 0.31231904
v 0.26137102 0.06896103 0.31719920
v 0.25910208 0.06499686 0.31926960
v 0.25409704 0.06499686 0.32296669
v 0.24291916 0.04498813 0.33213553
v 0.24792418 0.04498813 0.32843840
v 0.24792418 0.03499315 0.32843840
v 0.24785745 0.02499818 0.32843840
v 0.24265222 0.01498441 0.33198762
v 0.24765725 0.01498441 0.32821658
v 0.24061684 -0.01306539 0.33043486
v 0.24435394 -0.01584595 0.32725534
v 0.23854810 -0.07498914 0.31897381
v 0.24565524 -0.07517701 0.31357604
v 0.23661283 -0.08498411 0.31756893
v 0.24321947 -0.08498411 0.31254086
v 0.24118409 -0.09499788 0.31084019
v 0.22913866 -0.09753419 0.31926960
v 0.22777061 -0.12297253 0.31165355
v 0.23007293 -0.12297253 0.31002682
v 0.22246529 -0.10499284 0.32163572
v 0.22083032 -0.11164363 0.32052660
v 0.23164117 -0.04498543 0.33102638
v 0.23661283 -0.04498543 0.32769898
v 0.23597886 -0.01584595 0.33302283
v 0.22760378 -0.01500051 0.33849454
v 0.22139755 -0.02501427 0.34078676
v 0.21539152 -0.08436412 0.33228341
v 0.21899514 -0.08729498 0.32925177
v 0.22049665 -0.03134567 0.34026915
v 0.21072017 -0.06213846 0.34034309
v 0.20958570 -0.06878924 0.33975154
v 0.24191815 -0.11498782 -0.29141822
v 0.23514469 -0.12297253 -0.29674205
v 0.30064377 0.06896103 -0.23448280
v 0.25890186 0.06896103 0.31912172
v 0.25389683 0.06896103 0.32281882
v 0.24975936 0.06896103 0.32585043
v 0.24702328 0.06896103 0.32784688
v 0.24719012 0.06499686 0.32799476
v 0.24258550 0.05498310 0.33183974
v 0.23571192 0.04498813 0.33708963
v 0.23094046 0.03499315 0.34056491
v 0.23594549 0.03499315 0.33708963
v 0.23574530 0.02499818 0.33701569
v 0.23074026 0.02499818 0.34041703
v 0.23424378 0.01413898 0.33753330
v 0.23501122 0.00498944 0.33612838
v 0.23501122 -0.00500553 0.33501926
v 0.22867152 -0.00500553 0.33916003
v 0.21906188 -0.11831322 0.31934354
v 0.21766047 -0.12297253 0.31853017
v 0.21702650 -0.09499788 0.32814264
v 0.21202147 -0.09499788 0.33124822
v 0.21425705 -0.10444801 0.32688564
v 0.20881826 -0.10743523 0.32925177
v 0.21542490 -0.11498782 0.32274488
v 0.22259876 -0.01500051 0.34145221
v 0.21405685 -0.00421645 0.34751546
v 0.20020962 -0.04072066 0.35010344
v 0.19924198 -0.04739023 0.34958586
v 0.20825103 -0.07498914 0.33893818
v 0.20488098 -0.08577318 0.33812481
v 0.20324600 -0.07498914 0.34174800
v 0.20144419 -0.08295505 0.34078676
v 0.19794068 -0.05499919 0.34884644
v 0.19136742 -0.06309662 0.35069498
v 0.23337625 -0.12297253 -0.29799908
v 0.23030649 -0.12297253 -0.30014339
v 0.24138428 -0.10499284 -0.29097456
v 0.29643956 0.06896103 -0.23751444
v 0.24205162 0.06896103 0.33139610
v 0.23070690 0.04498813 0.34041703
v 0.22500117 0.03499315 0.34389231
v 0.22500117 0.02499818 0.34381837
v 0.23040660 0.01691953 0.34019521
v 0.22997282 0.01024995 0.33997339
v 0.22960579 0.00498944 0.33967760
v 0.22460076 0.00498944 0.34270924
v 0.22366650 -0.00500553 0.34211770
v 0.21275555 -0.12297253 0.32148784
v 0.19980922 -0.08962464 0.33989945
v 0.20214489 -0.11303391 0.33110031
v 0.21582529 0.00498944 0.34773731
v 0.21082027 0.00498944 0.35039923
v 0.20501444 0.00498944 0.35343084
v 0.19500439 -0.03499045 0.35350478
v 0.18038972 -0.04120913 0.36015958
v 0.19553827 -0.04442180 0.35195199
v 0.18426028 -0.04472240 0.35764554
v 0.19293565 -0.05499919 0.35150835
v 0.19500439 -0.07498914 0.34611058
v 0.18873143 -0.07498914 0.34936401
v 0.19590530 -0.08577318 0.34293106
v 0.18502772 -0.05499919 0.35550120
v 0.18596199 -0.06585839 0.35276535
v 0.22960579 -0.11309028 -0.29969975
v 0.23404358 -0.11585204 -0.29696387
v 0.22516800 -0.12297253 -0.30354473
v 0.29143453 0.06896103 -0.24091578
v 0.23501122 0.06896103 0.33583263
v 0.23030649 0.05203345 0.34012127
v 0.22613564 0.06896103 0.34130433
v 0.21892841 0.06896103 0.34544510
v 0.21569183 0.06499686 0.34758940
v 0.21122067 0.05498310 0.35062104
v 0.21168780 0.04498813 0.35091680
v 0.21692640 0.02499818 0.34832883
v 0.21188802 0.03499315 0.35099074
v 0.22600217 0.01413898 0.34263530
v 0.21669284 0.01498441 0.34810701
v 0.20508118 -0.12297253 0.32585043
v 0.18506108 -0.08575439 0.34840277
v 0.17978913 -0.08960585 0.34988162
v 0.19100037 -0.10155472 0.34049097
v 0.19460399 -0.10491770 0.33760723
v 0.19587193 -0.11581447 0.33331859
v 0.19370309 -0.12297253 0.33191368
v 0.19874148 -0.12297253 0.32932571
v 0.21168780 0.01498441 0.35084286
v 0.20501444 0.01498441 0.35431814
v 0.19093364 0.00498944 0.36045533
v 0.18115716 -0.03499045 0.36052927
v 0.17501765 -0.03499045 0.36348698
v 0.17558490 -0.04472240 0.36186025
v 0.17925525 -0.04787871 0.35964197
v 0.18372640 -0.07498914 0.35173017
v 0.18175776 -0.08293627 0.35076892
v 0.17778711 -0.05499919 0.35897648
v 0.17468399 -0.06533234 0.35816315
v 0.22576861 -0.11585204 -0.30243561
v 0.27385020 0.06896103 -0.25245073
v 0.28255895 0.06896103 -0.24683115
v 0.21739353 -0.12297253 -0.30842492
v 0.23160781 0.06896103 0.33797693
v 0.21041986 0.06896103 0.35017738
v 0.21072017 0.06499686 0.35032529
v 0.20501444 0.05498310 0.35372660
v 0.17625225 0.04498813 0.36821926
v 0.18502772 0.03499315 0.36437428
v 0.19196801 0.03499315 0.36097294
v 0.21192138 0.02499818 0.35091680
v 0.19703977 0.02499818 0.35853285
v 0.20501444 0.02499818 0.35446602
v 0.15940198 -0.11912108 0.34973374
v 0.18743011 -0.12297253 0.33509320
v 0.18876480 -0.10820551 0.33938184
v 0.17588520 -0.08575439 0.35261747
v 0.16500762 -0.09499788 0.35453996
v 0.19677284 0.01498441 0.35838497
v 0.19180118 0.01498441 0.36082506
v 0.18502772 0.00498944 0.36319119
v 0.16784379 -0.01500051 0.36903262
v 0.17501765 -0.01500051 0.36570522
v 0.17501765 -0.02501427 0.36459610
v 0.16664259 -0.02501427 0.36851501
v 0.16437364 -0.03512197 0.36821926
v 0.17278209 -0.05499919 0.36119476
v 0.15953545 -0.03854130 0.36977205
v 0.16500762 -0.04498543 0.36637071
v 0.17501765 -0.07498914 0.35572305
v 0.16941203 -0.06890197 0.35971591
v 0.17111374 -0.06223239 0.36045533
v 0.26574206 0.06896103 -0.25740486
v 0.23958248 0.06896103 -0.27330241
v 0.24255212 0.06896103 -0.27152780
v 0.24755715 0.06896103 -0.26849619
v 0.21238852 -0.12297253 -0.31138259
v 0.19013283 0.06896103 0.36001170
v 0.17067997 0.05329222 0.37028965
v 0.17124721 0.04498813 0.37051147
v 0.17655253 0.03499315 0.36836714
v 0.19206811 0.02499818 0.36097294
v 0.15729988 -0.12297253 0.34921613
v 0.16500762 -0.12297253 0.34566692
v 0.17545143 -0.12297253 0.34078676
v 0.15509766 -0.09544877 0.35845891
v 0.15182772 -0.09242398 0.36067715
v 0.15566489 -0.11547630 0.35232171
v 0.14872460 -0.12297253 0.35276535
v 0.15282872 -0.12297253 0.35113862
v 0.15319575 -0.12297253 0.35099074
v 0.16754350 -0.07498914 0.35897648
v 0.16440701 -0.08457078 0.35771948
v 0.15850109 -0.08761436 0.35934621
v 0.18502772 0.02499818 0.36422640
v 0.17154750 0.03499315 0.37065935
v 0.18502772 0.01498441 0.36385667
v 0.17034630 0.00869059 0.37006781
v 0.17421687 0.00521489 0.36807138
v 0.16377304 -0.00500553 0.37169454
v 0.16283877 -0.01500051 0.37117696
v 0.16163757 -0.02501427 0.37065935
v 0.16060320 -0.03187172 0.37021568
v 0.16500762 -0.05499919 0.36444822
v 0.15810068 -0.04498543 0.36918050
v 0.15503094 -0.02501427 0.37339520
v 0.15573163 -0.03512197 0.37176847
v 0.15309566 -0.04498543 0.37117696
v 0.16564158 -0.06533234 0.36200812
v 0.15503094 -0.06499416 0.36629677
v 0.15503094 -0.07498914 0.36393061
v 0.16253847 -0.07498914 0.36097294
v 0.21112058 -0.12297253 -0.31212202
v 0.21051997 0.06896103 -0.29023516
v 0.18886490 0.06896103 0.36060321
v 0.17001264 0.05996180 0.36999387
v 0.16600862 0.05597884 0.37206426
v 0.16500762 0.04498813 0.37317339
v 0.13501084 -0.10499284 0.36326513
v 0.14205123 -0.10499284 0.36075112
v 0.14011596 -0.11014064 0.36001170
v 0.14925846 -0.09909356 0.35971591
v 0.15509766 -0.08457078 0.36149052
v 0.14502089 -0.08498411 0.36511371
v 0.13751334 -0.11681021 0.35905045
v 0.13597848 -0.12297253 0.35771948
v 0.16066992 -0.08094479 0.36023352
v 0.16500762 0.03499315 0.37332126
v 0.16500762 0.02499818 0.37295157
v 0.17111374 0.02499818 0.37043753
v 0.16500762 0.01498441 0.37250790
v 0.15503094 0.00498944 0.37605712
v 0.15503094 -0.00500553 0.37531769
v 0.15503094 -0.01500051 0.37443039
v 0.15476400 -0.05531858 0.36844108
v 0.14502089 -0.02501427 0.37709230
v 0.14502089 -0.03499045 0.37576136
v 0.14502089 -0.04498543 0.37413463
v 0.15129384 -0.05221863 0.37043753
v 0.14752340 -0.06499416 0.36910656
v 0.14078330 -0.07100618 0.37021568
v 0.20501444 -0.12297253 -0.31559730
v 0.20554832 0.06896103 -0.29289708
v 0.17955555 0.06896103 0.36481792
v 0.17501765 0.06499686 0.36725801
v 0.16437364 0.06499686 0.37191635
v 0.15503094 0.05498310 0.37664866
v 0.15503094 0.04498813 0.37709230
v 0.12500079 -0.11498782 0.36385667
v 0.12740320 -0.12297253 0.36082506
v 0.13451034 -0.11408602 0.36089900
v 0.12500079 -0.10499284 0.36659253
v 0.13083997 -0.12092468 0.36023352
v 0.13290873 -0.12297253 0.35890254
v 0.15503094 0.01498441 0.37650079
v 0.15503094 0.03499315 0.37724021
v 0.14715636 0.00498944 0.37901482
v 0.14612198 -0.00500553 0.37864509
v 0.14422008 -0.01468112 0.37842327
v 0.13921505 -0.01779985 0.37975422
v 0.13781366 -0.02501427 0.37938452
v 0.13474390 -0.03538499 0.37886691
v 0.13501084 -0.04498543 0.37724021
v 0.13501084 -0.05499919 0.37524375
v 0.13501084 -0.06499416 0.37317339
v 0.13491073 -0.07459460 0.37117696
v 0.11956199 -0.09928143 0.36984599
v 0.19837445 -0.12297253 -0.31914651
v 0.19470409 0.06896103 -0.29814696
v 0.19737343 -0.12297253 -0.31966412
v 0.17501765 0.06896103 0.36681437
v 0.17161424 0.06896103 0.36829320
v 0.16580841 0.06896103 0.37080723
v 0.15816742 0.06896103 0.37391281
v 0.15503094 0.06499686 0.37568742
v 0.14678933 0.06499686 0.37879297
v 0.14792380 0.05498310 0.37923664
v 0.14852440 0.04498813 0.37945846
v 0.14875796 0.03499315 0.37953240
v 0.11502410 -0.11498782 0.36703619
v 0.12623537 -0.12297253 0.36119476
v 0.11575818 -0.10596980 0.36925444
v 0.14835757 0.02499818 0.37938452
v 0.14281867 0.01498441 0.38093731
v 0.14215133 0.00498944 0.38064152
v 0.14115033 -0.00500553 0.38034576
v 0.14038289 -0.01113027 0.38005000
v 0.13554470 -0.01468112 0.38115913
v 0.13284199 -0.02501427 0.38078943
v 0.13120702 -0.03230384 0.38027182
v 0.12947194 -0.03897341 0.37982818
v 0.12746993 -0.04498543 0.37931058
v 0.12430009 -0.05434163 0.37834933
v 0.12500079 -0.06499416 0.37605712
v 0.12500079 -0.07498914 0.37383887
v 0.11292200 -0.10330196 0.37080723
v 0.19336942 -0.12297253 -0.32158661
v 0.07188080 0.05864667 -0.35774428
v 0.07188080 0.06896103 -0.35641333
v 0.15503094 0.06896103 0.37516981
v 0.14585505 0.06896103 0.37864509
v 0.14281867 0.06896103 0.37975422
v 0.14178431 0.06499686 0.38056758
v 0.14291877 0.05498310 0.38101125
v 0.14351937 0.04498813 0.38115913
v 0.14375295 0.03499315 0.38123307
v 0.11502410 -0.12297253 0.36467004
v 0.10998571 -0.10995276 0.36991993
v 0.10010913 -0.12007924 0.36999387
v 0.14335254 0.02499818 0.38108519
v 0.13501084 0.02499818 0.38382104
v 0.13501084 0.01498441 0.38337740
v 0.13501084 0.00498944 0.38285980
v 0.13501084 -0.00500553 0.38219431
v 0.12500079 -0.01500051 0.38382104
v 0.12500079 -0.02501427 0.38271192
v 0.12570149 -0.03538499 0.38123307
v 0.12246491 -0.04498543 0.38056758
v 0.12049627 -0.05058412 0.38005000
v 0.10501406 -0.09499788 0.37472618
v 0.10825063 -0.06769957 0.37960634
v 0.10501406 -0.08498411 0.37687048
v 0.10598169 -0.10596980 0.37191635
v 0.18502772 -0.12297253 -0.32535765
v 0.07188080 0.04821958 -0.35892737
v 0.07188080 0.06896103 0.39136314
v 0.14115033 0.06896103 0.38034576
v 0.13501084 0.06499686 0.38263798
v 0.13501084 0.05498310 0.38345134
v 0.13501084 0.04498813 0.38389498
v 0.13501084 0.03499315 0.38396892
v 0.10301204 -0.12297253 0.36814532
v 0.09383617 -0.12297253 0.37036359
v 0.09787355 -0.12297253 0.36947629
v 0.09500401 -0.10499284 0.37480012
v 0.09500401 -0.11498782 0.37236002
v 0.08502732 -0.11498782 0.37450433
v 0.08499396 -0.12297253 0.37213820
v 0.12500079 0.02499818 0.38648295
v 0.12500079 0.01498441 0.38603932
v 0.12500079 0.00498944 0.38544777
v 0.12500079 -0.00500553 0.38470834
v 0.11502410 -0.01500051 0.38581747
v 0.11502410 -0.02501427 0.38485622
v 0.11502410 -0.03499045 0.38367316
v 0.11502410 -0.04498543 0.38226825
v 0.09500401 -0.09499788 0.37709230
v 0.10157727 -0.07177646 0.38027182
v 0.09857425 -0.07844605 0.37968028
v 0.09517084 -0.08530350 0.37908876
v 0.17661926 -0.12297253 -0.32875898
v 0.07188080 0.02499818 -0.36099774
v 0.07188080 0.06499686 0.39180678
v 0.09253486 0.06206600 0.39025402
v 0.09553787 0.06524110 0.38958853
v 0.08819717 0.06896103 0.38981035
v 0.13824742 0.06896103 0.38123307
v 0.13527778 0.06896103 0.38212037
v 0.12917164 0.06896103 0.38374710
v 0.12500079 0.06499686 0.38529989
v 0.12500079 0.05498310 0.38611326
v 0.12500079 0.04498813 0.38655689
v 0.12500079 0.03499315 0.38663083
v 0.08502732 -0.10499284 0.37687048
v 0.07188080 -0.10581950 0.37908876
v 0.07501727 -0.11498782 0.37627894
v 0.07501727 -0.12297253 0.37406069
v 0.07705265 -0.12297253 0.37369096
v 0.11502410 0.02499818 0.38870123
v 0.11502410 0.01498441 0.38818362
v 0.11502410 0.00498944 0.38751814
v 0.10501406 -0.01500051 0.38773999
v 0.10501406 -0.02501427 0.38685268
v 0.10501406 -0.03499045 0.38574353
v 0.10501406 -0.04498543 0.38426471
v 0.08869767 -0.08885434 0.37975422
v 0.09193426 -0.08218476 0.38034576
v 0.17161424 -0.12297253 -0.33060753
v 0.07188080 0.01496563 -0.36107168
v 0.16494088 -0.12297253 -0.33304763
v 0.16300561 -0.12297253 -0.33371311
v 0.15433022 -0.12297253 -0.33652291
v 0.07188080 0.05498310 0.39276803
v 0.09920822 0.05890969 0.38988429
v 0.10501406 0.06499686 0.38862729
v 0.08502732 0.05498310 0.39158496
v 0.09553787 0.05534006 0.39054978
v 0.09914149 0.06896103 0.38870123
v 0.12500079 0.06896103 0.38485622
v 0.11896139 0.06896103 0.38603932
v 0.11502410 0.06499686 0.38722238
v 0.11502410 0.05498310 0.38810968
v 0.11502410 0.04498813 0.38862729
v 0.11502410 0.03499315 0.38884911
v 0.07188080 -0.10162988 0.37997606
v 0.07188080 -0.11744899 0.37613106
v 0.07188080 -0.12297253 0.37457827
v 0.10945185 0.03499315 0.38988429
v 0.10905144 0.02499818 0.38981035
v 0.10758330 0.01498441 0.38958853
v 0.09974210 0.00059316 0.38995823
v 0.09854089 -0.00500553 0.38973641
v 0.10501406 -0.00500553 0.38855335
v 0.09500401 -0.01575201 0.38944066
v 0.09500401 -0.02501427 0.38862729
v 0.09500401 -0.03499045 0.38751814
v 0.09500401 -0.04498543 0.38603932
v 0.08502732 -0.06499416 0.38463441
v 0.08502732 -0.07498914 0.38293374
v 0.07501727 -0.07498914 0.38463441
v 0.07501727 -0.08498411 0.38278586
v 0.07188080 -0.08810285 0.38271192
v 0.07485044 -0.09490393 0.38086337
v 0.07188080 0.00498944 -0.36033225
v 0.15159415 -0.12297253 -0.33733627
v 0.14608863 -0.12297253 -0.33896300
v 0.14175093 -0.12297253 -0.34022000
v 0.13701284 -0.12297253 -0.34140310
v 0.13537787 -0.12297253 -0.34177279
v 0.12496742 -0.12297253 -0.34376922
v 0.12299877 -0.12297253 -0.34413895
v 0.11502410 -0.12297253 -0.34554383
v 0.11298873 -0.12297253 -0.34583962
v 0.10501406 -0.12297253 -0.34687480
v 0.07188080 0.04186939 0.39350745
v 0.07501727 0.03499315 0.39365533
v 0.08502732 0.04498813 0.39225045
v 0.10494733 0.05534006 0.38951460
v 0.11502410 0.06896103 0.38677874
v 0.10898471 0.06896103 0.38759208
v 0.09500401 0.04498813 0.39128920
v 0.10334572 0.04498813 0.39040190
v 0.10154390 0.05224012 0.39010611
v 0.10835074 0.04498813 0.38973641
v 0.07188080 -0.09760934 0.38078943
v 0.07188080 -0.12297253 -0.35042402
v 0.10444681 0.03499315 0.39054978
v 0.09500401 0.02499818 0.39173284
v 0.08502732 0.01498441 0.39291593
v 0.10261165 0.01498441 0.39032796
v 0.10107677 0.00726274 0.39018005
v 0.09587154 0.00435067 0.39077160
v 0.08502732 0.00498944 0.39239833
v 0.08502732 -0.00500553 0.39173284
v 0.09163396 -0.01291509 0.39018005
v 0.08976541 -0.01958467 0.38995823
v 0.08776340 -0.02501427 0.38973641
v 0.08435999 -0.03427653 0.38907093
v 0.07501727 -0.06499416 0.38618720
v 0.08502732 -0.05499919 0.38611326
v 0.07188080 -0.07810786 0.38448653
v 0.10297868 -0.12297253 -0.34709662
v 0.07188080 0.03499315 0.39387718
v 0.07188080 0.02499818 0.39432082
v 0.07501727 0.02499818 0.39402506
v 0.08502732 0.03499315 0.39269409
v 0.09500401 0.03499315 0.39165890
v 0.08502732 0.02499818 0.39298987
v 0.07501727 0.01498441 0.39402506
v 0.07501727 0.00498944 0.39358139
v 0.07501727 -0.00500553 0.39298987
v 0.08586149 -0.01575201 0.39077160
v 0.07501727 -0.01500051 0.39217651
v 0.08275838 -0.02501427 0.39032796
v 0.08058953 -0.03046266 0.39003217
v 0.07501727 -0.05499919 0.38751814
v 0.07188080 -0.06811289 0.38603932
v 0.07188080 0.01498441 0.39424688
v 0.07188080 0.01186568 0.39417294
v 0.07188080 0.00498944 0.39387718
v 0.07188080 -0.00812426 0.39306381
v 0.07188080 -0.01500051 0.39247227
v 0.07188080 -0.01811924 0.39217651
v 0.07501727 -0.02501427 0.39121526
v 0.07501727 -0.03241656 0.39032796
v 0.07188080 -0.02501427 0.39151102
f 1 2 3
f 1 3 4
f 1 4 5
f 1 5 6
f 1 6 7
f 1 7 8
f 1 8 9
f 1 9 11
f 1 11 2
f 2 10 3
f 2 11 12
f 2 12 10
f 3 10 13
f 3 13 14
f 3 14 15
f 3 15 4
f 4 15 16
f 4 16 17
f 4 17 5
f 5 17 18
f 5 18 19
f 5 19 6
f 6 20 22
f 6 22 21
f 6 21 7
f 6 19 20
f 7 21 8
f 8 21 22
f 8 22 23
f 8 23 9
f 9 24 25
f 9 25 11
f 9 23 24
f 10 12 26
f 10 26 13
f 11 25 27
f 11 27 12
f 12 27 28
f 12 28 48
f 12 48 26
f 13 26 29
f 13 29 52
f 13 52 92
f 13 92 136
f 13 136 135
f 13 135 137
f 13 137 138
f 13 138 140
f 13 140 184
f 13 184 234
f 13 234 233
f 13 233 232
f 13 232 239
f 13 239 304
f 13 304 303
f 13 303 302
f 13 302 367
f 13 367 431
f 13 431 433
f 13 433 499
f 13 499 576
f 13 576 646
f 13 646 714
f 13 714 781
f 13 781 780
f 13 780 779
f 13 779 828
f 13 828 827
f 13 827 826
f 13 826 876
f 13 876 923
f 13 923 968
f 13 968 967
f 13 967 1012
f 13 1012 1011
f 13 1011 1010
f 13 1010 1009
f 13 1009 1054
f 13 1054 1053
f 13 1053 1052
f 13 1052 1100
f 13 1100 1132
f 13 1132 1131
f 13 1131 1163
f 13 1163 1201
f 13 1201 1237
f 13 1237 1266
f 13 1266 1299
f 13 1299 1298
f 13 1298 1330
f 13 1330 1333
f 13 1333 1332
f 13 1332 1331
f 13 1331 1371
f 13 1371 1400
f 13 1400 1426
f 13 1426 1456
f 13 1456 1483
f 13 1483 1513
f 13 1513 1545
f 13 1545 1587
f 13 1587 1586
f 13 1586 1547
f 13 1547 1546
f 13 1546 1516
f 13 1516 1515
f 13 1515 1514
f 13 1514 1484
f 13 1484 1459
f 13 1459 1458
f 13 1458 1457
f 13 1457 1431
f 13 1431 1430
f 13 1430 1429
f 13 1429 1428
f 13 1428 1401
f 13 1401 1372
f 13 1372 1335
f 13 1335 1302
f 13 1302 1270
f 13 1270 1269
f 13 1269 1301
f 13 1301 1267
f 13 1267 1238
f 13 1238 1205
f 13 1205 1204
f 13 1204 1203
f 13 1203 1202
f 13 1202 1168
f 13 1168 1167
f 13 1167 1166
f 13 1166 1165
f 13 1165 1164
f 13 1164 1135
f 13 1135 1134
f 13 1134 1133
f 13 1133 1101
f 13 1101 1059
f 13 1059 1058
f 13 1058 1057
f 13 1057 1055
f 13 1055 1015
f 13 1015 1014
f 13 1014 1013
f 13 1013 970
f 13 970 926
f 13 926 925
f 13 925 924
f 13 924 881
f 13 881 879
f 13 879 834
f 13 834 790
f 13 790 788
f 13 788 787
f 13 787 730
f 13 730 729
f 13 729 728
f 13 728 677
f 13 677 601
f 13 601 526
f 13 526 525
f 13 525 454
f 13 454 453
f 13 453 452
f 13 452 385
f 13 385 324
f 13 324 323
f 13 323 258
f 13 258 322
f 13 322 321
f 13 321 254
f 13 254 253
f 13 253 252
f 13 252 251
f 13 251 240
f 13 240 185
f 13 185 141
f 13 141 93
f 13 93 54
f 13 54 53
f 13 53 30
f 13 30 16
f 13 16 15
f 13 15 14
f 16 30 31
f 16 31 17
f 17 31 18
f 18 31 32
f 18 32 19
f 19 33 34
f 19 34 20
f 19 32 35
f 19 35 36
f 19 36 33
f 20 37 22
f 20 34 37
f 22 38 39
f 22 39 23
f 22 37 40
f 22 40 38
f 23 39 24
f 24 41 42
f 24 42 25
f 24 39 43
f 24 43 41
f 25 42 44
f 25 44 45
f 25 45 46
f 25 46 47
f 25 47 27
f 26 48 29
f 27 47 49
f 27 49 28
f 28 49 50
f 28 50 51
f 28 51 48
f 29 48 52
f 30 53 31
f 31 53 54
f 31 54 55
f 31 55 32
f 32 55 56
f 32 56 57
f 32 57 35
f 33 58 34
f 33 36 59
f 33 59 60
f 33 60 61
f 33 61 62
f 33 62 63
f 33 63 64
f 33 64 58
f 34 58 65
f 34 65 66
f 34 66 67
f 34 67 40
f 34 40 37
f 35 57 36
f 36 57 59
f 38 68 39
f 38 40 67
f 38 67 69
f 38 69 68
f 39 70 43
f 39 68 70
f 41 43 42
f 42 71 72
f 42 72 73
f 42 73 44
f 42 43 71
f 43 70 74
f 43 74 75
f 43 75 76
f 43 76 77
f 43 77 78
f 43 78 79
f 43 79 80
f 43 80 71
f 44 73 45
f 45 81 46
f 45 73 82
f 45 82 83
f 45 83 84
f 45 84 85
f 45 85 86
f 45 86 81
f 46 81 87
f 46 87 47
f 47 87 88
f 47 88 49
f 48 51 52
f 49 88 50
f 50 89 51
f 50 88 90
f 50 90 91
f 50 91 89
f 51 89 92
f 51 92 52
f 54 93 55
f 55 94 56
f 55 93 95
f 55 95 96
f 55 96 94
f 56 94 97
f 56 97 57
f 57 97 59
f 58 98 66
f 58 66 65
f 58 64 99
f 58 99 98
f 59 97 100
f 59 100 60
f 60 100 61
f 61 100 62
f 62 101 102
f 62 102 103
f 62 103 63
f 62 100 104
f 62 104 105
f 62 105 106
f 62 106 101
f 63 103 64
f 64 103 102
f 64 102 99
f 66 107 69
f 66 69 67
f 66 98 108
f 66 108 109
f 66 109 110
f 66 110 111
f 66 111 107
f 68 75 70
f 68 69 75
f 69 107 75
f 70 75 74
f 71 80 112
f 71 112 113
f 71 113 72
f 72 113 73
f 73 113 114
f 73 114 115
f 73 115 116
f 73 116 82
f 75 107 76
f 76 107 117
f 76 117 118
f 76 118 119
f 76 119 120
f 76 120 121
f 76 121 77
f 77 121 122
f 77 122 79
f 77 79 78
f 79 122 123
f 79 123 124
f 79 124 80
f 80 124 125
f 80 125 112
f 81 86 87
f 82 116 115
f 82 115 126
f 82 126 127
f 82 127 83
f 83 127 128
f 83 128 84
f 84 128 129
f 84 129 130
f 84 130 131
f 84 131 133
f 84 133 85
f 85 132 88
f 85 88 87
f 85 87 86
f 85 133 134
f 85 134 132
f 88 132 90
f 89 135 136
f 89 136 92
f 89 91 137
f 89 137 135
f 90 132 91
f 91 138 137
f 91 132 139
f 91 139 184
f 91 184 140
f 91 140 138
f 93 141 142
f 93 142 95
f 94 96 97
f 95 142 96
f 96 142 143
f 96 143 100
f 96 100 97
f 98 99 109
f 98 109 108
f 99 144 109
f 99 102 145
f 99 145 146
f 99 146 147
f 99 147 144
f 100 143 104
f 101 145 102
f 101 106 148
f 101 148 145
f 104 143 149
f 104 149 105
f 105 149 150
f 105 150 106
f 106 151 148
f 106 150 152
f 106 152 153
f 106 153 154
f 106 154 155
f 106 155 156
f 106 156 151
f 107 111 117
f 109 144 110
f 110 144 147
f 110 147 157
f 110 157 111
f 111 157 158
f 111 158 163
f 111 163 159
f 111 159 117
f 112 125 114
f 112 114 113
f 114 125 160
f 114 160 161
f 114 161 115
f 115 161 162
f 115 162 126
f 117 159 163
f 117 163 118
f 118 163 164
f 118 164 119
f 119 164 165
f 119 165 166
f 119 166 120
f 120 167 168
f 120 168 169
f 120 169 121
f 120 166 167
f 121 169 122
f 122 169 170
f 122 170 171
f 122 171 123
f 123 171 160
f 123 160 124
f 124 160 125
f 126 128 127
f 126 162 172
f 126 172 173
f 126 173 129
f 126 129 128
f 129 173 174
f 129 174 175
f 129 175 130
f 130 175 131
f 131 175 176
f 131 176 177
f 131 177 133
f 132 134 178
f 132 178 179
f 132 179 139
f 133 177 180
f 133 180 181
f 133 181 134
f 134 181 182
f 134 182 183
f 134 183 178
f 139 179 184
f 141 185 186
f 141 186 142
f 142 186 149
f 142 149 143
f 145 148 187
f 145 187 188
f 145 188 146
f 146 188 189
f 146 189 147
f 147 189 190
f 147 190 157
f 148 151 191
f 148 191 192
f 148 192 187
f 149 186 150
f 150 186 193
f 150 193 194
f 150 194 154
f 150 154 153
f 150 153 152
f 151 156 191
f 154 195 155
f 154 194 196
f 154 196 197
f 154 197 198
f 154 198 199
f 154 199 200
f 154 200 201
f 154 201 202
f 154 202 195
f 155 195 203
f 155 203 156
f 156 203 195
f 156 195 204
f 156 204 205
f 156 205 192
f 156 192 191
f 157 206 158
f 157 190 206
f 158 206 207
f 158 207 164
f 158 164 163
f 160 208 209
f 160 209 161
f 160 171 170
f 160 170 208
f 161 209 210
f 161 210 211
f 161 211 162
f 162 211 212
f 162 212 213
f 162 213 172
f 164 214 215
f 164 215 216
f 164 216 165
f 164 207 214
f 165 216 166
f 166 216 215
f 166 215 272
f 166 272 217
f 166 217 276
f 166 276 218
f 166 218 167
f 167 219 220
f 167 220 168
f 167 218 219
f 168 220 221
f 168 221 169
f 169 221 222
f 169 222 170
f 170 222 223
f 170 223 209
f 170 209 208
f 172 213 224
f 172 224 225
f 172 225 173
f 173 225 174
f 174 225 226
f 174 226 227
f 174 227 175
f 175 227 228
f 175 228 229
f 175 229 230
f 175 230 176
f 176 230 231
f 176 231 177
f 177 231 180
f 178 183 232
f 178 232 233
f 178 233 234
f 178 234 179
f 179 234 184
f 180 231 235
f 180 235 236
f 180 236 181
f 181 236 237
f 181 237 182
f 182 237 183
f 183 237 238
f 183 238 239
f 183 239 232
f 185 240 186
f 186 240 193
f 187 192 241
f 187 241 188
f 188 241 242
f 188 242 189
f 189 243 244
f 189 244 190
f 189 242 243
f 190 244 206
f 192 205 245
f 192 245 246
f 192 246 247
f 192 247 248
f 192 248 249
f 192 249 250
f 192 250 241
f 193 240 251
f 193 251 252
f 193 252 253
f 193 253 254
f 193 254 255
f 193 255 194
f 194 255 256
f 194 256 257
f 194 257 196
f 195 202 204
f 196 257 197
f 197 257 322
f 197 322 258
f 197 258 323
f 197 323 259
f 197 259 198
f 198 259 260
f 198 260 261
f 198 261 262
f 198 262 199
f 199 262 201
f 199 201 200
f 201 262 263
f 201 263 264
f 201 264 245
f 201 245 202
f 202 245 205
f 202 205 204
f 206 244 265
f 206 265 266
f 206 266 207
f 207 267 214
f 207 266 267
f 209 223 210
f 210 268 211
f 210 223 268
f 211 268 212
f 212 268 269
f 212 269 270
f 212 270 271
f 212 271 213
f 213 271 224
f 214 267 215
f 215 267 273
f 215 273 272
f 217 274 275
f 217 275 276
f 217 272 277
f 217 277 274
f 218 276 220
f 218 220 219
f 220 278 279
f 220 279 221
f 220 276 278
f 221 279 280
f 221 280 281
f 221 281 282
f 221 282 283
f 221 283 284
f 221 284 223
f 221 223 222
f 223 285 268
f 223 284 285
f 224 286 225
f 224 271 270
f 224 270 287
f 224 287 288
f 224 288 289
f 224 289 290
f 224 290 286
f 225 286 291
f 225 291 226
f 226 290 292
f 226 292 293
f 226 293 227
f 226 291 286
f 226 286 290
f 227 293 294
f 227 294 295
f 227 295 228
f 228 295 229
f 229 296 231
f 229 231 230
f 229 295 297
f 229 297 296
f 231 296 298
f 231 298 235
f 235 298 236
f 236 298 299
f 236 299 300
f 236 300 237
f 237 300 301
f 237 301 238
f 238 301 302
f 238 302 303
f 238 303 304
f 238 304 239
f 241 305 306
f 241 306 242
f 241 250 307
f 241 307 305
f 242 306 308
f 242 308 309
f 242 309 310
f 242 310 311
f 242 311 243
f 243 312 244
f 243 311 313
f 243 313 312
f 244 314 265
f 244 312 314
f 245 264 315
f 245 315 246
f 246 315 247
f 247 315 316
f 247 316 317
f 247 317 248
f 248 318 249
f 248 317 319
f 248 319 318
f 249 318 250
f 250 318 320
f 250 320 307
f 254 321 256
f 254 256 255
f 256 321 322
f 256 322 257
f 259 323 324
f 259 324 325
f 259 325 326
f 259 326 260
f 260 326 261
f 261 263 262
f 261 326 327
f 261 327 328
f 261 328 329
f 261 329 330
f 261 330 263
f 263 330 264
f 264 330 315
f 265 331 332
f 265 332 266
f 265 314 333
f 265 333 334
f 265 334 331
f 266 332 267
f 267 332 273
f 268 285 283
f 268 283 335
f 268 335 269
f 269 335 336
f 269 336 337
f 269 337 338
f 269 338 270
f 270 338 287
f 272 273 339
f 272 339 277
f 273 332 340
f 273 340 339
f 274 341 342
f 274 342 275
f 274 277 343
f 274 343 341
f 275 342 344
f 275 344 345
f 275 345 276
f 276 345 278
f 277 339 343
f 278 345 346
f 278 346 280
f 278 280 279
f 280 346 347
f 280 347 348
f 280 348 281
f 281 348 349
f 281 349 283
f 281 283 282
f 283 349 350
f 283 350 335
f 283 285 284
f 287 351 352
f 287 352 353
f 287 353 354
f 287 354 288
f 287 338 351
f 288 354 355
f 288 355 356
f 288 356 289
f 289 357 292
f 289 292 290
f 289 356 357
f 292 357 293
f 293 357 358
f 293 358 359
f 293 359 360
f 293 360 294
f 294 360 361
f 294 361 362
f 294 362 295
f 295 362 363
f 295 363 297
f 296 297 364
f 296 364 365
f 296 365 298
f 297 363 364
f 298 365 366
f 298 366 299
f 299 366 368
f 299 368 300
f 300 367 301
f 300 368 367
f 301 367 302
f 305 307 369
f 305 369 370
f 305 370 308
f 305 308 306
f 307 320 371
f 307 371 372
f 307 372 373
f 307 373 374
f 307 374 369
f 308 370 375
f 308 375 310
f 308 310 309
f 310 375 376
f 310 376 313
f 310 313 311
f 312 333 314
f 312 313 377
f 312 377 333
f 313 376 377
f 315 330 378
f 315 378 379
f 315 379 380
f 315 380 381
f 315 381 382
f 315 382 316
f 316 383 371
f 316 371 319
f 316 319 317
f 316 382 384
f 316 384 383
f 318 319 320
f 319 371 320
f 324 385 386
f 324 386 325
f 325 386 387
f 325 387 326
f 326 387 327
f 327 387 386
f 327 386 328
f 328 388 329
f 328 386 389
f 328 389 390
f 328 390 388
f 329 388 391
f 329 391 378
f 329 378 330
f 331 340 332
f 331 334 340
f 333 377 392
f 333 392 334
f 334 392 393
f 334 393 394
f 334 394 395
f 334 395 396
f 334 396 340
f 335 350 336
f 336 397 398
f 336 398 337
f 336 350 397
f 337 398 399
f 337 399 351
f 337 351 338
f 339 400 343
f 339 340 400
f 340 396 395
f 340 395 401
f 340 401 400
f 341 402 342
f 341 343 402
f 342 402 403
f 342 403 344
f 343 404 405
f 343 405 402
f 343 400 404
f 344 403 406
f 344 406 345
f 345 406 346
f 346 406 407
f 346 407 347
f 347 408 409
f 347 409 348
f 347 407 408
f 348 409 410
f 348 410 349
f 349 410 411
f 349 411 350
f 350 412 397
f 350 411 412
f 351 399 413
f 351 413 414
f 351 414 353
f 351 353 352
f 353 414 415
f 353 415 416
f 353 416 354
f 354 416 355
f 355 417 418
f 355 418 419
f 355 419 356
f 355 416 417
f 356 419 357
f 357 419 420
f 357 420 421
f 357 421 358
f 358 421 359
f 359 422 360
f 359 421 423
f 359 423 424
f 359 424 422
f 360 422 361
f 361 422 425
f 361 425 362
f 362 425 427
f 362 427 363
f 363 426 364
f 363 427 428
f 363 428 426
f 364 426 429
f 364 429 365
f 365 429 430
f 365 430 366
f 366 430 368
f 367 368 431
f 368 430 432
f 368 432 433
f 368 433 431
f 369 434 370
f 369 374 434
f 370 435 375
f 370 434 435
f 371 383 372
f 372 383 436
f 372 436 437
f 372 437 438
f 372 438 373
f 373 438 374
f 374 438 439
f 374 439 440
f 374 440 434
f 375 435 376
f 376 441 442
f 376 442 377
f 376 435 441
f 377 442 392
f 378 391 379
f 379 391 380
f 380 391 443
f 380 443 381
f 381 443 444
f 381 444 445
f 381 445 382
f 382 446 447
f 382 447 448
f 382 448 384
f 382 445 446
f 383 384 449
f 383 449 436
f 384 448 450
f 384 450 451
f 384 451 449
f 385 452 386
f 386 452 453
f 386 453 454
f 386 454 455
f 386 455 456
f 386 456 389
f 388 390 391
f 389 391 390
f 389 456 457
f 389 457 443
f 389 443 391
f 392 442 458
f 392 458 393
f 393 459 460
f 393 460 394
f 393 458 459
f 394 460 395
f 395 460 461
f 395 461 462
f 395 462 404
f 395 404 400
f 395 400 401
f 397 412 463
f 397 463 464
f 397 464 398
f 398 464 399
f 399 464 465
f 399 465 466
f 399 466 413
f 402 405 467
f 402 467 468
f 402 468 469
f 402 469 403
f 403 469 470
f 403 470 471
f 403 471 406
f 404 462 467
f 404 467 405
f 406 471 407
f 407 471 472
f 407 472 473
f 407 473 408
f 408 473 474
f 408 474 409
f 409 474 411
f 409 411 410
f 411 475 412
f 411 474 475
f 412 475 476
f 412 476 477
f 412 477 463
f 413 466 478
f 413 478 479
f 413 479 414
f 414 479 415
f 415 479 416
f 416 479 480
f 416 480 417
f 417 481 418
f 417 480 482
f 417 482 481
f 418 481 483
f 418 483 484
f 418 484 485
f 418 485 419
f 419 485 486
f 419 486 420
f 420 486 421
f 421 486 487
f 421 487 488
f 421 488 423
f 422 424 425
f 423 488 489
f 423 489 490
f 423 490 491
f 423 491 492
f 423 492 424
f 424 492 493
f 424 493 494
f 424 494 425
f 425 494 495
f 425 495 427
f 426 428 429
f 427 495 496
f 427 496 428
f 428 497 429
f 428 496 498
f 428 498 497
f 429 497 430
f 430 497 432
f 432 499 433
f 432 497 500
f 432 500 499
f 434 501 441
f 434 441 435
f 434 440 502
f 434 502 503
f 434 503 504
f 434 504 505
f 434 505 501
f 436 449 506
f 436 506 507
f 436 507 437
f 437 507 508
f 437 508 509
f 437 509 438
f 438 510 439
f 438 509 510
f 439 511 503
f 439 503 440
f 439 510 511
f 440 503 502
f 441 512 442
f 441 501 512
f 442 512 458
f 443 457 513
f 443 513 514
f 443 514 515
f 443 515 516
f 443 516 517
f 443 517 444
f 444 517 518
f 444 518 519
f 444 519 445
f 445 519 520
f 445 520 446
f 446 520 447
f 447 520 448
f 448 520 521
f 448 521 450
f 449 451 506
f 450 506 451
f 450 521 522
f 450 522 523
f 450 523 524
f 450 524 506
f 454 525 455
f 455 525 526
f 455 526 527
f 455 527 456
f 456 527 457
f 457 527 528
f 457 528 513
f 458 512 529
f 458 529 530
f 458 530 459
f 459 531 532
f 459 532 533
f 459 533 460
f 459 530 531
f 460 533 534
f 460 534 461
f 461 534 535
f 461 535 536
f 461 536 537
f 461 537 462
f 462 537 538
f 462 538 467
f 463 477 464
f 464 477 466
f 464 466 465
f 466 539 540
f 466 540 541
f 466 541 542
f 466 542 478
f 466 477 543
f 466 543 544
f 466 544 545
f 466 545 539
f 467 538 546
f 467 546 468
f 468 546 469
f 469 547 548
f 469 548 549
f 469 549 470
f 469 546 547
f 470 549 471
f 471 549 550
f 471 550 551
f 471 551 552
f 471 552 472
f 472 552 473
f 473 552 553
f 473 553 554
f 473 554 475
f 473 475 474
f 475 554 476
f 476 554 555
f 476 555 544
f 476 544 477
f 477 544 543
f 478 542 479
f 479 482 480
f 479 542 482
f 481 482 542
f 481 542 556
f 481 556 557
f 481 557 483
f 483 557 558
f 483 558 559
f 483 559 484
f 484 559 485
f 485 559 560
f 485 560 486
f 486 560 488
f 486 488 487
f 488 560 561
f 488 561 489
f 489 561 562
f 489 562 563
f 489 563 564
f 489 564 490
f 490 564 565
f 490 565 491
f 491 566 492
f 491 565 567
f 491 567 566
f 492 566 568
f 492 568 494
f 492 494 493
f 494 568 569
f 494 569 570
f 494 570 495
f 495 570 571
f 495 571 496
f 496 571 498
f 497 498 572
f 497 572 573
f 497 573 500
f 498 571 574
f 498 574 572
f 499 500 575
f 499 575 576
f 500 573 575
f 501 505 577
f 501 577 578
f 501 578 512
f 503 511 504
f 504 511 579
f 504 579 505
f 505 579 577
f 506 524 580
f 506 580 508
f 506 508 507
f 508 580 581
f 508 581 582
f 508 582 583
f 508 583 509
f 509 583 584
f 509 584 579
f 509 579 510
f 510 579 511
f 512 578 585
f 512 585 529
f 513 528 586
f 513 586 587
f 513 587 588
f 513 588 514
f 514 588 515
f 515 588 589
f 515 589 590
f 515 590 516
f 516 590 517
f 517 590 518
f 518 590 519
f 519 591 592
f 519 592 520
f 519 590 593
f 519 593 591
f 520 592 521
f 521 592 594
f 521 594 522
f 522 594 595
f 522 595 596
f 522 596 597
f 522 597 523
f 523 597 598
f 523 598 599
f 523 599 600
f 523 600 524
f 524 600 580
f 526 601 527
f 527 601 602
f 527 602 528
f 528 602 603
f 528 603 586
f 529 604 605
f 529 605 530
f 529 585 604
f 530 605 531
f 531 606 532
f 531 605 607
f 531 607 608
f 531 608 606
f 532 606 609
f 532 609 610
f 532 610 533
f 533 610 609
f 533 609 606
f 533 606 608
f 533 608 607
f 533 607 679
f 533 679 678
f 533 678 681
f 533 681 680
f 533 680 659
f 533 659 727
f 533 727 726
f 533 726 725
f 533 725 717
f 533 717 716
f 533 716 715
f 533 715 724
f 533 724 723
f 533 723 722
f 533 722 721
f 533 721 784
f 533 784 783
f 533 783 782
f 533 782 786
f 533 786 833
f 533 833 859
f 533 859 906
f 533 906 945
f 533 945 944
f 533 944 986
f 533 986 987
f 533 987 1030
f 533 1030 1042
f 533 1042 1041
f 533 1041 1040
f 533 1040 1088
f 533 1088 1119
f 533 1119 1118
f 533 1118 1117
f 533 1117 1142
f 533 1142 1116
f 533 1116 1149
f 533 1149 1186
f 533 1186 1185
f 533 1185 1218
f 533 1218 1247
f 533 1247 1278
f 533 1278 1285
f 533 1285 1284
f 533 1284 1312
f 533 1312 1342
f 533 1342 1341
f 533 1341 1340
f 533 1340 1348
f 533 1348 1347
f 533 1347 1346
f 533 1346 1383
f 533 1383 1411
f 533 1411 1407
f 533 1407 1438
f 533 1438 1464
f 533 1464 1489
f 533 1489 1491
f 533 1491 1490
f 533 1490 1495
f 533 1495 1525
f 533 1525 1524
f 533 1524 1554
f 533 1554 1593
f 533 1593 1609
f 533 1609 1581
f 533 1581 1580
f 533 1580 1579
f 533 1579 1578
f 533 1578 1577
f 533 1577 1576
f 533 1576 1575
f 533 1575 1574
f 533 1574 1573
f 533 1573 1572
f 533 1572 1539
f 533 1539 1538
f 533 1538 1537
f 533 1537 1535
f 533 1535 1508
f 533 1508 1481
f 533 1481 1454
f 533 1454 1427
f 533 1427 1425
f 533 1425 1399
f 533 1399 1370
f 533 1370 1334
f 533 1334 1300
f 533 1300 1265
f 533 1265 1235
f 533 1235 1234
f 533 1234 1200
f 533 1200 1157
f 533 1157 1127
f 533 1127 1092
f 533 1092 1099
f 533 1099 1048
f 533 1048 1047
f 533 1047 998
f 533 998 997
f 533 997 996
f 533 996 956
f 533 956 955
f 533 955 954
f 533 954 950
f 533 950 949
f 533 949 907
f 533 907 861
f 533 861 860
f 533 860 813
f 533 813 812
f 533 812 811
f 533 811 810
f 533 810 809
f 533 809 758
f 533 758 757
f 533 757 756
f 533 756 755
f 533 755 754
f 533 754 753
f 533 753 807
f 533 807 750
f 533 750 685
f 533 685 749
f 533 749 683
f 533 683 682
f 533 682 612
f 533 612 611
f 533 611 545
f 533 545 619
f 533 619 618
f 533 618 688
f 533 688 691
f 533 691 690
f 533 690 689
f 533 689 620
f 533 620 551
f 533 551 550
f 533 550 549
f 533 549 548
f 533 548 547
f 533 547 546
f 533 546 538
f 533 538 537
f 533 537 536
f 533 536 535
f 533 535 534
f 539 611 612
f 539 612 613
f 539 613 614
f 539 614 540
f 539 545 611
f 540 614 541
f 541 615 542
f 541 614 615
f 542 615 616
f 542 616 556
f 544 555 617
f 544 617 618
f 544 618 619
f 544 619 545
f 551 620 552
f 552 620 621
f 552 621 553
f 553 621 622
f 553 622 555
f 553 555 554
f 555 622 617
f 556 623 624
f 556 624 557
f 556 616 623
f 557 624 625
f 557 625 558
f 558 625 626
f 558 626 559
f 559 626 560
f 560 626 627
f 560 627 561
f 561 627 628
f 561 628 629
f 561 629 562
f 562 629 563
f 563 630 631
f 563 631 632
f 563 632 633
f 563 633 634
f 563 634 635
f 563 635 636
f 563 636 564
f 563 629 630
f 564 637 565
f 564 636 637
f 565 637 567
f 566 567 638
f 566 638 569
f 566 569 568
f 567 637 639
f 567 639 640
f 567 640 638
f 569 638 641
f 569 641 570
f 570 641 571
f 571 641 642
f 571 642 643
f 571 643 574
f 572 574 644
f 572 644 573
f 573 644 645
f 573 645 576
f 573 576 575
f 574 643 644
f 576 645 646
f 577 579 647
f 577 647 648
f 577 648 578
f 578 648 649
f 578 649 585
f 579 650 647
f 579 584 651
f 579 651 652
f 579 652 650
f 580 600 599
f 580 599 581
f 581 653 582
f 581 599 654
f 581 654 655
f 581 655 656
f 581 656 653
f 582 651 583
f 582 653 651
f 583 651 584
f 585 657 604
f 585 649 648
f 585 648 658
f 585 658 659
f 585 659 657
f 586 660 661
f 586 661 662
f 586 662 663
f 586 663 664
f 586 664 587
f 586 603 660
f 587 664 588
f 588 663 665
f 588 665 589
f 588 664 663
f 589 665 666
f 589 666 667
f 589 667 590
f 590 667 593
f 591 668 592
f 591 593 668
f 592 668 595
f 592 595 594
f 593 667 669
f 593 669 670
f 593 670 671
f 593 671 672
f 593 672 668
f 595 668 596
f 596 668 673
f 596 673 597
f 597 674 598
f 597 673 675
f 597 675 676
f 597 676 674
f 598 674 654
f 598 654 599
f 601 677 660
f 601 660 602
f 602 660 603
f 604 678 679
f 604 679 605
f 604 657 659
f 604 659 680
f 604 680 681
f 604 681 678
f 605 679 607
f 612 682 613
f 613 682 683
f 613 683 684
f 613 684 614
f 614 684 615
f 615 684 685
f 615 685 686
f 615 686 687
f 615 687 616
f 616 687 623
f 617 622 688
f 617 688 618
f 620 689 621
f 621 689 690
f 621 690 622
f 622 690 691
f 622 691 688
f 623 687 624
f 624 687 692
f 624 692 625
f 625 693 694
f 625 694 626
f 625 692 693
f 626 694 695
f 626 695 627
f 627 695 628
f 628 695 694
f 628 694 696
f 628 696 697
f 628 697 698
f 628 698 629
f 629 698 630
f 630 698 699
f 630 699 632
f 630 632 631
f 632 699 633
f 633 700 701
f 633 701 702
f 633 702 703
f 633 703 635
f 633 635 634
f 633 699 704
f 633 704 700
f 635 705 636
f 635 703 705
f 636 705 637
f 637 705 706
f 637 706 639
f 638 640 707
f 638 707 642
f 638 642 641
f 639 706 640
f 640 706 708
f 640 708 709
f 640 709 707
f 642 707 710
f 642 710 643
f 643 710 711
f 643 711 712
f 643 712 644
f 644 713 646
f 644 646 645
f 644 712 713
f 646 713 714
f 647 650 648
f 648 650 658
f 650 652 658
f 651 653 656
f 651 656 715
f 651 715 716
f 651 716 717
f 651 717 718
f 651 718 658
f 651 658 652
f 654 674 719
f 654 719 655
f 655 719 720
f 655 720 721
f 655 721 722
f 655 722 656
f 656 722 723
f 656 723 724
f 656 724 715
f 658 718 717
f 658 717 725
f 658 725 726
f 658 726 727
f 658 727 659
f 660 677 728
f 660 728 729
f 660 729 730
f 660 730 731
f 660 731 661
f 661 731 732
f 661 732 662
f 662 732 733
f 662 733 734
f 662 734 735
f 662 735 663
f 663 735 665
f 665 736 667
f 665 667 666
f 665 735 737
f 665 737 738
f 665 738 736
f 667 736 669
f 668 672 739
f 668 739 671
f 668 671 740
f 668 740 741
f 668 741 673
f 669 736 742
f 669 742 670
f 670 742 671
f 671 739 672
f 671 742 743
f 671 743 744
f 671 744 745
f 671 745 740
f 673 741 675
f 674 676 746
f 674 746 747
f 674 747 719
f 675 741 740
f 675 740 745
f 675 745 748
f 675 748 676
f 676 748 746
f 683 749 684
f 684 749 685
f 685 750 686
f 686 750 751
f 686 751 692
f 686 692 687
f 692 751 752
f 692 752 693
f 693 696 694
f 693 752 751
f 693 751 753
f 693 753 754
f 693 754 755
f 693 755 756
f 693 756 757
f 693 757 696
f 696 757 758
f 696 758 759
f 696 759 697
f 697 759 760
f 697 760 761
f 697 761 699
f 697 699 698
f 699 761 760
f 699 760 762
f 699 762 763
f 699 763 764
f 699 764 704
f 700 704 701
f 701 704 765
f 701 765 766
f 701 766 767
f 701 767 768
f 701 768 702
f 702 769 770
f 702 770 703
f 702 768 769
f 703 770 705
f 704 764 765
f 705 708 706
f 705 770 771
f 705 771 708
f 707 709 710
f 708 771 772
f 708 772 709
f 709 773 774
f 709 774 710
f 709 772 775
f 709 775 773
f 710 774 776
f 710 776 711
f 711 777 712
f 711 776 774
f 711 774 778
f 711 778 777
f 712 777 779
f 712 779 780
f 712 780 781
f 712 781 714
f 712 714 713
f 719 747 720
f 720 782 783
f 720 783 784
f 720 784 721
f 720 747 785
f 720 785 786
f 720 786 782
f 730 787 731
f 731 787 788
f 731 788 789
f 731 789 733
f 731 733 732
f 733 789 790
f 733 790 791
f 733 791 792
f 733 792 793
f 733 793 734
f 734 794 735
f 734 793 795
f 734 795 796
f 734 796 794
f 735 794 737
f 736 738 797
f 736 797 742
f 737 794 798
f 737 798 797
f 737 797 738
f 742 797 799
f 742 799 800
f 742 800 743
f 743 800 801
f 743 801 802
f 743 802 744
f 744 802 803
f 744 803 745
f 745 803 804
f 745 804 746
f 745 746 805
f 745 805 748
f 746 804 806
f 746 806 785
f 746 785 747
f 746 748 805
f 750 807 751
f 751 807 808
f 751 808 753
f 753 808 807
f 758 809 759
f 759 809 810
f 759 810 811
f 759 811 760
f 760 811 762
f 762 811 812
f 762 812 813
f 762 813 765
f 762 765 763
f 763 765 764
f 765 813 814
f 765 814 815
f 765 815 766
f 766 815 816
f 766 816 767
f 767 816 817
f 767 817 818
f 767 818 768
f 768 818 819
f 768 819 820
f 768 820 821
f 768 821 822
f 768 822 769
f 769 822 823
f 769 823 770
f 770 823 771
f 771 823 821
f 771 821 775
f 771 775 772
f 773 824 825
f 773 825 774
f 773 775 821
f 773 821 824
f 774 825 778
f 777 778 826
f 777 826 827
f 777 827 828
f 777 828 779
f 778 825 829
f 778 829 830
f 778 830 831
f 778 831 826
f 785 806 786
f 786 806 832
f 786 832 833
f 788 790 789
f 790 834 791
f 791 834 793
f 791 793 792
f 793 835 795
f 793 834 836
f 793 836 837
f 793 837 838
f 793 838 835
f 794 796 839
f 794 839 798
f 795 835 840
f 795 840 841
f 795 841 796
f 796 841 839
f 797 798 842
f 797 842 799
f 798 839 843
f 798 843 842
f 799 844 800
f 799 842 843
f 799 843 844
f 800 844 845
f 800 845 846
f 800 846 847
f 800 847 848
f 800 848 849
f 800 849 801
f 801 849 848
f 801 848 850
f 801 850 851
f 801 851 802
f 802 851 852
f 802 852 853
f 802 853 854
f 802 854 803
f 803 855 804
f 803 854 856
f 803 856 857
f 803 857 855
f 804 855 858
f 804 858 806
f 806 858 859
f 806 859 832
f 813 860 814
f 814 860 815
f 815 860 861
f 815 861 862
f 815 862 816
f 816 862 863
f 816 863 864
f 816 864 817
f 817 865 866
f 817 866 818
f 817 864 867
f 817 867 865
f 818 866 865
f 818 865 819
f 819 868 821
f 819 821 820
f 819 865 868
f 821 868 869
f 821 869 870
f 821 870 871
f 821 871 824
f 821 823 822
f 824 872 825
f 824 871 872
f 825 873 829
f 825 872 874
f 825 874 873
f 826 831 875
f 826 875 876
f 829 873 830
f 830 873 877
f 830 877 878
f 830 878 875
f 830 875 831
f 832 859 833
f 834 879 836
f 835 838 880
f 835 880 840
f 836 879 881
f 836 881 837
f 837 881 882
f 837 882 883
f 837 883 838
f 838 883 884
f 838 884 885
f 838 885 880
f 839 841 886
f 839 886 843
f 840 880 887
f 840 887 841
f 841 887 886
f 843 886 844
f 844 886 888
f 844 888 889
f 844 889 845
f 845 889 885
f 845 885 884
f 845 884 890
f 845 890 891
f 845 891 892
f 845 892 893
f 845 893 846
f 846 893 894
f 846 894 895
f 846 895 847
f 847 896 848
f 847 895 897
f 847 897 896
f 848 896 898
f 848 898 850
f 850 898 853
f 850 853 852
f 850 852 851
f 853 898 899
f 853 899 854
f 854 899 900
f 854 900 901
f 854 901 856
f 855 902 858
f 855 857 903
f 855 903 902
f 856 901 857
f 857 901 904
f 857 904 905
f 857 905 903
f 858 902 859
f 859 902 903
f 859 903 906
f 861 907 863
f 861 863 862
f 863 867 864
f 863 907 908
f 863 908 867
f 865 909 910
f 865 910 911
f 865 911 868
f 865 867 912
f 865 912 913
f 865 913 914
f 865 914 915
f 865 915 909
f 867 908 912
f 868 916 869
f 868 911 917
f 868 917 916
f 869 916 918
f 869 918 870
f 870 919 871
f 870 918 920
f 870 920 919
f 871 919 872
f 872 921 874
f 872 919 921
f 873 874 877
f 874 921 922
f 874 922 877
f 875 923 876
f 875 878 922
f 875 922 923
f 877 922 878
f 880 885 887
f 881 924 882
f 882 924 925
f 882 925 926
f 882 926 927
f 882 927 928
f 882 928 883
f 883 928 929
f 883 929 884
f 884 929 930
f 884 930 891
f 884 891 890
f 885 889 888
f 885 888 886
f 885 886 887
f 891 930 931
f 891 931 894
f 891 894 892
f 892 894 893
f 894 931 932
f 894 932 933
f 894 933 934
f 894 934 895
f 895 934 935
f 895 935 897
f 896 897 935
f 896 935 936
f 896 936 898
f 898 937 899
f 898 936 938
f 898 938 940
f 898 940 937
f 899 939 901
f 899 901 900
f 899 937 940
f 899 940 941
f 899 941 939
f 901 939 942
f 901 942 904
f 903 905 943
f 903 943 944
f 903 944 945
f 903 945 906
f 904 942 905
f 905 946 943
f 905 942 941
f 905 941 947
f 905 947 948
f 905 948 946
f 907 949 908
f 908 949 950
f 908 950 951
f 908 951 912
f 909 915 910
f 910 915 952
f 910 952 953
f 910 953 917
f 910 917 911
f 912 951 950
f 912 950 954
f 912 954 913
f 913 954 955
f 913 955 914
f 914 955 956
f 914 956 915
f 915 956 957
f 915 957 958
f 915 958 959
f 915 959 952
f 916 917 960
f 916 960 918
f 917 953 960
f 918 960 961
f 918 961 920
f 919 922 921
f 919 920 922
f 920 961 962
f 920 962 963
f 920 963 922
f 922 963 964
f 922 964 965
f 922 965 966
f 922 966 967
f 922 967 968
f 922 968 969
f 922 969 923
f 923 969 968
f 926 970 927
f 927 970 971
f 927 971 928
f 928 971 972
f 928 972 929
f 929 972 973
f 929 973 930
f 930 973 931
f 931 973 974
f 931 974 975
f 931 975 932
f 932 976 934
f 932 934 933
f 932 975 977
f 932 977 978
f 932 978 976
f 934 976 979
f 934 979 935
f 935 979 980
f 935 980 936
f 936 980 938
f 938 980 981
f 938 981 982
f 938 982 983
f 938 983 984
f 938 984 940
f 939 941 942
f 940 984 941
f 941 984 983
f 941 983 985
f 941 985 947
f 943 946 944
f 944 946 986
f 946 987 986
f 946 948 987
f 947 985 988
f 947 988 989
f 947 989 990
f 947 990 991
f 947 991 948
f 948 991 992
f 948 992 993
f 948 993 987
f 952 994 953
f 952 959 958
f 952 958 994
f 953 994 995
f 953 995 962
f 953 962 961
f 953 961 960
f 956 996 957
f 957 996 997
f 957 997 998
f 957 998 1047
f 957 1047 999
f 957 999 958
f 958 999 1000
f 958 1000 1001
f 958 1001 1002
f 958 1002 1003
f 958 1003 994
f 962 1004 1005
f 962 1005 963
f 962 995 1006
f 962 1006 1004
f 963 1005 964
f 964 1005 965
f 965 1005 966
f 966 1005 1007
f 966 1007 1008
f 966 1008 1009
f 966 1009 1010
f 966 1010 1011
f 966 1011 1012
f 966 1012 967
f 970 1013 971
f 971 1013 1014
f 971 1014 1015
f 971 1015 1016
f 971 1016 1017
f 971 1017 972
f 972 1017 973
f 973 1017 974
f 974 1017 1016
f 974 1016 1018
f 974 1018 1019
f 974 1019 977
f 974 977 975
f 976 978 1020
f 976 1020 1021
f 976 1021 979
f 977 1019 1022
f 977 1022 1023
f 977 1023 1024
f 977 1024 1025
f 977 1025 1026
f 977 1026 978
f 978 1026 1027
f 978 1027 1061
f 978 1061 1020
f 979 1021 980
f 980 1021 1028
f 980 1028 1029
f 980 1029 981
f 981 1029 982
f 982 985 983
f 982 1029 989
f 982 989 988
f 982 988 985
f 987 993 1030
f 989 1031 1032
f 989 1032 1033
f 989 1033 1034
f 989 1034 990
f 989 1029 1035
f 989 1035 1036
f 989 1036 1037
f 989 1037 1038
f 989 1038 1031
f 990 1034 1033
f 990 1033 991
f 991 1033 992
f 992 1039 1040
f 992 1040 993
f 992 1033 1039
f 993 1040 1041
f 993 1041 1042
f 993 1042 1030
f 994 1043 1044
f 994 1044 995
f 994 1003 1002
f 994 1002 1045
f 994 1045 1043
f 995 1044 1046
f 995 1046 1006
f 999 1047 1000
f 1000 1047 1048
f 1000 1048 1001
f 1001 1048 1049
f 1001 1049 1050
f 1001 1050 1002
f 1002 1050 1045
f 1004 1007 1005
f 1004 1006 1046
f 1004 1046 1007
f 1007 1046 1051
f 1007 1051 1008
f 1008 1051 1052
f 1008 1052 1053
f 1008 1053 1054
f 1008 1054 1009
f 1015 1055 1016
f 1016 1055 1056
f 1016 1056 1018
f 1018 1056 1055
f 1018 1055 1057
f 1018 1057 1058
f 1018 1058 1059
f 1018 1059 1060
f 1018 1060 1022
f 1018 1022 1019
f 1020 1061 1021
f 1021 1061 1028
f 1022 1062 1063
f 1022 1063 1064
f 1022 1064 1065
f 1022 1065 1066
f 1022 1066 1067
f 1022 1067 1023
f 1022 1060 1062
f 1023 1067 1066
f 1023 1066 1024
f 1024 1066 1068
f 1024 1068 1069
f 1024 1069 1070
f 1024 1070 1071
f 1024 1071 1025
f 1025 1071 1072
f 1025 1072 1073
f 1025 1073 1074
f 1025 1074 1075
f 1025 1075 1026
f 1026 1075 1027
f 1027 1075 1074
f 1027 1074 1061
f 1028 1061 1074
f 1028 1074 1029
f 1029 1074 1073
f 1029 1073 1076
f 1029 1076 1035
f 1031 1077 1032
f 1031 1038 1078
f 1031 1078 1077
f 1032 1077 1033
f 1033 1077 1079
f 1033 1079 1039
f 1035 1076 1036
f 1036 1076 1080
f 1036 1080 1070
f 1036 1070 1081
f 1036 1081 1082
f 1036 1082 1083
f 1036 1083 1084
f 1036 1084 1038
f 1036 1038 1037
f 1038 1084 1085
f 1038 1085 1086
f 1038 1086 1078
f 1039 1087 1040
f 1039 1079 1087
f 1040 1087 1088
f 1043 1045 1089
f 1043 1089 1090
f 1043 1090 1044
f 1044 1090 1091
f 1044 1091 1046
f 1045 1050 1049
f 1045 1049 1092
f 1045 1092 1093
f 1045 1093 1094
f 1045 1094 1095
f 1045 1095 1096
f 1045 1096 1097
f 1045 1097 1089
f 1046 1091 1098
f 1046 1098 1051
f 1048 1099 1049
f 1049 1099 1092
f 1051 1098 1052
f 1052 1098 1100
f 1059 1101 1060
f 1060 1101 1102
f 1060 1102 1062
f 1062 1103 1104
f 1062 1104 1063
f 1062 1102 1105
f 1062 1105 1103
f 1063 1104 1064
f 1064 1066 1065
f 1064 1104 1106
f 1064 1106 1066
f 1066 1106 1107
f 1066 1107 1068
f 1068 1108 1109
f 1068 1109 1070
f 1068 1070 1069
f 1068 1107 1110
f 1068 1110 1108
f 1070 1109 1082
f 1070 1082 1081
f 1070 1080 1072
f 1070 1072 1071
f 1072 1080 1076
f 1072 1076 1073
f 1077 1111 1112
f 1077 1112 1079
f 1077 1078 1113
f 1077 1113 1114
f 1077 1114 1115
f 1077 1115 1116
f 1077 1116 1111
f 1078 1086 1113
f 1079 1112 1117
f 1079 1117 1118
f 1079 1118 1119
f 1079 1119 1087
f 1082 1109 1108
f 1082 1108 1120
f 1082 1120 1121
f 1082 1121 1083
f 1083 1121 1122
f 1083 1122 1123
f 1083 1123 1084
f 1084 1123 1085
f 1085 1123 1122
f 1085 1122 1124
f 1085 1124 1125
f 1085 1125 1086
f 1086 1125 1113
f 1087 1119 1088
f 1089 1091 1090
f 1089 1097 1091
f 1091 1126 1098
f 1091 1097 1096
f 1091 1096 1126
f 1092 1127 1093
f 1093 1128 1094
f 1093 1127 1128
f 1094 1129 1095
f 1094 1128 1130
f 1094 1130 1129
f 1095 1129 1131
f 1095 1131 1098
f 1095 1098 1096
f 1096 1098 1126
f 1098 1131 1132
f 1098 1132 1100
f 1101 1133 1105
f 1101 1105 1102
f 1103 1105 1134
f 1103 1134 1135
f 1103 1135 1136
f 1103 1136 1104
f 1104 1136 1137
f 1104 1137 1106
f 1105 1133 1134
f 1106 1138 1139
f 1106 1139 1140
f 1106 1140 1107
f 1106 1137 1138
f 1107 1140 1110
f 1108 1110 1120
f 1110 1140 1141
f 1110 1141 1120
f 1111 1142 1112
f 1111 1116 1142
f 1112 1142 1117
f 1113 1125 1143
f 1113 1143 1144
f 1113 1144 1114
f 1114 1144 1115
f 1115 1144 1143
f 1115 1143 1145
f 1115 1145 1146
f 1115 1146 1116
f 1116 1146 1147
f 1116 1147 1148
f 1116 1148 1149
f 1120 1141 1121
f 1121 1141 1150
f 1121 1150 1122
f 1122 1150 1151
f 1122 1151 1152
f 1122 1152 1153
f 1122 1153 1154
f 1122 1154 1155
f 1122 1155 1156
f 1122 1156 1124
f 1124 1156 1125
f 1125 1156 1143
f 1127 1157 1158
f 1127 1158 1128
f 1128 1158 1157
f 1128 1157 1159
f 1128 1159 1130
f 1129 1130 1160
f 1129 1160 1131
f 1130 1159 1161
f 1130 1161 1162
f 1130 1162 1160
f 1131 1160 1163
f 1135 1164 1136
f 1136 1164 1165
f 1136 1165 1166
f 1136 1166 1167
f 1136 1167 1168
f 1136 1168 1137
f 1137 1168 1138
f 1138 1168 1169
f 1138 1169 1170
f 1138 1170 1171
f 1138 1171 1172
f 1138 1172 1139
f 1139 1172 1173
f 1139 1173 1174
f 1139 1174 1175
f 1139 1175 1176
f 1139 1176 1140
f 1140 1176 1141
f 1141 1176 1175
f 1141 1175 1177
f 1141 1177 1178
f 1141 1178 1151
f 1141 1151 1150
f 1143 1156 1155
f 1143 1155 1179
f 1143 1179 1180
f 1143 1180 1181
f 1143 1181 1182
f 1143 1182 1145
f 1145 1182 1146
f 1146 1182 1183
f 1146 1183 1147
f 1147 1183 1184
f 1147 1184 1148
f 1148 1185 1186
f 1148 1186 1149
f 1148 1184 1187
f 1148 1187 1188
f 1148 1188 1185
f 1151 1189 1190
f 1151 1190 1152
f 1151 1178 1177
f 1151 1177 1191
f 1151 1191 1192
f 1151 1192 1193
f 1151 1193 1189
f 1152 1190 1153
f 1153 1194 1195
f 1153 1195 1184
f 1153 1184 1181
f 1153 1181 1179
f 1153 1179 1154
f 1153 1190 1189
f 1153 1189 1196
f 1153 1196 1197
f 1153 1197 1198
f 1153 1198 1194
f 1154 1179 1155
f 1157 1199 1159
f 1157 1200 1199
f 1159 1199 1161
f 1160 1162 1199
f 1160 1199 1163
f 1161 1199 1162
f 1163 1199 1201
f 1168 1202 1169
f 1169 1202 1203
f 1169 1203 1170
f 1170 1203 1204
f 1170 1204 1205
f 1170 1205 1206
f 1170 1206 1171
f 1171 1174 1173
f 1171 1173 1172
f 1171 1206 1207
f 1171 1207 1208
f 1171 1208 1209
f 1171 1209 1210
f 1171 1210 1174
f 1174 1210 1175
f 1175 1210 1211
f 1175 1211 1212
f 1175 1212 1213
f 1175 1213 1214
f 1175 1214 1177
f 1177 1214 1215
f 1177 1215 1216
f 1177 1216 1192
f 1177 1192 1191
f 1179 1181 1180
f 1181 1184 1182
f 1182 1184 1183
f 1184 1195 1187
f 1185 1188 1217
f 1185 1217 1218
f 1187 1195 1219
f 1187 1219 1220
f 1187 1220 1221
f 1187 1221 1188
f 1188 1221 1222
f 1188 1222 1223
f 1188 1223 1217
f 1189 1193 1196
f 1192 1216 1246
f 1192 1246 1224
f 1192 1224 1193
f 1193 1224 1225
f 1193 1225 1226
f 1193 1226 1227
f 1193 1227 1196
f 1194 1220 1195
f 1194 1198 1228
f 1194 1228 1229
f 1194 1229 1220
f 1195 1220 1219
f 1196 1227 1197
f 1197 1227 1198
f 1198 1230 1231
f 1198 1231 1229
f 1198 1229 1228
f 1198 1227 1232
f 1198 1232 1233
f 1198 1233 1230
f 1199 1200 1234
f 1199 1234 1235
f 1199 1235 1236
f 1199 1236 1237
f 1199 1237 1201
f 1205 1238 1206
f 1206 1238 1207
f 1207 1238 1208
f 1208 1239 1209
f 1208 1238 1239
f 1209 1212 1211
f 1209 1211 1210
f 1209 1239 1240
f 1209 1240 1241
f 1209 1241 1212
f 1212 1242 1213
f 1212 1241 1242
f 1213 1242 1243
f 1213 1243 1214
f 1214 1243 1244
f 1214 1244 1215
f 1215 1244 1216
f 1216 1244 1245
f 1216 1245 1246
f 1217 1223 1218
f 1218 1223 1247
f 1220 1222 1221
f 1220 1229 1248
f 1220 1248 1222
f 1222 1249 1247
f 1222 1247 1223
f 1222 1248 1249
f 1224 1246 1250
f 1224 1250 1225
f 1225 1250 1251
f 1225 1251 1226
f 1226 1251 1252
f 1226 1252 1253
f 1226 1253 1254
f 1226 1254 1255
f 1226 1255 1227
f 1227 1255 1256
f 1227 1256 1257
f 1227 1257 1232
f 1229 1231 1248
f 1230 1233 1258
f 1230 1258 1231
f 1231 1258 1259
f 1231 1259 1260
f 1231 1260 1248
f 1232 1257 1233
f 1233 1257 1261
f 1233 1261 1262
f 1233 1262 1259
f 1233 1259 1258
f 1235 1263 1264
f 1235 1264 1236
f 1235 1265 1263
f 1236 1264 1266
f 1236 1266 1237
f 1238 1267 1268
f 1238 1268 1239
f 1239 1268 1269
f 1239 1269 1270
f 1239 1270 1271
f 1239 1271 1272
f 1239 1272 1273
f 1239 1273 1240
f 1240 1274 1241
f 1240 1273 1275
f 1240 1275 1274
f 1241 1276 1242
f 1241 1274 1277
f 1241 1277 1276
f 1242 1276 1243
f 1243 1276 1245
f 1243 1245 1244
f 1245 1276 1277
f 1245 1277 1250
f 1245 1250 1246
f 1247 1249 1278
f 1248 1260 1279
f 1248 1279 1280
f 1248 1280 1281
f 1248 1281 1282
f 1248 1282 1249
f 1249 1283 1284
f 1249 1284 1285
f 1249 1285 1278
f 1249 1282 1283
f 1250 1277 1286
f 1250 1286 1251
f 1251 1286 1252
f 1252 1286 1287
f 1252 1287 1288
f 1252 1288 1289
f 1252 1289 1254
f 1252 1254 1253
f 1254 1289 1290
f 1254 1290 1291
f 1254 1291 1292
f 1254 1292 1256
f 1254 1256 1255
f 1256 1292 1257
f 1257 1292 1261
f 1259 1279 1260
f 1259 1262 1293
f 1259 1293 1294
f 1259 1294 1279
f 1261 1292 1295
f 1261 1295 1262
f 1262 1295 1296
f 1262 1296 1293
f 1263 1265 1297
f 1263 1297 1298
f 1263 1298 1299
f 1263 1299 1266
f 1263 1266 1264
f 1265 1300 1297
f 1267 1301 1268
f 1268 1301 1269
f 1270 1302 1271
f 1271 1302 1303
f 1271 1303 1272
f 1272 1303 1304
f 1272 1304 1273
f 1273 1304 1305
f 1273 1305 1306
f 1273 1306 1307
f 1273 1307 1275
f 1274 1275 1308
f 1274 1308 1287
f 1274 1287 1286
f 1274 1286 1277
f 1275 1307 1309
f 1275 1309 1310
f 1275 1310 1308
f 1279 1294 1280
f 1280 1311 1312
f 1280 1312 1313
f 1280 1313 1281
f 1280 1294 1314
f 1280 1314 1315
f 1280 1315 1311
f 1281 1313 1282
f 1282 1313 1312
f 1282 1312 1283
f 1283 1312 1284
f 1287 1308 1310
f 1287 1310 1309
f 1287 1309 1316
f 1287 1316 1288
f 1288 1317 1318
f 1288 1318 1319
f 1288 1319 1320
f 1288 1320 1321
f 1288 1321 1290
f 1288 1290 1289
f 1288 1316 1317
f 1290 1321 1322
f 1290 1322 1323
f 1290 1323 1291
f 1291 1324 1295
f 1291 1295 1292
f 1291 1323 1325
f 1291 1325 1326
f 1291 1326 1324
f 1293 1296 1294
f 1294 1296 1327
f 1294 1327 1328
f 1294 1328 1314
f 1295 1324 1329
f 1295 1329 1296
f 1296 1329 1328
f 1296 1328 1327
f 1297 1300 1298
f 1298 1300 1330
f 1300 1331 1332
f 1300 1332 1333
f 1300 1333 1330
f 1300 1334 1331
f 1302 1335 1303
f 1303 1335 1304
f 1304 1335 1305
f 1305 1336 1337
f 1305 1337 1353
f 1305 1353 1338
f 1305 1338 1306
f 1305 1335 1336
f 1306 1339 1307
f 1306 1338 1339
f 1307 1339 1309
f 1309 1339 1317
f 1309 1317 1316
f 1311 1340 1341
f 1311 1341 1342
f 1311 1342 1312
f 1311 1315 1343
f 1311 1343 1344
f 1311 1344 1345
f 1311 1345 1346
f 1311 1346 1347
f 1311 1347 1348
f 1311 1348 1340
f 1314 1328 1349
f 1314 1349 1350
f 1314 1350 1351
f 1314 1351 1315
f 1315 1351 1344
f 1315 1344 1343
f 1317 1339 1352
f 1317 1352 1353
f 1317 1353 1354
f 1317 1354 1355
f 1317 1355 1318
f 1318 1355 1356
f 1318 1356 1319
f 1319 1322 1320
f 1319 1356 1355
f 1319 1355 1357
f 1319 1357 1358
f 1319 1358 1359
f 1319 1359 1322
f 1320 1322 1321
f 1322 1359 1323
f 1323 1359 1360
f 1323 1360 1325
f 1324 1326 1361
f 1324 1361 1329
f 1325 1362 1326
f 1325 1360 1363
f 1325 1363 1364
f 1325 1364 1365
f 1325 1365 1362
f 1326 1362 1361
f 1328 1329 1366
f 1328 1366 1367
f 1328 1367 1368
f 1328 1368 1369
f 1328 1369 1349
f 1329 1361 1366
f 1331 1334 1370
f 1331 1370 1371
f 1335 1372 1336
f 1336 1373 1374
f 1336 1374 1375
f 1336 1375 1337
f 1336 1372 1373
f 1337 1375 1353
f 1338 1353 1352
f 1338 1352 1339
f 1344 1376 1377
f 1344 1377 1378
f 1344 1378 1379
f 1344 1379 1345
f 1344 1351 1380
f 1344 1380 1381
f 1344 1381 1376
f 1345 1379 1382
f 1345 1382 1346
f 1346 1382 1383
f 1349 1369 1384
f 1349 1384 1350
f 1350 1384 1351
f 1351 1384 1380
f 1353 1375 1385
f 1353 1385 1386
f 1353 1386 1387
f 1353 1387 1354
f 1354 1387 1355
f 1355 1387 1386
f 1355 1386 1388
f 1355 1388 1389
f 1355 1389 1390
f 1355 1390 1357
f 1357 1390 1391
f 1357 1391 1358
f 1358 1391 1359
f 1359 1391 1363
f 1359 1363 1360
f 1361 1362 1365
f 1361 1365 1392
f 1361 1392 1367
f 1361 1367 1366
f 1363 1391 1393
f 1363 1393 1394
f 1363 1394 1364
f 1364 1394 1365
f 1365 1394 1395
f 1365 1395 1396
f 1365 1396 1392
f 1367 1392 1396
f 1367 1396 1397
f 1367 1397 1398
f 1367 1398 1368
f 1368 1380 1384
f 1368 1384 1369
f 1368 1398 1380
f 1370 1399 1371
f 1371 1399 1400
f 1372 1401 1402
f 1372 1402 1373
f 1373 1402 1403
f 1373 1403 1374
f 1374 1403 1404
f 1374 1404 1375
f 1375 1404 1405
f 1375 1405 1413
f 1375 1413 1385
f 1376 1406 1407
f 1376 1407 1408
f 1376 1408 1378
f 1376 1378 1377
f 1376 1381 1398
f 1376 1398 1409
f 1376 1409 1406
f 1378 1382 1379
f 1378 1408 1382
f 1380 1398 1381
f 1382 1408 1410
f 1382 1410 1411
f 1382 1411 1383
f 1385 1412 1386
f 1385 1413 1412
f 1386 1412 1388
f 1388 1412 1389
f 1389 1412 1414
f 1389 1414 1390
f 1390 1414 1415
f 1390 1415 1391
f 1391 1415 1416
f 1391 1416 1393
f 1393 1416 1417
f 1393 1417 1418
f 1393 1418 1394
f 1394 1418 1419
f 1394 1419 1420
f 1394 1420 1395
f 1395 1420 1421
f 1395 1421 1398
f 1395 1398 1397
f 1395 1397 1396
f 1398 1421 1422
f 1398 1422 1423
f 1398 1423 1424
f 1398 1424 1409
f 1399 1425 1400
f 1400 1425 1427
f 1400 1427 1426
f 1401 1428 1402
f 1402 1428 1403
f 1403 1428 1429
f 1403 1429 1430
f 1403 1430 1431
f 1403 1431 1432
f 1403 1432 1404
f 1404 1432 1433
f 1404 1433 1434
f 1404 1434 1405
f 1405 1434 1435
f 1405 1435 1436
f 1405 1436 1413
f 1406 1409 1437
f 1406 1437 1407
f 1407 1411 1410
f 1407 1410 1408
f 1407 1437 1438
f 1409 1424 1439
f 1409 1439 1437
f 1412 1413 1440
f 1412 1440 1414
f 1413 1436 1440
f 1414 1440 1441
f 1414 1441 1442
f 1414 1442 1443
f 1414 1443 1415
f 1415 1443 1416
f 1416 1443 1444
f 1416 1444 1417
f 1417 1444 1445
f 1417 1445 1418
f 1418 1445 1446
f 1418 1446 1419
f 1419 1446 1447
f 1419 1447 1448
f 1419 1448 1420
f 1420 1448 1449
f 1420 1449 1450
f 1420 1450 1451
f 1420 1451 1421
f 1421 1451 1422
f 1422 1451 1423
f 1423 1451 1452
f 1423 1452 1453
f 1423 1453 1424
f 1424 1453 1439
f 1426 1427 1454
f 1426 1454 1455
f 1426 1455 1456
f 1431 1457 1432
f 1432 1457 1458
f 1432 1458 1433
f 1433 1458 1459
f 1433 1459 1484
f 1433 1484 1460
f 1433 1460 1461
f 1433 1461 1434
f 1434 1461 1435
f 1435 1461 1462
f 1435 1462 1463
f 1435 1463 1436
f 1436 1463 1467
f 1436 1467 1440
f 1437 1464 1438
f 1437 1439 1465
f 1437 1465 1466
f 1437 1466 1464
f 1439 1453 1465
f 1440 1467 1441
f 1441 1467 1468
f 1441 1468 1469
f 1441 1469 1442
f 1442 1469 1470
f 1442 1470 1443
f 1443 1470 1471
f 1443 1471 1444
f 1444 1471 1445
f 1445 1471 1472
f 1445 1472 1446
f 1446 1472 1473
f 1446 1473 1447
f 1447 1473 1474
f 1447 1474 1448
f 1448 1474 1475
f 1448 1475 1449
f 1449 1475 1476
f 1449 1476 1450
f 1450 1476 1451
f 1451 1477 1453
f 1451 1453 1452
f 1451 1476 1478
f 1451 1478 1479
f 1451 1479 1477
f 1453 1477 1480
f 1453 1480 1466
f 1453 1466 1465
f 1454 1481 1482
f 1454 1482 1455
f 1455 1482 1509
f 1455 1509 1536
f 1455 1536 1571
f 1455 1571 1593
f 1455 1593 1554
f 1455 1554 1553
f 1455 1553 1522
f 1455 1522 1552
f 1455 1552 1592
f 1455 1592 1569
f 1455 1569 1608
f 1455 1608 1624
f 1455 1624 1633
f 1455 1633 1630
f 1455 1630 1629
f 1455 1629 1628
f 1455 1628 1627
f 1455 1627 1626
f 1455 1626 1625
f 1455 1625 1611
f 1455 1611 1610
f 1455 1610 1582
f 1455 1582 1540
f 1455 1540 1510
f 1455 1510 1483
f 1455 1483 1456
f 1460 1484 1514
f 1460 1514 1485
f 1460 1485 1486
f 1460 1486 1461
f 1461 1486 1487
f 1461 1487 1462
f 1462 1487 1463
f 1463 1487 1488
f 1463 1488 1468
f 1463 1468 1467
f 1464 1466 1489
f 1466 1490 1491
f 1466 1491 1489
f 1466 1480 1492
f 1466 1492 1493
f 1466 1493 1494
f 1466 1494 1495
f 1466 1495 1490
f 1468 1488 1520
f 1468 1520 1496
f 1468 1496 1497
f 1468 1497 1469
f 1469 1497 1470
f 1470 1497 1498
f 1470 1498 1471
f 1471 1498 1499
f 1471 1499 1472
f 1472 1499 1500
f 1472 1500 1501
f 1472 1501 1473
f 1473 1502 1474
f 1473 1501 1502
f 1474 1502 1503
f 1474 1503 1475
f 1475 1503 1476
f 1476 1503 1478
f 1477 1492 1480
f 1477 1479 1504
f 1477 1504 1492
f 1478 1503 1505
f 1478 1505 1506
f 1478 1506 1507
f 1478 1507 1479
f 1479 1507 1504
f 1481 1508 1509
f 1481 1509 1482
f 1483 1510 1511
f 1483 1511 1512
f 1483 1512 1513
f 1485 1514 1515
f 1485 1515 1516
f 1485 1516 1546
f 1485 1546 1517
f 1485 1517 1518
f 1485 1518 1486
f 1486 1518 1519
f 1486 1519 1487
f 1487 1519 1520
f 1487 1520 1488
f 1492 1494 1493
f 1492 1504 1521
f 1492 1521 1494
f 1494 1521 1522
f 1494 1522 1523
f 1494 1523 1524
f 1494 1524 1525
f 1494 1525 1495
f 1496 1520 1551
f 1496 1551 1526
f 1496 1526 1497
f 1497 1526 1527
f 1497 1527 1498
f 1498 1527 1528
f 1498 1528 1499
f 1499 1528 1500
f 1500 1528 1529
f 1500 1529 1530
f 1500 1530 1501
f 1501 1530 1531
f 1501 1531 1502
f 1502 1531 1503
f 1503 1531 1532
f 1503 1532 1505
f 1504 1507 1533
f 1504 1533 1521
f 1505 1534 1506
f 1505 1532 1534
f 1506 1534 1507
f 1507 1534 1533
f 1508 1535 1509
f 1509 1535 1537
f 1509 1537 1538
f 1509 1538 1539
f 1509 1539 1536
f 1510 1540 1511
f 1511 1541 1542
f 1511 1542 1512
f 1511 1540 1543
f 1511 1543 1544
f 1511 1544 1541
f 1512 1542 1545
f 1512 1545 1513
f 1517 1546 1547
f 1517 1547 1548
f 1517 1548 1549
f 1517 1549 1518
f 1518 1549 1550
f 1518 1550 1519
f 1519 1550 1551
f 1519 1551 1520
f 1521 1533 1522
f 1522 1533 1552
f 1522 1553 1523
f 1523 1553 1524
f 1524 1553 1554
f 1526 1551 1555
f 1526 1555 1556
f 1526 1556 1557
f 1526 1557 1527
f 1527 1557 1528
f 1528 1557 1558
f 1528 1558 1559
f 1528 1559 1560
f 1528 1560 1529
f 1529 1560 1559
f 1529 1559 1561
f 1529 1561 1562
f 1529 1562 1530
f 1530 1562 1563
f 1530 1563 1531
f 1531 1563 1564
f 1531 1564 1532
f 1532 1564 1565
f 1532 1565 1566
f 1532 1566 1534
f 1533 1534 1566
f 1533 1566 1567
f 1533 1567 1568
f 1533 1568 1569
f 1533 1569 1570
f 1533 1570 1552
f 1536 1539 1572
f 1536 1572 1573
f 1536 1573 1574
f 1536 1574 1575
f 1536 1575 1576
f 1536 1576 1577
f 1536 1577 1578
f 1536 1578 1579
f 1536 1579 1580
f 1536 1580 1581
f 1536 1581 1571
f 1540 1582 1583
f 1540 1583 1584
f 1540 1584 1543
f 1541 1585 1542
f 1541 1544 1585
f 1542 1548 1586
f 1542 1586 1587
f 1542 1587 1545
f 1542 1585 1548
f 1543 1584 1544
f 1544 1584 1588
f 1544 1588 1589
f 1544 1589 1590
f 1544 1590 1585
f 1547 1586 1548
f 1548 1585 1549
f 1549 1585 1591
f 1549 1591 1550
f 1550 1591 1555
f 1550 1555 1551
f 1552 1570 1592
f 1555 1591 1589
f 1555 1589 1594
f 1555 1594 1595
f 1555 1595 1556
f 1556 1595 1596
f 1556 1596 1597
f 1556 1597 1557
f 1557 1597 1598
f 1557 1598 1558
f 1558 1598 1599
f 1558 1599 1600
f 1558 1600 1601
f 1558 1601 1559
f 1559 1601 1602
f 1559 1602 1603
f 1559 1603 1561
f 1561 1603 1562
f 1562 1603 1604
f 1562 1604 1563
f 1563 1604 1605
f 1563 1605 1606
f 1563 1606 1607
f 1563 1607 1565
f 1563 1565 1564
f 1565 1607 1606
f 1565 1606 1567
f 1565 1567 1566
f 1567 1608 1569
f 1567 1569 1568
f 1567 1606 1624
f 1567 1624 1608
f 1569 1592 1570
f 1571 1581 1609
f 1571 1609 1593
f 1582 1610 1583
f 1583 1610 1611
f 1583 1611 1612
f 1583 1612 1613
f 1583 1613 1584
f 1584 1613 1588
f 1585 1590 1589
f 1585 1589 1591
f 1588 1614 1589
f 1588 1613 1614
f 1589 1614 1594
f 1594 1614 1615
f 1594 1615 1595
f 1595 1615 1596
f 1596 1615 1616
f 1596 1616 1617
f 1596 1617 1600
f 1596 1600 1598
f 1596 1598 1597
f 1598 1600 1599
f 1600 1617 1618
f 1600 1618 1601
f 1601 1618 1619
f 1601 1619 1603
f 1601 1603 1602
f 1603 1619 1620
f 1603 1620 1604
f 1604 1620 1621
f 1604 1621 1622
f 1604 1622 1605
f 1605 1622 1623
f 1605 1623 1606
f 1606 1623 1624
f 1611 1625 1616
f 1611 1616 1612
f 1612 1616 1615
f 1612 1615 1613
f 1613 1615 1614
f 1616 1625 1626
f 1616 1626 1627
f 1616 1627 1617
f 1617 1627 1618
f 1618 1628 1620
f 1618 1620 1619
f 1618 1627 1628
f 1620 1628 1629
f 1620 1629 1630
f 1620 1630 1631
f 1620 1631 1621
f 1621 1631 1622
f 1622 1632 1623
f 1622 1631 1632
f 1623 1632 1633
f 1623 1633 1624
f 1630 1633 1631
f 1631 1633 1632

