# https://github.com/mikedh/trimesh
v -0.16503826 -0.12297253 -0.38159347
v -0.15469411 -0.12297253 -0.38127708
v -0.17495535 -0.12297253 -0.38127708
v -0.16503826 -0.09499373 -0.38602298
v -0.15502626 -0.09499373 -0.38602298
v -0.14501426 -0.12284954 -0.38048613
v -0.14534640 -0.12297253 -0.38048613
v -0.14501426 -0.10495539 -0.38365006
v -0.17699571 -0.12297253 -0.38119799
v -0.17495535 -0.11497857 -0.38254267
v -0.17495535 -0.10495539 -0.38412464
v -0.16503826 -0.08497052 -0.38744676
v -0.15502626 -0.08497052 -0.38744676
v -0.04503660 0.03500018 -0.39725500
v -0.14501426 -0.09499373 -0.38531113
v -0.13500226 -0.10495539 -0.38270086
v -0.13870338 -0.12094329 -0.38016969
v -0.14449230 -0.12297253 -0.38040704
v -0.18420815 -0.12297253 -0.38080251
v -0.18496735 -0.10495539 -0.38341278
v -0.17495535 -0.09499373 -0.38546932
v -0.18496735 -0.11497857 -0.38198900
v -0.17495535 -0.08497052 -0.38649762
v -0.16503826 -0.07494734 -0.38823777
v -0.15070829 -0.06025077 -0.38997793
v -0.14900008 -0.06025077 -0.38997793
v -0.05500115 0.07503141 -0.40279192
v -0.04503660 0.05738322 -0.40033984
v -0.04503660 0.04502335 -0.39867878
v -0.03901042 0.05879754 -0.40010256
v -0.03502460 0.03500018 -0.39622670
v -0.03502460 0.02503848 -0.39464474
v -0.13500226 -0.09499373 -0.38436192
v -0.01965073 0.00972700 -0.39005703
v -0.13433795 -0.12297253 -0.37914145
v -0.13675791 -0.12297253 -0.37945783
v 0.03496450 -0.12297253 -0.35636103
v -0.18971238 -0.12297253 -0.38040704
v -0.18496735 -0.09499373 -0.38444102
v -0.19270174 -0.12180419 -0.38032788
v -0.19559620 -0.11540903 -0.38080251
v -0.19497935 -0.10495539 -0.38198900
v -0.17495535 -0.07494734 -0.38728857
v -0.16181163 -0.04493929 -0.39021522
v -0.16057794 -0.05078103 -0.38997793
v -0.15735132 -0.05748364 -0.38981974
v -0.08503716 0.09501627 -0.40366197
v -0.07502516 0.08505458 -0.40350378
v -0.06501316 0.08505458 -0.40374106
v -0.06501316 0.07503141 -0.40287101
v -0.05500115 0.08505458 -0.40342468
v -0.04503660 0.07503141 -0.40200090
v -0.04503660 0.06500822 -0.40113080
v -0.03706497 0.06500822 -0.40033984
v -0.03042193 0.07091144 -0.39994437
v -0.03208269 0.06500822 -0.39962792
v -0.01500061 0.04502335 -0.39456564
v -0.02501260 0.04502335 -0.39622670
v -0.03502460 0.04502335 -0.39765048
v -0.02501260 0.03500018 -0.39480293
v -0.00949638 0.01962720 -0.39005703
v 0.05294813 -0.12297253 -0.35375082
v 0.04293613 -0.12297253 -0.35525370
v -0.19369820 -0.12297253 -0.37993240
v -0.18496735 -0.08497052 -0.38523203
v -0.19497935 -0.09499373 -0.38285905
v -0.19692482 -0.12297253 -0.37945783
v -0.19939223 -0.11903705 -0.37985331
v -0.20252395 -0.10495539 -0.38056523
v -0.17495535 -0.06498565 -0.38776314
v -0.16679391 -0.04493929 -0.38966155
v -0.18496735 -0.07494734 -0.38578570
v -0.09500170 0.10503945 -0.40326649
v -0.08503716 0.10503945 -0.40405744
v -0.07502516 0.09501627 -0.40413660
v -0.06501316 0.09501627 -0.40397835
v -0.05500115 0.09501627 -0.40342468
v -0.04503660 0.08505458 -0.40263367
v -0.03426540 0.07453947 -0.40065622
v -0.03502460 0.08505458 -0.40128905
v -0.02933058 0.07755257 -0.40010256
v -0.02558200 0.07453947 -0.39907426
v -0.00503606 0.04502335 -0.39243001
v -0.01500061 0.03500018 -0.39322096
v -0.00437175 0.03456973 -0.39116442
v -0.00755091 0.02503848 -0.39045250
v -0.00252119 0.02503848 -0.38950336
v 0.00497594 0.01501530 -0.38641852
v 0.07188079 -0.12297253 -0.35034955
v -0.19497935 -0.08497052 -0.38349187
v -0.20427960 -0.09499373 -0.38096070
v -0.20484900 -0.12297253 -0.37771767
v -0.20698427 -0.12297253 -0.37716395
v -0.20446941 -0.11540903 -0.37898326
v -0.20750621 -0.10495539 -0.37937874
v -0.20930932 -0.09499373 -0.37977421
v -0.18496735 -0.06498565 -0.38626027
v -0.17495535 -0.05496249 -0.38823777
v -0.17495535 -0.04493929 -0.38855416
v -0.10501371 0.11500114 -0.40200090
v -0.09500170 0.11500114 -0.40334558
v -0.08503716 0.11500114 -0.40389925
v -0.07502516 0.10503945 -0.40429479
v -0.06501316 0.10503945 -0.40382016
v -0.05500115 0.10503945 -0.40302920
v -0.04503660 0.09501627 -0.40247548
v -0.03502460 0.09501627 -0.40113080
v -0.02368400 0.09501627 -0.39946973
v -0.02847648 0.08505458 -0.40026075
v -0.02349420 0.08505458 -0.39923245
v -0.01500061 0.09501627 -0.39788777
v 0.00236619 0.04502335 -0.39061069
v 0.00099012 0.03764433 -0.39029431
v -0.00503606 0.09501627 -0.39551485
v -0.00057574 0.03094171 -0.38981974
v 0.00497594 0.02503848 -0.38776314
v 0.01498795 0.01501530 -0.38388735
v 0.01498795 0.02503848 -0.38523203
v 0.02590150 0.02423909 -0.38190991
v 0.03112103 0.02700622 -0.38048613
v 0.03202258 0.03500018 -0.38088161
v 0.04497650 0.02503848 -0.37471193
v 0.05304304 0.02503848 -0.37138975
v 0.05807276 0.02503848 -0.36901683
v 0.07126392 0.00505361 -0.36071146
v 0.07188079 0.00505361 -0.36031598
v 0.07188079 -0.12297253 0.37458849
v -0.19497935 -0.07494734 -0.38388735
v -0.20589291 -0.08533947 -0.38103980
v -0.20499136 -0.07494734 -0.38167256
v -0.21495591 -0.12297253 -0.37494922
v -0.21495591 -0.11497857 -0.37597752
v -0.21495591 -0.10495539 -0.37708485
v -0.20983128 -0.08890601 -0.37993240
v -0.21495591 -0.09499373 -0.37787586
v -0.18496735 -0.05496249 -0.38665581
v -0.18496735 -0.04493929 -0.38689309
v -0.11284299 0.11500114 -0.40057713
v -0.11777782 0.12502432 -0.39954883
v -0.11274809 0.12502432 -0.40041894
v -0.10501371 0.12502432 -0.40152633
v -0.09500170 0.12502432 -0.40255457
v -0.08503716 0.12502432 -0.40302920
v -0.07502516 0.11500114 -0.40382016
v -0.06501316 0.11500114 -0.40326649
v -0.05500115 0.11500114 -0.40239638
v -0.04503660 0.11500114 -0.40136814
v -0.04503660 0.10503945 -0.40192181
v -0.03844102 0.12207271 -0.40018165
v -0.03720732 0.11500114 -0.40041894
v -0.02572435 0.10448603 -0.39939064
v -0.01500061 0.10503945 -0.39772958
v 0.00350499 0.05504653 -0.39092714
v 0.00848727 0.05504653 -0.38958246
v 0.01498795 0.05504653 -0.38776314
v 0.01498795 0.04502335 -0.38705128
v 0.01498795 0.03500018 -0.38618118
v -0.00503606 0.10503945 -0.39504021
v 0.00497594 0.09501627 -0.39243001
v 0.01104957 0.08505458 -0.39037341
v 0.00497594 0.08505458 -0.39219266
v 0.02499995 0.03500018 -0.38333368
v 0.02499995 0.04502335 -0.38396645
v 0.02499995 0.05504653 -0.38452011
v 0.02499995 0.06500822 -0.38499475
v 0.03311394 0.05504653 -0.38135618
v 0.04497650 0.03500018 -0.37558198
v 0.05347009 0.03500018 -0.37186438
v 0.07188079 0.01501530 -0.36102784
v 0.07188079 -0.11811467 0.37593317
v 0.06699340 -0.12297253 0.37545860
v -0.19497935 -0.05496249 -0.38459921
v -0.21073283 -0.07494734 -0.38024879
v -0.20499136 -0.06498565 -0.38198900
v -0.21699627 -0.12297253 -0.37431639
v -0.23023489 -0.12297253 -0.37012422
v -0.22496790 -0.11497857 -0.37273443
v -0.22496790 -0.10495539 -0.37368363
v -0.22496790 -0.09499373 -0.37431639
v -0.21571511 -0.07494734 -0.37850863
v -0.19497935 -0.04493929 -0.38491565
v -0.12503770 0.12502432 -0.39780867
v -0.12503770 0.13504750 -0.39733410
v -0.11507316 0.13529347 -0.39939064
v -0.11179909 0.13215739 -0.40018165
v -0.10510860 0.13529347 -0.40057713
v -0.09500170 0.13504750 -0.40136814
v -0.08503716 0.13504750 -0.40168452
v -0.07502516 0.13504750 -0.40160543
v -0.07502516 0.12502432 -0.40287101
v -0.06501316 0.12502432 -0.40239638
v -0.05500115 0.12502432 -0.40168452
v -0.04475190 0.12527029 -0.40065622
v -0.01500061 0.15503237 -0.39330006
v -0.02501260 0.17501724 -0.39250910
v -0.02501260 0.16505556 -0.39361644
v -0.01500061 0.16505556 -0.39227182
v -0.00418195 0.15564729 -0.39108533
v 0.00094268 0.15275717 -0.39021522
v 0.00454889 0.15564729 -0.38902873
v 0.00682651 0.14500919 -0.38910782
v 0.01498795 0.15503237 -0.38602298
v 0.01085977 0.09501627 -0.39029431
v 0.01607931 0.08505458 -0.38855416
v 0.02499995 0.13504750 -0.38341278
v 0.02499995 0.07503141 -0.38531113
v 0.03325629 0.06500822 -0.38159347
v 0.07188079 0.16505556 -0.36324263
v 0.05845237 0.03500018 -0.36901683
v 0.07188079 -0.10581629 0.37909716
v 0.06704086 -0.10772254 0.37949264
v 0.06039782 -0.11018221 0.38004631
v 0.05498849 -0.12297253 0.37751514
v -0.21125479 -0.06498565 -0.38040704
v -0.21628451 -0.06498565 -0.37866682
v -0.23047213 -0.12155820 -0.37020332
v -0.23469520 -0.12297253 -0.36806762
v -0.23127879 -0.11497857 -0.37051970
v -0.23218034 -0.10495539 -0.37091517
v -0.23284465 -0.09499373 -0.37123156
v -0.22496790 -0.07494734 -0.37518650
v -0.20499136 -0.04493929 -0.38222629
v -0.19497935 -0.03497761 -0.38459921
v -0.13500226 0.13504750 -0.39480293
v -0.13500226 0.14500919 -0.39369553
v -0.12503770 0.14500919 -0.39598942
v -0.10847758 0.13886000 -0.39978617
v -0.11502571 0.14500919 -0.39788777
v -0.10178709 0.14095072 -0.40010256
v -0.09500170 0.14230356 -0.40033984
v -0.08503716 0.14297995 -0.40049803
v -0.06501316 0.13504750 -0.40128905
v -0.07502516 0.14254951 -0.40041894
v -0.05500115 0.19494061 -0.39171809
v -0.05528586 0.13517049 -0.40057713
v -0.04793107 0.13191141 -0.40026075
v -0.00669682 0.16505556 -0.39068979
v -0.02430086 0.18577832 -0.39108533
v -0.01723076 0.18294969 -0.39045250
v -0.01433630 0.17550917 -0.39092714
v -0.01058774 0.17913720 -0.38989884
v -0.00166708 0.16505556 -0.38966155
v -0.00024357 0.15939830 -0.38989884
v 0.00497594 0.16505556 -0.38815868
v 0.01498795 0.17501724 -0.38452011
v 0.01498795 0.16505556 -0.38531113
v 0.02400349 0.17501724 -0.38151437
v 0.02580661 0.16456361 -0.38151437
v 0.02499995 0.15503237 -0.38238448
v 0.02499995 0.14500919 -0.38293815
v 0.03188023 0.13504750 -0.38080251
v 0.01584205 0.09501627 -0.38839597
v 0.02499995 0.08505458 -0.38523203
v 0.03145318 0.14500919 -0.38056523
v 0.03325629 0.08505458 -0.38159347
v 0.06495304 0.16505556 -0.36632746
v 0.07188079 0.17501724 -0.36300534
v 0.07188079 -0.10015903 0.38028359
v 0.07135883 -0.10108142 0.38020450
v 0.06419384 -0.10464795 0.38060004
v 0.06495304 -0.09499373 0.38249838
v 0.05498849 -0.11184250 0.38044178
v 0.04791841 -0.11891405 0.37972993
v 0.04663725 -0.12297253 0.37878072
v -0.21130224 -0.05496249 -0.38040704
v -0.22496790 -0.06498565 -0.37542379
v -0.21628451 -0.05496249 -0.37866682
v -0.23626107 -0.11497857 -0.36822581
v -0.24565621 -0.12297253 -0.36276805
v -0.23716262 -0.10495539 -0.36870044
v -0.23782691 -0.09499373 -0.36901683
v -0.23830143 -0.08497052 -0.36917502
v -0.23327169 -0.08497052 -0.37138975
v -0.23350894 -0.07494734 -0.37162709
v -0.21111244 -0.04493929 -0.38040704
v -0.20499136 -0.03497761 -0.38190991
v -0.14501426 0.13504750 -0.39211357
v -0.14529896 0.14451726 -0.39108533
v -0.14216724 0.15263419 -0.39061069
v -0.13561910 0.15558580 -0.39155990
v -0.12503770 0.15503237 -0.39409107
v -0.10510860 0.14457875 -0.39915335
v -0.11502571 0.15503237 -0.39575213
v -0.10501371 0.15503237 -0.39693862
v -0.09500170 0.14728439 -0.39946973
v -0.06501316 0.20170473 -0.39029431
v -0.05874972 0.14070475 -0.40010256
v -0.04503660 0.19494061 -0.39140171
v -0.05500115 0.20231965 -0.39037341
v -0.04503660 0.20693153 -0.38942426
v -0.04503660 0.20188920 -0.39029431
v -0.03502460 0.18504041 -0.39219266
v -0.03151329 0.19936803 -0.38989884
v -0.02430086 0.19561704 -0.38958246
v -0.01500061 0.20496380 -0.38689309
v -0.01500061 0.19494061 -0.38839597
v -0.00503606 0.19494061 -0.38681400
v -0.00503606 0.18504041 -0.38807958
v 0.00497594 0.17501724 -0.38713038
v 0.01498795 0.18504041 -0.38341278
v 0.02281724 0.18504041 -0.38103980
v 0.04981641 0.20920675 -0.36988688
v 0.05052817 0.20250413 -0.37012422
v 0.05119248 0.19494061 -0.37036151
v 0.05617476 0.19494061 -0.36854225
v 0.06495304 0.18504041 -0.36569470
v 0.03230728 0.12502432 -0.38096070
v 0.05679160 0.18504041 -0.36885864
v 0.07188079 0.17766139 -0.36292624
v 0.07188079 -0.08810662 0.38265657
v 0.07188079 -0.07808344 0.38447583
v 0.06495304 -0.08497052 0.38423854
v 0.05498849 -0.09499373 0.38352662
v 0.05498849 -0.10495539 0.38178647
v 0.03415784 -0.12297253 0.38044178
v 0.04473925 -0.11534752 0.38083732
v 0.03899777 -0.12297253 0.37980902
v 0.04554591 -0.12297253 0.37893891
v -0.23346150 -0.06498565 -0.37170619
v -0.22496790 -0.05496249 -0.37510741
v -0.21609470 -0.04493929 -0.37842953
v -0.24499190 -0.11497857 -0.36395448
v -0.25054359 -0.12297253 -0.36031598
v -0.24499190 -0.10495539 -0.36482459
v -0.24499190 -0.09499373 -0.36537826
v -0.23849122 -0.07494734 -0.36925411
v -0.21059048 -0.03497761 -0.38016969
v -0.15099299 0.13504750 -0.39029431
v -0.15037613 0.14082775 -0.39005703
v -0.15426706 0.14451726 -0.38847506
v -0.15502626 0.15503237 -0.38673490
v -0.13936767 0.15927531 -0.38981974
v -0.15502626 0.16505556 -0.38467830
v -0.13267720 0.16259587 -0.39068979
v -0.12503770 0.18504041 -0.38720948
v -0.11502571 0.19494061 -0.38681400
v -0.08731477 0.19863014 -0.38974065
v -0.09500170 0.15503237 -0.39796686
v -0.10501371 0.20496380 -0.38602298
v -0.09500170 0.20496380 -0.38736767
v -0.08062428 0.20022893 -0.38997793
v -0.07502516 0.20090534 -0.39013612
v -0.06501316 0.20668557 -0.38934517
v -0.05500115 0.20730048 -0.38942426
v -0.05500115 0.21498698 -0.38792139
v -0.04503660 0.21498698 -0.38784230
v -0.03502460 0.21498698 -0.38736767
v -0.03492971 0.20441037 -0.38926601
v -0.02501260 0.21498698 -0.38641852
v -0.02501260 0.20496380 -0.38815868
v -0.01500061 0.21498698 -0.38515294
v -0.00503606 0.21498698 -0.38365006
v -0.00503606 0.20496380 -0.38531113
v 0.00497594 0.20496380 -0.38341278
v 0.00497594 0.18504041 -0.38594389
v 0.01152408 0.21498698 -0.38040704
v 0.01380169 0.20496380 -0.38111889
v 0.02499995 0.22494867 -0.37550288
v 0.03496450 0.21498698 -0.37384182
v 0.03496450 0.20496380 -0.37502831
v 0.04364789 0.21498698 -0.37115246
v 0.04863016 0.21498698 -0.36957049
v 0.05498849 0.22494867 -0.36585289
v 0.06556989 0.22488718 -0.36173975
v 0.06495304 0.21498698 -0.36316353
v 0.07188079 0.21498698 -0.36039507
v 0.07188079 0.21424907 -0.36047417
v 0.06495304 0.20496380 -0.36419183
v 0.06495304 0.19494061 -0.36514097
v 0.07188079 0.18737711 -0.36260986
v 0.07188079 0.18504041 -0.36268896
v 0.07188079 -0.07494734 0.38495040
v 0.07188079 -0.06806026 0.38597870
v 0.06495304 -0.07494734 0.38566232
v 0.01498795 -0.11497857 0.38384306
v 0.02499995 -0.11497857 0.38289386
v 0.02428819 -0.12297253 0.38131189
v -0.23782691 -0.04493929 -0.36901683
v -0.23749477 -0.03497761 -0.36885864
v -0.23251249 -0.03497761 -0.37107337
v -0.24499190 -0.05496249 -0.36577380
v -0.24499190 -0.04493929 -0.36553651
v -0.22496790 -0.04493929 -0.37471193
v -0.21557276 -0.03497761 -0.37819225
v -0.25690192 -0.10495539 -0.35810125
v -0.25191963 -0.10495539 -0.36110699
v -0.26340258 -0.12297253 -0.35224795
v -0.26416180 -0.11497857 -0.35264343
v -0.25619018 -0.11497857 -0.35762662
v -0.25239414 -0.09499373 -0.36134428
v -0.25282121 -0.06498565 -0.36158156
v -0.25291610 -0.05496249 -0.36158156
v -0.21011598 -0.02944334 -0.38001150
v -0.15597527 0.13504750 -0.38871235
v -0.16503826 0.14500919 -0.38483655
v -0.16503826 0.15503237 -0.38365006
v -0.16560766 0.16536301 -0.38159347
v -0.14501426 0.18504041 -0.38262177
v -0.16930878 0.16892955 -0.37977421
v -0.15023378 0.19026724 -0.38001150
v -0.13500226 0.18504041 -0.38499475
v -0.12503770 0.19494061 -0.38491565
v -0.11502571 0.20496380 -0.38436192
v -0.08503716 0.21498698 -0.38641852
v -0.08437285 0.20410292 -0.38887054
v -0.09500170 0.21498698 -0.38507384
v -0.07502516 0.21498698 -0.38720948
v -0.07502516 0.20594767 -0.38910782
v -0.06501316 0.21498698 -0.38768405
v -0.05500115 0.22494867 -0.38594389
v -0.04503660 0.22494867 -0.38578570
v -0.03502460 0.22494867 -0.38539022
v -0.02501260 0.22494867 -0.38444102
v -0.01500061 0.22494867 -0.38325453
v -0.00413451 0.22587104 -0.38143528
v 0.00497594 0.22248900 -0.38048613
v 0.01010057 0.22015230 -0.38001150
v 0.00497594 0.21498698 -0.38183075
v 0.02499995 0.23497185 -0.37384182
v 0.03505939 0.23417245 -0.37099427
v 0.03496450 0.22494867 -0.37249714
v 0.04013658 0.23029846 -0.37004513
v 0.04407494 0.23417245 -0.36814672
v 0.05498849 0.23497185 -0.36419183
v 0.07188079 0.24511801 -0.35644013
v 0.07188079 0.22273496 -0.35944587
v 0.07050472 0.22150512 -0.36015779
v 0.07188079 0.21105149 -0.36079055
v 0.07188079 0.20496380 -0.36134428
v 0.07188079 0.19494061 -0.36213523
v 0.07188079 -0.02495444 0.39151561
v 0.01498795 -0.10495539 0.38526684
v 0.01498795 -0.08497052 0.38803530
v 0.01498795 -0.12297253 0.38202375
v 0.00497594 -0.10495539 0.38597870
v 0.00497594 -0.11497857 0.38431764
v -0.23175329 -0.02495444 -0.37075698
v -0.24499190 -0.03497761 -0.36490369
v -0.23673557 -0.02495444 -0.36838400
v -0.22496790 -0.02495444 -0.37368363
v -0.25253648 -0.04493929 -0.36142337
v -0.25737643 -0.09499373 -0.35841763
v -0.26971349 -0.10735358 -0.34979588
v -0.26582256 -0.10440196 -0.35248524
v -0.26843232 -0.12297253 -0.34892577
v -0.26914409 -0.11497857 -0.34940040
v -0.25751877 -0.08497052 -0.35857582
v -0.25789836 -0.05496249 -0.35873401
v -0.17884627 0.14500919 -0.37953693
v -0.17386401 0.14500919 -0.38151437
v -0.16503826 0.13504750 -0.38554841
v -0.17248794 0.15503237 -0.38088161
v -0.17111188 0.16228841 -0.38040704
v -0.13500226 0.19494061 -0.38262177
v -0.17467065 0.16536301 -0.37850863
v -0.17495535 0.17501724 -0.37621480
v -0.14401780 0.19407973 -0.38056523
v -0.16503826 0.18504041 -0.37661028
v -0.15412471 0.19407973 -0.37755948
v -0.15502626 0.20496380 -0.37392092
v -0.14672247 0.19684687 -0.37906235
v -0.11901152 0.21922992 -0.37977421
v -0.11540531 0.21554041 -0.38143528
v -0.11236849 0.22132064 -0.38040704
v -0.10501371 0.21498698 -0.38341278
v -0.08503716 0.22494867 -0.38396645
v -0.07502516 0.22494867 -0.38483655
v -0.09500170 0.22494867 -0.38246357
v -0.06501316 0.23497185 -0.38317543
v -0.06501316 0.22494867 -0.38554841
v -0.05500115 0.23497185 -0.38365006
v -0.04503660 0.23497185 -0.38349187
v -0.03502460 0.23497185 -0.38301724
v -0.02501260 0.23497185 -0.38222629
v -0.01485826 0.23552528 -0.38103980
v -0.00688662 0.23257366 -0.38056523
v 0.00497594 0.22746983 -0.37945783
v 0.01498795 0.23497185 -0.37605661
v 0.01498795 0.24499503 -0.37368363
v 0.02518974 0.24517950 -0.37131065
v 0.02865361 0.24868454 -0.36964959
v 0.03178532 0.24204342 -0.37044060
v 0.03842837 0.23700108 -0.36949140
v 0.04497650 0.24499503 -0.36585289
v 0.07188079 0.25495672 -0.35462087
v 0.07188079 -0.01499274 0.39254391
v 0.06495304 -0.01499274 0.39317667
v 0.06495304 -0.02495444 0.39199018
v 0.00549790 -0.07556228 0.38977545
v 0.00497594 -0.08497052 0.38866806
v 0.00497594 -0.12297253 0.38249838
v -0.00503606 -0.10495539 0.38629508
v -0.00503606 -0.07925178 0.38993365
v -0.00503606 -0.08497052 0.38914263
v -0.00503606 -0.09499373 0.38771886
v -0.00503606 -0.11497857 0.38447583
v -0.00299570 -0.12297253 0.38273567
v -0.19407780 0.15503237 -0.37202257
v -0.18496735 0.14500919 -0.37700576
v -0.24499190 -0.02495444 -0.36387539
v -0.25177729 -0.03497761 -0.36102784
v -0.20499136 0.15503237 -0.36640656
v -0.19977182 0.14863721 -0.36988688
v -0.25751877 -0.04493929 -0.35841763
v -0.27004564 -0.10065098 -0.35003316
v -0.26496845 -0.08497052 -0.35390902
v -0.28062704 -0.12297253 -0.34038317
v -0.28095919 -0.11497857 -0.34077865
v -0.27403146 -0.10440196 -0.34679013
v -0.28195566 -0.09499373 -0.34156960
v -0.26496845 -0.07494734 -0.35398811
v -0.27052015 -0.07494734 -0.35034955
v -0.26496845 -0.05496249 -0.35390902
v -0.18496735 0.15503237 -0.37605661
v -0.17751767 0.15503237 -0.37898326
v -0.18496735 0.16505556 -0.37455374
v -0.14003198 0.19998296 -0.37993240
v -0.13500226 0.20225815 -0.38056523
v -0.12959293 0.20963718 -0.37985331
v -0.18544185 0.17520171 -0.37210166
v -0.18240504 0.18325716 -0.37107337
v -0.17590436 0.18596280 -0.37265533
v -0.14501426 0.21498698 -0.37368363
v -0.16072029 0.21055956 -0.37020332
v -0.13001998 0.23995268 -0.36996603
v -0.14401780 0.20397992 -0.37755948
v -0.13500226 0.21498698 -0.37668937
v -0.12574945 0.21554041 -0.37914145
v -0.09500170 0.23189725 -0.38056523
v -0.12503770 0.22494867 -0.37637299
v -0.11550021 0.24554846 -0.37194347
v -0.10501371 0.24499503 -0.37471193
v -0.08479990 0.23540229 -0.38119799
v -0.08128858 0.24062911 -0.38016969
v -0.07502516 0.23497185 -0.38230538
v -0.06501316 0.24868454 -0.37961602
v -0.05500115 0.24966842 -0.37985331
v -0.04503660 0.25495672 -0.37850863
v -0.03502460 0.24843857 -0.37961602
v -0.02501260 0.24198192 -0.38048613
v -0.01808487 0.24075209 -0.38016969
v -0.01139438 0.23921479 -0.37977421
v 0.00497594 0.24499503 -0.37558198
v 0.00497594 0.23497185 -0.37787586
v 0.00497594 0.25495672 -0.37297177
v 0.01792987 0.25840026 -0.36957049
v 0.02196313 0.25169766 -0.37044060
v 0.02518974 0.25501820 -0.36877954
v 0.03496450 0.25495672 -0.36632746
v 0.03505939 0.24517950 -0.36877954
v 0.04497650 0.25495672 -0.36340082
v 0.07188079 0.26504138 -0.35216886
v 0.07188079 -0.00496957 0.39325577
v 0.06495304 -0.00496957 0.39388853
v -0.00503606 0.05504653 0.40314311
v -0.03502460 -0.10495539 0.38645327
v -0.01500061 -0.09499373 0.38787705
v -0.03502460 -0.09499373 0.38803530
v -0.03697006 -0.08035864 0.39001274
v -0.03502460 -0.11497857 0.38463402
v -0.01300770 -0.12297253 0.38281476
v -0.19910753 0.15503237 -0.36949140
v -0.19763657 0.16505556 -0.36877954
v -0.19260684 0.16505556 -0.37123156
v -0.21315280 0.15503237 -0.36189795
v -0.25082830 -0.02495444 -0.36047417
v -0.25675955 -0.03497761 -0.35794300
v -0.20499136 0.16505556 -0.36482459
v -0.27004564 -0.04961269 -0.35003316
v -0.26572767 -0.04573870 -0.35272253
v -0.26401946 -0.03497761 -0.35295981
v -0.27517027 -0.09499373 -0.34655285
v -0.27545497 -0.08497052 -0.34679013
v -0.27047268 -0.08497052 -0.35027045
v -0.28627360 -0.12297253 -0.33532083
v -0.29173040 -0.11497857 -0.33160323
v -0.28598893 -0.11497857 -0.33658642
v -0.28224033 -0.08497052 -0.34180695
v -0.28698537 -0.09499373 -0.33737743
v -0.27550241 -0.07494734 -0.34679013
v -0.27042523 -0.06498565 -0.35027045
v -0.27028286 -0.05496249 -0.35019135
v -0.19113588 0.17194265 -0.37051970
v -0.18904808 0.17864527 -0.36957049
v -0.18544185 0.18596280 -0.36870044
v -0.17984273 0.18989828 -0.36988688
v -0.16741076 0.20693153 -0.36893773
v -0.13500226 0.22494867 -0.37344635
v -0.14586836 0.25575611 -0.35912949
v -0.13969983 0.25963008 -0.35984141
v -0.16238104 0.26245874 -0.35090327
v -0.15550075 0.26547182 -0.35232705
v -0.15502626 0.25495672 -0.35628194
v -0.12503770 0.24696277 -0.36893773
v -0.12503770 0.24198192 -0.37067789
v -0.12503770 0.23497185 -0.37305087
v -0.12503770 0.25495672 -0.36609018
v -0.09500170 0.23687810 -0.37906235
v -0.08797907 0.23903032 -0.37969512
v -0.11246339 0.25188214 -0.37059879
v -0.10463411 0.25507969 -0.37138975
v -0.09500170 0.25495672 -0.37328815
v -0.09500170 0.24499503 -0.37661028
v -0.08479990 0.24438012 -0.37842953
v -0.07502516 0.24683979 -0.37906235
v -0.07502516 0.24179745 -0.38048613
v -0.06501316 0.25495672 -0.37763858
v -0.05500115 0.25495672 -0.37842953
v -0.04503660 0.26497990 -0.37534469
v -0.03502460 0.26497990 -0.37494922
v -0.03502460 0.25495672 -0.37787586
v -0.02501260 0.24696277 -0.37914145
v -0.02501260 0.25495672 -0.37684757
v -0.01485826 0.24444160 -0.37874591
v -0.00503606 0.25495672 -0.37439549
v -0.00503606 0.24499503 -0.37724304
v 0.00497594 0.26252022 -0.37075698
v 0.01123938 0.26085994 -0.37020332
v 0.01475069 0.26448795 -0.36838400
v 0.02499995 0.26497990 -0.36601108
v 0.03496450 0.26497990 -0.36340082
v 0.07188079 0.27149802 -0.35034955
v 0.07188079 0.27094460 -0.35050774
v 0.07188079 0.00505361 0.39388853
v 0.00497594 0.05504653 0.40235209
v -0.00503606 0.06500822 0.40322220
v -0.01500061 0.06500822 0.40377587
v -0.01500061 0.05504653 0.40314311
v -0.04503660 -0.10495539 0.38637418
v -0.04090844 -0.08035864 0.39001274
v -0.04503660 -0.11497857 0.38455492
v -0.03502460 -0.12297253 0.38289386
v -0.03298424 -0.12297253 0.38289386
v -0.21054304 0.17108175 -0.36031598
v -0.21671157 0.16505556 -0.35802209
v -0.21172929 0.16505556 -0.36102784
v -0.22496790 0.15503237 -0.35462087
v -0.23037723 0.16124305 -0.35027045
v -0.25581056 -0.02495444 -0.35738933
v -0.26330769 -0.02495444 -0.35232705
v -0.28152859 -0.05496249 -0.34117413
v -0.28651085 -0.05496249 -0.33714008
v -0.28005764 -0.02932036 -0.34006673
v -0.26833743 -0.02495444 -0.34876758
v -0.28703281 -0.06498565 -0.33753562
v -0.29101864 -0.12297253 -0.33097041
v -0.29201508 -0.12297253 -0.33002126
v -0.29671267 -0.11497857 -0.32677817
v -0.30250159 -0.10495539 -0.32250690
v -0.29732952 -0.10495539 -0.32749009
v -0.29229981 -0.10495539 -0.33199871
v -0.28219289 -0.07494734 -0.34172785
v -0.28722262 -0.08497052 -0.33761472
v -0.28722262 -0.07494734 -0.33761472
v -0.29277429 -0.09499373 -0.33239418
v -0.28205055 -0.06498565 -0.34149051
v -0.19469465 0.17520171 -0.36775124
v -0.19588090 0.18590131 -0.36347991
v -0.20062593 0.27088311 -0.33033764
v -0.18041213 0.27051416 -0.34014583
v -0.17495535 0.26497990 -0.34465444
v -0.16902408 0.25876921 -0.34955859
v -0.13300934 0.26221275 -0.36094874
v -0.15246394 0.27205145 -0.35082418
v -0.14178763 0.28127524 -0.35058683
v -0.16541786 0.26547182 -0.34853029
v -0.15910697 0.26909986 -0.34963769
v -0.11915387 0.24929947 -0.36972868
v -0.11550021 0.25507969 -0.36870044
v -0.12518007 0.26534885 -0.36205614
v -0.11502571 0.26497990 -0.36506188
v -0.10767092 0.25852326 -0.36941230
v -0.10102788 0.26049098 -0.37020332
v -0.08503716 0.25495672 -0.37487012
v -0.09500170 0.26190531 -0.37075698
v -0.07502516 0.25495672 -0.37637299
v -0.06501316 0.26497990 -0.37415820
v -0.05500115 0.26497990 -0.37510741
v -0.04503660 0.27389622 -0.37170619
v -0.03502460 0.27900004 -0.36957049
v -0.03502460 0.27401921 -0.37154800
v -0.02501260 0.27826214 -0.36933321
v -0.02501260 0.26497990 -0.37392092
v -0.01500061 0.25495672 -0.37566108
v -0.00536820 0.26547182 -0.37123156
v 0.00497594 0.26750106 -0.36925411
v 0.01498795 0.27494159 -0.36474550
v 0.02561679 0.27580246 -0.36213523
v 0.03496450 0.27242041 -0.36094874
v 0.04032637 0.27026820 -0.36007869
v 0.07188079 0.27598694 -0.34845120
v 0.02936536 0.27961498 -0.35984141
v 0.07188079 0.01194070 0.39412588
v 0.00497594 0.06500822 0.40243119
v 0.07188079 0.01501530 0.39420497
v 0.07188079 0.02190240 0.39428407
v 0.04497650 0.10503945 0.39673609
v -0.02501260 0.06500822 0.40361768
v 0.04497650 0.11500114 0.39578694
v -0.02501260 0.07503141 0.40266848
v -0.05500115 -0.10495539 0.38589960
v -0.05500115 -0.11497857 0.38423854
v -0.04503660 -0.09499373 0.38779795
v -0.04456210 -0.07507034 0.39032912
v -0.04755147 -0.07851388 0.38985455
v -0.04456210 -0.08417113 0.38930082
v -0.05300824 -0.12297253 0.38265657
v -0.04503660 -0.12297253 0.38281476
v -0.22269030 0.17501724 -0.35169423
v -0.22102953 0.18184285 -0.35058683
v -0.20869248 0.17772289 -0.35920858
v -0.20522861 0.17464828 -0.36221433
v -0.22553730 0.16474809 -0.35256433
v -0.23108900 0.15503237 -0.35074508
v -0.23611870 0.15503237 -0.34718561
v -0.24295154 0.15503237 -0.34220243
v -0.24148059 0.16505556 -0.34109503
v -0.24048413 0.17138922 -0.34030408
v -0.23929787 0.17809184 -0.33943397
v -0.23554930 0.17483276 -0.34299338
v -0.22919098 0.16788419 -0.34940040
v -0.23706771 0.14500919 -0.34797662
v -0.29244214 -0.05496249 -0.33215690
v -0.27958313 -0.02267924 -0.33967125
v -0.27901372 -0.01499274 -0.33919668
v -0.27403146 -0.01499274 -0.34307247
v -0.24399546 0.14500919 -0.34299338
v -0.29282174 -0.06498565 -0.33255237
v -0.30088830 -0.12297253 -0.32092494
v -0.30178982 -0.11497857 -0.32179499
v -0.30288118 -0.09499373 -0.32298148
v -0.29780403 -0.09499373 -0.32796466
v -0.30748385 -0.10495539 -0.31728637
v -0.29301155 -0.08497052 -0.33263147
v -0.29301155 -0.07494734 -0.33263147
v -0.20204943 0.18313417 -0.36110699
v -0.21049559 0.20072086 -0.35019135
v -0.21429160 0.20441037 -0.34679013
v -0.22088718 0.21142045 -0.34054136
v -0.21970093 0.26946881 -0.31981754
v -0.21770802 0.27494159 -0.31863105
v -0.21059048 0.28072184 -0.32029212
v -0.20475410 0.28441134 -0.32195318
v -0.20124279 0.29154441 -0.32068759
v -0.19464721 0.28484178 -0.32725281
v -0.18819398 0.28803936 -0.32923025
v -0.17443341 0.27426517 -0.34133232
v -0.16503826 0.27494159 -0.34497088
v -0.15550075 0.27518755 -0.34837210
v -0.14847812 0.27869260 -0.34940040
v -0.16024578 0.29013008 -0.34006673
v -0.14510916 0.28478029 -0.34781843
v -0.13671046 0.28797787 -0.34900486
v -0.13400580 0.28478029 -0.35121965
v -0.12190599 0.27125207 -0.36055326
v -0.10463411 0.26430348 -0.36783034
v -0.11502571 0.27334279 -0.36150247
v -0.09680481 0.28840831 -0.35928768
v -0.09011433 0.29000711 -0.35999960
v -0.09500170 0.26688614 -0.36870044
v -0.08703007 0.26866943 -0.36949140
v -0.08423050 0.26522586 -0.37123156
v -0.08038703 0.27008373 -0.37004513
v -0.07502516 0.26497990 -0.37273443
v -0.07502516 0.27112907 -0.37044060
v -0.06501316 0.27272788 -0.37107337
v -0.06501316 0.27770871 -0.36901683
v -0.05500115 0.27352726 -0.37154800
v -0.05500115 0.27856961 -0.36933321
v -0.04503660 0.28496477 -0.36680204
v -0.03502460 0.28496477 -0.36703938
v -0.02501260 0.28496477 -0.36672294
v -0.01500061 0.28496477 -0.36577380
v -0.01500061 0.27647889 -0.36877954
v -0.00536820 0.27420369 -0.36838400
v -0.00897442 0.27032968 -0.37012422
v -0.00228395 0.26916134 -0.36964959
v 0.00497594 0.27494159 -0.36664385
v 0.01029037 0.29013008 -0.35999960
v 0.01418129 0.28484178 -0.36118609
v 0.06675616 0.27795470 -0.34916312
v 0.07188079 0.28527224 -0.34433806
v 0.02499995 0.29498795 -0.35406721
v 0.03064652 0.30033773 -0.35019135
v 0.03733701 0.29818553 -0.34916312
v 0.07188079 0.02503848 0.39428407
v 0.05498849 0.11500114 0.39499593
v -0.03502460 0.07503141 0.40171933
v -0.04190490 0.07503141 0.40037465
v -0.03592616 0.06433181 0.40140295
v -0.08503716 -0.06498565 0.38621598
v -0.07502516 -0.06498565 0.38811439
v -0.06472845 -0.06529312 0.38945901
v -0.05908187 -0.06885965 0.38985455
v -0.05243884 -0.07181127 0.39017093
v 0.01498795 0.11500114 0.39594513
v 0.05498849 0.12502432 0.39254391
v 0.02499995 0.14500919 0.38740247
v 0.02499995 0.12502432 0.39333487
v -0.03502460 0.09501627 0.39839715
v -0.03502460 0.08327132 0.40069103
v -0.06501316 -0.10495539 0.38502949
v -0.06501316 -0.11497857 0.38352662
v -0.05500115 -0.09499373 0.38716519
v -0.06297279 -0.12297253 0.38210291
v -0.05500115 -0.12297253 0.38257748
v -0.05547566 -0.07507034 0.38961726
v -0.05500115 -0.08497052 0.38843077
v -0.22767258 0.17501724 -0.34853029
v -0.22458830 0.18510191 -0.34734380
v -0.22567967 0.19543256 -0.34323072
v -0.22278519 0.20496380 -0.34172785
v -0.21713862 0.19494061 -0.34845120
v -0.24902517 0.14500919 -0.33919668
v -0.24793382 0.15503237 -0.33840567
v -0.24646287 0.16505556 -0.33729833
v -0.24428016 0.17483276 -0.33658642
v -0.24546641 0.18467148 -0.33302701
v -0.23792182 0.18504041 -0.33856386
v -0.29742444 -0.05496249 -0.32764828
v -0.28461286 -0.01499274 -0.33421344
v -0.27094719 0.14500919 -0.32084578
v -0.25984383 0.14912915 -0.32986307
v -0.29799384 -0.07494734 -0.32812285
v -0.29780403 -0.06498565 -0.32796466
v -0.30677211 -0.11497857 -0.31641626
v -0.30933443 -0.12297253 -0.31159127
v -0.31047323 -0.12205015 -0.31056303
v -0.30791092 -0.09499373 -0.31760275
v -0.30810070 -0.08497052 -0.31784004
v -0.30311847 -0.08497052 -0.32313967
v -0.29804128 -0.08497052 -0.32820195
v -0.31127989 -0.11497857 -0.31143308
v -0.31199163 -0.10495539 -0.31222409
v -0.31237125 -0.09499373 -0.31261957
v -0.22781491 0.20496380 -0.33864295
v -0.22454086 0.21480250 -0.33706099
v -0.22496790 0.26565629 -0.31799829
v -0.23184820 0.27248192 -0.31119579
v -0.21433905 0.28441134 -0.31641626
v -0.21785037 0.29701719 -0.30866462
v -0.21115988 0.30132163 -0.31064212
v -0.20793328 0.28742445 -0.31878924
v -0.20475410 0.29492646 -0.31720728
v -0.19834833 0.29818553 -0.31918472
v -0.19170529 0.30156758 -0.32084578
v -0.18491991 0.29480347 -0.32741100
v -0.18155093 0.29129845 -0.33065403
v -0.17073229 0.28066033 -0.34030408
v -0.16413671 0.28441134 -0.34117413
v -0.14890517 0.29923087 -0.33959216
v -0.15502626 0.29209784 -0.34093684
v -0.17462321 0.29480347 -0.33184052
v -0.17101699 0.30082968 -0.33041674
v -0.16029324 0.31017643 -0.33010036
v -0.15502626 0.29707867 -0.33848476
v -0.14226215 0.30138311 -0.34062046
v -0.13500226 0.30347383 -0.34172785
v -0.12503770 0.29634076 -0.34821391
v -0.13001998 0.28994560 -0.34995407
v -0.12503770 0.29135993 -0.35066599
v -0.10306825 0.28176719 -0.36071146
v -0.10582036 0.28502625 -0.35865492
v -0.10501371 0.29498795 -0.35406721
v -0.09410015 0.29400408 -0.35715204
v -0.08560656 0.30587202 -0.35264343
v -0.08503716 0.29584885 -0.35794300
v -0.08503716 0.29086798 -0.36039507
v -0.07502516 0.27610993 -0.36830491
v -0.07502516 0.28496477 -0.36442912
v -0.07502516 0.29732466 -0.35873401
v -0.06501316 0.29849297 -0.35928768
v -0.05500115 0.29431152 -0.36205614
v -0.05500115 0.28496477 -0.36640656
v -0.04503660 0.29474199 -0.36229342
v -0.03502460 0.29468048 -0.36237252
v -0.02501260 0.29449600 -0.36229342
v -0.01500061 0.29394257 -0.36189795
v -0.00503606 0.29265124 -0.36118609
v -0.00503606 0.28496477 -0.36442912
v 0.00497594 0.28496477 -0.36284715
v 0.00497594 0.29603332 -0.35810125
v 0.01418129 0.29406556 -0.35723114
v 0.07188079 0.29166740 -0.34101593
v 0.02499995 0.30169058 -0.35090327
v 0.02499995 0.30673289 -0.34821391
v 0.03439510 0.30421174 -0.34694833
v 0.07188079 0.10565437 0.39175290
v 0.06495304 0.11500114 0.39262301
v 0.07097922 0.12071989 0.39025003
v 0.06405149 0.12447090 0.39096189
v -0.04109824 0.08197999 0.40021646
v -0.04143038 0.06716044 0.40029556
v -0.04688717 0.07503141 0.39918816
v -0.11502571 0.04502335 0.38297296
v -0.11502571 0.01501530 0.38257748
v -0.12266520 0.00505361 0.38060004
v -0.11251085 -0.06498565 0.38052088
v -0.11170419 -0.07494734 0.38036269
v -0.09500170 -0.07494734 0.38376397
v -0.08503716 -0.07494734 0.38566232
v -0.07502516 -0.07494734 0.38732338
v -0.06501316 -0.07494734 0.38866806
v -0.08503716 -0.08497052 0.38487130
v 0.01498795 0.12502432 0.39333487
v -0.03502460 0.10503945 0.39634061
v 0.06006567 0.13006666 0.39001274
v 0.06495304 0.15220374 0.38139099
v 0.03496450 0.15503237 0.38344753
v 0.02499995 0.15503237 0.38431764
v 0.01498795 0.14500919 0.38756067
v -0.04503660 0.09501627 0.39768529
v -0.07502516 -0.09499373 0.38518775
v -0.07502516 -0.10495539 0.38384306
v -0.06501316 -0.08497052 0.38748157
v -0.07502516 -0.11497857 0.38226110
v -0.07246284 -0.12297253 0.38107461
v -0.06501316 -0.12297253 0.38194466
v -0.23289210 0.18504041 -0.34204423
v -0.23123133 0.19235796 -0.34077865
v -0.22947568 0.19906057 -0.33967125
v -0.25424469 0.15503237 -0.33342248
v -0.25291610 0.16505556 -0.33231509
v -0.25035378 0.18110494 -0.33025855
v -0.24912009 0.18774606 -0.32930934
v -0.24261940 0.19494061 -0.33199871
v -0.23474266 0.19543256 -0.33737743
v -0.30307099 -0.06498565 -0.32298148
v -0.30264395 -0.05496249 -0.32258600
v -0.30197966 -0.04493929 -0.32195318
v -0.29676011 -0.04493929 -0.32693642
v -0.28959513 -0.01499274 -0.32954663
v -0.28874102 -0.00496957 -0.32875568
v -0.27683103 0.13504750 -0.31704909
v -0.27597690 0.14500919 -0.31617898
v -0.27033034 0.15165031 -0.32029212
v -0.26577511 0.15503237 -0.32369334
v -0.25922698 0.15503237 -0.32938844
v -0.30316591 -0.07494734 -0.32313967
v -0.31037831 -0.12297253 -0.31040478
v -0.31422180 -0.12297253 -0.30542159
v -0.31683156 -0.11497857 -0.30423510
v -0.31260848 -0.08497052 -0.31285685
v -0.30814818 -0.07494734 -0.31799829
v -0.32029545 -0.11165802 -0.30043840
v -0.31697392 -0.10495539 -0.30605441
v -0.32138678 -0.09499373 -0.30178308
v -0.31735352 -0.09499373 -0.30676627
v -0.31759077 -0.08497052 -0.30716175
v -0.23279719 0.21498698 -0.33184052
v -0.23887083 0.26497990 -0.30913925
v -0.24119589 0.28164420 -0.30075479
v -0.24081630 0.23152830 -0.32060850
v -0.23872848 0.28828532 -0.29909372
v -0.22957058 0.29941535 -0.29964739
v -0.22947568 0.31927723 -0.28960186
v -0.21467121 0.30476516 -0.30668718
v -0.20821798 0.30796275 -0.30890191
v -0.20489645 0.30476516 -0.31238228
v -0.20152749 0.31140628 -0.31080031
v -0.19497935 0.30494964 -0.31744456
v -0.19469465 0.31484982 -0.31230319
v -0.18131369 0.31122181 -0.32060850
v -0.18477756 0.30494964 -0.32226956
v -0.17770746 0.29800105 -0.32899296
v -0.14534640 0.30482665 -0.33793110
v -0.16698371 0.30747080 -0.32867658
v -0.17704317 0.31786293 -0.31878924
v -0.16418415 0.31411192 -0.32622451
v -0.16503826 0.32204437 -0.32124132
v -0.15502626 0.31687906 -0.32820195
v -0.14824086 0.31890830 -0.32938844
v -0.15502626 0.31183672 -0.33097041
v -0.13500226 0.30845466 -0.33919668
v -0.11421905 0.30408874 -0.34710652
v -0.11697116 0.29849297 -0.34924221
v -0.12589180 0.30593351 -0.34307247
v -0.10501371 0.30642545 -0.34821391
v -0.09500170 0.30365831 -0.35193151
v -0.07502516 0.30494964 -0.35477906
v -0.08935513 0.30974600 -0.34987497
v -0.08271209 0.31079137 -0.35042864
v -0.07502516 0.31183672 -0.35106146
v -0.05500115 0.29935387 -0.35968322
v -0.06501316 0.30494964 -0.35588646
v -0.04503660 0.29972282 -0.35984141
v -0.03502460 0.29972282 -0.35984141
v -0.02501260 0.29947686 -0.35968322
v -0.01500061 0.29892343 -0.35944587
v -0.00503606 0.29763210 -0.35889220
v 0.00592496 0.30593351 -0.35280162
v 0.01498795 0.30390427 -0.35208970
v 0.04160753 0.31103733 -0.34062046
v 0.04497650 0.32290527 -0.33191961
v 0.05152462 0.32093751 -0.33057493
v 0.06120448 0.33071476 -0.32052940
v 0.07188079 0.29240528 -0.34054136
v 0.01498795 0.31497282 -0.34584093
v 0.02234273 0.32093751 -0.34062046
v 0.02537955 0.31571072 -0.34291428
v 0.03496450 0.31294358 -0.34180695
v 0.00991078 0.30993047 -0.34995407
v 0.07188079 0.11500114 0.39088279
v 0.07188079 0.11844469 0.39040822
v 0.07188079 0.12164227 0.38969636
v 0.07188079 0.12447090 0.38882625
v 0.07145374 0.15091242 0.38067913
v -0.04465701 0.08517757 0.39895087
v -0.12081464 0.08161104 0.38012540
v -0.12688826 0.07503141 0.37917626
v -0.12816942 0.06500822 0.37957174
v -0.12873882 0.05504653 0.37965083
v -0.12797962 0.01501530 0.37949264
v -0.12764746 0.00505361 0.37941355
v -0.11668646 -0.07494734 0.37925535
v -0.11070773 -0.08189593 0.38012540
v -0.10567801 -0.08509351 0.38091642
v -0.09500170 -0.08497052 0.38305205
v -0.07502516 -0.08497052 0.38637418
v -0.08503716 -0.09499373 0.38376397
v 0.00497594 0.12502432 0.39286029
v -0.04503660 0.10503945 0.39547056
v -0.03502460 0.11500114 0.39317667
v 0.03496450 0.16161200 0.38075823
v 0.07036237 0.27014521 0.33005607
v 0.06495304 0.26497990 0.33314091
v 0.06049272 0.25022185 0.34002244
v 0.05498849 0.26497990 0.33440644
v 0.02499995 0.16247289 0.38123280
v 0.01498795 0.15503237 0.38408035
v -0.05500115 0.16505556 0.37530041
v -0.11915387 0.08825216 0.37972993
v -0.12451576 0.08499309 0.37878072
v -0.22254795 0.17231160 0.34184170
v -0.08503716 -0.10495539 0.38226110
v -0.07421850 -0.12297253 0.38083732
v -0.08812142 -0.11793019 0.37965083
v -0.08147839 -0.12106629 0.38020450
v -0.23564421 0.20533276 -0.33334339
v -0.23782691 0.21498698 -0.32851839
v -0.25789836 0.16505556 -0.32828104
v -0.26093519 0.18294969 -0.32076669
v -0.25984383 0.18959083 -0.31981754
v -0.25884739 0.19494061 -0.31902653
v -0.25386509 0.19494061 -0.32313967
v -0.25694937 0.20496380 -0.31744456
v -0.25196710 0.20496380 -0.32147861
v -0.25063848 0.21135896 -0.32045031
v -0.24100608 0.20219666 -0.33073312
v -0.23944023 0.20889927 -0.32954663
v -0.30810070 -0.06498565 -0.31791914
v -0.30762622 -0.05496249 -0.31736547
v -0.30696192 -0.04493929 -0.31673270
v -0.31099519 -0.03497761 -0.31103760
v -0.30620271 -0.03497761 -0.31602079
v -0.30003417 -0.01966614 -0.32005483
v -0.28214544 0.13504750 -0.31206590
v -0.28053212 0.15251121 -0.31048387
v -0.27507535 0.15546282 -0.31507164
v -0.26961857 0.15835294 -0.31965935
v -0.31920409 -0.12297253 -0.29877734
v -0.31967857 -0.11829914 -0.29948920
v -0.31265593 -0.07494734 -0.31301504
v -0.32285774 -0.11497857 -0.29569250
v -0.32508790 -0.10495539 -0.29498059
v -0.32081738 -0.10495539 -0.30107117
v -0.32171893 -0.08497052 -0.30217856
v -0.32617927 -0.09499373 -0.29498059
v -0.31768566 -0.07494734 -0.30716175
v -0.24280921 0.27494159 -0.30225766
v -0.24783891 0.27494159 -0.29830271
v -0.25182474 0.28312001 -0.29165846
v -0.24551386 0.28570268 -0.29537606
v -0.23507480 0.31558773 -0.28722894
v -0.24034178 0.32050711 -0.28026825
v -0.23469520 0.32425809 -0.28248304
v -0.23113644 0.33132964 -0.28090107
v -0.22567967 0.32585686 -0.28825724
v -0.22283265 0.32308975 -0.29181665
v -0.24983183 0.28976113 -0.28983921
v -0.21742332 0.31700206 -0.29846090
v -0.21073283 0.32081455 -0.30043840
v -0.19782637 0.31810892 -0.30890191
v -0.20726897 0.32745567 -0.29854000
v -0.19113588 0.32093751 -0.31056303
v -0.18477756 0.31472683 -0.31704909
v -0.14496681 0.31534177 -0.33239418
v -0.18416071 0.32456556 -0.31174946
v -0.18026978 0.33016133 -0.31008840
v -0.17419615 0.32413512 -0.31625807
v -0.17040013 0.32019961 -0.32013392
v -0.15516861 0.32548791 -0.32298148
v -0.17495535 0.33188307 -0.31119579
v -0.16503826 0.32702523 -0.31815648
v -0.15858503 0.32911596 -0.31942207
v -0.14155039 0.32075304 -0.33041674
v -0.15194198 0.33102220 -0.32060850
v -0.14501426 0.33280545 -0.32179499
v -0.14496681 0.32444257 -0.32701552
v -0.13500226 0.31497282 -0.33555812
v -0.12983018 0.30986899 -0.33990854
v -0.11502571 0.31337404 -0.34196514
v -0.10553566 0.31577221 -0.34291428
v -0.09500170 0.30870065 -0.34924221
v -0.09500170 0.31497282 -0.34568274
v -0.09500170 0.32229036 -0.34141141
v -0.08560656 0.31448087 -0.34781843
v -0.06501316 0.31282061 -0.35161513
v -0.07502516 0.31681758 -0.34813482
v -0.06501316 0.31786293 -0.34868848
v -0.05500115 0.30494964 -0.35667747
v -0.04503660 0.30494964 -0.35707295
v -0.03502460 0.30494964 -0.35707295
v -0.02501260 0.30494964 -0.35675657
v -0.01500061 0.30494964 -0.35604465
v -0.00503606 0.30494964 -0.35501635
v 0.00322029 0.31085286 -0.35050774
v 0.03496450 0.31798592 -0.33872205
v 0.03909266 0.32954639 -0.32962573
v 0.05498849 0.33243650 -0.32163680
v 0.05498849 0.33741736 -0.31807739
v 0.06324483 0.34190625 -0.31143308
v 0.06556989 0.33532664 -0.31522983
v 0.06789497 0.32843953 -0.31902653
v 0.07188079 0.29910791 -0.33619094
v 0.01498795 0.32229036 -0.34141141
v 0.02898577 0.31952322 -0.33967125
v 0.01498795 0.32727119 -0.33808929
v 0.01755026 0.33913913 -0.32938844
v 0.02499995 0.33274397 -0.33184052
v 0.02537955 0.32456556 -0.33729833
v 0.00497594 0.32382765 -0.34236062
v 0.07188079 0.15017451 0.38075823
v 0.07188079 0.26811600 0.33053064
v -0.13500226 0.07503141 0.37688237
v -0.13500226 0.06500822 0.37767339
v -0.13500226 0.05504653 0.37791067
v -0.15502626 0.01501530 0.37221557
v -0.14501426 0.01501530 0.37498403
v -0.13500226 0.01501530 0.37767339
v -0.13500226 0.00505361 0.37751514
v -0.12503770 -0.07494734 0.37688237
v -0.12503770 -0.08497052 0.37601227
v -0.11445630 -0.08509351 0.37893891
v -0.16503826 -0.03497761 0.36770695
v -0.10947403 -0.08853705 0.37980902
v -0.09500170 -0.09499373 0.38194466
v -0.10055339 -0.10077395 0.38012540
v -0.06501316 0.16505556 0.37395573
v -0.07502516 0.15503237 0.37522131
v -0.08503716 0.14500919 0.37632871
v 0.07188079 0.27168250 0.32894868
v 0.07188079 0.27457264 0.32752490
v 0.06495304 0.27610993 0.32807857
v 0.06495304 0.27112907 0.33045155
v 0.05498849 0.27223593 0.33108431
v 0.01498795 0.25274301 0.34128803
v 0.02499995 0.24499503 0.34445196
v -0.05500115 0.17962913 0.36976349
v -0.05500115 0.17458680 0.37182009
v -0.06501316 0.17298801 0.37110817
v -0.24802873 0.01501530 0.32855314
v -0.24304645 0.01501530 0.33203351
v -0.23545441 0.00505361 0.33717489
v -0.23032978 0.01501530 0.34018064
v -0.21120733 -0.01499274 0.35062164
v -0.20499136 -0.01499274 0.35378557
v -0.19080374 -0.00496957 0.36035079
v -0.19056648 0.00505361 0.36027169
v -0.18496735 0.00505361 0.36256552
v -0.17495535 0.02503848 0.36588770
v -0.16091008 0.04502335 0.37031722
v -0.16048303 0.05221790 0.37015897
v -0.14501426 0.06500822 0.37450939
v -0.06501316 0.17803034 0.36920983
v -0.07502516 0.19291139 0.36129999
v -0.16290300 0.22150512 0.33108431
v -0.15056594 0.25022185 0.32008964
v -0.17177619 0.26085994 0.31043959
v -0.17841922 0.25901517 0.30949044
v -0.18923788 0.26946881 0.29968220
v -0.19877538 0.27906156 0.28939939
v -0.20560820 0.27543351 0.28797561
v -0.20935678 0.26940733 0.28963667
v -0.21500336 0.27506459 0.28307152
v -0.22188364 0.27186698 0.28117317
v -0.24945223 0.27936900 0.25965834
v -0.26084030 0.28102928 0.25064111
v -0.26781547 0.27494159 0.24818906
v -0.26957113 0.26934582 0.24961284
v -0.27146915 0.26264322 0.25143212
v -0.26971349 0.24942245 0.25973743
v -0.23180073 0.17268056 0.33250809
v -0.29870558 0.09501627 0.27864200
v -0.28864613 0.09501627 0.28860843
v -0.28935787 0.08505458 0.28939939
v -0.29025942 0.07214128 0.29026949
v -0.29063904 0.06500822 0.29058588
v -0.28019997 0.06230257 0.30015677
v -0.28048468 0.05504653 0.30039412
v -0.26957113 0.05504653 0.30964863
v -0.27033034 0.03500018 0.31028140
v -0.25917953 0.03500018 0.31937772
v -0.25951168 0.02503848 0.31961501
v -0.07758747 -0.12297253 0.38036269
v -0.09775382 -0.10741507 0.37957174
v -0.09466955 -0.11473261 0.37893891
v -0.09305625 -0.12297253 0.37759423
v -0.08328149 -0.12297253 0.37949264
v -0.26368731 0.16505556 -0.32321876
v -0.26216888 0.17501724 -0.32187408
v -0.26719862 0.17501724 -0.31744456
v -0.26919153 0.19721583 -0.30929744
v -0.26278573 0.20496380 -0.31246138
v -0.25984383 0.21959887 -0.30985111
v -0.31251359 -0.06498565 -0.31293595
v -0.31208652 -0.05496249 -0.31238228
v -0.31156459 -0.04493929 -0.31174946
v -0.32039034 -0.03719132 -0.30051750
v -0.31673667 -0.03430121 -0.30431420
v -0.29699737 0.13504750 -0.29656255
v -0.29201508 0.13504750 -0.30209947
v -0.28712773 0.13504750 -0.30708265
v -0.29111356 0.14500919 -0.30115026
v -0.29035434 0.15195778 -0.30043840
v -0.27982038 0.15921383 -0.30977201
v -0.27906117 0.16505556 -0.30906016
v -0.27403146 0.16505556 -0.31380606
v -0.26871702 0.16505556 -0.31878924
v -0.32238322 -0.12297253 -0.29395229
v -0.32836199 -0.11497857 -0.28730804
v -0.32921606 -0.10495539 -0.28873181
v -0.32973802 -0.09499373 -0.28960186
v -0.32731807 -0.08533947 -0.29411048
v -0.33016509 -0.08226489 -0.29023468
v -0.33030742 -0.07494734 -0.29039288
v -0.32674867 -0.07494734 -0.29545516
v -0.32176638 -0.07494734 -0.30217856
v -0.31754333 -0.06498565 -0.30684537
v -0.25922698 0.24819261 -0.29933101
v -0.26525316 0.27426517 -0.28319490
v -0.26881194 0.27709380 -0.27868629
v -0.26178929 0.28496477 -0.28161293
v -0.26027089 0.29043755 -0.28018916
v -0.25101808 0.32142946 -0.27085555
v -0.24190764 0.33243650 -0.27156740
v -0.23777947 0.32714820 -0.27821171
v -0.23925042 0.33913913 -0.26943177
v -0.23260739 0.34282863 -0.27196294
v -0.22805217 0.33797079 -0.27860719
v -0.22482556 0.33477321 -0.28303671
v -0.21974838 0.32973087 -0.28983921
v -0.21524061 0.32530344 -0.29513878
v -0.21310535 0.33292845 -0.29189575
v -0.20057848 0.33040726 -0.30028021
v -0.20949912 0.33956957 -0.28968096
v -0.20503880 0.33501917 -0.29498059
v -0.17495535 0.33686393 -0.30795276
v -0.18938023 0.33950809 -0.29964739
v -0.18268974 0.34178329 -0.30122936
v -0.16826487 0.33895466 -0.30929744
v -0.16494335 0.33538812 -0.31293595
v -0.15516861 0.33458874 -0.31712818
v -0.13500226 0.32222885 -0.33136594
v -0.12589180 0.31491131 -0.33816838
v -0.14501426 0.33778632 -0.31855196
v -0.13841867 0.33932361 -0.31950116
v -0.13500226 0.32720971 -0.32820195
v -0.11502571 0.31841636 -0.33903849
v -0.10918933 0.31964618 -0.33975035
v -0.10249884 0.32099903 -0.34054136
v -0.08503716 0.32370466 -0.34236062
v -0.10553566 0.32456556 -0.33761472
v -0.09500170 0.32727119 -0.33824748
v -0.05500115 0.31847787 -0.34908396
v -0.05500115 0.31349701 -0.35193151
v -0.07497770 0.32573390 -0.34267700
v -0.06501316 0.32499599 -0.34433806
v -0.05500115 0.32499599 -0.34512907
v -0.04503660 0.31386596 -0.35224795
v -0.03502460 0.31386596 -0.35216886
v -0.03502460 0.31890830 -0.34932131
v -0.02501260 0.31343552 -0.35193151
v -0.01500061 0.31275910 -0.35161513
v -0.00503606 0.31177524 -0.35106146
v -0.00503606 0.31681758 -0.34805572
v -0.00793052 0.33046877 -0.34030408
v 0.03543900 0.32573390 -0.33342248
v 0.03244963 0.33108371 -0.33081222
v 0.04170243 0.34079942 -0.32060850
v 0.04502395 0.33544964 -0.32321876
v 0.04834546 0.33913913 -0.31934291
v 0.05427675 0.34516534 -0.31261957
v 0.05712375 0.34860888 -0.30882281
v 0.06988788 0.33993852 -0.30993021
v 0.07188079 0.32659477 -0.31807739
v 0.07188079 0.33723289 -0.31080031
v 0.00497594 0.32880849 -0.33919668
v 0.01085977 0.34024599 -0.33017945
v 0.01451345 0.33544964 -0.33263147
v 0.01451345 0.34411997 -0.32646179
v 0.02101412 0.35039216 -0.32029212
v 0.02499995 0.33772480 -0.32836020
v -0.00124003 0.32966939 -0.33975035
v -0.14501426 0.05504653 0.37498403
v -0.16128969 0.03500018 0.37039632
v -0.15502626 0.03500018 0.37221557
v -0.16143204 0.02503848 0.37039632
v -0.15502626 0.00505361 0.37197828
v -0.16641432 0.01501530 0.36897254
v -0.16503826 -0.04493929 0.36699504
v -0.14373310 -0.07494734 0.37110817
v -0.12503770 -0.09499373 0.37466764
v -0.11502571 -0.09499373 0.37751514
v -0.15502626 -0.07494734 0.36754876
v -0.14202489 -0.08497052 0.37063360
v -0.16048303 -0.00496957 0.37007987
v -0.16551276 -0.00496957 0.36865610
v -0.17495535 -0.01499274 0.36557126
v -0.17495535 -0.02495444 0.36517578
v -0.17495535 -0.03497761 0.36470121
v -0.10249884 -0.09499373 0.38044178
v -0.10748111 -0.09499373 0.37933445
v -0.10434940 -0.10446347 0.37854344
v -0.10501371 -0.11497857 0.37648690
v 0.07188079 0.28145972 0.32396543
v 0.07188079 0.28453434 0.32230437
v 0.06542754 0.28582567 0.32262081
v 0.05498849 0.28496477 0.32428187
v 0.05498849 0.27721679 0.32855314
v 0.01498795 0.25778535 0.33883595
v 0.00497594 0.25710893 0.33867776
v 0.00497594 0.25212809 0.34097165
v -0.05500115 0.18504041 0.36739057
v -0.06501316 0.18504041 0.36636227
v -0.24807617 0.00505361 0.32855314
v -0.24309391 0.00505361 0.33219171
v -0.25462431 0.01501530 0.32356995
v -0.23550186 -0.00496957 0.33717489
v -0.23051959 -0.00496957 0.34025973
v -0.23042469 0.00505361 0.34025973
v -0.21618961 -0.01499274 0.34801143
v -0.21111244 -0.02495444 0.35062164
v -0.20499136 -0.02495444 0.35362738
v -0.19573855 -0.01499274 0.35813600
v -0.18496735 -0.00496957 0.36256552
v -0.19070883 -0.01499274 0.36027169
v -0.17495535 0.01501530 0.36620408
v -0.16646177 0.02503848 0.36889344
v -0.15502626 0.04502335 0.37213647
v -0.15583292 0.05535400 0.37150365
v -0.06714842 0.19924505 0.35963887
v -0.07502516 0.19789223 0.35900611
v -0.14501426 0.25120571 0.32056421
v -0.14501426 0.25618654 0.31795394
v -0.16503826 0.26202828 0.31115150
v -0.16503826 0.26707062 0.30822486
v -0.16888173 0.27967647 0.29976130
v -0.17495535 0.27340430 0.30205518
v -0.17505026 0.26448795 0.30735475
v -0.18254739 0.27149802 0.30086869
v -0.18553676 0.27488011 0.29770476
v -0.19208489 0.28139824 0.29090226
v -0.19526406 0.28484178 0.28710556
v -0.20081574 0.29056054 0.28038216
v -0.20745876 0.28803936 0.27864200
v -0.21163440 0.28133675 0.28093582
v -0.21832487 0.27850813 0.27903748
v -0.23056704 0.28053737 0.27033663
v -0.24276175 0.28244358 0.26171494
v -0.25120789 0.29111397 0.25079930
v -0.25471920 0.28459582 0.25269765
v -0.25789836 0.28767040 0.24850546
v -0.26240614 0.29277423 0.24178207
v -0.26909661 0.28883874 0.23925093
v -0.27132678 0.28213614 0.24130748
v -0.27327225 0.27494159 0.24320585
v -0.27825451 0.27494159 0.23822264
v -0.27341461 0.25495672 0.25340956
v -0.27972549 0.24936095 0.24969193
v -0.27550241 0.24610189 0.25546610
v -0.27948824 0.22882265 0.25942105
v -0.28091174 0.22218153 0.26092392
v -0.28233525 0.21498698 0.26242679
v -0.28954768 0.17790736 0.26954567
v -0.28945279 0.13726121 0.27935386
v -0.29770911 0.10503945 0.27761370
v -0.30235922 0.10503945 0.27263051
v -0.30326080 0.09501627 0.27357972
v -0.30401999 0.08505458 0.27444977
v -0.29946476 0.08505458 0.27943295
v -0.29989183 0.07921285 0.27982849
v -0.29509935 0.07564633 0.28504896
v -0.30027145 0.07257172 0.28022397
v -0.29562131 0.06500822 0.28552359
v -0.29116100 0.04502335 0.29113954
v -0.28584656 0.04502335 0.29612279
v -0.28086430 0.04502335 0.30071050
v -0.27407891 0.04490037 0.30648470
v -0.27536005 0.03500018 0.30593097
v -0.27052015 0.02503848 0.31043959
v -0.26496845 0.02503848 0.31510639
v -0.25965405 0.01501530 0.31969416
v -0.09495425 -0.12297253 0.37719876
v -0.27260795 0.17501724 -0.31246138
v -0.27763766 0.17501724 -0.30771548
v -0.27939332 0.19789223 -0.29941010
v -0.27322480 0.20496380 -0.30304861
v -0.26781547 0.20496380 -0.30803186
v -0.27127934 0.21498698 -0.30115026
v -0.32081738 -0.04493929 -0.30099207
v -0.31654686 -0.04493929 -0.30597526
v -0.33002275 -0.04973567 -0.28999740
v -0.32969058 -0.04303305 -0.28952277
v -0.32921606 -0.03497761 -0.28896910
v -0.32361695 -0.03430121 -0.29592979
v -0.31991583 -0.03048870 -0.29988468
v -0.30126789 0.13504750 -0.29157937
v -0.30065101 0.14304145 -0.29078835
v -0.28969002 0.15866040 -0.29964739
v -0.28394854 0.16505556 -0.30407691
v -0.28266740 0.17501724 -0.30265313
v -0.32869411 -0.12297253 -0.28398591
v -0.33059216 -0.12297253 -0.28098017
v -0.33139879 -0.11497857 -0.28232485
v -0.33993983 -0.10962878 -0.26990634
v -0.33225289 -0.10495539 -0.28374863
v -0.33286977 -0.09499373 -0.28461868
v -0.33272740 -0.08533947 -0.28588426
v -0.34999928 -0.07021247 -0.26001906
v -0.33880103 -0.06498565 -0.27813262
v -0.33410347 -0.06498565 -0.28493506
v -0.33025998 -0.06498565 -0.29039288
v -0.32148170 -0.06498565 -0.30186218
v -0.33011764 -0.05496249 -0.29015559
v -0.27132678 0.26497990 -0.28129655
v -0.27018797 0.27045268 -0.28018916
v -0.26681900 0.28496477 -0.27686703
v -0.28015253 0.27032968 -0.27014363
v -0.27180129 0.28496477 -0.27188385
v -0.27042523 0.29080650 -0.27046007
v -0.26847976 0.29750910 -0.26864076
v -0.27014053 0.31023794 -0.26009816
v -0.26477867 0.31411192 -0.26270837
v -0.25500390 0.32505751 -0.26500225
v -0.24855068 0.32807058 -0.26871985
v -0.26131478 0.32198289 -0.26128459
v -0.24987927 0.33981556 -0.25986081
v -0.23554930 0.34565729 -0.26753342
v -0.22947568 0.34946978 -0.26958996
v -0.24261940 0.34498087 -0.26223379
v -0.24024689 0.35026917 -0.26025635
v -0.22136170 0.34129137 -0.28090107
v -0.21585746 0.33575708 -0.28833634
v -0.20280865 0.34209073 -0.29142118
v -0.19497935 0.33747885 -0.29830271
v -0.21756567 0.34799397 -0.27852809
v -0.21092263 0.35063812 -0.28050554
v -0.20570311 0.34522682 -0.28762442
v -0.17438595 0.34504235 -0.30249494
v -0.17732787 0.34848589 -0.29885644
v -0.19488445 0.34522682 -0.29308224
v -0.18563166 0.34504235 -0.29759085
v -0.15502626 0.34258270 -0.31182855
v -0.17068483 0.35033065 -0.30028021
v -0.16494335 0.34448892 -0.30668718
v -0.12731531 0.32887000 -0.32930934
v -0.12442085 0.32530344 -0.33231509
v -0.14487191 0.34553429 -0.31309414
v -0.14145549 0.35051513 -0.31040478
v -0.13504970 0.34430444 -0.31673270
v -0.12503770 0.34676415 -0.31760275
v -0.12503770 0.34178329 -0.32124132
v -0.12442085 0.33409679 -0.32661998
v -0.11502571 0.32499599 -0.33500445
v -0.08503716 0.32868552 -0.33911759
v -0.07825177 0.32954639 -0.33967125
v -0.10501371 0.33317441 -0.33215690
v -0.09761147 0.33932361 -0.32954663
v -0.09457465 0.33557260 -0.33271056
v -0.04503660 0.31884682 -0.34932131
v -0.07156128 0.33034581 -0.34022498
v -0.06501316 0.33083773 -0.34054136
v -0.05500115 0.33145267 -0.34101593
v -0.04503660 0.32499599 -0.34552455
v -0.03502460 0.32499599 -0.34544545
v -0.02501260 0.33139116 -0.34093684
v -0.02501260 0.32499599 -0.34497088
v -0.02501260 0.31841636 -0.34908396
v -0.01500061 0.32499599 -0.34433806
v -0.01500061 0.33102220 -0.34062046
v -0.01500061 0.33600307 -0.33729833
v -0.01500061 0.34313610 -0.33231509
v -0.00503606 0.34215224 -0.33160323
v -0.00475135 0.33428127 -0.33714008
v 0.02462034 0.34541130 -0.32290238
v 0.02765717 0.34897783 -0.31918472
v 0.03496450 0.34737903 -0.31791914
v 0.05043328 0.35020769 -0.31016749
v 0.06495304 0.35211393 -0.30186218
v 0.06594950 0.34516534 -0.30747813
v 0.04497650 0.36232159 -0.30202037
v 0.05223638 0.37111491 -0.29110473
v 0.06495304 0.35709476 -0.29743266
v 0.07069452 0.35045364 -0.30035931
v 0.07188079 0.35008469 -0.30004287
v 0.07188079 0.33913913 -0.30929744
v 0.00497594 0.34098390 -0.33073312
v 0.00497594 0.34596473 -0.32701552
v 0.00497594 0.35266733 -0.32195318
v 0.01498795 0.35131454 -0.32100403
v 0.01498795 0.35635686 -0.31704909
v 0.02300704 0.36109173 -0.31095850
v 0.02965006 0.35986191 -0.30985111
v -0.16612962 0.00505361 0.36881435
v -0.17495535 0.00505361 0.36612499
v -0.17495535 -0.00496957 0.36588770
v -0.17495535 -0.04493929 0.36383110
v -0.13547675 -0.09480925 0.37134546
v -0.13908297 -0.09800683 0.36968440
v -0.13215524 -0.10495539 0.37071270
v -0.12503770 -0.10495539 0.37284833
v -0.11502571 -0.11497857 0.37371844
v -0.14700717 -0.08497052 0.36897254
v -0.16503826 -0.06498565 0.36517578
v -0.16503826 -0.07494734 0.36406839
v -0.15502626 -0.08497052 0.36628318
v -0.14064884 -0.09130420 0.37015897
v -0.18496735 -0.01499274 0.36232823
v -0.18591636 -0.02563085 0.36153728
v -0.18985473 -0.02938186 0.35995531
v -0.18416071 -0.03497761 0.36153728
v -0.11545276 -0.12297253 0.37205738
v -0.11312769 -0.12297253 0.37269014
v -0.10501371 -0.12297253 0.37482584
v 0.07188079 0.28933069 0.31961501
v 0.06903377 0.28976113 0.31985235
v 0.06239073 0.29049903 0.32024783
v 0.05498849 0.29111397 0.32064331
v 0.04497650 0.29129845 0.32072240
v 0.04497650 0.28496477 0.32428187
v 0.01498795 0.26497990 0.33488107
v 0.00497594 0.26497990 0.33464378
v -0.00503606 0.27100611 0.33060974
v -0.00503606 0.26497990 0.33369458
v -0.06045793 0.20004445 0.36003441
v -0.06430140 0.19555554 0.36169547
v -0.25462431 0.00505361 0.32356995
v -0.24802873 -0.00496957 0.32847404
v -0.24304645 -0.00496957 0.33219171
v -0.23535950 -0.01499274 0.33701670
v -0.23037723 -0.01499274 0.34018064
v -0.22496790 -0.01499274 0.34318638
v -0.21614216 -0.02495444 0.34785318
v -0.21044813 -0.03497761 0.35022616
v -0.20499136 -0.03497761 0.35283643
v -0.19426760 -0.02563085 0.35837334
v -0.19042413 -0.02274072 0.36011350
v -0.07502516 0.20496380 0.35544670
v -0.01153673 0.27045268 0.33021426
v -0.15502626 0.26350409 0.31210065
v -0.07502516 0.21258879 0.35141265
v -0.15502626 0.26848495 0.30901581
v -0.16532296 0.27580246 0.30276704
v -0.17495535 0.27838513 0.29897034
v -0.16219124 0.28047585 0.30031496
v -0.16242850 0.31091434 0.28054035
v -0.16546531 0.31454238 0.27745551
v -0.18496735 0.28342748 0.29232603
v -0.18496735 0.28846979 0.28892481
v -0.18914297 0.29953834 0.27967030
v -0.19497935 0.29258975 0.28180593
v -0.19497935 0.29757062 0.27824652
v -0.20242904 0.30175206 0.27128583
v -0.20907208 0.29929239 0.26946658
v -0.22022289 0.29013008 0.27009934
v -0.25272629 0.30224401 0.24170297
v -0.25941679 0.29941535 0.23956731
v -0.26544297 0.29566437 0.23735256
v -0.27014053 0.30015326 0.23007549
v -0.27208599 0.29498795 0.23205295
v -0.29149315 0.31220567 0.20167913
v -0.29044923 0.30070668 0.21045905
v -0.27929842 0.28883874 0.22928451
v -0.28119645 0.28213614 0.23126197
v -0.28304699 0.27494159 0.23323943
v -0.27967805 0.26934582 0.23964642
v -0.27839687 0.25495672 0.24826816
v -0.28114897 0.24271983 0.25127387
v -0.28950024 0.26879239 0.22936361
v -0.28280973 0.23497185 0.25301409
v -0.28921553 0.22783878 0.24905914
v -0.28736496 0.21498698 0.25681078
v -0.29272684 0.18504041 0.26298046
v -0.29946476 0.17501724 0.25926286
v -0.29984438 0.12939024 0.26978296
v -0.30136278 0.11500114 0.27144402
v -0.30738896 0.10503945 0.26685631
v -0.30829054 0.09501627 0.26796371
v -0.30900228 0.08505458 0.26883376
v -0.30050868 0.06500822 0.28054035
v -0.30952424 0.07503141 0.26946658
v -0.30980891 0.06777536 0.26978296
v -0.30629760 0.06470077 0.27405429
v -0.29125589 0.03500018 0.29129773
v -0.28608382 0.03500018 0.29628098
v -0.30074593 0.05504653 0.28077763
v -0.29614326 0.04502335 0.28599817
v -0.28110152 0.03500018 0.30094779
v -0.27550241 0.02503848 0.30601007
v -0.27056760 0.01501530 0.31043959
v -0.25960657 0.00505361 0.31969416
v -0.28764966 0.17501724 -0.29751176
v -0.29092374 0.18504041 -0.29102564
v -0.29016453 0.19057469 -0.29015559
v -0.28285718 0.20496380 -0.29316133
v -0.27825451 0.20496380 -0.29814452
v -0.27626163 0.21498698 -0.29624617
v -0.27958313 0.24886902 -0.27955639
v -0.33391365 -0.05496249 -0.28493506
v -0.33875358 -0.05496249 -0.27821171
v -0.34145826 -0.03497761 -0.27212113
v -0.33789948 -0.03497761 -0.27710432
v -0.33737752 -0.02495444 -0.27647156
v -0.33239526 -0.02495444 -0.28303671
v -0.32845688 -0.02495444 -0.28809899
v -0.30995128 0.13972089 -0.27995187
v -0.29334369 0.16505556 -0.29387319
v -0.30942935 0.14500919 -0.27923995
v -0.30340314 0.15503237 -0.28422320
v -0.29832596 0.16505556 -0.28786170
v -0.28893083 0.16505556 -0.29885644
v -0.33068705 -0.12297253 -0.28082198
v -0.33462542 -0.12297253 -0.27409858
v -0.33908573 -0.12297253 -0.26642603
v -0.34221745 -0.11497857 -0.26389486
v -0.34810126 -0.10495539 -0.25630140
v -0.34269196 -0.10575481 -0.26595145
v -0.34036690 -0.10298766 -0.27061826
v -0.33780456 -0.10575481 -0.27433586
v -0.33785200 -0.09499373 -0.27639246
v -0.34966713 -0.07685359 -0.25938624
v -0.35203964 -0.07408647 -0.25566864
v -0.35797092 -0.06498565 -0.24601859
v -0.35308355 -0.06498565 -0.25495672
v -0.35009420 -0.06498565 -0.26017725
v -0.34084138 -0.09499373 -0.27140921
v -0.34202766 -0.05496249 -0.27314937
v -0.27839687 0.25495672 -0.27829081
v -0.28940535 0.24806961 -0.26927358
v -0.28964257 0.26903838 -0.25954443
v -0.28034234 0.29068351 -0.26033545
v -0.27450594 0.29406556 -0.26452768
v -0.27156404 0.30494964 -0.26160103
v -0.27863413 0.29732466 -0.25835794
v -0.27963057 0.30931556 -0.24957803
v -0.27260795 0.31411192 -0.25471944
v -0.27113700 0.32185990 -0.25123912
v -0.26800528 0.31694055 -0.25796247
v -0.25903717 0.32868552 -0.25906986
v -0.25234669 0.33317441 -0.26207560
v -0.25538349 0.33588004 -0.25748789
v -0.26012853 0.34012300 -0.25005263
v -0.25433961 0.34405848 -0.25234646
v -0.25059104 0.35069960 -0.25052720
v -0.23407835 0.35414314 -0.26199651
v -0.23009253 0.36010787 -0.26009816
v -0.22567967 0.35531151 -0.26729608
v -0.21860957 0.35893953 -0.26911539
v -0.22278519 0.35223693 -0.27180469
v -0.23678301 0.35697180 -0.25740880
v -0.24390055 0.35383570 -0.25400752
v -0.24086374 0.36078429 -0.25068539
v -0.19815852 0.34879336 -0.28904819
v -0.21476610 0.35481957 -0.27481043
v -0.21196654 0.36139920 -0.27117193
v -0.20499136 0.35266733 -0.28224570
v -0.19151549 0.35088408 -0.29063016
v -0.18496735 0.35272884 -0.29213303
v -0.17894118 0.35943145 -0.28952277
v -0.15502626 0.34756351 -0.30819005
v -0.14814597 0.34922379 -0.30937654
v -0.17225069 0.36103025 -0.29086745
v -0.16503826 0.35666433 -0.29727447
v -0.16503826 0.35168350 -0.30130845
v -0.11502571 0.33132964 -0.33089131
v -0.13500226 0.35666433 -0.30731994
v -0.13500226 0.35168350 -0.31127489
v -0.14321114 0.36127621 -0.30107117
v -0.11502571 0.34854740 -0.31886834
v -0.11502571 0.34356654 -0.32250690
v -0.08503716 0.33495769 -0.33476716
v -0.08503716 0.34086090 -0.33065403
v -0.10501371 0.33815527 -0.32867658
v -0.10876228 0.34959275 -0.31965935
v -0.10207179 0.35051513 -0.32045031
v -0.09457465 0.34411997 -0.32654089
v -0.07502516 0.34196776 -0.33152413
v -0.06501316 0.33581859 -0.33706099
v -0.04503660 0.33163711 -0.34117413
v -0.06501316 0.34276715 -0.33207780
v -0.05500115 0.34332058 -0.33239418
v -0.04503660 0.34356654 -0.33263147
v -0.04503660 0.33667946 -0.33761472
v -0.03502460 0.33157563 -0.34101593
v -0.02501260 0.33643347 -0.33753562
v -0.02501260 0.34350505 -0.33255237
v -0.02501260 0.34854740 -0.32883477
v -0.01500061 0.34817845 -0.32851839
v -0.00503606 0.34719455 -0.32780647
v 0.03496450 0.35371274 -0.31293595
v 0.03496450 0.35869354 -0.30890191
v 0.04497650 0.35647985 -0.30700356
v 0.07135883 0.36084577 -0.29078835
v 0.03467980 0.36539617 -0.30344415
v 0.03116848 0.37043852 -0.30043840
v 0.03781150 0.36902422 -0.29901463
v 0.04497650 0.36730242 -0.29759085
v 0.04497650 0.37265223 -0.29260761
v 0.04497650 0.37763306 -0.28746623
v 0.04497650 0.38236794 -0.28248304
v 0.05176188 0.38089216 -0.28090107
v 0.05536810 0.37511188 -0.28517234
v 0.05892687 0.36939317 -0.28936458
v 0.07188079 0.35980040 -0.29142118
v 0.00497594 0.35764819 -0.31807739
v 0.01498795 0.36238307 -0.31206590
v -0.18292700 -0.04493929 0.36106265
v -0.15502626 -0.09499373 0.36478031
v -0.15502626 -0.10495539 0.36296105
v -0.14501426 -0.10495539 0.36636227
v -0.14501426 -0.11497857 0.36430573
v -0.14553621 -0.12297253 0.36248642
v -0.13485990 -0.12297253 0.36604589
v -0.13044703 -0.11061265 0.37007987
v -0.12489536 -0.11436366 0.37102908
v -0.12010288 -0.12297253 0.37071270
v -0.18145604 -0.05496249 0.36050898
v -0.16503826 -0.08497052 0.36272371
v -0.17111188 -0.08497052 0.36042988
v -0.19497935 -0.03497761 0.35726595
v -0.18790928 -0.04493929 0.35916430
v 0.07188079 0.29474199 0.31621379
v 0.07188079 0.29935387 0.31328714
v 0.05498849 0.29615629 0.31747937
v 0.04497650 0.29627928 0.31771666
v 0.01774006 0.29031456 0.32016873
v 0.00497594 0.27155954 0.33092612
v 0.01465580 0.29418856 0.31740028
v 0.01498795 0.30279744 0.31186336
v -0.24783891 -0.01499274 0.32831585
v -0.25443450 -0.00496957 0.32349086
v -0.24285665 -0.01499274 0.33203351
v -0.24242958 -0.02495444 0.33171713
v -0.24195510 -0.03497761 0.33140069
v -0.23407835 -0.02458549 0.33725399
v -0.23013999 -0.02101895 0.34002244
v -0.22577456 -0.02458549 0.34231633
v -0.22411381 -0.03497761 0.34247452
v -0.21547785 -0.03497761 0.34745771
v -0.21002108 -0.04008144 0.34998888
v -0.19497935 -0.05496249 0.35505116
v -0.15502626 0.31669459 0.27793008
v -0.17965293 0.28982264 0.28987396
v -0.16907153 0.30962300 0.27974939
v -0.15502626 0.32382765 0.27294689
v -0.16503826 0.32241333 0.27199769
v -0.17187110 0.32093751 0.27081126
v -0.18548931 0.29572585 0.28370428
v -0.17856157 0.31909278 0.26930839
v -0.19089864 0.31054538 0.27041572
v -0.19455230 0.30501112 0.27286780
v -0.19754167 0.30839318 0.26875466
v -0.20541841 0.30501112 0.26709360
v -0.21040069 0.31023794 0.26021206
v -0.21424416 0.30464217 0.26234770
v -0.24836087 0.30888513 0.23909272
v -0.25562078 0.30531859 0.23727345
v -0.26012853 0.31011495 0.23007549
v -0.26406690 0.30408874 0.23189476
v -0.28836143 0.31890830 0.19906886
v -0.29196763 0.32198289 0.19234549
v -0.29505190 0.31497282 0.19495574
v -0.30060357 0.31109881 0.19084261
v -0.29846832 0.30494964 0.19788238
v -0.29305899 0.30439621 0.20500125
v -0.29196763 0.29498795 0.21219923
v -0.28921553 0.28846979 0.21915990
v -0.28802925 0.27494159 0.22778164
v -0.28779203 0.23497185 0.24739808
v -0.29082882 0.26208979 0.23094557
v -0.29068649 0.24173597 0.24083290
v -0.29082882 0.28176719 0.22097915
v -0.29884791 0.28699398 0.20848159
v -0.29182529 0.23497185 0.24241486
v -0.30340314 0.17501724 0.25427967
v -0.32005817 0.11051223 0.25008744
v -0.31664175 0.10503945 0.25578254
v -0.31056815 0.11500114 0.26068664
v -0.31161204 0.10503945 0.26187313
v -0.31251359 0.09501627 0.26298046
v -0.31317788 0.08505458 0.26385057
v -0.31023598 0.05504653 0.27025753
v -0.31365240 0.07503141 0.26440424
v -0.31322533 0.06470077 0.26582801
v -0.31004620 0.06113423 0.27002025
v -0.30093575 0.04502335 0.28101498
v -0.30103064 0.03500018 0.28109407
v -0.30107808 0.02503848 0.28109407
v -0.29619071 0.02503848 0.28615636
v -0.29120845 0.02503848 0.29121864
v -0.28608382 0.02503848 0.29620188
v -0.28105408 0.02503848 0.30094779
v -0.27554986 0.01501530 0.30593097
v -0.27037778 0.00505361 0.31028140
v -0.26496845 0.00505361 0.31502730
v -0.25941679 -0.00496957 0.31945682
v -0.29215744 0.17501724 -0.29244941
v -0.29647541 0.18497893 -0.28422320
v -0.29955968 0.18829949 -0.27939820
v -0.29865813 0.19494061 -0.27829081
v -0.29713970 0.20496380 -0.27655065
v -0.29215744 0.20496380 -0.28256214
v -0.28783947 0.20496380 -0.28754532
v -0.28119645 0.21498698 -0.29126298
v -0.28019997 0.22052126 -0.29015559
v -0.34179038 -0.04493929 -0.27267480
v -0.34098375 -0.02495444 -0.27140921
v -0.35279885 -0.03497761 -0.25424486
v -0.34046179 -0.01757540 -0.27061826
v -0.33163604 -0.01499274 -0.28208750
v -0.31806529 0.14500919 -0.26713789
v -0.31303555 0.14500919 -0.27425677
v -0.30838543 0.15503237 -0.27773708
v -0.30036634 0.18159688 -0.28042644
v -0.34136334 -0.12297253 -0.26239198
v -0.34743696 -0.11448665 -0.25416577
v -0.35014164 -0.11079712 -0.25028992
v -0.35066360 -0.10495539 -0.25131822
v -0.35896736 -0.09499373 -0.23802964
v -0.35536116 -0.09499373 -0.24499032
v -0.35137534 -0.09499373 -0.25258380
v -0.34867066 -0.09499373 -0.25756699
v -0.34454250 -0.09499373 -0.26492316
v -0.34924006 -0.08497052 -0.25859529
v -0.35199219 -0.08497052 -0.25361204
v -0.36029598 -0.07273366 -0.24056080
v -0.36048579 -0.06498565 -0.24103539
v -0.35816073 -0.05496249 -0.24641410
v -0.35260904 -0.05453204 -0.25590593
v -0.35009420 -0.05754514 -0.26017725
v -0.35313100 -0.04493929 -0.25471944
v -0.29092374 0.21258879 -0.28113836
v -0.29149315 0.23497185 -0.27180469
v -0.30031890 0.21099001 -0.27038097
v -0.29704481 0.23552528 -0.26460677
v -0.29334369 0.24481055 -0.26555592
v -0.29884791 0.24499503 -0.25835794
v -0.30012909 0.26042950 -0.25013173
v -0.29486209 0.26473394 -0.25487763
v -0.29899028 0.26707062 -0.24854974
v -0.29244214 0.27494159 -0.25297928
v -0.29087627 0.28207463 -0.25108093
v -0.28945279 0.28871578 -0.24926163
v -0.28807673 0.29498795 -0.24744236
v -0.29044923 0.30101416 -0.24063990
v -0.28129134 0.30267444 -0.25163460
v -0.28508735 0.30519560 -0.24506941
v -0.28888339 0.30771679 -0.23842514
v -0.28969002 0.31933874 -0.22956610
v -0.28200310 0.31497282 -0.24261735
v -0.27811217 0.31497282 -0.24760057
v -0.27483809 0.32468855 -0.24475302
v -0.26904917 0.32856253 -0.24894524
v -0.26520571 0.32524198 -0.25519401
v -0.26188418 0.33495769 -0.25187188
v -0.26729351 0.33569559 -0.24530672
v -0.26966602 0.33950809 -0.23953252
v -0.26212144 0.34405848 -0.24419934
v -0.26036578 0.35045364 -0.24040259
v -0.25756621 0.35715628 -0.23739685
v -0.25728151 0.34682560 -0.24704687
v -0.25410235 0.35389718 -0.24404113
v -0.25092319 0.36096877 -0.24095629
v -0.24750677 0.35734075 -0.24760057
v -0.22496790 0.36213711 -0.26191741
v -0.23365131 0.36379737 -0.25392842
v -0.23051959 0.37043852 -0.25036901
v -0.22496790 0.36717945 -0.25740880
v -0.21922642 0.36945462 -0.25946534
v -0.24423270 0.36422783 -0.24419934
v -0.24091119 0.37080747 -0.24087720
v -0.23716262 0.36748689 -0.24752146
v -0.20499136 0.35770971 -0.27813262
v -0.19929732 0.35955444 -0.27963549
v -0.19540641 0.35518852 -0.28517234
v -0.20693681 0.36804032 -0.26824528
v -0.20413725 0.36484274 -0.27259570
v -0.21258339 0.37179133 -0.26160103
v -0.19260684 0.36152220 -0.28129655
v -0.18496735 0.35770971 -0.28809899
v -0.19497935 0.37179133 -0.27156740
v -0.18439795 0.37529635 -0.27322847
v -0.15502626 0.35389718 -0.30320686
v -0.16503826 0.36262906 -0.29229122
v -0.13500226 0.36269054 -0.30233675
v -0.12503770 0.35832459 -0.30866462
v -0.12503770 0.35334378 -0.31261957
v -0.15502626 0.35887802 -0.29901463
v -0.15474156 0.36545765 -0.29347771
v -0.14591581 0.36478126 -0.29711622
v -0.13500226 0.36767137 -0.29790723
v -0.11806253 0.35943145 -0.30953473
v -0.09500170 0.35125303 -0.32100403
v -0.11137204 0.36029235 -0.31024659
v -0.09500170 0.36213711 -0.31182855
v -0.08503716 0.36822480 -0.30842733
v -0.07502516 0.34694862 -0.32749009
v -0.06501316 0.34780949 -0.32820195
v -0.03502460 0.33655649 -0.33761472
v -0.05500115 0.34830141 -0.32867658
v -0.03502460 0.34356654 -0.33263147
v -0.04503660 0.34854740 -0.32883477
v -0.03502460 0.35469657 -0.32385153
v -0.03502460 0.35973892 -0.31973845
v -0.02501260 0.35457361 -0.32385153
v -0.02501260 0.35955444 -0.31965935
v -0.01500061 0.35912400 -0.31926382
v -0.00503606 0.35857058 -0.31886834
v -0.00503606 0.35358971 -0.32282329
v 0.07188079 0.36066130 -0.29063016
v 0.06495304 0.37234476 -0.28248304
v 0.07188079 0.37031555 -0.28034735
v 0.02499995 0.37136090 -0.30130845
v 0.02499995 0.38126111 -0.29126298
v 0.03102612 0.38033873 -0.29039288
v 0.03766915 0.37910888 -0.28904819
v 0.03719465 0.38894758 -0.27876538
v 0.04497650 0.38734877 -0.27702522
v 0.05100268 0.39048487 -0.27061826
v 0.05845237 0.37917036 -0.27908176
v 0.00497594 0.36361289 -0.31309414
v 0.00497594 0.36859375 -0.30866462
v 0.01498795 0.36736393 -0.30755728
v -0.17021033 -0.09032033 0.36003441
v -0.16518061 -0.09419431 0.36122084
v -0.16147949 -0.10495539 0.36058807
v -0.15056594 -0.12297253 0.36074626
v -0.12489536 -0.12297253 0.36920983
v -0.18643831 -0.05496249 0.35861063
v 0.07188079 0.30205953 0.31146789
v 0.06495304 0.30261296 0.31186336
v 0.05498849 0.30328935 0.31241709
v 0.04497650 0.30378127 0.31265438
v 0.03496450 0.30882362 0.30917400
v 0.03496450 0.30384278 0.31249619
v 0.02499995 0.30347383 0.31217974
v 0.02499995 0.30851617 0.30893672
v 0.01498795 0.30777827 0.30838305
v -0.25410235 -0.01499274 0.32333267
v -0.25377020 -0.02495444 0.32301629
v -0.24741188 -0.02495444 0.32799947
v -0.24105354 -0.04493929 0.33076793
v -0.23497990 -0.03497761 0.33590931
v -0.24693736 -0.03497761 0.32752490
v -0.25253648 -0.04493929 0.32198799
v -0.25177729 -0.05496249 0.32135522
v -0.22966549 -0.02772157 0.33978516
v -0.22909608 -0.03497761 0.33946878
v -0.22316480 -0.04493929 0.34192079
v -0.21400690 -0.04407841 0.34722042
v -0.22207344 -0.05496249 0.34120893
v -0.21495591 -0.05496249 0.34508479
v -0.20133770 -0.06498565 0.35070074
v -0.20290354 -0.05496249 0.35141265
v -0.19497935 -0.06498565 0.35354829
v -0.12503770 0.33667946 0.26764733
v -0.13500226 0.34209073 0.26179403
v -0.15502626 0.32880849 0.26891285
v -0.15421960 0.33544964 0.26321781
v -0.16503826 0.32739419 0.26756817
v -0.17277265 0.33120668 0.26108211
v -0.17566711 0.33471173 0.25673169
v -0.17941567 0.32973087 0.25973743
v -0.18496735 0.32825506 0.25855094
v -0.18496735 0.32327422 0.26282227
v -0.19217980 0.32130647 0.26108211
v -0.18496735 0.31724802 0.26780552
v -0.19882283 0.31927723 0.25942105
v -0.20499136 0.31718653 0.25775999
v -0.21163440 0.32112199 0.25087839
v -0.21433905 0.31448087 0.25459605
v -0.21827742 0.31866235 0.24898005
v -0.21932133 0.32954639 0.23964642
v -0.24930987 0.31946170 0.22944270
v -0.25495645 0.31220567 0.23189476
v -0.26079285 0.36059982 0.18063891
v -0.26743588 0.35783267 0.17771226
v -0.27450594 0.35463509 0.17454831
v -0.28152859 0.35137603 0.17138438
v -0.28821906 0.34830141 0.16822043
v -0.29827851 0.33809376 0.16798314
v -0.30117297 0.33145267 0.17154257
v -0.29865813 0.31773996 0.18815327
v -0.29144567 0.35143751 0.16157617
v -0.31009364 0.32013816 0.17011881
v -0.30952424 0.30888513 0.17921513
v -0.30202711 0.30494964 0.19289918
v -0.29974949 0.29953834 0.19970165
v -0.29742444 0.29572585 0.20508036
v -0.30008161 0.28029138 0.21014266
v -0.29880047 0.24499503 0.22833532
v -0.30838543 0.17501724 0.24771446
v -0.30131534 0.29289722 0.20183732
v -0.30226433 0.28416538 0.20508036
v -0.32276285 0.11432473 0.24549970
v -0.32058012 0.10503945 0.25079930
v -0.32148170 0.09501627 0.25190669
v -0.31749588 0.09501627 0.25688988
v -0.31820762 0.08505458 0.25768089
v -0.31896681 0.06500822 0.25863004
v -0.31953621 0.04502335 0.25934196
v -0.31493354 0.04502335 0.26495796
v -0.31042579 0.04502335 0.27041572
v -0.30591801 0.04502335 0.27547807
v -0.31863469 0.07503141 0.25823456
v -0.30601293 0.03500018 0.27555716
v -0.30093575 0.01501530 0.28101498
v -0.30606037 0.02503848 0.27555716
v -0.29604834 0.01501530 0.28599817
v -0.29106608 0.01501530 0.29106045
v -0.28095919 0.01501530 0.30094779
v -0.27536005 0.00505361 0.30569369
v -0.26990327 -0.00853610 0.30988592
v -0.25913209 -0.01499274 0.31921953
v -0.30326080 0.18497893 -0.27560145
v -0.30259651 0.19494061 -0.27330756
v -0.30122042 0.20496380 -0.27148831
v -0.34506446 -0.02495444 -0.26492316
v -0.35811329 -0.04493929 -0.24649319
v -0.35778111 -0.03497761 -0.24593949
v -0.35218197 -0.02495444 -0.25353295
v -0.34838599 -0.01499274 -0.25740880
v -0.34060413 0.06500822 -0.25092268
v -0.32138678 0.14500919 -0.26215470
v -0.31697392 0.15503237 -0.26571411
v -0.32048523 0.15503237 -0.26073092
v -0.30876502 0.18504041 -0.26824528
v -0.34534916 -0.12297253 -0.25479853
v -0.34610838 -0.12297253 -0.25329566
v -0.34947735 -0.11749975 -0.24886614
v -0.36058068 -0.10495539 -0.23114806
v -0.35811329 -0.10495539 -0.23621038
v -0.36152971 -0.09499373 -0.23304644
v -0.36219400 -0.08497052 -0.23423292
v -0.35659486 -0.08497052 -0.24499032
v -0.35991639 -0.07937478 -0.23984891
v -0.36233634 -0.07562377 -0.23589398
v -0.36352259 -0.06498565 -0.23494481
v -0.36067557 -0.05496249 -0.24143088
v -0.36072302 -0.04493929 -0.24150997
v -0.30938187 0.20785391 -0.25914896
v -0.30193219 0.22494867 -0.26255018
v -0.30079338 0.23257366 -0.26096821
v -0.29974949 0.23921479 -0.25962353
v -0.30838543 0.21498698 -0.25764608
v -0.30976146 0.22919160 -0.24965712
v -0.32001072 0.24013716 -0.23004068
v -0.30221689 0.26424199 -0.24506941
v -0.30810070 0.26590228 -0.23502390
v -0.30117297 0.27291235 -0.24182637
v -0.29785147 0.27574098 -0.24506941
v -0.29177785 0.29498795 -0.24245916
v -0.30027145 0.31060690 -0.22039066
v -0.29865813 0.31724802 -0.21793862
v -0.29168296 0.32499599 -0.22236814
v -0.29021198 0.33040726 -0.22031157
v -0.28812417 0.32499599 -0.22743043
v -0.28276229 0.32444257 -0.23486570
v -0.28043723 0.32075304 -0.24056080
v -0.27849177 0.32745567 -0.23810874
v -0.28114897 0.33188307 -0.23146446
v -0.27184874 0.33280545 -0.24222186
v -0.26795781 0.34590325 -0.23573579
v -0.27901372 0.33852422 -0.22877511
v -0.27925098 0.34897783 -0.21904600
v -0.26990327 0.34983873 -0.22988249
v -0.26254851 0.35426614 -0.23439111
v -0.26060304 0.36072278 -0.23075257
v -0.25424469 0.36416632 -0.23415382
v -0.25087574 0.37086895 -0.23091078
v -0.24760167 0.36767137 -0.23755506
v -0.22496790 0.37240624 -0.25242555
v -0.23379365 0.37394357 -0.24396203
v -0.23042469 0.38033873 -0.24032350
v -0.22496790 0.37744859 -0.24736327
v -0.21917897 0.37947783 -0.24941984
v -0.21585746 0.37560385 -0.25558954
v -0.24413779 0.37418953 -0.23415382
v -0.24072137 0.38058466 -0.23067348
v -0.23711517 0.37751007 -0.23731776
v -0.20385255 0.37431252 -0.26429033
v -0.20024633 0.37013108 -0.27014363
v -0.20745876 0.37843245 -0.25835794
v -0.20076829 0.38040018 -0.26041454
v -0.19497935 0.37677217 -0.26690060
v -0.18733987 0.37886292 -0.26879895
v -0.18069683 0.38021570 -0.27022272
v -0.16503826 0.36760989 -0.28778261
v -0.15787327 0.36908567 -0.28920639
v -0.12503770 0.36416632 -0.30368143
v -0.15118279 0.37043852 -0.29039288
v -0.14501426 0.37148386 -0.29142118
v -0.12503770 0.36914718 -0.29925191
v -0.13500226 0.37308267 -0.29292405
v -0.11967583 0.36988509 -0.29988468
v -0.07502516 0.35807866 -0.31839377
v -0.08503716 0.36318249 -0.31261957
v -0.12005543 0.37996978 -0.28999740
v -0.08503716 0.37332863 -0.30336505
v -0.07502516 0.37400505 -0.30399781
v -0.07502516 0.36883974 -0.30898100
v -0.06501316 0.35893953 -0.31902653
v -0.06501316 0.35389718 -0.32321876
v -0.05500115 0.35432762 -0.32369334
v -0.04503660 0.35457361 -0.32385153
v -0.04503660 0.35955444 -0.31958026
v -0.05144238 0.37006956 -0.31008840
v -0.04503660 0.37013108 -0.31008840
v -0.03502460 0.37006956 -0.31008840
v -0.01979308 0.37000805 -0.31000930
v -0.01315005 0.36976212 -0.30977201
v -0.00503606 0.36435080 -0.31380606
v 0.06495304 0.37732559 -0.27702522
v 0.07188079 0.37511188 -0.27496868
v 0.01498795 0.37763306 -0.29759085
v 0.01498795 0.37265223 -0.30257404
v 0.01498795 0.38242942 -0.29260761
v 0.02499995 0.38624191 -0.28588426
v 0.03050417 0.39017743 -0.28018916
v 0.03411040 0.38464314 -0.28461868
v 0.03430019 0.39288306 -0.27528507
v 0.04497650 0.39171469 -0.27204204
v 0.05764571 0.38876310 -0.26840347
v 0.06495304 0.38175303 -0.27204204
v 0.04269889 0.40106148 -0.26136369
v 0.04938936 0.39970866 -0.25962353
v 0.05498849 0.39835584 -0.25788337
v 0.06125192 0.40063104 -0.25092268
v 0.00497594 0.37375909 -0.30368143
v -0.00503606 0.36933166 -0.30937654
v -0.18496735 -0.08497052 0.35457659
v -0.18572655 -0.09542416 0.35220361
v -0.17405380 -0.09419431 0.35758233
v -0.16859703 -0.09696145 0.35940158
v -0.15146749 -0.12248059 0.36050898
v -0.16650921 -0.10495539 0.35853153
v -0.16404180 -0.11405621 0.35750324
v -0.15198945 -0.12297253 0.36019260
v 0.07188079 0.30550307 0.30901581
v 0.06495304 0.30765527 0.30822486
v 0.05498849 0.30833170 0.30862033
v 0.04497650 0.30876213 0.30901581
v 0.03496450 0.31478834 0.30411172
v 0.02499995 0.31989217 0.29991949
v 0.02499995 0.31491131 0.30395353
v 0.01498795 0.31423491 0.30339986
v -0.25320080 -0.03497761 0.32254165
v -0.25875247 -0.02495444 0.31890315
v -0.25823051 -0.03497761 0.31850767
v -0.23868102 -0.06498565 0.32910687
v -0.23365131 -0.06498565 0.33234990
v -0.23497990 -0.04493929 0.33464378
v -0.25073338 -0.06498565 0.32056421
v -0.24499190 -0.06498565 0.32467735
v -0.22819452 -0.04493929 0.33883595
v -0.25751877 -0.04493929 0.31795394
v -0.25680703 -0.05496249 0.31732118
v -0.25571567 -0.06498565 0.31660926
v -0.22098209 -0.06283344 0.34057617
v -0.22705571 -0.05496249 0.33812410
v -0.19089864 -0.09241106 0.35046345
v -0.21723351 -0.08497052 0.33844048
v -0.21220380 -0.08497052 0.34112984
v -0.19455230 -0.09542416 0.34801143
v -0.12503770 0.34295163 0.26266408
v -0.13500226 0.34707159 0.25720626
v -0.14501426 0.34086090 0.26068664
v -0.15032868 0.34006152 0.26005381
v -0.15697172 0.33907765 0.25910467
v -0.16503826 0.33274397 0.26258498
v -0.17495535 0.34110689 0.25103658
v -0.18007998 0.34000003 0.25000834
v -0.18406580 0.33508068 0.25285590
v -0.19317624 0.33182159 0.25159031
v -0.19986673 0.32991534 0.24992923
v -0.20499136 0.32327422 0.25277680
v -0.20717406 0.33827823 0.23845994
v -0.21320024 0.34202927 0.23181567
v -0.21989073 0.33993852 0.22991730
v -0.22496790 0.33311293 0.23284394
v -0.23132624 0.33089924 0.23078738
v -0.23796928 0.32856253 0.22865172
v -0.23203799 0.35149902 0.21140824
v -0.23868102 0.34897783 0.20903528
v -0.24983183 0.35986191 0.18981434
v -0.24949968 0.36963910 0.17961062
v -0.25495645 0.36767137 0.17731677
v -0.26012853 0.37006956 0.17011881
v -0.26378220 0.36404335 0.17391554
v -0.27108955 0.36084577 0.17098889
v -0.27778003 0.35807866 0.16782494
v -0.28470775 0.35475808 0.16474010
v -0.29808873 0.34793246 0.15770033
v -0.30107808 0.34122986 0.16133887
v -0.30776858 0.33717138 0.15706754
v -0.31033087 0.33053029 0.16046879
v -0.28788692 0.35807866 0.15770033
v -0.29087627 0.36078429 0.15105605
v -0.29448250 0.35445061 0.15437819
v -0.31161204 0.32407361 0.16426551
v -0.31706882 0.32505751 0.15485278
v -0.32086486 0.32173693 0.15153065
v -0.31891936 0.31724802 0.15817492
v -0.31085283 0.30218250 0.18142989
v -0.30876502 0.29695570 0.18807417
v -0.30734152 0.30531859 0.18483113
v -0.31180185 0.17501724 0.24273126
v -0.33082938 0.12502432 0.23118287
v -0.32736552 0.12502432 0.23616607
v -0.32836199 0.11500114 0.23774806
v -0.32233578 0.12502432 0.24304765
v -0.31009364 0.29025307 0.19013073
v -0.32494557 0.10503945 0.24494602
v -0.32205111 0.08505458 0.25269765
v -0.32983291 0.09889026 0.23972552
v -0.32708082 0.09538522 0.24423413
v -0.33030742 0.09224914 0.24043740
v -0.32276285 0.06500822 0.25364685
v -0.32304755 0.05504653 0.25396323
v -0.32323736 0.04502335 0.25435877
v -0.31963113 0.03500018 0.25950015
v -0.31517082 0.03500018 0.26495796
v -0.31052068 0.02503848 0.27057391
v -0.32243070 0.07503141 0.25325137
v -0.30069849 0.00505361 0.28077763
v -0.30591801 0.01501530 0.27539897
v -0.30572820 0.00505361 0.27516168
v -0.29581112 0.00505361 0.28576088
v -0.29082882 0.00505361 0.29082316
v -0.28570420 0.00505361 0.29580635
v -0.28072193 0.00505361 0.30063140
v -0.26928642 -0.02495444 0.30933225
v -0.28034234 -0.00496957 0.30031496
v -0.26425672 -0.02495444 0.31391996
v -0.26463631 -0.01499274 0.31423634
v -0.30757877 0.19494061 -0.26658422
v -0.30658233 0.20471783 -0.26421124
v -0.36048579 -0.03497761 -0.24095629
v -0.36015362 -0.02852096 -0.24032350
v -0.35759133 -0.02507742 -0.24419934
v -0.35147023 -0.01499274 -0.25242555
v -0.34416288 0.06500822 -0.24499032
v -0.33832651 0.09501627 -0.24720508
v -0.32584709 0.14500919 -0.25495672
v -0.32404399 0.15503237 -0.25495672
v -0.31996328 0.16001321 -0.25993991
v -0.31218144 0.18504041 -0.26326209
v -0.31104264 0.19494061 -0.26160103
v -0.34890795 -0.12297253 -0.24752146
v -0.36001128 -0.11005922 -0.23004068
v -0.36338025 -0.10495539 -0.22497839
v -0.36508846 -0.09499373 -0.22497839
v -0.36636961 -0.08497052 -0.22497839
v -0.36736608 -0.07494734 -0.22497839
v -0.36380732 -0.05496249 -0.23494481
v -0.36836255 -0.06566207 -0.22418740
v -0.37040287 -0.05496249 -0.22086526
v -0.36807781 -0.05496249 -0.22584847
v -0.36394966 -0.04493929 -0.23494481
v -0.36361748 -0.03497761 -0.23494481
v -0.31028342 0.20121279 -0.26041454
v -0.32034290 0.27119058 -0.21066155
v -0.31929898 0.27783170 -0.20860499
v -0.31716371 0.27469563 -0.21437918
v -0.31199163 0.27494159 -0.22339642
v -0.31109008 0.26313514 -0.23178086
v -0.31517082 0.19494061 -0.25495672
v -0.31763822 0.18547086 -0.25448215
v -0.32053268 0.18245776 -0.25084358
v -0.32290518 0.18547086 -0.24578130
v -0.32575220 0.17501724 -0.24499032
v -0.32798237 0.16597793 -0.24467392
v -0.32992783 0.16991341 -0.23992801
v -0.33301210 0.16597793 -0.23589398
v -0.33823162 0.16505556 -0.22656035
v -0.34079394 0.16505556 -0.22157715
v -0.34183782 0.17440233 -0.21524927
v -0.34435272 0.18504041 -0.20496646
v -0.33970258 0.23841539 -0.18922585
v -0.33543205 0.24499503 -0.19492094
v -0.33154112 0.24499503 -0.20314719
v -0.33059216 0.25218958 -0.20124882
v -0.32969058 0.25889221 -0.19935046
v -0.32508790 0.26497990 -0.20496646
v -0.30990383 0.26983777 -0.22988249
v -0.30900228 0.27494159 -0.22837962
v -0.30743641 0.28527224 -0.22474109
v -0.30316591 0.29504943 -0.22545297
v -0.30141026 0.30494964 -0.22213084
v -0.29936987 0.29849297 -0.22909151
v -0.29704481 0.29504943 -0.23462841
v -0.30957168 0.28883874 -0.21920419
v -0.30838543 0.29498795 -0.21722673
v -0.30648741 0.30433470 -0.21422099
v -0.30890739 0.30728632 -0.20813039
v -0.30197966 0.31435791 -0.21477467
v -0.30079338 0.32167542 -0.21129434
v -0.29680759 0.32499599 -0.21477467
v -0.29908517 0.32831657 -0.20844679
v -0.29187274 0.33421978 -0.21437918
v -0.28821906 0.33704841 -0.21730582
v -0.28157604 0.34233671 -0.22205174
v -0.28470775 0.33446574 -0.22450380
v -0.28167093 0.35235989 -0.21240172
v -0.27925098 0.35900104 -0.20892139
v -0.27711570 0.35537300 -0.21540746
v -0.26999819 0.35998487 -0.21999517
v -0.26392454 0.36367440 -0.22363371
v -0.26055560 0.37050000 -0.22062796
v -0.25751877 0.36742541 -0.22727224
v -0.25405490 0.37400505 -0.22395010
v -0.25054359 0.38052320 -0.22062796
v -0.24736442 0.37751007 -0.22727224
v -0.23426816 0.38242942 -0.23439111
v -0.22971293 0.38980848 -0.22972430
v -0.22582200 0.38753325 -0.23534030
v -0.21846722 0.38913205 -0.23897883
v -0.22496790 0.38206047 -0.24238007
v -0.21253595 0.38144556 -0.25171369
v -0.24366330 0.38390523 -0.22363371
v -0.23996219 0.38999295 -0.21999517
v -0.23497990 0.38777924 -0.22735134
v -0.20446941 0.38310584 -0.25503582
v -0.19497935 0.38175303 -0.26191741
v -0.19991419 0.38993144 -0.24989443
v -0.19592836 0.38734877 -0.25503582
v -0.19322370 0.39146876 -0.25171369
v -0.18496735 0.38876310 -0.25859529
v -0.18439795 0.38316733 -0.26523954
v -0.17936823 0.38974696 -0.25970262
v -0.17561966 0.38679534 -0.26460677
v -0.16503826 0.39214516 -0.26247108
v -0.16503826 0.38777924 -0.26745433
v -0.15156239 0.38052320 -0.28050554
v -0.15825287 0.37935483 -0.27931911
v -0.14501426 0.37652621 -0.28659612
v -0.12404125 0.37548083 -0.29339862
v -0.13500226 0.37806350 -0.28809899
v -0.10501371 0.38126111 -0.29134208
v -0.09500170 0.37738711 -0.29735357
v -0.12669846 0.37917036 -0.28912729
v -0.13500226 0.38285989 -0.28303671
v -0.12404125 0.38316733 -0.28548878
v -0.11796762 0.38962400 -0.27955639
v -0.11478846 0.38611895 -0.28414410
v -0.08503716 0.37830949 -0.29814452
v -0.07502516 0.37898588 -0.29885644
v -0.06501316 0.37960082 -0.29956830
v -0.05808542 0.36982358 -0.30977201
v -0.06501316 0.36441231 -0.31404334
v -0.05485880 0.36588812 -0.31356877
v -0.05500115 0.35930848 -0.31942207
v -0.04503660 0.37511188 -0.30510521
v -0.03502460 0.38015425 -0.30020112
v -0.05813287 0.37990826 -0.29988468
v -0.05144238 0.38003123 -0.29996377
v -0.03502460 0.37511188 -0.30518430
v -0.02501260 0.37505043 -0.30510521
v -0.02501260 0.38009274 -0.30012202
v -0.01319750 0.37978530 -0.29980558
v -0.00503606 0.37449700 -0.30439329
v 0.07036237 0.38021570 -0.27022272
v 0.07188079 0.37978530 -0.26966906
v 0.00497594 0.37873992 -0.29869825
v 0.00497594 0.38341331 -0.29371500
v 0.01498795 0.38741028 -0.28707075
v 0.02499995 0.39079234 -0.28090107
v 0.02134627 0.40032357 -0.27038097
v 0.02803676 0.39952418 -0.26935267
v 0.03496450 0.39847881 -0.26800799
v 0.06243819 0.39146876 -0.26175922
v 0.03496450 0.40222985 -0.26302481
v 0.03496450 0.40727216 -0.25606412
v 0.04004167 0.40997779 -0.24997352
v 0.04402749 0.41206855 -0.24499032
v 0.04668470 0.40874797 -0.24831246
v 0.05275834 0.41114616 -0.24158908
v 0.05565280 0.40751815 -0.24499032
v 0.05944882 0.40973184 -0.23961161
v 0.06476325 0.40315223 -0.24514851
v 0.07188079 0.40173790 -0.24238007
v -0.18961748 -0.09905218 0.34975159
v -0.18809907 -0.10495539 0.34919786
v -0.17571455 -0.11540903 0.35228270
v -0.17343695 -0.12297253 0.35141265
v -0.17115934 -0.12297253 0.35236186
v -0.16484846 -0.12297253 0.35497206
v 0.07188079 0.31165224 0.30442810
v 0.07188079 0.31706354 0.30015677
v 0.07188079 0.31866235 0.29889125
v 0.04497650 0.31454238 0.30403262
v 0.06495304 0.31896979 0.29912853
v 0.03496450 0.31976920 0.29976130
v 0.01498795 0.31927723 0.29928672
v 0.06495304 0.32960790 0.28963667
v 0.02499995 0.32985386 0.28979486
v -0.11502571 0.35358971 0.25364685
v -0.11502571 0.34860888 0.25863004
v -0.26387709 -0.03497761 0.31352443
v -0.26843232 -0.04493929 0.30854124
v -0.26340258 -0.04493929 0.31297076
v -0.24551386 -0.07408647 0.32262081
v -0.23721007 -0.07494734 0.32823676
v -0.23222779 -0.07494734 0.33140069
v -0.26084030 -0.07494734 0.31067687
v -0.25557330 -0.08435561 0.31297076
v -0.24921498 -0.07685359 0.31937772
v -0.26273829 -0.05496249 0.31233799
v -0.26188418 -0.06498565 0.31154698
v -0.22496790 -0.07494734 0.33583021
v -0.22586946 -0.08564694 0.33306181
v -0.22368675 -0.09499373 0.33227080
v -0.21452886 -0.09505521 0.33757043
v -0.21087518 -0.09179614 0.34041792
v -0.19497935 -0.10495539 0.34571755
v -0.12503770 0.34793246 0.25799727
v -0.12503770 0.35297483 0.25301409
v -0.13500226 0.35211393 0.25214398
v -0.14501426 0.35106856 0.25103658
v -0.14501426 0.34584177 0.25601983
v -0.15104043 0.35026917 0.25024563
v -0.16503826 0.33772480 0.25791818
v -0.15768346 0.34922379 0.24921733
v -0.16503826 0.34301311 0.25285590
v -0.17495535 0.34608772 0.24613249
v -0.18012743 0.35002321 0.24004191
v -0.18681791 0.34860888 0.23861814
v -0.18677047 0.33846271 0.24858455
v -0.19592836 0.33508068 0.24723987
v -0.20048359 0.34024599 0.24020010
v -0.20741132 0.34867036 0.22873081
v -0.21590491 0.34516534 0.22730704
v -0.22022289 0.35014617 0.22010908
v -0.22691336 0.34793246 0.21805252
v -0.22672357 0.35814011 0.20800701
v -0.23189564 0.36121473 0.20136273
v -0.23858613 0.35900104 0.19898976
v -0.24314135 0.36219859 0.19226639
v -0.24632052 0.36594960 0.18593851
v -0.23815908 0.36890122 0.18870696
v -0.24280921 0.37166834 0.18206269
v -0.24556130 0.37529635 0.17541841
v -0.24826598 0.37898588 0.16853683
v -0.25495645 0.37179133 0.17225446
v -0.25528860 0.37701815 0.16513559
v -0.25884739 0.37929335 0.15896592
v -0.26406690 0.37179133 0.16426551
v -0.27047268 0.37031555 0.16038968
v -0.26677155 0.36754841 0.16711305
v -0.27412635 0.36428934 0.16410731
v -0.28119645 0.36103025 0.16118068
v -0.30079338 0.35082260 0.15097696
v -0.30430472 0.34411997 0.15406179
v -0.31023598 0.34036899 0.15034416
v -0.31184930 0.33428127 0.15422000
v -0.31915665 0.32837805 0.14852490
v -0.28019997 0.37013108 0.15018597
v -0.28745988 0.36791736 0.14496547
v -0.28973746 0.36976212 0.13966587
v -0.29452994 0.36238307 0.14401628
v -0.30008161 0.36004639 0.14006136
v -0.29756677 0.35752523 0.14678474
v -0.28404346 0.36422783 0.15398270
v -0.32266796 0.32505751 0.14512366
v -0.32921606 0.31773996 0.13840029
v -0.32727063 0.31460387 0.14441177
v -0.32186130 0.31435791 0.15485278
v -0.32020053 0.31060690 0.16038968
v -0.31948876 0.17839929 0.22920541
v -0.31716371 0.17501724 0.23442592
v -0.32043779 0.17169668 0.23070829
v -0.33249015 0.13449408 0.22540867
v -0.33016509 0.13080457 0.23023368
v -0.33742496 0.11549307 0.22445950
v -0.33192074 0.11500114 0.23276484
v -0.32931098 0.10503945 0.23901363
v -0.32110208 0.30494964 0.16205075
v -0.31944132 0.29793957 0.16901143
v -0.35749644 0.15497088 0.17446922
v -0.33025998 0.18049002 0.21045905
v -0.32708082 0.08505458 0.24589521
v -0.33277485 0.10503945 0.23403043
v -0.33059216 0.08505458 0.24091199
v -0.34050924 0.11247998 0.22082096
v -0.33775711 0.10503945 0.22651605
v -0.34093630 0.10503945 0.22153285
v -0.33889592 0.08505458 0.22817713
v -0.33448306 0.08505458 0.23497960
v -0.32802981 0.05504653 0.24723987
v -0.32821962 0.04502335 0.24747717
v -0.32333225 0.03500018 0.25451696
v -0.32821962 0.01501530 0.24755627
v -0.32812470 0.00505361 0.24747717
v -0.32309499 0.00505361 0.25420052
v -0.31934643 0.00505361 0.25918376
v -0.31033087 0.01501530 0.27041572
v -0.32774514 0.06500822 0.24676529
v -0.30985638 -0.00749072 0.26978296
v -0.30041379 -0.00496957 0.28038216
v -0.30999875 -0.00078811 0.27002025
v -0.29543149 -0.00496957 0.28544444
v -0.29044923 -0.00496957 0.29042768
v -0.26890683 -0.03497761 0.30893672
v -0.28010508 -0.01099578 0.30007768
v -0.36214656 -0.02507742 -0.23565669
v -0.36020109 0.05141851 -0.22039066
v -0.35066360 0.07503141 -0.23122717
v -0.34781659 0.07503141 -0.23621038
v -0.34131590 0.09501627 -0.24222186
v -0.32988039 0.13935193 -0.24981533
v -0.32855177 0.15503237 -0.24752146
v -0.32200366 0.16401020 -0.25527310
v -0.31920409 0.16671583 -0.25875348
v -0.35208708 -0.12297253 -0.24048170
v -0.36138734 -0.11399470 -0.22489929
v -0.36532569 -0.11497857 -0.21493287
v -0.36788803 -0.10446347 -0.21422099
v -0.37011820 -0.10077395 -0.21034515
v -0.36855233 -0.09499373 -0.21619844
v -0.37676120 -0.06498565 -0.20496646
v -0.37984550 -0.05686873 -0.19950865
v -0.36817271 -0.04493929 -0.22608577
v -0.37804237 -0.05410160 -0.20393817
v -0.37049776 -0.04493929 -0.22110255
v -0.37998784 -0.05016612 -0.19998325
v -0.36812526 -0.03497761 -0.22569028
v -0.32931098 0.27770871 -0.18859306
v -0.32314247 0.28588715 -0.19587012
v -0.31289321 0.28527224 -0.21556565
v -0.31991583 0.28982264 -0.19982505
v -0.31839740 0.28588715 -0.20512465
v -0.31531316 0.29498795 -0.20496646
v -0.31075794 0.28213614 -0.22126076
v -0.33063960 0.16321079 -0.24111448
v -0.33576423 0.15503237 -0.23494481
v -0.33927554 0.15503237 -0.22861692
v -0.34183782 0.15503237 -0.22363371
v -0.34601346 0.15503237 -0.21493287
v -0.34397310 0.16505556 -0.21493287
v -0.34658286 0.17501724 -0.20496646
v -0.35066360 0.16308782 -0.20148613
v -0.34990439 0.18971381 -0.18977953
v -0.34615582 0.23497185 -0.17498811
v -0.34098375 0.24499503 -0.18242337
v -0.33884847 0.24499503 -0.18740658
v -0.33638108 0.27494159 -0.17498811
v -0.33030742 0.27106759 -0.19064961
v -0.31127989 0.29498795 -0.21224353
v -0.31023598 0.30064520 -0.21042426
v -0.31085283 0.31183672 -0.20148613
v -0.30743641 0.31509578 -0.20488736
v -0.31284577 0.31509578 -0.19523734
v -0.31118500 0.32247484 -0.19207339
v -0.30957168 0.32917744 -0.18922585
v -0.30269140 0.32499599 -0.20504555
v -0.30307099 0.33514217 -0.19515824
v -0.29918009 0.33858570 -0.19863857
v -0.29723462 0.33514217 -0.20504555
v -0.29040179 0.34067643 -0.21066155
v -0.28836143 0.34737903 -0.20741852
v -0.28494501 0.34485787 -0.21485378
v -0.28494501 0.35481957 -0.20480826
v -0.27569222 0.36588812 -0.20599474
v -0.26980838 0.36976212 -0.20971237
v -0.27194363 0.36232159 -0.21493287
v -0.28152859 0.36195263 -0.20227711
v -0.26226377 0.37431252 -0.21398368
v -0.26003364 0.38003123 -0.21002877
v -0.25723407 0.37720263 -0.21667303
v -0.25433961 0.38218346 -0.21398368
v -0.24968949 0.38974696 -0.20963328
v -0.24726951 0.38771772 -0.21493287
v -0.21751821 0.39860180 -0.22806323
v -0.22306989 0.39189917 -0.23225544
v -0.23497990 0.39177620 -0.22228904
v -0.22833687 0.39903224 -0.21849230
v -0.22572711 0.39546573 -0.22561118
v -0.21182419 0.39103830 -0.24119358
v -0.21467121 0.39478931 -0.23478660
v -0.23853868 0.39897075 -0.20844679
v -0.23512226 0.39681852 -0.21509106
v -0.20499136 0.39282155 -0.24332924
v -0.20499136 0.39780241 -0.23731776
v -0.19853812 0.39933971 -0.23921612
v -0.18496735 0.39300603 -0.25361204
v -0.19184764 0.40069252 -0.24095629
v -0.18496735 0.39804837 -0.24752146
v -0.17267774 0.39085382 -0.26104730
v -0.17766002 0.39921671 -0.24910344
v -0.16503826 0.39712602 -0.25645959
v -0.15042359 0.39011592 -0.27014363
v -0.14501426 0.38156855 -0.28161293
v -0.09500170 0.38206047 -0.29229122
v -0.13500226 0.38784072 -0.27749979
v -0.12503770 0.38894758 -0.27868629
v -0.11127713 0.39017743 -0.28018916
v -0.10786072 0.39964718 -0.26951087
v -0.08503716 0.38273689 -0.29316133
v -0.07502516 0.38341331 -0.29387319
v -0.06501316 0.38402823 -0.29458511
v -0.04503660 0.38009274 -0.30004287
v -0.03502460 0.38476613 -0.29498059
v -0.02501260 0.38956249 -0.28952277
v -0.02501260 0.38470465 -0.29498059
v -0.06501316 0.38900906 -0.28881091
v -0.05500115 0.38931653 -0.28912729
v -0.05485880 0.38347480 -0.29592979
v -0.01500061 0.38943952 -0.28936458
v -0.00503606 0.38408971 -0.29442692
v -0.00503606 0.37947783 -0.29941010
v -0.00503606 0.38907057 -0.28896910
v 0.07188079 0.39817137 -0.24688868
v 0.00497594 0.38839415 -0.28817809
v 0.01498795 0.39177620 -0.28208750
v 0.01498795 0.39675707 -0.27607602
v 0.01498795 0.40087700 -0.27109283
v 0.00972097 0.40991631 -0.25993991
v 0.01498795 0.40948588 -0.25930715
v 0.02499995 0.40850198 -0.25796247
v 0.03496450 0.41077721 -0.25108093
v 0.03496450 0.41483566 -0.24499032
v 0.04573570 0.41797176 -0.23494481
v 0.05565280 0.41379029 -0.23573579
v 0.07188079 0.40253729 -0.24127269
v 0.06490560 0.41698790 -0.22458290
v 0.06495304 0.41176108 -0.23273005
v 0.07188079 0.41022378 -0.23043619
v 0.06495304 0.40844053 -0.23771325
v -0.18473010 -0.11540903 0.34824872
v -0.17951058 -0.11897556 0.34975159
v -0.19569111 -0.11540903 0.34279090
v -0.18491991 -0.12297253 0.34635031
v -0.17737532 -0.12297253 0.34975159
v 0.07188079 0.32272080 0.29541087
v 0.05498849 0.31927723 0.29936582
v 0.07188079 0.32788610 0.29090226
v 0.06495304 0.32462704 0.29414529
v 0.07188079 0.32948491 0.28947848
v 0.07188079 0.33292845 0.28607726
v 0.07188079 0.33784780 0.28093582
v 0.07188079 0.33938509 0.27927476
v 0.05498849 0.33938509 0.27927476
v 0.03496450 0.33932361 0.27927476
v 0.02499995 0.33926213 0.27911657
v -0.10501371 0.35887802 0.24874274
v -0.11502571 0.35857058 0.24842635
v -0.12503770 0.35801715 0.24779357
v -0.27317736 -0.05496249 0.30292523
v -0.26772058 -0.05496249 0.30790848
v -0.27872902 -0.04493929 0.29873300
v -0.27815962 -0.05496249 0.29825842
v -0.24314135 -0.08497052 0.32214618
v -0.24812362 -0.08497052 0.31858677
v -0.23450541 -0.08564694 0.32768309
v -0.22980782 -0.08939795 0.32981873
v -0.26582256 -0.07494734 0.30640560
v -0.25932187 -0.08724572 0.30941135
v -0.25315335 -0.09499373 0.31241709
v -0.26686648 -0.06498565 0.30719656
v -0.22871648 -0.09499373 0.32918596
v -0.22159894 -0.10495539 0.33092612
v -0.20119533 -0.11233442 0.34065527
v -0.13500226 0.35715628 0.24684438
v -0.14501426 0.35604942 0.24573700
v -0.15023378 0.36004639 0.24004191
v -0.15692426 0.35906249 0.23901363
v -0.16503826 0.35783267 0.23766895
v -0.16503826 0.35279036 0.24296856
v -0.16503826 0.34799397 0.24795176
v -0.17495535 0.35106856 0.24107020
v -0.17989019 0.35992339 0.22991730
v -0.18406580 0.35315931 0.23513781
v -0.19497935 0.35672581 0.22667426
v -0.19497935 0.35168350 0.23173656
v -0.19497935 0.34664115 0.23671977
v -0.19497935 0.34166032 0.24162388
v -0.20076829 0.35033065 0.23031279
v -0.20408981 0.35451210 0.22453859
v -0.20736387 0.35869354 0.21852711
v -0.21495591 0.35162199 0.22161195
v -0.22003308 0.35998487 0.20998447
v -0.22401890 0.36256754 0.20484306
v -0.23151603 0.37080747 0.19092172
v -0.23422071 0.37455845 0.18443564
v -0.23687792 0.37830949 0.17787045
v -0.24162294 0.38089216 0.17122619
v -0.24494445 0.38335180 0.16513559
v -0.24499190 0.38851714 0.15785854
v -0.25220436 0.38138407 0.16189255
v -0.26235870 0.38150704 0.15224253
v -0.26900172 0.37935483 0.14899950
v -0.26539552 0.37738711 0.15532738
v -0.25054359 0.39030039 0.15050237
v -0.27426869 0.37191433 0.15414090
v -0.27711570 0.36767137 0.15690935
v -0.30250159 0.35451210 0.14401628
v -0.30990383 0.34990022 0.13982406
v -0.30805326 0.34768653 0.14496547
v -0.31194419 0.34270567 0.14496547
v -0.31896681 0.33840123 0.13824210
v -0.31702137 0.33501917 0.14512366
v -0.32100719 0.33169860 0.14188063
v -0.27521771 0.37714112 0.14536096
v -0.28247759 0.37185282 0.14496547
v -0.27872902 0.37898588 0.13832119
v -0.28129134 0.38095361 0.13167691
v -0.28793436 0.37843245 0.12724739
v -0.29215744 0.37179133 0.13294250
v -0.29884791 0.36896271 0.12819658
v -0.29528916 0.36730242 0.13579004
v -0.27203855 0.38150704 0.14235522
v -0.30188474 0.36176816 0.13499905
v -0.30914462 0.35906249 0.12843387
v -0.30748385 0.35543448 0.13586913
v -0.32935843 0.32850105 0.12851298
v -0.32774514 0.32511896 0.13499905
v -0.33030742 0.31103733 0.14069414
v -0.33078194 0.32185990 0.13167691
v -0.33699793 0.31405044 0.12400436
v -0.33182585 0.31460387 0.13499905
v -0.32883647 0.30494964 0.14757572
v -0.32494557 0.30494964 0.15493189
v -0.32271540 0.17501724 0.22548778
v -0.32807726 0.17501724 0.21662875
v -0.33951277 0.14783782 0.20911439
v -0.33714026 0.14470173 0.21417668
v -0.33913317 0.12502432 0.21852711
v -0.33495754 0.12502432 0.22493409
v -0.36043835 0.15165031 0.17083068
v -0.32973802 0.29867744 0.14939499
v -0.35863525 0.14500919 0.17755407
v -0.35441214 0.14500919 0.18498933
v -0.33120900 0.06500822 0.24178207
v -0.33514735 0.07503141 0.23497960
v -0.35194474 0.13504750 0.19329467
v -0.36228889 0.13467854 0.17549750
v -0.36020109 0.13111202 0.18032251
v -0.36428180 0.12502432 0.17494382
v -0.36859977 0.12502432 0.16727126
v -0.36921662 0.11500114 0.16853683
v -0.36133987 0.06500822 0.19242460
v -0.34999928 0.08007374 0.20998447
v -0.33922809 0.07503141 0.22873081
v -0.36186182 0.05504653 0.19321558
v -0.35891992 0.05504653 0.19819878
v -0.35056868 0.06500822 0.21101275
v -0.34757930 0.06500822 0.21599595
v -0.33149368 0.05504653 0.24217758
v -0.33168349 0.04502335 0.24249396
v -0.32831454 0.03500018 0.24755627
v -0.32831454 0.02503848 0.24755627
v -0.33177841 0.01501530 0.24257307
v -0.33177841 0.00505361 0.24241486
v -0.33158860 -0.00496957 0.24225667
v -0.32798237 -0.00496957 0.24723987
v -0.32295263 -0.00496957 0.25396323
v -0.31920409 -0.00496957 0.25894648
v -0.31336769 -0.00447764 0.26590711
v -0.31388965 -0.01499274 0.26448333
v -0.30957168 -0.01499274 0.26946658
v -0.30012909 -0.01154920 0.28014487
v -0.28883594 -0.04493929 0.28884572
v -0.28385365 -0.04493929 0.29374981
v -0.36361748 0.04502335 -0.21493287
v -0.36205164 0.05486205 -0.21556565
v -0.36167204 0.06500822 -0.21335091
v -0.35839796 0.07503141 -0.21683124
v -0.35408002 0.07503141 -0.22497839
v -0.37002328 0.05049613 -0.20006235
v -0.36765078 0.05430864 -0.20401727
v -0.33823162 0.13504750 -0.23676407
v -0.33282229 0.13560092 -0.24586040
v -0.33234781 0.14500919 -0.24396203
v -0.36015362 -0.12297253 -0.22236814
v -0.36077046 -0.12217315 -0.22149804
v -0.36945388 -0.10747658 -0.20860499
v -0.36295319 -0.12297253 -0.21532837
v -0.36760330 -0.12297253 -0.20298900
v -0.36983347 -0.11946748 -0.19958775
v -0.36878958 -0.11565499 -0.20512465
v -0.37068760 -0.11276488 -0.20196071
v -0.37135190 -0.10446347 -0.20512465
v -0.37491065 -0.10495539 -0.19492094
v -0.37647653 -0.09499373 -0.19492094
v -0.37937099 -0.06498565 -0.19816399
v -0.38126898 -0.05410160 -0.19571193
v -0.38378385 -0.06498565 -0.18495452
v -0.38487521 -0.05496249 -0.18495452
v -0.37998784 -0.04979716 -0.19998325
v -0.38534969 -0.04493929 -0.18495452
v -0.37030798 -0.03497761 -0.22070706
v -0.37007073 -0.02950484 -0.22015338
v -0.36803037 0.04502335 -0.20567834
v -0.33296466 0.28576416 -0.17585820
v -0.32850432 0.28576416 -0.18511273
v -0.32560986 0.29498795 -0.18495452
v -0.32157660 0.29498795 -0.19310167
v -0.31934643 0.30814722 -0.18875125
v -0.31901428 0.29498795 -0.19808488
v -0.31740096 0.30488813 -0.19452545
v -0.33979750 0.14894468 -0.22964519
v -0.34985691 0.11912110 -0.21967879
v -0.36959624 0.08720680 -0.18898855
v -0.35147023 0.15503237 -0.20314719
v -0.35488665 0.15503237 -0.19492094
v -0.35996383 0.15989023 -0.17989221
v -0.35237181 0.16585495 -0.19587012
v -0.34966713 0.22826923 -0.16889752
v -0.35056868 0.25274301 -0.15165403
v -0.34677267 0.26497990 -0.15497617
v -0.34534916 0.25495672 -0.16494259
v -0.34387821 0.24499503 -0.17498811
v -0.34131590 0.27494159 -0.16336063
v -0.33993983 0.26989925 -0.16992581
v -0.33932298 0.27494159 -0.16834383
v -0.31189674 0.30433470 -0.20488736
v -0.31811273 0.31546474 -0.18519183
v -0.31963113 0.31909278 -0.17925943
v -0.31332025 0.32548791 -0.18550822
v -0.31982094 0.32960790 -0.16953032
v -0.31137478 0.33262098 -0.18258157
v -0.30824307 0.33557260 -0.18550822
v -0.30117297 0.34190625 -0.19199429
v -0.29206255 0.34442744 -0.20441276
v -0.29044923 0.35069960 -0.20069513
v -0.28817162 0.35734075 -0.19697750
v -0.27882391 0.36859375 -0.19816399
v -0.27218089 0.37246776 -0.20306809
v -0.26743588 0.37548083 -0.20583653
v -0.29016453 0.36023086 -0.19025412
v -0.28451794 0.36441231 -0.19420905
v -0.26919153 0.37917036 -0.19879676
v -0.26193166 0.38187599 -0.20496646
v -0.25903717 0.38907057 -0.19863857
v -0.25538349 0.38734877 -0.20575744
v -0.25234669 0.39202219 -0.20290989
v -0.24826598 0.39866328 -0.19792669
v -0.24565621 0.39546573 -0.20567834
v -0.21082774 0.40044656 -0.23051529
v -0.22169384 0.40093851 -0.22141895
v -0.23184820 0.40118447 -0.21184802
v -0.22591691 0.40856349 -0.20575744
v -0.22501536 0.40315223 -0.21509106
v -0.24157548 0.40112299 -0.20180251
v -0.23512226 0.40333670 -0.20504555
v -0.20499136 0.40173790 -0.23233455
v -0.19512171 0.40345967 -0.23549849
v -0.18966493 0.40985483 -0.22980340
v -0.18582146 0.40757963 -0.23486570
v -0.18496735 0.40204537 -0.24253826
v -0.17457575 0.40315223 -0.24546491
v -0.16503826 0.40106148 -0.25147641
v -0.15502626 0.39854032 -0.25812066
v -0.14501426 0.39079234 -0.27101374
v -0.14501426 0.38654941 -0.27599692
v -0.13500226 0.39189917 -0.27251661
v -0.10117023 0.40013909 -0.27014363
v -0.11502571 0.40266025 -0.26357847
v -0.10472900 0.40284473 -0.26571411
v -0.07502516 0.38839415 -0.28809899
v -0.03502460 0.38956249 -0.28944367
v -0.03502460 0.39374393 -0.28446048
v -0.02501260 0.39872479 -0.27844900
v -0.01500061 0.39872479 -0.27836990
v -0.01500061 0.39374393 -0.28438139
v -0.09500170 0.40044656 -0.27053916
v -0.06501316 0.39288306 -0.28382772
v -0.04503660 0.39854032 -0.27805352
v -0.03502460 0.39872479 -0.27836990
v -0.00503606 0.39337498 -0.28398591
v 0.00497594 0.39263707 -0.28311580
v 0.00497594 0.39767945 -0.27702522
v 0.00497594 0.40155342 -0.27204204
v 0.00303048 0.41022378 -0.26033545
v 0.00583005 0.41286793 -0.25590593
v 0.00497594 0.41834071 -0.24736327
v 0.01498795 0.42092335 -0.24150997
v 0.01498795 0.41778728 -0.24649319
v 0.01498795 0.41280645 -0.25432396
v -0.00503606 0.40216833 -0.27291209
v -0.00503606 0.40714920 -0.26587230
v 0.02499995 0.41200703 -0.25290018
v 0.02898577 0.41975504 -0.23969071
v 0.03496450 0.41901714 -0.23842514
v 0.04293613 0.42092335 -0.23162267
v 0.04957917 0.41981649 -0.22972430
v 0.05498849 0.41883266 -0.22806323
v 0.07188079 0.40628830 -0.23605219
v 0.07188079 0.41538909 -0.22236814
v 0.06148918 0.42055440 -0.22102346
v 0.06817967 0.41926306 -0.21872960
v 0.07188079 0.40745664 -0.23439111
v -0.19355585 -0.12297253 0.34192079
v 0.07188079 0.34227520 0.27587354
v 0.04497650 0.34867036 0.26843828
v 0.04497650 0.34368953 0.27429157
v 0.03496450 0.34362805 0.27429157
v -0.09500170 0.44306046 0.15358721
v -0.09500170 0.43869454 0.15857041
v -0.10501371 0.43844855 0.15825403
v -0.12503770 0.36238307 0.24281035
v -0.10501371 0.44281447 0.15327081
v -0.11502571 0.44238406 0.15271713
v -0.13500226 0.36164516 0.24186118
v -0.27744788 -0.06498565 0.29762566
v -0.27246559 -0.06498565 0.30221337
v -0.28337914 -0.05496249 0.29327524
v -0.28276229 -0.06498565 0.29264241
v -0.24636796 -0.09499373 0.31740028
v -0.24138570 -0.09499373 0.32088059
v -0.27151659 -0.07494734 0.30134326
v -0.27070993 -0.08244936 0.30063140
v -0.26387709 -0.09499373 0.30347896
v -0.25818306 -0.09499373 0.30846214
v -0.25623763 -0.10495539 0.30703837
v -0.25120789 -0.10495539 0.31091422
v -0.24024689 -0.10052799 0.32016873
v -0.23526460 -0.10434048 0.32238346
v -0.22658122 -0.10495539 0.32784128
v -0.22027034 -0.11055116 0.33013517
v -0.20470665 -0.11540903 0.33780771
v -0.14501426 0.36066130 0.24075380
v -0.15502626 0.37339014 0.22374761
v -0.16503826 0.37707964 0.21662875
v -0.16503826 0.37203729 0.22216564
v -0.16503826 0.36742541 0.22722794
v -0.17239304 0.37086895 0.22090006
v -0.17324714 0.36109173 0.23118287
v -0.18496735 0.36348993 0.22382671
v -0.19497935 0.36152220 0.22161195
v -0.18496735 0.35887802 0.22880992
v -0.17908353 0.36963910 0.21955539
v -0.18496735 0.36853227 0.21828981
v -0.20072083 0.36029235 0.22034638
v -0.21936879 0.36970061 0.19962256
v -0.22496790 0.36816332 0.19796149
v -0.22496790 0.37246776 0.19297828
v -0.22496790 0.37744859 0.18680859
v -0.23023489 0.38009274 0.18016432
v -0.23412579 0.38224494 0.17470652
v -0.23597637 0.38814819 0.16545199
v -0.23996219 0.38993144 0.15991509
v -0.23787437 0.39890927 0.14828761
v -0.24499190 0.39189917 0.15279622
v -0.25718662 0.38820967 0.14718023
v -0.26050812 0.39030039 0.14053595
v -0.26719862 0.38814819 0.13689741
v -0.24167040 0.40099999 0.14164333
v -0.25177729 0.40112299 0.13175601
v -0.31189674 0.35235989 0.13317978
v -0.31858724 0.34799397 0.12732649
v -0.31545550 0.34559578 0.13571094
v -0.32086486 0.34135282 0.13159782
v -0.32276285 0.33501917 0.13491996
v -0.27445850 0.38458166 0.13428716
v -0.27018797 0.39011592 0.13025314
v -0.29040179 0.38027722 0.12052402
v -0.29462487 0.37461996 0.12439985
v -0.30093575 0.37086895 0.12155230
v -0.31090027 0.36096877 0.12178960
v -0.32034290 0.35045364 0.12068222
v -0.32760277 0.33495769 0.12511173
v -0.33082938 0.33163711 0.12186869
v -0.33239526 0.32511896 0.12511173
v -0.33120900 0.30494964 0.14259250
v -0.34003472 0.31011495 0.12004943
v -0.33733007 0.32444257 0.11443343
v -0.33894336 0.31681758 0.11736008
v -0.36005872 0.19020574 0.15018597
v -0.35844541 0.18504041 0.15659295
v -0.36138734 0.14500919 0.17249176
v -0.36527824 0.14500919 0.16497740
v -0.35948932 0.13775314 0.17913604
v -0.33628616 0.05504653 0.23497960
v -0.33979750 0.05504653 0.22968000
v -0.36793548 0.13529347 0.16458191
v -0.37049776 0.13215739 0.16102247
v -0.37116209 0.12502432 0.16228804
v -0.37642908 0.11500114 0.15493189
v -0.37192130 0.11500114 0.16355363
v -0.37249070 0.10503945 0.16442370
v -0.34259707 0.06500822 0.22422220
v -0.36608493 0.05504653 0.18498933
v -0.36632216 0.04502335 0.18498933
v -0.36195675 0.04502335 0.19345286
v -0.35910973 0.04502335 0.19843608
v -0.37790000 0.10528542 0.15414090
v -0.38013017 0.10214934 0.15034416
v -0.35113809 0.04502335 0.21180373
v -0.35090083 0.05504653 0.21148734
v -0.33173096 0.03500018 0.24257307
v -0.33728260 0.04477739 0.23403043
v -0.34003472 0.04133384 0.22999640
v -0.33177841 0.02503848 0.24257307
v -0.33676067 0.00505361 0.23513781
v -0.34008217 -0.00109558 0.23007549
v -0.33120900 -0.01499274 0.24170297
v -0.32769766 -0.01499274 0.24668619
v -0.33718771 -0.00466211 0.23403043
v -0.32271540 -0.01499274 0.25356776
v -0.31887192 -0.01499274 0.25863004
v -0.30824307 -0.04493929 0.26788461
v -0.30909717 -0.02495444 0.26899195
v -0.30326080 -0.04493929 0.27350056
v -0.30373532 -0.01493125 0.27587354
v -0.29362839 -0.04493929 0.28386247
v -0.28840888 -0.05496249 0.28837109
v -0.36086538 0.07503141 -0.21184802
v -0.36565787 0.06500822 -0.20496646
v -0.34795892 0.11549307 -0.22442469
v -0.34093630 0.13504750 -0.23178086
v -0.38022506 0.03186409 -0.18052500
v -0.37139934 0.05430864 -0.19539553
v -0.36959624 0.05713727 -0.19895497
v -0.34036690 0.14224206 -0.23067348
v -0.36062813 -0.12297253 -0.22126076
v -0.36110264 -0.12297253 -0.22007428
v -0.36950132 -0.12297253 -0.19753119
v -0.37106717 -0.12297253 -0.19302258
v -0.37358207 -0.12297253 -0.18566641
v -0.37604946 -0.11497857 -0.18495452
v -0.37215853 -0.11565499 -0.19571193
v -0.37842196 -0.10489391 -0.18455903
v -0.38027254 -0.10151185 -0.18092050
v -0.37913373 -0.09499373 -0.18732747
v -0.38008273 -0.08060460 -0.19025412
v -0.38255015 -0.07494734 -0.18495452
v -0.38454306 -0.08497052 -0.17498811
v -0.38577676 -0.07494734 -0.17498811
v -0.38691556 -0.06498565 -0.17498811
v -0.38800693 -0.05496249 -0.17498811
v -0.38506502 -0.03497761 -0.18495452
v -0.37975058 -0.04315604 -0.19950865
v -0.38876611 -0.04481632 -0.17403893
v -0.39009473 -0.03497761 -0.17024221
v -0.38848144 -0.03497761 -0.17530450
v -0.38155371 -0.03497761 -0.19365537
v -0.32902628 0.29498795 -0.17791475
v -0.32988039 0.28963816 -0.17973402
v -0.33808929 0.28496477 -0.16470531
v -0.33486265 0.29498795 -0.16494259
v -0.33139879 0.29498795 -0.17285246
v -0.32750785 0.30464217 -0.17443442
v -0.32219344 0.30488813 -0.18519183
v -0.32100719 0.31245166 -0.18202788
v -0.36769822 0.08431668 -0.19405086
v -0.37979802 0.03850521 -0.17941763
v -0.38169605 0.03512315 -0.17562090
v -0.38568187 0.03500018 -0.16494259
v -0.38430580 0.04502335 -0.16494259
v -0.37130445 0.08431668 -0.18535002
v -0.37073505 0.09501627 -0.18202788
v -0.36893195 0.09501627 -0.18701109
v -0.36409199 0.07503141 -0.20496646
v -0.38017762 0.10104248 -0.15046756
v -0.36110264 0.19432570 -0.15497617
v -0.35436469 0.24499503 -0.14493066
v -0.35189730 0.25563312 -0.14572166
v -0.34985691 0.25938413 -0.14959748
v -0.34928751 0.26497990 -0.14762002
v -0.34444761 0.27494159 -0.15497617
v -0.34046179 0.28164420 -0.16114587
v -0.32295263 0.31546474 -0.17554180
v -0.32124442 0.32290527 -0.17261516
v -0.31849232 0.32573390 -0.17554180
v -0.30957168 0.33926213 -0.17918034
v -0.32798237 0.31503430 -0.16494259
v -0.32309499 0.32573390 -0.16573358
v -0.33068705 0.32155246 -0.15173315
v -0.32784003 0.32487303 -0.15505528
v -0.32916862 0.32819358 -0.14777821
v -0.32959569 0.35900104 -0.10814985
v -0.32114953 0.36195263 -0.12499783
v -0.31123245 0.37234476 -0.13496426
v -0.31009364 0.37025404 -0.14018476
v -0.30302355 0.34516534 -0.18503362
v -0.29908517 0.34860888 -0.18835576
v -0.29723462 0.34516534 -0.19515824
v -0.29182529 0.35438913 -0.19412996
v -0.28788692 0.36730242 -0.18495452
v -0.28091174 0.37105343 -0.19151971
v -0.28019997 0.38021570 -0.18028772
v -0.27512282 0.37511188 -0.19515824
v -0.29680759 0.35488105 -0.18503362
v -0.29875302 0.35814011 -0.17767747
v -0.29168296 0.36226010 -0.18495452
v -0.28959513 0.36945462 -0.17918034
v -0.27137423 0.38144556 -0.19215249
v -0.26530060 0.38525808 -0.19539553
v -0.26136225 0.39128429 -0.19199429
v -0.25766110 0.39798689 -0.18669470
v -0.25500390 0.39497378 -0.19500004
v -0.25097063 0.40081552 -0.19128241
v -0.20499136 0.40696472 -0.22466199
v -0.21960603 0.40979332 -0.20963328
v -0.21576256 0.40801007 -0.21524927
v -0.20831287 0.40923989 -0.21880870
v -0.22985528 0.40991631 -0.19982505
v -0.24494445 0.40302920 -0.19476274
v -0.23967749 0.40979332 -0.18962134
v -0.23578656 0.40850198 -0.19587012
v -0.19497935 0.40880948 -0.22822143
v -0.18582146 0.41379029 -0.22584847
v -0.18302190 0.41102317 -0.23154356
v -0.19236960 0.42092335 -0.21145253
v -0.17495535 0.40868646 -0.23826694
v -0.16816998 0.40954736 -0.23945342
v -0.15502626 0.40229130 -0.25313747
v -0.14719696 0.39940119 -0.25922805
v -0.09500170 0.40444353 -0.26492316
v -0.16152693 0.41028526 -0.24040259
v -0.15502626 0.41090018 -0.24127269
v -0.16503826 0.41852519 -0.22774683
v -0.15502626 0.41932458 -0.22909151
v -0.15502626 0.42276812 -0.22402920
v -0.11502571 0.40764111 -0.25622231
v -0.10501371 0.40844053 -0.25740880
v -0.02501260 0.40253729 -0.27346581
v -0.00503606 0.39835584 -0.27789533
v -0.01500061 0.40253729 -0.27338672
v -0.06501316 0.40155342 -0.27212113
v -0.06501316 0.39786392 -0.27718341
v -0.05500115 0.39823285 -0.27757889
v -0.04503660 0.40216833 -0.27307028
v -0.03502460 0.40241432 -0.27330756
v -0.00503606 0.41053122 -0.26081002
v -0.00503606 0.41434371 -0.25495672
v -0.00503606 0.41877115 -0.24799606
v 0.00497594 0.42141530 -0.24230096
v 0.02234273 0.42043144 -0.24063990
v 0.01498795 0.42485887 -0.23494481
v -0.01500061 0.40751815 -0.26618874
v 0.02537955 0.41747981 -0.24435753
v 0.02537955 0.42282963 -0.23581488
v 0.03159553 0.43039310 -0.22070706
v 0.03496450 0.42209172 -0.23344193
v 0.04573570 0.42338306 -0.22584847
v 0.03823856 0.42953223 -0.21920419
v 0.05498849 0.42178425 -0.22308002
v 0.07188079 0.41858667 -0.21698943
v 0.05460890 0.42694956 -0.21430008
v 0.06490560 0.42258364 -0.21524927
v 0.07188079 0.42129230 -0.21232262
v -0.20494391 -0.12297253 0.33543473
v 0.07188079 0.34860888 0.26835918
v 0.05498849 0.35789418 0.25728542
v -0.08503716 0.44816428 0.14773391
v 0.03496450 0.34867036 0.26828009
v 0.07188079 0.35279036 0.26337600
v 0.05498849 0.35285181 0.26337600
v -0.09500170 0.44804132 0.14757572
v -0.10501371 0.44779533 0.14725932
v -0.11502571 0.44742638 0.14662653
v -0.12503770 0.44152313 0.15168884
v -0.14178763 0.37031555 0.23039189
v -0.28200310 -0.07494734 0.29185146
v -0.27654630 -0.07494734 0.29683465
v -0.28779203 -0.06498565 0.28765923
v -0.24413779 -0.10434048 0.31621379
v -0.28081685 -0.08497052 0.29074407
v -0.27920353 -0.09689997 0.28924119
v -0.26235870 -0.10495539 0.30205518
v -0.26107752 -0.11282636 0.30086869
v -0.24522915 -0.11411770 0.31241709
v -0.25490901 -0.11485560 0.30498183
v -0.24874046 -0.11688484 0.30901581
v -0.23877592 -0.10723059 0.31914043
v -0.23687792 -0.11497857 0.31795394
v -0.23189564 -0.11497857 0.32119703
v -0.21220380 -0.12297253 0.33116341
v -0.21011598 -0.12297253 0.33242899
v -0.22416125 -0.11430217 0.32641751
v -0.15502626 0.37837097 0.21813162
v -0.16503826 0.38138407 0.21164553
v -0.17120679 0.38040018 0.21045905
v -0.17514515 0.37505043 0.21504676
v -0.19592836 0.36717945 0.21488857
v -0.17784981 0.37923187 0.20911439
v -0.18496735 0.37289819 0.21330661
v -0.19322370 0.37129939 0.21148734
v -0.19986673 0.36994660 0.20990537
v -0.21267830 0.37123790 0.20144182
v -0.20499136 0.37800202 0.19764510
v -0.21547785 0.37517339 0.19527213
v -0.21158694 0.38070768 0.19084261
v -0.21822998 0.37910888 0.18886515
v -0.22496790 0.38138407 0.18182538
v -0.22857413 0.38931653 0.16909052
v -0.23327169 0.39165324 0.16244625
v -0.20095809 0.43051612 0.13072774
v -0.21158694 0.43094653 0.12139411
v -0.26430416 0.39165324 0.13412897
v -0.23279719 0.41169959 0.13262610
v -0.23502736 0.41502014 0.12503263
v -0.24280921 0.41169959 0.12281788
v -0.24945223 0.40967035 0.11933754
v -0.25505137 0.40296775 0.12487444
v -0.25842032 0.39897075 0.12811749
v -0.32219344 0.34479639 0.12439985
v -0.32912117 0.33833975 0.11807197
v -0.26121989 0.40081552 0.12147320
v -0.26786292 0.39854032 0.11720188
v -0.27037778 0.40026209 0.11047851
v -0.28162348 0.39122277 0.11221867
v -0.29215744 0.38175303 0.11498712
v -0.29713970 0.37757158 0.11498712
v -0.29913265 0.37917036 0.10842194
v -0.30273885 0.37252924 0.11498712
v -0.30772114 0.36779436 0.11498712
v -0.30933443 0.36939317 0.10865924
v -0.31256104 0.36275202 0.11498712
v -0.31754333 0.35703328 0.11498712
v -0.31915665 0.35887802 0.10771006
v -0.32152915 0.35199094 0.11498712
v -0.32850432 0.34787101 0.10494161
v -0.33196819 0.34289014 0.10494161
v -0.33063960 0.34092242 0.11142769
v -0.33234781 0.33495769 0.11482893
v -0.33903828 0.32745567 0.10747276
v -0.33467287 0.30494964 0.13499905
v -0.34098375 0.31405044 0.11443343
v -0.38046235 0.14181161 0.13128142
v -0.37832707 0.14507069 0.13476175
v -0.37438869 0.14500919 0.14496547
v -0.34027198 0.32081455 0.11071580
v -0.37030798 0.15121987 0.15073965
v -0.37116209 0.14500919 0.15255892
v -0.36888447 0.14500919 0.15754214
v -0.36969113 0.13879851 0.15936141
v -0.34786403 0.05504653 0.21647054
v -0.34805381 0.04502335 0.21686603
v -0.37225345 0.13529347 0.15556467
v -0.37856433 0.12502432 0.14654744
v -0.37476832 0.12502432 0.15493189
v -0.37946588 0.11500114 0.14860401
v -0.37989295 0.10885195 0.14971139
v -0.36935896 0.04502335 0.17858234
v -0.38036743 0.09501627 0.15073965
v -0.37514791 0.06500822 0.16497740
v -0.37548006 0.05504653 0.16497740
v -0.36945388 0.03500018 0.17874055
v -0.36641705 0.03500018 0.18498933
v -0.36195675 0.03500018 0.19345286
v -0.35915717 0.02503848 0.19851518
v -0.35536116 0.03500018 0.20492215
v -0.35118556 0.03500018 0.21196193
v -0.38288230 0.09501627 0.14496547
v -0.34008217 0.00505361 0.23007549
v -0.34814870 0.03500018 0.21694514
v -0.34245470 -0.00466211 0.22580417
v -0.34264451 -0.01499274 0.22422220
v -0.33979750 -0.00779819 0.22968000
v -0.35118556 0.01501530 0.21188283
v -0.34810126 0.00505361 0.21686603
v -0.34800637 -0.00496957 0.21662875
v -0.33073449 -0.02495444 0.24107020
v -0.32731807 -0.02495444 0.24605340
v -0.33571675 -0.01499274 0.23497960
v -0.32228833 -0.02495444 0.25301409
v -0.31839740 -0.02495444 0.25799727
v -0.30767366 -0.05496249 0.26717269
v -0.30269140 -0.05496249 0.27286780
v -0.31232381 -0.04493929 0.26290137
v -0.29310644 -0.05496249 0.28330880
v -0.29248959 -0.06498565 0.28267604
v -0.38829163 -0.02532339 -0.17411803
v -0.38677323 0.02503848 -0.16494259
v -0.37709337 -0.12297253 -0.17498811
v -0.37903881 -0.11565499 -0.17522541
v -0.37965566 -0.10815297 -0.17870574
v -0.38079447 -0.09499373 -0.18234427
v -0.38126898 -0.10489391 -0.17522541
v -0.38416344 -0.10495539 -0.16494259
v -0.38591909 -0.09499373 -0.16494259
v -0.38307208 -0.09499373 -0.17498811
v -0.38739008 -0.08497052 -0.16494259
v -0.39028454 -0.07211871 -0.16090856
v -0.38919318 -0.06498565 -0.16731556
v -0.39066413 -0.06498565 -0.16233234
v -0.38971514 -0.05496249 -0.16897662
v -0.38990492 -0.04801390 -0.16976760
v -0.39004728 -0.02895141 -0.17024221
v -0.39166057 -0.03497761 -0.16494259
v -0.33951277 0.28834683 -0.15869381
v -0.32931098 0.30777827 -0.16826473
v -0.33861125 0.29547989 -0.15521348
v -0.33562186 0.30494964 -0.15497617
v -0.38928807 0.02503848 -0.15790282
v -0.38871866 0.03500018 -0.15616266
v -0.39004728 0.04047295 -0.15015116
v -0.38814926 0.04428545 -0.15410610
v -0.38957280 0.04717557 -0.14856920
v -0.38107920 0.10460901 -0.14493066
v -0.35996383 0.23989120 -0.12990195
v -0.35749644 0.24499503 -0.13496426
v -0.39004728 0.06051931 -0.14018476
v -0.38748497 0.08505458 -0.13496426
v -0.35545605 0.25495672 -0.13496426
v -0.35327333 0.26497990 -0.13496426
v -0.35118556 0.27451116 -0.13496426
v -0.34942988 0.27752423 -0.13828638
v -0.34814870 0.27451116 -0.14437698
v -0.34169549 0.28496477 -0.15521348
v -0.34534916 0.28496477 -0.14493066
v -0.30093575 0.35149902 -0.18171148
v -0.33063960 0.31171376 -0.16162045
v -0.32935843 0.31835487 -0.15837742
v -0.33201563 0.31503430 -0.15505528
v -0.33590657 0.31497282 -0.14493066
v -0.33182585 0.32487303 -0.14461428
v -0.33514735 0.32499599 -0.13496426
v -0.33965513 0.31915426 -0.12895276
v -0.34065157 0.32142946 -0.12222939
v -0.34501702 0.31497282 -0.11495232
v -0.34772167 0.31411192 -0.10419492
v -0.35004675 0.31017643 -0.10031909
v -0.35687956 0.30494964 -0.07492846
v -0.33025998 0.36047682 -0.10150557
v -0.32731807 0.36428934 -0.10490680
v -0.32095975 0.37148386 -0.11234207
v -0.32323736 0.36551917 -0.11534782
v -0.30976146 0.37953931 -0.12911096
v -0.30833799 0.37732559 -0.13496426
v -0.28243014 0.37461996 -0.18416354
v -0.27023542 0.39023891 -0.18036681
v -0.27412635 0.38415122 -0.18368895
v -0.30297610 0.38482761 -0.13448966
v -0.30050868 0.39042339 -0.13077202
v -0.26805273 0.38808668 -0.18701109
v -0.26401946 0.39411288 -0.18353075
v -0.26003364 0.40001613 -0.18005042
v -0.25457686 0.40210685 -0.18400535
v -0.24912009 0.40936288 -0.17878483
v -0.24546641 0.40801007 -0.18574551
v -0.19901262 0.41957057 -0.20931688
v -0.21291554 0.41133064 -0.21216442
v -0.22520515 0.41508162 -0.19515824
v -0.22050759 0.42024696 -0.19041233
v -0.21495591 0.42159978 -0.19278528
v -0.20992619 0.41993952 -0.19990414
v -0.23303445 0.41182256 -0.19318077
v -0.23061448 0.42030844 -0.18060410
v -0.24242958 0.41169959 -0.18297707
v -0.23725751 0.41834071 -0.17688647
v -0.23516971 0.41508162 -0.18511273
v -0.18496735 0.41895562 -0.21833411
v -0.17495535 0.41231450 -0.23320463
v -0.17277265 0.42086187 -0.22133985
v -0.18496735 0.42209172 -0.21335091
v -0.19540641 0.42307559 -0.20552014
v -0.20000908 0.42996269 -0.19001684
v -0.18795672 0.42934775 -0.19879676
v -0.18477756 0.42731851 -0.20441276
v -0.16494335 0.41299093 -0.23565669
v -0.06491826 0.40721068 -0.26405305
v -0.09500170 0.40893245 -0.25827885
v -0.08503716 0.40930140 -0.25883257
v -0.16503826 0.42184573 -0.22276363
v -0.15502626 0.42781046 -0.21643575
v -0.14501426 0.42848688 -0.21770132
v -0.13500226 0.42922479 -0.21880870
v -0.12503770 0.42977822 -0.21959968
v -0.02501260 0.40757963 -0.26626784
v -0.04503660 0.40714920 -0.26571411
v -0.03502460 0.40739515 -0.26610965
v -0.01500061 0.41077721 -0.26120549
v -0.01500061 0.41895562 -0.24831246
v -0.00503606 0.42184573 -0.24293375
v 0.00497594 0.42578122 -0.23494481
v 0.01498795 0.42891732 -0.22814232
v 0.02499995 0.42817941 -0.22687675
v 0.02499995 0.43494353 -0.21493287
v 0.02499995 0.43881750 -0.20789310
v 0.03491704 0.43242234 -0.21548656
v 0.03491704 0.42738003 -0.22442469
v 0.02499995 0.43106955 -0.22189355
v 0.04497650 0.42848688 -0.21730582
v 0.05100268 0.43033165 -0.21058245
v 0.04497650 0.43131548 -0.21232262
v 0.05764571 0.42916328 -0.20836769
v 0.06538010 0.42799494 -0.20504555
v 0.07188079 0.42172277 -0.21153164
v 0.07188079 0.35783267 0.25728542
v -0.07502516 0.45197678 0.14251341
v -0.08503716 0.45209974 0.14267161
v -0.09500170 0.45197678 0.14259250
v -0.10501371 0.45173079 0.14219701
v -0.11502571 0.45123887 0.14164333
v -0.12318715 0.45056248 0.14085235
v -0.12593926 0.44718039 0.14449088
v -0.13960493 0.43986288 0.14986958
v -0.15502626 0.38261390 0.21314840
v -0.28698537 -0.07494734 0.28686821
v -0.29078138 -0.08300279 0.28085673
v -0.28660578 -0.08576994 0.28449529
v -0.28916806 -0.09499373 0.27903748
v -0.28276229 -0.10495539 0.28299242
v -0.27782747 -0.10495539 0.28797561
v -0.27284521 -0.10495539 0.29256332
v -0.26463631 -0.11565499 0.29659736
v -0.25974894 -0.11946748 0.29976130
v -0.24257195 -0.12297253 0.31154698
v -0.24091119 -0.12297253 0.31273347
v -0.24741188 -0.12297253 0.30798757
v -0.23274975 -0.12297253 0.31803304
v -0.16579746 0.38704133 0.20460576
v -0.16964093 0.38986996 0.19985986
v -0.14501426 0.43918645 0.14892040
v -0.15502626 0.42867136 0.15825403
v -0.17471811 0.38341331 0.20547585
v -0.18496735 0.38218346 0.20254920
v -0.19198999 0.38083065 0.20096724
v -0.19592836 0.37535787 0.20547585
v -0.19863303 0.37941635 0.19930616
v -0.20499136 0.38218346 0.19266188
v -0.21495591 0.38347480 0.18530571
v -0.20328315 0.39146876 0.18182538
v -0.20997363 0.38999295 0.17992702
v -0.18938023 0.42971671 0.13958676
v -0.19497935 0.43199190 0.13270520
v -0.18729241 0.43881750 0.12803838
v -0.19516915 0.43721873 0.12479535
v -0.19863303 0.43937093 0.11894205
v -0.20456430 0.43248385 0.12479535
v -0.20546585 0.43789512 0.11538261
v -0.20916697 0.43949392 0.10913383
v -0.21495591 0.43279129 0.11490802
v -0.23056704 0.42030844 0.12052402
v -0.21913153 0.43949392 0.09900922
v -0.22871648 0.43918645 0.08841001
v -0.24043667 0.43033165 0.09062477
v -0.23796928 0.43863302 0.07709892
v -0.24029434 0.44017035 0.07045465
v -0.24703227 0.43789512 0.06499685
v -0.27716318 0.39792538 0.10494161
v -0.28826654 0.38870162 0.10707727
v -0.29467231 0.38476613 0.10438792
v -0.30088830 0.38083065 0.10177767
v -0.30753130 0.37757158 0.09497520
v -0.31090027 0.37093043 0.10201497
v -0.31744844 0.36693347 0.09497520
v -0.31901428 0.36877823 0.08698624
v -0.32152915 0.36195263 0.09497520
v -0.32964313 0.34953126 0.09900922
v -0.33329681 0.34571877 0.09537069
v -0.33856377 0.33723289 0.09497520
v -0.33699793 0.33434278 0.10446702
v -0.34027198 0.33065325 0.10082848
v -0.34122097 0.32444257 0.10446702
v -0.34406799 0.31497282 0.10494161
v -0.37956077 0.14845273 0.12882936
v -0.38164860 0.14507069 0.12526993
v -0.38416344 0.13504750 0.12495354
v -0.38008273 0.13043562 0.14021955
v -0.37922862 0.13707674 0.13792570
v -0.37752044 0.13424811 0.14409539
v -0.38055724 0.12502432 0.14148514
v -0.38136387 0.11500114 0.14362079
v -0.38454306 0.11500114 0.13499905
v -0.38577676 0.10503945 0.13499905
v -0.38169605 0.10528542 0.14583555
v -0.38345170 0.08505458 0.14496547
v -0.37875414 0.06500822 0.15714665
v -0.37889647 0.05504653 0.15746304
v -0.36931151 0.02503848 0.17842415
v -0.36622727 0.02503848 0.18498933
v -0.37557495 0.04502335 0.16497740
v -0.37889647 0.04502335 0.15746304
v -0.37548006 0.03500018 0.16497740
v -0.36176693 0.01501530 0.19337377
v -0.35915717 0.01501530 0.19843608
v -0.35536116 0.01501530 0.20492215
v -0.38667834 0.09501627 0.13499905
v -0.38734263 0.08505458 0.13499905
v -0.34762678 -0.01499274 0.21607505
v -0.34217000 -0.02495444 0.22351031
v -0.33951277 -0.01499274 0.22920541
v -0.35109064 0.00505361 0.21180373
v -0.35090083 -0.00496957 0.21164553
v -0.35061616 -0.01499274 0.21101275
v -0.33025998 -0.03497761 0.24035831
v -0.33481520 -0.02495444 0.23497960
v -0.32997528 -0.04014294 0.23996282
v -0.32665378 -0.03497761 0.24542060
v -0.32167149 -0.03497761 0.25222307
v -0.31730607 -0.04493929 0.25641531
v -0.31170696 -0.05496249 0.26218951
v -0.30681956 -0.06498565 0.26606530
v -0.30183730 -0.06498565 0.27207679
v -0.29747188 -0.06498565 0.27706003
v -0.29168296 -0.07494734 0.28188503
v -0.38976258 -0.02224879 -0.16937211
v -0.37775767 -0.12297253 -0.17293155
v -0.37984550 -0.11940600 -0.16945121
v -0.38055724 -0.11276488 -0.17206146
v -0.38164860 -0.11565499 -0.16565448
v -0.38672578 -0.10495539 -0.15497617
v -0.38867122 -0.09456326 -0.15434340
v -0.39061669 -0.08497052 -0.15244503
v -0.38981003 -0.07882135 -0.15932660
v -0.39123353 -0.07525481 -0.15560897
v -0.39260960 -0.06498565 -0.15497617
v -0.39109117 -0.05496249 -0.16399342
v -0.39412802 -0.04493929 -0.15497617
v -0.39450759 -0.03497761 -0.15497617
v -0.39446014 -0.02495444 -0.15497617
v -0.39128101 -0.02532339 -0.16565448
v -0.34074649 0.29252827 -0.15204954
v -0.33975005 0.29916939 -0.14936018
v -0.33899081 0.30581051 -0.14556345
v -0.39099628 0.02503848 -0.15291962
v -0.39118609 -0.01499274 -0.16328153
v -0.39037943 0.03500018 -0.15117945
v -0.39237234 0.03500018 -0.14493066
v -0.39104372 0.04428545 -0.14516796
v -0.39047432 0.05504653 -0.14160852
v -0.38563442 0.09501627 -0.13496426
v -0.36176693 0.23589423 -0.12594701
v -0.35948932 0.24499503 -0.12792449
v -0.39389074 0.04502335 -0.13496426
v -0.38990492 0.07945882 -0.12958555
v -0.38905084 0.07570782 -0.13488515
v -0.35616779 0.26497990 -0.12499783
v -0.35408002 0.27494159 -0.12499783
v -0.35047379 0.28189015 -0.13164212
v -0.34857577 0.28514925 -0.13496426
v -0.34591857 0.29498795 -0.13496426
v -0.34217000 0.29547989 -0.14556345
v -0.33989239 0.30968451 -0.13963106
v -0.33889592 0.31546474 -0.13575524
v -0.34093630 0.31251314 -0.13298678
v -0.34207511 0.31546474 -0.12531424
v -0.34577620 0.30494964 -0.12499783
v -0.34848088 0.30482665 -0.11503142
v -0.35047379 0.30144459 -0.11178838
v -0.34938243 0.30808574 -0.10696337
v -0.35294122 0.30494964 -0.09494039
v -0.35986894 0.29959983 -0.06931247
v -0.35868269 0.30464217 -0.06559484
v -0.35237181 0.31595668 -0.07595674
v -0.32788748 0.36576512 -0.09494039
v -0.32238322 0.37554234 -0.09422851
v -0.35469687 0.31497282 -0.06496204
v -0.35607290 0.31497282 -0.05499563
v -0.35431725 0.32499599 -0.03498370
v -0.35559839 0.32499599 -0.02493819
v -0.35161257 0.33323592 -0.02493819
v -0.34909773 0.33827823 -0.02493819
v -0.34663033 0.34498087 -0.01497177
v -0.34202766 0.35377419 -0.01497177
v -0.33932298 0.35875505 -0.01497177
v -0.32195619 0.37302119 -0.10498591
v -0.31863469 0.37806350 -0.10498591
v -0.30715173 0.38458166 -0.12547243
v -0.30160004 0.39146876 -0.12499783
v -0.26947623 0.41963202 -0.11874905
v -0.27047268 0.41040826 -0.14097574
v -0.26525316 0.41311389 -0.14453517
v -0.26174185 0.41145360 -0.15497617
v -0.26022345 0.41016227 -0.16043398
v -0.26155204 0.40136895 -0.17498811
v -0.25804073 0.40850198 -0.16707826
v -0.25139770 0.41108465 -0.17214057
v -0.24019943 0.42012399 -0.17024221
v -0.20323570 0.42147678 -0.20259351
v -0.20669957 0.42854837 -0.18732747
v -0.22715062 0.41846371 -0.18724838
v -0.22430360 0.42159978 -0.18432173
v -0.21443395 0.42658061 -0.18440084
v -0.23436305 0.42141530 -0.17411803
v -0.22715062 0.42860985 -0.16699916
v -0.22430360 0.42664212 -0.17427622
v -0.21742332 0.42873284 -0.17720287
v -0.21078029 0.43033165 -0.18068321
v -0.17566711 0.42338306 -0.21580295
v -0.16802762 0.42953223 -0.20923777
v -0.17495535 0.42854837 -0.20741852
v -0.20399490 0.43113101 -0.18440084
v -0.19255939 0.44084674 -0.17182417
v -0.19497935 0.43395966 -0.18495452
v -0.19497935 0.43082356 -0.19159880
v -0.18477756 0.43217638 -0.19523734
v -0.18131369 0.43039310 -0.20069513
v -0.17495535 0.43131548 -0.20243530
v -0.06819232 0.40985483 -0.25978172
v -0.06154929 0.41003931 -0.26009816
v -0.09500170 0.41194555 -0.25329566
v -0.09153784 0.42012399 -0.24024440
v -0.08503716 0.41735685 -0.24562310
v -0.07502516 0.41268346 -0.25440305
v -0.16484846 0.42719555 -0.21422099
v -0.16138458 0.43027014 -0.21042426
v -0.15502626 0.43088508 -0.21137343
v -0.14501426 0.43168443 -0.21271811
v -0.13500226 0.43229938 -0.21382549
v -0.13566656 0.43777215 -0.20417547
v -0.13272464 0.44017035 -0.20037875
v -0.12503770 0.43764916 -0.20575744
v -0.11293790 0.43020862 -0.22031157
v -0.03502460 0.41071570 -0.26104730
v -0.02501260 0.41083869 -0.26128459
v -0.05500115 0.41022378 -0.26033545
v -0.04503660 0.41046974 -0.26073092
v -0.02501260 0.41477418 -0.25495672
v -0.02501260 0.41889411 -0.24807516
v -0.01500061 0.42196873 -0.24325015
v -0.01500061 0.42676508 -0.23494481
v -0.00503606 0.42645764 -0.23494481
v 0.00497594 0.43229938 -0.22387101
v 0.01498795 0.43180743 -0.22315912
v 0.01498795 0.43961692 -0.20931688
v 0.02499995 0.44140017 -0.20290989
v 0.03230728 0.44066226 -0.20124882
v 0.01498795 0.43648082 -0.21493287
v 0.04497650 0.43506652 -0.20496646
v 0.05460890 0.43193042 -0.20504555
v 0.06234328 0.43082356 -0.20172341
v 0.06898631 0.42959374 -0.19911316
v 0.07188079 0.42676508 -0.20196071
v 0.07188079 0.36176816 0.25222307
v -0.07502516 0.45695764 0.13602734
v -0.08503716 0.45708060 0.13602734
v -0.09500170 0.45701909 0.13579004
v -0.10325804 0.46027821 0.13041134
v -0.10994853 0.45997071 0.12993674
v -0.11502571 0.45591223 0.13499905
v -0.12987763 0.44994754 0.13990316
v -0.12593926 0.45351410 0.13594824
v -0.13500226 0.44933265 0.13911217
v -0.14501426 0.44810277 0.13753021
v -0.14501426 0.44312197 0.14393719
v -0.29666522 -0.07494734 0.27603173
v -0.30022398 -0.08097355 0.27025753
v -0.29509935 -0.08527799 0.27508259
v -0.29343861 -0.09499373 0.27405429
v -0.28774458 -0.10495539 0.27729732
v -0.28095919 -0.11497857 0.28101498
v -0.26999819 -0.12002091 0.28995311
v -0.27094719 -0.11497857 0.29090226
v -0.26648685 -0.12297253 0.29216784
v -0.26392454 -0.12297253 0.29454082
v -0.25889483 -0.12297253 0.29904944
v -0.25220436 -0.12297253 0.30426991
v -0.19056648 0.39023891 0.19028893
v -0.17495535 0.38894758 0.19867337
v -0.16503826 0.42203021 0.16244625
v -0.16503826 0.42707255 0.15627655
v -0.15502626 0.43266833 0.15327081
v -0.19720952 0.38882458 0.18854876
v -0.17690082 0.42873284 0.14828761
v -0.18268974 0.43125400 0.14164333
v -0.18501480 0.43500501 0.13499905
v -0.18064938 0.44023183 0.13041134
v -0.18439795 0.44219959 0.12479535
v -0.17784981 0.44908667 0.11854656
v -0.18539441 0.44773382 0.11506622
v -0.19516915 0.44306046 0.11538261
v -0.20247650 0.44133866 0.11229777
v -0.20546585 0.44355237 0.10541620
v -0.21244104 0.44133866 0.10248955
v -0.20575055 0.44859475 0.09576618
v -0.21547785 0.44342941 0.09537069
v -0.22202599 0.44121569 0.09236494
v -0.21917897 0.44951713 0.07891819
v -0.23127879 0.44084674 0.08168664
v -0.23474266 0.43691126 0.08500878
v -0.23474266 0.44201511 0.07425138
v -0.22828943 0.44896370 0.06744890
v -0.23431560 0.44644248 0.06444316
v -0.24200255 0.44133866 0.06499685
v -0.24907263 0.43930945 0.05827347
v -0.27910864 0.39940119 0.09845553
v -0.29021198 0.39017743 0.10043299
v -0.29661775 0.38722581 0.09497520
v -0.30254906 0.38224494 0.09497520
v -0.30909717 0.37917036 0.08769812
v -0.31241870 0.37259072 0.09497520
v -0.32262051 0.36527318 0.08413869
v -0.32821962 0.35758671 0.08492968
v -0.32703337 0.35463509 0.09537069
v -0.31469631 0.37461996 0.08398049
v -0.31806529 0.37781754 0.06499685
v -0.32005817 0.37006956 0.08026286
v -0.33073449 0.35106856 0.09236494
v -0.33709282 0.34442744 0.08492968
v -0.34041435 0.34073794 0.08152844
v -0.34221745 0.33538812 0.08492968
v -0.34107864 0.33225203 0.09497520
v -0.34867066 0.32684076 0.07496326
v -0.35009420 0.32032263 0.08034196
v -0.34905028 0.31712502 0.08706534
v -0.34772167 0.31429639 0.09426331
v -0.35014164 0.31048390 0.09046657
v -0.34919262 0.30494964 0.09758545
v -0.38074702 0.15263419 0.12210599
v -0.38497013 0.14500919 0.11498712
v -0.38729519 0.13504750 0.11498712
v -0.38620383 0.12502432 0.12495354
v -0.38288230 0.12502432 0.13499905
v -0.38829163 0.11426324 0.12408345
v -0.39004728 0.11045074 0.12012853
v -0.38871866 0.10503945 0.12598182
v -0.38383132 0.07503141 0.14496547
v -0.38776967 0.07503141 0.13499905
v -0.38411599 0.06500822 0.14496547
v -0.38107920 0.05504653 0.15247983
v -0.36912173 0.01501530 0.17794956
v -0.36589509 0.01501530 0.18498933
v -0.38430580 0.05504653 0.14496547
v -0.38103175 0.04502335 0.15247983
v -0.37884903 0.03500018 0.15706754
v -0.37125701 0.01501530 0.17296635
v -0.35896736 0.00505361 0.19804059
v -0.36152971 0.00505361 0.19305737
v -0.38914573 0.09501627 0.12724739
v -0.38947788 0.08505458 0.12827568
v -0.38971514 0.07503141 0.12906666
v -0.38999984 0.06094976 0.13009495
v -0.34767422 -0.02550785 0.21425578
v -0.33804184 -0.04493929 0.22675335
v -0.33856377 -0.03497761 0.22762343
v -0.33903828 -0.02495444 0.22849353
v -0.35460195 -0.00496957 0.20492215
v -0.34990439 -0.02919738 0.20982626
v -0.35863525 -0.00496957 0.19740780
v -0.35384274 -0.01499274 0.20492215
v -0.33381873 -0.03497761 0.23497960
v -0.33244270 -0.04407841 0.23561239
v -0.32959569 -0.04678406 0.23940912
v -0.32660633 -0.04407841 0.24399683
v -0.32105464 -0.04493929 0.25143212
v -0.31668919 -0.05496249 0.25562429
v -0.31080538 -0.06498565 0.26100302
v -0.32005817 -0.06055824 0.25008744
v -0.31953621 -0.06719936 0.24929644
v -0.30088830 -0.07494734 0.27104855
v -0.31023598 -0.07107337 0.26029116
v -0.37932354 -0.12297253 -0.16715735
v -0.38065213 -0.12205015 -0.16280693
v -0.38435325 -0.11497857 -0.15497617
v -0.38962024 -0.09763788 -0.14833191
v -0.38966769 -0.10846044 -0.13828638
v -0.39037943 -0.10175781 -0.14168763
v -0.39090139 -0.09456326 -0.14500977
v -0.39241982 -0.08497052 -0.14493066
v -0.39384329 -0.07494734 -0.14493066
v -0.39346370 -0.05496249 -0.15497617
v -0.39493465 -0.06498565 -0.14493066
v -0.39583620 -0.05496249 -0.14493066
v -0.39659542 -0.04493929 -0.14493066
v -0.39706993 -0.03497761 -0.14493066
v -0.39706993 -0.02495444 -0.14493066
v -0.39659542 -0.01499274 -0.14493066
v -0.39389074 -0.01499274 -0.15497617
v -0.34098375 0.30304340 -0.14263681
v -0.39147079 0.01501530 -0.15426429
v -0.39441270 0.01501530 -0.14493066
v -0.39351115 0.02503848 -0.14493066
v -0.39531428 0.03500018 -0.13496426
v -0.38943043 0.08505458 -0.12737079
v -0.36466140 0.23497185 -0.11495232
v -0.36077046 0.24499503 -0.12294127
v -0.39640561 0.04502335 -0.12499783
v -0.39483976 0.05504653 -0.12499783
v -0.39711738 0.05504653 -0.11495232
v -0.39052176 0.08505458 -0.12238758
v -0.35664231 0.27494159 -0.11495232
v -0.35422236 0.28496477 -0.11495232
v -0.35147023 0.28514925 -0.12515603
v -0.34961969 0.28859279 -0.12863638
v -0.34235978 0.30581051 -0.13575524
v -0.34871811 0.29511094 -0.12515603
v -0.34957224 0.29855448 -0.11843266
v -0.35398510 0.29498795 -0.10498591
v -0.35621527 0.29498795 -0.09494039
v -0.35104319 0.30482665 -0.10419492
v -0.35142279 0.29511094 -0.11503142
v -0.35849288 0.29443452 -0.08473668
v -0.35934699 0.29781657 -0.07492846
v -0.36157715 0.29578733 -0.06559484
v -0.36039090 0.30113715 -0.06266819
v -0.36077046 0.29283571 -0.07492846
v -0.35910973 0.30759379 -0.05499563
v -0.32005817 0.38009274 -0.09043177
v -0.31948876 0.37923187 -0.09707605
v -0.35963169 0.30894661 -0.04708578
v -0.36001128 0.31011495 -0.04036240
v -0.35830307 0.31577221 -0.03498370
v -0.35891992 0.31706354 -0.02493819
v -0.35929954 0.31810892 -0.01497177
v -0.35640508 0.32499599 -0.01497177
v -0.35208708 0.33421978 -0.01497177
v -0.34957224 0.33920062 -0.01497177
v -0.35037887 0.34073794 0.00496106
v -0.34762678 0.34571877 0.00496106
v -0.33956021 0.35924697 -0.00492626
v -0.33557439 0.36496574 -0.01497177
v -0.33476776 0.36496574 -0.02493819
v -0.31360495 0.38408971 -0.10498591
v -0.31099519 0.39122277 -0.09312113
v -0.27379420 0.42319858 -0.09494039
v -0.26772058 0.42817941 -0.09494039
v -0.29856324 0.40868646 -0.07492846
v -0.24983183 0.42983970 -0.12958555
v -0.25955912 0.41963202 -0.13899827
v -0.26269084 0.43199190 -0.09494039
v -0.26121989 0.43088508 -0.10221746
v -0.25799328 0.41852519 -0.14493066
v -0.25467175 0.41674191 -0.15505528
v -0.24907263 0.41932458 -0.15845652
v -0.25481409 0.41237599 -0.16423070
v -0.24693736 0.41778728 -0.16494259
v -0.24195510 0.42129230 -0.16494259
v -0.23939279 0.42965522 -0.14904378
v -0.23725751 0.42842537 -0.15497617
v -0.23023489 0.43014717 -0.16027579
v -0.22430360 0.43125400 -0.16415161
v -0.21443395 0.43143848 -0.17427622
v -0.21562020 0.43875602 -0.15568806
v -0.20945168 0.43973988 -0.15948480
v -0.20565566 0.43875602 -0.16557539
v -0.20499136 0.43506652 -0.17498811
v -0.16484846 0.43229938 -0.20552014
v -0.19920243 0.43967840 -0.16929302
v -0.19550131 0.44244552 -0.16557539
v -0.18496735 0.44601208 -0.16494259
v -0.18463521 0.44176912 -0.17506720
v -0.18107644 0.44029331 -0.18068321
v -0.18463521 0.43746468 -0.18440084
v -0.17495535 0.43512800 -0.19492094
v -0.17495535 0.43881750 -0.18748568
v -0.16869192 0.43967840 -0.18930495
v -0.16522805 0.43789512 -0.19452545
v -0.06491826 0.41243750 -0.25590593
v -0.04503660 0.41409779 -0.25495672
v -0.07502516 0.41772580 -0.24609770
v -0.04503660 0.42953223 -0.22901241
v -0.04503660 0.42608869 -0.23494481
v -0.15502626 0.43457457 -0.20496646
v -0.14501426 0.43623483 -0.20496646
v -0.13936767 0.43992436 -0.19990414
v -0.13566656 0.44226104 -0.19587012
v -0.12503770 0.44342941 -0.19492094
v -0.03502460 0.41446674 -0.25495672
v -0.04503660 0.41858667 -0.24760057
v -0.03502460 0.42172277 -0.24285465
v -0.01500061 0.42971671 -0.22948700
v -0.00503606 0.43740320 -0.21524927
v -0.00503606 0.43242234 -0.22434559
v 0.00507085 0.43777215 -0.21406278
v 0.00848727 0.43986288 -0.20979147
v 0.01498795 0.44213808 -0.20433366
v 0.01498795 0.44631952 -0.19492094
v 0.02499995 0.44484371 -0.19492094
v 0.03539155 0.44219959 -0.19555373
v 0.03895031 0.43967840 -0.19927137
v 0.04497650 0.43875602 -0.19721480
v 0.05422929 0.43709573 -0.19420905
v 0.06538010 0.43254533 -0.19547462
v 0.07188079 0.43113101 -0.19270618
v 0.07188079 0.42897880 -0.19753119
v 0.07188079 0.36521170 0.24755627
v -0.07502516 0.46070862 0.13096502
v -0.08503716 0.46070862 0.13104412
v -0.09500170 0.46052414 0.13080683
v -0.09500170 0.46445966 0.12495354
v -0.10501371 0.46851808 0.11775557
v -0.10596271 0.46298385 0.12598182
v -0.11502571 0.46298385 0.12447894
v -0.11502571 0.45966327 0.12946215
v -0.12503770 0.45892537 0.12827568
v -0.13500226 0.45296067 0.13412897
v -0.14501426 0.45179230 0.13246790
v -0.15502626 0.44152313 0.14195973
v -0.15217924 0.45074695 0.13104412
v -0.15502626 0.43764916 0.14694293
v -0.29846832 -0.09499373 0.26812190
v -0.30885994 -0.08497052 0.25855094
v -0.30264395 -0.09499373 0.26305956
v -0.29201508 -0.10495539 0.27231413
v -0.29078138 -0.11214994 0.27089036
v -0.28651085 -0.11528604 0.27452886
v -0.28001016 -0.12002091 0.27998668
v -0.27502790 -0.12297253 0.28378338
v -0.27374676 -0.12297253 0.28504896
v -0.17025778 0.43008566 0.15010688
v -0.16503826 0.43100804 0.15121426
v -0.17495535 0.43783364 0.13697651
v -0.16503826 0.44834876 0.12756379
v -0.17471811 0.44662696 0.12439985
v -0.17495535 0.44140017 0.13199331
v -0.18231015 0.45105439 0.11182318
v -0.17120679 0.45043945 0.12068222
v -0.16470611 0.45683461 0.11443343
v -0.16783781 0.45910984 0.10850104
v -0.17552476 0.45794147 0.10509980
v -0.17922588 0.45966327 0.09940471
v -0.18539441 0.45332962 0.10549530
v -0.19578601 0.44841027 0.10549530
v -0.19967693 0.44982457 0.09964201
v -0.20290354 0.45154631 0.09299773
v -0.20959403 0.44976306 0.08951739
v -0.21547785 0.44828725 0.08572067
v -0.21248850 0.45136184 0.08287311
v -0.21547785 0.45314515 0.07535876
v -0.22164640 0.45093143 0.07227391
v -0.22496790 0.44761086 0.07535876
v -0.23051959 0.45031649 0.06080462
v -0.23721007 0.44822580 0.05495133
v -0.24541897 0.44293749 0.05495133
v -0.26639196 0.42713404 0.05495133
v -0.29163548 0.39128429 0.09497520
v -0.25078082 0.44060078 0.05162920
v -0.29856324 0.38882458 0.08706534
v -0.30012909 0.39011592 0.08034196
v -0.29918009 0.39927822 0.05787798
v -0.31033087 0.38033873 0.08105385
v -0.32081738 0.37105343 0.07496326
v -0.32627416 0.36410487 0.07440957
v -0.32931098 0.35900104 0.07733622
v -0.33177841 0.35254437 0.08492968
v -0.31303555 0.38310584 0.06499685
v -0.30933443 0.38931653 0.05795708
v -0.31925154 0.37917036 0.05708699
v -0.31137478 0.38138407 0.07496326
v -0.33799437 0.34694862 0.07496326
v -0.34126842 0.34196776 0.07496326
v -0.34496957 0.33495769 0.07496326
v -0.34947735 0.32874700 0.06689521
v -0.35075849 0.32179841 0.07496326
v -0.35507646 0.31497282 0.06499685
v -0.35289374 0.31497282 0.07496326
v -0.35574076 0.30494964 0.07496326
v -0.35075849 0.31429639 0.08421779
v -0.35313100 0.30494964 0.08492968
v -0.38515991 0.15503237 0.10494161
v -0.38757986 0.14500919 0.10494161
v -0.38909829 0.12582371 0.11498712
v -0.38990492 0.12969771 0.10968752
v -0.38957280 0.11715336 0.11830926
v -0.39028454 0.10503945 0.12099861
v -0.39080650 0.11426324 0.11498712
v -0.39194530 0.10503945 0.11498712
v -0.38843399 0.06457777 0.13404986
v -0.36888447 0.00505361 0.17723767
v -0.36542061 0.00505361 0.18498933
v -0.38421088 0.04502335 0.14496547
v -0.38814926 0.05504653 0.13507815
v -0.38373640 0.03500018 0.14496547
v -0.37856433 0.02503848 0.15643476
v -0.37011820 -0.02163386 0.17027700
v -0.36475629 -0.00496957 0.18498933
v -0.36119753 -0.00496957 0.19234549
v -0.39066413 0.09501627 0.12226419
v -0.39099628 0.08505458 0.12329247
v -0.39123353 0.07503141 0.12408345
v -0.38999984 0.05504653 0.13009495
v -0.39113864 0.06457777 0.12574452
v -0.39441270 0.04502335 0.11498712
v -0.40342826 -0.00496957 0.08492968
v -0.39450759 0.03500018 0.11498712
v -0.34620327 -0.03497761 0.21496767
v -0.34103119 -0.04493929 0.22177015
v -0.33789948 -0.05582337 0.22445950
v -0.33239526 -0.05496249 0.23355582
v -0.34957224 -0.03497761 0.20919348
v -0.35773367 -0.02495444 0.19574673
v -0.36039090 -0.02495444 0.19068442
v -0.36005872 -0.03079617 0.19013073
v -0.35820818 -0.01499274 0.19661681
v -0.36081794 -0.01499274 0.19163360
v -0.32897884 -0.05496249 0.23853904
v -0.32043779 -0.05496249 0.25056201
v -0.32262051 -0.06430925 0.24557881
v -0.32821962 -0.06498565 0.23735256
v -0.32228833 -0.07494734 0.24328494
v -0.31877702 -0.07494734 0.24826816
v -0.31317788 -0.07463990 0.25562429
v -0.30643997 -0.07463990 0.26416695
v -0.38050979 -0.12297253 -0.16209505
v -0.38250268 -0.12297253 -0.15260322
v -0.38653597 -0.11497857 -0.14493066
v -0.39028454 -0.11098160 -0.13156301
v -0.39094883 -0.10507838 -0.13496426
v -0.39279938 -0.09499373 -0.13496426
v -0.39446014 -0.08497052 -0.13496426
v -0.39583620 -0.07494734 -0.13496426
v -0.40100831 -0.06510864 -0.11534782
v -0.40432981 -0.05496249 -0.10498591
v -0.40024906 -0.06184958 -0.12104291
v -0.40228945 -0.05496249 -0.11495232
v -0.40010673 -0.04124978 -0.13045563
v -0.39911026 -0.03497761 -0.13607164
v -0.39915773 -0.02495444 -0.13615073
v -0.39986950 -0.00496957 -0.12942736
v -0.39792401 0.00505361 -0.13496426
v -0.39593112 -0.00496957 -0.14493066
v -0.39725971 0.01501530 -0.13496426
v -0.39645308 0.02503848 -0.13496426
v -0.39778167 0.03500018 -0.12499783
v -0.39004728 0.09034289 -0.12025192
v -0.36271596 0.24499503 -0.11495232
v -0.37021309 0.22113617 -0.10095188
v -0.36304808 0.25495672 -0.10498591
v -0.39882559 0.04465440 -0.11439863
v -0.39208764 0.08505458 -0.11495232
v -0.39963222 0.04772900 -0.10807075
v -0.39911026 0.05510803 -0.10482771
v -0.39744952 0.06500822 -0.10498591
v -0.39578876 0.07503141 -0.10498591
v -0.36029598 0.26147485 -0.11115559
v -0.36105520 0.26485690 -0.10490680
v -0.36034346 0.27162102 -0.10158467
v -0.35664231 0.28496477 -0.10498591
v -0.35052124 0.29185185 -0.12191299
v -0.35958421 0.28816235 -0.08790062
v -0.36020109 0.29080650 -0.08117725
v -0.36437672 0.28496477 -0.06496204
v -0.36584765 0.28496477 -0.05499563
v -0.36333281 0.29498795 -0.05499563
v -0.36091283 0.30261296 -0.05499563
v -0.32024798 0.38040018 -0.08497398
v -0.31659430 0.38538104 -0.08497398
v -0.31161204 0.39202219 -0.08497398
v -0.33087683 0.37129939 -0.02493819
v -0.33125645 0.37185282 -0.01497177
v -0.32746041 0.37634173 -0.02493819
v -0.36119753 0.30538008 -0.04423823
v -0.36214656 0.30494964 -0.03498370
v -0.36072302 0.31202120 -0.02493819
v -0.36115009 0.31312805 -0.01497177
v -0.36138734 0.31374300 -0.00492626
v -0.35948932 0.31872383 -0.00492626
v -0.35687956 0.32499599 -0.00492626
v -0.35298866 0.33495769 0.00496106
v -0.35047379 0.34086090 0.01492747
v -0.34259707 0.35451210 0.00496106
v -0.34767422 0.34590325 0.01492747
v -0.33970258 0.35949296 0.00496106
v -0.33600146 0.36496574 -0.00492626
v -0.30326080 0.40370563 -0.07492846
v -0.26904917 0.42922479 -0.08687234
v -0.29358095 0.41262197 -0.07492846
v -0.27004564 0.43002415 -0.08022806
v -0.29918009 0.40917841 -0.06496204
v -0.28978494 0.41981649 -0.04700668
v -0.28418580 0.42356753 -0.05499563
v -0.27825451 0.42854837 -0.05499563
v -0.27213344 0.43174595 -0.06496204
v -0.24831343 0.42891732 -0.13496426
v -0.25301099 0.42203021 -0.14493066
v -0.24812362 0.43881750 -0.10498591
v -0.24129078 0.44078526 -0.11234207
v -0.24333115 0.43199190 -0.13496426
v -0.26539552 0.43260682 -0.08410389
v -0.25908464 0.43937093 -0.07492846
v -0.25737643 0.43820259 -0.08497398
v -0.25457686 0.43746468 -0.09541498
v -0.25111300 0.42073888 -0.15181224
v -0.24541897 0.42319858 -0.15505528
v -0.24475466 0.42744151 -0.14540526
v -0.23939279 0.43967840 -0.11906545
v -0.23564421 0.43291429 -0.14540526
v -0.23227525 0.43125400 -0.15497617
v -0.22496790 0.43482053 -0.15497617
v -0.21936879 0.43967840 -0.14928108
v -0.21267830 0.44109273 -0.15276141
v -0.20565566 0.44269150 -0.15568806
v -0.20276120 0.44103122 -0.16264874
v -0.15502626 0.43869454 -0.19737300
v -0.19692482 0.44896370 -0.14730363
v -0.19417271 0.44730341 -0.15410610
v -0.19028178 0.45007050 -0.15023027
v -0.17538241 0.44847172 -0.16478440
v -0.17495535 0.44441324 -0.17498811
v -0.18496735 0.44896370 -0.15719093
v -0.17898862 0.44976306 -0.15932660
v -0.17495535 0.44115418 -0.18250246
v -0.16522805 0.44213808 -0.18558732
v -0.16200145 0.44041631 -0.19088691
v -0.06501316 0.41803324 -0.24657229
v -0.02202325 0.45013201 -0.19033323
v -0.01500061 0.44773382 -0.19539553
v -0.00503606 0.44293749 -0.20496646
v -0.14501426 0.43955541 -0.19911316
v -0.14501426 0.44201511 -0.19405086
v -0.13500226 0.44736487 -0.18495452
v -0.12551221 0.44834876 -0.18416354
v 0.00184423 0.44004735 -0.21018696
v 0.00507085 0.44207656 -0.20583653
v 0.00407439 0.44785684 -0.19397175
v 0.00008857 0.45000905 -0.19001684
v 0.00677906 0.44964010 -0.18906765
v 0.01498795 0.44920963 -0.18772298
v 0.02537955 0.44859475 -0.18471722
v 0.02903321 0.44982457 -0.17949672
v 0.03496450 0.44644248 -0.18495452
v 0.04497650 0.44090825 -0.19223160
v 0.05043328 0.44010884 -0.19033323
v 0.05707631 0.43900198 -0.18709019
v 0.07188079 0.43143848 -0.19191520
v 0.07188079 0.36674899 0.24542060
v -0.06501316 0.46033967 0.13049044
v -0.07502516 0.46482861 0.12495354
v -0.08503716 0.46489006 0.12495354
v -0.08503716 0.46913302 0.11862566
v -0.09500170 0.46888703 0.11823016
v -0.10501371 0.47171569 0.11269327
v -0.11502571 0.47122377 0.11190228
v -0.11502571 0.46796465 0.11688549
v -0.13500226 0.45794147 0.12677281
v -0.12257029 0.47054732 0.11087400
v -0.12503770 0.46212292 0.12329247
v -0.14501426 0.45720357 0.12432075
v -0.14838323 0.45954031 0.11925844
v -0.15531096 0.45326811 0.12558633
v -0.15882227 0.44951713 0.12930396
v -0.16783781 0.43918645 0.13887487
v -0.29699737 -0.10495539 0.26630265
v -0.31270340 -0.08497052 0.25348866
v -0.30762622 -0.09499373 0.25696898
v -0.30012909 -0.11036669 0.26013291
v -0.29486209 -0.11460964 0.26479977
v -0.28954768 -0.11885257 0.26946658
v -0.28314191 -0.12297253 0.27500343
v -0.28195566 -0.12297253 0.27634811
v -0.16503826 0.45166934 0.12250149
v -0.15502626 0.45849490 0.11751828
v -0.16114734 0.46040118 0.11071580
v -0.16470611 0.46212292 0.10509980
v -0.17258285 0.46095461 0.10177767
v -0.17552476 0.46298385 0.09560798
v -0.18306935 0.46132356 0.09276044
v -0.18582146 0.45861793 0.09560798
v -0.19298644 0.45142335 0.10248955
v -0.18971238 0.45984775 0.08967559
v -0.19573855 0.45874089 0.08579976
v -0.20575055 0.45363706 0.08572067
v -0.20541841 0.45843345 0.07567515
v -0.20902462 0.45947880 0.06871448
v -0.21481356 0.45763403 0.06523415
v -0.22496790 0.45209974 0.06444316
v -0.21804017 0.45892537 0.05700790
v -0.22411381 0.45646566 0.05416035
v -0.23218034 0.45136184 0.05495133
v -0.23906063 0.44939411 0.04806976
v -0.29101864 0.40081552 0.07219481
v -0.28940535 0.39952418 0.07883909
v -0.26866958 0.42897880 0.04498492
v -0.27920353 0.41932458 0.04822796
v -0.24437505 0.44693446 0.04482672
v -0.25215688 0.44158465 0.04498492
v -0.25718662 0.43783364 0.04498492
v -0.29766166 0.39798689 0.06499685
v -0.28067449 0.42055440 0.04158368
v -0.29120845 0.41108465 0.04308655
v -0.30041379 0.40038508 0.05123370
v -0.30810070 0.38808668 0.06499685
v -0.32224089 0.37283671 0.06499685
v -0.32722318 0.36619556 0.06499685
v -0.33016509 0.36023086 0.07069194
v -0.31037831 0.39036191 0.05131280
v -0.31123245 0.39134574 0.04498492
v -0.32010561 0.38009274 0.05044272
v -0.32281029 0.37548083 0.05423945
v -0.33087683 0.36121473 0.06499685
v -0.33505246 0.35494256 0.06499685
v -0.33984494 0.34977722 0.05930175
v -0.34221745 0.34375101 0.06499685
v -0.34748441 0.33403531 0.06412677
v -0.35317844 0.32499599 0.05495133
v -0.35142279 0.32524198 0.06412677
v -0.35142279 0.33286697 0.04498492
v -0.35687956 0.31497282 0.05495133
v -0.35920465 0.30704036 0.05495133
v -0.35825562 0.30415022 0.06420586
v -0.35944188 0.29707867 0.06705341
v -0.38943043 0.13578540 0.10581169
v -0.38734263 0.15503237 0.09497520
v -0.38938296 0.14556262 0.09568708
v -0.38990492 0.13965940 0.09956291
v -0.39052176 0.13301827 0.10304324
v -0.39123353 0.12582371 0.10581169
v -0.39294174 0.11500114 0.10494161
v -0.39270449 0.09501627 0.11498712
v -0.39417547 0.10503945 0.10494161
v -0.39507699 0.09501627 0.10494161
v -0.38848144 0.04502335 0.13397077
v -0.38995236 0.04170279 0.12993674
v -0.38772222 0.03500018 0.13499905
v -0.38999984 0.04840541 0.13001585
v -0.37168404 -0.02495444 0.16576838
v -0.36983347 -0.02833648 0.16964421
v -0.36812526 -0.02495444 0.17415282
v -0.36399710 -0.01499274 0.18498933
v -0.39332134 0.08505458 0.11498712
v -0.39384329 0.07503141 0.11498712
v -0.39408055 0.06500822 0.11498712
v -0.40323845 0.00505361 0.08492968
v -0.40599054 -0.00496957 0.07496326
v -0.40570587 -0.01499274 0.07496326
v -0.40309608 -0.01499274 0.08492968
v -0.40096083 -0.00496957 0.09268133
v -0.34046179 -0.05305624 0.22082096
v -0.33956021 -0.06498565 0.21923900
v -0.33609635 -0.06498565 0.22493409
v -0.33154112 -0.06498565 0.23236935
v -0.35967913 -0.03743729 0.18933974
v -0.35915717 -0.04493929 0.18831147
v -0.34886047 -0.04493929 0.20784880
v -0.36319044 -0.02495444 0.18498933
v -0.33073449 -0.07322557 0.23118287
v -0.31768566 -0.08497052 0.24660708
v -0.32560986 -0.08497052 0.23497960
v -0.32110208 -0.08497052 0.24162388
v -0.38406855 -0.12297253 -0.14493066
v -0.38444817 -0.12297253 -0.14303230
v -0.38857633 -0.11454813 -0.13496426
v -0.38591909 -0.12297253 -0.13496426
v -0.38729519 -0.12297253 -0.12499783
v -0.39308411 -0.12297253 -0.08291741
v -0.39417547 -0.12297253 -0.07492846
v -0.39512447 -0.11497857 -0.08497398
v -0.39640561 -0.11497857 -0.07492846
v -0.39759189 -0.10495539 -0.08497398
v -0.39934754 -0.09689997 -0.08497398
v -0.40005928 -0.09025882 -0.09035268
v -0.40067613 -0.08484755 -0.09422851
v -0.40029654 -0.08140402 -0.10205926
v -0.40100831 -0.07537781 -0.10522320
v -0.40300119 -0.06498565 -0.10498591
v -0.40580076 -0.05496249 -0.09494039
v -0.40665486 -0.04493929 -0.09494039
v -0.40504158 -0.04493929 -0.10498591
v -0.40309608 -0.04493929 -0.11495232
v -0.40157771 -0.03497761 -0.12499783
v -0.40024906 -0.02495444 -0.13116752
v -0.40010673 -0.01714496 -0.13053474
v -0.40096083 -0.00496957 -0.12444414
v -0.40072358 0.00505361 -0.12325767
v -0.39958477 0.00505361 -0.12824087
v -0.39930010 0.01501530 -0.12673800
v -0.39906281 0.02503848 -0.12436505
v -0.39982203 0.02835906 -0.11922364
v -0.39944243 0.03500018 -0.11748347
v -0.39056924 0.09421688 -0.11447773
v -0.39014220 0.10091949 -0.11076010
v -0.39583620 0.08505458 -0.09494039
v -0.37011820 0.23085189 -0.09082727
v -0.36954880 0.23755451 -0.08687234
v -0.36494613 0.25495672 -0.09494039
v -0.36295319 0.26497990 -0.09494039
v -0.36029598 0.28145972 -0.09153915
v -0.40010673 0.04108787 -0.11068100
v -0.40067613 0.04465440 -0.10482771
v -0.40024906 0.05178747 -0.10142647
v -0.39972714 0.05842859 -0.09842072
v -0.39759189 0.07503141 -0.09494039
v -0.39403310 0.08505458 -0.10498591
v -0.35963169 0.27826214 -0.09818343
v -0.36086538 0.28484178 -0.08473668
v -0.36262104 0.28496477 -0.07492846
v -0.39564639 0.09501627 -0.08497398
v -0.39744952 0.08505458 -0.08497398
v -0.39967966 0.07816749 -0.07738052
v -0.40233690 0.06500822 -0.07492846
v -0.36959624 0.27752423 -0.03498370
v -0.36698645 0.28496477 -0.04495012
v -0.36437672 0.29498795 -0.04495012
v -0.32247815 0.38335180 -0.02493819
v -0.30871758 0.39817137 -0.06496204
v -0.30824307 0.39774090 -0.07492846
v -0.33139879 0.37209880 -0.00492626
v -0.32798237 0.37714112 -0.00492626
v -0.32769766 0.37683368 -0.01497177
v -0.36380732 0.30494964 -0.01497177
v -0.36432925 0.30494964 -0.00492626
v -0.36148223 0.31405044 0.00496106
v -0.35963169 0.31903130 0.00496106
v -0.35721171 0.32499599 0.00496106
v -0.35308355 0.33495769 0.01492747
v -0.35199219 0.33588004 0.02536848
v -0.34990439 0.33981556 0.02900701
v -0.34781659 0.34418148 0.02536848
v -0.34264451 0.35451210 0.01492747
v -0.34231234 0.35389718 0.02497299
v -0.33614379 0.36496574 0.00496106
v -0.33970258 0.35949296 0.01492747
v -0.30368787 0.40419757 -0.06496204
v -0.27075738 0.43063909 -0.07492846
v -0.25993872 0.43992436 -0.06986616
v -0.30012909 0.41010079 -0.03126607
v -0.29016453 0.42012399 -0.03498370
v -0.27982038 0.42983970 -0.02699475
v -0.27948824 0.42953223 -0.03498370
v -0.27901372 0.42916328 -0.04495012
v -0.27327225 0.43248385 -0.05499563
v -0.26658177 0.43752617 -0.05499563
v -0.26079285 0.44053930 -0.06322188
v -0.26444650 0.43734169 -0.06591123
v -0.24954712 0.43967840 -0.09897441
v -0.24314135 0.44183064 -0.10498591
v -0.23426816 0.44699591 -0.10443222
v -0.23042469 0.45019352 -0.10079368
v -0.25234669 0.44152313 -0.08497398
v -0.25097063 0.44060078 -0.09233014
v -0.23564421 0.44281447 -0.11542691
v -0.22852668 0.43924797 -0.13765360
v -0.23754221 0.43869454 -0.12499783
v -0.22511026 0.43826407 -0.14556345
v -0.22188364 0.44090825 -0.14255771
v -0.21562020 0.44256854 -0.14556345
v -0.20437451 0.44742638 -0.14437698
v -0.20062593 0.45019352 -0.14065935
v -0.15502626 0.44109273 -0.19238979
v -0.18496735 0.45074695 -0.15220773
v -0.19417271 0.45093143 -0.14437698
v -0.19061394 0.46021670 -0.12064742
v -0.18496735 0.45923281 -0.12776628
v -0.17229815 0.45043945 -0.16130406
v -0.16503826 0.45123887 -0.16312332
v -0.16503826 0.44662696 -0.17498811
v -0.17946313 0.45984775 -0.12966464
v -0.17538241 0.45185381 -0.15560897
v -0.16503826 0.45425200 -0.15497617
v -0.15502626 0.44441324 -0.18495452
v -0.01500061 0.45019352 -0.19041233
v -0.12252285 0.45013201 -0.18028772
v -0.09039903 0.46003222 -0.16003849
v -0.08503716 0.46009374 -0.16019668
v -0.10501371 0.48727316 -0.08497398
v -0.10501371 0.48954833 -0.07872519
v -0.00503606 0.44779533 -0.19515824
v -0.14501426 0.44619656 -0.18495452
v -0.13500226 0.44970161 -0.17918034
v -0.12916587 0.44994754 -0.17981312
v 0.00497594 0.45437497 -0.17498811
v 0.01498795 0.45677316 -0.16494259
v 0.01498795 0.45357555 -0.17498811
v -0.00503606 0.45007050 -0.19017503
v -0.08503716 0.49729633 -0.05499563
v -0.07502516 0.49686587 -0.05499563
v 0.02234273 0.45037800 -0.18115780
v 0.02537955 0.45179230 -0.17569999
v 0.03496450 0.45080841 -0.17245695
v 0.03496450 0.44914818 -0.17751926
v 0.04497650 0.44373685 -0.18495452
v 0.04426475 0.44767237 -0.17427622
v 0.05422929 0.44096971 -0.18424264
v 0.06039782 0.44010884 -0.18044591
v 0.06419384 0.43728021 -0.18424264
v 0.07188079 0.44152313 -0.16233234
v 0.07188079 0.37025404 0.24035831
v -0.05993598 0.45997071 0.13001585
v -0.06501316 0.46390623 0.12495354
v -0.07502516 0.46907151 0.11846746
v 0.07188079 0.37382057 0.23497960
v 0.07188079 0.37707964 0.22999640
v -0.08503716 0.47214609 0.11364245
v -0.09500170 0.47202313 0.11324695
v -0.10501371 0.47620457 0.10494161
v -0.11502571 0.47522074 0.10494161
v -0.13500226 0.46107757 0.12178960
v -0.14169274 0.46033967 0.12060312
v -0.12555966 0.47288400 0.10581169
v -0.12921333 0.46980941 0.10968752
v -0.15502626 0.46138501 0.11253507
v -0.13500226 0.46913302 0.10850104
v -0.13500226 0.47202313 0.10351784
v -0.14321114 0.47091627 0.10161947
v -0.30103064 -0.10495539 0.26124030
v -0.31137478 -0.09499373 0.25190669
v -0.31042579 -0.10151185 0.25064111
v -0.30648741 -0.10489391 0.25435877
v -0.30273885 -0.11417918 0.25522882
v -0.29894280 -0.11700781 0.25870919
v -0.28874102 -0.12297253 0.26843828
v -0.14985418 0.46993244 0.09987930
v -0.15502626 0.46907151 0.09813914
v -0.16489591 0.46747273 0.09457970
v -0.16816998 0.46931750 0.08848912
v -0.17519261 0.46808767 0.08508787
v -0.18582146 0.46329129 0.08579976
v -0.19289154 0.46132356 0.08303131
v -0.19958203 0.45978624 0.07947188
v -0.20238160 0.46113908 0.07282760
v -0.20541841 0.46255338 0.06523415
v -0.21134970 0.46070862 0.06207020
v -0.22022289 0.46009374 0.05028452
v -0.22658122 0.45800298 0.04498492
v -0.23540697 0.45265317 0.04482672
v -0.24062648 0.45037800 0.04134639
v -0.27104208 0.43076205 0.03272464
v -0.27460086 0.42713404 0.03565129
v -0.24679501 0.44785684 0.03493940
v -0.25396001 0.44281447 0.03493940
v -0.25898972 0.43924797 0.03493940
v -0.28181329 0.42159978 0.03493940
v -0.28679556 0.41723385 0.03493940
v -0.29239470 0.41219151 0.03493940
v -0.30131534 0.40124595 0.04498492
v -0.30634505 0.39632660 0.04498492
v -0.32840943 0.36785585 0.05495133
v -0.30748385 0.39743346 0.03493940
v -0.31227636 0.39245260 0.03493940
v -0.31626216 0.38581151 0.04498492
v -0.32067502 0.38083065 0.04498492
v -0.32513535 0.37498891 0.04498492
v -0.33196819 0.36281353 0.05495133
v -0.33747244 0.35445061 0.05558412
v -0.34050924 0.35076112 0.05265748
v -0.34273940 0.34584177 0.05558412
v -0.34890795 0.33784780 0.04498492
v -0.35479176 0.32499599 0.04498492
v -0.34957224 0.33920062 0.03493940
v -0.35203964 0.33421978 0.03493940
v -0.35602546 0.32499599 0.03493940
v -0.35854033 0.31448087 0.04506402
v -0.36024854 0.31079137 0.04174188
v -0.35972658 0.30913109 0.04846526
v -0.36053324 0.30205953 0.05495133
v -0.36005872 0.30027625 0.06033003
v -0.38981003 0.14925213 0.08864731
v -0.39052176 0.14261101 0.09291863
v -0.39128101 0.13578540 0.09568708
v -0.39317900 0.12502432 0.09497520
v -0.39455506 0.11500114 0.09497520
v -0.39578876 0.10503945 0.09497520
v -0.39678520 0.09501627 0.09497520
v -0.40769875 0.00505361 0.06499685
v -0.39569387 0.08505458 0.10494161
v -0.38981003 0.03500018 0.12954125
v -0.40077102 -0.01499274 0.09212764
v -0.39536172 -0.02495444 0.10494161
v -0.37154168 -0.03497761 0.16371182
v -0.39446014 -0.03497761 0.10494161
v -0.36945388 -0.03497761 0.16869503
v -0.36670178 -0.03497761 0.17494382
v -0.39612091 0.07503141 0.10494161
v -0.40565842 0.00505361 0.07496326
v -0.40803093 -0.00496957 0.06499685
v -0.40774623 -0.01499274 0.06499685
v -0.40480429 -0.02495444 0.07496326
v -0.40224200 -0.02495444 0.08492968
v -0.40039143 -0.02495444 0.09117846
v -0.35023654 -0.06123467 0.20041354
v -0.34226489 -0.06498565 0.21417668
v -0.34136334 -0.07494734 0.21251562
v -0.33856377 -0.07494734 0.21757792
v -0.36181438 -0.03448568 0.18554302
v -0.36157715 -0.04493929 0.18332826
v -0.36081794 -0.05496249 0.18166719
v -0.35835052 -0.05496249 0.18665040
v -0.33329681 -0.07593124 0.22596237
v -0.32945335 -0.08497052 0.22904721
v -0.32034290 -0.09111972 0.24043740
v -0.32276285 -0.09468625 0.23537509
v -0.39517191 -0.12297253 -0.06496204
v -0.39735460 -0.11497857 -0.06496204
v -0.39934754 -0.10680015 -0.06496204
v -0.39896792 -0.10434048 -0.07469117
v -0.39977458 -0.09892918 -0.07785511
v -0.40181494 -0.08497052 -0.08497398
v -0.40252668 -0.07494734 -0.09494039
v -0.40428236 -0.06498565 -0.09494039
v -0.40674978 -0.05496249 -0.08497398
v -0.40788859 -0.04493929 -0.08497398
v -0.40831563 -0.03497761 -0.08497398
v -0.40703446 -0.03497761 -0.09494039
v -0.40537369 -0.03497761 -0.10498591
v -0.40361804 -0.03497761 -0.11495232
v -0.40157771 -0.02495444 -0.12499783
v -0.40100831 -0.01425484 -0.12586792
v -0.40333337 -0.01499274 -0.11495232
v -0.40290630 -0.00496957 -0.11495232
v -0.40243179 0.00505361 -0.11495232
v -0.40176749 0.01501530 -0.11495232
v -0.40010673 0.02165642 -0.12064742
v -0.40371296 0.01501530 -0.10498591
v -0.40281141 0.02503848 -0.10498591
v -0.40048635 0.03500018 -0.11242117
v -0.40181494 0.03500018 -0.10498591
v -0.40224200 0.04502335 -0.09494039
v -0.40081847 0.05510803 -0.09501949
v -0.40243179 0.05504653 -0.08497398
v -0.39915773 0.07490842 -0.08489488
v -0.40390277 0.05504653 -0.07492846
v -0.40352315 0.06500822 -0.06496204
v -0.37291774 0.26497990 -0.02493819
v -0.36988091 0.27955347 -0.02818123
v -0.36513591 0.29498795 -0.03498370
v -0.31872958 0.38839415 -0.02493819
v -0.31374729 0.39460483 -0.02493819
v -0.30966657 0.39958566 -0.02493819
v -0.33139879 0.37216029 0.00496106
v -0.32802981 0.37714112 0.00496106
v -0.32300010 0.38378227 -0.00492626
v -0.36660686 0.29498795 -0.01497177
v -0.36703390 0.29498795 -0.00492626
v -0.36442417 0.30494964 0.00496106
v -0.36138734 0.31392747 0.01492747
v -0.35958421 0.31896979 0.01492747
v -0.35721171 0.32499599 0.01492747
v -0.35678467 0.32499599 0.02497299
v -0.34634560 0.34498087 0.03493940
v -0.34174293 0.35279036 0.03493940
v -0.33932298 0.35887802 0.02497299
v -0.33609635 0.36496574 0.01492747
v -0.33538461 0.36496574 0.02497299
v -0.33106664 0.37154537 0.02497299
v -0.25410235 0.44250703 -0.07492846
v -0.24893028 0.44933265 -0.05499563
v -0.24745932 0.44847172 -0.06496204
v -0.30487412 0.40499696 -0.02493819
v -0.30022398 0.41022378 -0.02493819
v -0.29533660 0.41520461 -0.02493819
v -0.29030687 0.42030844 -0.02493819
v -0.28001016 0.42996269 -0.02035047
v -0.27588201 0.43309876 -0.02422630
v -0.27450594 0.43359071 -0.03498370
v -0.27398401 0.43309876 -0.04495012
v -0.26738840 0.43807960 -0.04495012
v -0.26159948 0.44115418 -0.05499563
v -0.25495645 0.44545865 -0.05499563
v -0.24570367 0.44287598 -0.09541498
v -0.23668811 0.44816428 -0.09494039
v -0.22496790 0.45388305 -0.09494039
v -0.22496790 0.45154631 -0.10443222
v -0.22164640 0.45074695 -0.11242117
v -0.22828943 0.44914818 -0.10743796
v -0.23170584 0.45086992 -0.09494039
v -0.20897718 0.46956348 -0.05721039
v -0.20684192 0.46870255 -0.06496204
v -0.24499190 0.44588906 -0.08497398
v -0.24247704 0.45148486 -0.06496204
v -0.24461231 0.44797981 -0.07587764
v -0.22511026 0.44195360 -0.13456875
v -0.21410181 0.44711894 -0.13409416
v -0.21016343 0.45007050 -0.13021834
v -0.20726897 0.44890219 -0.13686262
v -0.20437451 0.45099288 -0.13409416
v -0.19436251 0.45769554 -0.12436505
v -0.19497935 0.45394450 -0.13496426
v -0.20499136 0.45363706 -0.12499783
v -0.19730441 0.45898688 -0.11669249
v -0.20005652 0.45997071 -0.11004821
v -0.19436251 0.46077013 -0.11400314
v -0.18496735 0.47651207 -0.06496204
v -0.17552476 0.47915620 -0.06575304
v -0.16964093 0.47989410 -0.06954976
v -0.14743422 0.48924088 -0.05736859
v -0.14079118 0.49016327 -0.06053253
v -0.18496735 0.46089309 -0.12278308
v -0.15915443 0.44982457 -0.16960941
v -0.15550075 0.44853324 -0.17459261
v -0.17566711 0.46193844 -0.12578882
v -0.15502626 0.45578927 -0.15497617
v -0.15550075 0.45185381 -0.16573358
v -0.13500226 0.48327613 -0.08497398
v -0.12518007 0.48856449 -0.07461207
v -0.11502571 0.48924088 -0.07769691
v -0.11502571 0.48671973 -0.08497398
v -0.10501371 0.49127012 -0.07374199
v -0.14501426 0.44908667 -0.17759836
v 0.01565225 0.45923281 -0.15489708
v 0.02499995 0.45523584 -0.16494259
v -0.06501316 0.49600500 -0.05499563
v -0.06477591 0.49895662 -0.04455462
v -0.05500115 0.49754226 -0.04495012
v -0.10501371 0.49416023 -0.06496204
v -0.09500170 0.49735779 -0.05499563
v -0.09500170 0.49951005 -0.04779766
v -0.08503716 0.49944854 -0.04771857
v -0.07502516 0.49920255 -0.04700668
v 0.03496450 0.45302212 -0.16494259
v 0.04046872 0.45013201 -0.17047949
v 0.05498849 0.44379836 -0.17498811
v 0.06495304 0.44644248 -0.15497617
v 0.06889142 0.44957858 -0.13860278
v 0.07188079 0.44361389 -0.15505528
v -0.05500115 0.47091627 0.11150679
v -0.06501316 0.46851808 0.11767647
v 0.07188079 0.37855545 0.22770254
v 0.07188079 0.38070768 0.22430129
v -0.06501316 0.47153121 0.11269327
v -0.07502516 0.47202313 0.11348425
v -0.08503716 0.47706550 0.10494161
v -0.09500170 0.47681952 0.10494161
v -0.10501371 0.47946364 0.09900922
v -0.11502571 0.47897172 0.09798094
v -0.12503770 0.47817230 0.09639896
v -0.13438541 0.47724998 0.09410511
v -0.14591581 0.47319150 0.09592438
v -0.31673667 -0.09468625 0.24423413
v -0.31289321 -0.10489391 0.24549970
v -0.30942935 -0.10815297 0.24913824
v -0.30160004 -0.12297253 0.25230217
v -0.30074593 -0.12297253 0.25340956
v -0.30833799 -0.11497857 0.24739808
v -0.29775655 -0.12297253 0.25720626
v -0.29286921 -0.12297253 0.26329690
v -0.15502626 0.47159272 0.09315593
v -0.16147949 0.47048587 0.09102026
v -0.15502626 0.47552818 0.08492968
v -0.14956948 0.47983259 0.07963008
v -0.16489591 0.47196168 0.08508787
v -0.17201345 0.47079331 0.08184484
v -0.17870392 0.46944046 0.07860180
v -0.18510970 0.46808767 0.07512146
v -0.19573855 0.46310681 0.07567515
v -0.18852612 0.46937901 0.06823989
v -0.19474210 0.46771872 0.06491775
v -0.19792128 0.46901006 0.05700790
v -0.20024633 0.47011691 0.05036362
v -0.21481356 0.46156949 0.05416035
v -0.21495591 0.46427518 0.04498492
v -0.22155149 0.46089309 0.04498492
v -0.22359185 0.46206146 0.03493940
v -0.22857413 0.45917135 0.03493940
v -0.23497990 0.45529735 0.03493940
v -0.24181274 0.45111591 0.03493940
v -0.25984383 0.43986288 0.02956070
v -0.26449394 0.43728021 0.02568488
v -0.27218089 0.43168443 0.02497299
v -0.27716318 0.42781046 0.02497299
v -0.24840832 0.44896370 0.02497299
v -0.25590545 0.44355237 0.02568488
v -0.28333169 0.42282963 0.02497299
v -0.28836143 0.41846371 0.02497299
v -0.29737699 0.40745664 0.03493940
v -0.30250159 0.40241432 0.03493940
v -0.32940587 0.36920869 0.04498492
v -0.30833799 0.39829433 0.02497299
v -0.28950024 0.41950905 0.01492747
v -0.29434016 0.41452819 0.01492747
v -0.31725860 0.38691837 0.03493940
v -0.31308299 0.39325202 0.02497299
v -0.31811273 0.38784072 0.02497299
v -0.32167149 0.38193750 0.03493940
v -0.32727063 0.37443548 0.03573039
v -0.33282229 0.36416632 0.04498492
v -0.33785200 0.35672581 0.04498492
v -0.34107864 0.35168350 0.04498492
v -0.34501702 0.34498087 0.04498492
v -0.35896736 0.31700206 0.03493940
v -0.35939443 0.31823188 0.02497299
v -0.36119753 0.30544156 0.04506402
v -0.36062813 0.31195971 0.03493940
v -0.36262104 0.30494964 0.03493940
v -0.36366495 0.29498795 0.04498492
v -0.39023709 0.15109690 0.08200303
v -0.39094883 0.14556262 0.08516698
v -0.36504102 0.29498795 0.03493940
v -0.36722374 0.28496477 0.03493940
v -0.39284685 0.13504750 0.08492968
v -0.39436525 0.12502432 0.08492968
v -0.39564639 0.11500114 0.08492968
v -0.39688012 0.10503945 0.08492968
v -0.40988147 0.00880462 0.04909804
v -0.40940696 0.00529958 0.05455584
v -0.41011873 0.00210200 0.05091731
v -0.39896792 -0.01499274 0.09711085
v -0.39868322 -0.02495444 0.09616167
v -0.37362951 -0.04493929 0.15493189
v -0.37082994 -0.04493929 0.16205075
v -0.40010673 -0.03098065 0.09038748
v -0.39835107 -0.03460866 0.09418420
v -0.39303666 -0.04493929 0.10494161
v -0.39061669 -0.04493929 0.11134859
v -0.36874211 -0.04493929 0.16703396
v -0.36532569 -0.04493929 0.17494382
v -0.40950188 -0.00496957 0.05597961
v -0.40935951 -0.01450081 0.05416035
v -0.40988147 -0.01757540 0.04917714
v -0.40845799 -0.02495444 0.05495133
v -0.40679723 -0.02495444 0.06499685
v -0.40556350 -0.03497761 0.06499685
v -0.40347570 -0.03497761 0.07496326
v -0.40105575 -0.03460866 0.08524607
v -0.35203964 -0.06473969 0.19543034
v -0.34055668 -0.08201893 0.21101275
v -0.34515935 -0.07494734 0.20492215
v -0.36385477 -0.05496249 0.17494382
v -0.36020109 -0.06111167 0.18048070
v -0.36186182 -0.06467821 0.17533931
v -0.32817218 -0.09499373 0.22675335
v -0.32162404 -0.10495539 0.23252755
v -0.39574131 -0.12297253 -0.05499563
v -0.39787656 -0.11497857 -0.05499563
v -0.40077102 -0.10323362 -0.05499563
v -0.40039143 -0.10181932 -0.06496204
v -0.40010673 -0.10058947 -0.07113174
v -0.40081847 -0.09536265 -0.07469117
v -0.40361804 -0.07494734 -0.08497398
v -0.40285885 -0.08497052 -0.07492846
v -0.40523136 -0.06498565 -0.08497398
v -0.40542114 -0.07494734 -0.06496204
v -0.40684468 -0.06498565 -0.06496204
v -0.40750897 -0.05496249 -0.07492846
v -0.40864778 -0.04493929 -0.07492846
v -0.40912229 -0.03497761 -0.07492846
v -0.40841052 -0.02495444 -0.08497398
v -0.40992892 -0.01499274 -0.06899607
v -0.40940696 -0.01499274 -0.07492846
v -0.40712935 -0.02495444 -0.09494039
v -0.40546861 -0.02495444 -0.10498591
v -0.40361804 -0.02495444 -0.11495232
v -0.40527880 -0.01499274 -0.10498591
v -0.40437725 0.00505361 -0.10498591
v -0.40542114 0.01501530 -0.09494039
v -0.40442473 0.02503848 -0.09494039
v -0.40371296 0.04502335 -0.08497398
v -0.40499410 0.04502335 -0.07492846
v -0.40499410 0.05504653 -0.06496204
v -0.40437725 0.06500822 -0.05499563
v -0.37353462 0.26497990 -0.01497177
v -0.37087739 0.27567950 -0.02493819
v -0.37007073 0.28029138 -0.02153695
v -0.31891936 0.38864011 -0.01497177
v -0.31393710 0.39466631 -0.01497177
v -0.30971402 0.39970866 -0.01497177
v -0.32304755 0.38372076 0.00496106
v -0.33135134 0.37197581 0.01492747
v -0.32779258 0.37701815 0.01492747
v -0.31896681 0.38876310 -0.00492626
v -0.37168404 0.27494159 -0.00492626
v -0.36712882 0.29498795 0.00496106
v -0.37016565 0.28084481 -0.01497177
v -0.37154168 0.27494159 -0.01497177
v -0.36423436 0.30494964 0.01492747
v -0.36110264 0.31325105 0.02497299
v -0.33861125 0.35783267 0.03493940
v -0.33049724 0.37074596 0.03288284
v -0.32746041 0.37658769 0.02497299
v -0.24390055 0.45228422 -0.05499563
v -0.24964203 0.44976306 -0.04843045
v -0.30501646 0.40499696 -0.01497177
v -0.30027145 0.41028526 -0.01497177
v -0.28001016 0.42996269 -0.01963858
v -0.29030687 0.42024696 -0.01497177
v -0.26866958 0.43894050 -0.01497177
v -0.26847976 0.43887901 -0.02493819
v -0.26805273 0.43857154 -0.03498370
v -0.26240614 0.44170761 -0.04495012
v -0.25035378 0.45019352 -0.04178618
v -0.23991473 0.44994754 -0.07975347
v -0.20892972 0.45960176 -0.09834163
v -0.21495591 0.45548183 -0.10498591
v -0.21557276 0.45234573 -0.11542691
v -0.21210890 0.45086992 -0.12499783
v -0.23379365 0.45197678 -0.08497398
v -0.23497990 0.45542032 -0.06496204
v -0.22923842 0.45960176 -0.05792228
v -0.23037723 0.46021670 -0.05127800
v -0.21016343 0.47005540 -0.05048702
v -0.20499136 0.47312999 -0.04495012
v -0.19403034 0.47780335 -0.04408003
v -0.19497935 0.47546667 -0.05499563
v -0.20185964 0.47067034 -0.06496204
v -0.20015143 0.47005540 -0.07018255
v -0.23422071 0.45763403 -0.05475834
v -0.20399490 0.45732659 -0.11400314
v -0.20674701 0.45874089 -0.10498591
v -0.19497935 0.47312999 -0.06496204
v -0.18496735 0.47878724 -0.05531203
v -0.17922588 0.47970963 -0.05887146
v -0.16503826 0.48493642 -0.05499563
v -0.17253539 0.48075497 -0.06290548
v -0.15066083 0.49016327 -0.05072431
v -0.14449230 0.49083966 -0.05436284
v -0.13500226 0.49286890 -0.05499563
v -0.12503770 0.49495959 -0.05499563
v -0.13500226 0.49077815 -0.06227270
v -0.17495535 0.46556652 -0.11495232
v -0.15246394 0.45037800 -0.17103319
v -0.12859647 0.48973280 -0.06915427
v -0.12518007 0.49157757 -0.06551573
v -0.11502571 0.49348384 -0.06496204
v 0.02499995 0.45775700 -0.15497617
v -0.06795507 0.50024790 -0.04099519
v -0.06131203 0.49981749 -0.03893863
v -0.05471645 0.49932557 -0.03537919
v -0.04503660 0.49563605 -0.04495012
v -0.11502571 0.49661988 -0.05499563
v -0.10501371 0.49723482 -0.05499563
v -0.10501371 0.49938703 -0.04732307
v -0.09500170 0.50061685 -0.04281446
v -0.08503716 0.50061685 -0.04273536
v -0.07502516 0.50043237 -0.04202347
v 0.03496450 0.45554328 -0.15497617
v 0.04284124 0.45086992 -0.16494259
v 0.05959117 0.44982457 -0.14951839
v 0.06533265 0.44890219 -0.14564255
v 0.06220093 0.45068544 -0.14279501
v 0.06533265 0.45160782 -0.13512245
v 0.07112157 0.45050097 -0.13195850
v 0.07188079 0.44994754 -0.13259129
v -0.04826322 0.47036284 0.11055761
v -0.05500115 0.47479028 0.10494161
v 0.07188079 0.38169152 0.22271933
v -0.06501316 0.47602010 0.10494161
v -0.06501316 0.47946364 0.09893012
v -0.07502516 0.47681952 0.10494161
v -0.07502516 0.47977114 0.09964201
v -0.08503716 0.47989410 0.09980021
v -0.09500170 0.47977114 0.09956291
v -0.10501371 0.48204631 0.09402601
v -0.11502571 0.48149288 0.09299773
v -0.12503770 0.48063201 0.09141576
v -0.13058938 0.48007858 0.09022928
v -0.13727987 0.47934067 0.08856821
v -0.14577346 0.47854125 0.08508787
v -0.32058012 -0.11141206 0.23094557
v -0.30681956 -0.12297253 0.24494602
v -0.31042579 -0.12106629 0.24067469
v -0.14292644 0.48075497 0.08184484
v -0.14577346 0.48235381 0.07575425
v -0.15502626 0.48081648 0.07219481
v -0.16005598 0.47995561 0.06998006
v -0.15502626 0.47884876 0.07725712
v -0.16404180 0.47694248 0.07393498
v -0.17519261 0.47220761 0.07512146
v -0.18188310 0.47073179 0.07195752
v -0.18510970 0.47202313 0.06491775
v -0.19123079 0.47054732 0.06159561
v -0.19474210 0.47140825 0.05416035
v -0.18496735 0.47546667 0.05495133
v -0.19497935 0.47386789 0.04498492
v -0.20171729 0.47079331 0.04498492
v -0.20674701 0.46833360 0.04498492
v -0.20873992 0.46937901 0.03707507
v -0.21410181 0.46728826 0.03422752
v -0.21111244 0.47060883 0.02497299
v -0.21609470 0.46790320 0.02497299
v -0.22572711 0.46249187 0.02513119
v -0.22957058 0.45972478 0.02853242
v -0.23431560 0.45751107 0.02513119
v -0.24342605 0.45209974 0.02497299
v -0.26084030 0.44060078 0.02291643
v -0.26183674 0.44140017 0.01492747
v -0.26681900 0.43758768 0.01492747
v -0.27830198 0.42867136 0.01492747
v -0.24945223 0.44964010 0.01793322
v -0.28447050 0.42369050 0.01492747
v -0.29343861 0.41348284 0.02497299
v -0.30909717 0.39909375 0.01492747
v -0.28992727 0.41993952 0.00931148
v -0.31369984 0.39405140 0.01492747
v -0.31868213 0.38845563 0.01492747
v -0.32243070 0.38285989 0.02497299
v -0.36361748 0.30494964 0.02497299
v -0.36617982 0.29498795 0.02497299
v -0.39047432 0.15244971 0.07496326
v -0.39185041 0.14500919 0.07496326
v -0.36836255 0.28496477 0.02497299
v -0.37671375 0.24499503 0.02497299
v -0.37557495 0.25495672 0.01492747
v -0.39360607 0.13504750 0.07496326
v -0.39521936 0.12502432 0.07496326
v -0.39654797 0.11500114 0.07496326
v -0.41035599 0.02479252 0.02410291
v -0.41135246 0.01501530 0.02497299
v -0.41054577 0.01519978 0.03478121
v -0.41021365 0.01194070 0.04245377
v -0.41045088 0.00529958 0.04545951
v -0.41011873 -0.00496957 0.05099641
v -0.41135246 0.00505361 0.03493940
v -0.41163713 -0.00496957 0.03493940
v -0.41078305 -0.00496957 0.04498492
v -0.37182641 -0.05520844 0.15564378
v -0.37030798 -0.05207236 0.16070607
v -0.39967966 -0.03768326 0.08880550
v -0.39650053 -0.04493929 0.09497520
v -0.39118609 -0.05434756 0.10502071
v -0.39009473 -0.05059655 0.11024121
v -0.36978602 -0.05877498 0.15944050
v -0.36826763 -0.05520844 0.16442370
v -0.41002384 -0.01087278 0.05036362
v -0.40954933 -0.02495444 0.04688329
v -0.41049832 -0.01450081 0.04545951
v -0.41021365 -0.02495444 0.04190008
v -0.40741408 -0.03497761 0.05495133
v -0.40997636 -0.02999677 0.04000171
v -0.40902740 -0.03399374 0.04395664
v -0.40608546 -0.04493929 0.05495133
v -0.40409255 -0.04493929 0.06499685
v -0.40195727 -0.04493929 0.07496326
v -0.40001184 -0.05016612 0.08010467
v -0.40043890 -0.04493929 0.08168664
v -0.35759133 -0.06467821 0.18427745
v -0.33960769 -0.08866005 0.20927258
v -0.33016509 -0.10052799 0.22026728
v -0.33092427 -0.09499373 0.22177015
v -0.35047379 -0.08177294 0.19092172
v -0.34250215 -0.08521651 0.20555495
v -0.35948932 -0.06781428 0.17897783
v -0.35493410 -0.07494734 0.18498933
v -0.36636961 -0.06498565 0.16497740
v -0.36096030 -0.07494734 0.17209627
v -0.39602602 -0.12297253 -0.04495012
v -0.39820874 -0.11497857 -0.04495012
v -0.40100831 -0.10384853 -0.04495012
v -0.40290630 -0.09499373 -0.04495012
v -0.40247923 -0.09499373 -0.05499563
v -0.40176749 -0.09499373 -0.06496204
v -0.40456706 -0.07494734 -0.07492846
v -0.40366548 -0.08497052 -0.06496204
v -0.40418744 -0.08497052 -0.05499563
v -0.40584821 -0.07494734 -0.05499563
v -0.40736663 -0.06498565 -0.05499563
v -0.40817326 -0.05496249 -0.06496204
v -0.40912229 -0.04493929 -0.06496204
v -0.40954933 -0.03497761 -0.06496204
v -0.41030854 -0.02556935 -0.05562842
v -0.41011873 -0.02267924 -0.06235179
v -0.40831563 -0.01499274 -0.08497398
v -0.40988147 -0.00496957 -0.06773049
v -0.41059324 -0.01499274 -0.05499563
v -0.41054577 -0.00496957 -0.05499563
v -0.40921718 -0.00496957 -0.07492846
v -0.40703446 -0.01499274 -0.09494039
v -0.40655994 -0.00496957 -0.09494039
v -0.40603802 0.00505361 -0.09494039
v -0.40750897 0.00505361 -0.08497398
v -0.40670231 0.01501530 -0.08497398
v -0.40570587 0.02503848 -0.08497398
v -0.40603802 0.04502335 -0.06496204
v -0.40575331 0.05504653 -0.05499563
v -0.40499410 0.06500822 -0.04495012
v -0.37396166 0.26497990 -0.00492626
v -0.31398457 0.39460483 -0.00492626
v -0.30961913 0.39958566 -0.00492626
v -0.30482668 0.40499696 -0.00492626
v -0.31887192 0.38870162 0.00496106
v -0.32281029 0.38347480 0.01492747
v -0.37400910 0.26497990 0.00496106
v -0.36684412 0.29498795 0.01492747
v -0.24575111 0.45240724 -0.04502922
v -0.23611870 0.45781851 -0.04495012
v -0.23113644 0.46058565 -0.04495012
v -0.30012909 0.41016227 -0.00492626
v -0.29011708 0.42012399 0.00266720
v -0.29021198 0.42018545 -0.00492626
v -0.27977294 0.42977822 -0.01299431
v -0.27445850 0.43371367 -0.00492626
v -0.26838487 0.43869454 -0.00492626
v -0.26340258 0.44250703 -0.00492626
v -0.26363987 0.44269150 -0.01497177
v -0.26349750 0.44250703 -0.02493819
v -0.26307046 0.44213808 -0.03498370
v -0.25576311 0.44711894 -0.03498370
v -0.25073338 0.45043945 -0.03498370
v -0.24499190 0.45388305 -0.03498370
v -0.23711517 0.45837194 -0.03498370
v -0.22496790 0.46372175 -0.04495012
v -0.21599981 0.46808767 -0.04495012
v -0.21101753 0.47048587 -0.04495012
v -0.20499136 0.47448283 -0.03498370
v -0.19597581 0.47829533 -0.03498370
v -0.19009198 0.48001707 -0.04020420
v -0.18828887 0.47946364 -0.04684848
v -0.17552476 0.48167735 -0.05531203
v -0.17495535 0.48413706 -0.04495012
v -0.16000853 0.48997879 -0.03988781
v -0.15298590 0.49077815 -0.04495012
v -0.14501426 0.49286890 -0.04495012
v -0.13500226 0.49520558 -0.04495012
v -0.12503770 0.49748081 -0.04495012
v -0.11920132 0.49987894 -0.03933412
v -0.11554766 0.49914110 -0.04471282
v 0.03496450 0.45763403 -0.14493066
v -0.07502516 0.50178522 -0.03498370
v -0.06477591 0.50073987 -0.03537919
v -0.05784817 0.50030941 -0.03229435
v -0.04503660 0.49754226 -0.03498370
v -0.05120514 0.49975598 -0.02802303
v -0.03502460 0.49336082 -0.04495012
v -0.11255829 0.50024790 -0.04123249
v -0.10501371 0.50049388 -0.04226077
v -0.09500170 0.50215417 -0.03498370
v -0.08503716 0.50215417 -0.03498370
v 0.04592550 0.45228422 -0.15592536
v 0.04497650 0.45517439 -0.14493066
v 0.05574770 0.45197678 -0.14564255
v 0.05498849 0.45449793 -0.13496426
v 0.06495304 0.45351410 -0.12499783
v 0.07188079 0.45086992 -0.12737079
v 0.07188079 0.45025498 -0.13108842
v -0.04498915 0.47251505 0.10557440
v -0.05500115 0.47878724 0.09766454
v 0.07188079 0.38568848 0.21496767
v -0.03502460 0.47940218 0.08872641
v -0.03502460 0.47608161 0.09497520
v -0.06501316 0.48198485 0.09394691
v -0.07502516 0.48235381 0.09465880
v -0.08503716 0.48247677 0.09481700
v -0.09500170 0.48235381 0.09457970
v -0.09500170 0.48702717 0.08492968
v -0.10501371 0.48641223 0.08492968
v -0.11502571 0.48524392 0.08492968
v -0.12503770 0.48358363 0.08492968
v -0.13438541 0.48149288 0.08508787
v -0.31915665 -0.11811467 0.22841442
v -0.31317788 -0.12297253 0.23497960
v -0.31146967 -0.12297253 0.23774806
v -0.33182585 -0.10427900 0.21488857
v -0.33087683 -0.11202697 0.21156643
v -0.32295263 -0.12297253 0.21773612
v -0.30833799 -0.12297253 0.24265216
v -0.13500226 0.48542839 0.07496326
v -0.14501426 0.48628926 0.06499685
v -0.15502626 0.48327613 0.06499685
v -0.17006798 0.48001707 0.06001364
v -0.17400636 0.47694248 0.06396857
v -0.17690082 0.47872573 0.05495133
v -0.17913097 0.47964811 0.04854435
v -0.18463521 0.47823381 0.04514312
v -0.19497935 0.47614312 0.03493940
v -0.20522861 0.47165418 0.03422752
v -0.21016343 0.47005540 0.03043079
v -0.20499136 0.47349894 0.02497299
v -0.20499136 0.47491324 0.01492747
v -0.21239360 0.47128522 0.01492747
v -0.21742332 0.46851808 0.01492747
v -0.23142114 0.46077013 0.01492747
v -0.23051959 0.46027821 0.02188815
v -0.23640341 0.45788002 0.01492747
v -0.25030634 0.45019352 0.01120984
v -0.26273829 0.44207656 0.00496106
v -0.26776803 0.43820259 0.00496106
v -0.27403146 0.43322176 0.00496106
v -0.27901372 0.42922479 0.00496106
v -0.29979694 0.40979332 0.00709672
v -0.30952424 0.39946270 0.00496106
v -0.27948824 0.42953223 -0.00492626
v -0.37585968 0.25495672 0.00496106
v -0.39564639 0.12502432 0.06499685
v -0.39702249 0.11500114 0.06499685
v -0.40997636 0.03014231 0.02014798
v -0.41192186 0.01501530 0.01492747
v -0.41206419 0.00505361 0.02497299
v -0.41149479 -0.01499274 0.03493940
v -0.41230145 -0.00496957 0.02497299
v -0.39906281 -0.04493929 0.08666985
v -0.39806637 -0.05410160 0.08405960
v -0.39450759 -0.05496249 0.09497520
v -0.38943043 -0.05723768 0.10834285
v -0.36921662 -0.06498565 0.15785854
v -0.41087794 -0.02495444 0.03493940
v -0.40760386 -0.04493929 0.04498492
v -0.40992892 -0.03952801 0.02908611
v -0.40964425 -0.03719132 0.03493940
v -0.40869522 -0.04493929 0.03493940
v -0.40442473 -0.05496249 0.05495133
v -0.40613291 -0.05496249 0.04498492
v -0.40228945 -0.05496249 0.06499685
v -0.40243179 -0.06498565 0.05495133
v -0.40058124 -0.06406330 0.06412677
v -0.39930010 -0.05680723 0.07678253
v -0.33870614 -0.09499373 0.20745331
v -0.34131590 -0.09499373 0.20247011
v -0.35868269 -0.07494734 0.17707947
v -0.35222945 -0.08503203 0.18546392
v -0.34791148 -0.08503203 0.19456024
v -0.36409199 -0.07494734 0.16497740
v -0.36020109 -0.08078907 0.17051430
v -0.39607346 -0.12297253 -0.04289356
v -0.39835107 -0.11497857 -0.03498370
v -0.39986950 -0.10944431 -0.02493819
v -0.40105575 -0.10415600 -0.03498370
v -0.40304863 -0.09499373 -0.03498370
v -0.40475684 -0.08497052 -0.03498370
v -0.40451962 -0.08497052 -0.04495012
v -0.40874267 -0.05496249 -0.04495012
v -0.40855289 -0.05496249 -0.05499563
v -0.40622783 -0.07494734 -0.03498370
v -0.40774623 -0.06498565 -0.02493819
v -0.40945444 -0.04493929 -0.05499563
v -0.41144735 -0.02495444 -0.02493819
v -0.41011873 -0.03288689 -0.05270177
v -0.41177949 -0.01499274 -0.02493819
v -0.40803093 -0.00496957 -0.08497398
v -0.40864778 0.00505361 -0.07492846
v -0.41068813 0.00505361 -0.04495012
v -0.41002384 0.00074919 -0.06069073
v -0.40954933 0.00443870 -0.06440835
v -0.41187441 -0.00496957 -0.02493819
v -0.41116264 0.00505361 -0.03498370
v -0.40774623 0.01501530 -0.07492846
v -0.40784112 0.02503848 -0.06496204
v -0.40679723 0.04502335 -0.05499563
v -0.40632272 0.05504653 -0.04495012
v -0.40674978 0.05504653 -0.03498370
v -0.40532625 0.06500822 -0.03498370
v -0.23213290 0.46113908 -0.03498370
v -0.22496790 0.46489006 -0.03498370
v -0.30364040 0.40585786 0.00424917
v -0.25623763 0.44754934 -0.00492626
v -0.25576311 0.44705743 0.00496106
v -0.25652230 0.44767237 -0.01497177
v -0.25628507 0.44748789 -0.02493819
v -0.25125533 0.45080841 -0.02493819
v -0.24499190 0.45455945 -0.02493819
v -0.23773202 0.45874089 -0.02493819
v -0.21737587 0.46870255 -0.03498370
v -0.21239360 0.47110075 -0.03498370
v -0.20499136 0.47546667 -0.02493819
v -0.19735187 0.47884876 -0.02493819
v -0.19236960 0.48093945 -0.02493819
v -0.19094609 0.48038602 -0.03498370
v -0.18496735 0.48253828 -0.03498370
v -0.16883427 0.48960984 -0.02493819
v -0.17495535 0.48604327 -0.03498370
v -0.16518061 0.48911786 -0.03593288
v -0.16195399 0.49053222 -0.03324353
v -0.15602271 0.49176204 -0.03593288
v -0.14501426 0.49477512 -0.03498370
v -0.13500226 0.49711186 -0.03498370
v -0.12518007 0.49926406 -0.03553739
v -0.12195344 0.50030941 -0.03268984
v -0.11554766 0.50080132 -0.03553739
v -0.03502460 0.49526709 -0.03498370
v -0.08503716 0.50369149 -0.02493819
v -0.07502516 0.50319952 -0.02493819
v -0.06501316 0.50209266 -0.02493819
v -0.05471645 0.50061685 -0.02477999
v -0.03502460 0.49680436 -0.02493819
v -0.04930712 0.50012493 -0.02129965
v -0.04560601 0.49901807 -0.02477999
v -0.10501371 0.50178522 -0.03498370
v -0.09500170 0.50362998 -0.02493819
v 0.04497650 0.45701909 -0.13496426
v -0.02501260 0.49274594 -0.03498370
v 0.07188079 0.45123887 -0.12444414
v 0.07188079 0.45117736 -0.12499783
v -0.02501260 0.49434471 -0.02493819
v -0.01462100 0.49120861 -0.02430540
v -0.01500061 0.49243844 -0.01497177
v -0.04418249 0.47823381 0.09473789
v -0.04698206 0.48063201 0.09125756
v -0.05500115 0.48130840 0.09268133
v 0.07188079 0.38790220 0.20990537
v -0.02088444 0.47970963 0.07923459
v -0.02453810 0.47835678 0.08500878
v -0.02752747 0.48069352 0.08176574
v -0.03502460 0.48161590 0.08374320
v -0.04418249 0.48247677 0.08587886
v -0.06501316 0.48616630 0.08492968
v -0.07502516 0.48696566 0.08492968
v -0.08503716 0.48721164 0.08492968
v -0.09500170 0.48967129 0.07915548
v -0.10501371 0.48930234 0.07836450
v -0.11502571 0.48874891 0.07678253
v -0.12461066 0.48801106 0.07433048
v -0.31830251 -0.12297253 0.22619967
v -0.33723515 -0.10452496 0.20436847
v -0.33277485 -0.11522456 0.20539676
v -0.32888395 -0.12297253 0.20682052
v -0.12769492 0.48948681 0.06839809
v -0.13542931 0.48874891 0.06499685
v -0.13903552 0.48973280 0.05914356
v -0.14563110 0.48899490 0.05550502
v -0.15502626 0.48635077 0.05495133
v -0.16503826 0.48309171 0.05495133
v -0.16503826 0.48573583 0.04498492
v -0.17191854 0.48069352 0.05495133
v -0.17547731 0.48186183 0.04514312
v -0.18107644 0.48038602 0.04190008
v -0.18287955 0.48118544 0.03493940
v -0.18790928 0.47909468 0.03493940
v -0.18942767 0.47977114 0.02853242
v -0.19440995 0.47817230 0.02513119
v -0.19678247 0.47854125 0.01492747
v -0.19777893 0.47903323 0.00496106
v -0.20499136 0.47571266 0.00496106
v -0.21324770 0.47165418 0.00496106
v -0.21827742 0.46907151 0.00496106
v -0.22496790 0.46544349 0.00496106
v -0.23241760 0.46138501 0.00496106
v -0.24499190 0.45394450 0.00496106
v -0.25078082 0.45050097 0.00496106
v -0.40693957 0.05504653 -0.02493819
v -0.40855289 0.04502335 -0.01497177
v -0.40836307 0.04502335 -0.00492626
v -0.40959680 0.03635299 -0.00492626
v -0.41078305 0.02503848 0.01492747
v -0.41258615 0.00505361 0.01492747
v -0.41087794 0.02503848 0.00496106
v -0.41196930 0.01501530 0.00496106
v -0.41268104 0.00505361 0.00496106
v -0.41211164 -0.01499274 0.02497299
v -0.41282338 -0.00496957 0.01492747
v -0.39521936 -0.06498565 0.08492968
v -0.39185041 -0.06535460 0.09544978
v -0.39056924 -0.06228001 0.10169857
v -0.38525480 -0.06498565 0.11498712
v -0.37035543 -0.07156529 0.15105605
v -0.36822018 -0.07494734 0.15461549
v -0.41144735 -0.02495444 0.02497299
v -0.40727171 -0.05496249 0.03493940
v -0.40807837 -0.05496249 0.02497299
v -0.41045088 -0.03571552 0.02544758
v -0.41011873 -0.04088083 0.02244184
v -0.40423489 -0.06498565 0.04498492
v -0.40570587 -0.06498565 0.03493940
v -0.40062869 -0.07254918 0.05495133
v -0.40005928 -0.07027398 0.06033003
v -0.40162516 -0.07580824 0.04577591
v -0.39930010 -0.06683041 0.06697431
v -0.39820874 -0.06406330 0.07409318
v -0.34492213 -0.09499373 0.19495574
v -0.34862322 -0.09499373 0.18696679
v -0.34957224 -0.08841409 0.18910246
v -0.35749644 -0.08447860 0.17431103
v -0.36157715 -0.08447860 0.16497740
v -0.39607346 -0.12297253 -0.03292714
v -0.39835107 -0.11497857 -0.02493819
v -0.39977458 -0.10925983 -0.01497177
v -0.40105575 -0.10427900 -0.01497177
v -0.40110320 -0.10446347 -0.02493819
v -0.40314355 -0.09499373 -0.02493819
v -0.40485173 -0.08497052 -0.02493819
v -0.40897992 -0.05496249 -0.02493819
v -0.40978658 -0.04782942 -0.02493819
v -0.41026109 -0.04284857 -0.02493819
v -0.40632272 -0.07494734 -0.02493819
v -0.40902740 -0.05496249 -0.01497177
v -0.40907484 -0.05496249 -0.00492626
v -0.41092539 -0.03497761 -0.02493819
v -0.41173205 -0.02495444 -0.01497177
v -0.41206419 -0.01499274 -0.01497177
v -0.41287085 -0.00496957 0.00496106
v -0.41021365 0.01292458 -0.04495012
v -0.41002384 0.01077236 -0.05096161
v -0.40983403 0.00739031 -0.05760588
v -0.41158968 0.00505361 -0.02493819
v -0.41045088 0.01587619 -0.03569559
v -0.40855289 0.02503848 -0.05499563
v -0.40769875 0.03500018 -0.05499563
v -0.40997636 0.01981167 -0.03949232
v -0.40736663 0.04502335 -0.04495012
v -0.40788859 0.04502335 -0.03498370
v -0.40836307 0.04502335 -0.02493819
v -0.23274975 0.46150804 -0.02493819
v -0.22496790 0.46562797 -0.02493819
v -0.21822998 0.46907151 -0.02493819
v -0.21324770 0.47159272 -0.02493819
v -0.25125533 0.45080841 -0.00492626
v -0.25149259 0.45093143 -0.01497177
v -0.24499190 0.45480543 -0.01497177
v -0.23801672 0.45886385 -0.01497177
v -0.23303445 0.46169251 -0.01497177
v -0.20499136 0.47614312 -0.01497177
v -0.19815852 0.47921771 -0.01497177
v -0.16987818 0.48991728 -0.01908490
v -0.18496735 0.48370659 -0.02493819
v -0.19312879 0.48124695 -0.01497177
v -0.18496735 0.48444450 -0.01497177
v -0.17495535 0.48739612 -0.02493819
v -0.16385201 0.49108565 -0.02493819
v -0.15502626 0.49360681 -0.02493819
v -0.14501426 0.49606645 -0.02493819
v -0.13500226 0.49828017 -0.02493819
v -0.12850156 0.49969453 -0.02493819
v -0.12347185 0.50067836 -0.02493819
v -0.11502571 0.50209266 -0.02493819
v -0.10501371 0.50313807 -0.02493819
v -0.08503716 0.50479835 -0.01497177
v -0.07502516 0.50418341 -0.01497177
v -0.06501316 0.50301504 -0.01497177
v -0.05500115 0.50153923 -0.01497177
v -0.03502460 0.49778825 -0.01497177
v -0.02501260 0.49545157 -0.01497177
v -0.04807342 0.50030941 -0.01497177
v -0.04309115 0.49938703 -0.01497177
v -0.09500170 0.50467533 -0.01497177
v 0.07188079 0.45136184 -0.11495232
v -0.00916423 0.49034774 -0.01497177
v -0.00854737 0.49059367 -0.00492626
v -0.00356510 0.48844147 -0.00492626
v 0.00497594 0.48456746 -0.00492626
v 0.01275778 0.48124695 0.00496106
v 0.01778752 0.47891021 0.00496106
v -0.01500061 0.49293041 -0.00492626
v -0.05500115 0.48487496 0.08492968
v 0.07188079 0.38894758 0.20745331
v -0.01091988 0.47964811 0.06903087
v -0.01761037 0.48087800 0.07251121
v -0.02501260 0.48573583 0.06499685
v -0.02453810 0.48204631 0.07551695
v 0.07188079 0.39042339 0.20397298
v -0.03502460 0.48499793 0.07496326
v -0.04598561 0.48770356 0.07401408
v -0.05500115 0.48856449 0.07614974
v -0.06501316 0.48917937 0.07788991
v -0.07502516 0.48954833 0.07891819
v -0.08503716 0.48973280 0.07939278
v -0.09500170 0.49163908 0.07417228
v -0.10501371 0.49127012 0.07330219
v -0.11502571 0.49065518 0.07179932
v -0.12100443 0.49016327 0.07053374
v -0.35004675 -0.10015903 0.18008521
v -0.33913317 -0.10753806 0.19796149
v -0.33813673 -0.12297253 0.18728319
v -0.33434069 -0.12297253 0.19550943
v -0.33116156 -0.12297253 0.20239100
v -0.12461066 0.49120861 0.06499685
v -0.13234505 0.49053222 0.06167471
v -0.13542931 0.49163908 0.05550502
v -0.14268920 0.49065518 0.05249928
v -0.14933223 0.48979431 0.04917714
v -0.15516861 0.48881042 0.04545951
v -0.15189454 0.49053222 0.04253286
v -0.15858503 0.48948681 0.03731236
v -0.16427906 0.48819554 0.03438571
v -0.17495535 0.48432153 0.03493940
v -0.17495535 0.48622775 0.02497299
v -0.18563166 0.48186183 0.02513119
v -0.19066139 0.48026305 0.02188815
v -0.19175273 0.48075497 0.01492747
v -0.19279665 0.48118544 0.00496106
v -0.19820598 0.47921771 -0.00492626
v -0.20499136 0.47614312 -0.00492626
v -0.21391200 0.47190017 -0.00492626
v -0.21889427 0.46944046 -0.00492626
v -0.22496790 0.46611995 -0.00492626
v -0.23293954 0.46163100 -0.00492626
v -0.23792182 0.45880240 -0.00492626
v -0.24499190 0.45462096 -0.00492626
v -0.40959680 0.03592256 -0.01497177
v -0.41083050 0.02503848 -0.00492626
v -0.41002384 0.03032678 -0.02058777
v -0.41168457 0.01501530 -0.00492626
v -0.41135246 0.01501530 -0.01497177
v -0.41244382 -0.01499274 0.01492747
v -0.39208764 -0.07562377 0.08556247
v -0.39085394 -0.07267214 0.09252314
v -0.39521936 -0.07494734 0.07496326
v -0.38971514 -0.06892113 0.09916741
v -0.38867122 -0.06535460 0.10502071
v -0.38226545 -0.07568525 0.11577811
v -0.38074702 -0.07279514 0.12202689
v -0.36537316 -0.08497052 0.15493189
v -0.36072302 -0.09247254 0.16165526
v -0.36954880 -0.07826792 0.14876220
v -0.41173205 -0.02495444 0.01492747
v -0.41087794 -0.03497761 0.01492747
v -0.40651250 -0.06498565 0.02497299
v -0.40860033 -0.05496249 0.01492747
v -0.41040343 -0.04334052 0.00496106
v -0.40897992 -0.05496249 0.00496106
v -0.40361804 -0.07494734 0.03493940
v -0.40461451 -0.07494734 0.02497299
v -0.39991695 -0.07974373 0.04965173
v -0.39934754 -0.07753001 0.05495133
v -0.39811382 -0.07414795 0.06412677
v -0.40058124 -0.08201893 0.04300746
v -0.35408002 -0.09499373 0.17494382
v -0.39578876 -0.12297253 -0.02296072
v -0.39797145 -0.11497857 -0.01497177
v -0.39711738 -0.11497857 -0.00492626
v -0.39934754 -0.10759954 -0.00492626
v -0.40067613 -0.10261871 -0.00492626
v -0.40300119 -0.09499373 -0.01497177
v -0.40750897 -0.06498565 0.00496106
v -0.40760386 -0.06498565 -0.00492626
v -0.41040343 -0.04352498 -0.00492626
v -0.41035599 -0.04327902 -0.01497177
v -0.41111517 -0.03497761 -0.01497177
v -0.41187441 -0.02495444 -0.00492626
v -0.41249126 -0.01499274 0.00496106
v -0.40988147 0.02835906 -0.02723205
v -0.22496790 0.46611995 -0.01497177
v -0.21884683 0.46937901 -0.01497177
v -0.21386455 0.47190017 -0.01497177
v -0.19322370 0.48136991 -0.00492626
v -0.17419615 0.48850298 -0.01544636
v -0.17035268 0.49010175 -0.01236152
v -0.16593981 0.49133158 -0.01544636
v -0.18496735 0.48469049 -0.00492626
v -0.17566711 0.48831850 -0.00492626
v -0.17068483 0.49022472 -0.00492626
v -0.15502626 0.49434471 -0.01497177
v -0.15502626 0.49452919 -0.00492626
v -0.11502571 0.50264609 -0.01497177
v -0.10501371 0.50406045 -0.01497177
v -0.09500170 0.50516731 -0.00492626
v -0.08503716 0.50516731 -0.00492626
v -0.07502516 0.50449085 -0.00492626
v -0.06501316 0.50338399 -0.00492626
v -0.05500115 0.50203121 -0.00492626
v -0.04180999 0.49963301 -0.00492626
v -0.03502460 0.49821872 -0.00492626
v -0.02501260 0.49588197 -0.00492626
v -0.04679226 0.50055540 -0.00492626
v 0.07188079 0.45136184 -0.11416133
v -0.00883207 0.49047071 0.00496106
v -0.00384980 0.48838001 0.00496106
v 0.00497594 0.48462898 0.00496106
v 0.01764517 0.47897172 0.01492747
v -0.03455010 0.49883360 0.02497299
v -0.02501260 0.49551302 0.02497299
v -0.00470391 0.47835678 0.06539234
v -0.00119258 0.47952515 0.05843167
v -0.00783561 0.48081648 0.06238659
v -0.01457356 0.48223078 0.06539234
v 0.07188079 0.39312902 0.19717050
v -0.01500061 0.48561287 0.05495133
v -0.02496515 0.48868746 0.05510953
v -0.03165564 0.48954833 0.05851077
v -0.03502460 0.48844147 0.06475955
v -0.03834613 0.49040920 0.06127922
v -0.04328094 0.48930234 0.06792349
v -0.04992398 0.48997879 0.06998006
v -0.05500115 0.49040920 0.07116653
v -0.06501316 0.49108565 0.07290670
v -0.07502516 0.49151605 0.07393498
v -0.08503716 0.49170053 0.07440957
v -0.09500170 0.49495959 0.06499685
v -0.10501371 0.49428320 0.06499685
v -0.11502571 0.49299186 0.06499685
v -0.35972658 -0.09917517 0.15920320
v -0.35517135 -0.10495539 0.16497740
v -0.34354603 -0.12297253 0.17526020
v -0.11502571 0.49606645 0.05495133
v -0.12503770 0.49409872 0.05495133
v -0.13500226 0.49446768 0.04498492
v -0.14563110 0.49163908 0.04545951
v -0.14501426 0.49409872 0.03493940
v -0.15516861 0.49114710 0.03438571
v -0.16712606 0.48905641 0.02497299
v -0.16907153 0.48967129 0.01722133
v -0.17405380 0.48807251 0.01429469
v -0.18496735 0.48358363 0.01492747
v -0.18496735 0.48444450 0.00496106
v -0.41182694 -0.02495444 0.00496106
v -0.41111517 -0.03497761 0.00496106
v -0.38976258 -0.07937478 0.08935919
v -0.39085394 -0.08238788 0.08271492
v -0.38250268 -0.08595441 0.10596989
v -0.38107920 -0.08331026 0.11293056
v -0.38615638 -0.07494734 0.10494161
v -0.39488721 -0.08497052 0.06499685
v -0.37984550 -0.07943626 0.11957484
v -0.36874211 -0.08552395 0.14528187
v -0.35835052 -0.09548564 0.16497740
v -0.40703446 -0.06498565 0.01492747
v -0.40570587 -0.07494734 0.00496106
v -0.40518391 -0.07494734 0.01492747
v -0.41116264 -0.03497761 -0.00492626
v -0.40224200 -0.08497052 0.02497299
v -0.40105575 -0.08521651 0.03438571
v -0.39906281 -0.08521651 0.04577591
v -0.39028454 -0.11073564 0.05099641
v -0.39721227 -0.08497052 0.05495133
v -0.39963222 -0.08872153 0.03731236
v -0.39526683 -0.12297253 -0.01497177
v -0.39446014 -0.12297253 -0.00492626
v -0.39341626 -0.12297253 0.00496106
v -0.39597857 -0.11497857 0.00496106
v -0.40005928 -0.09025882 0.03058898
v -0.16503826 0.49213099 -0.00492626
v -0.17552476 0.48819554 0.00496106
v -0.17054248 0.49016327 0.00496106
v -0.11502571 0.50270760 -0.00492626
v -0.16503826 0.49200803 0.00496106
v -0.15502626 0.49434471 0.00496106
v -0.11502571 0.50258464 0.01492747
v -0.10501371 0.50449085 -0.00492626
v -0.09500170 0.50510579 0.00496106
v -0.08503716 0.50492132 0.00496106
v -0.07502516 0.50418341 0.00496106
v -0.06501316 0.50326103 0.00496106
v -0.03967473 0.50006342 0.03035169
v -0.03953238 0.50006342 0.02497299
v -0.03972217 0.50006342 0.01927789
v 0.07188079 0.45080841 -0.09976541
v 0.02499995 0.47485179 0.01492747
v -0.00954382 0.49016327 0.01492747
v -0.00451410 0.48813403 0.01492747
v 0.01261543 0.48106247 0.01492747
v 0.00497594 0.48333764 0.02497299
v 0.01142918 0.48063201 0.02497299
v 0.01645890 0.47829533 0.02497299
v 0.02499995 0.47368342 0.02497299
v -0.02501260 0.49379128 0.03493940
v -0.00503606 0.48616630 0.03493940
v 0.00573514 0.48186183 0.03509760
v -0.00997087 0.48997879 0.02014798
v 0.00464380 0.47786486 0.05503043
v 0.00108503 0.48044753 0.05170829
v -0.00470391 0.48180038 0.05503043
v 0.07188079 0.39657259 0.18791597
v -0.00503606 0.48438299 0.04498492
v -0.01552255 0.48819554 0.04474762
v -0.03583126 0.49791121 0.03414842
v -0.04598561 0.49090117 0.06475955
v -0.04503660 0.49674290 0.04498492
v -0.05500115 0.49243844 0.06499685
v -0.06501316 0.49379128 0.06499685
v -0.07502516 0.49465215 0.06499685
v -0.08503716 0.49508262 0.06499685
v -0.09500170 0.49791121 0.05495133
v -0.10501371 0.49741930 0.05495133
v -0.35986894 -0.11959048 0.13966587
v -0.35564587 -0.12297253 0.14702202
v -0.37078249 -0.09499373 0.13215150
v -0.37002328 -0.10015903 0.13009495
v -0.36897939 -0.10680015 0.12677281
v -0.36262104 -0.11571647 0.13579004
v -0.35237181 -0.12297253 0.15477368
v -0.35156512 -0.11448665 0.16458191
v -0.10501371 0.49938703 0.04719968
v -0.11459865 0.49871063 0.04443123
v -0.12503770 0.49668139 0.04498492
v -0.13500226 0.49655843 0.03493940
v -0.14501426 0.49545157 0.02497299
v -0.15502626 0.49268442 0.02497299
v -0.16209634 0.49059367 0.02497299
v -0.16546531 0.49114710 0.01429469
v -0.17016289 0.49004024 0.01057706
v -0.39194530 -0.08540098 0.07527966
v -0.39066413 -0.09191911 0.07219481
v -0.38188583 -0.11534752 0.07527966
v -0.37979802 -0.10938282 0.08928010
v -0.37998784 -0.08995138 0.10992482
v -0.39161313 -0.09511669 0.06491775
v -0.39080650 -0.11233442 0.04498492
v -0.38966769 -0.11903705 0.03810335
v -0.38867122 -0.12297253 0.03573039
v -0.38691556 -0.12297253 0.04498492
v -0.38648850 -0.12297253 0.04680419
v -0.38454306 -0.12297253 0.05487224
v -0.38060468 -0.12149672 0.07211572
v -0.39474487 -0.11497857 0.01492747
v -0.39322644 -0.11497857 0.02497299
v -0.39213508 -0.12297253 0.01469018
v -0.13500226 0.49791121 0.02497299
v -0.10501371 0.50412190 0.01492747
v -0.10501371 0.50442940 0.00496106
v -0.12257029 0.50049388 0.02497299
v -0.11502571 0.50190818 0.02497299
v -0.09500170 0.50467533 0.01492747
v -0.08503716 0.50436789 0.01492747
v -0.07502516 0.50362998 0.01492747
v -0.08503716 0.50344551 0.02497299
v -0.04503660 0.50024790 0.03153817
v -0.05969873 0.50000197 0.04008081
v -0.05305570 0.49969453 0.03841974
v -0.04503660 0.49920255 0.03652138
v 0.07188079 0.45056248 -0.09446580
v 0.03045672 0.47030139 0.02497299
v 0.03126338 0.47085482 0.01492747
v 0.01048018 0.48020154 0.03185456
v 0.00953117 0.47977114 0.03849884
v 0.01427619 0.47780335 0.03509760
v 0.02998222 0.46999389 0.03003529
v 0.00298303 0.48124695 0.04498492
v 0.01218837 0.47128522 0.06286119
v 0.01532009 0.47239208 0.05471404
v 0.00801276 0.47903323 0.04498492
v 0.07188079 0.39761794 0.18451473
v 0.02058707 0.47036284 0.05123370
v -0.05500115 0.49551302 0.05495133
v -0.06501316 0.49661988 0.05495133
v -0.07502516 0.49741930 0.05495133
v -0.08503716 0.49784976 0.05495133
v -0.09500170 0.49957150 0.04806976
v -0.35939443 -0.12297253 0.13753021
v -0.36110264 -0.12297253 0.13302159
v -0.37002328 -0.11012073 0.12012853
v -0.36731863 -0.11405621 0.12408345
v -0.36371240 -0.12297253 0.12542813
v -0.09500170 0.50067836 0.04308655
v -0.10501371 0.50043237 0.04221647
v -0.11099243 0.50012493 0.04071360
v -0.11763547 0.49957150 0.03778695
v -0.12461066 0.49883360 0.03470211
v -0.12105189 0.50018644 0.03114267
v -0.37633416 -0.12297253 0.08508787
v -0.37884903 -0.11534752 0.08556247
v -0.37111464 -0.12297253 0.10201497
v -0.39080650 -0.12223463 0.02497299
v -0.39052176 -0.12297253 0.02497299
v -0.38088939 -0.12297253 0.06879358
v -0.37965566 -0.12297253 0.07346039
v -0.39180294 -0.12297253 0.01698404
v -0.10501371 0.50326103 0.02497299
v -0.11459865 0.50061685 0.03470211
v -0.09500170 0.50375295 0.02497299
v -0.08503716 0.50196970 0.03493940
v -0.05585526 0.50043237 0.03501850
v -0.05585526 0.49852616 0.04403574
v -0.08503716 0.50055540 0.04261196
v -0.07502516 0.49926406 0.04656689
v 0.07188079 0.44988608 -0.08497398
v 0.03548644 0.46673483 0.02497299
v 0.03624566 0.46728826 0.01492747
v 0.01498795 0.47528219 0.04498492
v 0.02523720 0.47190017 0.03399022
v 0.02874851 0.46919453 0.03667957
v 0.04027893 0.46021670 0.04063450
v 0.03396805 0.46624291 0.03399022
v 0.04113303 0.46089309 0.03493940
v 0.04236673 0.46175396 0.02497299
v 0.07188079 0.39933971 0.17826594
v 0.02699286 0.46802616 0.04498492
v 0.02201058 0.47122377 0.04498492
v -0.36651197 -0.12297253 0.11664819
v -0.09500170 0.50221568 0.03493940
v -0.10501371 0.50178522 0.03493940
v 0.07188079 0.44859475 -0.07065714
v 0.04298359 0.46230739 0.01492747
v 0.04616275 0.45677316 0.03493940
v 0.04734901 0.45775700 0.02497299
v 0.07188079 0.44761086 -0.06029523
v 0.07188079 0.40013909 0.17470652
v 0.05185679 0.45179230 0.03493940
v 0.05285324 0.45277619 0.02497299
v 0.07188079 0.44687295 -0.05499563
v 0.07188079 0.43617338 -0.00065494
v 0.06215349 0.44256854 0.02497299
v 0.06129938 0.44152313 0.03493940
v 0.05783550 0.44754934 0.02497299
v 0.05683905 0.44656551 0.03493940
v 0.07188079 0.44625801 -0.05096161
v 0.07188079 0.44441324 -0.04131158
v 0.07188079 0.44515115 -0.04510831
f 1 2 7
f 1 7 18
f 1 18 36
f 1 36 35
f 1 35 37
f 1 37 63
f 1 63 62
f 1 62 89
f 1 89 127
f 1 127 171
f 1 171 213
f 1 213 264
f 1 264 318
f 1 318 317
f 1 317 315
f 1 315 377
f 1 377 434
f 1 434 491
f 1 491 497
f 1 497 561
f 1 561 633
f 1 633 632
f 1 632 708
f 1 708 707
f 1 707 806
f 1 806 805
f 1 805 918
f 1 918 917
f 1 917 1036
f 1 1036 1205
f 1 1205 1209
f 1 1209 1208
f 1 1208 1404
f 1 1404 1535
f 1 1535 1534
f 1 1534 1533
f 1 1533 1737
f 1 1737 1949
f 1 1949 1734
f 1 1734 1733
f 1 1733 1948
f 1 1948 2159
f 1 2159 2408
f 1 2408 2407
f 1 2407 2406
f 1 2406 2654
f 1 2654 2653
f 1 2653 2914
f 1 2914 3165
f 1 3165 3192
f 1 3192 3191
f 1 3191 3426
f 1 3426 3424
f 1 3424 3423
f 1 3423 3425
f 1 3425 3664
f 1 3664 3663
f 1 3663 3662
f 1 3662 3661
f 1 3661 3906
f 1 3906 3905
f 1 3905 4147
f 1 4147 4146
f 1 4146 4398
f 1 4398 4622
f 1 4622 4621
f 1 4621 4619
f 1 4619 4618
f 1 4618 4835
f 1 4835 5030
f 1 5030 5026
f 1 5026 5025
f 1 5025 5176
f 1 5176 5029
f 1 5029 5179
f 1 5179 5327
f 1 5327 5326
f 1 5326 5325
f 1 5325 5445
f 1 5445 5532
f 1 5532 5527
f 1 5527 5590
f 1 5590 5591
f 1 5591 5594
f 1 5594 5630
f 1 5630 5603
f 1 5603 5601
f 1 5601 5607
f 1 5607 5606
f 1 5606 5554
f 1 5554 5553
f 1 5553 5552
f 1 5552 5551
f 1 5551 5605
f 1 5605 5608
f 1 5608 5558
f 1 5558 5480
f 1 5480 5479
f 1 5479 5478
f 1 5478 5380
f 1 5380 5237
f 1 5237 5088
f 1 5088 4921
f 1 4921 4709
f 1 4709 4479
f 1 4479 4243
f 1 4243 4242
f 1 4242 4241
f 1 4241 4240
f 1 4240 4238
f 1 4238 4237
f 1 4237 4002
f 1 4002 4001
f 1 4001 3759
f 1 3759 3514
f 1 3514 3289
f 1 3289 3041
f 1 3041 3040
f 1 3040 3039
f 1 3039 2799
f 1 2799 2798
f 1 2798 3038
f 1 3038 3037
f 1 3037 2795
f 1 2795 2535
f 1 2535 2270
f 1 2270 2050
f 1 2050 2049
f 1 2049 1836
f 1 1836 1635
f 1 1635 1634
f 1 1634 1633
f 1 1633 1424
f 1 1424 1423
f 1 1423 1230
f 1 1230 1061
f 1 1061 941
f 1 941 940
f 1 940 827
f 1 827 729
f 1 729 647
f 1 647 646
f 1 646 575
f 1 575 507
f 1 507 445
f 1 445 387
f 1 387 323
f 1 323 269
f 1 269 217
f 1 217 176
f 1 176 175
f 1 175 131
f 1 131 93
f 1 93 92
f 1 92 67
f 1 67 64
f 1 64 38
f 1 38 19
f 1 19 9
f 1 9 3
f 1 3 10
f 1 10 4
f 1 4 5
f 1 5 2
f 2 6 7
f 2 5 8
f 2 8 6
f 3 9 10
f 4 11 12
f 4 12 13
f 4 13 5
f 4 10 11
f 5 13 29
f 5 29 14
f 5 14 15
f 5 15 8
f 6 16 17
f 6 17 18
f 6 18 7
f 6 8 16
f 8 15 33
f 8 33 16
f 9 19 11
f 9 11 10
f 11 20 21
f 11 21 12
f 11 19 22
f 11 22 20
f 12 21 23
f 12 23 43
f 12 43 24
f 12 24 25
f 12 25 26
f 12 26 13
f 13 26 27
f 13 27 28
f 13 28 29
f 14 29 30
f 14 30 31
f 14 31 32
f 14 32 33
f 14 33 15
f 16 33 32
f 16 32 34
f 16 34 17
f 17 35 36
f 17 36 18
f 17 34 37
f 17 37 35
f 19 38 22
f 20 39 21
f 20 22 40
f 20 40 41
f 20 41 42
f 20 42 39
f 21 39 23
f 22 38 40
f 23 39 65
f 23 65 43
f 24 43 44
f 24 44 45
f 24 45 46
f 24 46 25
f 25 46 47
f 25 47 48
f 25 48 49
f 25 49 50
f 25 50 26
f 26 50 27
f 27 50 49
f 27 49 51
f 27 51 78
f 27 78 52
f 27 52 53
f 27 53 28
f 28 53 30
f 28 30 29
f 30 53 52
f 30 52 54
f 30 54 55
f 30 55 56
f 30 56 57
f 30 57 58
f 30 58 59
f 30 59 31
f 31 59 58
f 31 58 60
f 31 60 34
f 31 34 32
f 34 60 61
f 34 61 62
f 34 62 63
f 34 63 37
f 38 64 40
f 39 42 66
f 39 66 65
f 40 64 67
f 40 67 68
f 40 68 41
f 41 68 42
f 42 68 69
f 42 69 66
f 43 70 71
f 43 71 44
f 43 65 72
f 43 72 97
f 43 97 70
f 44 71 73
f 44 73 47
f 44 47 45
f 45 47 46
f 47 73 74
f 47 74 75
f 47 75 48
f 48 75 49
f 49 75 76
f 49 76 51
f 51 76 77
f 51 77 78
f 52 79 55
f 52 55 54
f 52 78 79
f 55 57 56
f 55 79 80
f 55 80 81
f 55 81 82
f 55 82 83
f 55 83 57
f 57 84 58
f 57 83 85
f 57 85 84
f 58 84 60
f 60 84 61
f 61 84 86
f 61 86 87
f 61 87 88
f 61 88 89
f 61 89 62
f 65 66 90
f 65 90 72
f 66 69 91
f 66 91 90
f 67 92 68
f 68 92 93
f 68 93 94
f 68 94 95
f 68 95 69
f 69 95 96
f 69 96 91
f 70 97 98
f 70 98 71
f 71 98 99
f 71 99 73
f 72 90 97
f 73 100 101
f 73 101 74
f 73 99 100
f 74 102 103
f 74 103 75
f 74 101 102
f 75 103 76
f 76 103 104
f 76 104 77
f 77 104 105
f 77 105 106
f 77 106 78
f 78 106 107
f 78 107 80
f 78 80 79
f 80 107 108
f 80 108 109
f 80 109 81
f 81 109 110
f 81 110 82
f 82 110 111
f 82 111 83
f 83 112 113
f 83 113 85
f 83 111 114
f 83 114 112
f 84 85 86
f 85 113 115
f 85 115 87
f 85 87 86
f 87 115 116
f 87 116 88
f 88 116 118
f 88 118 117
f 88 117 89
f 89 117 118
f 89 118 119
f 89 119 120
f 89 120 121
f 89 121 122
f 89 122 123
f 89 123 124
f 89 124 125
f 89 125 126
f 89 126 169
f 89 169 208
f 89 208 257
f 89 257 309
f 89 309 371
f 89 371 370
f 89 370 430
f 89 430 429
f 89 429 428
f 89 428 367
f 89 367 366
f 89 366 426
f 89 426 425
f 89 425 485
f 89 485 552
f 89 552 623
f 89 623 622
f 89 622 691
f 89 691 782
f 89 782 884
f 89 884 997
f 89 997 1125
f 89 1125 1296
f 89 1296 1297
f 89 1297 1507
f 89 1507 1506
f 89 1506 1725
f 89 1725 1931
f 89 1931 1933
f 89 1933 2135
f 89 2135 2384
f 89 2384 2633
f 89 2633 2402
f 89 2402 2645
f 89 2645 2909
f 89 2909 2913
f 89 2913 2648
f 89 2648 2910
f 89 2910 3161
f 89 3161 3164
f 89 3164 3403
f 89 3403 3640
f 89 3640 3882
f 89 3882 3881
f 89 3881 4122
f 89 4122 4373
f 89 4373 4601
f 89 4601 4818
f 89 4818 5009
f 89 5009 5008
f 89 5008 5156
f 89 5156 5155
f 89 5155 5298
f 89 5298 5417
f 89 5417 5498
f 89 5498 5572
f 89 5572 5617
f 89 5617 5633
f 89 5633 5637
f 89 5637 5641
f 89 5641 5647
f 89 5647 5649
f 89 5649 5648
f 89 5648 5642
f 89 5642 5638
f 89 5638 5627
f 89 5627 5583
f 89 5583 5514
f 89 5514 5428
f 89 5428 5312
f 89 5312 5307
f 89 5307 5163
f 89 5163 5012
f 89 5012 4821
f 89 4821 4605
f 89 4605 4604
f 89 4604 4379
f 89 4379 4378
f 89 4378 4374
f 89 4374 4123
f 89 4123 3883
f 89 3883 3641
f 89 3641 3404
f 89 3404 3170
f 89 3170 3166
f 89 3166 2915
f 89 2915 2662
f 89 2662 2661
f 89 2661 2660
f 89 2660 2659
f 89 2659 2657
f 89 2657 2655
f 89 2655 2411
f 89 2411 2410
f 89 2410 2409
f 89 2409 2160
f 89 2160 1951
f 89 1951 1744
f 89 1744 1743
f 89 1743 1536
f 89 1536 1327
f 89 1327 1326
f 89 1326 1153
f 89 1153 1152
f 89 1152 1134
f 89 1134 1133
f 89 1133 1006
f 89 1006 1005
f 89 1005 1004
f 89 1004 1003
f 89 1003 888
f 89 888 786
f 89 786 696
f 89 696 695
f 89 695 693
f 89 693 624
f 89 624 553
f 89 553 486
f 89 486 431
f 89 431 373
f 89 373 372
f 89 372 311
f 89 311 310
f 89 310 258
f 89 258 210
f 89 210 170
f 89 170 127
f 90 128 136
f 90 136 97
f 90 91 129
f 90 129 130
f 90 130 128
f 91 96 129
f 93 131 94
f 94 131 132
f 94 132 95
f 95 132 133
f 95 133 96
f 96 134 129
f 96 133 135
f 96 135 134
f 97 136 98
f 98 136 99
f 99 136 137
f 99 137 100
f 100 138 139
f 100 139 140
f 100 140 141
f 100 141 101
f 100 137 138
f 101 141 142
f 101 142 102
f 102 142 143
f 102 143 144
f 102 144 103
f 103 144 104
f 104 144 145
f 104 145 105
f 105 145 146
f 105 146 147
f 105 147 148
f 105 148 106
f 106 148 149
f 106 149 150
f 106 150 107
f 107 150 151
f 107 151 108
f 108 151 152
f 108 152 111
f 108 111 109
f 109 111 110
f 111 152 114
f 112 114 153
f 112 153 154
f 112 154 155
f 112 155 156
f 112 156 157
f 112 157 113
f 113 157 118
f 113 118 116
f 113 116 115
f 114 152 158
f 114 158 159
f 114 159 160
f 114 160 161
f 114 161 154
f 114 154 153
f 118 157 162
f 118 162 119
f 119 162 120
f 120 162 121
f 121 162 163
f 121 163 164
f 121 164 165
f 121 165 166
f 121 166 167
f 121 167 122
f 122 167 123
f 123 167 168
f 123 168 124
f 124 168 169
f 124 169 125
f 125 169 126
f 127 170 171
f 128 130 172
f 128 172 136
f 129 134 130
f 130 134 173
f 130 173 174
f 130 174 172
f 131 175 132
f 132 175 176
f 132 176 177
f 132 177 133
f 133 177 178
f 133 178 135
f 134 135 173
f 135 178 179
f 135 179 180
f 135 180 173
f 136 172 181
f 136 181 137
f 137 181 138
f 138 181 139
f 139 182 183
f 139 183 184
f 139 184 185
f 139 185 140
f 139 181 182
f 140 185 141
f 141 185 142
f 142 185 186
f 142 186 187
f 142 187 143
f 143 187 188
f 143 188 189
f 143 189 190
f 143 190 144
f 144 190 191
f 144 191 145
f 145 191 192
f 145 192 146
f 146 192 193
f 146 193 147
f 147 193 149
f 147 149 148
f 149 194 152
f 149 152 151
f 149 151 150
f 149 193 195
f 149 195 196
f 149 196 197
f 149 197 194
f 152 194 198
f 152 198 199
f 152 199 158
f 154 161 155
f 155 165 164
f 155 164 163
f 155 163 162
f 155 162 156
f 155 161 160
f 155 160 165
f 156 162 157
f 158 199 200
f 158 200 201
f 158 201 202
f 158 202 159
f 159 203 204
f 159 204 160
f 159 202 205
f 159 205 203
f 160 204 206
f 160 206 165
f 165 206 166
f 166 206 207
f 166 207 167
f 167 207 168
f 168 208 209
f 168 209 169
f 168 207 208
f 169 209 208
f 170 210 211
f 170 211 212
f 170 212 171
f 171 212 213
f 172 174 181
f 173 214 174
f 173 180 215
f 173 215 214
f 174 214 181
f 176 216 177
f 176 217 216
f 177 216 178
f 178 216 218
f 178 218 219
f 178 219 179
f 179 219 220
f 179 220 221
f 179 221 180
f 180 221 215
f 181 214 222
f 181 222 276
f 181 276 223
f 181 223 182
f 182 224 183
f 182 223 224
f 183 224 225
f 183 225 226
f 183 226 184
f 184 227 185
f 184 226 228
f 184 228 227
f 185 227 186
f 186 227 229
f 186 229 187
f 187 229 230
f 187 230 188
f 188 230 231
f 188 231 189
f 189 232 190
f 189 231 233
f 189 233 234
f 189 234 232
f 190 232 191
f 191 232 192
f 192 232 235
f 192 235 236
f 192 236 193
f 193 236 195
f 194 197 237
f 194 237 198
f 195 238 239
f 195 239 197
f 195 197 196
f 195 236 238
f 197 239 240
f 197 240 241
f 197 241 237
f 198 237 242
f 198 242 243
f 198 243 199
f 199 243 244
f 199 244 200
f 200 244 245
f 200 245 246
f 200 246 202
f 200 202 201
f 202 246 247
f 202 247 248
f 202 248 249
f 202 249 250
f 202 250 205
f 203 205 251
f 203 251 252
f 203 252 253
f 203 253 204
f 204 253 206
f 205 250 254
f 205 254 251
f 206 253 255
f 206 255 207
f 207 255 208
f 208 256 257
f 208 255 256
f 210 258 259
f 210 259 211
f 211 259 212
f 212 259 260
f 212 260 261
f 212 261 262
f 212 262 263
f 212 263 213
f 213 263 264
f 214 265 222
f 214 215 265
f 215 221 266
f 215 266 267
f 215 267 265
f 216 217 268
f 216 268 218
f 217 269 268
f 218 268 270
f 218 270 219
f 219 270 271
f 219 271 220
f 220 271 272
f 220 272 273
f 220 273 274
f 220 274 221
f 221 274 266
f 222 265 275
f 222 275 276
f 223 276 277
f 223 277 224
f 224 277 278
f 224 278 225
f 225 278 279
f 225 279 226
f 226 279 280
f 226 280 281
f 226 281 228
f 227 228 282
f 227 282 229
f 228 281 283
f 228 283 284
f 228 284 282
f 229 282 285
f 229 285 230
f 230 285 231
f 231 285 286
f 231 286 234
f 231 234 233
f 232 287 235
f 232 234 288
f 232 288 287
f 234 286 289
f 234 289 290
f 234 290 291
f 234 291 288
f 235 287 292
f 235 292 238
f 235 238 236
f 237 241 242
f 238 292 293
f 238 293 294
f 238 294 295
f 238 295 296
f 238 296 239
f 239 241 240
f 239 296 297
f 239 297 241
f 241 297 298
f 241 298 242
f 242 298 299
f 242 299 244
f 242 244 243
f 244 299 245
f 245 299 300
f 245 300 301
f 245 301 247
f 245 247 246
f 247 301 302
f 247 302 303
f 247 303 304
f 247 304 248
f 248 304 305
f 248 305 249
f 249 305 254
f 249 254 250
f 251 254 306
f 251 306 307
f 251 307 253
f 251 253 252
f 253 307 306
f 253 306 256
f 253 256 255
f 254 305 308
f 254 308 306
f 256 306 309
f 256 309 257
f 258 310 259
f 259 310 261
f 259 261 260
f 261 310 311
f 261 311 312
f 261 312 313
f 261 313 314
f 261 314 262
f 262 315 263
f 262 314 316
f 262 316 315
f 263 315 317
f 263 317 318
f 263 318 264
f 265 267 275
f 266 274 319
f 266 319 320
f 266 320 321
f 266 321 267
f 267 321 275
f 268 269 322
f 268 322 270
f 269 323 322
f 270 322 324
f 270 324 271
f 271 324 325
f 271 325 272
f 272 326 274
f 272 274 273
f 272 325 326
f 274 326 319
f 275 321 384
f 275 384 327
f 275 327 276
f 276 327 328
f 276 328 277
f 277 328 329
f 277 329 278
f 278 329 330
f 278 330 331
f 278 331 279
f 279 332 280
f 279 331 333
f 279 333 332
f 280 332 334
f 280 334 281
f 281 334 335
f 281 335 336
f 281 336 283
f 282 284 337
f 282 337 338
f 282 338 285
f 283 337 284
f 283 336 339
f 283 339 340
f 283 340 337
f 285 338 341
f 285 341 342
f 285 342 286
f 286 342 343
f 286 343 344
f 286 344 289
f 287 288 292
f 288 291 293
f 288 293 292
f 289 344 290
f 290 344 345
f 290 345 346
f 290 346 347
f 290 347 348
f 290 348 291
f 291 348 293
f 293 348 347
f 293 347 349
f 293 349 350
f 293 350 295
f 293 295 294
f 295 350 349
f 295 349 351
f 295 351 352
f 295 352 353
f 295 353 297
f 295 297 296
f 297 353 354
f 297 354 298
f 298 354 355
f 298 355 299
f 299 355 300
f 300 355 354
f 300 354 356
f 300 356 357
f 300 357 358
f 300 358 359
f 300 359 360
f 300 360 301
f 301 360 302
f 302 360 361
f 302 361 362
f 302 362 363
f 302 363 364
f 302 364 365
f 302 365 366
f 302 366 367
f 302 367 368
f 302 368 369
f 302 369 305
f 302 305 303
f 303 305 304
f 305 369 308
f 306 308 369
f 306 369 370
f 306 370 371
f 306 371 309
f 311 372 312
f 312 372 373
f 312 373 374
f 312 374 432
f 312 432 375
f 312 375 313
f 313 375 376
f 313 376 314
f 314 376 316
f 315 316 376
f 315 376 375
f 315 375 377
f 319 378 379
f 319 379 380
f 319 380 320
f 319 326 381
f 319 381 382
f 319 382 378
f 320 380 383
f 320 383 321
f 321 383 384
f 322 323 324
f 323 385 386
f 323 386 324
f 323 387 388
f 323 388 389
f 323 389 385
f 324 386 325
f 325 386 390
f 325 390 326
f 326 390 391
f 326 391 392
f 326 392 381
f 327 393 394
f 327 394 328
f 327 384 393
f 328 394 329
f 329 394 330
f 330 394 395
f 330 395 396
f 330 396 331
f 331 396 397
f 331 397 333
f 332 333 398
f 332 398 334
f 333 397 399
f 333 399 400
f 333 400 398
f 334 398 401
f 334 401 335
f 335 401 402
f 335 402 336
f 336 402 403
f 336 403 339
f 337 341 338
f 337 340 404
f 337 404 405
f 337 405 341
f 339 403 465
f 339 465 406
f 339 406 404
f 339 404 340
f 341 405 407
f 341 407 408
f 341 408 342
f 342 408 409
f 342 409 343
f 343 409 410
f 343 410 345
f 343 345 344
f 345 410 346
f 346 410 411
f 346 411 412
f 346 412 347
f 347 412 413
f 347 413 349
f 349 413 414
f 349 414 351
f 351 414 352
f 352 414 415
f 352 415 416
f 352 416 417
f 352 417 418
f 352 418 353
f 353 418 354
f 354 418 417
f 354 417 356
f 356 417 358
f 356 358 357
f 358 419 420
f 358 420 421
f 358 421 359
f 358 417 419
f 359 421 361
f 359 361 360
f 361 421 362
f 362 421 422
f 362 422 423
f 362 423 363
f 363 423 424
f 363 424 425
f 363 425 364
f 364 426 427
f 364 427 366
f 364 366 365
f 364 425 426
f 366 427 426
f 367 428 368
f 368 428 369
f 369 428 429
f 369 429 430
f 369 430 370
f 373 431 374
f 374 431 433
f 374 433 432
f 375 434 377
f 375 432 435
f 375 435 436
f 375 436 491
f 375 491 434
f 378 382 379
f 379 437 380
f 379 382 438
f 379 438 439
f 379 439 437
f 380 437 440
f 380 440 384
f 380 384 383
f 381 392 382
f 382 392 441
f 382 441 438
f 384 440 393
f 385 442 386
f 385 389 388
f 385 388 443
f 385 443 444
f 385 444 442
f 386 442 390
f 387 445 446
f 387 446 388
f 388 446 443
f 390 442 447
f 390 447 391
f 391 447 448
f 391 448 392
f 392 448 441
f 393 449 450
f 393 450 451
f 393 451 394
f 393 440 449
f 394 451 395
f 395 451 450
f 395 450 452
f 395 452 396
f 396 452 453
f 396 453 399
f 396 399 397
f 398 400 454
f 398 454 401
f 399 453 455
f 399 455 456
f 399 456 400
f 400 457 454
f 400 456 458
f 400 458 459
f 400 459 460
f 400 460 461
f 400 461 457
f 401 454 402
f 402 454 462
f 402 462 403
f 403 462 463
f 403 463 464
f 403 464 465
f 404 406 466
f 404 466 467
f 404 467 407
f 404 407 405
f 406 465 468
f 406 468 466
f 407 409 408
f 407 467 469
f 407 469 470
f 407 470 409
f 409 470 410
f 410 470 471
f 410 471 472
f 410 472 411
f 411 472 412
f 412 472 473
f 412 473 474
f 412 474 413
f 413 474 475
f 413 475 414
f 414 475 476
f 414 476 415
f 415 476 416
f 416 476 477
f 416 477 478
f 416 478 417
f 417 478 419
f 419 478 479
f 419 479 480
f 419 480 481
f 419 481 482
f 419 482 483
f 419 483 420
f 420 483 422
f 420 422 421
f 422 483 423
f 423 484 424
f 423 483 484
f 424 484 425
f 425 484 485
f 431 486 487
f 431 487 488
f 431 488 433
f 432 433 435
f 433 488 489
f 433 489 490
f 433 490 435
f 435 492 436
f 435 490 493
f 435 493 494
f 435 494 495
f 435 495 492
f 436 492 496
f 436 496 497
f 436 497 491
f 437 498 499
f 437 499 440
f 437 439 498
f 438 500 439
f 438 441 501
f 438 501 500
f 439 500 502
f 439 502 503
f 439 503 498
f 440 499 449
f 441 448 504
f 441 504 501
f 442 444 505
f 442 505 506
f 442 506 447
f 443 505 444
f 443 446 507
f 443 507 508
f 443 508 509
f 443 509 510
f 443 510 505
f 445 507 446
f 447 506 448
f 448 506 511
f 448 511 512
f 448 512 513
f 448 513 504
f 449 499 514
f 449 514 450
f 450 514 515
f 450 515 452
f 452 515 453
f 453 515 516
f 453 516 455
f 454 457 517
f 454 517 518
f 454 518 519
f 454 519 462
f 455 516 520
f 455 520 456
f 456 520 521
f 456 521 522
f 456 522 458
f 457 461 517
f 458 522 459
f 459 522 460
f 460 523 461
f 460 522 524
f 460 524 525
f 460 525 523
f 461 523 526
f 461 526 527
f 461 527 528
f 461 528 517
f 462 529 464
f 462 464 463
f 462 519 528
f 462 528 530
f 462 530 531
f 462 531 532
f 462 532 529
f 464 529 468
f 464 468 465
f 466 468 533
f 466 533 534
f 466 534 535
f 466 535 469
f 466 469 467
f 468 529 533
f 469 535 536
f 469 536 537
f 469 537 471
f 469 471 470
f 471 537 538
f 471 538 472
f 472 538 473
f 473 539 540
f 473 540 474
f 473 538 539
f 474 540 541
f 474 541 475
f 475 541 542
f 475 542 476
f 476 542 543
f 476 543 544
f 476 544 478
f 476 478 477
f 478 544 543
f 478 543 479
f 479 543 545
f 479 545 546
f 479 546 547
f 479 547 480
f 480 547 481
f 481 547 548
f 481 548 549
f 481 549 550
f 481 550 482
f 482 550 484
f 482 484 483
f 484 550 551
f 484 551 552
f 484 552 485
f 486 553 554
f 486 554 487
f 487 554 555
f 487 555 493
f 487 493 489
f 487 489 488
f 489 493 490
f 492 556 560
f 492 560 496
f 492 495 557
f 492 557 558
f 492 558 556
f 493 559 558
f 493 558 557
f 493 557 494
f 493 555 559
f 494 557 495
f 496 560 561
f 496 561 497
f 498 503 562
f 498 562 563
f 498 563 564
f 498 564 514
f 498 514 499
f 500 565 502
f 500 501 566
f 500 566 565
f 501 504 567
f 501 567 639
f 501 639 566
f 502 565 568
f 502 568 563
f 502 563 562
f 502 562 503
f 504 513 569
f 504 569 570
f 504 570 571
f 504 571 567
f 505 510 572
f 505 572 573
f 505 573 574
f 505 574 506
f 506 574 512
f 506 512 511
f 507 575 576
f 507 576 577
f 507 577 508
f 508 577 579
f 508 579 510
f 508 510 509
f 510 578 573
f 510 573 572
f 510 579 578
f 512 574 573
f 512 573 580
f 512 580 581
f 512 581 513
f 513 581 582
f 513 582 569
f 514 516 515
f 514 564 516
f 516 564 583
f 516 583 520
f 517 519 518
f 517 528 519
f 520 583 584
f 520 584 521
f 521 584 585
f 521 585 586
f 521 586 522
f 522 586 587
f 522 587 524
f 523 588 527
f 523 527 526
f 523 525 588
f 524 589 590
f 524 590 525
f 524 587 591
f 524 591 592
f 524 592 593
f 524 593 589
f 525 594 595
f 525 595 596
f 525 596 530
f 525 530 588
f 525 590 597
f 525 597 594
f 527 588 530
f 527 530 528
f 529 532 598
f 529 598 599
f 529 599 533
f 530 596 531
f 531 600 532
f 531 596 600
f 532 600 601
f 532 601 602
f 532 602 603
f 532 603 598
f 533 599 534
f 534 599 604
f 534 604 605
f 534 605 536
f 534 536 606
f 534 606 535
f 535 606 536
f 536 605 607
f 536 607 608
f 536 608 537
f 537 608 538
f 538 608 609
f 538 609 610
f 538 610 611
f 538 611 539
f 539 611 540
f 540 611 612
f 540 612 541
f 541 612 613
f 541 613 614
f 541 614 542
f 542 614 615
f 542 615 616
f 542 616 543
f 543 616 545
f 545 617 618
f 545 618 546
f 545 616 615
f 545 615 617
f 546 618 619
f 546 619 620
f 546 620 548
f 546 548 547
f 548 620 549
f 549 620 621
f 549 621 551
f 549 551 550
f 551 621 622
f 551 622 623
f 551 623 552
f 553 624 554
f 554 624 625
f 554 625 555
f 555 625 694
f 555 694 626
f 555 626 627
f 555 627 628
f 555 628 630
f 555 630 559
f 556 629 631
f 556 631 560
f 556 558 629
f 558 559 630
f 558 630 629
f 560 631 708
f 560 708 632
f 560 632 633
f 560 633 561
f 563 568 634
f 563 634 583
f 563 583 564
f 565 635 636
f 565 636 568
f 565 566 637
f 565 637 638
f 565 638 635
f 566 639 637
f 567 571 640
f 567 640 639
f 568 636 634
f 569 641 642
f 569 642 643
f 569 643 644
f 569 644 571
f 569 571 570
f 569 582 645
f 569 645 641
f 571 644 640
f 573 578 580
f 575 646 576
f 576 646 647
f 576 647 648
f 576 648 649
f 576 649 650
f 576 650 651
f 576 651 577
f 577 651 579
f 578 652 580
f 578 579 653
f 578 653 654
f 578 654 652
f 579 651 655
f 579 655 734
f 579 734 653
f 580 652 582
f 580 582 581
f 582 652 656
f 582 656 645
f 583 634 657
f 583 657 584
f 584 657 658
f 584 658 659
f 584 659 585
f 585 659 660
f 585 660 586
f 586 660 661
f 586 661 662
f 586 662 587
f 587 662 591
f 589 593 592
f 589 592 590
f 590 663 597
f 590 592 664
f 590 664 665
f 590 665 663
f 591 662 666
f 591 666 667
f 591 667 592
f 592 667 664
f 594 668 595
f 594 597 669
f 594 669 668
f 595 668 600
f 595 600 596
f 597 663 670
f 597 670 671
f 597 671 669
f 598 603 599
f 599 603 604
f 600 668 669
f 600 669 672
f 600 672 601
f 601 672 673
f 601 673 602
f 602 674 603
f 602 673 675
f 602 675 674
f 603 674 604
f 604 674 676
f 604 676 605
f 605 676 607
f 607 676 677
f 607 677 678
f 607 678 608
f 608 678 609
f 609 678 679
f 609 679 680
f 609 680 681
f 609 681 610
f 610 681 682
f 610 682 683
f 610 683 613
f 610 613 611
f 611 613 612
f 613 683 614
f 614 683 684
f 614 684 615
f 615 684 683
f 615 683 685
f 615 685 686
f 615 686 617
f 617 686 618
f 618 686 619
f 619 687 620
f 619 686 687
f 620 687 688
f 620 688 689
f 620 689 621
f 621 689 690
f 621 690 622
f 622 690 689
f 622 689 692
f 622 692 691
f 624 693 625
f 625 693 695
f 625 695 696
f 625 696 694
f 626 694 697
f 626 697 627
f 627 698 628
f 627 697 699
f 627 699 700
f 627 700 698
f 628 698 630
f 629 701 702
f 629 702 631
f 629 630 703
f 629 703 701
f 630 704 705
f 630 705 706
f 630 706 703
f 630 698 704
f 631 702 707
f 631 707 708
f 634 636 635
f 634 635 709
f 634 709 710
f 634 710 711
f 634 711 712
f 634 712 657
f 635 638 713
f 635 713 709
f 637 639 714
f 637 714 638
f 638 714 715
f 638 715 716
f 638 716 717
f 638 717 718
f 638 718 719
f 638 719 720
f 638 720 721
f 638 721 713
f 639 640 714
f 640 644 722
f 640 722 714
f 641 645 642
f 642 645 723
f 642 723 643
f 643 724 644
f 643 723 724
f 644 724 725
f 644 725 726
f 644 726 727
f 644 727 722
f 645 654 735
f 645 735 728
f 645 728 723
f 645 656 652
f 645 652 654
f 647 729 730
f 647 730 648
f 648 730 649
f 649 731 732
f 649 732 650
f 649 730 733
f 649 733 731
f 650 732 651
f 651 732 655
f 653 734 735
f 653 735 654
f 655 732 832
f 655 832 734
f 657 712 736
f 657 736 658
f 658 736 737
f 658 737 659
f 659 737 738
f 659 738 739
f 659 739 740
f 659 740 741
f 659 741 742
f 659 742 743
f 659 743 744
f 659 744 745
f 659 745 746
f 659 746 660
f 660 746 747
f 660 747 661
f 661 747 662
f 662 747 666
f 663 665 670
f 664 667 748
f 664 748 749
f 664 749 750
f 664 750 665
f 665 750 751
f 665 751 752
f 665 752 753
f 665 753 754
f 665 754 755
f 665 755 670
f 666 747 748
f 666 748 667
f 669 671 672
f 670 755 671
f 671 756 672
f 671 755 757
f 671 757 756
f 672 756 673
f 673 756 758
f 673 758 759
f 673 759 760
f 673 760 761
f 673 761 675
f 674 675 762
f 674 762 763
f 674 763 764
f 674 764 676
f 675 761 763
f 675 763 762
f 676 764 677
f 677 764 765
f 677 765 766
f 677 766 678
f 678 766 767
f 678 767 768
f 678 768 679
f 679 768 769
f 679 769 770
f 679 770 771
f 679 771 680
f 680 771 772
f 680 772 681
f 681 772 682
f 682 772 773
f 682 773 774
f 682 774 683
f 683 774 775
f 683 775 776
f 683 776 777
f 683 777 686
f 683 686 685
f 686 777 775
f 686 775 778
f 686 778 687
f 687 778 779
f 687 779 780
f 687 780 688
f 688 780 692
f 688 692 689
f 691 781 782
f 691 692 781
f 692 780 779
f 692 779 783
f 692 783 784
f 692 784 785
f 692 785 781
f 694 696 786
f 694 786 697
f 697 786 787
f 697 787 699
f 698 700 788
f 698 788 789
f 698 789 790
f 698 790 791
f 698 791 792
f 698 792 793
f 698 793 794
f 698 794 795
f 698 795 704
f 699 796 700
f 699 787 797
f 699 797 798
f 699 798 799
f 699 799 796
f 700 796 800
f 700 800 801
f 700 801 788
f 701 802 803
f 701 803 702
f 701 703 706
f 701 706 705
f 701 705 804
f 701 804 802
f 702 803 805
f 702 805 806
f 702 806 707
f 704 795 705
f 705 795 807
f 705 807 808
f 705 808 804
f 709 713 809
f 709 809 810
f 709 810 710
f 710 810 811
f 710 811 812
f 710 812 813
f 710 813 711
f 711 736 712
f 711 813 738
f 711 738 736
f 713 721 809
f 714 722 715
f 715 722 727
f 715 727 716
f 716 727 814
f 716 814 815
f 716 815 816
f 716 816 717
f 717 816 817
f 717 817 718
f 718 817 719
f 719 817 818
f 719 818 819
f 719 819 720
f 720 819 721
f 721 819 809
f 723 728 820
f 723 820 821
f 723 821 724
f 724 821 725
f 725 814 726
f 725 821 822
f 725 822 823
f 725 823 814
f 726 814 727
f 728 735 824
f 728 824 825
f 728 825 820
f 729 826 730
f 729 827 828
f 729 828 826
f 730 826 733
f 731 733 829
f 731 829 830
f 731 830 831
f 731 831 832
f 731 832 732
f 733 826 833
f 733 833 834
f 733 834 835
f 733 835 829
f 734 832 735
f 735 832 824
f 736 738 737
f 738 813 812
f 738 812 739
f 739 812 836
f 739 836 837
f 739 837 740
f 740 838 839
f 740 839 741
f 740 837 838
f 741 840 742
f 741 839 841
f 741 841 840
f 742 840 841
f 742 841 842
f 742 842 843
f 742 843 743
f 743 843 844
f 743 844 744
f 744 844 845
f 744 845 746
f 744 746 745
f 746 845 846
f 746 846 847
f 746 847 848
f 746 848 849
f 746 849 747
f 747 849 748
f 748 849 850
f 748 850 749
f 749 850 750
f 750 850 751
f 751 851 852
f 751 852 752
f 751 850 849
f 751 849 853
f 751 853 854
f 751 854 855
f 751 855 856
f 751 856 851
f 752 852 851
f 752 851 753
f 753 851 857
f 753 857 858
f 753 858 859
f 753 859 860
f 753 860 754
f 754 860 861
f 754 861 757
f 754 757 755
f 756 757 862
f 756 862 758
f 757 863 862
f 757 861 863
f 758 862 863
f 758 863 864
f 758 864 865
f 758 865 759
f 759 865 866
f 759 866 867
f 759 867 868
f 759 868 869
f 759 869 765
f 759 765 763
f 759 763 761
f 759 761 760
f 763 765 764
f 765 869 767
f 765 767 766
f 767 769 768
f 767 869 870
f 767 870 871
f 767 871 872
f 767 872 873
f 767 873 874
f 767 874 769
f 769 874 770
f 770 874 875
f 770 875 771
f 771 875 876
f 771 876 877
f 771 877 772
f 772 877 878
f 772 878 773
f 773 775 774
f 773 878 879
f 773 879 880
f 773 880 775
f 775 880 778
f 775 777 776
f 778 880 881
f 778 881 779
f 779 881 880
f 779 880 879
f 779 879 882
f 779 882 883
f 779 883 783
f 781 785 782
f 782 785 884
f 783 883 784
f 784 883 885
f 784 885 886
f 784 886 887
f 784 887 785
f 785 887 884
f 786 888 787
f 787 888 889
f 787 889 890
f 787 890 891
f 787 891 797
f 788 801 892
f 788 892 789
f 789 893 790
f 789 892 894
f 789 894 895
f 789 895 896
f 789 896 893
f 790 893 897
f 790 897 898
f 790 898 899
f 790 899 791
f 791 899 900
f 791 900 901
f 791 901 792
f 792 902 903
f 792 903 793
f 792 901 904
f 792 904 902
f 793 903 794
f 794 903 807
f 794 807 795
f 796 905 906
f 796 906 800
f 796 799 905
f 797 891 907
f 797 907 908
f 797 908 909
f 797 909 910
f 797 910 798
f 798 911 799
f 798 910 911
f 799 911 905
f 800 912 801
f 800 906 912
f 801 912 892
f 802 913 914
f 802 914 803
f 802 804 808
f 802 808 807
f 802 807 915
f 802 915 913
f 803 914 916
f 803 916 917
f 803 917 918
f 803 918 805
f 807 903 915
f 809 919 810
f 809 819 919
f 810 919 920
f 810 920 921
f 810 921 811
f 811 921 812
f 812 921 836
f 814 823 922
f 814 922 815
f 815 922 923
f 815 923 816
f 816 923 817
f 817 923 924
f 817 924 818
f 818 924 925
f 818 925 926
f 818 926 819
f 819 926 927
f 819 927 919
f 820 825 928
f 820 928 929
f 820 929 930
f 820 930 931
f 820 931 821
f 821 931 932
f 821 932 933
f 821 933 934
f 821 934 822
f 822 934 935
f 822 935 936
f 822 936 823
f 823 936 937
f 823 937 938
f 823 938 922
f 824 832 939
f 824 939 928
f 824 928 825
f 826 828 833
f 827 940 828
f 828 940 941
f 828 941 942
f 828 942 833
f 829 835 943
f 829 943 830
f 830 944 831
f 830 943 1063
f 830 1063 944
f 831 944 939
f 831 939 832
f 833 942 945
f 833 945 946
f 833 946 834
f 834 946 947
f 834 947 948
f 834 948 835
f 835 948 949
f 835 949 943
f 836 950 837
f 836 921 950
f 837 950 839
f 837 839 838
f 839 951 952
f 839 952 841
f 839 950 953
f 839 953 951
f 841 952 954
f 841 954 955
f 841 955 956
f 841 956 957
f 841 957 842
f 842 957 958
f 842 958 959
f 842 959 845
f 842 845 844
f 842 844 843
f 845 959 960
f 845 960 846
f 846 960 961
f 846 961 962
f 846 962 963
f 846 963 964
f 846 964 847
f 847 964 963
f 847 963 965
f 847 965 848
f 848 965 854
f 848 854 853
f 848 853 849
f 851 856 855
f 851 855 966
f 851 966 857
f 854 965 963
f 854 963 967
f 854 967 855
f 855 967 963
f 855 963 968
f 855 968 969
f 855 969 970
f 855 970 971
f 855 971 972
f 855 972 973
f 855 973 966
f 857 966 974
f 857 974 858
f 858 974 859
f 859 975 976
f 859 976 864
f 859 864 861
f 859 861 860
f 859 974 977
f 859 977 975
f 861 864 863
f 864 976 975
f 864 975 978
f 864 978 865
f 865 978 979
f 865 979 866
f 866 980 867
f 866 979 981
f 866 981 982
f 866 982 983
f 866 983 980
f 867 871 868
f 867 980 871
f 868 871 870
f 868 870 869
f 871 980 872
f 872 984 873
f 872 980 985
f 872 985 984
f 873 984 875
f 873 875 874
f 875 984 986
f 875 986 876
f 876 986 987
f 876 987 877
f 877 987 988
f 877 988 989
f 877 989 878
f 878 989 990
f 878 990 879
f 879 990 882
f 882 990 991
f 882 991 992
f 882 992 883
f 883 992 885
f 884 993 994
f 884 994 995
f 884 995 996
f 884 996 997
f 884 887 993
f 885 992 886
f 886 998 999
f 886 999 1000
f 886 1000 1001
f 886 1001 887
f 886 992 1002
f 886 1002 998
f 887 1001 993
f 888 1003 889
f 889 1003 1004
f 889 1004 890
f 890 1004 1005
f 890 1005 1006
f 890 1006 1007
f 890 1007 891
f 891 1007 907
f 892 912 1008
f 892 1008 1009
f 892 1009 1010
f 892 1010 1011
f 892 1011 894
f 893 896 897
f 894 1011 1012
f 894 1012 895
f 895 1012 1013
f 895 1013 896
f 896 1013 1014
f 896 1014 897
f 897 1014 1015
f 897 1015 898
f 898 1015 899
f 899 1015 1016
f 899 1016 900
f 900 1017 1018
f 900 1018 901
f 900 1016 1017
f 901 1018 904
f 902 904 1019
f 902 1019 903
f 903 1019 913
f 903 913 915
f 904 1018 1147
f 904 1147 1020
f 904 1020 1019
f 905 911 1021
f 905 1021 906
f 906 1022 912
f 906 1021 911
f 906 911 1023
f 906 1023 1022
f 907 1007 908
f 908 1024 909
f 908 1007 1025
f 908 1025 1026
f 908 1026 1027
f 908 1027 1028
f 908 1028 1024
f 909 1024 910
f 910 1024 1029
f 910 1029 1030
f 910 1030 911
f 911 1030 1031
f 911 1031 1023
f 912 1032 1033
f 912 1033 1009
f 912 1009 1008
f 912 1022 1034
f 912 1034 1032
f 913 1019 1020
f 913 1020 914
f 914 1020 1035
f 914 1035 916
f 916 1036 917
f 916 1035 1037
f 916 1037 1038
f 916 1038 1036
f 919 927 920
f 920 927 921
f 921 927 1039
f 921 1039 1040
f 921 1040 950
f 922 938 1041
f 922 1041 923
f 923 1041 924
f 924 1041 1042
f 924 1042 1043
f 924 1043 925
f 925 1043 1044
f 925 1044 1045
f 925 1045 1046
f 925 1046 1047
f 925 1047 1048
f 925 1048 926
f 926 1049 927
f 926 1048 1049
f 927 1049 1050
f 927 1050 1039
f 928 939 1051
f 928 1051 929
f 929 1051 1052
f 929 1052 1053
f 929 1053 930
f 930 1053 1054
f 930 1054 1055
f 930 1055 1056
f 930 1056 932
f 930 932 931
f 932 1056 933
f 933 1056 1057
f 933 1057 934
f 934 1057 935
f 935 1057 1058
f 935 1058 936
f 936 1058 1059
f 936 1059 1060
f 936 1060 937
f 937 1060 938
f 938 1060 1041
f 939 944 1051
f 941 1061 1062
f 941 1062 942
f 942 1062 945
f 943 949 1063
f 944 1063 1051
f 945 1062 1064
f 945 1064 1065
f 945 1065 1066
f 945 1066 946
f 946 1066 947
f 947 1067 948
f 947 1066 1068
f 947 1068 1067
f 948 1067 949
f 949 1067 1069
f 949 1069 1063
f 950 1040 953
f 951 1070 952
f 951 953 1070
f 952 1071 1072
f 952 1072 1073
f 952 1073 954
f 952 1070 1071
f 953 1040 1050
f 953 1050 1048
f 953 1048 1071
f 953 1071 1070
f 954 1073 956
f 954 956 955
f 956 1074 1075
f 956 1075 1076
f 956 1076 1077
f 956 1077 1078
f 956 1078 1079
f 956 1079 957
f 956 1073 1080
f 956 1080 1074
f 957 1079 1081
f 957 1081 958
f 958 960 959
f 958 1081 1082
f 958 1082 960
f 960 1083 962
f 960 962 961
f 960 1082 1084
f 960 1084 1083
f 962 1083 1085
f 962 1085 1086
f 962 1086 963
f 963 1086 968
f 966 973 1087
f 966 1087 974
f 968 1086 1088
f 968 1088 1089
f 968 1089 1090
f 968 1090 1091
f 968 1091 969
f 969 1091 970
f 970 1092 971
f 970 1091 1090
f 970 1090 1093
f 970 1093 1094
f 970 1094 1095
f 970 1095 1092
f 971 1092 972
f 972 1096 1087
f 972 1087 973
f 972 1092 1097
f 972 1097 1098
f 972 1098 1099
f 972 1099 1096
f 974 1087 1096
f 974 1096 1100
f 974 1100 1101
f 974 1101 977
f 975 977 1102
f 975 1102 978
f 977 1101 1102
f 978 1102 1103
f 978 1103 1104
f 978 1104 979
f 979 1104 981
f 980 983 985
f 981 1104 1105
f 981 1105 1106
f 981 1106 1107
f 981 1107 982
f 982 1107 983
f 983 1108 985
f 983 1107 1109
f 983 1109 1110
f 983 1110 1108
f 984 985 1111
f 984 1111 1112
f 984 1112 986
f 985 1108 1111
f 986 1112 1113
f 986 1113 987
f 987 1113 988
f 988 1113 1114
f 988 1114 989
f 989 1114 1115
f 989 1115 1116
f 989 1116 990
f 990 1116 991
f 991 1116 1117
f 991 1117 1002
f 991 1002 992
f 993 1001 1118
f 993 1118 994
f 994 1118 1119
f 994 1119 996
f 994 996 995
f 996 1119 1120
f 996 1120 1121
f 996 1121 1122
f 996 1122 1123
f 996 1123 1124
f 996 1124 997
f 997 1124 1125
f 998 1126 999
f 998 1002 1126
f 999 1127 1000
f 999 1126 1128
f 999 1128 1129
f 999 1129 1130
f 999 1130 1131
f 999 1131 1127
f 1000 1127 1001
f 1001 1127 1118
f 1002 1117 1132
f 1002 1132 1126
f 1006 1133 1007
f 1007 1133 1134
f 1007 1134 1025
f 1009 1033 1010
f 1010 1033 1034
f 1010 1034 1135
f 1010 1135 1136
f 1010 1136 1011
f 1011 1136 1137
f 1011 1137 1012
f 1012 1137 1138
f 1012 1138 1139
f 1012 1139 1140
f 1012 1140 1013
f 1013 1140 1141
f 1013 1141 1014
f 1014 1141 1015
f 1015 1142 1143
f 1015 1143 1144
f 1015 1144 1016
f 1015 1141 1145
f 1015 1145 1142
f 1016 1144 1146
f 1016 1146 1017
f 1017 1146 1018
f 1018 1146 1147
f 1020 1147 1148
f 1020 1148 1035
f 1022 1023 1031
f 1022 1031 1149
f 1022 1149 1150
f 1022 1150 1151
f 1022 1151 1034
f 1024 1028 1029
f 1025 1134 1152
f 1025 1152 1153
f 1025 1153 1154
f 1025 1154 1155
f 1025 1155 1026
f 1026 1155 1028
f 1026 1028 1027
f 1028 1155 1156
f 1028 1156 1157
f 1028 1157 1158
f 1028 1158 1029
f 1029 1157 1030
f 1029 1158 1157
f 1030 1157 1159
f 1030 1159 1160
f 1030 1160 1031
f 1031 1160 1161
f 1031 1161 1149
f 1032 1034 1033
f 1034 1162 1163
f 1034 1163 1164
f 1034 1164 1165
f 1034 1165 1166
f 1034 1166 1167
f 1034 1167 1168
f 1034 1168 1169
f 1034 1169 1170
f 1034 1170 1171
f 1034 1171 1172
f 1034 1172 1173
f 1034 1173 1174
f 1034 1174 1136
f 1034 1136 1135
f 1034 1151 1150
f 1034 1150 1149
f 1034 1149 1161
f 1034 1161 1175
f 1034 1175 1176
f 1034 1176 1177
f 1034 1177 1178
f 1034 1178 1179
f 1034 1179 1180
f 1034 1180 1181
f 1034 1181 1182
f 1034 1182 1183
f 1034 1183 1184
f 1034 1184 1185
f 1034 1185 1186
f 1034 1186 1187
f 1034 1187 1188
f 1034 1188 1189
f 1034 1189 1190
f 1034 1190 1191
f 1034 1191 1192
f 1034 1192 1193
f 1034 1193 1194
f 1034 1194 1195
f 1034 1195 1196
f 1034 1196 1197
f 1034 1197 1198
f 1034 1198 1199
f 1034 1199 1200
f 1034 1200 1201
f 1034 1201 1202
f 1034 1202 1203
f 1034 1203 1204
f 1034 1204 1162
f 1035 1148 1037
f 1036 1038 1205
f 1037 1148 1206
f 1037 1206 1207
f 1037 1207 1208
f 1037 1208 1209
f 1037 1209 1038
f 1038 1209 1205
f 1039 1050 1040
f 1041 1060 1210
f 1041 1210 1211
f 1041 1211 1042
f 1042 1211 1212
f 1042 1212 1213
f 1042 1213 1043
f 1043 1213 1044
f 1044 1046 1045
f 1044 1213 1214
f 1044 1214 1046
f 1046 1048 1047
f 1046 1214 1215
f 1046 1215 1048
f 1048 1050 1049
f 1048 1215 1071
f 1051 1063 1216
f 1051 1216 1217
f 1051 1217 1052
f 1052 1217 1218
f 1052 1218 1054
f 1052 1054 1053
f 1054 1218 1219
f 1054 1219 1220
f 1054 1220 1221
f 1054 1221 1222
f 1054 1222 1056
f 1054 1056 1055
f 1056 1222 1223
f 1056 1223 1057
f 1057 1223 1058
f 1058 1223 1224
f 1058 1224 1225
f 1058 1225 1226
f 1058 1226 1059
f 1059 1226 1060
f 1060 1226 1227
f 1060 1227 1228
f 1060 1228 1229
f 1060 1229 1210
f 1061 1230 1064
f 1061 1064 1062
f 1063 1069 1216
f 1064 1230 1231
f 1064 1231 1232
f 1064 1232 1065
f 1065 1068 1066
f 1065 1232 1233
f 1065 1233 1068
f 1067 1068 1234
f 1067 1234 1235
f 1067 1235 1236
f 1067 1236 1237
f 1067 1237 1238
f 1067 1238 1069
f 1068 1235 1234
f 1068 1233 1235
f 1069 1238 1239
f 1069 1239 1216
f 1071 1215 1240
f 1071 1240 1072
f 1072 1080 1073
f 1072 1240 1241
f 1072 1241 1242
f 1072 1242 1243
f 1072 1243 1244
f 1072 1244 1080
f 1074 1080 1075
f 1075 1245 1246
f 1075 1246 1247
f 1075 1247 1076
f 1075 1080 1245
f 1076 1247 1077
f 1077 1247 1246
f 1077 1246 1248
f 1077 1248 1249
f 1077 1249 1250
f 1077 1250 1251
f 1077 1251 1078
f 1078 1251 1252
f 1078 1252 1079
f 1079 1252 1253
f 1079 1253 1082
f 1079 1082 1081
f 1080 1244 1245
f 1082 1253 1254
f 1082 1254 1084
f 1083 1084 1255
f 1083 1255 1085
f 1084 1254 1256
f 1084 1256 1257
f 1084 1257 1255
f 1085 1088 1086
f 1085 1255 1088
f 1088 1255 1089
f 1089 1258 1093
f 1089 1093 1090
f 1089 1255 1259
f 1089 1259 1260
f 1089 1260 1258
f 1092 1095 1097
f 1093 1258 1261
f 1093 1261 1262
f 1093 1262 1095
f 1093 1095 1094
f 1095 1262 1263
f 1095 1263 1097
f 1096 1264 1265
f 1096 1265 1100
f 1096 1099 1098
f 1096 1098 1264
f 1097 1263 1266
f 1097 1266 1098
f 1098 1266 1267
f 1098 1267 1268
f 1098 1268 1264
f 1100 1265 1101
f 1101 1265 1102
f 1102 1265 1269
f 1102 1269 1103
f 1103 1269 1270
f 1103 1270 1271
f 1103 1271 1105
f 1103 1105 1104
f 1105 1271 1106
f 1106 1272 1107
f 1106 1271 1273
f 1106 1273 1274
f 1106 1274 1272
f 1107 1272 1109
f 1108 1110 1275
f 1108 1275 1276
f 1108 1276 1111
f 1109 1272 1277
f 1109 1277 1278
f 1109 1278 1110
f 1110 1278 1279
f 1110 1279 1275
f 1111 1276 1280
f 1111 1280 1112
f 1112 1280 1113
f 1113 1280 1281
f 1113 1281 1114
f 1114 1281 1282
f 1114 1282 1283
f 1114 1283 1284
f 1114 1284 1115
f 1115 1284 1116
f 1116 1284 1285
f 1116 1285 1117
f 1117 1285 1286
f 1117 1286 1287
f 1117 1287 1132
f 1118 1288 1119
f 1118 1127 1288
f 1119 1288 1289
f 1119 1289 1290
f 1119 1290 1291
f 1119 1291 1120
f 1120 1291 1292
f 1120 1292 1121
f 1121 1292 1293
f 1121 1293 1122
f 1122 1293 1294
f 1122 1294 1295
f 1122 1295 1123
f 1123 1295 1124
f 1124 1296 1125
f 1124 1295 1297
f 1124 1297 1296
f 1126 1132 1298
f 1126 1298 1128
f 1127 1131 1289
f 1127 1289 1288
f 1128 1298 1299
f 1128 1299 1300
f 1128 1300 1129
f 1129 1300 1299
f 1129 1299 1301
f 1129 1301 1302
f 1129 1302 1303
f 1129 1303 1130
f 1130 1303 1289
f 1130 1289 1131
f 1132 1287 1304
f 1132 1304 1298
f 1136 1174 1305
f 1136 1305 1137
f 1137 1305 1306
f 1137 1306 1307
f 1137 1307 1308
f 1137 1308 1138
f 1138 1309 1141
f 1138 1141 1139
f 1138 1308 1310
f 1138 1310 1309
f 1139 1141 1140
f 1141 1309 1145
f 1142 1145 1311
f 1142 1311 1312
f 1142 1312 1143
f 1143 1313 1314
f 1143 1314 1144
f 1143 1312 1315
f 1143 1315 1316
f 1143 1316 1313
f 1144 1314 1146
f 1145 1317 1318
f 1145 1318 1319
f 1145 1319 1320
f 1145 1320 1321
f 1145 1321 1311
f 1145 1309 1317
f 1146 1148 1322
f 1146 1322 1147
f 1146 1314 1323
f 1146 1323 1148
f 1147 1322 1148
f 1148 1323 1314
f 1148 1314 1324
f 1148 1324 1325
f 1148 1325 1206
f 1153 1326 1154
f 1154 1326 1327
f 1154 1327 1328
f 1154 1328 1329
f 1154 1329 1330
f 1154 1330 1156
f 1154 1156 1155
f 1156 1330 1331
f 1156 1331 1157
f 1157 1331 1332
f 1157 1332 1333
f 1157 1333 1334
f 1157 1334 1159
f 1159 1334 1335
f 1159 1335 1160
f 1160 1335 1175
f 1160 1175 1161
f 1162 1336 1337
f 1162 1337 1163
f 1162 1204 1338
f 1162 1338 1336
f 1163 1337 1164
f 1164 1337 1339
f 1164 1339 1340
f 1164 1340 1341
f 1164 1341 1165
f 1165 1341 1342
f 1165 1342 1166
f 1166 1343 1167
f 1166 1342 1343
f 1167 1343 1344
f 1167 1344 1345
f 1167 1345 1168
f 1168 1346 1170
f 1168 1170 1169
f 1168 1345 1347
f 1168 1347 1346
f 1170 1346 1348
f 1170 1348 1171
f 1171 1348 1172
f 1172 1348 1349
f 1172 1349 1306
f 1172 1306 1350
f 1172 1350 1305
f 1172 1305 1173
f 1173 1305 1351
f 1173 1351 1174
f 1174 1351 1305
f 1175 1335 1176
f 1176 1335 1352
f 1176 1352 1353
f 1176 1353 1177
f 1177 1353 1178
f 1178 1354 1355
f 1178 1355 1356
f 1178 1356 1179
f 1178 1353 1354
f 1179 1356 1357
f 1179 1357 1358
f 1179 1358 1359
f 1179 1359 1360
f 1179 1360 1180
f 1180 1360 1361
f 1180 1361 1181
f 1181 1361 1362
f 1181 1362 1363
f 1181 1363 1182
f 1182 1363 1364
f 1182 1364 1365
f 1182 1365 1366
f 1182 1366 1367
f 1182 1367 1183
f 1183 1367 1185
f 1183 1185 1184
f 1185 1367 1368
f 1185 1368 1186
f 1186 1368 1369
f 1186 1369 1187
f 1187 1369 1370
f 1187 1370 1371
f 1187 1371 1372
f 1187 1372 1188
f 1188 1372 1373
f 1188 1373 1374
f 1188 1374 1375
f 1188 1375 1376
f 1188 1376 1189
f 1189 1376 1190
f 1190 1376 1191
f 1191 1376 1377
f 1191 1377 1378
f 1191 1378 1379
f 1191 1379 1192
f 1192 1379 1380
f 1192 1380 1381
f 1192 1381 1382
f 1192 1382 1193
f 1193 1382 1383
f 1193 1383 1384
f 1193 1384 1385
f 1193 1385 1386
f 1193 1386 1387
f 1193 1387 1194
f 1194 1387 1388
f 1194 1388 1389
f 1194 1389 1390
f 1194 1390 1391
f 1194 1391 1195
f 1195 1391 1196
f 1196 1391 1392
f 1196 1392 1393
f 1196 1393 1197
f 1197 1393 1394
f 1197 1394 1198
f 1198 1394 1395
f 1198 1395 1396
f 1198 1396 1397
f 1198 1397 1398
f 1198 1398 1200
f 1198 1200 1199
f 1200 1398 1399
f 1200 1399 1201
f 1201 1399 1202
f 1202 1399 1398
f 1202 1398 1400
f 1202 1400 1401
f 1202 1401 1402
f 1202 1402 1204
f 1202 1204 1203
f 1204 1402 1403
f 1204 1403 1338
f 1206 1325 1207
f 1207 1325 1404
f 1207 1404 1208
f 1210 1229 1212
f 1210 1212 1211
f 1212 1229 1405
f 1212 1405 1213
f 1213 1405 1406
f 1213 1406 1407
f 1213 1407 1408
f 1213 1408 1409
f 1213 1409 1214
f 1214 1409 1215
f 1215 1409 1410
f 1215 1410 1240
f 1216 1239 1411
f 1216 1411 1217
f 1217 1411 1412
f 1217 1412 1218
f 1218 1412 1219
f 1219 1411 1413
f 1219 1413 1414
f 1219 1414 1415
f 1219 1415 1416
f 1219 1416 1417
f 1219 1417 1220
f 1219 1412 1411
f 1220 1417 1418
f 1220 1418 1221
f 1221 1418 1419
f 1221 1419 1224
f 1221 1224 1222
f 1222 1224 1223
f 1224 1419 1225
f 1225 1419 1420
f 1225 1420 1226
f 1226 1420 1421
f 1226 1421 1227
f 1227 1421 1422
f 1227 1422 1406
f 1227 1406 1405
f 1227 1405 1228
f 1228 1405 1229
f 1230 1423 1231
f 1231 1423 1424
f 1231 1424 1425
f 1231 1425 1426
f 1231 1426 1232
f 1232 1426 1427
f 1232 1427 1428
f 1232 1428 1233
f 1233 1428 1429
f 1233 1429 1235
f 1235 1429 1430
f 1235 1430 1431
f 1235 1431 1236
f 1236 1431 1432
f 1236 1432 1237
f 1237 1432 1433
f 1237 1433 1238
f 1238 1434 1239
f 1238 1433 1435
f 1238 1435 1413
f 1238 1413 1434
f 1239 1434 1413
f 1239 1413 1411
f 1240 1410 1436
f 1240 1436 1437
f 1240 1437 1241
f 1241 1437 1242
f 1242 1438 1243
f 1242 1437 1439
f 1242 1439 1440
f 1242 1440 1441
f 1242 1441 1438
f 1243 1438 1441
f 1243 1441 1244
f 1244 1441 1442
f 1244 1442 1443
f 1244 1443 1444
f 1244 1444 1245
f 1245 1445 1446
f 1245 1446 1246
f 1245 1444 1447
f 1245 1447 1445
f 1246 1446 1448
f 1246 1448 1248
f 1248 1449 1450
f 1248 1450 1249
f 1248 1448 1451
f 1248 1451 1452
f 1248 1452 1449
f 1249 1450 1250
f 1250 1453 1251
f 1250 1450 1453
f 1251 1454 1252
f 1251 1453 1454
f 1252 1254 1253
f 1252 1454 1254
f 1254 1454 1256
f 1255 1257 1455
f 1255 1455 1456
f 1255 1456 1259
f 1256 1455 1257
f 1256 1454 1453
f 1256 1453 1457
f 1256 1457 1458
f 1256 1458 1459
f 1256 1459 1455
f 1258 1460 1261
f 1258 1260 1461
f 1258 1461 1460
f 1259 1456 1455
f 1259 1455 1462
f 1259 1462 1463
f 1259 1463 1260
f 1260 1463 1461
f 1261 1464 1262
f 1261 1460 1465
f 1261 1465 1466
f 1261 1466 1464
f 1262 1464 1263
f 1263 1464 1266
f 1264 1268 1467
f 1264 1467 1468
f 1264 1468 1269
f 1264 1269 1265
f 1266 1464 1469
f 1266 1469 1267
f 1267 1469 1470
f 1267 1470 1471
f 1267 1471 1472
f 1267 1472 1473
f 1267 1473 1474
f 1267 1474 1467
f 1267 1467 1268
f 1269 1468 1475
f 1269 1475 1270
f 1270 1475 1273
f 1270 1273 1271
f 1272 1274 1476
f 1272 1476 1477
f 1272 1477 1277
f 1273 1475 1478
f 1273 1478 1274
f 1274 1478 1479
f 1274 1479 1480
f 1274 1480 1476
f 1275 1279 1481
f 1275 1481 1280
f 1275 1280 1276
f 1277 1477 1482
f 1277 1482 1278
f 1278 1482 1483
f 1278 1483 1484
f 1278 1484 1279
f 1279 1484 1485
f 1279 1485 1481
f 1280 1481 1282
f 1280 1282 1281
f 1282 1481 1485
f 1282 1485 1486
f 1282 1486 1487
f 1282 1487 1488
f 1282 1488 1489
f 1282 1489 1283
f 1283 1489 1284
f 1284 1489 1490
f 1284 1490 1287
f 1284 1287 1285
f 1285 1287 1286
f 1287 1491 1492
f 1287 1492 1493
f 1287 1493 1494
f 1287 1494 1495
f 1287 1495 1304
f 1287 1490 1491
f 1289 1303 1496
f 1289 1496 1290
f 1290 1292 1291
f 1290 1496 1497
f 1290 1497 1498
f 1290 1498 1499
f 1290 1499 1293
f 1290 1293 1292
f 1293 1499 1294
f 1294 1500 1501
f 1294 1501 1295
f 1294 1499 1502
f 1294 1502 1503
f 1294 1503 1504
f 1294 1504 1500
f 1295 1501 1505
f 1295 1505 1506
f 1295 1506 1507
f 1295 1507 1297
f 1298 1304 1299
f 1299 1508 1509
f 1299 1509 1510
f 1299 1510 1511
f 1299 1511 1301
f 1299 1304 1508
f 1301 1511 1302
f 1302 1497 1496
f 1302 1496 1303
f 1302 1511 1512
f 1302 1512 1513
f 1302 1513 1514
f 1302 1514 1497
f 1304 1495 1508
f 1305 1350 1306
f 1306 1349 1310
f 1306 1310 1308
f 1306 1308 1307
f 1309 1310 1515
f 1309 1515 1318
f 1309 1318 1317
f 1310 1349 1348
f 1310 1348 1516
f 1310 1516 1517
f 1310 1517 1515
f 1311 1315 1312
f 1311 1321 1518
f 1311 1518 1315
f 1313 1519 1520
f 1313 1520 1521
f 1313 1521 1522
f 1313 1522 1314
f 1313 1316 1519
f 1314 1522 1523
f 1314 1523 1325
f 1314 1325 1324
f 1315 1524 1316
f 1315 1518 1525
f 1315 1525 1526
f 1315 1526 1527
f 1315 1527 1524
f 1316 1524 1528
f 1316 1528 1519
f 1318 1515 1319
f 1319 1517 1529
f 1319 1529 1320
f 1319 1515 1517
f 1320 1529 1530
f 1320 1530 1321
f 1321 1530 1531
f 1321 1531 1532
f 1321 1532 1518
f 1325 1523 1533
f 1325 1533 1534
f 1325 1534 1535
f 1325 1535 1404
f 1327 1536 1537
f 1327 1537 1328
f 1328 1537 1538
f 1328 1538 1329
f 1329 1538 1539
f 1329 1539 1540
f 1329 1540 1541
f 1329 1541 1330
f 1330 1541 1331
f 1331 1542 1543
f 1331 1543 1332
f 1331 1541 1542
f 1332 1543 1544
f 1332 1544 1545
f 1332 1545 1546
f 1332 1546 1334
f 1332 1334 1333
f 1334 1546 1547
f 1334 1547 1335
f 1335 1547 1352
f 1336 1338 1548
f 1336 1548 1549
f 1336 1549 1550
f 1336 1550 1337
f 1337 1550 1339
f 1338 1403 1548
f 1339 1550 1551
f 1339 1551 1552
f 1339 1552 1340
f 1340 1552 1553
f 1340 1553 1342
f 1340 1342 1341
f 1342 1553 1343
f 1343 1553 1554
f 1343 1554 1760
f 1343 1760 1555
f 1343 1555 1344
f 1344 1555 1556
f 1344 1556 1557
f 1344 1557 1345
f 1345 1557 1558
f 1345 1558 1347
f 1346 1516 1348
f 1346 1347 1529
f 1346 1529 1517
f 1346 1517 1516
f 1347 1558 1529
f 1352 1559 1354
f 1352 1354 1353
f 1352 1547 1546
f 1352 1546 1560
f 1352 1560 1559
f 1354 1559 1355
f 1355 1561 1356
f 1355 1559 1562
f 1355 1562 1560
f 1355 1560 1561
f 1356 1561 1357
f 1357 1563 1564
f 1357 1564 1358
f 1357 1561 1563
f 1358 1565 1359
f 1358 1564 1563
f 1358 1563 1566
f 1358 1566 1567
f 1358 1567 1568
f 1358 1568 1565
f 1359 1565 1361
f 1359 1361 1360
f 1361 1565 1362
f 1362 1565 1569
f 1362 1569 1363
f 1363 1569 1570
f 1363 1570 1571
f 1363 1571 1364
f 1364 1571 1572
f 1364 1572 1365
f 1365 1572 1573
f 1365 1573 1574
f 1365 1574 1366
f 1366 1574 1575
f 1366 1575 1576
f 1366 1576 1367
f 1367 1576 1368
f 1368 1576 1369
f 1369 1576 1371
f 1369 1371 1370
f 1371 1576 1577
f 1371 1577 1578
f 1371 1578 1373
f 1371 1373 1372
f 1373 1578 1374
f 1374 1578 1375
f 1375 1578 1579
f 1375 1579 1580
f 1375 1580 1581
f 1375 1581 1582
f 1375 1582 1583
f 1375 1583 1584
f 1375 1584 1376
f 1376 1584 1585
f 1376 1585 1378
f 1376 1378 1377
f 1378 1585 1586
f 1378 1586 1587
f 1378 1587 1379
f 1379 1587 1588
f 1379 1588 1380
f 1380 1589 1382
f 1380 1382 1381
f 1380 1588 1587
f 1380 1587 1586
f 1380 1586 1590
f 1380 1590 1589
f 1382 1589 1383
f 1383 1589 1591
f 1383 1591 1592
f 1383 1592 1593
f 1383 1593 1384
f 1384 1593 1385
f 1385 1593 1594
f 1385 1594 1595
f 1385 1595 1596
f 1385 1596 1386
f 1386 1596 1597
f 1386 1597 1388
f 1386 1388 1387
f 1388 1597 1598
f 1388 1598 1599
f 1388 1599 1389
f 1389 1599 1390
f 1390 1599 1600
f 1390 1600 1392
f 1390 1392 1391
f 1392 1394 1393
f 1392 1600 1394
f 1394 1601 1395
f 1394 1600 1602
f 1394 1602 1603
f 1394 1603 1604
f 1394 1604 1601
f 1395 1601 1396
f 1396 1605 1606
f 1396 1606 1397
f 1396 1601 1607
f 1396 1607 1608
f 1396 1608 1605
f 1397 1606 1609
f 1397 1609 1398
f 1398 1609 1400
f 1400 1609 1401
f 1401 1609 1610
f 1401 1610 1611
f 1401 1611 1403
f 1401 1403 1402
f 1403 1612 1548
f 1403 1611 1612
f 1406 1422 1407
f 1407 1613 1614
f 1407 1614 1615
f 1407 1615 1616
f 1407 1616 1617
f 1407 1617 1408
f 1407 1422 1613
f 1408 1617 1410
f 1408 1410 1409
f 1410 1617 1618
f 1410 1618 1619
f 1410 1619 1436
f 1413 1435 1620
f 1413 1620 1621
f 1413 1621 1622
f 1413 1622 1623
f 1413 1623 1624
f 1413 1624 1414
f 1414 1624 1415
f 1415 1624 1625
f 1415 1625 1626
f 1415 1626 1416
f 1416 1626 1417
f 1417 1626 1627
f 1417 1627 1418
f 1418 1627 1419
f 1419 1628 1420
f 1419 1627 1629
f 1419 1629 1630
f 1419 1630 1631
f 1419 1631 1628
f 1420 1628 1632
f 1420 1632 1421
f 1421 1632 1613
f 1421 1613 1422
f 1424 1633 1426
f 1424 1426 1425
f 1426 1634 1635
f 1426 1635 1636
f 1426 1636 1637
f 1426 1637 1638
f 1426 1638 1639
f 1426 1639 1640
f 1426 1640 1427
f 1426 1633 1634
f 1427 1640 1639
f 1427 1639 1641
f 1427 1641 1428
f 1428 1641 1430
f 1428 1430 1429
f 1430 1642 1643
f 1430 1643 1644
f 1430 1644 1645
f 1430 1645 1646
f 1430 1646 1431
f 1430 1641 1647
f 1430 1647 1642
f 1431 1648 1621
f 1431 1621 1432
f 1431 1646 1648
f 1432 1621 1433
f 1433 1621 1620
f 1433 1620 1435
f 1436 1619 1649
f 1436 1649 1437
f 1437 1649 1439
f 1439 1649 1619
f 1439 1619 1650
f 1439 1650 1651
f 1439 1651 1652
f 1439 1652 1440
f 1440 1652 1441
f 1441 1652 1653
f 1441 1653 1654
f 1441 1654 1443
f 1441 1443 1442
f 1443 1447 1444
f 1443 1654 1652
f 1443 1652 1655
f 1443 1655 1656
f 1443 1656 1657
f 1443 1657 1658
f 1443 1658 1659
f 1443 1659 1447
f 1445 1447 1660
f 1445 1660 1661
f 1445 1661 1446
f 1446 1661 1448
f 1447 1659 1660
f 1448 1452 1451
f 1448 1661 1660
f 1448 1660 1662
f 1448 1662 1663
f 1448 1663 1664
f 1448 1664 1665
f 1448 1665 1452
f 1449 1452 1450
f 1450 1452 1666
f 1450 1666 1667
f 1450 1667 1668
f 1450 1668 1669
f 1450 1669 1670
f 1450 1670 1457
f 1450 1457 1453
f 1452 1671 1666
f 1452 1665 1672
f 1452 1672 1673
f 1452 1673 1671
f 1455 1459 1674
f 1455 1674 1462
f 1457 1670 1669
f 1457 1669 1675
f 1457 1675 1458
f 1458 1675 1676
f 1458 1676 1677
f 1458 1677 1459
f 1459 1677 1674
f 1460 1461 1465
f 1461 1463 1678
f 1461 1678 1679
f 1461 1679 1680
f 1461 1680 1465
f 1462 1674 1463
f 1463 1674 1678
f 1464 1466 1465
f 1464 1465 1681
f 1464 1681 1682
f 1464 1682 1469
f 1465 1683 1684
f 1465 1684 1685
f 1465 1685 1681
f 1465 1680 1683
f 1467 1686 1475
f 1467 1475 1468
f 1467 1474 1686
f 1469 1682 1470
f 1470 1687 1688
f 1470 1688 1471
f 1470 1682 1689
f 1470 1689 1687
f 1471 1688 1472
f 1472 1690 1691
f 1472 1691 1473
f 1472 1688 1690
f 1473 1691 1478
f 1473 1478 1686
f 1473 1686 1474
f 1475 1686 1478
f 1476 1480 1692
f 1476 1692 1477
f 1477 1692 1693
f 1477 1693 1482
f 1478 1691 1694
f 1478 1694 1479
f 1479 1693 1480
f 1479 1694 1695
f 1479 1695 1696
f 1479 1696 1697
f 1479 1697 1693
f 1480 1693 1692
f 1482 1693 1698
f 1482 1698 1699
f 1482 1699 1483
f 1483 1699 1484
f 1484 1700 1485
f 1484 1699 1701
f 1484 1701 1702
f 1484 1702 1703
f 1484 1703 1704
f 1484 1704 1700
f 1485 1700 1486
f 1486 1700 1705
f 1486 1705 1487
f 1487 1705 1706
f 1487 1706 1492
f 1487 1492 1491
f 1487 1491 1488
f 1488 1491 1489
f 1489 1491 1490
f 1492 1706 1493
f 1493 1706 1707
f 1493 1707 1708
f 1493 1708 1709
f 1493 1709 1710
f 1493 1710 1494
f 1494 1710 1509
f 1494 1509 1508
f 1494 1508 1495
f 1497 1514 1711
f 1497 1711 1498
f 1498 1711 1499
f 1499 1711 1712
f 1499 1712 1713
f 1499 1713 1502
f 1500 1504 1714
f 1500 1714 1505
f 1500 1505 1501
f 1502 1713 1715
f 1502 1715 1716
f 1502 1716 1717
f 1502 1717 1718
f 1502 1718 1503
f 1503 1718 1717
f 1503 1717 1716
f 1503 1716 1719
f 1503 1719 1720
f 1503 1720 1721
f 1503 1721 1722
f 1503 1722 1723
f 1503 1723 1724
f 1503 1724 1504
f 1504 1724 1714
f 1505 1714 1506
f 1506 1714 1725
f 1509 1710 1510
f 1510 1726 1511
f 1510 1710 1726
f 1511 1726 1512
f 1512 1726 1727
f 1512 1727 1513
f 1513 1727 1716
f 1513 1716 1514
f 1514 1716 1715
f 1514 1715 1712
f 1514 1712 1711
f 1518 1532 1728
f 1518 1728 1525
f 1519 1528 1520
f 1520 1528 1524
f 1520 1524 1527
f 1520 1527 1729
f 1520 1729 1730
f 1520 1730 1731
f 1520 1731 1521
f 1521 1731 1732
f 1521 1732 1733
f 1521 1733 1734
f 1521 1734 1735
f 1521 1735 1736
f 1521 1736 1522
f 1522 1533 1523
f 1522 1736 1737
f 1522 1737 1533
f 1525 1728 1738
f 1525 1738 1526
f 1526 1739 1527
f 1526 1738 1740
f 1526 1740 1739
f 1527 1739 1729
f 1529 1558 1530
f 1530 1558 1531
f 1531 1558 1557
f 1531 1557 1741
f 1531 1741 1742
f 1531 1742 1728
f 1531 1728 1532
f 1536 1743 1537
f 1537 1743 1744
f 1537 1744 1538
f 1538 1745 1539
f 1538 1744 1745
f 1539 1745 1746
f 1539 1746 1540
f 1540 1746 1747
f 1540 1747 1748
f 1540 1748 1543
f 1540 1543 1542
f 1540 1542 1541
f 1543 1748 1544
f 1544 1560 1545
f 1544 1748 1747
f 1544 1747 1749
f 1544 1749 1750
f 1544 1750 1560
f 1545 1560 1546
f 1548 1612 1752
f 1548 1752 1549
f 1549 1751 1753
f 1549 1753 1550
f 1549 1752 1751
f 1550 1753 1551
f 1551 1753 1754
f 1551 1754 1755
f 1551 1755 1756
f 1551 1756 1757
f 1551 1757 1552
f 1552 1757 1554
f 1552 1554 1553
f 1554 1757 1758
f 1554 1758 1759
f 1554 1759 1760
f 1555 1760 1761
f 1555 1761 1556
f 1556 1762 1741
f 1556 1741 1557
f 1556 1761 1762
f 1559 1560 1562
f 1560 1750 1763
f 1560 1763 1567
f 1560 1567 1566
f 1560 1566 1563
f 1560 1563 1561
f 1565 1764 1569
f 1565 1568 1765
f 1565 1765 1764
f 1567 1763 1568
f 1568 1763 1766
f 1568 1766 1767
f 1568 1767 1768
f 1568 1768 1765
f 1569 1764 1570
f 1570 1769 1571
f 1570 1764 1769
f 1571 1573 1572
f 1571 1769 1768
f 1571 1768 1770
f 1571 1770 1771
f 1571 1771 1772
f 1571 1772 1573
f 1573 1772 1574
f 1574 1772 1773
f 1574 1773 1774
f 1574 1774 1575
f 1575 1774 1775
f 1575 1775 1776
f 1575 1776 1576
f 1576 1776 1577
f 1577 1777 1778
f 1577 1778 1578
f 1577 1776 1777
f 1578 1778 1779
f 1578 1779 1780
f 1578 1780 1580
f 1578 1580 1579
f 1580 1780 1781
f 1580 1781 1582
f 1580 1582 1581
f 1582 1781 1782
f 1582 1782 1783
f 1582 1783 1784
f 1582 1784 1785
f 1582 1785 1786
f 1582 1786 1583
f 1583 1786 1787
f 1583 1787 1788
f 1583 1788 1584
f 1584 1788 1585
f 1585 1788 1586
f 1586 1788 1789
f 1586 1789 1590
f 1589 1590 1790
f 1589 1790 1591
f 1590 1791 1792
f 1590 1792 1790
f 1590 1789 1793
f 1590 1793 1794
f 1590 1794 1791
f 1591 1790 1592
f 1592 1790 1792
f 1592 1792 1795
f 1592 1795 1796
f 1592 1796 1595
f 1592 1595 1593
f 1593 1595 1594
f 1595 1796 1797
f 1595 1797 1798
f 1595 1798 1799
f 1595 1799 1800
f 1595 1800 1598
f 1595 1598 1596
f 1596 1598 1597
f 1598 1800 1801
f 1598 1801 1599
f 1599 1801 1600
f 1600 1801 1802
f 1600 1802 1602
f 1601 1604 1803
f 1601 1803 1607
f 1602 1802 1804
f 1602 1804 1603
f 1603 1804 1805
f 1603 1805 1806
f 1603 1806 1604
f 1604 1806 1803
f 1605 1608 1807
f 1605 1807 1808
f 1605 1808 1809
f 1605 1809 1810
f 1605 1810 1811
f 1605 1811 1812
f 1605 1812 1606
f 1606 1812 1813
f 1606 1813 1609
f 1607 1807 1608
f 1607 1803 1807
f 1609 1813 1814
f 1609 1814 1610
f 1610 1814 1611
f 1611 1814 1815
f 1611 1815 1816
f 1611 1816 1612
f 1612 1816 1817
f 1612 1817 1752
f 1613 1632 1818
f 1613 1818 1614
f 1614 1818 1631
f 1614 1631 1819
f 1614 1819 1820
f 1614 1820 1615
f 1615 1820 1821
f 1615 1821 1822
f 1615 1822 1823
f 1615 1823 1824
f 1615 1824 1616
f 1616 1824 1825
f 1616 1825 1617
f 1617 1825 1826
f 1617 1826 1618
f 1618 1826 1619
f 1619 1826 1650
f 1621 1648 1827
f 1621 1827 1622
f 1622 1828 1624
f 1622 1624 1623
f 1622 1827 1829
f 1622 1829 1828
f 1624 1828 1830
f 1624 1830 1627
f 1624 1627 1831
f 1624 1831 1625
f 1625 1831 1626
f 1626 1831 1627
f 1627 1830 1832
f 1627 1832 1833
f 1627 1833 1629
f 1628 1818 1632
f 1628 1631 1818
f 1629 1834 1630
f 1629 1833 1834
f 1630 1834 1835
f 1630 1835 1631
f 1631 1835 1819
f 1635 1836 1636
f 1636 1836 1837
f 1636 1837 1637
f 1637 1837 1838
f 1637 1838 1839
f 1637 1839 2054
f 1637 2054 1840
f 1637 1840 1841
f 1637 1841 1842
f 1637 1842 1843
f 1637 1843 1638
f 1638 1844 1639
f 1638 1843 1844
f 1639 1647 1641
f 1639 1844 1647
f 1642 1845 1643
f 1642 1647 1845
f 1643 1845 1846
f 1643 1846 1847
f 1643 1847 1644
f 1644 1847 1848
f 1644 1848 2060
f 1644 2060 1849
f 1644 1849 1645
f 1645 1849 1646
f 1646 1849 1850
f 1646 1850 1851
f 1646 1851 1648
f 1647 1844 1845
f 1648 1851 1852
f 1648 1852 1827
f 1650 1826 1825
f 1650 1825 1853
f 1650 1853 1854
f 1650 1854 1855
f 1650 1855 1856
f 1650 1856 1857
f 1650 1857 1858
f 1650 1858 1859
f 1650 1859 1860
f 1650 1860 1651
f 1651 1860 1861
f 1651 1861 1862
f 1651 1862 1652
f 1652 1862 1863
f 1652 1863 1864
f 1652 1864 1865
f 1652 1865 1866
f 1652 1866 1867
f 1652 1867 1655
f 1652 1654 1653
f 1655 1867 1656
f 1656 1867 1868
f 1656 1868 1869
f 1656 1869 1870
f 1656 1870 1871
f 1656 1871 1872
f 1656 1872 1657
f 1657 1872 1658
f 1658 1872 1873
f 1658 1873 1874
f 1658 1874 1659
f 1659 1874 1875
f 1659 1875 1660
f 1660 1875 1876
f 1660 1876 1663
f 1660 1663 1662
f 1663 1665 1664
f 1663 1876 1874
f 1663 1874 1877
f 1663 1877 1878
f 1663 1878 1879
f 1663 1879 1880
f 1663 1880 1881
f 1663 1881 1882
f 1663 1882 1665
f 1665 1882 1883
f 1665 1883 1884
f 1665 1884 1885
f 1665 1885 1672
f 1666 1671 1667
f 1667 1886 1669
f 1667 1669 1668
f 1667 1671 1887
f 1667 1887 1888
f 1667 1888 1889
f 1667 1889 1890
f 1667 1890 1886
f 1669 1676 1675
f 1669 1886 1890
f 1669 1890 1676
f 1671 1673 1887
f 1672 1885 1673
f 1673 1888 1887
f 1673 1885 1884
f 1673 1884 1891
f 1673 1891 1892
f 1673 1892 1893
f 1673 1893 1888
f 1674 1677 1894
f 1674 1894 1895
f 1674 1895 1896
f 1674 1896 1678
f 1676 1897 1898
f 1676 1898 1894
f 1676 1894 1677
f 1676 1890 1899
f 1676 1899 1897
f 1678 1896 1900
f 1678 1900 1901
f 1678 1901 1680
f 1678 1680 1679
f 1680 1901 1900
f 1680 1900 1902
f 1680 1902 1903
f 1680 1903 1683
f 1681 1904 1682
f 1681 1685 1904
f 1682 1904 1689
f 1683 1905 1684
f 1683 1903 1905
f 1684 1905 1904
f 1684 1904 1685
f 1687 1906 1907
f 1687 1907 1908
f 1687 1908 1688
f 1687 1689 1906
f 1688 1908 1690
f 1689 1909 1910
f 1689 1910 1911
f 1689 1911 1912
f 1689 1912 1906
f 1689 1904 1909
f 1690 1695 1691
f 1690 1908 1695
f 1691 1695 1694
f 1693 1697 1696
f 1693 1696 1698
f 1695 1908 1913
f 1695 1913 1696
f 1696 1914 1698
f 1696 1913 1915
f 1696 1915 1916
f 1696 1916 1917
f 1696 1917 1914
f 1698 1914 1918
f 1698 1918 1919
f 1698 1919 1701
f 1698 1701 1699
f 1700 1704 1920
f 1700 1920 1706
f 1700 1706 1705
f 1701 1919 1921
f 1701 1921 1702
f 1702 1921 1703
f 1703 1922 1704
f 1703 1921 1923
f 1703 1923 1708
f 1703 1708 1922
f 1704 1922 1920
f 1706 1920 1707
f 1707 1920 1922
f 1707 1922 1708
f 1708 1923 1924
f 1708 1924 1925
f 1708 1925 1926
f 1708 1926 1709
f 1709 1926 1927
f 1709 1927 1928
f 1709 1928 1929
f 1709 1929 1930
f 1709 1930 1710
f 1710 1930 1726
f 1712 1715 1713
f 1714 1931 1725
f 1714 1724 1932
f 1714 1932 1933
f 1714 1933 1931
f 1716 1934 1935
f 1716 1935 1936
f 1716 1936 1937
f 1716 1937 1719
f 1716 1727 1934
f 1719 1937 1720
f 1720 1937 1721
f 1721 1938 1939
f 1721 1939 1722
f 1721 1937 1938
f 1722 1939 1940
f 1722 1940 1941
f 1722 1941 1723
f 1723 1941 1724
f 1724 1941 1932
f 1726 1930 1929
f 1726 1929 1942
f 1726 1942 1727
f 1727 1942 1943
f 1727 1943 1944
f 1727 1944 1934
f 1728 1742 1950
f 1728 1950 1738
f 1729 1739 1945
f 1729 1945 1946
f 1729 1946 1730
f 1730 1733 1732
f 1730 1732 1731
f 1730 1946 1947
f 1730 1947 1948
f 1730 1948 1733
f 1734 1949 1735
f 1735 1949 1736
f 1736 1949 1737
f 1738 1950 1740
f 1739 1740 1945
f 1740 1950 1945
f 1741 1762 1742
f 1742 1762 1950
f 1744 1951 1745
f 1745 1951 1952
f 1745 1952 1953
f 1745 1953 1954
f 1745 1954 1746
f 1746 1954 1955
f 1746 1955 1956
f 1746 1956 1747
f 1747 1956 1957
f 1747 1957 1958
f 1747 1958 1750
f 1747 1750 1749
f 1750 1958 1959
f 1750 1959 1766
f 1750 1766 1763
f 1751 1752 1960
f 1751 1960 1961
f 1751 1961 1962
f 1751 1962 1754
f 1751 1754 1753
f 1752 1817 1960
f 1754 1962 1755
f 1755 1963 1964
f 1755 1964 1756
f 1755 1962 1965
f 1755 1965 1966
f 1755 1966 1967
f 1755 1967 1963
f 1756 1964 1757
f 1757 1968 1758
f 1757 1964 1968
f 1758 1968 1759
f 1759 1968 1969
f 1759 1969 1970
f 1759 1970 1760
f 1760 1970 1761
f 1761 1970 1971
f 1761 1971 1972
f 1761 1972 1973
f 1761 1973 1974
f 1761 1974 1975
f 1761 1975 1762
f 1762 1975 1974
f 1762 1974 1976
f 1762 1976 1950
f 1764 1765 1769
f 1765 1768 1769
f 1766 1977 1978
f 1766 1978 1979
f 1766 1979 1767
f 1766 1959 1977
f 1767 1979 1980
f 1767 1980 1981
f 1767 1981 1768
f 1768 1981 1982
f 1768 1982 1983
f 1768 1983 1984
f 1768 1984 1985
f 1768 1985 1986
f 1768 1986 1770
f 1770 1986 1987
f 1770 1987 1988
f 1770 1988 1771
f 1771 1988 1987
f 1771 1987 1989
f 1771 1989 1773
f 1771 1773 1772
f 1773 1989 1990
f 1773 1990 1774
f 1774 1990 1775
f 1775 1990 1991
f 1775 1991 1992
f 1775 1992 1776
f 1776 1992 1777
f 1777 1992 1993
f 1777 1993 1994
f 1777 1994 1995
f 1777 1995 1996
f 1777 1996 1778
f 1778 1996 1779
f 1779 1996 1995
f 1779 1995 1997
f 1779 1997 1781
f 1779 1781 1780
f 1781 1997 1998
f 1781 1998 1999
f 1781 1999 2000
f 1781 2000 2001
f 1781 2001 1782
f 1782 2002 2003
f 1782 2003 2004
f 1782 2004 1783
f 1782 2001 2005
f 1782 2005 2002
f 1783 2004 1784
f 1784 2004 2006
f 1784 2006 2007
f 1784 2007 2008
f 1784 2008 2009
f 1784 2009 1785
f 1785 2009 2010
f 1785 2010 1786
f 1786 2010 1787
f 1787 2010 1794
f 1787 1794 1788
f 1788 1794 1793
f 1788 1793 1789
f 1791 1794 2011
f 1791 2011 1792
f 1792 2012 2013
f 1792 2013 1795
f 1792 2011 2012
f 1794 2010 2014
f 1794 2014 2015
f 1794 2015 2011
f 1795 2013 1796
f 1796 2013 2016
f 1796 2016 1797
f 1797 2017 1798
f 1797 2016 2017
f 1798 2017 2018
f 1798 2018 2019
f 1798 2019 1801
f 1798 1801 1800
f 1798 1800 1799
f 1801 2019 1802
f 1802 2019 2020
f 1802 2020 1804
f 1803 1806 1805
f 1803 1805 2021
f 1803 2021 2022
f 1803 2022 2023
f 1803 2023 2024
f 1803 2024 2025
f 1803 2025 1807
f 1804 2020 2026
f 1804 2026 1805
f 1805 2026 2021
f 1807 2025 2027
f 1807 2027 1808
f 1808 2027 2029
f 1808 2029 1809
f 1809 2028 1810
f 1809 2029 2028
f 1810 2028 2030
f 1810 2030 2031
f 1810 2031 1811
f 1811 2031 2032
f 1811 2032 1812
f 1812 2032 1813
f 1813 2032 1814
f 1814 2033 1815
f 1814 2032 2033
f 1815 2033 2034
f 1815 2034 2035
f 1815 2035 1817
f 1815 1817 1816
f 1817 2035 1960
f 1819 1835 1820
f 1820 1835 2036
f 1820 2036 2037
f 1820 2037 1821
f 1821 2037 2038
f 1821 2038 1822
f 1822 2038 1855
f 1822 1855 1853
f 1822 1853 1823
f 1823 1853 1824
f 1824 1853 1825
f 1827 1852 1829
f 1828 2039 1830
f 1828 1829 2039
f 1829 1852 2040
f 1829 2040 2041
f 1829 2041 2042
f 1829 2042 2039
f 1830 2039 2043
f 1830 2043 2044
f 1830 2044 2045
f 1830 2045 1832
f 1832 2046 1833
f 1832 2045 2047
f 1832 2047 2046
f 1833 2046 2048
f 1833 2048 1834
f 1834 2048 2036
f 1834 2036 1835
f 1836 2049 1837
f 1837 2049 2050
f 1837 2050 2051
f 1837 2051 1838
f 1838 2051 2052
f 1838 2052 2053
f 1838 2053 2054
f 1838 2054 1839
f 1840 2054 2055
f 1840 2055 1841
f 1841 2055 2056
f 1841 2056 1842
f 1842 1846 1843
f 1842 2056 1846
f 1843 1846 1845
f 1843 1845 1844
f 1846 2056 1847
f 1847 2056 2057
f 1847 2057 2055
f 1847 2055 2058
f 1847 2058 2059
f 1847 2059 1848
f 1848 2059 2060
f 1849 2060 2061
f 1849 2061 2040
f 1849 2040 1850
f 1850 2040 1851
f 1851 2040 1852
f 1853 1855 1854
f 1855 2038 2062
f 1855 2062 2063
f 1855 2063 2064
f 1855 2064 2065
f 1855 2065 1856
f 1856 2065 1857
f 1857 2065 1858
f 1858 2065 1859
f 1859 2065 2064
f 1859 2064 2066
f 1859 2066 2067
f 1859 2067 2068
f 1859 2068 2069
f 1859 2069 1861
f 1859 1861 1860
f 1861 2069 2070
f 1861 2070 2071
f 1861 2071 2072
f 1861 2072 2073
f 1861 2073 1864
f 1861 1864 1863
f 1861 1863 1862
f 1864 2073 1865
f 1865 2073 1866
f 1866 1869 1868
f 1866 1868 1867
f 1866 2073 2074
f 1866 2074 1869
f 1869 2074 1870
f 1870 2074 2075
f 1870 2075 2076
f 1870 2076 2077
f 1870 2077 2078
f 1870 2078 2079
f 1870 2079 2080
f 1870 2080 1871
f 1871 2080 1872
f 1872 2080 1873
f 1873 2080 2081
f 1873 2081 2082
f 1873 2082 1874
f 1874 2083 1878
f 1874 1878 1877
f 1874 1876 1875
f 1874 2082 2083
f 1878 2084 1879
f 1878 2083 2085
f 1878 2085 2086
f 1878 2086 2087
f 1878 2087 2084
f 1879 2084 2088
f 1879 2088 1880
f 1880 2088 2089
f 1880 2089 1881
f 1881 1884 1883
f 1881 1883 1882
f 1881 2089 1884
f 1884 2089 2090
f 1884 2090 2091
f 1884 2091 2092
f 1884 2092 1891
f 1888 2093 1890
f 1888 1890 1889
f 1888 1893 2094
f 1888 2094 2095
f 1888 2095 2096
f 1888 2096 2093
f 1890 2093 2096
f 1890 2096 2097
f 1890 2097 2098
f 1890 2098 1899
f 1891 2092 1892
f 1892 2092 2099
f 1892 2099 2100
f 1892 2100 2101
f 1892 2101 2094
f 1892 2094 1893
f 1894 1898 1895
f 1895 1900 1896
f 1895 1898 1902
f 1895 1902 1900
f 1897 2102 2103
f 1897 2103 1898
f 1897 1899 2102
f 1898 2103 1902
f 1899 2098 2104
f 1899 2104 2105
f 1899 2105 2102
f 1902 2103 2102
f 1902 2102 2105
f 1902 2105 2106
f 1902 2106 2107
f 1902 2107 1903
f 1903 2107 2108
f 1903 2108 2109
f 1903 2109 1905
f 1904 1905 1909
f 1905 1910 1909
f 1905 2109 2110
f 1905 2110 1910
f 1906 2111 1907
f 1906 1912 2114
f 1906 2114 2111
f 1907 2111 1913
f 1907 1913 1908
f 1910 2110 2112
f 1910 2112 1911
f 1911 2112 2113
f 1911 2113 1912
f 1912 2113 2115
f 1912 2115 2114
f 1913 2111 2116
f 1913 2116 1915
f 1914 2117 1918
f 1914 1917 2118
f 1914 2118 2117
f 1915 2116 1917
f 1915 1917 1916
f 1917 2116 2119
f 1917 2119 2120
f 1917 2120 2121
f 1917 2121 2122
f 1917 2122 2123
f 1917 2123 2117
f 1917 2117 2118
f 1918 2117 1919
f 1919 2117 2124
f 1919 2124 1921
f 1921 2124 2125
f 1921 2125 2126
f 1921 2126 1923
f 1923 2126 1925
f 1923 1925 1924
f 1925 1927 1926
f 1925 2126 2127
f 1925 2127 2128
f 1925 2128 2129
f 1925 2129 2130
f 1925 2130 2131
f 1925 2131 1927
f 1927 2131 2132
f 1927 2132 1928
f 1928 2132 2133
f 1928 2133 1929
f 1929 2133 1942
f 1932 1941 2134
f 1932 2134 1933
f 1933 2134 2135
f 1934 2136 1935
f 1934 1944 2137
f 1934 2137 2136
f 1935 2136 2138
f 1935 2138 2139
f 1935 2139 2140
f 1935 2140 1936
f 1936 2140 2141
f 1936 2141 1937
f 1937 2141 1938
f 1938 2141 2140
f 1938 2140 2142
f 1938 2142 2143
f 1938 2143 1939
f 1939 2143 1940
f 1940 2144 2145
f 1940 2145 1941
f 1940 2143 2146
f 1940 2146 2147
f 1940 2147 2148
f 1940 2148 2149
f 1940 2149 2144
f 1941 2145 2134
f 1942 2133 2151
f 1942 2151 1943
f 1943 2150 2137
f 1943 2137 1944
f 1943 2151 2382
f 1943 2382 2150
f 1945 1950 1976
f 1945 1976 2152
f 1945 2152 2153
f 1945 2153 2154
f 1945 2154 2155
f 1945 2155 1946
f 1946 2155 1947
f 1947 2156 1948
f 1947 2155 2157
f 1947 2157 2158
f 1947 2158 2159
f 1947 2159 2156
f 1948 2156 2159
f 1951 2160 1952
f 1952 2160 2161
f 1952 2161 1953
f 1953 2161 2162
f 1953 2162 2163
f 1953 2163 1954
f 1954 2163 1955
f 1955 2163 2164
f 1955 2164 2165
f 1955 2165 2166
f 1955 2166 1958
f 1955 1958 1956
f 1956 1958 1957
f 1958 2166 2167
f 1958 2167 1959
f 1959 2167 1977
f 1960 2035 1961
f 1961 2168 1965
f 1961 1965 1962
f 1961 2035 2169
f 1961 2169 2170
f 1961 2170 2168
f 1963 2171 2172
f 1963 2172 2173
f 1963 2173 1964
f 1963 1967 2174
f 1963 2174 2175
f 1963 2175 2171
f 1964 2173 2176
f 1964 2176 1970
f 1964 1970 1969
f 1964 1969 1968
f 1965 2168 1966
f 1966 2168 2170
f 1966 2170 2177
f 1966 2177 2178
f 1966 2178 1967
f 1967 2178 2179
f 1967 2179 2174
f 1970 1972 1971
f 1970 2176 1972
f 1972 2180 1973
f 1972 2176 2173
f 1972 2173 2181
f 1972 2181 2180
f 1973 2180 1974
f 1974 2182 2152
f 1974 2152 1976
f 1974 2180 2183
f 1974 2183 2184
f 1974 2184 2185
f 1974 2185 2182
f 1977 2186 1978
f 1977 2167 2186
f 1978 2186 2187
f 1978 2187 2188
f 1978 2188 1979
f 1979 2188 1980
f 1980 2188 2189
f 1980 2189 2190
f 1980 2190 1981
f 1981 2190 2191
f 1981 2191 1983
f 1981 1983 1982
f 1983 2192 2193
f 1983 2193 1984
f 1983 2191 2192
f 1984 2193 2194
f 1984 2194 1985
f 1985 1987 1986
f 1985 2194 2195
f 1985 2195 1987
f 1987 2195 2196
f 1987 2196 1989
f 1989 2196 2197
f 1989 2197 1990
f 1990 2197 1991
f 1991 2197 1994
f 1991 1994 1993
f 1991 1993 1992
f 1994 2198 2199
f 1994 2199 2200
f 1994 2200 2201
f 1994 2201 2202
f 1994 2202 2203
f 1994 2203 1995
f 1994 2197 2196
f 1994 2196 2198
f 1995 2203 2204
f 1995 2204 2205
f 1995 2205 1997
f 1997 2205 2206
f 1997 2206 2207
f 1997 2207 2208
f 1997 2208 2209
f 1997 2209 2210
f 1997 2210 2211
f 1997 2211 1998
f 1998 2211 2212
f 1998 2212 1999
f 1999 2212 2000
f 2000 2212 2213
f 2000 2213 2001
f 2001 2213 2005
f 2002 2005 2214
f 2002 2214 2215
f 2002 2215 2003
f 2003 2215 2216
f 2003 2216 2217
f 2003 2217 2004
f 2004 2217 2006
f 2005 2213 2218
f 2005 2218 2219
f 2005 2219 2220
f 2005 2220 2214
f 2006 2217 2221
f 2006 2221 2222
f 2006 2222 2223
f 2006 2223 2224
f 2006 2224 2007
f 2007 2225 2226
f 2007 2226 2227
f 2007 2227 2008
f 2007 2224 2225
f 2008 2227 2014
f 2008 2014 2009
f 2009 2014 2010
f 2011 2015 2228
f 2011 2228 2013
f 2011 2013 2012
f 2013 2228 2229
f 2013 2229 2230
f 2013 2230 2231
f 2013 2231 2232
f 2013 2232 2016
f 2014 2227 2226
f 2014 2226 2233
f 2014 2233 2015
f 2015 2233 2228
f 2016 2232 2231
f 2016 2231 2234
f 2016 2234 2017
f 2017 2234 2018
f 2018 2235 2020
f 2018 2020 2019
f 2018 2234 2236
f 2018 2236 2237
f 2018 2237 2238
f 2018 2238 2235
f 2020 2235 2026
f 2021 2026 2245
f 2021 2245 2239
f 2021 2239 2022
f 2022 2239 2240
f 2022 2240 2241
f 2022 2241 2512
f 2022 2512 2242
f 2022 2242 2243
f 2022 2243 2023
f 2023 2243 2024
f 2024 2244 2027
f 2024 2027 2025
f 2024 2243 2244
f 2026 2235 2245
f 2027 2244 2029
f 2028 2246 2249
f 2028 2249 2030
f 2028 2029 2244
f 2028 2244 2247
f 2028 2247 2248
f 2028 2248 2246
f 2030 2249 2250
f 2030 2250 2031
f 2031 2250 2032
f 2032 2250 2251
f 2032 2251 2252
f 2032 2252 2033
f 2033 2253 2034
f 2033 2252 2254
f 2033 2254 2253
f 2034 2253 2255
f 2034 2255 2256
f 2034 2256 2035
f 2035 2256 2255
f 2035 2255 2169
f 2036 2048 2037
f 2037 2048 2257
f 2037 2257 2038
f 2038 2257 2258
f 2038 2258 2062
f 2039 2042 2043
f 2040 2061 2259
f 2040 2259 2041
f 2041 2259 2260
f 2041 2260 2261
f 2041 2261 2042
f 2042 2261 2262
f 2042 2262 2043
f 2043 2262 2044
f 2044 2262 2263
f 2044 2263 2530
f 2044 2530 2264
f 2044 2264 2045
f 2045 2264 2265
f 2045 2265 2047
f 2046 2047 2048
f 2047 2265 2266
f 2047 2266 2267
f 2047 2267 2048
f 2048 2267 2268
f 2048 2268 2269
f 2048 2269 2257
f 2050 2270 2051
f 2051 2270 2271
f 2051 2271 2052
f 2052 2271 2272
f 2052 2272 2054
f 2052 2054 2053
f 2054 2272 2273
f 2054 2273 2274
f 2054 2274 2055
f 2055 2274 2275
f 2055 2275 2058
f 2055 2057 2056
f 2058 2275 2059
f 2059 2276 2060
f 2059 2275 2277
f 2059 2277 2278
f 2059 2278 2279
f 2059 2279 2276
f 2060 2276 2280
f 2060 2280 2061
f 2061 2280 2281
f 2061 2281 2259
f 2062 2066 2063
f 2062 2258 2257
f 2062 2257 2282
f 2062 2282 2068
f 2062 2068 2066
f 2063 2066 2064
f 2066 2068 2067
f 2068 2283 2284
f 2068 2284 2285
f 2068 2285 2286
f 2068 2286 2287
f 2068 2287 2070
f 2068 2070 2069
f 2068 2282 2269
f 2068 2269 2288
f 2068 2288 2289
f 2068 2289 2290
f 2068 2290 2291
f 2068 2291 2292
f 2068 2292 2293
f 2068 2293 2294
f 2068 2294 2295
f 2068 2295 2296
f 2068 2296 2297
f 2068 2297 2298
f 2068 2298 2299
f 2068 2299 2300
f 2068 2300 2301
f 2068 2301 2302
f 2068 2302 2303
f 2068 2303 2304
f 2068 2304 2305
f 2068 2305 2283
f 2070 2287 2306
f 2070 2306 2307
f 2070 2307 2071
f 2071 2307 2308
f 2071 2308 2309
f 2071 2309 2310
f 2071 2310 2311
f 2071 2311 2072
f 2072 2311 2312
f 2072 2312 2073
f 2073 2312 2074
f 2074 2312 2311
f 2074 2311 2310
f 2074 2310 2313
f 2074 2313 2314
f 2074 2314 2315
f 2074 2315 2316
f 2074 2316 2317
f 2074 2317 2318
f 2074 2318 2075
f 2075 2318 2319
f 2075 2319 2076
f 2076 2319 2077
f 2077 2319 2320
f 2077 2320 2321
f 2077 2321 2322
f 2077 2322 2323
f 2077 2323 2324
f 2077 2324 2082
f 2077 2082 2078
f 2078 2082 2079
f 2079 2082 2080
f 2080 2082 2081
f 2082 2324 2085
f 2082 2085 2083
f 2084 2087 2088
f 2085 2324 2323
f 2085 2323 2086
f 2086 2323 2325
f 2086 2325 2326
f 2086 2326 2327
f 2086 2327 2328
f 2086 2328 2087
f 2087 2328 2089
f 2087 2089 2088
f 2089 2329 2330
f 2089 2330 2331
f 2089 2331 2090
f 2089 2328 2329
f 2090 2331 2091
f 2091 2099 2092
f 2091 2331 2330
f 2091 2330 2332
f 2091 2332 2333
f 2091 2333 2334
f 2091 2334 2099
f 2094 2101 2095
f 2095 2101 2100
f 2095 2100 2335
f 2095 2335 2336
f 2095 2336 2337
f 2095 2337 2338
f 2095 2338 2339
f 2095 2339 2097
f 2095 2097 2096
f 2097 2340 2104
f 2097 2104 2098
f 2097 2339 2338
f 2097 2338 2340
f 2099 2334 2100
f 2100 2334 2333
f 2100 2333 2341
f 2100 2341 2342
f 2100 2342 2343
f 2100 2343 2335
f 2104 2340 2344
f 2104 2344 2105
f 2105 2345 2107
f 2105 2107 2106
f 2105 2344 2346
f 2105 2346 2347
f 2105 2347 2345
f 2107 2345 2348
f 2107 2348 2349
f 2107 2349 2350
f 2107 2350 2108
f 2108 2350 2349
f 2108 2349 2351
f 2108 2351 2352
f 2108 2352 2353
f 2108 2353 2354
f 2108 2354 2355
f 2108 2355 2356
f 2108 2356 2112
f 2108 2112 2110
f 2108 2110 2109
f 2111 2114 2116
f 2112 2356 2355
f 2112 2355 2357
f 2112 2357 2113
f 2113 2357 2115
f 2114 2115 2358
f 2114 2358 2116
f 2115 2357 2359
f 2115 2359 2358
f 2116 2358 2119
f 2117 2123 2124
f 2119 2360 2361
f 2119 2361 2120
f 2119 2358 2362
f 2119 2362 2363
f 2119 2363 2364
f 2119 2364 2365
f 2119 2365 2366
f 2119 2366 2360
f 2120 2361 2367
f 2120 2367 2368
f 2120 2368 2369
f 2120 2369 2121
f 2121 2370 2122
f 2121 2369 2370
f 2122 2370 2371
f 2122 2371 2123
f 2123 2371 2370
f 2123 2370 2128
f 2123 2128 2372
f 2123 2372 2373
f 2123 2373 2125
f 2123 2125 2124
f 2125 2373 2127
f 2125 2127 2126
f 2127 2373 2128
f 2128 2374 2375
f 2128 2375 2129
f 2128 2373 2372
f 2128 2370 2376
f 2128 2376 2377
f 2128 2377 2622
f 2128 2622 2374
f 2129 2375 2378
f 2129 2378 2130
f 2130 2378 2131
f 2131 2378 2379
f 2131 2379 2380
f 2131 2380 2381
f 2131 2381 2132
f 2132 2381 2382
f 2132 2382 2151
f 2132 2151 2133
f 2134 2145 2383
f 2134 2383 2135
f 2135 2383 2384
f 2136 2137 2150
f 2136 2150 2385
f 2136 2385 2138
f 2138 2386 2634
f 2138 2634 2387
f 2138 2387 2388
f 2138 2388 2140
f 2138 2140 2139
f 2138 2385 2386
f 2140 2388 2389
f 2140 2389 2390
f 2140 2390 2391
f 2140 2391 2142
f 2142 2391 2143
f 2143 2391 2146
f 2144 2383 2145
f 2144 2149 2392
f 2144 2392 2383
f 2146 2393 2394
f 2146 2394 2395
f 2146 2395 2396
f 2146 2396 2397
f 2146 2397 2147
f 2146 2391 2393
f 2147 2397 2398
f 2147 2398 2399
f 2147 2399 2400
f 2147 2400 2149
f 2147 2149 2148
f 2149 2400 2401
f 2149 2401 2402
f 2149 2402 2392
f 2150 2382 2631
f 2150 2631 2385
f 2152 2182 2403
f 2152 2403 2153
f 2153 2403 2154
f 2154 2403 2404
f 2154 2404 2155
f 2155 2405 2157
f 2155 2404 2405
f 2157 2405 2158
f 2158 2405 2406
f 2158 2406 2407
f 2158 2407 2408
f 2158 2408 2159
f 2160 2409 2161
f 2161 2409 2162
f 2162 2409 2410
f 2162 2410 2411
f 2162 2411 2163
f 2163 2412 2164
f 2163 2411 2413
f 2163 2413 2412
f 2164 2412 2414
f 2164 2414 2165
f 2165 2415 2167
f 2165 2167 2166
f 2165 2414 2416
f 2165 2416 2417
f 2165 2417 2418
f 2165 2418 2419
f 2165 2419 2186
f 2165 2186 2415
f 2167 2415 2186
f 2169 2255 2420
f 2169 2420 2170
f 2170 2420 2421
f 2170 2421 2422
f 2170 2422 2177
f 2171 2175 2423
f 2171 2423 2424
f 2171 2424 2172
f 2172 2181 2173
f 2172 2424 2425
f 2172 2425 2180
f 2172 2180 2181
f 2174 2179 2426
f 2174 2426 2427
f 2174 2427 2428
f 2174 2428 2423
f 2174 2423 2175
f 2177 2422 2429
f 2177 2429 2178
f 2178 2429 2430
f 2178 2430 2179
f 2179 2430 2426
f 2180 2425 2431
f 2180 2431 2183
f 2182 2185 2403
f 2183 2431 2432
f 2183 2432 2433
f 2183 2433 2434
f 2183 2434 2435
f 2183 2435 2184
f 2184 2435 2185
f 2185 2435 2436
f 2185 2436 2403
f 2186 2419 2437
f 2186 2437 2187
f 2187 2437 2438
f 2187 2438 2439
f 2187 2439 2440
f 2187 2440 2441
f 2187 2441 2188
f 2188 2441 2189
f 2189 2441 2442
f 2189 2442 2190
f 2190 2443 2191
f 2190 2442 2444
f 2190 2444 2443
f 2191 2443 2192
f 2192 2443 2445
f 2192 2445 2690
f 2192 2690 2446
f 2192 2446 2193
f 2193 2446 2447
f 2193 2447 2448
f 2193 2448 2449
f 2193 2449 2194
f 2194 2449 2195
f 2195 2449 2450
f 2195 2450 2196
f 2196 2450 2451
f 2196 2451 2198
f 2198 2451 2199
f 2199 2452 2453
f 2199 2453 2200
f 2199 2451 2452
f 2200 2203 2202
f 2200 2202 2201
f 2200 2453 2454
f 2200 2454 2455
f 2200 2455 2203
f 2203 2455 2204
f 2204 2455 2454
f 2204 2454 2456
f 2204 2456 2457
f 2204 2457 2458
f 2204 2458 2206
f 2204 2206 2205
f 2206 2459 2460
f 2206 2460 2207
f 2206 2458 2459
f 2207 2460 2461
f 2207 2461 2462
f 2207 2462 2463
f 2207 2463 2464
f 2207 2464 2465
f 2207 2465 2209
f 2207 2209 2208
f 2209 2465 2464
f 2209 2464 2466
f 2209 2466 2467
f 2209 2467 2468
f 2209 2468 2469
f 2209 2469 2470
f 2209 2470 2210
f 2210 2470 2211
f 2211 2470 2471
f 2211 2471 2472
f 2211 2472 2212
f 2212 2472 2213
f 2213 2472 2218
f 2214 2220 2473
f 2214 2473 2474
f 2214 2474 2215
f 2215 2474 2216
f 2216 2474 2475
f 2216 2475 2217
f 2217 2475 2476
f 2217 2476 2477
f 2217 2477 2222
f 2217 2222 2221
f 2218 2472 2219
f 2219 2478 2479
f 2219 2479 2480
f 2219 2480 2481
f 2219 2481 2482
f 2219 2482 2483
f 2219 2483 2220
f 2219 2472 2484
f 2219 2484 2478
f 2220 2483 2473
f 2222 2477 2223
f 2223 2477 2485
f 2223 2485 2486
f 2223 2486 2487
f 2223 2487 2488
f 2223 2488 2224
f 2224 2488 2489
f 2224 2489 2225
f 2225 2233 2226
f 2225 2489 2233
f 2228 2490 2491
f 2228 2491 2492
f 2228 2492 2493
f 2228 2493 2494
f 2228 2494 2229
f 2228 2233 2490
f 2229 2494 2495
f 2229 2495 2496
f 2229 2496 2230
f 2230 2496 2231
f 2231 2497 2234
f 2231 2496 2497
f 2233 2489 2498
f 2233 2498 2499
f 2233 2499 2500
f 2233 2500 2501
f 2233 2501 2490
f 2234 2497 2236
f 2235 2238 2502
f 2235 2502 2245
f 2236 2238 2237
f 2236 2497 2503
f 2236 2503 2238
f 2238 2504 2502
f 2238 2503 2505
f 2238 2505 2506
f 2238 2506 2507
f 2238 2507 2508
f 2238 2508 2509
f 2238 2509 2504
f 2239 2245 2510
f 2239 2510 2240
f 2240 2510 2241
f 2241 2510 2511
f 2241 2511 2512
f 2242 2512 2513
f 2242 2513 2514
f 2242 2514 2515
f 2242 2515 2516
f 2242 2516 2244
f 2242 2244 2243
f 2244 2517 2247
f 2244 2516 2517
f 2245 2502 2518
f 2245 2518 2510
f 2246 2248 2519
f 2246 2519 2520
f 2246 2520 2249
f 2247 2517 2248
f 2248 2517 2521
f 2248 2521 2519
f 2249 2520 2522
f 2249 2522 2250
f 2250 2522 2523
f 2250 2523 2254
f 2250 2254 2251
f 2251 2254 2252
f 2253 2524 2420
f 2253 2420 2255
f 2253 2254 2524
f 2254 2523 2525
f 2254 2525 2524
f 2257 2269 2282
f 2259 2281 2260
f 2260 2281 2526
f 2260 2526 2527
f 2260 2527 2261
f 2261 2527 2528
f 2261 2528 2262
f 2262 2528 2529
f 2262 2529 2263
f 2263 2529 2530
f 2264 2530 2531
f 2264 2531 2265
f 2265 2531 2532
f 2265 2532 2266
f 2266 2533 2267
f 2266 2532 2533
f 2267 2534 2269
f 2267 2269 2268
f 2267 2533 2534
f 2269 2534 2533
f 2269 2533 2289
f 2269 2289 2288
f 2270 2535 2536
f 2270 2536 2271
f 2271 2536 2272
f 2272 2536 2537
f 2272 2537 2538
f 2272 2538 2539
f 2272 2539 2273
f 2273 2539 2540
f 2273 2540 2274
f 2274 2540 2541
f 2274 2541 2275
f 2275 2541 2542
f 2275 2542 2277
f 2276 2279 2543
f 2276 2543 2280
f 2277 2542 2544
f 2277 2544 2278
f 2278 2545 2543
f 2278 2543 2279
f 2278 2544 2546
f 2278 2546 2545
f 2280 2543 2547
f 2280 2547 2281
f 2281 2547 2526
f 2283 2305 2548
f 2283 2548 2549
f 2283 2549 2284
f 2284 2550 2285
f 2284 2549 2551
f 2284 2551 2552
f 2284 2552 2553
f 2284 2553 2550
f 2285 2550 2554
f 2285 2554 2286
f 2286 2554 2306
f 2286 2306 2287
f 2289 2533 2290
f 2290 2533 2293
f 2290 2293 2292
f 2290 2292 2291
f 2293 2532 2555
f 2293 2555 2294
f 2293 2533 2532
f 2294 2555 2295
f 2295 2555 2556
f 2295 2556 2557
f 2295 2557 2296
f 2296 2557 2558
f 2296 2558 2297
f 2297 2558 2559
f 2297 2559 2560
f 2297 2560 2298
f 2298 2560 2561
f 2298 2561 2299
f 2299 2561 2300
f 2300 2561 2562
f 2300 2562 2563
f 2300 2563 2564
f 2300 2564 2565
f 2300 2565 2566
f 2300 2566 2301
f 2301 2304 2303
f 2301 2303 2302
f 2301 2566 2304
f 2304 2566 2567
f 2304 2567 2568
f 2304 2568 2305
f 2305 2568 2548
f 2306 2554 2307
f 2307 2554 2313
f 2307 2313 2308
f 2308 2313 2309
f 2309 2313 2310
f 2313 2550 2569
f 2313 2569 2570
f 2313 2570 2314
f 2313 2554 2550
f 2314 2570 2315
f 2315 2570 2316
f 2316 2570 2571
f 2316 2571 2317
f 2317 2571 2572
f 2317 2572 2318
f 2318 2320 2319
f 2318 2572 2573
f 2318 2573 2574
f 2318 2574 2575
f 2318 2575 2576
f 2318 2576 2320
f 2320 2576 2575
f 2320 2575 2577
f 2320 2577 2578
f 2320 2578 2579
f 2320 2579 2321
f 2321 2579 2580
f 2321 2580 2322
f 2322 2580 2581
f 2322 2581 2582
f 2322 2582 2323
f 2323 2582 2325
f 2325 2581 2583
f 2325 2583 2326
f 2325 2582 2581
f 2326 2584 2585
f 2326 2585 2586
f 2326 2586 2328
f 2326 2328 2327
f 2326 2583 2587
f 2326 2587 2584
f 2328 2586 2585
f 2328 2585 2330
f 2328 2330 2329
f 2330 2585 2588
f 2330 2588 2589
f 2330 2589 2590
f 2330 2590 2333
f 2330 2333 2332
f 2333 2590 2589
f 2333 2589 2591
f 2333 2591 2592
f 2333 2592 2593
f 2333 2593 2342
f 2333 2342 2341
f 2335 2343 2336
f 2336 2594 2595
f 2336 2595 2337
f 2336 2343 2342
f 2336 2342 2596
f 2336 2596 2597
f 2336 2597 2598
f 2336 2598 2594
f 2337 2595 2338
f 2338 2599 2340
f 2338 2595 2594
f 2338 2594 2600
f 2338 2600 2599
f 2340 2599 2344
f 2342 2593 2592
f 2342 2592 2601
f 2342 2601 2602
f 2342 2602 2596
f 2344 2599 2346
f 2345 2347 2348
f 2346 2348 2347
f 2346 2599 2603
f 2346 2603 2604
f 2346 2604 2605
f 2346 2605 2348
f 2348 2606 2349
f 2348 2605 2607
f 2348 2607 2608
f 2348 2608 2606
f 2349 2606 2351
f 2351 2606 2609
f 2351 2609 2352
f 2352 2609 2353
f 2353 2609 2610
f 2353 2610 2611
f 2353 2611 2612
f 2353 2612 2354
f 2354 2612 2355
f 2355 2612 2613
f 2355 2613 2357
f 2357 2613 2359
f 2358 2359 2362
f 2359 2613 2363
f 2359 2363 2362
f 2360 2614 2361
f 2360 2366 2614
f 2361 2614 2367
f 2363 2613 2615
f 2363 2615 2364
f 2364 2615 2616
f 2364 2616 2365
f 2365 2617 2366
f 2365 2616 2618
f 2365 2618 2617
f 2366 2617 2614
f 2367 2614 2619
f 2367 2619 2620
f 2367 2620 2368
f 2368 2620 2621
f 2368 2621 2369
f 2369 2621 2376
f 2369 2376 2370
f 2374 2622 2375
f 2375 2622 2623
f 2375 2623 2624
f 2375 2624 2625
f 2375 2625 2380
f 2375 2380 2379
f 2375 2379 2378
f 2376 2621 2626
f 2376 2626 2627
f 2376 2627 2628
f 2376 2628 2377
f 2377 2628 2623
f 2377 2623 2622
f 2380 2625 2629
f 2380 2629 2381
f 2381 2630 2631
f 2381 2631 2382
f 2381 2629 2632
f 2381 2632 2630
f 2383 2392 2633
f 2383 2633 2384
f 2385 2631 2386
f 2386 2630 2632
f 2386 2632 2634
f 2386 2631 2630
f 2387 2634 2635
f 2387 2635 2388
f 2388 2635 2389
f 2389 2635 2636
f 2389 2636 2637
f 2389 2637 2638
f 2389 2638 2639
f 2389 2639 2640
f 2389 2640 2390
f 2390 2640 2394
f 2390 2394 2393
f 2390 2393 2391
f 2392 2402 2633
f 2394 2640 2641
f 2394 2641 2395
f 2395 2641 2642
f 2395 2642 2396
f 2396 2398 2397
f 2396 2642 2643
f 2396 2643 2398
f 2398 2644 2400
f 2398 2400 2399
f 2398 2643 2644
f 2400 2645 2402
f 2400 2402 2401
f 2400 2644 2646
f 2400 2646 2647
f 2400 2647 2648
f 2400 2648 2649
f 2400 2649 2645
f 2403 2436 2404
f 2404 2650 2651
f 2404 2651 2405
f 2404 2436 2652
f 2404 2652 2653
f 2404 2653 2650
f 2405 2651 2654
f 2405 2654 2406
f 2411 2655 2413
f 2412 2413 2656
f 2412 2656 2414
f 2413 2655 2657
f 2413 2657 2658
f 2413 2658 2656
f 2414 2656 2658
f 2414 2658 2659
f 2414 2659 2416
f 2416 2659 2660
f 2416 2660 2661
f 2416 2661 2417
f 2417 2661 2662
f 2417 2662 2663
f 2417 2663 2664
f 2417 2664 2665
f 2417 2665 2666
f 2417 2666 2667
f 2417 2667 2418
f 2418 2667 2668
f 2418 2668 2438
f 2418 2438 2419
f 2419 2438 2437
f 2420 2524 2421
f 2421 2669 2670
f 2421 2670 2429
f 2421 2429 2422
f 2421 2524 2671
f 2421 2671 2672
f 2421 2672 2669
f 2423 2673 2424
f 2423 2428 2674
f 2423 2674 2673
f 2424 2673 2675
f 2424 2675 2425
f 2425 2676 2432
f 2425 2432 2431
f 2425 2675 2676
f 2426 2430 2677
f 2426 2677 2678
f 2426 2678 2427
f 2427 2678 2679
f 2427 2679 2674
f 2427 2674 2428
f 2429 2670 2680
f 2429 2680 2430
f 2430 2680 2677
f 2432 2676 2433
f 2433 2676 2681
f 2433 2681 2682
f 2433 2682 2434
f 2434 2682 2683
f 2434 2683 2435
f 2435 2683 2436
f 2436 2683 2652
f 2438 2668 2439
f 2439 2668 2684
f 2439 2684 2440
f 2440 2442 2441
f 2440 2684 2685
f 2440 2685 2442
f 2442 2685 2686
f 2442 2686 2687
f 2442 2687 2444
f 2443 2444 2445
f 2444 2687 2688
f 2444 2688 2689
f 2444 2689 2690
f 2444 2690 2445
f 2446 2690 2691
f 2446 2691 2447
f 2447 2691 2692
f 2447 2692 2693
f 2447 2693 2448
f 2448 2693 2694
f 2448 2694 2695
f 2448 2695 2696
f 2448 2696 2697
f 2448 2697 2449
f 2449 2697 2450
f 2450 2697 2451
f 2451 2697 2452
f 2452 2698 2699
f 2452 2699 2700
f 2452 2700 2701
f 2452 2701 2454
f 2452 2454 2453
f 2452 2697 2698
f 2454 2701 2702
f 2454 2702 2456
f 2456 2702 2703
f 2456 2703 2457
f 2457 2703 2704
f 2457 2704 2461
f 2457 2461 2458
f 2458 2461 2459
f 2459 2461 2460
f 2461 2704 2705
f 2461 2705 2462
f 2462 2705 2706
f 2462 2706 2707
f 2462 2707 2463
f 2463 2707 2464
f 2464 2707 2708
f 2464 2708 2709
f 2464 2709 2710
f 2464 2710 2466
f 2466 2710 2467
f 2467 2711 2712
f 2467 2712 2713
f 2467 2713 2469
f 2467 2469 2468
f 2467 2710 2714
f 2467 2714 2711
f 2469 2472 2471
f 2469 2471 2470
f 2469 2713 2712
f 2469 2712 2715
f 2469 2715 2716
f 2469 2716 2472
f 2472 2716 2484
f 2473 2483 2717
f 2473 2717 2718
f 2473 2718 2719
f 2473 2719 2474
f 2474 2719 2475
f 2475 2719 2718
f 2475 2718 2720
f 2475 2720 2721
f 2475 2721 2722
f 2475 2722 2476
f 2476 2722 2477
f 2477 2722 2723
f 2477 2723 2485
f 2478 2712 2724
f 2478 2724 2725
f 2478 2725 2480
f 2478 2480 2479
f 2478 2484 2716
f 2478 2716 2715
f 2478 2715 2712
f 2480 2726 2727
f 2480 2727 2728
f 2480 2728 2729
f 2480 2729 2730
f 2480 2730 2731
f 2480 2731 2482
f 2480 2482 2481
f 2480 2725 2724
f 2480 2724 2732
f 2480 2732 2726
f 2482 2717 2483
f 2482 2731 2733
f 2482 2733 2734
f 2482 2734 2735
f 2482 2735 2718
f 2482 2718 2717
f 2485 2723 2736
f 2485 2736 2737
f 2485 2737 2486
f 2486 2738 2487
f 2486 2737 2739
f 2486 2739 2740
f 2486 2740 2741
f 2486 2741 2738
f 2487 2738 2742
f 2487 2742 2488
f 2488 2742 2489
f 2489 2742 2743
f 2489 2743 2498
f 2490 2744 2492
f 2490 2492 2491
f 2490 2501 2744
f 2492 2744 2745
f 2492 2745 2746
f 2492 2746 2747
f 2492 2747 2748
f 2492 2748 2493
f 2493 2749 2494
f 2493 2748 2505
f 2493 2505 2749
f 2494 2749 2505
f 2494 2505 2495
f 2495 2505 2496
f 2496 2505 2503
f 2496 2503 2497
f 2498 2743 2499
f 2499 2750 2500
f 2499 2743 2751
f 2499 2751 2750
f 2500 2752 2501
f 2500 2750 2752
f 2501 2745 2744
f 2501 2752 2753
f 2501 2753 2745
f 2502 2504 2518
f 2504 2754 2510
f 2504 2510 2518
f 2504 2509 2755
f 2504 2755 2754
f 2505 2748 2756
f 2505 2756 2757
f 2505 2757 2758
f 2505 2758 2759
f 2505 2759 2760
f 2505 2760 2761
f 2505 2761 2507
f 2505 2507 2506
f 2507 2761 2762
f 2507 2762 2763
f 2507 2763 2508
f 2508 2764 2509
f 2508 2763 2765
f 2508 2765 2766
f 2508 2766 2767
f 2508 2767 2768
f 2508 2768 2764
f 2509 2764 2755
f 2510 2754 2769
f 2510 2769 2770
f 2510 2770 2511
f 2511 2770 2771
f 2511 2771 2512
f 2512 2771 2772
f 2512 2772 2513
f 2513 2772 2773
f 2513 2773 2774
f 2513 2774 2514
f 2514 2774 2775
f 2514 2775 2776
f 2514 2776 2777
f 2514 2777 2515
f 2515 2777 2778
f 2515 2778 2516
f 2516 2778 2517
f 2517 2779 2521
f 2517 2778 2779
f 2519 2521 2779
f 2519 2779 2780
f 2519 2780 2781
f 2519 2781 2782
f 2519 2782 2520
f 2520 2782 2522
f 2522 2782 2783
f 2522 2783 2523
f 2523 2784 2525
f 2523 2783 2784
f 2524 2525 2671
f 2525 2784 2671
f 2526 2547 2785
f 2526 2785 2527
f 2527 2786 2787
f 2527 2787 2788
f 2527 2788 2789
f 2527 2789 2528
f 2527 2785 2790
f 2527 2790 2791
f 2527 2791 2786
f 2528 2789 2792
f 2528 2792 2530
f 2528 2530 2529
f 2530 2792 2793
f 2530 2793 2531
f 2531 2793 2792
f 2531 2792 2794
f 2531 2794 2532
f 2532 2794 2792
f 2532 2792 2556
f 2532 2556 2555
f 2535 2795 2796
f 2535 2796 2536
f 2536 2796 2537
f 2537 2797 2538
f 2537 2796 2798
f 2537 2798 2799
f 2537 2799 2800
f 2537 2800 2801
f 2537 2801 2802
f 2537 2802 2797
f 2538 2797 2539
f 2539 2797 2803
f 2539 2803 2804
f 2539 2804 2805
f 2539 2805 2806
f 2539 2806 2541
f 2539 2541 2540
f 2541 2806 2542
f 2542 2807 2546
f 2542 2546 2544
f 2542 2806 2808
f 2542 2808 2809
f 2542 2809 2807
f 2543 2545 2547
f 2545 2546 2810
f 2545 2810 2547
f 2546 2807 2811
f 2546 2811 2810
f 2547 2812 2813
f 2547 2813 2790
f 2547 2790 2814
f 2547 2814 2785
f 2547 2810 2812
f 2548 2568 2815
f 2548 2815 2816
f 2548 2816 2549
f 2549 2816 2817
f 2549 2817 2551
f 2550 2553 2569
f 2551 2817 2818
f 2551 2818 2819
f 2551 2819 2820
f 2551 2820 2553
f 2551 2553 2552
f 2553 2820 2819
f 2553 2819 2821
f 2553 2821 2570
f 2553 2570 2569
f 2556 2822 2557
f 2556 2792 2822
f 2557 2822 2558
f 2558 2822 2823
f 2558 2823 2559
f 2559 2823 2824
f 2559 2824 2825
f 2559 2825 2562
f 2559 2562 2560
f 2560 2562 2561
f 2562 2825 2826
f 2562 2826 2827
f 2562 2827 2828
f 2562 2828 2563
f 2563 2828 2827
f 2563 2827 2564
f 2564 2829 2830
f 2564 2830 2831
f 2564 2831 2832
f 2564 2832 2833
f 2564 2833 2565
f 2564 2827 2829
f 2565 2833 2834
f 2565 2834 2835
f 2565 2835 2836
f 2565 2836 2566
f 2566 2836 2567
f 2567 2836 2815
f 2567 2815 2568
f 2570 2821 2837
f 2570 2837 2571
f 2571 2573 2572
f 2571 2837 2819
f 2571 2819 2573
f 2573 2819 2838
f 2573 2838 2574
f 2574 2838 2839
f 2574 2839 2840
f 2574 2840 2575
f 2575 2840 2841
f 2575 2841 2842
f 2575 2842 2843
f 2575 2843 2577
f 2577 2843 2844
f 2577 2844 2578
f 2578 2844 2845
f 2578 2845 2580
f 2578 2580 2579
f 2580 2845 2581
f 2581 2845 2846
f 2581 2846 2583
f 2583 2846 2847
f 2583 2847 2587
f 2584 2587 2848
f 2584 2848 2849
f 2584 2849 2585
f 2585 2849 2850
f 2585 2850 2589
f 2585 2589 2588
f 2587 2847 2851
f 2587 2851 2852
f 2587 2852 2848
f 2589 2850 2853
f 2589 2853 2854
f 2589 2854 2855
f 2589 2855 2856
f 2589 2856 2592
f 2589 2592 2591
f 2592 2856 2855
f 2592 2855 2857
f 2592 2857 2858
f 2592 2858 2859
f 2592 2859 2601
f 2594 2860 2600
f 2594 2598 2861
f 2594 2861 2860
f 2596 2602 2597
f 2597 2602 2862
f 2597 2862 2863
f 2597 2863 2864
f 2597 2864 2861
f 2597 2861 2598
f 2599 2600 2860
f 2599 2860 2603
f 2601 2862 2602
f 2601 2859 2865
f 2601 2865 2866
f 2601 2866 2862
f 2603 2860 2604
f 2604 2860 2605
f 2605 2860 2867
f 2605 2867 2868
f 2605 2868 2607
f 2606 2608 2610
f 2606 2610 2609
f 2607 2868 2869
f 2607 2869 2870
f 2607 2870 2871
f 2607 2871 2608
f 2608 2871 2610
f 2610 2871 2872
f 2610 2872 2611
f 2611 2873 2874
f 2611 2874 2612
f 2611 2872 2873
f 2612 2875 2876
f 2612 2876 2613
f 2612 2874 2875
f 2613 2876 2615
f 2614 2617 2619
f 2615 2876 2875
f 2615 2875 2877
f 2615 2877 2616
f 2616 2877 2618
f 2617 2618 2878
f 2617 2878 2619
f 2618 2877 2879
f 2618 2879 2880
f 2618 2880 2878
f 2619 2878 2881
f 2619 2881 2620
f 2620 2881 2626
f 2620 2626 2621
f 2623 2628 2882
f 2623 2882 2624
f 2624 2882 2883
f 2624 2883 2884
f 2624 2884 2885
f 2624 2885 2886
f 2624 2886 2629
f 2624 2629 2625
f 2626 2881 2878
f 2626 2878 2887
f 2626 2887 2888
f 2626 2888 2889
f 2626 2889 2627
f 2627 2889 2890
f 2627 2890 2883
f 2627 2883 2882
f 2627 2882 2628
f 2629 2886 2891
f 2629 2891 2632
f 2632 2891 2634
f 2634 2891 2892
f 2634 2892 2635
f 2635 2892 2636
f 2636 2892 2893
f 2636 2893 2637
f 2637 2893 2894
f 2637 2894 2638
f 2638 2895 2896
f 2638 2896 2897
f 2638 2897 2898
f 2638 2898 2899
f 2638 2899 2900
f 2638 2900 2639
f 2638 2894 2901
f 2638 2901 2902
f 2638 2902 2895
f 2639 2900 2903
f 2639 2903 2640
f 2640 2903 2641
f 2641 2903 2642
f 2642 2904 2905
f 2642 2905 2643
f 2642 2903 2904
f 2643 2906 2907
f 2643 2907 2644
f 2643 2905 2906
f 2644 2907 2908
f 2644 2908 2646
f 2645 2649 2909
f 2646 2910 2647
f 2646 2908 2911
f 2646 2911 2912
f 2646 2912 2910
f 2647 2910 2648
f 2648 2913 2649
f 2649 2913 2909
f 2650 2653 2651
f 2651 2653 2654
f 2652 2683 2914
f 2652 2914 2653
f 2657 2659 2658
f 2662 2915 2916
f 2662 2916 2917
f 2662 2917 2663
f 2663 2917 2664
f 2664 2917 2918
f 2664 2918 2665
f 2665 2918 2919
f 2665 2919 2920
f 2665 2920 2921
f 2665 2921 2666
f 2666 2921 2667
f 2667 2922 2668
f 2667 2921 2923
f 2667 2923 2924
f 2667 2924 2922
f 2668 2922 2925
f 2668 2925 2684
f 2669 2672 2926
f 2669 2926 2927
f 2669 2927 2670
f 2670 2927 2680
f 2671 2784 2928
f 2671 2928 2672
f 2672 2928 2929
f 2672 2929 2926
f 2673 2674 2930
f 2673 2930 2931
f 2673 2931 2675
f 2674 2679 2930
f 2675 2931 2681
f 2675 2681 2676
f 2677 2680 2932
f 2677 2932 2933
f 2677 2933 2678
f 2678 2934 2935
f 2678 2935 2679
f 2678 2933 2934
f 2679 2935 2936
f 2679 2936 2937
f 2679 2937 2930
f 2680 2927 2932
f 2681 2931 2938
f 2681 2938 2939
f 2681 2939 2940
f 2681 2940 2682
f 2682 2940 2941
f 2682 2941 2942
f 2682 2942 2683
f 2683 2942 2914
f 2684 2925 2943
f 2684 2943 2685
f 2685 2943 2686
f 2686 2943 2944
f 2686 2944 2945
f 2686 2945 2687
f 2687 2945 2946
f 2687 2946 2947
f 2687 2947 2688
f 2688 2947 2948
f 2688 2948 2949
f 2688 2949 2689
f 2689 2949 2691
f 2689 2691 2690
f 2691 2949 2692
f 2692 2950 2951
f 2692 2951 2952
f 2692 2952 2693
f 2692 2949 2948
f 2692 2948 2953
f 2692 2953 2954
f 2692 2954 2950
f 2693 2952 2694
f 2694 2699 2695
f 2694 2952 2951
f 2694 2951 2955
f 2694 2955 2699
f 2695 2699 2698
f 2695 2698 2696
f 2696 2698 2697
f 2699 2955 2700
f 2700 2702 2701
f 2700 2955 2956
f 2700 2956 2702
f 2702 2956 2703
f 2703 2956 2957
f 2703 2957 2704
f 2704 2958 2959
f 2704 2959 2960
f 2704 2960 2705
f 2704 2957 2956
f 2704 2956 2958
f 2705 2960 2706
f 2706 2961 2707
f 2706 2960 2961
f 2707 2962 2963
f 2707 2963 2708
f 2707 2961 2962
f 2708 2963 2709
f 2709 2963 2964
f 2709 2964 2965
f 2709 2965 2714
f 2709 2714 2710
f 2711 2714 2966
f 2711 2966 2712
f 2712 2966 2967
f 2712 2967 2968
f 2712 2968 2732
f 2712 2732 2724
f 2714 2967 2966
f 2714 2965 2964
f 2714 2964 2969
f 2714 2969 2970
f 2714 2970 2967
f 2718 2735 2734
f 2718 2734 2971
f 2718 2971 2972
f 2718 2972 2973
f 2718 2973 2720
f 2720 2973 2721
f 2721 2723 2722
f 2721 2973 2974
f 2721 2974 2723
f 2723 2974 2975
f 2723 2975 2736
f 2726 2732 2976
f 2726 2976 2727
f 2727 2976 2977
f 2727 2977 2728
f 2728 2977 2978
f 2728 2978 2729
f 2729 2978 2979
f 2729 2979 2730
f 2730 2734 2733
f 2730 2733 2731
f 2730 2979 2980
f 2730 2980 2734
f 2732 2968 2977
f 2732 2977 2976
f 2734 2980 2981
f 2734 2981 2982
f 2734 2982 2971
f 2736 2983 2984
f 2736 2984 2985
f 2736 2985 2739
f 2736 2739 2737
f 2736 2975 2983
f 2738 2986 2742
f 2738 2741 2987
f 2738 2987 2986
f 2739 2985 2988
f 2739 2988 2989
f 2739 2989 2740
f 2740 2989 2987
f 2740 2987 2741
f 2742 2986 2990
f 2742 2990 2991
f 2742 2991 2751
f 2742 2751 2743
f 2745 2753 2746
f 2746 2748 2747
f 2746 2753 2756
f 2746 2756 2748
f 2750 2992 2752
f 2750 2751 2991
f 2750 2991 2993
f 2750 2993 2992
f 2752 2992 2757
f 2752 2757 2994
f 2752 2994 2753
f 2753 2994 2756
f 2754 2755 2995
f 2754 2995 2769
f 2755 2764 2996
f 2755 2996 2995
f 2756 2994 2757
f 2757 2992 2997
f 2757 2997 2998
f 2757 2998 2760
f 2757 2760 2758
f 2758 2760 2759
f 2760 2998 2999
f 2760 2999 3000
f 2760 3000 3001
f 2760 3001 2761
f 2761 3001 3002
f 2761 3002 2762
f 2762 2765 2763
f 2762 3002 2765
f 2764 2768 3003
f 2764 3003 2996
f 2765 3004 3005
f 2765 3005 3006
f 2765 3006 3007
f 2765 3007 2766
f 2765 3002 3008
f 2765 3008 3009
f 2765 3009 3004
f 2766 3007 3010
f 2766 3010 3011
f 2766 3011 2768
f 2766 2768 2767
f 2768 3011 3003
f 2769 2995 2770
f 2770 3012 2771
f 2770 2995 2996
f 2770 2996 3013
f 2770 3013 3014
f 2770 3014 3012
f 2771 3012 3015
f 2771 3015 2773
f 2771 2773 2772
f 2773 3015 3016
f 2773 3016 2774
f 2774 3016 3017
f 2774 3017 2775
f 2775 3018 3019
f 2775 3019 2776
f 2775 3017 3020
f 2775 3020 3018
f 2776 3019 3021
f 2776 3021 2777
f 2777 3021 2778
f 2778 3021 3022
f 2778 3022 2779
f 2779 3022 2780
f 2780 3023 3024
f 2780 3024 2781
f 2780 3022 3023
f 2781 3024 3025
f 2781 3025 3026
f 2781 3026 2782
f 2782 3027 2783
f 2782 3026 3025
f 2782 3025 3027
f 2783 3027 3028
f 2783 3028 2784
f 2784 3028 2928
f 2785 2814 2790
f 2786 2791 2787
f 2787 3029 2788
f 2787 2791 3030
f 2787 3030 3029
f 2788 2823 3031
f 2788 3031 2789
f 2788 3029 2823
f 2789 3031 3032
f 2789 3032 2792
f 2790 3033 3034
f 2790 3034 3035
f 2790 3035 2791
f 2790 2813 3033
f 2791 3035 3030
f 2792 3032 3036
f 2792 3036 2822
f 2795 3037 2796
f 2796 3037 3038
f 2796 3038 2798
f 2797 2802 2804
f 2797 2804 2803
f 2799 3039 2800
f 2800 2802 2801
f 2800 3039 3040
f 2800 3040 3041
f 2800 3041 3042
f 2800 3042 3043
f 2800 3043 2802
f 2802 3043 3042
f 2802 3042 2804
f 2804 3042 3044
f 2804 3044 3045
f 2804 3045 3046
f 2804 3046 2805
f 2805 3046 3047
f 2805 3047 2806
f 2806 3047 2808
f 2807 2809 2811
f 2808 3047 3048
f 2808 3048 3049
f 2808 3049 3050
f 2808 3050 3051
f 2808 3051 3052
f 2808 3052 2809
f 2809 3052 2811
f 2810 2811 3053
f 2810 3053 3054
f 2810 3054 2812
f 2811 3052 3055
f 2811 3055 3056
f 2811 3056 3057
f 2811 3057 3053
f 2812 3054 3058
f 2812 3058 2813
f 2813 3058 3033
f 2815 3059 3060
f 2815 3060 2816
f 2815 2836 3061
f 2815 3061 3062
f 2815 3062 3063
f 2815 3063 3059
f 2816 3060 2817
f 2817 3060 3059
f 2817 3059 3064
f 2817 3064 3065
f 2817 3065 2819
f 2817 2819 2818
f 2819 3065 3064
f 2819 3064 3066
f 2819 3066 2838
f 2819 2837 2821
f 2822 3036 2823
f 2823 3036 3031
f 2823 3029 3067
f 2823 3067 2824
f 2824 3068 3069
f 2824 3069 3070
f 2824 3070 3071
f 2824 3071 3072
f 2824 3072 3073
f 2824 3073 3074
f 2824 3074 2827
f 2824 2827 2826
f 2824 2826 2825
f 2824 3067 3075
f 2824 3075 3030
f 2824 3030 3035
f 2824 3035 3034
f 2824 3034 3068
f 2827 2830 2829
f 2827 3074 3073
f 2827 3073 3076
f 2827 3076 3077
f 2827 3077 3078
f 2827 3078 2830
f 2830 3079 3080
f 2830 3080 2831
f 2830 3078 3079
f 2831 3080 3081
f 2831 3081 3082
f 2831 3082 2834
f 2831 2834 2832
f 2832 2834 2833
f 2834 2836 2835
f 2834 3082 3083
f 2834 3083 2836
f 2836 3083 3061
f 2838 3066 2839
f 2839 3066 3084
f 2839 3084 3085
f 2839 3085 2841
f 2839 2841 3086
f 2839 3086 2840
f 2840 3086 2841
f 2841 3087 2842
f 2841 3085 3088
f 2841 3088 3089
f 2841 3089 3090
f 2841 3090 3091
f 2841 3091 3092
f 2841 3092 3093
f 2841 3093 3094
f 2841 3094 3095
f 2841 3095 3096
f 2841 3096 3087
f 2842 3087 2843
f 2843 3087 2844
f 2844 3087 3097
f 2844 3097 3098
f 2844 3098 3099
f 2844 3099 2846
f 2844 2846 2845
f 2846 3099 3098
f 2846 3098 3100
f 2846 3100 2847
f 2847 3100 2851
f 2848 2852 3101
f 2848 3101 3102
f 2848 3102 3103
f 2848 3103 3104
f 2848 3104 2853
f 2848 2853 2849
f 2849 2853 2850
f 2851 3098 3105
f 2851 3105 3106
f 2851 3106 3107
f 2851 3107 3108
f 2851 3108 3101
f 2851 3101 2852
f 2851 3100 3098
f 2853 3104 3103
f 2853 3103 3109
f 2853 3109 3110
f 2853 3110 2855
f 2853 2855 2854
f 2855 3110 3111
f 2855 3111 3112
f 2855 3112 3113
f 2855 3113 2857
f 2857 3113 3114
f 2857 3114 2858
f 2858 2865 2859
f 2858 3114 2865
f 2860 3115 2867
f 2860 2861 3116
f 2860 3116 3117
f 2860 3117 3118
f 2860 3118 3115
f 2861 2864 3116
f 2862 2866 3119
f 2862 3119 2863
f 2863 3116 2864
f 2863 3119 3116
f 2865 3114 3120
f 2865 3120 3121
f 2865 3121 2866
f 2866 3121 3122
f 2866 3122 3119
f 2867 3115 3123
f 2867 3123 2869
f 2867 2869 2868
f 2869 3124 3125
f 2869 3125 2870
f 2869 3123 3126
f 2869 3126 3124
f 2870 3125 3127
f 2870 3127 2871
f 2871 3127 2872
f 2872 3127 2873
f 2873 3127 3128
f 2873 3128 2874
f 2874 3128 3129
f 2874 3129 3130
f 2874 3130 2877
f 2874 2877 2875
f 2877 3130 2879
f 2878 2880 3131
f 2878 3131 2887
f 2879 3130 3129
f 2879 3129 3132
f 2879 3132 3133
f 2879 3133 3134
f 2879 3134 3135
f 2879 3135 3136
f 2879 3136 3137
f 2879 3137 3138
f 2879 3138 2880
f 2880 3138 3131
f 2883 2890 2884
f 2884 2890 3139
f 2884 3139 3141
f 2884 3141 2885
f 2885 3140 2891
f 2885 2891 2886
f 2885 3141 2901
f 2885 2901 3140
f 2887 3131 3142
f 2887 3142 3143
f 2887 3143 2888
f 2888 3143 2889
f 2889 3143 3144
f 2889 3144 3142
f 2889 3142 3145
f 2889 3145 3146
f 2889 3146 2890
f 2890 3146 3139
f 2891 3140 2893
f 2891 2893 2892
f 2893 3140 2894
f 2894 3140 2901
f 2895 3147 3148
f 2895 3148 2896
f 2895 2902 3147
f 2896 3148 3149
f 2896 3149 2897
f 2897 3149 3389
f 2897 3389 3150
f 2897 3150 2898
f 2898 3151 2899
f 2898 3150 3152
f 2898 3152 3151
f 2899 3151 2900
f 2900 3151 2903
f 2901 3141 2902
f 2902 3141 3153
f 2902 3153 3147
f 2903 3151 3154
f 2903 3154 2904
f 2904 3151 3155
f 2904 3155 3156
f 2904 3156 3157
f 2904 3157 2905
f 2904 3154 3151
f 2905 3157 2906
f 2906 3158 2907
f 2906 3157 3159
f 2906 3159 3158
f 2907 3158 3160
f 2907 3160 2908
f 2908 3160 2911
f 2910 2912 3161
f 2911 3162 3163
f 2911 3163 2912
f 2911 3160 3162
f 2912 3163 3164
f 2912 3164 3161
f 2914 2942 3165
f 2915 3166 2916
f 2916 3167 3168
f 2916 3168 3169
f 2916 3169 2918
f 2916 2918 2917
f 2916 3166 3170
f 2916 3170 3171
f 2916 3171 3167
f 2918 3169 3168
f 2918 3168 2919
f 2919 3168 3172
f 2919 3172 3173
f 2919 3173 2923
f 2919 2923 2921
f 2919 2921 2920
f 2922 2924 2925
f 2923 3173 2924
f 2924 3173 3174
f 2924 3174 3175
f 2924 3175 2925
f 2925 3176 2943
f 2925 3175 3176
f 2926 2929 3177
f 2926 3177 2927
f 2927 3177 3178
f 2927 3178 2932
f 2928 3028 2929
f 2929 3028 3179
f 2929 3179 3177
f 2930 3180 2938
f 2930 2938 2931
f 2930 2937 3180
f 2932 3178 2933
f 2933 3178 3177
f 2933 3177 3181
f 2933 3181 3182
f 2933 3182 2934
f 2934 3182 3183
f 2934 3183 2935
f 2935 3183 3184
f 2935 3184 2936
f 2936 3184 2937
f 2937 3185 3180
f 2937 3184 3186
f 2937 3186 3187
f 2937 3187 3185
f 2938 3180 3185
f 2938 3185 3188
f 2938 3188 2939
f 2939 3188 3189
f 2939 3189 2940
f 2940 3189 3190
f 2940 3190 2941
f 2941 3191 3192
f 2941 3192 2942
f 2941 3190 3193
f 2941 3193 3191
f 2942 3192 3165
f 2943 3176 3194
f 2943 3194 2944
f 2944 3194 2945
f 2945 2948 2946
f 2945 3194 3195
f 2945 3195 3196
f 2945 3196 2948
f 2946 2948 2947
f 2948 3196 3197
f 2948 3197 2953
f 2950 2954 2951
f 2951 2954 3198
f 2951 3198 2955
f 2953 3197 3199
f 2953 3199 3200
f 2953 3200 2954
f 2954 3200 3201
f 2954 3201 3198
f 2955 3198 3202
f 2955 3202 2956
f 2956 3203 3204
f 2956 3204 3205
f 2956 3205 2958
f 2956 3202 3203
f 2958 3206 3207
f 2958 3207 2959
f 2958 3205 3206
f 2959 3207 3208
f 2959 3208 2960
f 2960 3208 3209
f 2960 3209 2961
f 2961 3209 2962
f 2962 3209 3210
f 2962 3210 2963
f 2963 3210 3211
f 2963 3211 2964
f 2964 3211 3212
f 2964 3212 2969
f 2967 2970 3213
f 2967 3213 2968
f 2968 3213 2977
f 2969 3212 3214
f 2969 3214 2970
f 2970 3214 3215
f 2970 3215 3216
f 2970 3216 3217
f 2970 3217 3218
f 2970 3218 3219
f 2970 3219 3213
f 2971 2982 2972
f 2972 2974 2973
f 2972 2982 2974
f 2974 2982 3220
f 2974 3220 3221
f 2974 3221 2983
f 2974 2983 2975
f 2977 3213 3219
f 2977 3219 3218
f 2977 3218 3222
f 2977 3222 3223
f 2977 3223 3224
f 2977 3224 3225
f 2977 3225 2978
f 2978 3225 3226
f 2978 3226 3227
f 2978 3227 2980
f 2978 2980 2979
f 2980 3227 3228
f 2980 3228 3229
f 2980 3229 3230
f 2980 3230 2981
f 2981 3230 3231
f 2981 3231 3232
f 2981 3232 3233
f 2981 3233 2982
f 2982 3233 3234
f 2982 3234 3235
f 2982 3235 3236
f 2982 3236 3237
f 2982 3237 3238
f 2982 3238 3220
f 2983 3221 2984
f 2984 3221 3239
f 2984 3239 3240
f 2984 3240 2985
f 2985 3240 2988
f 2986 2987 3241
f 2986 3241 2990
f 2987 2989 3242
f 2987 3242 3243
f 2987 3243 3244
f 2987 3244 3245
f 2987 3245 2990
f 2987 2990 3241
f 2988 3246 2989
f 2988 3240 3246
f 2989 3246 3242
f 2990 3245 3247
f 2990 3247 3248
f 2990 3248 3249
f 2990 3249 2991
f 2991 3249 2993
f 2992 2993 2997
f 2993 3249 3250
f 2993 3250 2997
f 2996 3014 3013
f 2996 3003 3251
f 2996 3251 3252
f 2996 3252 3014
f 2997 3250 2998
f 2998 3250 3253
f 2998 3253 3254
f 2998 3254 3255
f 2998 3255 2999
f 2999 3255 3000
f 3000 3255 3256
f 3000 3256 3257
f 3000 3257 3001
f 3001 3257 3002
f 3002 3257 3008
f 3003 3011 3251
f 3004 3258 3005
f 3004 3009 3259
f 3004 3259 3260
f 3004 3260 3261
f 3004 3261 3258
f 3005 3258 3262
f 3005 3262 3263
f 3005 3263 3006
f 3006 3264 3265
f 3006 3265 3007
f 3006 3263 3264
f 3007 3265 3266
f 3007 3266 3267
f 3007 3267 3010
f 3008 3257 3009
f 3009 3257 3268
f 3009 3268 3259
f 3010 3267 3252
f 3010 3252 3011
f 3011 3252 3251
f 3012 3014 3015
f 3014 3269 3016
f 3014 3016 3015
f 3014 3252 3270
f 3014 3270 3269
f 3016 3269 3017
f 3017 3271 3272
f 3017 3272 3273
f 3017 3273 3020
f 3017 3269 3270
f 3017 3270 3267
f 3017 3267 3274
f 3017 3274 3275
f 3017 3275 3276
f 3017 3276 3271
f 3018 3277 3278
f 3018 3278 3019
f 3018 3020 3279
f 3018 3279 3277
f 3019 3278 3280
f 3019 3280 3021
f 3020 3273 3279
f 3021 3280 3022
f 3022 3280 3281
f 3022 3281 3023
f 3023 3282 3283
f 3023 3283 3025
f 3023 3025 3024
f 3023 3281 3284
f 3023 3284 3282
f 3025 3283 3285
f 3025 3285 3028
f 3025 3028 3027
f 3028 3285 3286
f 3028 3286 3179
f 3029 3030 3075
f 3029 3075 3067
f 3031 3036 3032
f 3033 3053 3287
f 3033 3287 3288
f 3033 3288 3069
f 3033 3069 3068
f 3033 3068 3034
f 3033 3058 3053
f 3041 3289 3042
f 3042 3289 3290
f 3042 3290 3291
f 3042 3291 3044
f 3044 3291 3045
f 3045 3292 3046
f 3045 3291 3293
f 3045 3293 3294
f 3045 3294 3295
f 3045 3295 3296
f 3045 3296 3292
f 3046 3292 3047
f 3047 3292 3049
f 3047 3049 3048
f 3049 3296 3295
f 3049 3295 3297
f 3049 3297 3298
f 3049 3298 3050
f 3049 3292 3296
f 3050 3298 3051
f 3051 3298 3299
f 3051 3299 3052
f 3052 3299 3300
f 3052 3300 3301
f 3052 3301 3302
f 3052 3302 3055
f 3053 3058 3054
f 3053 3057 3303
f 3053 3303 3287
f 3055 3302 3304
f 3055 3304 3056
f 3056 3303 3057
f 3056 3304 3303
f 3059 3063 3064
f 3061 3083 3305
f 3061 3305 3062
f 3062 3306 3063
f 3062 3305 3307
f 3062 3307 3308
f 3062 3308 3306
f 3063 3306 3064
f 3064 3306 3066
f 3066 3306 3084
f 3069 3288 3070
f 3070 3288 3309
f 3070 3309 3310
f 3070 3310 3311
f 3070 3311 3071
f 3071 3311 3312
f 3071 3312 3072
f 3072 3312 3313
f 3072 3313 3073
f 3073 3313 3076
f 3076 3314 3315
f 3076 3315 3316
f 3076 3316 3077
f 3076 3313 3317
f 3076 3317 3318
f 3076 3318 3314
f 3077 3316 3078
f 3078 3316 3319
f 3078 3319 3079
f 3079 3081 3080
f 3079 3319 3081
f 3081 3319 3320
f 3081 3320 3321
f 3081 3321 3322
f 3081 3322 3323
f 3081 3323 3082
f 3082 3324 3083
f 3082 3323 3325
f 3082 3325 3324
f 3083 3324 3305
f 3084 3306 3088
f 3084 3088 3085
f 3087 3326 3097
f 3087 3096 3326
f 3088 3306 3327
f 3088 3327 3329
f 3088 3329 3328
f 3088 3328 3089
f 3089 3328 3090
f 3090 3092 3091
f 3090 3328 3329
f 3090 3329 3330
f 3090 3330 3331
f 3090 3331 3092
f 3092 3331 3093
f 3093 3331 3332
f 3093 3332 3333
f 3093 3333 3334
f 3093 3334 3335
f 3093 3335 3336
f 3093 3336 3337
f 3093 3337 3338
f 3093 3338 3339
f 3093 3339 3340
f 3093 3340 3341
f 3093 3341 3342
f 3093 3342 3094
f 3094 3342 3343
f 3094 3343 3095
f 3095 3343 3096
f 3096 3343 3344
f 3096 3344 3326
f 3097 3326 3098
f 3098 3326 3105
f 3101 3108 3345
f 3101 3345 3102
f 3102 3345 3103
f 3103 3346 3347
f 3103 3347 3109
f 3103 3345 3108
f 3103 3108 3348
f 3103 3348 3349
f 3103 3349 3346
f 3105 3326 3106
f 3106 3108 3107
f 3106 3326 3344
f 3106 3344 3108
f 3108 3344 3348
f 3109 3347 3346
f 3109 3346 3350
f 3109 3350 3110
f 3110 3350 3111
f 3111 3350 3346
f 3111 3346 3351
f 3111 3351 3352
f 3111 3352 3112
f 3112 3114 3113
f 3112 3352 3114
f 3114 3352 3353
f 3114 3353 3354
f 3114 3354 3355
f 3114 3355 3120
f 3115 3118 3356
f 3115 3356 3123
f 3116 3356 3357
f 3116 3357 3117
f 3116 3119 3358
f 3116 3358 3359
f 3116 3359 3360
f 3116 3360 3361
f 3116 3361 3356
f 3117 3357 3118
f 3118 3357 3356
f 3119 3122 3121
f 3119 3121 3362
f 3119 3362 3363
f 3119 3363 3358
f 3120 3355 3121
f 3121 3355 3364
f 3121 3364 3365
f 3121 3365 3366
f 3121 3366 3362
f 3123 3356 3126
f 3124 3126 3367
f 3124 3367 3125
f 3125 3368 3127
f 3125 3367 3369
f 3125 3369 3368
f 3126 3370 3367
f 3126 3356 3371
f 3126 3371 3372
f 3126 3372 3373
f 3126 3373 3374
f 3126 3374 3370
f 3127 3368 3128
f 3128 3368 3375
f 3128 3375 3132
f 3128 3132 3129
f 3131 3376 3142
f 3131 3138 3377
f 3131 3377 3378
f 3131 3378 3376
f 3132 3375 3133
f 3133 3375 3134
f 3134 3375 3368
f 3134 3368 3369
f 3134 3369 3379
f 3134 3379 3136
f 3134 3136 3135
f 3136 3379 3380
f 3136 3380 3138
f 3136 3138 3137
f 3138 3380 3381
f 3138 3381 3382
f 3138 3382 3383
f 3138 3383 3377
f 3139 3146 3384
f 3139 3384 3141
f 3141 3384 3153
f 3142 3376 3145
f 3142 3144 3143
f 3145 3376 3385
f 3145 3385 3386
f 3145 3386 3146
f 3146 3386 3384
f 3147 3387 3148
f 3147 3153 3387
f 3148 3387 3149
f 3149 3388 3389
f 3149 3387 3388
f 3150 3389 3390
f 3150 3390 3391
f 3150 3391 3152
f 3151 3152 3391
f 3151 3391 3392
f 3151 3392 3155
f 3153 3384 3622
f 3153 3622 3387
f 3155 3392 3156
f 3156 3393 3394
f 3156 3394 3395
f 3156 3395 3159
f 3156 3159 3396
f 3156 3396 3157
f 3156 3392 3397
f 3156 3397 3393
f 3157 3396 3159
f 3158 3159 3398
f 3158 3398 3399
f 3158 3399 3160
f 3159 3395 3400
f 3159 3400 3398
f 3160 3399 3162
f 3162 3399 3401
f 3162 3401 3163
f 3163 3401 3402
f 3163 3402 3164
f 3164 3402 3403
f 3167 3171 3170
f 3167 3170 3404
f 3167 3404 3168
f 3168 3405 3406
f 3168 3406 3407
f 3168 3407 3172
f 3168 3404 3405
f 3172 3407 3173
f 3173 3407 3408
f 3173 3408 3174
f 3174 3408 3409
f 3174 3409 3410
f 3174 3410 3411
f 3174 3411 3175
f 3175 3411 3412
f 3175 3412 3413
f 3175 3413 3194
f 3175 3194 3176
f 3177 3179 3414
f 3177 3414 3181
f 3179 3286 3512
f 3179 3512 3414
f 3181 3414 3415
f 3181 3415 3416
f 3181 3416 3182
f 3182 3416 3415
f 3182 3415 3417
f 3182 3417 3418
f 3182 3418 3419
f 3182 3419 3420
f 3182 3420 3184
f 3182 3184 3183
f 3184 3420 3419
f 3184 3419 3421
f 3184 3421 3422
f 3184 3422 3186
f 3185 3187 3423
f 3185 3423 3424
f 3185 3424 3188
f 3186 3422 3187
f 3187 3422 3425
f 3187 3425 3423
f 3188 3424 3189
f 3189 3424 3190
f 3190 3424 3426
f 3190 3426 3193
f 3191 3193 3426
f 3194 3413 3195
f 3195 3427 3428
f 3195 3428 3196
f 3195 3413 3412
f 3195 3412 3429
f 3195 3429 3430
f 3195 3430 3427
f 3196 3199 3197
f 3196 3428 3431
f 3196 3431 3199
f 3198 3201 3202
f 3199 3431 3432
f 3199 3432 3200
f 3200 3432 3201
f 3201 3432 3433
f 3201 3433 3434
f 3201 3434 3202
f 3202 3434 3435
f 3202 3435 3204
f 3202 3204 3203
f 3204 3435 3436
f 3204 3436 3206
f 3204 3206 3205
f 3206 3437 3207
f 3206 3436 3438
f 3206 3438 3439
f 3206 3439 3437
f 3207 3437 3208
f 3208 3439 3209
f 3208 3437 3439
f 3209 3439 3440
f 3209 3440 3441
f 3209 3441 3211
f 3209 3211 3210
f 3211 3441 3442
f 3211 3442 3443
f 3211 3443 3444
f 3211 3444 3445
f 3211 3445 3212
f 3212 3445 3444
f 3212 3444 3446
f 3212 3446 3447
f 3212 3447 3448
f 3212 3448 3449
f 3212 3449 3215
f 3212 3215 3214
f 3215 3449 3216
f 3216 3449 3450
f 3216 3450 3217
f 3217 3222 3218
f 3217 3450 3451
f 3217 3451 3452
f 3217 3452 3222
f 3220 3238 3221
f 3221 3238 3239
f 3222 3452 3223
f 3223 3452 3224
f 3224 3452 3453
f 3224 3453 3454
f 3224 3454 3455
f 3224 3455 3456
f 3224 3456 3225
f 3225 3456 3457
f 3225 3457 3226
f 3226 3457 3458
f 3226 3458 3228
f 3226 3228 3227
f 3228 3458 3459
f 3228 3459 3229
f 3229 3459 3230
f 3230 3459 3231
f 3231 3459 3460
f 3231 3460 3461
f 3231 3461 3232
f 3232 3461 3234
f 3232 3234 3233
f 3234 3461 3462
f 3234 3462 3463
f 3234 3463 3464
f 3234 3464 3465
f 3234 3465 3235
f 3235 3465 3236
f 3236 3465 3237
f 3237 3465 3466
f 3237 3466 3467
f 3237 3467 3468
f 3237 3468 3238
f 3238 3468 3239
f 3239 3468 3240
f 3240 3468 3469
f 3240 3469 3470
f 3240 3470 3246
f 3242 3246 3471
f 3242 3471 3243
f 3243 3471 3472
f 3243 3472 3473
f 3243 3473 3474
f 3243 3474 3475
f 3243 3475 3476
f 3243 3476 3244
f 3244 3476 3245
f 3245 3476 3475
f 3245 3475 3477
f 3245 3477 3248
f 3245 3248 3247
f 3246 3470 3471
f 3248 3253 3250
f 3248 3250 3249
f 3248 3477 3253
f 3252 3267 3270
f 3253 3477 3254
f 3254 3477 3475
f 3254 3475 3478
f 3254 3478 3256
f 3254 3256 3255
f 3256 3478 3479
f 3256 3479 3257
f 3257 3479 3480
f 3257 3480 3481
f 3257 3481 3482
f 3257 3482 3268
f 3258 3261 3262
f 3259 3268 3483
f 3259 3483 3484
f 3259 3484 3260
f 3260 3484 3261
f 3261 3484 3485
f 3261 3485 3262
f 3262 3486 3487
f 3262 3487 3263
f 3262 3485 3488
f 3262 3488 3489
f 3262 3489 3490
f 3262 3490 3486
f 3263 3487 3491
f 3263 3491 3492
f 3263 3492 3264
f 3264 3492 3265
f 3265 3492 3493
f 3265 3493 3266
f 3266 3493 3267
f 3267 3493 3274
f 3268 3482 3494
f 3268 3494 3495
f 3268 3495 3483
f 3271 3276 3496
f 3271 3496 3272
f 3272 3497 3743
f 3272 3743 3498
f 3272 3498 3273
f 3272 3496 3497
f 3273 3498 3279
f 3274 3493 3275
f 3275 3493 3499
f 3275 3499 3276
f 3276 3499 3492
f 3276 3492 3500
f 3276 3500 3501
f 3276 3501 3496
f 3277 3502 3278
f 3277 3279 3503
f 3277 3503 3502
f 3278 3502 3504
f 3278 3504 3505
f 3278 3505 3280
f 3279 3498 3503
f 3280 3506 3753
f 3280 3753 3507
f 3280 3507 3508
f 3280 3508 3284
f 3280 3284 3281
f 3280 3505 3506
f 3282 3509 3510
f 3282 3510 3283
f 3282 3284 3508
f 3282 3508 3509
f 3283 3510 3511
f 3283 3511 3286
f 3283 3286 3285
f 3286 3511 3512
f 3287 3303 3513
f 3287 3513 3288
f 3288 3513 3309
f 3289 3514 3290
f 3290 3514 3515
f 3290 3515 3516
f 3290 3516 3291
f 3291 3516 3294
f 3291 3294 3293
f 3294 3516 3515
f 3294 3515 3517
f 3294 3517 3518
f 3294 3518 3295
f 3295 3518 3519
f 3295 3519 3520
f 3295 3520 3521
f 3295 3521 3297
f 3297 3521 3298
f 3298 3521 3522
f 3298 3522 3523
f 3298 3523 3300
f 3298 3300 3299
f 3300 3524 3301
f 3300 3523 3524
f 3301 3524 3302
f 3302 3524 3525
f 3302 3525 3526
f 3302 3526 3304
f 3303 3304 3527
f 3303 3527 3528
f 3303 3528 3513
f 3304 3526 3527
f 3305 3324 3529
f 3305 3529 3530
f 3305 3530 3307
f 3306 3308 3327
f 3307 3530 3308
f 3308 3530 3531
f 3308 3531 3327
f 3309 3532 3310
f 3309 3513 3533
f 3309 3533 3532
f 3310 3532 3534
f 3310 3534 3311
f 3311 3534 3535
f 3311 3535 3536
f 3311 3536 3313
f 3311 3313 3312
f 3313 3536 3537
f 3313 3537 3317
f 3314 3318 3538
f 3314 3538 3315
f 3315 3538 3539
f 3315 3539 3540
f 3315 3540 3316
f 3316 3540 3319
f 3317 3537 3541
f 3317 3541 3542
f 3317 3542 3543
f 3317 3543 3318
f 3318 3543 3542
f 3318 3542 3538
f 3319 3540 3544
f 3319 3544 3545
f 3319 3545 3320
f 3320 3545 3321
f 3321 3545 3546
f 3321 3546 3322
f 3322 3325 3323
f 3322 3546 3547
f 3322 3547 3325
f 3324 3325 3529
f 3325 3547 3548
f 3325 3548 3549
f 3325 3549 3529
f 3327 3531 3329
f 3329 3531 3550
f 3329 3550 3330
f 3330 3550 3551
f 3330 3551 3332
f 3330 3332 3331
f 3332 3551 3333
f 3333 3551 3552
f 3333 3552 3553
f 3333 3553 3334
f 3334 3553 3335
f 3335 3553 3554
f 3335 3554 3555
f 3335 3555 3556
f 3335 3556 3557
f 3335 3557 3336
f 3336 3557 3337
f 3337 3557 3558
f 3337 3558 3559
f 3337 3559 3338
f 3338 3559 3560
f 3338 3560 3561
f 3338 3561 3339
f 3339 3562 3563
f 3339 3563 3340
f 3339 3561 3560
f 3339 3560 3564
f 3339 3564 3565
f 3339 3565 3566
f 3339 3566 3567
f 3339 3567 3568
f 3339 3568 3569
f 3339 3569 3570
f 3339 3570 3571
f 3339 3571 3572
f 3339 3572 3562
f 3340 3563 3573
f 3340 3573 3341
f 3341 3573 3574
f 3341 3574 3343
f 3341 3343 3342
f 3343 3575 3349
f 3343 3349 3348
f 3343 3348 3344
f 3343 3574 3575
f 3346 3352 3351
f 3346 3349 3352
f 3349 3575 3576
f 3349 3576 3577
f 3349 3577 3578
f 3349 3578 3579
f 3349 3579 3580
f 3349 3580 3581
f 3349 3581 3582
f 3349 3582 3352
f 3352 3582 3581
f 3352 3581 3583
f 3352 3583 3354
f 3352 3354 3353
f 3354 3364 3355
f 3354 3583 3584
f 3354 3584 3585
f 3354 3585 3364
f 3356 3361 3586
f 3356 3586 3587
f 3356 3587 3372
f 3356 3372 3371
f 3358 3363 3588
f 3358 3588 3359
f 3359 3588 3363
f 3359 3363 3589
f 3359 3589 3590
f 3359 3590 3360
f 3360 3590 3361
f 3361 3590 3587
f 3361 3587 3586
f 3362 3366 3363
f 3363 3365 3585
f 3363 3585 3591
f 3363 3591 3592
f 3363 3592 3593
f 3363 3593 3594
f 3363 3594 3595
f 3363 3595 3590
f 3363 3590 3589
f 3363 3366 3365
f 3364 3585 3365
f 3367 3370 3369
f 3369 3370 3596
f 3369 3596 3597
f 3369 3597 3379
f 3370 3374 3598
f 3370 3598 3597
f 3370 3597 3596
f 3372 3587 3595
f 3372 3595 3599
f 3372 3599 3600
f 3372 3600 3601
f 3372 3601 3602
f 3372 3602 3373
f 3373 3602 3603
f 3373 3603 3604
f 3373 3604 3374
f 3374 3604 3605
f 3374 3605 3598
f 3376 3378 3606
f 3376 3606 3607
f 3376 3607 3385
f 3377 3383 3608
f 3377 3608 3609
f 3377 3609 3610
f 3377 3610 3378
f 3378 3610 3611
f 3378 3611 3606
f 3379 3597 3612
f 3379 3612 3613
f 3379 3613 3380
f 3380 3613 3614
f 3380 3614 3615
f 3380 3615 3381
f 3381 3615 3382
f 3382 3615 3616
f 3382 3616 3383
f 3383 3616 3617
f 3383 3617 3618
f 3383 3618 3619
f 3383 3619 3620
f 3383 3620 3609
f 3383 3609 3608
f 3384 3386 3621
f 3384 3621 3622
f 3385 3607 3623
f 3385 3623 3624
f 3385 3624 3386
f 3386 3624 3621
f 3387 3622 3388
f 3388 3622 3625
f 3388 3625 3626
f 3388 3626 3627
f 3388 3627 3389
f 3389 3627 3628
f 3389 3628 3629
f 3389 3629 3630
f 3389 3630 3390
f 3390 3630 3391
f 3391 3630 3631
f 3391 3631 3397
f 3391 3397 3392
f 3393 3632 3394
f 3393 3397 3632
f 3394 3632 3633
f 3394 3633 3634
f 3394 3634 3395
f 3395 3634 3400
f 3397 3631 3635
f 3397 3635 3632
f 3398 3400 3399
f 3399 3400 3636
f 3399 3636 3637
f 3399 3637 3401
f 3400 3634 3636
f 3401 3637 3638
f 3401 3638 3402
f 3402 3638 3639
f 3402 3639 3403
f 3403 3639 3640
f 3404 3641 3405
f 3405 3642 3406
f 3405 3641 3642
f 3406 3643 3407
f 3406 3642 3643
f 3407 3643 3644
f 3407 3644 3408
f 3408 3644 3645
f 3408 3645 3409
f 3409 3645 3646
f 3409 3646 3647
f 3409 3647 3410
f 3410 3648 3411
f 3410 3647 3649
f 3410 3649 3648
f 3411 3648 3412
f 3412 3648 3650
f 3412 3650 3651
f 3412 3651 3652
f 3412 3652 3429
f 3414 3512 3415
f 3415 3512 3653
f 3415 3653 3654
f 3415 3654 3655
f 3415 3655 3656
f 3415 3656 3417
f 3417 3657 3418
f 3417 3656 3901
f 3417 3901 3657
f 3418 3657 3658
f 3418 3658 3419
f 3419 3658 3659
f 3419 3659 3660
f 3419 3660 3421
f 3421 3660 3659
f 3421 3659 3661
f 3421 3661 3422
f 3422 3661 3662
f 3422 3662 3663
f 3422 3663 3664
f 3422 3664 3425
f 3427 3430 3428
f 3428 3665 3666
f 3428 3666 3432
f 3428 3432 3431
f 3428 3430 3667
f 3428 3667 3668
f 3428 3668 3665
f 3429 3652 3669
f 3429 3669 3430
f 3430 3669 3668
f 3430 3668 3667
f 3432 3666 3665
f 3432 3665 3433
f 3433 3435 3434
f 3433 3665 3435
f 3435 3665 3436
f 3436 3665 3670
f 3436 3670 3438
f 3438 3670 3671
f 3438 3671 3439
f 3439 3671 3672
f 3439 3672 3440
f 3440 3672 3673
f 3440 3673 3441
f 3441 3673 3442
f 3442 3673 3674
f 3442 3674 3675
f 3442 3675 3444
f 3442 3444 3443
f 3444 3675 3676
f 3444 3676 3677
f 3444 3677 3678
f 3444 3678 3679
f 3444 3679 3446
f 3446 3679 3447
f 3447 3680 3681
f 3447 3681 3450
f 3447 3450 3448
f 3447 3679 3680
f 3448 3450 3449
f 3450 3681 3682
f 3450 3682 3683
f 3450 3683 3684
f 3450 3684 3451
f 3451 3684 3685
f 3451 3685 3686
f 3451 3686 3687
f 3451 3687 3452
f 3452 3687 3453
f 3453 3686 3688
f 3453 3688 3454
f 3453 3687 3686
f 3454 3688 3689
f 3454 3689 3690
f 3454 3690 3691
f 3454 3691 3455
f 3455 3691 3692
f 3455 3692 3693
f 3455 3693 3456
f 3456 3693 3457
f 3457 3693 3694
f 3457 3694 3458
f 3458 3694 3459
f 3459 3694 3695
f 3459 3695 3696
f 3459 3696 3460
f 3460 3696 3697
f 3460 3697 3698
f 3460 3698 3461
f 3461 3698 3462
f 3462 3698 3463
f 3463 3699 3700
f 3463 3700 3701
f 3463 3701 3464
f 3463 3698 3697
f 3463 3697 3702
f 3463 3702 3703
f 3463 3703 3704
f 3463 3704 3699
f 3464 3701 3465
f 3465 3701 3705
f 3465 3705 3466
f 3466 3705 3706
f 3466 3706 3707
f 3466 3707 3467
f 3467 3708 3709
f 3467 3709 3469
f 3467 3469 3468
f 3467 3707 3708
f 3469 3709 3710
f 3469 3710 3711
f 3469 3711 3470
f 3470 3711 3712
f 3470 3712 3713
f 3470 3713 3471
f 3471 3713 3714
f 3471 3714 3715
f 3471 3715 3472
f 3472 3716 3473
f 3472 3715 3716
f 3473 3716 3717
f 3473 3717 3474
f 3474 3717 3718
f 3474 3718 3719
f 3474 3719 3475
f 3475 3719 3720
f 3475 3720 3478
f 3478 3720 3480
f 3478 3480 3479
f 3480 3720 3721
f 3480 3721 3481
f 3481 3721 3722
f 3481 3722 3723
f 3481 3723 3494
f 3481 3494 3482
f 3483 3724 3484
f 3483 3495 3725
f 3483 3725 3724
f 3484 3724 3726
f 3484 3726 3485
f 3485 3726 3727
f 3485 3727 3489
f 3485 3489 3488
f 3486 3728 3729
f 3486 3729 3487
f 3486 3490 3728
f 3487 3729 3491
f 3489 3727 3730
f 3489 3730 3731
f 3489 3731 3490
f 3490 3731 3732
f 3490 3732 3733
f 3490 3733 3728
f 3491 3734 3492
f 3491 3729 3735
f 3491 3735 3734
f 3492 3734 3500
f 3492 3499 3493
f 3494 3723 3736
f 3494 3736 3495
f 3495 3736 3737
f 3495 3737 3738
f 3495 3738 3739
f 3495 3739 3725
f 3496 3501 3740
f 3496 3740 3497
f 3497 3741 3742
f 3497 3742 3743
f 3497 3740 3741
f 3498 3743 3503
f 3500 3734 3744
f 3500 3744 3501
f 3501 3745 3740
f 3501 3744 3746
f 3501 3746 3747
f 3501 3747 3745
f 3502 3503 3748
f 3502 3748 3749
f 3502 3749 3504
f 3503 3743 3748
f 3504 3749 3750
f 3504 3750 3505
f 3505 3750 3751
f 3505 3751 3506
f 3506 3752 3753
f 3506 3751 3752
f 3507 3753 3508
f 3508 3754 3509
f 3508 3753 3755
f 3508 3755 3756
f 3508 3756 3754
f 3509 3757 3510
f 3509 3754 3758
f 3509 3758 3757
f 3510 3757 3653
f 3510 3653 3512
f 3510 3512 3511
f 3513 3528 3533
f 3514 3759 3515
f 3515 3759 3760
f 3515 3760 3761
f 3515 3761 3517
f 3517 3761 3518
f 3518 3762 3519
f 3518 3761 3763
f 3518 3763 3764
f 3518 3764 3762
f 3519 3762 3765
f 3519 3765 3766
f 3519 3766 3520
f 3520 3766 3767
f 3520 3767 3522
f 3520 3522 3521
f 3522 3767 3523
f 3523 3768 3524
f 3523 3767 3769
f 3523 3769 3770
f 3523 3770 3768
f 3524 3768 3525
f 3525 3768 3771
f 3525 3771 3772
f 3525 3772 3526
f 3526 3772 3773
f 3526 3773 3527
f 3527 3773 3774
f 3527 3774 3775
f 3527 3775 3528
f 3528 3775 3533
f 3529 3549 3530
f 3530 3549 3776
f 3530 3776 3531
f 3531 3776 3550
f 3532 3777 3778
f 3532 3778 3779
f 3532 3779 3535
f 3532 3535 3534
f 3532 3533 3777
f 3533 3775 3777
f 3535 3779 4020
f 3535 4020 3780
f 3535 3780 3536
f 3536 3780 3541
f 3536 3541 3537
f 3538 3542 3539
f 3539 3542 3781
f 3539 3781 3782
f 3539 3782 3783
f 3539 3783 3540
f 3540 3783 3544
f 3541 3780 3784
f 3541 3784 3542
f 3542 3784 3785
f 3542 3785 3786
f 3542 3786 3787
f 3542 3787 3781
f 3544 3783 3788
f 3544 3788 3545
f 3545 3788 3789
f 3545 3789 3790
f 3545 3790 3546
f 3546 3790 3791
f 3546 3791 3547
f 3547 3791 3548
f 3548 3792 3776
f 3548 3776 3549
f 3548 3791 3793
f 3548 3793 3554
f 3548 3554 3792
f 3550 3792 3552
f 3550 3552 3551
f 3550 3776 3792
f 3552 3792 3554
f 3552 3554 3553
f 3554 3793 3794
f 3554 3794 3556
f 3554 3556 3555
f 3556 3795 3796
f 3556 3796 3797
f 3556 3797 3557
f 3556 3794 3798
f 3556 3798 3795
f 3557 3797 3558
f 3558 3797 3796
f 3558 3796 3799
f 3558 3799 3800
f 3558 3800 3559
f 3559 3801 3802
f 3559 3802 3560
f 3559 3800 3803
f 3559 3803 3801
f 3560 3802 3804
f 3560 3804 3564
f 3562 3572 3563
f 3563 3805 3806
f 3563 3806 3573
f 3563 3572 3805
f 3564 3804 3565
f 3565 3804 3807
f 3565 3807 3808
f 3565 3808 3809
f 3565 3809 3566
f 3566 3809 3567
f 3567 3809 3810
f 3567 3810 3811
f 3567 3811 3812
f 3567 3812 3813
f 3567 3813 3568
f 3568 3813 3569
f 3569 3813 3814
f 3569 3814 3570
f 3570 3814 3815
f 3570 3815 3571
f 3571 3815 3572
f 3572 3815 3816
f 3572 3816 3817
f 3572 3817 3818
f 3572 3818 3819
f 3572 3819 3805
f 3573 3806 3574
f 3574 3820 3576
f 3574 3576 3575
f 3574 3806 3821
f 3574 3821 3820
f 3576 3822 3823
f 3576 3823 3577
f 3576 3820 3821
f 3576 3821 3824
f 3576 3824 3822
f 3577 3825 3826
f 3577 3826 3579
f 3577 3579 3578
f 3577 3823 3827
f 3577 3827 3828
f 3577 3828 3825
f 3579 3826 3829
f 3579 3829 3580
f 3580 3830 3581
f 3580 3829 3830
f 3581 3830 3831
f 3581 3831 3832
f 3581 3832 3584
f 3581 3584 3583
f 3584 3832 3833
f 3584 3833 3585
f 3585 3833 3831
f 3585 3831 3834
f 3585 3834 3835
f 3585 3835 3836
f 3585 3836 3837
f 3585 3837 3591
f 3587 3590 3595
f 3591 3837 3592
f 3592 3837 3594
f 3592 3594 3593
f 3594 3837 3838
f 3594 3838 3595
f 3595 3838 3839
f 3595 3839 3840
f 3595 3840 3841
f 3595 3841 3842
f 3595 3842 3843
f 3595 3843 3599
f 3597 3613 3612
f 3597 3598 3605
f 3597 3605 3844
f 3597 3844 3613
f 3599 3843 3600
f 3600 3843 3845
f 3600 3845 3846
f 3600 3846 3847
f 3600 3847 3848
f 3600 3848 3849
f 3600 3849 3850
f 3600 3850 3601
f 3601 3850 3602
f 3602 3850 3603
f 3603 3851 3604
f 3603 3850 3852
f 3603 3852 3851
f 3604 3851 3605
f 3605 3851 3853
f 3605 3853 3854
f 3605 3854 3844
f 3606 3611 3855
f 3606 3855 3607
f 3607 3855 3856
f 3607 3856 3623
f 3609 3857 3610
f 3609 3620 3858
f 3609 3858 3859
f 3609 3859 3857
f 3610 3857 3855
f 3610 3855 3611
f 3613 3844 3860
f 3613 3860 3614
f 3614 3860 3861
f 3614 3861 3615
f 3615 3861 3862
f 3615 3862 3616
f 3616 3862 3617
f 3617 3862 3618
f 3618 3862 3863
f 3618 3863 3864
f 3618 3864 3858
f 3618 3858 3619
f 3619 3858 3620
f 3621 3624 3856
f 3621 3856 3865
f 3621 3865 3625
f 3621 3625 3622
f 3623 3856 3624
f 3625 3865 3866
f 3625 3866 3626
f 3626 3866 3867
f 3626 3867 3627
f 3627 3867 3859
f 3627 3859 3858
f 3627 3858 3628
f 3628 3858 3868
f 3628 3868 3869
f 3628 3869 3870
f 3628 3870 3629
f 3629 3870 3630
f 3630 3870 3871
f 3630 3871 3635
f 3630 3635 3631
f 3632 3635 3871
f 3632 3871 3872
f 3632 3872 3873
f 3632 3873 3633
f 3633 3873 3874
f 3633 3874 3875
f 3633 3875 3634
f 3634 3875 3876
f 3634 3876 3877
f 3634 3877 3636
f 3636 3877 3878
f 3636 3878 3637
f 3637 3878 3879
f 3637 3879 3638
f 3638 3879 3880
f 3638 3880 3639
f 3639 3880 3881
f 3639 3881 3882
f 3639 3882 3640
f 3641 3883 3884
f 3641 3884 3642
f 3642 3884 3643
f 3643 3884 3885
f 3643 3885 3644
f 3644 3885 3886
f 3644 3886 3645
f 3645 3886 3887
f 3645 3887 3888
f 3645 3888 3889
f 3645 3889 3646
f 3646 3889 3888
f 3646 3888 3890
f 3646 3890 3891
f 3646 3891 3647
f 3647 3891 3892
f 3647 3892 3649
f 3648 3649 3893
f 3648 3893 3650
f 3649 3892 3893
f 3650 3893 3894
f 3650 3894 3651
f 3651 3895 3897
f 3651 3897 3652
f 3651 3894 3896
f 3651 3896 3895
f 3652 3897 3669
f 3653 3757 3654
f 3654 3898 3655
f 3654 3757 3899
f 3654 3899 3900
f 3654 3900 3898
f 3655 3898 3656
f 3656 3898 3901
f 3657 3901 3902
f 3657 3902 3903
f 3657 3903 3658
f 3658 3903 3904
f 3658 3904 3659
f 3659 3904 3905
f 3659 3905 3906
f 3659 3906 3661
f 3665 3668 3907
f 3665 3907 3670
f 3668 3669 3897
f 3668 3897 3895
f 3668 3895 3908
f 3668 3908 3907
f 3670 3907 3671
f 3671 3907 3909
f 3671 3909 3672
f 3672 3909 3674
f 3672 3674 3673
f 3674 3910 3911
f 3674 3911 3676
f 3674 3676 3675
f 3674 3909 3912
f 3674 3912 3910
f 3676 3913 3677
f 3676 3911 3914
f 3676 3914 3915
f 3676 3915 3916
f 3676 3916 3917
f 3676 3917 3918
f 3676 3918 3913
f 3677 3913 3678
f 3678 3913 3919
f 3678 3919 3920
f 3678 3920 3679
f 3679 3920 3921
f 3679 3921 3680
f 3680 3921 3681
f 3681 3921 3682
f 3682 3921 3922
f 3682 3922 3923
f 3682 3923 3683
f 3683 3923 3684
f 3684 3923 3924
f 3684 3924 3685
f 3685 3924 3923
f 3685 3923 3925
f 3685 3925 3926
f 3685 3926 3927
f 3685 3927 3928
f 3685 3928 3686
f 3686 3928 3688
f 3688 3928 3689
f 3689 3928 3927
f 3689 3927 3929
f 3689 3929 3690
f 3690 3929 3691
f 3691 3929 3930
f 3691 3930 3931
f 3691 3931 3692
f 3692 3932 3933
f 3692 3933 3694
f 3692 3694 3693
f 3692 3931 3934
f 3692 3934 3932
f 3694 3933 3695
f 3695 3933 3935
f 3695 3935 3696
f 3696 3935 3936
f 3696 3936 3697
f 3697 3936 3937
f 3697 3937 3938
f 3697 3938 3702
f 3699 3704 3939
f 3699 3939 3940
f 3699 3940 3941
f 3699 3941 3700
f 3700 3941 3942
f 3700 3942 3705
f 3700 3705 3701
f 3702 3938 3703
f 3703 3943 3944
f 3703 3944 3945
f 3703 3945 3939
f 3703 3939 3704
f 3703 3938 3946
f 3703 3946 3943
f 3705 3942 3706
f 3706 3942 3707
f 3707 3947 3948
f 3707 3948 3949
f 3707 3949 3708
f 3707 3942 3947
f 3708 3949 3709
f 3709 3949 3710
f 3710 3949 3950
f 3710 3950 3951
f 3710 3951 3711
f 3711 3951 3952
f 3711 3952 3953
f 3711 3953 3954
f 3711 3954 3955
f 3711 3955 3714
f 3711 3714 3712
f 3712 3714 3713
f 3714 3955 3956
f 3714 3956 3717
f 3714 3717 3716
f 3714 3716 3715
f 3717 3956 3957
f 3717 3957 3958
f 3717 3958 3718
f 3718 3959 3719
f 3718 3958 3960
f 3718 3960 3959
f 3719 3959 3961
f 3719 3961 3721
f 3719 3721 3720
f 3721 3961 3722
f 3722 3962 3723
f 3722 3961 3963
f 3722 3963 3964
f 3722 3964 3962
f 3723 3962 3736
f 3724 3725 3726
f 3725 3739 3965
f 3725 3965 3726
f 3726 3730 3727
f 3726 3965 3730
f 3728 3733 3966
f 3728 3966 3967
f 3728 3967 3729
f 3729 3967 3735
f 3730 3968 3731
f 3730 3965 3969
f 3730 3969 3968
f 3731 3968 3732
f 3732 3968 3970
f 3732 3970 3971
f 3732 3971 3733
f 3733 3972 3966
f 3733 3971 3972
f 3734 3735 3746
f 3734 3746 3744
f 3735 3967 3973
f 3735 3973 3974
f 3735 3974 3746
f 3736 3962 3975
f 3736 3975 3976
f 3736 3976 3737
f 3737 3976 3977
f 3737 3977 3738
f 3738 3977 3739
f 3739 3978 3969
f 3739 3969 3965
f 3739 3977 3979
f 3739 3979 3980
f 3739 3980 3981
f 3739 3981 3982
f 3739 3982 3978
f 3740 3745 3983
f 3740 3983 3984
f 3740 3984 3741
f 3741 3984 3985
f 3741 3985 3986
f 3741 3986 3749
f 3741 3749 3742
f 3742 3749 3748
f 3742 3748 3743
f 3745 3987 3984
f 3745 3984 3983
f 3745 3747 3988
f 3745 3988 3989
f 3745 3989 3990
f 3745 3990 3987
f 3746 3991 3747
f 3746 3974 3992
f 3746 3992 3991
f 3747 3991 3988
f 3749 3986 3750
f 3750 3986 3993
f 3750 3993 3755
f 3750 3755 3994
f 3750 3994 3751
f 3751 3994 3752
f 3752 3994 3753
f 3753 3994 3755
f 3754 3756 3758
f 3755 3993 3995
f 3755 3995 3756
f 3756 3995 3996
f 3756 3996 3997
f 3756 3997 3998
f 3756 3998 3899
f 3756 3899 3999
f 3756 3999 3758
f 3757 3758 4000
f 3757 4000 3899
f 3758 3999 3899
f 3758 3899 4000
f 3759 4001 3760
f 3760 4001 4002
f 3760 4002 4003
f 3760 4003 3761
f 3761 4003 3763
f 3762 3764 3765
f 3763 4004 4005
f 3763 4005 3764
f 3763 4003 4004
f 3764 4005 4006
f 3764 4006 4007
f 3764 4007 3765
f 3765 4007 3766
f 3766 4007 3767
f 3767 4007 4008
f 3767 4008 4009
f 3767 4009 4010
f 3767 4010 4011
f 3767 4011 4012
f 3767 4012 3769
f 3768 3770 3771
f 3769 4012 3770
f 3770 4012 4013
f 3770 4013 3771
f 3771 4013 3772
f 3772 4013 4014
f 3772 4014 4015
f 3772 4015 3773
f 3773 4015 4016
f 3773 4016 3774
f 3774 4016 4017
f 3774 4017 4018
f 3774 4018 3775
f 3775 3778 3777
f 3775 4018 4019
f 3775 4019 3778
f 3778 4019 4020
f 3778 4020 3779
f 3780 4020 4021
f 3780 4021 3784
f 3781 3787 4022
f 3781 4022 3782
f 3782 4023 3783
f 3782 4022 4024
f 3782 4024 4025
f 3782 4025 4023
f 3783 4023 3788
f 3784 3786 3785
f 3784 4021 4026
f 3784 4026 3786
f 3786 4027 3787
f 3786 4026 4028
f 3786 4028 4029
f 3786 4029 4030
f 3786 4030 4031
f 3786 4031 4027
f 3787 4027 4022
f 3788 4023 4032
f 3788 4032 4033
f 3788 4033 4034
f 3788 4034 4035
f 3788 4035 3789
f 3789 3798 4036
f 3789 4036 3791
f 3789 3791 3790
f 3789 4035 3795
f 3789 3795 3798
f 3791 4036 3794
f 3791 3794 3793
f 3794 4036 3798
f 3795 4035 3796
f 3796 4037 3799
f 3796 4035 4037
f 3799 4037 4038
f 3799 4038 3800
f 3800 4038 3803
f 3801 3803 4039
f 3801 4039 4040
f 3801 4040 4041
f 3801 4041 3802
f 3802 4041 4042
f 3802 4042 3804
f 3803 4038 4039
f 3804 4042 3807
f 3805 4043 4044
f 3805 4044 4045
f 3805 4045 3821
f 3805 3821 3806
f 3805 3819 4046
f 3805 4046 4047
f 3805 4047 4048
f 3805 4048 4043
f 3807 4042 3808
f 3808 4049 4050
f 3808 4050 4051
f 3808 4051 3810
f 3808 3810 3809
f 3808 4042 4049
f 3810 4051 4052
f 3810 4052 3811
f 3811 4052 4053
f 3811 4053 4054
f 3811 4054 4055
f 3811 4055 3812
f 3812 4055 4056
f 3812 4056 3815
f 3812 3815 3813
f 3813 3815 3814
f 3815 4056 4057
f 3815 4057 3816
f 3816 4058 3817
f 3816 4057 4059
f 3816 4059 4058
f 3817 4058 4060
f 3817 4060 4061
f 3817 4061 3818
f 3818 4061 4047
f 3818 4047 4046
f 3818 4046 3819
f 3821 4045 4062
f 3821 4062 3824
f 3822 3824 3823
f 3823 4063 3827
f 3823 3824 4063
f 3824 4064 4065
f 3824 4065 4063
f 3824 4062 4066
f 3824 4066 4067
f 3824 4067 4068
f 3824 4068 4069
f 3824 4069 4070
f 3824 4070 4064
f 3825 4071 4072
f 3825 4072 3826
f 3825 3828 4073
f 3825 4073 4074
f 3825 4074 4075
f 3825 4075 3835
f 3825 3835 4071
f 3826 4072 3829
f 3827 4063 4076
f 3827 4076 4077
f 3827 4077 4078
f 3827 4078 4079
f 3827 4079 3828
f 3828 4079 4073
f 3829 4072 4080
f 3829 4080 3830
f 3830 4080 3831
f 3831 4080 4081
f 3831 4081 3834
f 3831 3833 3832
f 3834 4081 3835
f 3835 4080 4082
f 3835 4082 4071
f 3835 4075 4074
f 3835 4074 4083
f 3835 4083 4084
f 3835 4084 4085
f 3835 4085 3836
f 3835 4081 4080
f 3836 4085 3837
f 3837 4085 4086
f 3837 4086 3838
f 3838 4086 3840
f 3838 3840 3839
f 3840 4086 4087
f 3840 4087 4088
f 3840 4088 3841
f 3841 4088 4089
f 3841 4089 4090
f 3841 4090 3842
f 3842 4090 3845
f 3842 3845 3843
f 3844 3854 4091
f 3844 4091 3860
f 3845 4090 3846
f 3846 4090 4092
f 3846 4092 4093
f 3846 4093 4094
f 3846 4094 3847
f 3847 4095 4096
f 3847 4096 3848
f 3847 4094 4097
f 3847 4097 4098
f 3847 4098 4095
f 3848 4096 3849
f 3849 4099 3852
f 3849 3852 3850
f 3849 4096 4099
f 3851 3852 3853
f 3852 4099 3853
f 3853 4099 4100
f 3853 4100 4101
f 3853 4101 3854
f 3854 4101 4091
f 3855 3857 4102
f 3855 4102 3866
f 3855 3866 3856
f 3856 3866 3865
f 3857 3859 4102
f 3858 3864 4103
f 3858 4103 4104
f 3858 4104 4105
f 3858 4105 3868
f 3859 3867 3866
f 3859 3866 4102
f 3860 4091 4106
f 3860 4106 3861
f 3861 4106 3862
f 3862 4106 4107
f 3862 4107 3863
f 3863 4107 4108
f 3863 4108 3864
f 3864 4108 4109
f 3864 4109 4103
f 3868 4105 3869
f 3869 4110 3870
f 3869 4105 4110
f 3870 4110 3871
f 3871 4110 3872
f 3872 4111 3873
f 3872 4110 4111
f 3873 4112 3874
f 3873 4111 4112
f 3874 4112 4113
f 3874 4113 4114
f 3874 4114 4115
f 3874 4115 3875
f 3875 4115 4116
f 3875 4116 4117
f 3875 4117 4118
f 3875 4118 3876
f 3876 4118 4119
f 3876 4119 3877
f 3877 4119 4120
f 3877 4120 3878
f 3878 4120 3879
f 3879 4120 3880
f 3880 4120 4121
f 3880 4121 3881
f 3881 4121 4122
f 3883 4123 4124
f 3883 4124 3884
f 3884 4124 4125
f 3884 4125 4126
f 3884 4126 3885
f 3885 4126 3886
f 3886 4126 3887
f 3887 4126 4127
f 3887 4127 4128
f 3887 4128 3888
f 3888 4128 4129
f 3888 4129 4130
f 3888 4130 4131
f 3888 4131 3890
f 3890 4131 3892
f 3890 3892 3891
f 3892 4132 3893
f 3892 4131 4130
f 3892 4130 4133
f 3892 4133 4134
f 3892 4134 4132
f 3893 4132 3894
f 3894 4132 4135
f 3894 4135 3896
f 3895 3907 3908
f 3895 3896 3907
f 3896 4135 4136
f 3896 4136 4137
f 3896 4137 4138
f 3896 4138 4139
f 3896 4139 3907
f 3898 4140 3901
f 3898 3900 4140
f 3899 3998 4141
f 3899 4141 4142
f 3899 4142 3900
f 3900 4142 4140
f 3901 4140 3902
f 3902 4140 4143
f 3902 4143 4144
f 3902 4144 4145
f 3902 4145 3903
f 3903 4145 3904
f 3904 4145 4146
f 3904 4146 4147
f 3904 4147 3905
f 3907 4139 3909
f 3909 4139 4138
f 3909 4138 3912
f 3910 3912 4138
f 3910 4138 4137
f 3910 4137 4148
f 3910 4148 3911
f 3911 4148 3914
f 3913 3918 3919
f 3914 4148 3915
f 3915 4148 4149
f 3915 4149 4150
f 3915 4150 3916
f 3916 4151 4152
f 3916 4152 3918
f 3916 3918 3917
f 3916 4150 4151
f 3918 4153 4154
f 3918 4154 4155
f 3918 4155 3921
f 3918 3921 4156
f 3918 4156 3919
f 3918 4152 4153
f 3919 4156 3920
f 3920 4156 3921
f 3921 4155 4157
f 3921 4157 3922
f 3922 4157 4158
f 3922 4158 4159
f 3922 4159 3923
f 3923 4159 3925
f 3925 4160 3926
f 3925 4159 4160
f 3926 4160 4161
f 3926 4161 3927
f 3927 4161 4162
f 3927 4162 4163
f 3927 4163 3929
f 3929 4163 4162
f 3929 4162 4164
f 3929 4164 4165
f 3929 4165 4166
f 3929 4166 3930
f 3930 4166 4167
f 3930 4167 3931
f 3931 4167 3934
f 3932 4168 4169
f 3932 4169 3933
f 3932 3934 4170
f 3932 4170 4171
f 3932 4171 4168
f 3933 4169 3935
f 3934 4167 4172
f 3934 4172 4173
f 3934 4173 4174
f 3934 4174 4170
f 3935 4169 4168
f 3935 4168 3936
f 3936 4168 4175
f 3936 4175 3937
f 3937 4175 4176
f 3937 4176 4177
f 3937 4177 4178
f 3937 4178 3938
f 3938 4178 4179
f 3938 4179 3944
f 3938 3944 3946
f 3939 3945 4180
f 3939 4180 3940
f 3940 4180 4181
f 3940 4181 4182
f 3940 4182 3941
f 3941 4182 3942
f 3942 4182 3947
f 3943 3946 3944
f 3944 4179 4178
f 3944 4178 4183
f 3944 4183 3945
f 3945 4183 4184
f 3945 4184 4185
f 3945 4185 4186
f 3945 4186 4180
f 3947 4182 4187
f 3947 4187 4188
f 3947 4188 4189
f 3947 4189 3948
f 3948 4189 4190
f 3948 4190 3949
f 3949 4190 4191
f 3949 4191 3950
f 3950 4192 4193
f 3950 4193 3951
f 3950 4191 4194
f 3950 4194 4192
f 3951 4193 4192
f 3951 4192 3952
f 3952 4192 4195
f 3952 4195 4196
f 3952 4196 4197
f 3952 4197 3954
f 3952 3954 3953
f 3954 4197 4198
f 3954 4198 3957
f 3954 3957 3956
f 3954 3956 3955
f 3957 4198 3958
f 3958 4199 3960
f 3958 4198 4200
f 3958 4200 4201
f 3958 4201 4202
f 3958 4202 4199
f 3959 3960 3961
f 3960 4199 4202
f 3960 4202 4203
f 3960 4203 4204
f 3960 4204 4205
f 3960 4205 3963
f 3960 3963 3961
f 3962 3964 4206
f 3962 4206 3975
f 3963 4205 4207
f 3963 4207 3964
f 3964 4207 4208
f 3964 4208 4206
f 3966 3972 3973
f 3966 3973 3967
f 3968 3969 4209
f 3968 4209 4210
f 3968 4210 4211
f 3968 4211 3970
f 3969 3978 4212
f 3969 4212 4209
f 3970 4211 3971
f 3971 4211 3972
f 3972 4211 4213
f 3972 4213 4214
f 3972 4214 4215
f 3972 4215 3973
f 3973 4216 3992
f 3973 3992 3974
f 3973 4215 4216
f 3975 4206 3976
f 3976 4206 4217
f 3976 4217 4218
f 3976 4218 3977
f 3977 4218 3979
f 3978 3982 4212
f 3979 4218 4219
f 3979 4219 3980
f 3980 4219 3981
f 3981 4220 4221
f 3981 4221 4222
f 3981 4222 4223
f 3981 4223 4224
f 3981 4224 4210
f 3981 4210 4212
f 3981 4212 3982
f 3981 4219 4220
f 3984 3987 4225
f 3984 4225 3985
f 3985 4225 4226
f 3985 4226 4227
f 3985 4227 4228
f 3985 4228 3986
f 3986 4228 3996
f 3986 3996 3993
f 3987 3990 4229
f 3987 4229 4230
f 3987 4230 4231
f 3987 4231 4225
f 3988 3991 3989
f 3989 3992 4232
f 3989 4232 3990
f 3989 3991 3992
f 3990 4232 4229
f 3992 4216 4232
f 3993 3996 3995
f 3996 4228 4233
f 3996 4233 3997
f 3997 4234 3998
f 3997 4233 4235
f 3997 4235 4236
f 3997 4236 4234
f 3998 4234 4141
f 4002 4237 4003
f 4003 4237 4238
f 4003 4238 4239
f 4003 4239 4004
f 4004 4239 4240
f 4004 4240 4241
f 4004 4241 4242
f 4004 4242 4243
f 4004 4243 4244
f 4004 4244 4245
f 4004 4245 4246
f 4004 4246 4247
f 4004 4247 4248
f 4004 4248 4249
f 4004 4249 4250
f 4004 4250 4005
f 4005 4250 4251
f 4005 4251 4252
f 4005 4252 4006
f 4006 4252 4007
f 4007 4252 4009
f 4007 4009 4008
f 4009 4252 4010
f 4010 4252 4253
f 4010 4253 4254
f 4010 4254 4255
f 4010 4255 4256
f 4010 4256 4012
f 4010 4012 4011
f 4012 4256 4013
f 4013 4256 4257
f 4013 4257 4014
f 4014 4257 4015
f 4015 4257 4258
f 4015 4258 4259
f 4015 4259 4016
f 4016 4259 4260
f 4016 4260 4261
f 4016 4261 4262
f 4016 4262 4017
f 4017 4262 4263
f 4017 4263 4019
f 4017 4019 4018
f 4019 4263 4020
f 4020 4263 4264
f 4020 4264 4021
f 4021 4264 4265
f 4021 4265 4266
f 4021 4266 4026
f 4022 4027 4267
f 4022 4267 4268
f 4022 4268 4024
f 4023 4025 4032
f 4024 4268 4269
f 4024 4269 4270
f 4024 4270 4271
f 4024 4271 4272
f 4024 4272 4025
f 4025 4272 4273
f 4025 4273 4274
f 4025 4274 4034
f 4025 4034 4033
f 4025 4033 4032
f 4026 4275 4028
f 4026 4266 4275
f 4027 4031 4268
f 4027 4268 4267
f 4028 4275 4276
f 4028 4276 4277
f 4028 4277 4029
f 4029 4277 4278
f 4029 4278 4030
f 4030 4278 4031
f 4031 4278 4279
f 4031 4279 4269
f 4031 4269 4280
f 4031 4280 4268
f 4034 4274 4281
f 4034 4281 4035
f 4035 4281 4037
f 4037 4274 4282
f 4037 4282 4283
f 4037 4283 4038
f 4037 4281 4274
f 4038 4283 4039
f 4039 4283 4272
f 4039 4272 4271
f 4039 4271 4284
f 4039 4284 4285
f 4039 4285 4040
f 4040 4286 4287
f 4040 4287 4288
f 4040 4288 4289
f 4040 4289 4041
f 4040 4285 4286
f 4041 4289 4290
f 4041 4290 4049
f 4041 4049 4042
f 4043 4048 4291
f 4043 4291 4292
f 4043 4292 4044
f 4044 4292 4293
f 4044 4293 4045
f 4045 4293 4062
f 4047 4061 4294
f 4047 4294 4295
f 4047 4295 4296
f 4047 4296 4291
f 4047 4291 4048
f 4049 4290 4050
f 4050 4290 4297
f 4050 4297 4051
f 4051 4297 4052
f 4052 4297 4298
f 4052 4298 4053
f 4053 4298 4299
f 4053 4299 4300
f 4053 4300 4054
f 4054 4300 4301
f 4054 4301 4055
f 4055 4301 4056
f 4056 4301 4302
f 4056 4302 4057
f 4057 4302 4303
f 4057 4303 4304
f 4057 4304 4305
f 4057 4305 4059
f 4058 4059 4060
f 4059 4306 4060
f 4059 4305 4307
f 4059 4307 4306
f 4060 4308 4294
f 4060 4294 4061
f 4060 4306 4309
f 4060 4309 4308
f 4062 4293 4310
f 4062 4310 4066
f 4063 4065 4076
f 4064 4311 4065
f 4064 4070 4311
f 4065 4311 4312
f 4065 4312 4076
f 4066 4310 4313
f 4066 4313 4314
f 4066 4314 4067
f 4067 4314 4315
f 4067 4315 4316
f 4067 4316 4317
f 4067 4317 4068
f 4068 4317 4069
f 4069 4318 4070
f 4069 4317 4318
f 4070 4318 4319
f 4070 4319 4320
f 4070 4320 4321
f 4070 4321 4312
f 4070 4312 4311
f 4071 4082 4072
f 4072 4082 4080
f 4073 4079 4322
f 4073 4322 4323
f 4073 4323 4074
f 4074 4323 4324
f 4074 4324 4325
f 4074 4325 4083
f 4076 4312 4077
f 4077 4312 4326
f 4077 4326 4078
f 4078 4326 4079
f 4079 4326 4327
f 4079 4327 4322
f 4083 4325 4328
f 4083 4328 4329
f 4083 4329 4330
f 4083 4330 4084
f 4084 4331 4085
f 4084 4330 4329
f 4084 4329 4331
f 4085 4331 4086
f 4086 4331 4087
f 4087 4331 4332
f 4087 4332 4333
f 4087 4333 4088
f 4088 4333 4334
f 4088 4334 4089
f 4089 4092 4090
f 4089 4334 4335
f 4089 4335 4092
f 4091 4101 4336
f 4091 4336 4107
f 4091 4107 4106
f 4092 4094 4093
f 4092 4335 4094
f 4094 4337 4098
f 4094 4098 4097
f 4094 4335 4338
f 4094 4338 4339
f 4094 4339 4340
f 4094 4340 4337
f 4095 4098 4341
f 4095 4341 4342
f 4095 4342 4343
f 4095 4343 4096
f 4096 4343 4100
f 4096 4100 4099
f 4098 4337 4340
f 4098 4340 4344
f 4098 4344 4345
f 4098 4345 4346
f 4098 4346 4341
f 4100 4347 4101
f 4100 4343 4347
f 4101 4347 4336
f 4103 4348 4104
f 4103 4109 4349
f 4103 4349 4350
f 4103 4350 4351
f 4103 4351 4352
f 4103 4352 4353
f 4103 4353 4348
f 4104 4348 4354
f 4104 4354 4105
f 4105 4354 4111
f 4105 4111 4110
f 4107 4336 4355
f 4107 4355 4108
f 4108 4355 4356
f 4108 4356 4357
f 4108 4357 4109
f 4109 4357 4349
f 4111 4354 4113
f 4111 4113 4112
f 4113 4358 4359
f 4113 4359 4360
f 4113 4360 4114
f 4113 4354 4361
f 4113 4361 4362
f 4113 4362 4363
f 4113 4363 4358
f 4114 4360 4115
f 4115 4364 4116
f 4115 4360 4364
f 4116 4364 4117
f 4117 4365 4366
f 4117 4366 4367
f 4117 4367 4118
f 4117 4364 4365
f 4118 4367 4368
f 4118 4368 4119
f 4119 4368 4120
f 4120 4368 4369
f 4120 4369 4370
f 4120 4370 4121
f 4121 4370 4371
f 4121 4371 4372
f 4121 4372 4122
f 4122 4372 4373
f 4123 4374 4124
f 4124 4375 4376
f 4124 4376 4377
f 4124 4377 4125
f 4124 4374 4378
f 4124 4378 4379
f 4124 4379 4375
f 4125 4377 4127
f 4125 4127 4126
f 4127 4377 4380
f 4127 4380 4381
f 4127 4381 4128
f 4128 4381 4129
f 4129 4381 4382
f 4129 4382 4130
f 4130 4382 4383
f 4130 4383 4133
f 4132 4134 4133
f 4132 4133 4384
f 4132 4384 4385
f 4132 4385 4135
f 4133 4385 4384
f 4133 4383 4386
f 4133 4386 4387
f 4133 4387 4385
f 4135 4385 4136
f 4136 4388 4149
f 4136 4149 4137
f 4136 4385 4389
f 4136 4389 4390
f 4136 4390 4391
f 4136 4391 4388
f 4137 4149 4148
f 4140 4142 4392
f 4140 4392 4143
f 4141 4393 4142
f 4141 4234 4393
f 4142 4393 4394
f 4142 4394 4395
f 4142 4395 4392
f 4143 4392 4395
f 4143 4395 4396
f 4143 4396 4397
f 4143 4397 4144
f 4144 4397 4145
f 4145 4398 4146
f 4145 4397 4398
f 4149 4388 4150
f 4150 4388 4399
f 4150 4399 4151
f 4151 4399 4400
f 4151 4400 4401
f 4151 4401 4152
f 4152 4401 4153
f 4153 4401 4402
f 4153 4402 4154
f 4154 4402 4403
f 4154 4403 4404
f 4154 4404 4157
f 4154 4157 4155
f 4157 4404 4405
f 4157 4405 4406
f 4157 4406 4158
f 4158 4406 4159
f 4159 4406 4160
f 4160 4406 4407
f 4160 4407 4161
f 4161 4407 4408
f 4161 4408 4409
f 4161 4409 4162
f 4162 4409 4164
f 4164 4409 4410
f 4164 4410 4165
f 4165 4410 4166
f 4166 4410 4411
f 4166 4411 4167
f 4167 4411 4412
f 4167 4412 4413
f 4167 4413 4172
f 4168 4171 4176
f 4168 4176 4175
f 4170 4174 4414
f 4170 4414 4415
f 4170 4415 4176
f 4170 4176 4171
f 4172 4413 4416
f 4172 4416 4173
f 4173 4416 4417
f 4173 4417 4418
f 4173 4418 4174
f 4174 4418 4414
f 4176 4415 4419
f 4176 4419 4177
f 4177 4419 4420
f 4177 4420 4421
f 4177 4421 4422
f 4177 4422 4178
f 4178 4422 4423
f 4178 4423 4183
f 4180 4186 4424
f 4180 4424 4181
f 4181 4424 4187
f 4181 4187 4182
f 4183 4423 4184
f 4184 4423 4425
f 4184 4425 4426
f 4184 4426 4427
f 4184 4427 4185
f 4185 4427 4428
f 4185 4428 4429
f 4185 4429 4186
f 4186 4429 4424
f 4187 4424 4430
f 4187 4430 4189
f 4187 4189 4188
f 4189 4430 4431
f 4189 4431 4432
f 4189 4432 4190
f 4190 4432 4433
f 4190 4433 4434
f 4190 4434 4191
f 4191 4434 4194
f 4192 4194 4435
f 4192 4435 4195
f 4194 4434 4436
f 4194 4436 4437
f 4194 4437 4438
f 4194 4438 4435
f 4195 4435 4439
f 4195 4439 4440
f 4195 4440 4441
f 4195 4441 4196
f 4196 4442 4443
f 4196 4443 4197
f 4196 4441 4442
f 4197 4443 4198
f 4198 4443 4200
f 4200 4444 4201
f 4200 4443 4444
f 4201 4444 4445
f 4201 4445 4202
f 4202 4445 4203
f 4203 4445 4446
f 4203 4446 4447
f 4203 4447 4204
f 4204 4447 4205
f 4205 4447 4448
f 4205 4448 4449
f 4205 4449 4207
f 4206 4208 4452
f 4206 4452 4217
f 4207 4449 4450
f 4207 4450 4208
f 4208 4450 4451
f 4208 4451 4452
f 4209 4212 4210
f 4210 4453 4211
f 4210 4224 4454
f 4210 4454 4453
f 4211 4453 4455
f 4211 4455 4213
f 4213 4456 4214
f 4213 4455 4457
f 4213 4457 4456
f 4214 4456 4458
f 4214 4458 4459
f 4214 4459 4232
f 4214 4232 4215
f 4215 4232 4216
f 4217 4452 4218
f 4218 4452 4460
f 4218 4460 4461
f 4218 4461 4221
f 4218 4221 4220
f 4218 4220 4219
f 4221 4461 4451
f 4221 4451 4462
f 4221 4462 4463
f 4221 4463 4222
f 4222 4463 4464
f 4222 4464 4465
f 4222 4465 4223
f 4223 4465 4466
f 4223 4466 4454
f 4223 4454 4224
f 4225 4231 4226
f 4226 4231 4467
f 4226 4467 4468
f 4226 4468 4469
f 4226 4469 4470
f 4226 4470 4233
f 4226 4233 4227
f 4227 4233 4228
f 4229 4232 4471
f 4229 4471 4472
f 4229 4472 4230
f 4230 4472 4473
f 4230 4473 4474
f 4230 4474 4467
f 4230 4467 4231
f 4232 4459 4471
f 4233 4470 4475
f 4233 4475 4476
f 4233 4476 4235
f 4234 4236 4477
f 4234 4477 4393
f 4235 4476 4478
f 4235 4478 4477
f 4235 4477 4236
f 4238 4240 4239
f 4243 4479 4245
f 4243 4245 4244
f 4245 4479 4480
f 4245 4480 4481
f 4245 4481 4482
f 4245 4482 4246
f 4246 4482 4483
f 4246 4483 4247
f 4247 4484 4248
f 4247 4483 4484
f 4248 4484 4249
f 4249 4484 4485
f 4249 4485 4250
f 4250 4485 4251
f 4251 4485 4252
f 4252 4485 4486
f 4252 4486 4253
f 4253 4486 4717
f 4253 4717 4487
f 4253 4487 4488
f 4253 4488 4254
f 4254 4488 4489
f 4254 4489 4490
f 4254 4490 4255
f 4255 4490 4491
f 4255 4491 4492
f 4255 4492 4256
f 4256 4492 4257
f 4257 4492 4728
f 4257 4728 4493
f 4257 4493 4258
f 4258 4493 4259
f 4259 4493 4494
f 4259 4494 4260
f 4260 4494 4495
f 4260 4495 4496
f 4260 4496 4497
f 4260 4497 4261
f 4261 4263 4262
f 4261 4497 4498
f 4261 4498 4263
f 4263 4498 4499
f 4263 4499 4264
f 4264 4499 4265
f 4265 4499 4500
f 4265 4500 4501
f 4265 4501 4502
f 4265 4502 4266
f 4266 4502 4275
f 4268 4280 4269
f 4269 4279 4285
f 4269 4285 4271
f 4269 4271 4270
f 4271 4285 4284
f 4272 4282 4273
f 4272 4283 4282
f 4273 4282 4274
f 4275 4502 4503
f 4275 4503 4276
f 4276 4503 4504
f 4276 4504 4277
f 4277 4505 4278
f 4277 4504 4505
f 4278 4505 4279
f 4279 4506 4287
f 4279 4287 4507
f 4279 4507 4285
f 4279 4505 4506
f 4285 4507 4287
f 4285 4287 4286
f 4287 4508 4509
f 4287 4509 4288
f 4287 4506 4508
f 4288 4510 4511
f 4288 4511 4289
f 4288 4509 4510
f 4289 4511 4290
f 4290 4511 4512
f 4290 4512 4297
f 4291 4513 4292
f 4291 4296 4295
f 4291 4295 4513
f 4292 4513 4514
f 4292 4514 4515
f 4292 4515 4310
f 4292 4310 4293
f 4294 4308 4516
f 4294 4516 4517
f 4294 4517 4295
f 4295 4517 4518
f 4295 4518 4513
f 4297 4519 4298
f 4297 4512 4519
f 4298 4520 4748
f 4298 4748 4521
f 4298 4521 4299
f 4298 4519 4520
f 4299 4521 4522
f 4299 4522 4523
f 4299 4523 4300
f 4300 4523 4524
f 4300 4524 4301
f 4301 4524 4302
f 4302 4524 4525
f 4302 4525 4303
f 4303 4525 4437
f 4303 4437 4304
f 4304 4437 4436
f 4304 4436 4526
f 4304 4526 4305
f 4305 4526 4307
f 4306 4307 4309
f 4307 4526 4527
f 4307 4527 4528
f 4307 4528 4309
f 4308 4309 4529
f 4308 4529 4516
f 4309 4528 4530
f 4309 4530 4531
f 4309 4531 4529
f 4310 4515 4313
f 4312 4532 4326
f 4312 4321 4320
f 4312 4320 4533
f 4312 4533 4534
f 4312 4534 4532
f 4313 4515 4535
f 4313 4535 4536
f 4313 4536 4537
f 4313 4537 4314
f 4314 4537 4538
f 4314 4538 4539
f 4314 4539 4315
f 4315 4539 4540
f 4315 4540 4541
f 4315 4541 4316
f 4316 4541 4317
f 4317 4541 4542
f 4317 4542 4318
f 4318 4542 4543
f 4318 4543 4319
f 4319 4544 4320
f 4319 4543 4765
f 4319 4765 4544
f 4320 4544 4545
f 4320 4545 4533
f 4322 4327 4546
f 4322 4546 4323
f 4323 4546 4547
f 4323 4547 4325
f 4323 4325 4324
f 4325 4548 4549
f 4325 4549 4550
f 4325 4550 4551
f 4325 4551 4328
f 4325 4547 4552
f 4325 4552 4553
f 4325 4553 4554
f 4325 4554 4548
f 4326 4555 4327
f 4326 4532 4556
f 4326 4556 4557
f 4326 4557 4555
f 4327 4555 4546
f 4328 4551 4329
f 4329 4551 4558
f 4329 4558 4332
f 4329 4332 4331
f 4332 4558 4550
f 4332 4550 4559
f 4332 4559 4333
f 4333 4559 4560
f 4333 4560 4561
f 4333 4561 4334
f 4334 4561 4335
f 4335 4561 4560
f 4335 4560 4562
f 4335 4562 4563
f 4335 4563 4339
f 4335 4339 4564
f 4335 4564 4338
f 4336 4347 4355
f 4338 4564 4339
f 4339 4563 4565
f 4339 4565 4566
f 4339 4566 4567
f 4339 4567 4568
f 4339 4568 4569
f 4339 4569 4570
f 4339 4570 4571
f 4339 4571 4572
f 4339 4572 4573
f 4339 4573 4574
f 4339 4574 4340
f 4340 4574 4344
f 4341 4346 4342
f 4342 4575 4343
f 4342 4346 4575
f 4343 4575 4576
f 4343 4576 4347
f 4344 4574 4577
f 4344 4577 4346
f 4344 4346 4345
f 4346 4578 4579
f 4346 4579 4575
f 4346 4577 4580
f 4346 4580 4581
f 4346 4581 4582
f 4346 4582 4583
f 4346 4583 4578
f 4347 4576 4355
f 4348 4361 4354
f 4348 4353 4584
f 4348 4584 4362
f 4348 4362 4361
f 4349 4357 4350
f 4350 4357 4583
f 4350 4583 4352
f 4350 4352 4351
f 4352 4583 4353
f 4353 4583 4582
f 4353 4582 4584
f 4355 4576 4585
f 4355 4585 4356
f 4356 4585 4583
f 4356 4583 4357
f 4358 4363 4359
f 4359 4586 4587
f 4359 4587 4365
f 4359 4365 4360
f 4359 4363 4588
f 4359 4588 4589
f 4359 4589 4590
f 4359 4590 4586
f 4360 4365 4364
f 4362 4584 4591
f 4362 4591 4592
f 4362 4592 4593
f 4362 4593 4594
f 4362 4594 4363
f 4363 4594 4595
f 4363 4595 4588
f 4365 4587 4366
f 4366 4587 4596
f 4366 4596 4597
f 4366 4597 4367
f 4367 4597 4368
f 4368 4597 4369
f 4369 4597 4598
f 4369 4598 4370
f 4370 4598 4371
f 4371 4598 4599
f 4371 4599 4373
f 4371 4373 4372
f 4373 4599 4600
f 4373 4600 4601
f 4375 4602 4603
f 4375 4603 4376
f 4375 4379 4604
f 4375 4604 4605
f 4375 4605 4602
f 4376 4603 4377
f 4377 4603 4606
f 4377 4606 4607
f 4377 4607 4380
f 4380 4607 4608
f 4380 4608 4609
f 4380 4609 4381
f 4381 4609 4382
f 4382 4609 4610
f 4382 4610 4383
f 4383 4610 4611
f 4383 4611 4612
f 4383 4612 4386
f 4385 4387 4389
f 4386 4612 4390
f 4386 4390 4387
f 4387 4390 4389
f 4388 4391 4399
f 4390 4612 4613
f 4390 4613 4391
f 4391 4613 4614
f 4391 4614 4399
f 4393 4477 4615
f 4393 4615 4394
f 4394 4615 4477
f 4394 4477 4478
f 4394 4478 4616
f 4394 4616 4617
f 4394 4617 4395
f 4395 4617 4396
f 4396 4618 4619
f 4396 4619 4397
f 4396 4617 4620
f 4396 4620 4618
f 4397 4621 4622
f 4397 4622 4398
f 4397 4619 4621
f 4399 4614 4623
f 4399 4623 4400
f 4400 4623 4624
f 4400 4624 4401
f 4401 4624 4402
f 4402 4625 4626
f 4402 4626 4627
f 4402 4627 4628
f 4402 4628 4403
f 4402 4624 4625
f 4403 4628 4629
f 4403 4629 4404
f 4404 4629 4630
f 4404 4630 4405
f 4405 4630 4631
f 4405 4631 4406
f 4406 4631 4407
f 4407 4632 4633
f 4407 4633 4408
f 4407 4631 4632
f 4408 4633 4634
f 4408 4634 4635
f 4408 4635 4409
f 4409 4635 4636
f 4409 4636 4410
f 4410 4636 4635
f 4410 4635 4637
f 4410 4637 4638
f 4410 4638 4411
f 4411 4638 4639
f 4411 4639 4640
f 4411 4640 4413
f 4411 4413 4412
f 4413 4640 4641
f 4413 4641 4642
f 4413 4642 4416
f 4414 4419 4415
f 4414 4418 4643
f 4414 4643 4644
f 4414 4644 4645
f 4414 4645 4646
f 4414 4646 4419
f 4416 4642 4647
f 4416 4647 4648
f 4416 4648 4417
f 4417 4648 4418
f 4418 4648 4643
f 4419 4646 4649
f 4419 4649 4650
f 4419 4650 4420
f 4420 4650 4421
f 4421 4651 4422
f 4421 4650 4651
f 4422 4651 4423
f 4423 4651 4652
f 4423 4652 4425
f 4424 4429 4653
f 4424 4653 4430
f 4425 4654 4426
f 4425 4652 4655
f 4425 4655 4656
f 4425 4656 4654
f 4426 4657 4427
f 4426 4654 4658
f 4426 4658 4659
f 4426 4659 4657
f 4427 4657 4660
f 4427 4660 4428
f 4428 4660 4661
f 4428 4661 4429
f 4429 4661 4653
f 4430 4653 4662
f 4430 4662 4663
f 4430 4663 4432
f 4430 4432 4431
f 4432 4663 4664
f 4432 4664 4665
f 4432 4665 4433
f 4433 4665 4434
f 4434 4665 4436
f 4435 4438 4666
f 4435 4666 4439
f 4436 4665 4526
f 4437 4525 4438
f 4438 4525 4667
f 4438 4667 4666
f 4439 4666 4440
f 4440 4668 4441
f 4440 4666 4669
f 4440 4669 4670
f 4440 4670 4668
f 4441 4668 4442
f 4442 4444 4443
f 4442 4668 4671
f 4442 4671 4444
f 4444 4672 4673
f 4444 4673 4445
f 4444 4671 4674
f 4444 4674 4675
f 4444 4675 4672
f 4445 4673 4676
f 4445 4676 4447
f 4445 4447 4446
f 4447 4676 4677
f 4447 4677 4448
f 4448 4677 4678
f 4448 4678 4679
f 4448 4679 4449
f 4449 4679 4450
f 4450 4679 4680
f 4450 4680 4681
f 4450 4681 4451
f 4451 4461 4452
f 4451 4681 4682
f 4451 4682 4462
f 4452 4461 4460
f 4453 4454 4683
f 4453 4683 4455
f 4454 4466 4684
f 4454 4684 4683
f 4455 4683 4684
f 4455 4684 4457
f 4456 4685 4686
f 4456 4686 4691
f 4456 4691 4458
f 4456 4457 4685
f 4457 4684 4687
f 4457 4687 4688
f 4457 4688 4689
f 4457 4689 4690
f 4457 4690 4685
f 4458 4691 4692
f 4458 4692 4459
f 4459 4692 4472
f 4459 4472 4471
f 4462 4682 4693
f 4462 4693 4463
f 4463 4693 4694
f 4463 4694 4695
f 4463 4695 4696
f 4463 4696 4697
f 4463 4697 4464
f 4464 4697 4698
f 4464 4698 4699
f 4464 4699 4700
f 4464 4700 4465
f 4465 4700 4687
f 4465 4687 4466
f 4466 4687 4684
f 4467 4701 4469
f 4467 4469 4468
f 4467 4474 4701
f 4469 4702 4470
f 4469 4701 4703
f 4469 4703 4702
f 4470 4702 4476
f 4470 4476 4475
f 4472 4692 4704
f 4472 4704 4473
f 4473 4705 4474
f 4473 4704 4706
f 4473 4706 4705
f 4474 4705 4701
f 4476 4707 4478
f 4476 4702 4707
f 4478 4707 4708
f 4478 4708 4616
f 4479 4709 4480
f 4480 4709 4710
f 4480 4710 4711
f 4480 4711 4481
f 4481 4711 4712
f 4481 4712 4713
f 4481 4713 4482
f 4482 4713 4483
f 4483 4713 4714
f 4483 4714 4484
f 4484 4715 4485
f 4484 4714 4716
f 4484 4716 4715
f 4485 4715 4486
f 4486 4715 4717
f 4487 4717 4718
f 4487 4718 4719
f 4487 4719 4720
f 4487 4720 4721
f 4487 4721 4488
f 4488 4721 4722
f 4488 4722 4489
f 4489 4723 4726
f 4489 4726 4490
f 4489 4722 4724
f 4489 4724 4725
f 4489 4725 4723
f 4490 4726 4727
f 4490 4727 4491
f 4491 4727 4492
f 4492 4727 4728
f 4493 4728 4495
f 4493 4495 4494
f 4495 4728 4729
f 4495 4729 4496
f 4496 4729 4730
f 4496 4730 4497
f 4497 4730 4500
f 4497 4500 4498
f 4498 4500 4499
f 4500 4730 4731
f 4500 4731 4501
f 4501 4503 4502
f 4501 4731 4732
f 4501 4732 4503
f 4503 4732 4504
f 4504 4732 4733
f 4504 4733 4506
f 4504 4506 4505
f 4506 4733 4508
f 4508 4734 4735
f 4508 4735 4509
f 4508 4733 4734
f 4509 4735 4736
f 4509 4736 4510
f 4510 4737 4738
f 4510 4738 4511
f 4510 4736 4737
f 4511 4738 4739
f 4511 4739 4519
f 4511 4519 4512
f 4513 4740 4514
f 4513 4518 4740
f 4514 4740 4515
f 4515 4740 4741
f 4515 4741 4742
f 4515 4742 4535
f 4516 4529 4517
f 4517 4743 4518
f 4517 4529 4744
f 4517 4744 4745
f 4517 4745 4743
f 4518 4743 4746
f 4518 4746 4740
f 4519 4739 4520
f 4520 4747 4748
f 4520 4739 4749
f 4520 4749 4750
f 4520 4750 4747
f 4521 4748 4751
f 4521 4751 4522
f 4522 4751 4752
f 4522 4752 4667
f 4522 4667 4523
f 4523 4667 4525
f 4523 4525 4524
f 4526 4665 4664
f 4526 4664 4527
f 4527 4664 4528
f 4528 4664 4753
f 4528 4753 4530
f 4529 4531 4744
f 4530 4753 4754
f 4530 4754 4531
f 4531 4755 4745
f 4531 4745 4744
f 4531 4754 4755
f 4532 4534 4556
f 4533 4756 4556
f 4533 4556 4534
f 4533 4545 4757
f 4533 4757 4756
f 4535 4742 4758
f 4535 4758 4536
f 4536 4758 4759
f 4536 4759 4537
f 4537 4759 4538
f 4538 4760 4539
f 4538 4759 4761
f 4538 4761 4760
f 4539 4760 4762
f 4539 4762 4763
f 4539 4763 4540
f 4540 4763 4541
f 4541 4763 4764
f 4541 4764 4542
f 4542 4764 4543
f 4543 4764 4765
f 4544 4765 4766
f 4544 4766 4545
f 4545 4766 4757
f 4546 4555 4547
f 4547 4555 4767
f 4547 4767 4552
f 4548 4554 4549
f 4549 4554 4768
f 4549 4768 4769
f 4549 4769 4550
f 4550 4769 4770
f 4550 4770 4771
f 4550 4771 4560
f 4550 4560 4559
f 4550 4558 4551
f 4552 4772 4553
f 4552 4767 4772
f 4553 4773 4774
f 4553 4774 4775
f 4553 4775 4776
f 4553 4776 4777
f 4553 4777 4778
f 4553 4778 4779
f 4553 4779 4780
f 4553 4780 4554
f 4553 4772 4773
f 4554 4780 4781
f 4554 4781 4768
f 4555 4557 4556
f 4555 4556 4767
f 4556 4773 4767
f 4556 4756 4782
f 4556 4782 4773
f 4560 4771 4783
f 4560 4783 4565
f 4560 4565 4562
f 4562 4565 4563
f 4565 4783 4566
f 4566 4783 4567
f 4567 4783 4784
f 4567 4784 4781
f 4567 4781 4785
f 4567 4785 4569
f 4567 4569 4568
f 4569 4785 4786
f 4569 4786 4787
f 4569 4787 4788
f 4569 4788 4789
f 4569 4789 4570
f 4570 4789 4571
f 4571 4789 4788
f 4571 4788 4790
f 4571 4790 4572
f 4572 4790 4791
f 4572 4791 4573
f 4573 4791 4792
f 4573 4792 4793
f 4573 4793 4794
f 4573 4794 4577
f 4573 4577 4795
f 4573 4795 4574
f 4574 4795 4577
f 4575 4796 4576
f 4575 4579 4796
f 4576 4796 4585
f 4577 4794 4580
f 4578 4583 4579
f 4579 4583 4585
f 4579 4585 4796
f 4580 4794 4797
f 4580 4797 4581
f 4581 4797 4798
f 4581 4798 4799
f 4581 4799 4582
f 4582 4799 4584
f 4584 4799 4591
f 4586 4800 4587
f 4586 4590 4800
f 4587 4800 4811
f 4587 4811 4596
f 4588 4595 4589
f 4589 4595 4801
f 4589 4801 4590
f 4590 4801 4802
f 4590 4802 4803
f 4590 4803 4804
f 4590 4804 4800
f 4591 4799 4805
f 4591 4805 4806
f 4591 4806 4592
f 4592 4806 4593
f 4593 4806 4807
f 4593 4807 4808
f 4593 4808 4809
f 4593 4809 4594
f 4594 4809 4810
f 4594 4810 4595
f 4595 4810 4801
f 4596 4811 4597
f 4597 4811 4812
f 4597 4812 4813
f 4597 4813 4599
f 4597 4599 4598
f 4599 4813 4814
f 4599 4814 4600
f 4600 4815 4816
f 4600 4816 4817
f 4600 4817 4601
f 4600 4814 4813
f 4600 4813 4815
f 4601 4817 4818
f 4602 4819 4820
f 4602 4820 4606
f 4602 4606 4603
f 4602 4605 4821
f 4602 4821 4819
f 4606 4820 4822
f 4606 4822 4607
f 4607 4822 4823
f 4607 4823 4824
f 4607 4824 4608
f 4608 4824 4825
f 4608 4825 4826
f 4608 4826 4609
f 4609 4826 4827
f 4609 4827 4610
f 4610 4827 5018
f 4610 5018 4828
f 4610 4828 4611
f 4611 4828 4829
f 4611 4829 4612
f 4612 4829 4830
f 4612 4830 4831
f 4612 4831 4613
f 4613 4831 4832
f 4613 4832 4614
f 4614 4832 4833
f 4614 4833 4623
f 4616 4708 4617
f 4617 4708 4834
f 4617 4834 4620
f 4618 4620 4835
f 4620 4834 4836
f 4620 4836 4835
f 4623 4833 4624
f 4624 4833 4625
f 4625 4833 4626
f 4626 4628 4627
f 4626 4833 4837
f 4626 4837 4838
f 4626 4838 4839
f 4626 4839 4840
f 4626 4840 4841
f 4626 4841 4628
f 4628 4841 4842
f 4628 4842 4843
f 4628 4843 4629
f 4629 4843 4844
f 4629 4844 4632
f 4629 4632 4630
f 4630 4632 4631
f 4632 4844 4845
f 4632 4845 4846
f 4632 4846 4633
f 4633 4846 4634
f 4634 4846 4847
f 4634 4847 4635
f 4635 4847 4848
f 4635 4848 4849
f 4635 4849 4850
f 4635 4850 4851
f 4635 4851 4637
f 4637 4851 4852
f 4637 4852 4638
f 4638 4852 4853
f 4638 4853 4639
f 4639 4853 4854
f 4639 4854 4855
f 4639 4855 4856
f 4639 4856 4857
f 4639 4857 4640
f 4640 4857 4858
f 4640 4858 4859
f 4640 4859 4641
f 4641 4859 4642
f 4642 4859 4647
f 4643 4648 4860
f 4643 4860 4644
f 4644 4860 4645
f 4645 4860 4861
f 4645 4861 4862
f 4645 4862 4863
f 4645 4863 4646
f 4646 4863 4865
f 4646 4865 4649
f 4647 4859 4864
f 4647 4864 4648
f 4648 4864 4860
f 4649 4865 4655
f 4649 4655 4650
f 4650 4655 4866
f 4650 4866 4651
f 4651 4866 4652
f 4652 4866 4655
f 4653 4661 4754
f 4653 4754 4662
f 4654 4656 4867
f 4654 4867 4658
f 4655 4865 4868
f 4655 4868 4656
f 4656 4868 4867
f 4657 4659 4660
f 4658 4867 4659
f 4659 4867 4869
f 4659 4869 4870
f 4659 4870 4871
f 4659 4871 4660
f 4660 4871 4755
f 4660 4755 4661
f 4661 4755 4754
f 4662 4754 4663
f 4663 4754 4753
f 4663 4753 4664
f 4666 4667 4752
f 4666 4752 4669
f 4668 4670 4674
f 4668 4674 4671
f 4669 4752 4872
f 4669 4872 4670
f 4670 4872 4873
f 4670 4873 4674
f 4672 4874 4875
f 4672 4875 4676
f 4672 4676 4673
f 4672 4675 4876
f 4672 4876 4877
f 4672 4877 4878
f 4672 4878 4874
f 4674 4873 4876
f 4674 4876 4675
f 4676 4875 4879
f 4676 4879 4880
f 4676 4880 4677
f 4677 4880 4881
f 4677 4881 4678
f 4678 4881 4679
f 4679 4881 4882
f 4679 4882 4883
f 4679 4883 4884
f 4679 4884 4885
f 4679 4885 4680
f 4680 4885 4886
f 4680 4886 4682
f 4680 4682 4681
f 4682 4887 4693
f 4682 4886 4888
f 4682 4888 4889
f 4682 4889 4890
f 4682 4890 4887
f 4685 4891 4892
f 4685 4892 4686
f 4685 4690 4891
f 4686 4892 4691
f 4687 4700 4893
f 4687 4893 4688
f 4688 4893 4894
f 4688 4894 4689
f 4689 4895 4896
f 4689 4896 4690
f 4689 4894 4895
f 4690 4897 4891
f 4690 4896 4897
f 4691 4704 4692
f 4691 4892 4898
f 4691 4898 4704
f 4693 4887 4899
f 4693 4899 4694
f 4694 4899 4695
f 4695 4900 4696
f 4695 4899 4901
f 4695 4901 4902
f 4695 4902 4900
f 4696 4903 4697
f 4696 4900 4904
f 4696 4904 4905
f 4696 4905 4903
f 4697 4903 4698
f 4698 4903 4906
f 4698 4906 4907
f 4698 4907 4699
f 4699 4908 4909
f 4699 4909 4910
f 4699 4910 4700
f 4699 4907 4908
f 4700 4910 4893
f 4701 4705 4911
f 4701 4911 4703
f 4702 4912 4913
f 4702 4913 4914
f 4702 4914 4707
f 4702 4703 4915
f 4702 4915 4916
f 4702 4916 4912
f 4703 4911 4917
f 4703 4917 4918
f 4703 4918 4915
f 4704 4898 4897
f 4704 4897 4919
f 4704 4919 4706
f 4705 4917 4911
f 4705 4706 4917
f 4706 4920 4917
f 4706 4919 4920
f 4707 4834 4708
f 4707 4914 4913
f 4707 4913 4834
f 4709 4921 4922
f 4709 4922 4710
f 4710 4922 4923
f 4710 4923 4711
f 4711 4923 4924
f 4711 4924 4925
f 4711 4925 4712
f 4712 4925 4926
f 4712 4926 4713
f 4713 4926 4716
f 4713 4716 4714
f 4715 4716 4927
f 4715 4927 4717
f 4716 4926 4928
f 4716 4928 4718
f 4716 4718 4927
f 4717 4927 4718
f 4718 4928 4925
f 4718 4925 4929
f 4718 4929 4930
f 4718 4930 4931
f 4718 4931 4719
f 4719 4931 4932
f 4719 4932 4720
f 4720 4932 4721
f 4721 4932 4933
f 4721 4933 4722
f 4722 4933 4934
f 4722 4934 4935
f 4722 4935 4936
f 4722 4936 4724
f 4723 4937 4942
f 4723 4942 4726
f 4723 4725 4937
f 4724 4938 4725
f 4724 4936 4939
f 4724 4939 4940
f 4724 4940 4938
f 4725 4938 4941
f 4725 4941 4937
f 4726 4942 4727
f 4727 4942 4729
f 4727 4729 4728
f 4729 4942 4730
f 4730 4942 4943
f 4730 4943 4944
f 4730 4944 4731
f 4731 4944 4945
f 4731 4945 4946
f 4731 4946 4947
f 4731 4947 4732
f 4732 4947 4733
f 4733 4947 4734
f 4734 4948 4735
f 4734 4947 4946
f 4734 4946 4948
f 4735 4948 5112
f 4735 5112 4949
f 4735 4949 4736
f 4736 4949 4950
f 4736 4950 4737
f 4737 4750 4738
f 4737 4950 4951
f 4737 4951 4750
f 4738 4750 4739
f 4739 4750 4749
f 4740 4746 4741
f 4741 4746 4742
f 4742 4746 4952
f 4742 4952 4953
f 4742 4953 4954
f 4742 4954 4758
f 4743 4955 4746
f 4743 4745 4956
f 4743 4956 4870
f 4743 4870 4955
f 4745 4755 4956
f 4746 4955 4952
f 4747 4951 4957
f 4747 4957 4748
f 4747 4750 4951
f 4748 4958 4751
f 4748 4957 4958
f 4751 4958 4872
f 4751 4872 4752
f 4755 4871 4956
f 4756 4757 4766
f 4756 4766 4959
f 4756 4959 4960
f 4756 4960 4961
f 4756 4961 4775
f 4756 4775 4782
f 4758 4954 4759
f 4759 4954 4962
f 4759 4962 4963
f 4759 4963 4964
f 4759 4964 4761
f 4760 4761 4964
f 4760 4964 4963
f 4760 4963 4868
f 4760 4868 4965
f 4760 4965 4966
f 4760 4966 4967
f 4760 4967 4762
f 4762 4967 4968
f 4762 4968 4969
f 4762 4969 4763
f 4763 4970 4764
f 4763 4969 4970
f 4764 4970 4971
f 4764 4971 4765
f 4765 4971 4972
f 4765 4972 4766
f 4766 4960 4959
f 4766 4972 4973
f 4766 4973 4974
f 4766 4974 4975
f 4766 4975 4960
f 4767 4773 4772
f 4768 4784 4769
f 4768 4781 4784
f 4769 4784 4770
f 4770 4784 4783
f 4770 4783 4771
f 4773 4782 4775
f 4773 4775 4774
f 4775 4961 4976
f 4775 4976 4977
f 4775 4977 4978
f 4775 4978 4776
f 4776 4978 4777
f 4777 4978 4979
f 4777 4979 4980
f 4777 4980 4981
f 4777 4981 4778
f 4778 4981 4779
f 4779 4982 4786
f 4779 4786 4785
f 4779 4785 4780
f 4779 4981 4982
f 4780 4785 4781
f 4786 4983 4787
f 4786 4982 4984
f 4786 4984 4985
f 4786 4985 4983
f 4787 4983 4788
f 4788 4983 4985
f 4788 4985 4790
f 4790 4985 4986
f 4790 4986 4987
f 4790 4987 4791
f 4791 4987 4988
f 4791 4988 4792
f 4792 4988 4989
f 4792 4989 4793
f 4793 4805 4799
f 4793 4799 4798
f 4793 4798 4794
f 4793 4989 4990
f 4793 4990 4991
f 4793 4991 4805
f 4794 4798 4797
f 4800 4804 4992
f 4800 4992 4811
f 4801 4810 4993
f 4801 4993 4994
f 4801 4994 4802
f 4802 4994 4995
f 4802 4995 4803
f 4803 4996 4804
f 4803 4995 4997
f 4803 4997 4996
f 4804 4996 5143
f 4804 5143 4998
f 4804 4998 4992
f 4805 4991 4807
f 4805 4807 4806
f 4807 4991 4999
f 4807 4999 5000
f 4807 5000 4808
f 4808 5000 5001
f 4808 5001 5002
f 4808 5002 4809
f 4809 5002 4810
f 4810 5002 4993
f 4811 5003 4812
f 4811 4992 5004
f 4811 5004 5003
f 4812 5003 4813
f 4813 5003 5005
f 4813 5005 4815
f 4815 5005 4816
f 4816 5005 5004
f 4816 5004 5006
f 4816 5006 5007
f 4816 5007 4817
f 4817 5007 5008
f 4817 5008 5009
f 4817 5009 4818
f 4819 5010 4820
f 4819 4821 5010
f 4820 5010 5011
f 4820 5011 4823
f 4820 4823 4822
f 4821 5012 5013
f 4821 5013 5014
f 4821 5014 5010
f 4823 4825 4824
f 4823 5011 5162
f 4823 5162 5015
f 4823 5015 5016
f 4823 5016 4825
f 4825 5016 5017
f 4825 5017 4826
f 4826 5017 5018
f 4826 5018 4827
f 4828 5018 5019
f 4828 5019 5020
f 4828 5020 4829
f 4829 5020 5021
f 4829 5021 4830
f 4830 5021 5022
f 4830 5022 4831
f 4831 5022 5023
f 4831 5023 4832
f 4832 5023 4837
f 4832 4837 4833
f 4834 5024 5025
f 4834 5025 5026
f 4834 5026 4836
f 4834 4913 5027
f 4834 5027 5028
f 4834 5028 5029
f 4834 5029 5024
f 4835 4836 5030
f 4836 5026 5030
f 4837 5031 4838
f 4837 5023 5031
f 4838 5031 5032
f 4838 5032 4839
f 4839 5032 5033
f 4839 5033 4840
f 4840 4842 4841
f 4840 5033 5034
f 4840 5034 4842
f 4842 5034 4843
f 4843 5034 5035
f 4843 5035 4844
f 4844 5035 4845
f 4845 5035 5034
f 4845 5034 4848
f 4845 4848 4846
f 4846 4848 4847
f 4848 5034 5036
f 4848 5036 5037
f 4848 5037 5038
f 4848 5038 4849
f 4849 5038 5039
f 4849 5039 5040
f 4849 5040 4850
f 4850 5040 4852
f 4850 4852 4851
f 4852 5040 5041
f 4852 5041 4853
f 4853 5041 4854
f 4854 5042 5043
f 4854 5043 5044
f 4854 5044 4855
f 4854 5041 5042
f 4855 5044 5045
f 4855 5045 5046
f 4855 5046 5047
f 4855 5047 4856
f 4856 5047 4857
f 4857 5047 4858
f 4858 5047 5048
f 4858 5048 4864
f 4858 4864 4859
f 4860 4864 4861
f 4861 4864 5049
f 4861 5049 5050
f 4861 5050 4862
f 4862 5050 5051
f 4862 5051 4863
f 4863 5051 5052
f 4863 5052 5053
f 4863 5053 4868
f 4863 4868 4865
f 4864 5048 5049
f 4867 4868 5054
f 4867 5054 5055
f 4867 5055 4869
f 4868 5053 4966
f 4868 4966 5056
f 4868 5056 4965
f 4868 4963 4962
f 4868 4962 5054
f 4869 5055 4870
f 4870 5055 4955
f 4870 4956 4871
f 4872 4958 4873
f 4873 4958 4878
f 4873 4878 4876
f 4874 4878 4875
f 4875 4878 4879
f 4876 4878 4877
f 4878 4958 4957
f 4878 4957 5057
f 4878 5057 5058
f 4878 5058 4879
f 4879 5058 4880
f 4880 5058 5059
f 4880 5059 4881
f 4881 5059 5060
f 4881 5060 4882
f 4882 5060 5061
f 4882 5061 4883
f 4883 5062 4888
f 4883 4888 4885
f 4883 4885 4884
f 4883 5061 5062
f 4885 4888 4886
f 4887 4890 4901
f 4887 4901 4899
f 4888 5062 4889
f 4889 5063 4890
f 4889 5062 5064
f 4889 5064 5063
f 4890 5063 4901
f 4891 4897 4892
f 4892 4897 4898
f 4893 4910 4909
f 4893 4909 5065
f 4893 5065 4894
f 4894 5065 5066
f 4894 5066 5067
f 4894 5067 4895
f 4895 5068 4896
f 4895 5067 5068
f 4896 5068 5069
f 4896 5069 4897
f 4897 5069 4919
f 4900 4902 4904
f 4901 5063 4902
f 4902 5063 5070
f 4902 5070 4904
f 4903 4905 5071
f 4903 5071 4906
f 4904 5071 4905
f 4904 5070 5072
f 4904 5072 5073
f 4904 5073 5074
f 4904 5074 5071
f 4906 5075 4907
f 4906 5071 5076
f 4906 5076 5075
f 4907 5075 4909
f 4907 4909 4908
f 4909 5075 5077
f 4909 5077 5078
f 4909 5078 5079
f 4909 5079 5080
f 4909 5080 5066
f 4909 5066 5065
f 4912 5081 4913
f 4912 4916 5082
f 4912 5082 5081
f 4913 5081 5027
f 4915 4918 5083
f 4915 5083 5084
f 4915 5084 5085
f 4915 5085 4916
f 4916 5085 5082
f 4917 4920 5083
f 4917 5083 4918
f 4919 5069 5086
f 4919 5086 4920
f 4920 5087 5083
f 4920 5086 5087
f 4921 5088 4922
f 4922 5088 5089
f 4922 5089 4923
f 4923 5089 5090
f 4923 5090 5091
f 4923 5091 5092
f 4923 5092 4924
f 4924 5092 5093
f 4924 5093 5094
f 4924 5094 4930
f 4924 4930 4929
f 4924 4929 4925
f 4925 4928 4926
f 4930 5094 5093
f 4930 5093 4931
f 4931 5095 5096
f 4931 5096 4932
f 4931 5093 5097
f 4931 5097 5098
f 4931 5098 5095
f 4932 5096 4933
f 4933 5096 5099
f 4933 5099 5100
f 4933 5100 5101
f 4933 5101 4934
f 4934 5101 4935
f 4935 5101 5100
f 4935 5100 5102
f 4935 5102 4936
f 4936 5102 4939
f 4937 5103 4942
f 4937 4941 5103
f 4938 5104 4941
f 4938 4940 5105
f 4938 5105 5106
f 4938 5106 5107
f 4938 5107 5104
f 4939 5102 5108
f 4939 5108 4940
f 4940 5108 5109
f 4940 5109 5105
f 4941 5104 4945
f 4941 4945 5103
f 4942 5103 4943
f 4943 5103 4945
f 4943 4945 4944
f 4945 5104 4946
f 4946 5104 5110
f 4946 5110 4948
f 4948 5111 5112
f 4948 5110 5104
f 4948 5104 5111
f 4949 5112 5262
f 4949 5262 5113
f 4949 5113 4950
f 4950 5113 5114
f 4950 5114 5115
f 4950 5115 4951
f 4951 5057 4957
f 4951 5115 5057
f 4952 4955 5055
f 4952 5055 4953
f 4953 5055 4954
f 4954 5055 4962
f 4960 4975 5116
f 4960 5116 4961
f 4961 5116 5117
f 4961 5117 4976
f 4962 5055 5118
f 4962 5118 5054
f 4965 5056 4966
f 4966 5053 4967
f 4967 5053 5052
f 4967 5052 5051
f 4967 5051 5050
f 4967 5050 4968
f 4968 5119 4969
f 4968 5050 5120
f 4968 5120 5119
f 4969 5121 4970
f 4969 5119 5121
f 4970 5122 4971
f 4970 5121 5122
f 4971 5122 4972
f 4972 5122 5123
f 4972 5123 4973
f 4973 5123 4974
f 4974 5123 5124
f 4974 5124 5125
f 4974 5125 4975
f 4975 5125 5265
f 4975 5265 5116
f 4976 5117 5126
f 4976 5126 4977
f 4977 5126 5127
f 4977 5127 4978
f 4978 5127 4979
f 4979 5127 5128
f 4979 5128 5129
f 4979 5129 4980
f 4980 5129 5130
f 4980 5130 5131
f 4980 5131 4981
f 4981 5131 5132
f 4981 5132 5133
f 4981 5133 5134
f 4981 5134 4982
f 4982 5134 5135
f 4982 5135 4985
f 4982 4985 4984
f 4985 5135 5136
f 4985 5136 5137
f 4985 5137 4987
f 4985 4987 4986
f 4987 5137 5138
f 4987 5138 5139
f 4987 5139 4988
f 4988 5139 5140
f 4988 5140 4989
f 4989 5140 4990
f 4990 4999 4991
f 4990 5140 5141
f 4990 5141 5142
f 4990 5142 4999
f 4992 4998 5143
f 4992 5143 5004
f 4993 5002 5144
f 4993 5144 5145
f 4993 5145 4994
f 4994 5145 5146
f 4994 5146 4995
f 4995 5146 5147
f 4995 5147 4997
f 4996 4997 5148
f 4996 5148 5143
f 4997 5147 5149
f 4997 5149 5150
f 4997 5150 5148
f 4999 5142 5151
f 4999 5151 5000
f 5000 5151 5001
f 5001 5151 5152
f 5001 5152 5144
f 5001 5144 5002
f 5003 5004 5005
f 5004 5143 5153
f 5004 5153 5006
f 5006 5153 5143
f 5006 5143 5154
f 5006 5154 5007
f 5007 5155 5156
f 5007 5156 5008
f 5007 5154 5157
f 5007 5157 5158
f 5007 5158 5159
f 5007 5159 5155
f 5010 5014 5160
f 5010 5160 5011
f 5011 5160 5161
f 5011 5161 5162
f 5012 5163 5164
f 5012 5164 5165
f 5012 5165 5013
f 5013 5165 5166
f 5013 5166 5167
f 5013 5167 5168
f 5013 5168 5161
f 5013 5161 5160
f 5013 5160 5014
f 5015 5162 5169
f 5015 5169 5170
f 5015 5170 5016
f 5016 5170 5171
f 5016 5171 5017
f 5017 5171 5019
f 5017 5019 5018
f 5019 5171 5172
f 5019 5172 5020
f 5020 5172 5173
f 5020 5173 5021
f 5021 5173 5174
f 5021 5174 5022
f 5022 5174 5175
f 5022 5175 5023
f 5023 5175 5031
f 5024 5176 5025
f 5024 5029 5176
f 5027 5081 5082
f 5027 5082 5177
f 5027 5177 5028
f 5028 5177 5178
f 5028 5178 5179
f 5028 5179 5029
f 5031 5175 5180
f 5031 5180 5181
f 5031 5181 5032
f 5032 5181 5182
f 5032 5182 5183
f 5032 5183 5184
f 5032 5184 5033
f 5033 5184 5034
f 5034 5184 5185
f 5034 5185 5186
f 5034 5186 5187
f 5034 5187 5037
f 5034 5037 5036
f 5037 5188 5189
f 5037 5189 5038
f 5037 5187 5188
f 5038 5189 5190
f 5038 5190 5191
f 5038 5191 5039
f 5039 5191 5192
f 5039 5192 5042
f 5039 5042 5040
f 5040 5042 5041
f 5042 5192 5193
f 5042 5193 5043
f 5043 5194 5195
f 5043 5195 5196
f 5043 5196 5044
f 5043 5193 5194
f 5044 5196 5197
f 5044 5197 5198
f 5044 5198 5199
f 5044 5199 5200
f 5044 5200 5045
f 5045 5200 5046
f 5046 5048 5047
f 5046 5200 5048
f 5048 5200 5049
f 5049 5200 5201
f 5049 5201 5202
f 5049 5202 5120
f 5049 5120 5050
f 5054 5118 5055
f 5057 5115 5203
f 5057 5203 5204
f 5057 5204 5058
f 5058 5204 5205
f 5058 5205 5206
f 5058 5206 5060
f 5058 5060 5059
f 5060 5206 5207
f 5060 5207 5061
f 5061 5208 5062
f 5061 5207 5209
f 5061 5209 5210
f 5061 5210 5211
f 5061 5211 5208
f 5062 5208 5213
f 5062 5213 5064
f 5063 5064 5212
f 5063 5212 5070
f 5064 5213 5212
f 5066 5214 5067
f 5066 5080 5214
f 5067 5214 5215
f 5067 5215 5216
f 5067 5216 5068
f 5068 5216 5361
f 5068 5361 5217
f 5068 5217 5218
f 5068 5218 5069
f 5069 5218 5219
f 5069 5219 5086
f 5070 5212 5220
f 5070 5220 5072
f 5071 5074 5221
f 5071 5221 5076
f 5072 5222 5074
f 5072 5074 5073
f 5072 5220 5223
f 5072 5223 5224
f 5072 5224 5222
f 5074 5222 5221
f 5075 5078 5077
f 5075 5076 5225
f 5075 5225 5078
f 5076 5221 5226
f 5076 5226 5225
f 5078 5227 5228
f 5078 5228 5079
f 5078 5225 5229
f 5078 5229 5227
f 5079 5228 5080
f 5080 5228 5230
f 5080 5230 5231
f 5080 5231 5214
f 5082 5085 5232
f 5082 5232 5177
f 5083 5087 5084
f 5084 5233 5234
f 5084 5234 5085
f 5084 5087 5235
f 5084 5235 5233
f 5085 5234 5232
f 5086 5236 5087
f 5086 5219 5236
f 5087 5236 5235
f 5088 5237 5238
f 5088 5238 5089
f 5089 5238 5090
f 5090 5238 5239
f 5090 5239 5240
f 5090 5240 5241
f 5090 5241 5091
f 5091 5241 5092
f 5092 5241 5242
f 5092 5242 5243
f 5092 5243 5093
f 5093 5243 5247
f 5093 5247 5097
f 5095 5098 5244
f 5095 5244 5245
f 5095 5245 5246
f 5095 5246 5096
f 5096 5246 5099
f 5097 5247 5098
f 5098 5248 5244
f 5098 5247 5249
f 5098 5249 5248
f 5099 5246 5250
f 5099 5250 5100
f 5100 5250 5251
f 5100 5251 5252
f 5100 5252 5102
f 5102 5252 5253
f 5102 5253 5108
f 5104 5107 5111
f 5105 5109 5254
f 5105 5254 5255
f 5105 5255 5256
f 5105 5256 5106
f 5106 5256 5107
f 5107 5256 5111
f 5108 5257 5109
f 5108 5253 5211
f 5108 5211 5257
f 5109 5257 5258
f 5109 5258 5254
f 5111 5256 5259
f 5111 5259 5260
f 5111 5260 5112
f 5112 5260 5261
f 5112 5261 5262
f 5113 5262 5263
f 5113 5263 5264
f 5113 5264 5114
f 5114 5264 5204
f 5114 5204 5203
f 5114 5203 5115
f 5116 5265 5266
f 5116 5266 5117
f 5117 5266 5267
f 5117 5267 5268
f 5117 5268 5126
f 5119 5269 5121
f 5119 5120 5202
f 5119 5202 5269
f 5121 5270 5123
f 5121 5123 5122
f 5121 5269 5270
f 5123 5270 5124
f 5124 5270 5271
f 5124 5271 5272
f 5124 5272 5125
f 5125 5272 5273
f 5125 5273 5265
f 5126 5268 5127
f 5127 5268 5128
f 5128 5268 5274
f 5128 5274 5275
f 5128 5275 5129
f 5129 5275 5130
f 5130 5276 5277
f 5130 5277 5131
f 5130 5275 5278
f 5130 5278 5279
f 5130 5279 5276
f 5131 5277 5280
f 5131 5280 5133
f 5131 5133 5132
f 5133 5280 5276
f 5133 5276 5281
f 5133 5281 5136
f 5133 5136 5135
f 5133 5135 5134
f 5136 5281 5282
f 5136 5282 5137
f 5137 5282 5138
f 5138 5282 5283
f 5138 5283 5139
f 5139 5283 5140
f 5140 5283 5141
f 5141 5283 5284
f 5141 5284 5285
f 5141 5285 5286
f 5141 5286 5287
f 5141 5287 5142
f 5142 5287 5288
f 5142 5288 5151
f 5143 5148 5157
f 5143 5157 5154
f 5144 5152 5289
f 5144 5289 5145
f 5145 5289 5290
f 5145 5290 5146
f 5146 5290 5291
f 5146 5291 5147
f 5147 5291 5292
f 5147 5292 5149
f 5148 5150 5293
f 5148 5293 5294
f 5148 5294 5157
f 5149 5292 5295
f 5149 5295 5296
f 5149 5296 5293
f 5149 5293 5150
f 5151 5288 5152
f 5152 5288 5297
f 5152 5297 5289
f 5155 5159 5299
f 5155 5299 5300
f 5155 5300 5301
f 5155 5301 5302
f 5155 5302 5303
f 5155 5303 5304
f 5155 5304 5298
f 5157 5294 5159
f 5157 5159 5158
f 5159 5294 5305
f 5159 5305 5299
f 5161 5168 5306
f 5161 5306 5162
f 5162 5306 5169
f 5163 5307 5164
f 5164 5308 5309
f 5164 5309 5310
f 5164 5310 5311
f 5164 5311 5166
f 5164 5166 5165
f 5164 5307 5312
f 5164 5312 5308
f 5166 5311 5313
f 5166 5313 5167
f 5167 5313 5314
f 5167 5314 5315
f 5167 5315 5168
f 5168 5315 5306
f 5169 5306 5316
f 5169 5316 5317
f 5169 5317 5170
f 5170 5317 5318
f 5170 5318 5171
f 5171 5318 5172
f 5172 5318 5439
f 5172 5439 5319
f 5172 5319 5173
f 5173 5319 5320
f 5173 5320 5174
f 5174 5320 5321
f 5174 5321 5322
f 5174 5322 5175
f 5175 5322 5180
f 5177 5232 5323
f 5177 5323 5324
f 5177 5324 5178
f 5178 5324 5325
f 5178 5325 5326
f 5178 5326 5327
f 5178 5327 5179
f 5180 5322 5328
f 5180 5328 5329
f 5180 5329 5181
f 5181 5329 5182
f 5182 5330 5331
f 5182 5331 5183
f 5182 5329 5330
f 5183 5331 5332
f 5183 5332 5184
f 5184 5332 5185
f 5185 5332 5186
f 5186 5332 5333
f 5186 5333 5334
f 5186 5334 5335
f 5186 5335 5336
f 5186 5336 5337
f 5186 5337 5188
f 5186 5188 5187
f 5188 5337 5189
f 5189 5337 5190
f 5190 5337 5338
f 5190 5338 5192
f 5190 5192 5191
f 5192 5338 5339
f 5192 5339 5340
f 5192 5340 5193
f 5193 5340 5341
f 5193 5341 5194
f 5194 5341 5195
f 5195 5342 5397
f 5195 5397 5343
f 5195 5343 5344
f 5195 5344 5196
f 5195 5341 5342
f 5196 5344 5345
f 5196 5345 5197
f 5197 5345 5346
f 5197 5346 5198
f 5198 5346 5199
f 5199 5346 5200
f 5200 5346 5347
f 5200 5347 5348
f 5200 5348 5349
f 5200 5349 5350
f 5200 5350 5201
f 5201 5350 5202
f 5202 5350 5269
f 5204 5264 5351
f 5204 5351 5206
f 5204 5206 5205
f 5206 5209 5207
f 5206 5351 5209
f 5208 5211 5213
f 5209 5351 5352
f 5209 5352 5210
f 5210 5352 5353
f 5210 5353 5354
f 5210 5354 5211
f 5211 5253 5213
f 5211 5354 5355
f 5211 5355 5257
f 5212 5213 5356
f 5212 5356 5220
f 5213 5253 5392
f 5213 5392 5356
f 5214 5357 5358
f 5214 5358 5215
f 5214 5231 5359
f 5214 5359 5357
f 5215 5360 5216
f 5215 5358 5360
f 5216 5360 5361
f 5217 5362 5363
f 5217 5363 5219
f 5217 5219 5218
f 5217 5361 5362
f 5219 5364 5365
f 5219 5365 5236
f 5219 5363 5366
f 5219 5366 5364
f 5220 5356 5367
f 5220 5367 5368
f 5220 5368 5224
f 5220 5224 5223
f 5221 5222 5369
f 5221 5369 5226
f 5222 5224 5370
f 5222 5370 5468
f 5222 5468 5369
f 5224 5368 5371
f 5224 5371 5372
f 5224 5372 5370
f 5225 5226 5373
f 5225 5373 5229
f 5226 5369 5374
f 5226 5374 5373
f 5227 5229 5375
f 5227 5375 5228
f 5228 5375 5376
f 5228 5376 5377
f 5228 5377 5359
f 5228 5359 5230
f 5229 5373 5378
f 5229 5378 5375
f 5230 5359 5231
f 5232 5234 5233
f 5232 5233 5323
f 5233 5235 5379
f 5233 5379 5323
f 5235 5236 5365
f 5235 5365 5379
f 5237 5380 5238
f 5238 5380 5239
f 5239 5381 5382
f 5239 5382 5383
f 5239 5383 5384
f 5239 5384 5240
f 5239 5380 5381
f 5240 5384 5374
f 5240 5374 5385
f 5240 5385 5242
f 5240 5242 5241
f 5242 5385 5243
f 5243 5385 5386
f 5243 5386 5387
f 5243 5387 5249
f 5243 5249 5247
f 5244 5248 5388
f 5244 5388 5245
f 5245 5388 5389
f 5245 5389 5246
f 5246 5389 5390
f 5246 5390 5250
f 5248 5249 5388
f 5249 5387 5386
f 5249 5386 5372
f 5249 5372 5371
f 5249 5371 5388
f 5250 5390 5251
f 5251 5390 5391
f 5251 5391 5392
f 5251 5392 5253
f 5251 5253 5252
f 5254 5258 5261
f 5254 5261 5255
f 5255 5259 5256
f 5255 5261 5259
f 5257 5355 5258
f 5258 5355 5353
f 5258 5353 5393
f 5258 5393 5261
f 5259 5261 5260
f 5261 5393 5262
f 5262 5393 5263
f 5263 5393 5353
f 5263 5353 5264
f 5264 5353 5351
f 5265 5273 5394
f 5265 5394 5395
f 5265 5395 5266
f 5266 5395 5267
f 5267 5395 5396
f 5267 5396 5268
f 5268 5396 5274
f 5269 5350 5270
f 5270 5350 5271
f 5271 5350 5349
f 5271 5349 5272
f 5272 5349 5348
f 5272 5348 5273
f 5273 5348 5347
f 5273 5347 5394
f 5274 5396 5345
f 5274 5345 5344
f 5274 5344 5343
f 5274 5343 5275
f 5275 5343 5397
f 5275 5397 5278
f 5276 5398 5399
f 5276 5399 5400
f 5276 5400 5282
f 5276 5282 5281
f 5276 5280 5277
f 5276 5279 5398
f 5278 5397 5401
f 5278 5401 5279
f 5279 5401 5402
f 5279 5402 5403
f 5279 5403 5399
f 5279 5399 5398
f 5282 5400 5404
f 5282 5404 5283
f 5283 5404 5284
f 5284 5404 5285
f 5285 5404 5405
f 5285 5405 5406
f 5285 5406 5286
f 5286 5406 5287
f 5287 5406 5407
f 5287 5407 5288
f 5288 5407 5297
f 5289 5297 5408
f 5289 5408 5409
f 5289 5409 5290
f 5290 5409 5410
f 5290 5410 5411
f 5290 5411 5291
f 5291 5411 5412
f 5291 5412 5292
f 5292 5412 5295
f 5293 5296 5413
f 5293 5413 5414
f 5293 5414 5415
f 5293 5415 5294
f 5294 5415 5305
f 5295 5412 5416
f 5295 5416 5413
f 5295 5413 5296
f 5297 5407 5408
f 5298 5304 5417
f 5299 5305 5300
f 5300 5305 5418
f 5300 5418 5419
f 5300 5419 5420
f 5300 5420 5301
f 5301 5420 5303
f 5301 5303 5302
f 5303 5420 5421
f 5303 5421 5304
f 5304 5421 5417
f 5305 5415 5422
f 5305 5422 5423
f 5305 5423 5418
f 5306 5315 5316
f 5308 5424 5425
f 5308 5425 5426
f 5308 5426 5427
f 5308 5427 5309
f 5308 5312 5428
f 5308 5428 5424
f 5309 5427 5310
f 5310 5427 5429
f 5310 5429 5430
f 5310 5430 5431
f 5310 5431 5432
f 5310 5432 5313
f 5310 5313 5311
f 5313 5432 5433
f 5313 5433 5434
f 5313 5434 5314
f 5314 5434 5435
f 5314 5435 5315
f 5315 5435 5436
f 5315 5436 5437
f 5315 5437 5316
f 5316 5437 5438
f 5316 5438 5317
f 5317 5438 5439
f 5317 5439 5318
f 5319 5439 5440
f 5319 5440 5441
f 5319 5441 5320
f 5320 5441 5321
f 5321 5441 5442
f 5321 5442 5322
f 5322 5442 5328
f 5323 5379 5443
f 5323 5443 5444
f 5323 5444 5324
f 5324 5444 5325
f 5325 5444 5445
f 5328 5442 5446
f 5328 5446 5447
f 5328 5447 5329
f 5329 5447 5330
f 5330 5447 5448
f 5330 5448 5331
f 5331 5448 5332
f 5332 5448 5449
f 5332 5449 5334
f 5332 5334 5333
f 5334 5450 5451
f 5334 5451 5335
f 5334 5449 5450
f 5335 5451 5452
f 5335 5452 5336
f 5336 5452 5337
f 5337 5452 5338
f 5338 5452 5453
f 5338 5453 5454
f 5338 5454 5455
f 5338 5455 5339
f 5339 5455 5340
f 5340 5455 5341
f 5341 5455 5342
f 5342 5456 5397
f 5342 5455 5456
f 5345 5396 5346
f 5346 5396 5395
f 5346 5395 5394
f 5346 5394 5347
f 5351 5353 5352
f 5353 5355 5354
f 5356 5392 5391
f 5356 5391 5457
f 5356 5457 5458
f 5356 5458 5367
f 5357 5459 5358
f 5357 5359 5460
f 5357 5460 5459
f 5358 5459 5461
f 5358 5461 5462
f 5358 5462 5463
f 5358 5463 5360
f 5359 5377 5464
f 5359 5464 5460
f 5360 5463 5361
f 5361 5463 5362
f 5362 5463 5462
f 5362 5462 5465
f 5362 5465 5366
f 5362 5366 5363
f 5364 5443 5365
f 5364 5366 5466
f 5364 5466 5443
f 5365 5443 5467
f 5365 5467 5379
f 5366 5465 5466
f 5367 5458 5371
f 5367 5371 5368
f 5369 5468 5469
f 5369 5469 5470
f 5369 5470 5374
f 5370 5372 5386
f 5370 5386 5468
f 5371 5458 5471
f 5371 5471 5388
f 5373 5374 5472
f 5373 5472 5473
f 5373 5473 5378
f 5374 5384 5472
f 5374 5470 5385
f 5375 5378 5474
f 5375 5474 5475
f 5375 5475 5476
f 5375 5476 5376
f 5376 5476 5464
f 5376 5464 5377
f 5378 5477 5475
f 5378 5475 5474
f 5378 5473 5477
f 5379 5467 5443
f 5380 5478 5381
f 5381 5478 5479
f 5381 5479 5382
f 5382 5479 5480
f 5382 5480 5481
f 5382 5481 5383
f 5383 5481 5482
f 5383 5482 5473
f 5383 5473 5472
f 5383 5472 5384
f 5385 5470 5469
f 5385 5469 5386
f 5386 5469 5468
f 5388 5471 5390
f 5388 5390 5389
f 5390 5471 5391
f 5391 5471 5458
f 5391 5458 5457
f 5397 5456 5401
f 5399 5403 5483
f 5399 5483 5400
f 5400 5483 5404
f 5401 5456 5484
f 5401 5484 5485
f 5401 5485 5402
f 5402 5485 5403
f 5403 5485 5483
f 5404 5483 5405
f 5405 5486 5406
f 5405 5483 5487
f 5405 5487 5488
f 5405 5488 5489
f 5405 5489 5486
f 5406 5486 5490
f 5406 5490 5407
f 5407 5490 5408
f 5408 5490 5561
f 5408 5561 5491
f 5408 5491 5409
f 5409 5491 5492
f 5409 5492 5410
f 5410 5492 5493
f 5410 5493 5494
f 5410 5494 5411
f 5411 5494 5495
f 5411 5495 5496
f 5411 5496 5412
f 5412 5496 5497
f 5412 5497 5416
f 5413 5416 5497
f 5413 5497 5414
f 5414 5497 5415
f 5415 5497 5422
f 5417 5421 5499
f 5417 5499 5498
f 5418 5500 5501
f 5418 5501 5502
f 5418 5502 5421
f 5418 5421 5419
f 5418 5423 5500
f 5419 5421 5420
f 5421 5502 5503
f 5421 5503 5504
f 5421 5504 5505
f 5421 5505 5506
f 5421 5506 5499
f 5422 5497 5496
f 5422 5496 5495
f 5422 5495 5423
f 5423 5495 5507
f 5423 5507 5508
f 5423 5508 5509
f 5423 5509 5510
f 5423 5510 5500
f 5424 5428 5425
f 5425 5511 5512
f 5425 5512 5513
f 5425 5513 5429
f 5425 5429 5426
f 5425 5428 5514
f 5425 5514 5511
f 5426 5429 5427
f 5429 5513 5515
f 5429 5515 5516
f 5429 5516 5517
f 5429 5517 5430
f 5430 5517 5431
f 5431 5433 5432
f 5431 5517 5495
f 5431 5495 5433
f 5433 5518 5434
f 5433 5495 5519
f 5433 5519 5518
f 5434 5518 5435
f 5435 5518 5520
f 5435 5520 5436
f 5436 5520 5521
f 5436 5521 5437
f 5437 5521 5522
f 5437 5522 5438
f 5438 5522 5523
f 5438 5523 5439
f 5439 5523 5440
f 5440 5523 5524
f 5440 5524 5525
f 5440 5525 5441
f 5441 5525 5442
f 5442 5525 5446
f 5443 5526 5527
f 5443 5527 5444
f 5443 5466 5528
f 5443 5528 5529
f 5443 5529 5530
f 5443 5530 5531
f 5443 5531 5526
f 5444 5527 5532
f 5444 5532 5533
f 5444 5533 5445
f 5445 5533 5532
f 5446 5525 5534
f 5446 5534 5535
f 5446 5535 5536
f 5446 5536 5447
f 5447 5536 5448
f 5448 5536 5537
f 5448 5537 5450
f 5448 5450 5449
f 5450 5537 5559
f 5450 5559 5538
f 5450 5538 5539
f 5450 5539 5540
f 5450 5540 5451
f 5451 5540 5452
f 5452 5540 5453
f 5453 5541 5542
f 5453 5542 5454
f 5453 5540 5539
f 5453 5539 5541
f 5454 5542 5455
f 5455 5542 5456
f 5456 5542 5484
f 5459 5460 5461
f 5460 5464 5543
f 5460 5543 5544
f 5460 5544 5545
f 5460 5545 5546
f 5460 5546 5547
f 5460 5547 5461
f 5461 5547 5462
f 5462 5529 5465
f 5462 5547 5529
f 5464 5548 5543
f 5464 5476 5475
f 5464 5475 5548
f 5465 5529 5528
f 5465 5528 5466
f 5473 5482 5477
f 5475 5477 5549
f 5475 5549 5550
f 5475 5550 5551
f 5475 5551 5552
f 5475 5552 5553
f 5475 5553 5554
f 5475 5554 5555
f 5475 5555 5545
f 5475 5545 5544
f 5475 5544 5548
f 5477 5482 5556
f 5477 5556 5557
f 5477 5557 5549
f 5480 5558 5556
f 5480 5556 5481
f 5481 5556 5482
f 5483 5485 5487
f 5484 5542 5485
f 5485 5542 5487
f 5486 5489 5490
f 5487 5542 5541
f 5487 5541 5538
f 5487 5538 5559
f 5487 5559 5488
f 5488 5559 5489
f 5489 5560 5561
f 5489 5561 5490
f 5489 5559 5562
f 5489 5562 5563
f 5489 5563 5560
f 5491 5561 5560
f 5491 5560 5564
f 5491 5564 5492
f 5492 5564 5565
f 5492 5565 5566
f 5492 5566 5493
f 5493 5566 5495
f 5493 5495 5494
f 5495 5517 5507
f 5495 5566 5565
f 5495 5565 5567
f 5495 5567 5568
f 5495 5568 5569
f 5495 5569 5570
f 5495 5570 5571
f 5495 5571 5519
f 5498 5499 5572
f 5499 5506 5573
f 5499 5573 5574
f 5499 5574 5572
f 5500 5510 5501
f 5501 5510 5502
f 5502 5510 5503
f 5503 5509 5504
f 5503 5510 5509
f 5504 5509 5575
f 5504 5575 5505
f 5505 5575 5576
f 5505 5576 5577
f 5505 5577 5506
f 5506 5578 5573
f 5506 5577 5578
f 5507 5515 5508
f 5507 5517 5515
f 5508 5515 5579
f 5508 5579 5576
f 5508 5576 5509
f 5509 5576 5575
f 5511 5514 5580
f 5511 5580 5581
f 5511 5581 5582
f 5511 5582 5512
f 5512 5582 5579
f 5512 5579 5515
f 5512 5515 5513
f 5514 5583 5584
f 5514 5584 5581
f 5514 5581 5580
f 5515 5517 5516
f 5518 5585 5520
f 5518 5519 5585
f 5519 5571 5585
f 5520 5585 5521
f 5521 5585 5586
f 5521 5586 5522
f 5522 5586 5587
f 5522 5587 5588
f 5522 5588 5523
f 5523 5588 5524
f 5524 5589 5534
f 5524 5534 5525
f 5524 5588 5589
f 5526 5590 5527
f 5526 5531 5591
f 5526 5591 5590
f 5529 5547 5530
f 5530 5592 5593
f 5530 5593 5594
f 5530 5594 5591
f 5530 5591 5531
f 5530 5547 5592
f 5534 5589 5595
f 5534 5595 5596
f 5534 5596 5597
f 5534 5597 5535
f 5535 5597 5598
f 5535 5598 5536
f 5536 5598 5599
f 5536 5599 5537
f 5537 5599 5600
f 5537 5600 5559
f 5538 5541 5539
f 5543 5548 5544
f 5545 5555 5601
f 5545 5601 5602
f 5545 5602 5546
f 5546 5602 5601
f 5546 5601 5603
f 5546 5603 5592
f 5546 5592 5547
f 5549 5557 5604
f 5549 5604 5550
f 5550 5604 5551
f 5551 5604 5605
f 5554 5606 5555
f 5555 5606 5607
f 5555 5607 5601
f 5556 5558 5608
f 5556 5608 5557
f 5557 5608 5604
f 5559 5600 5562
f 5560 5563 5609
f 5560 5609 5564
f 5562 5600 5563
f 5563 5600 5610
f 5563 5610 5609
f 5564 5609 5611
f 5564 5611 5567
f 5564 5567 5565
f 5567 5611 5612
f 5567 5612 5569
f 5567 5569 5613
f 5567 5613 5568
f 5568 5613 5569
f 5569 5614 5570
f 5569 5612 5615
f 5569 5615 5616
f 5569 5616 5587
f 5569 5587 5586
f 5569 5586 5614
f 5570 5614 5585
f 5570 5585 5571
f 5572 5574 5617
f 5573 5618 5574
f 5573 5578 5618
f 5574 5618 5619
f 5574 5619 5617
f 5576 5579 5582
f 5576 5582 5620
f 5576 5620 5621
f 5576 5621 5577
f 5577 5621 5578
f 5578 5621 5622
f 5578 5622 5623
f 5578 5623 5624
f 5578 5624 5625
f 5578 5625 5626
f 5578 5626 5618
f 5581 5584 5620
f 5581 5620 5582
f 5583 5627 5623
f 5583 5623 5628
f 5583 5628 5584
f 5584 5628 5629
f 5584 5629 5620
f 5585 5614 5586
f 5587 5616 5588
f 5588 5616 5615
f 5588 5615 5595
f 5588 5595 5589
f 5592 5630 5594
f 5592 5594 5593
f 5592 5603 5630
f 5595 5615 5631
f 5595 5631 5596
f 5596 5631 5632
f 5596 5632 5597
f 5597 5632 5610
f 5597 5610 5598
f 5598 5610 5600
f 5598 5600 5599
f 5604 5608 5605
f 5609 5610 5632
f 5609 5632 5611
f 5611 5632 5631
f 5611 5631 5612
f 5612 5631 5615
f 5617 5619 5634
f 5617 5634 5633
f 5618 5626 5619
f 5619 5626 5634
f 5620 5629 5621
f 5621 5629 5622
f 5622 5629 5628
f 5622 5628 5623
f 5623 5635 5625
f 5623 5625 5624
f 5623 5627 5635
f 5625 5635 5636
f 5625 5636 5626
f 5626 5636 5637
f 5626 5637 5634
f 5627 5638 5639
f 5627 5639 5635
f 5633 5634 5637
f 5635 5639 5636
f 5636 5639 5640
f 5636 5640 5641
f 5636 5641 5637
f 5638 5642 5643
f 5638 5643 5644
f 5638 5644 5645
f 5638 5645 5646
f 5638 5646 5639
f 5639 5646 5645
f 5639 5645 5640
f 5640 5645 5647
f 5640 5647 5641
f 5642 5648 5643
f 5643 5645 5644
f 5643 5648 5645
f 5645 5648 5649
f 5645 5649 5647

