# https://github.com/mikedh/trimesh
v -0.02462076 0.23531687 0.32917547
v -0.02462076 0.23491699 0.32917547
v -0.02462076 0.24547403 0.32868618
v -0.23500888 0.09255688 0.33463907
v -0.22503437 0.09255688 0.33455753
v -0.02462076 0.22499976 0.32901239
v -0.02462076 0.25535125 0.32787073
v -0.24502955 0.09255688 0.33431286
v -0.21746114 0.09255688 0.33406824
v -0.21501368 0.09255688 0.33390516
v -0.02462076 0.21996117 0.32868618
v -0.02462076 0.26498854 0.32632136
v -0.24147382 0.12118886 0.33015400
v -0.24747699 0.09255688 0.33406824
v -0.20503919 0.09255688 0.33284503
v -0.02462076 0.21500257 0.32836002
v -0.02462076 0.26538843 0.32623982
v -0.21501368 0.19204900 0.32036853
v -0.21501368 0.18501097 0.32175481
v -0.21501368 0.17501378 0.32363033
v -0.24502955 0.14502218 0.32526124
v -0.24812350 0.11834966 0.32966477
v -0.25500405 0.09255688 0.33325279
v -0.22503437 0.16501658 0.32428271
v -0.22503437 0.17501378 0.32248873
v -0.23500888 0.16501658 0.32305950
v -0.19686565 0.09255688 0.33145875
v -0.02462076 0.19536807 0.32509816
v -0.02462076 0.20500536 0.32697374
v -0.02462076 0.27538565 0.32395655
v -0.09430374 0.26418877 0.31873757
v -0.09051713 0.26026988 0.32004231
v -0.22073980 0.19052942 0.32004231
v -0.22443405 0.18489100 0.32069468
v -0.25500405 0.12502779 0.32729989
v -0.24502955 0.15501937 0.32338572
v -0.26516327 0.10515335 0.32917547
v -0.26862663 0.09867518 0.32974631
v -0.26511711 0.09255688 0.33145875
v -0.23177640 0.18149196 0.32028693
v -0.23505506 0.17525370 0.32102090
v -0.19464909 0.09255688 0.33105105
v -0.02462076 0.18417120 0.32240713
v -0.02462076 0.19500816 0.32501662
v -0.02462076 0.28526285 0.32110244
v -0.03501087 0.28254363 0.32077622
v -0.04974173 0.27986437 0.31996077
v -0.08502191 0.27502573 0.31726974
v -0.09504260 0.27502573 0.31612813
v -0.10501710 0.26502854 0.31726974
v -0.21501368 0.19704759 0.31930840
v -0.22443405 0.19432837 0.31849295
v -0.22738945 0.18813010 0.31947148
v -0.25500405 0.14502218 0.32346725
v -0.24216650 0.17209458 0.32045007
v -0.24530663 0.16529649 0.32126552
v -0.27610752 0.09255688 0.32909393
v -0.27209002 0.09255688 0.33007246
v -0.26765689 0.09255688 0.33096945
v -0.26497856 0.11503059 0.32729989
v -0.27499923 0.10503338 0.32697374
v -0.23505506 0.18489100 0.31881911
v -0.23842606 0.17877272 0.31963462
v -0.19169366 0.09255688 0.33039868
v -0.02462076 0.17477384 0.31930840
v -0.02462076 0.28602266 0.32085776
v -0.09504260 0.28502294 0.31311089
v -0.11503778 0.26502854 0.31604660
v -0.10501710 0.27502573 0.31482339
v -0.14500746 0.25503135 0.31441563
v -0.13503297 0.26502854 0.31327403
v -0.21501368 0.20500536 0.31726974
v -0.22503437 0.20500536 0.31547576
v -0.23500888 0.19500816 0.31620967
v -0.25518876 0.15509935 0.32126552
v -0.26497856 0.13502498 0.32322264
v -0.25200248 0.16213737 0.32045007
v -0.24530663 0.17525370 0.31898224
v -0.27735433 0.09255688 0.32876772
v -0.27499923 0.11503059 0.32493508
v -0.28483522 0.09255688 0.32656598
v -0.24502955 0.18501097 0.31653583
v -0.18813795 0.09255688 0.32958323
v -0.02462076 0.17413402 0.31906378
v -0.18642935 0.09255688 0.32917547
v -0.02462076 0.28934172 0.31971616
v -0.04503155 0.29502013 0.31547576
v -0.09504260 0.29222092 0.31066453
v -0.10201551 0.29090127 0.31025678
v -0.10520181 0.28566274 0.31147999
v -0.11503778 0.27502573 0.31343710
v -0.13503297 0.27294633 0.31090915
v -0.14209823 0.27110684 0.31033838
v -0.14528453 0.26558837 0.31147999
v -0.15502813 0.25503135 0.31294781
v -0.21501368 0.21500257 0.31441563
v -0.22318724 0.22216055 0.31066453
v -0.23500888 0.20500536 0.31343710
v -0.26493239 0.14474225 0.32110244
v -0.25865215 0.15849841 0.31963462
v -0.25518876 0.16529649 0.31890070
v -0.25500405 0.17501378 0.31661737
v -0.27499923 0.12502779 0.32273334
v -0.28030974 0.13046625 0.32004231
v -0.28220305 0.12502779 0.32069468
v -0.28557405 0.11539048 0.32167321
v -0.28742120 0.09255688 0.32566899
v -0.28931451 0.11894949 0.31971616
v -0.29116163 0.11231135 0.32045007
v -0.29323965 0.10503338 0.32118398
v -0.24502955 0.19500816 0.31376326
v -0.25500405 0.18501097 0.31400794
v -0.02462076 0.16501658 0.31547576
v -0.17714752 0.09255688 0.32672912
v -0.02462076 0.29410040 0.31800365
v -0.03501087 0.30497733 0.31270319
v -0.04438506 0.30553719 0.31147999
v -0.05500606 0.30313787 0.31123537
v -0.08502191 0.29881907 0.30952287
v -0.09504260 0.29717952 0.30895209
v -0.10866518 0.28938171 0.30976754
v -0.11503778 0.28294352 0.31090915
v -0.10520181 0.29454026 0.30846280
v -0.12233394 0.28118402 0.31033838
v -0.14528453 0.27466583 0.30870742
v -0.14874789 0.26934734 0.30976754
v -0.15502813 0.26254922 0.31074607
v -0.16477177 0.25527129 0.31123537
v -0.20503919 0.22503975 0.31319249
v -0.21145797 0.23087811 0.31025678
v -0.21487516 0.22531967 0.31131691
v -0.23500888 0.21300313 0.31099069
v -0.21810764 0.22883868 0.30960441
v -0.22983691 0.21988119 0.30993062
v -0.24091969 0.21080375 0.31025678
v -0.26493239 0.15509935 0.31873757
v -0.26821104 0.14790137 0.31947148
v -0.27763140 0.13714439 0.31930840
v -0.26497856 0.16501658 0.31629121
v -0.28418872 0.13430518 0.31784058
v -0.28719029 0.12502779 0.31906378
v -0.29559475 0.09255688 0.32281488
v -0.29499441 0.12502779 0.31604660
v -0.29822689 0.10503338 0.31930840
v -0.29979697 0.09967490 0.31987923
v -0.29587179 0.09579597 0.32208097
v -0.25458845 0.19464827 0.31123537
v -0.26100722 0.19104928 0.31033838
v -0.26456296 0.18445113 0.31115383
v -0.26497856 0.17501378 0.31368172
v -0.02462076 0.15729874 0.31188774
v -0.17502332 0.09255688 0.32607675
v -0.02462076 0.30497733 0.31376326
v -0.04064462 0.31013590 0.31001216
v -0.04729429 0.30925614 0.30968601
v -0.09504260 0.30497733 0.30569023
v -0.10501710 0.30497733 0.30422240
v -0.11503778 0.28794211 0.30927825
v -0.12538171 0.28474301 0.30870742
v -0.11503778 0.29502013 0.30666876
v -0.13503297 0.28502294 0.30691344
v -0.14500746 0.28502294 0.30511940
v -0.15502813 0.27502573 0.30675030
v -0.16477177 0.26446870 0.30846280
v -0.19917455 0.23959567 0.30984908
v -0.20503919 0.23783615 0.30927825
v -0.17502332 0.26502854 0.30626106
v -0.19501850 0.25503135 0.30536407
v -0.21501368 0.24503414 0.30422240
v -0.22503437 0.23503694 0.30544561
v -0.23500888 0.21800172 0.30919671
v -0.23242289 0.24183504 0.30071592
v -0.24997063 0.22999835 0.29998201
v -0.25500405 0.21500257 0.30397779
v -0.24761553 0.20764463 0.30911517
v -0.27458364 0.14474225 0.31841141
v -0.27499923 0.15501937 0.31572038
v -0.28497374 0.14502218 0.31482339
v -0.29499441 0.13502498 0.31351864
v -0.30145937 0.09255688 0.32061315
v -0.30178264 0.13502498 0.31074607
v -0.30533835 0.12482785 0.31172460
v -0.30496892 0.11503059 0.31417102
v -0.30496892 0.10503338 0.31645429
v -0.32062334 0.10147439 0.31033838
v -0.31498960 0.09503619 0.31417102
v -0.30478421 0.09579597 0.31849295
v -0.25458845 0.20460548 0.30781043
v -0.26456296 0.19464827 0.30781043
v -0.26765689 0.18737030 0.30911517
v -0.27056614 0.18069218 0.31017524
v -0.27292120 0.17501378 0.31099069
v -0.27596897 0.16601630 0.31245852
v -0.02462076 0.15190025 0.30895209
v -0.16745010 0.09255688 0.32346725
v -0.02462076 0.14502218 0.30503786
v -0.02462076 0.31197539 0.31074607
v -0.02503636 0.31173545 0.31082761
v -0.03501087 0.31069574 0.31033838
v -0.04438506 0.31405479 0.30772889
v -0.05500606 0.31497455 0.30601639
v -0.09504260 0.31861353 0.29932964
v -0.09504260 0.31361490 0.30169445
v -0.10501710 0.31209534 0.30096054
v -0.11905529 0.30961603 0.29981893
v -0.11545338 0.30577710 0.30210221
v -0.12501228 0.29502013 0.30495632
v -0.12501228 0.30341777 0.30144984
v -0.13503297 0.29502013 0.30308074
v -0.14413008 0.29514009 0.30128676
v -0.15502813 0.29146114 0.30055285
v -0.15502813 0.28502294 0.30308074
v -0.16500264 0.27502573 0.30471170
v -0.17548510 0.27570555 0.30210221
v -0.18504401 0.26502854 0.30397779
v -0.19469526 0.26518849 0.30153137
v -0.20296118 0.26194939 0.30071592
v -0.22115541 0.25079253 0.30030817
v -0.22780506 0.24851316 0.29932964
v -0.23907256 0.23931575 0.29965585
v -0.24599929 0.23559679 0.29884034
v -0.24502955 0.25247204 0.29117507
v -0.25034004 0.25031266 0.29011494
v -0.25421903 0.24451429 0.29133815
v -0.26091486 0.24083532 0.29035956
v -0.26451677 0.23475702 0.29174584
v -0.25500405 0.22775899 0.29892188
v -0.26036075 0.22036105 0.30006355
v -0.25500405 0.22276038 0.30104208
v -0.26497856 0.20500536 0.30397779
v -0.28248012 0.16333705 0.31090915
v -0.28912979 0.15873833 0.30960441
v -0.29799601 0.14698163 0.30919671
v -0.31498960 0.09255688 0.31466031
v -0.30681604 0.13502498 0.30854434
v -0.30889407 0.12802695 0.30944133
v -0.31060266 0.12134881 0.31025678
v -0.31221890 0.11503059 0.31099069
v -0.31540522 0.10487343 0.31188774
v -0.31900710 0.10811253 0.30952287
v -0.32436380 0.10487343 0.30748421
v -0.33516949 0.10411365 0.30177599
v -0.33498478 0.09503619 0.30397779
v -0.32856601 0.09255688 0.30805504
v -0.32399437 0.09255688 0.31050146
v -0.32270136 0.09255688 0.31115383
v -0.27499923 0.19500816 0.30381465
v -0.27430657 0.18445113 0.30756581
v -0.27994031 0.17001517 0.30993062
v -0.27790847 0.17501378 0.30919671
v -0.16500264 0.09255688 0.32248873
v -0.02462076 0.12146878 0.28881019
v -0.02462076 0.12642740 0.29256135
v -0.02462076 0.13362537 0.29769874
v -0.02462076 0.13842402 0.30104208
v -0.02462076 0.13878393 0.30128676
v -0.02462076 0.31705394 0.30829972
v -0.03501087 0.31569433 0.30789196
v -0.03501087 0.32497174 0.30324388
v -0.04424652 0.32561156 0.30193913
v -0.05500606 0.32345217 0.30177599
v -0.07500124 0.32105285 0.30055285
v -0.04706340 0.32937050 0.29965585
v -0.09504260 0.32497174 0.29574162
v -0.10501710 0.32497174 0.29427379
v -0.10501710 0.31709394 0.29851419
v -0.11545338 0.31449467 0.29802489
v -0.12501228 0.31497455 0.29598624
v -0.13503297 0.31497455 0.29402918
v -0.12501228 0.30841637 0.29924810
v -0.13503297 0.30625698 0.29835111
v -0.13503297 0.30125839 0.30047131
v -0.14020492 0.30005872 0.29998201
v -0.14685459 0.29849917 0.29932964
v -0.15502813 0.29645973 0.29851419
v -0.16010776 0.29006153 0.29998201
v -0.16407907 0.28486297 0.30112368
v -0.17248352 0.28146392 0.30055285
v -0.17913319 0.27950448 0.29973739
v -0.18504401 0.27766499 0.29900348
v -0.19778921 0.26862752 0.29941118
v -0.20961083 0.25975001 0.29981893
v -0.21501368 0.25791055 0.29908502
v -0.21501368 0.26502854 0.29590470
v -0.22175571 0.27130678 0.29060423
v -0.22503437 0.26530847 0.29231668
v -0.23547065 0.24511412 0.29826957
v -0.23953435 0.25967005 0.28978878
v -0.24502955 0.25747067 0.28864712
v -0.25703591 0.24747346 0.28864712
v -0.26756454 0.23787615 0.28889173
v -0.27116644 0.23123801 0.29052269
v -0.26414734 0.22419998 0.29672015
v -0.27467600 0.22471984 0.29182744
v -0.28104860 0.22116083 0.29052269
v -0.28400400 0.20404562 0.29655707
v -0.27680019 0.20672488 0.29859573
v -0.27998650 0.20004675 0.29998201
v -0.28548169 0.16601630 0.30903363
v -0.29499441 0.16501658 0.30536407
v -0.29476354 0.15525931 0.30821818
v -0.30409154 0.14422241 0.30715805
v -0.30580014 0.15573917 0.30299920
v -0.31498960 0.14434236 0.30177599
v -0.31498960 0.13502498 0.30446702
v -0.33027461 0.12062901 0.30014509
v -0.33165994 0.11503059 0.30087900
v -0.33863288 0.10687287 0.29916656
v -0.34006441 0.10019475 0.29998201
v -0.33475390 0.09255688 0.30463010
v -0.34140357 0.09255688 0.30087900
v -0.28206450 0.19500816 0.30087900
v -0.28562024 0.18557081 0.30267304
v -0.28497374 0.17501378 0.30650568
v -0.15946126 0.09255688 0.32020539
v -0.02462076 0.11647019 0.28408056
v -0.15567464 0.09255688 0.31857449
v -0.02462076 0.32497174 0.30422240
v -0.02503636 0.32497174 0.30422240
v -0.04036754 0.33005032 0.29998201
v -0.04424652 0.33400920 0.29712790
v -0.05500606 0.34176701 0.29109347
v -0.05500606 0.33496892 0.29525232
v -0.07449327 0.33564875 0.29231668
v -0.09504260 0.33244964 0.29141968
v -0.10501710 0.33113000 0.29068577
v -0.11457600 0.32553157 0.29223514
v -0.12501228 0.32305229 0.29166430
v -0.13503297 0.32125276 0.29068577
v -0.15502813 0.30497733 0.29459995
v -0.14426860 0.31521446 0.29182744
v -0.16407907 0.29406041 0.29729098
v -0.17548510 0.28486297 0.29843265
v -0.18504401 0.28502294 0.29582316
v -0.19469526 0.27442589 0.29778028
v -0.20577803 0.26518849 0.29859573
v -0.20503919 0.27502573 0.29443687
v -0.19903602 0.28938171 0.28962564
v -0.21048823 0.28034425 0.29011494
v -0.21427484 0.27478582 0.29150122
v -0.21713789 0.27794492 0.28897333
v -0.22840539 0.26882747 0.28938103
v -0.23288468 0.26214933 0.29101193
v -0.23574772 0.25579113 0.29305059
v -0.23574772 0.26530847 0.28832096
v -0.24572223 0.26578832 0.28375435
v -0.25421903 0.25419158 0.28628230
v -0.26451677 0.24451429 0.28669000
v -0.27435273 0.24459428 0.28179723
v -0.28091004 0.24095529 0.28049254
v -0.27467600 0.23475702 0.28693467
v -0.29088455 0.21100369 0.29044116
v -0.28460431 0.21460268 0.29174584
v -0.29499441 0.19500816 0.29484463
v -0.28705177 0.19500816 0.29867727
v -0.29453263 0.20416561 0.29141968
v -0.29513296 0.17489380 0.30210221
v -0.30099759 0.17149475 0.30047131
v -0.30302945 0.16501658 0.30153137
v -0.30967909 0.15953811 0.29981893
v -0.31166476 0.15285999 0.30087900
v -0.31831443 0.14722157 0.29908502
v -0.32025394 0.14054343 0.30014509
v -0.32168546 0.13502498 0.30087900
v -0.32667270 0.13502498 0.29810643
v -0.33669338 0.11503059 0.29794335
v -0.34523636 0.11439076 0.29247975
v -0.35026979 0.11063182 0.29019648
v -0.34403571 0.10411365 0.29623091
v -0.34833032 0.09255688 0.29623091
v -0.34643698 0.09255688 0.29753566
v -0.34265038 0.09255688 0.30006355
v -0.28940687 0.18928978 0.29965585
v -0.29194665 0.18261164 0.30087900
v -0.02462076 0.11135162 0.27902472
v -0.15442783 0.09255688 0.31800365
v -0.02462076 0.10139441 0.26834220
v -0.02462076 0.10667293 0.27413195
v -0.02462076 0.33124998 0.30079746
v -0.02503636 0.33124998 0.30079746
v -0.04503155 0.34268677 0.29166430
v -0.05500606 0.34676564 0.28783166
v -0.07449327 0.34408638 0.28701621
v -0.06502673 0.34072733 0.29044116
v -0.07079901 0.34016746 0.29003340
v -0.07749486 0.33940768 0.28962564
v -0.08502191 0.33856791 0.28913641
v -0.09504260 0.33744824 0.28840250
v -0.10501710 0.33616859 0.28766859
v -0.11762376 0.32921055 0.28954411
v -0.11457600 0.33416915 0.28717929
v -0.12501228 0.32805088 0.28889173
v -0.14708549 0.31869349 0.28929949
v -0.13503297 0.32625139 0.28791320
v -0.17502332 0.29502013 0.29402918
v -0.15502813 0.31197539 0.29101193
v -0.16116986 0.31061575 0.29027802
v -0.16472557 0.30521727 0.29199052
v -0.15502813 0.31697398 0.28840250
v -0.18416661 0.29494014 0.29150122
v -0.19543412 0.28562278 0.29256135
v -0.19234017 0.29154110 0.29068577
v -0.19543412 0.29494014 0.28807628
v -0.20503919 0.28726232 0.28856558
v -0.20591658 0.29593986 0.28367281
v -0.20319206 0.30233809 0.28130800
v -0.21501368 0.29302070 0.28171569
v -0.22466494 0.28498295 0.28220499
v -0.23196110 0.28158391 0.28090024
v -0.24290535 0.27226651 0.28130800
v -0.24955502 0.26962724 0.27975863
v -0.25500405 0.26234928 0.28130800
v -0.26405498 0.25435153 0.28138953
v -0.27730817 0.24763341 0.27861696
v -0.28455815 0.24459428 0.27633369
v -0.28760591 0.23735631 0.27861696
v -0.29758042 0.20692483 0.28856558
v -0.30025876 0.22036105 0.28016633
v -0.30547687 0.18533088 0.29296905
v -0.30459949 0.17489380 0.29737252
v -0.29859632 0.17817289 0.29924810
v -0.29513296 0.18557081 0.29826957
v -0.30016640 0.20028669 0.29003340
v -0.30201352 0.19500816 0.29109347
v -0.30801669 0.16501658 0.29892188
v -0.31498960 0.16501658 0.29508924
v -0.32417908 0.14434236 0.29663861
v -0.33216792 0.14502218 0.29141968
v -0.33535421 0.13470507 0.29264289
v -0.33895612 0.13782419 0.28929949
v -0.35031596 0.14074337 0.28024787
v -0.35156280 0.13502498 0.28122646
v -0.36126021 0.11315112 0.28106332
v -0.35631913 0.10503338 0.28726083
v -0.35816628 0.09503619 0.28864712
v -0.35133189 0.10503338 0.29093039
v -0.35544175 0.09255688 0.29125661
v -0.02462076 0.09255688 0.25749654
v -0.02462076 0.09731555 0.26336789
v -0.02462076 0.09751549 0.26361251
v -0.02462076 0.34420633 0.29247975
v -0.03501087 0.34340656 0.29215360
v -0.04503155 0.34768537 0.28840250
v -0.06502673 0.35308385 0.28220499
v -0.07500124 0.35216412 0.28155261
v -0.08502191 0.34496614 0.28497756
v -0.09522730 0.34580588 0.28293890
v -0.10501710 0.34396642 0.28269428
v -0.11503778 0.34268677 0.28179723
v -0.12501228 0.33496892 0.28473294
v -0.13466354 0.33552879 0.28244960
v -0.14426860 0.32409197 0.28693467
v -0.14500746 0.33276954 0.28171569
v -0.15567464 0.32585150 0.28318352
v -0.16472557 0.31437472 0.28726083
v -0.17502332 0.30661687 0.28832096
v -0.18693732 0.29817924 0.28913641
v -0.16500264 0.32349214 0.28212345
v -0.18416661 0.30405760 0.28693467
v -0.19187838 0.31113562 0.28065562
v -0.19515705 0.30537722 0.28261274
v -0.19852805 0.30901620 0.27943242
v -0.20591658 0.30537722 0.27845389
v -0.22110921 0.29082131 0.28041095
v -0.22775888 0.28826204 0.27894312
v -0.23076047 0.30057856 0.27038080
v -0.25500405 0.26734790 0.27837235
v -0.24152000 0.29126120 0.27070701
v -0.25532731 0.27542561 0.27339804
v -0.26017603 0.26014990 0.28000325
v -0.26677951 0.25723073 0.27837235
v -0.26262346 0.27234650 0.27144092
v -0.27301356 0.26270920 0.27168554
v -0.28497374 0.25235209 0.27144092
v -0.29000717 0.25003275 0.26997310
v -0.29725716 0.22699919 0.27837235
v -0.29226992 0.24503414 0.27144092
v -0.30496892 0.20500536 0.28497756
v -0.30252147 0.21500257 0.28155261
v -0.30977148 0.20972404 0.27984017
v -0.30755490 0.21500257 0.27845389
v -0.30256766 0.23299751 0.27168554
v -0.31212655 0.22252046 0.27144092
v -0.31152624 0.18225175 0.29084885
v -0.31489724 0.17425399 0.29190898
v -0.30917114 0.18888989 0.28946257
v -0.30700076 0.19500816 0.28815782
v -0.32020774 0.17037508 0.29011494
v -0.32168546 0.16501658 0.29109347
v -0.32519501 0.15465948 0.29247975
v -0.33059785 0.15110047 0.29035956
v -0.33715516 0.14502218 0.28807628
v -0.34523636 0.14446233 0.28261274
v -0.35876659 0.12502779 0.27894312
v -0.35987487 0.11982924 0.27992171
v -0.34186536 0.15501937 0.28130800
v -0.34874591 0.14742151 0.27894312
v -0.35950544 0.14890109 0.26956534
v -0.36777133 0.10503338 0.27804613
v -0.36278409 0.10503338 0.28228652
v -0.37044969 0.12110889 0.27038080
v -0.37165031 0.11503059 0.27144092
v -0.35964397 0.09255688 0.28815782
v -0.35858187 0.09255688 0.28897333
v -0.02462076 0.09255688 -0.44388044
v -0.02462076 0.34900498 0.28929949
v -0.02503636 0.34900498 0.28929949
v -0.03501087 0.34840518 0.28889173
v -0.04503155 0.35456344 0.28342819
v -0.05500606 0.35388362 0.28285736
v -0.06502673 0.35808244 0.27861696
v -0.07500124 0.35716271 0.27796459
v -0.08502191 0.35116440 0.28081870
v -0.09869067 0.34968480 0.27975863
v -0.10501710 0.34896502 0.27926934
v -0.11503778 0.34768537 0.27837235
v -0.12501228 0.34124717 0.28081870
v -0.13110781 0.34032744 0.28016633
v -0.13775748 0.33920774 0.27943242
v -0.15281159 0.33116999 0.28073716
v -0.14500746 0.33776814 0.27853543
v -0.15946126 0.32973039 0.27984017
v -0.17285295 0.32153270 0.28090024
v -0.17571600 0.31581432 0.28318352
v -0.16500264 0.32849073 0.27902472
v -0.18504401 0.31313506 0.28179723
v -0.18504401 0.31813365 0.27886158
v -0.19515705 0.31465462 0.27739376
v -0.20199142 0.32129276 0.27087009
v -0.20517772 0.31533444 0.27299029
v -0.21307421 0.31225529 0.27135938
v -0.21972388 0.30977601 0.26981002
v -0.23953435 0.30957606 0.25969827
v -0.23745632 0.29785934 0.26858681
v -0.25214100 0.28182384 0.27111471
v -0.24816968 0.28850195 0.26891297
v -0.25883687 0.27902460 0.26932073
v -0.26927313 0.26938730 0.26956534
v -0.27966323 0.25975001 0.26981002
v -0.28497374 0.25735068 0.26817906
v -0.29176193 0.26166949 0.26108456
v -0.29420939 0.25427157 0.26442796
v -0.30155173 0.25179225 0.26108456
v -0.29725716 0.24503414 0.26817906
v -0.32122368 0.19176908 0.28073716
v -0.31877622 0.21844161 0.26915765
v -0.31531286 0.20584513 0.27796459
v -0.31882238 0.19844720 0.27918780
v -0.30921733 0.22915860 0.26948380
v -0.31526667 0.22551961 0.26752669
v -0.31489724 0.18533088 0.28750545
v -0.31822208 0.17705320 0.28889173
v -0.33018225 0.18033227 0.28008479
v -0.34038764 0.16077776 0.28024787
v -0.36250702 0.13502498 0.27209330
v -0.36541626 0.12466788 0.27339804
v -0.34685260 0.15501937 0.27739376
v -0.36749429 0.13502498 0.26768982
v -0.35294813 0.15501937 0.27241945
v -0.35793537 0.15501937 0.26826060
v -0.36158347 0.16313711 0.26141077
v -0.36352295 0.15501937 0.26320475
v -0.36980319 0.14958090 0.25977987
v -0.36911052 0.09747551 0.27918780
v -0.37349746 0.10503338 0.27307183
v -0.36994171 0.09255688 0.27992171
v -0.36795604 0.09255688 0.28155261
v -0.36523154 0.09255688 0.28375435
v -0.37271243 0.13502498 0.26271552
v -0.37479043 0.12454791 0.26483572
v -0.37663758 0.11503059 0.26671124
v -0.37853086 0.10503338 0.26850528
v -0.02535962 0.09255688 -0.44477743
v -0.02462076 0.09379654 -0.44428813
v -0.02462076 0.34924492 0.28913641
v -0.02503636 0.35496333 0.28481448
v -0.03561118 0.35592306 0.28326505
v -0.04503155 0.35956204 0.27967703
v -0.05500606 0.35888222 0.27910626
v -0.06502673 0.36444068 0.27356112
v -0.07500124 0.36372086 0.27290875
v -0.08502191 0.36284113 0.27225637
v -0.08502191 0.35616300 0.27723068
v -0.09522730 0.35424352 0.27706760
v -0.10501710 0.35496333 0.27494740
v -0.11092791 0.36024183 0.27013618
v -0.11457600 0.35556316 0.27282721
v -0.12501228 0.34624577 0.27739376
v -0.13503297 0.35188419 0.27144092
v -0.13466354 0.34420633 0.27682292
v -0.14219059 0.35080451 0.27062547
v -0.14533071 0.34568593 0.27323490
v -0.17031315 0.34012750 0.27005464
v -0.17571600 0.32493174 0.27788305
v -0.19501850 0.32337219 0.27217484
v -0.20864110 0.31893343 0.26923919
v -0.18980037 0.32985038 0.26989156
v -0.19501850 0.32837078 0.26874989
v -0.20503919 0.33208975 0.26157385
v -0.21058059 0.33037022 0.26026911
v -0.21584490 0.31533444 0.26801598
v -0.23570155 0.31525445 0.25757807
v -0.24078116 0.32053298 0.25048357
v -0.24447541 0.31469461 0.25268537
v -0.24502955 0.30729669 0.25798583
v -0.25685120 0.29725951 0.25798583
v -0.25015533 0.30009872 0.26002449
v -0.25412667 0.29438031 0.26165539
v -0.24502955 0.30229810 0.26149231
v -0.26557887 0.27542561 0.26777136
v -0.26442441 0.28466302 0.26222622
v -0.27116644 0.28106403 0.26067686
v -0.28146419 0.27138674 0.26092148
v -0.27781612 0.27806488 0.25855666
v -0.28811386 0.26830763 0.25871974
v -0.29841161 0.25847039 0.25888282
v -0.30824757 0.24803330 0.25863820
v -0.31115681 0.24135518 0.26083994
v -0.30492276 0.24483420 0.26304168
v -0.32473320 0.18421119 0.28187883
v -0.32071570 0.23087811 0.26051378
v -0.32293227 0.22503975 0.26222622
v -0.32985902 0.21988119 0.25986141
v -0.32551825 0.21580234 0.26540649
v -0.32787335 0.20696482 0.26834220
v -0.33018225 0.20028669 0.27013618
v -0.32117748 0.21176347 0.27087009
v -0.32473320 0.19508815 0.27674139
v -0.33904848 0.18845001 0.26923919
v -0.34094179 0.18177187 0.27078855
v -0.34274274 0.17501378 0.27225637
v -0.34934622 0.16885550 0.26948380
v -0.34777617 0.17501378 0.26809752
v -0.35350227 0.17501378 0.26312321
v -0.35147041 0.18289156 0.26132923
v -0.35987487 0.16977525 0.25986141
v -0.36490828 0.16589633 0.25692576
v -0.37132707 0.16501658 0.25121748
v -0.36855638 0.15501937 0.25855666
v -0.37372833 0.15501937 0.25358236
v -0.37991622 0.14982083 0.24991278
v -0.37229681 0.09255688 0.27788305
v -0.37959298 0.09879513 0.26956534
v -0.38051653 0.12130883 0.26051378
v -0.38167101 0.11503059 0.26173693
v -0.39039868 0.12126884 0.25048357
v -0.02785324 0.09255688 -0.44763154
v -0.02462076 0.09511617 -0.44469589
v -0.02462076 0.35520327 0.28465134
v -0.02503636 0.36064175 0.28049254
v -0.03930545 0.35992193 0.27992171
v -0.04503155 0.36496052 0.27527356
v -0.05228153 0.37027904 0.27021772
v -0.05537547 0.36588025 0.27347958
v -0.06502673 0.36943927 0.26948380
v -0.07500124 0.36871946 0.26891297
v -0.08502191 0.36783972 0.26809752
v -0.10501710 0.36084169 0.27070701
v -0.13503297 0.35688278 0.26744515
v -0.10501710 0.36588025 0.26638508
v -0.11286740 0.37071890 0.26059532
v -0.13503297 0.36787972 0.25814891
v -0.13503297 0.36288112 0.26238930
v -0.14500746 0.36132154 0.26108456
v -0.14533071 0.35448346 0.26662970
v -0.15073356 0.36028183 0.26018757
v -0.14888644 0.34948486 0.26956534
v -0.17696282 0.33828801 0.26874989
v -0.17419212 0.33496892 0.27201176
v -0.16500264 0.34616581 0.26695591
v -0.17216027 0.35096446 0.26075840
v -0.17885612 0.34940487 0.25953519
v -0.18504401 0.34276676 0.26206315
v -0.19501850 0.33540881 0.26344943
v -0.19834334 0.33904779 0.25920904
v -0.20503919 0.33708835 0.25774121
v -0.21723025 0.32789093 0.25839359
v -0.21178122 0.34116721 0.25105441
v -0.21450573 0.33460903 0.25472397
v -0.22300252 0.33216971 0.25178832
v -0.22568087 0.32545161 0.25545788
v -0.23500888 0.32269236 0.25219607
v -0.22965220 0.32969040 0.24974968
v -0.23422384 0.33464903 0.24257363
v -0.24152000 0.33109003 0.24094273
v -0.24447541 0.32457185 0.24461229
v -0.24743083 0.31785372 0.24828185
v -0.25140214 0.31117561 0.25089133
v -0.25412667 0.30421755 0.25447935
v -0.26733366 0.28774217 0.25831199
v -0.26068398 0.29062137 0.26035064
v -0.27236709 0.29210094 0.25162524
v -0.28261864 0.28246364 0.25186986
v -0.29564092 0.26562837 0.25545788
v -0.29951990 0.26958725 0.24958660
v -0.30289090 0.26290914 0.25219607
v -0.30958676 0.25959006 0.24966814
v -0.32464087 0.23463705 0.25472397
v -0.33142906 0.23175786 0.25113595
v -0.32791951 0.22503975 0.25831199
v -0.34089559 0.20144635 0.26075840
v -0.33202937 0.21320307 0.26173693
v -0.33807874 0.22715916 0.24828185
v -0.34024912 0.22048102 0.25023896
v -0.33692428 0.19500816 0.26752669
v -0.34297362 0.19500816 0.26255238
v -0.34971565 0.18956968 0.25969827
v -0.35853571 0.17501378 0.25855666
v -0.36998791 0.17005517 0.24999432
v -0.37700701 0.16593632 0.24502002
v -0.37871557 0.15501937 0.24868958
v -0.38333341 0.15501937 0.24371527
v -0.38956749 0.14890109 0.23947491
v -0.38915187 0.12790698 0.24909733
v -0.38056272 0.09255688 0.27054393
v -0.39136845 0.11503059 0.25154370
v -0.39076811 0.14222297 0.24094273
v -0.39201492 0.13502498 0.24249209
v -0.39312321 0.12474786 0.24542774
v -0.39681745 0.11499059 0.24436764
v -0.39778721 0.10503338 0.24689557
v -0.03260960 0.09255688 -0.45260584
v -0.02462076 0.12498780 -0.45285046
v -0.02462076 0.36064175 0.28049254
v -0.02462076 0.36588025 0.27625215
v -0.02503636 0.36564034 0.27641523
v -0.03501087 0.37115878 0.27103317
v -0.04503155 0.37067893 0.27054393
v -0.04503155 0.37567753 0.26605886
v -0.06184043 0.38019627 0.26018757
v -0.06849010 0.37979639 0.25977987
v -0.06511909 0.37587747 0.26369405
v -0.07500124 0.37435788 0.26385713
v -0.08502191 0.37351811 0.26312321
v -0.09504260 0.37255839 0.26222622
v -0.10501710 0.37659726 0.25684416
v -0.11503778 0.38079607 0.25080979
v -0.11573045 0.37443787 0.25651801
v -0.13503297 0.37331820 0.25309306
v -0.14500746 0.37187859 0.25178832
v -0.14500746 0.36632013 0.25676262
v -0.15193421 0.37071890 0.25064671
v -0.15465872 0.36484057 0.25488710
v -0.15742941 0.35892221 0.25912750
v -0.16500264 0.35244402 0.26190001
v -0.16500264 0.35744262 0.25782275
v -0.17530039 0.35456344 0.25659955
v -0.19169366 0.34088728 0.26067686
v -0.18024147 0.36008191 0.25007588
v -0.18504401 0.34776536 0.25814891
v -0.19284813 0.35156429 0.25138062
v -0.20503919 0.34316665 0.25268537
v -0.21847706 0.33884785 0.24901576
v -0.20503919 0.34816524 0.24828185
v -0.21242771 0.35140434 0.24126892
v -0.21907738 0.34936491 0.23939334
v -0.22503437 0.34220690 0.24192126
v -0.23034488 0.34024745 0.24020882
v -0.24816968 0.32857072 0.23865943
v -0.25232571 0.32189259 0.24159507
v -0.25518876 0.31513450 0.24510156
v -0.25809801 0.30829641 0.24860804
v -0.26188463 0.30161828 0.25129908
v -0.26460913 0.29470024 0.25480556
v -0.27329063 0.30285794 0.24232902
v -0.27994031 0.29997873 0.23996417
v -0.27901673 0.28914177 0.24926041
v -0.29282403 0.27270639 0.25203300
v -0.28497374 0.29266080 0.24208437
v -0.29019189 0.29022148 0.24012725
v -0.30423006 0.27434593 0.24224745
v -0.30575395 0.26574832 0.24787413
v -0.31051031 0.27054700 0.24045344
v -0.31429693 0.26414877 0.24216591
v -0.32011539 0.26022989 0.24012725
v -0.31545138 0.25575113 0.24746640
v -0.32861218 0.23843600 0.24885269
v -0.33526185 0.23535685 0.24526466
v -0.34168065 0.23231772 0.24167664
v -0.34431279 0.22392006 0.24436764
v -0.34902298 0.20848438 0.24909733
v -0.35322520 0.19500816 0.25309306
v -0.35821244 0.19500816 0.24828185
v -0.35982868 0.18968967 0.24983124
v -0.36158347 0.18305153 0.25154370
v -0.36495447 0.17405404 0.25284845
v -0.37285095 0.17405404 0.24493848
v -0.37151179 0.18297154 0.24151354
v -0.37987006 0.16985522 0.23988263
v -0.38153246 0.16317709 0.24167664
v -0.39109135 0.16241731 0.23132031
v -0.38832068 0.15501937 0.23808862
v -0.39252287 0.15501937 0.23311432
v -0.39275378 0.10503338 0.25309306
v -0.38628882 0.09255688 0.26410180
v -0.39944965 0.09255688 0.24917887
v -0.39751014 0.15501937 0.22642754
v -0.40023464 0.16065779 0.22031160
v -0.39857224 0.12502779 0.23784398
v -0.40041935 0.11163154 0.24061655
v -0.41261041 0.09255688 0.23017864
v -0.03773539 0.09255688 -0.45749861
v -0.03944398 0.09775543 -0.46051580
v -0.02462076 0.13458510 -0.45472604
v -0.02462076 0.37155867 0.27144092
v -0.03501087 0.37615740 0.26646662
v -0.04503155 0.38111600 0.26100302
v -0.07500124 0.38439506 0.25439781
v -0.04503155 0.38611460 0.25611025
v -0.05500606 0.39051336 0.25056517
v -0.06179425 0.39015347 0.25015742
v -0.06844392 0.38979357 0.24974968
v -0.07500124 0.37935650 0.25937212
v -0.08502191 0.37851673 0.25863820
v -0.09504260 0.37755698 0.25774121
v -0.10501710 0.38187578 0.25186986
v -0.11503778 0.38579470 0.24567239
v -0.12030210 0.39003348 0.24004571
v -0.13503297 0.38323539 0.24330755
v -0.13503297 0.37831679 0.24828185
v -0.14500746 0.37687719 0.24689557
v -0.15207273 0.38079607 0.24077962
v -0.15863004 0.36943927 0.24942349
v -0.16500264 0.36316103 0.25284845
v -0.17502332 0.36116159 0.25105441
v -0.18416661 0.35492334 0.25260377
v -0.16500264 0.36815962 0.24820031
v -0.17502332 0.36616018 0.24624322
v -0.17502332 0.37131876 0.24126892
v -0.18051854 0.37019905 0.24020882
v -0.18370484 0.36428070 0.24428611
v -0.19330990 0.36180142 0.24167664
v -0.18689114 0.35824239 0.24836339
v -0.19995958 0.35996193 0.23996417
v -0.20503919 0.35852233 0.23849635
v -0.21570636 0.35540321 0.23539759
v -0.22503437 0.34720552 0.23727314
v -0.21898502 0.35936210 0.22936319
v -0.22503437 0.35228407 0.23229884
v -0.23704071 0.33772817 0.23784398
v -0.24489102 0.33488896 0.23490833
v -0.24826203 0.33868790 0.22871082
v -0.25260279 0.33200976 0.23197265
v -0.25925246 0.32933050 0.22936319
v -0.25578910 0.32561156 0.23556070
v -0.25897539 0.31905338 0.23914872
v -0.26622537 0.31609422 0.23604997
v -0.26973492 0.31977320 0.22977091
v -0.27499923 0.31245524 0.23229884
v -0.28017122 0.31017590 0.23009710
v -0.28682086 0.30717671 0.22732453
v -0.29051512 0.30049860 0.23042329
v -0.28497374 0.29761940 0.23784398
v -0.29370144 0.29378048 0.23384823
v -0.29684156 0.28706238 0.23727314
v -0.30067435 0.29070133 0.23058639
v -0.31074122 0.28078413 0.23066793
v -0.31397370 0.27398604 0.23401131
v -0.32066953 0.27078691 0.23066793
v -0.32962811 0.24959287 0.23963799
v -0.33244497 0.24291474 0.24216591
v -0.33974114 0.24975282 0.22968937
v -0.34930006 0.23907581 0.22928165
v -0.33909464 0.23895586 0.23914872
v -0.35156280 0.23239768 0.23156492
v -0.34833032 0.22739908 0.23825170
v -0.35040832 0.22072096 0.24037190
v -0.36121404 0.20200621 0.24118735
v -0.36827931 0.19500816 0.23825170
v -0.36975700 0.18960968 0.23971952
v -0.37552929 0.18609066 0.23556070
v -0.37959298 0.18924978 0.22952630
v -0.38952130 0.16909543 0.22936319
v -0.39492416 0.16485661 0.22487818
v -0.39584774 0.09255688 0.25333768
v -0.40189707 0.12502779 0.23286967
v -0.39986521 0.13958371 0.22977091
v -0.38998309 0.19996677 0.20995526
v -0.39968050 0.17937255 0.20954750
v -0.40120441 0.17269441 0.21158616
v -0.41016299 0.17045505 0.20025127
v -0.40780789 0.16501658 0.20669340
v -0.41108656 0.16501658 0.20171909
v -0.42997345 0.14994080 0.17994632
v -0.43980941 0.13942374 0.16967152
v -0.44077915 0.13274562 0.17113937
v -0.41801327 0.09255688 0.22235022
v -0.04189143 0.09255688 -0.46141279
v -0.02462076 0.15501937 -0.45864022
v -0.04461594 0.09255688 -0.46377760
v -0.05098854 0.09255688 -0.46924120
v -0.02462076 0.18453111 -0.46418536
v -0.02462076 0.38195577 0.26181847
v -0.02503636 0.37655729 0.26679277
v -0.03501087 0.38155589 0.26141077
v -0.07500124 0.38939369 0.24934195
v -0.08502191 0.38867387 0.24860804
v -0.08502191 0.38367528 0.25358236
v -0.03501087 0.38655448 0.25651801
v -0.04503155 0.39099324 0.25105441
v -0.04503155 0.39599183 0.24567239
v -0.05278949 0.40023065 0.24029036
v -0.06507291 0.39383245 0.24583547
v -0.07500124 0.39407235 0.24436764
v -0.09504260 0.38279551 0.25276691
v -0.10501710 0.38687438 0.24673249
v -0.11503778 0.39063334 0.24061655
v -0.11494543 0.39627177 0.23417442
v -0.11827025 0.39959082 0.22952630
v -0.12418108 0.39307263 0.23547913
v -0.12695177 0.38923371 0.23914872
v -0.14500746 0.38187578 0.24192126
v -0.13503297 0.38823402 0.23800705
v -0.14500746 0.38687438 0.23653923
v -0.15110299 0.39039341 0.23050483
v -0.15493578 0.38495493 0.23498987
v -0.15876858 0.37947646 0.23947491
v -0.16500264 0.37827680 0.23808862
v -0.17973351 0.37987635 0.22985245
v -0.18504401 0.37863669 0.22846620
v -0.18430516 0.37303826 0.23507141
v -0.18716821 0.36847955 0.23841481
v -0.19649622 0.36580029 0.23588686
v -0.21538311 0.36520046 0.22520433
v -0.21847706 0.36911935 0.21892531
v -0.22503437 0.36208135 0.22226869
v -0.22503437 0.35728267 0.22724299
v -0.19298667 0.37163866 0.23180957
v -0.23048341 0.35032463 0.23026021
v -0.24161236 0.34116721 0.23115720
v -0.23043722 0.36028183 0.22031160
v -0.23713307 0.34784532 0.22781383
v -0.25269514 0.34196699 0.22202404
v -0.25939098 0.33948767 0.21941458
v -0.27499923 0.32261240 0.22251333
v -0.29065368 0.31061575 0.22063778
v -0.29721099 0.29733947 0.22740610
v -0.30072051 0.30073854 0.22071932
v -0.31739086 0.27742505 0.22748764
v -0.32076189 0.28082412 0.22080086
v -0.33055168 0.27066696 0.22055621
v -0.34232712 0.25503135 0.22235022
v -0.34611374 0.24635378 0.22618289
v -0.34962329 0.24963285 0.21957768
v -0.35234782 0.24295473 0.22259487
v -0.35899746 0.23855597 0.21884377
v -0.35530323 0.23547682 0.22528590
v -0.35821244 0.22723913 0.22805844
v -0.36033666 0.22056100 0.23034175
v -0.37118852 0.20196623 0.23123874
v -0.37308186 0.19500816 0.23319586
v -0.37806910 0.19500816 0.22781383
v -0.38070124 0.20128641 0.22088240
v -0.38808978 0.17501378 0.22756918
v -0.38864392 0.20500536 0.20816125
v -0.39067575 0.21116364 0.20098518
v -0.39224583 0.20500536 0.20318694
v -0.39968050 0.20936415 0.18948720
v -0.39894167 0.19776739 0.19845726
v -0.40046555 0.19112925 0.20074056
v -0.40494484 0.17489380 0.20489939
v -0.41210246 0.17429397 0.19478770
v -0.42106104 0.17253447 0.18182190
v -0.41907537 0.16685607 0.18850864
v -0.42918843 0.15501937 0.17856003
v -0.42780307 0.16541646 0.17480893
v -0.43080467 0.16233732 0.17138399
v -0.42960402 0.16901545 0.16926380
v -0.43283650 0.16541646 0.16559424
v -0.43883967 0.14502218 0.16779597
v -0.44147182 0.14502218 0.16282167
v -0.44844475 0.13582475 0.15515634
v -0.44932213 0.12750709 0.15858129
v -0.44705939 0.12450793 0.16420795
v -0.44812149 0.11503059 0.16673587
v -0.44184124 0.12502779 0.17277028
v -0.43653077 0.09255688 0.19437997
v -0.02462076 0.18497097 -0.46426690
v -0.05597579 0.09255688 -0.47291076
v -0.05569872 0.09503619 -0.47315544
v -0.02462076 0.38695437 0.25684416
v -0.08502191 0.39335257 0.24355219
v -0.09504260 0.39251280 0.24265517
v -0.10501710 0.39163303 0.24175818
v -0.02462076 0.38711432 0.25668108
v -0.02503636 0.39171302 0.25186986
v -0.03501087 0.39139313 0.25146216
v -0.03501087 0.39639172 0.24608012
v -0.04503155 0.40059054 0.24069808
v -0.04503155 0.40530920 0.23498987
v -0.06502673 0.40374964 0.23458214
v -0.06502673 0.39963081 0.23955645
v -0.07500124 0.39907098 0.23890407
v -0.10501710 0.39663166 0.23604997
v -0.11157441 0.40031061 0.23034175
v -0.13503297 0.39255279 0.23303275
v -0.11494543 0.40342975 0.22569363
v -0.12501228 0.40286991 0.22349189
v -0.12501228 0.39879104 0.22846620
v -0.14500746 0.39127314 0.23148338
v -0.14551543 0.39687157 0.22447042
v -0.14916351 0.39975077 0.21965922
v -0.15502813 0.39875105 0.21835448
v -0.17174467 0.39063334 0.22071932
v -0.17839435 0.38935369 0.21916993
v -0.18504401 0.38803405 0.21762057
v -0.18504401 0.38303545 0.22349189
v -0.19247870 0.38131595 0.22145323
v -0.20503919 0.36827961 0.22814001
v -0.19917455 0.37951645 0.21941458
v -0.21182740 0.37095883 0.22104551
v -0.20503919 0.38199574 0.21240161
v -0.21076529 0.38039619 0.21044452
v -0.21741496 0.37851673 0.20816125
v -0.22221750 0.38119596 0.20155601
v -0.22323342 0.37187859 0.21223854
v -0.22988309 0.36991912 0.20987369
v -0.22595793 0.36759979 0.21533729
v -0.23713307 0.35780254 0.21753903
v -0.24826203 0.34864509 0.21851759
v -0.23427002 0.36260119 0.21452181
v -0.25583526 0.34556597 0.21566348
v -0.25892922 0.34916496 0.20905824
v -0.26617920 0.34596586 0.20604105
v -0.26968873 0.33972761 0.20971061
v -0.27499923 0.32761100 0.21745749
v -0.28026357 0.32025307 0.22023003
v -0.28695941 0.31729388 0.21713130
v -0.29046896 0.32041302 0.21044452
v -0.30067435 0.31069574 0.21068917
v -0.29734951 0.30737668 0.21737592
v -0.30390683 0.31389484 0.20375775
v -0.31037179 0.31041580 0.20041437
v -0.33045933 0.28050420 0.21052606
v -0.32745773 0.27730510 0.21721284
v -0.33383033 0.27374610 0.21362482
v -0.34006441 0.27014711 0.21011834
v -0.34971565 0.25971001 0.20962907
v -0.35932073 0.24919298 0.20922135
v -0.34011057 0.26014990 0.22006695
v -0.35585737 0.24607386 0.21590810
v -0.36837167 0.22503975 0.21802829
v -0.36116785 0.23191783 0.22137170
v -0.36176819 0.24255484 0.21215700
v -0.36846402 0.23763621 0.20799814
v -0.36481595 0.23475702 0.21476646
v -0.36911052 0.20864435 0.22903700
v -0.37497514 0.20496538 0.22495972
v -0.37871557 0.20796454 0.21843602
v -0.38153246 0.21244328 0.21183081
v -0.38333341 0.20476544 0.21509264
v -0.37095764 0.24155512 0.20131136
v -0.39099902 0.22156072 0.19136275
v -0.37940827 0.21912140 0.20922135
v -0.39834136 0.21592230 0.18565454
v -0.39986521 0.21984121 0.17978324
v -0.40171236 0.21316308 0.18280043
v -0.40863910 0.21736190 0.16763289
v -0.41030151 0.21072376 0.17048700
v -0.40873146 0.20500536 0.17782612
v -0.40993208 0.19988680 0.17986478
v -0.40831584 0.19592792 0.18540992
v -0.40937793 0.18868995 0.18899794
v -0.40120441 0.20268601 0.19177051
v -0.41090184 0.18201181 0.19128121
v -0.41773623 0.17553362 0.18508373
v -0.41958335 0.17921260 0.17929395
v -0.42124575 0.18501097 0.17203636
v -0.42336994 0.17553362 0.17554285
v -0.42840338 0.17501378 0.16706206
v -0.43108171 0.17501378 0.16208775
v -0.43468362 0.17501378 0.15499327
v -0.43814701 0.16545644 0.15499327
v -0.43920910 0.15781859 0.15833664
v -0.44539699 0.14502218 0.15499327
v -0.44987628 0.13966368 0.14977431
v -0.45089221 0.13302554 0.15189451
v -0.45297021 0.13582475 0.14586011
v -0.45019954 0.12082896 0.16037530
v -0.46022022 0.12078898 0.14039654
v -0.46714693 0.09255688 0.14267981
v -0.46529981 0.09503619 0.14496310
v -0.45001483 0.10011476 0.16999771
v -0.45892721 0.09255688 0.15801045
v -0.45615652 0.09255688 0.16290322
v -0.44784445 0.09255688 0.17660294
v -0.44202596 0.09411645 0.18516527
v -0.44124094 0.09255688 0.18704082
v -0.02462076 0.19464827 -0.46532702
v -0.06257929 0.09503619 -0.47812974
v -0.06761271 0.09503619 -0.48147309
v -0.06119394 0.09255688 -0.47674346
v -0.08502191 0.39835116 0.23808862
v -0.09504260 0.39751139 0.23711006
v -0.02462076 0.39171302 0.25186986
v -0.02503636 0.39671162 0.24640630
v -0.03501087 0.40095043 0.24110581
v -0.03879748 0.40994793 0.22993402
v -0.04503155 0.40970799 0.22960784
v -0.05500606 0.40922812 0.22903700
v -0.06502673 0.40874827 0.22838463
v -0.07500124 0.40322980 0.23392977
v -0.10501710 0.40087044 0.23107566
v -0.10820340 0.40966800 0.21957768
v -0.13503297 0.39755139 0.22691680
v -0.11503778 0.40902817 0.21868066
v -0.12501228 0.40786850 0.21713130
v -0.13503297 0.40155026 0.22194250
v -0.13558710 0.40714869 0.21452181
v -0.13928136 0.40978795 0.20971061
v -0.14500746 0.40902817 0.20865051
v -0.15502813 0.41126755 0.20180066
v -0.15502813 0.40758857 0.20677496
v -0.15502813 0.40254998 0.21338017
v -0.16315553 0.40115038 0.21150462
v -0.16592622 0.39747143 0.21484800
v -0.18504401 0.39203292 0.21264626
v -0.19146279 0.39071330 0.21093379
v -0.19811246 0.38891381 0.20865051
v -0.20965701 0.38979357 0.19968046
v -0.22891334 0.37931651 0.19910963
v -0.22605029 0.37559754 0.20571487
v -0.24410599 0.36432070 0.20424704
v -0.24775407 0.35832238 0.20807968
v -0.23500888 0.37223849 0.20269765
v -0.24050409 0.37031901 0.20033284
v -0.25163305 0.36120158 0.20139293
v -0.26266965 0.35204414 0.20237146
v -0.26931933 0.34944487 0.19927274
v -0.28405017 0.33196977 0.20408393
v -0.27305976 0.34276676 0.20302384
v -0.30044347 0.32041302 0.20049591
v -0.30778581 0.31777376 0.19495077
v -0.30995616 0.31993315 0.18989493
v -0.33969498 0.28974161 0.18965031
v -0.33018225 0.29022148 0.20016973
v -0.33780167 0.27758503 0.20498095
v -0.33992586 0.27998435 0.19992508
v -0.35253251 0.26290914 0.20302384
v -0.36204523 0.25243208 0.20253457
v -0.36869490 0.24819326 0.19829418
v -0.37206593 0.21332303 0.22235022
v -0.37058821 0.23095809 0.21068917
v -0.37118852 0.25159231 0.19168894
v -0.37442100 0.24411440 0.19413532
v -0.38000858 0.24003555 0.18997647
v -0.38882864 0.22823885 0.18826403
v -0.39316940 0.22495976 0.18492062
v -0.39104518 0.23167789 0.18157725
v -0.38005477 0.25015271 0.18010943
v -0.38887483 0.23835602 0.17823388
v -0.39843369 0.22587952 0.17586903
v -0.39981905 0.22975843 0.16967152
v -0.40194327 0.22308031 0.17309646
v -0.41053241 0.22092091 0.16102766
v -0.41173303 0.21444273 0.16461569
v -0.41852123 0.19684765 0.16722515
v -0.42004514 0.19016951 0.17007928
v -0.41829035 0.18501097 0.17709221
v -0.41316456 0.18521091 0.18540992
v -0.43006581 0.18017232 0.16013065
v -0.44004029 0.18021232 0.14015189
v -0.44101006 0.17501378 0.14210899
v -0.44082534 0.16241731 0.15173142
v -0.44719794 0.15457951 0.14439228
v -0.45135397 0.14502218 0.14284290
v -0.45920429 0.12746710 0.13795015
v -0.46409917 0.11503059 0.13493295
v -0.46751636 0.10439357 0.13428058
v -0.46899408 0.09503619 0.13746087
v -0.46931732 0.09255688 0.13827634
v -0.46599248 0.09255688 0.14488156
v -0.45227754 0.09255688 0.16942690
v -0.45066130 0.09503619 0.17105781
v -0.45098454 0.09255688 0.17154710
v -0.02462076 0.20500536 -0.46597940
v -0.06678151 0.10503338 -0.48179930
v -0.06290253 0.09255688 -0.47796661
v -0.06668915 0.09255688 -0.48049456
v -0.06793596 0.09255688 -0.48131001
v -0.07500124 0.09255688 -0.48497957
v -0.07500124 0.09503619 -0.48530579
v -0.08502191 0.40250999 0.23311432
v -0.02462076 0.39671162 0.24640630
v -0.02462076 0.40139031 0.24118735
v -0.02462076 0.40622896 0.23523451
v -0.02462076 0.41038778 0.23009710
v -0.02503636 0.41438666 0.22495972
v -0.03528793 0.41318700 0.22593825
v -0.03501087 0.41894540 0.21843602
v -0.04503155 0.41362688 0.22463353
v -0.05500606 0.41318700 0.22406270
v -0.06502673 0.41270715 0.22341032
v -0.07500124 0.40822840 0.22773229
v -0.09504260 0.40670884 0.22593825
v -0.10150754 0.41022784 0.22023003
v -0.10492474 0.41294706 0.21574502
v -0.11503778 0.41262716 0.21370636
v -0.12501228 0.41154748 0.21215700
v -0.13258551 0.41062772 0.21085225
v -0.12524317 0.41706592 0.20441012
v -0.13558710 0.41350693 0.20579641
v -0.14500746 0.41266716 0.20367621
v -0.14500746 0.41766575 0.19633706
v -0.15442783 0.41658604 0.19413532
v -0.16103131 0.41034782 0.20041437
v -0.16985136 0.39991072 0.20987369
v -0.16541825 0.40514925 0.20514403
v -0.18998508 0.39995071 0.19992508
v -0.19501850 0.39871106 0.19821264
v -0.20300734 0.39163303 0.20196374
v -0.20545480 0.39523202 0.19535853
v -0.23154551 0.39083326 0.18116952
v -0.22725093 0.38843393 0.18785630
v -0.22475730 0.38483495 0.19478770
v -0.23824134 0.38887382 0.17823388
v -0.23283850 0.38179582 0.19242285
v -0.23953435 0.37963641 0.18948720
v -0.23574772 0.37759697 0.19544007
v -0.25832888 0.35872227 0.19829418
v -0.24429071 0.37227848 0.19437997
v -0.26553270 0.35540321 0.19544007
v -0.26834956 0.35872227 0.18834557
v -0.27241325 0.35208413 0.19266750
v -0.27910909 0.34916496 0.18899794
v -0.27610752 0.34596586 0.19617398
v -0.27975559 0.33976758 0.19968046
v -0.28566641 0.33764818 0.19584779
v -0.28945303 0.33948767 0.18932413
v -0.29975078 0.32977039 0.18973185
v -0.30626193 0.32621139 0.18647002
v -0.30926350 0.32929051 0.17904933
v -0.31933036 0.31929332 0.17913087
v -0.31623641 0.31629416 0.18655156
v -0.32925868 0.30921614 0.17904933
v -0.33918703 0.29917896 0.17888622
v -0.34232712 0.29254082 0.18296354
v -0.34583667 0.28594267 0.18606229
v -0.34934622 0.27930453 0.18916102
v -0.34269655 0.28306347 0.19323833
v -0.35225546 0.27262640 0.19283061
v -0.35918218 0.25911021 0.19894655
v -0.36527771 0.25535125 0.19527696
v -0.37783819 0.24671367 0.18679620
v -0.36851019 0.25827044 0.18793784
v -0.37095764 0.26114962 0.18133260
v -0.37991622 0.25994995 0.16991617
v -0.38167101 0.25259203 0.17497201
v -0.39099902 0.24159510 0.17154710
v -0.40517575 0.22535965 0.16534960
v -0.38882864 0.24823324 0.16804062
v -0.39076811 0.25127238 0.16135384
v -0.43122026 0.18413121 0.15417780
v -0.42027602 0.20064658 0.16053839
v -0.39958817 0.23943572 0.15923364
v -0.40840822 0.22759902 0.15695037
v -0.41016299 0.23031828 0.15034513
v -0.41154832 0.23243767 0.14496310
v -0.41852123 0.22743908 0.13672696
v -0.41648942 0.22447991 0.14447382
v -0.42036837 0.22076094 0.14080426
v -0.43025053 0.20060660 0.14055961
v -0.43140498 0.19428837 0.14431074
v -0.43629986 0.18413121 0.14406610
v -0.45047659 0.16133760 0.13118184
v -0.44779825 0.16481663 0.13468830
v -0.44909126 0.15761864 0.13778706
v -0.45029187 0.15094052 0.14064117
v -0.43856260 0.18689045 0.13664541
v -0.43999413 0.19004956 0.13004018
v -0.44424254 0.18501097 0.12498434
v -0.44941449 0.17841282 0.11837912
v -0.44807532 0.17505376 0.12490280
v -0.45477116 0.14502218 0.13493295
v -0.45814216 0.13510495 0.13476986
v -0.45952755 0.13846402 0.12873545
v -0.46917880 0.10731275 0.12783845
v -0.47014853 0.10063462 0.13044792
v -0.47088736 0.09503619 0.13240503
v -0.47365808 0.09503619 0.12498434
v -0.47421223 0.09255688 0.12498434
v -0.02462076 0.21464267 -0.46630555
v -0.07500124 0.10503338 -0.48603970
v -0.08091205 0.09255688 -0.48758906
v -0.08779261 0.09503619 -0.49093246
v -0.08677669 0.10503338 -0.49142170
v -0.08502191 0.40750861 0.22691680
v -0.02462076 0.41438666 0.22495972
v -0.02503636 0.41914535 0.21876220
v -0.04503155 0.42206451 0.21305399
v -0.04503155 0.41862547 0.21802829
v -0.02503636 0.43106198 0.20155601
v -0.03501087 0.43078208 0.20114829
v -0.05500606 0.41818559 0.21737592
v -0.07500124 0.41218728 0.22275798
v -0.08502191 0.41150749 0.22194250
v -0.08520663 0.41710591 0.21419565
v -0.09504260 0.41930529 0.20897670
v -0.10501710 0.41850552 0.20783506
v -0.11503778 0.42114478 0.20163755
v -0.12205687 0.42046496 0.20065899
v -0.13503297 0.41890541 0.19829418
v -0.14500746 0.42086485 0.19136275
v -0.15068740 0.42014506 0.19022112
v -0.15738323 0.41922531 0.18883483
v -0.16500264 0.41794568 0.18687774
v -0.16463321 0.41254717 0.19519542
v -0.16768098 0.40910816 0.19870190
v -0.18693732 0.40882823 0.18826403
v -0.19275577 0.41102761 0.18157725
v -0.19940545 0.40970799 0.17953859
v -0.20129874 0.40067053 0.19095503
v -0.20794842 0.39883104 0.18834557
v -0.20476212 0.40294987 0.18500219
v -0.21219683 0.40119037 0.18165879
v -0.21889266 0.39935088 0.17888622
v -0.23496270 0.39279273 0.17497201
v -0.24960120 0.37967640 0.17945705
v -0.24295153 0.38219571 0.18288200
v -0.24142765 0.39095324 0.17162864
v -0.24553752 0.38535482 0.17554285
v -0.25070947 0.37047899 0.19062884
v -0.26169991 0.36128157 0.19168894
v -0.25735915 0.36795968 0.18728547
v -0.27153587 0.36124158 0.18165879
v -0.27532250 0.35528323 0.18532835
v -0.28197217 0.35180423 0.18231116
v -0.29601035 0.33592868 0.18622537
v -0.30256766 0.33236966 0.18304507
v -0.28862181 0.34876508 0.17823388
v -0.30543071 0.33536881 0.17554285
v -0.31180331 0.33172983 0.17236255
v -0.31849915 0.32853073 0.16795906
v -0.31558993 0.32557157 0.17570592
v -0.32182398 0.32185262 0.17244409
v -0.33849433 0.30845636 0.16787753
v -0.34177297 0.30177823 0.17228101
v -0.34537488 0.29542002 0.17546131
v -0.35142425 0.29166108 0.17195483
v -0.34897679 0.28886187 0.17856003
v -0.35890514 0.26882747 0.18859021
v -0.36181435 0.26214933 0.19225977
v -0.37280476 0.26470864 0.17431967
v -0.35807392 0.28778216 0.16714361
v -0.36029047 0.29038143 0.16045684
v -0.37779203 0.26550841 0.16592042
v -0.37926972 0.26918736 0.15874438
v -0.38194805 0.26250926 0.16322941
v -0.38859773 0.25791055 0.15735810
v -0.39219964 0.25475141 0.15442243
v -0.40088117 0.25143236 0.14178281
v -0.40831584 0.23743626 0.14496310
v -0.40970120 0.23959567 0.13933644
v -0.41487318 0.23483700 0.13468830
v -0.41999894 0.23007834 0.13004018
v -0.42129195 0.22447991 0.13403594
v -0.43117410 0.21236330 0.12498434
v -0.43006581 0.21024390 0.13020328
v -0.43126643 0.20436555 0.13411748
v -0.42863429 0.20728472 0.13689005
v -0.43634605 0.19404843 0.13395439
v -0.45523295 0.15501937 0.12498434
v -0.44110242 0.19224894 0.12498434
v -0.44812149 0.18501097 0.11495419
v -0.45966607 0.14910103 0.11903149
v -0.45061511 0.17177469 0.12147786
v -0.45056894 0.18165192 0.11169234
v -0.45541766 0.16501658 0.11495419
v -0.46082053 0.15242010 0.11242625
v -0.45851159 0.14546205 0.12522897
v -0.46082053 0.14242291 0.12213023
v -0.46188262 0.13510495 0.12522897
v -0.47047177 0.11159155 0.12115167
v -0.47125679 0.10439357 0.12465815
v -0.47467399 0.10503338 0.11495419
v -0.47776794 0.09411645 0.11405718
v -0.47795266 0.09255688 0.11446491
v -0.02462076 0.21500257 -0.46630555
v -0.08146618 0.11503059 -0.48930150
v -0.08645344 0.11503059 -0.49142170
v -0.08816203 0.09255688 -0.49076933
v -0.09481171 0.09255688 -0.49297106
v -0.09504260 0.09503619 -0.49329728
v -0.09504260 0.10503338 -0.49403119
v -0.02462076 0.41914535 0.21876220
v -0.02462076 0.41926530 0.21859913
v -0.02462076 0.42774293 0.20636724
v -0.05500606 0.42162466 0.21240161
v -0.04503155 0.43042219 0.20065899
v -0.02462076 0.43106198 0.20155601
v -0.02462076 0.43122196 0.20131136
v -0.02503636 0.43530083 0.19495077
v -0.02503636 0.43921971 0.18875329
v -0.07500124 0.41718590 0.21598966
v -0.08197415 0.42026502 0.21036299
v -0.08520663 0.42290428 0.20579641
v -0.10501710 0.42190456 0.20286076
v -0.11503778 0.42538357 0.19495077
v -0.12501228 0.42826277 0.18720393
v -0.12524317 0.42290428 0.19568472
v -0.14500746 0.42486376 0.18492062
v -0.15442783 0.42230445 0.18524681
v -0.16001540 0.42998230 0.16991617
v -0.16500264 0.42118478 0.18182190
v -0.17054403 0.42018503 0.18027250
v -0.17502332 0.41106761 0.19160740
v -0.17723988 0.41894540 0.17823388
v -0.19566500 0.41342694 0.17570592
v -0.19501850 0.41850552 0.16746980
v -0.20074461 0.42030501 0.16053839
v -0.20319206 0.41170743 0.17285182
v -0.20591658 0.40850830 0.17570592
v -0.20988791 0.40990794 0.16983463
v -0.22018565 0.41006789 0.16013065
v -0.23934963 0.39959082 0.15923364
v -0.26059163 0.37043899 0.18059869
v -0.25551203 0.37767696 0.17570592
v -0.26724130 0.36787972 0.17684759
v -0.24484484 0.39275274 0.16461569
v -0.25094038 0.39067331 0.16102766
v -0.24807732 0.38851392 0.16771443
v -0.24535280 0.39771134 0.15556408
v -0.25251043 0.38183579 0.17285182
v -0.27015051 0.37011909 0.17016082
v -0.27416804 0.36436069 0.17399348
v -0.28095624 0.36084169 0.17122091
v -0.27823171 0.35848233 0.17782612
v -0.29125398 0.35116440 0.17162864
v -0.30824757 0.33840796 0.16763289
v -0.31462017 0.33464903 0.16445260
v -0.32090041 0.33089009 0.16127230
v -0.33087492 0.32089287 0.16127230
v -0.34842265 0.29829922 0.16779597
v -0.34084943 0.31085569 0.16119075
v -0.34463605 0.30461743 0.16453414
v -0.35442585 0.29438031 0.16412641
v -0.35077775 0.30081850 0.16110921
v -0.35761213 0.29721951 0.15499327
v -0.36190671 0.29226092 0.15499327
v -0.36975700 0.27978441 0.15964139
v -0.37169650 0.28206375 0.15295461
v -0.38273311 0.27486578 0.14422919
v -0.38975221 0.26970723 0.13949952
v -0.39035252 0.26054978 0.15067132
v -0.39871079 0.25811046 0.13713469
v -0.39695600 0.25487140 0.14504465
v -0.39183021 0.26270920 0.14496310
v -0.40780789 0.24515411 0.13558532
v -0.41787475 0.23679645 0.12498434
v -0.42106104 0.23179784 0.12498434
v -0.42475531 0.22503975 0.12498434
v -0.42978874 0.21960127 0.11935766
v -0.43976325 0.19964686 0.11943921
v -0.43482217 0.20500536 0.12498434
v -0.43865496 0.19724753 0.12498434
v -0.44308805 0.19580793 0.11568810
v -0.44932213 0.18833004 0.10802278
v -0.46220589 0.14546205 0.11544345
v -0.45158488 0.18501097 0.10476093
v -0.46562308 0.15501937 0.09497541
v -0.46211350 0.15545925 0.10533176
v -0.45961988 0.15905824 0.10891978
v -0.46585393 0.14502218 0.10492402
v -0.46571541 0.13502498 0.11495419
v -0.46945584 0.11826968 0.11854221
v -0.47167242 0.11499059 0.11511728
v -0.47065648 0.12222856 0.11185543
v -0.47813737 0.10463350 0.10459784
v -0.47929183 0.09683569 0.10761504
v -0.47864532 0.09255688 0.11250781
v -0.02462076 0.22503975 -0.46565318
v -0.08705376 0.12502779 -0.49101400
v -0.09504260 0.11503059 -0.49394965
v -0.10501710 0.09255688 -0.49541748
v -0.10501710 0.09503619 -0.49558055
v -0.10501710 0.10503338 -0.49606985
v -0.10501710 0.11503059 -0.49606985
v -0.06502673 0.42566353 0.20498095
v -0.07500124 0.42470378 0.20498095
v -0.06502673 0.42114478 0.21166770
v -0.05168122 0.43014225 0.20016973
v -0.03501087 0.43885982 0.18818246
v -0.04503155 0.43394119 0.19495077
v -0.02462076 0.43546075 0.19470616
v -0.02462076 0.43921971 0.18875329
v -0.02462076 0.44221887 0.18369745
v -0.03501087 0.44185898 0.18312661
v -0.07500124 0.42066491 0.21093379
v -0.08502191 0.42842275 0.19739716
v -0.10497092 0.42738301 0.19421686
v -0.11503778 0.42922252 0.18875329
v -0.11503778 0.43226165 0.18377899
v -0.12501228 0.43134192 0.18214808
v -0.13221608 0.43050215 0.18076180
v -0.13891193 0.42970237 0.17945705
v -0.14500746 0.42898259 0.17823388
v -0.15599789 0.42818281 0.17480893
v -0.16500264 0.43182176 0.16339250
v -0.17188320 0.43066210 0.16119075
v -0.16500264 0.42906255 0.16836680
v -0.16500264 0.42526364 0.17497201
v -0.15336573 0.43078208 0.17138399
v -0.15599789 0.43306142 0.16592042
v -0.15502813 0.43825996 0.15654263
v -0.16047718 0.44009948 0.15026359
v -0.18245801 0.42086485 0.17154710
v -0.18545961 0.41778570 0.17489047
v -0.19501850 0.42138469 0.16249549
v -0.17853287 0.42942244 0.15890746
v -0.19501850 0.42538357 0.15499327
v -0.19501850 0.42898259 0.14798030
v -0.20097551 0.43038219 0.14072271
v -0.20462358 0.42690316 0.14439228
v -0.20443887 0.42170462 0.15450399
v -0.20739427 0.41862547 0.15752119
v -0.21501368 0.41150749 0.16249549
v -0.21085764 0.42046496 0.15083441
v -0.21755350 0.41858548 0.14732793
v -0.23002163 0.40998790 0.15001896
v -0.24225886 0.40139031 0.15262842
v -0.23731779 0.40838835 0.14496310
v -0.25916010 0.37931651 0.16893761
v -0.24895471 0.39923093 0.14863268
v -0.25154069 0.40111041 0.14202745
v -0.25495788 0.39675161 0.14520775
v -0.25454226 0.39199296 0.15401471
v -0.27966323 0.36971921 0.15947829
v -0.25505024 0.38499492 0.16502342
v -0.27236709 0.37179860 0.16494186
v -0.27735433 0.36791968 0.16494186
v -0.28455815 0.36244124 0.16412641
v -0.29014570 0.36012188 0.16021220
v -0.28760591 0.35780254 0.16689897
v -0.29794982 0.34812525 0.16722515
v -0.31074122 0.34068733 0.16102766
v -0.31780648 0.33792812 0.15499327
v -0.32297844 0.33292949 0.15499327
v -0.32796568 0.32797089 0.15499327
v -0.34283510 0.31289512 0.15499327
v -0.34782234 0.30777657 0.15499327
v -0.34957713 0.30957606 0.14928503
v -0.35262489 0.30277795 0.15499327
v -0.35936689 0.29929894 0.14895886
v -0.37455955 0.28454307 0.14422919
v -0.38023949 0.28034425 0.14047807
v -0.39127606 0.27162668 0.13281275
v -0.39940345 0.26918736 0.11854221
v -0.39801812 0.26714796 0.12498434
v -0.38712004 0.27498576 0.13566686
v -0.39007545 0.28014430 0.12017313
v -0.40018848 0.26034984 0.13044792
v -0.40208179 0.25487140 0.13428058
v -0.41261041 0.24515411 0.12465815
v -0.41930628 0.23899584 0.11821602
v -0.42281580 0.23539685 0.11495419
v -0.42932695 0.22871873 0.10802278
v -0.42831105 0.22523969 0.11560655
v -0.43098938 0.22204059 0.11275244
v -0.43837789 0.20524529 0.11568810
v -0.44101006 0.20208618 0.11275244
v -0.43934762 0.20876431 0.10810432
v -0.44752118 0.19460827 0.10476093
v -0.45043039 0.19096929 0.10133600
v -0.45467883 0.18501097 0.09497541
v -0.46880937 0.13546486 0.10533176
v -0.46054345 0.17161472 0.09179513
v -0.46968675 0.14906105 0.08861484
v -0.46880937 0.14546205 0.09538315
v -0.46968675 0.13906385 0.09905271
v -0.46857846 0.12534769 0.11511728
v -0.46964055 0.12890670 0.10891978
v -0.47499725 0.11503059 0.10492402
v -0.48026156 0.10103451 0.10092828
v -0.47508961 0.12502779 0.09497541
v -0.48030776 0.11111169 0.09106120
v -0.48335552 0.09503619 0.09497541
v -0.48076952 0.09411645 0.10459784
v -0.48049247 0.09255688 0.10671803
v -0.47975361 0.09255688 0.10916442
v -0.02462076 0.23463705 -0.46426690
v -0.09504260 0.12502779 -0.49329728
v -0.10501710 0.13502498 -0.49460202
v -0.10501710 0.12502779 -0.49566209
v -0.11259033 0.09255688 -0.49672222
v -0.11503778 0.09503619 -0.49729306
v -0.11503778 0.10503338 -0.49770075
v -0.11503778 0.11503059 -0.49761921
v -0.06502673 0.42950243 0.19919117
v -0.07500124 0.42902255 0.19837572
v -0.06502673 0.43254158 0.19421686
v -0.04503155 0.44145909 0.18247424
v -0.04503155 0.43849993 0.18744855
v -0.02462076 0.44437826 0.17978324
v -0.03501087 0.44633770 0.17497201
v -0.07500124 0.43202174 0.19340141
v -0.07814136 0.43977955 0.17962013
v -0.08502191 0.43933970 0.17880468
v -0.10829575 0.42974237 0.18956874
v -0.09504260 0.43865985 0.17749994
v -0.10501710 0.43798006 0.17619522
v -0.11489925 0.43766016 0.17415656
v -0.11817791 0.43973958 0.16950844
v -0.12501228 0.43542078 0.17497201
v -0.13535620 0.43266153 0.17570592
v -0.16426378 0.43690038 0.15409625
v -0.16712683 0.43905973 0.14814340
v -0.17511567 0.43254158 0.15531944
v -0.17216027 0.44077927 0.14153817
v -0.13503297 0.43794006 0.16608351
v -0.14403772 0.43694034 0.16396332
v -0.13503297 0.44057932 0.16110921
v -0.13503297 0.44361848 0.15499327
v -0.13591035 0.44841713 0.14488156
v -0.15502813 0.44397837 0.14496310
v -0.15567464 0.44849712 0.13485140
v -0.16500264 0.44601780 0.13493295
v -0.16426378 0.44157904 0.14488156
v -0.18324305 0.43118197 0.15222070
v -0.18989272 0.42994231 0.14985587
v -0.18596756 0.43342131 0.14594166
v -0.19501850 0.43150187 0.14300600
v -0.20462358 0.43154186 0.13460676
v -0.20767134 0.42894259 0.13770550
v -0.17880994 0.43953961 0.13892870
v -0.17105199 0.45037657 0.12090704
v -0.21455191 0.42186457 0.14439228
v -0.22064744 0.42034501 0.14064117
v -0.23233053 0.41130754 0.14496310
v -0.23971906 0.40978795 0.13958107
v -0.24535280 0.40338975 0.14520775
v -0.25823653 0.39859110 0.13721624
v -0.28026357 0.38019627 0.14031498
v -0.24544516 0.40818840 0.13574840
v -0.24909323 0.40942806 0.12881699
v -0.25495788 0.40250999 0.13436213
v -0.27112028 0.38083607 0.15148678
v -0.26008368 0.39003348 0.15010050
v -0.28201833 0.37163866 0.15287307
v -0.29097691 0.37087888 0.14145662
v -0.28866801 0.36883944 0.14814340
v -0.28520462 0.36723989 0.15572718
v -0.29190049 0.36176142 0.15499327
v -0.29693392 0.35716271 0.15499327
v -0.31281924 0.34256679 0.15499327
v -0.31965360 0.33968762 0.14944813
v -0.32574913 0.33572870 0.14618629
v -0.32972047 0.32969040 0.14952968
v -0.33964878 0.31965321 0.14944813
v -0.35156280 0.31157550 0.14259827
v -0.35544175 0.30549720 0.14577857
v -0.36126021 0.30141833 0.14227208
v -0.37072676 0.29094127 0.14137508
v -0.37234300 0.29278076 0.13493295
v -0.39247671 0.27498576 0.12408733
v -0.39654040 0.27462584 0.11511728
v -0.40069646 0.27098686 0.11185543
v -0.40314388 0.26550841 0.11511728
v -0.41048622 0.25075254 0.12107013
v -0.40134293 0.26214933 0.12498434
v -0.38850540 0.27826482 0.12685989
v -0.38056272 0.29066136 0.12115167
v -0.37252772 0.30293792 0.11495419
v -0.38180953 0.29218093 0.11495419
v -0.38684297 0.28634256 0.11495419
v -0.39113754 0.28134397 0.11495419
v -0.39811045 0.27770498 0.10492402
v -0.37502134 0.29506013 0.12506588
v -0.42059928 0.24095529 0.11152925
v -0.42868048 0.23787615 0.09497541
v -0.42706424 0.23455708 0.10484248
v -0.43048140 0.23091811 0.10141756
v -0.43219000 0.22523969 0.10484248
v -0.43907058 0.21816167 0.09497541
v -0.44221067 0.20524529 0.10484248
v -0.44904506 0.19812730 0.09497541
v -0.44992244 0.19988680 0.08967493
v -0.45140016 0.19312869 0.09497541
v -0.45777276 0.18413121 0.08421135
v -0.45934284 0.17829286 0.08698392
v -0.47070265 0.13238572 0.10223301
v -0.47158006 0.14546205 0.08510835
v -0.47481254 0.13502498 0.08494526
v -0.47070265 0.14242291 0.09236595
v -0.47042561 0.15122044 0.08192806
v -0.47388896 0.14502218 0.07499665
v -0.47190332 0.13546486 0.09538315
v -0.48109278 0.10463350 0.09464924
v -0.47933799 0.11778982 0.08714700
v -0.48354024 0.10503338 0.08494526
v -0.48594147 0.09503619 0.08494526
v -0.48649561 0.09255688 0.08478217
v -0.48446378 0.09255688 0.09252904
v -0.48381728 0.09255688 0.09497541
v -0.02462076 0.24463426 -0.46263599
v -0.11503778 0.12502779 -0.49712992
v -0.11503778 0.13502498 -0.49590677
v -0.11503778 0.14502218 -0.49411273
v -0.10501710 0.14502218 -0.49272645
v -0.11503778 0.09255688 -0.49704838
v -0.12501228 0.09255688 -0.49802697
v -0.12501228 0.09503619 -0.49819005
v -0.12501228 0.10503338 -0.49843466
v -0.12501228 0.11503059 -0.49810851
v -0.05500606 0.43802005 0.18671463
v -0.05500606 0.44097921 0.18165879
v -0.04503155 0.44557792 0.17497201
v -0.02462076 0.44753736 0.17399348
v -0.02462076 0.44805723 0.17301492
v -0.02462076 0.44981673 0.16967152
v -0.03501087 0.44945684 0.16901918
v -0.06502673 0.43754017 0.18581764
v -0.07486270 0.43750018 0.18410517
v -0.07144551 0.44013947 0.18019097
v -0.06502673 0.44361848 0.17497201
v -0.07500124 0.45025662 0.16045684
v -0.08012702 0.44997668 0.15996756
v -0.08502191 0.44201893 0.17383038
v -0.09504260 0.44133914 0.17252563
v -0.12501228 0.43905973 0.16820370
v -0.08682287 0.44953680 0.15907055
v -0.09504260 0.44897699 0.15792891
v -0.11499161 0.44789726 0.15425934
v -0.11831643 0.44973677 0.14944813
v -0.12501228 0.44581786 0.15499327
v -0.12501228 0.44165903 0.16322941
v -0.17530039 0.44241881 0.13534068
v -0.13318583 0.45069650 0.14145662
v -0.13983551 0.44993669 0.13982570
v -0.14500746 0.44933689 0.13852097
v -0.15941507 0.44985673 0.12963246
v -0.13591035 0.45253599 0.13591149
v -0.13110781 0.46025383 0.12058085
v -0.16500264 0.44909695 0.12791999
v -0.20503919 0.43530083 0.12498434
v -0.21090382 0.43046218 0.13110028
v -0.21455191 0.42674321 0.13460676
v -0.16500264 0.45121634 0.12294570
v -0.16500264 0.45425549 0.11495419
v -0.17502332 0.45453542 0.10492402
v -0.17465390 0.45137632 0.11454645
v -0.17774785 0.44905695 0.11756365
v -0.22734329 0.41842553 0.13664541
v -0.24244358 0.41138750 0.13289429
v -0.26040691 0.40027064 0.13061102
v -0.26220787 0.40171021 0.12498434
v -0.28903744 0.37923652 0.12849082
v -0.25491169 0.40702873 0.12522897
v -0.23006780 0.41998512 0.12995864
v -0.23699453 0.41822559 0.12498434
v -0.25149450 0.41098762 0.12213023
v -0.29106927 0.38087606 0.12180404
v -0.29282403 0.37255839 0.13493295
v -0.29947370 0.36951923 0.12906164
v -0.29781130 0.36799967 0.13493295
v -0.30122849 0.36116159 0.14194590
v -0.30935585 0.34940487 0.14904040
v -0.31558993 0.34552598 0.14594166
v -0.32173163 0.34168705 0.14276136
v -0.33170614 0.33176982 0.14284290
v -0.34163445 0.32165265 0.14276136
v -0.33835581 0.32833079 0.13672696
v -0.34869972 0.31865349 0.13493295
v -0.35354844 0.31365490 0.13493295
v -0.35853571 0.30845636 0.13493295
v -0.36306116 0.30345777 0.13493295
v -0.36804843 0.29773936 0.13493295
v -0.36947995 0.29937890 0.12889855
v -0.42346233 0.24567397 0.09538315
v -0.39935726 0.27926454 0.09840035
v -0.40189707 0.27270639 0.10492402
v -0.40863910 0.26802769 0.09497541
v -0.42083016 0.25127238 0.09228440
v -0.42184609 0.24279477 0.10492402
v -0.37100381 0.30117840 0.12221177
v -0.36818695 0.30793652 0.11495419
v -0.36943376 0.30937612 0.10859360
v -0.39312321 0.28362334 0.10492402
v -0.42974257 0.23959567 0.08902256
v -0.43154353 0.23287755 0.09497541
v -0.43560719 0.22503975 0.09497541
v -0.43990177 0.21988119 0.08967493
v -0.44156420 0.21316308 0.09497541
v -0.44562787 0.20500536 0.09497541
v -0.45255461 0.19592792 0.08576073
v -0.43920910 0.22839880 0.07499665
v -0.43985558 0.22979841 0.06945153
v -0.45153868 0.20316589 0.07499665
v -0.45527911 0.19500816 0.07499665
v -0.45874250 0.18669051 0.07499665
v -0.46682370 0.16501658 0.07499665
v -0.48090807 0.11467069 0.08429289
v -0.47693673 0.13502498 0.07499665
v -0.47919947 0.12738712 0.07499665
v -0.48067719 0.12238853 0.07499665
v -0.48284754 0.11503059 0.07499665
v -0.48007685 0.12042907 0.08046024
v -0.46931732 0.15825847 0.07499665
v -0.47116446 0.15321988 0.07499665
v -0.47592080 0.14502218 0.06496650
v -0.48571062 0.10503338 0.07499665
v -0.49005136 0.10035470 0.06039992
v -0.48848128 0.09423642 0.07418120
v -0.48880455 0.09255688 0.07418120
v -0.02462076 0.24503414 -0.46255445
v -0.12501228 0.13502498 -0.49631447
v -0.12501228 0.12502779 -0.49745613
v -0.12501228 0.14502218 -0.49492818
v -0.12501228 0.15501937 -0.49272645
v -0.13503297 0.09255688 -0.49802697
v -0.13503297 0.10503338 -0.49827158
v -0.13503297 0.11503059 -0.49802697
v -0.13503297 0.12502779 -0.49745613
v -0.05500606 0.44461820 0.17497201
v -0.04503155 0.44909695 0.16820370
v -0.05500606 0.45121634 0.16233240
v -0.06502673 0.45073646 0.16143540
v -0.06502673 0.44813722 0.16640970
v -0.02462076 0.45181617 0.16583887
v -0.03501087 0.45205611 0.16396332
v -0.04503155 0.45165622 0.16322941
v -0.07500124 0.45285589 0.15499327
v -0.08502191 0.45649487 0.14496310
v -0.08409835 0.45165622 0.15540099
v -0.08409835 0.44733745 0.16396332
v -0.09504260 0.45517522 0.14496310
v -0.11499161 0.45201612 0.14569701
v -0.12501228 0.45153624 0.14316909
v -0.12501228 0.44913691 0.14822493
v -0.12501228 0.45525521 0.13493295
v -0.15567464 0.45229605 0.12579980
v -0.12501228 0.46077365 0.12188560
v -0.12501228 0.46341294 0.11495419
v -0.12501228 0.46697193 0.10492402
v -0.13503297 0.46501249 0.10492402
v -0.13466354 0.46145350 0.11511728
v -0.14306799 0.46069369 0.11193699
v -0.13780366 0.45945406 0.11854221
v -0.12501228 0.45869425 0.12694144
v -0.19940545 0.43973958 0.11935766
v -0.20554715 0.43873984 0.11560655
v -0.20928758 0.43965960 0.10908288
v -0.21501368 0.43462101 0.11495419
v -0.21455191 0.43134192 0.12400578
v -0.22004712 0.42998230 0.12001003
v -0.21755350 0.42858270 0.12669681
v -0.23196110 0.42110479 0.12498434
v -0.15502813 0.45673481 0.11495419
v -0.14971764 0.45989391 0.10973524
v -0.15502813 0.45925409 0.10769659
v -0.16444850 0.45801443 0.10427167
v -0.16740391 0.45933408 0.09758489
v -0.17451537 0.45793447 0.09456769
v -0.18504401 0.45389560 0.09497541
v -0.18453604 0.45117635 0.10419011
v -0.18088797 0.45033658 0.11087689
v -0.25819036 0.40862828 0.11691129
v -0.26922697 0.39939088 0.11862375
v -0.28017122 0.39011347 0.12025467
v -0.23925728 0.41954523 0.11886840
v -0.24498338 0.41770574 0.11536191
v -0.24826203 0.41898537 0.10712577
v -0.25491169 0.41202733 0.11413872
v -0.26017603 0.41010788 0.11022452
v -0.28160274 0.39127314 0.11495419
v -0.28658998 0.38731426 0.11495419
v -0.29273170 0.38231567 0.11495419
v -0.29776511 0.37795687 0.11495419
v -0.30132085 0.37127876 0.12237486
v -0.29527149 0.37523764 0.12539206
v -0.30321416 0.36300108 0.13493295
v -0.31152624 0.35140434 0.14235364
v -0.31859151 0.34872508 0.13493295
v -0.32505646 0.34304667 0.13411748
v -0.32842749 0.33840796 0.13689005
v -0.34297362 0.32501173 0.13403594
v -0.35982868 0.30985597 0.12971401
v -0.36546242 0.30549720 0.12596288
v -0.39520121 0.28530285 0.09562778
v -0.40060407 0.28074414 0.09171358
v -0.40328240 0.27558559 0.09497541
v -0.40965503 0.26954728 0.08885947
v -0.36144492 0.31153551 0.12302724
v -0.36315352 0.31337500 0.11495419
v -0.36518538 0.31521446 0.10549486
v -0.37068057 0.31077573 0.10190682
v -0.42738748 0.24463426 0.08543454
v -0.43061996 0.24103527 0.08241734
v -0.43583810 0.23503694 0.07499665
v -0.43274415 0.23575674 0.08543454
v -0.45232373 0.20572516 0.06529269
v -0.43819317 0.23475702 0.06561887
v -0.44054827 0.23123801 0.06276476
v -0.45772660 0.19412842 0.06423259
v -0.45948136 0.18872993 0.06700514
v -0.46987146 0.15977804 0.06953308
v -0.47887623 0.13498500 0.06545578
v -0.47979978 0.12946653 0.06912534
v -0.48492557 0.11503059 0.06496650
v -0.48820424 0.10419363 0.06423259
v -0.47204185 0.15589914 0.06570041
v -0.47758323 0.14502218 0.05493635
v -0.47956890 0.13862397 0.05493635
v -0.48044628 0.13166593 0.06243858
v -0.48663417 0.11503059 0.05493635
v -0.48903543 0.10671292 0.05493635
v -0.49042076 0.10171431 0.05493635
v -0.49319148 0.09503619 0.04498774
v -0.49189848 0.09503619 0.05493635
v -0.49240643 0.09255688 0.05493635
v -0.49083638 0.09255688 0.06431413
v -0.49032843 0.09255688 0.06684205
v -0.02462076 0.25227213 -0.46084195
v -0.13503297 0.13502498 -0.49639601
v -0.13503297 0.14502218 -0.49476510
v -0.13503297 0.15501937 -0.49272645
v -0.13503297 0.16197743 -0.49068779
v -0.12501228 0.16185746 -0.49060625
v -0.03501087 0.25291193 -0.46092349
v -0.14500746 0.09255688 -0.49770075
v -0.14500746 0.10503338 -0.49778229
v -0.14500746 0.11503059 -0.49745613
v -0.14500746 0.12502779 -0.49672222
v -0.04503155 0.45561510 0.15499327
v -0.02462076 0.45193613 0.16559424
v -0.02503636 0.45709470 0.15499327
v -0.03501087 0.45637488 0.15499327
v -0.07786429 0.45981395 0.13949952
v -0.08502191 0.45941406 0.13860251
v -0.09504260 0.45877421 0.13713469
v -0.11503778 0.45685476 0.13493295
v -0.11503778 0.45949402 0.12881699
v -0.11503778 0.46153346 0.12376115
v -0.11503778 0.46493250 0.11495419
v -0.11517632 0.46857148 0.10443476
v -0.11859350 0.46977115 0.09929736
v -0.12501228 0.46933126 0.09774798
v -0.14583868 0.46213329 0.10582103
v -0.13124634 0.47029102 0.09106120
v -0.13475589 0.46837154 0.09456769
v -0.14583868 0.45885420 0.11511728
v -0.20259175 0.44101921 0.11267090
v -0.19040069 0.45013666 0.10043900
v -0.21187356 0.44081926 0.10239610
v -0.21510604 0.43818000 0.10541330
v -0.22184807 0.43102199 0.11495419
v -0.22406463 0.42602342 0.12400578
v -0.15502813 0.46089363 0.10272229
v -0.16075425 0.46017385 0.10052055
v -0.13794219 0.46945125 0.08796246
v -0.14145175 0.47037098 0.08135724
v -0.17082110 0.46025383 0.09089813
v -0.17807108 0.45929408 0.08494526
v -0.19252488 0.45097643 0.09497541
v -0.17996439 0.45997387 0.07988942
v -0.18504401 0.45665482 0.08494526
v -0.19963634 0.44981673 0.08934875
v -0.27107409 0.40083048 0.11193699
v -0.23556301 0.42306423 0.11536191
v -0.24161236 0.42086485 0.11226317
v -0.22544998 0.43278152 0.10508712
v -0.23122226 0.43066210 0.10182528
v -0.25029388 0.42014506 0.10043900
v -0.25689736 0.41798568 0.09497541
v -0.25417286 0.41630614 0.10427167
v -0.25892922 0.41926530 0.08747318
v -0.26146901 0.41110760 0.10492402
v -0.26645628 0.40722868 0.10492402
v -0.28862181 0.38887382 0.10688113
v -0.29924282 0.37931651 0.10818587
v -0.30312181 0.37295830 0.11495419
v -0.32173163 0.35164425 0.12319033
v -0.33142906 0.34144711 0.12498434
v -0.33641630 0.33632857 0.12498434
v -0.35571882 0.31573433 0.12645216
v -0.37696081 0.30649692 0.09497541
v -0.39737159 0.28702238 0.08494526
v -0.40166616 0.28202379 0.08494526
v -0.40813112 0.27742505 0.07499665
v -0.40711522 0.27458587 0.08527145
v -0.41159451 0.27242646 0.07499665
v -0.35156280 0.32161269 0.12319033
v -0.33867905 0.33864790 0.11495419
v -0.35839716 0.31837359 0.11495419
v -0.35959780 0.31961325 0.10900132
v -0.36093697 0.32093287 0.10239610
v -0.36730957 0.31717393 0.09497541
v -0.37192738 0.31217533 0.09497541
v -0.41699737 0.26442870 0.07491511
v -0.42831105 0.24755344 0.07499665
v -0.43163586 0.24255484 0.07499665
v -0.45043039 0.21096370 0.06219393
v -0.45426321 0.20500536 0.05493635
v -0.43232852 0.24543403 0.06423259
v -0.43879348 0.23767620 0.05493635
v -0.44124094 0.23267761 0.05493635
v -0.44493520 0.22503975 0.05493635
v -0.46003550 0.19016951 0.06031838
v -0.46128231 0.18525091 0.06423259
v -0.47047177 0.16137759 0.06284630
v -0.47411984 0.15501937 0.05493635
v -0.47550520 0.15501937 0.04498774
v -0.47933799 0.14794137 0.03495758
v -0.47892240 0.14482224 0.04572165
v -0.48040009 0.14138320 0.04294908
v -0.47993833 0.13986363 0.04963586
v -0.48958957 0.10859239 0.04694484
v -0.48501793 0.12502779 0.04498774
v -0.48834276 0.11411084 0.04417227
v -0.49000520 0.11019194 0.04033961
v -0.49088258 0.10515335 0.04417227
v -0.49369943 0.09255688 0.04498774
v -0.49272969 0.09255688 0.05248997
v -0.49199083 0.10503338 0.03495758
v -0.49434593 0.09503619 0.03495758
v -0.02462076 0.25735068 -0.45921105
v -0.14500746 0.13502498 -0.49549901
v -0.14500746 0.14502218 -0.49378657
v -0.14500746 0.15501937 -0.49174792
v -0.15041032 0.16025791 -0.49003541
v -0.14500746 0.16109768 -0.49036163
v -0.14500746 0.16609627 -0.48864913
v -0.04503155 0.26502854 -0.45676470
v -0.03501087 0.26502854 -0.45692778
v -0.03501087 0.25791055 -0.45929259
v -0.15502813 0.09255688 -0.49672222
v -0.15502813 0.09503619 -0.49672222
v -0.15502813 0.10503338 -0.49647754
v -0.15502813 0.11503059 -0.49598831
v -0.15502813 0.12502779 -0.49509126
v -0.15502813 0.13502498 -0.49411273
v -0.03501087 0.45933408 0.14846958
v -0.04503155 0.46117353 0.14259827
v -0.07121462 0.46009386 0.14015189
v -0.02462076 0.45725465 0.15466708
v -0.02462076 0.45969397 0.14928503
v -0.06502673 0.46273312 0.13493295
v -0.07500124 0.46593222 0.12498434
v -0.08502191 0.46149346 0.13362822
v -0.09504260 0.46377283 0.12498434
v -0.10270819 0.46033379 0.13085565
v -0.09416521 0.46805161 0.11397563
v -0.09024006 0.47001109 0.11006142
v -0.10501710 0.46905136 0.10720731
v -0.11194384 0.47025102 0.10076518
v -0.09504260 0.47440985 0.09497541
v -0.12501228 0.47081086 0.09277368
v -0.12501228 0.47297025 0.08494526
v -0.12501228 0.47560951 0.07499665
v -0.13503297 0.47365004 0.07499665
v -0.13475589 0.47113076 0.08478217
v -0.20503919 0.44601780 0.09497541
v -0.21510604 0.44181898 0.09464924
v -0.21852323 0.43925971 0.09774798
v -0.14486893 0.47117075 0.07475202
v -0.15802974 0.46945125 0.06765752
v -0.16500264 0.46573228 0.07499665
v -0.16458705 0.46837154 0.06455877
v -0.16758862 0.46933126 0.05705653
v -0.17502332 0.46521240 0.06496650
v -0.17308384 0.46097362 0.08494526
v -0.14500746 0.47361007 0.06496650
v -0.21048823 0.45017666 0.07067472
v -0.20503919 0.44861707 0.08559763
v -0.17945644 0.46981114 0.03919797
v -0.18504401 0.46401274 0.05493635
v -0.18522872 0.46161342 0.06472185
v -0.27278268 0.40223008 0.10492402
v -0.22069362 0.44037938 0.09114276
v -0.23325410 0.43186176 0.09497541
v -0.25191012 0.42106479 0.09497541
v -0.26991963 0.40994793 0.08975647
v -0.26377791 0.41298705 0.09497541
v -0.23981142 0.42986232 0.08943029
v -0.25537348 0.42214450 0.08445598
v -0.25500405 0.42482376 0.07499665
v -0.26031455 0.42018503 0.08078642
v -0.26881135 0.40906817 0.09497541
v -0.29009953 0.39007348 0.10019436
v -0.29467118 0.38471499 0.10419011
v -0.30062819 0.38055617 0.10158065
v -0.30944821 0.36947927 0.10867514
v -0.32367110 0.35344374 0.11495419
v -0.32981282 0.34980476 0.10957214
v -0.32865837 0.34868509 0.11495419
v -0.37857705 0.30837640 0.08494526
v -0.38799742 0.29769939 0.08494526
v -0.39889550 0.28878188 0.07499665
v -0.40314388 0.28378329 0.07499665
v -0.40923941 0.27898464 0.06676051
v -0.42041457 0.26066977 0.07157172
v -0.33978733 0.33976758 0.10949060
v -0.35530323 0.32533163 0.10582103
v -0.34108031 0.34112722 0.10280383
v -0.36232233 0.32237247 0.09497541
v -0.36901817 0.31893343 0.08494526
v -0.37358981 0.31393483 0.08494526
v -0.42932695 0.24903302 0.06708670
v -0.44862947 0.21720195 0.05493635
v -0.45098454 0.21220335 0.05493635
v -0.44004029 0.24011552 0.04025806
v -0.45153868 0.21348299 0.04498774
v -0.45532531 0.20500536 0.04498774
v -0.45828071 0.19584793 0.05493635
v -0.43006581 0.25015271 0.06039992
v -0.43440658 0.24503414 0.05493635
v -0.43948618 0.23903583 0.04694484
v -0.46031255 0.19084933 0.05493635
v -0.47675201 0.15501937 0.03495758
v -0.49032843 0.11115168 0.03495758
v -0.47975361 0.14922100 0.02696607
v -0.49485391 0.09255688 0.03495758
v -0.49277586 0.10503338 0.02492742
v -0.49503860 0.09503619 0.02492742
v -0.02462076 0.26502854 -0.45668316
v -0.15502813 0.14502218 -0.49256337
v -0.16140074 0.15122044 -0.49028009
v -0.15710616 0.15789858 -0.48946464
v -0.15424311 0.16417681 -0.48815989
v -0.15502813 0.17501378 -0.48408258
v -0.14500746 0.17501378 -0.48522425
v -0.05500606 0.26502854 -0.45619386
v -0.04563187 0.27594548 -0.45219809
v -0.03501087 0.27502573 -0.45317668
v -0.02462076 0.27462584 -0.45317668
v -0.16500264 0.09255688 -0.49500972
v -0.16500264 0.10503338 -0.49460202
v -0.16500264 0.11503059 -0.49411273
v -0.16500264 0.12502779 -0.49329728
v -0.16500264 0.13502498 -0.49223715
v -0.16486411 0.14462230 -0.49085087
v -0.03501087 0.46153346 0.14349528
v -0.03501087 0.46513245 0.13493295
v -0.04503155 0.46437266 0.13493295
v -0.02462076 0.46189335 0.14431074
v -0.05015734 0.47001109 0.12001003
v -0.08502191 0.46497250 0.12498434
v -0.07500124 0.46893138 0.11707439
v -0.08502191 0.46845150 0.11576964
v -0.08502191 0.47029102 0.11079533
v -0.08502191 0.47233042 0.10492402
v -0.09416521 0.47117075 0.10525021
v -0.10501710 0.47073087 0.10215147
v -0.08502191 0.47560951 0.09497541
v -0.08862382 0.47984833 0.07948168
v -0.09504260 0.47736901 0.08494526
v -0.09504260 0.47940844 0.07776922
v -0.09504260 0.48068810 0.07279491
v -0.10150754 0.48020822 0.07083781
v -0.12501228 0.47804883 0.06496650
v -0.13503297 0.47616935 0.06496650
v -0.21501368 0.44461820 0.08494526
v -0.14500746 0.47600940 0.05493635
v -0.16458705 0.47081086 0.05420242
v -0.17035931 0.47009104 0.05036977
v -0.17423829 0.46797165 0.05420242
v -0.21427484 0.44761735 0.07442583
v -0.20503919 0.45597500 0.05493635
v -0.21903120 0.44957680 0.05819818
v -0.21713789 0.44877702 0.06496650
v -0.17234498 0.47069091 0.04498774
v -0.17566982 0.47173059 0.03544685
v -0.18134975 0.47053093 0.03251120
v -0.21542929 0.45177621 0.05493635
v -0.22217132 0.44121915 0.08494526
v -0.28197217 0.40159026 0.08494526
v -0.29310110 0.39251280 0.08494526
v -0.28067917 0.40055054 0.09171358
v -0.29116163 0.39095324 0.09497541
v -0.28441960 0.39643171 0.09497541
v -0.27112028 0.41090766 0.08315125
v -0.22715858 0.43833995 0.08494526
v -0.23039106 0.44017944 0.07075626
v -0.23427002 0.43698034 0.07442583
v -0.24946266 0.42966241 0.06863606
v -0.25449610 0.42750299 0.06512959
v -0.26133049 0.42094484 0.07499665
v -0.26631773 0.41706592 0.07499665
v -0.29619506 0.38671443 0.09497541
v -0.32099277 0.36092165 0.10239610
v -0.29813454 0.38839397 0.08494526
v -0.30182880 0.38171583 0.09497541
v -0.30686224 0.37699714 0.09497541
v -0.31212655 0.37199855 0.09497541
v -0.33115199 0.35108441 0.10288538
v -0.37954679 0.30949607 0.07850313
v -0.39321557 0.29546002 0.07434429
v -0.39977288 0.28978160 0.06904380
v -0.40489864 0.28494295 0.06455877
v -0.41002446 0.28006431 0.06015529
v -0.41228718 0.27542561 0.06406949
v -0.33761695 0.34756541 0.09497541
v -0.34754527 0.33748823 0.09497541
v -0.35244018 0.33248964 0.09497541
v -0.36398473 0.32409197 0.08494526
v -0.36984938 0.31985316 0.07956323
v -0.42655626 0.25411159 0.06423259
v -0.43690020 0.24407440 0.04417227
v -0.43149734 0.25231209 0.04498774
v -0.43214381 0.25323185 0.03495758
v -0.43717724 0.24543403 0.03495758
v -0.44022501 0.24043544 0.03495758
v -0.44336516 0.23503694 0.02492742
v -0.45019954 0.22052102 0.02321496
v -0.46017402 0.20044664 0.01245089
v -0.45209283 0.21600229 0.02590597
v -0.44996864 0.22000116 0.02990173
v -0.44729030 0.22503975 0.03495758
v -0.45200047 0.21452269 0.03495758
v -0.45874250 0.19704759 0.04498774
v -0.45624888 0.20500536 0.03495758
v -0.45966607 0.19928697 0.02492742
v -0.45920429 0.19820726 0.03495758
v -0.46128231 0.19320866 0.03495758
v -0.42720276 0.25595108 0.05493635
v -0.47033325 0.17093492 0.03495758
v -0.47273451 0.16501658 0.03495758
v -0.47370425 0.16501658 0.02492742
v -0.47813737 0.15405965 0.02411196
v -0.49069786 0.11247130 0.02492742
v -0.47998449 0.15010075 0.02027930
v -0.48187780 0.14502218 0.01497881
v -0.49550039 0.09255688 0.02492742
v -0.49097490 0.11343104 0.01497881
v -0.49328384 0.10503338 0.01497881
v -0.49545419 0.09503619 0.01497881
v -0.16809659 0.14770143 -0.48954618
v -0.17502332 0.15501937 -0.48628432
v -0.16486411 0.15473945 -0.48864913
v -0.16500264 0.16501658 -0.48579502
v -0.16551061 0.17581356 -0.48196238
v -0.16915870 0.17969246 -0.47984219
v -0.15502813 0.18717036 -0.47870052
v -0.14500746 0.18876991 -0.47943443
v -0.14500746 0.18377131 -0.48155463
v -0.06502673 0.26502854 -0.45529687
v -0.05500606 0.27426594 -0.45219809
v -0.04272264 0.28062418 -0.45024097
v -0.03501087 0.28098407 -0.45048565
v -0.02503636 0.28110403 -0.45048565
v -0.02462076 0.28110403 -0.45048565
v -0.02462076 0.27502573 -0.45301354
v -0.17502332 0.09255688 -0.49305266
v -0.17502332 0.10503338 -0.49248183
v -0.17502332 0.11503059 -0.49182945
v -0.17539275 0.12450793 -0.49093246
v -0.17225263 0.13502498 -0.49052471
v -0.17072874 0.14102329 -0.49011695
v -0.02503636 0.46581227 0.13493295
v -0.03501087 0.46857148 0.12637062
v -0.04503155 0.47021103 0.12049931
v -0.04503155 0.46821159 0.12547362
v -0.02462076 0.46593222 0.13468830
v -0.04503155 0.47213048 0.11495419
v -0.05412866 0.47125071 0.11552501
v -0.07500124 0.47073087 0.11210008
v -0.07500124 0.47321019 0.10492402
v -0.07500124 0.47648925 0.09497541
v -0.08197415 0.48016822 0.08054177
v -0.08520663 0.47876862 0.08429289
v -0.08520663 0.48112798 0.07564902
v -0.08502191 0.48364726 0.06496650
v -0.09504260 0.48248756 0.06496650
v -0.12501228 0.47960839 0.05819818
v -0.13110781 0.48020822 0.05102214
v -0.13466354 0.47864866 0.05461016
v -0.13775748 0.47948843 0.04727101
v -0.14431480 0.47840872 0.04433537
v -0.15502813 0.47544956 0.04498774
v -0.16500264 0.47277030 0.04498774
v -0.22069362 0.45033658 0.05159296
v -0.22503437 0.44469815 0.06496650
v -0.16500264 0.47480974 0.03495758
v -0.17502332 0.47381002 0.02492742
v -0.18291980 0.47121075 0.02492742
v -0.22531144 0.44213891 0.07442583
v -0.28876036 0.39899099 0.07499665
v -0.29559475 0.39347252 0.07491511
v -0.27255180 0.41206732 0.07499665
v -0.28377309 0.40302986 0.07499665
v -0.23163787 0.44089925 0.06496650
v -0.23662511 0.43802005 0.06496650
v -0.24567606 0.43270153 0.06512959
v -0.25080183 0.43046218 0.06194930
v -0.25689736 0.42806286 0.05493635
v -0.26290053 0.42210451 0.06496650
v -0.26788780 0.41830558 0.06496650
v -0.28977627 0.39979076 0.06912534
v -0.32736537 0.35752261 0.09497541
v -0.30358356 0.38339537 0.08494526
v -0.29933518 0.38943368 0.07817695
v -0.33258352 0.35252401 0.09497541
v -0.38051653 0.31061575 0.07181635
v -0.39016780 0.30017868 0.07051162
v -0.40055791 0.29066136 0.06243858
v -0.40637636 0.28570274 0.05493635
v -0.40739226 0.28690240 0.04498774
v -0.41140980 0.28190380 0.04498774
v -0.41685882 0.27418599 0.04449846
v -0.42263111 0.26562837 0.04449846
v -0.33900231 0.34900498 0.08665773
v -0.35908985 0.32909060 0.08494526
v -0.35992104 0.32993034 0.07972632
v -0.37086529 0.32089287 0.07287645
v -0.42013747 0.27026707 0.04091044
v -0.41815180 0.27718514 0.01497881
v -0.42138427 0.27218652 0.01497881
v -0.43750051 0.24595389 0.02492742
v -0.42600212 0.26502854 0.01497881
v -0.43283650 0.25443152 0.01497881
v -0.43782377 0.24643375 0.01497881
v -0.44050211 0.24095529 0.02492742
v -0.44387311 0.23503694 0.01497881
v -0.46068197 0.20152634 -0.00508150
v -0.46040493 0.20092651 0.00494866
v -0.46183646 0.19592792 0.01546809
v -0.45989695 0.19984680 0.01913766
v -0.45712626 0.20500536 0.02492742
v -0.46294472 0.19500816 0.00494866
v -0.46174407 0.19428837 0.02492742
v -0.46636191 0.18501097 0.01497881
v -0.46917880 0.17809291 0.01497881
v -0.47121063 0.17309430 0.01497881
v -0.47448927 0.16501658 0.01497881
v -0.47827590 0.15561920 0.01497881
v -0.48021537 0.15062061 0.01497881
v -0.48233959 0.14502218 0.00494866
v -0.49591601 0.09255688 0.01497881
v -0.49120581 0.11423081 0.00494866
v -0.49365324 0.10503338 0.00494866
v -0.49582362 0.09503619 0.00494866
v -0.49600834 0.09255688 0.01253244
v -0.17442301 0.14462230 -0.48856759
v -0.18504401 0.14502218 -0.48563194
v -0.18504401 0.15501937 -0.48343021
v -0.17502332 0.16501658 -0.48334867
v -0.17502332 0.17253447 -0.48082072
v -0.17502332 0.18501097 -0.47560179
v -0.16241667 0.20124641 -0.47070903
v -0.15502813 0.19500816 -0.47511250
v -0.17502332 0.17753306 -0.47910827
v -0.18878445 0.18928978 -0.46964896
v -0.07500124 0.26502854 -0.45399213
v -0.06502673 0.27310628 -0.45154572
v -0.04923376 0.29981878 -0.43988466
v -0.04553951 0.29593986 -0.44224948
v -0.04258411 0.30037862 -0.44021082
v -0.03501087 0.30077851 -0.44045550
v -0.02462076 0.30093849 -0.44078165
v -0.02503636 0.29502013 -0.44371730
v -0.02462076 0.29470024 -0.44388044
v -0.18134975 0.09255688 -0.49150324
v -0.18338159 0.09503619 -0.49093246
v -0.18231949 0.10503338 -0.49060625
v -0.18111885 0.11503059 -0.49028009
v -0.18033382 0.12082896 -0.49003541
v -0.17894848 0.12750709 -0.48970926
v -0.17723988 0.13502498 -0.48921996
v -0.18504401 0.13502498 -0.48709977
v -0.02503636 0.46889138 0.12718607
v -0.03501087 0.47053093 0.12139632
v -0.03501087 0.47281030 0.11495419
v -0.02462076 0.46897137 0.12702298
v -0.04503155 0.47556952 0.10492402
v -0.05500606 0.47480974 0.10492402
v -0.06502673 0.47400996 0.10492402
v -0.06502673 0.47724906 0.09497541
v -0.04586276 0.47888857 0.09440459
v -0.04974173 0.47996831 0.08991957
v -0.07500124 0.47900856 0.08649464
v -0.07500124 0.48044816 0.08152033
v -0.06502673 0.48284748 0.07499665
v -0.07500124 0.48208767 0.07499665
v -0.07500124 0.48440704 0.06496650
v -0.08502191 0.48576665 0.05493635
v -0.09504260 0.48464698 0.05493635
v -0.12501228 0.48068810 0.05322388
v -0.12501228 0.48228765 0.04498774
v -0.12501228 0.48400715 0.03495758
v -0.13503297 0.48224765 0.03495758
v -0.13466354 0.48068810 0.04433537
v -0.14048199 0.48008823 0.04058425
v -0.22175571 0.45093644 0.04498774
v -0.22674297 0.44805723 0.04498774
v -0.23357734 0.44209892 0.05493635
v -0.22443405 0.44741741 0.05493635
v -0.18790706 0.46905136 0.02492742
v -0.21021116 0.46005386 0.02044240
v -0.14745492 0.47932845 0.03495758
v -0.14944057 0.47984833 0.02884163
v -0.16500264 0.47644928 0.02492742
v -0.17502332 0.47532958 0.01497881
v -0.18555197 0.47165060 0.01457109
v -0.18924624 0.46965116 0.01758829
v -0.30048963 0.39043337 0.07157172
v -0.23856460 0.43913972 0.05493635
v -0.24502955 0.43526083 0.05493635
v -0.23962671 0.43973958 0.04824957
v -0.25320309 0.43194175 0.04498774
v -0.25819036 0.42886263 0.04498774
v -0.26414734 0.42306423 0.05493635
v -0.26913461 0.41930529 0.05493635
v -0.27910909 0.40926811 0.06496650
v -0.29434794 0.39683160 0.06545578
v -0.29060748 0.40047055 0.06243858
v -0.32907397 0.35912216 0.08494526
v -0.30506128 0.38503489 0.07515974
v -0.37686846 0.31653410 0.06496650
v -0.38134775 0.31153551 0.06496650
v -0.38638118 0.30589709 0.06496650
v -0.39690983 0.29657969 0.05493635
v -0.40134293 0.29158109 0.05493635
v -0.40240502 0.29270077 0.04498774
v -0.40826967 0.28794211 0.03495758
v -0.41210246 0.28294352 0.03495758
v -0.34920770 0.33916774 0.08494526
v -0.33092111 0.36088169 0.07295801
v -0.34071088 0.35072452 0.07499665
v -0.35096246 0.34096724 0.07320264
v -0.36694014 0.32693118 0.06496650
v -0.37183502 0.32193258 0.06496650
v -0.41265661 0.28374329 0.02492742
v -0.41316456 0.28446308 0.01497881
v -0.41852123 0.27770498 0.00494866
v -0.42988110 0.25986999 0.00731349
v -0.43251324 0.25591108 0.00437783
v -0.43810081 0.24679366 0.00494866
v -0.44073299 0.24143516 0.01497881
v -0.44424254 0.23503694 0.00494866
v -0.46091288 0.20192623 -0.01503011
v -0.46349886 0.19500816 -0.00508150
v -0.46705461 0.18501097 0.00494866
v -0.46954823 0.17893267 0.00494866
v -0.47158006 0.17393407 0.00494866
v -0.47518194 0.16501658 0.00494866
v -0.47855297 0.15629902 0.00494866
v -0.48044628 0.15130042 0.00494866
v -0.48247814 0.14502218 -0.00508150
v -0.48982048 0.11942935 -0.00508150
v -0.49125201 0.11443076 -0.00508150
v -0.49374563 0.10503338 -0.00508150
v -0.49628544 0.09255688 0.00494866
v -0.49591601 0.09503619 -0.00508150
v -0.19501850 0.13502498 -0.48391950
v -0.19566500 0.14522213 -0.48188084
v -0.19234017 0.15501937 -0.48090231
v -0.19044685 0.16037787 -0.48008680
v -0.18425897 0.16425678 -0.48090231
v -0.18038000 0.17037508 -0.48008680
v -0.15502813 0.20260604 -0.47136140
v -0.18065707 0.21040386 -0.46018958
v -0.11503778 0.29202098 -0.43115926
v -0.11503778 0.28502294 -0.43523651
v -0.10455531 0.29534003 -0.43213779
v -0.09504260 0.28786215 -0.43874300
v -0.09504260 0.28286353 -0.44151556
v -0.09504260 0.27502573 -0.44567442
v -0.08506809 0.27438593 -0.44787616
v -0.07500124 0.27170667 -0.45081180
v -0.18425897 0.17425399 -0.47731423
v -0.19303285 0.18261164 -0.47103524
v -0.19580354 0.18557081 -0.46875191
v -0.20503919 0.19244888 -0.46141279
v -0.19557264 0.19572797 -0.46336991
v -0.19261724 0.20164630 -0.46100509
v -0.07500124 0.27670527 -0.44828391
v -0.07500124 0.28502294 -0.44396198
v -0.07500124 0.29122120 -0.44061857
v -0.07500124 0.29621980 -0.43776447
v -0.07795665 0.30949607 -0.42969143
v -0.06502673 0.31593427 -0.42740810
v -0.05500606 0.31701398 -0.42806047
v -0.04503155 0.31289512 -0.43189317
v -0.04553951 0.30421755 -0.43743825
v -0.03501087 0.31353495 -0.43230087
v -0.02462076 0.31413478 -0.43270862
v -0.02503636 0.30617699 -0.43768293
v -0.02462076 0.30617699 -0.43768293
v -0.18356630 0.09255688 -0.49093246
v -0.19358698 0.09255688 -0.48815989
v -0.19501850 0.09255688 -0.48775214
v -0.19501850 0.10503338 -0.48701823
v -0.18730673 0.10503338 -0.48921996
v -0.18610612 0.11503059 -0.48889381
v -0.18421280 0.12450793 -0.48864913
v -0.19501850 0.12502779 -0.48530579
v -0.02462076 0.47081086 0.12221177
v -0.02462076 0.47093081 0.12188560
v -0.02503636 0.47333014 0.11495419
v -0.03501087 0.47616935 0.10492402
v -0.03501087 0.47892857 0.09636170
v -0.04309206 0.48016822 0.09065348
v -0.04586276 0.48132789 0.08592382
v -0.05500606 0.48116797 0.08421135
v -0.06502673 0.48080805 0.08290662
v -0.04503155 0.48428708 0.07499665
v -0.06502673 0.48512685 0.06496650
v -0.07500124 0.48648646 0.05493635
v -0.08502191 0.48768613 0.04498774
v -0.09504260 0.48660642 0.04498774
v -0.11503778 0.48372722 0.04498774
v -0.11503778 0.48544675 0.03495758
v -0.08959356 0.48996550 0.02973863
v -0.12501228 0.48548675 0.02492742
v -0.13503297 0.48372722 0.02492742
v -0.14242148 0.48060811 0.03495758
v -0.21413630 0.45765454 0.02419351
v -0.22314106 0.45173621 0.03495758
v -0.22812831 0.44881701 0.03495758
v -0.19035450 0.47013104 0.01098306
v -0.21090382 0.46037376 0.01497881
v -0.21589108 0.45809442 0.01497881
v -0.14565396 0.48124793 0.02525361
v -0.14500746 0.48280749 0.01497881
v -0.16500264 0.47788888 0.01497881
v -0.15983069 0.47992831 0.00902595
v -0.17502332 0.47636929 0.00494866
v -0.18504401 0.47293025 0.00494866
v -0.30132085 0.39119318 0.06496650
v -0.30635428 0.38651448 0.06496650
v -0.31064886 0.38063613 0.07206100
v -0.22937512 0.44957680 0.02492742
v -0.26585594 0.42334417 0.04547700
v -0.22997545 0.44993669 0.01979002
v -0.25929862 0.42954242 0.03495758
v -0.26978108 0.41982514 0.04906504
v -0.29651830 0.39719149 0.05493635
v -0.32080805 0.37075889 0.07246873
v -0.37793055 0.31773376 0.05493635
v -0.38245603 0.31273517 0.05493635
v -0.37894648 0.31885344 0.04498774
v -0.40323624 0.29366052 0.03495758
v -0.40397510 0.29442030 0.02492742
v -0.40896234 0.28874189 0.02492742
v -0.31157240 0.38151589 0.06496650
v -0.33193702 0.36184141 0.06496650
v -0.33692428 0.35700276 0.06496650
v -0.34200388 0.35200417 0.06496650
v -0.36800224 0.32801089 0.05493635
v -0.37294331 0.32301229 0.05493635
v -0.40951648 0.28946170 0.01497881
v -0.40983975 0.28986159 0.00723194
v -0.41279513 0.28590268 0.00429629
v -0.41390342 0.28502294 -0.00508150
v -0.41870594 0.27806488 -0.00508150
v -0.43001962 0.26006994 0.00062672
v -0.43339065 0.25503135 -0.00508150
v -0.43828553 0.24703358 -0.00508150
v -0.44091770 0.24179505 0.00494866
v -0.44456577 0.23503694 -0.00508150
v -0.46382213 0.19500816 -0.01503011
v -0.44479668 0.23503694 -0.01503011
v -0.46095908 0.20204619 -0.02506026
v -0.46756256 0.18501097 -0.00508150
v -0.46977910 0.17949252 -0.00508150
v -0.47176477 0.17449391 -0.00508150
v -0.47541285 0.16501658 -0.00508150
v -0.47864532 0.15645897 -0.00508150
v -0.48049247 0.15146038 -0.00508150
v -0.48049247 0.15146038 -0.01503011
v -0.48243195 0.14502218 -0.01503011
v -0.48529500 0.13502498 -0.01503011
v -0.48811185 0.12502779 -0.01503011
v -0.49115962 0.11419082 -0.01503011
v -0.49360707 0.10503338 -0.01503011
v -0.49637777 0.09255688 -0.00508150
v -0.49573129 0.09503619 -0.01503011
v -0.20937994 0.12766704 -0.47976065
v -0.20780988 0.13502498 -0.47910827
v -0.20462358 0.14522213 -0.47837436
v -0.20503919 0.15501937 -0.47617263
v -0.19427966 0.16425678 -0.47747737
v -0.18730673 0.20832443 -0.45888489
v -0.19418730 0.21488260 -0.45195347
v -0.19030833 0.22016111 -0.45007789
v -0.12759826 0.28858194 -0.42903906
v -0.12090242 0.29050139 -0.43026221
v -0.10755689 0.29881907 -0.42920214
v -0.10090724 0.30037862 -0.43018067
v -0.09504260 0.29502013 -0.43466574
v -0.08770025 0.28930172 -0.43955845
v -0.08460630 0.28558278 -0.44216794
v -0.19580354 0.17581356 -0.47266614
v -0.19968250 0.17969246 -0.46981204
v -0.20503919 0.18501097 -0.46508235
v -0.20503919 0.19744748 -0.45855868
v -0.19926691 0.19956689 -0.45970035
v -0.21039587 0.19036946 -0.46010804
v -0.22018565 0.20016673 -0.45007789
v -0.08105059 0.29034144 -0.44012928
v -0.08502191 0.30337778 -0.43189317
v -0.08502191 0.30837640 -0.42895752
v -0.08571459 0.31589428 -0.42365700
v -0.08289771 0.32097286 -0.42072135
v -0.07477035 0.31413478 -0.42708194
v -0.07500124 0.32201257 -0.42153680
v -0.06502673 0.32313225 -0.42235225
v -0.05500606 0.32409197 -0.42308617
v -0.04503155 0.31789371 -0.42854977
v -0.03501087 0.31853354 -0.42903906
v -0.02462076 0.31893343 -0.42952830
v -0.20503919 0.09255688 -0.48449033
v -0.19501850 0.11503059 -0.48620278
v -0.20503919 0.10503338 -0.48367482
v -0.20503919 0.11503059 -0.48269629
v -0.20563951 0.12458791 -0.48147309
v -0.02462076 0.47333014 0.11495419
v -0.02462076 0.47668922 0.10492402
v -0.02462076 0.47676918 0.10467939
v -0.02462076 0.47916850 0.09725870
v -0.03501087 0.48040816 0.09138739
v -0.03501087 0.48220766 0.08494526
v -0.03501087 0.48484692 0.07499665
v -0.04503155 0.48652643 0.06496650
v -0.05500606 0.48584664 0.06496650
v -0.05500606 0.48788607 0.05493635
v -0.05500606 0.48940563 0.04678175
v -0.06147100 0.49008545 0.04050270
v -0.08294389 0.49020541 0.03120647
v -0.08576077 0.48940563 0.03471294
v -0.09504260 0.48832595 0.03495758
v -0.09555055 0.48960561 0.02582443
v -0.06502673 0.49228483 0.02492742
v -0.05500606 0.49428427 0.01497881
v -0.06502673 0.49356449 0.01497881
v -0.08502191 0.49204490 0.01497881
v -0.09504260 0.49200493 0.00494866
v -0.09555055 0.49080527 0.01538654
v -0.10210787 0.49028540 0.01236934
v -0.12501228 0.48672640 0.01497881
v -0.13503297 0.48504686 0.01497881
v -0.22438788 0.45249599 0.02492742
v -0.19090864 0.47037098 0.00494866
v -0.19589590 0.46813160 0.00494866
v -0.20503919 0.46401274 0.00494866
v -0.21699935 0.45861429 0.00494866
v -0.22503437 0.45445544 0.00494866
v -0.14500746 0.48380721 0.00494866
v -0.14500746 0.48528680 -0.01503011
v -0.14500746 0.48596662 -0.02506026
v -0.15502813 0.48328736 -0.02506026
v -0.17502332 0.47688913 -0.00508150
v -0.18504401 0.47345012 -0.00508150
v -0.19150896 0.47065091 -0.00508150
v -0.30242911 0.39219290 0.05493635
v -0.30746254 0.38755420 0.05493635
v -0.26497856 0.42542356 0.03495758
v -0.27047378 0.42038500 0.04245981
v -0.22600412 0.45269594 0.01579427
v -0.23057577 0.45033658 0.01310325
v -0.24327478 0.44205892 0.01497881
v -0.26040691 0.43026221 0.02223641
v -0.28141803 0.41114759 0.04498774
v -0.29259315 0.40211010 0.04498774
v -0.29758042 0.39807123 0.04498774
v -0.37391305 0.32405201 0.04498774
v -0.37959298 0.31957325 0.03691468
v -0.39376968 0.30417755 0.03495758
v -0.38610411 0.31409478 0.02468278
v -0.39012164 0.31013590 0.02117631
v -0.39981905 0.29981878 0.01824065
v -0.40369803 0.29593986 0.01489726
v -0.32782716 0.36787972 0.05493635
v -0.33299911 0.36288112 0.05493635
v -0.33798638 0.35804248 0.05493635
v -0.34301981 0.35304385 0.05493635
v -0.36901817 0.32905060 0.04498774
v -0.40009612 0.30013868 0.01155388
v -0.38582706 0.31541443 0.01497881
v -0.38079363 0.32089287 0.01497881
v -0.38111687 0.32121280 0.00494866
v -0.40614545 0.29406041 0.00429629
v -0.41002446 0.29006153 0.00054517
v -0.41016299 0.29022148 -0.00508150
v -0.41399577 0.28502294 -0.01503011
v -0.41879833 0.27814487 -0.01503011
v -0.42692569 0.26518849 -0.00508150
v -0.43011200 0.26018989 -0.00508150
v -0.43015817 0.26026988 -0.01503011
v -0.43348300 0.25503135 -0.01503011
v -0.43833172 0.24719355 -0.01503011
v -0.44105625 0.24203499 -0.00508150
v -0.44114858 0.24215496 -0.01503011
v -0.46774727 0.18501097 -0.01503011
v -0.46382213 0.19500816 -0.02506026
v -0.44475049 0.23503694 -0.02506026
v -0.45107692 0.22224054 -0.02506026
v -0.46091288 0.20192623 -0.03500887
v -0.46372974 0.19500816 -0.03500887
v -0.47176477 0.17465387 -0.01503011
v -0.47541285 0.16501658 -0.01503011
v -0.47864532 0.15645897 -0.01503011
v -0.48035392 0.15110047 -0.02506026
v -0.48215488 0.14502218 -0.02506026
v -0.48778862 0.12502779 -0.02506026
v -0.48958957 0.11862957 -0.02506026
v -0.49097490 0.11363098 -0.02506026
v -0.49328384 0.10503338 -0.02506026
v -0.49614689 0.09255688 -0.01503011
v -0.49531567 0.09503619 -0.02506026
v -0.21025734 0.12098892 -0.48008680
v -0.21607579 0.11503059 -0.47837436
v -0.21418248 0.12458791 -0.47812974
v -0.21501368 0.13502498 -0.47617263
v -0.21501368 0.14502218 -0.47405243
v -0.21519840 0.15441954 -0.47176915
v -0.21201211 0.16269723 -0.47095370
v -0.20568569 0.16561641 -0.47266614
v -0.20277646 0.17305432 -0.47111678
v -0.20217614 0.21148354 -0.45089334
v -0.19695801 0.21812168 -0.44869161
v -0.13983551 0.30989596 -0.40987575
v -0.13724951 0.29829922 -0.41884577
v -0.13434029 0.29502013 -0.42218918
v -0.13055368 0.30029866 -0.42015052
v -0.12501228 0.30173826 -0.42121065
v -0.11503778 0.29697958 -0.42797893
v -0.10455531 0.30421755 -0.42651111
v -0.09504260 0.30153832 -0.43083304
v -0.09504260 0.30653691 -0.42773432
v -0.20942612 0.16937535 -0.46973050
v -0.20568569 0.17581356 -0.46875191
v -0.21501368 0.17501378 -0.46475619
v -0.22018565 0.18021232 -0.46002650
v -0.21501368 0.20204619 -0.45130110
v -0.20531626 0.20556521 -0.45333976
v -0.21704553 0.18689045 -0.45847714
v -0.22979073 0.18972965 -0.44983327
v -0.22748181 0.19500816 -0.44844699
v -0.23542447 0.19532809 -0.44347268
v -0.23237671 0.20244607 -0.44143403
v -0.22886717 0.20912421 -0.43931383
v -0.22221750 0.21164350 -0.44110787
v -0.21099618 0.22072096 -0.44045550
v -0.20882580 0.20924418 -0.44942552
v -0.22748181 0.17501378 -0.45855868
v -0.22244839 0.19500816 -0.45138264
v -0.09504260 0.31373489 -0.42267847
v -0.08954738 0.31981319 -0.41982436
v -0.07500124 0.32701117 -0.41762263
v -0.09241043 0.33089009 -0.41069120
v -0.08502191 0.33200976 -0.41158819
v -0.06502673 0.32813084 -0.41843808
v -0.05500606 0.32909060 -0.41925353
v -0.04110640 0.33013028 -0.42006898
v -0.03501087 0.33057016 -0.42039520
v -0.04466212 0.32577151 -0.42292309
v -0.03501087 0.32497174 -0.42447245
v -0.02462076 0.32497174 -0.42536950
v -0.21335128 0.09255688 -0.48131001
v -0.21316656 0.09503619 -0.48122847
v -0.21727642 0.10503338 -0.47886366
v -0.02462076 0.48064810 0.09220286
v -0.02503636 0.48064810 0.09220286
v -0.02462076 0.48280749 0.08461908
v -0.02462076 0.48532677 0.07499665
v -0.02462076 0.48760617 0.06496650
v -0.03501087 0.48708630 0.06496650
v -0.03524175 0.48920572 0.05428398
v -0.04503155 0.48852587 0.05493635
v -0.04503155 0.48972553 0.04857576
v -0.05500606 0.49028540 0.04172590
v -0.04503155 0.49204490 0.03495758
v -0.06488819 0.49068528 0.03552840
v -0.04503155 0.49356449 0.02492742
v -0.04503155 0.49492410 0.01497881
v -0.04503155 0.49616373 0.00494866
v -0.05500606 0.49544394 0.00494866
v -0.05500606 0.49652365 -0.00508150
v -0.08502191 0.49308461 0.00494866
v -0.10880372 0.48980552 0.00780277
v -0.09504260 0.49296463 -0.00508150
v -0.12501228 0.48772609 0.00494866
v -0.13503297 0.48604658 0.00494866
v -0.19654238 0.46841151 -0.00508150
v -0.21773821 0.45897418 -0.00508150
v -0.22503437 0.45517522 -0.00508150
v -0.23186876 0.45117635 -0.00508150
v -0.23131461 0.45077646 0.00494866
v -0.13503297 0.48756617 -0.01503011
v -0.13503297 0.48824596 -0.02506026
v -0.13503297 0.48864585 -0.03500887
v -0.14500746 0.48632652 -0.03500887
v -0.16366348 0.48096800 -0.02506026
v -0.16865072 0.47960839 -0.02506026
v -0.17502332 0.47736901 -0.01503011
v -0.18504401 0.47393000 -0.01503011
v -0.19206309 0.47089082 -0.01503011
v -0.30344504 0.39307263 0.04498774
v -0.30843228 0.38847393 0.04498774
v -0.27107409 0.42086485 0.03495758
v -0.26594830 0.42698312 0.01497881
v -0.28224921 0.41182739 0.03495758
v -0.25500405 0.43454102 0.01497881
v -0.24410599 0.44257876 0.00494866
v -0.26096106 0.43066210 0.01497881
v -0.29841161 0.39871106 0.03495758
v -0.36966467 0.32969040 0.03756705
v -0.37548310 0.32537162 0.02492742
v -0.38033181 0.32037303 0.02492742
v -0.32879689 0.36879945 0.04498774
v -0.33895612 0.35896221 0.04498774
v -0.34398955 0.35396361 0.04498774
v -0.35401022 0.34400639 0.04498774
v -0.37594491 0.32589146 0.01497881
v -0.37626815 0.32621139 0.00494866
v -0.38134775 0.32145274 -0.00508150
v -0.40559134 0.29526007 -0.01503011
v -0.41016299 0.29026148 -0.01503011
v -0.41007063 0.29010150 -0.02163533
v -0.41293368 0.28594267 -0.02497872
v -0.41842890 0.27758503 -0.03500887
v -0.41861361 0.27790493 -0.02506026
v -0.43006581 0.26014990 -0.02285852
v -0.42184609 0.27290633 -0.02506026
v -0.42997345 0.25998995 -0.02954529
v -0.43260562 0.25599107 -0.02571263
v -0.43819317 0.24703358 -0.02506026
v -0.44110242 0.24203499 -0.02506026
v -0.44101006 0.24179505 -0.03500887
v -0.44447342 0.23503694 -0.03500887
v -0.44849092 0.22699919 -0.03500887
v -0.45098454 0.22200060 -0.03500887
v -0.45846543 0.20692483 -0.03500887
v -0.46072817 0.20160632 -0.04503903
v -0.46345270 0.19500816 -0.04503903
v -0.47850680 0.15609908 -0.02506026
v -0.48012304 0.15046066 -0.03500887
v -0.46714693 0.18501097 -0.04503903
v -0.46668518 0.18501097 -0.05506919
v -0.47998449 0.15010075 -0.04047245
v -0.48903543 0.11663014 -0.04503903
v -0.49042076 0.11163154 -0.04503903
v -0.49217555 0.10503338 -0.04503903
v -0.49568510 0.09255688 -0.02506026
v -0.49554658 0.09255688 -0.02750664
v -0.49416122 0.09503619 -0.04503903
v -0.22503437 0.10503338 -0.47552025
v -0.22503437 0.11503059 -0.47446012
v -0.22595793 0.12582757 -0.47250307
v -0.22392610 0.13502498 -0.47193223
v -0.22175571 0.14502218 -0.47087210
v -0.22037037 0.15070058 -0.47013819
v -0.21870795 0.15733872 -0.46924120
v -0.22591177 0.16581635 -0.46304369
v -0.22979073 0.16965528 -0.45986342
v -0.20531626 0.21488260 -0.44714224
v -0.20503919 0.22272040 -0.44184178
v -0.19926691 0.22959846 -0.43964005
v -0.14500746 0.30825642 -0.40881562
v -0.12002502 0.31997314 -0.40995729
v -0.11448364 0.31421477 -0.41615480
v -0.13521767 0.30509731 -0.41501313
v -0.14870173 0.31929332 -0.39943784
v -0.11078937 0.31037584 -0.42023206
v -0.11448364 0.30521727 -0.42251539
v -0.10501710 0.31165546 -0.42121065
v -0.22249457 0.17501378 -0.46116817
v -0.23925728 0.17901266 -0.44950706
v -0.23556301 0.18585074 -0.44828391
v -0.24175090 0.19216897 -0.44110787
v -0.23907256 0.19884709 -0.43931383
v -0.23542447 0.20548522 -0.43751985
v -0.24082734 0.21072376 -0.43050689
v -0.23413149 0.21444273 -0.43197471
v -0.23020634 0.22016111 -0.43009913
v -0.22503437 0.22731911 -0.42789739
v -0.21944681 0.22959846 -0.42960984
v -0.21279714 0.23203778 -0.43148541
v -0.21764585 0.21832162 -0.43874300
v -0.20503919 0.22771899 -0.43833530
v -0.09504260 0.31873348 -0.41900891
v -0.09545819 0.32577151 -0.41362685
v -0.06502673 0.33432913 -0.41346377
v -0.07500124 0.33324942 -0.41256678
v -0.10501710 0.32341218 -0.41256678
v -0.09906010 0.32961044 -0.40963107
v -0.09545819 0.33452904 -0.40661389
v -0.08502191 0.33700836 -0.40742934
v -0.07500124 0.33824801 -0.40848947
v -0.05948535 0.33988756 -0.40987575
v -0.05569872 0.33592868 -0.41362685
v -0.04466212 0.33408919 -0.41648096
v -0.02462076 0.33616859 -0.41688871
v -0.02462076 0.33093005 -0.42112911
v -0.03501087 0.34168705 -0.41134357
v -0.02462076 0.34208694 -0.41207749
v -0.21838471 0.09255688 -0.47927135
v -0.21820000 0.09503619 -0.47918981
v -0.22351049 0.09255688 -0.47715116
v -0.22503437 0.09503619 -0.47633570
v -0.02462076 0.48932564 0.05648571
v -0.02462076 0.49028540 0.05151141
v -0.03210165 0.49008545 0.05053286
v -0.03875130 0.48992550 0.04955430
v -0.04503155 0.49060529 0.04351990
v -0.03524175 0.49076527 0.04572165
v -0.03501087 0.49256474 0.03495758
v -0.02503636 0.49460417 0.02492742
v -0.02503636 0.49600381 0.01497881
v -0.03501087 0.49548393 0.01497881
v -0.03501087 0.49672359 0.00494866
v -0.03501087 0.49784327 -0.00508150
v -0.04503155 0.49724346 -0.00508150
v -0.05500606 0.49748337 -0.01503011
v -0.08502191 0.49404436 -0.00508150
v -0.08502191 0.49488410 -0.01503011
v -0.09504260 0.49376440 -0.01503011
v -0.11942472 0.48988551 -0.01136054
v -0.12501228 0.48852587 -0.00508150
v -0.12455049 0.48936564 -0.01486702
v -0.19257106 0.47113076 -0.02506026
v -0.19755831 0.46889138 -0.02506026
v -0.21820000 0.45917410 -0.01503011
v -0.22503437 0.45557511 -0.01503011
v -0.23219199 0.45141628 -0.01503011
v -0.25500405 0.43630052 -0.00508150
v -0.24909323 0.43937966 0.00494866
v -0.12741356 0.48960561 -0.02506026
v -0.12875272 0.48980552 -0.03500887
v -0.13503297 0.48872584 -0.04503903
v -0.14500746 0.48632652 -0.04503903
v -0.17502332 0.47812879 -0.03500887
v -0.17502332 0.47784889 -0.02506026
v -0.18504401 0.47436985 -0.02506026
v -0.30413771 0.39371246 0.03495758
v -0.30917114 0.38919374 0.03495758
v -0.27176675 0.42142469 0.02492742
v -0.26668715 0.42750299 0.00494866
v -0.27744669 0.41790569 0.01497881
v -0.25500405 0.43554074 0.00494866
v -0.26165372 0.43114197 0.00494866
v -0.29905811 0.39923093 0.02492742
v -0.28857565 0.40882823 0.01497881
v -0.34962329 0.34964481 0.03707777
v -0.36005959 0.34008750 0.03071719
v -0.36541626 0.33548880 0.02492742
v -0.37044969 0.33045021 0.02492742
v -0.37095764 0.33097005 0.01497881
v -0.31434309 0.38419515 0.03495758
v -0.33969498 0.35968202 0.03495758
v -0.37128091 0.33124998 0.00494866
v -0.37649903 0.32645133 -0.00508150
v -0.38134775 0.32145274 -0.01503011
v -0.38610411 0.31577432 -0.02506026
v -0.40988591 0.28990155 -0.02832210
v -0.41339546 0.28466302 -0.03500887
v -0.42651010 0.26502854 -0.03500887
v -0.41307223 0.28418317 -0.04503903
v -0.41805947 0.27706516 -0.04503903
v -0.42586356 0.26502854 -0.04503903
v -0.43279034 0.25431153 -0.04503903
v -0.43306738 0.25483140 -0.03500887
v -0.43805465 0.24679366 -0.03500887
v -0.44077915 0.24147514 -0.04503903
v -0.44410402 0.23503694 -0.04503903
v -0.44830620 0.22667930 -0.04503903
v -0.45079982 0.22168070 -0.04503903
v -0.45412469 0.21500257 -0.04503903
v -0.45828071 0.20660491 -0.04503903
v -0.46045110 0.20100649 -0.05506919
v -0.46289855 0.19500816 -0.05506919
v -0.46179026 0.19600788 -0.06583326
v -0.46594632 0.18501097 -0.06501779
v -0.46922496 0.17789297 -0.05506919
v -0.47979978 0.14938095 -0.04715922
v -0.49018991 0.11079177 -0.05205198
v -0.49115962 0.10571320 -0.05523228
v -0.49337620 0.09503619 -0.05506919
v -0.49434593 0.09255688 -0.04748541
v -0.23413149 0.09503619 -0.47209531
v -0.23325410 0.10503338 -0.47160602
v -0.23209965 0.11503059 -0.47103524
v -0.23094518 0.12302834 -0.47046441
v -0.22992927 0.12966648 -0.46989357
v -0.22891334 0.13502498 -0.46940428
v -0.22674297 0.14502218 -0.46826267
v -0.22424933 0.15441954 -0.46720254
v -0.23149933 0.16301714 -0.46084195
v -0.24138147 0.14282280 -0.46084195
v -0.23976523 0.14950092 -0.45978189
v -0.25163305 0.15317990 -0.45097488
v -0.24992445 0.15985802 -0.44991481
v -0.24863146 0.16501658 -0.44901782
v -0.24161236 0.17233452 -0.45097488
v -0.14200588 0.32097286 -0.40074259
v -0.12177980 0.33089009 -0.40066105
v -0.11503778 0.32617140 -0.40694010
v -0.11503778 0.32117280 -0.41085428
v -0.15502813 0.31713393 -0.39772540
v -0.16158545 0.32113281 -0.39087552
v -0.15502813 0.32321224 -0.39275110
v -0.15502813 0.32821083 -0.38851070
v -0.14967147 0.32977039 -0.38981545
v -0.14297563 0.33156988 -0.39136481
v -0.13009189 0.34000751 -0.38997853
v -0.16033864 0.31021586 -0.40017176
v -0.10501710 0.31665406 -0.41754109
v -0.24498338 0.17541367 -0.44738686
v -0.25103274 0.18129201 -0.44070011
v -0.24502955 0.18477103 -0.44282031
v -0.24840057 0.18797013 -0.43882453
v -0.25541967 0.18549083 -0.43523651
v -0.25976041 0.18968967 -0.42977297
v -0.25264898 0.19500816 -0.43181163
v -0.25043240 0.20048663 -0.43026221
v -0.24752317 0.20716476 -0.42830515
v -0.25209484 0.21220335 -0.42161834
v -0.24475248 0.21480262 -0.42479867
v -0.24198179 0.22172068 -0.42129219
v -0.23810282 0.22839880 -0.41868269
v -0.23140697 0.23119801 -0.42088443
v -0.22720475 0.23787615 -0.41827500
v -0.17941025 0.30953607 -0.38957077
v -0.16828130 0.31869349 -0.38891840
v -0.06502673 0.33932772 -0.40938646
v -0.10501710 0.32841077 -0.40865254
v -0.11503778 0.33724830 -0.39772540
v -0.09504260 0.34104723 -0.40098721
v -0.11503778 0.34304667 -0.39266956
v -0.08502191 0.34260678 -0.40245503
v -0.07500124 0.34380645 -0.40351516
v -0.06479584 0.34572592 -0.40367824
v -0.06133248 0.35024464 -0.40017176
v -0.05500606 0.35076451 -0.40074259
v -0.05569872 0.34424633 -0.40653235
v -0.04503155 0.34600583 -0.40653235
v -0.04503155 0.34100723 -0.41077274
v -0.03501087 0.34668565 -0.40718472
v -0.02503636 0.34728548 -0.40767401
v -0.02462076 0.34712553 -0.40783709
v -0.22503437 0.09255688 -0.47649878
v -0.02462076 0.49148506 0.04458000
v -0.02503636 0.49140507 0.04498774
v -0.02462076 0.49308461 0.03495758
v -0.02462076 0.49460417 0.02492742
v -0.02462076 0.49600381 0.01497881
v -0.02462076 0.49724346 0.00494866
v -0.02503636 0.49836314 -0.00508150
v -0.02462076 0.49936286 -0.01543783
v -0.03501087 0.49876302 -0.01503011
v -0.04503155 0.49820316 -0.01503011
v -0.04503155 0.49896297 -0.02506026
v -0.05500606 0.49820316 -0.02506026
v -0.07500124 0.49576384 -0.01503011
v -0.06502673 0.49732342 -0.02506026
v -0.07500124 0.49644369 -0.02506026
v -0.08502191 0.49552393 -0.02506026
v -0.09504260 0.49440426 -0.02506026
v -0.10501710 0.49296463 -0.02506026
v -0.10501710 0.49228483 -0.01503011
v -0.12090242 0.49012542 -0.01804731
v -0.18504401 0.47472978 -0.03500887
v -0.19294049 0.47133070 -0.03500887
v -0.21358216 0.46161342 -0.02506026
v -0.21856941 0.45929408 -0.02506026
v -0.22503437 0.45589504 -0.02506026
v -0.23246907 0.45157623 -0.02506026
v -0.25403431 0.43734023 -0.01584557
v -0.26253110 0.43174180 -0.01503011
v -0.26225403 0.43154186 -0.00508150
v -0.11503778 0.49184495 -0.03500887
v -0.10501710 0.49344450 -0.04503903
v -0.11503778 0.49192494 -0.04503903
v -0.12898362 0.48980552 -0.04503903
v -0.12866037 0.48976552 -0.05506919
v -0.13503297 0.48860586 -0.05506919
v -0.14500746 0.48620653 -0.05506919
v -0.17502332 0.47800884 -0.04503903
v -0.30469185 0.39423233 0.02492742
v -0.30995616 0.38999352 0.01987157
v -0.32011539 0.38011628 0.02117631
v -0.34038764 0.36036181 0.02329651
v -0.27241325 0.42198455 0.01497881
v -0.26724130 0.42790288 -0.00508150
v -0.27305976 0.42250440 0.00494866
v -0.29462498 0.40382963 0.01497881
v -0.29961225 0.39967078 0.01497881
v -0.27804700 0.41838557 0.00494866
v -0.28908360 0.40926811 0.00494866
v -0.35003889 0.35004470 0.03039100
v -0.36089078 0.34088728 0.01497881
v -0.35581118 0.34588587 0.01497881
v -0.34071088 0.36072171 0.01497881
v -0.35608825 0.34616581 0.00494866
v -0.37151179 0.33148992 -0.00508150
v -0.37649903 0.32645133 -0.01503011
v -0.38107067 0.32117280 -0.02506026
v -0.38079363 0.32081291 -0.03500887
v -0.38578087 0.31545439 -0.03500887
v -0.40383655 0.29597986 -0.03541660
v -0.40970120 0.28966165 -0.03500887
v -0.40923941 0.28918177 -0.04503903
v -0.41265661 0.28354335 -0.05506919
v -0.41764385 0.27642533 -0.05506919
v -0.43209764 0.25319186 -0.06501779
v -0.43246707 0.25375170 -0.05506919
v -0.43777758 0.24647374 -0.04503903
v -0.43745434 0.24599388 -0.05506919
v -0.44054827 0.24099527 -0.05506919
v -0.44364220 0.23503694 -0.05506919
v -0.44807532 0.22615942 -0.05506919
v -0.45800364 0.20600508 -0.05506919
v -0.46017402 0.20044664 -0.06306069
v -0.45994312 0.19996677 -0.06974746
v -0.46160555 0.19412842 -0.07504795
v -0.46885556 0.17669329 -0.06501779
v -0.47375041 0.16501658 -0.05506919
v -0.46488422 0.18501097 -0.07504795
v -0.47721380 0.15501937 -0.05506919
v -0.47947654 0.14818129 -0.05506919
v -0.48594147 0.12502779 -0.05506919
v -0.48885071 0.11447075 -0.05523228
v -0.48765010 0.11503059 -0.06501779
v -0.48982048 0.10951214 -0.05873875
v -0.49079019 0.10319391 -0.06501779
v -0.49032843 0.10143439 -0.07325394
v -0.48995900 0.09991482 -0.07994071
v -0.49236026 0.09503619 -0.06501779
v -0.49351472 0.09255688 -0.05751556
v -0.49374563 0.09255688 -0.05506919
v -0.23450091 0.09255688 -0.47201377
v -0.23930345 0.09255688 -0.46956742
v -0.24479866 0.09255688 -0.46671331
v -0.23911874 0.09503619 -0.46948582
v -0.23824134 0.10503338 -0.46907812
v -0.23708689 0.11503059 -0.46842575
v -0.23454709 0.12582757 -0.46809959
v -0.23500888 0.13502498 -0.46614248
v -0.23588626 0.14570199 -0.46312529
v -0.23343882 0.15501937 -0.46198362
v -0.25352636 0.14502218 -0.45227963
v -0.24285918 0.13502498 -0.46173900
v -0.25976041 0.13918382 -0.44975173
v -0.25851360 0.14502218 -0.44893628
v -0.25500405 0.15593912 -0.44779462
v -0.25957569 0.16905545 -0.43964005
v -0.25292602 0.17501378 -0.44208640
v -0.12510464 0.33452904 -0.39642066
v -0.11503778 0.33224970 -0.40196580
v -0.16537207 0.32521167 -0.38516730
v -0.16246285 0.33156988 -0.38149774
v -0.15410458 0.33492893 -0.38280249
v -0.15013325 0.34004751 -0.38002992
v -0.12501228 0.34108722 -0.39095706
v -0.13355526 0.34420633 -0.38427031
v -0.13036896 0.35012469 -0.38011146
v -0.12501228 0.34608582 -0.38614583
v -0.25791329 0.17501378 -0.43849838
v -0.26890370 0.17789297 -0.42912060
v -0.26225403 0.18305153 -0.43164849
v -0.26534799 0.18581074 -0.42757124
v -0.27047378 0.19068938 -0.42039520
v -0.26474768 0.19444832 -0.42276001
v -0.25879067 0.20840442 -0.41892731
v -0.25763622 0.19500816 -0.42814201
v -0.25458845 0.20444551 -0.42463559
v -0.27042758 0.22048102 -0.40033484
v -0.25971425 0.21972124 -0.40971267
v -0.24867764 0.21888147 -0.41900891
v -0.23907256 0.23919578 -0.40930492
v -0.23523976 0.23519690 -0.41517621
v -0.23242289 0.24203499 -0.41158819
v -0.22822067 0.24871311 -0.40881562
v -0.22438788 0.24455428 -0.41460538
v -0.19044685 0.30029866 -0.39022315
v -0.19414112 0.30433753 -0.38435185
v -0.16915870 0.32933050 -0.37937754
v -0.20046754 0.28038424 -0.40025330
v -0.10792632 0.34928492 -0.38932616
v -0.09504260 0.35136434 -0.39128327
v -0.11503778 0.34804526 -0.38802141
v -0.08502191 0.34760541 -0.39764386
v -0.07500124 0.34880507 -0.39878547
v -0.06798214 0.34956485 -0.39960092
v -0.06853628 0.35972199 -0.38973385
v -0.06184043 0.36032182 -0.39030468
v -0.05500606 0.36088169 -0.39087552
v -0.04503155 0.35656288 -0.39666528
v -0.04503155 0.35156429 -0.40147650
v -0.03501087 0.35228407 -0.40212888
v -0.02503636 0.35288391 -0.40269971
v -0.02462076 0.35292390 -0.40269971
v -0.02462076 0.49840313 -0.00540768
v -0.02462076 0.49984270 -0.02204306
v -0.02503636 0.49984270 -0.02220615
v -0.03094718 0.50004268 -0.02938220
v -0.04410799 0.49960279 -0.03590588
v -0.05500606 0.49872303 -0.03500887
v -0.08502191 0.49592382 -0.03500887
v -0.09504260 0.49476415 -0.03500887
v -0.10501710 0.49332455 -0.03500887
v -0.18504401 0.47456980 -0.04503903
v -0.19261724 0.47121075 -0.04503903
v -0.20503919 0.46573228 -0.03500887
v -0.21367452 0.46169341 -0.03500887
v -0.21870795 0.45933408 -0.03500887
v -0.22503437 0.45601499 -0.03500887
v -0.23260760 0.45165622 -0.03500887
v -0.25020152 0.44009948 -0.02506026
v -0.25518876 0.43686038 -0.02506026
v -0.26271582 0.43186176 -0.02506026
v -0.26751837 0.42810282 -0.01503011
v -0.09504260 0.49488410 -0.04503903
v -0.10501710 0.49336451 -0.05506919
v -0.11503778 0.49184495 -0.05506919
v -0.10501710 0.49312460 -0.06501779
v -0.11503778 0.49156505 -0.06501779
v -0.12750590 0.48956561 -0.06501779
v -0.13503297 0.48820597 -0.06501779
v -0.14500746 0.48580664 -0.06501779
v -0.17502332 0.47760895 -0.05506919
v -0.29993549 0.39991072 0.00918905
v -0.31023324 0.39023346 0.01318480
v -0.32537973 0.37555754 0.01497881
v -0.33558512 0.36572033 0.01497881
v -0.27347535 0.42290428 -0.00508150
v -0.28446579 0.41374683 -0.00508150
v -0.30016640 0.40015066 0.00250228
v -0.33087492 0.37083888 0.00494866
v -0.34098795 0.36096165 0.00494866
v -0.34620610 0.35628295 -0.00508150
v -0.34117267 0.36116159 -0.01503011
v -0.37146562 0.33144993 -0.01503011
v -0.37118852 0.33116999 -0.02506026
v -0.37091148 0.33089009 -0.03500887
v -0.37617579 0.32617140 -0.02506026
v -0.37589872 0.32581151 -0.03500887
v -0.37543693 0.32533163 -0.04503903
v -0.38028565 0.32033303 -0.04503903
v -0.39016780 0.31017590 -0.04153255
v -0.39991140 0.29989877 -0.03908617
v -0.40425217 0.29462025 -0.04503903
v -0.40868527 0.28854194 -0.05506919
v -0.41214865 0.28282356 -0.06501779
v -0.41718209 0.27578554 -0.06501779
v -0.42018366 0.27030706 -0.07145993
v -0.43158969 0.25243208 -0.07504795
v -0.44004029 0.24015552 -0.07072601
v -0.43708491 0.24547403 -0.06501779
v -0.44027120 0.24047542 -0.06501779
v -0.44299573 0.23503694 -0.06501779
v -0.44775206 0.22547963 -0.06501779
v -0.45001483 0.22004116 -0.07015519
v -0.43925530 0.23859595 -0.08499656
v -0.44170272 0.23359735 -0.08499656
v -0.44110242 0.23235770 -0.09494516
v -0.44461197 0.22503975 -0.09494516
v -0.45961988 0.19916700 -0.07504795
v -0.46100524 0.19256885 -0.08499656
v -0.47056413 0.17169470 -0.06501779
v -0.47019470 0.17065500 -0.07170457
v -0.46003550 0.19012953 -0.10024565
v -0.47624406 0.15501937 -0.06501779
v -0.47896856 0.14642179 -0.06501779
v -0.48215488 0.13502498 -0.06501779
v -0.48007685 0.14038348 -0.07072601
v -0.48949721 0.10819250 -0.06501779
v -0.49042076 0.09255688 -0.08401801
v -0.49051315 0.09327668 -0.08279482
v -0.49162143 0.09255688 -0.07570031
v -0.47679818 0.14502218 -0.08499656
v -0.47536665 0.14502218 -0.09494516
v -0.47642878 0.13502498 -0.10497532
v -0.48409438 0.10503338 -0.10497532
v -0.48626474 0.09503619 -0.10497532
v -0.48806569 0.09503619 -0.09494516
v -0.49249882 0.09255688 -0.06746417
v -0.25324929 0.09255688 -0.46198362
v -0.24502955 0.09503619 -0.46638709
v -0.24502955 0.10503338 -0.46540856
v -0.24502955 0.11503059 -0.46402228
v -0.25098655 0.11503059 -0.46059734
v -0.24909323 0.12706721 -0.45937413
v -0.24784642 0.13502498 -0.45847714
v -0.26858047 0.11503059 -0.44893628
v -0.26701039 0.12502779 -0.44779462
v -0.27356771 0.12502779 -0.44282031
v -0.27190530 0.13502498 -0.44151556
v -0.27070466 0.14198303 -0.44053704
v -0.26945785 0.14866115 -0.43955845
v -0.26567122 0.14518213 -0.44347268
v -0.25588143 0.13550484 -0.45309508
v -0.26197699 0.12502779 -0.45130110
v -0.26294672 0.15501937 -0.44224948
v -0.26793396 0.15501937 -0.43841684
v -0.27051994 0.17121483 -0.43042535
v -0.15678293 0.33824801 -0.37815434
v -0.16943575 0.33964762 -0.36967355
v -0.14500746 0.34636575 -0.37636036
v -0.13701862 0.34844515 -0.37848055
v -0.16278610 0.34148711 -0.37154913
v -0.15004089 0.35000473 -0.36999977
v -0.14500746 0.35136434 -0.37130451
v -0.12501228 0.35112441 -0.38117152
v -0.13669538 0.35848233 -0.36845040
v -0.13004571 0.36000192 -0.36999977
v -0.28035593 0.15082055 -0.43026221
v -0.28478903 0.15457951 -0.42479867
v -0.28917596 0.15833844 -0.41925353
v -0.29310110 0.16501658 -0.41281140
v -0.27929381 0.17853278 -0.41933507
v -0.28289571 0.18501097 -0.41264832
v -0.27735433 0.18501097 -0.41762263
v -0.27232090 0.18501097 -0.42210764
v -0.28095624 0.19132920 -0.41085428
v -0.27449128 0.19436835 -0.41452384
v -0.27181295 0.20248607 -0.41158819
v -0.26931933 0.20916420 -0.40938646
v -0.26040691 0.23039824 -0.40025330
v -0.27259797 0.21500257 -0.40237349
v -0.28077152 0.22092091 -0.39071244
v -0.28137183 0.23147795 -0.38117152
v -0.26821104 0.24823324 -0.37839901
v -0.26151520 0.25147235 -0.38125312
v -0.25417286 0.23423716 -0.40204734
v -0.25024769 0.24023549 -0.40017176
v -0.25306457 0.22288036 -0.41232210
v -0.24572223 0.23551682 -0.40742934
v -0.23976523 0.24979281 -0.39976406
v -0.23588626 0.25559118 -0.39764386
v -0.22909805 0.25927016 -0.39935631
v -0.20508537 0.29506013 -0.38500422
v -0.19788155 0.30833641 -0.37848055
v -0.18074943 0.33053017 -0.37048900
v -0.17502332 0.33764818 -0.36779803
v -0.10127667 0.36040181 -0.38043761
v -0.09504260 0.35636294 -0.38630897
v -0.08502191 0.35272396 -0.39266956
v -0.11503778 0.35292390 -0.38304710
v -0.07500124 0.35396361 -0.39381117
v -0.07500124 0.35896221 -0.38891840
v -0.08502191 0.36256120 -0.38272095
v -0.07500124 0.36376086 -0.38394409
v -0.06765889 0.36955923 -0.37954062
v -0.05500606 0.36588025 -0.38573813
v -0.04503155 0.36668003 -0.38663512
v -0.04503155 0.36168146 -0.39160943
v -0.03501087 0.36236125 -0.39234334
v -0.03501087 0.35728267 -0.39731765
v -0.02503636 0.35788250 -0.39788848
v -0.02462076 0.35792249 -0.39788848
v -0.02462076 0.50020260 -0.02709891
v -0.02462076 0.50060248 -0.03500887
v -0.04013665 0.50000268 -0.03990163
v -0.04637071 0.49976274 -0.04503903
v -0.05500606 0.49900293 -0.04503903
v -0.08502191 0.49604380 -0.04503903
v -0.18504401 0.47408992 -0.05506919
v -0.21838471 0.45925409 -0.04503903
v -0.19150896 0.47073087 -0.06501779
v -0.22503437 0.45581508 -0.04503903
v -0.23246907 0.45157623 -0.04503903
v -0.23759486 0.44841713 -0.03500887
v -0.24502955 0.44357848 -0.03500887
v -0.25029388 0.44013947 -0.03500887
v -0.25528112 0.43686038 -0.03500887
v -0.26266965 0.43186176 -0.03500887
v -0.26770309 0.42822278 -0.02506026
v -0.27361390 0.42310423 -0.01503011
v -0.08502191 0.49600381 -0.05506919
v -0.09504260 0.49480414 -0.05506919
v -0.09504260 0.49460417 -0.06501779
v -0.09504260 0.49408433 -0.07504795
v -0.10501710 0.49256474 -0.07504795
v -0.12113331 0.49016541 -0.07235693
v -0.12468903 0.48932564 -0.07537413
v -0.13503297 0.48752618 -0.07504795
v -0.14500746 0.48516685 -0.07504795
v -0.15502813 0.48292744 -0.06501779
v -0.16763481 0.47928846 -0.06501779
v -0.17502332 0.47712910 -0.06501779
v -0.31051031 0.39051336 0.00494866
v -0.31554374 0.38567472 0.00494866
v -0.32071570 0.38067612 0.00494866
v -0.29499441 0.40490931 -0.00508150
v -0.30039728 0.40035060 -0.00508150
v -0.32094660 0.38091606 -0.00508150
v -0.31083357 0.39083326 -0.01503011
v -0.31074122 0.39075330 -0.02506026
v -0.31055650 0.39055336 -0.03500887
v -0.31027943 0.39027342 -0.04316347
v -0.36042899 0.34040740 -0.04503903
v -0.37044969 0.33041021 -0.04503903
v -0.37008026 0.33009028 -0.05082879
v -0.38000858 0.32001314 -0.05017642
v -0.40365183 0.29398042 -0.05506919
v -0.40305153 0.29330063 -0.06501779
v -0.40803879 0.28786215 -0.06501779
v -0.41154832 0.28202379 -0.07504795
v -0.41708970 0.27418599 -0.07488485
v -0.41972187 0.26962724 -0.07806515
v -0.43094319 0.25147235 -0.08499656
v -0.43523777 0.24503414 -0.08499656
v -0.43708491 0.24407440 -0.07447713
v -0.43967086 0.23943572 -0.07741278
v -0.43856260 0.23735631 -0.09494516
v -0.44050211 0.23107806 -0.10318131
v -0.45038426 0.21084373 -0.10220276
v -0.45417085 0.20500536 -0.09494516
v -0.45828071 0.19600788 -0.09494516
v -0.47508961 0.15501937 -0.07504795
v -0.47000998 0.16005796 -0.10000101
v -0.45763421 0.19408843 -0.10407832
v -0.45514059 0.19500816 -0.11492393
v -0.45938900 0.18829006 -0.10685088
v -0.45883486 0.18497097 -0.11565784
v -0.45989695 0.17977244 -0.11949050
v -0.47846061 0.14422241 -0.07447713
v -0.49055931 0.09255688 -0.08312100
v -0.48843512 0.09255688 -0.09510826
v -0.47231889 0.15501937 -0.09494516
v -0.47093356 0.15485942 -0.10399677
v -0.47370425 0.14502218 -0.10497532
v -0.47448927 0.13502498 -0.11492393
v -0.47975361 0.11922941 -0.10880798
v -0.48063099 0.11255129 -0.11288528
v -0.48169309 0.10579318 -0.11573939
v -0.48617238 0.09255688 -0.10742170
v -0.48663417 0.09255688 -0.10497532
v -0.48801953 0.09255688 -0.09739155
v -0.48418671 0.09503619 -0.11492393
v -0.25823653 0.09255688 -0.45880330
v -0.25218719 0.10503338 -0.46133125
v -0.25597379 0.11503059 -0.45733547
v -0.26950404 0.10743272 -0.44967020
v -0.26354703 0.11503059 -0.45236117
v -0.25408050 0.12422800 -0.45668316
v -0.28049445 0.11195146 -0.44037396
v -0.27573809 0.11515056 -0.44339114
v -0.27961707 0.11858959 -0.43964005
v -0.27860114 0.12502779 -0.43882453
v -0.27689254 0.13502498 -0.43751985
v -0.28137183 0.14502218 -0.43115926
v -0.18098032 0.34068733 -0.36070353
v -0.17502332 0.34260678 -0.36274219
v -0.16911250 0.34944487 -0.35939878
v -0.16246285 0.35140434 -0.36143744
v -0.14985618 0.35988194 -0.35988808
v -0.14593104 0.35704273 -0.36502546
v -0.11503778 0.36280113 -0.37285388
v -0.14316034 0.36156148 -0.36176360
v -0.14934823 0.36967921 -0.34961325
v -0.14269856 0.37103882 -0.35124415
v -0.11503778 0.37211853 -0.36249751
v -0.11503778 0.36779973 -0.36747181
v -0.10737219 0.36915934 -0.36902118
v -0.28635910 0.14502218 -0.42675573
v -0.29698008 0.14502218 -0.41721487
v -0.29074603 0.15166032 -0.42063981
v -0.29951990 0.15909824 -0.40954953
v -0.28959158 0.17925259 -0.40954953
v -0.28788298 0.18501097 -0.40800017
v -0.29120779 0.19172908 -0.40115035
v -0.27846262 0.19800732 -0.40865254
v -0.28488138 0.19484821 -0.40490144
v -0.27966323 0.20960408 -0.39968246
v -0.25749767 0.24755344 -0.38793987
v -0.27758521 0.21500257 -0.39780694
v -0.28298807 0.21500257 -0.39283264
v -0.28802150 0.21500257 -0.38802141
v -0.29088455 0.22112085 -0.38084537
v -0.28802150 0.22779897 -0.37815434
v -0.29157722 0.23167789 -0.37146759
v -0.28488138 0.23491699 -0.37489253
v -0.27185911 0.25191221 -0.37171221
v -0.26844192 0.25859034 -0.36861348
v -0.26497856 0.25503135 -0.37497407
v -0.25791329 0.25815046 -0.37823588
v -0.25080183 0.25075254 -0.39063090
v -0.24424453 0.25447151 -0.39242488
v -0.22979073 0.26982719 -0.38981545
v -0.20882580 0.29901901 -0.37913293
v -0.19173986 0.32133275 -0.37114137
v -0.18739909 0.32801089 -0.36804265
v -0.09504260 0.36128157 -0.38133466
v -0.10072252 0.37019905 -0.37016284
v -0.08502191 0.35772255 -0.38769525
v -0.09504260 0.37091887 -0.37097830
v -0.08502191 0.36755979 -0.37733889
v -0.07500124 0.36875945 -0.37864363
v -0.05546783 0.37643731 -0.37424016
v -0.05500606 0.37067893 -0.38068229
v -0.07500124 0.37331820 -0.37366933
v -0.07500124 0.37831679 -0.36812419
v -0.06502673 0.37927651 -0.36918432
v -0.04503155 0.37147871 -0.38157928
v -0.03501087 0.37215850 -0.38231319
v -0.03501087 0.36735985 -0.38728750
v -0.02462076 0.36795968 -0.38793987
v -0.02503636 0.36292109 -0.39291418
v -0.02462076 0.50096238 -0.04544676
v -0.03501087 0.50040257 -0.04503903
v -0.04216850 0.50012267 -0.05506919
v -0.04720193 0.49980271 -0.05506919
v -0.05500606 0.49908292 -0.05506919
v -0.18504401 0.47357008 -0.06501779
v -0.21755350 0.45885420 -0.05506919
v -0.22503437 0.45513523 -0.05506919
v -0.19081628 0.47037098 -0.07504795
v -0.19030833 0.47013104 -0.08124544
v -0.23196110 0.45125633 -0.05506919
v -0.23745632 0.44829714 -0.04503903
v -0.25015533 0.44005948 -0.04169564
v -0.25412667 0.43722028 -0.04503903
v -0.26230022 0.43162185 -0.04503903
v -0.26765689 0.42818281 -0.03500887
v -0.27375242 0.42322421 -0.02506026
v -0.08502191 0.49580383 -0.06501779
v -0.08502191 0.49532399 -0.07504795
v -0.08502191 0.49460417 -0.08499656
v -0.09504260 0.49332455 -0.08499656
v -0.11573045 0.49080527 -0.07537413
v -0.11951707 0.48988551 -0.07896215
v -0.13503297 0.48656642 -0.08499656
v -0.14500746 0.48412710 -0.08499656
v -0.16052336 0.48012823 -0.08108235
v -0.16144693 0.48040816 -0.07504795
v -0.17502332 0.47640929 -0.07504795
v -0.30538452 0.39575189 -0.00508150
v -0.31078738 0.39075330 -0.00508150
v -0.30048963 0.40043059 -0.01503011
v -0.30552307 0.39583188 -0.01503011
v -0.30543071 0.39575189 -0.02506026
v -0.30030492 0.40027064 -0.03500887
v -0.30529216 0.39555195 -0.03500887
v -0.30012020 0.40011066 -0.04128791
v -0.30972528 0.38971359 -0.05506919
v -0.35008508 0.35008469 -0.05082879
v -0.36010575 0.34008750 -0.05099189
v -0.34971565 0.34972480 -0.05751556
v -0.35969016 0.33968762 -0.05767865
v -0.36966467 0.32965043 -0.05751556
v -0.37959298 0.31957325 -0.05678165
v -0.38370284 0.31397483 -0.06501779
v -0.38291782 0.31309506 -0.07504795
v -0.39755630 0.29741946 -0.07504795
v -0.40222031 0.29242086 -0.07504795
v -0.40725374 0.28702238 -0.07504795
v -0.41085565 0.28110403 -0.08499656
v -0.41510403 0.27502573 -0.08499656
v -0.42258495 0.26390886 -0.08499656
v -0.43038905 0.25067258 -0.09233569
v -0.43311357 0.24587391 -0.09535290
v -0.43265179 0.24391446 -0.10497532
v -0.43168205 0.24251485 -0.11492393
v -0.43625370 0.23503694 -0.11492393
v -0.43810081 0.23467705 -0.10595387
v -0.43994796 0.22999835 -0.10986808
v -0.44253394 0.22599947 -0.10595387
v -0.43953234 0.22907862 -0.11492393
v -0.44978392 0.20960408 -0.10888953
v -0.45218518 0.20576516 -0.10530151
v -0.45144635 0.20328584 -0.11492393
v -0.45061511 0.20148635 -0.12267080
v -0.45246226 0.19580793 -0.12560645
v -0.45689535 0.18501097 -0.12495409
v -0.45925045 0.17781299 -0.12495409
v -0.46086669 0.17281440 -0.12495409
v -0.46336031 0.16501658 -0.12495409
v -0.46654662 0.15501937 -0.12495409
v -0.46973294 0.14922100 -0.11883814
v -0.47042561 0.15146038 -0.11215137
v -0.47153389 0.14554204 -0.11525011
v -0.47056413 0.14194304 -0.12495409
v -0.47000998 0.14010356 -0.13000993
v -0.47989213 0.10963210 -0.11957205
v -0.47938418 0.10579318 -0.12585109
v -0.47993833 0.09975487 -0.12976530
v -0.48460233 0.09255688 -0.11492393
v -0.48155457 0.09583597 -0.12585109
v -0.48404819 0.09255688 -0.11737031
v -0.26350087 0.09255688 -0.45537841
v -0.25717443 0.10503338 -0.45806938
v -0.27010435 0.10075459 -0.45007789
v -0.28252628 0.09255688 -0.44192332
v -0.28229541 0.09503619 -0.44176024
v -0.28127947 0.10503338 -0.44094473
v -0.26571742 0.10447355 -0.45252430
v -0.28626674 0.10503338 -0.43694901
v -0.29236227 0.10503338 -0.43197471
v -0.29120779 0.11503059 -0.43099612
v -0.28428108 0.11515056 -0.43662280
v -0.29037660 0.12122884 -0.43034381
v -0.28303427 0.13502498 -0.43254554
v -0.29504061 0.12518774 -0.42504328
v -0.19192457 0.33144993 -0.36143744
v -0.18763000 0.33812806 -0.35809404
v -0.19183221 0.34140712 -0.35140729
v -0.18726057 0.34808525 -0.34798235
v -0.18061090 0.35036463 -0.35034716
v -0.17502332 0.34760541 -0.35736012
v -0.15502813 0.36803967 -0.34781927
v -0.16786569 0.36867949 -0.33844143
v -0.16121602 0.37067893 -0.34072477
v -0.16029246 0.38011628 -0.33012378
v -0.15502813 0.38131595 -0.33167315
v -0.13928136 0.38967359 -0.32955295
v -0.13258551 0.39103323 -0.33126542
v -0.12736738 0.37899658 -0.34871626
v -0.12071770 0.38023624 -0.35026562
v -0.12501228 0.38847393 -0.33811527
v -0.10501710 0.37879664 -0.35850179
v -0.10441677 0.37315822 -0.36543316
v -0.11503778 0.37711713 -0.35654467
v -0.30081287 0.12246850 -0.42072135
v -0.30409154 0.13502498 -0.41378993
v -0.30238295 0.14502218 -0.41224056
v -0.30099759 0.15242010 -0.41093582
v -0.29808837 0.16501658 -0.40808171
v -0.30524600 0.15565920 -0.40522760
v -0.30949441 0.15885830 -0.39943784
v -0.31115681 0.17257446 -0.39120173
v -0.30958676 0.17921260 -0.38957077
v -0.29310110 0.18501097 -0.40302587
v -0.30316797 0.18501097 -0.39315879
v -0.29808837 0.18501097 -0.39821464
v -0.30132085 0.19200900 -0.39128327
v -0.28211069 0.20296595 -0.40196580
v -0.29901195 0.19868714 -0.38899994
v -0.28986862 0.20988399 -0.38989699
v -0.29314730 0.21500257 -0.38304710
v -0.30085906 0.22124082 -0.37081522
v -0.29822689 0.22787896 -0.36828727
v -0.30159792 0.23183784 -0.36168206
v -0.28839093 0.23835602 -0.36845040
v -0.28206450 0.25219214 -0.36192667
v -0.27850878 0.24847318 -0.36861348
v -0.27532250 0.25539124 -0.36527008
v -0.26179227 0.26162949 -0.37154913
v -0.27878585 0.25883028 -0.35882795
v -0.27213618 0.26194939 -0.36192667
v -0.26511711 0.26514852 -0.36510700
v -0.24419835 0.27430594 -0.37432170
v -0.25121745 0.26106966 -0.38092691
v -0.25144833 0.27130678 -0.37114137
v -0.24701522 0.25739068 -0.38761371
v -0.24036555 0.26030988 -0.39022315
v -0.23413149 0.27438593 -0.38231319
v -0.23020634 0.28014430 -0.38011146
v -0.21953917 0.28962165 -0.37962216
v -0.20924141 0.30929613 -0.36934739
v -0.20254557 0.31201535 -0.37187529
v -0.19838953 0.31869349 -0.36877656
v -0.19515705 0.32509169 -0.36510700
v -0.09887539 0.37967640 -0.35956186
v -0.09531966 0.37655729 -0.36437309
v -0.08502191 0.38147590 -0.36176360
v -0.08502191 0.37715709 -0.36673790
v -0.08502191 0.37215850 -0.37236458
v -0.05242006 0.38039619 -0.37040746
v -0.07500124 0.38263556 -0.36306834
v -0.06502673 0.38355532 -0.36421001
v -0.04983409 0.38995352 -0.35988808
v -0.05546783 0.38383523 -0.36584091
v -0.04503155 0.37647730 -0.37603414
v -0.02462076 0.37255839 -0.38312864
v -0.03501087 0.37715709 -0.37676805
v -0.02462076 0.37755698 -0.37766510
v -0.02462076 0.50108236 -0.05506919
v -0.03501087 0.50052249 -0.05506919
v -0.04124494 0.50004268 -0.06216368
v -0.04475448 0.49972275 -0.06534398
v -0.05500606 0.49888298 -0.06501779
v -0.18504401 0.47285026 -0.07504795
v -0.20503919 0.46333295 -0.07504795
v -0.21030352 0.46013385 -0.08124544
v -0.21589108 0.45789447 -0.07504795
v -0.22434169 0.45237601 -0.08499656
v -0.22503437 0.45409554 -0.06501779
v -0.22595793 0.45249599 -0.07561877
v -0.23048341 0.45029661 -0.07268311
v -0.18569049 0.47165060 -0.08467037
v -0.18947712 0.46973115 -0.08785067
v -0.19418730 0.46781170 -0.08467037
v -0.24378274 0.44245881 -0.06501779
v -0.24877000 0.43917972 -0.06501779
v -0.24447541 0.44293869 -0.05506919
v -0.24987827 0.43989950 -0.04838241
v -0.24595311 0.44269872 -0.04503903
v -0.26183844 0.43130195 -0.05506919
v -0.26728746 0.42794287 -0.04503903
v -0.27342919 0.42294428 -0.04503903
v -0.27370626 0.42318422 -0.03500887
v -0.30044347 0.40039060 -0.02506026
v -0.07500124 0.49636370 -0.07504795
v -0.05500606 0.49776331 -0.08499656
v -0.05500606 0.49700350 -0.09494516
v -0.08502191 0.49368444 -0.09494516
v -0.10501710 0.49168500 -0.08499656
v -0.09504260 0.49232483 -0.09494516
v -0.12501228 0.48832595 -0.08499656
v -0.10520181 0.49068528 -0.09461898
v -0.12501228 0.48724625 -0.09494516
v -0.13503297 0.48540676 -0.09494516
v -0.14500746 0.48288745 -0.09494516
v -0.17502332 0.47540957 -0.08499656
v -0.28949922 0.40958801 -0.03500887
v -0.28418872 0.41362688 -0.04503903
v -0.27795464 0.41818559 -0.05506919
v -0.29439411 0.40382963 -0.05506919
v -0.29938135 0.39947087 -0.05506919
v -0.30469185 0.39447224 -0.05506919
v -0.30404535 0.39383245 -0.06501779
v -0.30903262 0.38903379 -0.06501779
v -0.33969498 0.35972199 -0.05718938
v -0.31475872 0.38471499 -0.05506919
v -0.33415359 0.36412075 -0.06501779
v -0.34417427 0.35416356 -0.06501779
v -0.35414875 0.34416634 -0.06501779
v -0.36412326 0.33412915 -0.06501779
v -0.36911052 0.32909060 -0.06501779
v -0.37400541 0.32409197 -0.06501779
v -0.37899268 0.31897342 -0.06501779
v -0.37820762 0.31809366 -0.07504795
v -0.38204044 0.31221530 -0.08499656
v -0.39672512 0.29649973 -0.08499656
v -0.40138912 0.29150110 -0.08499656
v -0.40637636 0.28610262 -0.08499656
v -0.41030151 0.28042424 -0.09168333
v -0.41288751 0.27574554 -0.09502672
v -0.42826486 0.24751344 -0.11492393
v -0.43080467 0.24123521 -0.12299699
v -0.43329829 0.23595668 -0.12576956
v -0.44188744 0.22408003 -0.11492393
v -0.43851644 0.22675927 -0.12495409
v -0.44608966 0.21500257 -0.11492393
v -0.44918358 0.20828444 -0.11492393
v -0.44983011 0.19968686 -0.12935758
v -0.45130780 0.19296874 -0.13498424
v -0.46017402 0.17069498 -0.13074385
v -0.45043039 0.19096929 -0.14150792
v -0.45435557 0.18501097 -0.13498424
v -0.46409917 0.15501937 -0.13498424
v -0.46908641 0.14698163 -0.12495409
v -0.46774727 0.14406244 -0.13400570
v -0.46446860 0.14502218 -0.14493285
v -0.46160555 0.14518213 -0.15504456
v -0.46442240 0.13502498 -0.15496302
v -0.46719313 0.13502498 -0.14493285
v -0.47481254 0.11503059 -0.13498424
v -0.47725999 0.10503338 -0.13498424
v -0.47448927 0.10503338 -0.14493285
v -0.47047177 0.10211420 -0.16148669
v -0.47379661 0.09503619 -0.15496302
v -0.47661346 0.09503619 -0.14493285
v -0.48058480 0.09255688 -0.13221169
v -0.48215488 0.09255688 -0.12552491
v -0.26922697 0.09255688 -0.45154572
v -0.27061230 0.09503619 -0.45040411
v -0.27458364 0.09255688 -0.44779462
v -0.27559957 0.09503619 -0.44673455
v -0.28751355 0.09255688 -0.43800908
v -0.28728265 0.09503619 -0.43784600
v -0.29342437 0.09503619 -0.43287170
v -0.29841161 0.09503619 -0.42863131
v -0.29734951 0.10503338 -0.42765278
v -0.30182880 0.11503059 -0.42161834
v -0.20286882 0.32217252 -0.36208981
v -0.20951848 0.31957325 -0.35956186
v -0.19520321 0.33512890 -0.35515839
v -0.20268410 0.33212972 -0.35214120
v -0.19848187 0.33876786 -0.34863472
v -0.19501850 0.34496614 -0.34496516
v -0.19155514 0.35112441 -0.34129554
v -0.18435133 0.35284391 -0.34472048
v -0.17991823 0.35992193 -0.33990932
v -0.17613161 0.36568034 -0.33583200
v -0.17229882 0.37143871 -0.33175468
v -0.16694213 0.37811685 -0.32767737
v -0.17137524 0.38083607 -0.32099062
v -0.16989754 0.38991353 -0.30990037
v -0.15821445 0.38915375 -0.31878889
v -0.15493578 0.38655448 -0.32457864
v -0.14500746 0.38847393 -0.32792205
v -0.13720334 0.39879104 -0.31838113
v -0.13055368 0.40019065 -0.32025671
v -0.12501228 0.39739144 -0.32653576
v -0.12501228 0.39239284 -0.33305943
v -0.11887057 0.38963360 -0.33950156
v -0.11503778 0.38123596 -0.35148883
v -0.10501710 0.38275555 -0.35352749
v -0.09504260 0.38919374 -0.34896088
v -0.30681604 0.11503059 -0.41713333
v -0.31106445 0.12326828 -0.41101736
v -0.30995616 0.12994641 -0.40995729
v -0.30907878 0.13502498 -0.40906030
v -0.30737019 0.14502218 -0.40726626
v -0.31087974 0.15222016 -0.40090567
v -0.31937653 0.15857838 -0.38932616
v -0.31291157 0.16501658 -0.39299572
v -0.31794500 0.16501658 -0.38777679
v -0.31291157 0.18501097 -0.38312864
v -0.30820140 0.18501097 -0.38810295
v -0.31115681 0.19192903 -0.38125312
v -0.30903262 0.19860716 -0.37896979
v -0.30612338 0.20664491 -0.37611568
v -0.29993549 0.20996398 -0.37994838
v -0.30991000 0.20992398 -0.36991823
v -0.30810905 0.21500257 -0.36796111
v -0.30455333 0.22443992 -0.36453617
v -0.28871417 0.24871311 -0.35866487
v -0.29185429 0.24203499 -0.36176360
v -0.30824757 0.22767901 -0.35809404
v -0.31129533 0.23159790 -0.35140729
v -0.30838612 0.23827603 -0.34822696
v -0.30169028 0.24187502 -0.35181499
v -0.29522532 0.24527408 -0.35523993
v -0.28543553 0.25547123 -0.35540301
v -0.28215685 0.26214933 -0.35214120
v -0.27536866 0.26538843 -0.35540301
v -0.26844192 0.26862752 -0.35858333
v -0.25472698 0.28478301 -0.35466909
v -0.24101205 0.29090127 -0.36086661
v -0.23685600 0.27730510 -0.37742043
v -0.24073498 0.27062696 -0.38051921
v -0.22018565 0.31013590 -0.36013269
v -0.09222572 0.38055617 -0.36062199
v -0.08977827 0.38991353 -0.34985793
v -0.08585313 0.38715431 -0.35450602
v -0.08308242 0.39071330 -0.35091799
v -0.07500124 0.38763416 -0.35695237
v -0.04590894 0.38675442 -0.36429155
v -0.04503155 0.38095605 -0.37105983
v -0.06502673 0.38855392 -0.35817558
v -0.05500606 0.38947365 -0.35931724
v -0.04313824 0.39039341 -0.36045885
v -0.05500606 0.39339256 -0.35434294
v -0.05500606 0.39839116 -0.34790081
v -0.04503155 0.39915094 -0.34887934
v -0.04590894 0.39355251 -0.35597384
v -0.03501087 0.38159585 -0.37179375
v -0.02503636 0.38215572 -0.37244612
v -0.02462076 0.38219571 -0.37244612
v -0.02462076 0.50088245 -0.06501779
v -0.03556500 0.50028259 -0.06534398
v -0.03921309 0.49992269 -0.06885046
v -0.04503155 0.49924290 -0.07504795
v -0.05500606 0.49840313 -0.07504795
v -0.21418248 0.45773453 -0.08467037
v -0.20956466 0.45973396 -0.08785067
v -0.22932895 0.44957680 -0.08499656
v -0.22988309 0.44989672 -0.07936989
v -0.22314106 0.45169622 -0.09494516
v -0.22817449 0.44889700 -0.09494516
v -0.23500888 0.44593781 -0.08499656
v -0.24207415 0.44133914 -0.08499656
v -0.24798496 0.43861988 -0.07504795
v -0.18324305 0.47129071 -0.09494516
v -0.18827648 0.46921128 -0.09494516
v -0.19501850 0.46593222 -0.09494516
v -0.25500405 0.43402117 -0.07504795
v -0.26054543 0.43038219 -0.07504795
v -0.26123813 0.43086207 -0.06501779
v -0.25500405 0.43594062 -0.05506919
v -0.26682568 0.42754298 -0.05506919
v -0.27292120 0.42254439 -0.05506919
v -0.04503155 0.49864304 -0.08499656
v -0.04503155 0.49788326 -0.09494516
v -0.05500606 0.49596381 -0.10497532
v -0.06502673 0.49480414 -0.10497532
v -0.07500124 0.49364445 -0.10497532
v -0.08502191 0.49244478 -0.10497532
v -0.09536584 0.49092522 -0.10521996
v -0.10196933 0.49032539 -0.10212121
v -0.10866518 0.48976552 -0.09771773
v -0.12501228 0.48592663 -0.10497532
v -0.13503297 0.48404714 -0.10497532
v -0.14556161 0.48136789 -0.10497532
v -0.15087211 0.48024821 -0.10171348
v -0.17502332 0.47404993 -0.09494516
v -0.18033382 0.47013104 -0.11068354
v -0.27232090 0.42210451 -0.06501779
v -0.27172059 0.42158467 -0.07504795
v -0.29868868 0.39883104 -0.06501779
v -0.30321416 0.39307263 -0.07504795
v -0.30824757 0.38819402 -0.07504795
v -0.30737019 0.38735425 -0.08499656
v -0.36329204 0.33328941 -0.07504795
v -0.36827931 0.32825083 -0.07504795
v -0.37322038 0.32325223 -0.07504795
v -0.37733024 0.31721392 -0.08499656
v -0.38102451 0.31113562 -0.09494516
v -0.38605791 0.30577710 -0.09494516
v -0.40060407 0.29070133 -0.09282497
v -0.40512955 0.28518289 -0.09559754
v -0.40960884 0.27954447 -0.09837010
v -0.41953719 0.25939012 -0.11761495
v -0.41053241 0.27082691 -0.12201843
v -0.42761835 0.24475423 -0.12576956
v -0.42988110 0.23991558 -0.12968376
v -0.43103555 0.23167789 -0.14493285
v -0.43228236 0.23379730 -0.13498424
v -0.43025053 0.23043823 -0.15072262
v -0.43740815 0.22415999 -0.13425033
v -0.43426803 0.22503975 -0.14493285
v -0.43985558 0.20980403 -0.14958097
v -0.45800364 0.17441395 -0.13441342
v -0.45163107 0.18521091 -0.14485130
v -0.44946069 0.18868995 -0.14819470
v -0.45070750 0.18201181 -0.15243508
v -0.45500207 0.17501378 -0.14493285
v -0.45948136 0.15837844 -0.14803159
v -0.46049726 0.15170030 -0.15186426
v -0.45957372 0.14866115 -0.15846948
v -0.46058965 0.14198303 -0.16173133
v -0.46137464 0.13474506 -0.16499317
v -0.46377593 0.12502779 -0.16499317
v -0.46968675 0.10879233 -0.15887722
v -0.46622336 0.11503059 -0.16499317
v -0.46857846 0.10527332 -0.16491163
v -0.46525365 0.10503338 -0.17494178
v -0.46936351 0.09687568 -0.16817346
v -0.47097975 0.09415644 -0.16491163
v -0.47416604 0.09255688 -0.15496302
v -0.27079701 0.09255688 -0.45048565
v -0.29365525 0.09255688 -0.43303478
v -0.29868868 0.09255688 -0.42879438
v -0.30944821 0.09255688 -0.41949815
v -0.30917114 0.09503619 -0.41925353
v -0.21501368 0.31729388 -0.35719705
v -0.22009329 0.32001314 -0.35002100
v -0.21501368 0.32209253 -0.35222274
v -0.20933376 0.32945049 -0.34936863
v -0.20236085 0.34188700 -0.34202951
v -0.19086248 0.36052176 -0.33061305
v -0.18504401 0.35828239 -0.33787066
v -0.19825098 0.34852514 -0.33835989
v -0.20203760 0.35160428 -0.33175468
v -0.19755831 0.35828239 -0.32792205
v -0.18504401 0.36240125 -0.33289635
v -0.17520803 0.37507769 -0.32506794
v -0.17807108 0.37871668 -0.31829959
v -0.18079561 0.39047337 -0.30060410
v -0.17502332 0.38839397 -0.30794328
v -0.17502332 0.39199296 -0.30288741
v -0.17520803 0.39719149 -0.29489589
v -0.16754246 0.39883104 -0.29815775
v -0.15502813 0.40171021 -0.30264276
v -0.14944057 0.39971077 -0.30957419
v -0.15493578 0.39315262 -0.31528240
v -0.14279091 0.40123037 -0.31169438
v -0.12501228 0.40107042 -0.32147992
v -0.13434029 0.40231007 -0.31495622
v -0.14025110 0.41006789 -0.30011487
v -0.13503297 0.40774852 -0.30647543
v -0.12704413 0.40906817 -0.30851409
v -0.12422726 0.40630895 -0.31405920
v -0.11503778 0.39899099 -0.32857439
v -0.11222090 0.39059335 -0.34080631
v -0.10501710 0.38779414 -0.34708536
v -0.10501710 0.39163303 -0.34211105
v -0.09504260 0.39803126 -0.33738136
v -0.31341955 0.10503338 -0.41321909
v -0.31221890 0.11503059 -0.41207749
v -0.31720614 0.11503059 -0.40718472
v -0.32103896 0.12326828 -0.40106875
v -0.31993067 0.12994641 -0.39992714
v -0.31221890 0.14502218 -0.40229195
v -0.31725234 0.14502218 -0.39707303
v -0.32071570 0.15190025 -0.39071244
v -0.32496411 0.15489940 -0.38492268
v -0.32916632 0.15793855 -0.37913293
v -0.32260901 0.16501658 -0.38280249
v -0.32505646 0.17517373 -0.37505561
v -0.32251665 0.18501097 -0.37277234
v -0.32090041 0.19172908 -0.37097830
v -0.31896093 0.19836722 -0.36885810
v -0.31231126 0.20328584 -0.37228304
v -0.31600553 0.20644496 -0.36608553
v -0.31064886 0.22100088 -0.36070353
v -0.28880653 0.25879028 -0.34871626
v -0.32030010 0.22048102 -0.35034716
v -0.31794500 0.22715916 -0.34765613
v -0.32090041 0.23119801 -0.34096938
v -0.32787335 0.23731631 -0.32767737
v -0.31817591 0.23787615 -0.33795220
v -0.31148005 0.24167508 -0.34162176
v -0.30506128 0.24511412 -0.34504670
v -0.30173644 0.25191221 -0.34186637
v -0.28538933 0.26542842 -0.34537286
v -0.27864733 0.26878747 -0.34863472
v -0.27199766 0.27186662 -0.35189652
v -0.26169991 0.28158391 -0.35157037
v -0.25140214 0.29122120 -0.35116261
v -0.08502191 0.39935088 -0.33909380
v -0.08585313 0.39391240 -0.34594369
v -0.07975760 0.39995071 -0.33990932
v -0.07500124 0.39155307 -0.35197806
v -0.03501087 0.38659447 -0.36608553
v -0.06502673 0.39747143 -0.34675914
v -0.02503636 0.39147308 -0.36176360
v -0.03427202 0.39651167 -0.35401672
v -0.02462076 0.39631173 -0.35572922
v -0.05500606 0.40219009 -0.34292650
v -0.03713506 0.39963081 -0.34953171
v -0.04503155 0.40290987 -0.34390503
v -0.02462076 0.38699436 -0.36698258
v -0.02462076 0.50044256 -0.07561877
v -0.03256342 0.50012267 -0.07284620
v -0.03556500 0.49980271 -0.07570031
v -0.02956183 0.49996269 -0.07953297
v -0.21501368 0.45589504 -0.09494516
v -0.23500888 0.44453824 -0.09494516
v -0.22157100 0.45081645 -0.10497532
v -0.22660443 0.44797724 -0.10497532
v -0.24022701 0.44013947 -0.10057184
v -0.26012984 0.43006229 -0.08059307
v -0.24096587 0.44061932 -0.09494516
v -0.18642935 0.46837154 -0.10497532
v -0.19501850 0.46421272 -0.10497532
v -0.26553270 0.42658323 -0.07504795
v -0.26622537 0.42710310 -0.06501779
v -0.03501087 0.49928287 -0.08499656
v -0.03501087 0.49848309 -0.09494516
v -0.04503155 0.49684358 -0.10497532
v -0.04503155 0.49552393 -0.11492393
v -0.05500606 0.49460417 -0.11492393
v -0.06502673 0.49336451 -0.11492393
v -0.07500124 0.49212489 -0.11492393
v -0.08511427 0.49080527 -0.11525011
v -0.08853146 0.48980552 -0.11883814
v -0.09222572 0.49032539 -0.11215137
v -0.09887539 0.48980552 -0.10880798
v -0.11503778 0.48764613 -0.10497532
v -0.11503778 0.48608658 -0.11492393
v -0.12501228 0.48436707 -0.11492393
v -0.13503297 0.48244759 -0.11492393
v -0.14071289 0.48020822 -0.12103988
v -0.14246766 0.48068810 -0.11492393
v -0.15502813 0.47696912 -0.11492393
v -0.17502332 0.47257036 -0.10497532
v -0.17839435 0.46949124 -0.11728877
v -0.18504401 0.46525240 -0.12495409
v -0.18421280 0.46769172 -0.11435311
v -0.27098173 0.42090484 -0.08499656
v -0.27601516 0.41634613 -0.08499656
v -0.29781130 0.39807123 -0.07504795
v -0.30238295 0.39227286 -0.08499656
v -0.36236849 0.33236966 -0.08499656
v -0.30136701 0.39135313 -0.09494516
v -0.30640045 0.38635454 -0.09494516
v -0.37234300 0.32237247 -0.08499656
v -0.37626815 0.31613421 -0.09494516
v -0.38028565 0.31033584 -0.10130575
v -0.38481110 0.30477738 -0.10424141
v -0.39986521 0.28990155 -0.09951174
v -0.40383655 0.28418317 -0.10497532
v -0.40882382 0.27854475 -0.10497532
v -0.41136360 0.27198660 -0.11492393
v -0.41237953 0.27354616 -0.10497532
v -0.40665343 0.27450588 -0.12519872
v -0.40960884 0.26946729 -0.12862366
v -0.41321075 0.26570836 -0.12519872
v -0.40753081 0.27698520 -0.11492393
v -0.41219482 0.26318905 -0.13498424
v -0.42914224 0.23879589 -0.13498424
v -0.42951167 0.21904144 -0.16866273
v -0.43066612 0.22148076 -0.16197596
v -0.43158969 0.22487980 -0.15439218
v -0.43583810 0.21500257 -0.15496302
v -0.42766452 0.23671648 -0.14493285
v -0.41099417 0.26146954 -0.14322039
v -0.40993208 0.25998995 -0.14982560
v -0.41251808 0.25363174 -0.15496302
v -0.42004514 0.24011552 -0.16010040
v -0.42110723 0.23163790 -0.17282158
v -0.41981423 0.22975843 -0.17950834
v -0.42050689 0.22096089 -0.19141406
v -0.43902439 0.20784457 -0.15496302
v -0.44124094 0.20284596 -0.15496302
v -0.44470429 0.19500816 -0.15496302
v -0.44567406 0.18501097 -0.16499317
v -0.44858330 0.18521091 -0.15545228
v -0.44969156 0.17917261 -0.15904030
v -0.45195431 0.17553362 -0.15545228
v -0.45541766 0.16501658 -0.15496302
v -0.45075366 0.17253447 -0.16246524
v -0.45204663 0.16553643 -0.16548243
v -0.44973773 0.16921540 -0.16915201
v -0.45551002 0.15501937 -0.16499317
v -0.44964540 0.15889829 -0.17893752
v -0.45518678 0.14502218 -0.17494178
v -0.45943516 0.13790417 -0.16841809
v -0.45818835 0.13474506 -0.17453405
v -0.46105140 0.12502779 -0.17314777
v -0.45998931 0.11998920 -0.17991608
v -0.46077436 0.11331107 -0.18219936
v -0.46165174 0.10503338 -0.18529812
v -0.46400684 0.09503619 -0.18497193
v -0.46793199 0.09415644 -0.17404476
v -0.46876317 0.09255688 -0.17241386
v -0.47056413 0.09255688 -0.16695026
v -0.47121063 0.09255688 -0.16491163
v -0.31360427 0.09255688 -0.41566551
v -0.31766793 0.09255688 -0.41191441
v -0.21584490 0.32757100 -0.34561753
v -0.23034488 0.32025307 -0.34023547
v -0.22406463 0.32205254 -0.34414965
v -0.21977004 0.32977039 -0.33974618
v -0.20901051 0.33916774 -0.33909380
v -0.18984655 0.36987916 -0.31976742
v -0.20868728 0.34888503 -0.32865596
v -0.20499301 0.35500333 -0.32498637
v -0.20134494 0.36096165 -0.32123524
v -0.18744528 0.38823402 -0.29750538
v -0.18448988 0.39223289 -0.29448819
v -0.18920004 0.39951083 -0.27923906
v -0.17867140 0.39931089 -0.28886151
v -0.17202175 0.40095043 -0.29147097
v -0.16454086 0.40231007 -0.29489589
v -0.15161096 0.41074771 -0.29114479
v -0.14690077 0.40858829 -0.29775000
v -0.14482275 0.40490931 -0.30484450
v -0.12039445 0.41010788 -0.31014502
v -0.11503778 0.40754861 -0.31634250
v -0.11503778 0.40254998 -0.32360011
v -0.13503297 0.41474658 -0.29497746
v -0.11166677 0.43050215 -0.28087002
v -0.12261102 0.42082486 -0.29138944
v -0.12556642 0.41786569 -0.29481435
v -0.10977346 0.41990513 -0.29987019
v -0.13503297 0.41090766 -0.30150113
v -0.14833230 0.41942525 -0.27899444
v -0.13503297 0.41882542 -0.28788295
v -0.10931167 0.39979076 -0.32971603
v -0.09504260 0.40175021 -0.33240706
v -0.31933036 0.09719558 -0.40930492
v -0.31840679 0.10503338 -0.40840793
v -0.32219341 0.11503059 -0.40221041
v -0.32718065 0.11503059 -0.39707303
v -0.33087492 0.12270844 -0.39095706
v -0.32542589 0.12634741 -0.39544213
v -0.32976663 0.12938656 -0.38973385
v -0.32376349 0.13502498 -0.39397424
v -0.31905329 0.13502498 -0.39894855
v -0.32196254 0.14502218 -0.39209872
v -0.32694978 0.14502218 -0.38671666
v -0.33466154 0.15401965 -0.37456632
v -0.33886376 0.15681887 -0.36861348
v -0.33216792 0.16501658 -0.37244612
v -0.32759628 0.16501658 -0.37742043
v -0.33041313 0.15126044 -0.38043761
v -0.33069021 0.17153475 -0.37073368
v -0.32755008 0.18501097 -0.36714566
v -0.33041313 0.19092931 -0.36045885
v -0.32865837 0.19760743 -0.35850179
v -0.32200870 0.20292595 -0.36225289
v -0.29864252 0.25859034 -0.33844143
v -0.29194665 0.26206937 -0.34202951
v -0.32930487 0.20908421 -0.34920555
v -0.32773480 0.21592230 -0.34553593
v -0.32810423 0.22503975 -0.33778912
v -0.33041313 0.23063818 -0.33044994
v -0.33262968 0.23439713 -0.32457864
v -0.33082876 0.24099527 -0.32099062
v -0.28862181 0.26874751 -0.33852303
v -0.28197217 0.27182662 -0.34194791
v -0.27518395 0.27518570 -0.34512824
v -0.25805181 0.28826204 -0.34806389
v -0.08502191 0.40294987 -0.33411950
v -0.08502191 0.40794849 -0.32702503
v -0.07500124 0.40890819 -0.32841131
v -0.07587862 0.40346974 -0.33591354
v -0.06456494 0.40678880 -0.33411950
v -0.06502673 0.40131032 -0.34170330
v -0.07587862 0.39723149 -0.34439433
v -0.02462076 0.39147308 -0.36176360
v -0.02462076 0.40023065 -0.35067338
v -0.05500606 0.40718868 -0.33583200
v -0.04503155 0.40790850 -0.33689207
v -0.03427202 0.40286991 -0.34569907
v -0.02462076 0.40438947 -0.34520978
v -0.02503636 0.40914816 -0.33876765
v -0.02462076 0.49992269 -0.08418110
v -0.21501368 0.45413554 -0.10497532
v -0.19561882 0.46217328 -0.11484239
v -0.21930827 0.44961679 -0.11794113
v -0.22429553 0.44729745 -0.11476084
v -0.23279232 0.44193894 -0.11492393
v -0.23542447 0.44245881 -0.10432296
v -0.25842124 0.42890260 -0.09494516
v -0.25343400 0.43226165 -0.09494516
v -0.24599929 0.43726027 -0.09494516
v -0.25694355 0.42794287 -0.10497532
v -0.26405498 0.42646331 -0.08426265
v -0.25939098 0.42954242 -0.08719830
v -0.02462076 0.49980271 -0.08589356
v -0.02462076 0.49908292 -0.09494516
v -0.02462076 0.49904293 -0.09535290
v -0.03501087 0.49744338 -0.10497532
v -0.03501087 0.49612376 -0.11492393
v -0.04503155 0.49392438 -0.12495409
v -0.05500606 0.49292466 -0.12495409
v -0.08511427 0.48916572 -0.12470945
v -0.08502191 0.48724625 -0.13498424
v -0.09504260 0.48576665 -0.13498424
v -0.09504260 0.48764613 -0.12495409
v -0.09536584 0.48932564 -0.11525011
v -0.10501710 0.48776609 -0.11492393
v -0.10501710 0.48596662 -0.12495409
v -0.12501228 0.48256755 -0.12495409
v -0.13475589 0.48080805 -0.12454636
v -0.13794219 0.47952843 -0.12764511
v -0.14500746 0.47588944 -0.13498424
v -0.16957429 0.46985114 -0.12927602
v -0.17502332 0.46893138 -0.12552491
v -0.17502332 0.46685195 -0.13498424
v -0.18578285 0.46253318 -0.13547352
v -0.19132425 0.46065372 -0.13245632
v -0.19298667 0.46149346 -0.12495409
v -0.27033523 0.42030501 -0.09176487
v -0.27421421 0.41622615 -0.09502672
v -0.29698008 0.39727145 -0.08499656
v -0.29601035 0.39635172 -0.09494516
v -0.30058199 0.39055336 -0.10277358
v -0.29984313 0.38987353 -0.10946035
v -0.37128091 0.32129276 -0.09494516
v -0.37044969 0.32045299 -0.10179503
v -0.37497514 0.31497455 -0.10489377
v -0.37950063 0.30945608 -0.10799252
v -0.39340028 0.29557997 -0.10424141
v -0.38929039 0.29921895 -0.10709552
v -0.39289230 0.29318064 -0.11492393
v -0.40254357 0.28278357 -0.11492393
v -0.40305153 0.27542561 -0.13433188
v -0.40217414 0.27258641 -0.14493285
v -0.40106589 0.28118402 -0.12495409
v -0.40868527 0.26818764 -0.13498424
v -0.41995275 0.24999276 -0.13987701
v -0.43103555 0.21236330 -0.17298466
v -0.43810081 0.19492820 -0.17518641
v -0.44068682 0.19156913 -0.17200612
v -0.42868048 0.21544245 -0.17575723
v -0.42988110 0.20980403 -0.17967144
v -0.44165653 0.19492820 -0.16450389
v -0.44027120 0.20068657 -0.16091587
v -0.40771553 0.26486859 -0.14591140
v -0.40088117 0.27110684 -0.15235353
v -0.40374422 0.26574832 -0.15537074
v -0.40217414 0.26302910 -0.16499317
v -0.40900850 0.25863034 -0.15496302
v -0.40762317 0.25495136 -0.16564554
v -0.41491935 0.24491417 -0.16483007
v -0.40979356 0.24975282 -0.16947819
v -0.40083498 0.26118961 -0.17208767
v -0.40346712 0.25563118 -0.17526796
v -0.39949581 0.25935012 -0.17877443
v -0.40711522 0.24475423 -0.18521658
v -0.41348782 0.23559679 -0.18521658
v -0.41173303 0.23251766 -0.19492054
v -0.41048622 0.23071817 -0.20103648
v -0.41695118 0.22455987 -0.19483900
v -0.41926008 0.21844161 -0.19810084
v -0.43953234 0.18904984 -0.17869288
v -0.44216451 0.18541086 -0.17518641
v -0.44091770 0.18237171 -0.18252555
v -0.44599730 0.17501378 -0.17494178
v -0.44886035 0.17553362 -0.16548243
v -0.44881418 0.16553643 -0.17534950
v -0.44216451 0.17541367 -0.18546119
v -0.43967086 0.17901266 -0.18921232
v -0.45066130 0.15222016 -0.18171009
v -0.45163107 0.14478225 -0.18497193
v -0.45435557 0.13502498 -0.18497193
v -0.45957372 0.10839245 -0.18880460
v -0.46040493 0.10171431 -0.19092479
v -0.46114379 0.09503619 -0.19263725
v -0.46442240 0.09255688 -0.18497193
v -0.46756256 0.09255688 -0.17592032
v -0.32288608 0.09255688 -0.40685856
v -0.24073498 0.31061575 -0.34064323
v -0.23699453 0.31729388 -0.33697361
v -0.22997545 0.32993034 -0.32987913
v -0.22600412 0.32801089 -0.33583200
v -0.21935445 0.33940768 -0.32930833
v -0.21210447 0.35172424 -0.32205072
v -0.20799460 0.35836238 -0.31797343
v -0.21136561 0.36104164 -0.31128663
v -0.21034968 0.37019905 -0.30027795
v -0.20684014 0.36771977 -0.30696470
v -0.19894366 0.37923652 -0.29889166
v -0.19229400 0.38155589 -0.30199039
v -0.19081628 0.39055336 -0.29081860
v -0.19451055 0.39235285 -0.28437647
v -0.20074461 0.39051336 -0.28070691
v -0.20744047 0.38819402 -0.27720043
v -0.21053439 0.39035341 -0.27051365
v -0.19908220 0.39931089 -0.26888275
v -0.19238636 0.40151030 -0.27255231
v -0.18998508 0.40998790 -0.25991267
v -0.18601376 0.40882823 -0.26586553
v -0.18550579 0.40358970 -0.27548796
v -0.18250421 0.40127033 -0.28217474
v -0.17590071 0.40846834 -0.27556950
v -0.16920486 0.40958801 -0.27932063
v -0.16551061 0.40782851 -0.28519195
v -0.15830681 0.40918812 -0.28861687
v -0.15498197 0.41278711 -0.28519195
v -0.10589449 0.41786569 -0.30484450
v -0.10501710 0.41238722 -0.31348839
v -0.10501710 0.40898818 -0.31846270
v -0.09929100 0.40978795 -0.31968588
v -0.11831643 0.42942244 -0.27891290
v -0.11850114 0.43961960 -0.25917876
v -0.11180530 0.44037938 -0.26080969
v -0.10501710 0.43494090 -0.27499869
v -0.10501710 0.43122196 -0.28225628
v -0.10501710 0.42842275 -0.28731215
v -0.10312378 0.42086485 -0.30141959
v -0.15581317 0.41826558 -0.27532488
v -0.15969214 0.41982514 -0.26969820
v -0.15304248 0.42122474 -0.27230766
v -0.14528453 0.42790288 -0.26480544
v -0.13697246 0.42898259 -0.26806730
v -0.09559673 0.40730864 -0.32449710
v -0.09264132 0.41062772 -0.32090908
v -0.32473320 0.09391651 -0.40473837
v -0.32930487 0.09731555 -0.39927477
v -0.33184466 0.09255688 -0.39780694
v -0.33189085 0.11503059 -0.39209872
v -0.34048000 0.12158875 -0.38051921
v -0.33941790 0.12826687 -0.37929600
v -0.33327618 0.13502498 -0.38361794
v -0.33152142 0.14502218 -0.38166082
v -0.33655486 0.14502218 -0.37603414
v -0.34001821 0.15014075 -0.36999977
v -0.34265038 0.15409963 -0.36518854
v -0.34828413 0.15501937 -0.35793096
v -0.35100865 0.16249728 -0.35124415
v -0.33715516 0.16501658 -0.36665636
v -0.33992586 0.18984962 -0.34985793
v -0.33318383 0.19456829 -0.35507685
v -0.33863288 0.19500816 -0.34839004
v -0.34103414 0.20168629 -0.34129554
v -0.33161378 0.20240609 -0.35181499
v -0.29517913 0.26522848 -0.33517963
v -0.29841161 0.26842758 -0.32816666
v -0.33521569 0.20540525 -0.34529132
v -0.33886376 0.20836443 -0.33860457
v -0.33576983 0.21616223 -0.33591354
v -0.33932555 0.21908142 -0.32922676
v -0.33775550 0.22587952 -0.32547563
v -0.33978733 0.22975843 -0.31976742
v -0.33798638 0.23503694 -0.31740260
v -0.34006441 0.24011552 -0.31006348
v -0.33974114 0.24975282 -0.29962558
v -0.32768863 0.24767341 -0.31715795
v -0.27832407 0.27850476 -0.33827835
v -0.29176193 0.27166668 -0.33191776
v -0.28506610 0.27510571 -0.33509809
v -0.27167439 0.28154391 -0.34170330
v -0.23999612 0.32993034 -0.31993052
v -0.08502191 0.41138750 -0.32205072
v -0.06456494 0.41262716 -0.32555720
v -0.06091687 0.41014785 -0.33020532
v -0.05500606 0.41058773 -0.33085769
v -0.04503155 0.41126755 -0.33191776
v -0.02462076 0.40914816 -0.33876765
v -0.04503155 0.41582626 -0.32498637
v -0.03547265 0.41742581 -0.32425246
v -0.03247106 0.42026502 -0.32041979
v -0.02462076 0.41242722 -0.33379334
v -0.19935927 0.45965397 -0.11810422
v -0.20503919 0.45533520 -0.12495409
v -0.21275096 0.45137632 -0.12495409
v -0.21773821 0.44877702 -0.12495409
v -0.22503437 0.44453824 -0.12495409
v -0.23108372 0.44073927 -0.12495409
v -0.26576358 0.42334417 -0.09502672
v -0.26382411 0.42294428 -0.10497532
v -0.26230022 0.42174461 -0.11492393
v -0.25985277 0.41986513 -0.12952065
v -0.02462076 0.49800324 -0.10497532
v -0.02503636 0.49668360 -0.11492393
v -0.02462076 0.49664360 -0.11533166
v -0.02462076 0.49512404 -0.12495409
v -0.03501087 0.49452421 -0.12495409
v -0.02462076 0.49336451 -0.13498424
v -0.03501087 0.49272472 -0.13498424
v -0.04503155 0.49204490 -0.13498424
v -0.05191211 0.49020541 -0.14101864
v -0.05519077 0.49092522 -0.13539198
v -0.05860795 0.48980552 -0.13906154
v -0.06502673 0.49036539 -0.13188550
v -0.07698689 0.48960561 -0.12788974
v -0.06502673 0.48940563 -0.13694134
v -0.08502191 0.48512685 -0.14493285
v -0.12455049 0.48072809 -0.13473961
v -0.09504260 0.48360726 -0.14493285
v -0.10598683 0.48156786 -0.14591140
v -0.11503778 0.48064810 -0.14297575
v -0.12090242 0.48012823 -0.14069246
v -0.12755208 0.47956839 -0.13791990
v -0.13124634 0.48024821 -0.13123313
v -0.13475589 0.47872865 -0.13473961
v -0.13503297 0.47640929 -0.14493285
v -0.14500746 0.47365004 -0.14493285
v -0.15101063 0.47029102 -0.15104881
v -0.17502332 0.46429268 -0.14493285
v -0.18107268 0.46049374 -0.15170117
v -0.18296599 0.46141350 -0.14493285
v -0.18961565 0.45977396 -0.13914308
v -0.21104236 0.45053655 -0.13196704
v -0.26964256 0.41970518 -0.09845164
v -0.27998650 0.40998790 -0.10000101
v -0.29102311 0.40091044 -0.09494516
v -0.29508677 0.39507210 -0.10538305
v -0.29905811 0.38911375 -0.11492393
v -0.36869490 0.31873348 -0.11492393
v -0.36961848 0.31961325 -0.10848179
v -0.27920145 0.40926811 -0.10668778
v -0.28354222 0.40322980 -0.11492393
v -0.28857565 0.39867109 -0.11492393
v -0.29259315 0.39235285 -0.12495409
v -0.37862325 0.30849636 -0.11492393
v -0.38827449 0.29813924 -0.11492393
v -0.38679677 0.29657969 -0.12495409
v -0.39640188 0.28622261 -0.12495409
v -0.39774102 0.27758503 -0.14493285
v -0.39908022 0.27902460 -0.13718599
v -0.36989555 0.30989596 -0.13963236
v -0.39473945 0.28478301 -0.13425033
v -0.39122990 0.28138396 -0.15308745
v -0.38698149 0.28486297 -0.15586001
v -0.39543211 0.27550560 -0.15602311
v -0.39958817 0.26954728 -0.15904030
v -0.39834136 0.26802769 -0.16499317
v -0.39118373 0.26150954 -0.19492054
v -0.39007545 0.26014990 -0.20022103
v -0.39824897 0.25755063 -0.18497193
v -0.40175855 0.25255203 -0.18497193
v -0.39644805 0.25447151 -0.19467589
v -0.39912638 0.24879310 -0.19785619
v -0.40148145 0.24215496 -0.20315668
v -0.40891618 0.22847879 -0.20772326
v -0.41113272 0.22180066 -0.21245292
v -0.41251808 0.22507975 -0.20462450
v -0.40956265 0.21916139 -0.21905814
v -0.41782856 0.21508254 -0.20503223
v -0.42073780 0.21176347 -0.20177040
v -0.43851644 0.18541086 -0.18546119
v -0.43145114 0.18457109 -0.20437987
v -0.44936830 0.14798135 -0.18839686
v -0.43038905 0.18093210 -0.21082200
v -0.43472981 0.17501378 -0.20495069
v -0.43851644 0.17541367 -0.19500208
v -0.45038426 0.14130323 -0.19092479
v -0.45121545 0.13502498 -0.19296344
v -0.44918358 0.13502498 -0.19801928
v -0.44636673 0.13502498 -0.20495069
v -0.44862947 0.12574758 -0.20495069
v -0.44456577 0.12502779 -0.21498084
v -0.45006099 0.11035189 -0.21016963
v -0.44849092 0.10503338 -0.21661177
v -0.45578709 0.09503619 -0.20495069
v -0.46068197 0.09255688 -0.19467589
v -0.46123612 0.09255688 -0.19328961
v -0.45084602 0.09255688 -0.21742722
v -0.32694978 0.09255688 -0.40278125
v -0.23330028 0.33280954 -0.32327390
v -0.22637354 0.33612859 -0.32629111
v -0.22942130 0.33948767 -0.31935972
v -0.21875413 0.34892502 -0.31870735
v -0.22198661 0.35164425 -0.31202054
v -0.21801528 0.35832238 -0.30778018
v -0.22110921 0.36092165 -0.30117494
v -0.22023183 0.37011909 -0.29016626
v -0.21422866 0.37175861 -0.29408044
v -0.21889266 0.37915653 -0.27874982
v -0.20891815 0.37919652 -0.28886151
v -0.21219683 0.38151589 -0.28217474
v -0.22189425 0.38135594 -0.27206302
v -0.21723025 0.38799405 -0.26676255
v -0.21432102 0.39167303 -0.26407152
v -0.22013947 0.39007348 -0.26007578
v -0.20864110 0.39903098 -0.25836331
v -0.20199142 0.40131032 -0.26219597
v -0.19995958 0.40994793 -0.24988252
v -0.19330990 0.41170743 -0.25330746
v -0.18679878 0.41834557 -0.24678378
v -0.18504401 0.41498649 -0.25501990
v -0.17502332 0.42130473 -0.25249201
v -0.17590071 0.41390681 -0.26586553
v -0.17977968 0.40986794 -0.26969820
v -0.17313002 0.41150749 -0.27263385
v -0.12501228 0.43454102 -0.26496851
v -0.12501228 0.43857989 -0.25689548
v -0.12501228 0.44081926 -0.25183964
v -0.12501228 0.44381842 -0.24498977
v -0.12191834 0.45049655 -0.23129004
v -0.11503778 0.44645768 -0.24498977
v -0.11508396 0.44197893 -0.25542766
v -0.14214441 0.43070209 -0.26138049
v -0.10501710 0.44429827 -0.25493836
v -0.08238976 0.45045656 -0.25102419
v -0.10501710 0.44105917 -0.26227751
v -0.09037860 0.44005948 -0.27010593
v -0.07500124 0.43897977 -0.27793434
v -0.09504260 0.43218169 -0.28405029
v -0.09504260 0.42950243 -0.28910613
v -0.09504260 0.42630333 -0.29497746
v -0.09504260 0.42178458 -0.30288741
v -0.09504260 0.41858548 -0.30786172
v -0.16601858 0.41882542 -0.26578400
v -0.16334023 0.42162466 -0.26301143
v -0.16006157 0.42998230 -0.24996407
v -0.14879408 0.42958242 -0.25909722
v -0.33951026 0.09255688 -0.38940769
v -0.33923319 0.09503619 -0.38908154
v -0.33807874 0.10503338 -0.38777679
v -0.34131122 0.11503059 -0.38149774
v -0.34994656 0.11994921 -0.36991823
v -0.34255803 0.13502498 -0.37301695
v -0.34089559 0.14502218 -0.37105983
v -0.33826345 0.13502498 -0.37799126
v -0.34916151 0.12502779 -0.36893964
v -0.35719651 0.13574478 -0.35466909
v -0.36093697 0.13290557 -0.35116261
v -0.35230163 0.15501937 -0.35287511
v -0.34754527 0.13502498 -0.36698258
v -0.34685260 0.16549644 -0.35475063
v -0.35733506 0.15501937 -0.34643298
v -0.36015195 0.16049784 -0.34023547
v -0.35493380 0.16481663 -0.34488362
v -0.34957713 0.16913542 -0.34945017
v -0.35068539 0.18157193 -0.34088784
v -0.34265038 0.19500816 -0.34341574
v -0.35026979 0.20052662 -0.33036840
v -0.34823793 0.20720476 -0.32784048
v -0.35091627 0.21140358 -0.32115370
v -0.30127466 0.27130678 -0.32156146
v -0.34158829 0.21240330 -0.33191776
v -0.34869972 0.21808170 -0.31829959
v -0.35128570 0.22192062 -0.31161284
v -0.35470289 0.22459987 -0.30459988
v -0.35142425 0.23219773 -0.30199039
v -0.34916151 0.23883589 -0.29881012
v -0.34565195 0.24583392 -0.29587448
v -0.34879208 0.24859315 -0.28829068
v -0.35110098 0.25119242 -0.28160393
v -0.34209624 0.25227213 -0.29293880
v -0.33895612 0.25895023 -0.28845376
v -0.32912016 0.26914740 -0.28869843
v -0.31923801 0.27930453 -0.28894305
v -0.32247049 0.27262640 -0.29326499
v -0.31997687 0.26998714 -0.29995176
v -0.31074122 0.27078691 -0.31087893
v -0.32057717 0.26066977 -0.31071582
v -0.33041313 0.25047261 -0.31047118
v -0.25024769 0.32021308 -0.32025671
v -0.28151038 0.28146392 -0.33159161
v -0.29476354 0.27482578 -0.32474172
v -0.25264898 0.33248964 -0.30296898
v -0.24581459 0.32793090 -0.31593478
v -0.24969356 0.32969040 -0.30957419
v -0.24909323 0.33912778 -0.29889166
v -0.23930345 0.33936769 -0.30916643
v -0.23630187 0.33608863 -0.31634250
v -0.08502191 0.41594625 -0.31495622
v -0.06502673 0.41814563 -0.31707641
v -0.05500606 0.41454661 -0.32498637
v -0.05500606 0.41890541 -0.31829959
v -0.04503155 0.41954523 -0.31919661
v -0.04503155 0.42258435 -0.31422231
v -0.03547265 0.42270434 -0.31585324
v -0.03501087 0.43114197 -0.30190885
v -0.02462076 0.42866266 -0.30778018
v -0.02503636 0.42430389 -0.31495622
v -0.02462076 0.42434388 -0.31495622
v -0.02462076 0.42066491 -0.32099062
v -0.02503636 0.42062491 -0.32099062
v -0.02503636 0.41742581 -0.32596493
v -0.21464427 0.44777733 -0.13514733
v -0.22189425 0.44113916 -0.14493285
v -0.22521909 0.44201893 -0.13408723
v -0.23011398 0.44001949 -0.13017303
v -0.26881135 0.41898537 -0.10497532
v -0.26728746 0.41770574 -0.11492393
v -0.23408531 0.43622056 -0.13408723
v -0.24142765 0.43094203 -0.13498424
v -0.25371107 0.42250440 -0.13498424
v -0.25154069 0.42102480 -0.14493285
v -0.25869831 0.41902536 -0.13498424
v -0.26133049 0.41110760 -0.15316901
v -0.26290053 0.41246721 -0.14493285
v -0.26553270 0.41346693 -0.13473961
v -0.27042758 0.41038778 -0.13123313
v -0.02462076 0.49148506 -0.14493285
v -0.04503155 0.49056530 -0.14256802
v -0.04503155 0.48944563 -0.14754233
v -0.04503155 0.48776609 -0.15496302
v -0.05500606 0.48668641 -0.15496302
v -0.05519077 0.48900574 -0.14460666
v -0.06502673 0.48768613 -0.14493285
v -0.06502673 0.48540676 -0.15496302
v -0.08502191 0.48276752 -0.15496302
v -0.09181012 0.48028821 -0.16116050
v -0.09508878 0.48116797 -0.15528919
v -0.12455049 0.47868866 -0.14436203
v -0.10995817 0.47996831 -0.14990716
v -0.12501228 0.47592944 -0.15496302
v -0.13503297 0.47377002 -0.15496302
v -0.14468423 0.47121075 -0.15463683
v -0.17197555 0.46061373 -0.16181287
v -0.17520803 0.46153346 -0.15504456
v -0.17862523 0.45949402 -0.15838793
v -0.18462840 0.45769453 -0.15504456
v -0.18799941 0.45893419 -0.14493285
v -0.21501368 0.44489813 -0.14493285
v -0.20937994 0.44961679 -0.13865381
v -0.29758042 0.38767415 -0.12495409
v -0.37358981 0.31373489 -0.11492393
v -0.37215829 0.31225529 -0.12495409
v -0.27301356 0.41270715 -0.11492393
v -0.27800083 0.40822840 -0.11492393
v -0.28705177 0.39735144 -0.12495409
v -0.29097691 0.39087325 -0.13498424
v -0.37714553 0.30693680 -0.12495409
v -0.39275378 0.28302351 -0.14493285
v -0.30108994 0.38111600 -0.13498424
v -0.30016640 0.38019627 -0.14052936
v -0.29896575 0.37891662 -0.14721614
v -0.29748803 0.37743703 -0.15496302
v -0.36887962 0.30885625 -0.14493285
v -0.37668374 0.29645973 -0.15496302
v -0.38314870 0.29346058 -0.14493285
v -0.38019329 0.29026148 -0.16050813
v -0.38989073 0.27994436 -0.15977421
v -0.39335412 0.27374610 -0.16499317
v -0.39122990 0.27142674 -0.17494178
v -0.39007545 0.27014711 -0.18024227
v -0.38859773 0.26850757 -0.18684748
v -0.38675061 0.26650813 -0.19492054
v -0.38176334 0.27194661 -0.19492054
v -0.38037801 0.27046701 -0.20071030
v -0.38439551 0.26438871 -0.20380905
v -0.38005477 0.26006994 -0.22003670
v -0.38208660 0.25475141 -0.22403245
v -0.38924423 0.24899304 -0.21848732
v -0.39086047 0.25127238 -0.21180056
v -0.39206111 0.25475141 -0.20413524
v -0.39991140 0.23991558 -0.20976190
v -0.40212798 0.23307750 -0.21498084
v -0.40743846 0.22507975 -0.21547012
v -0.40277445 0.22503975 -0.22468482
v -0.40115821 0.22172068 -0.23210551
v -0.39931110 0.21888147 -0.23879227
v -0.40309769 0.21532246 -0.23528580
v -0.40813112 0.21548243 -0.22541873
v -0.40951648 0.20904423 -0.22900675
v -0.41108656 0.21248327 -0.22231999
v -0.41293368 0.21548243 -0.21547012
v -0.41930628 0.20852438 -0.20845717
v -0.43796229 0.16481663 -0.20454296
v -0.42711040 0.18457109 -0.21449158
v -0.42216933 0.18497097 -0.22492945
v -0.42069161 0.18157193 -0.23137160
v -0.42600212 0.17501378 -0.22492945
v -0.42914224 0.17501378 -0.21807960
v -0.43135881 0.17501378 -0.21310529
v -0.43907058 0.15693884 -0.20764171
v -0.44004029 0.15026072 -0.21008809
v -0.44082534 0.14502218 -0.21180056
v -0.44197980 0.13490501 -0.21530703
v -0.44036356 0.13150597 -0.22077061
v -0.44114858 0.12502779 -0.22248308
v -0.43962473 0.11838965 -0.22916985
v -0.44936830 0.09715560 -0.21856888
v -0.45149252 0.09427640 -0.21514393
v -0.44858330 0.09255688 -0.22231999
v -0.23265378 0.34216690 -0.31267291
v -0.22572705 0.34556597 -0.31569013
v -0.22868246 0.34884503 -0.30851409
v -0.23842606 0.34864509 -0.29823929
v -0.23085283 0.36068171 -0.29090017
v -0.22748181 0.36787972 -0.28494728
v -0.22979073 0.36979917 -0.27964681
v -0.22249457 0.37199855 -0.28494728
v -0.22854392 0.37883663 -0.26831192
v -0.23136079 0.38107601 -0.26162514
v -0.22434169 0.38451505 -0.26423460
v -0.22734329 0.38811404 -0.25493836
v -0.22965220 0.38975358 -0.24955635
v -0.20568569 0.40830839 -0.24596833
v -0.20277646 0.41174740 -0.24327730
v -0.20019047 0.42006508 -0.23014840
v -0.19681945 0.41838557 -0.23683517
v -0.18010294 0.42002508 -0.25004560
v -0.19016978 0.42006508 -0.24009702
v -0.16671124 0.42834276 -0.24670224
v -0.16500264 0.42498368 -0.25493836
v -0.16998990 0.41994512 -0.25991267
v -0.15502813 0.43086207 -0.25183964
v -0.13674155 0.43889982 -0.24751769
v -0.13406321 0.44109917 -0.24450049
v -0.13595653 0.44881701 -0.22541873
v -0.13323201 0.45101640 -0.22231999
v -0.12856801 0.44957680 -0.22900675
v -0.12515081 0.44813722 -0.23471497
v -0.11503778 0.45125633 -0.23316561
v -0.11503778 0.44925690 -0.23813991
v -0.12515081 0.45201612 -0.22541873
v -0.12501228 0.45629492 -0.21498084
v -0.11545338 0.45849431 -0.21473621
v -0.11503778 0.45453542 -0.22492945
v -0.08502191 0.45673481 -0.23495962
v -0.09504260 0.45129633 -0.24311420
v -0.08543752 0.45213610 -0.24572368
v -0.07500124 0.45421553 -0.24498977
v -0.07500124 0.45105639 -0.25232890
v -0.07500124 0.44877702 -0.25738478
v -0.08502191 0.44349849 -0.26496851
v -0.07957289 0.45993391 -0.22982222
v -0.07500124 0.44141909 -0.27296004
v -0.06682768 0.43961960 -0.27923906
v -0.07500124 0.43530083 -0.28494728
v -0.08599165 0.43282151 -0.28592587
v -0.08331332 0.43058214 -0.29106325
v -0.08599165 0.42814282 -0.29465127
v -0.07500124 0.42854270 -0.29742384
v -0.06502673 0.42938247 -0.29889166
v -0.07597098 0.42318422 -0.30598617
v -0.06502673 0.42130473 -0.31210211
v -0.07998848 0.41998512 -0.30998191
v -0.17008226 0.43002230 -0.24001546
v -0.17502332 0.43490094 -0.22492945
v -0.16975901 0.43985951 -0.21971051
v -0.16588002 0.43873984 -0.22550029
v -0.15904565 0.43965960 -0.22925140
v -0.34195769 0.09255688 -0.38655359
v -0.34352776 0.09503619 -0.38410723
v -0.34745291 0.10503338 -0.37693119
v -0.35073158 0.11331107 -0.37089676
v -0.34703732 0.11599031 -0.37448478
v -0.35502616 0.11515056 -0.36502546
v -0.35927457 0.11703002 -0.35907257
v -0.36213762 0.12502779 -0.35271204
v -0.35317901 0.12502779 -0.36396533
v -0.35982868 0.13958371 -0.34977633
v -0.37012643 0.13050625 -0.34015393
v -0.37044969 0.15146038 -0.33061305
v -0.36647835 0.15489940 -0.33436418
v -0.36934140 0.15813850 -0.32906365
v -0.36255321 0.16429678 -0.33509809
v -0.36135256 0.17317429 -0.33183622
v -0.35765833 0.17593351 -0.33509809
v -0.35216311 0.17501378 -0.34276342
v -0.35992104 0.17985243 -0.32987913
v -0.35151660 0.19500816 -0.33199930
v -0.35941309 0.19868714 -0.31919661
v -0.36149111 0.20500536 -0.31202054
v -0.36015195 0.21028388 -0.31014502
v -0.30432242 0.27438593 -0.31414074
v -0.30067435 0.28066415 -0.31079739
v -0.35793537 0.21696201 -0.30720934
v -0.36038283 0.22060099 -0.30052257
v -0.35474908 0.23467705 -0.29465127
v -0.36024427 0.24039544 -0.28038073
v -0.35137808 0.24191502 -0.29212335
v -0.36001340 0.25007272 -0.27002439
v -0.33142906 0.27154672 -0.28209317
v -0.35401022 0.25399163 -0.27353084
v -0.31258833 0.28250363 -0.29326499
v -0.30995616 0.28002435 -0.29995176
v -0.31305012 0.27310628 -0.30492607
v -0.33055168 0.28058419 -0.27075830
v -0.32154691 0.28158391 -0.28233784
v -0.26026839 0.35020465 -0.27026904
v -0.25855979 0.33856791 -0.28812760
v -0.30797052 0.27810487 -0.30492607
v -0.25191012 0.34172705 -0.29228646
v -0.24147382 0.35124436 -0.29155254
v -0.24239740 0.34200695 -0.30247968
v -0.05860795 0.42982233 -0.29970711
v -0.05519077 0.42750299 -0.30419216
v -0.04503155 0.42758298 -0.30598617
v -0.03501087 0.43506086 -0.29497746
v -0.02503636 0.43162185 -0.30272430
v -0.02462076 0.43150187 -0.30296898
v -0.22050890 0.44025940 -0.15096726
v -0.22868246 0.43909973 -0.13685980
v -0.27144352 0.41130754 -0.12495409
v -0.24027319 0.43014225 -0.14044783
v -0.25029388 0.42018503 -0.15055951
v -0.25652793 0.41746581 -0.14493285
v -0.25994512 0.40994793 -0.15985577
v -0.28525081 0.39299268 -0.14403585
v -0.26793396 0.40814841 -0.14493285
v -0.26922697 0.40930811 -0.13783835
v -0.27966323 0.39967078 -0.13906154
v -0.28081769 0.40075049 -0.13237476
v -0.02462076 0.49016541 -0.15121189
v -0.02503636 0.49020541 -0.15096726
v -0.03708889 0.48976552 -0.14901015
v -0.03427202 0.48884580 -0.15406600
v -0.03501087 0.48616654 -0.16499317
v -0.04503155 0.48532677 -0.16499317
v -0.05500606 0.48420709 -0.16499317
v -0.08502191 0.48080805 -0.16303605
v -0.11503778 0.47772890 -0.15496302
v -0.08502191 0.47944844 -0.16801035
v -0.08502191 0.47752899 -0.17494178
v -0.09504260 0.47576946 -0.17494178
v -0.09508878 0.47868866 -0.16466698
v -0.09504260 0.47285026 -0.18497193
v -0.12501228 0.47297025 -0.16499317
v -0.13078456 0.47017103 -0.17061985
v -0.14112848 0.47033098 -0.16107896
v -0.15502813 0.46481252 -0.16499317
v -0.16846602 0.45949402 -0.16849965
v -0.17520803 0.45837432 -0.16507471
v -0.17502332 0.45493531 -0.17494178
v -0.17474626 0.45157623 -0.18456420
v -0.18084179 0.45041656 -0.18097618
v -0.18310452 0.45153624 -0.17494178
v -0.18596756 0.45337576 -0.16589016
v -0.19224781 0.45113635 -0.16319916
v -0.20993409 0.43993950 -0.16980436
v -0.19894366 0.44941685 -0.15798020
v -0.19538793 0.45221609 -0.15479991
v -0.21519840 0.44197893 -0.15455528
v -0.29596418 0.38611460 -0.13498424
v -0.29005334 0.39003348 -0.14012164
v -0.29448646 0.38451505 -0.14370966
v -0.29250079 0.38239563 -0.15496302
v -0.29102311 0.38095605 -0.16230214
v -0.30095142 0.37099883 -0.16213906
v -0.36061370 0.31061575 -0.16148669
v -0.36190671 0.31193540 -0.15496302
v -0.36694014 0.30681682 -0.15496302
v -0.37165031 0.30181822 -0.15496302
v -0.37044969 0.30049860 -0.16116050
v -0.36911052 0.29905900 -0.16784728
v -0.38319486 0.28526285 -0.16425925
v -0.38882864 0.27874470 -0.16499317
v -0.37880796 0.28874189 -0.16719490
v -0.38670444 0.27642533 -0.17494178
v -0.38448787 0.27450588 -0.18391183
v -0.37890029 0.27882469 -0.18749985
v -0.36915669 0.28914177 -0.18815222
v -0.37063441 0.28070414 -0.20119958
v -0.37465191 0.27466583 -0.20429832
v -0.37215829 0.28238368 -0.19492054
v -0.35941309 0.29937890 -0.18880460
v -0.36255321 0.29278076 -0.19492054
v -0.37026498 0.27034706 -0.22052598
v -0.37423629 0.26422876 -0.22362472
v -0.37155795 0.26170948 -0.23275787
v -0.36971083 0.25971001 -0.23944464
v -0.37068057 0.25091249 -0.25118726
v -0.38083979 0.25119242 -0.23161623
v -0.37913120 0.24875310 -0.23830299
v -0.38799742 0.24539405 -0.22582646
v -0.39159933 0.24231490 -0.22305390
v -0.40055791 0.23087811 -0.22109680
v -0.39884931 0.22839880 -0.22778356
v -0.37963915 0.23951569 -0.24931170
v -0.39081430 0.22124082 -0.25143188
v -0.38892096 0.21824166 -0.25811869
v -0.39261526 0.21496257 -0.25485682
v -0.39086047 0.21160352 -0.26146206
v -0.39774102 0.21532246 -0.24523440
v -0.40111205 0.21220335 -0.24213566
v -0.41104037 0.20236611 -0.23194242
v -0.41769004 0.19500816 -0.22492945
v -0.39935726 0.20864435 -0.24882244
v -0.41261041 0.19508815 -0.23520425
v -0.41219482 0.18473105 -0.24490823
v -0.41053241 0.18121204 -0.25094262
v -0.41898304 0.17717317 -0.23797682
v -0.42156899 0.17429397 -0.23479652
v -0.42872664 0.16597630 -0.22517410
v -0.42992729 0.16993520 -0.21987361
v -0.43288267 0.16597630 -0.21587786
v -0.43094319 0.16325706 -0.22207534
v -0.43856260 0.14502218 -0.21677487
v -0.43948618 0.13818410 -0.21889505
v -0.43777758 0.13490501 -0.22444019
v -0.43242091 0.13530490 -0.23561198
v -0.43883967 0.12502779 -0.22745739
v -0.44110242 0.10503338 -0.23226860
v -0.44461197 0.10503338 -0.22492945
v -0.43523777 0.12502779 -0.23495962
v -0.43948618 0.09775543 -0.23895536
v -0.44738263 0.09427640 -0.22411400
v -0.44091770 0.09255688 -0.23830299
v -0.23754868 0.35788250 -0.28706747
v -0.23556301 0.36763978 -0.27581415
v -0.23256142 0.37215850 -0.27304161
v -0.23921110 0.36931932 -0.26896429
v -0.24978592 0.35980198 -0.26969820
v -0.23801047 0.37823680 -0.25730321
v -0.24055026 0.38043618 -0.25069797
v -0.23911874 0.38927370 -0.23879227
v -0.23242289 0.39171302 -0.24286957
v -0.22097069 0.40063053 -0.24107556
v -0.21529076 0.40762857 -0.23553044
v -0.21210447 0.41142750 -0.23259477
v -0.20480829 0.41490653 -0.23471497
v -0.20730191 0.41834557 -0.22492945
v -0.20956466 0.41970518 -0.21946588
v -0.20577803 0.42350411 -0.21563321
v -0.19940545 0.42966241 -0.20919108
v -0.19566500 0.42870265 -0.21579631
v -0.18984655 0.42990232 -0.21979205
v -0.18010294 0.43002230 -0.23006685
v -0.17677811 0.42834276 -0.23675363
v -0.15502813 0.43394119 -0.24498977
v -0.13988167 0.44993669 -0.21987361
v -0.13595653 0.45277590 -0.21587786
v -0.13083073 0.46025383 -0.20071030
v -0.12501228 0.45909414 -0.20756017
v -0.11905529 0.45977396 -0.20943572
v -0.11240561 0.46045375 -0.21114819
v -0.06502673 0.45553514 -0.24498977
v -0.06502673 0.45173621 -0.25387830
v -0.07292321 0.46037376 -0.23088232
v -0.06502673 0.44665763 -0.26496851
v -0.07500124 0.44521803 -0.26496851
v -0.08502191 0.46437266 -0.21498084
v -0.08109677 0.47013104 -0.20046566
v -0.07500124 0.46885139 -0.20666316
v -0.07500124 0.46589226 -0.21498084
v -0.06502673 0.46725184 -0.21498084
v -0.04503155 0.46909136 -0.21734568
v -0.04503155 0.46629214 -0.22492945
v -0.05500606 0.44309860 -0.27499869
v -0.04503155 0.44425830 -0.27499869
v -0.03501087 0.44541797 -0.27499869
v -0.04503155 0.44089925 -0.28168547
v -0.04503155 0.43833995 -0.28674132
v -0.05500606 0.43774012 -0.28559965
v -0.06502673 0.43210173 -0.29391736
v -0.07500124 0.43134192 -0.29244953
v -0.17562364 0.43865985 -0.21579631
v -0.17936409 0.43965960 -0.20919108
v -0.17266823 0.44125915 -0.21302374
v -0.17474626 0.44761735 -0.19475745
v -0.17123671 0.45045656 -0.19133252
v -0.16777334 0.44921690 -0.19793773
v -0.16588002 0.44285870 -0.21579631
v -0.16306317 0.44109917 -0.22256462
v -0.15544376 0.44241881 -0.22550029
v -0.34768382 0.09255688 -0.37986684
v -0.34856120 0.09503619 -0.37823588
v -0.35165513 0.10503338 -0.37195688
v -0.35775065 0.09503619 -0.36722720
v -0.36181435 0.09503619 -0.36225289
v -0.36005959 0.11035189 -0.36005116
v -0.36934140 0.10711281 -0.34912395
v -0.36841786 0.11503059 -0.34790081
v -0.36712486 0.12502779 -0.34618831
v -0.37091148 0.12502779 -0.34121400
v -0.37931591 0.12754707 -0.32906365
v -0.37262005 0.13430518 -0.33517963
v -0.37151179 0.14502218 -0.33199930
v -0.37816146 0.13502498 -0.32735121
v -0.38056272 0.14178309 -0.32082754
v -0.37160414 0.16501658 -0.32229537
v -0.36804843 0.16501658 -0.32726967
v -0.38185573 0.15501937 -0.31267291
v -0.38065508 0.16193743 -0.31096047
v -0.37945443 0.16861556 -0.30924800
v -0.37044969 0.17105488 -0.32058290
v -0.36994171 0.18992959 -0.30990037
v -0.36883345 0.19500816 -0.30835098
v -0.37081912 0.20192623 -0.30117494
v -0.36680162 0.20516533 -0.30468142
v -0.36929524 0.20856437 -0.29889166
v -0.36190671 0.21416280 -0.30427369
v -0.36735573 0.21536246 -0.29530364
v -0.36924905 0.21892145 -0.28886151
v -0.37146562 0.22220054 -0.28217474
v -0.36920288 0.22883868 -0.27874982
v -0.37128091 0.23195781 -0.27206302
v -0.36901817 0.23859595 -0.26839346
v -0.36158347 0.24423437 -0.27402014
v -0.36864874 0.24819326 -0.25787401
v -0.36153728 0.25179225 -0.26496851
v -0.36112168 0.26118961 -0.25175810
v -0.35899746 0.25899023 -0.25844485
v -0.35193220 0.26210937 -0.26496851
v -0.35022360 0.26026988 -0.27035058
v -0.34038764 0.27046701 -0.27051365
v -0.33743224 0.27734509 -0.26496851
v -0.33937171 0.27938452 -0.25893414
v -0.33244497 0.28250363 -0.26496851
v -0.32741156 0.28750223 -0.26496851
v -0.27139732 0.35140434 -0.25208426
v -0.26918077 0.34916496 -0.25877103
v -0.26793396 0.35808244 -0.24694687
v -0.26128429 0.36116159 -0.25175810
v -0.25495788 0.36492053 -0.25485682
v -0.25094038 0.37083888 -0.25126880
v -0.24849293 0.36867949 -0.25795558
v -0.25094038 0.35076451 -0.28103310
v -0.25759003 0.34776536 -0.27695578
v -0.24816968 0.34836519 -0.28771985
v -0.04503155 0.43394119 -0.29497746
v -0.03501087 0.43889982 -0.28788295
v -0.02462076 0.43937966 -0.28877997
v -0.02462076 0.43602061 -0.29497746
v -0.21866177 0.43925971 -0.15765402
v -0.22535762 0.43262154 -0.16450389
v -0.22429553 0.43658045 -0.15455528
v -0.22688150 0.43786007 -0.14493285
v -0.23528594 0.43238163 -0.14428049
v -0.23191494 0.43126196 -0.15496302
v -0.22886717 0.42918253 -0.16752109
v -0.24863146 0.41902536 -0.15724629
v -0.25371107 0.41266716 -0.16499317
v -0.25514260 0.41506648 -0.15520763
v -0.28705177 0.38739425 -0.15496302
v -0.27652311 0.39687157 -0.15496302
v -0.25167921 0.41118756 -0.17314777
v -0.25869831 0.40890819 -0.16499317
v -0.26206931 0.40187019 -0.17494178
v -0.28511226 0.38511488 -0.16523780
v -0.28871417 0.38887382 -0.14680842
v -0.02462076 0.48912573 -0.15602311
v -0.02503636 0.48692632 -0.16499317
v -0.02462076 0.48440704 -0.17494178
v -0.03501087 0.48356730 -0.17494178
v -0.04503155 0.48268753 -0.17494178
v -0.05223535 0.48028821 -0.18089463
v -0.05537547 0.48132789 -0.17559415
v -0.05888502 0.47984833 -0.17942680
v -0.07541683 0.47892857 -0.17461559
v -0.07500124 0.47600940 -0.18497193
v -0.08502191 0.47460979 -0.18497193
v -0.09504260 0.47065091 -0.19190334
v -0.10058399 0.47009104 -0.19027242
v -0.13447882 0.46793166 -0.17437094
v -0.13743423 0.46929127 -0.16768418
v -0.12501228 0.46681195 -0.18497193
v -0.13503297 0.46429268 -0.18497193
v -0.16177016 0.46053374 -0.17159839
v -0.16509500 0.45837432 -0.17494178
v -0.17793256 0.44905695 -0.18766294
v -0.18527490 0.44249880 -0.19508362
v -0.20208378 0.43102199 -0.20258586
v -0.20527008 0.43246162 -0.19500208
v -0.20074461 0.44033939 -0.18089463
v -0.20799460 0.43893981 -0.17494178
v -0.21122707 0.43066210 -0.19165871
v -0.21501368 0.43510085 -0.17494178
v -0.21519840 0.43837994 -0.16589016
v -0.21201211 0.44101921 -0.16311760
v -0.28954539 0.37955642 -0.16898891
v -0.29527149 0.37527764 -0.16556399
v -0.35918218 0.30921614 -0.16809191
v -0.36486211 0.30485737 -0.16466698
v -0.36255321 0.30265799 -0.17494178
v -0.36758664 0.29733947 -0.17494178
v -0.37714553 0.28690240 -0.17494178
v -0.37068057 0.29078132 -0.18146545
v -0.36504683 0.29510012 -0.18513502
v -0.36084461 0.29098126 -0.20168886
v -0.36093697 0.30097845 -0.18211782
v -0.29139251 0.37143871 -0.18293327
v -0.28977627 0.36975917 -0.18953851
v -0.35100865 0.30101845 -0.20193349
v -0.35784301 0.29773936 -0.19492054
v -0.36204523 0.28226370 -0.21498084
v -0.35738122 0.28726232 -0.21498084
v -0.35068539 0.29078132 -0.22125989
v -0.35465673 0.28470302 -0.22444019
v -0.35156280 0.28170386 -0.23495962
v -0.35008508 0.28014430 -0.24017856
v -0.36310735 0.26334900 -0.24498977
v -0.36809459 0.25795051 -0.24498977
v -0.37280476 0.24491417 -0.25469375
v -0.38190189 0.23283756 -0.25330746
v -0.38541144 0.22559959 -0.25567228
v -0.37996241 0.22999835 -0.25991267
v -0.38185573 0.22276038 -0.26496851
v -0.38019329 0.22036105 -0.27035058
v -0.38028565 0.21056381 -0.28046227
v -0.38892096 0.20768461 -0.26814884
v -0.39219964 0.20464545 -0.26488698
v -0.39755630 0.20520531 -0.25493836
v -0.39903402 0.19792736 -0.25828177
v -0.40055791 0.19128922 -0.26097280
v -0.40873146 0.17673329 -0.25762939
v -0.40997827 0.17005517 -0.25999421
v -0.41676646 0.17429397 -0.24417430
v -0.42013747 0.17049503 -0.24026009
v -0.42438588 0.16501658 -0.23495962
v -0.42941931 0.15797855 -0.22868057
v -0.43482217 0.14502218 -0.22492945
v -0.42965019 0.13882391 -0.23936309
v -0.43052757 0.13218577 -0.24107556
v -0.43122026 0.14502218 -0.23259477
v -0.44188744 0.09467629 -0.23536734
v -0.43140498 0.12502779 -0.24262494
v -0.43740815 0.09467629 -0.24425586
v -0.43907058 0.09255688 -0.24197257
v -0.42877281 0.12502779 -0.24768078
v -0.42119956 0.12502779 -0.26219597
v -0.24036555 0.36028183 -0.28038073
v -0.24761553 0.35792249 -0.27499869
v -0.24258211 0.38227567 -0.24498977
v -0.25315693 0.37279832 -0.24498977
v -0.24549134 0.38543478 -0.23569353
v -0.24142765 0.39115319 -0.23210551
v -0.23944199 0.39959082 -0.21905814
v -0.23727161 0.39803126 -0.22492945
v -0.23468563 0.39475217 -0.23455188
v -0.22766653 0.39835116 -0.23691672
v -0.22461876 0.40195015 -0.23414415
v -0.23025252 0.40015066 -0.23022994
v -0.21880031 0.40910816 -0.22827284
v -0.21529076 0.41314703 -0.22492945
v -0.22120157 0.41078767 -0.22158608
v -0.21519840 0.41774574 -0.21563321
v -0.21196592 0.42126474 -0.21277910
v -0.20527008 0.42818281 -0.20552152
v -0.19566500 0.43306142 -0.20552152
v -0.19275577 0.43134192 -0.21310529
v -0.15438165 0.44741741 -0.21424693
v -0.14500746 0.45109639 -0.21277910
v -0.13452500 0.45769453 -0.20437987
v -0.12501228 0.46089363 -0.20258586
v -0.15438165 0.45117635 -0.20454296
v -0.16112366 0.45033658 -0.20087339
v -0.16467941 0.45141628 -0.19475745
v -0.16500264 0.45481533 -0.18497193
v -0.13452500 0.46121353 -0.19459435
v -0.12501228 0.46353289 -0.19492054
v -0.11545338 0.46185338 -0.20560306
v -0.10501710 0.46417272 -0.20495069
v -0.09504260 0.46613216 -0.20495069
v -0.05500606 0.46157342 -0.23365487
v -0.04535480 0.46193334 -0.23577507
v -0.04221468 0.46025383 -0.24066783
v -0.04503155 0.45365566 -0.25493836
v -0.05218917 0.45025662 -0.26056504
v -0.05888502 0.44985673 -0.25966805
v -0.05532929 0.44813722 -0.26431617
v -0.04503155 0.44837713 -0.26643634
v -0.08774643 0.46961120 -0.19891629
v -0.08465248 0.46825159 -0.20421678
v -0.07500124 0.47057092 -0.20168886
v -0.08465248 0.47129071 -0.19532827
v -0.07500124 0.47281030 -0.19492054
v -0.06502673 0.46953121 -0.20862027
v -0.05269714 0.47033098 -0.21098509
v -0.04503155 0.47081086 -0.21237138
v -0.03501087 0.46965116 -0.21897660
v -0.03501087 0.46741182 -0.22492945
v -0.03501087 0.44893700 -0.26765954
v -0.02503636 0.44941685 -0.26871964
v -0.02503636 0.44629771 -0.27499869
v -0.02503636 0.44189894 -0.28372413
v -0.03501087 0.44145909 -0.28282711
v -0.16467941 0.44773734 -0.20454296
v -0.34879208 0.09255688 -0.37856209
v -0.35174748 0.09255688 -0.37505561
v -0.35271722 0.09503619 -0.37326157
v -0.35798156 0.09255688 -0.36755335
v -0.36209142 0.09255688 -0.36249751
v -0.36707866 0.09255688 -0.35621846
v -0.36680162 0.09503619 -0.35589230
v -0.37068057 0.09503619 -0.35091799
v -0.37271243 0.10427360 -0.34545439
v -0.37220445 0.11503059 -0.34292650
v -0.38019329 0.12090895 -0.33028686
v -0.37636051 0.12454791 -0.33411950
v -0.39159933 0.12502779 -0.31234676
v -0.39067575 0.13210580 -0.31096047
v -0.38167101 0.13502498 -0.32237691
v -0.38956749 0.13878393 -0.30932954
v -0.38721240 0.15521932 -0.30459988
v -0.38319486 0.16517653 -0.30549687
v -0.39062959 0.17153475 -0.29090017
v -0.38153246 0.17501378 -0.30223507
v -0.37229681 0.19500816 -0.30337667
v -0.39136845 0.18317148 -0.28209317
v -0.38157865 0.20500536 -0.28241938
v -0.37141943 0.21224333 -0.29228646
v -0.37479043 0.21476263 -0.28462112
v -0.37811527 0.21724194 -0.27703732
v -0.37100381 0.24151513 -0.26170671
v -0.35128570 0.27138674 -0.25200272
v -0.34532872 0.27538565 -0.25550920
v -0.34920770 0.26918736 -0.25868949
v -0.35839716 0.26834762 -0.24498977
v -0.34717584 0.26710796 -0.26496851
v -0.34140357 0.28154391 -0.25232890
v -0.33544657 0.28550279 -0.25567228
v -0.32939720 0.28942171 -0.25901568
v -0.27019671 0.36020187 -0.24034165
v -0.25814417 0.36827961 -0.24498977
v -0.02462076 0.44613779 -0.27532488
v -0.22175571 0.43114197 -0.17494178
v -0.22674297 0.42774293 -0.17494178
v -0.23505506 0.42230445 -0.17428941
v -0.24031937 0.42018503 -0.17045674
v -0.24669197 0.41766575 -0.16499317
v -0.24992445 0.40990794 -0.17983453
v -0.25500405 0.40746862 -0.17583877
v -0.26059163 0.40055054 -0.18113926
v -0.28317279 0.38283551 -0.17494178
v -0.27098173 0.39087325 -0.18187317
v -0.02462076 0.48684636 -0.16531935
v -0.02462076 0.48148787 -0.18578738
v -0.03501087 0.48112798 -0.18383029
v -0.04503155 0.48064810 -0.18219936
v -0.04503155 0.47912854 -0.18725520
v -0.04503155 0.47668922 -0.19492054
v -0.05537547 0.47872865 -0.18456420
v -0.06502673 0.47732902 -0.18497193
v -0.09504260 0.46893138 -0.19687764
v -0.10437061 0.46801162 -0.19418663
v -0.11503778 0.46561229 -0.19492054
v -0.20877963 0.42930248 -0.19834547
v -0.21787675 0.42866266 -0.18684748
v -0.22013947 0.43006229 -0.18016072
v -0.21473663 0.43166184 -0.18407492
v -0.28816003 0.37827680 -0.17494178
v -0.29319346 0.37327820 -0.17494178
v -0.35507232 0.29514009 -0.20511378
v -0.35239398 0.29254082 -0.21498084
v -0.28132567 0.38123596 -0.18252555
v -0.28557405 0.37551758 -0.18603203
v -0.27957088 0.37959641 -0.18921232
v -0.28132567 0.37123877 -0.20242277
v -0.28834474 0.36831957 -0.19492054
v -0.34925386 0.29921895 -0.20853871
v -0.34749910 0.29749945 -0.21498084
v -0.28280336 0.36284113 -0.21498084
v -0.28091004 0.36096165 -0.22166762
v -0.34181917 0.29186103 -0.23495962
v -0.34024912 0.29030144 -0.24042319
v -0.34680641 0.28670245 -0.23495962
v -0.34417427 0.28418317 -0.24360348
v -0.37839234 0.23571676 -0.25591692
v -0.38661206 0.20464545 -0.27442786
v -0.39044487 0.20104647 -0.27075830
v -0.40162000 0.18413121 -0.26456082
v -0.40004992 0.18017232 -0.27010593
v -0.40609929 0.17405404 -0.26398998
v -0.41949099 0.13834405 -0.25909722
v -0.41856742 0.14502218 -0.25730321
v -0.41408813 0.16501658 -0.25493836
v -0.39940345 0.16801573 -0.27899444
v -0.40656108 0.13414523 -0.28405029
v -0.41002446 0.13022633 -0.28005454
v -0.41833651 0.16501658 -0.24678378
v -0.42092252 0.16501658 -0.24180947
v -0.43034288 0.15134041 -0.23071922
v -0.42498618 0.14502218 -0.24498977
v -0.42230785 0.13498500 -0.25542766
v -0.42041457 0.13166593 -0.26072812
v -0.43172824 0.09411645 -0.25518301
v -0.42817250 0.09255688 -0.26244062
v -0.41408813 0.12502779 -0.27499869
v -0.41930628 0.11707002 -0.26880121
v -0.42064545 0.10503338 -0.27116603
v -0.24955502 0.37955642 -0.23928155
v -0.26211551 0.37187859 -0.23316561
v -0.25846744 0.37855673 -0.22745739
v -0.24807732 0.38823402 -0.22696811
v -0.25024769 0.39019346 -0.22028133
v -0.24484484 0.39255279 -0.22419554
v -0.24498338 0.39703155 -0.21547012
v -0.24826203 0.39859110 -0.20731552
v -0.25038624 0.40031061 -0.20062876
v -0.24161236 0.40111041 -0.21245292
v -0.23902638 0.40930811 -0.19842702
v -0.21861559 0.41902536 -0.20780480
v -0.22078598 0.42050496 -0.20111802
v -0.15729088 0.44905695 -0.20756017
v -0.15059504 0.45017666 -0.21041428
v -0.03501087 0.46341294 -0.23495962
v -0.03501087 0.45849431 -0.24653915
v -0.03501087 0.45473534 -0.25493836
v -0.03501087 0.45121634 -0.26268524
v -0.06502673 0.47125071 -0.20364596
v -0.06502673 0.47412992 -0.19492054
v -0.04503155 0.47337013 -0.20495069
v -0.03501087 0.47137070 -0.21400230
v -0.02462076 0.47173059 -0.21579631
v -0.02462076 0.47153065 -0.21636713
v -0.02923858 0.46989113 -0.21979205
v -0.02462076 0.46905136 -0.22321700
v -0.02554433 0.46853149 -0.22435863
v -0.02462076 0.45549515 -0.25534612
v -0.02462076 0.45157623 -0.26398998
v -0.02462076 0.44941685 -0.26871964
v -0.02462076 0.44933689 -0.26888275
v -0.36998791 0.09255688 -0.35246736
v -0.37091148 0.09255688 -0.35124415
v -0.37968534 0.09255688 -0.33958310
v -0.37829998 0.10503338 -0.33770752
v -0.37719172 0.11503059 -0.33615816
v -0.38083979 0.11503059 -0.33118385
v -0.38518053 0.11503059 -0.32498637
v -0.39266142 0.11503059 -0.31397766
v -0.39866459 0.10503338 -0.30786172
v -0.39764869 0.11503059 -0.30614924
v -0.39690983 0.12442796 -0.30411059
v -0.39940345 0.12734713 -0.29905474
v -0.38929039 0.11503059 -0.31895196
v -0.39834136 0.13502498 -0.29726076
v -0.39307702 0.13526492 -0.30557841
v -0.39709455 0.14490221 -0.29440665
v -0.39062959 0.15206021 -0.30101186
v -0.39173788 0.16501658 -0.29269415
v -0.38845921 0.16501658 -0.29766846
v -0.39806429 0.17501378 -0.27679271
v -0.39284614 0.17493379 -0.28519195
v -0.38989073 0.18984962 -0.27980989
v -0.39178404 0.19500816 -0.27296004
v -0.33817109 0.28818205 -0.24710996
v -0.27901673 0.35900220 -0.22835439
v -0.27190530 0.36180142 -0.23495962
v -0.26876518 0.36887944 -0.22794665
v -0.26525563 0.36739984 -0.23585662
v -0.23173022 0.42114478 -0.18268864
v -0.24332096 0.41222727 -0.18497193
v -0.24830821 0.40878823 -0.18497193
v -0.25532731 0.40334976 -0.18464574
v -0.25888303 0.39895099 -0.18782604
v -0.02462076 0.47856867 -0.19532827
v -0.02923858 0.47992831 -0.18970159
v -0.03501087 0.47964838 -0.18888614
v -0.03501087 0.47772890 -0.19492054
v -0.03501087 0.47444981 -0.20495069
v -0.05500606 0.47544956 -0.19492054
v -0.22489583 0.42490372 -0.18472728
v -0.26922697 0.38927370 -0.18855995
v -0.27795464 0.37815684 -0.19492054
v -0.27102792 0.38095605 -0.20177040
v -0.25177157 0.39159307 -0.21498084
v -0.27943236 0.36947927 -0.20902799
v -0.28538933 0.36540040 -0.20568460
v -0.27767757 0.36783972 -0.21498084
v -0.40106589 0.17501378 -0.27181840
v -0.41741297 0.13498500 -0.26447925
v -0.42032218 0.15118045 -0.25061643
v -0.39704835 0.16481663 -0.28437647
v -0.39940345 0.14814131 -0.28902459
v -0.40138912 0.13502498 -0.29228646
v -0.40771553 0.12502779 -0.28608894
v -0.41062474 0.12502779 -0.28111464
v -0.42175370 0.09503619 -0.27312315
v -0.41916776 0.09255688 -0.27850515
v -0.27079701 0.37071890 -0.22134143
v -0.24498338 0.40243003 -0.20437987
v -0.22780506 0.41846552 -0.19492054
v -0.02462076 0.46421272 -0.23528580
v -0.02503636 0.45893419 -0.24751769
v -0.02462076 0.47528958 -0.20535842
v -0.02462076 0.46825159 -0.22525564
v -0.02462076 0.45885420 -0.24776234
v -0.38153246 0.09255688 -0.33697361
v -0.38190189 0.10503338 -0.33273321
v -0.38799742 0.09503619 -0.32702503
v -0.39843369 0.09255688 -0.31218365
v -0.39944965 0.09735554 -0.30908489
v -0.40785408 0.09503619 -0.29668993
v -0.41104037 0.09503619 -0.29163408
v -0.41030151 0.10155436 -0.29049242
v -0.40956265 0.10823250 -0.28926924
v -0.39307702 0.15521932 -0.29554826
v -0.27490687 0.36492053 -0.22484791
v -0.02554433 0.47876862 -0.19443126
v -0.41501170 0.09503619 -0.28494728
v -0.41893685 0.09503619 -0.27809745
v -0.41551965 0.09255688 -0.28478420
v -0.38822830 0.09255688 -0.32735121
v -0.38296399 0.09503619 -0.33420110
v -0.39159933 0.09255688 -0.32237691
v -0.40125057 0.09255688 -0.30778018
v -0.41127127 0.09255688 -0.29204178
f 1 2 6
f 1 6 11
f 1 11 16
f 1 16 29
f 1 29 28
f 1 28 44
f 1 44 43
f 1 43 65
f 1 65 84
f 1 84 113
f 1 113 151
f 1 151 194
f 1 194 196
f 1 196 256
f 1 256 255
f 1 255 254
f 1 254 253
f 1 253 252
f 1 252 316
f 1 316 375
f 1 375 378
f 1 378 377
f 1 377 440
f 1 440 439
f 1 439 438
f 1 438 505
f 1 505 574
f 1 574 648
f 1 648 723
f 1 723 804
f 1 804 889
f 1 889 892
f 1 892 978
f 1 978 1089
f 1 1089 1176
f 1 1176 1282
f 1 1282 1378
f 1 1378 1471
f 1 1471 1580
f 1 1580 1694
f 1 1694 1804
f 1 1804 1912
f 1 1912 2015
f 1 2015 2114
f 1 2114 2124
f 1 2124 2241
f 1 2241 2240
f 1 2240 2350
f 1 2350 2348
f 1 2348 2477
f 1 2477 2475
f 1 2475 2600
f 1 2600 2748
f 1 2748 2884
f 1 2884 2883
f 1 2883 2886
f 1 2886 3030
f 1 3030 3182
f 1 3182 3341
f 1 3341 3489
f 1 3489 3656
f 1 3656 3658
f 1 3658 3833
f 1 3833 3997
f 1 3997 4167
f 1 4167 3993
f 1 3993 4168
f 1 4168 4172
f 1 4172 4358
f 1 4358 4362
f 1 4362 4570
f 1 4570 4569
f 1 4569 4567
f 1 4567 4779
f 1 4779 5002
f 1 5002 5001
f 1 5001 5194
f 1 5194 5291
f 1 5291 5290
f 1 5290 5289
f 1 5289 5288
f 1 5288 5356
f 1 5356 5352
f 1 5352 5355
f 1 5355 5286
f 1 5286 5284
f 1 5284 5283
f 1 5283 5354
f 1 5354 5325
f 1 5325 5206
f 1 5206 5022
f 1 5022 5205
f 1 5205 5020
f 1 5020 4792
f 1 4792 4588
f 1 4588 4378
f 1 4378 4376
f 1 4376 4375
f 1 4375 4373
f 1 4373 4189
f 1 4189 4188
f 1 4188 4187
f 1 4187 4174
f 1 4174 3998
f 1 3998 3834
f 1 3834 3659
f 1 3659 3491
f 1 3491 3343
f 1 3343 3342
f 1 3342 3184
f 1 3184 3039
f 1 3039 3183
f 1 3183 3037
f 1 3037 3036
f 1 3036 3035
f 1 3035 3034
f 1 3034 3032
f 1 3032 2892
f 1 2892 2891
f 1 2891 2756
f 1 2756 2755
f 1 2755 2754
f 1 2754 2752
f 1 2752 2609
f 1 2609 2608
f 1 2608 2607
f 1 2607 2606
f 1 2606 2487
f 1 2487 2486
f 1 2486 2362
f 1 2362 2252
f 1 2252 2134
f 1 2134 2035
f 1 2035 2034
f 1 2034 1924
f 1 1924 1818
f 1 1818 1709
f 1 1709 1708
f 1 1708 1707
f 1 1707 1593
f 1 1593 1486
f 1 1486 1485
f 1 1485 1484
f 1 1484 1391
f 1 1391 1390
f 1 1390 1387
f 1 1387 1386
f 1 1386 1385
f 1 1385 1288
f 1 1288 1187
f 1 1187 1186
f 1 1186 1185
f 1 1185 1184
f 1 1184 1095
f 1 1095 985
f 1 985 981
f 1 981 893
f 1 893 805
f 1 805 725
f 1 725 724
f 1 724 649
f 1 649 575
f 1 575 506
f 1 506 441
f 1 441 379
f 1 379 318
f 1 318 257
f 1 257 197
f 1 197 153
f 1 153 115
f 1 115 86
f 1 86 66
f 1 66 45
f 1 45 30
f 1 30 17
f 1 17 12
f 1 12 7
f 1 7 3
f 1 3 4
f 1 4 5
f 1 5 2
f 2 5 6
f 3 7 4
f 4 8 14
f 4 14 23
f 4 23 39
f 4 39 59
f 4 59 58
f 4 58 57
f 4 57 79
f 4 79 81
f 4 81 107
f 4 107 142
f 4 142 180
f 4 180 234
f 4 234 246
f 4 246 245
f 4 245 244
f 4 244 310
f 4 310 311
f 4 311 372
f 4 372 371
f 4 371 370
f 4 370 437
f 4 437 504
f 4 504 503
f 4 503 568
f 4 568 567
f 4 567 566
f 4 566 642
f 4 642 715
f 4 715 795
f 4 795 875
f 4 875 796
f 4 796 801
f 4 801 887
f 4 887 977
f 4 977 1088
f 4 1088 1086
f 4 1086 1175
f 4 1175 1173
f 4 1173 1085
f 4 1085 1084
f 4 1084 1172
f 4 1172 1081
f 4 1081 1171
f 4 1171 1281
f 4 1281 1377
f 4 1377 1470
f 4 1470 1579
f 4 1579 1578
f 4 1578 1693
f 4 1693 1692
f 4 1692 1691
f 4 1691 1803
f 4 1803 1911
f 4 1911 1910
f 4 1910 1909
f 4 1909 2012
f 4 2012 2011
f 4 2011 2111
f 4 2111 2222
f 4 2222 2327
f 4 2327 2331
f 4 2331 2441
f 4 2441 2565
f 4 2565 2698
f 4 2698 2834
f 4 2834 2835
f 4 2835 2969
f 4 2969 3120
f 4 3120 3119
f 4 3119 3267
f 4 3267 3260
f 4 3260 3409
f 4 3409 3258
f 4 3258 3410
f 4 3410 3420
f 4 3420 3419
f 4 3419 3418
f 4 3418 3569
f 4 3569 3571
f 4 3571 3747
f 4 3747 3746
f 4 3746 3914
f 4 3914 4093
f 4 4093 4092
f 4 4092 4091
f 4 4091 4269
f 4 4269 4268
f 4 4268 4457
f 4 4457 4456
f 4 4456 4458
f 4 4458 4670
f 4 4670 4886
f 4 4886 5097
f 4 5097 5256
f 4 5256 5348
f 4 5348 5371
f 4 5371 5376
f 4 5376 5375
f 4 5375 5360
f 4 5360 5374
f 4 5374 5372
f 4 5372 5357
f 4 5357 5294
f 4 5294 5293
f 4 5293 5292
f 4 5292 5162
f 4 5162 5161
f 4 5161 5160
f 4 5160 5158
f 4 5158 5157
f 4 5157 4944
f 4 4944 4730
f 4 4730 4508
f 4 4508 4319
f 4 4319 4459
f 4 4459 4270
f 4 4270 4095
f 4 4095 4094
f 4 4094 3918
f 4 3918 3917
f 4 3917 3916
f 4 3916 3752
f 4 3752 3575
f 4 3575 3750
f 4 3750 3915
f 4 3915 3748
f 4 3748 3572
f 4 3572 3422
f 4 3422 3268
f 4 3268 3123
f 4 3123 3122
f 4 3122 3121
f 4 3121 3031
f 4 3031 2889
f 4 2889 2887
f 4 2887 2749
f 4 2749 2601
f 4 2601 2480
f 4 2480 2479
f 4 2479 2478
f 4 2478 2351
f 4 2351 2242
f 4 2242 2125
f 4 2125 2025
f 4 2025 1919
f 4 1919 1809
f 4 1809 1700
f 4 1700 1699
f 4 1699 1584
f 4 1584 1474
f 4 1474 1382
f 4 1382 1381
f 4 1381 1284
f 4 1284 1181
f 4 1181 1180
f 4 1180 1179
f 4 1179 1178
f 4 1178 1092
f 4 1092 979
f 4 979 891
f 4 891 890
f 4 890 888
f 4 888 802
f 4 802 722
f 4 722 647
f 4 647 573
f 4 573 505
f 4 505 438
f 4 438 376
f 4 376 317
f 4 317 315
f 4 315 251
f 4 251 195
f 4 195 152
f 4 152 114
f 4 114 85
f 4 85 83
f 4 83 64
f 4 64 42
f 4 42 27
f 4 27 15
f 4 15 10
f 4 10 9
f 4 9 5
f 4 7 8
f 5 9 6
f 6 9 10
f 6 10 11
f 7 12 13
f 7 13 8
f 8 13 14
f 10 15 16
f 10 16 11
f 12 17 18
f 12 18 19
f 12 19 20
f 12 20 13
f 13 21 22
f 13 22 23
f 13 23 14
f 13 20 24
f 13 24 25
f 13 25 26
f 13 26 21
f 15 27 28
f 15 28 29
f 15 29 16
f 17 30 31
f 17 31 32
f 17 32 18
f 18 32 33
f 18 33 19
f 19 33 34
f 19 34 25
f 19 25 20
f 20 25 24
f 21 35 22
f 21 26 36
f 21 36 35
f 22 35 23
f 23 37 38
f 23 38 39
f 23 35 37
f 25 34 26
f 26 34 40
f 26 40 41
f 26 41 36
f 27 42 43
f 27 43 44
f 27 44 28
f 30 45 46
f 30 46 47
f 30 47 48
f 30 48 31
f 31 48 49
f 31 49 50
f 31 50 51
f 31 51 32
f 32 51 33
f 33 51 52
f 33 52 53
f 33 53 40
f 33 40 34
f 35 36 54
f 35 54 37
f 36 41 55
f 36 55 56
f 36 56 54
f 37 54 38
f 38 57 58
f 38 58 59
f 38 59 39
f 38 54 60
f 38 60 61
f 38 61 57
f 40 53 62
f 40 62 63
f 40 63 55
f 40 55 41
f 42 64 43
f 43 64 65
f 45 66 67
f 45 67 47
f 45 47 46
f 47 67 49
f 47 49 48
f 49 68 50
f 49 67 69
f 49 69 68
f 50 68 51
f 51 68 70
f 51 70 71
f 51 71 72
f 51 72 52
f 52 72 73
f 52 73 74
f 52 74 62
f 52 62 53
f 54 56 75
f 54 75 76
f 54 76 60
f 55 77 56
f 55 63 78
f 55 78 77
f 56 77 75
f 57 61 79
f 60 76 80
f 60 80 61
f 61 80 81
f 61 81 79
f 62 74 82
f 62 82 63
f 63 82 78
f 64 83 65
f 65 83 85
f 65 85 84
f 66 86 87
f 66 87 67
f 67 87 88
f 67 88 89
f 67 89 90
f 67 90 91
f 67 91 69
f 68 69 91
f 68 91 71
f 68 71 70
f 71 91 92
f 71 92 93
f 71 93 94
f 71 94 95
f 71 95 72
f 72 95 96
f 72 96 73
f 73 96 97
f 73 97 98
f 73 98 74
f 74 98 111
f 74 111 82
f 75 99 76
f 75 77 100
f 75 100 99
f 76 99 80
f 77 78 101
f 77 101 100
f 78 82 102
f 78 102 101
f 80 99 103
f 80 103 104
f 80 104 105
f 80 105 106
f 80 106 81
f 81 106 108
f 81 108 109
f 81 109 110
f 81 110 107
f 82 111 112
f 82 112 102
f 84 85 113
f 85 114 113
f 86 115 87
f 87 115 116
f 87 116 117
f 87 117 118
f 87 118 119
f 87 119 120
f 87 120 88
f 88 120 89
f 89 121 122
f 89 122 90
f 89 120 123
f 89 123 121
f 90 122 91
f 91 122 124
f 91 124 92
f 92 124 125
f 92 125 93
f 93 126 94
f 93 125 126
f 94 126 127
f 94 127 95
f 95 127 128
f 95 128 96
f 96 128 129
f 96 129 130
f 96 130 131
f 96 131 97
f 97 132 98
f 97 131 133
f 97 133 134
f 97 134 132
f 98 132 135
f 98 135 111
f 99 100 136
f 99 136 137
f 99 137 138
f 99 138 103
f 100 101 102
f 100 102 136
f 102 112 150
f 102 150 139
f 102 139 136
f 103 138 104
f 104 138 140
f 104 140 141
f 104 141 105
f 105 141 108
f 105 108 106
f 107 110 142
f 108 141 143
f 108 143 144
f 108 144 145
f 108 145 109
f 109 145 110
f 110 146 142
f 110 145 146
f 111 135 112
f 112 135 147
f 112 147 148
f 112 148 149
f 112 149 150
f 113 114 151
f 114 152 151
f 115 153 116
f 116 153 154
f 116 154 155
f 116 155 117
f 117 155 118
f 118 155 119
f 119 155 156
f 119 156 120
f 120 156 157
f 120 157 123
f 121 123 158
f 121 158 122
f 122 158 159
f 122 159 124
f 123 160 158
f 123 157 160
f 124 159 125
f 125 159 161
f 125 161 162
f 125 162 163
f 125 163 164
f 125 164 126
f 126 164 127
f 127 164 128
f 128 165 129
f 128 164 165
f 129 165 130
f 130 165 166
f 130 166 133
f 130 133 131
f 132 134 135
f 133 166 167
f 133 167 168
f 133 168 169
f 133 169 170
f 133 170 134
f 134 170 171
f 134 171 135
f 135 148 147
f 135 171 172
f 135 172 173
f 135 173 174
f 135 174 175
f 135 175 148
f 136 139 176
f 136 176 138
f 136 138 137
f 138 176 177
f 138 177 140
f 139 150 177
f 139 177 176
f 140 177 178
f 140 178 141
f 141 178 179
f 141 179 143
f 142 146 145
f 142 145 180
f 143 179 181
f 143 181 182
f 143 182 183
f 143 183 144
f 144 183 145
f 145 183 184
f 145 184 185
f 145 185 186
f 145 186 187
f 145 187 180
f 148 175 188
f 148 188 189
f 148 189 190
f 148 190 149
f 149 190 191
f 149 191 192
f 149 192 150
f 150 192 193
f 150 193 177
f 151 152 194
f 152 195 196
f 152 196 194
f 153 197 198
f 153 198 199
f 153 199 154
f 154 199 200
f 154 200 155
f 155 200 201
f 155 201 202
f 155 202 203
f 155 203 156
f 156 203 204
f 156 204 157
f 157 204 205
f 157 205 206
f 157 206 160
f 158 160 159
f 159 160 207
f 159 207 161
f 160 206 208
f 160 208 207
f 161 207 162
f 162 207 209
f 162 209 210
f 162 210 211
f 162 211 212
f 162 212 163
f 163 167 164
f 163 212 213
f 163 213 167
f 164 167 166
f 164 166 165
f 167 213 214
f 167 214 215
f 167 215 168
f 168 215 216
f 168 216 217
f 168 217 169
f 169 217 218
f 169 218 170
f 170 218 172
f 170 172 171
f 172 218 219
f 172 219 220
f 172 220 173
f 173 220 221
f 173 221 222
f 173 222 223
f 173 223 224
f 173 224 225
f 173 225 226
f 173 226 227
f 173 227 228
f 173 228 229
f 173 229 174
f 174 229 228
f 174 228 230
f 174 230 189
f 174 189 188
f 174 188 175
f 177 193 231
f 177 231 178
f 178 231 232
f 178 232 179
f 179 232 233
f 179 233 181
f 180 187 186
f 180 186 234
f 181 233 235
f 181 235 236
f 181 236 182
f 182 236 183
f 183 236 237
f 183 237 184
f 184 237 238
f 184 238 239
f 184 239 185
f 185 238 237
f 185 237 240
f 185 240 241
f 185 241 242
f 185 242 243
f 185 243 244
f 185 244 245
f 185 245 246
f 185 246 186
f 185 239 238
f 186 246 234
f 189 230 247
f 189 247 190
f 190 247 248
f 190 248 191
f 191 249 192
f 191 248 250
f 191 250 249
f 192 249 193
f 193 249 231
f 195 251 252
f 195 252 253
f 195 253 254
f 195 254 255
f 195 255 256
f 195 256 196
f 197 257 198
f 198 257 199
f 199 257 200
f 200 257 258
f 200 258 259
f 200 259 260
f 200 260 261
f 200 261 201
f 201 261 262
f 201 262 202
f 202 262 263
f 202 263 264
f 202 264 265
f 202 265 266
f 202 266 204
f 202 204 203
f 204 266 205
f 205 266 267
f 205 267 268
f 205 268 269
f 205 269 270
f 205 270 271
f 205 271 208
f 205 208 206
f 207 208 209
f 208 271 272
f 208 272 209
f 209 272 273
f 209 273 210
f 210 273 274
f 210 274 275
f 210 275 211
f 211 275 276
f 211 276 212
f 212 277 213
f 212 276 277
f 213 277 214
f 214 277 278
f 214 278 279
f 214 279 215
f 215 279 280
f 215 280 216
f 216 280 281
f 216 281 217
f 217 281 282
f 217 282 218
f 218 282 283
f 218 283 219
f 219 283 284
f 219 284 285
f 219 285 286
f 219 286 287
f 219 287 220
f 220 287 221
f 221 287 222
f 222 288 223
f 222 287 288
f 223 288 289
f 223 289 290
f 223 290 225
f 223 225 224
f 225 290 291
f 225 291 226
f 226 291 292
f 226 292 293
f 226 293 228
f 226 228 227
f 228 293 294
f 228 294 295
f 228 295 296
f 228 296 297
f 228 297 298
f 228 298 247
f 228 247 230
f 231 249 299
f 231 299 232
f 232 299 300
f 232 300 301
f 232 301 233
f 233 301 300
f 233 300 302
f 233 302 235
f 235 302 303
f 235 303 304
f 235 304 305
f 235 305 236
f 236 305 240
f 236 240 237
f 240 305 306
f 240 306 307
f 240 307 241
f 241 307 242
f 242 307 308
f 242 308 309
f 242 309 243
f 243 310 244
f 243 309 311
f 243 311 310
f 247 312 313
f 247 313 314
f 247 314 248
f 247 298 312
f 248 314 250
f 249 250 299
f 250 314 299
f 251 315 252
f 252 315 317
f 252 317 316
f 257 318 319
f 257 319 259
f 257 259 258
f 259 319 320
f 259 320 263
f 259 263 260
f 260 263 261
f 261 263 262
f 263 320 321
f 263 321 322
f 263 322 323
f 263 323 324
f 263 324 325
f 263 325 264
f 264 325 265
f 265 267 266
f 265 325 326
f 265 326 327
f 265 327 267
f 267 327 328
f 267 328 268
f 268 328 329
f 268 329 269
f 269 330 271
f 269 271 270
f 269 329 331
f 269 331 330
f 271 330 275
f 271 275 274
f 271 274 273
f 271 273 272
f 275 330 332
f 275 332 333
f 275 333 276
f 276 278 277
f 276 333 278
f 278 333 279
f 279 333 280
f 280 333 334
f 280 334 335
f 280 335 281
f 281 335 336
f 281 336 283
f 281 283 282
f 283 336 337
f 283 337 284
f 284 337 338
f 284 338 339
f 284 339 340
f 284 340 285
f 285 339 341
f 285 341 342
f 285 342 288
f 285 288 343
f 285 343 344
f 285 344 286
f 285 340 339
f 286 344 287
f 287 344 288
f 288 344 343
f 288 342 345
f 288 345 289
f 289 345 346
f 289 346 347
f 289 347 290
f 290 347 348
f 290 348 291
f 291 348 349
f 291 349 350
f 291 350 351
f 291 351 292
f 292 295 294
f 292 294 293
f 292 351 295
f 295 352 353
f 295 353 296
f 295 351 350
f 295 350 352
f 296 354 355
f 296 355 298
f 296 298 297
f 296 353 352
f 296 352 356
f 296 356 354
f 298 355 312
f 299 314 300
f 300 357 358
f 300 358 359
f 300 359 303
f 300 303 302
f 300 314 357
f 303 359 360
f 303 360 361
f 303 361 304
f 304 361 362
f 304 362 363
f 304 363 305
f 305 363 364
f 305 364 306
f 306 364 363
f 306 363 365
f 306 365 308
f 306 308 307
f 308 365 366
f 308 366 367
f 308 367 368
f 308 368 369
f 308 369 309
f 309 369 370
f 309 370 371
f 309 371 372
f 309 372 311
f 312 355 313
f 313 355 373
f 313 373 374
f 313 374 357
f 313 357 314
f 316 317 375
f 317 376 377
f 317 377 378
f 317 378 375
f 318 379 380
f 318 380 319
f 319 380 320
f 320 380 381
f 320 381 321
f 321 381 322
f 322 381 443
f 322 443 382
f 322 382 383
f 322 383 384
f 322 384 323
f 323 384 324
f 324 384 385
f 324 385 386
f 324 386 387
f 324 387 325
f 325 387 388
f 325 388 389
f 325 389 326
f 326 390 327
f 326 389 391
f 326 391 390
f 327 390 392
f 327 392 328
f 328 392 394
f 328 394 329
f 329 393 331
f 329 394 393
f 330 395 332
f 330 331 396
f 330 396 397
f 330 397 398
f 330 398 395
f 331 393 399
f 331 399 396
f 332 395 333
f 333 395 334
f 334 395 400
f 334 400 401
f 334 401 335
f 335 401 337
f 335 337 336
f 337 401 338
f 338 402 403
f 338 403 404
f 338 404 341
f 338 341 339
f 338 401 402
f 341 404 405
f 341 405 406
f 341 406 407
f 341 407 408
f 341 408 342
f 342 408 345
f 345 408 346
f 346 408 409
f 346 409 410
f 346 410 411
f 346 411 412
f 346 412 347
f 347 412 413
f 347 413 348
f 348 413 349
f 349 413 414
f 349 414 350
f 350 414 415
f 350 415 416
f 350 416 352
f 352 417 356
f 352 416 418
f 352 418 417
f 354 419 420
f 354 420 421
f 354 421 422
f 354 422 355
f 354 356 423
f 354 423 424
f 354 424 419
f 355 422 373
f 356 417 423
f 357 374 421
f 357 421 358
f 358 421 420
f 358 420 425
f 358 425 359
f 359 425 360
f 360 425 426
f 360 426 362
f 360 362 361
f 362 426 427
f 362 427 363
f 363 427 365
f 365 427 428
f 365 428 429
f 365 429 366
f 366 429 430
f 366 430 367
f 367 430 368
f 368 430 431
f 368 431 432
f 368 432 433
f 368 433 434
f 368 434 435
f 368 435 436
f 368 436 369
f 369 436 370
f 370 436 437
f 373 422 374
f 374 422 421
f 376 438 439
f 376 439 440
f 376 440 377
f 379 441 380
f 380 441 442
f 380 442 381
f 381 442 508
f 381 508 443
f 382 443 444
f 382 444 445
f 382 445 383
f 383 445 446
f 383 446 387
f 383 387 386
f 383 386 385
f 383 385 384
f 387 446 388
f 388 446 447
f 388 447 448
f 388 448 389
f 389 448 449
f 389 449 391
f 390 391 392
f 391 450 392
f 391 449 450
f 392 450 451
f 392 451 394
f 393 394 399
f 394 452 399
f 394 451 453
f 394 453 454
f 394 454 452
f 395 398 400
f 396 399 397
f 397 399 455
f 397 455 456
f 397 456 398
f 398 456 457
f 398 457 400
f 399 452 454
f 399 454 458
f 399 458 455
f 400 457 402
f 400 402 401
f 402 457 403
f 403 459 460
f 403 460 461
f 403 461 406
f 403 406 405
f 403 405 404
f 403 457 459
f 406 461 462
f 406 462 463
f 406 463 407
f 407 463 464
f 407 464 408
f 408 464 465
f 408 465 409
f 409 465 410
f 410 465 466
f 410 466 411
f 411 467 412
f 411 466 468
f 411 468 469
f 411 469 467
f 412 467 470
f 412 470 413
f 413 470 414
f 414 470 471
f 414 471 472
f 414 472 473
f 414 473 474
f 414 474 415
f 415 474 475
f 415 475 416
f 416 476 418
f 416 475 477
f 416 477 476
f 417 478 423
f 417 418 479
f 417 479 480
f 417 480 478
f 418 481 480
f 418 480 479
f 418 476 482
f 418 482 483
f 418 483 481
f 419 424 484
f 419 484 420
f 420 484 485
f 420 485 426
f 420 426 425
f 423 486 484
f 423 484 424
f 423 478 487
f 423 487 486
f 426 485 488
f 426 488 489
f 426 489 427
f 427 489 490
f 427 490 491
f 427 491 428
f 428 491 492
f 428 492 430
f 428 430 429
f 430 492 493
f 430 493 431
f 431 494 495
f 431 495 432
f 431 493 496
f 431 496 497
f 431 497 498
f 431 498 494
f 432 495 433
f 433 499 500
f 433 500 434
f 433 495 501
f 433 501 502
f 433 502 499
f 434 500 435
f 435 503 504
f 435 504 437
f 435 437 436
f 435 500 503
f 441 506 507
f 441 507 508
f 441 508 442
f 443 508 509
f 443 509 510
f 443 510 444
f 444 510 511
f 444 511 512
f 444 512 445
f 445 512 583
f 445 583 513
f 445 513 446
f 446 513 447
f 447 513 514
f 447 514 448
f 448 514 515
f 448 515 516
f 448 516 449
f 449 516 588
f 449 588 517
f 449 517 450
f 450 517 451
f 451 517 518
f 451 518 519
f 451 519 453
f 453 520 454
f 453 519 521
f 453 521 520
f 454 520 522
f 454 522 458
f 455 458 523
f 455 523 524
f 455 524 456
f 456 524 459
f 456 459 457
f 458 522 525
f 458 525 523
f 459 524 526
f 459 526 460
f 460 526 527
f 460 527 528
f 460 528 462
f 460 462 461
f 462 528 529
f 462 529 463
f 463 529 530
f 463 530 464
f 464 530 531
f 464 531 466
f 464 466 465
f 466 531 532
f 466 532 533
f 466 533 534
f 466 534 468
f 467 471 470
f 467 469 471
f 468 535 469
f 468 534 536
f 468 536 535
f 469 535 537
f 469 537 472
f 469 472 471
f 472 537 538
f 472 538 539
f 472 539 473
f 473 539 474
f 474 539 475
f 475 539 540
f 475 540 541
f 475 541 542
f 475 542 543
f 475 543 544
f 475 544 477
f 476 477 482
f 477 544 482
f 478 480 545
f 478 545 487
f 480 481 483
f 480 483 546
f 480 546 547
f 480 547 548
f 480 548 545
f 482 544 483
f 483 544 549
f 483 549 550
f 483 550 546
f 484 486 551
f 484 551 552
f 484 552 485
f 485 552 488
f 486 487 551
f 487 545 551
f 488 491 489
f 488 552 553
f 488 553 491
f 489 491 490
f 491 553 554
f 491 554 496
f 491 496 492
f 492 496 493
f 494 498 495
f 495 498 555
f 495 555 556
f 495 556 501
f 496 554 497
f 497 554 557
f 497 557 498
f 498 558 501
f 498 501 555
f 498 557 559
f 498 559 560
f 498 560 561
f 498 561 562
f 498 562 563
f 498 563 558
f 499 564 500
f 499 502 565
f 499 565 564
f 500 564 566
f 500 566 567
f 500 567 568
f 500 568 503
f 501 556 555
f 501 558 563
f 501 563 569
f 501 569 570
f 501 570 571
f 501 571 502
f 502 571 572
f 502 572 565
f 505 573 574
f 506 575 507
f 507 575 649
f 507 649 576
f 507 576 577
f 507 577 508
f 508 577 509
f 509 577 578
f 509 578 579
f 509 579 510
f 510 579 511
f 511 579 580
f 511 580 581
f 511 581 582
f 511 582 512
f 512 582 583
f 513 583 584
f 513 584 514
f 514 584 515
f 515 584 585
f 515 585 586
f 515 586 587
f 515 587 516
f 516 587 589
f 516 589 588
f 517 588 590
f 517 590 518
f 518 590 519
f 519 590 591
f 519 591 592
f 519 592 521
f 520 521 593
f 520 593 522
f 521 592 593
f 522 593 525
f 523 526 524
f 523 525 594
f 523 594 527
f 523 527 526
f 525 593 594
f 527 594 595
f 527 595 528
f 528 595 529
f 529 596 532
f 529 532 531
f 529 531 530
f 529 595 597
f 529 597 598
f 529 598 599
f 529 599 600
f 529 600 596
f 532 596 601
f 532 601 533
f 533 600 602
f 533 602 603
f 533 603 604
f 533 604 605
f 533 605 606
f 533 606 607
f 533 607 608
f 533 608 609
f 533 609 537
f 533 537 536
f 533 536 534
f 533 601 600
f 535 536 537
f 537 610 538
f 537 609 608
f 537 608 611
f 537 611 612
f 537 612 610
f 538 610 539
f 539 610 612
f 539 612 613
f 539 613 540
f 540 613 541
f 541 613 614
f 541 614 615
f 541 615 616
f 541 616 542
f 542 616 543
f 543 616 617
f 543 617 618
f 543 618 619
f 543 619 544
f 544 550 549
f 544 619 550
f 545 548 553
f 545 553 620
f 545 620 551
f 546 550 621
f 546 621 622
f 546 622 623
f 546 623 624
f 546 624 625
f 546 625 626
f 546 626 627
f 546 627 547
f 547 628 548
f 547 627 628
f 548 628 553
f 550 619 618
f 550 618 621
f 551 620 552
f 552 620 553
f 553 628 626
f 553 626 629
f 553 629 630
f 553 630 631
f 553 631 554
f 554 631 632
f 554 632 559
f 554 559 557
f 559 632 560
f 560 632 633
f 560 633 634
f 560 634 561
f 561 634 635
f 561 635 636
f 561 636 637
f 561 637 638
f 561 638 639
f 561 639 562
f 562 639 563
f 563 639 640
f 563 640 641
f 563 641 569
f 564 642 566
f 564 565 642
f 565 572 643
f 565 643 642
f 569 641 570
f 570 644 571
f 570 641 644
f 571 644 645
f 571 645 572
f 572 645 646
f 572 646 643
f 573 647 648
f 573 648 574
f 576 649 650
f 576 650 577
f 577 650 651
f 577 651 578
f 578 651 652
f 578 652 653
f 578 653 654
f 578 654 580
f 578 580 579
f 580 654 655
f 580 655 656
f 580 656 581
f 581 656 582
f 582 656 657
f 582 657 658
f 582 658 583
f 583 658 584
f 584 658 585
f 585 658 586
f 586 659 589
f 586 589 587
f 586 658 660
f 586 660 661
f 586 661 662
f 586 662 663
f 586 663 659
f 588 589 590
f 589 659 591
f 589 591 590
f 591 593 592
f 591 659 664
f 591 664 665
f 591 665 666
f 591 666 667
f 591 667 593
f 593 668 597
f 593 597 669
f 593 669 594
f 593 667 670
f 593 670 671
f 593 671 672
f 593 672 668
f 594 669 597
f 594 597 595
f 596 600 601
f 597 668 673
f 597 673 674
f 597 674 598
f 598 674 599
f 599 674 675
f 599 675 676
f 599 676 600
f 600 677 602
f 600 676 678
f 600 678 679
f 600 679 680
f 600 680 677
f 602 677 681
f 602 681 680
f 602 680 682
f 602 682 603
f 603 682 680
f 603 680 683
f 603 683 684
f 603 684 685
f 603 685 686
f 603 686 687
f 603 687 604
f 604 687 688
f 604 688 689
f 604 689 605
f 605 689 606
f 606 690 691
f 606 691 607
f 606 689 764
f 606 764 690
f 607 691 608
f 608 691 611
f 611 691 612
f 612 691 690
f 612 690 614
f 612 614 613
f 614 690 692
f 614 692 693
f 614 693 615
f 615 693 694
f 615 694 616
f 616 694 695
f 616 695 696
f 616 696 697
f 616 697 617
f 617 621 618
f 617 697 621
f 621 697 698
f 621 698 699
f 621 699 700
f 621 700 623
f 621 623 622
f 623 701 702
f 623 702 626
f 623 626 625
f 623 625 624
f 623 700 699
f 623 699 703
f 623 703 704
f 623 704 701
f 626 702 705
f 626 705 629
f 626 628 627
f 629 705 706
f 629 706 707
f 629 707 630
f 630 707 635
f 630 635 633
f 630 633 631
f 631 633 632
f 633 635 634
f 635 707 708
f 635 708 636
f 636 708 638
f 636 638 637
f 638 709 710
f 638 710 711
f 638 711 640
f 638 640 639
f 638 708 709
f 640 711 641
f 641 711 712
f 641 712 713
f 641 713 714
f 641 714 646
f 641 646 644
f 642 643 715
f 643 646 716
f 643 716 715
f 644 646 645
f 646 714 717
f 646 717 718
f 646 718 719
f 646 719 720
f 646 720 721
f 646 721 716
f 647 722 723
f 647 723 648
f 649 724 650
f 650 724 725
f 650 725 726
f 650 726 651
f 651 726 727
f 651 727 652
f 652 727 728
f 652 728 653
f 653 655 654
f 653 728 729
f 653 729 730
f 653 730 731
f 653 731 732
f 653 732 655
f 655 732 731
f 655 731 656
f 656 731 733
f 656 733 734
f 656 734 657
f 657 660 658
f 657 734 660
f 659 663 664
f 660 734 735
f 660 735 736
f 660 736 661
f 661 736 737
f 661 737 738
f 661 738 662
f 662 738 737
f 662 737 739
f 662 739 740
f 662 740 741
f 662 741 664
f 662 664 663
f 664 741 666
f 664 666 665
f 666 741 742
f 666 742 743
f 666 743 744
f 666 744 667
f 667 744 745
f 667 745 671
f 667 671 670
f 668 672 673
f 671 745 744
f 671 744 746
f 671 746 747
f 671 747 672
f 672 748 673
f 672 747 749
f 672 749 750
f 672 750 748
f 673 748 674
f 674 748 675
f 675 750 676
f 675 748 750
f 676 750 751
f 676 751 752
f 676 752 678
f 677 680 681
f 678 753 680
f 678 680 679
f 678 752 754
f 678 754 755
f 678 755 756
f 678 756 753
f 680 753 683
f 683 753 684
f 684 753 757
f 684 757 758
f 684 758 685
f 685 758 759
f 685 759 686
f 686 759 760
f 686 760 687
f 687 760 761
f 687 761 762
f 687 762 688
f 688 763 689
f 688 762 763
f 689 763 692
f 689 692 764
f 690 764 692
f 692 763 762
f 692 762 765
f 692 765 766
f 692 766 767
f 692 767 693
f 693 767 695
f 693 695 768
f 693 768 694
f 694 768 695
f 695 767 769
f 695 769 770
f 695 770 771
f 695 771 772
f 695 772 696
f 696 772 697
f 697 772 773
f 697 773 774
f 697 774 775
f 697 775 776
f 697 776 777
f 697 777 698
f 698 777 699
f 699 777 778
f 699 778 779
f 699 779 703
f 701 707 706
f 701 706 702
f 701 704 707
f 702 706 705
f 703 779 780
f 703 780 704
f 704 780 707
f 707 780 781
f 707 781 782
f 707 782 783
f 707 783 784
f 707 784 785
f 707 785 786
f 707 786 708
f 708 786 709
f 709 786 785
f 709 785 784
f 709 784 787
f 709 787 710
f 710 787 788
f 710 788 789
f 710 789 790
f 710 790 711
f 711 790 712
f 712 790 791
f 712 791 792
f 712 792 713
f 713 792 793
f 713 793 717
f 713 717 714
f 715 716 794
f 715 794 795
f 716 721 796
f 716 796 794
f 717 793 718
f 718 793 797
f 718 797 798
f 718 798 719
f 719 799 720
f 719 798 799
f 720 799 800
f 720 800 721
f 721 800 801
f 721 801 796
f 722 802 803
f 722 803 723
f 723 803 804
f 725 805 727
f 725 727 726
f 727 805 806
f 727 806 729
f 727 729 728
f 729 806 807
f 729 807 730
f 730 808 731
f 730 807 809
f 730 809 810
f 730 810 811
f 730 811 812
f 730 812 808
f 731 808 813
f 731 813 733
f 733 813 814
f 733 814 734
f 734 814 815
f 734 815 735
f 735 815 736
f 736 815 816
f 736 816 737
f 737 816 906
f 737 906 817
f 737 817 818
f 737 818 819
f 737 819 820
f 737 820 739
f 739 820 740
f 740 820 821
f 740 821 822
f 740 822 742
f 740 742 741
f 742 823 824
f 742 824 743
f 742 822 823
f 743 824 744
f 744 824 746
f 746 824 825
f 746 825 747
f 747 825 749
f 749 751 826
f 749 826 750
f 749 825 827
f 749 827 828
f 749 828 829
f 749 829 830
f 749 830 831
f 749 831 832
f 749 832 834
f 749 834 833
f 749 833 754
f 749 754 751
f 750 826 751
f 751 754 752
f 753 756 757
f 754 833 834
f 754 834 755
f 755 834 835
f 755 835 836
f 755 836 756
f 756 837 758
f 756 758 757
f 756 836 838
f 756 838 839
f 756 839 837
f 758 837 840
f 758 840 759
f 759 840 841
f 759 841 842
f 759 842 843
f 759 843 844
f 759 844 845
f 759 845 846
f 759 846 760
f 760 846 766
f 760 766 765
f 760 765 761
f 761 765 762
f 766 770 769
f 766 769 767
f 766 846 847
f 766 847 844
f 766 844 848
f 766 848 849
f 766 849 850
f 766 850 851
f 766 851 852
f 766 852 853
f 766 853 770
f 770 853 854
f 770 854 855
f 770 855 773
f 770 773 771
f 771 773 772
f 773 855 856
f 773 856 857
f 773 857 858
f 773 858 859
f 773 859 775
f 773 775 774
f 775 860 861
f 775 861 777
f 775 777 776
f 775 859 862
f 775 862 863
f 775 863 860
f 777 861 778
f 778 861 864
f 778 864 779
f 779 865 866
f 779 866 780
f 779 864 863
f 779 863 865
f 780 866 867
f 780 867 868
f 780 868 781
f 781 868 783
f 781 783 782
f 783 868 784
f 784 868 869
f 784 869 870
f 784 870 788
f 784 788 787
f 788 870 871
f 788 871 789
f 789 791 790
f 789 871 872
f 789 872 791
f 791 793 792
f 791 872 873
f 791 873 874
f 791 874 798
f 791 798 793
f 793 798 797
f 794 796 875
f 794 875 795
f 798 876 877
f 798 877 799
f 798 874 878
f 798 878 879
f 798 879 880
f 798 880 881
f 798 881 882
f 798 882 883
f 798 883 884
f 798 884 885
f 798 885 886
f 798 886 876
f 799 877 876
f 799 876 887
f 799 887 800
f 800 887 801
f 802 888 803
f 803 889 804
f 803 888 890
f 803 890 891
f 803 891 892
f 803 892 889
f 805 893 894
f 805 894 806
f 806 894 893
f 806 893 895
f 806 895 807
f 807 895 899
f 807 899 809
f 808 812 896
f 808 896 897
f 808 897 898
f 808 898 813
f 809 899 900
f 809 900 810
f 810 900 901
f 810 901 902
f 810 902 903
f 810 903 811
f 811 903 812
f 812 903 904
f 812 904 896
f 813 898 814
f 814 898 905
f 814 905 816
f 814 816 815
f 816 905 897
f 816 897 906
f 817 906 907
f 817 907 818
f 818 907 908
f 818 908 909
f 818 909 910
f 818 910 911
f 818 911 819
f 819 912 820
f 819 911 913
f 819 913 912
f 820 912 821
f 821 912 822
f 822 914 915
f 822 915 916
f 822 916 917
f 822 917 829
f 822 829 823
f 822 912 914
f 823 827 825
f 823 825 824
f 823 829 827
f 827 829 828
f 829 917 830
f 830 917 918
f 830 918 919
f 830 919 920
f 830 920 921
f 830 921 922
f 830 922 831
f 831 922 832
f 832 922 834
f 834 922 923
f 834 923 835
f 835 923 838
f 835 838 836
f 837 839 840
f 838 924 925
f 838 925 926
f 838 926 927
f 838 927 839
f 838 923 928
f 838 928 924
f 839 929 930
f 839 930 840
f 839 927 931
f 839 931 929
f 840 930 841
f 841 930 842
f 842 932 931
f 842 931 933
f 842 933 934
f 842 934 843
f 842 930 929
f 842 929 932
f 843 934 844
f 844 934 848
f 844 847 846
f 844 846 845
f 848 850 849
f 848 934 935
f 848 935 851
f 848 851 850
f 851 935 936
f 851 936 852
f 852 856 854
f 852 854 853
f 852 936 937
f 852 937 856
f 854 856 855
f 856 937 857
f 857 859 858
f 857 937 938
f 857 938 939
f 857 939 859
f 859 939 940
f 859 940 941
f 859 941 942
f 859 942 943
f 859 943 862
f 860 864 861
f 860 863 864
f 862 943 863
f 863 943 944
f 863 944 945
f 863 945 946
f 863 946 947
f 863 947 948
f 863 948 865
f 865 949 866
f 865 948 949
f 866 949 950
f 866 950 867
f 867 950 868
f 868 950 869
f 869 950 951
f 869 951 870
f 870 951 872
f 870 872 871
f 872 952 953
f 872 953 954
f 872 954 873
f 872 951 950
f 872 950 952
f 873 954 878
f 873 878 874
f 876 886 887
f 878 954 953
f 878 953 955
f 878 955 956
f 878 956 957
f 878 957 958
f 878 958 959
f 878 959 960
f 878 960 879
f 879 961 880
f 879 960 961
f 880 961 881
f 881 960 962
f 881 962 963
f 881 963 964
f 881 964 883
f 881 883 882
f 881 961 960
f 883 964 884
f 884 964 965
f 884 965 885
f 885 966 967
f 885 967 968
f 885 968 969
f 885 969 970
f 885 970 971
f 885 971 972
f 885 972 973
f 885 973 974
f 885 974 886
f 885 965 966
f 886 974 975
f 886 975 976
f 886 976 887
f 887 976 977
f 891 978 892
f 891 979 980
f 891 980 978
f 893 981 899
f 893 899 895
f 896 904 897
f 897 905 898
f 897 904 982
f 897 982 983
f 897 983 984
f 897 984 906
f 899 981 985
f 899 985 986
f 899 986 987
f 899 987 900
f 900 987 988
f 900 988 901
f 901 988 989
f 901 989 902
f 902 989 990
f 902 990 991
f 902 991 992
f 902 992 903
f 903 992 904
f 904 992 993
f 904 993 1093
f 904 1093 982
f 906 984 907
f 907 994 995
f 907 995 908
f 907 984 994
f 908 995 909
f 909 996 910
f 909 995 997
f 909 997 998
f 909 998 999
f 909 999 996
f 910 996 911
f 911 996 913
f 912 913 914
f 913 996 1000
f 913 1000 914
f 914 1000 915
f 915 919 916
f 915 1000 1001
f 915 1001 1002
f 915 1002 1003
f 915 1003 1004
f 915 1004 919
f 916 919 917
f 917 919 918
f 919 1004 1005
f 919 1005 1006
f 919 1006 1007
f 919 1007 920
f 920 1007 1008
f 920 1008 921
f 921 928 922
f 921 1008 928
f 922 928 923
f 924 928 1009
f 924 1009 1010
f 924 1010 1011
f 924 1011 925
f 925 1011 1010
f 925 1010 1012
f 925 1012 1013
f 925 1013 1014
f 925 1014 1015
f 925 1015 1016
f 925 1016 1017
f 925 1017 1018
f 925 1018 926
f 926 1018 1017
f 926 1017 931
f 926 931 927
f 928 1008 1010
f 928 1010 1009
f 929 931 932
f 931 1019 1020
f 931 1020 934
f 931 934 933
f 931 1017 1021
f 931 1021 1019
f 934 1020 1022
f 934 1022 1023
f 934 1023 1024
f 934 1024 1025
f 934 1025 1026
f 934 1026 1027
f 934 1027 935
f 935 1027 936
f 936 938 937
f 936 1027 1028
f 936 1028 1029
f 936 1029 1030
f 936 1030 1031
f 936 1031 938
f 938 1031 1030
f 938 1030 940
f 938 940 939
f 940 1030 1032
f 940 1032 1033
f 940 1033 1034
f 940 1034 1035
f 940 1035 941
f 941 1035 1034
f 941 1034 1036
f 941 1036 1037
f 941 1037 1038
f 941 1038 1039
f 941 1039 1040
f 941 1040 942
f 942 1040 944
f 942 944 943
f 944 1040 1039
f 944 1039 1041
f 944 1041 945
f 945 1041 946
f 946 1042 1043
f 946 1043 947
f 946 1041 1039
f 946 1039 1044
f 946 1044 1045
f 946 1045 1046
f 946 1046 1042
f 947 1043 948
f 948 1047 949
f 948 1043 1142
f 948 1142 1047
f 949 1047 950
f 950 1047 1048
f 950 1048 953
f 950 953 952
f 953 1048 1049
f 953 1049 1050
f 953 1050 1051
f 953 1051 955
f 955 1051 1050
f 955 1050 956
f 956 1052 1053
f 956 1053 958
f 956 958 957
f 956 1050 1054
f 956 1054 1045
f 956 1045 1052
f 958 1053 1055
f 958 1055 1056
f 958 1056 1057
f 958 1057 1058
f 958 1058 1059
f 958 1059 1060
f 958 1060 1061
f 958 1061 1062
f 958 1062 1063
f 958 1063 962
f 958 962 1064
f 958 1064 960
f 958 960 959
f 960 1064 962
f 962 1063 1065
f 962 1065 1066
f 962 1066 963
f 963 1066 1061
f 963 1061 1067
f 963 1067 1068
f 963 1068 1069
f 963 1069 1070
f 963 1070 968
f 963 968 966
f 963 966 964
f 964 966 965
f 966 968 967
f 968 1070 1071
f 968 1071 969
f 969 1071 1072
f 969 1072 1073
f 969 1073 1074
f 969 1074 971
f 969 971 970
f 971 1074 1075
f 971 1075 1076
f 971 1076 972
f 972 1077 973
f 972 1076 1078
f 972 1078 1077
f 973 1079 974
f 973 1077 1080
f 973 1080 1081
f 973 1081 1082
f 973 1082 1079
f 974 1079 975
f 975 1083 976
f 975 1079 1084
f 975 1084 1085
f 975 1085 1083
f 976 1083 1086
f 976 1086 1087
f 976 1087 1088
f 976 1088 977
f 978 980 1090
f 978 1090 1091
f 978 1091 1089
f 979 1092 980
f 980 1092 1090
f 982 1093 983
f 983 1093 984
f 984 1093 1094
f 984 1094 994
f 985 1095 986
f 986 1095 1184
f 986 1184 1096
f 986 1096 1097
f 986 1097 988
f 986 988 987
f 988 1097 989
f 989 1097 1098
f 989 1098 990
f 990 1098 1099
f 990 1099 991
f 991 1099 1100
f 991 1100 1101
f 991 1101 1194
f 991 1194 1102
f 991 1102 992
f 992 1102 993
f 993 1102 1183
f 993 1183 1093
f 994 1094 1103
f 994 1103 995
f 995 1103 1104
f 995 1104 997
f 996 999 998
f 996 998 1105
f 996 1105 1000
f 997 1104 1106
f 997 1106 998
f 998 1001 1105
f 998 1106 1107
f 998 1107 1108
f 998 1108 1001
f 1000 1105 1001
f 1001 1108 1002
f 1002 1108 1107
f 1002 1107 1109
f 1002 1109 1110
f 1002 1110 1111
f 1002 1111 1112
f 1002 1112 1113
f 1002 1113 1114
f 1002 1114 1003
f 1003 1114 1115
f 1003 1115 1116
f 1003 1116 1004
f 1004 1116 1117
f 1004 1117 1005
f 1005 1117 1006
f 1006 1117 1118
f 1006 1118 1008
f 1006 1008 1007
f 1008 1118 1010
f 1010 1118 1119
f 1010 1119 1012
f 1012 1119 1120
f 1012 1120 1013
f 1013 1120 1014
f 1014 1120 1015
f 1015 1120 1121
f 1015 1121 1122
f 1015 1122 1016
f 1016 1122 1017
f 1017 1123 1124
f 1017 1124 1021
f 1017 1122 1121
f 1017 1121 1125
f 1017 1125 1126
f 1017 1126 1123
f 1019 1021 1124
f 1019 1124 1023
f 1019 1023 1022
f 1019 1022 1020
f 1023 1124 1127
f 1023 1127 1128
f 1023 1128 1129
f 1023 1129 1024
f 1024 1129 1025
f 1025 1130 1029
f 1025 1029 1028
f 1025 1028 1026
f 1025 1129 1131
f 1025 1131 1130
f 1026 1028 1027
f 1029 1130 1132
f 1029 1132 1030
f 1030 1132 1032
f 1032 1132 1033
f 1033 1132 1133
f 1033 1133 1134
f 1033 1134 1135
f 1033 1135 1136
f 1033 1136 1034
f 1034 1137 1037
f 1034 1037 1036
f 1034 1136 1135
f 1034 1135 1138
f 1034 1138 1137
f 1037 1137 1139
f 1037 1139 1038
f 1038 1139 1039
f 1039 1139 1140
f 1039 1140 1141
f 1039 1141 1044
f 1042 1142 1043
f 1042 1046 1054
f 1042 1054 1050
f 1042 1050 1142
f 1044 1141 1045
f 1045 1054 1143
f 1045 1143 1046
f 1045 1141 1052
f 1046 1143 1054
f 1047 1142 1048
f 1048 1142 1049
f 1049 1142 1050
f 1052 1141 1144
f 1052 1144 1145
f 1052 1145 1053
f 1053 1145 1146
f 1053 1146 1147
f 1053 1147 1148
f 1053 1148 1056
f 1053 1056 1055
f 1056 1148 1149
f 1056 1149 1150
f 1056 1150 1151
f 1056 1151 1152
f 1056 1152 1153
f 1056 1153 1154
f 1056 1154 1155
f 1056 1155 1058
f 1056 1058 1057
f 1058 1155 1156
f 1058 1156 1059
f 1059 1156 1157
f 1059 1157 1158
f 1059 1158 1061
f 1059 1061 1060
f 1061 1158 1068
f 1061 1068 1159
f 1061 1159 1067
f 1061 1066 1160
f 1061 1160 1062
f 1062 1160 1063
f 1063 1160 1066
f 1063 1066 1065
f 1067 1159 1068
f 1068 1158 1161
f 1068 1161 1070
f 1068 1070 1069
f 1070 1161 1071
f 1071 1161 1072
f 1072 1161 1162
f 1072 1162 1163
f 1072 1163 1073
f 1073 1163 1164
f 1073 1164 1076
f 1073 1076 1074
f 1074 1076 1075
f 1076 1165 1166
f 1076 1166 1078
f 1076 1164 1165
f 1077 1078 1080
f 1078 1166 1167
f 1078 1167 1080
f 1079 1082 1084
f 1080 1167 1168
f 1080 1168 1169
f 1080 1169 1170
f 1080 1170 1171
f 1080 1171 1081
f 1081 1172 1082
f 1082 1172 1084
f 1083 1173 1174
f 1083 1174 1086
f 1083 1085 1173
f 1086 1088 1087
f 1086 1174 1175
f 1089 1091 1177
f 1089 1177 1176
f 1090 1092 1178
f 1090 1178 1179
f 1090 1179 1091
f 1091 1179 1180
f 1091 1180 1181
f 1091 1181 1182
f 1091 1182 1177
f 1093 1183 1094
f 1094 1183 1103
f 1096 1184 1185
f 1096 1185 1097
f 1097 1185 1098
f 1098 1186 1187
f 1098 1187 1188
f 1098 1188 1189
f 1098 1189 1190
f 1098 1190 1191
f 1098 1191 1099
f 1098 1185 1186
f 1099 1191 1192
f 1099 1192 1100
f 1100 1192 1193
f 1100 1193 1101
f 1101 1193 1295
f 1101 1295 1194
f 1102 1194 1287
f 1102 1287 1183
f 1103 1183 1195
f 1103 1195 1104
f 1104 1195 1196
f 1104 1196 1197
f 1104 1197 1198
f 1104 1198 1106
f 1106 1198 1199
f 1106 1199 1107
f 1107 1199 1200
f 1107 1200 1109
f 1109 1200 1110
f 1110 1200 1201
f 1110 1201 1202
f 1110 1202 1203
f 1110 1203 1111
f 1111 1203 1112
f 1112 1204 1205
f 1112 1205 1206
f 1112 1206 1113
f 1112 1203 1204
f 1113 1115 1114
f 1113 1206 1115
f 1115 1207 1117
f 1115 1117 1116
f 1115 1206 1208
f 1115 1208 1207
f 1117 1207 1209
f 1117 1209 1118
f 1118 1209 1210
f 1118 1210 1211
f 1118 1211 1119
f 1119 1211 1120
f 1120 1211 1210
f 1120 1210 1212
f 1120 1212 1213
f 1120 1213 1214
f 1120 1214 1215
f 1120 1215 1121
f 1121 1215 1213
f 1121 1213 1216
f 1121 1216 1217
f 1121 1217 1218
f 1121 1218 1219
f 1121 1219 1125
f 1123 1126 1127
f 1123 1127 1124
f 1125 1219 1126
f 1126 1220 1127
f 1126 1219 1218
f 1126 1218 1221
f 1126 1221 1220
f 1127 1220 1128
f 1128 1220 1129
f 1129 1220 1222
f 1129 1222 1223
f 1129 1223 1224
f 1129 1224 1225
f 1129 1225 1226
f 1129 1226 1227
f 1129 1227 1131
f 1130 1131 1227
f 1130 1227 1132
f 1132 1227 1228
f 1132 1228 1229
f 1132 1229 1230
f 1132 1230 1134
f 1132 1134 1133
f 1134 1230 1231
f 1134 1231 1232
f 1134 1232 1233
f 1134 1233 1234
f 1134 1234 1135
f 1135 1234 1235
f 1135 1235 1236
f 1135 1236 1237
f 1135 1237 1238
f 1135 1238 1239
f 1135 1239 1240
f 1135 1240 1138
f 1137 1138 1139
f 1138 1240 1139
f 1139 1240 1239
f 1139 1239 1241
f 1139 1241 1242
f 1139 1242 1140
f 1140 1242 1243
f 1140 1243 1144
f 1140 1144 1141
f 1144 1150 1244
f 1144 1244 1145
f 1144 1243 1245
f 1144 1245 1246
f 1144 1246 1247
f 1144 1247 1150
f 1145 1244 1146
f 1146 1244 1147
f 1147 1244 1150
f 1147 1150 1149
f 1147 1149 1148
f 1150 1247 1248
f 1150 1248 1249
f 1150 1249 1151
f 1151 1249 1152
f 1152 1249 1153
f 1153 1250 1154
f 1153 1249 1251
f 1153 1251 1252
f 1153 1252 1250
f 1154 1250 1155
f 1155 1253 1254
f 1155 1254 1156
f 1155 1250 1252
f 1155 1252 1255
f 1155 1255 1256
f 1155 1256 1257
f 1155 1257 1258
f 1155 1258 1259
f 1155 1259 1260
f 1155 1260 1261
f 1155 1261 1262
f 1155 1262 1263
f 1155 1263 1264
f 1155 1264 1253
f 1156 1254 1161
f 1156 1161 1157
f 1157 1161 1158
f 1161 1254 1253
f 1161 1253 1264
f 1161 1264 1162
f 1162 1265 1266
f 1162 1266 1267
f 1162 1267 1268
f 1162 1268 1163
f 1162 1264 1263
f 1162 1263 1262
f 1162 1262 1269
f 1162 1269 1270
f 1162 1270 1271
f 1162 1271 1272
f 1162 1272 1273
f 1162 1273 1265
f 1163 1268 1166
f 1163 1166 1165
f 1163 1165 1164
f 1166 1268 1274
f 1166 1274 1275
f 1166 1275 1167
f 1167 1275 1276
f 1167 1276 1168
f 1168 1276 1277
f 1168 1277 1278
f 1168 1278 1169
f 1169 1278 1170
f 1170 1278 1279
f 1170 1279 1171
f 1171 1279 1280
f 1171 1280 1281
f 1173 1175 1174
f 1176 1177 1283
f 1176 1283 1282
f 1177 1182 1283
f 1181 1284 1182
f 1182 1284 1285
f 1182 1285 1286
f 1182 1286 1283
f 1183 1287 1195
f 1187 1288 1188
f 1188 1288 1385
f 1188 1385 1289
f 1188 1289 1189
f 1189 1289 1190
f 1190 1290 1291
f 1190 1291 1191
f 1190 1289 1292
f 1190 1292 1293
f 1190 1293 1290
f 1191 1291 1192
f 1192 1291 1294
f 1192 1294 1193
f 1193 1294 1295
f 1194 1295 1296
f 1194 1296 1287
f 1195 1287 1296
f 1195 1296 1196
f 1196 1296 1297
f 1196 1297 1197
f 1197 1297 1298
f 1197 1298 1299
f 1197 1299 1300
f 1197 1300 1198
f 1198 1300 1301
f 1198 1301 1199
f 1199 1301 1201
f 1199 1201 1200
f 1201 1203 1202
f 1201 1301 1302
f 1201 1302 1203
f 1203 1302 1204
f 1204 1302 1303
f 1204 1303 1304
f 1204 1304 1205
f 1205 1304 1305
f 1205 1305 1206
f 1206 1305 1306
f 1206 1306 1307
f 1206 1307 1308
f 1206 1308 1209
f 1206 1209 1208
f 1207 1208 1209
f 1209 1308 1309
f 1209 1309 1310
f 1209 1310 1311
f 1209 1311 1210
f 1210 1311 1312
f 1210 1312 1212
f 1212 1312 1213
f 1213 1312 1313
f 1213 1313 1314
f 1213 1314 1315
f 1213 1315 1311
f 1213 1311 1316
f 1213 1316 1317
f 1213 1317 1216
f 1213 1215 1214
f 1216 1318 1319
f 1216 1319 1218
f 1216 1218 1217
f 1216 1317 1320
f 1216 1320 1321
f 1216 1321 1318
f 1218 1319 1322
f 1218 1322 1221
f 1220 1221 1322
f 1220 1322 1323
f 1220 1323 1222
f 1222 1323 1223
f 1223 1324 1325
f 1223 1325 1224
f 1223 1323 1324
f 1224 1325 1326
f 1224 1326 1225
f 1225 1326 1327
f 1225 1327 1229
f 1225 1229 1228
f 1225 1228 1226
f 1226 1228 1227
f 1229 1327 1328
f 1229 1328 1230
f 1230 1328 1329
f 1230 1329 1232
f 1230 1232 1231
f 1232 1329 1327
f 1232 1327 1330
f 1232 1330 1331
f 1232 1331 1332
f 1232 1332 1333
f 1232 1333 1334
f 1232 1334 1233
f 1233 1235 1234
f 1233 1334 1333
f 1233 1333 1335
f 1233 1335 1336
f 1233 1336 1337
f 1233 1337 1235
f 1235 1337 1236
f 1236 1337 1338
f 1236 1338 1237
f 1237 1338 1339
f 1237 1339 1340
f 1237 1340 1238
f 1238 1340 1239
f 1239 1340 1341
f 1239 1341 1242
f 1239 1242 1241
f 1242 1341 1342
f 1242 1342 1243
f 1243 1342 1245
f 1245 1341 1246
f 1245 1342 1341
f 1246 1341 1340
f 1246 1340 1339
f 1246 1339 1343
f 1246 1343 1247
f 1247 1343 1344
f 1247 1344 1345
f 1247 1345 1346
f 1247 1346 1347
f 1247 1347 1348
f 1247 1348 1349
f 1247 1349 1252
f 1247 1252 1251
f 1247 1251 1248
f 1248 1251 1249
f 1252 1349 1255
f 1255 1349 1350
f 1255 1350 1257
f 1255 1257 1256
f 1257 1351 1352
f 1257 1352 1258
f 1257 1350 1351
f 1258 1352 1351
f 1258 1351 1353
f 1258 1353 1354
f 1258 1354 1259
f 1259 1261 1260
f 1259 1354 1355
f 1259 1355 1261
f 1261 1355 1356
f 1261 1356 1357
f 1261 1357 1358
f 1261 1358 1359
f 1261 1359 1360
f 1261 1360 1262
f 1262 1360 1361
f 1262 1361 1269
f 1265 1274 1266
f 1265 1273 1362
f 1265 1362 1274
f 1266 1274 1267
f 1267 1274 1268
f 1269 1361 1270
f 1270 1361 1359
f 1270 1359 1363
f 1270 1363 1271
f 1271 1363 1364
f 1271 1364 1272
f 1272 1365 1366
f 1272 1366 1273
f 1272 1364 1367
f 1272 1367 1368
f 1272 1368 1369
f 1272 1369 1365
f 1273 1366 1362
f 1274 1362 1370
f 1274 1370 1371
f 1274 1371 1276
f 1274 1276 1275
f 1276 1372 1277
f 1276 1371 1372
f 1277 1372 1373
f 1277 1373 1374
f 1277 1374 1278
f 1278 1374 1375
f 1278 1375 1280
f 1278 1280 1279
f 1280 1375 1376
f 1280 1376 1281
f 1281 1376 1377
f 1282 1283 1379
f 1282 1379 1380
f 1282 1380 1378
f 1283 1286 1379
f 1284 1381 1285
f 1285 1381 1382
f 1285 1382 1383
f 1285 1383 1286
f 1286 1383 1384
f 1286 1384 1380
f 1286 1380 1379
f 1289 1385 1386
f 1289 1386 1387
f 1289 1387 1292
f 1290 1388 1294
f 1290 1294 1291
f 1290 1293 1389
f 1290 1389 1388
f 1292 1390 1391
f 1292 1391 1484
f 1292 1484 1392
f 1292 1392 1293
f 1292 1387 1390
f 1293 1392 1393
f 1293 1393 1389
f 1294 1394 1295
f 1294 1388 1394
f 1295 1394 1296
f 1296 1394 1297
f 1297 1395 1298
f 1297 1394 1395
f 1298 1395 1396
f 1298 1396 1397
f 1298 1397 1299
f 1299 1397 1300
f 1300 1397 1398
f 1300 1398 1301
f 1301 1398 1399
f 1301 1399 1400
f 1301 1400 1302
f 1302 1400 1303
f 1303 1400 1399
f 1303 1399 1401
f 1303 1401 1402
f 1303 1402 1304
f 1304 1402 1305
f 1305 1402 1403
f 1305 1403 1404
f 1305 1404 1306
f 1306 1404 1405
f 1306 1405 1310
f 1306 1310 1309
f 1306 1309 1406
f 1306 1406 1308
f 1306 1308 1307
f 1308 1406 1309
f 1310 1405 1407
f 1310 1407 1408
f 1310 1408 1311
f 1311 1315 1314
f 1311 1314 1312
f 1311 1408 1409
f 1311 1409 1410
f 1311 1410 1411
f 1311 1411 1412
f 1311 1412 1316
f 1312 1314 1313
f 1316 1412 1413
f 1316 1413 1317
f 1317 1413 1414
f 1317 1414 1415
f 1317 1415 1320
f 1318 1416 1324
f 1318 1324 1319
f 1318 1321 1417
f 1318 1417 1418
f 1318 1418 1416
f 1319 1324 1322
f 1320 1419 1420
f 1320 1420 1421
f 1320 1421 1321
f 1320 1415 1422
f 1320 1422 1419
f 1321 1421 1528
f 1321 1528 1423
f 1321 1423 1417
f 1322 1324 1323
f 1324 1416 1325
f 1325 1416 1418
f 1325 1418 1424
f 1325 1424 1425
f 1325 1425 1426
f 1325 1426 1427
f 1325 1427 1326
f 1326 1427 1327
f 1327 1427 1330
f 1327 1329 1328
f 1330 1427 1426
f 1330 1426 1428
f 1330 1428 1331
f 1331 1428 1429
f 1331 1429 1332
f 1332 1429 1333
f 1333 1336 1335
f 1333 1429 1430
f 1333 1430 1431
f 1333 1431 1432
f 1333 1432 1336
f 1336 1433 1337
f 1336 1432 1434
f 1336 1434 1435
f 1336 1435 1433
f 1337 1433 1338
f 1338 1433 1339
f 1339 1433 1436
f 1339 1436 1344
f 1339 1344 1343
f 1344 1436 1345
f 1345 1436 1437
f 1345 1437 1438
f 1345 1438 1439
f 1345 1439 1440
f 1345 1440 1346
f 1346 1440 1347
f 1347 1440 1439
f 1347 1439 1441
f 1347 1441 1442
f 1347 1442 1443
f 1347 1443 1348
f 1348 1443 1444
f 1348 1444 1349
f 1349 1444 1350
f 1350 1444 1351
f 1351 1445 1353
f 1351 1444 1446
f 1351 1446 1447
f 1351 1447 1445
f 1353 1445 1448
f 1353 1448 1354
f 1354 1448 1355
f 1355 1449 1450
f 1355 1450 1451
f 1355 1451 1356
f 1355 1448 1449
f 1356 1451 1357
f 1357 1451 1452
f 1357 1452 1453
f 1357 1453 1454
f 1357 1454 1358
f 1358 1454 1455
f 1358 1455 1363
f 1358 1363 1359
f 1359 1361 1360
f 1362 1366 1365
f 1362 1365 1371
f 1362 1371 1370
f 1363 1455 1453
f 1363 1453 1456
f 1363 1456 1457
f 1363 1457 1364
f 1364 1457 1367
f 1365 1458 1371
f 1365 1369 1458
f 1367 1369 1368
f 1367 1457 1459
f 1367 1459 1460
f 1367 1460 1461
f 1367 1461 1462
f 1367 1462 1369
f 1369 1462 1461
f 1369 1461 1463
f 1369 1463 1458
f 1371 1458 1464
f 1371 1464 1465
f 1371 1465 1372
f 1372 1465 1373
f 1373 1465 1375
f 1373 1375 1374
f 1375 1465 1466
f 1375 1466 1467
f 1375 1467 1468
f 1375 1468 1469
f 1375 1469 1376
f 1376 1469 1470
f 1376 1470 1377
f 1378 1380 1472
f 1378 1472 1471
f 1380 1384 1473
f 1380 1473 1472
f 1382 1474 1383
f 1383 1474 1384
f 1384 1474 1475
f 1384 1475 1476
f 1384 1476 1477
f 1384 1477 1473
f 1388 1478 1479
f 1388 1479 1480
f 1388 1480 1394
f 1388 1389 1481
f 1388 1481 1478
f 1389 1393 1482
f 1389 1482 1483
f 1389 1483 1481
f 1392 1484 1393
f 1393 1485 1486
f 1393 1486 1487
f 1393 1487 1482
f 1393 1484 1485
f 1394 1480 1488
f 1394 1488 1395
f 1395 1488 1479
f 1395 1479 1396
f 1396 1479 1489
f 1396 1489 1397
f 1397 1489 1398
f 1398 1489 1490
f 1398 1490 1491
f 1398 1491 1399
f 1399 1491 1492
f 1399 1492 1493
f 1399 1493 1494
f 1399 1494 1495
f 1399 1495 1401
f 1401 1495 1496
f 1401 1496 1402
f 1402 1496 1497
f 1402 1497 1403
f 1403 1498 1499
f 1403 1499 1500
f 1403 1500 1407
f 1403 1407 1501
f 1403 1501 1404
f 1403 1497 1496
f 1403 1496 1502
f 1403 1502 1503
f 1403 1503 1504
f 1403 1504 1505
f 1403 1505 1498
f 1404 1501 1405
f 1405 1501 1407
f 1407 1500 1499
f 1407 1499 1506
f 1407 1506 1409
f 1407 1409 1507
f 1407 1507 1408
f 1408 1507 1409
f 1409 1506 1508
f 1409 1508 1410
f 1410 1508 1509
f 1410 1509 1510
f 1410 1510 1511
f 1410 1511 1512
f 1410 1512 1513
f 1410 1513 1514
f 1410 1514 1515
f 1410 1515 1411
f 1411 1515 1413
f 1411 1413 1412
f 1413 1515 1516
f 1413 1516 1414
f 1414 1516 1515
f 1414 1515 1517
f 1414 1517 1518
f 1414 1518 1519
f 1414 1519 1415
f 1415 1520 1422
f 1415 1519 1521
f 1415 1521 1520
f 1417 1423 1522
f 1417 1522 1424
f 1417 1424 1418
f 1419 1422 1420
f 1420 1422 1523
f 1420 1523 1524
f 1420 1524 1525
f 1420 1525 1526
f 1420 1526 1527
f 1420 1527 1528
f 1420 1528 1421
f 1422 1520 1523
f 1423 1528 1522
f 1424 1522 1528
f 1424 1528 1529
f 1424 1529 1527
f 1424 1527 1530
f 1424 1530 1425
f 1425 1530 1426
f 1426 1530 1527
f 1426 1527 1531
f 1426 1531 1532
f 1426 1532 1533
f 1426 1533 1428
f 1428 1533 1534
f 1428 1534 1429
f 1429 1534 1532
f 1429 1532 1535
f 1429 1535 1430
f 1430 1535 1431
f 1431 1535 1536
f 1431 1536 1537
f 1431 1537 1538
f 1431 1538 1432
f 1432 1538 1434
f 1433 1435 1437
f 1433 1437 1436
f 1434 1437 1435
f 1434 1538 1539
f 1434 1539 1437
f 1437 1539 1540
f 1437 1540 1541
f 1437 1541 1542
f 1437 1542 1543
f 1437 1543 1438
f 1438 1543 1439
f 1439 1543 1544
f 1439 1544 1441
f 1441 1544 1545
f 1441 1545 1442
f 1442 1545 1443
f 1443 1546 1547
f 1443 1547 1548
f 1443 1548 1445
f 1443 1445 1447
f 1443 1447 1444
f 1443 1545 1549
f 1443 1549 1550
f 1443 1550 1546
f 1444 1447 1446
f 1445 1548 1551
f 1445 1551 1552
f 1445 1552 1448
f 1448 1552 1553
f 1448 1553 1449
f 1449 1553 1554
f 1449 1554 1450
f 1450 1554 1555
f 1450 1555 1556
f 1450 1556 1557
f 1450 1557 1451
f 1451 1557 1452
f 1452 1557 1558
f 1452 1558 1559
f 1452 1559 1453
f 1453 1559 1456
f 1453 1455 1454
f 1456 1559 1560
f 1456 1560 1561
f 1456 1561 1562
f 1456 1562 1457
f 1457 1562 1563
f 1457 1563 1564
f 1457 1564 1459
f 1458 1463 1565
f 1458 1565 1464
f 1459 1564 1460
f 1460 1564 1566
f 1460 1566 1567
f 1460 1567 1568
f 1460 1568 1461
f 1461 1568 1463
f 1463 1568 1569
f 1463 1569 1565
f 1464 1467 1570
f 1464 1570 1465
f 1464 1565 1571
f 1464 1571 1467
f 1465 1570 1466
f 1466 1570 1467
f 1467 1571 1572
f 1467 1572 1468
f 1468 1573 1469
f 1468 1572 1574
f 1468 1574 1575
f 1468 1575 1573
f 1469 1573 1576
f 1469 1576 1577
f 1469 1577 1578
f 1469 1578 1579
f 1469 1579 1470
f 1471 1472 1581
f 1471 1581 1582
f 1471 1582 1580
f 1472 1473 1581
f 1473 1477 1583
f 1473 1583 1581
f 1474 1584 1475
f 1475 1584 1585
f 1475 1585 1476
f 1476 1585 1586
f 1476 1586 1477
f 1477 1586 1587
f 1477 1587 1583
f 1478 1481 1479
f 1479 1488 1480
f 1479 1481 1588
f 1479 1588 1589
f 1479 1589 1489
f 1481 1483 1590
f 1481 1590 1588
f 1482 1487 1591
f 1482 1591 1592
f 1482 1592 1483
f 1483 1592 1590
f 1486 1593 1487
f 1487 1593 1594
f 1487 1594 1591
f 1489 1589 1595
f 1489 1595 1596
f 1489 1596 1597
f 1489 1597 1492
f 1489 1492 1598
f 1489 1598 1490
f 1490 1598 1491
f 1491 1598 1492
f 1492 1597 1599
f 1492 1599 1600
f 1492 1600 1601
f 1492 1601 1602
f 1492 1602 1603
f 1492 1603 1493
f 1493 1603 1494
f 1494 1603 1604
f 1494 1604 1495
f 1495 1604 1496
f 1496 1604 1502
f 1498 1605 1606
f 1498 1606 1499
f 1498 1505 1605
f 1499 1607 1509
f 1499 1509 1508
f 1499 1508 1506
f 1499 1606 1608
f 1499 1608 1607
f 1502 1604 1609
f 1502 1609 1610
f 1502 1610 1503
f 1503 1610 1504
f 1504 1610 1611
f 1504 1611 1612
f 1504 1612 1613
f 1504 1613 1614
f 1504 1614 1505
f 1505 1614 1615
f 1505 1615 1616
f 1505 1616 1617
f 1505 1617 1608
f 1505 1608 1606
f 1505 1606 1605
f 1509 1607 1618
f 1509 1618 1510
f 1510 1618 1619
f 1510 1619 1511
f 1511 1619 1620
f 1511 1620 1621
f 1511 1621 1512
f 1512 1622 1623
f 1512 1623 1513
f 1512 1621 1608
f 1512 1608 1624
f 1512 1624 1625
f 1512 1625 1622
f 1513 1623 1514
f 1514 1517 1515
f 1514 1623 1517
f 1517 1623 1626
f 1517 1626 1518
f 1518 1626 1627
f 1518 1627 1519
f 1519 1627 1628
f 1519 1628 1521
f 1520 1521 1629
f 1520 1629 1630
f 1520 1630 1523
f 1521 1628 1629
f 1523 1630 1524
f 1524 1631 1632
f 1524 1632 1525
f 1524 1630 1633
f 1524 1633 1634
f 1524 1634 1635
f 1524 1635 1631
f 1525 1632 1636
f 1525 1636 1637
f 1525 1637 1526
f 1526 1636 1527
f 1526 1637 1636
f 1527 1636 1632
f 1527 1632 1638
f 1527 1638 1639
f 1527 1639 1640
f 1527 1640 1641
f 1527 1641 1532
f 1527 1532 1531
f 1527 1529 1528
f 1532 1641 1640
f 1532 1640 1642
f 1532 1642 1643
f 1532 1643 1535
f 1532 1534 1533
f 1535 1643 1644
f 1535 1644 1536
f 1536 1644 1645
f 1536 1645 1537
f 1537 1645 1646
f 1537 1646 1647
f 1537 1647 1538
f 1538 1647 1539
f 1539 1647 1648
f 1539 1648 1541
f 1539 1541 1540
f 1541 1648 1760
f 1541 1760 1649
f 1541 1649 1650
f 1541 1650 1542
f 1542 1650 1543
f 1543 1650 1651
f 1543 1651 1652
f 1543 1652 1545
f 1543 1545 1544
f 1545 1652 1653
f 1545 1653 1549
f 1546 1550 1654
f 1546 1654 1547
f 1547 1654 1550
f 1547 1550 1655
f 1547 1655 1656
f 1547 1656 1657
f 1547 1657 1554
f 1547 1554 1658
f 1547 1658 1659
f 1547 1659 1548
f 1548 1659 1551
f 1549 1653 1660
f 1549 1660 1550
f 1550 1661 1662
f 1550 1662 1663
f 1550 1663 1664
f 1550 1664 1665
f 1550 1665 1666
f 1550 1666 1655
f 1550 1660 1653
f 1550 1653 1667
f 1550 1667 1661
f 1551 1659 1658
f 1551 1658 1553
f 1551 1553 1552
f 1553 1658 1554
f 1554 1657 1668
f 1554 1668 1555
f 1555 1668 1669
f 1555 1669 1670
f 1555 1670 1556
f 1556 1670 1671
f 1556 1671 1672
f 1556 1672 1561
f 1556 1561 1558
f 1556 1558 1557
f 1558 1561 1559
f 1559 1561 1560
f 1561 1672 1673
f 1561 1673 1674
f 1561 1674 1562
f 1562 1674 1675
f 1562 1675 1563
f 1563 1675 1676
f 1563 1676 1677
f 1563 1677 1564
f 1564 1677 1678
f 1564 1678 1679
f 1564 1679 1566
f 1565 1569 1680
f 1565 1680 1571
f 1566 1679 1567
f 1567 1681 1682
f 1567 1682 1683
f 1567 1683 1568
f 1567 1679 1684
f 1567 1684 1685
f 1567 1685 1681
f 1568 1683 1569
f 1569 1683 1686
f 1569 1686 1680
f 1571 1680 1572
f 1572 1680 1686
f 1572 1686 1574
f 1573 1575 1687
f 1573 1687 1576
f 1574 1686 1575
f 1575 1686 1683
f 1575 1683 1682
f 1575 1682 1688
f 1575 1688 1689
f 1575 1689 1687
f 1576 1687 1689
f 1576 1689 1690
f 1576 1690 1691
f 1576 1691 1692
f 1576 1692 1693
f 1576 1693 1578
f 1576 1578 1577
f 1580 1582 1694
f 1581 1583 1582
f 1582 1583 1695
f 1582 1695 1696
f 1582 1696 1697
f 1582 1697 1698
f 1582 1698 1694
f 1583 1587 1695
f 1584 1699 1585
f 1585 1700 1701
f 1585 1701 1586
f 1585 1699 1700
f 1586 1701 1702
f 1586 1702 1587
f 1587 1702 1703
f 1587 1703 1695
f 1588 1590 1589
f 1589 1590 1595
f 1590 1592 1704
f 1590 1704 1595
f 1591 1705 1704
f 1591 1704 1592
f 1591 1594 1706
f 1591 1706 1705
f 1593 1707 1594
f 1594 1707 1708
f 1594 1708 1709
f 1594 1709 1710
f 1594 1710 1706
f 1595 1704 1711
f 1595 1711 1712
f 1595 1712 1596
f 1596 1712 1711
f 1596 1711 1713
f 1596 1713 1714
f 1596 1714 1715
f 1596 1715 1716
f 1596 1716 1717
f 1596 1717 1597
f 1597 1717 1718
f 1597 1718 1599
f 1599 1718 1600
f 1600 1718 1602
f 1600 1602 1601
f 1602 1719 1603
f 1602 1718 1720
f 1602 1720 1721
f 1602 1721 1722
f 1602 1722 1723
f 1602 1723 1724
f 1602 1724 1725
f 1602 1725 1719
f 1603 1719 1609
f 1603 1609 1604
f 1607 1608 1618
f 1608 1726 1624
f 1608 1621 1620
f 1608 1620 1618
f 1608 1617 1616
f 1608 1616 1625
f 1608 1625 1726
f 1609 1719 1611
f 1609 1611 1610
f 1611 1719 1725
f 1611 1725 1724
f 1611 1724 1612
f 1612 1724 1613
f 1613 1727 1614
f 1613 1724 1727
f 1614 1727 1728
f 1614 1728 1729
f 1614 1729 1615
f 1615 1730 1616
f 1615 1729 1731
f 1615 1731 1732
f 1615 1732 1730
f 1616 1730 1733
f 1616 1733 1625
f 1618 1620 1619
f 1622 1734 1735
f 1622 1735 1623
f 1622 1625 1734
f 1623 1735 1736
f 1623 1736 1626
f 1624 1726 1625
f 1625 1737 1738
f 1625 1738 1739
f 1625 1739 1740
f 1625 1740 1741
f 1625 1741 1734
f 1625 1733 1737
f 1626 1736 1627
f 1627 1742 1629
f 1627 1629 1628
f 1627 1736 1742
f 1629 1742 1743
f 1629 1743 1634
f 1629 1634 1633
f 1629 1633 1630
f 1631 1635 1744
f 1631 1744 1632
f 1632 1744 1745
f 1632 1745 1746
f 1632 1746 1639
f 1632 1639 1638
f 1634 1747 1635
f 1634 1743 1748
f 1634 1748 1749
f 1634 1749 1750
f 1634 1750 1747
f 1635 1747 1745
f 1635 1745 1744
f 1639 1746 1751
f 1639 1751 1752
f 1639 1752 1753
f 1639 1753 1754
f 1639 1754 1755
f 1639 1755 1756
f 1639 1756 1643
f 1639 1643 1642
f 1639 1642 1640
f 1643 1756 1644
f 1644 1756 1645
f 1645 1756 1755
f 1645 1755 1757
f 1645 1757 1758
f 1645 1758 1646
f 1646 1758 1759
f 1646 1759 1647
f 1647 1759 1648
f 1648 1759 1760
f 1649 1760 1874
f 1649 1874 1761
f 1649 1761 1762
f 1649 1762 1763
f 1649 1763 1764
f 1649 1764 1651
f 1649 1651 1650
f 1651 1764 1765
f 1651 1765 1766
f 1651 1766 1653
f 1651 1653 1652
f 1653 1766 1767
f 1653 1767 1667
f 1655 1666 1656
f 1656 1768 1657
f 1656 1666 1769
f 1656 1769 1770
f 1656 1770 1771
f 1656 1771 1772
f 1656 1772 1768
f 1657 1768 1773
f 1657 1773 1668
f 1661 1774 1662
f 1661 1667 1774
f 1662 1774 1775
f 1662 1775 1776
f 1662 1776 1777
f 1662 1777 1663
f 1663 1777 1664
f 1664 1777 1665
f 1665 1777 1769
f 1665 1769 1666
f 1667 1767 1774
f 1668 1773 1669
f 1669 1778 1671
f 1669 1671 1670
f 1669 1773 1778
f 1671 1778 1779
f 1671 1779 1780
f 1671 1780 1672
f 1672 1780 1673
f 1673 1780 1781
f 1673 1781 1676
f 1673 1676 1782
f 1673 1782 1674
f 1674 1782 1783
f 1674 1783 1675
f 1675 1783 1676
f 1676 1784 1677
f 1676 1783 1782
f 1676 1781 1785
f 1676 1785 1786
f 1676 1786 1787
f 1676 1787 1788
f 1676 1788 1784
f 1677 1784 1678
f 1678 1784 1789
f 1678 1789 1790
f 1678 1790 1679
f 1679 1790 1684
f 1681 1685 1682
f 1682 1791 1688
f 1682 1685 1792
f 1682 1792 1793
f 1682 1793 1794
f 1682 1794 1795
f 1682 1795 1796
f 1682 1796 1791
f 1684 1790 1797
f 1684 1797 1798
f 1684 1798 1799
f 1684 1799 1685
f 1685 1799 1792
f 1688 1791 1689
f 1689 1791 1795
f 1689 1795 1800
f 1689 1800 1801
f 1689 1801 1690
f 1690 1802 1691
f 1690 1801 1802
f 1691 1802 1803
f 1694 1698 1697
f 1694 1697 1804
f 1695 1805 1696
f 1695 1703 1806
f 1695 1806 1805
f 1696 1805 1807
f 1696 1807 1697
f 1697 1807 1808
f 1697 1808 1804
f 1700 1809 1701
f 1701 1809 1702
f 1702 1810 1811
f 1702 1811 1703
f 1702 1809 1810
f 1703 1811 1812
f 1703 1812 1806
f 1704 1705 1711
f 1705 1713 1711
f 1705 1706 1813
f 1705 1813 1713
f 1706 1710 1814
f 1706 1814 1815
f 1706 1815 1816
f 1706 1816 1817
f 1706 1817 1813
f 1709 1818 1710
f 1710 1818 1819
f 1710 1819 1820
f 1710 1820 1814
f 1713 1813 1714
f 1714 1813 1817
f 1714 1817 1715
f 1715 1816 1821
f 1715 1821 1716
f 1715 1817 1816
f 1716 1821 1822
f 1716 1822 1823
f 1716 1823 1720
f 1716 1720 1824
f 1716 1824 1717
f 1717 1824 1718
f 1718 1824 1720
f 1720 1823 1825
f 1720 1825 1721
f 1721 1825 1826
f 1721 1826 1722
f 1722 1826 1723
f 1723 1826 1827
f 1723 1827 1828
f 1723 1828 1724
f 1724 1828 1727
f 1727 1828 1827
f 1727 1827 1829
f 1727 1829 1732
f 1727 1732 1731
f 1727 1731 1728
f 1728 1731 1729
f 1730 1830 1737
f 1730 1737 1733
f 1730 1732 1830
f 1732 1831 1832
f 1732 1832 1833
f 1732 1833 1834
f 1732 1834 1835
f 1732 1835 1836
f 1732 1836 1837
f 1732 1837 1737
f 1732 1737 1830
f 1732 1829 1838
f 1732 1838 1831
f 1734 1741 1839
f 1734 1839 1840
f 1734 1840 1735
f 1735 1840 1841
f 1735 1841 1842
f 1735 1842 1843
f 1735 1843 1844
f 1735 1844 1845
f 1735 1845 1846
f 1735 1846 1749
f 1735 1749 1748
f 1735 1748 1736
f 1736 1748 1742
f 1737 1837 1847
f 1737 1847 1738
f 1738 1847 1848
f 1738 1848 1849
f 1738 1849 1850
f 1738 1850 1739
f 1739 1850 1851
f 1739 1851 1852
f 1739 1852 1853
f 1739 1853 1854
f 1739 1854 1855
f 1739 1855 1740
f 1740 1855 1741
f 1741 1840 1839
f 1741 1855 1840
f 1742 1748 1743
f 1745 1747 1856
f 1745 1856 1857
f 1745 1857 1746
f 1746 1857 1858
f 1746 1858 1751
f 1747 1750 1856
f 1749 1846 1859
f 1749 1859 1750
f 1750 1859 1860
f 1750 1860 1861
f 1750 1861 1862
f 1750 1862 1863
f 1750 1863 1856
f 1751 1858 1864
f 1751 1864 1865
f 1751 1865 1866
f 1751 1866 1867
f 1751 1867 1868
f 1751 1868 1869
f 1751 1869 1752
f 1752 1869 1868
f 1752 1868 1753
f 1753 1870 1754
f 1753 1868 1870
f 1754 1870 1755
f 1755 1871 1757
f 1755 1870 1871
f 1757 1871 1758
f 1758 1871 1872
f 1758 1872 1873
f 1758 1873 1874
f 1758 1874 1759
f 1759 1874 1760
f 1761 1874 1875
f 1761 1875 1762
f 1762 1875 1876
f 1762 1876 1763
f 1763 1876 1764
f 1764 1876 1765
f 1765 1876 1877
f 1765 1877 1767
f 1765 1767 1766
f 1767 1877 1774
f 1768 1772 1778
f 1768 1778 1773
f 1769 1777 1878
f 1769 1878 1879
f 1769 1879 1880
f 1769 1880 1770
f 1770 1880 1771
f 1771 1880 1881
f 1771 1881 1772
f 1772 1881 1778
f 1774 1882 1775
f 1774 1877 1882
f 1775 1882 1883
f 1775 1883 1776
f 1776 1884 1885
f 1776 1885 1878
f 1776 1878 1777
f 1776 1883 1884
f 1778 1781 1779
f 1778 1881 1886
f 1778 1886 1887
f 1778 1887 1888
f 1778 1888 1889
f 1778 1889 1781
f 1779 1781 1780
f 1781 1889 1888
f 1781 1888 1785
f 1784 1788 1789
f 1785 1888 1786
f 1786 1890 1787
f 1786 1888 1891
f 1786 1891 1892
f 1786 1892 1890
f 1787 1890 1788
f 1788 1890 1893
f 1788 1893 1894
f 1788 1894 1789
f 1789 1894 1895
f 1789 1895 1790
f 1790 1895 1797
f 1791 1796 1795
f 1792 1799 1896
f 1792 1896 1897
f 1792 1897 1793
f 1793 1897 1794
f 1794 1897 1898
f 1794 1898 1795
f 1795 1898 1899
f 1795 1899 1800
f 1797 1895 1798
f 1798 1895 1900
f 1798 1900 1799
f 1799 1901 1902
f 1799 1902 1903
f 1799 1903 1896
f 1799 1900 1901
f 1800 1899 1801
f 1801 1899 1898
f 1801 1898 1903
f 1801 1903 1904
f 1801 1904 1905
f 1801 1905 1906
f 1801 1906 1907
f 1801 1907 1908
f 1801 1908 1909
f 1801 1909 1910
f 1801 1910 1911
f 1801 1911 1802
f 1802 1911 1803
f 1804 1808 1912
f 1805 1806 1913
f 1805 1913 1807
f 1806 1812 1913
f 1807 1914 1915
f 1807 1915 1808
f 1807 1913 1914
f 1808 1915 1916
f 1808 1916 1917
f 1808 1917 1918
f 1808 1918 1912
f 1809 1919 1810
f 1810 1920 1811
f 1810 1919 1920
f 1811 1920 1921
f 1811 1921 1812
f 1812 1921 1922
f 1812 1922 1913
f 1814 1820 1815
f 1815 1820 1923
f 1815 1923 1816
f 1816 1923 1821
f 1818 1924 1819
f 1819 1925 1926
f 1819 1926 1820
f 1819 1924 1925
f 1820 1926 1923
f 1821 1923 1927
f 1821 1927 1822
f 1822 1927 1928
f 1822 1928 1929
f 1822 1929 1825
f 1822 1825 1823
f 1825 1929 1826
f 1826 1929 1930
f 1826 1930 1829
f 1826 1829 1827
f 1829 1930 1931
f 1829 1931 1838
f 1831 1932 1933
f 1831 1933 1832
f 1831 1838 1931
f 1831 1931 1932
f 1832 1933 1833
f 1833 1934 1935
f 1833 1935 1936
f 1833 1936 1834
f 1833 1933 1934
f 1834 1937 1848
f 1834 1848 1836
f 1834 1836 1835
f 1834 1936 1938
f 1834 1938 1939
f 1834 1939 1937
f 1836 1848 1847
f 1836 1847 1940
f 1836 1940 1837
f 1837 1940 1847
f 1840 1855 1941
f 1840 1941 1841
f 1841 1941 1855
f 1841 1855 1942
f 1841 1942 1943
f 1841 1943 1944
f 1841 1944 1842
f 1842 1945 1843
f 1842 1944 1945
f 1843 1945 1844
f 1844 1859 1946
f 1844 1946 1845
f 1844 1945 1859
f 1845 1946 1846
f 1846 1946 1859
f 1848 1937 1947
f 1848 1947 1849
f 1849 1947 1850
f 1850 1947 1948
f 1850 1948 1851
f 1851 1948 1938
f 1851 1938 1949
f 1851 1949 1950
f 1851 1950 1951
f 1851 1951 1852
f 1852 1951 1952
f 1852 1952 1853
f 1853 1953 1942
f 1853 1942 1854
f 1853 1952 1954
f 1853 1954 1955
f 1853 1955 1956
f 1853 1956 1953
f 1854 1942 1855
f 1856 1863 1857
f 1857 1863 1858
f 1858 1863 1957
f 1858 1957 1864
f 1859 1945 1958
f 1859 1958 1860
f 1860 1958 1959
f 1860 1959 1861
f 1861 1960 1961
f 1861 1961 1962
f 1861 1962 1963
f 1861 1963 1964
f 1861 1964 1862
f 1861 1959 1960
f 1862 1964 1863
f 1863 1964 1963
f 1863 1963 1965
f 1863 1965 1966
f 1863 1966 1967
f 1863 1967 1957
f 1864 1957 1865
f 1865 1957 1968
f 1865 1968 1866
f 1866 1968 1969
f 1866 1969 1867
f 1867 1970 1868
f 1867 1969 1970
f 1868 1970 1971
f 1868 1971 1873
f 1868 1873 1872
f 1868 1872 1870
f 1870 1872 1871
f 1873 1972 1874
f 1873 1971 1972
f 1874 1972 1875
f 1875 1972 1973
f 1875 1973 1974
f 1875 1974 1876
f 1876 1974 1882
f 1876 1882 1877
f 1878 1885 1975
f 1878 1975 1879
f 1879 1975 1976
f 1879 1976 1977
f 1879 1977 1978
f 1879 1978 1979
f 1879 1979 1881
f 1879 1881 1880
f 1881 1979 1978
f 1881 1978 1980
f 1881 1980 1886
f 1882 1981 1982
f 1882 1982 1983
f 1882 1983 1883
f 1882 1974 1973
f 1882 1973 1981
f 1883 1983 1984
f 1883 1984 1884
f 1884 1984 1985
f 1884 1985 1986
f 1884 1986 1885
f 1885 1986 1987
f 1885 1987 1975
f 1886 1980 1988
f 1886 1988 1989
f 1886 1989 1887
f 1887 1989 1990
f 1887 1990 1888
f 1888 1990 1891
f 1890 1892 1991
f 1890 1991 1992
f 1890 1992 1893
f 1891 1990 1993
f 1891 1993 1994
f 1891 1994 1892
f 1892 1994 1995
f 1892 1995 1996
f 1892 1996 1991
f 1893 1992 1997
f 1893 1997 1894
f 1894 1900 1895
f 1894 1997 1998
f 1894 1998 1900
f 1896 1903 1898
f 1896 1898 1897
f 1900 1998 1999
f 1900 1999 2000
f 1900 2000 1901
f 1901 2001 2002
f 1901 2002 2003
f 1901 2003 2004
f 1901 2004 2005
f 1901 2005 1902
f 1901 2000 2001
f 1902 1904 1903
f 1902 2005 1904
f 1904 2006 1905
f 1904 2005 2007
f 1904 2007 2008
f 1904 2008 2009
f 1904 2009 2006
f 1905 2006 1906
f 1906 2006 2010
f 1906 2010 1907
f 1907 2011 2012
f 1907 2012 1908
f 1907 2010 2013
f 1907 2013 2014
f 1907 2014 2111
f 1907 2111 2011
f 1908 2012 1909
f 1912 1918 2015
f 1913 1922 2016
f 1913 2016 1914
f 1914 2017 2018
f 1914 2018 1915
f 1914 2016 2017
f 1915 2018 2019
f 1915 2019 2020
f 1915 2020 1916
f 1916 2020 2021
f 1916 2021 2022
f 1916 2022 2023
f 1916 2023 2024
f 1916 2024 1918
f 1916 1918 1917
f 1918 2024 2015
f 1919 2025 1920
f 1920 2025 2026
f 1920 2026 2027
f 1920 2027 1921
f 1921 2027 2028
f 1921 2028 1922
f 1922 2028 2029
f 1922 2029 2030
f 1922 2030 2016
f 1923 1926 2031
f 1923 2031 2032
f 1923 2032 2033
f 1923 2033 1927
f 1924 2034 1925
f 1925 2034 2035
f 1925 2035 2031
f 1925 2031 1926
f 1927 2033 2036
f 1927 2036 2037
f 1927 2037 2038
f 1927 2038 1928
f 1928 2038 1929
f 1929 2038 2039
f 1929 2039 2040
f 1929 2040 1931
f 1929 1931 1930
f 1931 2040 2039
f 1931 2039 1932
f 1932 2039 1933
f 1933 2041 2042
f 1933 2042 2043
f 1933 2043 1934
f 1933 2039 2041
f 1934 2044 1935
f 1934 2043 2044
f 1935 2045 1936
f 1935 2044 2045
f 1936 2045 2046
f 1936 2046 1938
f 1937 1939 1947
f 1938 2046 2047
f 1938 2047 2048
f 1938 2048 2049
f 1938 2049 2050
f 1938 2050 1949
f 1938 1948 1939
f 1939 1948 1947
f 1942 1953 2051
f 1942 2051 1943
f 1943 2051 2052
f 1943 2052 2053
f 1943 2053 1944
f 1944 2053 1945
f 1945 2053 1960
f 1945 1960 1959
f 1945 1959 1958
f 1949 2050 1950
f 1950 2050 2049
f 1950 2049 2054
f 1950 2054 1951
f 1951 2055 2056
f 1951 2056 2057
f 1951 2057 2058
f 1951 2058 2059
f 1951 2059 2060
f 1951 2060 1954
f 1951 1954 1952
f 1951 2054 2061
f 1951 2061 2055
f 1953 1956 2051
f 1954 2062 2063
f 1954 2063 1956
f 1954 1956 1955
f 1954 2060 2059
f 1954 2059 2064
f 1954 2064 2065
f 1954 2065 2066
f 1954 2066 2062
f 1956 2063 2051
f 1957 1967 2067
f 1957 2067 1968
f 1960 2053 2068
f 1960 2068 1961
f 1961 2069 1962
f 1961 2068 2069
f 1962 2069 2070
f 1962 2070 1963
f 1963 2070 1965
f 1965 2071 2072
f 1965 2072 1966
f 1965 2070 2073
f 1965 2073 2074
f 1965 2074 2075
f 1965 2075 2076
f 1965 2076 2071
f 1966 2072 1967
f 1967 2072 2077
f 1967 2077 2067
f 1968 2078 2079
f 1968 2079 1969
f 1968 2067 2077
f 1968 2077 2078
f 1969 2079 2080
f 1969 2080 2081
f 1969 2081 1970
f 1970 2082 1971
f 1970 2081 2083
f 1970 2083 2082
f 1971 2082 2084
f 1971 2084 1972
f 1972 2084 1982
f 1972 1982 1973
f 1973 1982 1981
f 1975 1987 2085
f 1975 2085 2086
f 1975 2086 1976
f 1976 2086 2087
f 1976 2087 1977
f 1977 2087 2088
f 1977 2088 1978
f 1978 2088 2089
f 1978 2089 1980
f 1980 2089 2090
f 1980 2090 1988
f 1982 2084 2083
f 1982 2083 2091
f 1982 2091 1984
f 1982 1984 1983
f 1984 2091 2092
f 1984 2092 1985
f 1985 2092 2091
f 1985 2091 2093
f 1985 2093 2094
f 1985 2094 1986
f 1986 2094 2095
f 1986 2095 1987
f 1987 2095 2096
f 1987 2096 2085
f 1988 2090 1989
f 1989 2090 2097
f 1989 2097 1990
f 1990 2097 1993
f 1991 1996 2098
f 1991 2098 2099
f 1991 2099 1992
f 1992 2099 2100
f 1992 2100 2101
f 1992 2101 2102
f 1992 2102 2103
f 1992 2103 1997
f 1993 2104 2105
f 1993 2105 1994
f 1993 2097 2104
f 1994 2105 2106
f 1994 2106 1995
f 1995 2106 1996
f 1996 2106 2100
f 1996 2100 2098
f 1997 2001 2000
f 1997 2000 1998
f 1997 2103 2107
f 1997 2107 2108
f 1997 2108 2001
f 1998 2000 1999
f 2001 2108 2002
f 2002 2109 2004
f 2002 2004 2003
f 2002 2108 2110
f 2002 2110 2109
f 2004 2009 2007
f 2004 2007 2005
f 2004 2109 2009
f 2006 2009 2010
f 2007 2009 2008
f 2009 2109 2013
f 2009 2013 2010
f 2013 2109 2112
f 2013 2112 2014
f 2014 2112 2113
f 2014 2113 2111
f 2015 2024 2114
f 2016 2030 2115
f 2016 2115 2017
f 2017 2115 2019
f 2017 2019 2018
f 2019 2116 2117
f 2019 2117 2118
f 2019 2118 2021
f 2019 2021 2020
f 2019 2115 2116
f 2021 2118 2119
f 2021 2119 2120
f 2021 2120 2121
f 2021 2121 2022
f 2022 2121 2122
f 2022 2122 2123
f 2022 2123 2023
f 2023 2123 2124
f 2023 2124 2114
f 2023 2114 2024
f 2025 2125 2026
f 2026 2125 2027
f 2027 2125 2126
f 2027 2126 2127
f 2027 2127 2028
f 2028 2127 2128
f 2028 2128 2029
f 2029 2128 2030
f 2030 2128 2129
f 2030 2129 2130
f 2030 2130 2115
f 2031 2035 2134
f 2031 2134 2131
f 2031 2131 2032
f 2032 2131 2132
f 2032 2132 2133
f 2032 2133 2033
f 2033 2133 2036
f 2036 2133 2135
f 2036 2135 2037
f 2037 2136 2038
f 2037 2135 2137
f 2037 2137 2136
f 2038 2136 2039
f 2039 2136 2042
f 2039 2042 2041
f 2042 2136 2138
f 2042 2138 2139
f 2042 2139 2140
f 2042 2140 2141
f 2042 2141 2043
f 2043 2141 2142
f 2043 2142 2044
f 2044 2142 2045
f 2045 2142 2141
f 2045 2141 2143
f 2045 2143 2144
f 2045 2144 2145
f 2045 2145 2046
f 2046 2145 2146
f 2046 2146 2047
f 2047 2146 2048
f 2048 2146 2147
f 2048 2147 2148
f 2048 2148 2149
f 2048 2149 2150
f 2048 2150 2049
f 2049 2150 2061
f 2049 2061 2054
f 2051 2063 2151
f 2051 2151 2052
f 2052 2151 2068
f 2052 2068 2053
f 2055 2061 2152
f 2055 2152 2058
f 2055 2058 2057
f 2055 2057 2056
f 2058 2152 2153
f 2058 2153 2154
f 2058 2154 2059
f 2059 2154 2155
f 2059 2155 2064
f 2061 2150 2152
f 2062 2156 2151
f 2062 2151 2063
f 2062 2066 2065
f 2062 2065 2157
f 2062 2157 2158
f 2062 2158 2159
f 2062 2159 2156
f 2064 2155 2154
f 2064 2154 2160
f 2064 2160 2161
f 2064 2161 2162
f 2064 2162 2163
f 2064 2163 2157
f 2064 2157 2065
f 2068 2164 2073
f 2068 2073 2070
f 2068 2070 2069
f 2068 2151 2159
f 2068 2159 2158
f 2068 2158 2164
f 2071 2165 2166
f 2071 2166 2167
f 2071 2167 2168
f 2071 2168 2169
f 2071 2169 2078
f 2071 2078 2077
f 2071 2077 2072
f 2071 2076 2170
f 2071 2170 2165
f 2073 2164 2171
f 2073 2171 2172
f 2073 2172 2173
f 2073 2173 2075
f 2073 2075 2074
f 2075 2173 2172
f 2075 2172 2174
f 2075 2174 2175
f 2075 2175 2076
f 2076 2175 2176
f 2076 2176 2177
f 2076 2177 2170
f 2078 2080 2079
f 2078 2169 2168
f 2078 2168 2178
f 2078 2178 2080
f 2080 2179 2081
f 2080 2178 2180
f 2080 2180 2181
f 2080 2181 2182
f 2080 2182 2183
f 2080 2183 2179
f 2081 2179 2083
f 2082 2083 2084
f 2083 2179 2184
f 2083 2184 2093
f 2083 2093 2091
f 2085 2096 2185
f 2085 2185 2186
f 2085 2186 2086
f 2086 2186 2087
f 2087 2186 2187
f 2087 2187 2088
f 2088 2187 2089
f 2089 2187 2188
f 2089 2188 2189
f 2089 2189 2190
f 2089 2190 2090
f 2090 2190 2097
f 2093 2184 2191
f 2093 2191 2192
f 2093 2192 2193
f 2093 2193 2094
f 2094 2193 2194
f 2094 2194 2095
f 2095 2194 2195
f 2095 2195 2096
f 2096 2195 2185
f 2097 2190 2196
f 2097 2196 2104
f 2098 2100 2099
f 2100 2106 2105
f 2100 2105 2197
f 2100 2197 2198
f 2100 2198 2199
f 2100 2199 2200
f 2100 2200 2201
f 2100 2201 2202
f 2100 2202 2203
f 2100 2203 2204
f 2100 2204 2205
f 2100 2205 2206
f 2100 2206 2207
f 2100 2207 2101
f 2101 2207 2208
f 2101 2208 2102
f 2102 2209 2103
f 2102 2208 2210
f 2102 2210 2211
f 2102 2211 2212
f 2102 2212 2209
f 2103 2209 2213
f 2103 2213 2107
f 2104 2196 2190
f 2104 2190 2189
f 2104 2189 2214
f 2104 2214 2198
f 2104 2198 2105
f 2105 2198 2197
f 2107 2213 2215
f 2107 2215 2216
f 2107 2216 2108
f 2108 2216 2217
f 2108 2217 2218
f 2108 2218 2110
f 2109 2110 2219
f 2109 2219 2112
f 2110 2218 2220
f 2110 2220 2221
f 2110 2221 2219
f 2111 2113 2222
f 2112 2219 2223
f 2112 2223 2224
f 2112 2224 2113
f 2113 2224 2225
f 2113 2225 2327
f 2113 2327 2222
f 2115 2130 2116
f 2116 2130 2226
f 2116 2226 2227
f 2116 2227 2228
f 2116 2228 2117
f 2117 2228 2229
f 2117 2229 2118
f 2118 2229 2230
f 2118 2230 2119
f 2119 2230 2231
f 2119 2231 2232
f 2119 2232 2233
f 2119 2233 2234
f 2119 2234 2120
f 2120 2234 2235
f 2120 2235 2121
f 2121 2235 2236
f 2121 2236 2122
f 2122 2236 2237
f 2122 2237 2123
f 2123 2237 2238
f 2123 2238 2239
f 2123 2239 2240
f 2123 2240 2241
f 2123 2241 2124
f 2125 2242 2126
f 2126 2242 2243
f 2126 2243 2127
f 2127 2243 2244
f 2127 2244 2128
f 2128 2244 2245
f 2128 2245 2129
f 2129 2245 2246
f 2129 2246 2247
f 2129 2247 2130
f 2130 2247 2226
f 2131 2134 2248
f 2131 2248 2132
f 2132 2248 2249
f 2132 2249 2250
f 2132 2250 2251
f 2132 2251 2133
f 2133 2251 2135
f 2134 2252 2248
f 2135 2250 2253
f 2135 2253 2254
f 2135 2254 2255
f 2135 2255 2137
f 2135 2251 2250
f 2136 2137 2138
f 2137 2255 2139
f 2137 2139 2138
f 2139 2255 2140
f 2140 2256 2257
f 2140 2257 2143
f 2140 2143 2141
f 2140 2255 2256
f 2143 2257 2258
f 2143 2258 2259
f 2143 2259 2144
f 2144 2258 2260
f 2144 2260 2261
f 2144 2261 2147
f 2144 2147 2146
f 2144 2146 2145
f 2144 2259 2258
f 2147 2261 2262
f 2147 2262 2148
f 2148 2262 2263
f 2148 2263 2149
f 2149 2263 2264
f 2149 2264 2150
f 2150 2264 2265
f 2150 2265 2152
f 2151 2156 2159
f 2152 2265 2266
f 2152 2266 2267
f 2152 2267 2268
f 2152 2268 2269
f 2152 2269 2153
f 2153 2269 2154
f 2154 2269 2160
f 2157 2163 2158
f 2158 2163 2270
f 2158 2270 2271
f 2158 2271 2164
f 2160 2269 2161
f 2161 2269 2272
f 2161 2272 2273
f 2161 2273 2162
f 2162 2273 2274
f 2162 2274 2270
f 2162 2270 2163
f 2164 2275 2172
f 2164 2172 2171
f 2164 2271 2275
f 2165 2170 2276
f 2165 2276 2277
f 2165 2277 2166
f 2166 2180 2168
f 2166 2168 2167
f 2166 2277 2180
f 2168 2180 2178
f 2170 2177 2278
f 2170 2278 2279
f 2170 2279 2276
f 2172 2275 2271
f 2172 2271 2280
f 2172 2280 2281
f 2172 2281 2174
f 2174 2281 2282
f 2174 2282 2283
f 2174 2283 2175
f 2175 2283 2284
f 2175 2284 2285
f 2175 2285 2176
f 2176 2285 2286
f 2176 2286 2177
f 2177 2287 2278
f 2177 2286 2287
f 2179 2183 2288
f 2179 2288 2184
f 2180 2289 2181
f 2180 2277 2290
f 2180 2290 2289
f 2181 2289 2182
f 2182 2289 2183
f 2183 2289 2288
f 2184 2288 2291
f 2184 2291 2191
f 2185 2195 2292
f 2185 2292 2293
f 2185 2293 2186
f 2186 2293 2187
f 2187 2293 2294
f 2187 2294 2188
f 2188 2294 2189
f 2189 2294 2295
f 2189 2295 2296
f 2189 2296 2297
f 2189 2297 2298
f 2189 2298 2299
f 2189 2299 2198
f 2189 2198 2214
f 2191 2291 2300
f 2191 2300 2192
f 2192 2300 2301
f 2192 2301 2194
f 2192 2194 2193
f 2194 2301 2195
f 2195 2302 2303
f 2195 2303 2292
f 2195 2301 2302
f 2198 2299 2304
f 2198 2304 2199
f 2199 2305 2306
f 2199 2306 2200
f 2199 2304 2305
f 2200 2307 2201
f 2200 2306 2308
f 2200 2308 2309
f 2200 2309 2307
f 2201 2307 2310
f 2201 2310 2311
f 2201 2311 2202
f 2202 2204 2203
f 2202 2311 2312
f 2202 2312 2313
f 2202 2313 2314
f 2202 2314 2204
f 2204 2315 2316
f 2204 2316 2317
f 2204 2317 2205
f 2204 2314 2318
f 2204 2318 2315
f 2205 2317 2206
f 2206 2317 2207
f 2207 2317 2208
f 2208 2317 2210
f 2209 2212 2213
f 2210 2317 2211
f 2211 2317 2316
f 2211 2316 2315
f 2211 2315 2319
f 2211 2319 2213
f 2211 2213 2212
f 2213 2319 2217
f 2213 2217 2215
f 2215 2217 2216
f 2217 2319 2320
f 2217 2320 2321
f 2217 2321 2322
f 2217 2322 2323
f 2217 2323 2324
f 2217 2324 2218
f 2218 2324 2325
f 2218 2325 2220
f 2219 2221 2223
f 2220 2325 2221
f 2221 2325 2326
f 2221 2326 2223
f 2223 2326 2328
f 2223 2328 2224
f 2224 2328 2329
f 2224 2329 2330
f 2224 2330 2225
f 2225 2330 2331
f 2225 2331 2327
f 2226 2247 2332
f 2226 2332 2227
f 2227 2229 2228
f 2227 2332 2333
f 2227 2333 2334
f 2227 2334 2335
f 2227 2335 2229
f 2229 2335 2336
f 2229 2336 2231
f 2229 2231 2230
f 2231 2337 2338
f 2231 2338 2339
f 2231 2339 2232
f 2231 2336 2340
f 2231 2340 2341
f 2231 2341 2337
f 2232 2339 2233
f 2233 2339 2342
f 2233 2342 2235
f 2233 2235 2234
f 2235 2342 2343
f 2235 2343 2236
f 2236 2343 2344
f 2236 2344 2345
f 2236 2345 2237
f 2237 2345 2346
f 2237 2346 2347
f 2237 2347 2238
f 2238 2347 2348
f 2238 2348 2349
f 2238 2349 2350
f 2238 2350 2239
f 2239 2350 2240
f 2242 2351 2352
f 2242 2352 2243
f 2243 2352 2353
f 2243 2353 2354
f 2243 2354 2244
f 2244 2354 2355
f 2244 2355 2245
f 2245 2355 2356
f 2245 2356 2246
f 2246 2356 2357
f 2246 2357 2247
f 2247 2357 2358
f 2247 2358 2333
f 2247 2333 2332
f 2248 2252 2359
f 2248 2359 2249
f 2249 2359 2360
f 2249 2360 2250
f 2250 2360 2361
f 2250 2361 2253
f 2252 2362 2359
f 2253 2361 2363
f 2253 2363 2254
f 2254 2363 2364
f 2254 2364 2365
f 2254 2365 2256
f 2254 2256 2255
f 2256 2365 2257
f 2257 2366 2367
f 2257 2367 2368
f 2257 2368 2369
f 2257 2369 2258
f 2257 2365 2364
f 2257 2364 2363
f 2257 2363 2366
f 2258 2370 2371
f 2258 2371 2372
f 2258 2372 2260
f 2258 2369 2370
f 2260 2372 2261
f 2261 2373 2374
f 2261 2374 2375
f 2261 2375 2262
f 2261 2372 2371
f 2261 2371 2373
f 2262 2375 2376
f 2262 2376 2263
f 2263 2376 2264
f 2264 2266 2265
f 2264 2376 2377
f 2264 2377 2378
f 2264 2378 2379
f 2264 2379 2380
f 2264 2380 2266
f 2266 2380 2381
f 2266 2381 2267
f 2267 2381 2272
f 2267 2272 2268
f 2268 2272 2269
f 2270 2382 2383
f 2270 2383 2384
f 2270 2384 2385
f 2270 2385 2271
f 2270 2274 2386
f 2270 2386 2387
f 2270 2387 2382
f 2271 2385 2280
f 2272 2381 2388
f 2272 2388 2389
f 2272 2389 2390
f 2272 2390 2273
f 2273 2390 2391
f 2273 2391 2274
f 2274 2391 2392
f 2274 2392 2393
f 2274 2393 2386
f 2276 2279 2287
f 2276 2287 2394
f 2276 2394 2277
f 2277 2394 2290
f 2278 2287 2279
f 2280 2385 2281
f 2281 2385 2384
f 2281 2384 2283
f 2281 2283 2282
f 2283 2384 2395
f 2283 2395 2396
f 2283 2396 2284
f 2284 2396 2397
f 2284 2397 2398
f 2284 2398 2399
f 2284 2399 2400
f 2284 2400 2285
f 2285 2400 2401
f 2285 2401 2286
f 2286 2401 2402
f 2286 2402 2287
f 2287 2403 2394
f 2287 2402 2404
f 2287 2404 2403
f 2288 2289 2405
f 2288 2405 2291
f 2289 2290 2394
f 2289 2394 2406
f 2289 2406 2405
f 2291 2405 2300
f 2292 2303 2407
f 2292 2407 2408
f 2292 2408 2293
f 2293 2408 2409
f 2293 2409 2294
f 2294 2409 2408
f 2294 2408 2410
f 2294 2410 2411
f 2294 2411 2295
f 2295 2411 2296
f 2296 2411 2412
f 2296 2412 2413
f 2296 2413 2297
f 2297 2413 2414
f 2297 2414 2304
f 2297 2304 2298
f 2298 2304 2299
f 2300 2415 2301
f 2300 2405 2416
f 2300 2416 2417
f 2300 2417 2418
f 2300 2418 2302
f 2300 2302 2415
f 2301 2415 2302
f 2302 2418 2303
f 2303 2418 2419
f 2303 2419 2420
f 2303 2420 2407
f 2304 2414 2421
f 2304 2421 2305
f 2305 2421 2422
f 2305 2422 2423
f 2305 2423 2306
f 2306 2423 2424
f 2306 2424 2308
f 2307 2309 2310
f 2308 2424 2309
f 2309 2424 2310
f 2310 2424 2425
f 2310 2425 2426
f 2310 2426 2427
f 2310 2427 2311
f 2311 2427 2312
f 2312 2427 2428
f 2312 2428 2429
f 2312 2429 2313
f 2313 2429 2430
f 2313 2430 2314
f 2314 2430 2318
f 2315 2318 2320
f 2315 2320 2319
f 2318 2431 2320
f 2318 2430 2431
f 2320 2431 2432
f 2320 2432 2321
f 2321 2432 2433
f 2321 2433 2322
f 2322 2433 2323
f 2323 2433 2434
f 2323 2434 2324
f 2324 2434 2325
f 2325 2434 2435
f 2325 2435 2436
f 2325 2436 2326
f 2326 2436 2437
f 2326 2437 2328
f 2328 2437 2438
f 2328 2438 2439
f 2328 2439 2329
f 2329 2439 2440
f 2329 2440 2442
f 2329 2442 2330
f 2330 2441 2331
f 2330 2442 2565
f 2330 2565 2441
f 2333 2358 2443
f 2333 2443 2444
f 2333 2444 2445
f 2333 2445 2334
f 2334 2445 2446
f 2334 2446 2447
f 2334 2447 2335
f 2335 2447 2448
f 2335 2448 2336
f 2336 2448 2340
f 2337 2341 2338
f 2338 2449 2339
f 2338 2341 2450
f 2338 2450 2451
f 2338 2451 2452
f 2338 2452 2453
f 2338 2453 2454
f 2338 2454 2455
f 2338 2455 2456
f 2338 2456 2457
f 2338 2457 2449
f 2339 2449 2457
f 2339 2457 2458
f 2339 2458 2342
f 2340 2448 2459
f 2340 2459 2460
f 2340 2460 2341
f 2341 2461 2462
f 2341 2462 2463
f 2341 2463 2464
f 2341 2464 2450
f 2341 2460 2461
f 2342 2458 2343
f 2343 2458 2465
f 2343 2465 2344
f 2344 2465 2466
f 2344 2466 2467
f 2344 2467 2468
f 2344 2468 2469
f 2344 2469 2470
f 2344 2470 2471
f 2344 2471 2472
f 2344 2472 2473
f 2344 2473 2346
f 2344 2346 2345
f 2346 2473 2472
f 2346 2472 2474
f 2346 2474 2475
f 2346 2475 2347
f 2347 2475 2476
f 2347 2476 2348
f 2348 2350 2349
f 2348 2476 2477
f 2351 2478 2352
f 2352 2478 2479
f 2352 2479 2480
f 2352 2480 2481
f 2352 2481 2482
f 2352 2482 2353
f 2353 2482 2483
f 2353 2483 2354
f 2354 2483 2355
f 2355 2483 2484
f 2355 2484 2356
f 2356 2484 2358
f 2356 2358 2357
f 2358 2484 2485
f 2358 2485 2443
f 2359 2362 2486
f 2359 2486 2360
f 2360 2486 2487
f 2360 2487 2361
f 2361 2487 2488
f 2361 2488 2489
f 2361 2489 2363
f 2363 2489 2490
f 2363 2490 2367
f 2363 2367 2366
f 2367 2491 2368
f 2367 2490 2491
f 2368 2491 2492
f 2368 2492 2493
f 2368 2493 2494
f 2368 2494 2370
f 2368 2370 2369
f 2370 2494 2495
f 2370 2495 2371
f 2371 2495 2496
f 2371 2496 2373
f 2373 2496 2374
f 2374 2497 2498
f 2374 2498 2499
f 2374 2499 2375
f 2374 2496 2614
f 2374 2614 2497
f 2375 2499 2376
f 2376 2499 2500
f 2376 2500 2377
f 2377 2500 2501
f 2377 2501 2378
f 2378 2501 2502
f 2378 2502 2503
f 2378 2503 2504
f 2378 2504 2379
f 2379 2504 2505
f 2379 2505 2381
f 2379 2381 2380
f 2381 2505 2388
f 2382 2387 2506
f 2382 2506 2507
f 2382 2507 2383
f 2383 2397 2395
f 2383 2395 2384
f 2383 2507 2508
f 2383 2508 2397
f 2386 2393 2387
f 2387 2393 2509
f 2387 2509 2510
f 2387 2510 2511
f 2387 2511 2506
f 2388 2505 2389
f 2389 2512 2513
f 2389 2513 2514
f 2389 2514 2390
f 2389 2505 2512
f 2390 2514 2391
f 2391 2514 2515
f 2391 2515 2516
f 2391 2516 2517
f 2391 2517 2392
f 2392 2517 2509
f 2392 2509 2393
f 2394 2403 2518
f 2394 2518 2519
f 2394 2519 2520
f 2394 2520 2406
f 2395 2397 2396
f 2397 2508 2398
f 2398 2508 2521
f 2398 2521 2399
f 2399 2522 2400
f 2399 2521 2523
f 2399 2523 2524
f 2399 2524 2522
f 2400 2522 2525
f 2400 2525 2401
f 2401 2525 2526
f 2401 2526 2402
f 2402 2526 2404
f 2403 2404 2526
f 2403 2526 2518
f 2405 2406 2520
f 2405 2520 2527
f 2405 2527 2416
f 2407 2420 2528
f 2407 2528 2529
f 2407 2529 2408
f 2408 2529 2410
f 2410 2529 2412
f 2410 2412 2411
f 2412 2529 2530
f 2412 2530 2531
f 2412 2531 2413
f 2413 2531 2532
f 2413 2532 2533
f 2413 2533 2414
f 2414 2533 2421
f 2416 2527 2534
f 2416 2534 2535
f 2416 2535 2536
f 2416 2536 2537
f 2416 2537 2417
f 2417 2537 2418
f 2418 2537 2419
f 2419 2537 2538
f 2419 2538 2539
f 2419 2539 2420
f 2420 2539 2528
f 2421 2533 2540
f 2421 2540 2422
f 2422 2540 2541
f 2422 2541 2423
f 2423 2542 2543
f 2423 2543 2544
f 2423 2544 2424
f 2423 2541 2542
f 2424 2544 2545
f 2424 2545 2425
f 2425 2545 2546
f 2425 2546 2426
f 2426 2546 2547
f 2426 2547 2548
f 2426 2548 2427
f 2427 2548 2428
f 2428 2548 2549
f 2428 2549 2429
f 2429 2550 2430
f 2429 2549 2551
f 2429 2551 2552
f 2429 2552 2550
f 2430 2553 2433
f 2430 2433 2432
f 2430 2432 2431
f 2430 2550 2553
f 2433 2553 2434
f 2434 2553 2554
f 2434 2554 2555
f 2434 2555 2435
f 2435 2555 2556
f 2435 2556 2436
f 2436 2556 2557
f 2436 2557 2558
f 2436 2558 2437
f 2437 2558 2559
f 2437 2559 2560
f 2437 2560 2438
f 2438 2560 2561
f 2438 2561 2439
f 2439 2561 2562
f 2439 2562 2563
f 2439 2563 2564
f 2439 2564 2440
f 2440 2564 2442
f 2442 2564 2566
f 2442 2566 2565
f 2443 2567 2568
f 2443 2568 2444
f 2443 2485 2567
f 2444 2568 2569
f 2444 2569 2570
f 2444 2570 2445
f 2445 2570 2446
f 2446 2570 2571
f 2446 2571 2447
f 2447 2571 2448
f 2448 2571 2459
f 2450 2464 2586
f 2450 2586 2572
f 2450 2572 2573
f 2450 2573 2574
f 2450 2574 2575
f 2450 2575 2576
f 2450 2576 2451
f 2451 2576 2577
f 2451 2577 2578
f 2451 2578 2453
f 2451 2453 2452
f 2453 2578 2454
f 2454 2578 2579
f 2454 2579 2580
f 2454 2580 2455
f 2455 2580 2581
f 2455 2581 2456
f 2456 2581 2457
f 2457 2581 2465
f 2457 2465 2458
f 2459 2571 2582
f 2459 2582 2460
f 2460 2582 2583
f 2460 2583 2461
f 2461 2583 2584
f 2461 2584 2462
f 2462 2585 2586
f 2462 2586 2463
f 2462 2584 2587
f 2462 2587 2588
f 2462 2588 2585
f 2463 2586 2464
f 2465 2581 2466
f 2466 2581 2467
f 2467 2589 2468
f 2467 2581 2589
f 2468 2589 2469
f 2469 2589 2580
f 2469 2580 2590
f 2469 2590 2591
f 2469 2591 2592
f 2469 2592 2593
f 2469 2593 2594
f 2469 2594 2470
f 2470 2594 2595
f 2470 2595 2596
f 2470 2596 2471
f 2471 2596 2597
f 2471 2597 2598
f 2471 2598 2472
f 2472 2598 2599
f 2472 2599 2474
f 2474 2599 2475
f 2475 2599 2600
f 2475 2477 2476
f 2480 2601 2481
f 2481 2602 2483
f 2481 2483 2482
f 2481 2601 2603
f 2481 2603 2602
f 2483 2602 2484
f 2484 2602 2485
f 2485 2602 2603
f 2485 2603 2604
f 2485 2604 2605
f 2485 2605 2567
f 2487 2606 2488
f 2488 2606 2607
f 2488 2607 2489
f 2489 2607 2608
f 2489 2608 2609
f 2489 2609 2490
f 2490 2609 2610
f 2490 2610 2491
f 2491 2610 2611
f 2491 2611 2492
f 2492 2611 2495
f 2492 2495 2493
f 2493 2495 2494
f 2495 2611 2612
f 2495 2612 2757
f 2495 2757 2613
f 2495 2613 2614
f 2495 2614 2496
f 2497 2615 2498
f 2497 2614 2615
f 2498 2615 2616
f 2498 2616 2617
f 2498 2617 2618
f 2498 2618 2619
f 2498 2619 2502
f 2498 2502 2499
f 2499 2502 2620
f 2499 2620 2501
f 2499 2501 2500
f 2501 2620 2502
f 2502 2621 2503
f 2502 2619 2618
f 2502 2618 2622
f 2502 2622 2623
f 2502 2623 2624
f 2502 2624 2625
f 2502 2625 2626
f 2502 2626 2627
f 2502 2627 2628
f 2502 2628 2621
f 2503 2621 2629
f 2503 2629 2630
f 2503 2630 2504
f 2504 2630 2513
f 2504 2513 2512
f 2504 2512 2505
f 2506 2511 2507
f 2507 2511 2631
f 2507 2631 2521
f 2507 2521 2508
f 2509 2517 2632
f 2509 2632 2633
f 2509 2633 2634
f 2509 2634 2635
f 2509 2635 2510
f 2510 2635 2511
f 2511 2635 2636
f 2511 2636 2631
f 2513 2630 2773
f 2513 2773 2637
f 2513 2637 2515
f 2513 2515 2514
f 2515 2637 2638
f 2515 2638 2639
f 2515 2639 2516
f 2516 2639 2640
f 2516 2640 2641
f 2516 2641 2642
f 2516 2642 2517
f 2517 2642 2643
f 2517 2643 2632
f 2518 2526 2644
f 2518 2644 2645
f 2518 2645 2519
f 2519 2645 2534
f 2519 2534 2520
f 2520 2534 2527
f 2521 2631 2523
f 2522 2524 2646
f 2522 2646 2647
f 2522 2647 2525
f 2523 2648 2649
f 2523 2649 2650
f 2523 2650 2524
f 2523 2631 2648
f 2524 2650 2651
f 2524 2651 2646
f 2525 2647 2652
f 2525 2652 2526
f 2526 2652 2653
f 2526 2653 2654
f 2526 2654 2644
f 2528 2539 2530
f 2528 2530 2529
f 2530 2655 2656
f 2530 2656 2657
f 2530 2657 2531
f 2530 2539 2655
f 2531 2657 2532
f 2532 2658 2659
f 2532 2659 2660
f 2532 2660 2661
f 2532 2661 2540
f 2532 2540 2533
f 2532 2657 2656
f 2532 2656 2658
f 2534 2645 2662
f 2534 2662 2535
f 2535 2662 2663
f 2535 2663 2664
f 2535 2664 2536
f 2536 2664 2537
f 2537 2664 2665
f 2537 2665 2666
f 2537 2666 2538
f 2538 2666 2539
f 2539 2666 2655
f 2540 2661 2541
f 2541 2661 2667
f 2541 2667 2668
f 2541 2668 2669
f 2541 2669 2670
f 2541 2670 2671
f 2541 2671 2672
f 2541 2672 2543
f 2541 2543 2542
f 2543 2672 2673
f 2543 2673 2674
f 2543 2674 2675
f 2543 2675 2544
f 2544 2676 2545
f 2544 2675 2676
f 2545 2676 2677
f 2545 2677 2546
f 2546 2677 2675
f 2546 2675 2678
f 2546 2678 2679
f 2546 2679 2680
f 2546 2680 2547
f 2547 2681 2548
f 2547 2680 2682
f 2547 2682 2681
f 2548 2681 2549
f 2549 2681 2551
f 2550 2683 2555
f 2550 2555 2554
f 2550 2554 2553
f 2550 2552 2684
f 2550 2684 2683
f 2551 2681 2682
f 2551 2682 2685
f 2551 2685 2686
f 2551 2686 2552
f 2552 2686 2687
f 2552 2687 2688
f 2552 2688 2684
f 2555 2683 2689
f 2555 2689 2556
f 2556 2689 2690
f 2556 2690 2691
f 2556 2691 2557
f 2557 2691 2559
f 2557 2559 2558
f 2559 2691 2826
f 2559 2826 2692
f 2559 2692 2560
f 2560 2692 2693
f 2560 2693 2561
f 2561 2693 2694
f 2561 2694 2562
f 2562 2694 2695
f 2562 2695 2563
f 2563 2695 2696
f 2563 2696 2697
f 2563 2697 2564
f 2564 2697 2566
f 2565 2566 2698
f 2566 2697 2699
f 2566 2699 2698
f 2567 2700 2701
f 2567 2701 2702
f 2567 2702 2703
f 2567 2703 2568
f 2567 2605 2604
f 2567 2604 2700
f 2568 2703 2569
f 2569 2703 2570
f 2570 2703 2704
f 2570 2704 2705
f 2570 2705 2706
f 2570 2706 2707
f 2570 2707 2571
f 2571 2707 2708
f 2571 2708 2582
f 2572 2586 2573
f 2573 2586 2709
f 2573 2709 2710
f 2573 2710 2574
f 2574 2710 2711
f 2574 2711 2712
f 2574 2712 2713
f 2574 2713 2575
f 2575 2713 2714
f 2575 2714 2576
f 2576 2714 2715
f 2576 2715 2716
f 2576 2716 2577
f 2577 2716 2717
f 2577 2717 2578
f 2578 2718 2579
f 2578 2717 2719
f 2578 2719 2591
f 2578 2591 2718
f 2579 2718 2591
f 2579 2591 2590
f 2579 2590 2580
f 2580 2589 2581
f 2582 2708 2583
f 2583 2720 2721
f 2583 2721 2584
f 2583 2708 2720
f 2584 2722 2723
f 2584 2723 2587
f 2584 2721 2722
f 2585 2724 2725
f 2585 2725 2586
f 2585 2588 2724
f 2586 2725 2709
f 2587 2723 2726
f 2587 2726 2588
f 2588 2727 2728
f 2588 2728 2729
f 2588 2729 2730
f 2588 2730 2731
f 2588 2731 2732
f 2588 2732 2733
f 2588 2733 2734
f 2588 2734 2724
f 2588 2726 2735
f 2588 2735 2736
f 2588 2736 2727
f 2591 2719 2592
f 2592 2737 2738
f 2592 2738 2593
f 2592 2719 2737
f 2593 2739 2595
f 2593 2595 2594
f 2593 2738 2740
f 2593 2740 2741
f 2593 2741 2739
f 2595 2739 2742
f 2595 2742 2596
f 2596 2742 2743
f 2596 2743 2597
f 2597 2743 2744
f 2597 2744 2745
f 2597 2745 2746
f 2597 2746 2598
f 2598 2746 2747
f 2598 2747 2599
f 2599 2747 2748
f 2599 2748 2600
f 2601 2749 2750
f 2601 2750 2603
f 2603 2750 2751
f 2603 2751 2701
f 2603 2701 2700
f 2603 2700 2604
f 2609 2752 2753
f 2609 2753 2610
f 2610 2753 2754
f 2610 2754 2611
f 2611 2754 2612
f 2612 2754 2755
f 2612 2755 2756
f 2612 2756 2757
f 2613 2757 2758
f 2613 2758 2759
f 2613 2759 2615
f 2613 2615 2614
f 2615 2759 2760
f 2615 2760 2616
f 2616 2760 2895
f 2616 2895 2761
f 2616 2761 2617
f 2617 2761 2762
f 2617 2762 2763
f 2617 2763 2618
f 2618 2764 2622
f 2618 2763 2762
f 2618 2762 2764
f 2621 2628 2629
f 2622 2764 2765
f 2622 2765 2623
f 2623 2765 2766
f 2623 2766 2624
f 2624 2766 2767
f 2624 2767 2625
f 2625 2767 2768
f 2625 2768 2769
f 2625 2769 2626
f 2626 2770 2628
f 2626 2628 2627
f 2626 2769 2905
f 2626 2905 2771
f 2626 2771 2770
f 2628 2770 2629
f 2629 2770 2772
f 2629 2772 2773
f 2629 2773 2630
f 2631 2636 2648
f 2632 2643 2774
f 2632 2774 2775
f 2632 2775 2633
f 2633 2775 2634
f 2634 2775 2635
f 2635 2775 2636
f 2636 2775 2776
f 2636 2776 2777
f 2636 2777 2778
f 2636 2778 2649
f 2636 2649 2648
f 2637 2773 2779
f 2637 2779 2638
f 2638 2779 2780
f 2638 2780 2639
f 2639 2780 2781
f 2639 2781 2782
f 2639 2782 2640
f 2640 2782 2783
f 2640 2783 2641
f 2641 2783 2784
f 2641 2784 2785
f 2641 2785 2786
f 2641 2786 2642
f 2642 2786 2787
f 2642 2787 2643
f 2643 2787 2774
f 2644 2654 2788
f 2644 2788 2645
f 2645 2788 2789
f 2645 2789 2800
f 2645 2800 2662
f 2646 2790 2647
f 2646 2651 2791
f 2646 2791 2790
f 2647 2654 2653
f 2647 2653 2652
f 2647 2790 2792
f 2647 2792 2654
f 2649 2778 2650
f 2650 2793 2651
f 2650 2778 2794
f 2650 2794 2793
f 2651 2793 2795
f 2651 2795 2791
f 2654 2792 2796
f 2654 2796 2788
f 2655 2666 2797
f 2655 2797 2656
f 2656 2797 2798
f 2656 2798 2799
f 2656 2799 2658
f 2658 2799 2659
f 2659 2799 2669
f 2659 2669 2668
f 2659 2668 2661
f 2659 2661 2660
f 2661 2668 2667
f 2662 2800 2663
f 2663 2800 2801
f 2663 2801 2664
f 2664 2801 2802
f 2664 2802 2665
f 2665 2802 2803
f 2665 2803 2666
f 2666 2803 2797
f 2669 2804 2805
f 2669 2805 2670
f 2669 2799 2798
f 2669 2798 2804
f 2670 2805 2942
f 2670 2942 2806
f 2670 2806 2673
f 2670 2673 2672
f 2670 2672 2671
f 2673 2806 2807
f 2673 2807 2808
f 2673 2808 2674
f 2674 2808 2809
f 2674 2809 2810
f 2674 2810 2811
f 2674 2811 2812
f 2674 2812 2675
f 2675 2813 2678
f 2675 2677 2676
f 2675 2812 2814
f 2675 2814 2815
f 2675 2815 2813
f 2678 2813 2679
f 2679 2813 2816
f 2679 2816 2817
f 2679 2817 2680
f 2680 2817 2818
f 2680 2818 2682
f 2682 2818 2685
f 2683 2684 2689
f 2684 2688 2689
f 2685 2818 2819
f 2685 2819 2820
f 2685 2820 2821
f 2685 2821 2822
f 2685 2822 2823
f 2685 2823 2686
f 2686 2823 2687
f 2687 2823 2959
f 2687 2959 2824
f 2687 2824 2825
f 2687 2825 2688
f 2688 2826 2691
f 2688 2691 2690
f 2688 2690 2689
f 2688 2825 2826
f 2692 2827 2693
f 2692 2826 2825
f 2692 2825 2828
f 2692 2828 2829
f 2692 2829 2827
f 2693 2827 2830
f 2693 2830 2694
f 2694 2830 2695
f 2695 2830 2831
f 2695 2831 2832
f 2695 2832 2696
f 2696 2832 2697
f 2697 2832 2833
f 2697 2833 2699
f 2698 2699 2834
f 2699 2835 2834
f 2699 2833 2836
f 2699 2836 2835
f 2701 2751 2837
f 2701 2837 2838
f 2701 2838 2702
f 2702 2838 2839
f 2702 2839 2703
f 2703 2839 2840
f 2703 2840 2841
f 2703 2841 2704
f 2704 2841 2705
f 2705 2841 2842
f 2705 2842 2843
f 2705 2843 2706
f 2706 2843 2844
f 2706 2844 2845
f 2706 2845 2720
f 2706 2720 2707
f 2707 2720 2708
f 2709 2725 2734
f 2709 2734 2846
f 2709 2846 2710
f 2710 2846 2847
f 2710 2847 2848
f 2710 2848 2849
f 2710 2849 2711
f 2711 2850 2851
f 2711 2851 2715
f 2711 2715 2852
f 2711 2852 2712
f 2711 2849 2853
f 2711 2853 2850
f 2712 2852 2714
f 2712 2714 2713
f 2714 2852 2715
f 2715 2851 2854
f 2715 2854 2855
f 2715 2855 2716
f 2716 2855 2854
f 2716 2854 2717
f 2717 2854 2856
f 2717 2856 2719
f 2719 2856 2737
f 2720 2845 2722
f 2720 2722 2721
f 2722 2845 2857
f 2722 2857 2723
f 2723 2857 2845
f 2723 2845 2735
f 2723 2735 2726
f 2724 2734 2725
f 2727 2858 2859
f 2727 2859 2729
f 2727 2729 2728
f 2727 2736 2735
f 2727 2735 2845
f 2727 2845 2858
f 2729 2860 2861
f 2729 2861 2730
f 2729 2859 2858
f 2729 2858 2860
f 2730 2861 2862
f 2730 2862 2731
f 2731 2862 2863
f 2731 2863 2864
f 2731 2864 2865
f 2731 2865 2866
f 2731 2866 2867
f 2731 2867 2868
f 2731 2868 2732
f 2732 2868 2869
f 2732 2869 2733
f 2733 2847 2734
f 2733 2869 2868
f 2733 2868 2870
f 2733 2870 2847
f 2734 2847 2846
f 2737 2856 2997
f 2737 2997 2871
f 2737 2871 2738
f 2738 2871 2872
f 2738 2872 2740
f 2739 2873 2742
f 2739 2741 2874
f 2739 2874 2873
f 2740 2872 2875
f 2740 2875 2876
f 2740 2876 2877
f 2740 2877 2878
f 2740 2878 2741
f 2741 2878 2879
f 2741 2879 2874
f 2742 2873 2743
f 2743 2873 2880
f 2743 2880 2881
f 2743 2881 2882
f 2743 2882 2744
f 2744 2882 2745
f 2745 2883 2884
f 2745 2884 2747
f 2745 2747 2746
f 2745 2882 2885
f 2745 2885 2886
f 2745 2886 2883
f 2747 2884 2748
f 2749 2887 2888
f 2749 2888 2750
f 2750 2888 2751
f 2751 2888 2889
f 2751 2889 2890
f 2751 2890 2837
f 2752 2754 2753
f 2756 2891 2757
f 2757 2891 2758
f 2758 2892 2893
f 2758 2893 2894
f 2758 2894 2759
f 2758 2891 2892
f 2759 2894 2760
f 2760 2894 2895
f 2761 2895 2762
f 2762 2895 2896
f 2762 2896 2897
f 2762 2897 2898
f 2762 2898 2764
f 2764 2898 2899
f 2764 2899 2900
f 2764 2900 2765
f 2765 2900 2901
f 2765 2901 2766
f 2766 2901 2902
f 2766 2902 2903
f 2766 2903 2768
f 2766 2768 2767
f 2768 2903 3041
f 2768 3041 2904
f 2768 2904 2769
f 2769 2904 2905
f 2770 2771 2772
f 2771 2905 2906
f 2771 2906 2907
f 2771 2907 2908
f 2771 2908 2772
f 2772 2908 2909
f 2772 2909 2773
f 2773 2909 2910
f 2773 2910 2779
f 2774 2787 2775
f 2775 2787 2911
f 2775 2911 2912
f 2775 2912 2913
f 2775 2913 2776
f 2776 2913 2914
f 2776 2914 2915
f 2776 2915 2777
f 2777 2915 2916
f 2777 2916 2917
f 2777 2917 2794
f 2777 2794 2778
f 2779 2910 2918
f 2779 2918 2780
f 2780 2918 2919
f 2780 2919 2781
f 2781 2919 2920
f 2781 2920 2782
f 2782 2920 2921
f 2782 2921 2922
f 2782 2922 2784
f 2782 2784 2783
f 2784 2922 2923
f 2784 2923 2785
f 2785 2923 2786
f 2786 2923 2924
f 2786 2924 2911
f 2786 2911 2787
f 2788 2796 2925
f 2788 2925 2926
f 2788 2926 2789
f 2789 2926 2800
f 2790 2927 2792
f 2790 2791 2927
f 2791 2795 2928
f 2791 2928 2927
f 2792 2927 2929
f 2792 2929 2796
f 2793 2794 2917
f 2793 2917 2930
f 2793 2930 2795
f 2795 2930 2931
f 2795 2931 2928
f 2796 2932 2925
f 2796 2929 2933
f 2796 2933 2932
f 2797 2934 2935
f 2797 2935 2936
f 2797 2936 2937
f 2797 2937 2798
f 2797 2803 2802
f 2797 2802 2801
f 2797 2801 2934
f 2798 2937 2938
f 2798 2938 2804
f 2800 2926 2939
f 2800 2939 2940
f 2800 2940 2801
f 2801 2940 2934
f 2804 2938 2805
f 2805 2938 2941
f 2805 2941 3085
f 2805 3085 2942
f 2806 2942 3086
f 2806 3086 2943
f 2806 2943 2807
f 2807 2943 2809
f 2807 2809 2808
f 2809 2943 2944
f 2809 2944 2945
f 2809 2945 2946
f 2809 2946 2810
f 2810 2946 2811
f 2811 2947 2814
f 2811 2814 2812
f 2811 2946 2948
f 2811 2948 2949
f 2811 2949 2950
f 2811 2950 2951
f 2811 2951 2947
f 2813 2815 2816
f 2814 2947 2815
f 2815 2947 2952
f 2815 2952 2816
f 2816 2952 2817
f 2817 2952 2953
f 2817 2953 2819
f 2817 2819 2818
f 2819 2953 2954
f 2819 2954 2955
f 2819 2955 2820
f 2820 2955 2956
f 2820 2956 2821
f 2821 2956 2957
f 2821 2957 2822
f 2822 2957 2958
f 2822 2958 2823
f 2823 2958 2959
f 2824 2959 3102
f 2824 3102 2960
f 2824 2960 2825
f 2825 2960 2961
f 2825 2961 2829
f 2825 2829 2828
f 2827 2829 2830
f 2829 2961 2962
f 2829 2962 2963
f 2829 2963 2964
f 2829 2964 2830
f 2830 2964 2965
f 2830 2965 2831
f 2831 2965 2966
f 2831 2966 2832
f 2832 2966 2833
f 2833 2966 2967
f 2833 2967 2968
f 2833 2968 2836
f 2835 2836 2969
f 2836 2968 2969
f 2837 2890 2970
f 2837 2970 2971
f 2837 2971 2838
f 2838 2971 2972
f 2838 2972 2839
f 2839 2972 2973
f 2839 2973 2974
f 2839 2974 2840
f 2840 2974 2975
f 2840 2975 2841
f 2841 2975 2976
f 2841 2976 2977
f 2841 2977 2842
f 2842 2977 2843
f 2843 2977 2844
f 2844 2977 2845
f 2845 2977 2978
f 2845 2978 2979
f 2845 2979 2980
f 2845 2980 2981
f 2845 2981 2982
f 2845 2982 2983
f 2845 2983 2984
f 2845 2984 2858
f 2847 2870 2848
f 2848 2870 2853
f 2848 2853 2849
f 2850 2853 2985
f 2850 2985 2986
f 2850 2986 2987
f 2850 2987 2988
f 2850 2988 2851
f 2851 2988 2854
f 2853 2989 2990
f 2853 2990 2991
f 2853 2991 2992
f 2853 2992 2993
f 2853 2993 2994
f 2853 2994 2995
f 2853 2995 2985
f 2853 2870 2868
f 2853 2868 2996
f 2853 2996 2989
f 2854 2988 2875
f 2854 2875 2997
f 2854 2997 2856
f 2858 2998 2999
f 2858 2999 3000
f 2858 3000 2860
f 2858 2984 2998
f 2860 2999 2861
f 2860 3000 2999
f 2861 2999 3001
f 2861 3001 3002
f 2861 3002 3003
f 2861 3003 3004
f 2861 3004 3005
f 2861 3005 3006
f 2861 3006 2862
f 2862 3006 2863
f 2863 3006 3007
f 2863 3007 3008
f 2863 3008 3009
f 2863 3009 3010
f 2863 3010 3011
f 2863 3011 2864
f 2864 3011 2865
f 2865 3011 2866
f 2866 3011 2867
f 2867 2996 2868
f 2867 3011 3012
f 2867 3012 3013
f 2867 3013 3014
f 2867 3014 2990
f 2867 2990 2996
f 2871 2997 2875
f 2871 2875 2872
f 2873 2874 2879
f 2873 2879 3015
f 2873 3015 2880
f 2875 2988 2987
f 2875 2987 3016
f 2875 3016 2876
f 2876 3016 3017
f 2876 3017 2877
f 2877 3018 2878
f 2877 3017 3019
f 2877 3019 3018
f 2878 3018 3020
f 2878 3020 2879
f 2879 3020 3021
f 2879 3021 3015
f 2880 3015 3022
f 2880 3022 3023
f 2880 3023 3024
f 2880 3024 3025
f 2880 3025 3026
f 2880 3026 3027
f 2880 3027 2881
f 2881 3027 2882
f 2882 3027 2885
f 2885 3027 3028
f 2885 3028 2886
f 2886 3028 3029
f 2886 3029 3030
f 2887 2889 2888
f 2889 3031 2890
f 2890 3031 2970
f 2892 3032 3033
f 2892 3033 2893
f 2893 3033 2894
f 2894 3033 2896
f 2894 2896 2895
f 2896 3033 2897
f 2897 3034 2898
f 2897 3033 3034
f 2898 3035 3036
f 2898 3036 2899
f 2898 3034 3035
f 2899 3036 3037
f 2899 3037 2901
f 2899 2901 2900
f 2901 3037 3038
f 2901 3038 2902
f 2902 3038 3039
f 2902 3039 3040
f 2902 3040 3041
f 2902 3041 2903
f 2904 3041 3042
f 2904 3042 3043
f 2904 3043 3044
f 2904 3044 2905
f 2905 3044 2906
f 2906 3044 3043
f 2906 3043 3045
f 2906 3045 3046
f 2906 3046 3047
f 2906 3047 3048
f 2906 3048 2907
f 2907 3048 3049
f 2907 3049 3050
f 2907 3050 2908
f 2908 3050 2910
f 2908 2910 2909
f 2910 3050 3051
f 2910 3051 2918
f 2911 2924 3052
f 2911 3052 3053
f 2911 3053 2912
f 2912 3053 2913
f 2913 3053 3054
f 2913 3054 3055
f 2913 3055 3056
f 2913 3056 2914
f 2914 3056 3057
f 2914 3057 2915
f 2915 3057 3058
f 2915 3058 2916
f 2916 3058 3059
f 2916 3059 3060
f 2916 3060 2930
f 2916 2930 2917
f 2918 3049 2919
f 2918 3051 3049
f 2919 3061 3062
f 2919 3062 3063
f 2919 3063 3064
f 2919 3064 2920
f 2919 3049 3061
f 2920 3064 3065
f 2920 3065 3066
f 2920 3066 3067
f 2920 3067 2921
f 2921 3067 3068
f 2921 3068 2922
f 2922 3068 3052
f 2922 3052 2923
f 2923 3052 2924
f 2925 2932 3069
f 2925 3069 2926
f 2926 3069 3070
f 2926 3070 3071
f 2926 3071 3072
f 2926 3072 2939
f 2927 2928 3073
f 2927 3073 2929
f 2928 2931 3060
f 2928 3060 3074
f 2928 3074 3075
f 2928 3075 3073
f 2929 3073 3075
f 2929 3075 2933
f 2930 3060 2931
f 2932 2933 3076
f 2932 3076 3077
f 2932 3077 3069
f 2933 3075 3078
f 2933 3078 3079
f 2933 3079 3076
f 2934 2940 3080
f 2934 3080 2936
f 2934 2936 2935
f 2936 3080 3072
f 2936 3072 2938
f 2936 2938 2937
f 2938 3072 3081
f 2938 3081 2941
f 2939 3072 2940
f 2940 3072 3080
f 2941 3081 3082
f 2941 3082 3083
f 2941 3083 3084
f 2941 3084 3085
f 2942 3085 3086
f 2943 3086 3087
f 2943 3087 2944
f 2944 3087 3088
f 2944 3088 3089
f 2944 3089 3090
f 2944 3090 2945
f 2945 3090 3091
f 2945 3091 2946
f 2946 3091 2948
f 2947 2951 2952
f 2948 3091 3092
f 2948 3092 3093
f 2948 3093 3094
f 2948 3094 2949
f 2949 3094 3095
f 2949 3095 3096
f 2949 3096 2950
f 2950 3096 2951
f 2951 3097 2952
f 2951 3096 3098
f 2951 3098 3097
f 2952 3097 2953
f 2953 3097 2954
f 2954 3097 3099
f 2954 3099 3100
f 2954 3100 2955
f 2955 3100 2956
f 2956 3100 3101
f 2956 3101 2957
f 2957 3101 2958
f 2958 3101 2959
f 2959 3101 3102
f 2960 3102 3103
f 2960 3103 2961
f 2961 3103 3104
f 2961 3104 2962
f 2962 3104 3105
f 2962 3105 2963
f 2963 3106 3107
f 2963 3107 2964
f 2963 3105 3108
f 2963 3108 3106
f 2964 3107 2965
f 2965 3107 3109
f 2965 3109 3110
f 2965 3110 2966
f 2966 3110 3111
f 2966 3111 3112
f 2966 3112 3113
f 2966 3113 3114
f 2966 3114 3115
f 2966 3115 2967
f 2967 3115 2968
f 2968 3115 3116
f 2968 3116 3117
f 2968 3117 3118
f 2968 3118 3267
f 2968 3267 3119
f 2968 3119 3120
f 2968 3120 2969
f 2970 3121 3122
f 2970 3122 3123
f 2970 3123 3124
f 2970 3124 3125
f 2970 3125 2971
f 2970 3031 3121
f 2971 3125 2972
f 2972 3125 3126
f 2972 3126 2973
f 2973 3126 3127
f 2973 3127 2974
f 2974 3127 3128
f 2974 3128 2975
f 2975 3128 2976
f 2976 3128 2979
f 2976 2979 3129
f 2976 3129 2977
f 2977 3129 3130
f 2977 3130 2978
f 2978 3130 2979
f 2979 3131 2981
f 2979 2981 2980
f 2979 3130 3129
f 2979 3128 3132
f 2979 3132 3133
f 2979 3133 3131
f 2981 3131 3134
f 2981 3134 3135
f 2981 3135 2982
f 2982 3135 2983
f 2983 3135 3136
f 2983 3136 3137
f 2983 3137 2984
f 2984 3137 2998
f 2985 2995 3138
f 2985 3138 2986
f 2986 3139 2987
f 2986 3138 3139
f 2987 3139 3016
f 2989 2996 2990
f 2990 3014 3140
f 2990 3140 3141
f 2990 3141 2992
f 2990 2992 2991
f 2992 3141 3142
f 2992 3142 2993
f 2993 2995 2994
f 2993 3142 3143
f 2993 3143 2995
f 2995 3144 3138
f 2995 3143 3145
f 2995 3145 3146
f 2995 3146 3147
f 2995 3147 3144
f 2998 3137 2999
f 2999 3137 3148
f 2999 3148 3149
f 2999 3149 3150
f 2999 3150 3002
f 2999 3002 3001
f 3002 3150 3003
f 3003 3150 3151
f 3003 3151 3152
f 3003 3152 3153
f 3003 3153 3154
f 3003 3154 3155
f 3003 3155 3005
f 3003 3005 3004
f 3005 3155 3156
f 3005 3156 3006
f 3006 3156 3154
f 3006 3154 3007
f 3007 3154 3157
f 3007 3157 3158
f 3007 3158 3159
f 3007 3159 3008
f 3008 3159 3009
f 3009 3159 3010
f 3010 3159 3160
f 3010 3160 3161
f 3010 3161 3011
f 3011 3161 3162
f 3011 3162 3012
f 3012 3162 3163
f 3012 3163 3164
f 3012 3164 3013
f 3013 3165 3166
f 3013 3166 3167
f 3013 3167 3014
f 3013 3164 3168
f 3013 3168 3163
f 3013 3163 3165
f 3014 3167 3140
f 3015 3021 3022
f 3016 3139 3017
f 3017 3144 3019
f 3017 3139 3144
f 3018 3019 3169
f 3018 3169 3170
f 3018 3170 3020
f 3019 3144 3171
f 3019 3171 3169
f 3020 3170 3172
f 3020 3172 3173
f 3020 3173 3021
f 3021 3173 3174
f 3021 3174 3022
f 3022 3174 3023
f 3023 3174 3175
f 3023 3175 3176
f 3023 3176 3024
f 3024 3176 3177
f 3024 3177 3178
f 3024 3178 3179
f 3024 3179 3026
f 3024 3026 3025
f 3026 3028 3027
f 3026 3179 3180
f 3026 3180 3028
f 3028 3180 3181
f 3028 3181 3029
f 3029 3181 3182
f 3029 3182 3030
f 3032 3034 3033
f 3037 3183 3038
f 3038 3183 3039
f 3039 3184 3185
f 3039 3185 3042
f 3039 3042 3040
f 3040 3042 3041
f 3042 3185 3186
f 3042 3186 3187
f 3042 3187 3043
f 3043 3187 3188
f 3043 3188 3045
f 3045 3188 3046
f 3046 3188 3047
f 3047 3188 3189
f 3047 3189 3048
f 3048 3189 3190
f 3048 3190 3191
f 3048 3191 3049
f 3049 3191 3061
f 3049 3051 3050
f 3052 3068 3192
f 3052 3192 3053
f 3053 3192 3193
f 3053 3193 3194
f 3053 3194 3054
f 3054 3194 3055
f 3055 3194 3195
f 3055 3195 3196
f 3055 3196 3197
f 3055 3197 3056
f 3056 3197 3198
f 3056 3198 3057
f 3057 3198 3199
f 3057 3199 3058
f 3058 3199 3200
f 3058 3200 3059
f 3059 3200 3201
f 3059 3201 3358
f 3059 3358 3202
f 3059 3202 3074
f 3059 3074 3060
f 3061 3191 3062
f 3062 3191 3190
f 3062 3190 3203
f 3062 3203 3361
f 3062 3361 3204
f 3062 3204 3205
f 3062 3205 3063
f 3063 3205 3064
f 3064 3205 3065
f 3065 3205 3206
f 3065 3206 3207
f 3065 3207 3208
f 3065 3208 3209
f 3065 3209 3066
f 3066 3209 3210
f 3066 3210 3067
f 3067 3210 3211
f 3067 3211 3068
f 3068 3211 3192
f 3069 3077 3212
f 3069 3212 3070
f 3070 3212 3213
f 3070 3213 3214
f 3070 3214 3071
f 3071 3214 3215
f 3071 3215 3072
f 3072 3215 3083
f 3072 3083 3082
f 3072 3082 3081
f 3074 3216 3075
f 3074 3202 3216
f 3075 3216 3078
f 3076 3079 3212
f 3076 3212 3077
f 3078 3216 3079
f 3079 3216 3217
f 3079 3217 3218
f 3079 3218 3212
f 3083 3215 3219
f 3083 3219 3220
f 3083 3220 3084
f 3084 3220 3085
f 3085 3220 3221
f 3085 3221 3222
f 3085 3222 3223
f 3085 3223 3086
f 3086 3223 3224
f 3086 3224 3225
f 3086 3225 3226
f 3086 3226 3087
f 3087 3226 3227
f 3087 3227 3088
f 3088 3227 3228
f 3088 3228 3229
f 3088 3229 3230
f 3088 3230 3089
f 3089 3230 3231
f 3089 3231 3090
f 3090 3231 3091
f 3091 3231 3232
f 3091 3232 3092
f 3092 3232 3233
f 3092 3233 3093
f 3093 3233 3234
f 3093 3234 3235
f 3093 3235 3094
f 3094 3235 3095
f 3095 3235 3236
f 3095 3236 3237
f 3095 3237 3238
f 3095 3238 3239
f 3095 3239 3096
f 3096 3239 3098
f 3097 3098 3240
f 3097 3240 3099
f 3098 3239 3240
f 3099 3240 3100
f 3100 3240 3241
f 3100 3241 3101
f 3101 3241 3242
f 3101 3242 3102
f 3102 3242 3104
f 3102 3104 3103
f 3104 3242 3243
f 3104 3243 3244
f 3104 3244 3245
f 3104 3245 3246
f 3104 3246 3247
f 3104 3247 3248
f 3104 3248 3105
f 3105 3248 3249
f 3105 3249 3108
f 3106 3250 3109
f 3106 3109 3107
f 3106 3108 3251
f 3106 3251 3250
f 3108 3249 3252
f 3108 3252 3251
f 3109 3250 3253
f 3109 3253 3110
f 3110 3253 3254
f 3110 3254 3255
f 3110 3255 3111
f 3111 3255 3112
f 3112 3255 3256
f 3112 3256 3113
f 3113 3257 3114
f 3113 3256 3117
f 3113 3117 3257
f 3114 3257 3115
f 3115 3257 3116
f 3116 3257 3117
f 3117 3258 3259
f 3117 3259 3260
f 3117 3260 3118
f 3117 3256 3261
f 3117 3261 3262
f 3117 3262 3263
f 3117 3263 3264
f 3117 3264 3265
f 3117 3265 3266
f 3117 3266 3258
f 3118 3260 3267
f 3123 3268 3269
f 3123 3269 3124
f 3124 3269 3125
f 3125 3269 3270
f 3125 3270 3126
f 3126 3270 3271
f 3126 3271 3127
f 3127 3271 3132
f 3127 3132 3128
f 3131 3133 3134
f 3132 3271 3272
f 3132 3272 3273
f 3132 3273 3274
f 3132 3274 3133
f 3133 3275 3276
f 3133 3276 3277
f 3133 3277 3278
f 3133 3278 3279
f 3133 3279 3280
f 3133 3280 3281
f 3133 3281 3134
f 3133 3274 3282
f 3133 3282 3273
f 3133 3273 3283
f 3133 3283 3275
f 3134 3281 3280
f 3134 3280 3284
f 3134 3284 3135
f 3135 3284 3136
f 3136 3284 3285
f 3136 3285 3286
f 3136 3286 3149
f 3136 3149 3148
f 3136 3148 3137
f 3138 3144 3139
f 3140 3167 3141
f 3141 3287 3142
f 3141 3167 3288
f 3141 3288 3287
f 3142 3287 3143
f 3143 3289 3290
f 3143 3290 3145
f 3143 3287 3291
f 3143 3291 3292
f 3143 3292 3293
f 3143 3293 3289
f 3144 3147 3171
f 3145 3290 3146
f 3146 3294 3147
f 3146 3290 3295
f 3146 3295 3296
f 3146 3296 3294
f 3147 3294 3171
f 3149 3151 3150
f 3149 3286 3297
f 3149 3297 3298
f 3149 3298 3299
f 3149 3299 3300
f 3149 3300 3301
f 3149 3301 3302
f 3149 3302 3303
f 3149 3303 3304
f 3149 3304 3151
f 3151 3304 3152
f 3152 3154 3153
f 3152 3304 3305
f 3152 3305 3306
f 3152 3306 3307
f 3152 3307 3154
f 3154 3307 3308
f 3154 3308 3157
f 3154 3156 3155
f 3157 3309 3158
f 3157 3308 3310
f 3157 3310 3311
f 3157 3311 3312
f 3157 3312 3313
f 3157 3313 3314
f 3157 3314 3309
f 3158 3309 3315
f 3158 3315 3316
f 3158 3316 3317
f 3158 3317 3159
f 3159 3317 3316
f 3159 3316 3318
f 3159 3318 3160
f 3160 3162 3161
f 3160 3318 3316
f 3160 3316 3319
f 3160 3319 3320
f 3160 3320 3321
f 3160 3321 3162
f 3162 3321 3163
f 3163 3168 3164
f 3163 3321 3165
f 3165 3321 3322
f 3165 3322 3166
f 3166 3322 3323
f 3166 3323 3167
f 3167 3323 3324
f 3167 3324 3325
f 3167 3325 3288
f 3169 3171 3326
f 3169 3326 3170
f 3170 3326 3327
f 3170 3327 3477
f 3170 3477 3328
f 3170 3328 3172
f 3171 3294 3329
f 3171 3329 3326
f 3172 3328 3175
f 3172 3175 3330
f 3172 3330 3173
f 3173 3330 3175
f 3173 3175 3174
f 3175 3328 3331
f 3175 3331 3332
f 3175 3332 3333
f 3175 3333 3334
f 3175 3334 3335
f 3175 3335 3176
f 3176 3335 3336
f 3176 3336 3177
f 3177 3336 3337
f 3177 3337 3178
f 3178 3337 3338
f 3178 3338 3339
f 3178 3339 3180
f 3178 3180 3179
f 3180 3339 3340
f 3180 3340 3181
f 3181 3340 3341
f 3181 3341 3182
f 3184 3342 3185
f 3185 3342 3186
f 3186 3342 3343
f 3186 3343 3344
f 3186 3344 3187
f 3187 3344 3345
f 3187 3345 3188
f 3188 3345 3346
f 3188 3346 3189
f 3189 3346 3347
f 3189 3347 3203
f 3189 3203 3190
f 3192 3211 3348
f 3192 3348 3193
f 3193 3349 3194
f 3193 3348 3350
f 3193 3350 3349
f 3194 3349 3195
f 3195 3349 3196
f 3196 3349 3351
f 3196 3351 3197
f 3197 3351 3352
f 3197 3352 3198
f 3198 3352 3353
f 3198 3353 3200
f 3198 3200 3199
f 3200 3353 3354
f 3200 3354 3355
f 3200 3355 3356
f 3200 3356 3201
f 3201 3356 3357
f 3201 3357 3358
f 3202 3358 3359
f 3202 3359 3216
f 3203 3347 3360
f 3203 3360 3361
f 3204 3361 3362
f 3204 3362 3206
f 3204 3206 3205
f 3206 3362 3363
f 3206 3363 3364
f 3206 3364 3207
f 3207 3364 3365
f 3207 3365 3208
f 3208 3365 3366
f 3208 3366 3367
f 3208 3367 3209
f 3209 3367 3368
f 3209 3368 3210
f 3210 3368 3369
f 3210 3369 3211
f 3211 3369 3370
f 3211 3370 3371
f 3211 3371 3348
f 3212 3218 3213
f 3213 3218 3372
f 3213 3372 3214
f 3214 3372 3373
f 3214 3373 3215
f 3215 3373 3374
f 3215 3374 3219
f 3216 3359 3217
f 3217 3375 3218
f 3217 3359 3375
f 3218 3375 3376
f 3218 3376 3372
f 3219 3374 3520
f 3219 3520 3377
f 3219 3377 3221
f 3219 3221 3220
f 3221 3377 3378
f 3221 3378 3222
f 3222 3378 3379
f 3222 3379 3223
f 3223 3379 3380
f 3223 3380 3224
f 3224 3380 3225
f 3225 3380 3381
f 3225 3381 3382
f 3225 3382 3383
f 3225 3383 3228
f 3225 3228 3227
f 3225 3227 3226
f 3228 3383 3384
f 3228 3384 3385
f 3228 3385 3229
f 3229 3385 3230
f 3230 3385 3232
f 3230 3232 3231
f 3232 3385 3386
f 3232 3386 3233
f 3233 3386 3387
f 3233 3387 3388
f 3233 3388 3234
f 3234 3388 3389
f 3234 3389 3235
f 3235 3389 3390
f 3235 3390 3236
f 3236 3390 3391
f 3236 3391 3392
f 3236 3392 3393
f 3236 3393 3237
f 3237 3393 3394
f 3237 3394 3238
f 3238 3243 3242
f 3238 3242 3241
f 3238 3241 3240
f 3238 3240 3239
f 3238 3394 3393
f 3238 3393 3395
f 3238 3395 3243
f 3243 3395 3244
f 3244 3395 3393
f 3244 3393 3396
f 3244 3396 3246
f 3244 3246 3245
f 3246 3396 3397
f 3246 3397 3398
f 3246 3398 3247
f 3247 3398 3399
f 3247 3399 3248
f 3248 3399 3400
f 3248 3400 3252
f 3248 3252 3249
f 3250 3251 3253
f 3251 3401 3253
f 3251 3252 3401
f 3252 3402 3401
f 3252 3400 3403
f 3252 3403 3404
f 3252 3404 3405
f 3252 3405 3406
f 3252 3406 3407
f 3252 3407 3402
f 3253 3401 3254
f 3254 3401 3408
f 3254 3408 3256
f 3254 3256 3255
f 3256 3408 3261
f 3258 3409 3259
f 3258 3266 3410
f 3259 3409 3260
f 3261 3408 3401
f 3261 3401 3411
f 3261 3411 3262
f 3262 3411 3402
f 3262 3402 3412
f 3262 3412 3413
f 3262 3413 3263
f 3263 3413 3414
f 3263 3414 3415
f 3263 3415 3264
f 3264 3415 3416
f 3264 3416 3417
f 3264 3417 3265
f 3265 3418 3419
f 3265 3419 3420
f 3265 3420 3410
f 3265 3410 3266
f 3265 3417 3421
f 3265 3421 3418
f 3268 3422 3423
f 3268 3423 3270
f 3268 3270 3269
f 3270 3423 3271
f 3271 3423 3272
f 3272 3424 3273
f 3272 3423 3425
f 3272 3425 3424
f 3273 3424 3426
f 3273 3426 3427
f 3273 3427 3283
f 3273 3282 3274
f 3275 3425 3428
f 3275 3428 3429
f 3275 3429 3430
f 3275 3430 3277
f 3275 3277 3276
f 3275 3283 3426
f 3275 3426 3425
f 3277 3430 3431
f 3277 3431 3278
f 3278 3431 3432
f 3278 3432 3433
f 3278 3433 3279
f 3279 3433 3297
f 3279 3297 3280
f 3280 3297 3285
f 3280 3285 3284
f 3283 3427 3426
f 3285 3297 3286
f 3287 3288 3291
f 3288 3325 3434
f 3288 3434 3435
f 3288 3435 3436
f 3288 3436 3437
f 3288 3437 3438
f 3288 3438 3292
f 3288 3292 3291
f 3289 3293 3290
f 3290 3293 3295
f 3292 3438 3439
f 3292 3439 3293
f 3293 3439 3295
f 3294 3440 3329
f 3294 3296 3440
f 3295 3439 3441
f 3295 3441 3442
f 3295 3442 3296
f 3296 3442 3443
f 3296 3443 3444
f 3296 3444 3445
f 3296 3445 3446
f 3296 3446 3440
f 3297 3433 3447
f 3297 3447 3448
f 3297 3448 3449
f 3297 3449 3298
f 3298 3449 3299
f 3299 3449 3450
f 3299 3450 3300
f 3300 3450 3451
f 3300 3451 3301
f 3301 3451 3302
f 3302 3451 3452
f 3302 3452 3453
f 3302 3453 3305
f 3302 3305 3303
f 3303 3305 3304
f 3305 3454 3308
f 3305 3308 3307
f 3305 3307 3306
f 3305 3453 3455
f 3305 3455 3454
f 3308 3454 3456
f 3308 3456 3310
f 3309 3314 3457
f 3309 3457 3316
f 3309 3316 3315
f 3310 3456 3458
f 3310 3458 3311
f 3311 3458 3459
f 3311 3459 3460
f 3311 3460 3461
f 3311 3461 3462
f 3311 3462 3312
f 3312 3462 3463
f 3312 3463 3464
f 3312 3464 3313
f 3313 3464 3465
f 3313 3465 3466
f 3313 3466 3467
f 3313 3467 3314
f 3314 3467 3468
f 3314 3468 3469
f 3314 3469 3457
f 3316 3457 3469
f 3316 3469 3470
f 3316 3470 3319
f 3319 3470 3320
f 3320 3470 3471
f 3320 3471 3321
f 3321 3471 3472
f 3321 3472 3322
f 3322 3472 3323
f 3323 3472 3473
f 3323 3473 3324
f 3324 3473 3474
f 3324 3474 3434
f 3324 3434 3325
f 3326 3475 3327
f 3326 3329 3440
f 3326 3440 3446
f 3326 3446 3476
f 3326 3476 3475
f 3327 3475 3477
f 3328 3477 3331
f 3331 3477 3332
f 3332 3475 3478
f 3332 3478 3479
f 3332 3479 3480
f 3332 3480 3333
f 3332 3477 3475
f 3333 3480 3334
f 3334 3481 3482
f 3334 3482 3335
f 3334 3480 3483
f 3334 3483 3484
f 3334 3484 3485
f 3334 3485 3481
f 3335 3482 3486
f 3335 3486 3336
f 3336 3486 3487
f 3336 3487 3488
f 3336 3488 3338
f 3336 3338 3337
f 3338 3488 3489
f 3338 3489 3490
f 3338 3490 3340
f 3338 3340 3339
f 3340 3490 3341
f 3341 3490 3489
f 3343 3491 3344
f 3344 3492 3345
f 3344 3491 3492
f 3345 3492 3493
f 3345 3493 3494
f 3345 3494 3346
f 3346 3494 3495
f 3346 3495 3347
f 3347 3495 3360
f 3348 3371 3496
f 3348 3496 3350
f 3349 3497 3498
f 3349 3498 3351
f 3349 3350 3499
f 3349 3499 3500
f 3349 3500 3497
f 3350 3496 3499
f 3351 3498 3501
f 3351 3501 3352
f 3352 3502 3503
f 3352 3503 3355
f 3352 3355 3354
f 3352 3354 3353
f 3352 3501 3502
f 3355 3503 3356
f 3356 3503 3357
f 3357 3503 3504
f 3357 3504 3505
f 3357 3505 3681
f 3357 3681 3506
f 3357 3506 3358
f 3358 3506 3683
f 3358 3683 3507
f 3358 3507 3359
f 3359 3507 3375
f 3360 3495 3663
f 3360 3663 3508
f 3360 3508 3362
f 3360 3362 3361
f 3362 3508 3509
f 3362 3509 3363
f 3363 3509 3510
f 3363 3510 3511
f 3363 3511 3364
f 3364 3511 3512
f 3364 3512 3365
f 3365 3512 3513
f 3365 3513 3366
f 3366 3513 3514
f 3366 3514 3367
f 3367 3514 3368
f 3368 3514 3515
f 3368 3515 3516
f 3368 3516 3517
f 3368 3517 3370
f 3368 3370 3369
f 3370 3517 3371
f 3371 3517 3518
f 3371 3518 3664
f 3371 3664 3496
f 3372 3376 3519
f 3372 3519 3520
f 3372 3520 3373
f 3373 3520 3374
f 3375 3507 3376
f 3376 3507 3521
f 3376 3521 3522
f 3376 3522 3519
f 3377 3520 3378
f 3378 3522 3523
f 3378 3523 3379
f 3378 3520 3522
f 3379 3523 3524
f 3379 3524 3525
f 3379 3525 3380
f 3380 3525 3526
f 3380 3526 3381
f 3381 3526 3527
f 3381 3527 3382
f 3382 3527 3528
f 3382 3528 3529
f 3382 3529 3383
f 3383 3529 3384
f 3384 3529 3530
f 3384 3530 3531
f 3384 3531 3532
f 3384 3532 3385
f 3385 3532 3533
f 3385 3533 3387
f 3385 3387 3386
f 3387 3533 3534
f 3387 3534 3535
f 3387 3535 3536
f 3387 3536 3537
f 3387 3537 3538
f 3387 3538 3388
f 3388 3538 3539
f 3388 3539 3389
f 3389 3539 3390
f 3390 3539 3540
f 3390 3540 3391
f 3391 3540 3541
f 3391 3541 3392
f 3392 3541 3542
f 3392 3542 3393
f 3393 3542 3543
f 3393 3543 3396
f 3396 3543 3544
f 3396 3544 3545
f 3396 3545 3546
f 3396 3546 3547
f 3396 3547 3548
f 3396 3548 3397
f 3397 3548 3549
f 3397 3549 3398
f 3398 3400 3399
f 3398 3549 3550
f 3398 3550 3551
f 3398 3551 3552
f 3398 3552 3400
f 3400 3552 3403
f 3401 3402 3411
f 3402 3407 3412
f 3403 3552 3551
f 3403 3551 3553
f 3403 3553 3404
f 3404 3553 3554
f 3404 3554 3555
f 3404 3555 3556
f 3404 3556 3405
f 3405 3556 3406
f 3406 3556 3407
f 3407 3556 3557
f 3407 3557 3558
f 3407 3558 3559
f 3407 3559 3560
f 3407 3560 3561
f 3407 3561 3562
f 3407 3562 3412
f 3412 3562 3413
f 3413 3562 3563
f 3413 3563 3414
f 3414 3416 3415
f 3414 3563 3564
f 3414 3564 3565
f 3414 3565 3416
f 3416 3565 3417
f 3417 3565 3566
f 3417 3566 3567
f 3417 3567 3568
f 3417 3568 3421
f 3418 3421 3569
f 3421 3568 3570
f 3421 3570 3571
f 3421 3571 3569
f 3422 3572 3423
f 3423 3572 3573
f 3423 3573 3425
f 3424 3425 3426
f 3425 3574 3575
f 3425 3575 3576
f 3425 3576 3577
f 3425 3577 3428
f 3425 3573 3578
f 3425 3578 3574
f 3428 3430 3429
f 3428 3577 3579
f 3428 3579 3580
f 3428 3580 3581
f 3428 3581 3582
f 3428 3582 3430
f 3430 3582 3583
f 3430 3583 3431
f 3431 3583 3432
f 3432 3583 3584
f 3432 3584 3433
f 3433 3584 3583
f 3433 3583 3585
f 3433 3585 3447
f 3434 3474 3586
f 3434 3586 3587
f 3434 3587 3588
f 3434 3588 3589
f 3434 3589 3590
f 3434 3590 3591
f 3434 3591 3435
f 3435 3591 3436
f 3436 3592 3442
f 3436 3442 3437
f 3436 3591 3590
f 3436 3590 3593
f 3436 3593 3594
f 3436 3594 3592
f 3437 3442 3438
f 3438 3441 3439
f 3438 3442 3441
f 3442 3592 3594
f 3442 3594 3595
f 3442 3595 3596
f 3442 3596 3597
f 3442 3597 3598
f 3442 3598 3443
f 3443 3599 3600
f 3443 3600 3444
f 3443 3598 3601
f 3443 3601 3599
f 3444 3602 3603
f 3444 3603 3446
f 3444 3446 3445
f 3444 3600 3604
f 3444 3604 3602
f 3446 3603 3476
f 3447 3585 3605
f 3447 3605 3448
f 3448 3605 3606
f 3448 3606 3607
f 3448 3607 3449
f 3449 3607 3608
f 3449 3608 3450
f 3450 3609 3451
f 3450 3608 3610
f 3450 3610 3611
f 3450 3611 3612
f 3450 3612 3613
f 3450 3613 3609
f 3451 3614 3453
f 3451 3453 3452
f 3451 3609 3615
f 3451 3615 3616
f 3451 3616 3617
f 3451 3617 3614
f 3453 3618 3455
f 3453 3614 3617
f 3453 3617 3619
f 3453 3619 3620
f 3453 3620 3618
f 3454 3455 3618
f 3454 3618 3456
f 3456 3459 3458
f 3456 3618 3459
f 3459 3620 3460
f 3459 3618 3620
f 3460 3620 3621
f 3460 3621 3461
f 3461 3621 3622
f 3461 3622 3623
f 3461 3623 3462
f 3462 3623 3463
f 3463 3623 3624
f 3463 3624 3625
f 3463 3625 3464
f 3464 3625 3626
f 3464 3626 3627
f 3464 3627 3465
f 3465 3627 3626
f 3465 3626 3628
f 3465 3628 3466
f 3466 3629 3468
f 3466 3468 3467
f 3466 3628 3630
f 3466 3630 3631
f 3466 3631 3632
f 3466 3632 3629
f 3468 3633 3634
f 3468 3634 3469
f 3468 3629 3635
f 3468 3635 3633
f 3469 3634 3636
f 3469 3636 3637
f 3469 3637 3470
f 3470 3637 3471
f 3471 3637 3638
f 3471 3638 3639
f 3471 3639 3640
f 3471 3640 3472
f 3472 3640 3641
f 3472 3641 3642
f 3472 3642 3473
f 3473 3642 3643
f 3473 3643 3474
f 3474 3643 3644
f 3474 3644 3586
f 3475 3476 3478
f 3476 3603 3645
f 3476 3645 3646
f 3476 3646 3647
f 3476 3647 3648
f 3476 3648 3478
f 3478 3648 3649
f 3478 3649 3479
f 3479 3649 3480
f 3480 3649 3483
f 3481 3486 3482
f 3481 3485 3650
f 3481 3650 3486
f 3483 3649 3484
f 3484 3649 3648
f 3484 3648 3647
f 3484 3647 3651
f 3484 3651 3652
f 3484 3652 3485
f 3485 3652 3653
f 3485 3653 3654
f 3485 3654 3650
f 3486 3650 3655
f 3486 3655 3657
f 3486 3657 3487
f 3487 3656 3489
f 3487 3489 3488
f 3487 3657 3658
f 3487 3658 3656
f 3491 3659 3492
f 3492 3659 3660
f 3492 3660 3493
f 3493 3660 3661
f 3493 3661 3494
f 3494 3661 3662
f 3494 3662 3663
f 3494 3663 3495
f 3496 3664 3499
f 3497 3500 3498
f 3498 3500 3665
f 3498 3665 3666
f 3498 3666 3667
f 3498 3667 3668
f 3498 3668 3669
f 3498 3669 3670
f 3498 3670 3671
f 3498 3671 3501
f 3499 3664 3500
f 3500 3672 3673
f 3500 3673 3674
f 3500 3674 3666
f 3500 3666 3665
f 3500 3664 3672
f 3501 3671 3675
f 3501 3675 3676
f 3501 3676 3677
f 3501 3677 3678
f 3501 3678 3502
f 3502 3679 3503
f 3502 3678 3679
f 3503 3679 3678
f 3503 3678 3504
f 3504 3678 3680
f 3504 3680 3505
f 3505 3680 3681
f 3506 3681 3682
f 3506 3682 3683
f 3507 3683 3684
f 3507 3684 3521
f 3508 3663 3685
f 3508 3685 3509
f 3509 3685 3686
f 3509 3686 3510
f 3510 3686 3687
f 3510 3687 3688
f 3510 3688 3511
f 3511 3689 3513
f 3511 3513 3512
f 3511 3688 3690
f 3511 3690 3689
f 3513 3691 3514
f 3513 3689 3692
f 3513 3692 3691
f 3514 3691 3693
f 3514 3693 3694
f 3514 3694 3515
f 3515 3694 3695
f 3515 3695 3516
f 3516 3695 3696
f 3516 3696 3518
f 3516 3518 3517
f 3518 3696 3664
f 3519 3522 3520
f 3521 3684 3522
f 3522 3684 3523
f 3523 3684 3524
f 3524 3697 3682
f 3524 3682 3526
f 3524 3526 3525
f 3524 3684 3697
f 3526 3682 3698
f 3526 3698 3699
f 3526 3699 3700
f 3526 3700 3701
f 3526 3701 3702
f 3526 3702 3527
f 3527 3702 3703
f 3527 3703 3704
f 3527 3704 3705
f 3527 3705 3706
f 3527 3706 3528
f 3528 3706 3705
f 3528 3705 3530
f 3528 3530 3529
f 3530 3705 3707
f 3530 3707 3708
f 3530 3708 3709
f 3530 3709 3531
f 3531 3709 3710
f 3531 3710 3532
f 3532 3710 3711
f 3532 3711 3712
f 3532 3712 3533
f 3533 3712 3713
f 3533 3713 3534
f 3534 3713 3714
f 3534 3714 3535
f 3535 3714 3881
f 3535 3881 3715
f 3535 3715 3716
f 3535 3716 3536
f 3536 3716 3717
f 3536 3717 3537
f 3537 3717 3538
f 3538 3717 3718
f 3538 3718 3539
f 3539 3718 3719
f 3539 3719 3540
f 3540 3719 3542
f 3540 3542 3541
f 3542 3719 3720
f 3542 3720 3543
f 3543 3720 3544
f 3544 3720 3545
f 3545 3720 3721
f 3545 3721 3722
f 3545 3722 3546
f 3546 3550 3547
f 3546 3722 3723
f 3546 3723 3550
f 3547 3550 3548
f 3548 3550 3549
f 3550 3724 3551
f 3550 3723 3725
f 3550 3725 3724
f 3551 3724 3726
f 3551 3726 3727
f 3551 3727 3553
f 3553 3727 3554
f 3554 3725 3728
f 3554 3728 3555
f 3554 3727 3725
f 3555 3728 3729
f 3555 3729 3556
f 3556 3730 3557
f 3556 3729 3731
f 3556 3731 3732
f 3556 3732 3730
f 3557 3730 3558
f 3558 3730 3559
f 3559 3730 3560
f 3560 3730 3733
f 3560 3733 3734
f 3560 3734 3561
f 3561 3734 3564
f 3561 3564 3563
f 3561 3563 3562
f 3564 3734 3565
f 3565 3734 3733
f 3565 3733 3735
f 3565 3735 3736
f 3565 3736 3737
f 3565 3737 3738
f 3565 3738 3739
f 3565 3739 3740
f 3565 3740 3741
f 3565 3741 3568
f 3565 3568 3567
f 3565 3567 3566
f 3568 3741 3742
f 3568 3742 3743
f 3568 3743 3744
f 3568 3744 3745
f 3568 3745 3746
f 3568 3746 3570
f 3570 3746 3747
f 3570 3747 3571
f 3572 3748 3749
f 3572 3749 3574
f 3572 3574 3578
f 3572 3578 3573
f 3574 3749 3750
f 3574 3750 3751
f 3574 3751 3575
f 3575 3752 3753
f 3575 3753 3576
f 3575 3751 3750
f 3576 3753 3577
f 3577 3753 3579
f 3579 3753 3754
f 3579 3754 3580
f 3580 3754 3755
f 3580 3755 3756
f 3580 3756 3581
f 3581 3583 3582
f 3581 3756 3757
f 3581 3757 3583
f 3583 3757 3605
f 3583 3605 3585
f 3586 3644 3758
f 3586 3758 3759
f 3586 3759 3587
f 3587 3760 3588
f 3587 3759 3760
f 3588 3760 3761
f 3588 3761 3762
f 3588 3762 3763
f 3588 3763 3764
f 3588 3764 3589
f 3589 3764 3765
f 3589 3765 3590
f 3590 3765 3766
f 3590 3766 3593
f 3593 3766 3767
f 3593 3767 3768
f 3593 3768 3769
f 3593 3769 3595
f 3593 3595 3594
f 3595 3769 3770
f 3595 3770 3771
f 3595 3771 3772
f 3595 3772 3773
f 3595 3773 3596
f 3596 3773 3774
f 3596 3774 3597
f 3597 3774 3775
f 3597 3775 3776
f 3597 3776 3598
f 3598 3776 3777
f 3598 3777 3778
f 3598 3778 3779
f 3598 3779 3601
f 3599 3601 3600
f 3600 3780 3604
f 3600 3601 3779
f 3600 3779 3780
f 3602 3645 3603
f 3602 3604 3780
f 3602 3780 3779
f 3602 3779 3781
f 3602 3781 3782
f 3602 3782 3645
f 3605 3757 3783
f 3605 3783 3784
f 3605 3784 3606
f 3606 3784 3785
f 3606 3785 3607
f 3607 3785 3786
f 3607 3786 3787
f 3607 3787 3608
f 3608 3787 3788
f 3608 3788 3610
f 3609 3613 3615
f 3610 3788 3611
f 3611 3789 3790
f 3611 3790 3612
f 3611 3788 3789
f 3612 3790 3791
f 3612 3791 3613
f 3613 3791 3792
f 3613 3792 3793
f 3613 3793 3615
f 3615 3793 3617
f 3615 3617 3616
f 3617 3793 3794
f 3617 3794 3795
f 3617 3795 3619
f 3619 3795 3796
f 3619 3796 3797
f 3619 3797 3621
f 3619 3621 3620
f 3621 3797 3622
f 3622 3798 3799
f 3622 3799 3800
f 3622 3800 3623
f 3622 3797 3798
f 3623 3800 3624
f 3624 3801 3802
f 3624 3802 3626
f 3624 3626 3625
f 3624 3800 3803
f 3624 3803 3804
f 3624 3804 3805
f 3624 3805 3806
f 3624 3806 3807
f 3624 3807 3801
f 3626 3802 3801
f 3626 3801 3630
f 3626 3630 3628
f 3629 3632 3635
f 3630 3801 3808
f 3630 3808 3971
f 3630 3971 3809
f 3630 3809 3810
f 3630 3810 3631
f 3631 3810 3811
f 3631 3811 3632
f 3632 3811 3812
f 3632 3812 3813
f 3632 3813 3635
f 3633 3814 3815
f 3633 3815 3634
f 3633 3635 3816
f 3633 3816 3814
f 3634 3815 3637
f 3634 3637 3636
f 3635 3813 3816
f 3637 3815 3638
f 3638 3815 3639
f 3639 3815 3814
f 3639 3814 3816
f 3639 3816 3640
f 3640 3816 3641
f 3641 3816 3759
f 3641 3759 3642
f 3642 3759 3643
f 3643 3759 3758
f 3643 3758 3644
f 3645 3817 3646
f 3645 3782 3818
f 3645 3818 3817
f 3646 3817 3647
f 3647 3817 3819
f 3647 3819 3820
f 3647 3820 3821
f 3647 3821 3651
f 3650 3654 3653
f 3650 3653 3822
f 3650 3822 3823
f 3650 3823 3655
f 3651 3821 3824
f 3651 3824 3652
f 3652 3824 3825
f 3652 3825 3653
f 3653 3826 3822
f 3653 3825 3827
f 3653 3827 3828
f 3653 3828 3829
f 3653 3829 3830
f 3653 3830 3826
f 3655 3823 3657
f 3657 3823 3831
f 3657 3831 3658
f 3658 3831 3832
f 3658 3832 3833
f 3659 3834 3660
f 3660 3834 3661
f 3661 3834 3835
f 3661 3835 3662
f 3662 3835 3836
f 3662 3836 3837
f 3662 3837 3663
f 3663 3837 3838
f 3663 3838 3685
f 3664 3696 3672
f 3666 3839 3667
f 3666 3674 3840
f 3666 3840 3839
f 3667 3839 3668
f 3668 3841 3842
f 3668 3842 3671
f 3668 3671 3670
f 3668 3670 3669
f 3668 3839 3840
f 3668 3840 3843
f 3668 3843 3844
f 3668 3844 3841
f 3671 3842 3845
f 3671 3845 3846
f 3671 3846 3847
f 3671 3847 3675
f 3672 3696 3848
f 3672 3848 3673
f 3673 3848 3849
f 3673 3849 3850
f 3673 3850 3840
f 3673 3840 3674
f 3675 3847 3851
f 3675 3851 3852
f 3675 3852 3676
f 3676 3852 3853
f 3676 3853 3854
f 3676 3854 3677
f 3677 3854 3678
f 3678 3854 3680
f 3680 3854 3853
f 3680 3853 4012
f 3680 4012 3855
f 3680 3855 3681
f 3681 3855 3682
f 3682 3697 3683
f 3682 3855 3856
f 3682 3856 3699
f 3682 3699 3698
f 3683 3697 3684
f 3685 3838 3686
f 3686 3838 3857
f 3686 3857 3858
f 3686 3858 3687
f 3687 3858 4015
f 3687 4015 3859
f 3687 3859 3688
f 3688 3859 3860
f 3688 3860 3861
f 3688 3861 3862
f 3688 3862 3690
f 3689 3690 3692
f 3690 3862 3863
f 3690 3863 3864
f 3690 3864 3865
f 3690 3865 3692
f 3691 3692 3865
f 3691 3865 3693
f 3693 3865 3866
f 3693 3866 3694
f 3694 3866 3867
f 3694 3867 3695
f 3695 3867 3868
f 3695 3868 3869
f 3695 3869 3696
f 3696 3869 3870
f 3696 3870 3871
f 3696 3871 3848
f 3699 3856 3872
f 3699 3872 3700
f 3700 3872 3701
f 3701 3872 3873
f 3701 3873 3874
f 3701 3874 3703
f 3701 3703 3702
f 3703 3874 3875
f 3703 3875 3704
f 3704 3875 3876
f 3704 3876 3707
f 3704 3707 3705
f 3707 3876 3708
f 3708 3876 3877
f 3708 3877 3878
f 3708 3878 3709
f 3709 3878 3710
f 3710 3878 3879
f 3710 3879 3711
f 3711 3879 3880
f 3711 3880 3712
f 3712 3880 3713
f 3713 3880 3714
f 3714 3880 4042
f 3714 4042 3881
f 3715 3881 3882
f 3715 3882 3883
f 3715 3883 3884
f 3715 3884 3716
f 3716 3884 3717
f 3717 3884 3718
f 3718 3884 3719
f 3719 3884 3885
f 3719 3885 3886
f 3719 3886 3720
f 3720 3886 3721
f 3721 3887 3722
f 3721 3886 3887
f 3722 3888 3889
f 3722 3889 3890
f 3722 3890 3891
f 3722 3891 3892
f 3722 3892 3723
f 3722 3887 3888
f 3723 3892 3725
f 3724 3725 3726
f 3725 3892 3891
f 3725 3891 3893
f 3725 3893 3894
f 3725 3894 3728
f 3725 3727 3726
f 3728 3894 3895
f 3728 3895 3896
f 3728 3896 3729
f 3729 3896 3731
f 3730 3732 3897
f 3730 3897 3733
f 3731 3898 3732
f 3731 3896 3899
f 3731 3899 3898
f 3732 3898 3900
f 3732 3900 3897
f 3733 3736 3735
f 3733 3897 3901
f 3733 3901 3902
f 3733 3902 3736
f 3736 3902 3903
f 3736 3903 3737
f 3737 3904 3905
f 3737 3905 3738
f 3737 3903 3904
f 3738 3905 3906
f 3738 3906 3907
f 3738 3907 3908
f 3738 3908 3742
f 3738 3742 3741
f 3738 3741 3739
f 3739 3741 3740
f 3742 3908 3743
f 3743 3908 3909
f 3743 3909 3910
f 3743 3910 3911
f 3743 3911 3912
f 3743 3912 3913
f 3743 3913 3744
f 3744 3913 3914
f 3744 3914 3746
f 3744 3746 3745
f 3748 3915 3749
f 3749 3915 3750
f 3752 3916 3754
f 3752 3754 3753
f 3754 3916 3917
f 3754 3917 3755
f 3755 3917 3918
f 3755 3918 3756
f 3756 3918 3919
f 3756 3919 3757
f 3757 3919 3783
f 3759 3816 3920
f 3759 3920 3921
f 3759 3921 3922
f 3759 3922 3923
f 3759 3923 3761
f 3759 3761 3760
f 3761 3923 3762
f 3762 3923 3924
f 3762 3924 3763
f 3763 3924 3764
f 3764 3925 3926
f 3764 3926 3766
f 3764 3766 3765
f 3764 3924 3927
f 3764 3927 3928
f 3764 3928 3929
f 3764 3929 3925
f 3766 3926 3925
f 3766 3925 3930
f 3766 3930 3767
f 3767 3930 3931
f 3767 3931 3770
f 3767 3770 3768
f 3768 3770 3769
f 3770 3931 3932
f 3770 3932 3933
f 3770 3933 3934
f 3770 3934 3771
f 3771 3934 3933
f 3771 3933 3935
f 3771 3935 3936
f 3771 3936 3937
f 3771 3937 3938
f 3771 3938 3939
f 3771 3939 3940
f 3771 3940 3772
f 3772 3940 3773
f 3773 3940 3939
f 3773 3939 3941
f 3773 3941 3774
f 3774 3941 3775
f 3775 3941 3776
f 3776 3942 3777
f 3776 3941 3943
f 3776 3943 3944
f 3776 3944 3945
f 3776 3945 3946
f 3776 3946 3947
f 3776 3947 3942
f 3777 3942 3948
f 3777 3948 3779
f 3777 3779 3778
f 3779 3948 3949
f 3779 3949 3781
f 3781 3950 3782
f 3781 3949 3950
f 3782 3950 3949
f 3782 3949 3951
f 3782 3951 3952
f 3782 3952 3818
f 3783 3919 3953
f 3783 3953 3954
f 3783 3954 3784
f 3784 3954 3955
f 3784 3955 4129
f 3784 4129 3956
f 3784 3956 3785
f 3785 3956 3957
f 3785 3957 3786
f 3786 3957 3787
f 3787 3958 3788
f 3787 3957 3958
f 3788 3958 3959
f 3788 3959 3960
f 3788 3960 3789
f 3789 3960 3961
f 3789 3961 3962
f 3789 3962 3963
f 3789 3963 3791
f 3789 3791 3790
f 3791 3963 3792
f 3792 3963 3964
f 3792 3964 3965
f 3792 3965 3966
f 3792 3966 3794
f 3792 3794 3793
f 3794 3966 3967
f 3794 3967 3795
f 3795 3967 3968
f 3795 3968 3796
f 3796 3968 3798
f 3796 3798 3797
f 3798 3968 3969
f 3798 3969 3970
f 3798 3970 3799
f 3799 3970 3800
f 3800 3970 3803
f 3801 3807 3971
f 3801 3971 3808
f 3803 3972 3973
f 3803 3973 3804
f 3803 3970 3972
f 3804 3973 3974
f 3804 3974 3975
f 3804 3975 3976
f 3804 3976 3805
f 3805 3976 3977
f 3805 3977 3806
f 3806 3971 3807
f 3806 3977 3978
f 3806 3978 3979
f 3806 3979 3971
f 3809 3971 3980
f 3809 3980 3981
f 3809 3981 3810
f 3810 3981 3982
f 3810 3982 3983
f 3810 3983 3811
f 3811 3983 3984
f 3811 3984 3812
f 3812 3984 3813
f 3813 3984 3816
f 3816 3984 3921
f 3816 3921 3920
f 3817 3818 3819
f 3818 3952 3985
f 3818 3985 3986
f 3818 3986 3820
f 3818 3820 3819
f 3820 3986 3987
f 3820 3987 3988
f 3820 3988 3821
f 3821 3988 3824
f 3822 3826 3989
f 3822 3989 3823
f 3823 3989 3831
f 3824 3988 3990
f 3824 3990 3827
f 3824 3827 3825
f 3826 3991 3989
f 3826 3830 3992
f 3826 3992 3993
f 3826 3993 3991
f 3827 3990 3828
f 3828 3990 3994
f 3828 3994 3829
f 3829 3995 3830
f 3829 3994 3996
f 3829 3996 3995
f 3830 3995 3992
f 3831 3989 3997
f 3831 3997 3832
f 3832 3997 3833
f 3834 3998 3835
f 3835 3999 3836
f 3835 3998 3999
f 3836 3999 4000
f 3836 4000 3837
f 3837 4000 4001
f 3837 4001 3857
f 3837 3857 3838
f 3840 3850 4002
f 3840 4002 3843
f 3841 3845 3842
f 3841 3844 4003
f 3841 4003 3845
f 3843 4002 4004
f 3843 4004 3844
f 3844 4004 4005
f 3844 4005 4006
f 3844 4006 4003
f 3845 4003 3846
f 3846 4007 3847
f 3846 4003 4008
f 3846 4008 4007
f 3847 4007 3851
f 3848 3871 3849
f 3849 3871 4009
f 3849 4009 4010
f 3849 4010 3850
f 3850 4010 4002
f 3851 4007 3852
f 3852 4007 4011
f 3852 4011 4012
f 3852 4012 3853
f 3855 4012 3872
f 3855 3872 3856
f 3857 4001 4013
f 3857 4013 3858
f 3858 4014 4190
f 3858 4190 4015
f 3858 4013 4014
f 3859 4015 4016
f 3859 4016 4017
f 3859 4017 3860
f 3860 4017 3861
f 3861 4017 3862
f 3862 4017 4018
f 3862 4018 4019
f 3862 4019 4020
f 3862 4020 4021
f 3862 4021 4022
f 3862 4022 3863
f 3863 4022 4023
f 3863 4023 3864
f 3864 4024 3866
f 3864 3866 3865
f 3864 4023 4025
f 3864 4025 4024
f 3866 4024 4025
f 3866 4025 4026
f 3866 4026 3867
f 3867 4026 4027
f 3867 4027 4028
f 3867 4028 4029
f 3867 4029 3868
f 3868 4029 4030
f 3868 4030 3871
f 3868 3871 4031
f 3868 4031 3870
f 3868 3870 3869
f 3870 4031 3871
f 3871 4030 4028
f 3871 4028 4032
f 3871 4032 4033
f 3871 4033 4034
f 3871 4034 4009
f 3872 4012 3873
f 3873 4011 4035
f 3873 4035 3874
f 3873 4012 4011
f 3874 4035 4036
f 3874 4036 4037
f 3874 4037 3875
f 3875 4037 4213
f 3875 4213 4038
f 3875 4038 3876
f 3876 4038 3877
f 3877 4039 3878
f 3877 4038 4040
f 3877 4040 4041
f 3877 4041 4039
f 3878 4039 4042
f 3878 4042 3879
f 3879 4042 3880
f 3881 4042 4217
f 3881 4217 4043
f 3881 4043 3882
f 3882 4043 4044
f 3882 4044 3883
f 3883 4044 4045
f 3883 4045 4046
f 3883 4046 3884
f 3884 4046 3885
f 3885 4046 4047
f 3885 4047 3886
f 3886 4047 4048
f 3886 4048 4049
f 3886 4049 4050
f 3886 4050 3887
f 3887 4050 4049
f 3887 4049 3888
f 3888 4051 4052
f 3888 4052 4053
f 3888 4053 3889
f 3888 4049 4048
f 3888 4048 4054
f 3888 4054 4051
f 3889 4053 3890
f 3890 4053 4055
f 3890 4055 4056
f 3890 4056 3893
f 3890 3893 3891
f 3893 4057 4058
f 3893 4058 4059
f 3893 4059 4060
f 3893 4060 3896
f 3893 3896 3895
f 3893 3895 3894
f 3893 4056 4061
f 3893 4061 4062
f 3893 4062 4063
f 3893 4063 4064
f 3893 4064 4065
f 3893 4065 4066
f 3893 4066 4067
f 3893 4067 4068
f 3893 4068 4057
f 3896 4060 4069
f 3896 4069 4070
f 3896 4070 4071
f 3896 4071 3899
f 3897 3900 3901
f 3898 3899 3900
f 3899 4071 4072
f 3899 4072 4073
f 3899 4073 3900
f 3900 3902 3901
f 3900 4073 4074
f 3900 4074 4075
f 3900 4075 3902
f 3902 4075 4076
f 3902 4076 3903
f 3903 4076 3904
f 3904 4076 4075
f 3904 4075 4077
f 3904 4077 4078
f 3904 4078 4079
f 3904 4079 4080
f 3904 4080 3905
f 3905 4080 4081
f 3905 4081 4082
f 3905 4082 4083
f 3905 4083 3906
f 3906 4083 4084
f 3906 4084 3907
f 3907 4084 4085
f 3907 4085 3909
f 3907 3909 3908
f 3909 4085 4086
f 3909 4086 3911
f 3909 3911 3910
f 3911 4086 4087
f 3911 4087 4088
f 3911 4088 4089
f 3911 4089 3912
f 3912 4089 4090
f 3912 4090 3913
f 3913 4090 4091
f 3913 4091 4092
f 3913 4092 4093
f 3913 4093 3914
f 3918 4094 3919
f 3919 4094 4095
f 3919 4095 3953
f 3921 4096 3923
f 3921 3923 3922
f 3921 3984 4097
f 3921 4097 4098
f 3921 4098 4099
f 3921 4099 4096
f 3923 4096 4099
f 3923 4099 4100
f 3923 4100 3928
f 3923 3928 3924
f 3924 3928 3927
f 3925 3929 4101
f 3925 4101 3932
f 3925 3932 3931
f 3925 3931 3930
f 3928 4100 4099
f 3928 4099 4102
f 3928 4102 4103
f 3928 4103 3929
f 3929 4103 4104
f 3929 4104 4101
f 3932 4101 3933
f 3933 4105 4106
f 3933 4106 4107
f 3933 4107 4108
f 3933 4108 3936
f 3933 3936 3935
f 3933 4101 4104
f 3933 4104 4105
f 3936 4108 4109
f 3936 4109 3937
f 3937 4109 4110
f 3937 4110 4111
f 3937 4111 3938
f 3938 4111 4112
f 3938 4112 3944
f 3938 3944 4113
f 3938 4113 3939
f 3939 4113 3941
f 3941 4113 3944
f 3941 3944 3943
f 3942 3947 4114
f 3942 4114 4115
f 3942 4115 4116
f 3942 4116 3948
f 3944 4117 4118
f 3944 4118 4119
f 3944 4119 4120
f 3944 4120 4121
f 3944 4121 4122
f 3944 4122 3945
f 3944 4112 4111
f 3944 4111 4123
f 3944 4123 4124
f 3944 4124 4117
f 3945 4122 3946
f 3946 4114 3947
f 3946 4122 4121
f 3946 4121 4114
f 3948 4116 4125
f 3948 4125 3949
f 3949 4125 3952
f 3949 3952 3951
f 3952 4125 4126
f 3952 4126 3985
f 3953 4095 4127
f 3953 4127 4128
f 3953 4128 3954
f 3954 4128 3955
f 3955 4128 4129
f 3956 4129 4130
f 3956 4130 4131
f 3956 4131 4132
f 3956 4132 3957
f 3957 4132 4133
f 3957 4133 4134
f 3957 4134 4135
f 3957 4135 3958
f 3958 4135 3959
f 3959 4135 4134
f 3959 4134 4136
f 3959 4136 3960
f 3960 4136 4137
f 3960 4137 3961
f 3961 4137 3962
f 3962 4138 4139
f 3962 4139 4140
f 3962 4140 4141
f 3962 4141 3963
f 3962 4137 4142
f 3962 4142 4138
f 3963 4141 3964
f 3964 4141 4140
f 3964 4140 4143
f 3964 4143 3965
f 3965 4143 4144
f 3965 4144 3966
f 3966 4144 4145
f 3966 4145 4146
f 3966 4146 3967
f 3967 3969 3968
f 3967 4146 4147
f 3967 4147 3969
f 3969 4147 3970
f 3970 4147 3972
f 3971 3979 4148
f 3971 4148 4149
f 3971 4149 3980
f 3972 4150 4151
f 3972 4151 4152
f 3972 4152 3973
f 3972 4147 4150
f 3973 4152 3974
f 3974 4152 4153
f 3974 4153 3975
f 3975 4153 4154
f 3975 4154 4155
f 3975 4155 3976
f 3976 4155 3977
f 3977 4155 4148
f 3977 4148 3979
f 3977 3979 3978
f 3980 4149 4156
f 3980 4156 3981
f 3981 4156 4157
f 3981 4157 4158
f 3981 4158 4159
f 3981 4159 3982
f 3982 4159 3983
f 3983 4159 3984
f 3984 4159 4097
f 3985 4126 4160
f 3985 4160 3987
f 3985 3987 3986
f 3987 4160 4161
f 3987 4161 4162
f 3987 4162 4163
f 3987 4163 4164
f 3987 4164 4165
f 3987 4165 3990
f 3987 3990 4166
f 3987 4166 3988
f 3988 4166 3990
f 3989 3991 3997
f 3990 4165 3994
f 3991 4167 3997
f 3991 3993 4167
f 3992 3995 4168
f 3992 4168 3993
f 3994 4165 4164
f 3994 4164 4169
f 3994 4169 4170
f 3994 4170 3996
f 3995 3996 4171
f 3995 4171 4172
f 3995 4172 4168
f 3996 4170 4173
f 3996 4173 4171
f 3998 4174 4001
f 3998 4001 3999
f 3999 4001 4000
f 4001 4174 4013
f 4002 4010 4175
f 4002 4175 4004
f 4003 4006 4008
f 4004 4175 4176
f 4004 4176 4177
f 4004 4177 4005
f 4005 4177 4178
f 4005 4178 4179
f 4005 4179 4180
f 4005 4180 4006
f 4006 4181 4182
f 4006 4182 4183
f 4006 4183 4008
f 4006 4180 4179
f 4006 4179 4184
f 4006 4184 4181
f 4007 4185 4011
f 4007 4008 4186
f 4007 4186 4185
f 4008 4183 4186
f 4009 4034 4176
f 4009 4176 4010
f 4010 4176 4175
f 4011 4185 4035
f 4013 4174 4187
f 4013 4187 4188
f 4013 4188 4014
f 4014 4188 4189
f 4014 4189 4190
f 4015 4190 4191
f 4015 4191 4016
f 4016 4191 4377
f 4016 4377 4192
f 4016 4192 4017
f 4017 4192 4193
f 4017 4193 4021
f 4017 4021 4018
f 4018 4021 4019
f 4019 4021 4020
f 4021 4193 4194
f 4021 4194 4195
f 4021 4195 4196
f 4021 4196 4197
f 4021 4197 4198
f 4021 4198 4022
f 4022 4198 4023
f 4023 4198 4199
f 4023 4199 4025
f 4025 4199 4198
f 4025 4198 4197
f 4025 4197 4200
f 4025 4200 4201
f 4025 4201 4026
f 4026 4201 4202
f 4026 4202 4027
f 4027 4202 4028
f 4028 4202 4203
f 4028 4203 4204
f 4028 4204 4205
f 4028 4205 4206
f 4028 4206 4032
f 4028 4030 4029
f 4032 4206 4207
f 4032 4207 4033
f 4033 4207 4208
f 4033 4208 4209
f 4033 4209 4210
f 4033 4210 4034
f 4034 4210 4176
f 4035 4185 4211
f 4035 4211 4212
f 4035 4212 4036
f 4036 4213 4037
f 4036 4212 4213
f 4038 4213 4214
f 4038 4214 4040
f 4039 4041 4215
f 4039 4215 4042
f 4040 4214 4215
f 4040 4215 4041
f 4042 4215 4216
f 4042 4216 4217
f 4043 4217 4218
f 4043 4218 4219
f 4043 4219 4044
f 4044 4219 4220
f 4044 4220 4045
f 4045 4221 4046
f 4045 4220 4222
f 4045 4222 4221
f 4046 4221 4047
f 4047 4222 4223
f 4047 4223 4224
f 4047 4224 4048
f 4047 4221 4222
f 4048 4224 4054
f 4051 4225 4226
f 4051 4226 4052
f 4051 4054 4227
f 4051 4227 4225
f 4052 4226 4228
f 4052 4228 4055
f 4052 4055 4053
f 4054 4224 4227
f 4055 4228 4062
f 4055 4062 4229
f 4055 4229 4056
f 4056 4229 4061
f 4057 4230 4231
f 4057 4231 4232
f 4057 4232 4058
f 4057 4068 4233
f 4057 4233 4234
f 4057 4234 4230
f 4058 4235 4236
f 4058 4236 4060
f 4058 4060 4059
f 4058 4232 4235
f 4060 4236 4069
f 4061 4229 4062
f 4062 4228 4237
f 4062 4237 4063
f 4063 4238 4239
f 4063 4239 4240
f 4063 4240 4241
f 4063 4241 4064
f 4063 4237 4238
f 4064 4241 4242
f 4064 4242 4065
f 4065 4242 4243
f 4065 4243 4066
f 4066 4243 4244
f 4066 4244 4245
f 4066 4245 4246
f 4066 4246 4067
f 4067 4246 4247
f 4067 4247 4248
f 4067 4248 4249
f 4067 4249 4250
f 4067 4250 4251
f 4067 4251 4252
f 4067 4252 4068
f 4068 4252 4253
f 4068 4253 4234
f 4068 4234 4233
f 4069 4236 4070
f 4070 4236 4235
f 4070 4235 4071
f 4071 4235 4232
f 4071 4232 4072
f 4072 4074 4073
f 4072 4232 4254
f 4072 4254 4255
f 4072 4255 4256
f 4072 4256 4074
f 4074 4077 4075
f 4074 4256 4257
f 4074 4257 4258
f 4074 4258 4077
f 4077 4258 4079
f 4077 4079 4078
f 4079 4258 4257
f 4079 4257 4259
f 4079 4259 4080
f 4080 4259 4081
f 4081 4259 4257
f 4081 4257 4260
f 4081 4260 4261
f 4081 4261 4262
f 4081 4262 4082
f 4082 4084 4083
f 4082 4262 4263
f 4082 4263 4264
f 4082 4264 4084
f 4084 4264 4086
f 4084 4086 4085
f 4086 4264 4265
f 4086 4265 4088
f 4086 4088 4087
f 4088 4265 4266
f 4088 4266 4089
f 4089 4266 4267
f 4089 4267 4268
f 4089 4268 4269
f 4089 4269 4090
f 4090 4269 4091
f 4095 4270 4127
f 4097 4271 4272
f 4097 4272 4273
f 4097 4273 4274
f 4097 4274 4098
f 4097 4159 4271
f 4098 4274 4099
f 4099 4274 4275
f 4099 4275 4102
f 4102 4275 4276
f 4102 4276 4103
f 4103 4276 4277
f 4103 4277 4104
f 4104 4277 4278
f 4104 4278 4279
f 4104 4279 4280
f 4104 4280 4281
f 4104 4281 4282
f 4104 4282 4105
f 4105 4282 4281
f 4105 4281 4283
f 4105 4283 4107
f 4105 4107 4106
f 4107 4284 4285
f 4107 4285 4286
f 4107 4286 4287
f 4107 4287 4288
f 4107 4288 4289
f 4107 4289 4290
f 4107 4290 4291
f 4107 4291 4292
f 4107 4292 4293
f 4107 4293 4108
f 4107 4283 4284
f 4108 4293 4294
f 4108 4294 4295
f 4108 4295 4109
f 4109 4295 4296
f 4109 4296 4297
f 4109 4297 4111
f 4109 4111 4110
f 4111 4297 4298
f 4111 4298 4123
f 4114 4299 4300
f 4114 4300 4115
f 4114 4121 4299
f 4115 4301 4116
f 4115 4300 4301
f 4116 4301 4302
f 4116 4302 4125
f 4117 4124 4118
f 4118 4124 4303
f 4118 4303 4304
f 4118 4304 4305
f 4118 4305 4306
f 4118 4306 4307
f 4118 4307 4308
f 4118 4308 4309
f 4118 4309 4121
f 4118 4121 4119
f 4119 4121 4120
f 4121 4309 4299
f 4123 4298 4310
f 4123 4310 4311
f 4123 4311 4312
f 4123 4312 4313
f 4123 4313 4314
f 4123 4314 4303
f 4123 4303 4124
f 4125 4302 4126
f 4126 4302 4315
f 4126 4315 4316
f 4126 4316 4160
f 4127 4270 4317
f 4127 4317 4128
f 4128 4317 4129
f 4129 4317 4318
f 4129 4318 4130
f 4130 4318 4319
f 4130 4319 4320
f 4130 4320 4131
f 4131 4133 4132
f 4131 4320 4321
f 4131 4321 4322
f 4131 4322 4133
f 4133 4136 4134
f 4133 4322 4323
f 4133 4323 4324
f 4133 4324 4137
f 4133 4137 4136
f 4137 4324 4142
f 4138 4142 4325
f 4138 4325 4326
f 4138 4326 4139
f 4139 4326 4327
f 4139 4327 4328
f 4139 4328 4329
f 4139 4329 4330
f 4139 4330 4140
f 4140 4330 4143
f 4142 4324 4325
f 4143 4330 4144
f 4144 4330 4331
f 4144 4331 4145
f 4145 4331 4332
f 4145 4332 4146
f 4146 4332 4333
f 4146 4333 4334
f 4146 4334 4335
f 4146 4335 4147
f 4147 4335 4150
f 4148 4336 4149
f 4148 4155 4337
f 4148 4337 4336
f 4149 4336 4156
f 4150 4335 4338
f 4150 4338 4152
f 4150 4152 4151
f 4152 4339 4340
f 4152 4340 4153
f 4152 4338 4339
f 4153 4341 4342
f 4153 4342 4343
f 4153 4343 4154
f 4153 4340 4341
f 4154 4343 4344
f 4154 4344 4155
f 4155 4344 4345
f 4155 4345 4346
f 4155 4346 4347
f 4155 4347 4337
f 4156 4348 4157
f 4156 4336 4349
f 4156 4349 4350
f 4156 4350 4348
f 4157 4348 4351
f 4157 4351 4158
f 4158 4351 4159
f 4159 4351 4352
f 4159 4352 4271
f 4160 4316 4161
f 4161 4316 4353
f 4161 4353 4162
f 4162 4353 4354
f 4162 4354 4355
f 4162 4355 4164
f 4162 4164 4163
f 4164 4355 4169
f 4169 4355 4356
f 4169 4356 4170
f 4170 4356 4357
f 4170 4357 4173
f 4171 4173 4172
f 4172 4173 4358
f 4173 4357 4359
f 4173 4359 4360
f 4173 4360 4361
f 4173 4361 4362
f 4173 4362 4358
f 4176 4210 4363
f 4176 4363 4177
f 4177 4363 4210
f 4177 4210 4364
f 4177 4364 4365
f 4177 4365 4366
f 4177 4366 4367
f 4177 4367 4178
f 4178 4367 4179
f 4179 4367 4368
f 4179 4368 4184
f 4181 4369 4186
f 4181 4186 4182
f 4181 4184 4370
f 4181 4370 4369
f 4182 4186 4183
f 4184 4371 4370
f 4184 4368 4372
f 4184 4372 4371
f 4185 4186 4369
f 4185 4369 4211
f 4189 4373 4190
f 4190 4373 4374
f 4190 4374 4191
f 4191 4374 4375
f 4191 4375 4376
f 4191 4376 4377
f 4192 4377 4378
f 4192 4378 4379
f 4192 4379 4380
f 4192 4380 4193
f 4193 4380 4381
f 4193 4381 4382
f 4193 4382 4383
f 4193 4383 4384
f 4193 4384 4385
f 4193 4385 4194
f 4194 4385 4195
f 4195 4385 4384
f 4195 4384 4386
f 4195 4386 4383
f 4195 4383 4387
f 4195 4387 4196
f 4196 4388 4201
f 4196 4201 4200
f 4196 4200 4197
f 4196 4387 4389
f 4196 4389 4390
f 4196 4390 4391
f 4196 4391 4392
f 4196 4392 4393
f 4196 4393 4388
f 4201 4388 4394
f 4201 4394 4202
f 4202 4394 4203
f 4203 4394 4395
f 4203 4395 4396
f 4203 4396 4397
f 4203 4397 4204
f 4204 4397 4205
f 4205 4397 4207
f 4205 4207 4206
f 4207 4397 4398
f 4207 4398 4399
f 4207 4399 4400
f 4207 4400 4401
f 4207 4401 4208
f 4208 4401 4402
f 4208 4402 4209
f 4209 4403 4365
f 4209 4365 4364
f 4209 4364 4210
f 4209 4402 4403
f 4211 4369 4404
f 4211 4404 4212
f 4212 4404 4405
f 4212 4405 4406
f 4212 4406 4213
f 4213 4406 4214
f 4214 4406 4405
f 4214 4405 4407
f 4214 4407 4216
f 4214 4216 4215
f 4216 4408 4409
f 4216 4409 4410
f 4216 4410 4218
f 4216 4218 4217
f 4216 4407 4405
f 4216 4405 4411
f 4216 4411 4412
f 4216 4412 4413
f 4216 4413 4414
f 4216 4414 4408
f 4218 4410 4219
f 4219 4410 4220
f 4220 4410 4415
f 4220 4415 4222
f 4222 4415 4416
f 4222 4416 4223
f 4223 4416 4417
f 4223 4417 4224
f 4224 4417 4418
f 4224 4418 4227
f 4225 4227 4226
f 4226 4419 4238
f 4226 4238 4237
f 4226 4237 4228
f 4226 4227 4420
f 4226 4420 4419
f 4227 4418 4421
f 4227 4421 4422
f 4227 4422 4420
f 4230 4234 4254
f 4230 4254 4231
f 4231 4254 4232
f 4234 4253 4254
f 4238 4423 4424
f 4238 4424 4425
f 4238 4425 4426
f 4238 4426 4239
f 4238 4419 4423
f 4239 4426 4240
f 4240 4245 4241
f 4240 4426 4245
f 4241 4245 4242
f 4242 4245 4244
f 4242 4244 4243
f 4245 4426 4427
f 4245 4427 4428
f 4245 4428 4429
f 4245 4429 4247
f 4245 4247 4246
f 4247 4429 4430
f 4247 4430 4431
f 4247 4431 4248
f 4248 4431 4250
f 4248 4250 4249
f 4250 4432 4433
f 4250 4433 4251
f 4250 4431 4432
f 4251 4433 4429
f 4251 4429 4434
f 4251 4434 4435
f 4251 4435 4436
f 4251 4436 4437
f 4251 4437 4252
f 4252 4437 4253
f 4253 4437 4436
f 4253 4436 4438
f 4253 4438 4439
f 4253 4439 4440
f 4253 4440 4441
f 4253 4441 4254
f 4254 4441 4256
f 4254 4256 4255
f 4256 4441 4442
f 4256 4442 4261
f 4256 4261 4257
f 4257 4261 4260
f 4261 4443 4262
f 4261 4442 4444
f 4261 4444 4445
f 4261 4445 4446
f 4261 4446 4443
f 4262 4443 4263
f 4263 4443 4447
f 4263 4447 4264
f 4264 4447 4448
f 4264 4448 4265
f 4265 4448 4266
f 4266 4448 4449
f 4266 4449 4450
f 4266 4450 4451
f 4266 4451 4452
f 4266 4452 4453
f 4266 4453 4454
f 4266 4454 4455
f 4266 4455 4267
f 4267 4456 4457
f 4267 4457 4268
f 4267 4455 4458
f 4267 4458 4456
f 4270 4459 4317
f 4271 4352 4272
f 4272 4352 4273
f 4273 4352 4460
f 4273 4460 4461
f 4273 4461 4275
f 4273 4275 4274
f 4275 4461 4276
f 4276 4462 4463
f 4276 4463 4278
f 4276 4278 4277
f 4276 4461 4462
f 4278 4464 4465
f 4278 4465 4466
f 4278 4466 4467
f 4278 4467 4279
f 4278 4463 4464
f 4279 4467 4468
f 4279 4468 4469
f 4279 4469 4470
f 4279 4470 4281
f 4279 4281 4280
f 4281 4470 4283
f 4283 4470 4471
f 4283 4471 4285
f 4283 4285 4284
f 4285 4471 4469
f 4285 4469 4286
f 4286 4469 4287
f 4287 4472 4473
f 4287 4473 4474
f 4287 4474 4288
f 4287 4469 4472
f 4288 4474 4475
f 4288 4475 4476
f 4288 4476 4477
f 4288 4477 4478
f 4288 4478 4289
f 4289 4478 4290
f 4290 4478 4479
f 4290 4479 4480
f 4290 4480 4481
f 4290 4481 4482
f 4290 4482 4483
f 4290 4483 4291
f 4291 4483 4484
f 4291 4484 4292
f 4292 4484 4293
f 4293 4484 4294
f 4294 4484 4485
f 4294 4485 4311
f 4294 4311 4295
f 4295 4311 4297
f 4295 4297 4296
f 4297 4311 4298
f 4298 4311 4310
f 4299 4309 4300
f 4300 4309 4302
f 4300 4302 4301
f 4302 4316 4315
f 4302 4309 4316
f 4303 4314 4486
f 4303 4486 4304
f 4304 4487 4488
f 4304 4488 4489
f 4304 4489 4490
f 4304 4490 4491
f 4304 4491 4492
f 4304 4492 4305
f 4304 4486 4493
f 4304 4493 4487
f 4305 4492 4491
f 4305 4491 4494
f 4305 4494 4495
f 4305 4495 4496
f 4305 4496 4306
f 4306 4496 4497
f 4306 4497 4498
f 4306 4498 4499
f 4306 4499 4307
f 4307 4499 4500
f 4307 4500 4501
f 4307 4501 4308
f 4308 4501 4309
f 4309 4501 4502
f 4309 4502 4503
f 4309 4503 4316
f 4311 4485 4484
f 4311 4484 4483
f 4311 4483 4504
f 4311 4504 4505
f 4311 4505 4506
f 4311 4506 4312
f 4312 4506 4507
f 4312 4507 4313
f 4313 4493 4486
f 4313 4486 4314
f 4313 4507 4493
f 4316 4503 4353
f 4317 4459 4319
f 4317 4319 4318
f 4319 4508 4320
f 4320 4508 4509
f 4320 4509 4510
f 4320 4510 4511
f 4320 4511 4321
f 4321 4511 4512
f 4321 4512 4322
f 4322 4513 4514
f 4322 4514 4515
f 4322 4515 4323
f 4322 4512 4516
f 4322 4516 4513
f 4323 4515 4325
f 4323 4325 4324
f 4325 4515 4514
f 4325 4514 4326
f 4326 4514 4327
f 4327 4514 4328
f 4328 4517 4518
f 4328 4518 4519
f 4328 4519 4329
f 4328 4514 4520
f 4328 4520 4517
f 4329 4521 4330
f 4329 4519 4522
f 4329 4522 4523
f 4329 4523 4524
f 4329 4524 4525
f 4329 4525 4521
f 4330 4521 4331
f 4331 4333 4332
f 4331 4521 4525
f 4331 4525 4526
f 4331 4526 4527
f 4331 4527 4333
f 4333 4527 4334
f 4334 4527 4528
f 4334 4528 4529
f 4334 4529 4530
f 4334 4530 4339
f 4334 4339 4338
f 4334 4338 4335
f 4336 4337 4349
f 4337 4347 4531
f 4337 4531 4349
f 4339 4530 4532
f 4339 4532 4341
f 4339 4341 4340
f 4341 4530 4343
f 4341 4343 4342
f 4341 4532 4530
f 4343 4530 4533
f 4343 4533 4534
f 4343 4534 4344
f 4344 4534 4345
f 4345 4534 4535
f 4345 4535 4536
f 4345 4536 4537
f 4345 4537 4538
f 4345 4538 4346
f 4346 4538 4539
f 4346 4539 4540
f 4346 4540 4541
f 4346 4541 4542
f 4346 4542 4543
f 4346 4543 4544
f 4346 4544 4545
f 4346 4545 4546
f 4346 4546 4547
f 4346 4547 4548
f 4346 4548 4549
f 4346 4549 4347
f 4347 4549 4548
f 4347 4548 4547
f 4347 4547 4531
f 4348 4350 4550
f 4348 4550 4352
f 4348 4352 4351
f 4349 4551 4350
f 4349 4531 4552
f 4349 4552 4553
f 4349 4553 4550
f 4349 4550 4551
f 4350 4551 4550
f 4352 4550 4554
f 4352 4554 4555
f 4352 4555 4553
f 4352 4553 4556
f 4352 4556 4557
f 4352 4557 4558
f 4352 4558 4462
f 4352 4462 4460
f 4353 4503 4502
f 4353 4502 4559
f 4353 4559 4560
f 4353 4560 4354
f 4354 4561 4355
f 4354 4560 4561
f 4355 4561 4356
f 4356 4561 4357
f 4357 4561 4359
f 4359 4561 4562
f 4359 4562 4563
f 4359 4563 4361
f 4359 4361 4360
f 4361 4563 4564
f 4361 4564 4565
f 4361 4565 4566
f 4361 4566 4567
f 4361 4567 4568
f 4361 4568 4569
f 4361 4569 4570
f 4361 4570 4571
f 4361 4571 4572
f 4361 4572 4362
f 4362 4572 4570
f 4365 4403 4366
f 4366 4403 4573
f 4366 4573 4574
f 4366 4574 4367
f 4367 4574 4575
f 4367 4575 4576
f 4367 4576 4368
f 4368 4576 4372
f 4369 4370 4404
f 4370 4577 4404
f 4370 4371 4577
f 4371 4578 4577
f 4371 4372 4578
f 4372 4576 4579
f 4372 4579 4580
f 4372 4580 4581
f 4372 4581 4582
f 4372 4582 4583
f 4372 4583 4584
f 4372 4584 4585
f 4372 4585 4586
f 4372 4586 4587
f 4372 4587 4578
f 4373 4375 4374
f 4376 4378 4377
f 4378 4588 4379
f 4379 4588 4589
f 4379 4589 4380
f 4380 4589 4381
f 4381 4383 4382
f 4381 4589 4590
f 4381 4590 4591
f 4381 4591 4592
f 4381 4592 4593
f 4381 4593 4383
f 4383 4386 4384
f 4383 4593 4594
f 4383 4594 4387
f 4387 4594 4595
f 4387 4595 4596
f 4387 4596 4597
f 4387 4597 4389
f 4388 4393 4394
f 4389 4597 4598
f 4389 4598 4390
f 4390 4599 4391
f 4390 4598 4600
f 4390 4600 4599
f 4391 4599 4392
f 4392 4599 4393
f 4393 4599 4396
f 4393 4396 4395
f 4393 4395 4394
f 4396 4599 4601
f 4396 4601 4602
f 4396 4602 4603
f 4396 4603 4397
f 4397 4603 4398
f 4398 4603 4604
f 4398 4604 4605
f 4398 4605 4399
f 4399 4605 4400
f 4400 4605 4606
f 4400 4606 4607
f 4400 4607 4608
f 4400 4608 4402
f 4400 4402 4401
f 4402 4608 4609
f 4402 4609 4610
f 4402 4610 4403
f 4403 4610 4573
f 4404 4577 4411
f 4404 4411 4405
f 4408 4414 4611
f 4408 4611 4409
f 4409 4612 4410
f 4409 4611 4613
f 4409 4613 4612
f 4410 4612 4415
f 4411 4577 4614
f 4411 4614 4615
f 4411 4615 4412
f 4412 4615 4616
f 4412 4616 4414
f 4412 4414 4413
f 4414 4616 4617
f 4414 4617 4611
f 4415 4612 4613
f 4415 4613 4618
f 4415 4618 4417
f 4415 4417 4416
f 4417 4618 4421
f 4417 4421 4418
f 4419 4420 4619
f 4419 4619 4423
f 4420 4421 4619
f 4420 4422 4421
f 4421 4620 4621
f 4421 4621 4622
f 4421 4622 4623
f 4421 4623 4624
f 4421 4624 4625
f 4421 4625 4626
f 4421 4626 4619
f 4421 4618 4613
f 4421 4613 4620
f 4423 4625 4424
f 4423 4619 4625
f 4424 4627 4628
f 4424 4628 4425
f 4424 4625 4627
f 4425 4628 4426
f 4426 4628 4629
f 4426 4629 4630
f 4426 4630 4631
f 4426 4631 4428
f 4426 4428 4427
f 4428 4631 4429
f 4429 4433 4432
f 4429 4432 4430
f 4429 4631 4632
f 4429 4632 4633
f 4429 4633 4634
f 4429 4634 4635
f 4429 4635 4636
f 4429 4636 4637
f 4429 4637 4638
f 4429 4638 4639
f 4429 4639 4640
f 4429 4640 4641
f 4429 4641 4434
f 4430 4432 4431
f 4434 4641 4642
f 4434 4642 4435
f 4435 4642 4643
f 4435 4643 4644
f 4435 4644 4436
f 4436 4644 4438
f 4438 4645 4646
f 4438 4646 4647
f 4438 4647 4648
f 4438 4648 4649
f 4438 4649 4650
f 4438 4650 4651
f 4438 4651 4652
f 4438 4652 4439
f 4438 4644 4645
f 4439 4652 4653
f 4439 4653 4440
f 4440 4442 4441
f 4440 4653 4444
f 4440 4444 4442
f 4443 4446 4654
f 4443 4654 4447
f 4444 4653 4655
f 4444 4655 4656
f 4444 4656 4657
f 4444 4657 4658
f 4444 4658 4659
f 4444 4659 4660
f 4444 4660 4445
f 4445 4654 4446
f 4445 4660 4661
f 4445 4661 4654
f 4447 4450 4449
f 4447 4449 4448
f 4447 4654 4661
f 4447 4661 4662
f 4447 4662 4663
f 4447 4663 4450
f 4450 4663 4664
f 4450 4664 4452
f 4450 4452 4451
f 4452 4664 4665
f 4452 4665 4666
f 4452 4666 4454
f 4452 4454 4453
f 4454 4666 4667
f 4454 4667 4668
f 4454 4668 4455
f 4455 4668 4669
f 4455 4669 4458
f 4458 4669 4668
f 4458 4668 4670
f 4460 4462 4461
f 4462 4558 4557
f 4462 4557 4671
f 4462 4671 4672
f 4462 4672 4463
f 4463 4672 4464
f 4464 4672 4673
f 4464 4673 4465
f 4465 4673 4466
f 4466 4674 4675
f 4466 4675 4467
f 4466 4673 4674
f 4467 4675 4676
f 4467 4676 4677
f 4467 4677 4678
f 4467 4678 4469
f 4467 4469 4468
f 4469 4678 4679
f 4469 4679 4472
f 4469 4471 4470
f 4472 4679 4680
f 4472 4680 4681
f 4472 4681 4473
f 4473 4681 4475
f 4473 4475 4474
f 4475 4682 4683
f 4475 4683 4476
f 4475 4681 4682
f 4476 4683 4684
f 4476 4684 4478
f 4476 4478 4477
f 4478 4684 4685
f 4478 4685 4686
f 4478 4686 4479
f 4479 4686 4687
f 4479 4687 4480
f 4480 4688 4481
f 4480 4687 4689
f 4480 4689 4688
f 4481 4688 4482
f 4482 4688 4689
f 4482 4689 4690
f 4482 4690 4506
f 4482 4506 4691
f 4482 4691 4505
f 4482 4505 4692
f 4482 4692 4483
f 4483 4505 4504
f 4483 4692 4505
f 4487 4493 4507
f 4487 4507 4693
f 4487 4693 4694
f 4487 4694 4488
f 4488 4694 4695
f 4488 4695 4489
f 4489 4695 4696
f 4489 4696 4697
f 4489 4697 4698
f 4489 4698 4699
f 4489 4699 4490
f 4490 4700 4701
f 4490 4701 4491
f 4490 4699 4698
f 4490 4698 4702
f 4490 4702 4703
f 4490 4703 4704
f 4490 4704 4705
f 4490 4705 4700
f 4491 4701 4706
f 4491 4706 4707
f 4491 4707 4494
f 4494 4708 4495
f 4494 4707 4708
f 4495 4709 4710
f 4495 4710 4711
f 4495 4711 4712
f 4495 4712 4496
f 4495 4708 4713
f 4495 4713 4709
f 4496 4712 4497
f 4497 4712 4714
f 4497 4714 4498
f 4498 4715 4716
f 4498 4716 4717
f 4498 4717 4499
f 4498 4714 4715
f 4499 4717 4500
f 4500 4718 4719
f 4500 4719 4501
f 4500 4717 4718
f 4501 4719 4502
f 4502 4719 4720
f 4502 4720 4721
f 4502 4721 4722
f 4502 4722 4723
f 4502 4723 4724
f 4502 4724 4559
f 4505 4691 4506
f 4506 4693 4507
f 4506 4690 4725
f 4506 4725 4726
f 4506 4726 4727
f 4506 4727 4728
f 4506 4728 4729
f 4506 4729 4693
f 4508 4730 4731
f 4508 4731 4511
f 4508 4511 4509
f 4509 4511 4510
f 4511 4731 4945
f 4511 4945 4732
f 4511 4732 4733
f 4511 4733 4734
f 4511 4734 4512
f 4512 4733 4735
f 4512 4735 4736
f 4512 4736 4737
f 4512 4737 4738
f 4512 4738 4516
f 4512 4734 4733
f 4513 4516 4520
f 4513 4520 4514
f 4516 4738 4520
f 4517 4520 4518
f 4518 4739 4519
f 4518 4520 4738
f 4518 4738 4737
f 4518 4737 4740
f 4518 4740 4739
f 4519 4739 4522
f 4522 4739 4740
f 4522 4740 4741
f 4522 4741 4742
f 4522 4742 4523
f 4523 4742 4743
f 4523 4743 4744
f 4523 4744 4524
f 4524 4744 4745
f 4524 4745 4525
f 4525 4745 4746
f 4525 4746 4747
f 4525 4747 4526
f 4526 4747 4746
f 4526 4746 4748
f 4526 4748 4749
f 4526 4749 4527
f 4527 4749 4528
f 4528 4749 4748
f 4528 4748 4750
f 4528 4750 4751
f 4528 4751 4752
f 4528 4752 4529
f 4529 4752 4530
f 4530 4752 4533
f 4531 4547 4753
f 4531 4753 4754
f 4531 4754 4553
f 4531 4553 4552
f 4533 4752 4534
f 4534 4752 4755
f 4534 4755 4535
f 4535 4755 4756
f 4535 4756 4536
f 4536 4756 4537
f 4537 4756 4757
f 4537 4757 4758
f 4537 4758 4759
f 4537 4759 4539
f 4537 4539 4538
f 4539 4760 4540
f 4539 4759 4760
f 4540 4761 4543
f 4540 4543 4542
f 4540 4542 4541
f 4540 4760 4762
f 4540 4762 4761
f 4543 4761 4544
f 4544 4763 4764
f 4544 4764 4765
f 4544 4765 4546
f 4544 4546 4545
f 4544 4761 4766
f 4544 4766 4767
f 4544 4767 4768
f 4544 4768 4769
f 4544 4769 4763
f 4546 4765 4547
f 4547 4765 4764
f 4547 4764 4770
f 4547 4770 4754
f 4547 4754 4753
f 4550 4553 4555
f 4550 4555 4554
f 4553 4754 4556
f 4556 4754 4771
f 4556 4771 4772
f 4556 4772 4674
f 4556 4674 4773
f 4556 4773 4557
f 4557 4773 4673
f 4557 4673 4671
f 4559 4724 4723
f 4559 4723 4560
f 4560 4562 4561
f 4560 4723 4562
f 4562 4723 4774
f 4562 4774 4775
f 4562 4775 4563
f 4563 4775 4564
f 4564 4775 4565
f 4565 4775 4776
f 4565 4776 4566
f 4566 4776 4774
f 4566 4774 4777
f 4566 4777 4778
f 4566 4778 4567
f 4567 4569 4568
f 4567 4778 4779
f 4570 4572 4571
f 4573 4610 4609
f 4573 4609 4780
f 4573 4780 4574
f 4574 4781 4575
f 4574 4780 4781
f 4575 4781 4576
f 4576 4781 4579
f 4577 4578 4614
f 4578 4587 4782
f 4578 4782 4614
f 4579 4781 4783
f 4579 4783 4580
f 4580 4783 4581
f 4581 4783 4582
f 4582 4783 4784
f 4582 4784 4583
f 4583 4784 4785
f 4583 4785 4584
f 4584 4786 4787
f 4584 4787 4788
f 4584 4788 4585
f 4584 4785 4786
f 4585 4788 4789
f 4585 4789 4586
f 4586 4789 4587
f 4587 4789 4790
f 4587 4790 4617
f 4587 4617 4791
f 4587 4791 4616
f 4587 4616 4782
f 4588 4792 4793
f 4588 4793 4589
f 4589 4793 4794
f 4589 4794 4590
f 4590 4794 4591
f 4591 4794 4795
f 4591 4795 4796
f 4591 4796 4797
f 4591 4797 4592
f 4592 4797 4798
f 4592 4798 4595
f 4592 4595 4594
f 4592 4594 4593
f 4595 4798 4799
f 4595 4799 4596
f 4596 4799 4597
f 4597 4601 4800
f 4597 4800 4600
f 4597 4600 4598
f 4597 4799 4801
f 4597 4801 4802
f 4597 4802 4803
f 4597 4803 4804
f 4597 4804 4601
f 4599 4600 4601
f 4600 4800 4601
f 4601 4804 4803
f 4601 4803 4805
f 4601 4805 4806
f 4601 4806 4807
f 4601 4807 4602
f 4602 4807 4808
f 4602 4808 4603
f 4603 4808 4604
f 4604 4606 4605
f 4604 4808 4809
f 4604 4809 4810
f 4604 4810 4811
f 4604 4811 4606
f 4606 4811 4812
f 4606 4812 4813
f 4606 4813 4814
f 4606 4814 4815
f 4606 4815 4816
f 4606 4816 4607
f 4607 4816 4817
f 4607 4817 4818
f 4607 4818 4819
f 4607 4819 4820
f 4607 4820 4608
f 4608 4820 4609
f 4609 4820 4821
f 4609 4821 4780
f 4611 4617 4822
f 4611 4822 4620
f 4611 4620 4613
f 4614 4782 4616
f 4614 4616 4615
f 4616 4791 4617
f 4617 4790 4823
f 4617 4823 4822
f 4619 4626 4625
f 4620 4822 4621
f 4621 4822 4823
f 4621 4823 4824
f 4621 4824 4825
f 4621 4825 4622
f 4622 4825 4623
f 4623 4825 4826
f 4623 4826 4827
f 4623 4827 4828
f 4623 4828 4829
f 4623 4829 4624
f 4624 4829 4830
f 4624 4830 4831
f 4624 4831 4625
f 4625 4831 4832
f 4625 4832 4833
f 4625 4833 4627
f 4627 4834 4835
f 4627 4835 4628
f 4627 4833 4836
f 4627 4836 4834
f 4628 4835 4629
f 4629 4835 4837
f 4629 4837 4630
f 4630 4837 4631
f 4631 4838 4632
f 4631 4837 4838
f 4632 4838 4633
f 4633 4838 4839
f 4633 4839 4840
f 4633 4840 4634
f 4634 4840 4635
f 4635 4841 4842
f 4635 4842 4637
f 4635 4637 4636
f 4635 4840 4843
f 4635 4843 4844
f 4635 4844 4845
f 4635 4845 4841
f 4637 4842 4846
f 4637 4846 4847
f 4637 4847 4848
f 4637 4848 4849
f 4637 4849 4850
f 4637 4850 4638
f 4638 4850 4851
f 4638 4851 4639
f 4639 4851 4852
f 4639 4852 4853
f 4639 4853 4854
f 4639 4854 4643
f 4639 4643 4642
f 4639 4642 4640
f 4640 4642 4641
f 4643 4854 4855
f 4643 4855 4644
f 4644 4855 4645
f 4645 4855 4856
f 4645 4856 4646
f 4646 4856 4857
f 4646 4857 4858
f 4646 4858 4647
f 4647 4858 4859
f 4647 4859 4860
f 4647 4860 4861
f 4647 4861 4862
f 4647 4862 4863
f 4647 4863 4648
f 4648 4863 4650
f 4648 4650 4649
f 4650 4864 4657
f 4650 4657 4865
f 4650 4865 4652
f 4650 4652 4651
f 4650 4863 4866
f 4650 4866 4864
f 4652 4865 4653
f 4653 4865 4656
f 4653 4656 4655
f 4656 4865 4657
f 4657 4864 4867
f 4657 4867 4868
f 4657 4868 4869
f 4657 4869 4870
f 4657 4870 4871
f 4657 4871 4658
f 4658 4871 4872
f 4658 4872 4873
f 4658 4873 4659
f 4659 4873 4660
f 4660 4662 4661
f 4660 4873 4874
f 4660 4874 4662
f 4662 4874 4663
f 4663 4874 4875
f 4663 4875 4876
f 4663 4876 4877
f 4663 4877 4664
f 4664 4877 4665
f 4665 4878 4879
f 4665 4879 4880
f 4665 4880 4666
f 4665 4877 4878
f 4666 4880 4667
f 4667 4881 4882
f 4667 4882 4668
f 4667 4880 4883
f 4667 4883 4884
f 4667 4884 4881
f 4668 4882 4885
f 4668 4885 4670
f 4670 4885 4886
f 4671 4673 4672
f 4673 4773 4674
f 4674 4772 4675
f 4675 4772 4887
f 4675 4887 4676
f 4676 4887 4677
f 4677 4887 4888
f 4677 4888 4889
f 4677 4889 4679
f 4677 4679 4678
f 4679 4889 4680
f 4680 4889 4890
f 4680 4890 4891
f 4680 4891 4892
f 4680 4892 4893
f 4680 4893 4894
f 4680 4894 4683
f 4680 4683 4682
f 4680 4682 4681
f 4683 4894 4895
f 4683 4895 4896
f 4683 4896 4684
f 4684 4896 4897
f 4684 4897 4898
f 4684 4898 4685
f 4685 4898 4899
f 4685 4899 4686
f 4686 4900 4901
f 4686 4901 4902
f 4686 4902 4903
f 4686 4903 4904
f 4686 4904 4905
f 4686 4905 4726
f 4686 4726 4906
f 4686 4906 4907
f 4686 4907 4689
f 4686 4689 4687
f 4686 4899 4900
f 4689 4907 4725
f 4689 4725 4690
f 4693 4729 4908
f 4693 4908 4694
f 4694 4908 4729
f 4694 4729 4695
f 4695 4729 4696
f 4696 4729 4909
f 4696 4909 4697
f 4697 4702 4698
f 4697 4909 4910
f 4697 4910 4703
f 4697 4703 4702
f 4700 4705 4713
f 4700 4713 4701
f 4701 4713 4706
f 4703 4910 4911
f 4703 4911 4912
f 4703 4912 4913
f 4703 4913 4704
f 4704 4913 4914
f 4704 4914 4713
f 4704 4713 4705
f 4706 4708 4707
f 4706 4713 4708
f 4709 4915 4916
f 4709 4916 4710
f 4709 4713 4917
f 4709 4917 4915
f 4710 4916 4711
f 4711 4916 4918
f 4711 4918 4919
f 4711 4919 4712
f 4712 4919 4714
f 4713 4914 4920
f 4713 4920 4921
f 4713 4921 4922
f 4713 4922 4923
f 4713 4923 4924
f 4713 4924 4925
f 4713 4925 4926
f 4713 4926 4917
f 4714 4919 4715
f 4715 4919 4918
f 4715 4918 4927
f 4715 4927 4928
f 4715 4928 4929
f 4715 4929 4930
f 4715 4930 4931
f 4715 4931 4932
f 4715 4932 4933
f 4715 4933 4934
f 4715 4934 4716
f 4716 4934 4717
f 4717 4934 4718
f 4718 4934 4719
f 4719 4934 4720
f 4720 4934 4721
f 4721 4774 4723
f 4721 4723 4722
f 4721 4934 4933
f 4721 4933 4774
f 4725 4907 4906
f 4725 4906 4726
f 4726 4905 4727
f 4727 4905 4935
f 4727 4935 4936
f 4727 4936 4937
f 4727 4937 4938
f 4727 4938 4939
f 4727 4939 4940
f 4727 4940 4941
f 4727 4941 4942
f 4727 4942 4729
f 4727 4729 4728
f 4729 4942 4943
f 4729 4943 4909
f 4730 4944 4945
f 4730 4945 4731
f 4732 4945 4733
f 4733 4946 4947
f 4733 4947 4948
f 4733 4948 4735
f 4733 4945 4946
f 4735 4948 4949
f 4735 4949 4736
f 4736 4949 4950
f 4736 4950 4951
f 4736 4951 4737
f 4737 4951 4952
f 4737 4952 4740
f 4740 4953 4954
f 4740 4954 4955
f 4740 4955 4956
f 4740 4956 4741
f 4740 4952 4953
f 4741 4956 4957
f 4741 4957 4958
f 4741 4958 4743
f 4741 4743 4742
f 4743 4959 4960
f 4743 4960 4744
f 4743 4958 4961
f 4743 4961 4962
f 4743 4962 4963
f 4743 4963 4959
f 4744 4960 4745
f 4745 4960 4964
f 4745 4964 4748
f 4745 4748 4746
f 4748 4964 4965
f 4748 4965 4750
f 4750 4965 4966
f 4750 4966 4967
f 4750 4967 4968
f 4750 4968 4751
f 4751 4968 4752
f 4752 4968 4969
f 4752 4969 4970
f 4752 4970 4755
f 4754 4770 4764
f 4754 4764 4769
f 4754 4769 4771
f 4755 4970 4756
f 4756 4969 4971
f 4756 4971 4972
f 4756 4972 4973
f 4756 4973 4757
f 4756 4970 4969
f 4757 4973 4974
f 4757 4974 4758
f 4758 4974 4975
f 4758 4975 4976
f 4758 4976 4977
f 4758 4977 4760
f 4758 4760 4759
f 4760 4977 4976
f 4760 4976 4978
f 4760 4978 4850
f 4760 4850 4979
f 4760 4979 4980
f 4760 4980 4981
f 4760 4981 4982
f 4760 4982 4983
f 4760 4983 4762
f 4761 4762 4983
f 4761 4983 4984
f 4761 4984 4766
f 4763 4769 4764
f 4766 4984 4985
f 4766 4985 4986
f 4766 4986 4987
f 4766 4987 4988
f 4766 4988 4989
f 4766 4989 4990
f 4766 4990 4768
f 4766 4768 4767
f 4768 4990 4991
f 4768 4991 4992
f 4768 4992 4993
f 4768 4993 4994
f 4768 4994 4995
f 4768 4995 4891
f 4768 4891 4996
f 4768 4996 4997
f 4768 4997 4769
f 4769 4997 4771
f 4771 4997 4996
f 4771 4996 4998
f 4771 4998 4772
f 4772 4998 4887
f 4774 4999 4777
f 4774 4776 4775
f 4774 4933 4932
f 4774 4932 4931
f 4774 4931 4999
f 4777 4999 5000
f 4777 5000 5001
f 4777 5001 5002
f 4777 5002 4778
f 4778 5002 4779
f 4780 4821 5003
f 4780 5003 5004
f 4780 5004 5005
f 4780 5005 5006
f 4780 5006 4781
f 4781 5006 5007
f 4781 5007 4783
f 4783 5007 4784
f 4784 5005 5008
f 4784 5008 5004
f 4784 5004 5009
f 4784 5009 5010
f 4784 5010 5011
f 4784 5011 5012
f 4784 5012 4785
f 4784 5007 5005
f 4785 5012 4786
f 4786 4826 5013
f 4786 5013 5014
f 4786 5014 4787
f 4786 5012 5011
f 4786 5011 5015
f 4786 5015 5016
f 4786 5016 5017
f 4786 5017 5018
f 4786 5018 4826
f 4787 4823 4790
f 4787 4790 4788
f 4787 5014 5019
f 4787 5019 4823
f 4788 4790 4789
f 4792 5020 4793
f 4793 5020 4794
f 4794 5020 4795
f 4795 5020 4796
f 4796 5021 5022
f 4796 5022 5023
f 4796 5023 4797
f 4796 5020 5021
f 4797 5023 5024
f 4797 5024 4798
f 4798 5024 5025
f 4798 5025 5026
f 4798 5026 5027
f 4798 5027 4799
f 4799 5027 4801
f 4801 5028 4802
f 4801 5027 5028
f 4802 5028 5027
f 4802 5027 5029
f 4802 5029 5030
f 4802 5030 4805
f 4802 4805 4803
f 4805 5030 5031
f 4805 5031 5032
f 4805 5032 4807
f 4805 4807 4806
f 4807 5033 5034
f 4807 5034 4808
f 4807 5032 5035
f 4807 5035 4911
f 4807 4911 5036
f 4807 5036 5033
f 4808 5034 4809
f 4809 5037 4810
f 4809 5034 5036
f 4809 5036 5037
f 4810 5037 5038
f 4810 5038 4939
f 4810 4939 4811
f 4811 4939 4812
f 4812 4939 4813
f 4813 4939 4814
f 4814 4939 5039
f 4814 5039 4937
f 4814 4937 4936
f 4814 4936 5040
f 4814 5040 5041
f 4814 5041 5042
f 4814 5042 5043
f 4814 5043 4818
f 4814 4818 4815
f 4815 4818 4816
f 4816 4818 4817
f 4818 5043 5044
f 4818 5044 5045
f 4818 5045 5046
f 4818 5046 5047
f 4818 5047 5003
f 4818 5003 5048
f 4818 5048 4819
f 4819 5048 5003
f 4819 5003 4820
f 4820 5003 4821
f 4823 5019 4825
f 4823 4825 4824
f 4825 5013 4826
f 4825 5019 5013
f 4826 5018 5049
f 4826 5049 5050
f 4826 5050 4827
f 4827 5050 5051
f 4827 5051 4828
f 4828 4830 4829
f 4828 5051 5052
f 4828 5052 4830
f 4830 5052 4833
f 4830 4833 4832
f 4830 4832 4831
f 4833 5052 5051
f 4833 5051 5053
f 4833 5053 5054
f 4833 5054 5055
f 4833 5055 4836
f 4834 4836 4835
f 4835 4836 4837
f 4836 5055 4837
f 4837 5055 4838
f 4838 5056 4840
f 4838 4840 4839
f 4838 5055 5056
f 4840 5056 5057
f 4840 5057 4844
f 4840 4844 4843
f 4841 5058 4842
f 4841 4845 5058
f 4842 5058 4846
f 4844 5057 5054
f 4844 5054 5059
f 4844 5059 5060
f 4844 5060 5061
f 4844 5061 5062
f 4844 5062 5063
f 4844 5063 5058
f 4844 5058 4845
f 4846 5064 5065
f 4846 5065 5066
f 4846 5066 5067
f 4846 5067 4848
f 4846 4848 4847
f 4846 5058 5064
f 4848 5067 4849
f 4849 5068 5069
f 4849 5069 5070
f 4849 5070 5071
f 4849 5071 4850
f 4849 5067 5068
f 4850 5071 4980
f 4850 4980 4979
f 4850 4978 5072
f 4850 5072 4857
f 4850 4857 4852
f 4850 4852 4851
f 4852 4857 4856
f 4852 4856 4854
f 4852 4854 4853
f 4854 4856 4855
f 4857 5072 5073
f 4857 5073 4858
f 4858 5073 5074
f 4858 5074 4859
f 4859 5074 5075
f 4859 5075 5076
f 4859 5076 5077
f 4859 5077 5078
f 4859 5078 4861
f 4859 4861 4860
f 4861 5078 5079
f 4861 5079 5080
f 4861 5080 5081
f 4861 5081 4866
f 4861 4866 4863
f 4861 4863 4862
f 4864 4866 4868
f 4864 4868 4867
f 4866 5081 5082
f 4866 5082 5083
f 4866 5083 4869
f 4866 4869 4868
f 4869 5083 5084
f 4869 5084 4870
f 4870 5084 5085
f 4870 5085 5086
f 4870 5086 5087
f 4870 5087 4871
f 4871 5087 5088
f 4871 5088 4872
f 4872 5089 4875
f 4872 4875 4873
f 4872 5088 5089
f 4873 4875 4874
f 4875 5089 4876
f 4876 5089 5090
f 4876 5090 4877
f 4877 5090 4878
f 4878 5090 4879
f 4879 5091 5092
f 4879 5092 4883
f 4879 4883 4880
f 4879 5090 5093
f 4879 5093 5091
f 4881 4885 4882
f 4881 4884 5094
f 4881 5094 4885
f 4883 5092 5095
f 4883 5095 4884
f 4884 5096 5097
f 4884 5097 4886
f 4884 4886 5094
f 4884 5095 5098
f 4884 5098 5099
f 4884 5099 5096
f 4885 5094 4886
f 4887 4998 5100
f 4887 5100 4888
f 4888 5100 5101
f 4888 5101 4889
f 4889 4891 4890
f 4889 5101 4891
f 4891 5101 4996
f 4891 4995 4893
f 4891 4893 4892
f 4893 4995 4994
f 4893 4994 5102
f 4893 5102 4894
f 4894 5102 5103
f 4894 5103 5104
f 4894 5104 5105
f 4894 5105 5106
f 4894 5106 5107
f 4894 5107 5108
f 4894 5108 4895
f 4895 5108 5109
f 4895 5109 4896
f 4896 5109 4897
f 4897 5109 4898
f 4898 5110 5111
f 4898 5111 5112
f 4898 5112 5113
f 4898 5113 4901
f 4898 4901 4900
f 4898 4900 4899
f 4898 5109 5110
f 4901 5113 5114
f 4901 5114 5115
f 4901 5115 5116
f 4901 5116 4902
f 4902 5116 5117
f 4902 5117 4903
f 4903 5117 5041
f 4903 5041 5118
f 4903 5118 4936
f 4903 4936 5119
f 4903 5119 4904
f 4904 5119 4905
f 4905 5119 4936
f 4905 4936 4935
f 4909 4943 4942
f 4909 4942 5120
f 4909 5120 5121
f 4909 5121 4910
f 4910 5121 5122
f 4910 5122 4911
f 4911 5123 4913
f 4911 4913 4912
f 4911 5122 5124
f 4911 5124 5125
f 4911 5125 5126
f 4911 5126 5127
f 4911 5127 5038
f 4911 5038 5128
f 4911 5128 5036
f 4911 5035 5129
f 4911 5129 5123
f 4913 5123 5130
f 4913 5130 5131
f 4913 5131 4914
f 4914 5131 5132
f 4914 5132 4920
f 4915 4917 5133
f 4915 5133 5134
f 4915 5134 5135
f 4915 5135 4916
f 4916 5135 5136
f 4916 5136 5137
f 4916 5137 5138
f 4916 5138 4918
f 4917 4926 5133
f 4918 5139 5140
f 4918 5140 4927
f 4918 5138 5137
f 4918 5137 5139
f 4920 5132 5141
f 4920 5141 5142
f 4920 5142 4921
f 4921 5143 4922
f 4921 5142 5141
f 4921 5141 5144
f 4921 5144 5030
f 4921 5030 5145
f 4921 5145 5143
f 4922 5146 4923
f 4922 5143 5279
f 4922 5279 5146
f 4923 5146 4924
f 4924 5146 4925
f 4925 5146 5147
f 4925 5147 5148
f 4925 5148 5282
f 4925 5282 5149
f 4925 5149 4926
f 4926 5150 5134
f 4926 5134 5133
f 4926 5149 5150
f 4927 5140 4928
f 4928 5140 4929
f 4929 5140 5151
f 4929 5151 5152
f 4929 5152 5153
f 4929 5153 5154
f 4929 5154 5001
f 4929 5001 5155
f 4929 5155 4930
f 4930 5155 5000
f 4930 5000 4931
f 4931 5000 4999
f 4936 5118 5040
f 4937 5039 4938
f 4938 5039 4939
f 4939 5038 5127
f 4939 5127 5126
f 4939 5126 4940
f 4940 5126 5125
f 4940 5125 5156
f 4940 5156 4941
f 4941 5120 4942
f 4941 5156 5120
f 4944 5157 4945
f 4945 5157 5158
f 4945 5158 5159
f 4945 5159 4946
f 4946 5159 4947
f 4947 5160 4948
f 4947 5159 5158
f 4947 5158 5160
f 4948 5161 5162
f 4948 5162 5163
f 4948 5163 4949
f 4948 5160 5161
f 4949 5163 4950
f 4950 5163 5164
f 4950 5164 5165
f 4950 5165 5166
f 4950 5166 4951
f 4951 5166 4953
f 4951 4953 4952
f 4953 5166 5167
f 4953 5167 5168
f 4953 5168 4954
f 4954 4957 4956
f 4954 4956 4955
f 4954 5168 5167
f 4954 5167 5169
f 4954 5169 5170
f 4954 5170 4957
f 4957 5170 5171
f 4957 5171 4958
f 4958 5171 5170
f 4958 5170 4961
f 4959 4964 4960
f 4959 4963 4964
f 4961 5170 5172
f 4961 5172 5173
f 4961 5173 4962
f 4962 5173 5174
f 4962 5174 4963
f 4963 5174 5175
f 4963 5175 5176
f 4963 5176 5177
f 4963 5177 4965
f 4963 4965 4964
f 4965 5177 4966
f 4966 5177 4967
f 4967 4969 4968
f 4967 5177 5175
f 4967 5175 5178
f 4967 5178 5179
f 4967 5179 4969
f 4969 5180 4971
f 4969 5179 5078
f 4969 5078 5180
f 4971 5180 4972
f 4972 5180 5181
f 4972 5181 4973
f 4973 5181 5182
f 4973 5182 4974
f 4974 5182 5077
f 4974 5077 4975
f 4975 5077 5076
f 4975 5076 4976
f 4976 5076 5075
f 4976 5075 5183
f 4976 5183 4978
f 4978 5183 5072
f 4980 5184 5185
f 4980 5185 5186
f 4980 5186 4981
f 4980 5071 5070
f 4980 5070 5187
f 4980 5187 5184
f 4981 5186 4982
f 4982 5188 4983
f 4982 5186 4986
f 4982 4986 5188
f 4983 5188 4986
f 4983 4986 4985
f 4983 4985 4984
f 4986 5186 5185
f 4986 5185 5189
f 4986 5189 5190
f 4986 5190 4987
f 4987 5190 5191
f 4987 5191 4988
f 4988 5191 4989
f 4989 4991 4990
f 4989 5191 5192
f 4989 5192 4991
f 4991 5192 4992
f 4992 5192 5193
f 4992 5193 5103
f 4992 5103 4994
f 4992 4994 4993
f 4994 5103 5102
f 4996 5101 4998
f 4998 5101 5100
f 5000 5155 5001
f 5001 5154 5153
f 5001 5153 5194
f 5003 5047 5195
f 5003 5195 5004
f 5004 5008 5005
f 5004 5195 5009
f 5005 5007 5006
f 5009 5195 5196
f 5009 5196 5197
f 5009 5197 5198
f 5009 5198 5199
f 5009 5199 5010
f 5010 5199 5011
f 5011 5199 5015
f 5013 5019 5014
f 5015 5199 5198
f 5015 5198 5200
f 5015 5200 5016
f 5016 5200 5201
f 5016 5201 5202
f 5016 5202 5017
f 5017 5203 5018
f 5017 5202 5204
f 5017 5204 5203
f 5018 5203 5049
f 5020 5205 5021
f 5021 5205 5022
f 5022 5206 5023
f 5023 5206 5207
f 5023 5207 5024
f 5024 5207 5208
f 5024 5208 5025
f 5025 5027 5026
f 5025 5208 5209
f 5025 5209 5210
f 5025 5210 5211
f 5025 5211 5212
f 5025 5212 5029
f 5025 5029 5027
f 5029 5212 5280
f 5029 5280 5145
f 5029 5145 5030
f 5030 5144 5141
f 5030 5141 5031
f 5031 5141 5213
f 5031 5213 5131
f 5031 5131 5214
f 5031 5214 5032
f 5032 5214 5215
f 5032 5215 5035
f 5033 5036 5034
f 5035 5215 5129
f 5036 5128 5037
f 5037 5128 5038
f 5040 5118 5041
f 5041 5216 5042
f 5041 5117 5216
f 5042 5216 5045
f 5042 5045 5044
f 5042 5044 5043
f 5045 5216 5116
f 5045 5116 5217
f 5045 5217 5218
f 5045 5218 5219
f 5045 5219 5046
f 5046 5195 5047
f 5046 5219 5218
f 5046 5218 5195
f 5049 5203 5220
f 5049 5220 5221
f 5049 5221 5050
f 5050 5221 5051
f 5051 5221 5053
f 5053 5221 5060
f 5053 5060 5059
f 5053 5059 5054
f 5054 5057 5056
f 5054 5056 5055
f 5058 5063 5222
f 5058 5222 5223
f 5058 5223 5065
f 5058 5065 5064
f 5060 5224 5225
f 5060 5225 5061
f 5060 5221 5220
f 5060 5220 5224
f 5061 5225 5226
f 5061 5226 5227
f 5061 5227 5228
f 5061 5228 5062
f 5062 5228 5229
f 5062 5229 5223
f 5062 5223 5222
f 5062 5222 5063
f 5065 5223 5066
f 5066 5223 5230
f 5066 5230 5231
f 5066 5231 5232
f 5066 5232 5233
f 5066 5233 5234
f 5066 5234 5235
f 5066 5235 5068
f 5066 5068 5067
f 5068 5235 5069
f 5069 5234 5236
f 5069 5236 5184
f 5069 5184 5187
f 5069 5187 5070
f 5069 5235 5234
f 5072 5183 5075
f 5072 5075 5237
f 5072 5237 5073
f 5073 5237 5075
f 5073 5075 5074
f 5077 5182 5078
f 5078 5179 5238
f 5078 5238 5079
f 5078 5182 5181
f 5078 5181 5180
f 5079 5238 5239
f 5079 5239 5080
f 5080 5239 5083
f 5080 5083 5082
f 5080 5082 5081
f 5083 5239 5240
f 5083 5240 5084
f 5084 5240 5241
f 5084 5241 5242
f 5084 5242 5085
f 5085 5243 5244
f 5085 5244 5245
f 5085 5245 5087
f 5085 5087 5086
f 5085 5242 5246
f 5085 5246 5247
f 5085 5247 5248
f 5085 5248 5243
f 5087 5245 5249
f 5087 5249 5250
f 5087 5250 5088
f 5088 5250 5091
f 5088 5091 5093
f 5088 5093 5251
f 5088 5251 5089
f 5089 5251 5090
f 5090 5251 5093
f 5091 5250 5252
f 5091 5252 5244
f 5091 5244 5243
f 5091 5243 5253
f 5091 5253 5092
f 5092 5253 5254
f 5092 5254 5098
f 5092 5098 5095
f 5096 5255 5097
f 5096 5099 5255
f 5097 5255 5256
f 5098 5254 5099
f 5099 5257 5258
f 5099 5258 5259
f 5099 5259 5256
f 5099 5256 5255
f 5099 5254 5257
f 5103 5193 5260
f 5103 5260 5104
f 5104 5260 5193
f 5104 5193 5192
f 5104 5192 5261
f 5104 5261 5262
f 5104 5262 5263
f 5104 5263 5105
f 5105 5263 5264
f 5105 5264 5265
f 5105 5265 5266
f 5105 5266 5106
f 5106 5114 5112
f 5106 5112 5111
f 5106 5111 5107
f 5106 5266 5267
f 5106 5267 5268
f 5106 5268 5269
f 5106 5269 5270
f 5106 5270 5271
f 5106 5271 5115
f 5106 5115 5114
f 5107 5111 5108
f 5108 5111 5109
f 5109 5111 5110
f 5112 5114 5113
f 5115 5271 5116
f 5116 5271 5272
f 5116 5272 5217
f 5116 5216 5117
f 5120 5156 5273
f 5120 5273 5274
f 5120 5274 5121
f 5121 5274 5124
f 5121 5124 5122
f 5123 5129 5130
f 5124 5274 5273
f 5124 5273 5125
f 5125 5273 5156
f 5129 5215 5130
f 5130 5215 5214
f 5130 5214 5131
f 5131 5213 5132
f 5132 5213 5141
f 5134 5275 5135
f 5134 5150 5275
f 5135 5275 5276
f 5135 5276 5136
f 5136 5277 5278
f 5136 5278 5151
f 5136 5151 5140
f 5136 5140 5137
f 5136 5276 5277
f 5137 5140 5139
f 5143 5145 5279
f 5145 5280 5279
f 5146 5279 5147
f 5147 5279 5281
f 5147 5281 5148
f 5148 5281 5282
f 5149 5282 5283
f 5149 5283 5284
f 5149 5284 5285
f 5149 5285 5286
f 5149 5286 5150
f 5150 5286 5287
f 5150 5287 5275
f 5151 5278 5152
f 5152 5278 5277
f 5152 5277 5288
f 5152 5288 5289
f 5152 5289 5290
f 5152 5290 5291
f 5152 5291 5194
f 5152 5194 5153
f 5162 5292 5164
f 5162 5164 5163
f 5164 5292 5293
f 5164 5293 5294
f 5164 5294 5165
f 5165 5294 5166
f 5166 5294 5295
f 5166 5295 5296
f 5166 5296 5167
f 5167 5296 5295
f 5167 5295 5297
f 5167 5297 5298
f 5167 5298 5169
f 5169 5299 5300
f 5169 5300 5301
f 5169 5301 5302
f 5169 5302 5303
f 5169 5303 5170
f 5169 5298 5304
f 5169 5304 5299
f 5170 5303 5305
f 5170 5305 5306
f 5170 5306 5307
f 5170 5307 5308
f 5170 5308 5172
f 5172 5308 5173
f 5173 5308 5309
f 5173 5309 5310
f 5173 5310 5174
f 5174 5310 5175
f 5175 5177 5176
f 5175 5310 5309
f 5175 5309 5246
f 5175 5246 5311
f 5175 5311 5312
f 5175 5312 5178
f 5178 5312 5311
f 5178 5311 5241
f 5178 5241 5313
f 5178 5313 5179
f 5179 5313 5314
f 5179 5314 5238
f 5184 5189 5185
f 5184 5236 5189
f 5189 5315 5190
f 5189 5236 5234
f 5189 5234 5315
f 5190 5315 5316
f 5190 5316 5191
f 5191 5316 5192
f 5192 5317 5318
f 5192 5318 5319
f 5192 5319 5261
f 5192 5316 5317
f 5195 5218 5320
f 5195 5320 5196
f 5196 5320 5200
f 5196 5200 5197
f 5197 5200 5198
f 5200 5320 5321
f 5200 5321 5322
f 5200 5322 5268
f 5200 5268 5323
f 5200 5323 5202
f 5200 5202 5201
f 5202 5323 5268
f 5202 5268 5324
f 5202 5324 5204
f 5203 5204 5224
f 5203 5224 5220
f 5204 5324 5224
f 5206 5325 5326
f 5206 5326 5207
f 5207 5326 5327
f 5207 5327 5208
f 5208 5327 5209
f 5209 5327 5328
f 5209 5328 5210
f 5210 5328 5329
f 5210 5329 5281
f 5210 5281 5330
f 5210 5330 5211
f 5211 5330 5212
f 5212 5330 5280
f 5217 5272 5331
f 5217 5331 5218
f 5218 5331 5320
f 5223 5229 5228
f 5223 5228 5230
f 5224 5324 5332
f 5224 5332 5226
f 5224 5226 5225
f 5226 5332 5268
f 5226 5268 5333
f 5226 5333 5227
f 5227 5333 5334
f 5227 5334 5335
f 5227 5335 5264
f 5227 5264 5336
f 5227 5336 5337
f 5227 5337 5228
f 5228 5337 5230
f 5230 5337 5231
f 5231 5337 5336
f 5231 5336 5232
f 5232 5336 5338
f 5232 5338 5316
f 5232 5316 5234
f 5232 5234 5233
f 5234 5316 5315
f 5238 5314 5239
f 5239 5314 5241
f 5239 5241 5240
f 5241 5339 5242
f 5241 5314 5313
f 5241 5311 5339
f 5242 5339 5246
f 5243 5254 5253
f 5243 5248 5340
f 5243 5340 5254
f 5244 5341 5245
f 5244 5252 5341
f 5245 5341 5249
f 5246 5342 5307
f 5246 5307 5343
f 5246 5343 5247
f 5246 5339 5311
f 5246 5309 5342
f 5247 5343 5344
f 5247 5344 5248
f 5248 5344 5303
f 5248 5303 5345
f 5248 5345 5346
f 5248 5346 5257
f 5248 5257 5254
f 5248 5254 5340
f 5249 5341 5250
f 5250 5341 5252
f 5256 5259 5347
f 5256 5347 5348
f 5257 5346 5370
f 5257 5370 5347
f 5257 5347 5259
f 5257 5259 5258
f 5261 5318 5262
f 5261 5319 5318
f 5262 5318 5264
f 5262 5264 5263
f 5264 5318 5349
f 5264 5349 5336
f 5264 5335 5268
f 5264 5268 5267
f 5264 5267 5266
f 5264 5266 5265
f 5268 5334 5333
f 5268 5332 5324
f 5268 5322 5270
f 5268 5270 5350
f 5268 5350 5269
f 5268 5335 5334
f 5269 5350 5270
f 5270 5322 5321
f 5270 5321 5320
f 5270 5320 5331
f 5270 5331 5351
f 5270 5351 5272
f 5270 5272 5271
f 5272 5351 5331
f 5275 5352 5276
f 5275 5287 5352
f 5276 5353 5288
f 5276 5288 5277
f 5276 5352 5353
f 5279 5280 5330
f 5279 5330 5281
f 5281 5329 5282
f 5282 5329 5354
f 5282 5354 5283
f 5284 5286 5285
f 5286 5355 5287
f 5287 5355 5352
f 5288 5353 5356
f 5294 5357 5358
f 5294 5358 5297
f 5294 5297 5295
f 5297 5358 5298
f 5298 5358 5359
f 5298 5359 5304
f 5299 5360 5300
f 5299 5304 5359
f 5299 5359 5360
f 5300 5360 5361
f 5300 5361 5362
f 5300 5362 5301
f 5301 5362 5363
f 5301 5363 5302
f 5302 5363 5303
f 5303 5344 5305
f 5303 5363 5364
f 5303 5364 5365
f 5303 5365 5345
f 5305 5344 5307
f 5305 5307 5306
f 5307 5366 5308
f 5307 5344 5343
f 5307 5342 5366
f 5308 5366 5309
f 5309 5366 5342
f 5316 5338 5367
f 5316 5367 5318
f 5316 5318 5317
f 5318 5367 5349
f 5325 5328 5368
f 5325 5368 5326
f 5325 5354 5329
f 5325 5329 5328
f 5326 5368 5328
f 5326 5328 5327
f 5336 5349 5338
f 5338 5349 5367
f 5345 5369 5346
f 5345 5365 5369
f 5346 5369 5370
f 5347 5370 5348
f 5348 5370 5369
f 5348 5369 5371
f 5352 5356 5353
f 5357 5372 5359
f 5357 5359 5373
f 5357 5373 5358
f 5358 5373 5359
f 5359 5372 5374
f 5359 5374 5360
f 5360 5375 5362
f 5360 5362 5361
f 5362 5376 5363
f 5362 5375 5376
f 5363 5376 5369
f 5363 5369 5364
f 5364 5369 5365
f 5369 5376 5371

