# https://github.com/mikedh/trimesh
v 0.50526798 0.02500978 -0.03502817
v 0.50471586 0.00500134 -0.02504350
v 0.50467336 0.00500134 -0.03502817
v 0.50488573 0.02500978 -0.04501283
v 0.50484329 0.03500334 -0.04501283
v 0.50514054 0.03500334 -0.03502817
v 0.50514054 0.03500334 -0.02504350
v 0.50522554 0.02500978 -0.02504350
v 0.50433362 -0.00499222 -0.02504350
v 0.50467336 0.00500134 -0.01505883
v 0.50424868 -0.00499222 -0.03502817
v 0.50416374 0.00500134 -0.04501283
v 0.50420624 0.02500978 -0.05507674
v 0.50416374 0.03500334 -0.05507674
v 0.50416374 0.04499690 -0.04501283
v 0.50450349 0.04499690 -0.03502817
v 0.50501317 0.03500334 -0.01505883
v 0.50450349 0.04499690 -0.02504350
v 0.50505567 0.02500978 -0.01505883
v 0.50488573 0.01500556 -0.01505883
v 0.50424868 -0.00499222 -0.01505883
v 0.50335681 -0.01499644 -0.01505883
v 0.50339925 -0.01499644 -0.02504350
v 0.50335681 -0.01499644 -0.03502817
v 0.50429118 0.00500134 -0.00507417
v 0.50390893 -0.00499222 -0.00507417
v 0.50293207 -0.01499644 -0.04501283
v 0.50373906 -0.00499222 -0.04501283
v 0.50352669 0.02500978 -0.06498216
v 0.50344175 0.03500334 -0.06498216
v 0.50144565 0.06499469 -0.06498216
v 0.50254989 0.06499469 -0.04501283
v 0.50280470 0.06499469 -0.03502817
v 0.50433362 0.04499690 -0.01505883
v 0.50458848 0.03500334 -0.00507417
v 0.50467336 0.02500978 -0.00507417
v 0.50365412 0.05499047 -0.02504350
v 0.50322938 -0.01627494 -0.01505883
v 0.50327188 -0.01627494 -0.02377560
v 0.50301707 -0.01499644 -0.00507417
v 0.50327188 -0.01627494 -0.02504350
v 0.50322938 -0.01627494 -0.03376027
v 0.50318694 -0.01627494 -0.03502817
v 0.50386643 0.01500556 0.00498974
v 0.50365412 0.00500134 0.00498974
v 0.50327188 -0.00499222 0.00498974
v 0.50276220 -0.01627494 -0.04501283
v 0.50204021 -0.01627494 -0.05372960
v 0.50208271 -0.01499644 -0.05507674
v 0.50288963 -0.00499222 -0.05507674
v 0.50301707 0.01500556 -0.06498216
v 0.50254989 0.02500978 -0.07496683
v 0.50250739 0.03500334 -0.07496683
v 0.50191283 0.04499690 -0.07496683
v 0.50127578 0.05499047 -0.07496683
v 0.50051129 0.06522907 -0.07552153
v 0.50025648 0.07178136 -0.07251028
v 0.50055373 0.07343274 -0.06498216
v 0.50140315 0.07499890 -0.04501283
v 0.50161552 0.07499890 -0.03502817
v 0.50157309 0.07499890 -0.02504350
v 0.50271976 0.06499469 -0.02504350
v 0.50246495 0.06499469 -0.01505883
v 0.50390893 0.04499690 -0.00507417
v 0.50403631 0.03500334 0.00498974
v 0.50403631 0.02500978 0.00498974
v 0.50284719 -0.01627494 -0.00507417
v 0.50233752 -0.01499644 0.00498974
v 0.50276220 -0.01627494 -0.00372703
v 0.50314444 0.01500556 0.01497441
v 0.50293207 0.00500134 0.01497441
v 0.50250739 -0.00499222 0.01497441
v 0.50191283 -0.01627494 -0.05515599
v 0.50110590 -0.01627494 -0.06387275
v 0.50114834 -0.01499644 -0.06498216
v 0.50195527 -0.00499222 -0.06498216
v 0.50204021 0.01500556 -0.07496683
v 0.50068116 0.01415323 -0.08590242
v 0.50017154 0.01692330 -0.09129097
v 0.50131822 0.02500978 -0.08495149
v 0.50127578 0.03500334 -0.08495149
v 0.50059623 0.04542307 -0.08574393
v 0.49953449 0.06522907 -0.08471376
v 0.50012904 0.06205415 -0.08122706
v 0.49987423 0.06872363 -0.07916673
v 0.49838775 0.07499890 -0.08495149
v 0.49940705 0.07507348 -0.07552153
v 0.49779320 0.08499247 -0.07496683
v 0.49970436 0.07842954 -0.06498216
v 0.50012904 0.08060297 -0.05198625
v 0.50029892 0.08151922 -0.04501283
v 0.50042635 0.08211586 -0.03502817
v 0.50042635 0.08207324 -0.02504350
v 0.50034142 0.08165773 -0.01505883
v 0.50136071 0.07499890 -0.01505883
v 0.50063872 0.07585123 -0.00428173
v 0.50187033 0.06499469 -0.00507417
v 0.50335681 0.04499690 0.00498974
v 0.50331438 0.03500334 0.01497441
v 0.50331438 0.02500978 0.01497441
v 0.50157309 -0.01499644 0.01497441
v 0.50144565 -0.01627494 0.01489516
v 0.50208271 -0.01627494 0.00617839
v 0.50216764 -0.01627494 0.00498974
v 0.50204021 0.00500134 0.02495907
v 0.50157309 -0.00499222 0.02495907
v 0.50029892 -0.01627494 -0.07124239
v 0.50029892 -0.01499644 -0.07258952
v 0.49995917 -0.00982919 -0.07987992
v 0.50068116 -0.00588717 -0.07591775
v 0.50144565 0.00500134 -0.07496683
v 0.50042635 0.00500134 -0.08352511
v 0.49995917 0.01025382 -0.08986458
v 0.49949199 0.01415323 -0.09477767
v 0.49961942 0.02500978 -0.09755119
v 0.50034142 0.02500978 -0.09255886
v 0.50029892 0.03500334 -0.09216264
v 0.49944952 0.04542307 -0.09446070
v 0.49991670 0.04903482 -0.08954761
v 0.49974680 0.05499047 -0.08804198
v 0.49830282 0.06499469 -0.09493616
v 0.49715614 0.07499890 -0.09493616
v 0.49673140 0.08499247 -0.08495149
v 0.49639165 0.09255689 -0.07496683
v 0.49541485 0.09255689 -0.08495149
v 0.49566966 0.09255689 -0.08249494
v 0.49656153 0.09255689 -0.07251028
v 0.49847269 0.08499247 -0.06498216
v 0.49698624 0.09255689 -0.06498216
v 0.49923718 0.08651601 -0.04501283
v 0.49936458 0.08712329 -0.03502817
v 0.49932212 0.08707002 -0.02504350
v 0.49804801 0.09255689 -0.02211149
v 0.49919471 0.08665451 -0.01505883
v 0.50017154 0.08084802 -0.00705525
v 0.49995917 0.07976130 -0.00039881
v 0.50263482 0.04499690 0.01497441
v 0.50008661 0.04092703 0.04064927
v 0.50221014 0.03500334 0.02495907
v 0.50229502 0.02500978 0.02495907
v 0.50059623 -0.01514560 0.02503832
v 0.50131822 -0.01627494 0.01624230
v 0.50093603 0.00500134 0.03494374
v 0.50012904 -0.00174272 0.04072850
v 0.49987423 -0.00841220 0.03882667
v 0.50021398 -0.01191740 0.03217022
v 0.49978930 -0.01627494 -0.07575926
v 0.49970436 -0.01499644 -0.07758186
v 0.49864259 -0.01627494 -0.08495149
v 0.49877000 -0.01499644 -0.08495149
v 0.49736845 -0.01499644 -0.09493616
v 0.49821788 -0.00499222 -0.09493616
v 0.49957693 -0.00588717 -0.08487225
v 0.50017154 -0.00315971 -0.08154403
v 0.49630672 0.01500556 -0.11498474
v 0.49792057 0.01500556 -0.10492082
v 0.49843025 0.02500978 -0.10492082
v 0.49957693 0.03500334 -0.09723422
v 0.49685884 0.06499469 -0.10492082
v 0.49885494 0.05499047 -0.09493616
v 0.49549979 0.08499247 -0.09493616
v 0.49571213 0.07499890 -0.10492082
v 0.49422568 0.09255689 -0.09493616
v 0.49452296 0.09255689 -0.09247962
v 0.49787813 0.09255689 -0.04501283
v 0.49796307 0.09255689 -0.04192234
v 0.49813294 0.09255689 -0.03502817
v 0.49813294 0.09255689 -0.03193767
v 0.49809048 0.09255689 -0.02504350
v 0.49783564 0.09255689 -0.01505883
v 0.49770826 0.09255689 -0.01252304
v 0.49711365 0.09255689 -0.00261762
v 0.49838775 0.08499247 0.00498974
v 0.49745342 0.08499247 0.01497441
v 0.49974680 0.07796074 0.00498974
v 0.50008661 0.07085446 0.01085375
v 0.49974680 0.06796718 0.01758943
v 0.50012904 0.06129771 0.02115539
v 0.50153059 0.04499690 0.02495907
v 0.49787813 0.06499469 0.03494374
v 0.49660403 0.07499890 0.03494374
v 0.49507508 0.07499890 0.04492840
v 0.49634919 0.06499469 0.04492840
v 0.49898237 0.04454943 0.04437370
v 0.49702871 0.04499690 0.05499231
v 0.49511755 0.04499690 0.06497698
v 0.49766576 0.03500334 0.05499231
v 0.49927965 0.03500334 0.04611705
v 0.50017154 0.03500334 0.04112472
v 0.50102091 0.03500334 0.03494374
v 0.50042635 0.04454943 0.03454752
v 0.50012904 0.05111237 0.03098157
v 0.50106341 0.02500978 0.03494374
v 0.50102091 0.01500556 0.03494374
v 0.50046885 -0.01627494 0.02503832
v 0.50017154 0.00500134 0.04112472
v 0.49932212 0.00500134 0.04611705
v 0.49779320 0.00500134 0.05499231
v 0.49749589 -0.00499222 0.05499231
v 0.49927965 -0.00504549 0.04445294
v 0.49787813 -0.01627494 0.04627554
v 0.49809048 -0.01627494 0.04492840
v 0.49936458 -0.01627494 0.03526071
v 0.49719858 -0.01627494 -0.09493616
v 0.49575460 -0.01627494 -0.10365293
v 0.49554223 -0.01627494 -0.10492082
v 0.49566966 -0.01499644 -0.10492082
v 0.49651906 -0.00499222 -0.10492082
v 0.49677390 0.02500978 -0.11498474
v 0.49554223 0.00500134 -0.11498474
v 0.49448049 0.01500556 -0.12496940
v 0.49830282 0.03500334 -0.10492082
v 0.49579707 0.05499047 -0.11498474
v 0.49736845 0.05499047 -0.10492082
v 0.49524495 0.06499469 -0.11498474
v 0.49278167 0.09255689 -0.10492082
v 0.49409825 0.07499890 -0.11498474
v 0.49244189 0.08499247 -0.11498474
v 0.49660403 0.09255689 0.00498974
v 0.49571213 0.09255689 0.01497441
v 0.49626425 0.08499247 0.02495907
v 0.49796307 0.07499890 0.02495907
v 0.49927965 0.07450882 0.01449895
v 0.49927965 0.06478161 0.02472134
v 0.50046885 0.05466019 0.02472134
v 0.49494767 0.08499247 0.03494374
v 0.49341872 0.08499247 0.04492840
v 0.49176237 0.08499247 0.05499231
v 0.49333379 0.07499890 0.05499231
v 0.49121025 0.07578731 0.06584865
v 0.49392837 0.05499047 0.06497698
v 0.49299401 0.04499690 0.07496165
v 0.49571213 0.03500334 0.06497698
v 0.49770826 0.02500978 0.05499231
v 0.49579707 0.02500978 0.06497698
v 0.49596697 0.00500134 0.06497698
v 0.50021398 0.02500978 0.04120397
v 0.49566966 -0.00499222 0.06497698
v 0.49656153 -0.01499644 0.05499231
v 0.49617928 -0.01627494 0.05626021
v 0.49380094 -0.01627494 -0.11498474
v 0.49392837 -0.01499644 -0.11498474
v 0.49477780 -0.00499222 -0.11498474
v 0.49494767 0.02500978 -0.12496940
v 0.49486274 0.03500334 -0.12496940
v 0.49660403 0.03500334 -0.11498474
v 0.49367356 0.00500134 -0.12496940
v 0.49231449 0.01500556 -0.13495407
v 0.49282414 0.02500978 -0.13495407
v 0.49414071 0.05499047 -0.12496940
v 0.49358863 0.06499469 -0.12496940
v 0.49019098 0.09255689 -0.12108648
v 0.49239942 0.07499890 -0.12496940
v 0.49452296 0.09255689 0.02495907
v 0.49324882 0.09255689 0.03494374
v 0.49176237 0.09255689 0.04500765
v 0.49040332 0.09167260 0.05499231
v 0.48997861 0.09001055 0.05998465
v 0.49044579 0.08499247 0.06228271
v 0.48993614 0.07964410 0.06973158
v 0.49036086 0.07298528 0.07155418
v 0.49180484 0.05499047 0.07496165
v 0.49358863 0.03500334 0.07496165
v 0.49036086 0.05499047 0.08153884
v 0.48968130 0.04711707 0.08859150
v 0.49078554 0.04427242 0.08510479
v 0.49002108 0.04044760 0.09009713
v 0.49371600 0.02500978 0.07496165
v 0.49388590 0.00500134 0.07496165
v 0.49354613 -0.00499222 0.07496165
v 0.49469283 -0.01499644 0.06497698
v 0.49452296 -0.01627494 0.06497698
v 0.49176237 -0.01627494 -0.12496940
v 0.49188977 -0.01499644 -0.12496940
v 0.49282414 -0.00499222 -0.12496940
v 0.49282414 0.03500334 -0.13495407
v 0.49452296 0.04499690 -0.12496940
v 0.49256933 0.04499690 -0.13495407
v 0.49227202 0.05499047 -0.13495407
v 0.49061567 0.01500556 -0.14271992
v 0.49082804 0.02500978 -0.14375007
v 0.49167743 0.06499469 -0.13495407
v 0.48968130 0.08808216 -0.12821838
v 0.48929909 0.09255689 -0.12607881
v 0.49002108 0.07034305 -0.14018413
v 0.49061567 0.07419984 -0.13463709
v 0.49019098 0.08141269 -0.13107115
v 0.49019098 0.09255689 0.05499231
v 0.48887438 0.09255689 0.06252043
v 0.48946896 0.08499247 0.06735428
v 0.48772770 0.08499247 0.07496165
v 0.48526439 0.08499247 0.08494630
v 0.48679334 0.07499890 0.08494630
v 0.48853463 0.06418497 0.08407463
v 0.49002108 0.06031753 0.08011246
v 0.49133766 0.03500334 0.08494630
v 0.48917168 0.05499047 0.08653118
v 0.48692074 0.05499047 0.09493098
v 0.48849213 0.04427242 0.09405930
v 0.48530686 0.04499690 0.10499488
v 0.48585898 0.03500334 0.10499488
v 0.48866203 0.03500334 0.09532720
v 0.49006355 0.03500334 0.09033486
v 0.49142259 0.02500978 0.08494630
v 0.49159250 0.00500134 0.08494630
v 0.49014848 -0.00211561 0.09057260
v 0.49252683 -0.01499644 0.07496165
v 0.49104038 -0.00526923 0.08573875
v 0.48989367 -0.00878509 0.08954242
v 0.49235696 -0.01627494 0.07504089
v 0.49031836 -0.01627494 -0.13130887
v 0.49087048 -0.00499222 -0.13368617
v 0.49121025 0.00425555 -0.13582575
v 0.49082804 0.03500334 -0.14367083
v 0.48955393 0.05499047 -0.14794998
v 0.49061567 0.05499047 -0.14295764
v 0.48993614 0.00042007 -0.13978791
v 0.48942649 0.01500556 -0.14771225
v 0.48968130 0.02500978 -0.14874241
v 0.48925662 0.06499469 -0.14652359
v 0.48891687 0.08484331 -0.13463709
v 0.48806745 0.09255689 -0.13257676
v 0.48857707 0.07419984 -0.14414629
v 0.48551923 0.09255689 -0.14493874
v 0.48611379 0.09255689 0.07496165
v 0.48373544 0.09255689 0.08494630
v 0.48012549 0.09059653 0.10047801
v 0.48263121 0.08499247 0.09493098
v 0.48411769 0.07499890 0.09493098
v 0.49023342 0.00500134 0.09081031
v 0.48403275 0.05499047 0.10499488
v 0.48110229 0.05446842 0.11521728
v 0.48008299 0.05078209 0.12028886
v 0.48229146 0.04499690 0.11497955
v 0.48632616 0.00500134 0.10499488
v 0.48284358 0.03500334 0.11497955
v 0.48318332 0.01500556 0.11497955
v 0.48335323 0.00500134 0.11497955
v 0.48594391 -0.00499222 0.10499488
v 0.48887438 -0.00526923 0.09437627
v 0.48912919 -0.01627494 0.08882923
v 0.48951143 -0.01499644 0.08795756
v 0.48488218 -0.01499644 0.10499488
v 0.48717558 -0.01627494 0.09627812
v 0.48912919 -0.01627494 -0.13630120
v 0.48921415 -0.01499644 -0.13661817
v 0.48968130 0.03500334 -0.14866316
v 0.48777014 0.05499047 -0.15492339
v 0.48721802 0.06499469 -0.15492339
v 0.48912919 0.00425555 -0.14462176
v 0.48713309 -0.01499644 -0.14493874
v 0.48751533 0.01500556 -0.15492339
v 0.48798251 0.02500978 -0.15492339
v 0.48250383 0.05499047 -0.17497197
v 0.48590145 0.07499890 -0.15492339
v 0.48602885 0.09255689 -0.14248219
v 0.48760027 0.09255689 -0.13487482
v 0.48437250 0.08499247 -0.15492339
v 0.48377794 0.09255689 -0.15254609
v 0.48670840 0.08499247 -0.14493874
v 0.48122969 0.09255689 0.09461400
v 0.48059264 0.08499247 0.10206288
v 0.48050770 0.09255689 0.09738752
v 0.47906369 0.09255689 0.10245910
v 0.47524136 0.09255689 0.11497955
v 0.47672784 0.08499247 0.11497955
v 0.47914863 0.08499247 0.10705522
v 0.48263121 0.06499469 0.10499488
v 0.47965831 0.07780094 0.10887781
v 0.48059264 0.06499469 0.11196831
v 0.47961581 0.05744091 0.11878324
v 0.47829923 0.05446842 0.12417178
v 0.47460431 0.05499047 0.13494888
v 0.47575101 0.04499690 0.13494888
v 0.47872394 0.04499690 0.12615287
v 0.48038030 0.04499690 0.12108129
v 0.48063511 0.03500334 0.12187372
v 0.48088992 0.00500134 0.12250768
v 0.48072004 -0.00499222 0.12195297
v 0.48297098 -0.00499222 0.11497955
v 0.48471227 -0.01627494 0.10499488
v 0.48156947 -0.01545457 0.11577198
v 0.48441499 -0.01627494 0.10602506
v 0.48734546 -0.01627494 -0.14351235
v 0.48513699 0.05499047 -0.16498730
v 0.48462734 0.06499469 -0.16498730
v 0.48547673 -0.00499222 -0.15492339
v 0.48649603 0.00500134 -0.15492339
v 0.48428756 -0.01627494 -0.15492339
v 0.48135710 -0.01542260 -0.16577974
v 0.48466980 0.01500556 -0.16498730
v 0.48509452 0.02500978 -0.16498730
v 0.48059264 0.05499047 -0.18178689
v 0.48042277 0.06317283 -0.18123220
v 0.48326826 0.07499890 -0.16498730
v 0.48165441 0.09255689 -0.16094589
v 0.48318332 0.09255689 -0.15492339
v 0.47069705 0.09255689 0.12892638
v 0.47031480 0.09138494 0.13082823
v 0.47345760 0.08499247 0.12496422
v 0.47498655 0.07499890 0.12496422
v 0.47651547 0.06499469 0.12496422
v 0.47846913 0.07467929 0.11426637
v 0.47307539 0.06499469 0.13494888
v 0.47141904 0.05499047 0.14350717
v 0.46989009 0.04827837 0.14968815
v 0.47167385 0.04496494 0.14580522
v 0.47613323 0.03500334 0.13494888
v 0.47893631 0.03500334 0.12686606
v 0.47647300 0.00500134 0.13494888
v 0.47889382 -0.00499222 0.12694530
v 0.48029536 -0.01243945 0.12084356
v 0.48118722 -0.01627494 0.11664367
v 0.48152697 -0.01627494 0.11553426
v 0.48156947 0.06590029 -0.17592290
v 0.48131466 -0.01627494 -0.16554201
v 0.48021042 -0.01237553 -0.17069283
v 0.48059264 -0.00499222 -0.17196073
v 0.47897875 -0.01627494 -0.17330787
v 0.48110229 0.00500134 -0.17362484
v 0.48139960 0.01464332 -0.17576441
v 0.48016793 0.01773301 -0.18059826
v 0.48216406 0.02500978 -0.17497197
v 0.48042277 0.03500334 -0.18131144
v 0.47596335 0.04499690 -0.19494130
v 0.47889382 0.05499047 -0.18677923
v 0.47609079 0.05499047 -0.19494130
v 0.47018737 0.06171322 -0.21047300
v 0.47545373 0.06499469 -0.19494130
v 0.47422206 0.07499890 -0.19494130
v 0.47018737 0.09140625 -0.20056759
v 0.47995558 0.06984231 -0.17988506
v 0.47957337 0.07499890 -0.17845869
v 0.47791702 0.09255689 -0.17489272
v 0.46955031 0.09255689 0.13209613
v 0.46831870 0.09255689 0.13518661
v 0.46899819 0.08499247 0.13740543
v 0.47086692 0.08499247 0.13241309
v 0.47014493 0.07098230 0.14033744
v 0.46674728 0.05499047 0.15499745
v 0.46827620 0.04496494 0.15412578
v 0.47005996 0.04160890 0.15016361
v 0.47235337 0.03500334 0.14493355
v 0.47243834 0.02500978 0.14493355
v 0.47252327 0.01500556 0.14493355
v 0.47256571 0.00500134 0.14493355
v 0.47014493 -0.00118870 0.15032209
v 0.47596335 -0.00499222 0.13494888
v 0.47473171 -0.01499644 0.13494888
v 0.47812936 -0.01627494 0.12536043
v 0.48004052 -0.01627494 0.12013038
v 0.47957337 0.00500134 -0.17861716
v 0.47902125 -0.00499222 -0.17695305
v 0.47507149 -0.01627494 -0.18495664
v 0.47524136 -0.01499644 -0.18495664
v 0.47987065 0.01106353 -0.17964733
v 0.48033780 0.02500978 -0.18099447
v 0.47863901 0.01464332 -0.18432269
v 0.47502899 0.01500556 -0.19494130
v 0.47553867 0.02500978 -0.19494130
v 0.47863901 0.02500978 -0.18598680
v 0.47872394 0.03500334 -0.18630376
v 0.47243834 0.04499690 -0.20492597
v 0.47252327 0.05499047 -0.20492597
v 0.46560055 0.08499247 -0.21498987
v 0.46938044 0.07499890 -0.20833343
v 0.47158891 0.06502665 -0.20563915
v 0.47031480 0.05499047 -0.21078998
v 0.46470869 0.05499047 -0.22497454
v 0.46135354 0.05499047 -0.23321585
v 0.46097130 0.06499469 -0.23226494
v 0.46394423 0.06499469 -0.22497454
v 0.46041918 0.07499890 -0.23099704
v 0.46007940 0.08094390 -0.23020461
v 0.45969719 0.08760273 -0.22925368
v 0.47061208 0.08499247 -0.20167699
v 0.46959281 0.09255689 -0.20183548
v 0.47171631 0.09255689 -0.19533752
v 0.47498655 0.09255689 -0.18495664
v 0.47575101 0.09255689 -0.18234161
v 0.46428400 0.09255689 0.14493355
v 0.46959281 0.07764113 0.13899030
v 0.46585539 0.08499247 0.14493355
v 0.46007940 0.08056036 0.16014828
v 0.46058905 0.07499890 0.16117844
v 0.46203303 0.05471346 0.16553682
v 0.46020681 0.05119760 0.17037067
v 0.46330714 0.04499690 0.16498213
v 0.46802139 0.03500334 0.15531443
v 0.47014493 0.03500334 0.15032209
v 0.47018737 0.02500978 0.15048058
v 0.47018737 0.00500134 0.15048058
v 0.46972018 -0.00785818 0.14937118
v 0.47141904 -0.01499644 0.14334868
v 0.47171631 -0.00471522 0.14556749
v 0.46802139 0.00500134 0.15547292
v 0.46356198 0.00500134 0.16498213
v 0.46029174 -0.00263766 0.17060840
v 0.46233034 -0.00557820 0.16585380
v 0.46797889 -0.00471522 0.15420502
v 0.47422206 -0.01627494 0.13582055
v 0.47456184 -0.01627494 0.13494888
v 0.47744983 0.00500134 -0.18495664
v 0.47150397 -0.01627494 -0.19541676
v 0.47409466 0.00500134 -0.19494130
v 0.47120667 0.00500134 -0.20310336
v 0.47167385 0.01500556 -0.20429201
v 0.47154644 0.02518024 -0.20587689
v 0.47027230 0.04499690 -0.21071073
v 0.46466622 0.09255689 -0.21498987
v 0.46878585 0.08499247 -0.20666932
v 0.45939988 0.09255689 -0.22846125
v 0.46470869 0.04499690 -0.22497454
v 0.46139598 0.04499690 -0.23329510
v 0.45923001 0.05499047 -0.23820819
v 0.45884776 0.06499469 -0.23725727
v 0.45833814 0.07499890 -0.23598938
v 0.45808330 0.08456630 -0.23408753
v 0.46037668 0.09255689 0.15404654
v 0.45948482 0.08722983 0.15880114
v 0.45736128 0.08433191 0.16411045
v 0.45171273 0.08405490 0.17528376
v 0.46037668 0.04499690 0.17076689
v 0.45757365 0.05471346 0.17425360
v 0.45226485 0.05499047 0.18392129
v 0.45277449 0.04499690 0.18479297
v 0.45778602 0.04499690 0.17575923
v 0.46356198 0.03500334 0.16498213
v 0.46802139 0.02500978 0.15547292
v 0.46925303 -0.01499644 0.14834101
v 0.46632257 -0.01499644 0.15499745
v 0.47133410 -0.01627494 0.14311095
v 0.47107926 -0.01627494 0.14374490
v 0.46360445 0.01500556 0.16498213
v 0.46054658 0.01500556 0.17108387
v 0.46050411 0.00500134 0.17100462
v 0.45795590 0.00500134 0.17599696
v 0.45205247 -0.00400139 0.18558539
v 0.45799834 -0.00557820 0.17433284
v 0.45990953 -0.00929649 0.16981597
v 0.46199059 -0.01627494 0.16395196
v 0.47095186 -0.01627494 -0.19692239
v 0.47018737 -0.01187478 -0.20056759
v 0.47061208 -0.00499222 -0.20159775
v 0.46925303 0.00500134 -0.20809570
v 0.46972018 0.01500556 -0.20928435
v 0.46993256 0.02196270 -0.20983906
v 0.45345402 0.08499247 -0.24494387
v 0.45672423 0.09255689 -0.23480073
v 0.46118364 0.03500334 -0.23281963
v 0.45927247 0.04499690 -0.23828743
v 0.45642695 0.04499690 -0.24494387
v 0.45629954 0.05499047 -0.24494387
v 0.45549262 0.06499469 -0.24494387
v 0.45065096 0.08499247 -0.25144184
v 0.45889023 0.09255689 0.15745400
v 0.45532271 0.09255689 0.16474439
v 0.45056602 0.09255689 0.17409511
v 0.44937685 0.08676105 0.17884971
v 0.46050411 0.03500334 0.17100462
v 0.45001391 0.08009157 0.17995912
v 0.45137298 0.06499469 0.18241566
v 0.44852746 0.06499469 0.18740800
v 0.44937685 0.05499047 0.18891361
v 0.44984403 0.04499690 0.18978530
v 0.45230731 0.03408708 0.18590237
v 0.45298684 0.02500978 0.18495145
v 0.45787096 0.03500334 0.17599696
v 0.46054658 0.02500978 0.17108387
v 0.46360445 0.02500978 0.16498213
v 0.46615267 -0.01627494 0.15499745
v 0.45799834 0.01500556 0.17607619
v 0.45302930 0.00500134 0.18495145
v 0.44997144 -0.00000609 0.18994379
v 0.44958919 -0.00667557 0.18930984
v 0.44907957 -0.01499644 0.18843818
v 0.45150036 -0.01627494 0.18392129
v 0.45192510 -0.01499644 0.18344583
v 0.45651188 -0.01499644 0.17496678
v 0.45901763 -0.01627494 0.16989522
v 0.46882832 -0.01627494 -0.20270716
v 0.46865845 -0.00499222 -0.20659009
v 0.46653491 0.00500134 -0.21498987
v 0.46746927 0.01500556 -0.21498987
v 0.46343458 0.01500556 -0.22497454
v 0.46394423 0.02500978 -0.22497454
v 0.45022625 0.09136363 -0.25057015
v 0.45014131 0.09255689 -0.25033242
v 0.46097130 0.02500978 -0.23226494
v 0.45906013 0.03500334 -0.23781197
v 0.45595977 0.03500334 -0.24494387
v 0.45213741 0.04499690 -0.25461155
v 0.45205247 0.05499047 -0.25445306
v 0.45162779 0.06499469 -0.25350216
v 0.45116061 0.07499890 -0.25255126
v 0.44840002 0.08499247 -0.25643414
v 0.44878227 0.09255689 0.17758182
v 0.44483250 0.09255689 0.18471372
v 0.44092524 0.09255689 0.19160789
v 0.44699851 0.08405490 0.18400054
v 0.44763556 0.07499890 0.18582313
v 0.44168970 0.08499247 0.19295505
v 0.44215685 0.07426377 0.19549084
v 0.44580933 0.05499047 0.19493613
v 0.45009887 0.01500556 0.19018152
v 0.44674367 0.04499690 0.19493613
v 0.44750816 0.03408708 0.19398519
v 0.44712591 0.01500556 0.19517386
v 0.45311427 0.01500556 0.18495145
v 0.45791340 0.02500978 0.17607619
v 0.45005637 0.00500134 0.19010228
v 0.44708344 0.00500134 0.19509462
v 0.44207191 0.00500134 0.20317742
v 0.44164723 -0.00499222 0.20254350
v 0.44708344 -0.00400139 0.19398519
v 0.44453523 -0.01627494 0.19572854
v 0.44899464 -0.01627494 0.18827969
v 0.45583236 -0.01627494 0.17591771
v 0.45634201 -0.01627494 0.17496678
v 0.46398669 -0.01627494 -0.21498987
v 0.46415657 -0.01499644 -0.21498987
v 0.46203303 0.00420228 -0.22592546
v 0.46037668 0.00700432 -0.23083855
v 0.46071649 0.01500556 -0.23163098
v 0.44453523 0.08499247 -0.26499245
v 0.44062793 0.09255689 -0.27133191
v 0.45880529 0.02500978 -0.23725727
v 0.45540768 0.02500978 -0.24494387
v 0.45188260 0.03500334 -0.25397763
v 0.44984403 0.04499690 -0.25968313
v 0.44975907 0.05499047 -0.25944543
v 0.44886720 0.07499890 -0.25754356
v 0.43799478 0.09255689 0.19660023
v 0.43875924 0.08499247 0.19794735
v 0.43948123 0.07711907 0.19913602
v 0.44007581 0.07044959 0.20008695
v 0.44054300 0.06499469 0.20080012
v 0.44139242 0.05499047 0.20206803
v 0.44185957 0.04499690 0.20278120
v 0.44215685 0.01500556 0.20325667
v 0.43875924 0.00500134 0.20816976
v 0.44096768 -0.01627494 0.20151332
v 0.43829206 -0.00499222 0.20753580
v 0.43701795 -0.01627494 0.20745656
v 0.43765500 -0.01627494 0.20650566
v 0.46101376 -0.01627494 -0.22235951
v 0.45995200 0.00033484 -0.22988763
v 0.45213741 -0.01627494 -0.24296279
v 0.44958919 -0.01499644 -0.24914378
v 0.45035368 -0.00305317 -0.25080788
v 0.45392120 0.00500134 -0.24494387
v 0.45481306 0.01500556 -0.24494387
v 0.45850801 0.01500556 -0.23662332
v 0.43875924 0.08499247 -0.27735442
v 0.43493688 0.08499247 -0.28496176
v 0.43056244 0.09239708 -0.29098427
v 0.43332303 0.09255689 -0.28551650
v 0.45158532 0.02500978 -0.25334367
v 0.45128804 0.01500556 -0.25263047
v 0.44950426 0.03500334 -0.25904918
v 0.44661629 0.03500334 -0.26499245
v 0.43965113 0.03500334 -0.27925625
v 0.43982100 0.04499690 -0.27965248
v 0.43965113 0.05499047 -0.27933550
v 0.43574384 0.07499890 -0.28496176
v 0.43914145 0.07499890 -0.27806759
v 0.43289831 0.09255689 0.20436609
v 0.43332303 0.08563171 0.20587170
v 0.43667817 0.07426377 0.20404911
v 0.43710288 0.06499469 0.20579246
v 0.43795228 0.05499047 0.20706037
v 0.43846196 0.04499690 0.20777354
v 0.43871677 0.02500978 0.20809051
v 0.43884417 0.01500556 0.20824900
v 0.43417242 0.01500556 0.21498469
v 0.43396008 0.00500134 0.21498469
v 0.43001032 -0.00010198 0.21997702
v 0.43264347 -0.00406532 0.21569788
v 0.43268597 -0.01627494 0.21371680
v 0.45889023 -0.01627494 -0.22735184
v 0.45897520 -0.01499644 -0.22758958
v 0.45961225 -0.00499222 -0.22909521
v 0.45578989 -0.01499644 -0.23495921
v 0.45561999 -0.01627494 -0.23495921
v 0.44980156 -0.01627494 -0.24827209
v 0.44712591 -0.01627494 -0.25405687
v 0.44827262 -0.00583390 -0.25445306
v 0.45082086 0.00500134 -0.25175881
v 0.43158174 0.07499890 -0.29304463
v 0.43115702 0.08499247 -0.29217291
v 0.42839646 0.08499247 -0.29716527
v 0.42402199 0.08499247 -0.30493110
v 0.41977495 0.09255689 -0.30960649
v 0.43039256 0.09255689 -0.29114276
v 0.43064737 0.09255689 -0.29066730
v 0.44840002 0.00500134 -0.25675112
v 0.44436532 0.00500134 -0.26499245
v 0.44882473 0.01500556 -0.25762281
v 0.43884417 0.01500556 -0.27767140
v 0.43510678 0.01500556 -0.28496176
v 0.43672067 0.03500334 -0.28496176
v 0.44517228 0.01500556 -0.26499245
v 0.43672067 0.05499047 -0.28496176
v 0.43204892 0.03500334 -0.29391629
v 0.43221879 0.04499690 -0.29407477
v 0.43149680 0.09255689 0.20642641
v 0.42988291 0.08939262 0.20983386
v 0.43213385 0.06499469 0.21292436
v 0.43298325 0.05499047 0.21419227
v 0.43345043 0.04499690 0.21482620
v 0.42996785 0.03965919 0.21997702
v 0.43391758 0.02500978 0.21498469
v 0.43018019 0.02500978 0.22021475
v 0.43030763 0.01500556 0.22037324
v 0.43018019 0.00500134 0.22021475
v 0.42448914 -0.01499644 0.22496936
v 0.42962807 -0.00677146 0.21950155
v 0.42627293 0.00500134 0.22520709
v 0.42126140 0.00500134 0.23154655
v 0.42079425 -0.00499222 0.23099187
v 0.42028457 -0.01499644 0.23035792
v 0.42916089 -0.01499644 0.21886763
v 0.42831150 -0.01627494 0.21981853
v 0.44177464 -0.01627494 -0.26515093
v 0.44326109 -0.00499222 -0.26499245
v 0.42894858 0.07499890 -0.29803693
v 0.42516869 0.07499890 -0.30493110
v 0.42121893 0.07499890 -0.31198376
v 0.42058188 0.08499247 -0.31087434
v 0.42002976 0.09019168 -0.31000268
v 0.41735411 0.08499247 -0.31594595
v 0.41671705 0.09255689 -0.31436107
v 0.44041559 -0.00499222 -0.27077723
v 0.44092524 0.00500134 -0.27188662
v 0.43841946 0.00500134 -0.27687895
v 0.43124196 0.01500556 -0.29233140
v 0.43166667 0.02500978 -0.29320309
v 0.42941573 0.03500334 -0.29890862
v 0.42945820 0.04499690 -0.29906708
v 0.42950067 0.09255689 0.20927918
v 0.42079425 0.09255689 0.22092795
v 0.42155868 0.08499247 0.22195810
v 0.42848140 0.06499469 0.21799594
v 0.42941573 0.05499047 0.21918461
v 0.42988291 0.04499690 0.21981853
v 0.42640033 0.01500556 0.22536558
v 0.42580575 0.04499690 0.22496936
v 0.42138880 0.01500556 0.23170504
v 0.42019963 -0.01627494 0.23027867
v 0.41718423 0.00500134 0.23653889
v 0.41675955 -0.00499222 0.23598418
v 0.41557038 -0.01627494 0.23606342
v 0.43897158 -0.01627494 -0.27085644
v 0.42550844 0.06499469 -0.30493110
v 0.42138880 0.06499469 -0.31230074
v 0.41811860 0.07499890 -0.31697610
v 0.41837341 0.06499469 -0.31729308
v 0.41017660 0.07156828 -0.33028901
v 0.41259742 0.07493497 -0.32577211
v 0.40975189 0.07823776 -0.32957581
v 0.40835038 0.09255689 -0.32735699
v 0.40911484 0.08499247 -0.32862487
v 0.43786734 -0.00499222 -0.27576953
v 0.43251610 -0.00582324 -0.28591269
v 0.43035007 -0.00304252 -0.29066730
v 0.43417242 0.00500134 -0.28496176
v 0.43077481 0.00500134 -0.29138049
v 0.42805669 0.00500134 -0.29645208
v 0.42903352 0.02500978 -0.29819542
v 0.42597562 0.03500334 -0.30493110
v 0.42610306 0.04499690 -0.30493110
v 0.42053941 0.09255689 0.22124493
v 0.42253554 0.07499890 0.22314677
v 0.41748154 0.08499247 0.22695044
v 0.41994482 0.05988071 0.22996169
v 0.42351234 0.06499469 0.22433540
v 0.42053941 0.05321123 0.23067489
v 0.42087919 0.04499690 0.23107111
v 0.42104906 0.03500334 0.23130882
v 0.41714177 0.02500978 0.23653889
v 0.41731167 0.01500556 0.23669738
v 0.41221520 0.00500134 0.24240291
v 0.41174802 -0.00499222 0.24200669
v 0.41128084 -0.01499644 0.24145198
v 0.41119590 -0.01627494 0.24137273
v 0.43268597 -0.01627494 -0.28305995
v 0.42164364 0.04499690 -0.31261772
v 0.41845834 0.05499047 -0.31753081
v 0.41365921 0.06499469 -0.32497969
v 0.41026157 0.06499469 -0.33036825
v 0.40694886 0.06499469 -0.33536056
v 0.40193734 0.06499469 -0.34288868
v 0.39849722 0.06499469 -0.34788102
v 0.40155512 0.07499890 -0.34217551
v 0.40711874 0.07493497 -0.33417192
v 0.40070570 0.08499247 -0.34098685
v 0.40482533 0.08499247 -0.33496436
v 0.40393347 0.09255689 -0.33409268
v 0.40015358 0.09087354 -0.34019440
v 0.40304157 0.09255689 -0.33543980
v 0.42958564 -0.01499644 -0.28924093
v 0.42992538 -0.00971200 -0.28987485
v 0.42797172 -0.00582324 -0.29439175
v 0.42253554 -0.00499222 -0.30421793
v 0.42257798 0.00461779 -0.30588204
v 0.42516869 0.02500978 -0.30493110
v 0.42113400 0.02500978 -0.31190455
v 0.42151624 0.03500334 -0.31245923
v 0.41055885 0.09255689 0.23313144
v 0.41247001 0.08499247 0.23297295
v 0.40987933 0.06943746 0.23986712
v 0.41697189 0.05592803 0.23439932
v 0.41123837 0.05499047 0.24129349
v 0.41174802 0.04499690 0.24192744
v 0.41675955 0.04499690 0.23606342
v 0.41234261 0.01500556 0.24256140
v 0.40750098 0.00500134 0.24739525
v 0.40716121 -0.00499222 0.24699903
v 0.40605697 -0.01627494 0.24707827
v 0.41064379 -0.01627494 0.24200669
v 0.42984045 -0.01627494 -0.28844848
v 0.41845834 0.03500334 -0.31745157
v 0.41850084 0.04499690 -0.31761006
v 0.41026157 0.05499047 -0.33036825
v 0.41374415 0.05499047 -0.32497969
v 0.41021907 0.03500334 -0.33028901
v 0.39853972 0.05499047 -0.34780177
v 0.39000314 0.05944389 -0.36000526
v 0.39000314 0.06032818 -0.36000526
v 0.39280620 0.06419563 -0.35572612
v 0.39794511 0.07499890 -0.34716782
v 0.39752042 0.09255689 -0.34344339
v 0.39853972 0.09255689 -0.34201702
v 0.39709571 0.08499247 -0.34597918
v 0.39998370 0.09255689 -0.33995667
v 0.42950067 -0.01627494 -0.28908244
v 0.42678255 -0.01627494 -0.29407477
v 0.42185599 -0.01499644 -0.30310851
v 0.41480589 -0.01499644 -0.31499502
v 0.41612250 -0.00499222 -0.31499502
v 0.41816106 0.02500978 -0.31689686
v 0.40728861 0.09255689 0.23693511
v 0.40822297 0.08499247 0.23796529
v 0.41051638 0.06276798 0.24058029
v 0.40321147 0.08499247 0.24335381
v 0.40002617 0.07017259 0.25001028
v 0.40057829 0.06499469 0.25056496
v 0.40652415 0.05499047 0.24636507
v 0.40703380 0.04499690 0.24691978
v 0.40745851 0.02500978 0.24731600
v 0.40762839 0.01500556 0.24755374
v 0.40253192 0.00500134 0.25254604
v 0.40214971 -0.00499222 0.25222909
v 0.40176746 -0.01499644 0.25183287
v 0.40168253 -0.01627494 0.25175363
v 0.41365921 0.03500334 -0.32497969
v 0.41013414 0.02868545 -0.33013052
v 0.41374415 0.04499690 -0.32497969
v 0.39819995 0.03500334 -0.34748480
v 0.39798760 0.02500978 -0.34724706
v 0.38681787 0.05566168 -0.36396742
v 0.38116929 0.05499047 -0.37133706
v 0.38962090 0.06698701 -0.35952979
v 0.38082951 0.06499469 -0.37094083
v 0.38647810 0.06419563 -0.36396742
v 0.39297608 0.07499890 -0.35374504
v 0.39140469 0.09255689 -0.35184318
v 0.39263630 0.09255689 -0.35017908
v 0.42223823 -0.01627494 -0.30207837
v 0.41918033 -0.01627494 -0.30730841
v 0.41455108 -0.01627494 -0.31507427
v 0.41089863 -0.01499644 -0.32133448
v 0.41153568 -0.00499222 -0.32228541
v 0.41259742 0.01500556 -0.32402876
v 0.41259742 0.02521221 -0.32577211
v 0.40227711 0.09255689 0.24232367
v 0.40108794 0.09255689 0.24359155
v 0.39836982 0.08499247 0.24834615
v 0.39335832 0.08499247 0.25333849
v 0.39442009 0.06588963 0.25642899
v 0.39654359 0.05499047 0.25658748
v 0.40151262 0.05499047 0.25159514
v 0.40206474 0.04499690 0.25214985
v 0.40244699 0.02500978 0.25254604
v 0.40261686 0.01500556 0.25270453
v 0.39764783 0.01500556 0.25769687
v 0.39752042 0.00500134 0.25753838
v 0.39718065 -0.00499222 0.25722140
v 0.39688337 -0.01499644 0.25682521
v 0.40108794 -0.01627494 0.25238758
v 0.40975189 0.02201597 -0.32965505
v 0.40104547 0.01500556 -0.34154156
v 0.40151262 0.02500978 -0.34225473
v 0.39752042 0.01500556 -0.34653389
v 0.39250889 0.01500556 -0.35319033
v 0.39297608 0.02500978 -0.35366580
v 0.38087201 0.04499690 -0.37109932
v 0.37675238 0.04499690 -0.37609166
v 0.37174085 0.04499690 -0.38203493
v 0.37178332 0.05499047 -0.38195568
v 0.38027740 0.07190920 -0.37030691
v 0.38337776 0.07513741 -0.36579004
v 0.36719650 0.05499047 -0.38694802
v 0.37620026 0.06499469 -0.37593317
v 0.35997653 0.09003186 -0.38995925
v 0.38371751 0.09255689 -0.36166936
v 0.38847423 0.09255689 -0.35564688
v 0.37972528 0.07857869 -0.36967295
v 0.37857860 0.09255689 -0.36816734
v 0.41077119 -0.01627494 -0.32117599
v 0.40741605 -0.01627494 -0.32608908
v 0.40036595 0.00500134 -0.34051138
v 0.40541992 0.01500556 -0.33496436
v 0.39616138 0.09255689 0.24858388
v 0.39238149 0.09255689 0.25238758
v 0.38821939 0.08499247 0.25833082
v 0.39068267 0.06315152 0.26062888
v 0.39709571 0.04499690 0.25714219
v 0.39153206 0.05499047 0.26142132
v 0.39752042 0.02500978 0.25753838
v 0.39267880 0.01500556 0.26245147
v 0.39250889 0.00500134 0.26229298
v 0.39221162 -0.00499222 0.26205525
v 0.39182937 -0.01627494 0.26173830
v 0.39679843 -0.01627494 0.25674596
v 0.39178690 0.00500134 -0.35231864
v 0.39951652 -0.00679277 -0.33932275
v 0.39892194 -0.01499644 -0.33845106
v 0.38796455 0.00500134 -0.35731098
v 0.38860160 0.01500556 -0.35818267
v 0.38014999 0.02777985 -0.37022766
v 0.37989518 0.02112102 -0.36983144
v 0.37959787 0.01500556 -0.36951447
v 0.37033933 0.01500556 -0.38037080
v 0.36732394 0.04499690 -0.38702726
v 0.37479872 0.09255689 -0.37268421
v 0.36231241 0.04499690 -0.39225730
v 0.36218500 0.05499047 -0.39209881
v 0.36154795 0.06499469 -0.39154413
v 0.36031628 0.08499247 -0.39027622
v 0.35963675 0.09255689 -0.38964227
v 0.36197263 0.09255689 -0.38710651
v 0.35042068 0.08288296 -0.40041938
v 0.34991103 0.08955243 -0.39986467
v 0.40304157 -0.01627494 -0.33234933
v 0.38724256 0.09255689 0.25737989
v 0.38223106 0.09255689 0.26205525
v 0.38320786 0.08499247 0.26292694
v 0.38516152 0.06580440 0.26514575
v 0.38040483 0.06177714 0.27029657
v 0.39208418 0.04499690 0.26189676
v 0.39229655 0.03500334 0.26213449
v 0.38605338 0.05499047 0.26641366
v 0.38163647 0.04499690 0.27148521
v 0.38664797 0.04499690 0.26688910
v 0.39250889 0.02500978 0.26229298
v 0.38210362 0.02500978 0.27188143
v 0.38720009 0.01500556 0.26744381
v 0.38707268 0.00500134 0.26728532
v 0.38150907 -0.01499644 0.27140597
v 0.38647810 -0.01627494 0.26673061
v 0.39097998 -0.00499222 -0.35128850
v 0.40244699 -0.01499644 -0.33345872
v 0.39926171 -0.01627494 -0.33765861
v 0.39879453 -0.01627494 -0.33829257
v 0.39335832 -0.01627494 -0.34566221
v 0.39038539 -0.01225833 -0.35049605
v 0.38707268 -0.00499222 -0.35628083
v 0.38295305 0.00500134 -0.36365044
v 0.38359010 0.01500556 -0.36452213
v 0.37887588 0.00500134 -0.36864278
v 0.36961731 0.00281725 -0.37949914
v 0.37004203 0.00948673 -0.38005385
v 0.36184523 0.03500334 -0.39194036
v 0.36685675 0.03500334 -0.38647255
v 0.35704607 0.03500334 -0.39693266
v 0.35203457 0.03500334 -0.40200424
v 0.35730088 0.04499690 -0.39724964
v 0.35228938 0.04499690 -0.40216273
v 0.35199207 0.05499047 -0.40184575
v 0.35148245 0.06499469 -0.40137032
v 0.35093033 0.07499890 -0.40089485
v 0.35594183 0.07499890 -0.39590251
v 0.34940138 0.09255689 -0.39946845
v 0.34022775 0.08106109 -0.41016632
v 0.32982251 0.07878111 -0.41983402
v 0.33942083 0.08773057 -0.40945312
v 0.33861387 0.09255689 -0.40881917
v 0.37675238 0.09255689 0.26704758
v 0.37768671 0.08499247 0.26791927
v 0.37959787 0.06844662 0.26966262
v 0.38108435 0.05499047 0.27093053
v 0.37577555 0.06506927 0.27354556
v 0.38686034 0.03500334 0.26712683
v 0.37033933 0.05182619 0.28028125
v 0.37569061 0.04499690 0.27647755
v 0.37628520 0.02500978 0.27687377
v 0.38218859 0.01500556 0.27196068
v 0.38206118 0.00500134 0.27180219
v 0.38176388 -0.00499222 0.27164370
v 0.37581801 -0.01499644 0.27639830
v 0.38074458 -0.01627494 0.27196068
v 0.38146657 -0.01627494 0.27132675
v 0.38758233 -0.01627494 -0.35311109
v 0.38681787 -0.01534803 -0.35429972
v 0.38116929 -0.01499644 -0.36135238
v 0.36885285 -0.00499222 -0.37862745
v 0.36384135 -0.00499222 -0.38401601
v 0.35976416 0.00160268 -0.38972151
v 0.36023134 0.00827216 -0.39019698
v 0.36069852 0.01500556 -0.39067245
v 0.36129311 0.02500978 -0.39130640
v 0.35139748 0.02500978 -0.40129107
v 0.34672573 0.03500334 -0.40699658
v 0.34681070 0.04499690 -0.40715507
v 0.33045956 0.06499469 -0.42038873
v 0.33016226 0.07211164 -0.42015100
v 0.34056753 0.07499890 -0.41048330
v 0.34553656 0.07499890 -0.40588719
v 0.32591522 0.07526526 -0.42308298
v 0.31822807 0.07499890 -0.42878851
v 0.32387662 0.08499247 -0.42276603
v 0.32888815 0.08499247 -0.41904157
v 0.33530119 0.09255689 -0.41159269
v 0.37174085 0.09255689 0.27148521
v 0.36965978 0.05849567 0.27972654
v 0.37267518 0.08499247 0.27219841
v 0.36655945 0.08499247 0.27726999
v 0.36774862 0.07499890 0.27822092
v 0.36579499 0.05509701 0.28329247
v 0.35853255 0.05499047 0.28891876
v 0.35925454 0.04499690 0.28947347
v 0.36498803 0.04499690 0.28503585
v 0.37072155 0.04499690 0.28051898
v 0.37101886 0.03500334 0.28075671
v 0.37127367 0.02500978 0.28099442
v 0.37637013 0.01500556 0.27695301
v 0.37140107 0.01500556 0.28107366
v 0.37628520 0.00500134 0.27687377
v 0.37577555 -0.01627494 0.27631906
v 0.37084895 -0.01499644 0.28067747
v 0.37513849 -0.01627494 0.27687377
v 0.38104188 -0.01627494 -0.36119393
v 0.36804593 -0.01627494 -0.37648788
v 0.36766368 -0.01499644 -0.37728032
v 0.36265218 -0.01499644 -0.38274810
v 0.35908467 -0.00499222 -0.38900834
v 0.35407314 -0.00499222 -0.39407992
v 0.34901914 -0.00499222 -0.39907226
v 0.34965619 0.00202884 -0.39962694
v 0.35016584 0.00869832 -0.40018165
v 0.34600374 0.02500978 -0.40628338
v 0.34099224 0.02500978 -0.41087952
v 0.34171423 0.03500334 -0.41151345
v 0.34179917 0.04499690 -0.41151345
v 0.33593825 0.04499690 -0.41650578
v 0.33071437 0.05499047 -0.42054719
v 0.32498085 0.05499047 -0.42498484
v 0.31899253 0.06499469 -0.42918473
v 0.31398103 0.06499469 -0.43282992
v 0.31325901 0.07499890 -0.43227524
v 0.31669912 0.08499247 -0.42775834
v 0.32256004 0.09255689 -0.42189434
v 0.32379168 0.09255689 -0.42094341
v 0.32757157 0.09255689 -0.41801143
v 0.36091089 0.09255689 0.28020200
v 0.36273712 0.07499890 0.28218308
v 0.36392629 0.06499469 0.28305477
v 0.36154795 0.08499247 0.28123215
v 0.35734338 0.06499469 0.28804708
v 0.35110021 0.07499890 0.29074135
v 0.35233185 0.06499469 0.29153380
v 0.35352102 0.05499047 0.29232624
v 0.35989159 0.02871741 0.28986970
v 0.34681070 0.04499690 0.29779401
v 0.34719291 0.03500334 0.29811099
v 0.35462525 0.03500334 0.29311866
v 0.36405370 0.02523351 0.28677920
v 0.36010394 0.02204793 0.29002818
v 0.36018887 0.01500556 0.29010743
v 0.37127367 0.00500134 0.28099442
v 0.37080649 -0.01627494 0.28059822
v 0.36405370 0.00430882 0.28677920
v 0.35980666 -0.00499222 0.28986970
v 0.36498803 -0.01499644 0.28535283
v 0.36498803 -0.01627494 0.28527358
v 0.36749381 -0.01627494 -0.37712184
v 0.36248228 -0.01627494 -0.38258961
v 0.35789546 -0.01499644 -0.38774043
v 0.35335115 -0.01627494 -0.39209881
v 0.35288396 -0.01499644 -0.39289126
v 0.34833962 -0.01627494 -0.39709115
v 0.34782997 -0.01499644 -0.39788359
v 0.34286094 -0.01499644 -0.40263820
v 0.34405011 -0.00499222 -0.40366837
v 0.33984554 0.01081849 -0.40984935
v 0.34039766 0.01748797 -0.41032481
v 0.33432436 0.02418941 -0.41666427
v 0.33054450 0.02698079 -0.42038873
v 0.33593825 0.03500334 -0.41650578
v 0.33092672 0.04499690 -0.42070568
v 0.32498085 0.04499690 -0.42522255
v 0.31916240 0.05499047 -0.42934322
v 0.31933230 0.03500334 -0.42950171
v 0.31415090 0.05499047 -0.43282992
v 0.30667609 0.05499047 -0.43790150
v 0.30654868 0.06499469 -0.43782225
v 0.31168762 0.08499247 -0.43108657
v 0.30085763 0.07243127 -0.44043729
v 0.30451012 0.07545704 -0.43766376
v 0.31487289 0.09255689 -0.42720366
v 0.31168762 0.09255689 -0.42934322
v 0.35538971 0.09255689 0.28432265
v 0.35420054 0.08482200 0.28677920
v 0.35611171 0.07499890 0.28717542
v 0.35033572 0.08137007 0.29018667
v 0.34498444 0.07499890 0.29478279
v 0.34027022 0.06121247 0.30017132
v 0.34103471 0.05499047 0.30064678
v 0.34757516 0.02500978 0.29834872
v 0.35589936 0.02523351 0.29272243
v 0.34179917 0.04499690 0.30112225
v 0.34260610 0.02500978 0.30167696
v 0.34778750 0.01500556 0.29850721
v 0.35496503 0.01500556 0.29367337
v 0.36010394 0.00717478 0.29002818
v 0.35993406 0.00050530 0.28994894
v 0.35454032 -0.01499644 0.29319790
v 0.35887229 -0.01627494 0.29010743
v 0.35950935 -0.01627494 0.28963196
v 0.35772559 -0.01627494 -0.38758194
v 0.34264857 -0.01627494 -0.40247971
v 0.33793435 -0.01627494 -0.40683809
v 0.33742470 -0.01499644 -0.40763053
v 0.33852893 -0.00499222 -0.40866068
v 0.32990745 0.02032196 -0.41991326
v 0.32595769 0.02418941 -0.42363769
v 0.31886512 0.02500978 -0.42918473
v 0.32498085 0.03500334 -0.42530179
v 0.33092672 0.03500334 -0.42070568
v 0.31432077 0.03500334 -0.43282992
v 0.30166459 0.05499047 -0.44107124
v 0.29499671 0.05499047 -0.44519189
v 0.30153716 0.06499469 -0.44091275
v 0.30497727 0.08499247 -0.43528646
v 0.30544445 0.09255689 -0.43330538
v 0.31032854 0.09255689 -0.43021488
v 0.29499671 0.06499469 -0.44487491
v 0.28781921 0.06499469 -0.44891632
v 0.29580367 0.07545704 -0.44273534
v 0.29966846 0.07910074 -0.43980333
v 0.29729012 0.09255689 -0.43837696
v 0.34884927 0.09255689 0.28915650
v 0.34944385 0.08802889 0.28963196
v 0.34405011 0.09255689 0.29240549
v 0.33126649 0.09255689 0.30080527
v 0.33721235 0.08499247 0.29819024
v 0.33942083 0.06787130 0.29961663
v 0.33496141 0.05499047 0.30421275
v 0.33496141 0.04499690 0.30516365
v 0.34277600 0.01500556 0.30175620
v 0.33496141 0.02500978 0.30611458
v 0.33496141 0.01500556 0.30635232
v 0.34766009 0.00500134 0.29842797
v 0.35594183 0.00430882 0.29280168
v 0.34727785 -0.01499644 0.29819024
v 0.34659833 -0.01627494 0.29858646
v 0.33288038 -0.01627494 -0.41127571
v 0.33224332 -0.01627494 -0.41183043
v 0.33241320 -0.01499644 -0.41198891
v 0.33351743 -0.00499222 -0.41293985
v 0.32939780 0.01500556 -0.41951704
v 0.32438627 0.01500556 -0.42339996
v 0.32837850 0.00500134 -0.41872460
v 0.31771842 0.01500556 -0.42839229
v 0.31274939 0.01500556 -0.43179977
v 0.31385359 0.02500978 -0.43251294
v 0.32230523 -0.00499222 -0.42173585
v 0.30599657 0.02500978 -0.43750528
v 0.30642128 0.03500334 -0.43782225
v 0.30140975 0.03500334 -0.44083351
v 0.28828639 0.05499047 -0.44915405
v 0.28327486 0.05499047 -0.45153135
v 0.28285018 0.06499469 -0.45121440
v 0.28132123 0.07499890 -0.45058045
v 0.28629029 0.07499890 -0.44804466
v 0.28484628 0.09255689 -0.44558811
v 0.29359519 0.08499247 -0.44210139
v 0.29227862 0.09255689 -0.44130898
v 0.29351026 0.09255689 -0.44059578
v 0.34782997 0.09255689 0.28986970
v 0.32336700 0.09255689 0.30532214
v 0.32239017 0.05499047 0.31134465
v 0.32328206 0.04499690 0.31182009
v 0.34264857 0.00500134 0.30167696
v 0.33496141 0.00500134 0.30627307
v 0.32905802 0.02500978 0.30944279
v 0.32927039 0.01500556 0.30960128
v 0.34247869 -0.00499222 0.30159771
v 0.34226635 -0.01499644 0.30151847
v 0.34222388 -0.01627494 0.30143923
v 0.32578781 -0.01627494 -0.41690201
v 0.32604262 -0.01499644 -0.41698125
v 0.32731673 -0.00499222 -0.41793218
v 0.31648678 0.00500134 -0.42752063
v 0.30969149 -0.00884901 -0.42973945
v 0.30497727 0.00500134 -0.43512797
v 0.30425528 0.01498425 -0.43726754
v 0.30043295 0.01829768 -0.44027880
v 0.32107359 -0.01499644 -0.42078492
v 0.31432077 -0.00530119 -0.42720366
v 0.30102754 0.02500978 -0.44059578
v 0.29499671 0.03500334 -0.44447869
v 0.28781921 0.04499690 -0.44891632
v 0.28285018 0.04499690 -0.45137286
v 0.27503559 0.05499047 -0.45525581
v 0.27503559 0.06499469 -0.45462185
v 0.27503559 0.07499890 -0.45335397
v 0.27550277 0.08451303 -0.45176908
v 0.28030193 0.08085867 -0.45010498
v 0.27915522 0.08752815 -0.44955027
v 0.28420922 0.08451303 -0.44741070
v 0.27813596 0.09255689 -0.44907480
v 0.31631690 0.09255689 0.30928430
v 0.31253701 0.09255689 0.31134465
v 0.31495783 0.05499047 0.31506908
v 0.31495783 0.04499690 0.31602001
v 0.32404652 0.02500978 0.31221631
v 0.31495783 0.03500334 0.31641620
v 0.33496141 -0.01499644 0.30595610
v 0.32897308 -0.01499644 0.30944279
v 0.32425886 0.01500556 0.31229556
v 0.32408899 -0.00499222 0.31221631
v 0.33419695 -0.01627494 0.30635232
v 0.34133199 -0.01627494 0.30199394
v 0.32086122 -0.01627494 -0.42062643
v 0.30879962 -0.01499644 -0.42918473
v 0.30357575 -0.01627494 -0.43227524
v 0.30578423 -0.00530119 -0.43282992
v 0.31614700 -0.01627494 -0.42395467
v 0.29686543 -0.00499222 -0.43829772
v 0.29346779 0.00500134 -0.44178441
v 0.29567623 0.01498425 -0.44225988
v 0.28081158 0.01777563 -0.45034271
v 0.29499671 0.02500978 -0.44392401
v 0.28726709 0.03500334 -0.44859937
v 0.28225559 0.03500334 -0.45105591
v 0.27503559 0.04499690 -0.45485958
v 0.26586199 0.04499690 -0.45850477
v 0.26615927 0.05499047 -0.45866325
v 0.26433304 0.06507992 -0.45858401
v 0.26501256 0.07499890 -0.45739537
v 0.26501256 0.08499247 -0.45620671
v 0.27478078 0.09255689 -0.45065969
v 0.26501256 0.09255689 -0.45493883
v 0.31045598 0.09255689 0.31237480
v 0.30497727 0.09255689 0.31506908
v 0.30727068 0.05499047 0.31871429
v 0.30824751 0.04499690 0.31918973
v 0.31495783 0.02500978 0.31673318
v 0.31495783 0.01500556 0.31697091
v 0.30867222 0.03500334 0.31934822
v 0.32396159 -0.01627494 0.31213707
v 0.32829356 -0.01627494 0.30975977
v 0.31423584 -0.01627494 0.31712940
v 0.30969149 -0.01627494 -0.42831305
v 0.29520908 -0.01627494 -0.43710905
v 0.29300061 -0.01627494 -0.43837696
v 0.29070720 -0.01210918 -0.44035804
v 0.27953747 0.01110615 -0.44978800
v 0.27575761 0.01466463 -0.45184833
v 0.27503559 0.02500978 -0.45335397
v 0.28153357 0.02500978 -0.45065969
v 0.28654510 0.02500978 -0.44828239
v 0.28501615 -0.00499222 -0.44439945
v 0.27503559 0.03500334 -0.45414639
v 0.26501256 0.02500978 -0.45699915
v 0.26012847 0.03954200 -0.46001041
v 0.26085046 0.04499690 -0.46024814
v 0.26114777 0.05499047 -0.46032739
v 0.26055318 0.06180910 -0.46008965
v 0.25961882 0.06847858 -0.45985192
v 0.25876942 0.07499890 -0.45953494
v 0.25711307 0.08499247 -0.45905948
v 0.25673082 0.09255689 -0.45795009
v 0.30327845 0.09255689 0.31586152
v 0.29712024 0.09255689 0.31871429
v 0.30225918 0.05499047 0.32101235
v 0.30323598 0.04499690 0.32140854
v 0.30366069 0.03500334 0.32164627
v 0.30901197 0.02500978 0.31950670
v 0.30400047 0.02500978 0.32180476
v 0.30421281 0.01500556 0.32188401
v 0.30909690 -0.01627494 0.31958595
v 0.28688487 -0.01627494 -0.44154671
v 0.27503559 -0.01499644 -0.44701448
v 0.27486572 -0.00583390 -0.44867861
v 0.26989669 -0.00972265 -0.44994649
v 0.27142560 -0.00305317 -0.45050120
v 0.28573817 -0.01526279 -0.44225988
v 0.26501256 0.01500556 -0.45581052
v 0.25783506 0.02500978 -0.45929721
v 0.25915164 0.03288317 -0.45969343
v 0.25503200 0.04499690 -0.46214998
v 0.25503200 0.05499047 -0.46230847
v 0.25579649 0.06507992 -0.46135753
v 0.25380036 0.07499890 -0.46119905
v 0.25210154 0.08499247 -0.46064436
v 0.25070003 0.09106532 -0.46016890
v 0.25222898 0.09255689 -0.45945570
v 0.29588860 0.09255689 0.31926897
v 0.29215121 0.09255689 0.32093310
v 0.29499671 0.05499047 0.32402357
v 0.29499671 0.04499690 0.32481602
v 0.29499671 0.03500334 0.32521224
v 0.29499671 0.02500978 0.32544997
v 0.30289623 -0.01627494 0.32228023
v 0.29499671 0.01500556 0.32560846
v 0.29393497 -0.01627494 0.32608390
v 0.28548333 -0.01627494 -0.44218063
v 0.27503559 -0.01627494 -0.44677675
v 0.26802796 -0.01627494 -0.44939178
v 0.26361105 -0.01627494 -0.45081818
v 0.25503200 0.00500134 -0.45707840
v 0.25477719 0.01476051 -0.45882174
v 0.25129461 0.01793544 -0.46032739
v 0.26310140 -0.01627494 -0.45097667
v 0.25282356 0.02500978 -0.46072358
v 0.25549918 0.03572782 -0.46111980
v 0.24500898 0.03500334 -0.46365559
v 0.24500898 0.04499690 -0.46460652
v 0.24500898 0.05499047 -0.46484426
v 0.24500898 0.06499469 -0.46436879
v 0.24500898 0.07499890 -0.46373484
v 0.24500898 0.08499247 -0.46270469
v 0.24840662 0.09255689 -0.46056512
v 0.28501615 0.09255689 0.32370660
v 0.28501615 0.08499247 0.32449904
v 0.28501615 0.05499047 0.32758954
v 0.28420922 0.04498625 0.32861969
v 0.28569570 0.03500334 0.32854044
v 0.28616285 0.02500978 0.32869893
v 0.28641769 0.01500556 0.32877818
v 0.28667250 -0.01499644 0.32885742
v 0.28667250 -0.01627494 0.32885742
v 0.24883133 0.01126596 -0.45977268
v 0.25613624 -0.01627494 -0.45295775
v 0.24530628 0.01476051 -0.46096131
v 0.24500898 0.02500978 -0.46238771
v 0.23502842 0.03500334 -0.46539897
v 0.23502842 0.04499690 -0.46627063
v 0.23502842 0.05499047 -0.46650836
v 0.23502842 0.06499469 -0.46634987
v 0.23502842 0.07499890 -0.46587440
v 0.23502842 0.08499247 -0.46476501
v 0.23502842 0.09255689 -0.46365559
v 0.24509393 0.09255689 -0.46143678
v 0.28259534 0.09255689 0.32457829
v 0.27503559 0.09255689 0.32727256
v 0.27363408 0.09255689 0.32774803
v 0.26722103 0.09255689 0.32980835
v 0.27970734 0.04832099 0.32988760
v 0.28030193 0.04165151 0.33004609
v 0.28068417 0.03500334 0.33020458
v 0.28115135 0.02500978 0.33036307
v 0.28144863 0.01500556 0.33044231
v 0.28081158 -0.01627494 0.33083850
v 0.24500898 -0.01627494 -0.45541430
v 0.24500898 -0.01499644 -0.45565203
v 0.24530628 0.00477760 -0.45921797
v 0.24216346 0.00796319 -0.46032739
v 0.25511694 -0.01627494 -0.45319548
v 0.23502842 0.01500556 -0.46262544
v 0.23502842 0.02500978 -0.46413106
v 0.22500539 0.03500334 -0.46650836
v 0.22500539 0.04499690 -0.46745929
v 0.22500539 0.05499047 -0.46769702
v 0.22500539 0.06499469 -0.46777627
v 0.22500539 0.07499890 -0.46730080
v 0.22500539 0.08499247 -0.46603289
v 0.22500539 0.09255689 -0.46500275
v 0.22746868 0.09255689 -0.46468577
v 0.26344118 0.09255689 0.33099699
v 0.27376148 0.05499047 0.33107623
v 0.27584255 0.04498625 0.33123472
v 0.27503559 0.03500334 0.33194792
v 0.27503559 0.02500978 0.33218566
v 0.27503559 0.01500556 0.33242339
v 0.27503559 -0.01499644 0.33266112
v 0.27503559 -0.01627494 0.33266112
v 0.23630254 -0.01627494 -0.45684066
v 0.23834112 0.00129371 -0.45969343
v 0.22500539 0.01500556 -0.46349710
v 0.23498595 0.00477760 -0.46080282
v 0.23167326 -0.00121001 -0.46016890
v 0.21502483 0.03500334 -0.46706307
v 0.21502483 0.04499690 -0.46801397
v 0.21502483 0.05499047 -0.46833095
v 0.21502483 0.06499469 -0.46848944
v 0.21502483 0.07499890 -0.46801397
v 0.21502483 0.08499247 -0.46690458
v 0.21502483 0.09255689 -0.46603289
v 0.21744566 0.09255689 -0.46579516
v 0.25503200 0.09255689 0.33313656
v 0.26501256 0.05499047 0.33329505
v 0.26501256 0.04499690 0.33400825
v 0.26501256 0.03500334 0.33440447
v 0.26501256 0.02500978 0.33472145
v 0.27371901 -0.01627494 0.33305731
v 0.26501256 0.01500556 0.33495918
v 0.26501256 -0.01499644 0.33535537
v 0.23502842 -0.01627494 -0.45699915
v 0.23502842 -0.01499644 -0.45723689
v 0.22500539 0.00500134 -0.46167451
v 0.21502483 0.01500556 -0.46373484
v 0.21502483 0.02500978 -0.46547818
v 0.22632198 -0.01627494 -0.45771235
v 0.22500539 -0.01499644 -0.45802933
v 0.20500180 0.03500334 -0.46706307
v 0.20500180 0.04499690 -0.46809322
v 0.20500180 0.05499047 -0.46856868
v 0.20500180 0.06499469 -0.46864793
v 0.20500180 0.07499890 -0.46793473
v 0.20500180 0.09255689 -0.46627063
v 0.20746510 0.09255689 -0.46627063
v 0.24500898 0.09255689 0.33543462
v 0.25503200 0.04499690 0.33598933
v 0.25503200 0.03500334 0.33638555
v 0.25503200 0.02500978 0.33662328
v 0.26501256 -0.01627494 0.33535537
v 0.25503200 0.01500556 0.33686101
v 0.25392777 -0.01627494 0.33773267
v 0.25503200 -0.01499644 0.33749497
v 0.26373845 -0.01627494 0.33567235
v 0.20500180 0.02500978 -0.46524048
v 0.22500539 -0.01627494 -0.45779160
v 0.21629895 -0.01627494 -0.45787084
v 0.21502483 -0.01627494 -0.45787084
v 0.19502124 0.04499690 -0.46738005
v 0.19502124 0.03500334 -0.46611214
v 0.19502124 0.05499047 -0.46801397
v 0.19502124 0.06499469 -0.46801397
v 0.19502124 0.07499890 -0.46730080
v 0.19502124 0.09255689 -0.46595365
v 0.19748454 0.09255689 -0.46603289
v 0.23502842 0.09255689 0.33741572
v 0.24500898 0.04499690 0.33757421
v 0.24500898 0.03500334 0.33789116
v 0.24403216 -0.01627494 0.33939680
v 0.24454181 -0.01627494 0.33931756
v 0.20500180 -0.01627494 -0.45739537
v 0.18504068 0.04499690 -0.46603289
v 0.18504068 0.05499047 -0.46674609
v 0.19502124 0.02500978 -0.46421030
v 0.18504068 0.03500334 -0.46460652
v 0.18504068 0.06499469 -0.46666685
v 0.18504068 0.09255689 -0.46492350
v 0.18746150 0.09255689 -0.46524048
v 0.22500539 0.09255689 0.33884209
v 0.21256155 0.09255689 0.34026846
v 0.24322522 -0.01627494 0.33947605
v 0.19502124 -0.01627494 -0.45604822
v 0.17501765 0.04499690 -0.46349710
v 0.17501765 0.05499047 -0.46436879
v 0.17501765 0.06499469 -0.46452728
v 0.17743847 0.02500978 -0.46080282
v 0.17416826 0.03437475 -0.46167451
v 0.18504068 -0.01627494 -0.45414639
v 0.17501765 0.07499890 -0.46428955
v 0.17501765 0.08499247 -0.46381408
v 0.17501765 0.09255689 -0.46341786
v 0.17748095 0.09255689 -0.46381408
v 0.20500180 0.09255689 0.34066468
v 0.22373128 -0.01627494 0.34090242
v 0.23358443 -0.01627494 0.34034771
v 0.23460372 -0.01627494 0.34026846
v 0.16643862 0.05499047 -0.46135753
v 0.17026097 0.03062450 -0.45985192
v 0.16541934 0.03437475 -0.45874250
v 0.16270122 0.04499690 -0.45898023
v 0.16503710 0.07499890 -0.46167451
v 0.15989818 0.06950138 -0.46001041
v 0.15573607 0.09255689 -0.45905948
v 0.16079006 0.09255689 -0.46048588
v 0.17531496 -0.01627494 -0.45161059
v 0.17331883 -0.01627494 -0.45105591
v 0.16745791 0.09255689 -0.46199149
v 0.19502124 0.09255689 0.34066468
v 0.18504068 0.09255689 0.34058544
v 0.21434531 -0.01627494 0.34082317
v 0.16142711 0.05499047 -0.45945570
v 0.15594842 0.06569786 -0.45826706
v 0.16996367 -0.01627494 -0.45002574
v 0.16546181 -0.01627494 -0.44844088
v 0.07143220 0.01705115 -0.42046794
v 0.13738883 0.09255689 -0.45264077
v 0.14503351 0.09255689 -0.45557278
v 0.14745434 0.09255689 -0.45644444
v 0.21239167 -0.01627494 0.34074393
v 0.17756589 0.09255689 0.34026846
v 0.15628819 -0.01627494 -0.44447869
v 0.07143220 0.01210764 -0.41816989
v 0.07143220 0.02258064 -0.42046794
v 0.12740827 0.09255689 -0.44788617
v 0.13530777 0.09255689 -0.45168984
v 0.15501407 -0.01627494 -0.44392401
v 0.20185900 -0.01627494 0.33987227
v 0.16490969 0.09255689 0.33860436
v 0.19531855 -0.01627494 0.33923832
v 0.14949292 -0.01627494 -0.44107124
v 0.14872845 -0.01627494 -0.44067502
v 0.14371693 -0.01627494 -0.43790150
v 0.13518037 -0.01627494 -0.43282992
v 0.07143220 -0.01627494 -0.39415917
v 0.07143220 0.09255689 -0.41492093
v 0.09831600 0.09255689 -0.43187901
v 0.10740468 0.09255689 -0.43726754
v 0.11105715 0.09255689 -0.43932790
v 0.11738524 0.09255689 -0.44289383
v 0.15501407 0.09255689 0.33717799
v 0.18499821 -0.01627494 0.33765346
v 0.07143220 -0.01627494 0.26300618
v 0.07143220 0.09255689 0.30120149
v 0.14503351 0.09255689 0.33511767
v 0.17501765 -0.01627494 0.33567235
v 0.18372411 -0.01627494 0.33741572
v 0.07304607 -0.01627494 0.26546273
v 0.08103053 -0.01627494 0.27576438
v 0.08604205 -0.01627494 0.28162837
v 0.08718875 -0.01627494 0.28289628
v 0.09139332 -0.01627494 0.28709617
v 0.09716929 -0.01627494 0.29264322
v 0.10218082 -0.01627494 0.29716009
v 0.10778692 -0.01627494 0.30159771
v 0.11262855 -0.01627494 0.30540138
v 0.11942382 -0.01627494 0.31039372
v 0.07262138 0.09255689 0.30199394
v 0.13522284 0.09255689 0.33258188
v 0.17374355 -0.01627494 0.33535537
v 0.12350099 -0.01627494 0.31308800
v 0.07567924 0.09255689 0.30397502
v 0.13263214 0.09255689 0.33186868
v 0.16435757 -0.01627494 0.33266112
v 0.08744356 0.09255689 0.31118616
v 0.08548993 0.09255689 0.30999750
v 0.08277181 0.09255689 0.30833340
v 0.13199508 -0.01627494 0.31808034
v 0.12766309 0.09255689 0.33044231
v 0.16253135 -0.01627494 0.33202717
v 0.09530060 0.09255689 0.31562379
v 0.13768612 -0.01627494 0.32125005
v 0.12303381 0.09255689 0.32877818
v 0.15318784 -0.01627494 0.32854044
v 0.10082176 0.09255689 0.31863505
v 0.14363199 -0.01627494 0.32418206
v 0.10256305 0.09255689 0.31950670
v 0.12260911 0.09255689 0.32861969
v 0.11551654 0.09255689 0.32552922
v 0.10659775 0.09255689 0.32148778
v 0.14499104 -0.01627494 0.32481602
f 1 2 3
f 1 3 4
f 1 4 5
f 1 5 6
f 1 6 7
f 1 7 8
f 1 8 10
f 1 10 2
f 2 9 3
f 2 10 9
f 3 11 28
f 3 28 12
f 3 12 4
f 3 9 11
f 4 12 13
f 4 13 14
f 4 14 5
f 5 14 15
f 5 15 16
f 5 16 6
f 6 16 18
f 6 18 7
f 7 17 8
f 7 18 17
f 8 17 19
f 8 19 20
f 8 20 10
f 9 10 21
f 9 21 22
f 9 22 23
f 9 23 24
f 9 24 11
f 10 20 25
f 10 25 26
f 10 26 21
f 11 24 27
f 11 27 28
f 12 28 29
f 12 29 13
f 13 29 14
f 14 29 30
f 14 30 31
f 14 31 15
f 15 31 32
f 15 32 16
f 16 32 33
f 16 33 18
f 17 18 34
f 17 34 64
f 17 64 35
f 17 35 36
f 17 36 19
f 18 33 37
f 18 37 34
f 19 36 20
f 20 36 25
f 21 26 40
f 21 40 22
f 22 38 39
f 22 39 23
f 22 40 38
f 23 39 41
f 23 41 24
f 24 41 42
f 24 42 43
f 24 43 47
f 24 47 27
f 25 36 44
f 25 44 45
f 25 45 46
f 25 46 26
f 26 46 40
f 27 47 48
f 27 48 49
f 27 49 50
f 27 50 28
f 28 50 29
f 29 50 51
f 29 51 77
f 29 77 52
f 29 52 53
f 29 53 30
f 30 53 54
f 30 54 55
f 30 55 31
f 31 55 56
f 31 56 57
f 31 57 58
f 31 58 32
f 32 59 33
f 32 58 59
f 33 59 60
f 33 60 61
f 33 61 62
f 33 62 37
f 34 63 64
f 34 37 62
f 34 62 63
f 35 64 98
f 35 98 65
f 35 65 36
f 36 65 66
f 36 66 44
f 38 40 67
f 38 67 69
f 38 69 104
f 38 104 103
f 38 103 102
f 38 102 142
f 38 142 195
f 38 195 203
f 38 203 202
f 38 202 201
f 38 201 240
f 38 240 272
f 38 272 310
f 38 310 341
f 38 341 344
f 38 344 381
f 38 381 383
f 38 383 414
f 38 414 413
f 38 413 451
f 38 451 450
f 38 450 502
f 38 502 501
f 38 501 532
f 38 532 533
f 38 533 571
f 38 571 541
f 38 541 580
f 38 580 619
f 38 619 618
f 38 618 577
f 38 577 617
f 38 617 616
f 38 616 642
f 38 642 645
f 38 645 644
f 38 644 679
f 38 679 723
f 38 723 749
f 38 749 752
f 38 752 785
f 38 785 820
f 38 820 819
f 38 819 855
f 38 855 890
f 38 890 925
f 38 925 924
f 38 924 961
f 38 961 1003
f 38 1003 1002
f 38 1002 1040
f 38 1040 1042
f 38 1042 1082
f 38 1082 1086
f 38 1086 1130
f 38 1130 1129
f 38 1129 1167
f 38 1167 1201
f 38 1201 1235
f 38 1235 1234
f 38 1234 1264
f 38 1264 1263
f 38 1263 1265
f 38 1265 1294
f 38 1294 1317
f 38 1317 1319
f 38 1319 1345
f 38 1345 1367
f 38 1367 1390
f 38 1390 1409
f 38 1409 1430
f 38 1430 1434
f 38 1434 1432
f 38 1432 1450
f 38 1450 1449
f 38 1449 1461
f 38 1461 1476
f 38 1476 1475
f 38 1475 1474
f 38 1474 1490
f 38 1490 1499
f 38 1499 1507
f 38 1507 1509
f 38 1509 1521
f 38 1521 1526
f 38 1526 1525
f 38 1525 1539
f 38 1539 1543
f 38 1543 1549
f 38 1549 1553
f 38 1553 1560
f 38 1560 1555
f 38 1555 1551
f 38 1551 1547
f 38 1547 1540
f 38 1540 1536
f 38 1536 1535
f 38 1535 1534
f 38 1534 1533
f 38 1533 1532
f 38 1532 1531
f 38 1531 1530
f 38 1530 1529
f 38 1529 1528
f 38 1528 1527
f 38 1527 1522
f 38 1522 1514
f 38 1514 1513
f 38 1513 1512
f 38 1512 1511
f 38 1511 1510
f 38 1510 1506
f 38 1506 1501
f 38 1501 1494
f 38 1494 1493
f 38 1493 1486
f 38 1486 1485
f 38 1485 1468
f 38 1468 1462
f 38 1462 1451
f 38 1451 1438
f 38 1438 1437
f 38 1437 1436
f 38 1436 1417
f 38 1417 1412
f 38 1412 1391
f 38 1391 1368
f 38 1368 1372
f 38 1372 1347
f 38 1347 1327
f 38 1327 1323
f 38 1323 1322
f 38 1322 1321
f 38 1321 1320
f 38 1320 1295
f 38 1295 1268
f 38 1268 1267
f 38 1267 1238
f 38 1238 1266
f 38 1266 1240
f 38 1240 1236
f 38 1236 1202
f 38 1202 1169
f 38 1169 1168
f 38 1168 1133
f 38 1133 1132
f 38 1132 1092
f 38 1092 1090
f 38 1090 1131
f 38 1131 1088
f 38 1088 1087
f 38 1087 1044
f 38 1044 1043
f 38 1043 1004
f 38 1004 966
f 38 966 965
f 38 965 964
f 38 964 945
f 38 945 911
f 38 911 910
f 38 910 871
f 38 871 870
f 38 870 869
f 38 869 837
f 38 837 836
f 38 836 821
f 38 821 786
f 38 786 753
f 38 753 724
f 38 724 686
f 38 686 685
f 38 685 648
f 38 648 684
f 38 684 680
f 38 680 646
f 38 646 620
f 38 620 581
f 38 581 542
f 38 542 504
f 38 504 454
f 38 454 419
f 38 419 416
f 38 416 389
f 38 389 384
f 38 384 345
f 38 345 311
f 38 311 273
f 38 273 241
f 38 241 206
f 38 206 205
f 38 205 204
f 38 204 149
f 38 149 147
f 38 147 107
f 38 107 74
f 38 74 73
f 38 73 48
f 38 48 47
f 38 47 43
f 38 43 42
f 38 42 41
f 38 41 39
f 40 46 68
f 40 68 69
f 40 69 67
f 44 66 100
f 44 100 70
f 44 70 71
f 44 71 45
f 45 71 46
f 46 71 72
f 46 72 101
f 46 101 68
f 48 73 49
f 49 73 74
f 49 74 75
f 49 75 76
f 49 76 50
f 50 76 51
f 51 76 77
f 52 77 78
f 52 78 79
f 52 79 80
f 52 80 81
f 52 81 53
f 53 81 82
f 53 82 54
f 54 82 83
f 54 83 84
f 54 84 55
f 55 84 56
f 56 84 83
f 56 83 85
f 56 85 57
f 57 85 86
f 57 86 87
f 57 87 88
f 57 88 89
f 57 89 58
f 58 89 90
f 58 90 59
f 59 90 91
f 59 91 92
f 59 92 60
f 60 93 61
f 60 92 93
f 61 93 94
f 61 94 95
f 61 95 62
f 62 95 63
f 63 95 96
f 63 96 97
f 63 97 98
f 63 98 64
f 65 99 100
f 65 100 66
f 65 98 137
f 65 137 99
f 68 101 102
f 68 102 103
f 68 103 104
f 68 104 69
f 70 100 105
f 70 105 71
f 71 105 72
f 72 105 106
f 72 106 101
f 74 107 75
f 75 107 108
f 75 108 109
f 75 109 76
f 76 109 110
f 76 110 111
f 76 111 77
f 77 111 112
f 77 112 78
f 78 112 113
f 78 113 79
f 79 113 114
f 79 114 115
f 79 115 116
f 79 116 80
f 80 116 81
f 81 116 117
f 81 117 118
f 81 118 119
f 81 119 82
f 82 119 120
f 82 120 83
f 83 120 121
f 83 121 85
f 85 121 122
f 85 122 86
f 86 122 161
f 86 161 123
f 86 123 87
f 87 123 88
f 88 124 89
f 88 123 125
f 88 125 126
f 88 126 124
f 89 124 127
f 89 127 128
f 89 128 90
f 90 128 127
f 90 127 129
f 90 129 91
f 91 130 131
f 91 131 92
f 91 129 130
f 92 131 93
f 93 132 94
f 93 131 132
f 94 132 133
f 94 133 134
f 94 134 135
f 94 135 95
f 95 135 136
f 95 136 96
f 96 136 97
f 97 136 98
f 98 136 137
f 99 137 138
f 99 138 139
f 99 139 140
f 99 140 100
f 100 140 105
f 101 106 141
f 101 141 142
f 101 142 102
f 105 140 143
f 105 143 144
f 105 144 106
f 106 144 145
f 106 145 146
f 106 146 141
f 107 147 108
f 108 147 148
f 108 148 109
f 109 148 149
f 109 149 150
f 109 150 151
f 109 151 152
f 109 152 153
f 109 153 154
f 109 154 110
f 110 154 112
f 110 112 111
f 112 154 113
f 113 154 153
f 113 153 152
f 113 152 114
f 114 152 155
f 114 155 156
f 114 156 115
f 115 156 155
f 115 155 157
f 115 157 158
f 115 158 116
f 116 158 117
f 117 158 118
f 118 158 159
f 118 159 160
f 118 160 121
f 118 121 119
f 119 121 120
f 121 160 159
f 121 159 162
f 121 162 122
f 122 162 161
f 123 161 163
f 123 163 164
f 123 164 125
f 124 126 125
f 124 125 164
f 124 164 163
f 124 163 216
f 124 216 252
f 124 252 284
f 124 284 322
f 124 322 357
f 124 357 356
f 124 356 324
f 124 324 359
f 124 359 397
f 124 397 396
f 124 396 434
f 124 434 480
f 124 480 479
f 124 479 478
f 124 478 477
f 124 477 510
f 124 510 512
f 124 512 549
f 124 549 588
f 124 588 626
f 124 626 657
f 124 657 695
f 124 695 694
f 124 694 693
f 124 693 732
f 124 732 761
f 124 761 798
f 124 798 800
f 124 800 835
f 124 835 833
f 124 833 832
f 124 832 868
f 124 868 867
f 124 867 907
f 124 907 906
f 124 906 909
f 124 909 936
f 124 936 942
f 124 942 941
f 124 941 984
f 124 984 988
f 124 988 1024
f 124 1024 1065
f 124 1065 1064
f 124 1064 1063
f 124 1063 1111
f 124 1111 1112
f 124 1112 1147
f 124 1147 1146
f 124 1146 1152
f 124 1152 1190
f 124 1190 1189
f 124 1189 1187
f 124 1187 1223
f 124 1223 1254
f 124 1254 1255
f 124 1255 1285
f 124 1285 1310
f 124 1310 1336
f 124 1336 1357
f 124 1357 1356
f 124 1356 1382
f 124 1382 1381
f 124 1381 1403
f 124 1403 1402
f 124 1402 1425
f 124 1425 1424
f 124 1424 1445
f 124 1445 1444
f 124 1444 1458
f 124 1458 1457
f 124 1457 1472
f 124 1472 1471
f 124 1471 1487
f 124 1487 1484
f 124 1484 1483
f 124 1483 1498
f 124 1498 1497
f 124 1497 1496
f 124 1496 1505
f 124 1505 1504
f 124 1504 1519
f 124 1519 1518
f 124 1518 1517
f 124 1517 1516
f 124 1516 1515
f 124 1515 1523
f 124 1523 1537
f 124 1537 1541
f 124 1541 1546
f 124 1546 1545
f 124 1545 1544
f 124 1544 1550
f 124 1550 1554
f 124 1554 1556
f 124 1556 1559
f 124 1559 1558
f 124 1558 1557
f 124 1557 1552
f 124 1552 1548
f 124 1548 1542
f 124 1542 1538
f 124 1538 1524
f 124 1524 1520
f 124 1520 1508
f 124 1508 1500
f 124 1500 1489
f 124 1489 1488
f 124 1488 1473
f 124 1473 1460
f 124 1460 1459
f 124 1459 1446
f 124 1446 1426
f 124 1426 1404
f 124 1404 1383
f 124 1383 1361
f 124 1361 1360
f 124 1360 1359
f 124 1359 1358
f 124 1358 1337
f 124 1337 1312
f 124 1312 1311
f 124 1311 1287
f 124 1287 1286
f 124 1286 1257
f 124 1257 1256
f 124 1256 1225
f 124 1225 1224
f 124 1224 1192
f 124 1192 1156
f 124 1156 1155
f 124 1155 1191
f 124 1191 1153
f 124 1153 1113
f 124 1113 1066
f 124 1066 1025
f 124 1025 989
f 124 989 947
f 124 947 946
f 124 946 915
f 124 915 914
f 124 914 877
f 124 877 876
f 124 876 842
f 124 842 809
f 124 809 772
f 124 772 741
f 124 741 740
f 124 740 706
f 124 706 667
f 124 667 633
f 124 633 599
f 124 599 598
f 124 598 597
f 124 597 558
f 124 558 557
f 124 557 556
f 124 556 519
f 124 519 481
f 124 481 436
f 124 436 435
f 124 435 398
f 124 398 365
f 124 365 364
f 124 364 363
f 124 363 361
f 124 361 326
f 124 326 325
f 124 325 289
f 124 289 288
f 124 288 256
f 124 256 255
f 124 255 254
f 124 254 220
f 124 220 219
f 124 219 172
f 124 172 171
f 124 171 170
f 124 170 133
f 124 133 169
f 124 169 168
f 124 168 167
f 124 167 166
f 124 166 165
f 124 165 129
f 124 129 127
f 129 165 130
f 130 165 166
f 130 166 131
f 131 167 168
f 131 168 132
f 131 166 167
f 132 168 169
f 132 169 133
f 133 170 134
f 134 170 135
f 135 170 171
f 135 171 172
f 135 172 173
f 135 173 136
f 136 173 174
f 136 174 175
f 136 175 176
f 136 176 137
f 137 176 177
f 137 177 178
f 137 178 179
f 137 179 138
f 138 180 181
f 138 181 182
f 138 182 183
f 138 183 184
f 138 184 185
f 138 185 186
f 138 186 187
f 138 187 188
f 138 188 189
f 138 189 190
f 138 190 139
f 138 179 191
f 138 191 192
f 138 192 180
f 139 190 140
f 140 190 193
f 140 193 194
f 140 194 143
f 141 195 142
f 141 146 195
f 143 194 196
f 143 196 144
f 144 196 197
f 144 197 198
f 144 198 199
f 144 199 200
f 144 200 145
f 145 200 201
f 145 201 202
f 145 202 203
f 145 203 146
f 146 203 195
f 147 149 148
f 149 204 151
f 149 151 150
f 151 204 205
f 151 205 206
f 151 206 207
f 151 207 208
f 151 208 152
f 152 208 155
f 155 209 157
f 155 208 210
f 155 210 211
f 155 211 244
f 155 244 209
f 157 209 158
f 158 209 212
f 158 212 213
f 158 213 214
f 158 214 159
f 159 214 213
f 159 213 215
f 159 215 217
f 159 217 162
f 161 162 216
f 161 216 163
f 162 217 218
f 162 218 216
f 172 219 173
f 173 219 220
f 173 220 174
f 174 220 254
f 174 254 221
f 174 221 222
f 174 222 223
f 174 223 175
f 175 223 176
f 176 223 177
f 177 224 178
f 177 223 222
f 177 222 224
f 178 224 192
f 178 192 225
f 178 225 179
f 179 225 192
f 179 192 191
f 180 192 224
f 180 224 222
f 180 222 181
f 181 222 226
f 181 226 227
f 181 227 182
f 182 227 228
f 182 228 229
f 182 229 183
f 183 229 184
f 184 229 185
f 185 229 230
f 185 230 231
f 185 231 186
f 186 231 262
f 186 262 232
f 186 232 263
f 186 263 233
f 186 233 187
f 187 234 188
f 187 233 235
f 187 235 236
f 187 236 234
f 188 234 198
f 188 198 237
f 188 237 189
f 189 237 190
f 190 237 193
f 193 237 196
f 193 196 194
f 196 237 197
f 197 237 198
f 198 234 236
f 198 236 238
f 198 238 199
f 199 238 239
f 199 239 200
f 200 239 201
f 201 239 240
f 206 241 242
f 206 242 207
f 207 242 243
f 207 243 208
f 208 243 210
f 209 244 245
f 209 245 246
f 209 246 212
f 210 243 211
f 211 243 247
f 211 247 248
f 211 248 249
f 211 249 244
f 212 246 250
f 212 250 213
f 213 250 251
f 213 251 215
f 215 251 217
f 216 218 252
f 217 252 218
f 217 251 253
f 217 253 252
f 221 254 255
f 221 255 226
f 221 226 222
f 226 255 256
f 226 256 227
f 227 256 257
f 227 257 258
f 227 258 228
f 228 258 259
f 228 259 229
f 229 259 260
f 229 260 230
f 230 260 231
f 231 260 261
f 231 261 262
f 232 262 264
f 232 264 265
f 232 265 266
f 232 266 267
f 232 267 263
f 233 263 268
f 233 268 235
f 235 268 269
f 235 269 236
f 236 269 238
f 238 269 270
f 238 270 271
f 238 271 239
f 239 271 240
f 240 271 272
f 241 273 274
f 241 274 242
f 242 274 275
f 242 275 247
f 242 247 243
f 244 249 276
f 244 276 245
f 245 277 246
f 245 276 278
f 245 278 279
f 245 279 277
f 246 277 250
f 247 275 280
f 247 280 248
f 248 280 249
f 249 280 281
f 249 281 276
f 250 277 279
f 250 279 251
f 251 279 282
f 251 282 253
f 252 253 283
f 252 283 284
f 253 282 285
f 253 285 286
f 253 286 287
f 253 287 283
f 256 288 257
f 257 288 258
f 258 289 290
f 258 290 259
f 258 288 289
f 259 290 260
f 260 290 291
f 260 291 292
f 260 292 293
f 260 293 294
f 260 294 295
f 260 295 261
f 261 295 264
f 261 264 262
f 263 267 296
f 263 296 268
f 264 295 297
f 264 297 265
f 265 267 266
f 265 297 298
f 265 298 299
f 265 299 267
f 267 299 300
f 267 300 301
f 267 301 302
f 267 302 303
f 267 303 296
f 268 296 304
f 268 304 305
f 268 305 269
f 269 305 306
f 269 306 270
f 270 307 271
f 270 306 308
f 270 308 309
f 270 309 307
f 271 307 310
f 271 310 272
f 273 311 274
f 274 311 312
f 274 312 275
f 275 312 313
f 275 313 280
f 276 281 314
f 276 314 315
f 276 315 316
f 276 316 278
f 278 316 279
f 279 316 282
f 280 313 312
f 280 312 317
f 280 317 318
f 280 318 319
f 280 319 281
f 281 319 347
f 281 347 314
f 282 316 320
f 282 320 285
f 283 287 321
f 283 321 322
f 283 322 284
f 285 320 323
f 285 323 286
f 286 323 324
f 286 324 321
f 286 321 287
f 289 325 290
f 290 325 291
f 291 326 292
f 291 325 326
f 292 326 327
f 292 327 328
f 292 328 293
f 293 328 329
f 293 329 298
f 293 298 297
f 293 297 294
f 294 297 295
f 296 303 330
f 296 330 304
f 298 329 368
f 298 368 331
f 298 331 300
f 298 300 299
f 300 331 332
f 300 332 333
f 300 333 334
f 300 334 336
f 300 336 301
f 301 335 302
f 301 336 337
f 301 337 338
f 301 338 335
f 302 335 303
f 303 335 330
f 304 330 305
f 305 330 306
f 306 330 335
f 306 335 339
f 306 339 340
f 306 340 309
f 306 309 308
f 307 309 310
f 309 341 342
f 309 342 310
f 309 340 339
f 309 339 343
f 309 343 344
f 309 344 341
f 310 342 341
f 311 345 346
f 311 346 312
f 312 346 317
f 314 347 315
f 315 347 348
f 315 348 349
f 315 349 320
f 315 320 316
f 317 346 318
f 318 350 351
f 318 351 352
f 318 352 319
f 318 346 350
f 319 352 353
f 319 353 354
f 319 354 347
f 320 349 355
f 320 355 323
f 321 324 356
f 321 356 357
f 321 357 322
f 323 355 358
f 323 358 359
f 323 359 360
f 323 360 324
f 324 360 359
f 326 361 327
f 327 362 328
f 327 361 363
f 327 363 364
f 327 364 365
f 327 365 366
f 327 366 367
f 327 367 362
f 328 362 329
f 329 362 367
f 329 367 369
f 329 369 368
f 331 368 370
f 331 370 332
f 332 370 371
f 332 371 333
f 333 371 372
f 333 372 373
f 333 373 374
f 333 374 375
f 333 375 376
f 333 376 334
f 334 376 336
f 335 338 380
f 335 380 339
f 336 376 377
f 336 377 337
f 337 377 338
f 338 377 378
f 338 378 379
f 338 379 380
f 339 380 343
f 343 381 344
f 343 380 382
f 343 382 383
f 343 383 381
f 345 384 346
f 346 384 351
f 346 351 350
f 347 354 385
f 347 385 348
f 348 385 386
f 348 386 349
f 349 386 355
f 351 387 388
f 351 388 352
f 351 384 389
f 351 389 387
f 352 388 390
f 352 390 391
f 352 391 353
f 353 391 392
f 353 392 393
f 353 393 354
f 354 393 394
f 354 394 386
f 354 386 385
f 355 386 395
f 355 395 396
f 355 396 358
f 358 396 397
f 358 397 359
f 365 398 399
f 365 399 366
f 366 400 401
f 366 401 402
f 366 402 371
f 366 371 403
f 366 403 369
f 366 369 367
f 366 399 400
f 368 369 370
f 369 403 370
f 370 403 371
f 371 402 372
f 372 402 373
f 373 404 405
f 373 405 406
f 373 406 374
f 373 402 401
f 373 401 404
f 374 406 407
f 374 407 408
f 374 408 409
f 374 409 377
f 374 377 375
f 375 377 376
f 377 409 378
f 378 409 408
f 378 408 410
f 378 410 379
f 379 411 412
f 379 412 380
f 379 410 411
f 380 412 382
f 382 413 414
f 382 414 383
f 382 412 413
f 386 394 415
f 386 415 395
f 387 389 390
f 387 390 388
f 389 416 390
f 390 417 418
f 390 418 391
f 390 416 419
f 390 419 417
f 391 418 420
f 391 420 421
f 391 421 422
f 391 422 423
f 391 423 392
f 392 423 393
f 393 423 424
f 393 424 425
f 393 425 426
f 393 426 394
f 394 426 427
f 394 427 428
f 394 428 429
f 394 429 430
f 394 430 431
f 394 431 432
f 394 432 415
f 395 415 432
f 395 432 433
f 395 433 434
f 395 434 396
f 398 435 399
f 399 435 436
f 399 436 437
f 399 437 438
f 399 438 400
f 400 438 404
f 400 404 401
f 404 438 439
f 404 439 405
f 405 439 440
f 405 440 406
f 406 440 441
f 406 441 407
f 407 441 442
f 407 442 443
f 407 443 408
f 408 443 410
f 410 443 444
f 410 444 445
f 410 445 446
f 410 446 447
f 410 447 448
f 410 448 411
f 411 448 412
f 412 448 449
f 412 449 450
f 412 450 451
f 412 451 413
f 417 419 452
f 417 452 418
f 418 452 420
f 419 453 452
f 419 454 455
f 419 455 453
f 420 452 456
f 420 456 421
f 421 456 422
f 422 457 423
f 422 456 458
f 422 458 459
f 422 459 460
f 422 460 461
f 422 461 457
f 423 457 424
f 424 462 425
f 424 457 461
f 424 461 462
f 425 427 426
f 425 462 461
f 425 461 460
f 425 460 463
f 425 463 427
f 427 463 464
f 427 464 428
f 428 465 466
f 428 466 467
f 428 467 429
f 428 464 468
f 428 468 469
f 428 469 470
f 428 470 471
f 428 471 472
f 428 472 473
f 428 473 474
f 428 474 475
f 428 475 465
f 429 476 430
f 429 467 476
f 430 476 431
f 431 476 477
f 431 477 478
f 431 478 432
f 432 434 433
f 432 478 479
f 432 479 480
f 432 480 434
f 436 481 437
f 437 482 438
f 437 481 483
f 437 483 482
f 438 482 439
f 439 482 440
f 440 484 485
f 440 485 486
f 440 486 441
f 440 482 483
f 440 483 484
f 441 486 487
f 441 487 488
f 441 488 489
f 441 489 442
f 442 490 443
f 442 489 490
f 443 490 491
f 443 491 444
f 444 491 445
f 445 491 446
f 446 491 492
f 446 492 447
f 447 493 494
f 447 494 495
f 447 495 448
f 447 492 496
f 447 496 497
f 447 497 498
f 447 498 499
f 447 499 500
f 447 500 493
f 448 495 494
f 448 494 449
f 449 494 501
f 449 501 502
f 449 502 450
f 452 453 455
f 452 455 503
f 452 503 456
f 454 504 455
f 455 504 505
f 455 505 503
f 456 503 505
f 456 505 458
f 458 505 459
f 459 505 506
f 459 506 507
f 459 507 460
f 460 507 508
f 460 508 463
f 463 508 509
f 463 509 464
f 464 509 468
f 465 510 511
f 465 511 466
f 465 475 512
f 465 512 510
f 466 511 467
f 467 511 476
f 468 509 513
f 468 513 469
f 469 513 514
f 469 514 470
f 470 514 551
f 470 551 515
f 470 515 516
f 470 516 471
f 471 516 517
f 471 517 473
f 471 473 472
f 473 517 518
f 473 518 474
f 474 518 475
f 475 518 512
f 476 511 477
f 477 511 510
f 481 519 520
f 481 520 483
f 483 520 484
f 484 520 521
f 484 521 485
f 485 521 522
f 485 522 487
f 485 487 486
f 487 523 488
f 487 522 524
f 487 524 525
f 487 525 526
f 487 526 527
f 487 527 523
f 488 523 528
f 488 528 489
f 489 529 491
f 489 491 490
f 489 528 529
f 491 529 496
f 491 496 492
f 493 530 494
f 493 500 531
f 493 531 530
f 494 532 501
f 494 530 533
f 494 533 532
f 496 529 570
f 496 570 534
f 496 534 497
f 497 534 535
f 497 535 536
f 497 536 498
f 498 536 537
f 498 537 538
f 498 538 539
f 498 539 540
f 498 540 499
f 499 540 541
f 499 541 500
f 500 541 531
f 504 542 543
f 504 543 544
f 504 544 505
f 505 544 506
f 506 544 582
f 506 582 545
f 506 545 546
f 506 546 507
f 507 546 547
f 507 547 508
f 508 547 509
f 509 547 513
f 512 518 548
f 512 548 549
f 513 547 514
f 514 550 590
f 514 590 551
f 514 547 550
f 515 551 552
f 515 552 553
f 515 553 516
f 516 548 517
f 516 553 554
f 516 554 555
f 516 555 548
f 517 548 518
f 519 556 520
f 520 556 557
f 520 557 558
f 520 558 559
f 520 559 521
f 521 559 522
f 522 559 524
f 523 560 528
f 523 527 560
f 524 559 561
f 524 561 562
f 524 562 525
f 525 562 563
f 525 563 564
f 525 564 526
f 526 564 565
f 526 565 566
f 526 566 567
f 526 567 568
f 526 568 527
f 527 568 560
f 528 560 569
f 528 569 570
f 528 570 529
f 530 531 571
f 530 571 533
f 531 541 571
f 534 570 569
f 534 569 535
f 535 569 572
f 535 572 537
f 535 537 536
f 537 572 573
f 537 573 574
f 537 574 538
f 538 574 575
f 538 575 576
f 538 576 577
f 538 577 578
f 538 578 539
f 539 578 579
f 539 579 580
f 539 580 540
f 540 580 541
f 542 581 543
f 543 581 544
f 544 581 582
f 545 582 583
f 545 583 546
f 546 583 584
f 546 584 547
f 547 584 585
f 547 585 586
f 547 586 550
f 548 555 587
f 548 587 549
f 549 587 588
f 550 589 590
f 550 586 589
f 551 590 552
f 552 590 591
f 552 591 592
f 552 592 553
f 553 592 593
f 553 593 554
f 554 593 594
f 554 594 595
f 554 595 555
f 555 595 596
f 555 596 587
f 558 597 559
f 559 597 598
f 559 598 599
f 559 599 600
f 559 600 561
f 560 568 572
f 560 572 569
f 561 600 601
f 561 601 562
f 562 601 563
f 563 601 602
f 563 602 603
f 563 603 564
f 564 603 604
f 564 604 565
f 565 605 566
f 565 604 606
f 565 606 607
f 565 607 608
f 565 608 605
f 566 605 567
f 567 609 568
f 567 605 609
f 568 609 610
f 568 610 572
f 572 610 609
f 572 609 573
f 573 609 605
f 573 605 611
f 573 611 574
f 574 611 612
f 574 612 613
f 574 613 614
f 574 614 615
f 574 615 575
f 575 615 616
f 575 616 576
f 576 617 577
f 576 616 617
f 577 618 578
f 578 618 579
f 579 618 619
f 579 619 580
f 581 620 621
f 581 621 582
f 582 621 583
f 583 621 622
f 583 622 623
f 583 623 584
f 584 623 585
f 585 623 624
f 585 624 589
f 585 589 586
f 587 596 625
f 587 625 626
f 587 626 588
f 589 624 627
f 589 627 590
f 590 627 591
f 591 627 628
f 591 628 629
f 591 629 592
f 592 629 630
f 592 630 593
f 593 630 631
f 593 631 594
f 594 631 625
f 594 625 632
f 594 632 595
f 595 632 625
f 595 625 596
f 599 633 634
f 599 634 602
f 599 602 600
f 600 602 601
f 602 634 603
f 603 634 635
f 603 635 636
f 603 636 604
f 604 636 637
f 604 637 638
f 604 638 606
f 605 608 612
f 605 612 611
f 606 608 607
f 606 638 639
f 606 639 640
f 606 640 608
f 608 640 612
f 612 640 613
f 613 640 674
f 613 674 641
f 613 641 614
f 614 642 615
f 614 641 643
f 614 643 644
f 614 644 645
f 614 645 642
f 615 642 616
f 620 646 621
f 621 646 622
f 622 646 623
f 623 646 647
f 623 647 648
f 623 648 649
f 623 649 650
f 623 650 651
f 623 651 652
f 623 652 653
f 623 653 624
f 624 653 628
f 624 628 627
f 625 631 654
f 625 654 626
f 626 654 655
f 626 655 656
f 626 656 657
f 628 653 652
f 628 652 658
f 628 658 629
f 629 658 630
f 630 658 659
f 630 659 660
f 630 660 661
f 630 661 662
f 630 662 663
f 630 663 631
f 631 663 664
f 631 664 665
f 631 665 666
f 631 666 654
f 633 667 634
f 634 667 668
f 634 668 635
f 635 668 669
f 635 669 636
f 636 669 637
f 637 669 670
f 637 670 671
f 637 671 638
f 638 671 672
f 638 672 639
f 639 672 673
f 639 673 674
f 639 674 640
f 641 674 675
f 641 675 676
f 641 676 677
f 641 677 643
f 643 677 678
f 643 678 679
f 643 679 644
f 646 680 681
f 646 681 682
f 646 682 647
f 647 682 683
f 647 683 648
f 648 683 684
f 648 685 649
f 649 686 650
f 649 685 686
f 650 686 687
f 650 687 688
f 650 688 651
f 651 688 652
f 652 688 659
f 652 659 658
f 654 666 665
f 654 665 655
f 655 665 689
f 655 689 690
f 655 690 656
f 656 690 691
f 656 691 692
f 656 692 693
f 656 693 694
f 656 694 695
f 656 695 657
f 659 688 696
f 659 696 697
f 659 697 698
f 659 698 662
f 659 662 661
f 659 661 660
f 662 699 700
f 662 700 701
f 662 701 663
f 662 698 702
f 662 702 699
f 663 703 664
f 663 701 704
f 663 704 705
f 663 705 703
f 664 703 689
f 664 689 665
f 667 706 707
f 667 707 668
f 668 707 669
f 669 707 708
f 669 708 670
f 670 708 709
f 670 709 671
f 671 709 672
f 672 709 710
f 672 710 711
f 672 711 712
f 672 712 675
f 672 675 673
f 673 675 674
f 675 712 713
f 675 713 714
f 675 714 676
f 676 714 715
f 676 715 677
f 677 716 717
f 677 717 678
f 677 715 718
f 677 718 719
f 677 719 720
f 677 720 721
f 677 721 716
f 678 717 722
f 678 722 679
f 679 722 723
f 680 684 681
f 681 684 683
f 681 683 682
f 686 724 687
f 687 724 725
f 687 725 688
f 688 725 696
f 689 726 690
f 689 703 726
f 690 726 727
f 690 727 691
f 691 727 728
f 691 728 692
f 692 728 729
f 692 729 730
f 692 730 693
f 693 730 731
f 693 731 732
f 696 725 697
f 697 702 698
f 697 725 733
f 697 733 734
f 697 734 702
f 699 734 735
f 699 735 700
f 699 702 734
f 700 735 736
f 700 736 737
f 700 737 701
f 701 737 704
f 703 705 726
f 704 737 769
f 704 769 738
f 704 738 705
f 705 738 739
f 705 739 727
f 705 727 726
f 706 740 707
f 707 741 742
f 707 742 743
f 707 743 708
f 707 740 741
f 708 743 744
f 708 744 709
f 709 744 745
f 709 745 710
f 710 745 711
f 711 746 713
f 711 713 712
f 711 745 747
f 711 747 748
f 711 748 746
f 713 746 714
f 714 746 718
f 714 718 715
f 716 723 717
f 716 721 749
f 716 749 723
f 717 723 722
f 718 746 748
f 718 748 719
f 719 748 781
f 719 781 750
f 719 750 751
f 719 751 720
f 720 751 752
f 720 752 721
f 721 752 749
f 724 753 725
f 725 753 733
f 727 739 754
f 727 754 755
f 727 755 728
f 728 756 729
f 728 755 757
f 728 757 758
f 728 758 756
f 729 756 759
f 729 759 760
f 729 760 731
f 729 731 730
f 731 761 732
f 731 760 762
f 731 762 761
f 733 753 763
f 733 763 735
f 733 735 734
f 735 763 764
f 735 764 765
f 735 765 766
f 735 766 736
f 736 767 768
f 736 768 769
f 736 769 737
f 736 766 767
f 738 770 739
f 738 769 770
f 739 770 771
f 739 771 755
f 739 755 754
f 741 772 742
f 742 773 743
f 742 772 774
f 742 774 775
f 742 775 773
f 743 773 776
f 743 776 744
f 744 776 775
f 744 775 777
f 744 777 745
f 745 777 747
f 747 777 778
f 747 778 779
f 747 779 748
f 748 779 780
f 748 780 781
f 750 781 816
f 750 816 782
f 750 782 783
f 750 783 751
f 751 783 784
f 751 784 752
f 752 784 785
f 753 786 763
f 755 771 787
f 755 787 788
f 755 788 757
f 756 758 759
f 757 788 789
f 757 789 758
f 758 760 759
f 758 789 790
f 758 790 791
f 758 791 792
f 758 792 793
f 758 793 794
f 758 794 795
f 758 795 760
f 760 795 796
f 760 796 797
f 760 797 762
f 761 762 798
f 762 797 799
f 762 799 800
f 762 800 798
f 763 786 764
f 764 786 801
f 764 801 802
f 764 802 765
f 765 803 768
f 765 768 767
f 765 767 766
f 765 802 803
f 768 803 804
f 768 804 805
f 768 805 806
f 768 806 769
f 769 806 770
f 770 806 807
f 770 807 808
f 770 808 787
f 770 787 771
f 772 809 810
f 772 810 774
f 773 775 776
f 774 810 811
f 774 811 775
f 775 811 812
f 775 812 777
f 777 812 813
f 777 813 814
f 777 814 815
f 777 815 778
f 778 815 780
f 778 780 779
f 780 815 814
f 780 814 816
f 780 816 781
f 782 816 851
f 782 851 817
f 782 817 818
f 782 818 783
f 783 818 819
f 783 819 784
f 784 819 820
f 784 820 785
f 786 821 801
f 787 808 822
f 787 822 823
f 787 823 788
f 788 823 790
f 788 790 789
f 790 824 791
f 790 823 825
f 790 825 858
f 790 858 824
f 791 824 792
f 792 824 826
f 792 826 827
f 792 827 793
f 793 827 828
f 793 828 829
f 793 829 830
f 793 830 831
f 793 831 794
f 794 796 795
f 794 831 834
f 794 834 796
f 796 832 833
f 796 833 799
f 796 799 797
f 796 834 832
f 799 833 835
f 799 835 800
f 801 836 837
f 801 837 803
f 801 803 802
f 801 821 836
f 803 837 838
f 803 838 804
f 804 838 839
f 804 839 840
f 804 840 805
f 805 840 841
f 805 841 807
f 805 807 806
f 807 841 808
f 808 841 822
f 809 842 843
f 809 843 810
f 810 843 811
f 811 844 812
f 811 843 845
f 811 845 846
f 811 846 847
f 811 847 844
f 812 844 813
f 813 844 848
f 813 848 814
f 814 848 849
f 814 849 850
f 814 850 816
f 816 850 851
f 817 851 852
f 817 852 853
f 817 853 818
f 818 853 854
f 818 854 819
f 819 854 855
f 822 856 823
f 822 841 857
f 822 857 856
f 823 856 858
f 823 858 825
f 824 858 826
f 826 858 856
f 826 856 857
f 826 857 859
f 826 859 827
f 827 859 828
f 828 859 860
f 828 860 861
f 828 861 862
f 828 862 829
f 829 863 830
f 829 862 864
f 829 864 865
f 829 865 863
f 830 863 831
f 831 863 866
f 831 866 867
f 831 867 834
f 832 834 868
f 834 867 868
f 837 869 838
f 838 869 870
f 838 870 839
f 839 871 872
f 839 872 840
f 839 870 871
f 840 872 873
f 840 873 874
f 840 874 841
f 841 874 875
f 841 875 857
f 842 876 845
f 842 845 843
f 844 847 848
f 845 876 877
f 845 877 878
f 845 878 846
f 846 878 879
f 846 879 880
f 846 880 847
f 847 880 881
f 847 881 882
f 847 882 848
f 848 882 883
f 848 883 849
f 849 883 850
f 850 883 851
f 851 883 884
f 851 884 885
f 851 885 852
f 852 885 886
f 852 886 887
f 852 887 888
f 852 888 889
f 852 889 853
f 853 889 854
f 854 889 890
f 854 890 855
f 857 891 892
f 857 892 893
f 857 893 859
f 857 875 891
f 859 893 860
f 860 893 892
f 860 892 894
f 860 894 895
f 860 895 896
f 860 896 897
f 860 897 861
f 861 897 862
f 862 897 898
f 862 898 899
f 862 899 900
f 862 900 864
f 863 865 864
f 863 864 901
f 863 901 902
f 863 902 866
f 864 900 903
f 864 903 904
f 864 904 905
f 864 905 901
f 866 906 907
f 866 907 867
f 866 902 908
f 866 908 909
f 866 909 906
f 871 910 872
f 872 910 911
f 872 911 912
f 872 912 892
f 872 892 873
f 873 875 874
f 873 892 913
f 873 913 891
f 873 891 875
f 877 914 878
f 878 914 915
f 878 915 879
f 879 915 946
f 879 946 916
f 879 916 880
f 880 916 917
f 880 917 881
f 881 918 883
f 881 883 882
f 881 917 919
f 881 919 918
f 883 918 920
f 883 920 884
f 884 920 885
f 885 920 886
f 886 920 921
f 886 921 887
f 887 921 922
f 887 922 923
f 887 923 924
f 887 924 888
f 888 924 889
f 889 925 890
f 889 924 925
f 891 913 892
f 892 912 894
f 894 926 895
f 894 912 927
f 894 927 928
f 894 928 926
f 895 926 929
f 895 929 930
f 895 930 896
f 896 930 897
f 897 931 898
f 897 930 931
f 898 931 932
f 898 932 899
f 899 932 933
f 899 933 934
f 899 934 935
f 899 935 900
f 900 935 903
f 901 936 908
f 901 908 902
f 901 905 936
f 903 935 937
f 903 937 938
f 903 938 939
f 903 939 940
f 903 940 904
f 904 940 905
f 905 941 942
f 905 942 936
f 905 940 943
f 905 943 944
f 905 944 941
f 908 936 909
f 911 945 912
f 912 945 927
f 916 947 948
f 916 948 949
f 916 949 917
f 916 946 947
f 917 949 950
f 917 950 919
f 918 919 951
f 918 951 952
f 918 952 920
f 919 950 953
f 919 953 954
f 919 954 955
f 919 955 951
f 920 952 956
f 920 956 921
f 921 956 957
f 921 957 958
f 921 958 959
f 921 959 922
f 922 959 960
f 922 960 923
f 923 960 961
f 923 961 924
f 926 962 929
f 926 928 962
f 927 945 963
f 927 963 928
f 928 963 945
f 928 945 964
f 928 964 965
f 928 965 966
f 928 966 962
f 929 962 967
f 929 967 968
f 929 968 969
f 929 969 970
f 929 970 930
f 930 970 931
f 931 970 932
f 932 970 933
f 933 970 969
f 933 969 971
f 933 971 972
f 933 972 973
f 933 973 934
f 934 973 974
f 934 974 975
f 934 975 935
f 935 974 937
f 935 975 974
f 937 974 976
f 937 976 977
f 937 977 978
f 937 978 938
f 938 978 979
f 938 979 980
f 938 980 981
f 938 981 982
f 938 982 939
f 939 982 983
f 939 983 940
f 940 983 943
f 941 944 984
f 943 983 982
f 943 982 985
f 943 985 944
f 944 985 986
f 944 986 987
f 944 987 988
f 944 988 984
f 947 989 948
f 948 989 990
f 948 990 991
f 948 991 949
f 949 991 950
f 950 992 953
f 950 991 993
f 950 993 992
f 951 955 994
f 951 994 952
f 952 994 957
f 952 957 956
f 953 992 954
f 954 957 994
f 954 994 955
f 954 992 995
f 954 995 996
f 954 996 997
f 954 997 957
f 957 997 1037
f 957 1037 998
f 957 998 958
f 958 998 999
f 958 999 959
f 959 999 1000
f 959 1000 960
f 960 1000 1001
f 960 1001 1002
f 960 1002 1003
f 960 1003 961
f 962 966 967
f 966 1004 967
f 967 1004 1005
f 967 1005 968
f 968 1005 969
f 969 972 971
f 969 1005 1006
f 969 1006 972
f 972 1006 1007
f 972 1007 1008
f 972 1008 1009
f 972 1009 973
f 973 1009 1010
f 973 1010 1011
f 973 1011 1012
f 973 1012 974
f 974 1012 976
f 976 1012 1011
f 976 1011 977
f 977 1013 1014
f 977 1014 979
f 977 979 978
f 977 1011 1013
f 979 1014 1015
f 979 1015 980
f 980 1015 1016
f 980 1016 1017
f 980 1017 1018
f 980 1018 981
f 981 1018 1019
f 981 1019 982
f 982 1019 985
f 985 1019 1018
f 985 1018 986
f 986 1017 1020
f 986 1020 1021
f 986 1021 1022
f 986 1022 1023
f 986 1023 987
f 986 1018 1017
f 987 1023 988
f 988 1023 1024
f 989 1025 990
f 990 1025 991
f 991 1025 993
f 992 993 1026
f 992 1026 995
f 993 1027 1028
f 993 1028 1029
f 993 1029 1026
f 993 1025 1027
f 995 1030 1031
f 995 1031 1032
f 995 1032 1033
f 995 1033 1034
f 995 1034 996
f 995 1026 1030
f 996 1034 1035
f 996 1035 1036
f 996 1036 997
f 997 1036 1038
f 997 1038 1037
f 998 1037 1039
f 998 1039 999
f 999 1039 1000
f 1000 1039 1001
f 1001 1040 1002
f 1001 1039 1041
f 1001 1041 1042
f 1001 1042 1040
f 1004 1043 1005
f 1005 1043 1006
f 1006 1043 1007
f 1007 1044 1045
f 1007 1045 1046
f 1007 1046 1008
f 1007 1043 1044
f 1008 1046 1089
f 1008 1089 1047
f 1008 1047 1009
f 1009 1047 1048
f 1009 1048 1049
f 1009 1049 1050
f 1009 1050 1051
f 1009 1051 1013
f 1009 1013 1010
f 1010 1013 1011
f 1013 1051 1014
f 1014 1051 1052
f 1014 1052 1053
f 1014 1053 1054
f 1014 1054 1015
f 1015 1054 1055
f 1015 1055 1016
f 1016 1056 1057
f 1016 1057 1058
f 1016 1058 1059
f 1016 1059 1017
f 1016 1055 1056
f 1017 1059 1020
f 1020 1059 1021
f 1021 1059 1060
f 1021 1060 1061
f 1021 1061 1022
f 1022 1061 1062
f 1022 1062 1063
f 1022 1063 1023
f 1023 1063 1064
f 1023 1064 1065
f 1023 1065 1024
f 1025 1066 1028
f 1025 1028 1027
f 1026 1029 1067
f 1026 1067 1068
f 1026 1068 1030
f 1028 1066 1069
f 1028 1069 1067
f 1028 1067 1029
f 1030 1068 1031
f 1031 1070 1071
f 1031 1071 1072
f 1031 1072 1073
f 1031 1073 1032
f 1031 1068 1067
f 1031 1067 1070
f 1032 1074 1033
f 1032 1073 1075
f 1032 1075 1076
f 1032 1076 1077
f 1032 1077 1074
f 1033 1074 1078
f 1033 1078 1034
f 1034 1078 1035
f 1035 1078 1036
f 1036 1078 1079
f 1036 1079 1080
f 1036 1080 1038
f 1037 1038 1039
f 1038 1080 1081
f 1038 1081 1039
f 1039 1081 1041
f 1041 1082 1042
f 1041 1081 1083
f 1041 1083 1084
f 1041 1084 1085
f 1041 1085 1086
f 1041 1086 1082
f 1044 1087 1045
f 1045 1087 1088
f 1045 1088 1046
f 1046 1088 1131
f 1046 1131 1089
f 1047 1089 1090
f 1047 1090 1091
f 1047 1091 1048
f 1048 1092 1049
f 1048 1091 1092
f 1049 1092 1093
f 1049 1093 1094
f 1049 1094 1095
f 1049 1095 1050
f 1050 1095 1051
f 1051 1095 1096
f 1051 1096 1097
f 1051 1097 1053
f 1051 1053 1052
f 1053 1097 1098
f 1053 1098 1099
f 1053 1099 1054
f 1054 1099 1100
f 1054 1100 1055
f 1055 1100 1056
f 1056 1100 1140
f 1056 1140 1101
f 1056 1101 1057
f 1057 1101 1058
f 1058 1102 1103
f 1058 1103 1059
f 1058 1101 1102
f 1059 1103 1060
f 1060 1103 1104
f 1060 1104 1105
f 1060 1105 1106
f 1060 1106 1107
f 1060 1107 1061
f 1061 1108 1062
f 1061 1107 1109
f 1061 1109 1110
f 1061 1110 1108
f 1062 1111 1063
f 1062 1108 1112
f 1062 1112 1111
f 1066 1113 1114
f 1066 1114 1069
f 1067 1069 1115
f 1067 1115 1070
f 1069 1114 1115
f 1070 1115 1116
f 1070 1116 1071
f 1071 1116 1117
f 1071 1117 1118
f 1071 1118 1072
f 1072 1118 1073
f 1073 1118 1119
f 1073 1119 1075
f 1074 1079 1078
f 1074 1077 1120
f 1074 1120 1121
f 1074 1121 1079
f 1075 1119 1122
f 1075 1122 1076
f 1076 1122 1123
f 1076 1123 1120
f 1076 1120 1077
f 1079 1121 1120
f 1079 1120 1124
f 1079 1124 1125
f 1079 1125 1080
f 1080 1126 1081
f 1080 1125 1126
f 1081 1126 1083
f 1083 1126 1127
f 1083 1127 1084
f 1084 1127 1128
f 1084 1128 1129
f 1084 1129 1130
f 1084 1130 1085
f 1085 1130 1086
f 1089 1131 1090
f 1090 1092 1091
f 1092 1132 1094
f 1092 1094 1093
f 1094 1132 1133
f 1094 1133 1134
f 1094 1134 1095
f 1095 1134 1135
f 1095 1135 1096
f 1096 1135 1099
f 1096 1099 1098
f 1096 1098 1097
f 1099 1136 1137
f 1099 1137 1138
f 1099 1138 1139
f 1099 1139 1140
f 1099 1140 1100
f 1099 1135 1136
f 1101 1140 1139
f 1101 1139 1102
f 1102 1139 1104
f 1102 1104 1103
f 1104 1139 1138
f 1104 1138 1177
f 1104 1177 1141
f 1104 1141 1106
f 1104 1106 1105
f 1106 1142 1107
f 1106 1141 1142
f 1107 1142 1143
f 1107 1143 1144
f 1107 1144 1109
f 1108 1110 1145
f 1108 1145 1146
f 1108 1146 1147
f 1108 1147 1112
f 1109 1144 1148
f 1109 1148 1149
f 1109 1149 1150
f 1109 1150 1151
f 1109 1151 1110
f 1110 1151 1152
f 1110 1152 1145
f 1113 1153 1114
f 1114 1153 1154
f 1114 1154 1115
f 1115 1154 1116
f 1116 1154 1155
f 1116 1155 1156
f 1116 1156 1157
f 1116 1157 1117
f 1117 1157 1158
f 1117 1158 1118
f 1118 1158 1156
f 1118 1156 1119
f 1119 1156 1159
f 1119 1159 1160
f 1119 1160 1122
f 1120 1123 1124
f 1122 1160 1123
f 1123 1161 1124
f 1123 1160 1162
f 1123 1162 1163
f 1123 1163 1161
f 1124 1161 1195
f 1124 1195 1164
f 1124 1164 1125
f 1125 1164 1165
f 1125 1165 1126
f 1126 1165 1166
f 1126 1166 1127
f 1127 1166 1128
f 1128 1166 1167
f 1128 1167 1129
f 1133 1168 1134
f 1134 1168 1169
f 1134 1169 1170
f 1134 1170 1135
f 1135 1170 1171
f 1135 1171 1136
f 1136 1171 1172
f 1136 1172 1137
f 1137 1173 1138
f 1137 1172 1174
f 1137 1174 1173
f 1138 1175 1176
f 1138 1176 1177
f 1138 1173 1178
f 1138 1178 1175
f 1141 1177 1179
f 1141 1179 1180
f 1141 1180 1142
f 1142 1180 1143
f 1143 1148 1144
f 1143 1180 1181
f 1143 1181 1182
f 1143 1182 1148
f 1145 1152 1146
f 1148 1182 1149
f 1149 1182 1183
f 1149 1183 1184
f 1149 1184 1185
f 1149 1185 1186
f 1149 1186 1150
f 1150 1187 1188
f 1150 1188 1151
f 1150 1186 1187
f 1151 1188 1189
f 1151 1189 1190
f 1151 1190 1152
f 1153 1191 1154
f 1154 1191 1155
f 1156 1158 1157
f 1156 1192 1159
f 1159 1192 1193
f 1159 1193 1194
f 1159 1194 1160
f 1160 1194 1162
f 1161 1163 1196
f 1161 1196 1195
f 1162 1194 1197
f 1162 1197 1198
f 1162 1198 1163
f 1163 1198 1196
f 1164 1195 1199
f 1164 1199 1200
f 1164 1200 1166
f 1164 1166 1165
f 1166 1200 1167
f 1167 1200 1201
f 1169 1202 1170
f 1170 1202 1203
f 1170 1203 1204
f 1170 1204 1171
f 1171 1204 1174
f 1171 1174 1172
f 1173 1174 1204
f 1173 1204 1178
f 1175 1205 1176
f 1175 1178 1205
f 1176 1205 1206
f 1176 1206 1207
f 1176 1207 1208
f 1176 1208 1209
f 1176 1209 1177
f 1177 1209 1179
f 1178 1204 1210
f 1178 1210 1211
f 1178 1211 1205
f 1179 1209 1212
f 1179 1212 1180
f 1180 1212 1181
f 1181 1212 1213
f 1181 1213 1182
f 1182 1214 1215
f 1182 1215 1183
f 1182 1213 1214
f 1183 1215 1216
f 1183 1216 1184
f 1184 1216 1217
f 1184 1217 1218
f 1184 1218 1185
f 1185 1218 1219
f 1185 1219 1220
f 1185 1220 1186
f 1186 1220 1221
f 1186 1221 1222
f 1186 1222 1187
f 1187 1189 1188
f 1187 1222 1221
f 1187 1221 1223
f 1192 1224 1193
f 1193 1224 1225
f 1193 1225 1226
f 1193 1226 1227
f 1193 1227 1194
f 1194 1228 1197
f 1194 1227 1229
f 1194 1229 1228
f 1195 1196 1230
f 1195 1230 1199
f 1196 1198 1231
f 1196 1231 1230
f 1197 1228 1198
f 1198 1228 1232
f 1198 1232 1233
f 1198 1233 1231
f 1199 1230 1200
f 1200 1230 1234
f 1200 1234 1235
f 1200 1235 1201
f 1202 1236 1210
f 1202 1210 1203
f 1203 1210 1204
f 1205 1211 1206
f 1206 1237 1238
f 1206 1238 1239
f 1206 1239 1207
f 1206 1211 1240
f 1206 1240 1237
f 1207 1209 1208
f 1207 1239 1209
f 1209 1239 1238
f 1209 1238 1241
f 1209 1241 1242
f 1209 1242 1243
f 1209 1243 1244
f 1209 1244 1245
f 1209 1245 1212
f 1210 1236 1240
f 1210 1240 1211
f 1212 1245 1213
f 1213 1245 1214
f 1214 1246 1215
f 1214 1245 1246
f 1215 1246 1247
f 1215 1247 1248
f 1215 1248 1216
f 1216 1248 1249
f 1216 1249 1250
f 1216 1250 1217
f 1217 1250 1251
f 1217 1251 1252
f 1217 1252 1253
f 1217 1253 1218
f 1218 1253 1219
f 1219 1254 1221
f 1219 1221 1220
f 1219 1253 1255
f 1219 1255 1254
f 1221 1254 1223
f 1225 1256 1226
f 1226 1257 1258
f 1226 1258 1227
f 1226 1256 1257
f 1227 1258 1259
f 1227 1259 1229
f 1228 1229 1260
f 1228 1260 1261
f 1228 1261 1232
f 1229 1259 1262
f 1229 1262 1291
f 1229 1291 1260
f 1230 1231 1234
f 1231 1233 1263
f 1231 1263 1264
f 1231 1264 1234
f 1232 1261 1265
f 1232 1265 1233
f 1233 1265 1263
f 1237 1240 1266
f 1237 1266 1238
f 1238 1267 1241
f 1241 1267 1268
f 1241 1268 1269
f 1241 1269 1242
f 1242 1269 1244
f 1242 1244 1243
f 1244 1270 1271
f 1244 1271 1272
f 1244 1272 1273
f 1244 1273 1274
f 1244 1274 1245
f 1244 1269 1275
f 1244 1275 1270
f 1245 1274 1246
f 1246 1274 1247
f 1247 1274 1273
f 1247 1273 1248
f 1248 1273 1276
f 1248 1276 1249
f 1249 1276 1272
f 1249 1272 1277
f 1249 1277 1278
f 1249 1278 1279
f 1249 1279 1250
f 1250 1279 1280
f 1250 1280 1281
f 1250 1281 1251
f 1251 1281 1282
f 1251 1282 1283
f 1251 1283 1252
f 1252 1283 1284
f 1252 1284 1253
f 1253 1284 1285
f 1253 1285 1255
f 1257 1286 1258
f 1258 1286 1287
f 1258 1287 1288
f 1258 1288 1259
f 1259 1288 1289
f 1259 1289 1290
f 1259 1290 1262
f 1260 1291 1261
f 1261 1291 1292
f 1261 1292 1293
f 1261 1293 1294
f 1261 1294 1265
f 1262 1290 1292
f 1262 1292 1291
f 1268 1295 1269
f 1269 1295 1275
f 1270 1296 1297
f 1270 1297 1298
f 1270 1298 1299
f 1270 1299 1271
f 1270 1275 1295
f 1270 1295 1300
f 1270 1300 1296
f 1271 1299 1301
f 1271 1301 1272
f 1272 1276 1273
f 1272 1301 1277
f 1277 1301 1302
f 1277 1302 1303
f 1277 1303 1278
f 1278 1303 1304
f 1278 1304 1279
f 1279 1304 1280
f 1280 1304 1305
f 1280 1305 1281
f 1281 1305 1306
f 1281 1306 1282
f 1282 1306 1307
f 1282 1307 1283
f 1283 1307 1284
f 1284 1307 1308
f 1284 1308 1309
f 1284 1309 1310
f 1284 1310 1285
f 1287 1311 1288
f 1288 1312 1313
f 1288 1313 1289
f 1288 1311 1312
f 1289 1313 1314
f 1289 1314 1290
f 1290 1314 1315
f 1290 1315 1292
f 1292 1315 1316
f 1292 1316 1293
f 1293 1317 1294
f 1293 1316 1318
f 1293 1318 1319
f 1293 1319 1317
f 1295 1320 1300
f 1296 1300 1321
f 1296 1321 1298
f 1296 1298 1297
f 1298 1321 1322
f 1298 1322 1323
f 1298 1323 1301
f 1298 1301 1299
f 1300 1320 1321
f 1301 1324 1325
f 1301 1325 1326
f 1301 1326 1302
f 1301 1323 1327
f 1301 1327 1324
f 1302 1326 1328
f 1302 1328 1329
f 1302 1329 1303
f 1303 1329 1304
f 1304 1329 1330
f 1304 1330 1331
f 1304 1331 1332
f 1304 1332 1305
f 1305 1333 1334
f 1305 1334 1306
f 1305 1332 1333
f 1306 1334 1307
f 1307 1334 1335
f 1307 1335 1308
f 1308 1335 1309
f 1309 1335 1336
f 1309 1336 1310
f 1312 1337 1313
f 1313 1337 1338
f 1313 1338 1339
f 1313 1339 1314
f 1314 1339 1340
f 1314 1340 1341
f 1314 1341 1315
f 1315 1341 1342
f 1315 1342 1316
f 1316 1342 1343
f 1316 1343 1318
f 1318 1343 1344
f 1318 1344 1319
f 1319 1344 1345
f 1324 1346 1326
f 1324 1326 1325
f 1324 1327 1347
f 1324 1347 1346
f 1326 1346 1348
f 1326 1348 1349
f 1326 1349 1330
f 1326 1330 1328
f 1328 1330 1329
f 1330 1349 1374
f 1330 1374 1350
f 1330 1350 1331
f 1331 1350 1351
f 1331 1351 1352
f 1331 1352 1332
f 1332 1352 1353
f 1332 1353 1354
f 1332 1354 1333
f 1333 1354 1334
f 1334 1354 1335
f 1335 1354 1355
f 1335 1355 1356
f 1335 1356 1357
f 1335 1357 1336
f 1337 1358 1338
f 1338 1358 1359
f 1338 1359 1339
f 1339 1359 1360
f 1339 1360 1361
f 1339 1361 1362
f 1339 1362 1340
f 1340 1362 1363
f 1340 1363 1364
f 1340 1364 1341
f 1341 1364 1365
f 1341 1365 1342
f 1342 1365 1366
f 1342 1366 1343
f 1343 1366 1367
f 1343 1367 1344
f 1344 1367 1345
f 1346 1368 1369
f 1346 1369 1370
f 1346 1370 1371
f 1346 1371 1348
f 1346 1347 1372
f 1346 1372 1368
f 1348 1373 1374
f 1348 1374 1349
f 1348 1371 1373
f 1350 1375 1376
f 1350 1376 1351
f 1350 1374 1375
f 1351 1376 1377
f 1351 1377 1352
f 1352 1377 1378
f 1352 1378 1353
f 1353 1378 1379
f 1353 1379 1354
f 1354 1379 1355
f 1355 1379 1380
f 1355 1380 1381
f 1355 1381 1382
f 1355 1382 1356
f 1361 1383 1362
f 1362 1383 1384
f 1362 1384 1385
f 1362 1385 1363
f 1363 1385 1386
f 1363 1386 1364
f 1364 1386 1365
f 1365 1386 1387
f 1365 1387 1388
f 1365 1388 1366
f 1366 1388 1389
f 1366 1389 1367
f 1367 1389 1390
f 1368 1391 1369
f 1369 1391 1371
f 1369 1371 1370
f 1371 1391 1392
f 1371 1392 1373
f 1373 1393 1375
f 1373 1375 1374
f 1373 1392 1394
f 1373 1394 1395
f 1373 1395 1393
f 1375 1396 1397
f 1375 1397 1376
f 1375 1393 1396
f 1376 1397 1398
f 1376 1398 1377
f 1377 1398 1399
f 1377 1399 1378
f 1378 1399 1400
f 1378 1400 1379
f 1379 1400 1401
f 1379 1401 1402
f 1379 1402 1380
f 1380 1402 1403
f 1380 1403 1381
f 1383 1404 1384
f 1384 1404 1405
f 1384 1405 1406
f 1384 1406 1385
f 1385 1406 1386
f 1386 1406 1407
f 1386 1407 1408
f 1386 1408 1387
f 1387 1408 1410
f 1387 1410 1388
f 1388 1409 1389
f 1388 1410 1411
f 1388 1411 1409
f 1389 1409 1390
f 1391 1412 1413
f 1391 1413 1395
f 1391 1395 1394
f 1391 1394 1392
f 1393 1414 1415
f 1393 1415 1416
f 1393 1416 1396
f 1393 1395 1414
f 1395 1413 1412
f 1395 1412 1417
f 1395 1417 1418
f 1395 1418 1414
f 1396 1416 1419
f 1396 1419 1420
f 1396 1420 1397
f 1397 1420 1421
f 1397 1421 1398
f 1398 1421 1399
f 1399 1421 1422
f 1399 1422 1400
f 1400 1422 1423
f 1400 1423 1424
f 1400 1424 1425
f 1400 1425 1401
f 1401 1425 1402
f 1404 1426 1406
f 1404 1406 1405
f 1406 1426 1446
f 1406 1446 1427
f 1406 1427 1428
f 1406 1428 1407
f 1407 1428 1408
f 1408 1428 1429
f 1408 1429 1431
f 1408 1431 1410
f 1409 1411 1430
f 1410 1431 1432
f 1410 1432 1433
f 1410 1433 1434
f 1410 1434 1411
f 1411 1434 1430
f 1414 1418 1415
f 1415 1435 1419
f 1415 1419 1416
f 1415 1418 1436
f 1415 1436 1437
f 1415 1437 1438
f 1415 1438 1435
f 1417 1436 1418
f 1419 1439 1420
f 1419 1435 1440
f 1419 1440 1439
f 1420 1441 1421
f 1420 1439 1441
f 1421 1441 1422
f 1422 1442 1443
f 1422 1443 1423
f 1422 1441 1442
f 1423 1443 1444
f 1423 1444 1445
f 1423 1445 1424
f 1427 1446 1428
f 1428 1446 1447
f 1428 1447 1448
f 1428 1448 1449
f 1428 1449 1450
f 1428 1450 1429
f 1429 1450 1431
f 1431 1450 1432
f 1432 1434 1433
f 1435 1438 1451
f 1435 1451 1440
f 1439 1440 1452
f 1439 1452 1453
f 1439 1453 1441
f 1440 1454 1455
f 1440 1455 1452
f 1440 1451 1454
f 1441 1453 1442
f 1442 1453 1456
f 1442 1456 1457
f 1442 1457 1458
f 1442 1458 1443
f 1443 1458 1444
f 1446 1459 1447
f 1447 1459 1448
f 1448 1459 1449
f 1449 1459 1460
f 1449 1460 1461
f 1451 1462 1454
f 1452 1455 1463
f 1452 1463 1464
f 1452 1464 1453
f 1453 1464 1465
f 1453 1465 1456
f 1454 1462 1455
f 1455 1466 1467
f 1455 1467 1463
f 1455 1462 1468
f 1455 1468 1466
f 1456 1465 1469
f 1456 1469 1470
f 1456 1470 1471
f 1456 1471 1472
f 1456 1472 1457
f 1460 1473 1474
f 1460 1474 1475
f 1460 1475 1476
f 1460 1476 1461
f 1463 1477 1464
f 1463 1467 1478
f 1463 1478 1479
f 1463 1479 1480
f 1463 1480 1477
f 1464 1481 1465
f 1464 1477 1482
f 1464 1482 1481
f 1465 1483 1484
f 1465 1484 1469
f 1465 1481 1483
f 1466 1478 1467
f 1466 1468 1485
f 1466 1485 1486
f 1466 1486 1478
f 1469 1487 1470
f 1469 1484 1487
f 1470 1487 1471
f 1473 1488 1474
f 1474 1488 1489
f 1474 1489 1490
f 1477 1480 1491
f 1477 1491 1492
f 1477 1492 1482
f 1478 1486 1493
f 1478 1493 1494
f 1478 1494 1495
f 1478 1495 1479
f 1479 1495 1480
f 1480 1495 1491
f 1481 1482 1483
f 1482 1492 1496
f 1482 1496 1497
f 1482 1497 1498
f 1482 1498 1483
f 1489 1499 1490
f 1489 1500 1499
f 1491 1495 1492
f 1492 1495 1496
f 1494 1501 1495
f 1495 1502 1514
f 1495 1514 1522
f 1495 1522 1523
f 1495 1523 1515
f 1495 1515 1503
f 1495 1503 1504
f 1495 1504 1505
f 1495 1505 1496
f 1495 1501 1506
f 1495 1506 1502
f 1499 1500 1507
f 1500 1508 1509
f 1500 1509 1507
f 1502 1506 1510
f 1502 1510 1511
f 1502 1511 1512
f 1502 1512 1513
f 1502 1513 1514
f 1503 1515 1516
f 1503 1516 1517
f 1503 1517 1518
f 1503 1518 1519
f 1503 1519 1504
f 1508 1520 1509
f 1509 1520 1521
f 1520 1524 1525
f 1520 1525 1526
f 1520 1526 1521
f 1522 1527 1523
f 1523 1527 1528
f 1523 1528 1529
f 1523 1529 1530
f 1523 1530 1531
f 1523 1531 1532
f 1523 1532 1533
f 1523 1533 1534
f 1523 1534 1535
f 1523 1535 1536
f 1523 1536 1537
f 1524 1538 1539
f 1524 1539 1525
f 1536 1540 1537
f 1537 1540 1541
f 1538 1542 1539
f 1539 1542 1548
f 1539 1548 1543
f 1540 1544 1545
f 1540 1545 1546
f 1540 1546 1541
f 1540 1547 1544
f 1543 1548 1549
f 1544 1547 1550
f 1547 1551 1550
f 1548 1552 1549
f 1549 1552 1557
f 1549 1557 1553
f 1550 1551 1554
f 1551 1555 1556
f 1551 1556 1554
f 1553 1557 1558
f 1553 1558 1559
f 1553 1559 1560
f 1555 1559 1556
f 1555 1560 1559

