# https://github.com/mikedh/trimesh
v -0.06943434 -0.20502940 0.35789496
v -0.06943434 -0.21502101 0.35772622
v -0.06943434 -0.19943242 0.35764188
v -0.23500095 -0.07090932 0.34583163
v -0.24502395 -0.07090932 0.34498805
v -0.06943434 -0.21941568 0.35747313
v -0.25500536 -0.07090932 0.34380704
v -0.06943434 -0.19503775 0.35738879
v -0.22501954 -0.07090932 0.34616905
v -0.06943434 -0.22501266 0.35713571
v -0.26523632 -0.07090932 0.34178239
v -0.25500536 -0.07501377 0.34330088
v -0.06943434 -0.23500429 0.35612339
v -0.06943434 -0.22940731 0.35671389
v -0.06943434 -0.18939933 0.35696697
v -0.21503815 -0.07090932 0.34566289
v -0.06943434 -0.18500465 0.35654521
v -0.06943434 -0.17501304 0.35511112
v -0.27205694 -0.07090932 0.34034830
v -0.26186758 -0.08500540 0.34043270
v -0.25500536 -0.08500540 0.34186679
v -0.21050492 -0.16075110 0.34009522
v -0.06943434 -0.23939896 0.35536420
v -0.20788479 -0.16742602 0.33950472
v -0.20501515 -0.07090932 0.34507239
v -0.06943434 -0.16502139 0.35274905
v -0.27667335 -0.07090932 0.33933604
v -0.27500978 -0.07517961 0.33908296
v -0.23500095 -0.15502976 0.33520246
v -0.23500095 -0.16502139 0.33351523
v -0.22501954 -0.17501304 0.33410579
v -0.21503815 -0.17501304 0.33646780
v -0.06943434 -0.24503738 0.35435188
v -0.06943434 -0.24934912 0.35350829
v -0.19503373 -0.07090932 0.34389138
v -0.06943434 -0.15739293 0.35072446
v -0.28170562 -0.07090932 0.33807063
v -0.28499117 -0.07501377 0.33655214
v -0.24323562 -0.16502139 0.33106887
v -0.24107298 -0.17140609 0.33030963
v -0.23508413 -0.17484719 0.33132195
v -0.28499117 -0.08500540 0.33461189
v -0.21503815 -0.18500465 0.33435887
v -0.22539385 -0.18533634 0.33165938
v -0.07509047 -0.25498757 0.35106188
v -0.06943434 -0.25498757 0.35232729
v -0.19091640 -0.07090932 0.34313214
v -0.06943434 -0.15241784 0.34929037
v -0.28461689 -0.07090932 0.33731139
v -0.29497260 -0.07090932 0.33402139
v -0.29497260 -0.07501377 0.33334655
v -0.29509735 -0.08463228 0.33132195
v -0.30067030 -0.08106680 0.33022529
v -0.29846609 -0.08774170 0.32946604
v -0.24822633 -0.16502139 0.32929730
v -0.24464965 -0.17484719 0.32811630
v -0.23179859 -0.18218544 0.33056271
v -0.22231625 -0.19217709 0.33073139
v -0.07845920 -0.25826281 0.34954339
v -0.22901212 -0.18886036 0.32963473
v -0.07180493 -0.26128933 0.35038704
v -0.06943434 -0.25909200 0.35139930
v -0.18501073 -0.07090932 0.34203547
v -0.06943434 -0.14503813 0.34642214
v -0.17748308 -0.07090932 0.34051704
v -0.18193313 -0.07090932 0.34144497
v -0.29921469 -0.07090932 0.33250296
v -0.30337361 -0.07090932 0.33098447
v -0.30715823 -0.07501377 0.32887554
v -0.30437174 -0.08463228 0.32794756
v -0.29497260 -0.10503013 0.32659781
v -0.25500536 -0.16502139 0.32676655
v -0.25500536 -0.17501304 0.32423580
v -0.24502395 -0.18500465 0.32516372
v -0.23508413 -0.18533634 0.32853812
v -0.22539385 -0.19532797 0.32870680
v -0.22501954 -0.20502940 0.32550120
v -0.21503815 -0.21502101 0.32507938
v -0.21861482 -0.19885199 0.32955039
v -0.11501610 -0.27501228 0.33435887
v -0.11468339 -0.26460606 0.33798629
v -0.11110672 -0.26095766 0.34026396
v -0.11468339 -0.25478026 0.34119189
v -0.10503469 -0.25502902 0.34372264
v -0.09501170 -0.25502902 0.34625345
v -0.23500095 -0.19503775 0.32566988
v -0.08503029 -0.26502064 0.34583163
v -0.07509047 -0.26477191 0.34844673
v -0.06943434 -0.26705214 0.34903729
v -0.06943434 -0.26240873 0.35055572
v -0.06943434 -0.13488066 0.34195113
v -0.17245080 -0.07090932 0.33942038
v -0.30807319 -0.07090932 0.32921296
v -0.31173304 -0.07090932 0.32752579
v -0.31464428 -0.07090932 0.32617605
v -0.31497699 -0.07501377 0.32524812
v -0.31568402 -0.08546145 0.32254863
v -0.30499560 -0.09503850 0.32499504
v -0.27176583 -0.16274115 0.32077706
v -0.26577696 -0.16564327 0.32246429
v -0.26074466 -0.18102458 0.32027096
v -0.25492218 -0.18463153 0.32153630
v -0.25151187 -0.19176249 0.32060838
v -0.24519031 -0.19507921 0.32195812
v -0.23541684 -0.20540252 0.32212681
v -0.23233925 -0.21211889 0.32077706
v -0.22518590 -0.21526977 0.32187372
v -0.22194195 -0.22169593 0.32060838
v -0.12100495 -0.28077510 0.33030963
v -0.11501610 -0.28280658 0.33123755
v -0.09501170 -0.28496245 0.33604604
v -0.08931398 -0.27953133 0.33975780
v -0.10420291 -0.27418309 0.33764881
v -0.10698940 -0.26763257 0.33916730
v -0.21137829 -0.23110715 0.32043964
v -0.10420291 -0.26460606 0.34093881
v -0.24198794 -0.20233455 0.32077706
v -0.09501170 -0.26502064 0.34321654
v -0.09501170 -0.27231744 0.34077013
v -0.08561254 -0.27571708 0.34203547
v -0.07500729 -0.27501228 0.34490371
v -0.06943434 -0.26999575 0.34802496
v -0.06943434 -0.12546945 0.33739579
v -0.16500634 -0.07090932 0.33731139
v -0.32375231 -0.07090932 0.32162064
v -0.32762012 -0.07501377 0.31875247
v -0.32104903 -0.08239348 0.32052404
v -0.31277278 -0.09503850 0.32136762
v -0.32462570 -0.08546145 0.31799322
v -0.31951022 -0.08906840 0.31976479
v -0.30532831 -0.10490575 0.32212681
v -0.30166847 -0.11502177 0.32086146
v -0.27846166 -0.15735146 0.31917429
v -0.27509296 -0.16564327 0.31824630
v -0.26956159 -0.16941606 0.31976479
v -0.26773167 -0.17501304 0.31883681
v -0.27500978 -0.17501304 0.31520939
v -0.28070748 -0.18098313 0.31031662
v -0.27837849 -0.18765804 0.30913556
v -0.27172422 -0.19230145 0.31082273
v -0.25820774 -0.18769950 0.31908989
v -0.24864222 -0.19843739 0.31934297
v -0.23899353 -0.20900947 0.31959605
v -0.22863781 -0.21879379 0.31942737
v -0.21803257 -0.22837085 0.31925863
v -0.10952634 -0.28964734 0.32980347
v -0.21483019 -0.23467262 0.31774014
v -0.21266755 -0.25216833 0.31090713
v -0.20846704 -0.25884324 0.30938864
v -0.12807512 -0.29856104 0.31925863
v -0.12487274 -0.29511994 0.32204247
v -0.11501610 -0.29499555 0.32550120
v -0.10287206 -0.29184467 0.33081579
v -0.10574171 -0.28579164 0.33267164
v -0.08561254 -0.28504539 0.33857679
v -0.08503029 -0.29499555 0.33452755
v -0.07105632 -0.29060090 0.34026396
v -0.07463299 -0.28504539 0.34144497
v -0.06943434 -0.27459770 0.34642214
v -0.06943434 -0.11630699 0.33233422
v -0.15502492 -0.07090932 0.33410579
v -0.33473188 -0.07090932 0.31596863
v -0.30890498 -0.10818101 0.31942737
v -0.33498141 -0.07501377 0.31487197
v -0.33539730 -0.08471519 0.31225687
v -0.33219492 -0.09503850 0.31132889
v -0.32495841 -0.09503850 0.31520939
v -0.31497699 -0.11502177 0.31419712
v -0.28960758 -0.16937459 0.30972606
v -0.28773606 -0.17501304 0.30879813
v -0.28440893 -0.18459007 0.30694222
v -0.28507435 -0.19474754 0.30247122
v -0.27505136 -0.19536942 0.30787021
v -0.26914570 -0.19897637 0.30955738
v -0.25492218 -0.19507921 0.31774014
v -0.24232066 -0.22501266 0.31107581
v -0.24003325 -0.23002920 0.30997914
v -0.23005185 -0.24006230 0.30997914
v -0.23541684 -0.21526977 0.31833071
v -0.22501954 -0.23500429 0.31394404
v -0.22518590 -0.22501266 0.31807762
v -0.09771501 -0.29847813 0.32929730
v -0.22501954 -0.24213526 0.31090713
v -0.21562040 -0.24570073 0.31267864
v -0.21932183 -0.24947350 0.30972606
v -0.21562040 -0.25531924 0.30837637
v -0.21545404 -0.26560107 0.30314612
v -0.20505673 -0.26477191 0.30761713
v -0.16130489 -0.29089111 0.31048530
v -0.14313041 -0.30208504 0.31124455
v -0.13493733 -0.30523595 0.31267864
v -0.12487274 -0.30448967 0.31706530
v -0.12142085 -0.30084127 0.32043964
v -0.11501610 -0.30283132 0.32153630
v -0.09463739 -0.30436531 0.32735705
v -0.09463739 -0.29507846 0.33174372
v -0.08503029 -0.30249965 0.33115321
v -0.07542318 -0.30560908 0.33241862
v -0.07463299 -0.29433221 0.33764881
v -0.06943434 -0.29105693 0.34043270
v -0.06943434 -0.28906691 0.34119189
v -0.06943434 -0.28500393 0.34271038
v -0.06943434 -0.30871850 0.33258730
v -0.06943434 -0.27957278 0.34465063
v -0.06943434 -0.11129045 0.32912862
v -0.14608324 -0.07090932 0.33098447
v -0.33880761 -0.07090932 0.31369096
v -0.34180203 -0.07501377 0.31107581
v -0.31447792 -0.10490575 0.31757146
v -0.34047118 -0.08114971 0.31023222
v -0.33901554 -0.08782463 0.30930430
v -0.33722723 -0.09503850 0.30820763
v -0.33057293 -0.10105006 0.31031662
v -0.32146490 -0.11502177 0.31082273
v -0.32005087 -0.12012123 0.30997914
v -0.29588756 -0.17584221 0.30365229
v -0.29983851 -0.17973936 0.29985613
v -0.29301789 -0.18500465 0.30179638
v -0.29085526 -0.19126499 0.30053097
v -0.28183040 -0.20241746 0.30112147
v -0.27555043 -0.20548543 0.30323046
v -0.27060130 -0.24068418 0.29032356
v -0.26415500 -0.23417512 0.29639739
v -0.25720960 -0.23691140 0.29859072
v -0.25433993 -0.23417512 0.30120587
v -0.25055534 -0.24055980 0.30019355
v -0.24440011 -0.24433258 0.30145895
v -0.23674771 -0.23670411 0.30846071
v -0.22501954 -0.24715179 0.30862945
v -0.23404440 -0.24404237 0.30635172
v -0.08503029 -0.30751619 0.32879114
v -0.22501954 -0.25502902 0.30474889
v -0.22501954 -0.26199412 0.30103713
v -0.21907228 -0.26929092 0.29960304
v -0.21241802 -0.27173701 0.30095279
v -0.14978468 -0.29980481 0.30989480
v -0.21545404 -0.27505374 0.29783148
v -0.15968291 -0.30975497 0.29985613
v -0.13818130 -0.30875996 0.30921996
v -0.13152702 -0.31099874 0.31056970
v -0.12503910 -0.31298879 0.31183505
v -0.10940157 -0.30958915 0.31976479
v -0.10274729 -0.31157917 0.32094580
v -0.07238717 -0.31124750 0.33064705
v -0.07904145 -0.30938184 0.32963473
v -0.06943434 -0.31191084 0.33098447
v -0.06943434 -0.10503013 0.32507938
v -0.06943434 -0.09868689 0.32094580
v -0.14379583 -0.07090932 0.33014089
v -0.34255064 -0.07090932 0.31158197
v -0.36051717 -0.07132392 0.30036229
v -0.34679273 -0.07501377 0.30795455
v -0.34429738 -0.08471519 0.30685788
v -0.35082689 -0.09184615 0.30053097
v -0.34924650 -0.09852105 0.29951870
v -0.34242588 -0.10503013 0.30145895
v -0.33431599 -0.10461554 0.30668914
v -0.34063753 -0.11116607 0.30036229
v -0.33868283 -0.11779952 0.29909688
v -0.33518934 -0.12600842 0.29816896
v -0.30952880 -0.18931641 0.28964871
v -0.30258343 -0.19503775 0.29158896
v -0.29800859 -0.18500465 0.29875946
v -0.29451510 -0.19474754 0.29673481
v -0.30054554 -0.20084202 0.29032356
v -0.29147908 -0.21207744 0.29091406
v -0.27987570 -0.22982191 0.28990179
v -0.26731578 -0.24731763 0.28829896
v -0.26066148 -0.25067583 0.29032356
v -0.26440454 -0.24441549 0.29158896
v -0.27941823 -0.24934912 0.27961004
v -0.24065709 -0.25059289 0.30027789
v -0.23404440 -0.25436568 0.30120587
v -0.23005185 -0.26004556 0.29994047
v -0.23404440 -0.26402563 0.29597563
v -0.24003325 -0.27003720 0.28998613
v -0.22539385 -0.27550980 0.29327613
v -0.22231625 -0.28168720 0.29108280
v -0.21083763 -0.29051799 0.29032356
v -0.19237202 -0.30146316 0.29099846
v -0.17502934 -0.31195229 0.29142022
v -0.14121731 -0.32070017 0.30044663
v -0.13493733 -0.31456423 0.30694222
v -0.12503910 -0.31800532 0.30871379
v -0.10565853 -0.31493735 0.31782454
v -0.10045989 -0.33019429 0.31014788
v -0.09671687 -0.31825408 0.31883681
v -0.09401356 -0.31493735 0.32178938
v -0.08503029 -0.31497881 0.32457322
v -0.07542318 -0.31473005 0.32769448
v -0.06943434 -0.31655425 0.32828504
v -0.06943434 -0.09371181 0.31698096
v -0.14163320 -0.07090932 0.32929730
v -0.36055875 -0.07090932 0.30036229
v -0.37008268 -0.08027907 0.29007047
v -0.35906154 -0.07799883 0.29926562
v -0.35240728 -0.08500540 0.30154330
v -0.38272581 -0.07090932 0.28230947
v -0.38222674 -0.07501377 0.28188771
v -0.38102067 -0.08239348 0.28087538
v -0.35448673 -0.09512141 0.29681921
v -0.36043400 -0.10088423 0.29032356
v -0.35519376 -0.10453263 0.29276997
v -0.34745815 -0.10503013 0.29825330
v -0.34146932 -0.13247603 0.29116714
v -0.36979157 -0.10963209 0.27977872
v -0.31164986 -0.20283206 0.28129721
v -0.30961198 -0.20946550 0.27969438
v -0.30774048 -0.21502101 0.27834463
v -0.30274978 -0.21502101 0.28188771
v -0.29488942 -0.21526977 0.28711796
v -0.30067030 -0.22094966 0.28045362
v -0.29805019 -0.22762458 0.27868205
v -0.25729278 -0.25730926 0.28829896
v -0.25063848 -0.26062599 0.29032356
v -0.25438154 -0.25440714 0.29158896
v -0.29484782 -0.23504575 0.27682620
v -0.30233389 -0.23500429 0.27168030
v -0.30021283 -0.24031106 0.27016181
v -0.29085526 -0.25109041 0.27058363
v -0.28474164 -0.25465590 0.27269262
v -0.28128973 -0.26124787 0.27083671
v -0.27567521 -0.25560945 0.27800721
v -0.23670611 -0.25726780 0.29850638
v -0.24402581 -0.26435730 0.29133588
v -0.22897053 -0.27919966 0.28939563
v -0.24668753 -0.26725945 0.28813022
v -0.24855904 -0.27886799 0.27918822
v -0.23757949 -0.28811336 0.27868205
v -0.23092522 -0.29068381 0.28045362
v -0.21749189 -0.28832063 0.28880513
v -0.22501954 -0.29275677 0.28197205
v -0.20468244 -0.30511156 0.28281564
v -0.20501515 -0.29740018 0.28813022
v -0.19902629 -0.29934874 0.28947997
v -0.17502934 -0.31696886 0.28779280
v -0.20110576 -0.31066707 0.28045362
v -0.13502051 -0.32754090 0.29808456
v -0.13502051 -0.32252437 0.30179638
v -0.17045452 -0.33023575 0.28020054
v -0.11281188 -0.32161227 0.31099147
v -0.11572312 -0.32497045 0.30770147
v -0.08503029 -0.33865196 0.30888247
v -0.07296942 -0.34126386 0.31099147
v -0.09501170 -0.33143806 0.31099147
v -0.08503029 -0.33363539 0.31259429
v -0.06985024 -0.32990408 0.31993347
v -0.08503029 -0.32621422 0.31757146
v -0.08503029 -0.32123914 0.32077706
v -0.09002100 -0.31999537 0.31993347
v -0.12878214 -0.32932365 0.29943430
v -0.11501610 -0.33284768 0.30221814
v -0.10894409 -0.33939821 0.29951870
v -0.10224822 -0.34109804 0.30086839
v -0.09501170 -0.34275639 0.30221814
v -0.09501170 -0.33641315 0.30719531
v -0.07500729 -0.32368523 0.32229555
v -0.06943434 -0.32045141 0.32592297
v -0.06943434 -0.08749294 0.31200379
v -0.13551958 -0.07090932 0.32668221
v -0.36176485 -0.09503850 0.29133588
v -0.36513358 -0.08417623 0.29251689
v -0.38771650 -0.07090932 0.27783847
v -0.38721743 -0.07501377 0.27733231
v -0.39108524 -0.08272515 0.27108979
v -0.38971281 -0.08940007 0.26974005
v -0.37952343 -0.08906840 0.27952564
v -0.37128878 -0.10295717 0.28104413
v -0.35864565 -0.10755913 0.28897381
v -0.38118702 -0.10503013 0.27117413
v -0.38002253 -0.11012959 0.26999313
v -0.37490705 -0.11406821 0.27277696
v -0.37149674 -0.12252586 0.27134287
v -0.32025883 -0.21050198 0.27024621
v -0.31497699 -0.20569274 0.27716362
v -0.31156668 -0.22269094 0.27134287
v -0.30952880 -0.22936586 0.26957130
v -0.30512035 -0.22513703 0.27505463
v -0.25920588 -0.26924947 0.27944130
v -0.25554603 -0.27534395 0.27758539
v -0.25251001 -0.27219307 0.28146589
v -0.28794402 -0.25776532 0.26847464
v -0.30004647 -0.27012011 0.25000006
v -0.27114198 -0.27107367 0.27075237
v -0.27467707 -0.26477191 0.27269262
v -0.28898373 -0.26904219 0.25919521
v -0.28004205 -0.29002047 0.25000006
v -0.27538407 -0.28533560 0.25700188
v -0.26877138 -0.28890106 0.25919521
v -0.26561061 -0.26555961 0.27783847
v -0.26099420 -0.28085801 0.27058363
v -0.25409040 -0.28450641 0.27193338
v -0.25018102 -0.29010338 0.27007747
v -0.23504254 -0.29499555 0.27505463
v -0.23250560 -0.30179483 0.27142721
v -0.22501954 -0.29773185 0.27834463
v -0.21948819 -0.29963896 0.27969438
v -0.21283391 -0.30183631 0.28129721
v -0.20776004 -0.30851120 0.27885079
v -0.18916966 -0.31945640 0.27952564
v -0.19503373 -0.31759074 0.27817589
v -0.13044570 -0.34018594 0.29015487
v -0.20247820 -0.32152936 0.27125847
v -0.19420195 -0.32492900 0.27260822
v -0.19033416 -0.33015284 0.27016181
v -0.18501073 -0.33168682 0.27151155
v -0.17777422 -0.33873487 0.26881212
v -0.17111994 -0.34060052 0.27049929
v -0.15776980 -0.33869341 0.27885079
v -0.15107395 -0.34055907 0.28045362
v -0.14500192 -0.34221742 0.28188771
v -0.06943434 -0.34188575 0.31149763
v -0.06943434 -0.33794713 0.31436580
v -0.06943434 -0.33044305 0.31968039
v -0.07500729 -0.35212612 0.30162764
v -0.06943434 -0.35316262 0.30247122
v -0.06943434 -0.32944804 0.32035530
v -0.12503910 -0.34159553 0.29125154
v -0.11722034 -0.34856066 0.28880513
v -0.10536741 -0.34466350 0.29673481
v -0.10503469 -0.35150427 0.29125154
v -0.09501170 -0.34773147 0.29816896
v -0.08153680 -0.35067508 0.30053097
v -0.06943434 -0.07621609 0.30272430
v -0.06943434 -0.07157268 0.29842204
v -0.07762742 -0.07090932 0.30137455
v -0.39075252 -0.07090932 0.27488589
v -0.39229131 -0.07501377 0.27227080
v -0.39728203 -0.07501377 0.26720929
v -0.40094188 -0.08284953 0.26105106
v -0.39977738 -0.08952445 0.25970137
v -0.39353901 -0.09503850 0.26349747
v -0.38621929 -0.10503013 0.26628131
v -0.38347441 -0.09503850 0.27328312
v -0.37819257 -0.11676304 0.26830596
v -0.39008710 -0.11025397 0.26003879
v -0.38842353 -0.11688742 0.25835162
v -0.38176924 -0.12285753 0.26164162
v -0.31826255 -0.21717688 0.26830596
v -0.31560084 -0.22604913 0.26560646
v -0.31959340 -0.22940731 0.25961697
v -0.32283735 -0.23500429 0.25286829
v -0.32084107 -0.24126461 0.25084370
v -0.26461247 -0.27463916 0.27252388
v -0.30054554 -0.28056780 0.24046756
v -0.29671934 -0.27679503 0.24713190
v -0.29006505 -0.28011176 0.25000006
v -0.29401603 -0.27405873 0.25160289
v -0.30919608 -0.25900909 0.24924086
v -0.30695027 -0.26502064 0.24696319
v -0.31002787 -0.27007866 0.24004574
v -0.31077647 -0.28094092 0.23076628
v -0.28058273 -0.30050960 0.24046756
v -0.27500978 -0.29727581 0.24763803
v -0.26964477 -0.29968041 0.24966265
v -0.27500978 -0.29230070 0.25185597
v -0.26590174 -0.29565889 0.25556779
v -0.26211712 -0.29167882 0.26130414
v -0.25683528 -0.28749147 0.26796848
v -0.23920147 -0.29934874 0.26940262
v -0.25122076 -0.30088273 0.26071364
v -0.24024120 -0.31012812 0.26012313
v -0.22763968 -0.30846974 0.26864338
v -0.22460365 -0.30507010 0.27303004
v -0.21570358 -0.30511156 0.27750105
v -0.21503815 -0.31253272 0.27201772
v -0.12503910 -0.34657061 0.28711796
v -0.13431349 -0.34462205 0.28467155
v -0.19703001 -0.32820427 0.26839030
v -0.22098540 -0.31058416 0.27049929
v -0.20913246 -0.31941494 0.26948696
v -0.21008903 -0.33002847 0.26003879
v -0.20501515 -0.33156246 0.26138854
v -0.19104117 -0.34051761 0.26046056
v -0.16500634 -0.34723395 0.26746237
v -0.15835205 -0.34905815 0.26914954
v -0.13892990 -0.35942292 0.26940262
v -0.13822289 -0.34905815 0.27910388
v -0.07500729 -0.35710123 0.29757845
v -0.06943434 -0.35817915 0.29842204
v -0.06943434 -0.35535994 0.30069971
v -0.11052448 -0.35021901 0.29015487
v -0.13152702 -0.35075799 0.28062230
v -0.12503910 -0.35233343 0.28205639
v -0.08960511 -0.35979605 0.28981739
v -0.09501170 -0.35370159 0.29310739
v -0.10503469 -0.35652080 0.28678048
v -0.06943434 -0.07090932 0.29774714
v -0.39782268 -0.07090932 0.26779979
v -0.40202320 -0.07501377 0.26223212
v -0.40701389 -0.07501377 0.25615829
v -0.42040563 -0.07169704 0.24055190
v -0.41953224 -0.07837196 0.23928653
v -0.41296116 -0.08442497 0.24536036
v -0.40917653 -0.08736858 0.24898778
v -0.41171348 -0.09503850 0.24215473
v -0.40767932 -0.09503850 0.24713190
v -0.40264702 -0.09503850 0.25329006
v -0.39852971 -0.09503850 0.25826722
v -0.39262402 -0.11415112 0.25497723
v -0.39141795 -0.12248440 0.25168729
v -0.38559547 -0.12600842 0.25565213
v -0.34034640 -0.21062636 0.25033754
v -0.33032340 -0.21058491 0.26029187
v -0.32163125 -0.22273241 0.26164162
v -0.32957479 -0.22936586 0.24949394
v -0.32782805 -0.23500429 0.24746932
v -0.33040658 -0.24068418 0.24046756
v -0.32454252 -0.24429113 0.24443240
v -0.32154810 -0.25225127 0.24164857
v -0.31917751 -0.25892615 0.23911782
v -0.31838730 -0.24793951 0.24831291
v -0.29056412 -0.29055944 0.24046756
v -0.30408064 -0.28405035 0.23414065
v -0.30096143 -0.29093257 0.23085065
v -0.29409921 -0.29408345 0.23422499
v -0.31239846 -0.27405873 0.23447807
v -0.31980133 -0.26978844 0.22975399
v -0.31792983 -0.27501228 0.22747631
v -0.32013404 -0.28023612 0.22013710
v -0.32034200 -0.29043505 0.21043582
v -0.31073490 -0.29072526 0.22081195
v -0.30761570 -0.28757438 0.22747631
v -0.29093844 -0.30096567 0.23085065
v -0.28399304 -0.30407509 0.23414065
v -0.28087384 -0.31070852 0.23068194
v -0.27500978 -0.30772349 0.23793678
v -0.26981112 -0.30979642 0.23979269
v -0.26640081 -0.30602366 0.24595086
v -0.25858203 -0.30888432 0.24890344
v -0.25192776 -0.31141335 0.25126547
v -0.26299050 -0.30220944 0.25194037
v -0.25787503 -0.29831228 0.25860471
v -0.25488061 -0.30490428 0.25497723
v -0.24381787 -0.31410819 0.25421804
v -0.24074027 -0.32049286 0.25042188
v -0.23500095 -0.31688595 0.25725496
v -0.22855464 -0.31904182 0.25911081
v -0.22477001 -0.31481299 0.26484722
v -0.21678489 -0.32787257 0.25801414
v -0.22210830 -0.33127224 0.25134981
v -0.21345775 -0.33400851 0.25396496
v -0.21008903 -0.34002009 0.25000006
v -0.20501515 -0.33653754 0.25649571
v -0.19769543 -0.33869341 0.25860471
v -0.17153583 -0.35075799 0.26079804
v -0.13531163 -0.36514428 0.26510030
v -0.12503910 -0.36767328 0.26746237
v -0.13223404 -0.36103985 0.27092105
v -0.13522846 -0.35506973 0.27505463
v -0.14500192 -0.36261529 0.26282263
v -0.13838924 -0.36929017 0.25911081
v -0.08290924 -0.36116421 0.29108280
v -0.07500729 -0.36273965 0.29251689
v -0.06943434 -0.36062524 0.29622871
v -0.12503910 -0.35730851 0.27750105
v -0.11788577 -0.35900834 0.27901947
v -0.09501170 -0.36394197 0.28374362
v -0.08997941 -0.36995354 0.27994746
v -0.08332513 -0.37132168 0.28121281
v -0.11118990 -0.36050087 0.28045362
v -0.10503469 -0.36186901 0.28171897
v -0.06943434 -0.07090932 -0.49286312
v -0.40252227 -0.07090932 0.26282263
v -0.40751296 -0.07090932 0.25683314
v -0.42007291 -0.07090932 0.24122678
v -0.42053038 -0.07090932 0.24063627
v -0.42231873 -0.07090932 0.23810549
v -0.42443979 -0.07090932 0.23506860
v -0.42206919 -0.08500540 0.23304398
v -0.41857570 -0.08500540 0.23802115
v -0.41042423 -0.10096714 0.24046756
v -0.42094630 -0.09238511 0.23135681
v -0.41712010 -0.09545308 0.23481552
v -0.39823857 -0.11502177 0.24772240
v -0.38946325 -0.12915930 0.24932523
v -0.40073395 -0.12144792 0.24088936
v -0.39890400 -0.12812284 0.23869602
v -0.35066053 -0.22115695 0.23076628
v -0.34117818 -0.22194469 0.24131115
v -0.33535570 -0.22567600 0.24544473
v -0.34196839 -0.23322155 0.23228474
v -0.33988893 -0.23989646 0.22983836
v -0.33115518 -0.25175375 0.23127244
v -0.32820237 -0.24731763 0.23802115
v -0.32520795 -0.25531924 0.23523732
v -0.32217193 -0.26311353 0.23245348
v -0.29763430 -0.29760748 0.22747631
v -0.32882619 -0.25838721 0.22857298
v -0.32570702 -0.26601568 0.22587349
v -0.32204717 -0.27501228 0.22249915
v -0.32728741 -0.27559271 0.21541299
v -0.32196397 -0.28413329 0.21423198
v -0.31788823 -0.29781476 0.20495252
v -0.31052694 -0.30055106 0.21052019
v -0.31397885 -0.29391763 0.21381019
v -0.32945004 -0.27928257 0.20925482
v -0.34101182 -0.27140534 0.20140944
v -0.32753694 -0.28554288 0.20554303
v -0.32940844 -0.28923273 0.19913177
v -0.32915890 -0.29893416 0.18883999
v -0.31996769 -0.29997063 0.19997536
v -0.30062872 -0.31062561 0.21060456
v -0.29073048 -0.32061726 0.21077327
v -0.29409921 -0.31406671 0.21406327
v -0.29081365 -0.31083292 0.22081195
v -0.28748652 -0.30759910 0.22747631
v -0.28037477 -0.32024413 0.22022144
v -0.26972795 -0.31978807 0.22975399
v -0.25196934 -0.32144642 0.24139549
v -0.24739453 -0.31808823 0.24805982
v -0.24053232 -0.33031866 0.24029882
v -0.23500095 -0.32725069 0.24713190
v -0.24722818 -0.32807988 0.23802115
v -0.21678489 -0.33794713 0.24780677
v -0.20501515 -0.34134677 0.25151855
v -0.22177559 -0.34105659 0.24114241
v -0.21408159 -0.34246618 0.24468549
v -0.20942360 -0.34968007 0.23962395
v -0.15843523 -0.35913271 0.25902647
v -0.15178096 -0.36087400 0.26096672
v -0.11821848 -0.36916581 0.26906514
v -0.11006700 -0.38997826 0.25000006
v -0.12503910 -0.36265674 0.27252388
v -0.14500192 -0.36763182 0.25725496
v -0.14500192 -0.37190211 0.25219339
v -0.13730793 -0.37878430 0.24848165
v -0.07500729 -0.37298006 0.28281564
v -0.07500729 -0.36775619 0.28779280
v -0.06943434 -0.37032667 0.28728664
v -0.06943434 -0.36870977 0.28880513
v -0.10503469 -0.36684412 0.27699488
v -0.09501170 -0.36895853 0.27893513
v -0.07500729 -0.37799659 0.27792281
v -0.06943434 -0.07501377 -0.49412847
v -0.07475775 -0.07090932 -0.49404413
v -0.42897302 -0.07090932 0.22848861
v -0.42760056 -0.08583459 0.22469245
v -0.42988795 -0.08969028 0.21979965
v -0.40223116 -0.11502177 0.24274524
v -0.41287798 -0.10457408 0.23515294
v -0.40776253 -0.11597532 0.23515294
v -0.41957384 -0.09906003 0.22941656
v -0.42888981 -0.09503850 0.21836556
v -0.42369115 -0.09545308 0.22562040
v -0.40996674 -0.11995539 0.22992270
v -0.40339565 -0.12488902 0.23523732
v -0.40160730 -0.13276625 0.23203169
v -0.39961103 -0.13944115 0.22950090
v -0.40518397 -0.13537817 0.22528298
v -0.34862265 -0.22783187 0.22823553
v -0.33830854 -0.24503738 0.22781374
v -0.33826694 -0.25739217 0.21777503
v -0.33157110 -0.26228434 0.22190861
v -0.33506459 -0.26514503 0.21507557
v -0.33855808 -0.26800570 0.20807378
v -0.29738477 -0.31730053 0.20672406
v -0.33186221 -0.28259930 0.20259048
v -0.34309131 -0.26481336 0.20478378
v -0.34991193 -0.25992119 0.19989099
v -0.34845629 -0.26589128 0.19592611
v -0.34982875 -0.26978844 0.18968357
v -0.34296653 -0.27484643 0.19466074
v -0.34076232 -0.28110677 0.19111769
v -0.33855808 -0.27808025 0.19778202
v -0.33165425 -0.29230070 0.19246741
v -0.32250464 -0.30262402 0.19331099
v -0.33835012 -0.28774023 0.18740590
v -0.33485663 -0.29478824 0.18479078
v -0.33132154 -0.30167046 0.18217565
v -0.32845190 -0.30834538 0.17762028
v -0.32545748 -0.30548468 0.18563436
v -0.31930226 -0.30929893 0.18909307
v -0.30204275 -0.32206833 0.19499819
v -0.30004647 -0.32003683 0.20005970
v -0.28573978 -0.32803842 0.20579611
v -0.27966776 -0.32973826 0.20959224
v -0.28420100 -0.32235855 0.21440069
v -0.29929787 -0.32936510 0.18909307
v -0.29264361 -0.33205995 0.19288920
v -0.28960758 -0.32969677 0.19955356
v -0.27579996 -0.32758236 0.21549736
v -0.26910409 -0.32932365 0.21920915
v -0.25849885 -0.32886761 0.22865732
v -0.25180298 -0.33123076 0.23135681
v -0.26307368 -0.32219270 0.23228474
v -0.25521332 -0.32513630 0.23515294
v -0.24431694 -0.33288914 0.23481552
v -0.23599911 -0.33757401 0.23532166
v -0.23995008 -0.33993718 0.22992270
v -0.22472842 -0.34482935 0.23481552
v -0.21503815 -0.34806314 0.23776807
v -0.22102699 -0.35055071 0.23068194
v -0.21503815 -0.35220906 0.23270653
v -0.21586993 -0.35768166 0.22519861
v -0.20805115 -0.35900834 0.22865732
v -0.20538944 -0.35519409 0.23523732
v -0.14965992 -0.37977934 0.23970832
v -0.14579211 -0.37741616 0.24510728
v -0.15086600 -0.37040958 0.25050622
v -0.11152261 -0.37061688 0.27058363
v -0.10503469 -0.38152063 0.26164162
v -0.10166597 -0.40063325 0.24080499
v -0.10503469 -0.39101475 0.25118113
v -0.12262693 -0.39118057 0.24147986
v -0.10836184 -0.39930654 0.23911782
v -0.14300564 -0.38143769 0.24181728
v -0.12932280 -0.38964659 0.23953961
v -0.06943434 -0.37903306 0.27893513
v -0.10503469 -0.37194356 0.27193338
v -0.08661069 -0.37563342 0.27564514
v -0.08989623 -0.37994516 0.26990873
v -0.07500729 -0.38268146 0.27294564
v -0.06943434 -0.08061075 -0.49573129
v -0.07500729 -0.07501377 -0.49530953
v -0.08503029 -0.07090932 -0.49564695
v -0.43047023 -0.07090932 0.22629528
v -0.43076134 -0.08301537 0.22114940
v -0.43754038 -0.07090932 0.21524428
v -0.43329829 -0.08583459 0.21583478
v -0.44041002 -0.09134865 0.20073457
v -0.43205059 -0.09503850 0.21330403
v -0.42181966 -0.10503013 0.22258349
v -0.43080294 -0.10187924 0.21127941
v -0.40867746 -0.12501340 0.22823553
v -0.41895002 -0.11775807 0.21853428
v -0.41978180 -0.12961535 0.20967661
v -0.41071534 -0.13131517 0.22098069
v -0.35976857 -0.21962297 0.21963094
v -0.35111803 -0.23189487 0.22157119
v -0.34038800 -0.25071728 0.22055890
v -0.34088707 -0.26133078 0.21111070
v -0.35856247 -0.24756639 0.19752894
v -0.36051717 -0.25096601 0.19086461
v -0.35856247 -0.25764093 0.18749024
v -0.35523534 -0.26535231 0.18529694
v -0.35190821 -0.26311353 0.19322665
v -0.34824836 -0.25598258 0.20562740
v -0.35186660 -0.27277350 0.18301924
v -0.34953761 -0.27944839 0.17922311
v -0.34808201 -0.27567562 0.18580307
v -0.34047118 -0.29064235 0.18074156
v -0.33839172 -0.29781476 0.17492080
v -0.33926508 -0.30905017 0.15855519
v -0.33057293 -0.31062561 0.17095594
v -0.31842890 -0.31841993 0.17762028
v -0.32175604 -0.31174502 0.18242873
v -0.32766169 -0.31763220 0.16496646
v -0.31772187 -0.32766530 0.16496646
v -0.31069329 -0.33069181 0.17095594
v -0.30932087 -0.31933203 0.18909307
v -0.28295332 -0.33214286 0.20292790
v -0.26835549 -0.33877632 0.20832686
v -0.26165962 -0.34118095 0.21144815
v -0.27301350 -0.33210140 0.21254481
v -0.27172422 -0.34118095 0.20166253
v -0.30553624 -0.32555088 0.18580307
v -0.30175161 -0.33168682 0.18242873
v -0.30062872 -0.34051761 0.17087157
v -0.29788384 -0.33836174 0.17753591
v -0.28827673 -0.33873487 0.18799640
v -0.28162244 -0.34113950 0.19162382
v -0.27837849 -0.33877632 0.19828816
v -0.26540267 -0.33525229 0.21532865
v -0.25775024 -0.33840320 0.21811248
v -0.26244983 -0.33172828 0.22199298
v -0.25105438 -0.34068343 0.22081195
v -0.24502395 -0.33840320 0.22806682
v -0.24502395 -0.34250763 0.22308965
v -0.22772285 -0.34860212 0.22823553
v -0.22464524 -0.35299677 0.22494553
v -0.21973772 -0.35983753 0.21979965
v -0.21308345 -0.36153734 0.22199298
v -0.20501515 -0.36854392 0.21802811
v -0.16130489 -0.38064998 0.23085065
v -0.15502492 -0.38218397 0.23295961
v -0.14545940 -0.38516900 0.23523732
v -0.10503469 -0.37696010 0.26661879
v -0.09501170 -0.37895015 0.26881212
v -0.09501170 -0.38852718 0.25835162
v -0.09501170 -0.38351065 0.26383495
v -0.09501170 -0.40179408 0.24223907
v -0.09501170 -0.39781404 0.24721624
v -0.09501170 -0.39283893 0.25337446
v -0.10503469 -0.40345246 0.23549040
v -0.09962811 -0.40983716 0.22975399
v -0.09576030 -0.40734962 0.23473115
v -0.11501610 -0.40171117 0.23220040
v -0.14121731 -0.39055869 0.23076628
v -0.13502051 -0.38831991 0.23776807
v -0.06943434 -0.38011101 0.27775413
v -0.08611161 -0.38541776 0.26543772
v -0.07500729 -0.38765657 0.26737797
v -0.06943434 -0.08542000 -0.49699670
v -0.08503029 -0.08355434 -0.49910563
v -0.07321896 -0.09209490 -0.49944311
v -0.07987323 -0.08993903 -0.49994922
v -0.08910604 -0.07090932 -0.49615312
v -0.43217537 -0.07090932 0.22376452
v -0.43184265 -0.07501377 0.22266786
v -0.44028527 -0.07090932 0.21052019
v -0.43849695 -0.08500540 0.20723020
v -0.44835359 -0.07090932 0.19617920
v -0.44523436 -0.08500540 0.19499819
v -0.44223994 -0.09478974 0.19525127
v -0.43932873 -0.09798209 0.19879432
v -0.43720767 -0.09478974 0.20444636
v -0.42705989 -0.10515451 0.21473812
v -0.42123741 -0.12298191 0.21186994
v -0.43279922 -0.10515451 0.20528995
v -0.42934731 -0.10855415 0.20883302
v -0.44115865 -0.10270843 0.19212998
v -0.43970302 -0.10938333 0.18943049
v -0.43009591 -0.13027871 0.19018973
v -0.42165330 -0.13305646 0.20301227
v -0.41982338 -0.13973136 0.19963790
v -0.36168167 -0.22501266 0.21246044
v -0.35818818 -0.22501266 0.21743761
v -0.40876067 -0.13799009 0.21828119
v -0.34250903 -0.25444859 0.21465378
v -0.36047560 -0.26091620 0.18082590
v -0.35856247 -0.26759112 0.17711411
v -0.35494423 -0.27492937 0.17483644
v -0.35976857 -0.27969715 0.15956751
v -0.36139053 -0.28206033 0.15290317
v -0.34999511 -0.29997063 0.14995061
v -0.34088707 -0.31116459 0.15189086
v -0.33988893 -0.31987098 0.13974319
v -0.33847490 -0.31829554 0.14497344
v -0.33531412 -0.31535196 0.15551828
v -0.32953322 -0.31953931 0.15923007
v -0.33240288 -0.31265712 0.16496646
v -0.30840591 -0.32841155 0.17770465
v -0.31268960 -0.33272329 0.16496646
v -0.31959340 -0.32957241 0.15923007
v -0.30765730 -0.33773986 0.16496646
v -0.26706624 -0.34785587 0.19702278
v -0.26037037 -0.35021901 0.20031278
v -0.25500536 -0.34831190 0.20765199
v -0.24988990 -0.34988734 0.20984532
v -0.25463107 -0.34304661 0.21482249
v -0.27438593 -0.34449768 0.19432332
v -0.30453810 -0.33450603 0.17424592
v -0.28935805 -0.34955567 0.16918440
v -0.29472306 -0.34259057 0.17449901
v -0.30957040 -0.33960551 0.15923007
v -0.30266660 -0.34221742 0.16496646
v -0.29863244 -0.34905815 0.15804905
v -0.29518053 -0.34748274 0.16547261
v -0.29122955 -0.34084928 0.18133207
v -0.27035177 -0.35021901 0.19027410
v -0.27995887 -0.34992880 0.17989795
v -0.27771306 -0.34831190 0.18495949
v -0.23886876 -0.34930691 0.21912478
v -0.23221448 -0.35125551 0.22157119
v -0.24323562 -0.35179448 0.21246044
v -0.23071727 -0.36037648 0.21052019
v -0.22501954 -0.36199340 0.21271352
v -0.21799096 -0.36891705 0.20841123
v -0.21133670 -0.37065834 0.21094199
v -0.20501515 -0.37223378 0.21305095
v -0.18501073 -0.37849408 0.21794377
v -0.15290387 -0.39138788 0.22190861
v -0.14787158 -0.38894179 0.22857298
v -0.08902286 -0.38964659 0.25953263
v -0.07513206 -0.40664482 0.24443240
v -0.08074661 -0.40021867 0.25025314
v -0.08503029 -0.40842754 0.23793678
v -0.07500729 -0.39706776 0.25649571
v -0.08236858 -0.39080745 0.26088238
v -0.10503469 -0.40880066 0.22823553
v -0.10503469 -0.41211742 0.22325836
v -0.10237299 -0.42082381 0.21127941
v -0.09576030 -0.41356847 0.22587349
v -0.07500729 -0.41858500 0.22781374
v -0.06943434 -0.41941419 0.22907911
v -0.07513206 -0.41323680 0.23557474
v -0.07184651 -0.41058344 0.24072061
v -0.12079701 -0.40034303 0.23042886
v -0.11514087 -0.40697646 0.22469245
v -0.14475238 -0.39296332 0.22511427
v -0.13922103 -0.39963824 0.21946223
v -0.12749287 -0.39876759 0.22831990
v -0.06943434 -0.39043432 0.26611263
v -0.07500729 -0.39209267 0.26231647
v -0.06943434 -0.09358743 -0.49910563
v -0.09501170 -0.07501377 -0.49784029
v -0.09912904 -0.07090932 -0.49716538
v -0.08503029 -0.08857088 -0.50028670
v -0.09501170 -0.08206181 -0.49952745
v -0.06943434 -0.09756750 -0.50011796
v -0.07592225 -0.09528725 -0.50062412
v -0.44332129 -0.07090932 0.20520560
v -0.45080733 -0.07090932 0.19153948
v -0.45059937 -0.07244331 0.19120203
v -0.44972602 -0.07911822 0.18943049
v -0.44897741 -0.08500540 0.18774332
v -0.44764656 -0.09487267 0.18453769
v -0.44939330 -0.09810647 0.17871694
v -0.44311333 -0.10565202 0.18563436
v -0.44132501 -0.11311466 0.18276615
v -0.43504500 -0.12501340 0.18495949
v -0.43121880 -0.13417585 0.18411590
v -0.43009591 -0.14027034 0.18023540
v -0.42834917 -0.13695361 0.18689974
v -0.42169487 -0.14288226 0.19297357
v -0.42493886 -0.14491375 0.18487512
v -0.36022604 -0.27041033 0.17044978
v -0.35835454 -0.27758273 0.16496646
v -0.36388588 -0.27584147 0.15568700
v -0.36151531 -0.27256620 0.16496646
v -0.36995792 -0.26999575 0.14986625
v -0.36846071 -0.27538541 0.14590138
v -0.36937568 -0.27899235 0.13847782
v -0.37070653 -0.28123114 0.13181347
v -0.36708826 -0.28471372 0.13510346
v -0.36276299 -0.28521121 0.14472036
v -0.35906154 -0.28869379 0.14784163
v -0.35149232 -0.30208504 0.14328626
v -0.34799883 -0.30523595 0.14598574
v -0.34912172 -0.30875996 0.13788730
v -0.34250903 -0.31327900 0.14497344
v -0.34525394 -0.31531048 0.13552526
v -0.34142774 -0.32161227 0.13307886
v -0.33573002 -0.32575816 0.13645321
v -0.31992611 -0.33993718 0.13991192
v -0.33348420 -0.32351938 0.14497344
v -0.33140475 -0.32140496 0.15256573
v -0.31356296 -0.34358558 0.14497344
v -0.31551766 -0.33550104 0.15594007
v -0.26423818 -0.35179448 0.19415461
v -0.25866520 -0.35917419 0.18858691
v -0.25521332 -0.35697687 0.19491382
v -0.25500536 -0.35179448 0.20267482
v -0.24801838 -0.35884249 0.19828816
v -0.29197818 -0.35133842 0.16252007
v -0.27783784 -0.35846937 0.16715980
v -0.27114198 -0.36074963 0.17137773
v -0.30998629 -0.34997028 0.13991192
v -0.30100301 -0.35067508 0.15138471
v -0.29518053 -0.35299677 0.15484342
v -0.28041637 -0.36025211 0.16049545
v -0.27272236 -0.35183591 0.18495949
v -0.26502836 -0.35701829 0.18512820
v -0.26835549 -0.35888398 0.17804207
v -0.22526908 -0.36717579 0.20503686
v -0.22880417 -0.36929017 0.19896303
v -0.22214989 -0.37115586 0.20174690
v -0.21483019 -0.37281421 0.20503686
v -0.20251979 -0.38127187 0.20183124
v -0.18933602 -0.38964659 0.19938482
v -0.18559298 -0.38749072 0.20503686
v -0.14500192 -0.39827007 0.21752198
v -0.17111994 -0.39051723 0.21068890
v -0.17465502 -0.39279747 0.20503686
v -0.07500729 -0.40117222 0.25143421
v -0.06943434 -0.39967969 0.25523031
v -0.06943434 -0.39789695 0.25742364
v -0.06943434 -0.39511919 0.26071364
v -0.11189692 -0.41079071 0.22123374
v -0.10902727 -0.41962147 0.20933916
v -0.10540900 -0.42310405 0.20562740
v -0.09796454 -0.42936438 0.19887869
v -0.09480375 -0.42720848 0.20436199
v -0.09501170 -0.42198467 0.21313532
v -0.09501170 -0.41879231 0.21811248
v -0.08906445 -0.41970441 0.21954657
v -0.07500729 -0.42181882 0.22283657
v -0.06943434 -0.41995317 0.22823553
v -0.06943434 -0.41087362 0.24114241
v -0.06943434 -0.40950549 0.24291395
v -0.06943434 -0.40191847 0.25244647
v -0.12449844 -0.40254036 0.22494553
v -0.13256675 -0.40117222 0.22165553
v -0.12503910 -0.40788859 0.21684711
v -0.15452585 -0.40245745 0.20495252
v -0.13693362 -0.40859339 0.20790507
v -0.10503469 -0.07090932 -0.49733412
v -0.08503029 -0.09503850 -0.50146770
v -0.09501170 -0.08703689 -0.50053978
v -0.10911044 -0.07090932 -0.49741846
v -0.06943434 -0.09839669 -0.50028670
v -0.07500729 -0.10503013 -0.50214255
v -0.45363539 -0.07090932 0.18538128
v -0.45122322 -0.08500540 0.18276615
v -0.45039144 -0.09143156 0.18082590
v -0.45193022 -0.09487267 0.17517388
v -0.45629710 -0.09503850 0.16496646
v -0.45093209 -0.10221091 0.17205261
v -0.44814563 -0.10536180 0.17517388
v -0.43986937 -0.11978956 0.17972924
v -0.43895441 -0.12588404 0.17584874
v -0.43508661 -0.13500503 0.17492080
v -0.43970302 -0.13952407 0.15931442
v -0.42934731 -0.15888545 0.15847084
v -0.42747581 -0.16489702 0.15509649
v -0.42082152 -0.17144755 0.16176084
v -0.36883500 -0.26792279 0.15492778
v -0.42897302 -0.16813082 0.14733548
v -0.42847395 -0.17741765 0.13493475
v -0.42963845 -0.17940769 0.12886092
v -0.37187102 -0.28313825 0.12498042
v -0.36979157 -0.28964734 0.11941274
v -0.36879343 -0.28815481 0.12498042
v -0.42660242 -0.17430823 0.14438292
v -0.36184803 -0.29259092 0.13493475
v -0.36051717 -0.29072526 0.14117730
v -0.35831293 -0.29760748 0.13493475
v -0.35294795 -0.30523595 0.13476603
v -0.35049418 -0.31070852 0.13122296
v -0.34812358 -0.31742489 0.12498042
v -0.34941286 -0.31916618 0.11848480
v -0.34313288 -0.32356083 0.12498042
v -0.34134454 -0.33131370 0.11291711
v -0.33980575 -0.32977971 0.11958146
v -0.33855808 -0.32853594 0.12498042
v -0.31576720 -0.34578291 0.13662192
v -0.33157110 -0.33156246 0.13316321
v -0.23932624 -0.36958039 0.18926178
v -0.23267196 -0.37144607 0.19229870
v -0.25196934 -0.36103985 0.19162382
v -0.26170123 -0.36099839 0.18192257
v -0.24003325 -0.37998664 0.16994363
v -0.23404440 -0.38114747 0.17399286
v -0.27471864 -0.36211777 0.16429159
v -0.26868820 -0.36916581 0.15830213
v -0.26523632 -0.36763182 0.16530390
v -0.29850766 -0.35896689 0.13746551
v -0.28029159 -0.37016082 0.14033371
v -0.30324885 -0.35225052 0.14497344
v -0.31851208 -0.34851921 0.12498042
v -0.31975976 -0.34976298 0.11949709
v -0.31156668 -0.35137987 0.13324757
v -0.31090125 -0.36066669 0.11182044
v -0.30915451 -0.35938147 0.11848480
v -0.30724141 -0.35809624 0.12498042
v -0.27792102 -0.36854392 0.14699805
v -0.29509735 -0.35759872 0.14547959
v -0.28486642 -0.36489552 0.14480472
v -0.27476025 -0.36680263 0.15492778
v -0.22526908 -0.37356049 0.19533561
v -0.21994567 -0.37994516 0.18985228
v -0.21595311 -0.37836972 0.19558869
v -0.20917407 -0.37953058 0.19930048
v -0.19332857 -0.39167809 0.19272049
v -0.18006162 -0.40001136 0.18993665
v -0.17502934 -0.39810425 0.19693844
v -0.16904047 -0.39951384 0.19921611
v -0.18264015 -0.39126348 0.20174690
v -0.16542223 -0.39727506 0.20495252
v -0.13027935 -0.41008592 0.21009840
v -0.12503910 -0.41120529 0.21186994
v -0.11514087 -0.41315389 0.21541299
v -0.11501610 -0.41837770 0.20731457
v -0.11501610 -0.42140424 0.20233740
v -0.11426750 -0.42642078 0.19415461
v -0.11039971 -0.43015209 0.19018973
v -0.10503469 -0.42824498 0.19685407
v -0.10503469 -0.43102273 0.19187690
v -0.09480375 -0.43230796 0.19533561
v -0.09131026 -0.43035939 0.20065023
v -0.08503029 -0.42845225 0.20731457
v -0.07829285 -0.42944729 0.20908611
v -0.07159698 -0.43044230 0.21077327
v -0.07496570 -0.42716706 0.21440069
v -0.06943434 -0.42969602 0.21288224
v -0.16238621 -0.40104783 0.20157816
v -0.14849542 -0.40929818 0.19887869
v -0.14512669 -0.40697646 0.20469944
v -0.14184114 -0.41079071 0.20124073
v -0.08503029 -0.10503013 -0.50281745
v -0.09501170 -0.09503850 -0.50172079
v -0.10503469 -0.08757587 -0.50037104
v -0.10503469 -0.08255932 -0.49952745
v -0.10503469 -0.09503850 -0.50155205
v -0.11909185 -0.07090932 -0.49716538
v -0.06943434 -0.10532035 -0.50129896
v -0.07500729 -0.11502177 -0.50273305
v -0.08503029 -0.11502177 -0.50357670
v -0.06943434 -0.11062710 -0.50172079
v -0.46024808 -0.07090932 0.17053415
v -0.45471671 -0.08500540 0.17492080
v -0.45870930 -0.08583459 0.16505082
v -0.45991537 -0.08969028 0.15973622
v -0.45916677 -0.09503850 0.15771161
v -0.46016490 -0.10042818 0.15045676
v -0.45247090 -0.10536180 0.16530390
v -0.44951808 -0.10888582 0.16884696
v -0.44332129 -0.11589241 0.17584874
v -0.43986937 -0.12982266 0.16977492
v -0.44132501 -0.13284916 0.16311057
v -0.43874645 -0.13570984 0.16581005
v -0.44290537 -0.13570984 0.15560265
v -0.44099230 -0.14197016 0.15265009
v -0.43812263 -0.14520396 0.15560265
v -0.43076134 -0.16149738 0.15180650
v -0.43924552 -0.14864506 0.14792600
v -0.43184265 -0.16489702 0.14438292
v -0.43022066 -0.17049399 0.14058678
v -0.43130201 -0.17240110 0.13493475
v -0.43525296 -0.16502139 0.13493475
v -0.43986937 -0.15979755 0.12962015
v -0.43284079 -0.17563492 0.12531786
v -0.43071973 -0.18123189 0.12219657
v -0.37844211 -0.27716815 0.11494172
v -0.37740240 -0.28450641 0.10490303
v -0.37328506 -0.28579164 0.11561659
v -0.37087288 -0.29130569 0.11274840
v -0.36871025 -0.29818791 0.10498738
v -0.35723162 -0.31460568 0.10532482
v -0.35066053 -0.32094893 0.11182044
v -0.35956061 -0.29939020 0.12877657
v -0.34537870 -0.32538503 0.11570095
v -0.33132154 -0.34126386 0.11283275
v -0.34791565 -0.32754090 0.10498738
v -0.34292495 -0.33288914 0.10498738
v -0.23005185 -0.37998664 0.17998232
v -0.25908110 -0.36945602 0.16893132
v -0.26203394 -0.37115586 0.16226698
v -0.24959877 -0.37973788 0.15948315
v -0.23429394 -0.38612258 0.16429159
v -0.22739014 -0.38856864 0.16715980
v -0.22073586 -0.39035138 0.17061850
v -0.22443730 -0.38624695 0.17433028
v -0.27122515 -0.37078273 0.15163778
v -0.26523632 -0.37281421 0.15492778
v -0.25542125 -0.37820387 0.15568700
v -0.30225068 -0.36153734 0.12498042
v -0.26831391 -0.37899160 0.13746551
v -0.27476025 -0.37198502 0.14421421
v -0.27937663 -0.37957203 0.11882223
v -0.27746353 -0.37832826 0.12498042
v -0.27434435 -0.37642115 0.13451296
v -0.32121539 -0.35121405 0.11283275
v -0.31535131 -0.35531849 0.11561659
v -0.31352139 -0.35307971 0.12498042
v -0.30457970 -0.36721724 0.10524046
v -0.29942262 -0.36962187 0.10878353
v -0.30549467 -0.36319572 0.11511044
v -0.31738916 -0.35768166 0.10498738
v -0.31235689 -0.36182755 0.10498738
v -0.19058369 -0.40026009 0.18048848
v -0.18671590 -0.39835298 0.18715282
v -0.17502934 -0.40117222 0.19196127
v -0.18405418 -0.40129659 0.18428461
v -0.17037134 -0.41016883 0.18023540
v -0.15007581 -0.41999462 0.17998232
v -0.12067224 -0.42024338 0.20039715
v -0.11709557 -0.42882541 0.18782769
v -0.12441526 -0.42194319 0.19482945
v -0.14500192 -0.42103112 0.18183823
v -0.12503910 -0.42741579 0.18470640
v -0.11426750 -0.43160316 0.18470640
v -0.10503469 -0.43471259 0.18495949
v -0.09526123 -0.43786347 0.18470640
v -0.08503029 -0.43910724 0.18824948
v -0.07970688 -0.43989497 0.18976794
v -0.07583907 -0.43815368 0.19491382
v -0.06943434 -0.43073252 0.21119507
v -0.07305260 -0.44084853 0.19153948
v -0.06943434 -0.44006079 0.19466074
v -0.15290387 -0.41132969 0.19221435
v -0.13527004 -0.41746563 0.19482945
v -0.14500192 -0.41808748 0.18681540
v -0.09501170 -0.11502177 -0.50374538
v -0.09501170 -0.10503013 -0.50290179
v -0.11597265 -0.09404348 -0.50070846
v -0.11996523 -0.09006341 -0.49994922
v -0.12503910 -0.07090932 -0.49691230
v -0.10503469 -0.10503013 -0.50264871
v -0.06943434 -0.11502177 -0.50197387
v -0.06943434 -0.12061875 -0.50214255
v -0.07500729 -0.12501340 -0.50298613
v -0.08503029 -0.12501340 -0.50366104
v -0.46232754 -0.07090932 0.16505082
v -0.46453178 -0.07090932 0.15906136
v -0.46611214 -0.07090932 0.15467469
v -0.46220279 -0.08583459 0.15585572
v -0.46627849 -0.08500540 0.14497344
v -0.46370000 -0.09503850 0.14497344
v -0.45717049 -0.10428387 0.15425290
v -0.46760938 -0.09408493 0.13400680
v -0.46902341 -0.09682123 0.12666759
v -0.46112144 -0.10266696 0.14497344
v -0.45895880 -0.10768351 0.14497344
v -0.45089051 -0.11211963 0.16218263
v -0.44818723 -0.11527053 0.16530390
v -0.44327968 -0.12588404 0.16581005
v -0.44943488 -0.11879455 0.15838648
v -0.44797927 -0.12488902 0.15501213
v -0.44739702 -0.13446607 0.14455165
v -0.44993395 -0.13993867 0.12978886
v -0.44215679 -0.14520396 0.14472036
v -0.44045162 -0.15092531 0.14126165
v -0.43895441 -0.15801480 0.13493475
v -0.44847834 -0.14512104 0.12590836
v -0.44303015 -0.15590040 0.12573965
v -0.44086751 -0.16178758 0.12295580
v -0.43833059 -0.16506284 0.12573965
v -0.44153294 -0.15303972 0.13493475
v -0.43916237 -0.16846250 0.11713505
v -0.43695813 -0.17418385 0.11426686
v -0.43820581 -0.17679577 0.10498738
v -0.43180108 -0.18305609 0.11494172
v -0.38047999 -0.28089947 0.10161304
v -0.37856689 -0.28745002 0.09494869
v -0.37216216 -0.29317135 0.10498738
v -0.36970839 -0.29959750 0.09899792
v -0.36072510 -0.31104022 0.10220355
v -0.35178345 -0.32252437 0.10498738
v -0.34920490 -0.32907489 0.09781690
v -0.33286035 -0.34279785 0.10498738
v -0.35032782 -0.33036011 0.09115255
v -0.34475487 -0.33475479 0.09435819
v -0.23990849 -0.38993680 0.14986625
v -0.23046774 -0.39022702 0.16049545
v -0.22443730 -0.39151224 0.16429159
v -0.19083323 -0.41037613 0.16083288
v -0.19449309 -0.40672773 0.16446032
v -0.20085622 -0.40038449 0.17070286
v -0.19436830 -0.40166971 0.17441465
v -0.26498678 -0.37749907 0.14522651
v -0.25903952 -0.37940621 0.14868523
v -0.24918288 -0.38948077 0.13873090
v -0.26165962 -0.38089871 0.14202088
v -0.27060130 -0.38031828 0.13080117
v -0.26498678 -0.38210103 0.13451296
v -0.28120655 -0.38077435 0.11215788
v -0.27563360 -0.38313752 0.11527915
v -0.27247283 -0.38147914 0.12498042
v -0.32275417 -0.35270655 0.10498738
v -0.30761570 -0.36833662 0.09494869
v -0.30100301 -0.37069979 0.10211919
v -0.28948280 -0.37965494 0.09891357
v -0.28299490 -0.38201812 0.10498738
v -0.31888637 -0.35904980 0.09722638
v -0.32017565 -0.36016920 0.09056205
v -0.31535131 -0.36278111 0.09435819
v -0.30915451 -0.36941457 0.08769384
v -0.18447009 -0.40656188 0.17441465
v -0.15959974 -0.40979570 0.18959923
v -0.17423913 -0.41145405 0.17441465
v -0.18081023 -0.41033465 0.17061850
v -0.16030675 -0.42011899 0.17019671
v -0.15402678 -0.42103112 0.17407721
v -0.14566734 -0.42857665 0.16547261
v -0.13905467 -0.42961311 0.16910005
v -0.13543640 -0.42820352 0.17517388
v -0.12836625 -0.42932290 0.17863257
v -0.13872196 -0.41945565 0.18900870
v -0.13206768 -0.42082381 0.19137074
v -0.12167038 -0.43060815 0.18116336
v -0.11430909 -0.43686846 0.17416157
v -0.11048289 -0.44014370 0.17036542
v -0.10503469 -0.43865120 0.17719848
v -0.09879632 -0.43964621 0.17922311
v -0.07583907 -0.44292149 0.18588744
v -0.06943434 -0.44130456 0.19238307
v -0.06943434 -0.44487005 0.18529694
v -0.10503469 -0.11502177 -0.50307053
v -0.09501170 -0.12501340 -0.50374538
v -0.11501610 -0.10503013 -0.50163645
v -0.12137926 -0.09673832 -0.50020230
v -0.13909626 -0.07090932 -0.49556261
v -0.13502051 -0.07090932 -0.49606872
v -0.12911485 -0.07090932 -0.49665928
v -0.06943434 -0.12501340 -0.50222695
v -0.06943434 -0.13061038 -0.50214255
v -0.06943434 -0.13500503 -0.50205821
v -0.07500729 -0.13500503 -0.50273305
v -0.08503029 -0.13500503 -0.50298613
v -0.46827480 -0.07090932 0.14851651
v -0.46856594 -0.07530399 0.14480472
v -0.46973044 -0.07882801 0.13915269
v -0.46902341 -0.08500540 0.13695936
v -0.47002155 -0.09014633 0.13004194
v -0.47064537 -0.09408493 0.12396811
v -0.46997994 -0.10005504 0.12000325
v -0.46278501 -0.10590078 0.13577834
v -0.45987380 -0.10979792 0.13965884
v -0.45030826 -0.13077621 0.14092422
v -0.45130640 -0.13301499 0.13493475
v -0.45479989 -0.12501340 0.13493475
v -0.46095508 -0.11224401 0.13299450
v -0.45949948 -0.11891891 0.12835476
v -0.45284522 -0.13595860 0.12590836
v -0.46004015 -0.13015433 0.11021763
v -0.45712888 -0.13409293 0.11409813
v -0.45093209 -0.14188723 0.12312452
v -0.44560868 -0.14503813 0.13493475
v -0.45184708 -0.14512104 0.11443557
v -0.45022509 -0.15046926 0.11072378
v -0.44174087 -0.16506284 0.11426686
v -0.44011891 -0.17028669 0.11047071
v -0.44090909 -0.17177922 0.10498738
v -0.43928713 -0.17874435 0.09688894
v -0.37324345 -0.29574183 0.09537049
v -0.37944025 -0.28902546 0.08786257
v -0.37698650 -0.29429075 0.08474129
v -0.35831293 -0.31759074 0.09494869
v -0.37062335 -0.30092418 0.09233357
v -0.35935268 -0.31908327 0.08760948
v -0.35286474 -0.32542652 0.09461126
v -0.32462570 -0.35465515 0.09402075
v -0.35656619 -0.32422417 0.08457257
v -0.35120118 -0.33139661 0.08499436
v -0.34633526 -0.33641315 0.08499436
v -0.23595750 -0.39387542 0.14590138
v -0.22772285 -0.39880905 0.14497344
v -0.23279673 -0.39151224 0.15492778
v -0.24248701 -0.39138788 0.14320190
v -0.22427094 -0.39640442 0.15425290
v -0.20060669 -0.41029322 0.15062548
v -0.19449309 -0.41157842 0.15433726
v -0.18422055 -0.41659498 0.15416855
v -0.18447009 -0.41161990 0.16446032
v -0.18746451 -0.40875924 0.16749723
v -0.24552304 -0.39300478 0.13518782
v -0.22988549 -0.39992845 0.13974319
v -0.26045355 -0.39022702 0.12059376
v -0.24481601 -0.39744091 0.12506478
v -0.27783784 -0.38865158 0.09494869
v -0.27459389 -0.38728341 0.10498738
v -0.26714942 -0.38836136 0.11494172
v -0.26910409 -0.38948077 0.10836174
v -0.30262500 -0.37181920 0.09494869
v -0.29102162 -0.38069144 0.09224921
v -0.27945980 -0.38964659 0.08870615
v -0.33024022 -0.35026050 0.09073076
v -0.33119678 -0.35117257 0.08499436
v -0.32608131 -0.35614768 0.08499436
v -0.32104903 -0.36099839 0.08499436
v -0.31826255 -0.36866832 0.06491698
v -0.31647420 -0.36734161 0.07495567
v -0.31422839 -0.36642951 0.08465692
v -0.28083226 -0.39051723 0.08204181
v -0.31040218 -0.37024376 0.08102950
v -0.28902534 -0.38931492 0.06491698
v -0.15502492 -0.42480385 0.16496646
v -0.17032975 -0.42011899 0.16024238
v -0.13543640 -0.43268108 0.16547261
v -0.14941038 -0.42973751 0.15939878
v -0.12466480 -0.43736595 0.16454467
v -0.13240039 -0.43093979 0.17196824
v -0.12503910 -0.43226650 0.17517388
v -0.11713716 -0.43889993 0.16758159
v -0.11430909 -0.44138750 0.16454467
v -0.10503469 -0.44441402 0.16496646
v -0.07558954 -0.44826970 0.17492080
v -0.09480375 -0.44764781 0.16446032
v -0.07929099 -0.44976223 0.16952184
v -0.07263671 -0.45071578 0.17154644
v -0.06943434 -0.45009390 0.17441465
v -0.10503469 -0.12501340 -0.50307053
v -0.11501610 -0.12501340 -0.50188947
v -0.11501610 -0.11502177 -0.50180513
v -0.09501170 -0.13500503 -0.50281745
v -0.10503469 -0.13500503 -0.50248003
v -0.12374984 -0.11502177 -0.50053978
v -0.12279329 -0.10503013 -0.50045538
v -0.14911926 -0.07090932 -0.49395978
v -0.06943434 -0.14097513 -0.50138336
v -0.06943434 -0.14491375 -0.50087720
v -0.07500729 -0.14503813 -0.50138336
v -0.08503029 -0.14503813 -0.50188947
v -0.47018790 -0.07090932 0.14303319
v -0.47284961 -0.07090932 0.13527218
v -0.47047901 -0.07219456 0.14134601
v -0.47064537 -0.08500540 0.13198219
v -0.47522020 -0.07501377 0.12498042
v -0.47280800 -0.08500540 0.12498042
v -0.47567767 -0.08500540 0.11494172
v -0.47297436 -0.09503850 0.11494172
v -0.47072858 -0.10179633 0.11494172
v -0.46715188 -0.10403511 0.12396811
v -0.46049762 -0.12119916 0.12169042
v -0.45800227 -0.12472318 0.12498042
v -0.46511400 -0.11502177 0.11494172
v -0.46956408 -0.10901020 0.10802430
v -0.46066397 -0.13168831 0.10498738
v -0.45850134 -0.13666339 0.10498738
v -0.45450878 -0.14503813 0.10498738
v -0.45097369 -0.15200324 0.10498738
v -0.44436100 -0.16502139 0.10498738
v -0.44939330 -0.15888545 0.09731074
v -0.44174087 -0.17526178 0.09410511
v -0.44003573 -0.18011250 0.09022461
v -0.38027203 -0.29047650 0.08119822
v -0.37162149 -0.30233380 0.08499436
v -0.37781829 -0.29657099 0.07495567
v -0.36816958 -0.30735034 0.08499436
v -0.36026764 -0.32036850 0.08094515
v -0.35748115 -0.32633859 0.07495567
v -0.35249045 -0.33293059 0.07495567
v -0.35003668 -0.34002009 0.06019288
v -0.34908015 -0.33906654 0.06685723
v -0.34787405 -0.33790568 0.07495567
v -0.34288335 -0.34279785 0.07495567
v -0.22040315 -0.40017718 0.15037240
v -0.20293568 -0.41145405 0.14497344
v -0.19503373 -0.41539267 0.14497344
v -0.18767244 -0.41891670 0.14497344
v -0.18031116 -0.42011899 0.15028805
v -0.23537526 -0.39843592 0.13586269
v -0.24132252 -0.40071616 0.12185913
v -0.23899353 -0.39938948 0.12852348
v -0.23537526 -0.40266472 0.12506478
v -0.23229766 -0.40121368 0.13307886
v -0.22501954 -0.40797150 0.12531786
v -0.22593451 -0.40345246 0.13586269
v -0.20996426 -0.40996152 0.13991192
v -0.24843428 -0.39905781 0.11494172
v -0.27284715 -0.39159516 0.09494869
v -0.24988990 -0.39992845 0.10979584
v -0.24340197 -0.40191847 0.11494172
v -0.25180298 -0.40096492 0.10313150
v -0.27567521 -0.39271456 0.08524744
v -0.26648399 -0.39802131 0.08499436
v -0.26024559 -0.40009427 0.09039332
v -0.27500978 -0.39578253 0.07495567
v -0.33772629 -0.34781438 0.07495567
v -0.32753694 -0.35764021 0.07495567
v -0.32254624 -0.36232507 0.07495567
v -0.31942704 -0.36953893 0.05825263
v -0.28216311 -0.39142933 0.07495567
v -0.31323025 -0.37227523 0.06491698
v -0.28994030 -0.38993680 0.05977109
v -0.12108813 -0.44039249 0.16091724
v -0.15265433 -0.43110564 0.15273444
v -0.14566734 -0.43276399 0.15560265
v -0.11501610 -0.44520172 0.15492778
v -0.10915203 -0.44972077 0.14927574
v -0.10549217 -0.44851846 0.15509649
v -0.09796454 -0.44938910 0.15847084
v -0.09131026 -0.45034266 0.16074853
v -0.07558954 -0.45249853 0.16564134
v -0.06943434 -0.45423979 0.16521955
v -0.06943434 -0.45108891 0.17230567
v -0.11501610 -0.13500503 -0.50146770
v -0.12874055 -0.11502177 -0.49978054
v -0.12325077 -0.12501340 -0.50053978
v -0.09501170 -0.14503813 -0.50172079
v -0.10553376 -0.14574294 -0.50096154
v -0.11501610 -0.14259204 -0.50053978
v -0.12778400 -0.10503013 -0.49952745
v -0.15502492 -0.07090932 -0.49286312
v -0.06943434 -0.14993030 -0.50003362
v -0.06960070 -0.15022051 -0.50003362
v -0.07500729 -0.15150574 -0.50020230
v -0.08503029 -0.15312265 -0.50053978
v -0.09501170 -0.15279096 -0.50053978
v -0.47630149 -0.07090932 0.12464298
v -0.47883844 -0.07090932 0.11586967
v -0.47833937 -0.07451627 0.11443557
v -0.47937912 -0.07754278 0.10751815
v -0.47846416 -0.08454935 0.10448124
v -0.47942072 -0.08761732 0.09756382
v -0.47551131 -0.09503850 0.10498738
v -0.47176829 -0.10540326 0.10473432
v -0.47409728 -0.10503013 0.09494869
v -0.46153736 -0.13525379 0.09435819
v -0.45941630 -0.13873635 0.09731074
v -0.44735545 -0.16419221 0.09435819
v -0.45737845 -0.14416748 0.09435819
v -0.46012330 -0.14031179 0.09064640
v -0.45014191 -0.16033652 0.09064640
v -0.44822881 -0.16655537 0.08499436
v -0.44386193 -0.17501304 0.08499436
v -0.44061798 -0.18110752 0.08499436
v -0.44165772 -0.18289025 0.07495567
v -0.38089588 -0.29159591 0.07495567
v -0.37282759 -0.30407509 0.07495567
v -0.37885800 -0.29814643 0.06491698
v -0.35947743 -0.32924074 0.05740905
v -0.35623348 -0.33413291 0.05445650
v -0.35070211 -0.34068343 0.05496265
v -0.34080389 -0.35075799 0.05302240
v -0.33527252 -0.35527703 0.05605932
v -0.32895097 -0.35900834 0.06491698
v -0.19923425 -0.41958004 0.12894528
v -0.19553280 -0.41870940 0.13586269
v -0.18991826 -0.41991168 0.13982755
v -0.15930861 -0.42969602 0.14910702
v -0.18596730 -0.42314550 0.13586269
v -0.23429394 -0.40701795 0.11435121
v -0.22838828 -0.40913236 0.11730377
v -0.22169241 -0.41083217 0.12219657
v -0.21254279 -0.41124678 0.13324757
v -0.25845727 -0.39909926 0.09705767
v -0.23920147 -0.40954694 0.09849176
v -0.23720518 -0.40851045 0.10498738
v -0.24760249 -0.40863484 0.08499436
v -0.26881298 -0.39930654 0.07495567
v -0.26382229 -0.40212578 0.07495567
v -0.24094822 -0.41050050 0.09182742
v -0.27467707 -0.39806277 0.06592928
v -0.26997748 -0.39996991 0.06980979
v -0.32396027 -0.36365175 0.06491698
v -0.32042518 -0.37036812 0.05158830
v -0.31564242 -0.37302151 0.05496265
v -0.28399304 -0.39259017 0.06491698
v -0.30782366 -0.37849408 0.05496265
v -0.30911291 -0.37936473 0.04694857
v -0.31006947 -0.38002807 0.04028422
v -0.29081365 -0.39051723 0.05310676
v -0.28594774 -0.39312914 0.05580623
v -0.27742195 -0.39851883 0.05496265
v -0.12466480 -0.44151187 0.15459034
v -0.15560716 -0.43259817 0.14547959
v -0.14749728 -0.43898287 0.13729680
v -0.14450285 -0.43753180 0.14446728
v -0.11256234 -0.45100600 0.14261140
v -0.10245617 -0.45067433 0.15180650
v -0.10503469 -0.45631278 0.13493475
v -0.10549217 -0.45220831 0.14556395
v -0.08203587 -0.46054158 0.14143038
v -0.07442504 -0.46137077 0.14480472
v -0.07072361 -0.46016845 0.15045676
v -0.07442504 -0.45759797 0.15425290
v -0.06943434 -0.45987824 0.15197521
v -0.12042271 -0.14056055 -0.50003362
v -0.12158720 -0.13500503 -0.50037104
v -0.12824148 -0.12501340 -0.49952745
v -0.13502051 -0.11502177 -0.49834645
v -0.16417456 -0.07090932 -0.49092287
v -0.15922543 -0.07090932 -0.49201953
v -0.10253935 -0.15138136 -0.50028670
v -0.10919362 -0.14955716 -0.49986488
v -0.11501610 -0.14760859 -0.49952745
v -0.12503910 -0.15502976 -0.49640620
v -0.06943434 -0.15042780 -0.49994922
v -0.06943434 -0.15507121 -0.49910563
v -0.07500729 -0.15652229 -0.49927437
v -0.08503029 -0.15813920 -0.49961179
v -0.09501170 -0.15780751 -0.49944311
v -0.48012772 -0.07090932 0.11080815
v -0.48083472 -0.07090932 0.10802430
v -0.48412028 -0.07090932 0.09494869
v -0.48312214 -0.07501377 0.09494869
v -0.48021090 -0.09072676 0.09089948
v -0.47813144 -0.09445807 0.09452690
v -0.47912958 -0.09748459 0.08499436
v -0.47617674 -0.10503013 0.08499436
v -0.47031265 -0.12082604 0.08153565
v -0.46806687 -0.12451589 0.08491001
v -0.46357521 -0.13500503 0.08499436
v -0.46070558 -0.14147265 0.08499436
v -0.45400971 -0.15502976 0.08499436
v -0.44926852 -0.16854542 0.07495567
v -0.44594139 -0.17501304 0.07495567
v -0.44793767 -0.17443261 0.06525442
v -0.44203201 -0.18550217 0.06398903
v -0.38018888 -0.30030233 0.05108214
v -0.38181084 -0.29317135 0.06491698
v -0.36014289 -0.33023575 0.05074471
v -0.35677415 -0.33591565 0.04492395
v -0.35178345 -0.34180284 0.04492395
v -0.34171885 -0.35171154 0.04492395
v -0.33161268 -0.36157882 0.04492395
v -0.33065611 -0.36062524 0.05243188
v -0.32508317 -0.36506137 0.05538444
v -0.19553280 -0.42260653 0.12531786
v -0.19257997 -0.42119694 0.13316321
v -0.20164642 -0.42078233 0.12228094
v -0.17507091 -0.42812061 0.13518782
v -0.16887411 -0.42948875 0.13864653
v -0.17174378 -0.43073252 0.13198219
v -0.15435949 -0.43724158 0.13434424
v -0.18467802 -0.42770600 0.12481169
v -0.17839804 -0.42928147 0.12801734
v -0.23046774 -0.41021028 0.11063942
v -0.22501954 -0.41174427 0.11435121
v -0.20834228 -0.41912398 0.11721940
v -0.23550004 -0.41236615 0.09503305
v -0.22460365 -0.41779730 0.09503305
v -0.22501954 -0.41468787 0.10498738
v -0.23221448 -0.41108093 0.10498738
v -0.24261178 -0.41141260 0.08499436
v -0.25072166 -0.41037613 0.07149696
v -0.24552304 -0.41240761 0.07487132
v -0.23500095 -0.41530973 0.08499436
v -0.27114198 -0.40059179 0.06314544
v -0.26598492 -0.40295494 0.06592928
v -0.32633084 -0.36655390 0.04492395
v -0.32134014 -0.37111437 0.04492395
v -0.31402045 -0.37650406 0.04416472
v -0.31572559 -0.37712595 0.03496962
v -0.31073490 -0.38048413 0.03496962
v -0.30499560 -0.38425690 0.03496962
v -0.29310107 -0.39200976 0.03496962
v -0.28661317 -0.39785549 0.02493093
v -0.28166404 -0.40100637 0.02493093
v -0.27975094 -0.39984551 0.03901884
v -0.26502836 -0.40544248 0.05496265
v -0.15057488 -0.44022664 0.13054809
v -0.11921662 -0.44967932 0.13906832
v -0.11555676 -0.45245707 0.13544090
v -0.11501610 -0.45631278 0.12498042
v -0.10985905 -0.45991969 0.11983453
v -0.10594966 -0.45921490 0.12573965
v -0.08523823 -0.46186829 0.13535655
v -0.08869015 -0.45958802 0.13889961
v -0.09954493 -0.45983678 0.12953579
v -0.09289065 -0.46079034 0.13223527
v -0.07500729 -0.46489477 0.13493475
v -0.06943434 -0.46414852 0.14058678
v -0.06943434 -0.46033430 0.15079419
v -0.12424891 -0.14433332 -0.49859953
v -0.13502051 -0.14503813 -0.49590003
v -0.12657791 -0.13500503 -0.49910563
v -0.13502051 -0.12501340 -0.49784029
v -0.14500192 -0.12501340 -0.49505645
v -0.14500192 -0.11502177 -0.49547821
v -0.16675308 -0.07090932 -0.49024796
v -0.10503469 -0.16502139 -0.49682796
v -0.11501610 -0.15502976 -0.49792463
v -0.11501610 -0.16502139 -0.49547821
v -0.12503910 -0.16502139 -0.49353796
v -0.13468780 -0.16506284 -0.49134463
v -0.13502051 -0.15502976 -0.49412847
v -0.06943434 -0.16129008 -0.49784029
v -0.06943434 -0.16502139 -0.49699670
v -0.07500729 -0.16502139 -0.49733412
v -0.08503029 -0.16502139 -0.49767154
v -0.09501170 -0.16502139 -0.49750286
v -0.48536795 -0.07090932 0.08904359
v -0.48524320 -0.07501377 0.08499436
v -0.48283100 -0.08500540 0.08499436
v -0.48079315 -0.09250949 0.08499436
v -0.47971183 -0.09926732 0.07816130
v -0.46881545 -0.12716927 0.07495567
v -0.46544671 -0.13500503 0.07495567
v -0.46166211 -0.14342122 0.07495567
v -0.44980919 -0.16966480 0.06879748
v -0.45084894 -0.17182067 0.05496265
v -0.44831198 -0.17679577 0.05496265
v -0.38397348 -0.29499555 0.04492395
v -0.38060474 -0.30092418 0.04492395
v -0.37731922 -0.30594075 0.04492395
v -0.37232852 -0.31348628 0.04492395
v -0.36895978 -0.31850284 0.04492395
v -0.36060035 -0.33089909 0.04492395
v -0.35773069 -0.33707649 0.03496962
v -0.35273999 -0.34275639 0.03496962
v -0.34774929 -0.34777293 0.03496962
v -0.34275860 -0.35270655 0.03496962
v -0.33265239 -0.36257383 0.03496962
v -0.32749534 -0.36759037 0.03496962
v -0.18779722 -0.42903268 0.11671326
v -0.20501515 -0.42165297 0.11435121
v -0.19407718 -0.42700121 0.11401378
v -0.17507091 -0.43185192 0.12481169
v -0.18114294 -0.43044230 0.12135299
v -0.21549562 -0.42223340 0.09503305
v -0.19894311 -0.42948875 0.09806997
v -0.21911389 -0.41953856 0.09832305
v -0.22776443 -0.41887522 0.08499436
v -0.22277373 -0.42132133 0.08499436
v -0.22098540 -0.42045069 0.09165871
v -0.21212690 -0.42103112 0.10498738
v -0.21042174 -0.42016047 0.11055507
v -0.23470983 -0.41796315 0.07529311
v -0.25687689 -0.40822023 0.06491698
v -0.25188619 -0.41099799 0.06491698
v -0.24502395 -0.41481224 0.06491698
v -0.23762107 -0.41875085 0.06491698
v -0.32250464 -0.37210941 0.03496962
v -0.31676534 -0.37778929 0.02493093
v -0.30499560 -0.38574943 0.02493093
v -0.29430717 -0.39283893 0.02493093
v -0.28773606 -0.39851883 0.01497660
v -0.28274536 -0.40171117 0.01497660
v -0.27500978 -0.40473768 0.02493093
v -0.27500978 -0.40623021 0.01497660
v -0.26777324 -0.40875924 0.02493093
v -0.25342497 -0.41186863 0.05496265
v -0.15290387 -0.44118020 0.12498042
v -0.14500192 -0.44437253 0.12498042
v -0.12899008 -0.44955492 0.12869219
v -0.12229422 -0.45088160 0.13240398
v -0.12503910 -0.45564944 0.11494172
v -0.11942457 -0.45975387 0.10912097
v -0.11272870 -0.46099764 0.11317019
v -0.10503469 -0.46593127 0.10498738
v -0.10594966 -0.46232432 0.11586967
v -0.08523823 -0.46862608 0.11511044
v -0.07837602 -0.46953821 0.11848480
v -0.07504888 -0.46837735 0.12481169
v -0.06943434 -0.46618003 0.13493475
v -0.07172175 -0.47045028 0.12135299
v -0.06943434 -0.47011864 0.12379940
v -0.14595847 -0.14590877 -0.49218822
v -0.14500192 -0.13500503 -0.49421287
v -0.13502051 -0.13500503 -0.49691230
v -0.15581511 -0.12517923 -0.49151337
v -0.15502492 -0.11502177 -0.49227262
v -0.17910507 -0.07090932 -0.48653620
v -0.17473820 -0.07090932 -0.48788595
v -0.10503469 -0.17501304 -0.49395978
v -0.11501610 -0.17501304 -0.49252570
v -0.12008999 -0.18007103 -0.48999488
v -0.12404096 -0.18405110 -0.48780161
v -0.13468780 -0.17455697 -0.48822337
v -0.13780700 -0.16842103 -0.48940438
v -0.14146684 -0.16174613 -0.49050105
v -0.14354630 -0.15502976 -0.49134463
v -0.06943434 -0.17061837 -0.49547821
v -0.06943434 -0.17501304 -0.49421287
v -0.07500729 -0.17501304 -0.49438155
v -0.08503029 -0.17501304 -0.49446595
v -0.09501170 -0.17501304 -0.49438155
v -0.48619974 -0.07090932 0.08499436
v -0.48715627 -0.07090932 0.07908925
v -0.48453617 -0.08500540 0.07495567
v -0.48316371 -0.09503850 0.06491698
v -0.48145857 -0.09557746 0.07487132
v -0.48021090 -0.10059401 0.07149696
v -0.47817302 -0.10436679 0.07487132
v -0.47002155 -0.13007140 0.06010853
v -0.46765095 -0.13405147 0.06407340
v -0.46216118 -0.14574294 0.06508569
v -0.45226294 -0.16580912 0.06525442
v -0.46028966 -0.15063509 0.06179571
v -0.45421764 -0.16502139 0.05496265
v -0.45538214 -0.16502139 0.04492395
v -0.45143116 -0.17298153 0.04492395
v -0.44893581 -0.17799808 0.04492395
v -0.38509640 -0.29499555 0.03496962
v -0.38118702 -0.30187777 0.03496962
v -0.37794304 -0.30689430 0.03496962
v -0.36958361 -0.31937349 0.03665680
v -0.36134896 -0.33205995 0.03496962
v -0.35839611 -0.33790568 0.02493093
v -0.35340542 -0.34346119 0.02493093
v -0.34841472 -0.34843630 0.02493093
v -0.32820237 -0.36825371 0.02493093
v -0.19008462 -0.43002772 0.11004892
v -0.16924843 -0.43964621 0.10878353
v -0.20501515 -0.42451364 0.10498738
v -0.19678047 -0.42845225 0.10498738
v -0.19174819 -0.43077397 0.10498738
v -0.16259415 -0.44109729 0.11325455
v -0.15997404 -0.43993643 0.11991888
v -0.20077305 -0.43035939 0.09140563
v -0.16138807 -0.45063287 0.08221053
v -0.18501073 -0.43380049 0.10498738
v -0.23113316 -0.42053360 0.07208748
v -0.22564340 -0.42239925 0.07529311
v -0.21503815 -0.42509407 0.08499436
v -0.24402581 -0.41717541 0.05403470
v -0.23899353 -0.41945565 0.05673417
v -0.22414617 -0.42745727 0.05428778
v -0.23263037 -0.42127985 0.06491698
v -0.32321167 -0.37277275 0.02493093
v -0.29988012 -0.38993680 0.01944761
v -0.31755552 -0.37828681 0.01497660
v -0.30037919 -0.39026847 0.01278327
v -0.28844309 -0.39893341 0.00493791
v -0.28345239 -0.40220869 0.00493791
v -0.29592913 -0.39296332 0.01565146
v -0.27417800 -0.40768129 0.00502227
v -0.26906252 -0.40946400 0.01497660
v -0.26976952 -0.40983716 0.00839662
v -0.25500536 -0.41568288 0.02493093
v -0.24718660 -0.41841918 0.03496962
v -0.24003325 -0.41999462 0.05006984
v -0.26132691 -0.41070777 0.03496962
v -0.15598147 -0.44292149 0.11595403
v -0.14787158 -0.44914034 0.10718071
v -0.14471079 -0.44789657 0.11477301
v -0.11563994 -0.46224141 0.10549355
v -0.15045011 -0.45017684 0.10051638
v -0.12516387 -0.46170244 0.09477998
v -0.10869455 -0.46957964 0.08853742
v -0.08203587 -0.47057468 0.11182044
v -0.09871314 -0.46957964 0.09866048
v -0.09201728 -0.47057468 0.10195048
v -0.07504888 -0.47152823 0.11511044
v -0.07500729 -0.47451329 0.10498738
v -0.06943434 -0.47575706 0.10498738
v -0.06943434 -0.47281349 0.11502609
v -0.06943434 -0.47069907 0.12202786
v -0.15178096 -0.14317247 -0.49066979
v -0.15356930 -0.13500503 -0.49134463
v -0.15968291 -0.12862034 -0.48982620
v -0.16043152 -0.12194543 -0.49016362
v -0.18501073 -0.07090932 -0.48459595
v -0.09501170 -0.18342921 -0.49134463
v -0.10503469 -0.18276587 -0.49109155
v -0.11501610 -0.18624844 -0.48872954
v -0.11501610 -0.18123189 -0.49050105
v -0.12503910 -0.19503775 -0.48349929
v -0.13502051 -0.18500465 -0.48459595
v -0.14500192 -0.17501304 -0.48518646
v -0.14487715 -0.16506284 -0.48830771
v -0.15502492 -0.16502139 -0.48442721
v -0.14853701 -0.15502976 -0.48940438
v -0.15506651 -0.14590877 -0.48881388
v -0.06943434 -0.17994666 -0.49261004
v -0.07500729 -0.18927494 -0.48974186
v -0.08503029 -0.18409255 -0.49142903
v -0.08503029 -0.18910912 -0.48965746
v -0.48778015 -0.07090932 0.07512438
v -0.48686516 -0.07501377 0.07495567
v -0.48919415 -0.07090932 0.06584492
v -0.48603338 -0.08500540 0.06491698
v -0.48070997 -0.10179633 0.06491698
v -0.48732266 -0.08500540 0.05496265
v -0.48441142 -0.09503850 0.05496265
v -0.48133379 -0.10337177 0.05496265
v -0.47268325 -0.12501340 0.05496265
v -0.47031265 -0.13090059 0.05496265
v -0.46823323 -0.13587567 0.05496265
v -0.46403271 -0.14503813 0.05496265
v -0.46078873 -0.15167157 0.05496265
v -0.46511400 -0.14503813 0.04492395
v -0.46590421 -0.14503813 0.03496962
v -0.45929152 -0.15859523 0.03496962
v -0.45184708 -0.17381072 0.03496962
v -0.44935173 -0.17878580 0.03496962
v -0.38613611 -0.29499555 0.02493093
v -0.38168609 -0.30270693 0.02493093
v -0.37848371 -0.30768204 0.02493093
v -0.36999953 -0.31999537 0.02999245
v -0.36193120 -0.33293059 0.02493093
v -0.35877043 -0.33840320 0.01497660
v -0.35377973 -0.34387580 0.01497660
v -0.34883061 -0.34885088 0.01497660
v -0.32874301 -0.36875123 0.01497660
v -0.17490456 -0.43819517 0.10524046
v -0.16554698 -0.44229960 0.10524046
v -0.15427631 -0.44739908 0.10431252
v -0.20746890 -0.42874247 0.08499436
v -0.20247820 -0.43114710 0.08499436
v -0.19050051 -0.44018519 0.07082209
v -0.19503373 -0.43458819 0.08499436
v -0.15560716 -0.45224977 0.08533180
v -0.15930861 -0.44967932 0.08887486
v -0.17145266 -0.44059977 0.10211919
v -0.16841665 -0.44922328 0.07495567
v -0.16338435 -0.45150352 0.07495567
v -0.15502492 -0.45515192 0.07495567
v -0.22501954 -0.42505264 0.06491698
v -0.21745032 -0.42874247 0.06491698
v -0.21087922 -0.43040085 0.07166567
v -0.20921566 -0.42957166 0.07833003
v -0.20551422 -0.43218356 0.07495567
v -0.23541684 -0.42173588 0.05403470
v -0.20027398 -0.44010228 0.05057599
v -0.21903071 -0.42953020 0.05715598
v -0.20547262 -0.44184354 0.02417170
v -0.20285250 -0.44142896 0.03496962
v -0.20123053 -0.44059977 0.04492395
v -0.32375231 -0.37327027 0.01497660
v -0.30420539 -0.38736635 0.01565146
v -0.31813776 -0.37865993 0.00493791
v -0.31314707 -0.38214248 0.00493791
v -0.29497260 -0.39449731 0.00493791
v -0.28890055 -0.39922363 -0.00501642
v -0.28390986 -0.40254036 -0.00501642
v -0.27571678 -0.40755689 -0.00501642
v -0.26590174 -0.41228324 0.00502227
v -0.27072608 -0.41037613 -0.00501642
v -0.27026859 -0.41012737 0.00173227
v -0.26407182 -0.41215885 0.01497660
v -0.24947400 -0.41970441 0.01759172
v -0.25026420 -0.42011899 0.01092738
v -0.25587875 -0.41775584 0.00493791
v -0.24352674 -0.42186028 0.02493093
v -0.24219589 -0.42111403 0.03496962
v -0.21013062 -0.44006079 0.02037556
v -0.11501610 -0.46551669 0.09494869
v -0.15731233 -0.44885013 0.09494869
v -0.14408696 -0.45730776 0.08406642
v -0.14009440 -0.46000260 0.08010155
v -0.12503910 -0.46456313 0.08499436
v -0.11489134 -0.46837735 0.08507872
v -0.11148103 -0.47049177 0.08187309
v -0.10520105 -0.47144532 0.08507872
v -0.07001659 -0.47998589 0.08997153
v -0.10199869 -0.47053322 0.09199615
v -0.08503029 -0.47447181 0.09494869
v -0.07500729 -0.47724956 0.09494869
v -0.06943434 -0.47986150 0.09073076
v -0.16500634 -0.14503813 -0.48493338
v -0.15860158 -0.13500503 -0.48940438
v -0.16500634 -0.13500503 -0.48662055
v -0.19856882 -0.07090932 -0.47936571
v -0.19632301 -0.07090932 -0.48029363
v -0.19386923 -0.07090932 -0.48130596
v -0.18912807 -0.07090932 -0.48316187
v -0.09501170 -0.19503775 -0.48670495
v -0.10503469 -0.19503775 -0.48603004
v -0.11501610 -0.19503775 -0.48518646
v -0.12503910 -0.20129807 -0.48063111
v -0.13036253 -0.20026159 -0.48004055
v -0.13423032 -0.19458170 -0.48113722
v -0.14109254 -0.19097477 -0.48037803
v -0.14466920 -0.18483883 -0.48155904
v -0.15140666 -0.18135627 -0.48054671
v -0.15485856 -0.17447406 -0.48155904
v -0.16051470 -0.17082566 -0.48020929
v -0.16234462 -0.16502139 -0.48105288
v -0.17128630 -0.15216908 -0.48063111
v -0.16558859 -0.15531997 -0.48231828
v -0.15502492 -0.15502976 -0.48687363
v -0.06943434 -0.18400964 -0.49126029
v -0.06943434 -0.18678740 -0.49033237
v -0.06943434 -0.18898472 -0.48957312
v -0.06943434 -0.19250876 -0.48830771
v -0.06943434 -0.20063472 -0.48510212
v -0.07500729 -0.19503775 -0.48737979
v -0.08503029 -0.19503775 -0.48721105
v -0.48981801 -0.07090932 0.06103648
v -0.48865351 -0.07418460 0.06424211
v -0.49189746 -0.07090932 0.04458652
v -0.49302036 -0.07090932 0.03496962
v -0.49198064 -0.07501377 0.03496962
v -0.48865351 -0.08417623 0.04424909
v -0.48902780 -0.08633210 0.03496962
v -0.48540956 -0.09503850 0.04492395
v -0.48145857 -0.10561056 0.04416472
v -0.47971183 -0.10934187 0.04703292
v -0.47085333 -0.13214436 0.04492395
v -0.46877387 -0.13716091 0.04492395
v -0.46914816 -0.13811447 0.03496962
v -0.46943930 -0.13881926 0.02493093
v -0.46648645 -0.14503813 0.02493093
v -0.45962423 -0.15925857 0.02493093
v -0.45217979 -0.17447406 0.02493093
v -0.44968444 -0.17944914 0.02493093
v -0.38684314 -0.29499555 0.01497660
v -0.38210195 -0.30328736 0.01497660
v -0.37020746 -0.32032704 0.02493093
v -0.37885800 -0.30830392 0.01497660
v -0.37444955 -0.31497881 0.01497660
v -0.36226392 -0.33338663 0.01497660
v -0.35906154 -0.33877632 0.00493791
v -0.35407084 -0.34424892 0.00493791
v -0.34920490 -0.34922400 0.00493791
v -0.33918190 -0.35917419 0.00493791
v -0.32911733 -0.36912435 0.00493791
v -0.32412663 -0.37368485 0.00493791
v -0.19690526 -0.43856829 0.06491698
v -0.19191454 -0.44084853 0.06491698
v -0.16978909 -0.44988662 0.06947236
v -0.16587970 -0.45245707 0.06567621
v -0.15427631 -0.45780528 0.06449519
v -0.14870337 -0.45946366 0.06744774
v -0.14658232 -0.45859301 0.07495567
v -0.21245961 -0.43114710 0.06491698
v -0.20501515 -0.43471259 0.06491698
v -0.17964573 -0.44980368 0.04888882
v -0.18501073 -0.44611382 0.05496265
v -0.19873518 -0.43939745 0.05724034
v -0.19503373 -0.44520172 0.03496962
v -0.19503373 -0.44350189 0.04492395
v -0.19503373 -0.44681865 0.02493093
v -0.20501515 -0.44329461 0.01497660
v -0.31855366 -0.37895015 -0.00501642
v -0.30620167 -0.38740781 -0.00501642
v -0.29497260 -0.39507774 -0.00501642
v -0.31389567 -0.38264000 -0.01505512
v -0.30653438 -0.38765657 -0.01505512
v -0.28919169 -0.39947239 -0.01505512
v -0.28420100 -0.40278912 -0.01505512
v -0.27617428 -0.40780565 -0.01505512
v -0.25176141 -0.42094818 -0.00501642
v -0.24502395 -0.42463803 -0.00501642
v -0.24502395 -0.42530137 -0.01505512
v -0.26502836 -0.41356847 -0.00501642
v -0.27118355 -0.41062486 -0.01505512
v -0.22984390 -0.42990333 0.01919454
v -0.24568939 -0.42210904 0.01455481
v -0.25088802 -0.42045069 0.00493791
v -0.24502395 -0.42360157 0.00493791
v -0.23645657 -0.42812061 0.00493791
v -0.23250560 -0.43127149 -0.00501642
v -0.21071286 -0.44035101 0.01497660
v -0.14159161 -0.46058303 0.07495567
v -0.13502051 -0.46319497 0.07495567
v -0.12412414 -0.46763110 0.07419644
v -0.11813530 -0.46928945 0.07698028
v -0.11489134 -0.47107220 0.07419644
v -0.11501610 -0.47306222 0.06491698
v -0.10503469 -0.47613019 0.06491698
v -0.10503469 -0.47389141 0.07495567
v -0.06943434 -0.48019320 0.08938102
v -0.07280307 -0.48073214 0.08330719
v -0.07500729 -0.48404887 0.06491698
v -0.06943434 -0.48525119 0.06491698
v -0.17286669 -0.14503813 -0.48139030
v -0.17552841 -0.13454898 -0.48181212
v -0.18026957 -0.13085912 -0.48012495
v -0.20468244 -0.07090932 -0.47658187
v -0.08503029 -0.20502940 -0.48307747
v -0.09322336 -0.21066782 -0.48029363
v -0.09592666 -0.20602441 -0.48206520
v -0.10503469 -0.20436604 -0.48198080
v -0.09987764 -0.21000448 -0.47995621
v -0.11501610 -0.20295644 -0.48147470
v -0.11501610 -0.20797297 -0.47894388
v -0.12503910 -0.20631462 -0.47801596
v -0.13701680 -0.19760822 -0.47894388
v -0.13502051 -0.21327974 -0.47194213
v -0.13423032 -0.20415875 -0.47691929
v -0.14466920 -0.19458170 -0.47742546
v -0.14774682 -0.18803117 -0.47911263
v -0.15485856 -0.18483883 -0.47767854
v -0.15806094 -0.17745912 -0.47911263
v -0.16929002 -0.15884399 -0.47961879
v -0.16429931 -0.17447406 -0.47717237
v -0.17502934 -0.16502139 -0.47489470
v -0.18239062 -0.16502139 -0.47118288
v -0.18929443 -0.15818065 -0.46958011
v -0.17785740 -0.14503813 -0.47877520
v -0.06943434 -0.20502940 -0.48324621
v -0.07500729 -0.20502940 -0.48324621
v -0.49372739 -0.07090932 0.02493093
v -0.48628291 -0.09503850 0.03496962
v -0.49264607 -0.07501377 0.02493093
v -0.49064979 -0.08243494 0.02493093
v -0.48927736 -0.08745149 0.02493093
v -0.48249829 -0.10503013 0.03496962
v -0.48025250 -0.11071002 0.03496962
v -0.48000294 -0.11012959 0.04036858
v -0.47455478 -0.12501340 0.03496962
v -0.47126922 -0.13309792 0.03496962
v -0.47156036 -0.13380273 0.02493093
v -0.46960565 -0.13919240 0.01497660
v -0.46686077 -0.14503813 0.01497660
v -0.45721209 -0.16502139 0.01497660
v -0.45238772 -0.17488864 0.01497660
v -0.44989237 -0.17986374 0.01497660
v -0.38784128 -0.29408345 0.00502227
v -0.38235152 -0.30374342 0.00493791
v -0.37914914 -0.30875996 0.00493791
v -0.37503180 -0.31497881 0.00493791
v -0.36750415 -0.32629713 0.00493791
v -0.36251345 -0.33375978 0.00493791
v -0.36263824 -0.33392560 -0.00501642
v -0.35918632 -0.33890069 -0.00501642
v -0.35419559 -0.34441474 -0.00501642
v -0.34941286 -0.34943131 -0.00501642
v -0.32932526 -0.36933166 -0.00501642
v -0.32433456 -0.37393361 -0.00501642
v -0.31888637 -0.37919891 -0.01505512
v -0.17482138 -0.44843554 0.06567621
v -0.16500634 -0.45515192 0.05496265
v -0.15693802 -0.45867592 0.05496265
v -0.15045011 -0.46016845 0.06078340
v -0.12874055 -0.46949673 0.05732469
v -0.12171197 -0.47065759 0.06491698
v -0.15880954 -0.45946366 0.04686420
v -0.17823169 -0.44918180 0.05496265
v -0.18455327 -0.44818678 0.04534575
v -0.18089341 -0.45038411 0.04222447
v -0.16404977 -0.45759797 0.04408037
v -0.18725654 -0.44872576 0.03496962
v -0.18904489 -0.44955492 0.02493093
v -0.19445148 -0.44831115 0.01573583
v -0.18991826 -0.44992805 0.01953197
v -0.20501515 -0.44433111 0.00493791
v -0.19669729 -0.44843554 0.00493791
v -0.31406203 -0.38272291 -0.02500945
v -0.29497260 -0.39569962 -0.02500945
v -0.28432575 -0.40291348 -0.02500945
v -0.27642381 -0.40788859 -0.02500945
v -0.27143309 -0.41074926 -0.02500945
v -0.24502395 -0.42604762 -0.03504814
v -0.23903511 -0.42944729 -0.03504814
v -0.24502395 -0.42575744 -0.02500945
v -0.23824492 -0.42903268 -0.01505512
v -0.23749632 -0.42865956 -0.00501642
v -0.23878558 -0.42928147 -0.02500945
v -0.23325421 -0.43168607 -0.01505512
v -0.22501954 -0.43591490 -0.01505512
v -0.21774143 -0.43881702 -0.00501642
v -0.12021476 -0.47003570 0.07031594
v -0.11501610 -0.47513518 0.05496265
v -0.10432768 -0.47845191 0.05445650
v -0.09825566 -0.47952983 0.05740905
v -0.09155980 -0.48040047 0.06179571
v -0.09497011 -0.47878358 0.06508569
v -0.07571431 -0.48164424 0.07554619
v -0.07500729 -0.48595598 0.05496265
v -0.06943434 -0.48715830 0.05496265
v -0.17922984 -0.13753404 -0.47953445
v -0.21932183 -0.07090932 -0.46958011
v -0.21453908 -0.07090932 -0.47202647
v -0.08503029 -0.21108241 -0.48046237
v -0.08503029 -0.21605751 -0.47793162
v -0.07500729 -0.22501266 -0.47379804
v -0.08503029 -0.22501266 -0.47320753
v -0.09131026 -0.23019505 -0.47008622
v -0.09796454 -0.22978045 -0.46983320
v -0.09592666 -0.21439913 -0.47810030
v -0.10503469 -0.20934114 -0.47961879
v -0.10503469 -0.22393472 -0.47211087
v -0.10503469 -0.21502101 -0.47675061
v -0.11501610 -0.21502101 -0.47523212
v -0.11501610 -0.22231781 -0.47126728
v -0.12537181 -0.21576729 -0.47278571
v -0.14188273 -0.21145555 -0.47076112
v -0.14512669 -0.20523667 -0.47244829
v -0.11996523 -0.24002084 -0.45996320
v -0.12503910 -0.23885998 -0.45928830
v -0.12503910 -0.24503738 -0.45557654
v -0.14059347 -0.23031941 -0.46013188
v -0.14728934 -0.22857814 -0.45911962
v -0.15535763 -0.19545235 -0.47278571
v -0.16251098 -0.19238438 -0.47109854
v -0.16916525 -0.18898472 -0.46958011
v -0.16550541 -0.18537779 -0.47270137
v -0.17161901 -0.18230982 -0.47084546
v -0.18056069 -0.17082566 -0.47025496
v -0.18738133 -0.16502139 -0.46848345
v -0.19952537 -0.16904292 -0.45962578
v -0.20106417 -0.16236801 -0.46063805
v -0.20264456 -0.15502976 -0.46173471
v -0.20551422 -0.14478937 -0.46266270
v -0.21179418 -0.13500503 -0.46114421
v -0.20501515 -0.13500503 -0.46536213
v -0.19678047 -0.14503813 -0.46806163
v -0.19861040 -0.13500503 -0.46915829
v -0.19058369 -0.15154719 -0.47025496
v -0.18501073 -0.14503813 -0.47481036
v -0.06943434 -0.20855340 -0.48172778
v -0.06943434 -0.21128970 -0.48054671
v -0.49397692 -0.07090932 0.01497660
v -0.48669881 -0.09503850 0.02493093
v -0.49285400 -0.07501377 0.01497660
v -0.49073297 -0.08268370 0.01497660
v -0.48940212 -0.08790754 0.00493791
v -0.48291421 -0.10503013 0.02493093
v -0.47850573 -0.11630699 0.02493093
v -0.47509542 -0.12501340 0.02493093
v -0.47172672 -0.13417585 0.01497660
v -0.46973044 -0.13944115 0.00493791
v -0.46706870 -0.14503813 0.00493791
v -0.46187007 -0.15594186 0.00400996
v -0.45991537 -0.15988047 0.00670944
v -0.45796067 -0.16402638 0.00400996
v -0.45205501 -0.17600805 0.00561278
v -0.44997555 -0.17998812 0.00932456
v -0.38755015 -0.29532722 -0.00501642
v -0.38255945 -0.30399215 -0.00501642
v -0.37931550 -0.30900872 -0.00501642
v -0.37532294 -0.31497881 -0.00501642
v -0.37931550 -0.30900872 -0.01505512
v -0.37927389 -0.30892581 -0.02500945
v -0.36758733 -0.32642153 -0.01505512
v -0.36255503 -0.33384269 -0.01505512
v -0.35914472 -0.33881778 -0.01505512
v -0.35415402 -0.34449768 -0.01505512
v -0.34949604 -0.34947276 -0.02500945
v -0.34945443 -0.34947276 -0.01505512
v -0.32949162 -0.36949748 -0.01505512
v -0.32450092 -0.37418234 -0.01505512
v -0.31905273 -0.37928182 -0.02500945
v -0.15194732 -0.46074888 0.05496265
v -0.13036253 -0.47011864 0.05066035
v -0.12524705 -0.47140384 0.05437213
v -0.16009881 -0.46000260 0.04019987
v -0.15502492 -0.46294621 0.03496962
v -0.15527445 -0.46137077 0.04408037
v -0.18226585 -0.45096454 0.03496962
v -0.16604605 -0.45821989 0.03496962
v -0.16770962 -0.45896614 0.02493093
v -0.19170660 -0.45075727 0.00493791
v -0.19075005 -0.45030120 0.01286763
v -0.18596730 -0.45208395 0.01573583
v -0.16400819 -0.46174389 0.01497660
v -0.16271892 -0.46116346 0.02493093
v -0.20501515 -0.44528466 -0.00501642
v -0.19769543 -0.44889158 -0.00501642
v -0.31406203 -0.38272291 -0.03504814
v -0.30670074 -0.38773948 -0.03504814
v -0.28935805 -0.39955530 -0.03504814
v -0.28436735 -0.40295494 -0.03504814
v -0.27659017 -0.40793002 -0.03504814
v -0.27159947 -0.41087362 -0.03504814
v -0.27155787 -0.41087362 -0.04500248
v -0.26502836 -0.41456348 -0.04500248
v -0.27134991 -0.41079071 -0.05504117
v -0.23886876 -0.42932290 -0.04500248
v -0.23387805 -0.43205923 -0.04500248
v -0.23404440 -0.43210065 -0.03504814
v -0.23379487 -0.43197629 -0.02500945
v -0.22501954 -0.43645388 -0.02500945
v -0.21349934 -0.44171917 -0.01505512
v -0.12503910 -0.47314513 0.04492395
v -0.11501610 -0.47687644 0.04492395
v -0.11114831 -0.48040047 0.03235450
v -0.10940157 -0.47982004 0.03901884
v -0.10744688 -0.47932255 0.04492395
v -0.10054307 -0.48011026 0.05074471
v -0.08503029 -0.48338553 0.05496265
v -0.07500729 -0.48765582 0.04492395
v -0.06943434 -0.48989460 0.03969371
v -0.19969173 -0.12895201 -0.46974880
v -0.19582394 -0.12538654 -0.47261703
v -0.23104998 -0.08305684 -0.46055371
v -0.22501954 -0.07501377 -0.46553087
v -0.23233925 -0.07501377 -0.46131295
v -0.22472842 -0.07090932 -0.46645880
v -0.06943434 -0.21406746 -0.47928137
v -0.06943434 -0.21626478 -0.47826904
v -0.07500729 -0.21622333 -0.47818470
v -0.06943434 -0.22115695 -0.47590697
v -0.06943434 -0.22870252 -0.47211087
v -0.06943434 -0.23637244 -0.46797729
v -0.07500729 -0.23612368 -0.46780854
v -0.08503029 -0.23056817 -0.47025496
v -0.06943434 -0.24536905 -0.46300012
v -0.10503469 -0.24209379 -0.46122855
v -0.10503469 -0.23500429 -0.46561521
v -0.10503469 -0.22895128 -0.46932703
v -0.06943434 -0.24843702 -0.46122855
v -0.07126427 -0.25021976 -0.46004754
v -0.07791854 -0.24972226 -0.45979446
v -0.08503029 -0.25502902 -0.45574528
v -0.08503029 -0.26211852 -0.45135862
v -0.09501170 -0.25502902 -0.45447987
v -0.10503469 -0.24711034 -0.45810729
v -0.12229422 -0.22090821 -0.47050804
v -0.11331095 -0.24109878 -0.46063805
v -0.15223844 -0.22190323 -0.46097547
v -0.14853701 -0.20871925 -0.46932703
v -0.11601424 -0.24466425 -0.45785421
v -0.11501610 -0.25353649 -0.45237088
v -0.12503910 -0.25187814 -0.45118988
v -0.13472939 -0.24541052 -0.45253962
v -0.13119431 -0.25059289 -0.45034629
v -0.14500192 -0.24213526 -0.45127422
v -0.15094918 -0.24051835 -0.45026195
v -0.15760344 -0.23848686 -0.44908088
v -0.15893430 -0.19905928 -0.46949571
v -0.16550541 -0.19545235 -0.46823037
v -0.17498773 -0.18537779 -0.46772420
v -0.17270033 -0.20266622 -0.46131295
v -0.17935461 -0.19918366 -0.45962578
v -0.18434530 -0.17451552 -0.46662754
v -0.19266315 -0.17501304 -0.46156603
v -0.19765386 -0.17501304 -0.45852911
v -0.20563897 -0.17526178 -0.45329887
v -0.21100399 -0.17211089 -0.45068371
v -0.20464084 -0.16543598 -0.45726371
v -0.20763525 -0.15502976 -0.45836037
v -0.22210830 -0.14503813 -0.45144296
v -0.20913246 -0.14794026 -0.45937270
v -0.21054651 -0.14126535 -0.46030062
v -0.21366569 -0.12501340 -0.46224087
v -0.21682647 -0.13500503 -0.45776987
v -0.24689546 -0.09503850 -0.44789988
v -0.24190477 -0.09503850 -0.45110554
v -0.22992708 -0.08973174 -0.45987886
v -0.49406010 -0.07090932 0.00907148
v -0.48682356 -0.09503850 0.01497660
v -0.49310356 -0.07501377 -0.00501642
v -0.49085772 -0.08313975 -0.00501642
v -0.48944372 -0.08811484 -0.00501642
v -0.48694834 -0.09503850 0.00493791
v -0.48303896 -0.10503013 0.01497660
v -0.47555292 -0.12501340 0.00493791
v -0.47534496 -0.12501340 0.01497660
v -0.47180986 -0.13442461 0.00493791
v -0.45999855 -0.16000485 -0.00012362
v -0.45999855 -0.16000485 0.00004510
v -0.47180986 -0.13442461 -0.00501642
v -0.46973044 -0.13939969 -0.00501642
v -0.45255408 -0.17501304 -0.00501642
v -0.45001715 -0.18011250 0.00266022
v -0.38755015 -0.29536867 -0.01505512
v -0.38255945 -0.30403364 -0.01505512
v -0.38251787 -0.30395070 -0.02500945
v -0.37906596 -0.30863559 -0.03504814
v -0.36247188 -0.33367684 -0.02500945
v -0.35901996 -0.33865196 -0.02500945
v -0.35402924 -0.34449768 -0.02500945
v -0.34932968 -0.34934837 -0.03504814
v -0.33951461 -0.35950586 -0.02500945
v -0.32949162 -0.36949748 -0.02500945
v -0.32450092 -0.37426528 -0.02500945
v -0.31905273 -0.37924036 -0.03504814
v -0.14500192 -0.46530938 0.04492395
v -0.13660091 -0.46862608 0.04492395
v -0.13868037 -0.46945530 0.03496962
v -0.16105536 -0.46041721 0.03496962
v -0.15502492 -0.46439728 0.02493093
v -0.13980328 -0.46991134 0.02914887
v -0.14500192 -0.46696773 0.03496962
v -0.19270474 -0.45117182 -0.00501642
v -0.18501073 -0.45453000 -0.00501642
v -0.17057928 -0.46020991 0.00206971
v -0.15502492 -0.46655315 0.00493791
v -0.15502492 -0.46551669 0.01497660
v -0.20501515 -0.44590652 -0.01505512
v -0.19827768 -0.44914034 -0.01505512
v -0.19324540 -0.45146203 -0.01505512
v -0.31385410 -0.38268146 -0.04500248
v -0.30661756 -0.38769799 -0.04500248
v -0.28424257 -0.40287203 -0.04500248
v -0.27654856 -0.40784711 -0.04500248
v -0.27634063 -0.40768129 -0.05504117
v -0.27101719 -0.41058344 -0.06507986
v -0.26502836 -0.41398305 -0.06507986
v -0.23350374 -0.43189338 -0.05504117
v -0.22501954 -0.43612218 -0.05504117
v -0.22501954 -0.43645388 -0.04500248
v -0.22501954 -0.43666118 -0.03504814
v -0.21894753 -0.43943894 -0.02500945
v -0.12503910 -0.47476202 0.03496962
v -0.12503910 -0.47600579 0.02493093
v -0.11726193 -0.47894943 0.02493093
v -0.11227122 -0.48081505 0.02493093
v -0.10503469 -0.48288801 0.02493093
v -0.08503029 -0.48794603 0.02493093
v -0.08503029 -0.48666078 0.03496962
v -0.10565853 -0.48139548 0.03539142
v -0.10245617 -0.48060775 0.04492395
v -0.08503029 -0.48508537 0.04492395
v -0.07496570 -0.48910689 0.03564449
v -0.07155539 -0.49035066 0.03269193
v -0.06943434 -0.49064088 0.03378860
v -0.23732996 -0.07501377 -0.45836037
v -0.23495936 -0.07090932 -0.46046937
v -0.06943434 -0.25030267 -0.46013188
v -0.06943434 -0.25494611 -0.45726371
v -0.07475775 -0.25411692 -0.45734805
v -0.07500729 -0.26294771 -0.45178038
v -0.06943434 -0.26614004 -0.45026195
v -0.07500729 -0.26792279 -0.44857478
v -0.08503029 -0.26709360 -0.44798428
v -0.09501170 -0.26108205 -0.45068371
v -0.10474357 -0.25569236 -0.45262396
v -0.15535763 -0.22513703 -0.45776987
v -0.15889272 -0.21900108 -0.45945704
v -0.10120849 -0.26033577 -0.45017755
v -0.10790436 -0.25950658 -0.44958705
v -0.11501610 -0.25855303 -0.44891220
v -0.12503910 -0.26419148 -0.44292271
v -0.12503910 -0.25689468 -0.44789988
v -0.13789017 -0.24897599 -0.44924963
v -0.13472939 -0.25436568 -0.44680321
v -0.14500192 -0.24711034 -0.44806862
v -0.15456744 -0.24433258 -0.44646579
v -0.16051470 -0.25030267 -0.44013888
v -0.16716897 -0.24806389 -0.43878913
v -0.16434091 -0.24483009 -0.44207913
v -0.16525587 -0.23508722 -0.44756246
v -0.16205350 -0.23181194 -0.45093679
v -0.16259415 -0.21232618 -0.46114421
v -0.16924843 -0.20934114 -0.45962578
v -0.18172519 -0.19250876 -0.46097547
v -0.19066687 -0.18098313 -0.46038496
v -0.17561159 -0.20560981 -0.45836037
v -0.18255697 -0.21253347 -0.45135862
v -0.18925284 -0.20900947 -0.44950271
v -0.19162342 -0.20237601 -0.45093679
v -0.18505234 -0.19549380 -0.45776987
v -0.18837947 -0.18765804 -0.45903522
v -0.19440991 -0.18459007 -0.45667320
v -0.20060669 -0.19089185 -0.45034629
v -0.20247820 -0.18500465 -0.45152730
v -0.20938201 -0.17878580 -0.44950271
v -0.21462226 -0.17526178 -0.44688761
v -0.22443730 -0.15494685 -0.44655013
v -0.21919706 -0.15822211 -0.44933397
v -0.21262597 -0.16502139 -0.45186478
v -0.22073586 -0.15154719 -0.45043063
v -0.22880417 -0.13695361 -0.44908088
v -0.22526908 -0.13417585 -0.45228654
v -0.21433112 -0.14478937 -0.45675755
v -0.24365151 -0.08500540 -0.45228654
v -0.23466824 -0.08583459 -0.45776987
v -0.23807856 -0.11502177 -0.44865912
v -0.24868381 -0.08500540 -0.44908088
v -0.26012084 -0.09027071 -0.44005454
v -0.49418485 -0.07090932 -0.00096720
v -0.49422646 -0.07090932 -0.00501642
v -0.49426806 -0.07090932 -0.01092154
v -0.48948529 -0.08823921 -0.01505512
v -0.48715627 -0.09503850 -0.01505512
v -0.48316371 -0.10503013 0.00493791
v -0.48328850 -0.10503013 -0.01505512
v -0.47551131 -0.12501340 -0.00501642
v -0.45796067 -0.16402638 -0.00408848
v -0.45001715 -0.18007103 -0.01066846
v -0.46681917 -0.14503813 -0.01505512
v -0.47538656 -0.12501340 -0.01505512
v -0.47172672 -0.13417585 -0.01505512
v -0.46960565 -0.13915095 -0.01505512
v -0.45001715 -0.18011250 -0.00501642
v -0.38750857 -0.29528576 -0.02500945
v -0.38779968 -0.29408345 -0.03538558
v -0.38230991 -0.30361903 -0.03504814
v -0.35881200 -0.33832026 -0.03504814
v -0.37869164 -0.30805516 -0.04500248
v -0.37008268 -0.32011974 -0.05090759
v -0.36193120 -0.33284768 -0.04500248
v -0.35852090 -0.33786422 -0.04500248
v -0.35353017 -0.34412456 -0.04500248
v -0.35382131 -0.34433183 -0.03504814
v -0.33435756 -0.36435658 -0.03504814
v -0.34912172 -0.34909964 -0.04500248
v -0.34413102 -0.35411617 -0.04500248
v -0.32932526 -0.36933166 -0.03504814
v -0.32433456 -0.37426528 -0.03504814
v -0.31884480 -0.37907451 -0.04500248
v -0.14674868 -0.46875048 0.01497660
v -0.14816271 -0.46928945 0.00493791
v -0.17615223 -0.45834425 -0.00501642
v -0.18501073 -0.45502752 -0.01505512
v -0.15502492 -0.46734089 -0.00501642
v -0.14928561 -0.46970403 -0.00501642
v -0.21395682 -0.44188499 -0.02500945
v -0.19856882 -0.44930619 -0.02500945
v -0.19357811 -0.45162788 -0.02500945
v -0.18501073 -0.45540065 -0.02500945
v -0.31343821 -0.38247418 -0.05504117
v -0.30632645 -0.38749072 -0.05504117
v -0.30133575 -0.39089036 -0.05504117
v -0.29497260 -0.39520210 -0.05504117
v -0.28395146 -0.40266472 -0.05504117
v -0.27604949 -0.40739107 -0.06507986
v -0.27043495 -0.41021028 -0.07494984
v -0.26502836 -0.41323680 -0.07494984
v -0.25205255 -0.42111403 -0.06507986
v -0.24502395 -0.42496970 -0.06507986
v -0.23795378 -0.42882541 -0.06507986
v -0.23292150 -0.43156171 -0.06507986
v -0.22501954 -0.43554175 -0.06507986
v -0.21782461 -0.43898287 -0.06507986
v -0.21840686 -0.43923163 -0.05504117
v -0.19353652 -0.45162788 -0.03504814
v -0.20501515 -0.44619673 -0.03504814
v -0.21903071 -0.43952185 -0.03504814
v -0.11331095 -0.48122966 0.01497660
v -0.10503469 -0.48458785 0.00493791
v -0.10503469 -0.48380011 0.01497660
v -0.09501170 -0.48641205 0.01497660
v -0.08461440 -0.48902395 0.01548275
v -0.07970688 -0.48989460 0.01919454
v -0.07845920 -0.48960438 0.02493093
v -0.07342690 -0.49084815 0.02493093
v -0.06943434 -0.49171880 0.02493093
v -0.24968195 -0.07862072 -0.44975579
v -0.24581414 -0.07517961 -0.45287704
v -0.23795378 -0.07090932 -0.45869780
v -0.06943434 -0.26332083 -0.45203346
v -0.06943434 -0.26833737 -0.44882786
v -0.06943434 -0.27190286 -0.44646579
v -0.08503029 -0.27430749 -0.44300711
v -0.09501170 -0.26605713 -0.44730937
v -0.16525587 -0.22530288 -0.45296144
v -0.17548680 -0.21551853 -0.45329887
v -0.10503469 -0.27211016 -0.44140428
v -0.11318618 -0.27090785 -0.44064504
v -0.11988205 -0.26995426 -0.43988580
v -0.12503910 -0.26916656 -0.43929529
v -0.13502051 -0.27401727 -0.43296838
v -0.13502051 -0.26717651 -0.43794554
v -0.13502051 -0.26215997 -0.44148862
v -0.14113413 -0.26062599 -0.44039196
v -0.15502492 -0.25183666 -0.44123554
v -0.16317640 -0.26182830 -0.43119687
v -0.16983068 -0.25992119 -0.42984712
v -0.17502934 -0.25295606 -0.43195611
v -0.17149425 -0.24138898 -0.44072938
v -0.16870776 -0.22886835 -0.44933397
v -0.17490456 -0.23504575 -0.44266963
v -0.18517709 -0.22526141 -0.44309145
v -0.17910507 -0.21920839 -0.44950271
v -0.18555140 -0.21551853 -0.44823730
v -0.19208090 -0.22211052 -0.44123554
v -0.19524169 -0.21497956 -0.44292271
v -0.19499215 -0.20544398 -0.44747812
v -0.19831929 -0.19756675 -0.44891220
v -0.19499215 -0.19454025 -0.45220220
v -0.20330998 -0.20502940 -0.44224787
v -0.21000585 -0.20001283 -0.43997020
v -0.21221007 -0.19333793 -0.44140428
v -0.20746890 -0.18500465 -0.44823730
v -0.21886435 -0.18774095 -0.43912655
v -0.22052792 -0.18106605 -0.44030762
v -0.22522749 -0.16435805 -0.44266963
v -0.22709900 -0.14503813 -0.44781554
v -0.23025979 -0.16054381 -0.44013888
v -0.23367010 -0.14503813 -0.44283837
v -0.23013502 -0.13027871 -0.45000887
v -0.26997748 -0.09988920 -0.42993146
v -0.27105880 -0.09321430 -0.43077505
v -0.27733877 -0.08500540 -0.42782253
v -0.27883598 -0.07501377 -0.42900354
v -0.27941823 -0.07090932 -0.42950970
v -0.26477882 -0.07090932 -0.44047630
v -0.26220030 -0.07501377 -0.44157296
v -0.25433993 -0.07517961 -0.44714063
v -0.49422646 -0.07090932 -0.01505512
v -0.48686516 -0.09503850 -0.02500945
v -0.49069136 -0.08260079 -0.02500945
v -0.48931894 -0.08757587 -0.02500945
v -0.48308057 -0.10503013 -0.02500945
v -0.45717049 -0.16502139 -0.01505512
v -0.44976759 -0.17957352 -0.02500945
v -0.44685635 -0.18500465 -0.02500945
v -0.44207358 -0.19391836 -0.02500945
v -0.39008710 -0.29018629 -0.03226430
v -0.46943930 -0.13873635 -0.02500945
v -0.46644485 -0.14503813 -0.02500945
v -0.48054361 -0.11141483 -0.02500945
v -0.47854733 -0.11643137 -0.02500945
v -0.47509542 -0.12501340 -0.02500945
v -0.47156036 -0.13371980 -0.02500945
v -0.38992074 -0.28989610 -0.03892865
v -0.38667679 -0.29499555 -0.04500248
v -0.38193560 -0.30303860 -0.04500248
v -0.38147813 -0.30237526 -0.05504117
v -0.37823418 -0.30735034 -0.05504117
v -0.36970839 -0.31958076 -0.05757193
v -0.36147374 -0.33218431 -0.05504117
v -0.35806340 -0.33715943 -0.05504117
v -0.35307270 -0.34366849 -0.05504117
v -0.32408503 -0.37405798 -0.04500248
v -0.34866425 -0.34864357 -0.05504117
v -0.32358596 -0.37364340 -0.05504117
v -0.31842890 -0.37861848 -0.05504117
v -0.31289753 -0.38222542 -0.06507986
v -0.17170219 -0.46070743 -0.01505512
v -0.14978468 -0.46991134 -0.01201820
v -0.14425331 -0.47152823 -0.00501642
v -0.12000681 -0.47998589 -0.00012362
v -0.18501073 -0.45540065 -0.03504814
v -0.17710879 -0.45875883 -0.02500945
v -0.15015899 -0.47003570 -0.01868255
v -0.30595213 -0.38724196 -0.06507986
v -0.29497260 -0.39466313 -0.06507986
v -0.28852627 -0.39901632 -0.06507986
v -0.28353557 -0.40237451 -0.06507986
v -0.27542567 -0.40693501 -0.07494984
v -0.27001905 -0.41000301 -0.08001136
v -0.26565221 -0.41203448 -0.08397622
v -0.25063848 -0.42032629 -0.08321700
v -0.25134552 -0.42069942 -0.07494984
v -0.24502395 -0.42414051 -0.07494984
v -0.23208971 -0.43110564 -0.07494984
v -0.22501954 -0.43467113 -0.07494984
v -0.21695125 -0.43856829 -0.07494984
v -0.20501515 -0.44487005 -0.06507986
v -0.19262156 -0.45121330 -0.05504117
v -0.19765386 -0.44889158 -0.05504117
v -0.19811133 -0.44909889 -0.04500248
v -0.19312063 -0.45142061 -0.04500248
v -0.18501073 -0.45502752 -0.04500248
v -0.11439227 -0.48156133 0.00493791
v -0.10503469 -0.48512679 -0.00501642
v -0.09501170 -0.48782164 -0.00501642
v -0.09501170 -0.48724121 0.00493791
v -0.08099614 -0.49022627 0.01253019
v -0.07583907 -0.49122131 0.01548275
v -0.06943434 -0.49279672 0.01514532
v -0.25521332 -0.07090932 -0.44730937
v -0.24818474 -0.07090932 -0.45203346
v -0.24548143 -0.07090932 -0.45380503
v -0.06943434 -0.28060925 -0.44039196
v -0.08503029 -0.27928257 -0.43946403
v -0.09501170 -0.27837047 -0.43878913
v -0.10503469 -0.27708524 -0.43777686
v -0.10503469 -0.28367722 -0.43279970
v -0.11501610 -0.28715980 -0.42782253
v -0.12582929 -0.27596584 -0.43389636
v -0.13502051 -0.27903381 -0.42925662
v -0.14500192 -0.27687794 -0.42765379
v -0.14500192 -0.27186140 -0.43128121
v -0.14466920 -0.26439875 -0.43651146
v -0.15061647 -0.27036887 -0.43018454
v -0.15727073 -0.26846176 -0.42883480
v -0.16592130 -0.26510358 -0.42765379
v -0.16500634 -0.27285641 -0.42217046
v -0.17161901 -0.27094930 -0.42065203
v -0.17498773 -0.26539379 -0.42335147
v -0.17502934 -0.25797260 -0.42866611
v -0.18076864 -0.25071728 -0.43035328
v -0.17490456 -0.24483009 -0.43693328
v -0.18858740 -0.22878543 -0.43921095
v -0.19765386 -0.23786497 -0.42866611
v -0.20110576 -0.23119006 -0.43069071
v -0.19873518 -0.21829629 -0.43912655
v -0.20106417 -0.21162137 -0.44072938
v -0.20464084 -0.21497956 -0.43651146
v -0.21013062 -0.22016194 -0.43001586
v -0.21532926 -0.19599131 -0.43794554
v -0.22306485 -0.19503775 -0.43246222
v -0.23192336 -0.20332956 -0.42157996
v -0.22805557 -0.19503775 -0.42841303
v -0.22506113 -0.18512905 -0.43507737
v -0.24111457 -0.16228509 -0.43085945
v -0.22872099 -0.16721871 -0.43895787
v -0.24281973 -0.15502976 -0.43220913
v -0.25084645 -0.14184578 -0.43060637
v -0.24560621 -0.14512104 -0.43355888
v -0.25234365 -0.13500503 -0.43178737
v -0.26045355 -0.12099187 -0.43026888
v -0.26885456 -0.10503013 -0.42908788
v -0.27559203 -0.10503013 -0.42360455
v -0.28070748 -0.10167195 -0.42056763
v -0.28183040 -0.09503850 -0.42149562
v -0.28120655 -0.07090932 -0.42807561
v -0.28341079 -0.08500540 -0.42284536
v -0.28948280 -0.07824758 -0.41955537
v -0.26274097 -0.07090932 -0.44199479
v -0.25820774 -0.07090932 -0.44520038
v -0.49401850 -0.07090932 -0.02096023
v -0.48619974 -0.09503850 -0.03504814
v -0.48245671 -0.10503013 -0.03504814
v -0.49272925 -0.07501377 -0.02500945
v -0.49343628 -0.07090932 -0.03091456
v -0.48898622 -0.08633210 -0.03504814
v -0.45679617 -0.16502139 -0.02500945
v -0.45193022 -0.17405948 -0.03504814
v -0.44947648 -0.17903456 -0.03504814
v -0.44635728 -0.18500465 -0.03504814
v -0.43566886 -0.20502940 -0.03504814
v -0.42880666 -0.21784024 -0.03504814
v -0.46910658 -0.13799009 -0.03504814
v -0.46582103 -0.14503813 -0.03504814
v -0.45933312 -0.15863669 -0.03504814
v -0.47447157 -0.12501340 -0.03504814
v -0.47122765 -0.13297354 -0.03504814
v -0.39998531 -0.27007866 -0.05031708
v -0.38971281 -0.28948149 -0.04500248
v -0.39748996 -0.27405873 -0.05419758
v -0.38576183 -0.29499555 -0.05504117
v -0.38085431 -0.30138025 -0.06507986
v -0.37761033 -0.30639678 -0.06507986
v -0.37261963 -0.31385943 -0.06507986
v -0.36920932 -0.31887597 -0.06507986
v -0.35739797 -0.33620587 -0.06507986
v -0.35240728 -0.34292221 -0.06507986
v -0.34799883 -0.34793878 -0.06507986
v -0.34300810 -0.35299677 -0.06507986
v -0.32304531 -0.37310442 -0.06507986
v -0.31792983 -0.37807950 -0.06507986
v -0.31227368 -0.38181084 -0.07494984
v -0.15410995 -0.46821153 -0.01522383
v -0.13502051 -0.47534245 -0.01505512
v -0.14587529 -0.47144532 -0.01522383
v -0.12042271 -0.48011026 -0.00678796
v -0.11601424 -0.48151988 -0.00408848
v -0.17702562 -0.45875883 -0.03504814
v -0.15024216 -0.47007716 -0.03209559
v -0.15531604 -0.46796274 -0.02500945
v -0.17211808 -0.46087325 -0.02500945
v -0.17660972 -0.45859301 -0.04500248
v -0.15028375 -0.47007716 -0.02500945
v -0.14500192 -0.47206721 -0.02500945
v -0.30428857 -0.38744926 -0.07570907
v -0.30046237 -0.39030993 -0.07292522
v -0.29992169 -0.38993680 -0.07958957
v -0.27401164 -0.40685210 -0.08397622
v -0.26939523 -0.40958840 -0.08667570
v -0.26332322 -0.41191012 -0.09494286
v -0.25001466 -0.41999462 -0.08988133
v -0.23109157 -0.43052524 -0.08498853
v -0.22501954 -0.43363464 -0.08498853
v -0.21462226 -0.43844390 -0.08583211
v -0.21100399 -0.44043392 -0.08304828
v -0.20501515 -0.44399941 -0.07494984
v -0.19690526 -0.44855991 -0.06507986
v -0.19187295 -0.45084018 -0.06507986
v -0.18501073 -0.45457149 -0.05504117
v -0.10503469 -0.48549992 -0.01505512
v -0.09501170 -0.48827767 -0.01505512
v -0.08906445 -0.48977023 -0.01505512
v -0.08823267 -0.48952147 -0.00501642
v -0.08211905 -0.49051648 0.00493791
v -0.07500729 -0.49229923 0.00493791
v -0.06943434 -0.49366736 0.00493791
v -0.06943434 -0.49321133 0.01058994
v -0.06943434 -0.28516975 -0.43710196
v -0.06943434 -0.28910837 -0.43423378
v -0.07500729 -0.29192758 -0.43144995
v -0.08503029 -0.29093257 -0.43069071
v -0.09488693 -0.28575018 -0.43313712
v -0.09808931 -0.28956440 -0.42967838
v -0.10503469 -0.28865230 -0.42891920
v -0.10844502 -0.29959750 -0.41963971
v -0.11501610 -0.29358596 -0.42276096
v -0.11501610 -0.29856104 -0.41879612
v -0.13202609 -0.29072526 -0.42056763
v -0.13522846 -0.28570873 -0.42377329
v -0.13872196 -0.28952295 -0.41955537
v -0.14500192 -0.28819627 -0.41854304
v -0.14500192 -0.28317973 -0.42259228
v -0.15248798 -0.28143844 -0.42107379
v -0.16500634 -0.27783149 -0.41828996
v -0.17569476 -0.27542686 -0.41525304
v -0.17827329 -0.26895925 -0.41913354
v -0.18280651 -0.26228434 -0.42166430
v -0.18513551 -0.25511193 -0.42503870
v -0.18742290 -0.24760784 -0.42849737
v -0.19307904 -0.25287315 -0.42183304
v -0.19973332 -0.24976371 -0.41980845
v -0.20318522 -0.24308881 -0.42191738
v -0.20983949 -0.23981354 -0.41980845
v -0.20780161 -0.22683686 -0.42841303
v -0.21453908 -0.22426639 -0.42461687
v -0.23001026 -0.21000448 -0.41997713
v -0.22115175 -0.20167121 -0.43077505
v -0.23857763 -0.19702779 -0.41862738
v -0.23516731 -0.19420856 -0.42284536
v -0.24049073 -0.21083365 -0.41036022
v -0.23949260 -0.16896001 -0.42950970
v -0.24785203 -0.15502976 -0.42807561
v -0.24934924 -0.14852069 -0.42934096
v -0.25737596 -0.13500503 -0.42773813
v -0.25899792 -0.12762532 -0.42908788
v -0.26669192 -0.11502177 -0.42731637
v -0.27929345 -0.10834686 -0.41938663
v -0.28989869 -0.10983938 -0.40993845
v -0.29114637 -0.10316448 -0.41103512
v -0.28682110 -0.09503850 -0.41719329
v -0.28840148 -0.08500540 -0.41862738
v -0.28511596 -0.07090932 -0.42486995
v -0.30079508 -0.07501377 -0.41069770
v -0.30137733 -0.07090932 -0.41120386
v -0.29106319 -0.07090932 -0.41997713
v -0.49381056 -0.07090932 -0.02500945
v -0.48540956 -0.09503850 -0.04500248
v -0.48145857 -0.10561056 -0.04432761
v -0.48004454 -0.11012959 -0.04053146
v -0.49314514 -0.07090932 -0.03504814
v -0.49010915 -0.08048637 -0.04137505
v -0.48873669 -0.08430061 -0.04483376
v -0.45159751 -0.17339613 -0.04500248
v -0.44918537 -0.17841268 -0.04500248
v -0.44573343 -0.18500465 -0.04500248
v -0.43092769 -0.21178722 -0.05504117
v -0.42826599 -0.21680376 -0.05504117
v -0.43121880 -0.21236764 -0.04500248
v -0.42855710 -0.21734273 -0.04500248
v -0.46873230 -0.13703653 -0.04500248
v -0.46507242 -0.14503813 -0.04500248
v -0.45559007 -0.16502139 -0.04500248
v -0.47368139 -0.12501340 -0.04500248
v -0.47081172 -0.13206144 -0.04500248
v -0.41791028 -0.23612368 -0.05504117
v -0.41021627 -0.25046852 -0.05504117
v -0.41004992 -0.25013685 -0.06069320
v -0.39973581 -0.26953968 -0.05698142
v -0.40214795 -0.26385981 -0.06507986
v -0.38455573 -0.29499555 -0.06507986
v -0.40164888 -0.26290625 -0.07494984
v -0.38031363 -0.30055106 -0.07258779
v -0.37744397 -0.30432385 -0.07545599
v -0.37191260 -0.31282294 -0.07494984
v -0.36850229 -0.31783950 -0.07494984
v -0.36030924 -0.33044305 -0.07216600
v -0.35719004 -0.33425727 -0.07520291
v -0.35165867 -0.34209305 -0.07494984
v -0.34733340 -0.34706813 -0.07494984
v -0.34230110 -0.35233343 -0.07494984
v -0.32237989 -0.37239963 -0.07494984
v -0.31726441 -0.37741616 -0.07494984
v -0.31144190 -0.38123041 -0.08498853
v -0.30499560 -0.38587382 -0.08498853
v -0.12587088 -0.47853482 -0.01505512
v -0.13502051 -0.47559124 -0.02500945
v -0.12083860 -0.48027611 -0.01505512
v -0.11501610 -0.48222467 -0.01505512
v -0.14953515 -0.46978694 -0.04500248
v -0.14454444 -0.47177699 -0.04500248
v -0.14591688 -0.47156969 -0.03530122
v -0.17606905 -0.45834425 -0.05504117
v -0.17107835 -0.46041721 -0.05504117
v -0.13502051 -0.47542539 -0.03504814
v -0.29946423 -0.38960513 -0.08498853
v -0.29343379 -0.39229995 -0.09494286
v -0.27500978 -0.40457186 -0.09494286
v -0.26831391 -0.40892506 -0.09494286
v -0.26182598 -0.41103947 -0.10498156
v -0.25500536 -0.41647059 -0.09494286
v -0.25500536 -0.41472933 -0.10498156
v -0.24257019 -0.42132133 -0.10498156
v -0.24419217 -0.42219195 -0.09494286
v -0.23421076 -0.42749870 -0.09460542
v -0.23034297 -0.43015209 -0.09097800
v -0.22556022 -0.43201774 -0.09460542
v -0.19020939 -0.45005244 -0.08043315
v -0.21503815 -0.43695140 -0.09494286
v -0.19083323 -0.45034266 -0.07494984
v -0.18501073 -0.45386666 -0.06507986
v -0.18501073 -0.45291311 -0.07494984
v -0.10503469 -0.48562431 -0.02500945
v -0.09501170 -0.48844355 -0.02500945
v -0.08407374 -0.49097252 -0.01505512
v -0.06943434 -0.49428928 -0.00940308
v -0.06943434 -0.49412343 -0.00501642
v -0.08320037 -0.49076524 -0.00501642
v -0.06943434 -0.49387467 0.00055125
v -0.06943434 -0.29242510 -0.43178737
v -0.06943434 -0.29520285 -0.42967838
v -0.07500729 -0.30822098 -0.41854304
v -0.09501170 -0.30113149 -0.42090511
v -0.10179074 -0.30038524 -0.42031455
v -0.10507628 -0.30424091 -0.41626537
v -0.11019176 -0.31004518 -0.41002280
v -0.11688763 -0.30913308 -0.40926355
v -0.12503910 -0.29690266 -0.41736203
v -0.12503910 -0.30278987 -0.41238487
v -0.12503910 -0.30780640 -0.40799820
v -0.13502051 -0.30092418 -0.41078204
v -0.14404537 -0.29520285 -0.41280663
v -0.15502492 -0.29681975 -0.40723896
v -0.15502492 -0.29184467 -0.41154128
v -0.15552399 -0.28483808 -0.41702461
v -0.16072264 -0.29039359 -0.41027588
v -0.16446567 -0.28504539 -0.41280663
v -0.17977050 -0.27986300 -0.40985411
v -0.18501073 -0.27322954 -0.41246921
v -0.19124912 -0.27111512 -0.41078204
v -0.18950237 -0.25954807 -0.41963971
v -0.20593011 -0.24586657 -0.41837430
v -0.20135529 -0.26128933 -0.41086638
v -0.21146147 -0.25142208 -0.41095078
v -0.21229325 -0.23313864 -0.42174870
v -0.21815732 -0.24789806 -0.40858871
v -0.22086063 -0.24122316 -0.41069770
v -0.21894753 -0.22841230 -0.41913354
v -0.22289850 -0.23500429 -0.41238487
v -0.22967754 -0.22944878 -0.40960103
v -0.23508413 -0.21448205 -0.41314411
v -0.24019961 -0.19035289 -0.42006153
v -0.24194635 -0.20502940 -0.41179436
v -0.29106319 -0.15212762 -0.39095771
v -0.29285154 -0.14503813 -0.39256054
v -0.28732017 -0.14503813 -0.39762205
v -0.28079066 -0.15150574 -0.40065897
v -0.25363293 -0.15502976 -0.42309844
v -0.23841128 -0.21746710 -0.40858871
v -0.24885017 -0.21796462 -0.39888746
v -0.25068009 -0.21128970 -0.40057462
v -0.27471864 -0.12551092 -0.41677153
v -0.25537968 -0.14578439 -0.42529172
v -0.25991288 -0.14976446 -0.41980845
v -0.28145608 -0.12501340 -0.41120386
v -0.27118355 -0.12248440 -0.42090511
v -0.27783784 -0.11502177 -0.41812128
v -0.28020841 -0.13040307 -0.41010720
v -0.29879880 -0.11742640 -0.39897180
v -0.30029601 -0.11075148 -0.40023720
v -0.30129415 -0.10503013 -0.40116513
v -0.32067472 -0.08202036 -0.39062029
v -0.31036058 -0.08114971 -0.40032154
v -0.29251882 -0.09503850 -0.41221613
v -0.30000487 -0.08003032 -0.40993845
v -0.31131715 -0.07501377 -0.40116513
v -0.30640963 -0.07090932 -0.40673280
v -0.48436981 -0.09503850 -0.05504117
v -0.48129222 -0.10324739 -0.05504117
v -0.47971183 -0.10938333 -0.04719581
v -0.49268764 -0.07090932 -0.04053146
v -0.49231336 -0.07090932 -0.04491812
v -0.48977643 -0.07928406 -0.04803939
v -0.48744744 -0.08500540 -0.05504117
v -0.45118165 -0.17252550 -0.05504117
v -0.44876945 -0.17754203 -0.05504117
v -0.44498485 -0.18500465 -0.05504117
v -0.44120023 -0.19230145 -0.05504117
v -0.43450436 -0.20502940 -0.05504117
v -0.42789167 -0.21605751 -0.06507986
v -0.42028087 -0.23060963 -0.06322397
v -0.47039586 -0.13106643 -0.05326964
v -0.46856594 -0.13463190 -0.05596912
v -0.46407428 -0.14503813 -0.05504117
v -0.45854294 -0.15693688 -0.05504117
v -0.40755457 -0.25407547 -0.06440499
v -0.42244351 -0.22455661 -0.07494984
v -0.41974020 -0.22957316 -0.07494984
v -0.41204619 -0.24383506 -0.07494984
v -0.40597418 -0.25502902 -0.07494984
v -0.40102506 -0.26186976 -0.08498853
v -0.39815539 -0.26684484 -0.08498853
v -0.39041981 -0.28073364 -0.08271084
v -0.37985617 -0.29976335 -0.07916778
v -0.37548929 -0.30498719 -0.08498853
v -0.37108082 -0.31157917 -0.08498853
v -0.35981017 -0.32969677 -0.07874598
v -0.35074371 -0.34097365 -0.08498853
v -0.34646001 -0.34594876 -0.08498853
v -0.34142774 -0.35146278 -0.08498853
v -0.32146490 -0.37148753 -0.08498853
v -0.31647420 -0.37646261 -0.08498853
v -0.31052694 -0.38044268 -0.09494286
v -0.30499560 -0.38442275 -0.09494286
v -0.29842448 -0.38894179 -0.09494286
v -0.12096336 -0.48031756 -0.02500945
v -0.11501610 -0.48230758 -0.02500945
v -0.15502492 -0.46696773 -0.05504117
v -0.14878654 -0.46949673 -0.05504117
v -0.14379583 -0.47148678 -0.05504117
v -0.13502051 -0.47467911 -0.05504117
v -0.13502051 -0.47517663 -0.04500248
v -0.17428073 -0.45834425 -0.06533293
v -0.17045452 -0.46016845 -0.06212730
v -0.12067224 -0.48019320 -0.03504814
v -0.29713523 -0.38811260 -0.10498156
v -0.29567960 -0.38720050 -0.11493589
v -0.28998187 -0.38997826 -0.11999741
v -0.26681671 -0.40793002 -0.10498156
v -0.26070309 -0.41041756 -0.11206768
v -0.24115616 -0.42057505 -0.11282691
v -0.22805557 -0.42894977 -0.10498156
v -0.22306485 -0.43156171 -0.10498156
v -0.21503815 -0.43541741 -0.10498156
v -0.20730254 -0.43881702 -0.10498156
v -0.18538505 -0.45154497 -0.08422930
v -0.17502934 -0.45585671 -0.08498853
v -0.17502934 -0.45714194 -0.07494984
v -0.10503469 -0.48537558 -0.03504814
v -0.09501170 -0.48827767 -0.03504814
v -0.08860697 -0.48968732 -0.04500248
v -0.08927239 -0.48981166 -0.02500945
v -0.06943434 -0.49445510 -0.01505512
v -0.06943434 -0.30370197 -0.42292970
v -0.08503029 -0.30718452 -0.41761512
v -0.06943434 -0.30867705 -0.41888046
v -0.06943434 -0.31244981 -0.41575921
v -0.07500729 -0.31410819 -0.41356587
v -0.08503029 -0.31307170 -0.41263795
v -0.08503029 -0.31804678 -0.40825129
v -0.09501170 -0.31186938 -0.41162562
v -0.09501170 -0.32244146 -0.40217745
v -0.10503469 -0.32115620 -0.40108079
v -0.11131467 -0.32032704 -0.40032154
v -0.11796895 -0.31941494 -0.39939362
v -0.12503910 -0.31323755 -0.40302104
v -0.13502051 -0.30594075 -0.40622669
v -0.14001122 -0.29997063 -0.40993845
v -0.14670709 -0.29868540 -0.40875745
v -0.15502492 -0.30237526 -0.40217745
v -0.16172078 -0.30088273 -0.40082771
v -0.16454884 -0.29470533 -0.40470821
v -0.18501073 -0.27820462 -0.40850437
v -0.16837505 -0.29897562 -0.39914054
v -0.16920684 -0.30958915 -0.38960797
v -0.17502934 -0.30283132 -0.39239180
v -0.19241361 -0.28164575 -0.40141821
v -0.20006603 -0.29002047 -0.38994545
v -0.19906789 -0.27924111 -0.39939362
v -0.21046333 -0.28044343 -0.39028287
v -0.21537086 -0.25536069 -0.40521437
v -0.23038456 -0.26041868 -0.39028287
v -0.22905371 -0.24860287 -0.39914054
v -0.23125793 -0.24192795 -0.40108079
v -0.22788921 -0.23500429 -0.40808254
v -0.23508413 -0.22567600 -0.40698588
v -0.27671492 -0.14503813 -0.40707028
v -0.27862802 -0.13707799 -0.40875745
v -0.25226048 -0.20502940 -0.40209311
v -0.28935805 -0.15880254 -0.38935494
v -0.29784223 -0.14503813 -0.38792080
v -0.29938105 -0.13873635 -0.38935494
v -0.30096143 -0.13206144 -0.39087337
v -0.30262500 -0.12501340 -0.39239180
v -0.24668753 -0.22501266 -0.39686286
v -0.25205255 -0.22501266 -0.39188570
v -0.25903952 -0.21808898 -0.38901746
v -0.24165523 -0.22501266 -0.40141821
v -0.29950580 -0.15909275 -0.37948495
v -0.26486200 -0.14586730 -0.41710895
v -0.29705206 -0.12501340 -0.39736897
v -0.30919608 -0.11808974 -0.38918620
v -0.31052694 -0.11141483 -0.39045155
v -0.31164986 -0.10503013 -0.39154822
v -0.32171446 -0.07501377 -0.39163262
v -0.31630784 -0.07501377 -0.39660978
v -0.31951022 -0.08865380 -0.38952363
v -0.32965797 -0.08902693 -0.37965363
v -0.33073932 -0.08235203 -0.38066596
v -0.31689009 -0.07090932 -0.39711595
v -0.48624134 -0.08500540 -0.06507986
v -0.48312214 -0.09503850 -0.06507986
v -0.48066837 -0.10175487 -0.06507986
v -0.49148157 -0.07090932 -0.05267912
v -0.48998436 -0.07090932 -0.06558602
v -0.45059937 -0.17136464 -0.06507986
v -0.44822881 -0.17633972 -0.06507986
v -0.44398671 -0.18500465 -0.06507986
v -0.44070116 -0.19143081 -0.06507986
v -0.43812263 -0.19644737 -0.06507986
v -0.43367258 -0.20502940 -0.06507986
v -0.43051180 -0.21108241 -0.06507986
v -0.42785010 -0.21427476 -0.07520291
v -0.47867209 -0.10672995 -0.06507986
v -0.46997994 -0.12998849 -0.05993398
v -0.46723509 -0.13500503 -0.06507986
v -0.46228594 -0.14599168 -0.06592344
v -0.46037287 -0.15088385 -0.06313961
v -0.45833498 -0.15453225 -0.06592344
v -0.42984638 -0.20975572 -0.07866162
v -0.42186123 -0.22347867 -0.08498853
v -0.41915795 -0.22849521 -0.08498853
v -0.41146395 -0.24271567 -0.08498853
v -0.40476808 -0.25502902 -0.08498853
v -0.40044281 -0.26083329 -0.09266517
v -0.38987917 -0.27986300 -0.08937518
v -0.38779968 -0.28442350 -0.08566339
v -0.38230991 -0.29395908 -0.08498853
v -0.37935707 -0.29897562 -0.08498853
v -0.37844211 -0.29744163 -0.09494286
v -0.37245327 -0.30374342 -0.10498156
v -0.37299395 -0.30577490 -0.09528030
v -0.36974996 -0.30967206 -0.09882336
v -0.35494423 -0.33496207 -0.08498853
v -0.34945443 -0.33923239 -0.09738927
v -0.34359038 -0.34429038 -0.10498156
v -0.33997211 -0.34997028 -0.09983566
v -0.34063753 -0.35063362 -0.09317133
v -0.32999068 -0.36000335 -0.10000439
v -0.31551766 -0.37550905 -0.09494286
v -0.30998629 -0.37998664 -0.10000439
v -0.14774682 -0.46908215 -0.06507986
v -0.14275610 -0.47107220 -0.06507986
v -0.13502051 -0.47393286 -0.06507986
v -0.12000681 -0.47998589 -0.05006400
v -0.12503910 -0.47729105 -0.06507986
v -0.16974750 -0.45987824 -0.06879164
v -0.16587970 -0.46174389 -0.06533293
v -0.30279136 -0.38218397 -0.11493589
v -0.30129415 -0.38106456 -0.12497458
v -0.29397446 -0.38637131 -0.12396227
v -0.28869262 -0.38919055 -0.12666175
v -0.27625746 -0.39756528 -0.12497458
v -0.25953859 -0.40971279 -0.11873203
v -0.26444611 -0.40734962 -0.11518896
v -0.25571239 -0.41244906 -0.11518896
v -0.22148447 -0.43077397 -0.11324871
v -0.24469124 -0.41812897 -0.11569512
v -0.23591593 -0.42273092 -0.11569512
v -0.21599469 -0.43280548 -0.11594819
v -0.20459926 -0.43811223 -0.11493589
v -0.20093940 -0.44035101 -0.11164589
v -0.17502934 -0.45415688 -0.09494286
v -0.16741851 -0.45896614 -0.08498853
v -0.16904047 -0.45958802 -0.07494984
v -0.10503469 -0.48500243 -0.04500248
v -0.09501170 -0.48802894 -0.04500248
v -0.08769201 -0.48948002 -0.05504117
v -0.06943434 -0.49375027 -0.04947349
v -0.06943434 -0.49391612 -0.04500248
v -0.06943434 -0.49408197 -0.03943480
v -0.06943434 -0.49433070 -0.02939611
v -0.06943434 -0.49441361 -0.02500945
v -0.06943434 -0.31879306 -0.41036022
v -0.07500729 -0.31912473 -0.40917921
v -0.08503029 -0.32360232 -0.40327412
v -0.08503029 -0.32857740 -0.39863437
v -0.09501170 -0.32741654 -0.39745337
v -0.09501170 -0.33251601 -0.39247620
v -0.09501170 -0.33753255 -0.38749903
v -0.10503469 -0.34122241 -0.38117212
v -0.12503910 -0.32832864 -0.38825828
v -0.12503910 -0.32331210 -0.39331979
v -0.12503910 -0.31825408 -0.39829695
v -0.11114831 -0.34031031 -0.38032854
v -0.13502051 -0.31137189 -0.40124953
v -0.13502051 -0.31634697 -0.39660978
v -0.14063506 -0.31025249 -0.40023720
v -0.14787158 -0.31912473 -0.38910186
v -0.15502492 -0.31261566 -0.39247620
v -0.16251098 -0.31104022 -0.39095771
v -0.18139248 -0.30084127 -0.39070463
v -0.19503373 -0.29155445 -0.39137954
v -0.15502492 -0.31763220 -0.38758337
v -0.15502492 -0.32252437 -0.38260621
v -0.16217826 -0.32099038 -0.38100338
v -0.16883254 -0.31945640 -0.37940061
v -0.17502934 -0.32264873 -0.37282062
v -0.18172519 -0.32099038 -0.37104905
v -0.17502934 -0.30784786 -0.38792080
v -0.20672029 -0.28707686 -0.38766772
v -0.18484437 -0.30486280 -0.38488388
v -0.18164201 -0.31099874 -0.38091904
v -0.19503373 -0.30175337 -0.38167828
v -0.20019080 -0.30009502 -0.38007545
v -0.20684507 -0.29777330 -0.37796646
v -0.21179418 -0.30125588 -0.37130213
v -0.21129511 -0.29109839 -0.38100338
v -0.22127652 -0.28131407 -0.38100338
v -0.21711761 -0.27712670 -0.38766772
v -0.22044474 -0.27045178 -0.39028287
v -0.23233925 -0.25502902 -0.39205438
v -0.22793078 -0.27787295 -0.37821954
v -0.23113316 -0.27119806 -0.38091904
v -0.24157205 -0.27173701 -0.37138653
v -0.23782903 -0.26750821 -0.37805086
v -0.24061550 -0.26083329 -0.38058162
v -0.23732996 -0.25502902 -0.38749903
v -0.23940942 -0.24910037 -0.38935494
v -0.23533367 -0.24549343 -0.39526004
v -0.24157205 -0.24242546 -0.39137954
v -0.23791221 -0.23674557 -0.39804387
v -0.24003325 -0.23007067 -0.39998412
v -0.29530531 -0.15561019 -0.38522136
v -0.30803159 -0.14503813 -0.37805086
v -0.31115079 -0.13239311 -0.38108778
v -0.30761570 -0.12501340 -0.38775212
v -0.24415058 -0.23363614 -0.39416337
v -0.25034738 -0.23056817 -0.39028287
v -0.25704324 -0.22501266 -0.38707721
v -0.26207554 -0.22501266 -0.38210005
v -0.27076766 -0.21141408 -0.38075030
v -0.30948722 -0.15905130 -0.36944628
v -0.30532831 -0.15573457 -0.37535137
v -0.31289753 -0.12501340 -0.38269055
v -0.31934386 -0.11833850 -0.37931621
v -0.32059154 -0.11166358 -0.38058162
v -0.31668216 -0.10503013 -0.38673979
v -0.32670516 -0.07501377 -0.38673979
v -0.32728741 -0.07090932 -0.38733029
v -0.32429299 -0.07090932 -0.39019853
v -0.32225510 -0.07090932 -0.39213878
v -0.31909433 -0.07090932 -0.39509130
v -0.32857665 -0.09503850 -0.37855697
v -0.33951461 -0.08861235 -0.36944628
v -0.34055436 -0.08193743 -0.37062728
v -0.33676973 -0.07501377 -0.37661672
v -0.33177903 -0.07501377 -0.38176262
v -0.48965165 -0.07090932 -0.06828550
v -0.48936051 -0.07090932 -0.07056318
v -0.48478571 -0.08500540 -0.07494984
v -0.48150015 -0.09553601 -0.07486548
v -0.48025250 -0.10067692 -0.07157549
v -0.45018351 -0.17049399 -0.07157549
v -0.44793767 -0.17430823 -0.07486548
v -0.44228154 -0.18587530 -0.07545599
v -0.44028527 -0.19060163 -0.07250343
v -0.43221694 -0.20585856 -0.07520291
v -0.43017909 -0.21041906 -0.07208164
v -0.46964723 -0.12915930 -0.06507986
v -0.46889865 -0.12737657 -0.07494984
v -0.46573785 -0.13500503 -0.07494984
v -0.46182847 -0.14404310 -0.07494984
v -0.45995694 -0.14993030 -0.06980395
v -0.43986937 -0.18981391 -0.07908341
v -0.42938888 -0.20880216 -0.08498853
v -0.42622811 -0.21502101 -0.08498853
v -0.42107105 -0.22206905 -0.09494286
v -0.41836774 -0.22708561 -0.09494286
v -0.40797046 -0.24632262 -0.09494286
v -0.40264702 -0.25589967 -0.09561773
v -0.39986056 -0.25983828 -0.09932952
v -0.39782268 -0.26452315 -0.09561773
v -0.39237452 -0.27405873 -0.09494286
v -0.38942167 -0.27907526 -0.09494286
v -0.39145952 -0.27252474 -0.10498156
v -0.38064635 -0.29109839 -0.10321002
v -0.37794304 -0.29466388 -0.10590950
v -0.36912614 -0.30871850 -0.10498156
v -0.37133038 -0.30204359 -0.11493589
v -0.36800322 -0.30706012 -0.11493589
v -0.36064196 -0.32090747 -0.10498156
v -0.34858108 -0.33803007 -0.10498156
v -0.36005968 -0.32007828 -0.11021179
v -0.34234267 -0.34283930 -0.11493589
v -0.33930668 -0.34926546 -0.10498156
v -0.33302671 -0.35295531 -0.11493589
v -0.32000929 -0.36999500 -0.10000439
v -0.33165425 -0.35162863 -0.12497458
v -0.31289753 -0.37289712 -0.11493589
v -0.30778205 -0.37791368 -0.11493589
v -0.15502492 -0.46518499 -0.07494984
v -0.14150843 -0.47057468 -0.07494984
v -0.13502051 -0.47297931 -0.07494984
v -0.12503910 -0.47637895 -0.07494984
v -0.11555676 -0.48114675 -0.05402886
v -0.10503469 -0.48446345 -0.05504117
v -0.11830166 -0.47944692 -0.06507986
v -0.30632645 -0.37646261 -0.12497458
v -0.30033758 -0.38027686 -0.13087969
v -0.29534689 -0.38268146 -0.13450712
v -0.28707063 -0.38811260 -0.13492891
v -0.28074908 -0.39043432 -0.14150889
v -0.27122515 -0.40075761 -0.12497458
v -0.25313386 -0.41166136 -0.12497458
v -0.23982531 -0.41987026 -0.11949126
v -0.26502836 -0.40465477 -0.12497458
v -0.25812456 -0.40888357 -0.12497458
v -0.24984831 -0.40987861 -0.13956864
v -0.21998726 -0.42998624 -0.11991306
v -0.21366569 -0.43172753 -0.12497458
v -0.20501515 -0.43558323 -0.12497458
v -0.17286669 -0.45117182 -0.11493589
v -0.19220567 -0.44088998 -0.12497458
v -0.16912366 -0.44963783 -0.12834893
v -0.17952096 -0.44976223 -0.10877769
v -0.17573634 -0.45200104 -0.10523462
v -0.16500634 -0.45639569 -0.10498156
v -0.16454884 -0.45834425 -0.09519593
v -0.16093059 -0.46033430 -0.09207466
v -0.14433649 -0.46812859 -0.08473545
v -0.14055188 -0.47020155 -0.08119238
v -0.09501170 -0.48748997 -0.05504117
v -0.07500729 -0.49225777 -0.05504117
v -0.08631955 -0.48914832 -0.06507986
v -0.08128726 -0.49026772 -0.06507986
v -0.06943434 -0.49346006 -0.05504117
v -0.06943434 -0.31962222 -0.40960103
v -0.07500729 -0.32451439 -0.40420204
v -0.07500729 -0.32953095 -0.39947796
v -0.07421710 -0.33566689 -0.39365721
v -0.08503029 -0.33367684 -0.39365721
v -0.09501170 -0.34246618 -0.38252187
v -0.09501170 -0.34744126 -0.37729162
v -0.10503469 -0.34619749 -0.37585753
v -0.12503910 -0.33317935 -0.38328111
v -0.13502051 -0.32667029 -0.38665545
v -0.13502051 -0.32165372 -0.39154822
v -0.10503469 -0.35075799 -0.37088037
v -0.11015017 -0.35001174 -0.37003678
v -0.11780259 -0.33931530 -0.37923187
v -0.14450285 -0.32476315 -0.38479954
v -0.14113413 -0.33044305 -0.38041288
v -0.14782999 -0.32903343 -0.37897879
v -0.15502492 -0.32754090 -0.37737596
v -0.15502492 -0.33226725 -0.37231445
v -0.16167919 -0.33073327 -0.37079597
v -0.16833347 -0.32919928 -0.36910880
v -0.17502934 -0.32766530 -0.36716855
v -0.18097658 -0.33044305 -0.36050421
v -0.18763086 -0.32870176 -0.35856396
v -0.19278792 -0.33160391 -0.35189962
v -0.18837947 -0.31891742 -0.36885571
v -0.19503373 -0.31178647 -0.37180829
v -0.18501073 -0.31493735 -0.37501395
v -0.18829629 -0.30888432 -0.37889445
v -0.20023239 -0.31012812 -0.37012112
v -0.21849003 -0.29860249 -0.36877137
v -0.19944219 -0.32961386 -0.34953761
v -0.22239943 -0.31166211 -0.35181528
v -0.22909530 -0.30917454 -0.34920013
v -0.22194195 -0.29196903 -0.37163955
v -0.21794939 -0.28790605 -0.37830395
v -0.23179859 -0.28185302 -0.37155521
v -0.23845287 -0.27841192 -0.36851829
v -0.24510713 -0.27513665 -0.36505961
v -0.25142869 -0.27181995 -0.36151654
v -0.24826792 -0.26754966 -0.36818087
v -0.25055534 -0.26087475 -0.37054288
v -0.24756089 -0.25502902 -0.37746030
v -0.24947400 -0.24918330 -0.37940061
v -0.25163662 -0.24254984 -0.38159388
v -0.24257019 -0.25502902 -0.38243747
v -0.24822633 -0.23724309 -0.38825828
v -0.31946862 -0.13898510 -0.36944628
v -0.31530970 -0.13566838 -0.37535137
v -0.31788823 -0.12501340 -0.37788212
v -0.25433993 -0.23396781 -0.38437778
v -0.26045355 -0.23073401 -0.38041288
v -0.32063311 -0.17119879 -0.35071862
v -0.31090125 -0.17165485 -0.36092603
v -0.31264800 -0.16502139 -0.36278188
v -0.31768030 -0.16502139 -0.35746729
v -0.31930226 -0.15863669 -0.35923886
v -0.31522653 -0.15552726 -0.36522830
v -0.32271260 -0.12501340 -0.37290496
v -0.32920051 -0.11784098 -0.36902446
v -0.33040658 -0.11116607 -0.37037420
v -0.33148789 -0.10503013 -0.37163955
v -0.32678834 -0.10503013 -0.37661672
v -0.33435756 -0.07090932 -0.38024420
v -0.34937125 -0.08790754 -0.35932320
v -0.35028625 -0.08123264 -0.36033553
v -0.34151089 -0.07501377 -0.37163955
v -0.33731040 -0.07090932 -0.37720728
v -0.48865351 -0.07090932 -0.07494984
v -0.48753059 -0.07501377 -0.07494984
v -0.48578385 -0.07501377 -0.08498853
v -0.48299736 -0.08500540 -0.08498853
v -0.48079315 -0.09238511 -0.08498853
v -0.47967023 -0.09918441 -0.07815547
v -0.47035426 -0.12090895 -0.08178289
v -0.47093651 -0.12236002 -0.07494984
v -0.44972602 -0.16945751 -0.07815547
v -0.44186565 -0.18380235 -0.08498853
v -0.46394950 -0.13500503 -0.08498853
v -0.46091351 -0.14209454 -0.08498853
v -0.45954108 -0.14905965 -0.07494984
v -0.44914377 -0.16813082 -0.08498853
v -0.43937030 -0.18881890 -0.08498853
v -0.42464772 -0.21502101 -0.09494286
v -0.42044723 -0.22086675 -0.10245079
v -0.41017467 -0.24035251 -0.10101669
v -0.39586800 -0.26502064 -0.10498156
v -0.40210637 -0.25390962 -0.10498156
v -0.39936149 -0.25892615 -0.10498156
v -0.39062774 -0.27111512 -0.11282691
v -0.37998092 -0.28993756 -0.10987436
v -0.37569723 -0.29499555 -0.11493589
v -0.37045699 -0.30075836 -0.12193766
v -0.36721304 -0.30444822 -0.12514329
v -0.36176485 -0.31249127 -0.12497458
v -0.36243027 -0.31535196 -0.11409230
v -0.35091007 -0.33131370 -0.11493589
v -0.34733340 -0.33628878 -0.11493589
v -0.35922790 -0.31891742 -0.11687614
v -0.35627508 -0.32405835 -0.11409230
v -0.34097025 -0.34122241 -0.12497458
v -0.33801740 -0.34785587 -0.11493589
v -0.33664498 -0.34623894 -0.12497458
v -0.33061454 -0.35059214 -0.13180764
v -0.32054994 -0.36054233 -0.13155456
v -0.13547799 -0.47152823 -0.08473545
v -0.12503910 -0.47509372 -0.08498853
v -0.11173056 -0.48052484 -0.07494984
v -0.10503469 -0.48363429 -0.06507986
v -0.11331095 -0.48102236 -0.06507986
v -0.09501170 -0.48674369 -0.06507986
v -0.31044376 -0.37045103 -0.13130149
v -0.30923769 -0.36929017 -0.13796583
v -0.30291614 -0.37273130 -0.14496760
v -0.29896516 -0.37911600 -0.13754404
v -0.29102162 -0.38077435 -0.15230681
v -0.29247725 -0.38181084 -0.14496760
v -0.28440893 -0.38715905 -0.14488325
v -0.27921027 -0.38948077 -0.14817324
v -0.26681671 -0.39802131 -0.14496760
v -0.26868820 -0.39914072 -0.13695352
v -0.27014384 -0.40005282 -0.13028918
v -0.24502395 -0.41589016 -0.12497458
v -0.23853604 -0.41924834 -0.12497458
v -0.26519471 -0.40204287 -0.13416968
v -0.26182598 -0.40108928 -0.14496760
v -0.25500536 -0.40523520 -0.14496760
v -0.25525489 -0.40225014 -0.15441579
v -0.24835110 -0.40913236 -0.14496760
v -0.23953418 -0.40975422 -0.15905552
v -0.22984390 -0.41991168 -0.13965300
v -0.23159064 -0.42078233 -0.13298866
v -0.21869799 -0.42932290 -0.12497458
v -0.21158624 -0.43073252 -0.13281994
v -0.20584694 -0.43255672 -0.13568814
v -0.19432673 -0.43769765 -0.13450712
v -0.19054210 -0.44018519 -0.13079533
v -0.16500634 -0.45432273 -0.11493589
v -0.18509391 -0.44151187 -0.13450712
v -0.17502934 -0.44553339 -0.13492891
v -0.16708580 -0.44876722 -0.13492891
v -0.16209508 -0.45079869 -0.13492891
v -0.15502492 -0.45598108 -0.12497458
v -0.15469220 -0.45834425 -0.11518896
v -0.15298705 -0.46116346 -0.10498156
v -0.15947497 -0.45975387 -0.09873901
v -0.15569034 -0.46186829 -0.09519593
v -0.14500192 -0.46613854 -0.09494286
v -0.13764064 -0.46904069 -0.09494286
v -0.13264993 -0.47098929 -0.09494286
v -0.09501170 -0.48570722 -0.07494984
v -0.08424009 -0.48869228 -0.07435932
v -0.08037230 -0.49006045 -0.07064754
v -0.07500729 -0.49159443 -0.06507986
v -0.06943434 -0.49271381 -0.06507986
v -0.06943434 -0.32957241 -0.40032154
v -0.06943434 -0.33243307 -0.39762205
v -0.06943434 -0.34014446 -0.39011413
v -0.07039090 -0.34006155 -0.39002979
v -0.08503029 -0.33865196 -0.38859570
v -0.08503029 -0.34346119 -0.38361853
v -0.06947593 -0.35987899 -0.36986804
v -0.09501170 -0.35208470 -0.37223011
v -0.08503029 -0.35822064 -0.36801213
v -0.12503910 -0.33819589 -0.37796646
v -0.13502051 -0.33156246 -0.38159388
v -0.09501170 -0.35705978 -0.36666238
v -0.10532582 -0.35643786 -0.36438471
v -0.10886091 -0.35967168 -0.35957628
v -0.11410114 -0.35303825 -0.36531270
v -0.12503910 -0.34271494 -0.37298930
v -0.14059347 -0.34018594 -0.37020546
v -0.14724775 -0.33894217 -0.36877137
v -0.15502492 -0.33724234 -0.36683112
v -0.15502492 -0.34159553 -0.36185396
v -0.15968291 -0.34984589 -0.34979063
v -0.16500634 -0.34856066 -0.34827220
v -0.18459484 -0.33317935 -0.35510528
v -0.18501073 -0.33865196 -0.34827220
v -0.19183137 -0.34093219 -0.34118605
v -0.19565758 -0.33537668 -0.34540403
v -0.19303745 -0.32206833 -0.36219138
v -0.22543544 -0.29536867 -0.36531270
v -0.23242243 -0.30254111 -0.35223705
v -0.19848564 -0.33910799 -0.33890837
v -0.20963155 -0.33972988 -0.32962894
v -0.20501515 -0.33201849 -0.34236711
v -0.21033856 -0.33019429 -0.34025812
v -0.21761668 -0.31833699 -0.34810346
v -0.22539385 -0.31522757 -0.34531963
v -0.24248701 -0.31240836 -0.33249712
v -0.23920147 -0.30913308 -0.33916146
v -0.23583275 -0.30585784 -0.34582579
v -0.22838828 -0.31879306 -0.33857095
v -0.23225607 -0.32161227 -0.33190662
v -0.23891035 -0.31908327 -0.32895404
v -0.22859623 -0.28848648 -0.36860263
v -0.24864222 -0.27849483 -0.35864830
v -0.25209412 -0.28218469 -0.35198396
v -0.25874838 -0.27832901 -0.34869397
v -0.26107737 -0.27165410 -0.35114038
v -0.25433993 -0.26394272 -0.36421603
v -0.25741753 -0.25502902 -0.36708421
v -0.26523632 -0.24536905 -0.36522830
v -0.26145169 -0.24225962 -0.37147087
v -0.32092425 -0.15200324 -0.36101037
v -0.33082247 -0.13177122 -0.36092603
v -0.32109061 -0.13231020 -0.37113345
v -0.27114198 -0.24176212 -0.36117911
v -0.27259761 -0.23413365 -0.36472213
v -0.27010223 -0.23019505 -0.37003678
v -0.29014823 -0.21033615 -0.36016679
v -0.29276836 -0.21419184 -0.35485220
v -0.31285596 -0.19429150 -0.34489787
v -0.32171446 -0.18313900 -0.34194529
v -0.32841030 -0.17712745 -0.33814913
v -0.33019865 -0.17045254 -0.34025812
v -0.32217193 -0.16502139 -0.35249013
v -0.32920051 -0.13844614 -0.35915446
v -0.32495841 -0.15494685 -0.35493654
v -0.32774487 -0.12501340 -0.36750597
v -0.33223653 -0.12501340 -0.36252880
v -0.34808201 -0.09503850 -0.35788912
v -0.35240728 -0.09503850 -0.35282755
v -0.35739797 -0.09503850 -0.34675372
v -0.35893679 -0.08500540 -0.34869397
v -0.35336381 -0.08475666 -0.35552704
v -0.35698208 -0.07090932 -0.35544270
v -0.35365495 -0.07090932 -0.35940754
v -0.35161710 -0.07090932 -0.36176962
v -0.34704226 -0.07090932 -0.36674678
v -0.48690677 -0.07090932 -0.08490416
v -0.48499364 -0.07090932 -0.09494286
v -0.48387074 -0.07501377 -0.09494286
v -0.48021090 -0.09064384 -0.09106236
v -0.47954547 -0.08844651 -0.09772670
v -0.47904640 -0.09736021 -0.08498853
v -0.47609356 -0.10503013 -0.08498853
v -0.47413886 -0.10503013 -0.09494286
v -0.46968883 -0.11929205 -0.08844724
v -0.46823323 -0.12455735 -0.08507288
v -0.44598299 -0.17501304 -0.08498853
v -0.44095069 -0.18201961 -0.09494286
v -0.42240191 -0.21585020 -0.10548770
v -0.46174529 -0.13546108 -0.09485850
v -0.45958266 -0.13910948 -0.09806413
v -0.45791909 -0.14441624 -0.09485850
v -0.44997555 -0.16000485 -0.09992003
v -0.44032687 -0.18073438 -0.10169156
v -0.44419464 -0.17501304 -0.09494286
v -0.41982338 -0.21970589 -0.10919949
v -0.40955085 -0.23927458 -0.10768104
v -0.39308152 -0.26589128 -0.11569512
v -0.39832175 -0.25701904 -0.11493589
v -0.38987917 -0.26982990 -0.11949126
v -0.38784128 -0.27468061 -0.11569512
v -0.37935707 -0.28898400 -0.11493589
v -0.38118702 -0.28201887 -0.12497458
v -0.37282759 -0.29565889 -0.12514329
v -0.36966681 -0.29943168 -0.12860200
v -0.36076671 -0.31104022 -0.13239814
v -0.35818818 -0.31750783 -0.12497458
v -0.35016146 -0.33023575 -0.12067229
v -0.34633526 -0.33413291 -0.12438406
v -0.34018004 -0.34022740 -0.13054225
v -0.32949162 -0.34947276 -0.13847198
v -0.31938544 -0.35942292 -0.13821891
v -0.12503910 -0.47360119 -0.09494286
v -0.11501610 -0.47671062 -0.09494286
v -0.31817937 -0.35826206 -0.14496760
v -0.30790684 -0.36800495 -0.14496760
v -0.29746795 -0.37774783 -0.14496760
v -0.30129415 -0.37123877 -0.15289733
v -0.28948280 -0.37957203 -0.15897116
v -0.28116497 -0.38077435 -0.17229983
v -0.28295332 -0.38193521 -0.16496062
v -0.28565660 -0.38322043 -0.15534373
v -0.26041195 -0.40021867 -0.15070400
v -0.27451071 -0.38720050 -0.16496062
v -0.26552743 -0.39271456 -0.16496062
v -0.25679371 -0.39802131 -0.16496062
v -0.25034738 -0.40017718 -0.17052831
v -0.24502395 -0.40498644 -0.16496062
v -0.20468244 -0.42791331 -0.15509066
v -0.20975631 -0.42986187 -0.13956864
v -0.23782903 -0.40888357 -0.16496062
v -0.23092522 -0.41041756 -0.17137189
v -0.23283832 -0.41132969 -0.16496062
v -0.21757507 -0.41879231 -0.16496062
v -0.21495497 -0.42832789 -0.13568814
v -0.20110576 -0.43048376 -0.15188502
v -0.19503373 -0.43475404 -0.14496760
v -0.18850422 -0.43935600 -0.13745967
v -0.15115713 -0.46041721 -0.11198333
v -0.19910946 -0.42961311 -0.15854937
v -0.16030675 -0.45009390 -0.14041223
v -0.15502492 -0.45349354 -0.13492891
v -0.14042711 -0.46012700 -0.13054225
v -0.13502051 -0.46352664 -0.12497458
v -0.13502051 -0.46593127 -0.11493589
v -0.14924403 -0.45967096 -0.11864766
v -0.14554258 -0.46186829 -0.11518896
v -0.13106954 -0.47040886 -0.10186028
v -0.09501170 -0.48421472 -0.08498853
v -0.08503029 -0.48558286 -0.09494286
v -0.08503029 -0.48703390 -0.08498853
v -0.07500729 -0.48786312 -0.09494286
v -0.06943434 -0.49159443 -0.07469676
v -0.06943434 -0.49225777 -0.06921344
v -0.07804331 -0.48964584 -0.07722752
v -0.06943434 -0.35996190 -0.36978370
v -0.07500729 -0.36879268 -0.35864830
v -0.07500729 -0.36381760 -0.36421603
v -0.08503029 -0.36269820 -0.36303496
v -0.13502051 -0.34109804 -0.37121779
v -0.13502051 -0.33653754 -0.37619495
v -0.08503029 -0.36771476 -0.35738295
v -0.09501170 -0.36145443 -0.36168522
v -0.10220663 -0.36054233 -0.36058855
v -0.08503029 -0.37206793 -0.35232145
v -0.09334813 -0.37090710 -0.35105604
v -0.10000241 -0.36999500 -0.34995937
v -0.11501610 -0.36282259 -0.35350245
v -0.11501610 -0.35875958 -0.35847962
v -0.12503910 -0.35212612 -0.36244446
v -0.12503910 -0.34769002 -0.36742163
v -0.13252516 -0.35084090 -0.36101037
v -0.13917944 -0.34968007 -0.35957628
v -0.14433649 -0.34304661 -0.36522830
v -0.14500192 -0.34864357 -0.35831088
v -0.15581511 -0.34719253 -0.35485220
v -0.15552399 -0.35515267 -0.34523529
v -0.15797776 -0.35917419 -0.33882403
v -0.16500634 -0.35262364 -0.34329504
v -0.17985368 -0.33989573 -0.34987503
v -0.17199332 -0.35096529 -0.34118605
v -0.17864758 -0.34926546 -0.33907712
v -0.18501073 -0.34769002 -0.33696812
v -0.17715037 -0.35855228 -0.32811046
v -0.19440991 -0.34466350 -0.33452171
v -0.23911829 -0.29901707 -0.34903145
v -0.19694683 -0.34835336 -0.32777303
v -0.20293568 -0.34167844 -0.33224404
v -0.20559740 -0.34532684 -0.32541096
v -0.20821750 -0.34897524 -0.31849355
v -0.21894753 -0.34930691 -0.30912974
v -0.22007044 -0.34002009 -0.32001203
v -0.21503815 -0.33782277 -0.32726687
v -0.22098540 -0.33069181 -0.33080995
v -0.22173400 -0.32119769 -0.34143913
v -0.24897493 -0.31895888 -0.31891537
v -0.24914129 -0.30905017 -0.32895404
v -0.24577257 -0.30577490 -0.33570272
v -0.24905811 -0.29897562 -0.33899271
v -0.24564779 -0.29565889 -0.34565705
v -0.23508413 -0.32505336 -0.32507354
v -0.24232066 -0.32181957 -0.32228971
v -0.24893335 -0.28881815 -0.34886271
v -0.25546286 -0.28545997 -0.34540403
v -0.26174283 -0.28210178 -0.34202963
v -0.27122515 -0.28164575 -0.33140045
v -0.26839709 -0.27758273 -0.33806479
v -0.26473725 -0.27459770 -0.34464478
v -0.26985270 -0.25975534 -0.34979063
v -0.25812456 -0.26701069 -0.35780472
v -0.27060130 -0.27090785 -0.34059554
v -0.28153926 -0.25237563 -0.34169221
v -0.26902092 -0.24843702 -0.35881704
v -0.33485663 -0.13475628 -0.35485220
v -0.34042957 -0.13102496 -0.35054988
v -0.28070748 -0.24114023 -0.35080296
v -0.27817056 -0.23500429 -0.35788912
v -0.27979252 -0.22957316 -0.35966063
v -0.30944562 -0.20909238 -0.33933020
v -0.29979694 -0.20971426 -0.34979063
v -0.31984293 -0.18981391 -0.33983630
v -0.33123839 -0.18226837 -0.33148479
v -0.34067911 -0.18131480 -0.32085562
v -0.33818376 -0.17501304 -0.32785738
v -0.33706087 -0.16564327 -0.33494353
v -0.33851647 -0.15697834 -0.33823353
v -0.33452392 -0.15411766 -0.34447604
v -0.32895097 -0.15789044 -0.34877837
v -0.32720423 -0.16502139 -0.34675372
v -0.33968097 -0.16937459 -0.32954454
v -0.33057293 -0.15125698 -0.35063422
v -0.33726880 -0.12501340 -0.35687679
v -0.34163567 -0.12501340 -0.35189962
v -0.35099325 -0.10262550 -0.35114038
v -0.36039239 -0.10105006 -0.34042686
v -0.36143214 -0.09503850 -0.34177655
v -0.36292934 -0.08500540 -0.34371680
v -0.35972697 -0.07895239 -0.34962195
v -0.36068353 -0.07090932 -0.35088730
v -0.48374599 -0.07090932 -0.10076361
v -0.48154175 -0.07542837 -0.10523462
v -0.48046044 -0.08177160 -0.10211335
v -0.47576085 -0.09503850 -0.10498156
v -0.47817302 -0.09441662 -0.09460542
v -0.47879687 -0.08508833 -0.10523462
v -0.47655106 -0.08500540 -0.11493589
v -0.47343186 -0.09503850 -0.11493589
v -0.47106129 -0.11265860 -0.09494286
v -0.47180986 -0.10544473 -0.10498156
v -0.47035426 -0.11095878 -0.10160720
v -0.46602899 -0.12501340 -0.09494286
v -0.46091351 -0.13231020 -0.10498156
v -0.45883405 -0.13728528 -0.10498156
v -0.45550692 -0.14503813 -0.10498156
v -0.44668999 -0.16502139 -0.10498156
v -0.43966144 -0.17928332 -0.10835590
v -0.44199044 -0.17559347 -0.10498156
v -0.42976320 -0.19955680 -0.10877769
v -0.42165330 -0.21340412 -0.11493589
v -0.41919953 -0.21842065 -0.11493589
v -0.41283637 -0.22588331 -0.12564945
v -0.41570604 -0.22501266 -0.11493589
v -0.41150552 -0.23280695 -0.11493589
v -0.40106666 -0.25200251 -0.11493589
v -0.39216655 -0.26373541 -0.12497458
v -0.40988356 -0.22982191 -0.12944558
v -0.39952785 -0.24922475 -0.12801149
v -0.39744839 -0.25436568 -0.12480586
v -0.38921371 -0.26875198 -0.12497458
v -0.38542911 -0.27501228 -0.12497458
v -0.38039681 -0.28069219 -0.13130149
v -0.36871025 -0.29789770 -0.13492891
v -0.36213917 -0.30320445 -0.14496760
v -0.36342841 -0.30573344 -0.13543506
v -0.38147813 -0.27240035 -0.14496760
v -0.38047999 -0.27082491 -0.15163195
v -0.37948185 -0.26920801 -0.15829629
v -0.34924650 -0.32899198 -0.12733662
v -0.35968539 -0.30958915 -0.13906249
v -0.35265681 -0.32538503 -0.12438406
v -0.35336381 -0.31560069 -0.14513633
v -0.34259224 -0.33521083 -0.13433839
v -0.33905715 -0.33873487 -0.13720660
v -0.33123839 -0.34155408 -0.15323475
v -0.33273560 -0.34325391 -0.14496760
v -0.32836872 -0.34827045 -0.14496760
v -0.32333642 -0.35324553 -0.14496760
v -0.12549658 -0.47165263 -0.10506591
v -0.11501610 -0.47496933 -0.10498156
v -0.10058466 -0.48015171 -0.10076361
v -0.32142332 -0.35137987 -0.15492193
v -0.32025883 -0.35021901 -0.16057397
v -0.31214893 -0.35196030 -0.17499933
v -0.29355857 -0.37331173 -0.16496062
v -0.29122955 -0.37115586 -0.17499933
v -0.29006505 -0.37003645 -0.18006083
v -0.28465846 -0.37671137 -0.17533675
v -0.27945980 -0.37961349 -0.17896418
v -0.27571678 -0.38313752 -0.17533675
v -0.26918727 -0.38943928 -0.16825062
v -0.26731578 -0.38836136 -0.17499933
v -0.26232505 -0.39138788 -0.17499933
v -0.25421518 -0.39652878 -0.17432445
v -0.24173841 -0.40100637 -0.18292904
v -0.24506554 -0.40200138 -0.17432445
v -0.21254279 -0.42123839 -0.16496062
v -0.23458506 -0.40751544 -0.17483060
v -0.22880417 -0.40938109 -0.17803624
v -0.22531067 -0.41207594 -0.17483060
v -0.21071286 -0.42032629 -0.17103446
v -0.19241361 -0.43093979 -0.16318908
v -0.17078723 -0.44026810 -0.16099577
v -0.15801933 -0.44922328 -0.14707658
v -0.20505673 -0.42181882 -0.17457753
v -0.19565758 -0.42260653 -0.18545981
v -0.19503373 -0.42621347 -0.17499933
v -0.18804675 -0.42919853 -0.17499933
v -0.15481697 -0.45117182 -0.14420837
v -0.12503910 -0.46472895 -0.13492891
v -0.14500192 -0.45465440 -0.14496760
v -0.12420732 -0.46771401 -0.12421535
v -0.12033953 -0.47007716 -0.12041920
v -0.12707698 -0.46891630 -0.11493589
v -0.12911485 -0.46966258 -0.10852462
v -0.09501170 -0.48268074 -0.09494286
v -0.08503029 -0.48371720 -0.10498156
v -0.07500729 -0.48612183 -0.10498156
v -0.06943434 -0.48711684 -0.10498156
v -0.06943434 -0.48877519 -0.09528030
v -0.06943434 -0.48977023 -0.08827852
v -0.06943434 -0.36933166 -0.35923886
v -0.07500729 -0.37314588 -0.35367113
v -0.07500729 -0.37816244 -0.34759736
v -0.08503029 -0.37704304 -0.34624761
v -0.09546918 -0.37509447 -0.34515095
v -0.09455422 -0.38305461 -0.33544970
v -0.11501610 -0.36783913 -0.34725988
v -0.12229422 -0.37069979 -0.34084862
v -0.12503910 -0.36120567 -0.35147786
v -0.12503910 -0.35714269 -0.35645503
v -0.12894849 -0.36962187 -0.33949888
v -0.13502051 -0.36854392 -0.33806479
v -0.15132348 -0.36050087 -0.34059554
v -0.16500634 -0.36137152 -0.33190662
v -0.16500634 -0.35764021 -0.33688378
v -0.14907767 -0.36962187 -0.32946020
v -0.17049611 -0.36021066 -0.33030379
v -0.18201631 -0.36108130 -0.32144612
v -0.20152165 -0.35079944 -0.32110870
v -0.21470544 -0.35482097 -0.30474308
v -0.19112435 -0.37057543 -0.30077821
v -0.21046333 -0.36025211 -0.30035645
v -0.22264896 -0.35171154 -0.30246538
v -0.22930324 -0.34943131 -0.29925978
v -0.22560179 -0.34735835 -0.30541795
v -0.25205255 -0.32186103 -0.31225103
v -0.26157647 -0.32165372 -0.30179054
v -0.25870681 -0.31850284 -0.30845487
v -0.25887316 -0.29876834 -0.32870096
v -0.25221890 -0.30237526 -0.33232838
v -0.25887316 -0.28873524 -0.33873963
v -0.23416917 -0.34196866 -0.30423695
v -0.23795378 -0.32845300 -0.31798741
v -0.24810156 -0.32853594 -0.30811745
v -0.26195076 -0.29209343 -0.33207530
v -0.26860502 -0.28827918 -0.32836354
v -0.27821213 -0.28749147 -0.31781870
v -0.28058273 -0.28085801 -0.32068688
v -0.27787942 -0.27671212 -0.32735121
v -0.28004205 -0.27003720 -0.32996637
v -0.27862802 -0.24781513 -0.34835654
v -0.28815195 -0.24706888 -0.33772737
v -0.29018983 -0.24039397 -0.34025812
v -0.30037919 -0.25063437 -0.32043380
v -0.33884919 -0.13769987 -0.34869397
v -0.34729180 -0.12592550 -0.34481347
v -0.34687591 -0.14553563 -0.33485913
v -0.34874743 -0.13500503 -0.33848661
v -0.34991193 -0.12982266 -0.33983630
v -0.29181182 -0.23500429 -0.34211403
v -0.30083665 -0.22144717 -0.34093297
v -0.28931645 -0.22886835 -0.34920013
v -0.30769888 -0.21502101 -0.33730555
v -0.31892797 -0.20818028 -0.32870096
v -0.32079947 -0.20150536 -0.33097863
v -0.32766169 -0.19503775 -0.32718253
v -0.33028182 -0.20051035 -0.32026511
v -0.34442216 -0.18405110 -0.31427562
v -0.35003668 -0.18011250 -0.31005770
v -0.34733340 -0.17501304 -0.31663767
v -0.34130296 -0.16269968 -0.33156919
v -0.34138614 -0.14503813 -0.34160787
v -0.34903854 -0.16808936 -0.31874663
v -0.34970397 -0.10930042 -0.34962195
v -0.35120118 -0.12314774 -0.34143913
v -0.35502741 -0.10519597 -0.34506655
v -0.35910314 -0.10772496 -0.33890837
v -0.36854389 -0.10503013 -0.32811046
v -0.36962521 -0.09897710 -0.32954454
v -0.36696351 -0.09541163 -0.33452171
v -0.37070653 -0.09234366 -0.33089429
v -0.36792004 -0.08500540 -0.33722121
v -0.37112242 -0.07090932 -0.33755863
v -0.36962521 -0.07090932 -0.33949888
v -0.36825275 -0.07090932 -0.34127045
v -0.48278943 -0.07090932 -0.10515027
v -0.48137540 -0.07090932 -0.11113974
v -0.47971183 -0.07899384 -0.10877769
v -0.47014630 -0.10046963 -0.12067229
v -0.47085333 -0.10212800 -0.11493589
v -0.48062679 -0.07236040 -0.11257384
v -0.48029408 -0.07090932 -0.11552639
v -0.47904640 -0.07542837 -0.11552639
v -0.47397250 -0.08500540 -0.12497458
v -0.47114444 -0.09478974 -0.12438406
v -0.46960565 -0.10905166 -0.10827154
v -0.45945787 -0.12874472 -0.11771972
v -0.45787752 -0.13438314 -0.11459845
v -0.44997555 -0.14997175 -0.11982869
v -0.45072415 -0.15171303 -0.11316435
v -0.44111705 -0.17260841 -0.11493589
v -0.43891281 -0.17758349 -0.11493589
v -0.43259126 -0.18587530 -0.12564945
v -0.43150994 -0.19313064 -0.11493589
v -0.42572904 -0.20502940 -0.11493589
v -0.41845095 -0.21493810 -0.12590252
v -0.41183823 -0.22352013 -0.13492891
v -0.41063216 -0.23119006 -0.12278125
v -0.39091888 -0.26162100 -0.13492891
v -0.40917653 -0.22853668 -0.13492891
v -0.39865446 -0.24764931 -0.13492891
v -0.39457873 -0.25502902 -0.13492891
v -0.38792446 -0.26659608 -0.13492891
v -0.39012867 -0.26029432 -0.14058095
v -0.38667679 -0.26419148 -0.14429274
v -0.36084989 -0.30133879 -0.15264425
v -0.35872883 -0.30817953 -0.14496760
v -0.38272581 -0.26551816 -0.15492193
v -0.37066495 -0.28110677 -0.16183935
v -0.35976857 -0.29963896 -0.15930858
v -0.38800764 -0.25656301 -0.15492193
v -0.38135338 -0.26228434 -0.16496062
v -0.37827575 -0.26730090 -0.16496062
v -0.37303552 -0.27550980 -0.16512933
v -0.35748115 -0.30477989 -0.15559681
v -0.35199139 -0.31274003 -0.15492193
v -0.34949604 -0.31933203 -0.14851066
v -0.34683433 -0.32451439 -0.14513633
v -0.34142774 -0.33193558 -0.14496760
v -0.33772629 -0.33695212 -0.14496760
v -0.34038800 -0.33052596 -0.15104143
v -0.33518934 -0.33525229 -0.15542808
v -0.32994911 -0.33993718 -0.15989910
v -0.32712105 -0.34491226 -0.15593424
v -0.12208627 -0.47069907 -0.11493589
v -0.11501610 -0.47285491 -0.11493589
v -0.09484534 -0.48102236 -0.10439104
v -0.10503469 -0.47575706 -0.11493589
v -0.31880319 -0.34885088 -0.16723831
v -0.31713963 -0.34710959 -0.17499933
v -0.31069329 -0.35063362 -0.18132623
v -0.29626185 -0.36655390 -0.17499933
v -0.30037919 -0.36033502 -0.18073571
v -0.30225068 -0.35204321 -0.19499233
v -0.29671934 -0.35705978 -0.19499233
v -0.28170562 -0.37148753 -0.19313645
v -0.28499117 -0.37268984 -0.18402570
v -0.27771306 -0.37832826 -0.18495366
v -0.26889616 -0.37928182 -0.19811362
v -0.27085084 -0.38048413 -0.19144928
v -0.26061991 -0.39035138 -0.18098879
v -0.23978372 -0.39984551 -0.18959337
v -0.23587433 -0.40328664 -0.18571287
v -0.22531067 -0.40863484 -0.18588160
v -0.21994567 -0.40992007 -0.18984646
v -0.20842546 -0.41924834 -0.17769879
v -0.17448866 -0.43773910 -0.16453883
v -0.15552399 -0.44217521 -0.17525239
v -0.15502492 -0.44536757 -0.16496062
v -0.15481697 -0.44822824 -0.15509066
v -0.14891131 -0.44955492 -0.15846500
v -0.14537622 -0.45183519 -0.15509066
v -0.20177118 -0.42078233 -0.18242289
v -0.18447009 -0.42766455 -0.18453187
v -0.19940060 -0.41970441 -0.18908723
v -0.19212249 -0.42094818 -0.19499233
v -0.18501073 -0.42397469 -0.19499233
v -0.17490456 -0.43152022 -0.18453187
v -0.15918384 -0.43964621 -0.17879546
v -0.12545499 -0.46190971 -0.14513633
v -0.11501610 -0.46564105 -0.14496760
v -0.12911485 -0.45962948 -0.14859504
v -0.11763623 -0.46928945 -0.12708354
v -0.11460021 -0.47086489 -0.12421535
v -0.09143503 -0.48040047 -0.11173025
v -0.08527982 -0.48139548 -0.11502025
v -0.08211905 -0.48056632 -0.12235945
v -0.07546477 -0.48156133 -0.12539637
v -0.07500729 -0.48400742 -0.11493589
v -0.06943434 -0.48508537 -0.11493589
v -0.06943434 -0.37314588 -0.35468346
v -0.06943434 -0.37857702 -0.34818786
v -0.08503029 -0.38094020 -0.34127045
v -0.06943434 -0.38243270 -0.34321070
v -0.07500729 -0.38193521 -0.34262019
v -0.08765042 -0.38956368 -0.32937586
v -0.09089437 -0.38023537 -0.34025812
v -0.10503469 -0.38214248 -0.33275020
v -0.11501610 -0.37177774 -0.34228271
v -0.09501170 -0.38861012 -0.32811046
v -0.11310300 -0.38094020 -0.33123171
v -0.11979887 -0.37990370 -0.32988197
v -0.12537181 -0.37368485 -0.33570272
v -0.13502051 -0.37231672 -0.33308762
v -0.14238180 -0.37090710 -0.33123171
v -0.15502492 -0.37202650 -0.32279587
v -0.16167919 -0.37065834 -0.32093996
v -0.14013599 -0.38002807 -0.32001203
v -0.16833347 -0.36929017 -0.31891537
v -0.17432231 -0.36236653 -0.32482046
v -0.18871218 -0.35925710 -0.31891537
v -0.17502934 -0.36775619 -0.31672204
v -0.18006162 -0.36999500 -0.30997333
v -0.21715918 -0.35838646 -0.29740387
v -0.18517709 -0.37725031 -0.29478875
v -0.18858740 -0.37932327 -0.28879929
v -0.19465944 -0.37248254 -0.29478875
v -0.19777861 -0.36875123 -0.29807875
v -0.18405418 -0.37165335 -0.30449000
v -0.20160483 -0.37086564 -0.29141438
v -0.22751489 -0.35846937 -0.28770262
v -0.23109157 -0.36066669 -0.28103828
v -0.23254719 -0.35183591 -0.29259542
v -0.23554161 -0.34748274 -0.29554796
v -0.25151187 -0.33110639 -0.30145311
v -0.25816613 -0.32832864 -0.29791003
v -0.27047655 -0.33044305 -0.28061646
v -0.26823074 -0.31796387 -0.29765695
v -0.27118355 -0.31128895 -0.30136871
v -0.27155787 -0.29163736 -0.32169920
v -0.26523632 -0.29520285 -0.32524228
v -0.24144728 -0.33102348 -0.31132305
v -0.28091544 -0.29109839 -0.31115437
v -0.29010665 -0.29014483 -0.30010337
v -0.29181182 -0.28496245 -0.30238104
v -0.28977394 -0.27965569 -0.30963588
v -0.29193658 -0.27302223 -0.31250408
v -0.29821655 -0.25730926 -0.31764996
v -0.29792541 -0.24503738 -0.32751995
v -0.31975976 -0.21966444 -0.31967458
v -0.31738916 -0.21580875 -0.32524228
v -0.30998629 -0.26000410 -0.29993463
v -0.30957040 -0.24930766 -0.30938280
v -0.30740777 -0.24561781 -0.31528795
v -0.31468588 -0.23454824 -0.31461304
v -0.30907133 -0.23848686 -0.31874663
v -0.34957922 -0.14918403 -0.32946020
v -0.35115960 -0.14250912 -0.33140045
v -0.35282317 -0.13500503 -0.33350945
v -0.35773069 -0.11502177 -0.33713686
v -0.35922790 -0.12799846 -0.32895404
v -0.32171446 -0.21298954 -0.32203662
v -0.32836872 -0.20718527 -0.31790304
v -0.35989332 -0.15983900 -0.30980462
v -0.36147374 -0.15316410 -0.31191358
v -0.35332224 -0.16485555 -0.31528795
v -0.33248603 -0.20432457 -0.31478179
v -0.33098882 -0.21174575 -0.31123871
v -0.33793423 -0.20502940 -0.30718949
v -0.34508759 -0.19524506 -0.30516487
v -0.35066053 -0.19118206 -0.30086258
v -0.35773069 -0.18575093 -0.29529488
v -0.35914472 -0.17832975 -0.29883796
v -0.36072510 -0.17165485 -0.30103129
v -0.35066053 -0.16141446 -0.32077125
v -0.35219932 -0.15502976 -0.32271150
v -0.36317888 -0.12480611 -0.32541096
v -0.36717144 -0.11556074 -0.32473612
v -0.36970839 -0.11929205 -0.31959021
v -0.37237009 -0.10503013 -0.32304895
v -0.37902436 -0.09503850 -0.31866229
v -0.37365937 -0.09541163 -0.32566404
v -0.37166309 -0.08500540 -0.33224404
v -0.37981457 -0.08940007 -0.31975895
v -0.38206038 -0.07090932 -0.32279587
v -0.37790146 -0.07501377 -0.32709813
v -0.46927294 -0.09798209 -0.12733662
v -0.46765095 -0.10428387 -0.12438406
v -0.46083033 -0.12206981 -0.12311868
v -0.46565467 -0.11502177 -0.11493589
v -0.47892165 -0.07090932 -0.12084100
v -0.47671741 -0.07501377 -0.12497458
v -0.47039586 -0.09130718 -0.13130149
v -0.45509100 -0.13500503 -0.12497458
v -0.45151436 -0.14354560 -0.12497458
v -0.44935173 -0.14856215 -0.12497458
v -0.43957824 -0.16908439 -0.12818021
v -0.44036844 -0.17086712 -0.12151587
v -0.43795627 -0.17451552 -0.12489022
v -0.42984638 -0.18973100 -0.12936123
v -0.41994816 -0.20996302 -0.12986739
v -0.43146837 -0.18318047 -0.13492891
v -0.41612193 -0.21502101 -0.13492891
v -0.41079852 -0.22157155 -0.14285862
v -0.40052599 -0.24097440 -0.14184633
v -0.40256387 -0.23558472 -0.14513633
v -0.39761475 -0.24458134 -0.14513633
v -0.38917214 -0.25859448 -0.14724529
v -0.36945885 -0.27919966 -0.16850370
v -0.37033224 -0.27053469 -0.18073571
v -0.36060035 -0.29093257 -0.17154062
v -0.35926950 -0.28890106 -0.17820495
v -0.35685733 -0.29453951 -0.17491496
v -0.35041100 -0.30059251 -0.18090443
v -0.35161710 -0.30229235 -0.17499933
v -0.35074371 -0.31099874 -0.16183935
v -0.39083570 -0.25154644 -0.15492193
v -0.39004552 -0.25013685 -0.16015217
v -0.38888100 -0.24814682 -0.16681652
v -0.38027203 -0.26054308 -0.17078137
v -0.38642725 -0.25407547 -0.16403268
v -0.37657061 -0.26431584 -0.17449316
v -0.37141353 -0.27227598 -0.17499933
v -0.34833154 -0.31775656 -0.15492193
v -0.34259224 -0.31506175 -0.17432445
v -0.32890937 -0.33852756 -0.16496062
v -0.32050836 -0.34060052 -0.18107316
v -0.32179761 -0.34209305 -0.17499933
v -0.32329485 -0.34528539 -0.16437012
v -0.10503469 -0.47343534 -0.12497458
v -0.08881491 -0.47961277 -0.11839460
v -0.31476906 -0.34482935 -0.18453187
v -0.31214893 -0.34234181 -0.19499233
v -0.30724141 -0.34735835 -0.19499233
v -0.30898815 -0.34905815 -0.18799058
v -0.30062872 -0.35059214 -0.20106618
v -0.27991730 -0.36991209 -0.19980079
v -0.27538407 -0.37538469 -0.19558285
v -0.25783342 -0.37870139 -0.21498537
v -0.26220030 -0.38127187 -0.20300643
v -0.24988990 -0.38989535 -0.19980079
v -0.23803698 -0.39880905 -0.19499233
v -0.27330461 -0.37264836 -0.20494668
v -0.26016241 -0.37007791 -0.23016994
v -0.23304626 -0.40166971 -0.19499233
v -0.22501954 -0.40569124 -0.19499233
v -0.21794939 -0.40900797 -0.19499233
v -0.21295868 -0.41132969 -0.19499233
v -0.20501515 -0.41501951 -0.19499233
v -0.19715479 -0.41866791 -0.19499233
v -0.15252957 -0.44097292 -0.18301341
v -0.14500192 -0.44627964 -0.17499933
v -0.14537622 -0.44885013 -0.16571985
v -0.12241898 -0.46087325 -0.15315041
v -0.17814851 -0.42923999 -0.18756878
v -0.19012621 -0.42003608 -0.20005387
v -0.18447009 -0.42107254 -0.20401873
v -0.18072705 -0.42028484 -0.21076743
v -0.17502934 -0.42463803 -0.20494668
v -0.17490456 -0.42807913 -0.19499233
v -0.17149425 -0.43056667 -0.19170235
v -0.11593106 -0.46240723 -0.15584987
v -0.10503469 -0.46605563 -0.15492193
v -0.10486834 -0.46866757 -0.14488325
v -0.11460021 -0.46833587 -0.13467583
v -0.11098196 -0.47024301 -0.13113277
v -0.09850520 -0.46957964 -0.14825758
v -0.07908304 -0.47973713 -0.12902379
v -0.07242876 -0.48060775 -0.13248250
v -0.06943434 -0.48284656 -0.12514329
v -0.06943434 -0.39636296 -0.32465178
v -0.08095455 -0.39014411 -0.33021945
v -0.06943434 -0.39976260 -0.32009637
v -0.08503029 -0.39831153 -0.31748125
v -0.09501170 -0.39719212 -0.31587845
v -0.09501170 -0.39217559 -0.32313329
v -0.10503469 -0.39076596 -0.32110870
v -0.10503469 -0.38715905 -0.32608587
v -0.11010858 -0.39001971 -0.32001203
v -0.11676286 -0.38894179 -0.31849355
v -0.12503910 -0.38761508 -0.31655329
v -0.12503910 -0.38259855 -0.32363945
v -0.12503910 -0.37903306 -0.32861662
v -0.13502051 -0.37729180 -0.32625455
v -0.14679027 -0.37870139 -0.31807178
v -0.14408696 -0.38201812 -0.31486613
v -0.15539922 -0.37737471 -0.31486613
v -0.13502051 -0.38089871 -0.32127738
v -0.12503910 -0.39109766 -0.31157613
v -0.13052888 -0.39014411 -0.31022638
v -0.15232162 -0.38098165 -0.31140745
v -0.15901747 -0.37953058 -0.30929846
v -0.17502934 -0.37111437 -0.31166050
v -0.17436391 -0.37617239 -0.30423695
v -0.17727515 -0.37878430 -0.29807875
v -0.22086063 -0.36045942 -0.29073954
v -0.18193313 -0.38085726 -0.29141438
v -0.18517709 -0.38284731 -0.28525621
v -0.18563458 -0.38815406 -0.27530187
v -0.18937761 -0.38968804 -0.26939678
v -0.19553280 -0.38342774 -0.27555496
v -0.19249679 -0.38118893 -0.28213495
v -0.19919266 -0.37957203 -0.27926674
v -0.19553280 -0.37787223 -0.28525621
v -0.20572215 -0.37816244 -0.27555496
v -0.22526908 -0.36746597 -0.27513316
v -0.22872099 -0.36924875 -0.26863754
v -0.23466824 -0.36232507 -0.27454263
v -0.24086504 -0.36058378 -0.27099958
v -0.23778743 -0.35842791 -0.27766392
v -0.23920147 -0.34934837 -0.28905237
v -0.24227907 -0.35175300 -0.28238803
v -0.24710342 -0.33778131 -0.29689771
v -0.25421518 -0.33434021 -0.29402953
v -0.26103580 -0.33085763 -0.29124570
v -0.28000048 -0.31995392 -0.27994162
v -0.28041637 -0.31045979 -0.29048645
v -0.27434435 -0.31423256 -0.29411387
v -0.27085084 -0.32090747 -0.29099262
v -0.26465407 -0.33272329 -0.28432828
v -0.25987130 -0.33985424 -0.27977288
v -0.26552743 -0.33778131 -0.27580804
v -0.26918727 -0.33931530 -0.26889062
v -0.27846166 -0.33856902 -0.25792396
v -0.28174722 -0.33189410 -0.26247936
v -0.27945980 -0.32932365 -0.26914370
v -0.28079066 -0.30088273 -0.30086258
v -0.28798559 -0.29748309 -0.29495746
v -0.28985712 -0.29984626 -0.28981158
v -0.29888198 -0.29851958 -0.27833879
v -0.30129415 -0.29184467 -0.28188187
v -0.31019422 -0.28036049 -0.28027904
v -0.31913590 -0.26875198 -0.27867621
v -0.32138175 -0.26211852 -0.28196621
v -0.31901115 -0.25851157 -0.28863055
v -0.29543006 -0.27571708 -0.30558667
v -0.32903415 -0.21842065 -0.30870795
v -0.32113218 -0.25183666 -0.29158312
v -0.31872001 -0.24802244 -0.29824746
v -0.31518495 -0.24532759 -0.30524921
v -0.32953322 -0.22928295 -0.29934412
v -0.33157110 -0.22260803 -0.30204362
v -0.32732898 -0.22555162 -0.30524921
v -0.35502741 -0.14516251 -0.32507354
v -0.36051717 -0.14114097 -0.32060254
v -0.35781386 -0.13500503 -0.32718253
v -0.36172324 -0.13500503 -0.32220536
v -0.36521676 -0.15548581 -0.30524921
v -0.36833593 -0.14503813 -0.30761129
v -0.36966681 -0.13915095 -0.30946717
v -0.33460709 -0.21435767 -0.30449000
v -0.34013847 -0.21033615 -0.30018771
v -0.34874743 -0.19785696 -0.29824746
v -0.35294795 -0.19470608 -0.29495746
v -0.35972697 -0.18956515 -0.28955853
v -0.36147374 -0.18293171 -0.29217362
v -0.36313730 -0.17501304 -0.29529488
v -0.37049860 -0.15109114 -0.30069387
v -0.36862707 -0.12501340 -0.31815612
v -0.37228692 -0.12501340 -0.31317896
v -0.37736079 -0.10503013 -0.31630021
v -0.38093746 -0.10503013 -0.31132305
v -0.39012867 -0.10042818 -0.30018771
v -0.38251787 -0.09503850 -0.31360075
v -0.38750857 -0.09503850 -0.30626154
v -0.38958803 -0.07833050 -0.30938280
v -0.39037824 -0.07165559 -0.31056383
v -0.38730061 -0.07090932 -0.31528795
v -0.38409823 -0.07090932 -0.31992766
v -0.46815002 -0.09478974 -0.13476020
v -0.46053922 -0.10142319 -0.15154758
v -0.46428221 -0.10503013 -0.13492891
v -0.45991537 -0.11991394 -0.12978303
v -0.45059937 -0.14143118 -0.13206071
v -0.47775716 -0.07090932 -0.12522766
v -0.47118604 -0.08463228 -0.13476020
v -0.46935612 -0.08770025 -0.13796583
v -0.46482289 -0.09503850 -0.14496760
v -0.42959684 -0.17911747 -0.14851066
v -0.43512821 -0.17501304 -0.13492891
v -0.42909777 -0.18815555 -0.13492891
v -0.42581221 -0.19503775 -0.13492891
v -0.41928273 -0.20855340 -0.13492891
v -0.43051180 -0.18114898 -0.14184633
v -0.42793328 -0.18471445 -0.14513633
v -0.40817839 -0.22492974 -0.14572683
v -0.40988356 -0.21978882 -0.14952298
v -0.39956942 -0.23931603 -0.14851066
v -0.40139937 -0.23259966 -0.15492193
v -0.39449555 -0.24503738 -0.15492193
v -0.37906596 -0.25842866 -0.17744572
v -0.37224531 -0.26502064 -0.18444750
v -0.36891818 -0.26833737 -0.18740006
v -0.36188960 -0.27476352 -0.19406439
v -0.36625648 -0.27434894 -0.18444750
v -0.36114103 -0.28177011 -0.18495366
v -0.35856247 -0.27795589 -0.19676387
v -0.34891379 -0.29839519 -0.18756878
v -0.34076232 -0.30104858 -0.20157233
v -0.34225953 -0.30316299 -0.19499233
v -0.33864126 -0.30817953 -0.19499233
v -0.33984733 -0.30979642 -0.18967775
v -0.34134454 -0.31182793 -0.18301341
v -0.34804040 -0.30730888 -0.17499933
v -0.40044281 -0.23085839 -0.16133320
v -0.39724043 -0.23450679 -0.16479191
v -0.39079410 -0.24147190 -0.17221548
v -0.38771650 -0.24487154 -0.17533675
v -0.38210195 -0.25507048 -0.17449316
v -0.33884919 -0.31846139 -0.17719264
v -0.32969958 -0.32957241 -0.17921725
v -0.33215332 -0.32289749 -0.18495366
v -0.33069772 -0.32090747 -0.19144928
v -0.32911733 -0.31887597 -0.19811362
v -0.31888637 -0.33861047 -0.18773749
v -0.31061012 -0.34072489 -0.20123489
v -0.30200118 -0.34201014 -0.21498537
v -0.30042076 -0.34047616 -0.22080612
v -0.27114198 -0.37094855 -0.21169537
v -0.29181182 -0.34171993 -0.23303814
v -0.28806877 -0.34835336 -0.22679560
v -0.28145608 -0.35117257 -0.23211020
v -0.23836969 -0.38902470 -0.21776921
v -0.24452488 -0.38674444 -0.21464793
v -0.24082345 -0.39047578 -0.21110487
v -0.25442311 -0.37642115 -0.22443356
v -0.25068009 -0.38035977 -0.22080612
v -0.24805997 -0.38881740 -0.20494668
v -0.23092522 -0.40046740 -0.20123489
v -0.27085084 -0.36066669 -0.23118225
v -0.26856345 -0.35875958 -0.23784660
v -0.26515314 -0.35710123 -0.24552324
v -0.26186758 -0.36149588 -0.24257068
v -0.25949699 -0.35954732 -0.24923502
v -0.25521332 -0.36522719 -0.24527016
v -0.24830951 -0.36891705 -0.24796964
v -0.25097120 -0.37061688 -0.24130531
v -0.26902092 -0.36912435 -0.21835972
v -0.22501954 -0.40204287 -0.20469360
v -0.21441430 -0.40718377 -0.20444052
v -0.21067128 -0.41029322 -0.20081310
v -0.19407718 -0.41676080 -0.20401873
v -0.14978468 -0.43989497 -0.18967775
v -0.14587529 -0.44258982 -0.18579724
v -0.13739111 -0.44905743 -0.17499933
v -0.13967851 -0.44984514 -0.16951600
v -0.13581070 -0.45237416 -0.16571985
v -0.11988205 -0.45991969 -0.15981475
v -0.18742290 -0.41879231 -0.20671821
v -0.18447009 -0.41713393 -0.21447922
v -0.17756626 -0.41899961 -0.21743177
v -0.17453027 -0.42136276 -0.21447922
v -0.15910067 -0.42961311 -0.20891154
v -0.16201191 -0.43077397 -0.20224720
v -0.16866618 -0.42944729 -0.19836669
v -0.15548240 -0.43230796 -0.20536847
v -0.16521427 -0.43197629 -0.19499233
v -0.15502492 -0.43603927 -0.19499233
v -0.11264552 -0.46091473 -0.16496062
v -0.09509487 -0.46866757 -0.15500629
v -0.09180933 -0.47045028 -0.15163195
v -0.10503469 -0.46319497 -0.16496062
v -0.09501170 -0.46588981 -0.16496062
v -0.06943434 -0.48189300 -0.12936123
v -0.07500729 -0.47662771 -0.14496760
v -0.06943434 -0.47969568 -0.13872506
v -0.06943434 -0.40179408 -0.31714383
v -0.06943434 -0.40834463 -0.30752692
v -0.08503029 -0.40166971 -0.31250408
v -0.09501170 -0.40059179 -0.31081691
v -0.10012718 -0.40001136 -0.30997333
v -0.10407814 -0.39607275 -0.31402254
v -0.10678145 -0.39905781 -0.30853921
v -0.11405955 -0.39221704 -0.31503487
v -0.13718316 -0.38898325 -0.30828613
v -0.14570893 -0.38786384 -0.30499616
v -0.11501610 -0.39777255 -0.30643028
v -0.11501610 -0.40092346 -0.30145311
v -0.12408255 -0.40183556 -0.29487312
v -0.14949356 -0.38977095 -0.29968154
v -0.15539922 -0.38346919 -0.30558667
v -0.15502492 -0.38861012 -0.29782566
v -0.16113853 -0.39047578 -0.29073954
v -0.16779280 -0.38898325 -0.28820878
v -0.17519569 -0.38753217 -0.28491879
v -0.17860600 -0.38935637 -0.27884495
v -0.18272333 -0.39118057 -0.27218062
v -0.19578233 -0.38861012 -0.26560062
v -0.20285250 -0.38147914 -0.27260238
v -0.16858301 -0.39934802 -0.26880625
v -0.17245080 -0.40108928 -0.26214191
v -0.17910507 -0.39955530 -0.25910500
v -0.19965014 -0.38981241 -0.25961113
v -0.20950678 -0.37969643 -0.26939678
v -0.22206672 -0.37115586 -0.27192754
v -0.23512572 -0.36742455 -0.26517883
v -0.22526908 -0.37306297 -0.26517883
v -0.23853604 -0.36916581 -0.25843012
v -0.25226048 -0.36178610 -0.25497141
v -0.25022259 -0.36012775 -0.26020166
v -0.24897493 -0.34914109 -0.27867621
v -0.25022259 -0.34014446 -0.29023337
v -0.29526371 -0.30531886 -0.27538624
v -0.29222772 -0.30266547 -0.28314725
v -0.28840148 -0.32799697 -0.25750220
v -0.28262061 -0.30453113 -0.29428262
v -0.25729278 -0.35776457 -0.25497141
v -0.27180740 -0.34138823 -0.26222628
v -0.28091544 -0.34076637 -0.25125962
v -0.28981552 -0.33981279 -0.23970248
v -0.29056412 -0.33069181 -0.25083783
v -0.30108619 -0.30129734 -0.27167445
v -0.30990312 -0.29988772 -0.25986421
v -0.30449653 -0.29433221 -0.27428958
v -0.31011105 -0.29018629 -0.27015600
v -0.30794841 -0.28699395 -0.27682033
v -0.31705645 -0.27521959 -0.27521753
v -0.33024022 -0.26041868 -0.27040908
v -0.32803601 -0.25693613 -0.27707341
v -0.33011547 -0.25026122 -0.28019470
v -0.32458410 -0.25436568 -0.28441262
v -0.32986593 -0.23981354 -0.28981158
v -0.32308689 -0.24483009 -0.29495746
v -0.32079947 -0.24134752 -0.30103129
v -0.33822536 -0.21701106 -0.29757258
v -0.34063753 -0.22111550 -0.29090825
v -0.36721304 -0.13550255 -0.31469741
v -0.37773511 -0.12580112 -0.30491179
v -0.38002253 -0.11012959 -0.30997333
v -0.37182945 -0.14503813 -0.30263412
v -0.38081270 -0.14201161 -0.29124570
v -0.37885800 -0.13500503 -0.29824746
v -0.37985617 -0.12965682 -0.29976591
v -0.34205157 -0.21419184 -0.29453570
v -0.35115960 -0.20204434 -0.29158312
v -0.34924650 -0.20871925 -0.28888363
v -0.35818818 -0.19503775 -0.28728083
v -0.36147374 -0.19503775 -0.28230366
v -0.36858547 -0.18728492 -0.27774829
v -0.37029064 -0.18061000 -0.28044778
v -0.36837754 -0.17501304 -0.28744954
v -0.36966681 -0.16933313 -0.28947413
v -0.37120560 -0.16269968 -0.29175183
v -0.37939867 -0.14868653 -0.28905237
v -0.37711126 -0.14520396 -0.29470438
v -0.39108524 -0.11311466 -0.29166746
v -0.39212495 -0.10424241 -0.29495746
v -0.39794746 -0.10577640 -0.28500313
v -0.40102506 -0.10295717 -0.28162879
v -0.40214795 -0.09503850 -0.28348470
v -0.39902878 -0.09503850 -0.28846186
v -0.39491144 -0.09503850 -0.29495746
v -0.39083570 -0.09503850 -0.30128437
v -0.38201880 -0.11406821 -0.30491179
v -0.39208338 -0.08500540 -0.30314028
v -0.39877924 -0.07090932 -0.29807875
v -0.39420444 -0.07090932 -0.30499616
v -0.39046139 -0.07090932 -0.31064820
v -0.44918537 -0.12795699 -0.15492193
v -0.44997555 -0.13002995 -0.14994477
v -0.46141258 -0.10486430 -0.14446145
v -0.45941630 -0.09823085 -0.15821192
v -0.45463353 -0.10503013 -0.16496062
v -0.45122322 -0.11456572 -0.16437012
v -0.43986937 -0.13968991 -0.16960037
v -0.44897741 -0.13550255 -0.14597991
v -0.44964284 -0.13915095 -0.13872506
v -0.45209658 -0.13550255 -0.13526635
v -0.44531757 -0.14503813 -0.14496760
v -0.47484589 -0.07090932 -0.13492891
v -0.46918976 -0.07708673 -0.14749837
v -0.46810845 -0.08463228 -0.14446145
v -0.46453178 -0.08500540 -0.15492193
v -0.46157894 -0.09495558 -0.15492193
v -0.44057637 -0.15138136 -0.15180066
v -0.42864031 -0.17687869 -0.15492193
v -0.42186123 -0.18512905 -0.16462320
v -0.42489725 -0.18500465 -0.15492193
v -0.41974020 -0.19951534 -0.14910118
v -0.40551668 -0.22501266 -0.15492193
v -0.41886681 -0.19769114 -0.15492193
v -0.41146395 -0.21311390 -0.15492193
v -0.40905178 -0.21813045 -0.15492193
v -0.38958803 -0.23935749 -0.17887983
v -0.39129317 -0.23226799 -0.18495366
v -0.38097906 -0.25175375 -0.18233854
v -0.37777668 -0.25507048 -0.18537545
v -0.37099767 -0.26166245 -0.19229287
v -0.36758733 -0.26502064 -0.19532979
v -0.36080831 -0.27128097 -0.20174104
v -0.34966239 -0.28952295 -0.19921029
v -0.34762451 -0.29503700 -0.19549850
v -0.33914033 -0.29872686 -0.20823666
v -0.33647862 -0.30461407 -0.20494668
v -0.33127996 -0.31166211 -0.20494668
v -0.33335942 -0.31531048 -0.19482362
v -0.40227273 -0.22530288 -0.16479191
v -0.39931989 -0.22882688 -0.16799754
v -0.39815539 -0.22662956 -0.17499933
v -0.39299834 -0.23562618 -0.17533675
v -0.31988451 -0.32982117 -0.19971643
v -0.31763870 -0.33512792 -0.19583593
v -0.30886337 -0.33861047 -0.20789923
v -0.30283296 -0.33496207 -0.22443356
v -0.29850766 -0.33827880 -0.22747046
v -0.23504254 -0.39234143 -0.21464793
v -0.24485759 -0.38214248 -0.22443356
v -0.23171541 -0.39097327 -0.22207150
v -0.24805997 -0.37882578 -0.22747046
v -0.22834669 -0.39909926 -0.20789923
v -0.21898910 -0.39951384 -0.21878152
v -0.22169241 -0.40079907 -0.21211717
v -0.27921027 -0.34930691 -0.23877454
v -0.27022702 -0.35017756 -0.25024733
v -0.24165523 -0.37090710 -0.25168145
v -0.24502395 -0.37244108 -0.24476402
v -0.24485759 -0.37720889 -0.23497839
v -0.20800957 -0.40904945 -0.20747744
v -0.14745569 -0.43902433 -0.19499233
v -0.13015458 -0.45001099 -0.18014520
v -0.14017758 -0.44001937 -0.20013823
v -0.13240039 -0.45084018 -0.17499933
v -0.12503910 -0.45652005 -0.16496062
v -0.11767782 -0.45913196 -0.16496062
v -0.20131370 -0.41058344 -0.21144231
v -0.19503373 -0.41211742 -0.21490102
v -0.18201631 -0.41095656 -0.23219456
v -0.17540362 -0.41257346 -0.23531583
v -0.17453027 -0.41738272 -0.22451791
v -0.17087041 -0.42032629 -0.22080612
v -0.15548240 -0.42853519 -0.21540716
v -0.15244639 -0.43093979 -0.21228589
v -0.14412855 -0.43715867 -0.20401873
v -0.12503910 -0.45345208 -0.17499933
v -0.11422591 -0.45751506 -0.17415574
v -0.11031653 -0.46008554 -0.17027523
v -0.08823267 -0.46953821 -0.15829629
v -0.08494711 -0.47132093 -0.15500629
v -0.10021035 -0.46004409 -0.18014520
v -0.09501170 -0.46290475 -0.17499933
v -0.07771060 -0.46941382 -0.16799754
v -0.08157839 -0.47036737 -0.16133320
v -0.07500729 -0.47389141 -0.15492193
v -0.06943434 -0.47513518 -0.15492193
v -0.06943434 -0.41166136 -0.30246538
v -0.07500729 -0.41108093 -0.30162179
v -0.07500729 -0.40776420 -0.30659896
v -0.09501170 -0.40432310 -0.30499616
v -0.09501170 -0.40871775 -0.29774129
v -0.10407814 -0.40195993 -0.30508053
v -0.08153680 -0.41033465 -0.30052513
v -0.10935998 -0.40983716 -0.28964287
v -0.14570893 -0.39354375 -0.29580104
v -0.11501610 -0.40486205 -0.29495746
v -0.12208627 -0.41074926 -0.28129137
v -0.15502492 -0.39171955 -0.29284850
v -0.15452585 -0.39681900 -0.28432828
v -0.15752026 -0.39901632 -0.27817008
v -0.16467363 -0.39221704 -0.28491879
v -0.17195173 -0.39084890 -0.28154445
v -0.17519569 -0.39283893 -0.27530187
v -0.20572215 -0.38367647 -0.26560062
v -0.16517270 -0.39752382 -0.27488008
v -0.16192873 -0.40079907 -0.27150571
v -0.16517270 -0.40266472 -0.26526320
v -0.16858301 -0.40938109 -0.24872887
v -0.17540362 -0.40805441 -0.24527016
v -0.17548680 -0.40303788 -0.25539321
v -0.20975631 -0.38985389 -0.24974118
v -0.17898029 -0.40950549 -0.23885889
v -0.21932183 -0.37957203 -0.25918937
v -0.23512572 -0.37285566 -0.25505579
v -0.29297632 -0.32480460 -0.25454962
v -0.29555485 -0.33570835 -0.23590633
v -0.29239407 -0.33288914 -0.24493273
v -0.29788384 -0.32546797 -0.24594504
v -0.29996330 -0.31995392 -0.24990989
v -0.30932087 -0.30917454 -0.24881323
v -0.31189939 -0.30249965 -0.25319988
v -0.31859526 -0.29798061 -0.24754785
v -0.31539288 -0.29561743 -0.25564629
v -0.31888637 -0.28836212 -0.25817704
v -0.31684852 -0.28500393 -0.26509446
v -0.32458410 -0.27443185 -0.26433524
v -0.32134014 -0.27198577 -0.27201188
v -0.31164986 -0.28417474 -0.27412087
v -0.33007386 -0.27016157 -0.26011729
v -0.33157110 -0.26427439 -0.26408216
v -0.33672816 -0.26493773 -0.25497141
v -0.33897397 -0.25838721 -0.25834578
v -0.33693609 -0.25502902 -0.26501012
v -0.34978718 -0.22973898 -0.26964986
v -0.34105343 -0.24176212 -0.27159011
v -0.34309131 -0.23492137 -0.27496445
v -0.34092867 -0.23152173 -0.28129137
v -0.33859965 -0.22779042 -0.28795570
v -0.34271699 -0.22468099 -0.28475004
v -0.34962082 -0.21937422 -0.27943546
v -0.34770769 -0.21564290 -0.28534058
v -0.38214356 -0.13500503 -0.29327029
v -0.38314170 -0.14520396 -0.28542495
v -0.38829875 -0.14503813 -0.27732649
v -0.38958803 -0.13890219 -0.27926674
v -0.38746697 -0.13533671 -0.28475004
v -0.35818818 -0.20681213 -0.27715778
v -0.36155689 -0.20407583 -0.27428958
v -0.37070653 -0.19130644 -0.27108395
v -0.38151973 -0.15332994 -0.28238803
v -0.37835893 -0.15602478 -0.28542495
v -0.37199581 -0.18438277 -0.27462703
v -0.37902436 -0.17791516 -0.26830012
v -0.37665379 -0.17476428 -0.27454263
v -0.39025345 -0.15059364 -0.27040908
v -0.38896418 -0.12501340 -0.28829312
v -0.39208338 -0.12501340 -0.28331596
v -0.39886242 -0.11502177 -0.27817008
v -0.40189844 -0.11502177 -0.27310854
v -0.40352041 -0.10577640 -0.27580804
v -0.40967560 -0.09881127 -0.26939678
v -0.40834475 -0.08500540 -0.27724212
v -0.40930131 -0.07708673 -0.27884495
v -0.39977738 -0.08910985 -0.28964287
v -0.40751296 -0.09528725 -0.27445829
v -0.41046581 -0.09213637 -0.27083087
v -0.41133916 -0.08500540 -0.27226496
v -0.39753157 -0.08546145 -0.29453570
v -0.39828017 -0.07501377 -0.29731953
v -0.40056759 -0.08243494 -0.29090825
v -0.39973581 -0.07090932 -0.29656029
v -0.44095069 -0.14226037 -0.16293602
v -0.46045601 -0.09155594 -0.16133320
v -0.45816863 -0.09495558 -0.16479191
v -0.45034987 -0.10096714 -0.18082008
v -0.45134801 -0.10457408 -0.17449316
v -0.45030826 -0.11091731 -0.17086574
v -0.44115865 -0.13305646 -0.17314342
v -0.43912077 -0.13583422 -0.17584291
v -0.43080294 -0.14205307 -0.19220850
v -0.43579364 -0.14503813 -0.17499933
v -0.43034545 -0.16091695 -0.17111883
v -0.44211519 -0.14536980 -0.15509066
v -0.47018790 -0.07090932 -0.14952298
v -0.46977201 -0.07090932 -0.15078837
v -0.46819162 -0.07090932 -0.15534373
v -0.46482289 -0.07090932 -0.16496062
v -0.45929152 -0.08741003 -0.16799754
v -0.43808103 -0.15482247 -0.15509066
v -0.43001273 -0.17007941 -0.16006783
v -0.42701828 -0.17405948 -0.16403268
v -0.42082152 -0.18185377 -0.17255291
v -0.42032245 -0.19072601 -0.16099577
v -0.41928273 -0.18852869 -0.16774446
v -0.41046581 -0.21104094 -0.16141756
v -0.40759617 -0.21464789 -0.16479191
v -0.40081710 -0.22161302 -0.17499933
v -0.39017028 -0.23031941 -0.19043697
v -0.39998531 -0.22003758 -0.17997649
v -0.39624229 -0.22401763 -0.18394135
v -0.38630247 -0.23421657 -0.19423312
v -0.38014728 -0.24031106 -0.20039131
v -0.36954203 -0.25929931 -0.19895720
v -0.36305410 -0.26531085 -0.20503104
v -0.35922790 -0.26887634 -0.20840539
v -0.33194539 -0.30461407 -0.21397306
v -0.32999068 -0.31000373 -0.21000820
v -0.35228252 -0.27480498 -0.21431050
v -0.35091007 -0.27136388 -0.22173406
v -0.34026322 -0.28040197 -0.23042302
v -0.33073932 -0.30104858 -0.22148100
v -0.32450092 -0.31435692 -0.21405742
v -0.31984293 -0.30979642 -0.22966379
v -0.31052694 -0.32070017 -0.23092917
v -0.30125254 -0.33160391 -0.23211020
v -0.22501954 -0.39777255 -0.21523845
v -0.22901212 -0.38939783 -0.22873585
v -0.22539385 -0.39308769 -0.22519277
v -0.22235784 -0.39126348 -0.23261635
v -0.21279232 -0.39142933 -0.24299248
v -0.19935901 -0.39967969 -0.23919633
v -0.22905371 -0.37944767 -0.24889758
v -0.23520890 -0.37774783 -0.24535452
v -0.23200653 -0.38110602 -0.24223325
v -0.13502051 -0.43914872 -0.20756179
v -0.13502051 -0.44093144 -0.20258462
v -0.11035812 -0.45009390 -0.20030695
v -0.11501610 -0.45365939 -0.18495366
v -0.17228444 -0.41095656 -0.24206454
v -0.16450727 -0.41734123 -0.23438787
v -0.16750169 -0.41899961 -0.22747046
v -0.16450727 -0.42136276 -0.22451791
v -0.14541781 -0.43239087 -0.21540716
v -0.16084741 -0.42028484 -0.23067610
v -0.14541781 -0.42841083 -0.22527714
v -0.14234021 -0.43085688 -0.22215587
v -0.10503469 -0.45365939 -0.19499233
v -0.10686463 -0.45904905 -0.17693958
v -0.09501170 -0.45909053 -0.18714698
v -0.06943434 -0.46779692 -0.17980777
v -0.06943434 -0.46949673 -0.17449316
v -0.07105632 -0.47024301 -0.17078137
v -0.09501170 -0.45656151 -0.19499233
v -0.07463299 -0.47111362 -0.16479191
v -0.06943434 -0.47231597 -0.16487627
v -0.06943434 -0.47384995 -0.15947731
v -0.06943434 -0.41651207 -0.29462004
v -0.06943434 -0.41966295 -0.28947413
v -0.07500729 -0.41514391 -0.29495746
v -0.08819108 -0.40954694 -0.29917541
v -0.08503029 -0.42078233 -0.28129137
v -0.09047848 -0.42007753 -0.28019470
v -0.10561694 -0.40788859 -0.29462004
v -0.07500729 -0.41904107 -0.28837746
v -0.09717435 -0.41924834 -0.27859187
v -0.10503469 -0.41825336 -0.27665162
v -0.11501610 -0.41186863 -0.28323162
v -0.11501610 -0.40892506 -0.28820878
v -0.13922103 -0.39967969 -0.28947413
v -0.14500192 -0.39864320 -0.28753388
v -0.12524705 -0.41269782 -0.27538624
v -0.12874055 -0.40950549 -0.27901366
v -0.14500192 -0.40142095 -0.28255671
v -0.11426750 -0.41696811 -0.27412087
v -0.11709557 -0.41912398 -0.26821575
v -0.12545499 -0.41800457 -0.26492575
v -0.15086600 -0.40030158 -0.28053212
v -0.15452585 -0.40191847 -0.27488008
v -0.15473379 -0.40722522 -0.26450396
v -0.15789458 -0.40917379 -0.25817704
v -0.16513109 -0.40780565 -0.25488704
v -0.16513109 -0.41236615 -0.24527016
v -0.21566197 -0.38852718 -0.24577631
v -0.22543544 -0.38326189 -0.24535452
v -0.22239943 -0.38131332 -0.25252503
v -0.21944660 -0.38964659 -0.23928069
v -0.29929787 -0.32911634 -0.23877454
v -0.31127554 -0.31162062 -0.24214889
v -0.31493542 -0.30490428 -0.24484837
v -0.32046676 -0.30063400 -0.24088350
v -0.32982433 -0.27982154 -0.24965681
v -0.32088268 -0.29130569 -0.25142837
v -0.32737058 -0.29511994 -0.23540018
v -0.32250464 -0.29478824 -0.24451093
v -0.33523095 -0.27542686 -0.24543887
v -0.33165425 -0.27248329 -0.25497141
v -0.33876601 -0.26821300 -0.24780093
v -0.34097025 -0.26157954 -0.25159705
v -0.34970397 -0.24959788 -0.24948810
v -0.35178345 -0.24292296 -0.25294679
v -0.36051717 -0.23085839 -0.25083783
v -0.35847929 -0.21730128 -0.26745653
v -0.35178345 -0.22306408 -0.27277112
v -0.34820676 -0.22584184 -0.27563930
v -0.36047560 -0.22086675 -0.26079217
v -0.35498580 -0.21497956 -0.27496445
v -0.39137638 -0.14503813 -0.27226496
v -0.39312309 -0.13533671 -0.27555496
v -0.36030924 -0.21062636 -0.27049345
v -0.36883500 -0.19798136 -0.26804703
v -0.36900136 -0.20822173 -0.25826141
v -0.37245327 -0.19478899 -0.26484138
v -0.37927389 -0.18861160 -0.25868320
v -0.37740240 -0.18517050 -0.26492575
v -0.38089588 -0.18193668 -0.26163578
v -0.38767493 -0.17530325 -0.25497141
v -0.38235152 -0.17476428 -0.26492575
v -0.39175066 -0.15436642 -0.26458830
v -0.39703250 -0.15473954 -0.25454962
v -0.40052599 -0.15125698 -0.25092220
v -0.39636707 -0.14416748 -0.26408216
v -0.38908896 -0.16804790 -0.25834578
v -0.39091888 -0.17215236 -0.25168145
v -0.40065074 -0.12190397 -0.27108395
v -0.40863588 -0.10503013 -0.26754087
v -0.41998973 -0.10001358 -0.24990989
v -0.41828460 -0.09599206 -0.25488704
v -0.41978180 -0.07920113 -0.25961113
v -0.42169487 -0.07090932 -0.25977987
v -0.41034102 -0.07090932 -0.27951980
v -0.40705550 -0.07090932 -0.28483441
v -0.40397787 -0.07090932 -0.28981158
v -0.41824299 -0.07090932 -0.26593804
v -0.41445836 -0.07090932 -0.27251804
v -0.41204619 -0.07426751 -0.27530187
v -0.43109405 -0.16456535 -0.16403268
v -0.43953666 -0.14893527 -0.15846500
v -0.45446718 -0.09503850 -0.17499933
v -0.44910216 -0.10764205 -0.17753008
v -0.45105687 -0.09416786 -0.18453187
v -0.44901901 -0.09690416 -0.18756878
v -0.44103387 -0.10291572 -0.20241591
v -0.44269744 -0.10577640 -0.19575158
v -0.43982780 -0.10959063 -0.19954772
v -0.42955524 -0.13890219 -0.19887285
v -0.44286379 -0.12592550 -0.17584291
v -0.43612635 -0.13500503 -0.18495366
v -0.42834917 -0.14524542 -0.19532979
v -0.42943048 -0.14872798 -0.18841237
v -0.43209219 -0.14524542 -0.18503800
v -0.43063658 -0.15158866 -0.18174802
v -0.42922252 -0.15826356 -0.17778316
v -0.41974020 -0.17949060 -0.17921725
v -0.46320093 -0.07090932 -0.16951600
v -0.45779431 -0.08446644 -0.17432445
v -0.41832617 -0.18512905 -0.17550547
v -0.40988356 -0.19984701 -0.17972341
v -0.38879782 -0.22787333 -0.19710131
v -0.40892702 -0.19781551 -0.18495366
v -0.40697229 -0.19437441 -0.19440183
v -0.40031803 -0.21070927 -0.19085877
v -0.39865446 -0.21738419 -0.18664083
v -0.39062774 -0.22123988 -0.20140360
v -0.38176924 -0.23467262 -0.20418745
v -0.36999953 -0.25005394 -0.21000820
v -0.36816958 -0.25697759 -0.20494668
v -0.36134896 -0.26220143 -0.21270768
v -0.35319746 -0.26531085 -0.22502406
v -0.34920490 -0.26883489 -0.22839841
v -0.32899255 -0.29856104 -0.22814533
v -0.34209317 -0.27459770 -0.23421916
v -0.33839172 -0.27766567 -0.23708737
v -0.32213032 -0.30283132 -0.23497839
v -0.22539385 -0.38811260 -0.23556891
v -0.13502051 -0.43632948 -0.21498537
v -0.13002981 -0.43997788 -0.20992385
v -0.10503469 -0.45100600 -0.20258462
v -0.15049170 -0.42016047 -0.24037735
v -0.15427631 -0.42123839 -0.23438787
v -0.13868037 -0.42948875 -0.22882020
v -0.13522846 -0.43214214 -0.22527714
v -0.08557095 -0.45884174 -0.19516106
v -0.07816808 -0.45954657 -0.19861977
v -0.06943434 -0.46464604 -0.18950903
v -0.06943434 -0.47036737 -0.17162496
v -0.09983605 -0.44992805 -0.20983948
v -0.09588507 -0.45245707 -0.20587462
v -0.08503029 -0.45556650 -0.20494668
v -0.06943434 -0.42758161 -0.27521753
v -0.07072361 -0.43011063 -0.27024037
v -0.07500729 -0.42194319 -0.28340030
v -0.08503029 -0.42434782 -0.27496445
v -0.08503029 -0.42853519 -0.26711908
v -0.09118550 -0.43031794 -0.26062346
v -0.10503469 -0.42086527 -0.27159011
v -0.12907326 -0.41966295 -0.25927371
v -0.13502051 -0.41448057 -0.26492575
v -0.14670709 -0.40871775 -0.26754087
v -0.11039971 -0.42007753 -0.27015600
v -0.10503469 -0.42422345 -0.26492575
v -0.11426750 -0.42157006 -0.26492575
v -0.12237740 -0.42074090 -0.26155138
v -0.15124030 -0.41045904 -0.26087654
v -0.14500192 -0.41564143 -0.25497141
v -0.13992804 -0.41995317 -0.24990989
v -0.34063753 -0.27099076 -0.24113658
v -0.34762451 -0.26531085 -0.23548454
v -0.34271699 -0.26493773 -0.24467964
v -0.34953761 -0.25925785 -0.23911197
v -0.34816518 -0.25556800 -0.24569196
v -0.35843772 -0.23753330 -0.24721041
v -0.36026764 -0.24051835 -0.24046171
v -0.36180645 -0.23454824 -0.24425785
v -0.36891818 -0.22812209 -0.23784660
v -0.36708826 -0.22488828 -0.24493273
v -0.36908454 -0.21837920 -0.24822272
v -0.36205596 -0.22451514 -0.25446528
v -0.39832175 -0.13500503 -0.26686600
v -0.39944467 -0.12857889 -0.26897496
v -0.37087288 -0.21170430 -0.25159705
v -0.37769350 -0.19532797 -0.25522450
v -0.38114542 -0.19221854 -0.25201887
v -0.38293374 -0.18517050 -0.25522450
v -0.38942167 -0.17878580 -0.24889758
v -0.40148252 -0.14416748 -0.25454962
v -0.39873764 -0.14690378 -0.25758654
v -0.39902878 -0.15789044 -0.24813835
v -0.40206480 -0.15473954 -0.24484837
v -0.40884382 -0.14719400 -0.23759352
v -0.40672278 -0.14433332 -0.24417350
v -0.40006852 -0.14027034 -0.26011729
v -0.40102506 -0.13500503 -0.26188883
v -0.41545650 -0.10503013 -0.25497141
v -0.40971720 -0.12932514 -0.24948810
v -0.43001273 -0.10005504 -0.23000123
v -0.43891281 -0.07090932 -0.22772354
v -0.43691653 -0.07090932 -0.23151968
v -0.45355222 -0.08500540 -0.18495366
v -0.45005873 -0.09022924 -0.19009954
v -0.44727224 -0.09416786 -0.19406439
v -0.43961984 -0.09885274 -0.20916462
v -0.43874645 -0.10577640 -0.20545283
v -0.43076134 -0.13222727 -0.20182540
v -0.42826599 -0.13533671 -0.20511539
v -0.41998973 -0.14010450 -0.22004689
v -0.42452294 -0.14503813 -0.20494668
v -0.42431501 -0.15502976 -0.19499233
v -0.42306733 -0.16593349 -0.18588160
v -0.42007291 -0.16025360 -0.20022258
v -0.41890842 -0.17567638 -0.18588160
v -0.41154712 -0.18471445 -0.19440183
v -0.41504061 -0.18500465 -0.18495366
v -0.41133916 -0.19279897 -0.18495366
v -0.46053922 -0.07090932 -0.17685521
v -0.45970744 -0.07090932 -0.17913291
v -0.45900041 -0.07090932 -0.18098879
v -0.38713425 -0.22472245 -0.20486231
v -0.41025788 -0.19056018 -0.19069004
v -0.40896860 -0.18786535 -0.19735439
v -0.40065074 -0.20133954 -0.20148797
v -0.40177366 -0.20482209 -0.19448620
v -0.39894560 -0.20801444 -0.19752312
v -0.39694932 -0.21444058 -0.19448620
v -0.39229131 -0.21506248 -0.20486231
v -0.38913053 -0.21842065 -0.20806795
v -0.38060474 -0.23106568 -0.21118923
v -0.37673697 -0.23467262 -0.21473229
v -0.36833593 -0.24723472 -0.21667254
v -0.35831293 -0.25718489 -0.22493970
v -0.35968539 -0.25954807 -0.21937202
v -0.35136753 -0.26220143 -0.23244762
v -0.12333395 -0.44109729 -0.21279204
v -0.13202609 -0.43069106 -0.23160404
v -0.12503910 -0.43570760 -0.22493970
v -0.12603724 -0.43906578 -0.21566024
v -0.10503469 -0.44909889 -0.20756179
v -0.14500192 -0.42451364 -0.23497839
v -0.13597706 -0.42314550 -0.24594504
v -0.13522846 -0.42812061 -0.23497839
v -0.07151380 -0.46033430 -0.20089746
v -0.06943434 -0.46149516 -0.19895720
v -0.09314018 -0.45079869 -0.21211717
v -0.11938298 -0.43977058 -0.21945639
v -0.10503469 -0.44619673 -0.21498537
v -0.10507628 -0.44200939 -0.22519277
v -0.09501170 -0.44520172 -0.22493970
v -0.09588507 -0.44885013 -0.21523845
v -0.08814949 -0.44955492 -0.21878152
v -0.06943434 -0.43023503 -0.27040908
v -0.06943434 -0.43521011 -0.26053911
v -0.07442504 -0.43181044 -0.26534754
v -0.07737789 -0.42944729 -0.26889062
v -0.07442504 -0.42720848 -0.27412087
v -0.08503029 -0.43106419 -0.26214191
v -0.08503029 -0.43462968 -0.25497141
v -0.09472057 -0.43193483 -0.25522450
v -0.09783977 -0.42936438 -0.25868320
v -0.12545499 -0.42252362 -0.25556195
v -0.13327377 -0.42119694 -0.25260937
v -0.13597706 -0.41879231 -0.25556195
v -0.11501610 -0.42604762 -0.25497141
v -0.35157549 -0.25262439 -0.24282376
v -0.35822976 -0.24719325 -0.23666556
v -0.35997653 -0.25005394 -0.23000123
v -0.36134896 -0.24433258 -0.23396608
v -0.37074810 -0.22144717 -0.24155837
v -0.37058175 -0.23106568 -0.23118225
v -0.37894118 -0.22816354 -0.21785356
v -0.38235152 -0.22488828 -0.21473229
v -0.38081270 -0.22148864 -0.22156535
v -0.37935707 -0.19889346 -0.24872887
v -0.37769350 -0.20519522 -0.24527016
v -0.38301694 -0.19532797 -0.24527016
v -0.38809082 -0.18541926 -0.24535452
v -0.39108524 -0.18239275 -0.24223325
v -0.39786428 -0.17526178 -0.23506275
v -0.39274880 -0.17530325 -0.24535452
v -0.41017467 -0.14051908 -0.24037735
v -0.40871906 -0.13500503 -0.24737912
v -0.40069234 -0.16166320 -0.24147402
v -0.40713868 -0.15465663 -0.23455660
v -0.41042423 -0.15104969 -0.23092917
v -0.41146395 -0.14433332 -0.23455660
v -0.44007730 -0.08032054 -0.22013125
v -0.43712449 -0.08421768 -0.22409612
v -0.43837216 -0.07501377 -0.22662687
v -0.41965702 -0.12915930 -0.22932635
v -0.43030387 -0.11091731 -0.22072177
v -0.43109405 -0.10403511 -0.22443356
v -0.43492025 -0.10503013 -0.21498537
v -0.43820581 -0.09532872 -0.21481664
v -0.43916237 -0.08699544 -0.21810664
v -0.44074273 -0.07501377 -0.22164971
v -0.44115865 -0.07090932 -0.22299945
v -0.44876945 -0.08500540 -0.19693258
v -0.44223994 -0.09532872 -0.20545283
v -0.44061798 -0.09217782 -0.21144231
v -0.42406547 -0.13500503 -0.21498537
v -0.41861731 -0.13500503 -0.22696431
v -0.41653782 -0.14404310 -0.22401175
v -0.41175508 -0.15465663 -0.22468662
v -0.41861731 -0.14673795 -0.21684127
v -0.42007291 -0.15026197 -0.21017691
v -0.42102945 -0.15415911 -0.20410308
v -0.42107105 -0.16257530 -0.19499233
v -0.40909338 -0.17795661 -0.20789923
v -0.41050738 -0.18119043 -0.20123489
v -0.41570604 -0.17501304 -0.19499233
v -0.45326108 -0.07090932 -0.19524541
v -0.40738821 -0.18471445 -0.20469360
v -0.40231431 -0.19507921 -0.20486231
v -0.39919513 -0.19847885 -0.20815231
v -0.39744839 -0.20482209 -0.20486231
v -0.39087731 -0.21174575 -0.21177973
v -0.38750857 -0.21506248 -0.21506973
v -0.10844502 -0.43948036 -0.22873585
v -0.12774241 -0.42928147 -0.23826839
v -0.06943434 -0.45979533 -0.20359693
v -0.06943434 -0.46058303 -0.20148797
v -0.11268711 -0.44084853 -0.22207150
v -0.10179074 -0.44051686 -0.23118225
v -0.09426309 -0.44130456 -0.23472531
v -0.09039530 -0.44010228 -0.24020864
v -0.08490552 -0.44802094 -0.22443356
v -0.08145362 -0.45030120 -0.22080612
v -0.06943434 -0.45540065 -0.21498537
v -0.06943434 -0.45693463 -0.21102050
v -0.06943434 -0.44018519 -0.25041604
v -0.07059884 -0.44010228 -0.25016296
v -0.07434186 -0.43740743 -0.25412783
v -0.07725312 -0.43943894 -0.24864452
v -0.08503029 -0.43852681 -0.24670427
v -0.09426309 -0.43720013 -0.24408914
v -0.10316318 -0.43093979 -0.25201887
v -0.10985905 -0.42994481 -0.24982554
v -0.11501610 -0.42915708 -0.24796964
v -0.12466480 -0.42766455 -0.24442658
v -0.38792446 -0.19532797 -0.23540018
v -0.38950485 -0.18902619 -0.23894325
v -0.39299834 -0.18541926 -0.23540018
v -0.39940307 -0.17874435 -0.22873585
v -0.40235591 -0.16502139 -0.23506275
v -0.44315493 -0.07090932 -0.21878152
v -0.44377875 -0.07501377 -0.21498537
v -0.44502643 -0.07090932 -0.21464793
v -0.44818723 -0.07522106 -0.20477796
v -0.45122322 -0.07090932 -0.20030695
v -0.45064098 -0.07090932 -0.20174104
v -0.44540071 -0.08500540 -0.20494668
v -0.41050738 -0.16124862 -0.22114356
v -0.40747139 -0.17476428 -0.21473229
v -0.40094188 -0.18210253 -0.22207150
v -0.40256387 -0.18529487 -0.21515408
v -0.39940307 -0.18877745 -0.21861279
v -0.40085870 -0.19180395 -0.21194845
v -0.39778110 -0.19507921 -0.21515408
v -0.38925532 -0.20863633 -0.21844408
v -0.39295673 -0.19532797 -0.22519277
v -0.39100206 -0.20196143 -0.22207150
v -0.08503029 -0.44354337 -0.23497839
v -0.06943434 -0.45067433 -0.22637381
v -0.07500729 -0.45104748 -0.22249329
v -0.06943434 -0.45158643 -0.22418047
v -0.06943434 -0.44080707 -0.24906631
v -0.39798903 -0.18529487 -0.22519277
v -0.44644046 -0.07090932 -0.21144231
v -0.44935173 -0.07090932 -0.20477796
f 1 2 6
f 1 6 10
f 1 10 14
f 1 14 13
f 1 13 23
f 1 23 33
f 1 33 34
f 1 34 46
f 1 46 62
f 1 62 90
f 1 90 89
f 1 89 122
f 1 122 159
f 1 159 204
f 1 204 202
f 1 202 201
f 1 201 200
f 1 200 203
f 1 203 246
f 1 246 291
f 1 291 358
f 1 358 417
f 1 417 414
f 1 414 413
f 1 413 412
f 1 412 416
f 1 416 481
f 1 481 480
f 1 480 555
f 1 555 631
f 1 631 630
f 1 630 709
f 1 709 791
f 1 791 884
f 1 884 959
f 1 959 958
f 1 958 957
f 1 957 972
f 1 972 971
f 1 971 970
f 1 970 876
f 1 876 969
f 1 969 1066
f 1 1066 1159
f 1 1159 1161
f 1 1161 1258
f 1 1258 1259
f 1 1259 1353
f 1 1353 1438
f 1 1438 1437
f 1 1437 1520
f 1 1520 1607
f 1 1607 1606
f 1 1606 1689
f 1 1689 1691
f 1 1691 1782
f 1 1782 1781
f 1 1781 1780
f 1 1780 1884
f 1 1884 1988
f 1 1988 1991
f 1 1991 2087
f 1 2087 2200
f 1 2200 2325
f 1 2325 2447
f 1 2447 2562
f 1 2562 2680
f 1 2680 2679
f 1 2679 2801
f 1 2801 2799
f 1 2799 2798
f 1 2798 2925
f 1 2925 3055
f 1 3055 3054
f 1 3054 3053
f 1 3053 3052
f 1 3052 3051
f 1 3051 3209
f 1 3209 3364
f 1 3364 3518
f 1 3518 3517
f 1 3517 3694
f 1 3694 3693
f 1 3693 3692
f 1 3692 3864
f 1 3864 4034
f 1 4034 4228
f 1 4228 4230
f 1 4230 4408
f 1 4408 4568
f 1 4568 4567
f 1 4567 4697
f 1 4697 4563
f 1 4563 4562
f 1 4562 4696
f 1 4696 4793
f 1 4793 4871
f 1 4871 4870
f 1 4870 4879
f 1 4879 4878
f 1 4878 4915
f 1 4915 4913
f 1 4913 4916
f 1 4916 4880
f 1 4880 4802
f 1 4802 4801
f 1 4801 4701
f 1 4701 4570
f 1 4570 4569
f 1 4569 4409
f 1 4409 4232
f 1 4232 4231
f 1 4231 4037
f 1 4037 4035
f 1 4035 3868
f 1 3868 3866
f 1 3866 3865
f 1 3865 3695
f 1 3695 3520
f 1 3520 3367
f 1 3367 3366
f 1 3366 3365
f 1 3365 3210
f 1 3210 3056
f 1 3056 2929
f 1 2929 2928
f 1 2928 2926
f 1 2926 2803
f 1 2803 2802
f 1 2802 2682
f 1 2682 2681
f 1 2681 2566
f 1 2566 2453
f 1 2453 2452
f 1 2452 2332
f 1 2332 2451
f 1 2451 2329
f 1 2329 2328
f 1 2328 2219
f 1 2219 2215
f 1 2215 2212
f 1 2212 2211
f 1 2211 2210
f 1 2210 2208
f 1 2208 2207
f 1 2207 2129
f 1 2129 2128
f 1 2128 2017
f 1 2017 1911
f 1 1911 1910
f 1 1910 1909
f 1 1909 1908
f 1 1908 1907
f 1 1907 1799
f 1 1799 1708
f 1 1708 1707
f 1 1707 1622
f 1 1622 1621
f 1 1621 1532
f 1 1532 1531
f 1 1531 1447
f 1 1447 1363
f 1 1363 1362
f 1 1362 1269
f 1 1269 1268
f 1 1268 1267
f 1 1267 1172
f 1 1172 1171
f 1 1171 1080
f 1 1080 1077
f 1 1077 982
f 1 982 891
f 1 891 886
f 1 886 794
f 1 794 714
f 1 714 635
f 1 635 563
f 1 563 488
f 1 488 425
f 1 425 424
f 1 424 359
f 1 359 292
f 1 292 248
f 1 248 247
f 1 247 205
f 1 205 160
f 1 160 123
f 1 123 91
f 1 91 64
f 1 64 48
f 1 48 36
f 1 36 26
f 1 26 18
f 1 18 17
f 1 17 15
f 1 15 8
f 1 8 3
f 1 3 4
f 1 4 5
f 1 5 2
f 2 5 7
f 2 7 6
f 3 8 9
f 3 9 4
f 4 9 16
f 4 16 25
f 4 25 35
f 4 35 47
f 4 47 63
f 4 63 66
f 4 66 65
f 4 65 92
f 4 92 124
f 4 124 161
f 4 161 206
f 4 206 249
f 4 249 293
f 4 293 360
f 4 360 426
f 4 426 488
f 4 488 563
f 4 563 636
f 4 636 716
f 4 716 798
f 4 798 888
f 4 888 978
f 4 978 981
f 4 981 1076
f 4 1076 1169
f 4 1169 1266
f 4 1266 1265
f 4 1265 1264
f 4 1264 1361
f 4 1361 1446
f 4 1446 1526
f 4 1526 1525
f 4 1525 1614
f 4 1614 1698
f 4 1698 1697
f 4 1697 1787
f 4 1787 1891
f 4 1891 1890
f 4 1890 1889
f 4 1889 1888
f 4 1888 1995
f 4 1995 2090
f 4 2090 2089
f 4 2089 2206
f 4 2206 2327
f 4 2327 2450
f 4 2450 2565
f 4 2565 2564
f 4 2564 2563
f 4 2563 2613
f 4 2613 2612
f 4 2612 2497
f 4 2497 2496
f 4 2496 2609
f 4 2609 2725
f 4 2725 2728
f 4 2728 2727
f 4 2727 2859
f 4 2859 2982
f 4 2982 3125
f 4 3125 3124
f 4 3124 3123
f 4 3123 3122
f 4 3122 3273
f 4 3273 3277
f 4 3277 3440
f 4 3440 3439
f 4 3439 3438
f 4 3438 3437
f 4 3437 3603
f 4 3603 3769
f 4 3769 3768
f 4 3768 3767
f 4 3767 3949
f 4 3949 4133
f 4 4133 4132
f 4 4132 4322
f 4 4322 4321
f 4 4321 4320
f 4 4320 4493
f 4 4493 4644
f 4 4644 4643
f 4 4643 4642
f 4 4642 4646
f 4 4646 4645
f 4 4645 4641
f 4 4641 4749
f 4 4749 4748
f 4 4748 4846
f 4 4846 4895
f 4 4895 4897
f 4 4897 4918
f 4 4918 4919
f 4 4919 4900
f 4 4900 4899
f 4 4899 4861
f 4 4861 4768
f 4 4768 4767
f 4 4767 4766
f 4 4766 4666
f 4 4666 4509
f 4 4509 4508
f 4 4508 4507
f 4 4507 4506
f 4 4506 4334
f 4 4334 4139
f 4 4139 3955
f 4 3955 3776
f 4 3776 3771
f 4 3771 3770
f 4 3770 3604
f 4 3604 3442
f 4 3442 3441
f 4 3441 3278
f 4 3278 3132
f 4 3132 3131
f 4 3131 2987
f 4 2987 2986
f 4 2986 2864
f 4 2864 2863
f 4 2863 2733
f 4 2733 2618
f 4 2618 2729
f 4 2729 2614
f 4 2614 2500
f 4 2500 2382
f 4 2382 2381
f 4 2381 2380
f 4 2380 2258
f 4 2258 2130
f 4 2130 2019
f 4 2019 1917
f 4 1917 1916
f 4 1916 1914
f 4 1914 1805
f 4 1805 1803
f 4 1803 1713
f 4 1713 1712
f 4 1712 1626
f 4 1626 1538
f 4 1538 1537
f 4 1537 1536
f 4 1536 1453
f 4 1453 1452
f 4 1452 1367
f 4 1367 1366
f 4 1366 1272
f 4 1272 1177
f 4 1177 1176
f 4 1176 1175
f 4 1175 1081
f 4 1081 984
f 4 984 894
f 4 894 803
f 4 803 893
f 4 893 801
f 4 801 719
f 4 719 799
f 4 799 717
f 4 717 637
f 4 637 569
f 4 569 568
f 4 568 567
f 4 567 566
f 4 566 565
f 4 565 564
f 4 564 489
f 4 489 427
f 4 427 363
f 4 363 298
f 4 298 294
f 4 294 250
f 4 250 207
f 4 207 162
f 4 162 125
f 4 125 95
f 4 95 94
f 4 94 93
f 4 93 68
f 4 68 67
f 4 67 50
f 4 50 49
f 4 49 37
f 4 37 27
f 4 27 19
f 4 19 11
f 4 11 7
f 4 7 5
f 6 7 10
f 7 11 12
f 7 12 13
f 7 13 14
f 7 14 10
f 8 15 9
f 9 15 17
f 9 17 18
f 9 18 16
f 11 19 20
f 11 20 21
f 11 21 12
f 12 21 22
f 12 22 13
f 13 22 24
f 13 24 23
f 16 18 25
f 18 26 25
f 19 27 28
f 19 28 20
f 20 28 22
f 20 22 21
f 22 28 29
f 22 29 30
f 22 30 31
f 22 31 32
f 22 32 24
f 23 24 33
f 24 32 34
f 24 34 33
f 25 26 35
f 26 36 35
f 27 37 28
f 28 37 38
f 28 38 30
f 28 30 29
f 30 39 40
f 30 40 41
f 30 41 31
f 30 38 42
f 30 42 39
f 31 43 32
f 31 41 44
f 31 44 43
f 32 43 45
f 32 45 34
f 34 45 46
f 35 36 48
f 35 48 47
f 37 49 38
f 38 49 50
f 38 50 51
f 38 51 42
f 39 52 53
f 39 53 54
f 39 54 55
f 39 55 40
f 39 42 52
f 40 55 56
f 40 56 57
f 40 57 41
f 41 57 44
f 42 51 53
f 42 53 52
f 43 44 58
f 43 58 59
f 43 59 45
f 44 57 60
f 44 60 58
f 45 59 61
f 45 61 46
f 46 61 62
f 47 48 63
f 48 64 65
f 48 65 66
f 48 66 63
f 50 67 51
f 51 67 68
f 51 68 53
f 53 69 70
f 53 70 54
f 53 68 69
f 54 70 71
f 54 71 55
f 55 71 72
f 55 72 73
f 55 73 56
f 56 73 74
f 56 74 57
f 57 74 75
f 57 75 60
f 58 60 76
f 58 76 77
f 58 77 78
f 58 78 79
f 58 79 80
f 58 80 81
f 58 81 82
f 58 82 83
f 58 83 84
f 58 84 85
f 58 85 59
f 59 85 84
f 59 84 61
f 60 75 74
f 60 74 86
f 60 86 76
f 61 87 88
f 61 88 89
f 61 89 90
f 61 90 62
f 61 84 87
f 64 91 92
f 64 92 65
f 68 93 69
f 69 93 94
f 69 94 95
f 69 95 96
f 69 96 97
f 69 97 70
f 70 97 98
f 70 98 71
f 71 98 99
f 71 99 100
f 71 100 73
f 71 73 72
f 73 100 101
f 73 101 102
f 73 102 74
f 74 102 103
f 74 103 104
f 74 104 86
f 76 86 105
f 76 105 77
f 77 105 106
f 77 106 78
f 78 106 107
f 78 107 108
f 78 108 80
f 78 80 79
f 80 109 110
f 80 110 111
f 80 111 112
f 80 112 113
f 80 113 114
f 80 114 82
f 80 82 81
f 80 108 115
f 80 115 109
f 82 116 84
f 82 84 83
f 82 114 116
f 84 116 87
f 86 104 117
f 86 117 105
f 87 116 118
f 87 118 119
f 87 119 120
f 87 120 88
f 88 120 121
f 88 121 122
f 88 122 89
f 91 123 92
f 92 123 124
f 95 125 96
f 96 125 126
f 96 126 127
f 96 127 97
f 97 128 98
f 97 127 129
f 97 129 130
f 97 130 128
f 98 128 131
f 98 131 99
f 99 132 133
f 99 133 134
f 99 134 135
f 99 135 101
f 99 101 100
f 99 131 132
f 101 135 136
f 101 136 137
f 101 137 138
f 101 138 139
f 101 139 140
f 101 140 141
f 101 141 103
f 101 103 102
f 103 141 142
f 103 142 143
f 103 143 117
f 103 117 104
f 105 117 143
f 105 143 106
f 106 143 144
f 106 144 108
f 106 108 107
f 108 144 145
f 108 145 115
f 109 146 110
f 109 115 147
f 109 147 148
f 109 148 149
f 109 149 150
f 109 150 151
f 109 151 152
f 109 152 146
f 110 146 153
f 110 153 154
f 110 154 111
f 111 155 112
f 111 154 156
f 111 156 157
f 111 157 155
f 112 155 157
f 112 157 158
f 112 158 120
f 112 120 119
f 112 119 113
f 113 119 114
f 114 119 116
f 115 145 147
f 116 119 118
f 120 158 121
f 121 159 122
f 121 158 159
f 123 160 124
f 124 160 161
f 125 162 126
f 126 162 129
f 126 129 127
f 128 130 163
f 128 163 131
f 129 162 164
f 129 164 165
f 129 165 166
f 129 166 130
f 130 166 167
f 130 167 163
f 131 163 132
f 132 163 133
f 133 163 134
f 134 168 169
f 134 169 137
f 134 137 135
f 134 163 168
f 135 137 136
f 137 169 170
f 137 170 138
f 138 170 139
f 139 170 171
f 139 171 172
f 139 172 173
f 139 173 140
f 140 173 174
f 140 174 141
f 141 174 175
f 141 175 142
f 142 175 174
f 142 174 143
f 143 174 176
f 143 176 177
f 143 177 178
f 143 178 179
f 143 179 144
f 144 179 178
f 144 178 180
f 144 180 181
f 144 181 145
f 145 181 180
f 145 180 147
f 146 182 153
f 146 152 182
f 147 180 183
f 147 183 184
f 147 184 148
f 148 184 183
f 148 183 185
f 148 185 149
f 149 185 186
f 149 186 187
f 149 187 188
f 149 188 150
f 150 188 187
f 150 187 189
f 150 189 190
f 150 190 191
f 150 191 192
f 150 192 193
f 150 193 151
f 151 193 152
f 152 193 194
f 152 194 195
f 152 195 182
f 153 196 154
f 153 182 196
f 154 196 156
f 156 196 197
f 156 197 198
f 156 198 199
f 156 199 157
f 157 200 201
f 157 201 202
f 157 202 158
f 157 199 198
f 157 198 203
f 157 203 200
f 158 202 204
f 158 204 159
f 160 205 206
f 160 206 161
f 162 207 208
f 162 208 164
f 163 167 209
f 163 209 168
f 164 208 165
f 165 208 210
f 165 210 211
f 165 211 166
f 166 211 212
f 166 212 213
f 166 213 167
f 167 213 214
f 167 214 215
f 167 215 168
f 167 168 209
f 168 215 169
f 169 215 170
f 170 215 216
f 170 216 217
f 170 217 218
f 170 218 171
f 171 218 219
f 171 219 172
f 172 219 220
f 172 220 173
f 173 220 174
f 174 177 176
f 174 220 221
f 174 221 222
f 174 222 223
f 174 223 224
f 174 224 225
f 174 225 177
f 177 225 226
f 177 226 227
f 177 227 228
f 177 228 178
f 178 229 185
f 178 185 183
f 178 183 180
f 178 228 230
f 178 230 229
f 182 231 197
f 182 197 196
f 182 195 231
f 185 229 186
f 186 232 187
f 186 229 232
f 187 232 233
f 187 233 234
f 187 234 235
f 187 235 189
f 189 236 190
f 189 235 237
f 189 237 236
f 190 236 238
f 190 238 191
f 191 238 239
f 191 239 240
f 191 240 192
f 192 240 241
f 192 241 242
f 192 242 193
f 193 242 194
f 194 242 243
f 194 243 195
f 195 243 231
f 197 244 198
f 197 231 245
f 197 245 244
f 198 244 203
f 203 244 246
f 205 247 206
f 206 247 248
f 206 248 249
f 207 250 208
f 208 250 251
f 208 251 252
f 208 252 210
f 210 252 253
f 210 253 211
f 211 253 254
f 211 254 255
f 211 255 212
f 212 255 213
f 213 215 214
f 213 255 256
f 213 256 257
f 213 257 215
f 215 257 258
f 215 258 259
f 215 259 260
f 215 260 217
f 215 217 216
f 217 260 261
f 217 261 262
f 217 262 263
f 217 263 219
f 217 219 218
f 219 263 262
f 219 262 264
f 219 264 265
f 219 265 266
f 219 266 220
f 220 266 267
f 220 267 222
f 220 222 221
f 222 268 269
f 222 269 270
f 222 270 227
f 222 227 226
f 222 226 224
f 222 224 223
f 222 267 271
f 222 271 268
f 224 226 225
f 227 270 272
f 227 272 230
f 227 230 228
f 229 230 232
f 230 272 232
f 231 243 245
f 232 272 273
f 232 273 274
f 232 274 233
f 233 274 234
f 234 274 275
f 234 275 276
f 234 276 277
f 234 277 278
f 234 278 237
f 234 237 235
f 236 237 278
f 236 278 238
f 238 278 279
f 238 279 280
f 238 280 281
f 238 281 282
f 238 282 283
f 238 283 240
f 238 240 239
f 240 283 284
f 240 284 241
f 241 284 242
f 242 284 285
f 242 285 243
f 243 285 286
f 243 286 287
f 243 287 288
f 243 288 245
f 244 245 289
f 244 289 290
f 244 290 291
f 244 291 246
f 245 288 289
f 248 292 293
f 248 293 249
f 250 294 251
f 251 295 296
f 251 296 254
f 251 254 297
f 251 297 253
f 251 253 252
f 251 294 298
f 251 298 299
f 251 299 300
f 251 300 295
f 253 297 254
f 254 296 255
f 255 296 301
f 255 301 302
f 255 302 303
f 255 303 304
f 255 304 258
f 255 258 256
f 256 258 257
f 258 304 259
f 259 304 260
f 260 304 305
f 260 305 261
f 261 265 262
f 261 305 306
f 261 306 307
f 261 307 308
f 261 308 309
f 261 309 310
f 261 310 265
f 262 265 264
f 265 311 266
f 265 310 312
f 265 312 311
f 266 311 267
f 267 311 312
f 267 312 313
f 267 313 271
f 268 271 269
f 269 271 314
f 269 314 315
f 269 315 316
f 269 316 270
f 270 316 272
f 271 313 317
f 271 317 318
f 271 318 319
f 271 319 320
f 271 320 321
f 271 321 322
f 271 322 323
f 271 323 314
f 272 324 273
f 272 316 315
f 272 315 324
f 273 324 274
f 274 324 275
f 275 325 276
f 275 324 325
f 276 326 278
f 276 278 277
f 276 325 315
f 276 315 327
f 276 327 328
f 276 328 329
f 276 329 330
f 276 330 326
f 278 331 279
f 278 326 330
f 278 330 332
f 278 332 331
f 279 331 333
f 279 333 334
f 279 334 335
f 279 335 280
f 280 335 281
f 281 336 282
f 281 335 333
f 281 333 337
f 281 337 336
f 282 338 339
f 282 339 283
f 282 336 340
f 282 340 338
f 283 339 284
f 284 286 341
f 284 341 285
f 284 339 342
f 284 342 286
f 285 341 286
f 286 343 344
f 286 344 345
f 286 345 346
f 286 346 347
f 286 347 348
f 286 348 349
f 286 349 350
f 286 350 287
f 286 342 339
f 286 339 351
f 286 351 352
f 286 352 353
f 286 353 354
f 286 354 355
f 286 355 356
f 286 356 343
f 287 350 288
f 288 350 349
f 288 349 289
f 289 349 290
f 290 349 357
f 290 357 358
f 290 358 291
f 292 359 293
f 293 359 360
f 295 302 361
f 295 361 362
f 295 362 296
f 295 300 302
f 296 362 361
f 296 361 301
f 298 363 299
f 299 363 364
f 299 364 300
f 300 364 365
f 300 365 366
f 300 366 367
f 300 367 306
f 300 306 368
f 300 368 302
f 301 361 302
f 302 369 303
f 302 368 306
f 302 306 369
f 303 369 304
f 304 369 305
f 305 369 306
f 306 367 370
f 306 370 371
f 306 371 372
f 306 372 373
f 306 373 374
f 306 374 375
f 306 375 308
f 306 308 307
f 308 375 376
f 308 376 377
f 308 377 309
f 309 377 378
f 309 378 312
f 309 312 310
f 312 378 318
f 312 318 313
f 313 318 317
f 314 323 315
f 315 323 379
f 315 379 380
f 315 380 381
f 315 381 327
f 315 325 324
f 318 378 377
f 318 377 319
f 319 382 320
f 319 377 383
f 319 383 382
f 320 382 321
f 321 382 322
f 322 384 385
f 322 385 323
f 322 382 386
f 322 386 387
f 322 387 388
f 322 388 389
f 322 389 384
f 323 385 390
f 323 390 379
f 327 381 328
f 328 381 380
f 328 380 391
f 328 391 392
f 328 392 393
f 328 393 329
f 329 393 394
f 329 394 330
f 330 394 395
f 330 395 396
f 330 396 332
f 331 332 397
f 331 397 398
f 331 398 333
f 332 396 397
f 333 398 399
f 333 399 337
f 333 335 334
f 336 337 400
f 336 400 340
f 337 399 401
f 337 401 400
f 338 402 351
f 338 351 339
f 338 340 402
f 340 400 401
f 340 401 403
f 340 403 404
f 340 404 405
f 340 405 406
f 340 406 407
f 340 407 408
f 340 408 409
f 340 409 410
f 340 410 411
f 340 411 402
f 343 356 355
f 343 355 344
f 344 412 413
f 344 413 414
f 344 414 347
f 344 347 346
f 344 346 345
f 344 355 415
f 344 415 416
f 344 416 412
f 347 414 417
f 347 417 349
f 347 349 348
f 349 417 357
f 351 402 418
f 351 418 353
f 351 353 352
f 353 418 354
f 354 418 419
f 354 419 420
f 354 420 421
f 354 421 422
f 354 422 355
f 355 422 423
f 355 423 415
f 357 417 358
f 359 424 360
f 360 424 425
f 360 425 426
f 363 427 364
f 364 427 428
f 364 428 365
f 365 428 429
f 365 429 430
f 365 430 431
f 365 431 366
f 366 432 433
f 366 433 370
f 366 370 434
f 366 434 367
f 366 431 432
f 367 434 370
f 370 433 371
f 371 435 372
f 371 433 436
f 371 436 437
f 371 437 435
f 372 435 373
f 373 435 438
f 373 438 374
f 374 439 377
f 374 377 376
f 374 376 375
f 374 438 439
f 377 439 440
f 377 440 441
f 377 441 442
f 377 442 443
f 377 443 383
f 379 390 385
f 379 385 444
f 379 444 391
f 379 391 380
f 382 383 386
f 383 445 446
f 383 446 447
f 383 447 448
f 383 448 386
f 383 443 449
f 383 449 450
f 383 450 451
f 383 451 452
f 383 452 445
f 384 391 444
f 384 444 385
f 384 389 391
f 386 448 447
f 386 447 387
f 387 447 453
f 387 453 454
f 387 454 455
f 387 455 456
f 387 456 389
f 387 389 388
f 389 456 455
f 389 455 457
f 389 457 458
f 389 458 391
f 391 459 393
f 391 393 392
f 391 458 459
f 393 460 395
f 393 395 394
f 393 459 458
f 393 458 461
f 393 461 462
f 393 462 460
f 395 463 464
f 395 464 396
f 395 460 462
f 395 462 463
f 396 465 397
f 396 464 465
f 397 465 399
f 397 399 398
f 399 465 401
f 401 465 464
f 401 464 466
f 401 466 403
f 402 467 419
f 402 419 418
f 402 411 468
f 402 468 467
f 403 469 405
f 403 405 404
f 403 466 470
f 403 470 471
f 403 471 472
f 403 472 473
f 403 473 469
f 405 469 473
f 405 473 406
f 406 473 474
f 406 474 407
f 407 474 408
f 408 474 475
f 408 475 476
f 408 476 477
f 408 477 409
f 409 478 410
f 409 477 478
f 410 478 411
f 411 478 468
f 415 423 479
f 415 479 480
f 415 480 481
f 415 481 416
f 419 482 420
f 419 467 483
f 419 483 484
f 419 484 482
f 420 482 421
f 421 485 486
f 421 486 422
f 421 482 487
f 421 487 485
f 422 486 479
f 422 479 423
f 425 488 426
f 427 489 428
f 428 489 429
f 429 489 490
f 429 490 430
f 430 490 491
f 430 491 492
f 430 492 493
f 430 493 494
f 430 494 495
f 430 495 431
f 431 495 496
f 431 496 497
f 431 497 498
f 431 498 499
f 431 499 436
f 431 436 432
f 432 436 433
f 435 437 438
f 436 499 500
f 436 500 437
f 437 500 501
f 437 501 502
f 437 502 438
f 438 502 503
f 438 503 504
f 438 504 439
f 439 504 503
f 439 503 505
f 439 505 440
f 440 505 441
f 441 505 503
f 441 503 442
f 442 503 506
f 442 506 443
f 443 506 507
f 443 507 508
f 443 508 509
f 443 509 510
f 443 510 511
f 443 511 512
f 443 512 449
f 445 513 446
f 445 452 514
f 445 514 515
f 445 515 516
f 445 516 513
f 446 513 453
f 446 453 447
f 449 512 451
f 449 451 450
f 451 512 511
f 451 511 517
f 451 517 452
f 452 517 511
f 452 511 518
f 452 518 519
f 452 519 520
f 452 520 521
f 452 521 522
f 452 522 523
f 452 523 515
f 452 515 514
f 453 455 454
f 453 513 516
f 453 516 524
f 453 524 525
f 453 525 526
f 453 526 455
f 455 526 527
f 455 527 528
f 455 528 529
f 455 529 530
f 455 530 531
f 455 531 532
f 455 532 457
f 457 532 533
f 457 533 458
f 458 533 461
f 461 533 462
f 462 533 534
f 462 534 531
f 462 531 535
f 462 535 536
f 462 536 537
f 462 537 538
f 462 538 463
f 463 539 472
f 463 472 470
f 463 470 464
f 463 538 539
f 464 470 466
f 467 468 483
f 468 478 483
f 470 472 471
f 472 538 537
f 472 537 540
f 472 540 541
f 472 541 542
f 472 542 543
f 472 543 544
f 472 544 545
f 472 545 473
f 472 539 538
f 473 545 474
f 474 545 546
f 474 546 477
f 474 477 475
f 475 477 476
f 477 547 548
f 477 548 549
f 477 549 550
f 477 550 478
f 477 546 551
f 477 551 552
f 477 552 547
f 478 550 483
f 479 486 485
f 479 485 553
f 479 553 554
f 479 554 555
f 479 555 480
f 482 484 487
f 483 550 484
f 484 550 549
f 484 549 556
f 484 556 557
f 484 557 487
f 485 487 558
f 485 558 559
f 485 559 560
f 485 560 553
f 487 557 561
f 487 561 562
f 487 562 558
f 489 564 490
f 490 564 565
f 490 565 491
f 491 565 566
f 491 566 492
f 492 566 567
f 492 567 568
f 492 568 569
f 492 569 493
f 493 569 570
f 493 570 571
f 493 571 494
f 494 571 495
f 495 571 496
f 496 572 497
f 496 571 573
f 496 573 574
f 496 574 572
f 497 572 575
f 497 575 498
f 498 575 499
f 499 575 500
f 500 575 501
f 501 576 503
f 501 503 502
f 501 575 577
f 501 577 578
f 501 578 576
f 503 576 579
f 503 579 580
f 503 580 581
f 503 581 506
f 506 581 508
f 506 508 507
f 508 581 580
f 508 580 582
f 508 582 583
f 508 583 584
f 508 584 585
f 508 585 509
f 509 585 586
f 509 586 510
f 510 586 511
f 511 586 587
f 511 587 518
f 515 523 588
f 515 588 524
f 515 524 516
f 518 589 590
f 518 590 591
f 518 591 519
f 518 587 589
f 519 591 520
f 520 591 592
f 520 592 593
f 520 593 521
f 521 594 595
f 521 595 596
f 521 596 522
f 521 593 597
f 521 597 598
f 521 598 599
f 521 599 600
f 521 600 601
f 521 601 602
f 521 602 594
f 522 596 595
f 522 595 603
f 522 603 604
f 522 604 605
f 522 605 523
f 523 605 588
f 524 588 606
f 524 606 607
f 524 607 526
f 524 526 525
f 526 607 604
f 526 604 608
f 526 608 609
f 526 609 610
f 526 610 528
f 526 528 527
f 528 610 611
f 528 611 530
f 528 530 529
f 530 611 531
f 531 611 536
f 531 536 535
f 531 534 532
f 532 534 533
f 536 612 613
f 536 613 541
f 536 541 540
f 536 540 537
f 536 611 610
f 536 610 614
f 536 614 612
f 541 613 612
f 541 612 615
f 541 615 543
f 541 543 542
f 543 616 545
f 543 545 544
f 543 615 617
f 543 617 618
f 543 618 619
f 543 619 616
f 545 616 546
f 546 620 621
f 546 621 551
f 546 616 619
f 546 619 620
f 547 552 548
f 548 622 549
f 548 552 623
f 548 623 622
f 549 624 557
f 549 557 556
f 549 622 624
f 551 621 552
f 552 621 625
f 552 625 626
f 552 626 627
f 552 627 623
f 553 560 628
f 553 628 629
f 553 629 554
f 554 629 630
f 554 630 631
f 554 631 555
f 557 624 561
f 558 562 632
f 558 632 633
f 558 633 559
f 559 633 634
f 559 634 560
f 560 634 628
f 561 624 632
f 561 632 562
f 563 635 636
f 569 637 570
f 570 573 571
f 570 637 638
f 570 638 639
f 570 639 573
f 572 640 575
f 572 574 641
f 572 641 642
f 572 642 640
f 573 643 574
f 573 639 644
f 573 644 645
f 573 645 643
f 574 643 641
f 575 640 577
f 576 578 579
f 577 640 642
f 577 642 646
f 577 646 647
f 577 647 578
f 578 647 648
f 578 648 579
f 579 648 649
f 579 649 650
f 579 650 651
f 579 651 583
f 579 583 582
f 579 582 580
f 583 651 652
f 583 652 584
f 584 652 653
f 584 653 589
f 584 589 587
f 584 587 586
f 584 586 585
f 588 605 604
f 588 604 606
f 589 653 654
f 589 654 590
f 590 654 591
f 591 654 655
f 591 655 592
f 592 655 656
f 592 656 597
f 592 597 593
f 594 657 603
f 594 603 595
f 594 602 657
f 597 656 598
f 598 658 599
f 598 656 659
f 598 659 660
f 598 660 661
f 598 661 662
f 598 662 663
f 598 663 664
f 598 664 665
f 598 665 600
f 598 600 658
f 599 658 600
f 600 665 666
f 600 666 601
f 601 667 602
f 601 666 668
f 601 668 669
f 601 669 670
f 601 670 671
f 601 671 672
f 601 672 667
f 602 667 673
f 602 673 674
f 602 674 675
f 602 675 657
f 603 657 604
f 604 676 677
f 604 677 678
f 604 678 608
f 604 607 606
f 604 657 675
f 604 675 679
f 604 679 680
f 604 680 681
f 604 681 676
f 608 682 683
f 608 683 609
f 608 678 677
f 608 677 682
f 609 683 684
f 609 684 685
f 609 685 686
f 609 686 610
f 610 686 687
f 610 687 685
f 610 685 614
f 612 617 615
f 612 614 685
f 612 685 688
f 612 688 689
f 612 689 617
f 617 689 690
f 617 690 691
f 617 691 692
f 617 692 618
f 618 692 619
f 619 692 693
f 619 693 694
f 619 694 695
f 619 695 696
f 619 696 697
f 619 697 698
f 619 698 699
f 619 699 700
f 619 700 625
f 619 625 620
f 620 625 621
f 622 701 624
f 622 623 702
f 622 702 701
f 623 703 704
f 623 704 702
f 623 627 705
f 623 705 706
f 623 706 703
f 624 701 632
f 625 700 626
f 626 700 699
f 626 699 627
f 627 699 707
f 627 707 708
f 627 708 705
f 628 634 709
f 628 709 630
f 628 630 629
f 632 701 710
f 632 710 633
f 633 710 711
f 633 711 634
f 634 711 712
f 634 712 713
f 634 713 709
f 635 714 715
f 635 715 636
f 636 715 716
f 637 717 638
f 638 717 718
f 638 718 639
f 639 718 719
f 639 719 720
f 639 720 721
f 639 721 722
f 639 722 644
f 641 643 646
f 641 646 642
f 643 645 644
f 643 644 723
f 643 723 646
f 644 722 724
f 644 724 723
f 646 725 647
f 646 723 726
f 646 726 727
f 646 727 725
f 647 725 648
f 648 725 728
f 648 728 650
f 648 650 649
f 650 728 729
f 650 729 651
f 651 729 730
f 651 730 731
f 651 731 652
f 652 731 653
f 653 731 732
f 653 732 654
f 654 732 655
f 655 732 656
f 656 732 659
f 659 732 660
f 660 733 734
f 660 734 735
f 660 735 736
f 660 736 737
f 660 737 662
f 660 662 661
f 660 732 738
f 660 738 727
f 660 727 733
f 662 664 663
f 662 737 736
f 662 736 739
f 662 739 740
f 662 740 741
f 662 741 664
f 664 666 665
f 664 741 668
f 664 668 666
f 667 672 673
f 668 741 740
f 668 740 742
f 668 742 669
f 669 742 670
f 670 742 743
f 670 743 744
f 670 744 745
f 670 745 671
f 671 746 747
f 671 747 672
f 671 745 748
f 671 748 749
f 671 749 750
f 671 750 746
f 672 747 673
f 673 751 674
f 673 747 751
f 674 751 679
f 674 679 675
f 676 752 677
f 676 681 752
f 677 753 754
f 677 754 755
f 677 755 682
f 677 752 756
f 677 756 753
f 679 751 757
f 679 757 758
f 679 758 759
f 679 759 760
f 679 760 680
f 680 760 761
f 680 761 681
f 681 761 762
f 681 762 842
f 681 842 763
f 681 763 752
f 682 755 683
f 683 755 764
f 683 764 765
f 683 765 766
f 683 766 684
f 684 766 765
f 684 765 685
f 685 765 767
f 685 767 768
f 685 768 688
f 685 687 686
f 688 768 690
f 688 690 689
f 690 768 769
f 690 769 770
f 690 770 693
f 690 693 691
f 691 693 692
f 693 770 771
f 693 771 772
f 693 772 695
f 693 695 694
f 695 772 696
f 696 772 773
f 696 773 698
f 696 698 697
f 698 707 699
f 698 773 774
f 698 774 775
f 698 775 776
f 698 776 777
f 698 777 707
f 701 702 778
f 701 778 779
f 701 779 710
f 702 704 780
f 702 780 781
f 702 781 779
f 702 779 778
f 703 782 783
f 703 783 784
f 703 784 704
f 703 706 785
f 703 785 786
f 703 786 787
f 703 787 782
f 704 784 780
f 705 708 788
f 705 788 706
f 706 788 785
f 707 777 789
f 707 789 790
f 707 790 708
f 708 790 788
f 709 713 791
f 710 779 712
f 710 712 711
f 712 779 781
f 712 781 780
f 712 780 792
f 712 792 713
f 713 792 793
f 713 793 791
f 714 794 715
f 715 795 716
f 715 794 796
f 715 796 797
f 715 797 795
f 716 795 798
f 717 799 800
f 717 800 718
f 718 800 719
f 719 800 799
f 719 801 720
f 720 801 802
f 720 802 721
f 721 803 804
f 721 804 805
f 721 805 806
f 721 806 807
f 721 807 722
f 721 802 803
f 722 807 806
f 722 806 724
f 723 724 808
f 723 808 809
f 723 809 726
f 724 810 811
f 724 811 727
f 724 727 809
f 724 809 808
f 724 806 812
f 724 812 810
f 725 727 728
f 726 809 727
f 727 811 810
f 727 810 812
f 727 812 813
f 727 813 814
f 727 814 815
f 727 815 816
f 727 816 734
f 727 734 733
f 727 738 817
f 727 817 818
f 727 818 819
f 727 819 728
f 728 819 729
f 729 819 818
f 729 818 730
f 730 820 731
f 730 818 738
f 730 738 820
f 731 820 732
f 732 820 738
f 734 816 821
f 734 821 735
f 735 821 736
f 736 821 822
f 736 822 739
f 738 818 817
f 739 822 740
f 740 822 823
f 740 823 824
f 740 824 744
f 740 744 742
f 742 744 743
f 744 824 825
f 744 825 826
f 744 826 827
f 744 827 828
f 744 828 829
f 744 829 830
f 744 830 831
f 744 831 832
f 744 832 745
f 745 832 831
f 745 831 748
f 746 833 747
f 746 750 833
f 747 833 757
f 747 757 751
f 748 831 835
f 748 835 749
f 749 834 750
f 749 835 834
f 750 834 836
f 750 836 833
f 752 763 756
f 753 756 837
f 753 837 838
f 753 838 754
f 754 838 839
f 754 839 840
f 754 840 841
f 754 841 767
f 754 767 765
f 754 765 764
f 754 764 755
f 756 763 842
f 756 842 837
f 757 833 758
f 758 833 843
f 758 843 759
f 759 844 845
f 759 845 760
f 759 843 836
f 759 836 846
f 759 846 847
f 759 847 848
f 759 848 849
f 759 849 844
f 760 845 850
f 760 850 761
f 761 851 762
f 761 850 852
f 761 852 853
f 761 853 851
f 762 851 842
f 767 854 769
f 767 769 768
f 767 841 840
f 767 840 854
f 769 854 770
f 770 854 855
f 770 855 771
f 771 855 772
f 772 774 773
f 772 855 854
f 772 854 856
f 772 856 857
f 772 857 858
f 772 858 859
f 772 859 860
f 772 860 774
f 774 860 861
f 774 861 775
f 775 861 862
f 775 862 863
f 775 863 776
f 776 863 864
f 776 864 777
f 777 864 789
f 780 784 865
f 780 865 792
f 782 866 867
f 782 867 783
f 782 787 868
f 782 868 866
f 783 867 784
f 784 869 870
f 784 870 865
f 784 867 869
f 785 788 871
f 785 871 786
f 786 868 787
f 786 871 872
f 786 872 873
f 786 873 874
f 786 874 875
f 786 875 876
f 786 876 877
f 786 877 878
f 786 878 868
f 788 790 879
f 788 879 880
f 788 880 871
f 789 864 863
f 789 863 881
f 789 881 882
f 789 882 883
f 789 883 790
f 790 883 879
f 791 793 884
f 792 865 793
f 793 865 870
f 793 870 885
f 793 885 884
f 794 886 796
f 795 887 888
f 795 888 798
f 795 797 889
f 795 889 890
f 795 890 887
f 796 891 892
f 796 892 797
f 796 886 891
f 797 892 889
f 801 893 802
f 802 893 803
f 803 894 895
f 803 895 804
f 804 895 896
f 804 896 897
f 804 897 805
f 805 812 806
f 805 897 898
f 805 898 812
f 812 898 899
f 812 899 900
f 812 900 813
f 813 900 901
f 813 901 902
f 813 902 814
f 814 902 903
f 814 903 904
f 814 904 905
f 814 905 815
f 815 905 816
f 816 906 821
f 816 905 906
f 821 904 822
f 821 906 907
f 821 907 904
f 822 904 908
f 822 908 823
f 823 908 909
f 823 909 824
f 824 910 825
f 824 909 908
f 824 908 911
f 824 911 910
f 825 912 913
f 825 913 914
f 825 914 915
f 825 915 916
f 825 916 917
f 825 917 918
f 825 918 826
f 825 910 912
f 826 918 919
f 826 919 920
f 826 920 827
f 827 920 921
f 827 921 922
f 827 922 828
f 828 923 924
f 828 924 925
f 828 925 926
f 828 926 927
f 828 927 928
f 828 928 831
f 828 831 829
f 828 922 923
f 829 831 830
f 831 928 835
f 833 836 843
f 834 835 846
f 834 846 836
f 835 928 929
f 835 929 930
f 835 930 846
f 837 842 851
f 837 851 931
f 837 931 838
f 838 931 932
f 838 932 933
f 838 933 934
f 838 934 840
f 838 840 839
f 840 857 856
f 840 856 854
f 840 934 933
f 840 933 935
f 840 935 857
f 844 849 936
f 844 936 937
f 844 937 938
f 844 938 852
f 844 852 845
f 845 852 850
f 846 930 929
f 846 929 939
f 846 939 847
f 847 939 848
f 848 939 940
f 848 940 941
f 848 941 942
f 848 942 936
f 848 936 849
f 851 853 852
f 851 852 943
f 851 943 944
f 851 944 932
f 851 932 931
f 852 945 944
f 852 944 943
f 852 938 945
f 857 946 859
f 857 859 858
f 857 935 947
f 857 947 946
f 859 946 948
f 859 948 949
f 859 949 860
f 860 949 950
f 860 950 951
f 860 951 952
f 860 952 863
f 860 863 861
f 861 863 862
f 863 953 882
f 863 882 881
f 863 952 954
f 863 954 955
f 863 955 953
f 866 868 878
f 866 878 956
f 866 956 867
f 867 956 869
f 869 957 958
f 869 958 959
f 869 959 885
f 869 885 870
f 869 956 957
f 871 880 960
f 871 960 872
f 872 960 961
f 872 961 873
f 873 961 962
f 873 962 963
f 873 963 964
f 873 964 965
f 873 965 966
f 873 966 874
f 874 966 967
f 874 967 968
f 874 968 875
f 875 968 876
f 876 968 969
f 876 970 878
f 876 878 877
f 878 970 971
f 878 971 972
f 878 972 956
f 879 883 973
f 879 973 880
f 880 973 974
f 880 974 975
f 880 975 960
f 882 974 883
f 882 953 976
f 882 976 977
f 882 977 974
f 883 974 973
f 884 885 959
f 887 890 888
f 888 890 978
f 889 892 979
f 889 979 980
f 889 980 890
f 890 980 981
f 890 981 978
f 891 982 892
f 892 982 983
f 892 983 979
f 894 984 895
f 895 984 896
f 896 984 985
f 896 985 897
f 897 985 986
f 897 986 898
f 898 986 899
f 899 986 987
f 899 987 988
f 899 988 989
f 899 989 900
f 900 989 990
f 900 990 901
f 901 990 991
f 901 991 902
f 902 991 992
f 902 992 903
f 903 992 993
f 903 993 904
f 904 907 906
f 904 906 905
f 904 993 994
f 904 994 995
f 904 995 996
f 904 996 997
f 904 997 998
f 904 998 908
f 908 998 911
f 910 911 998
f 910 998 912
f 912 998 997
f 912 997 996
f 912 996 999
f 912 999 914
f 912 914 913
f 914 999 915
f 915 1000 1001
f 915 1001 1002
f 915 1002 1003
f 915 1003 1004
f 915 1004 916
f 915 999 1005
f 915 1005 1000
f 916 1006 1007
f 916 1007 917
f 916 1004 1006
f 917 1007 918
f 918 1007 921
f 918 921 919
f 919 921 920
f 921 1007 1008
f 921 1008 1009
f 921 1009 1010
f 921 1010 923
f 921 923 922
f 923 1010 1011
f 923 1011 924
f 924 1011 1012
f 924 1012 1013
f 924 1013 1014
f 924 1014 1015
f 924 1015 1016
f 924 1016 925
f 925 1017 939
f 925 939 926
f 925 1016 1018
f 925 1018 1017
f 926 939 927
f 927 939 929
f 927 929 928
f 932 1019 1020
f 932 1020 1021
f 932 1021 933
f 932 944 1022
f 932 1022 1023
f 932 1023 1024
f 932 1024 1019
f 933 1021 935
f 935 1021 947
f 936 1025 937
f 936 942 1025
f 937 1025 938
f 938 1025 1026
f 938 1026 1027
f 938 1027 1022
f 938 1022 945
f 939 1028 1029
f 939 1029 1030
f 939 1030 940
f 939 1017 1031
f 939 1031 1032
f 939 1032 1033
f 939 1033 1034
f 939 1034 1035
f 939 1035 1036
f 939 1036 1028
f 940 1030 941
f 941 1037 942
f 941 1030 1038
f 941 1038 1039
f 941 1039 1037
f 942 1037 1040
f 942 1040 1026
f 942 1026 1025
f 944 945 1022
f 946 947 948
f 947 1021 1020
f 947 1020 1041
f 947 1041 948
f 948 1041 1042
f 948 1042 1043
f 948 1043 1044
f 948 1044 949
f 949 1044 950
f 950 1044 951
f 951 1044 1042
f 951 1042 1045
f 951 1045 1046
f 951 1046 1047
f 951 1047 1048
f 951 1048 1049
f 951 1049 952
f 952 1049 954
f 953 955 1050
f 953 1050 976
f 954 1049 955
f 955 1049 1050
f 956 972 957
f 960 975 1051
f 960 1051 1052
f 960 1052 1053
f 960 1053 961
f 961 1054 1055
f 961 1055 1056
f 961 1056 1057
f 961 1057 962
f 961 1053 1054
f 962 1057 1058
f 962 1058 963
f 963 1058 1059
f 963 1059 1060
f 963 1060 1061
f 963 1061 964
f 964 1062 965
f 964 1061 1062
f 965 1062 1063
f 965 1063 1064
f 965 1064 1065
f 965 1065 968
f 965 968 967
f 965 967 966
f 968 1065 1064
f 968 1064 969
f 969 1064 1066
f 974 977 975
f 975 977 1051
f 976 1050 1048
f 976 1048 1067
f 976 1067 1068
f 976 1068 1069
f 976 1069 977
f 977 1069 1070
f 977 1070 1051
f 979 983 1071
f 979 1071 1072
f 979 1072 980
f 980 1073 1074
f 980 1074 981
f 980 1072 1075
f 980 1075 1073
f 981 1074 1076
f 982 1077 983
f 983 1078 1079
f 983 1079 1071
f 983 1077 1080
f 983 1080 1078
f 984 1081 985
f 985 1081 1082
f 985 1082 986
f 986 1082 987
f 987 1082 988
f 988 1082 1083
f 988 1083 1084
f 988 1084 1085
f 988 1085 1086
f 988 1086 989
f 989 1086 1087
f 989 1087 1088
f 989 1088 1089
f 989 1089 991
f 989 991 990
f 991 1089 992
f 992 1089 1088
f 992 1088 1090
f 992 1090 993
f 993 1090 1091
f 993 1091 1092
f 993 1092 994
f 994 1093 1094
f 994 1094 1095
f 994 1095 999
f 994 999 1096
f 994 1096 996
f 994 996 995
f 994 1092 1091
f 994 1091 1093
f 996 1096 999
f 999 1095 1097
f 999 1097 1098
f 999 1098 1099
f 999 1099 1000
f 999 1000 1005
f 1000 1100 1001
f 1000 1099 1100
f 1001 1100 1101
f 1001 1101 1102
f 1001 1102 1103
f 1001 1103 1104
f 1001 1104 1002
f 1002 1104 1105
f 1002 1105 1106
f 1002 1106 1107
f 1002 1107 1003
f 1003 1107 1106
f 1003 1106 1108
f 1003 1108 1109
f 1003 1109 1110
f 1003 1110 1111
f 1003 1111 1112
f 1003 1112 1004
f 1004 1112 1006
f 1006 1008 1007
f 1006 1112 1008
f 1008 1112 1009
f 1009 1112 1010
f 1010 1112 1011
f 1011 1112 1012
f 1012 1111 1013
f 1012 1112 1111
f 1013 1111 1113
f 1013 1113 1014
f 1014 1114 1032
f 1014 1032 1031
f 1014 1031 1015
f 1014 1113 1115
f 1014 1115 1116
f 1014 1116 1114
f 1015 1031 1016
f 1016 1031 1017
f 1016 1017 1018
f 1019 1024 1117
f 1019 1117 1042
f 1019 1042 1020
f 1020 1042 1041
f 1022 1027 1118
f 1022 1118 1023
f 1023 1118 1119
f 1023 1119 1120
f 1023 1120 1121
f 1023 1121 1122
f 1023 1122 1024
f 1024 1122 1123
f 1024 1123 1124
f 1024 1124 1117
f 1026 1040 1125
f 1026 1125 1126
f 1026 1126 1127
f 1026 1127 1119
f 1026 1119 1027
f 1027 1119 1118
f 1028 1036 1128
f 1028 1128 1029
f 1029 1129 1130
f 1029 1130 1125
f 1029 1125 1037
f 1029 1037 1039
f 1029 1039 1038
f 1029 1038 1030
f 1029 1128 1131
f 1029 1131 1132
f 1029 1132 1133
f 1029 1133 1129
f 1032 1114 1134
f 1032 1134 1135
f 1032 1135 1136
f 1032 1136 1033
f 1033 1136 1034
f 1034 1137 1138
f 1034 1138 1139
f 1034 1139 1035
f 1034 1136 1135
f 1034 1135 1140
f 1034 1140 1141
f 1034 1141 1137
f 1035 1139 1131
f 1035 1131 1128
f 1035 1128 1036
f 1037 1125 1040
f 1042 1044 1043
f 1042 1117 1124
f 1042 1124 1123
f 1042 1123 1142
f 1042 1142 1143
f 1042 1143 1045
f 1045 1143 1046
f 1046 1144 1047
f 1046 1143 1145
f 1046 1145 1146
f 1046 1146 1147
f 1046 1147 1144
f 1047 1144 1048
f 1048 1144 1068
f 1048 1068 1067
f 1048 1050 1049
f 1051 1070 1052
f 1052 1070 1054
f 1052 1054 1053
f 1054 1070 1148
f 1054 1148 1055
f 1055 1148 1056
f 1056 1149 1057
f 1056 1148 1150
f 1056 1150 1151
f 1056 1151 1152
f 1056 1152 1149
f 1057 1059 1058
f 1057 1149 1153
f 1057 1153 1154
f 1057 1154 1059
f 1059 1154 1155
f 1059 1155 1156
f 1059 1156 1060
f 1060 1156 1157
f 1060 1157 1158
f 1060 1158 1061
f 1061 1158 1063
f 1061 1063 1062
f 1063 1158 1064
f 1064 1159 1066
f 1064 1158 1160
f 1064 1160 1161
f 1064 1161 1159
f 1068 1070 1069
f 1068 1144 1162
f 1068 1162 1147
f 1068 1147 1070
f 1070 1163 1148
f 1070 1147 1164
f 1070 1164 1163
f 1071 1079 1165
f 1071 1165 1166
f 1071 1166 1072
f 1072 1166 1075
f 1073 1075 1076
f 1073 1076 1074
f 1075 1167 1168
f 1075 1168 1169
f 1075 1169 1076
f 1075 1166 1170
f 1075 1170 1167
f 1078 1080 1171
f 1078 1171 1172
f 1078 1172 1173
f 1078 1173 1079
f 1079 1173 1174
f 1079 1174 1165
f 1081 1083 1082
f 1081 1175 1084
f 1081 1084 1083
f 1084 1176 1177
f 1084 1177 1178
f 1084 1178 1179
f 1084 1179 1180
f 1084 1180 1085
f 1084 1175 1176
f 1085 1180 1086
f 1086 1181 1087
f 1086 1180 1182
f 1086 1182 1183
f 1086 1183 1184
f 1086 1184 1185
f 1086 1185 1181
f 1087 1186 1088
f 1087 1181 1186
f 1088 1186 1187
f 1088 1187 1090
f 1090 1187 1188
f 1090 1188 1091
f 1091 1188 1186
f 1091 1186 1189
f 1091 1189 1093
f 1093 1189 1190
f 1093 1190 1191
f 1093 1191 1094
f 1094 1097 1095
f 1094 1191 1192
f 1094 1192 1193
f 1094 1193 1194
f 1094 1194 1097
f 1097 1194 1101
f 1097 1101 1100
f 1097 1100 1098
f 1098 1100 1099
f 1101 1194 1195
f 1101 1195 1102
f 1102 1192 1196
f 1102 1196 1197
f 1102 1197 1198
f 1102 1198 1199
f 1102 1199 1103
f 1102 1195 1194
f 1102 1194 1200
f 1102 1200 1192
f 1103 1199 1201
f 1103 1201 1202
f 1103 1202 1104
f 1104 1202 1203
f 1104 1203 1204
f 1104 1204 1205
f 1104 1205 1105
f 1105 1205 1106
f 1106 1205 1206
f 1106 1206 1207
f 1106 1207 1108
f 1108 1207 1109
f 1109 1207 1208
f 1109 1208 1110
f 1110 1208 1209
f 1110 1209 1210
f 1110 1210 1111
f 1111 1210 1211
f 1111 1211 1115
f 1111 1115 1113
f 1114 1116 1134
f 1115 1211 1116
f 1116 1212 1134
f 1116 1211 1213
f 1116 1213 1214
f 1116 1214 1212
f 1119 1127 1120
f 1120 1127 1215
f 1120 1215 1216
f 1120 1216 1121
f 1121 1216 1122
f 1122 1216 1123
f 1123 1216 1217
f 1123 1217 1218
f 1123 1218 1219
f 1123 1219 1220
f 1123 1220 1221
f 1123 1221 1142
f 1125 1130 1129
f 1125 1129 1222
f 1125 1222 1126
f 1126 1222 1223
f 1126 1223 1127
f 1127 1223 1215
f 1129 1224 1225
f 1129 1225 1222
f 1129 1133 1226
f 1129 1226 1227
f 1129 1227 1224
f 1131 1139 1228
f 1131 1228 1229
f 1131 1229 1230
f 1131 1230 1132
f 1132 1230 1226
f 1132 1226 1133
f 1134 1212 1231
f 1134 1231 1140
f 1134 1140 1135
f 1137 1141 1232
f 1137 1232 1233
f 1137 1233 1138
f 1138 1228 1139
f 1138 1233 1234
f 1138 1234 1235
f 1138 1235 1228
f 1140 1231 1236
f 1140 1236 1141
f 1141 1236 1237
f 1141 1237 1238
f 1141 1238 1239
f 1141 1239 1232
f 1142 1221 1240
f 1142 1240 1146
f 1142 1146 1145
f 1142 1145 1143
f 1144 1147 1241
f 1144 1241 1162
f 1146 1240 1242
f 1146 1242 1147
f 1147 1242 1243
f 1147 1243 1244
f 1147 1244 1245
f 1147 1245 1246
f 1147 1246 1247
f 1147 1247 1248
f 1147 1248 1249
f 1147 1249 1151
f 1147 1151 1250
f 1147 1250 1163
f 1147 1163 1164
f 1147 1162 1241
f 1148 1163 1250
f 1148 1250 1251
f 1148 1251 1150
f 1149 1152 1153
f 1150 1251 1151
f 1151 1249 1152
f 1151 1251 1250
f 1152 1249 1252
f 1152 1252 1153
f 1153 1252 1253
f 1153 1253 1254
f 1153 1254 1255
f 1153 1255 1154
f 1154 1255 1256
f 1154 1256 1155
f 1155 1256 1156
f 1156 1256 1157
f 1157 1160 1158
f 1157 1256 1257
f 1157 1257 1160
f 1160 1258 1161
f 1160 1257 1259
f 1160 1259 1258
f 1165 1260 1170
f 1165 1170 1166
f 1165 1174 1261
f 1165 1261 1354
f 1165 1354 1260
f 1167 1170 1262
f 1167 1262 1168
f 1168 1262 1263
f 1168 1263 1264
f 1168 1264 1265
f 1168 1265 1266
f 1168 1266 1169
f 1170 1260 1262
f 1172 1267 1173
f 1173 1267 1268
f 1173 1268 1269
f 1173 1269 1270
f 1173 1270 1174
f 1174 1270 1271
f 1174 1271 1261
f 1177 1272 1179
f 1177 1179 1178
f 1179 1273 1274
f 1179 1274 1275
f 1179 1275 1180
f 1179 1272 1273
f 1180 1275 1276
f 1180 1276 1182
f 1181 1185 1189
f 1181 1189 1186
f 1182 1276 1183
f 1183 1276 1277
f 1183 1277 1278
f 1183 1278 1184
f 1184 1279 1280
f 1184 1280 1185
f 1184 1278 1279
f 1185 1280 1281
f 1185 1281 1190
f 1185 1190 1189
f 1186 1188 1187
f 1190 1281 1191
f 1191 1281 1192
f 1192 1282 1283
f 1192 1283 1284
f 1192 1284 1285
f 1192 1285 1286
f 1192 1286 1287
f 1192 1287 1288
f 1192 1288 1289
f 1192 1289 1196
f 1192 1200 1290
f 1192 1290 1193
f 1192 1281 1282
f 1193 1290 1194
f 1194 1290 1200
f 1196 1289 1291
f 1196 1291 1292
f 1196 1292 1198
f 1196 1198 1197
f 1198 1292 1293
f 1198 1293 1201
f 1198 1201 1199
f 1201 1293 1294
f 1201 1294 1202
f 1202 1294 1295
f 1202 1295 1203
f 1203 1295 1296
f 1203 1296 1205
f 1203 1205 1204
f 1205 1296 1206
f 1206 1297 1207
f 1206 1296 1298
f 1206 1298 1299
f 1206 1299 1297
f 1207 1297 1208
f 1208 1300 1209
f 1208 1297 1301
f 1208 1301 1302
f 1208 1302 1300
f 1209 1300 1210
f 1210 1300 1303
f 1210 1303 1213
f 1210 1213 1211
f 1212 1214 1304
f 1212 1304 1231
f 1213 1305 1306
f 1213 1306 1307
f 1213 1307 1214
f 1213 1303 1305
f 1214 1307 1304
f 1215 1308 1309
f 1215 1309 1310
f 1215 1310 1216
f 1215 1223 1225
f 1215 1225 1311
f 1215 1311 1308
f 1216 1310 1309
f 1216 1309 1312
f 1216 1312 1217
f 1217 1312 1313
f 1217 1313 1218
f 1218 1313 1314
f 1218 1314 1315
f 1218 1315 1316
f 1218 1316 1317
f 1218 1317 1219
f 1219 1317 1220
f 1220 1317 1221
f 1221 1317 1240
f 1222 1225 1223
f 1224 1227 1318
f 1224 1318 1319
f 1224 1319 1311
f 1224 1311 1225
f 1226 1230 1320
f 1226 1320 1227
f 1227 1320 1321
f 1227 1321 1318
f 1228 1235 1322
f 1228 1322 1323
f 1228 1323 1229
f 1229 1324 1230
f 1229 1323 1325
f 1229 1325 1324
f 1230 1324 1320
f 1231 1304 1237
f 1231 1237 1236
f 1232 1326 1233
f 1232 1239 1326
f 1233 1326 1327
f 1233 1327 1234
f 1234 1327 1328
f 1234 1328 1235
f 1235 1328 1322
f 1237 1304 1329
f 1237 1329 1307
f 1237 1307 1330
f 1237 1330 1331
f 1237 1331 1332
f 1237 1332 1333
f 1237 1333 1334
f 1237 1334 1335
f 1237 1335 1238
f 1238 1335 1239
f 1239 1336 1328
f 1239 1328 1327
f 1239 1327 1326
f 1239 1335 1334
f 1239 1334 1333
f 1239 1333 1337
f 1239 1337 1338
f 1239 1338 1336
f 1240 1317 1243
f 1240 1243 1242
f 1243 1317 1244
f 1244 1339 1245
f 1244 1317 1316
f 1244 1316 1315
f 1244 1315 1340
f 1244 1340 1339
f 1245 1339 1246
f 1246 1341 1247
f 1246 1339 1342
f 1246 1342 1341
f 1247 1341 1343
f 1247 1343 1344
f 1247 1344 1248
f 1248 1344 1249
f 1249 1344 1345
f 1249 1345 1253
f 1249 1253 1252
f 1253 1345 1254
f 1254 1346 1347
f 1254 1347 1348
f 1254 1348 1255
f 1254 1345 1346
f 1255 1348 1256
f 1256 1349 1257
f 1256 1348 1350
f 1256 1350 1351
f 1256 1351 1352
f 1256 1352 1349
f 1257 1349 1352
f 1257 1352 1259
f 1259 1352 1353
f 1260 1354 1355
f 1260 1355 1356
f 1260 1356 1262
f 1261 1271 1357
f 1261 1357 1358
f 1261 1358 1354
f 1262 1356 1359
f 1262 1359 1360
f 1262 1360 1263
f 1263 1360 1361
f 1263 1361 1264
f 1269 1362 1270
f 1270 1362 1363
f 1270 1363 1364
f 1270 1364 1365
f 1270 1365 1271
f 1271 1365 1442
f 1271 1442 1357
f 1272 1366 1273
f 1273 1366 1274
f 1274 1367 1275
f 1274 1366 1368
f 1274 1368 1367
f 1275 1367 1369
f 1275 1369 1276
f 1276 1369 1370
f 1276 1370 1371
f 1276 1371 1372
f 1276 1372 1373
f 1276 1373 1277
f 1277 1373 1278
f 1278 1373 1374
f 1278 1374 1375
f 1278 1375 1279
f 1279 1375 1284
f 1279 1284 1280
f 1280 1284 1283
f 1280 1283 1281
f 1281 1283 1282
f 1284 1375 1285
f 1285 1375 1376
f 1285 1376 1377
f 1285 1377 1286
f 1286 1377 1287
f 1287 1377 1376
f 1287 1376 1378
f 1287 1378 1374
f 1287 1374 1379
f 1287 1379 1380
f 1287 1380 1381
f 1287 1381 1288
f 1288 1381 1289
f 1289 1381 1291
f 1291 1381 1382
f 1291 1382 1292
f 1292 1382 1383
f 1292 1383 1384
f 1292 1384 1295
f 1292 1295 1293
f 1293 1295 1294
f 1295 1384 1385
f 1295 1385 1296
f 1296 1385 1386
f 1296 1386 1387
f 1296 1387 1388
f 1296 1388 1298
f 1297 1299 1389
f 1297 1389 1301
f 1298 1388 1299
f 1299 1388 1390
f 1299 1390 1389
f 1300 1302 1303
f 1301 1389 1391
f 1301 1391 1302
f 1302 1391 1392
f 1302 1392 1305
f 1302 1305 1303
f 1304 1307 1329
f 1305 1392 1393
f 1305 1393 1306
f 1306 1393 1394
f 1306 1394 1395
f 1306 1395 1396
f 1306 1396 1397
f 1306 1397 1307
f 1307 1397 1398
f 1307 1398 1330
f 1308 1311 1319
f 1308 1319 1309
f 1309 1319 1313
f 1309 1313 1399
f 1309 1399 1312
f 1312 1399 1313
f 1313 1319 1400
f 1313 1400 1401
f 1313 1401 1402
f 1313 1402 1315
f 1313 1315 1314
f 1315 1402 1403
f 1315 1403 1340
f 1318 1404 1319
f 1318 1321 1405
f 1318 1405 1406
f 1318 1406 1404
f 1319 1404 1406
f 1319 1406 1407
f 1319 1407 1408
f 1319 1408 1409
f 1319 1409 1410
f 1319 1410 1411
f 1319 1411 1400
f 1320 1405 1321
f 1320 1324 1412
f 1320 1412 1405
f 1322 1328 1413
f 1322 1413 1325
f 1322 1325 1323
f 1324 1325 1412
f 1325 1414 1415
f 1325 1415 1412
f 1325 1413 1416
f 1325 1416 1414
f 1328 1417 1418
f 1328 1418 1419
f 1328 1419 1413
f 1328 1336 1420
f 1328 1420 1417
f 1330 1398 1421
f 1330 1421 1331
f 1331 1421 1422
f 1331 1422 1332
f 1332 1422 1423
f 1332 1423 1424
f 1332 1424 1333
f 1333 1424 1337
f 1336 1338 1425
f 1336 1425 1420
f 1337 1424 1426
f 1337 1426 1338
f 1338 1426 1427
f 1338 1427 1425
f 1339 1340 1403
f 1339 1403 1342
f 1341 1342 1428
f 1341 1428 1343
f 1342 1403 1429
f 1342 1429 1430
f 1342 1430 1428
f 1343 1347 1346
f 1343 1346 1344
f 1343 1428 1347
f 1344 1346 1345
f 1347 1428 1431
f 1347 1431 1432
f 1347 1432 1433
f 1347 1433 1348
f 1348 1433 1434
f 1348 1434 1435
f 1348 1435 1350
f 1350 1435 1351
f 1351 1435 1352
f 1352 1435 1436
f 1352 1436 1437
f 1352 1437 1438
f 1352 1438 1353
f 1354 1358 1439
f 1354 1439 1355
f 1355 1440 1359
f 1355 1359 1356
f 1355 1439 1441
f 1355 1441 1440
f 1357 1442 1358
f 1358 1442 1443
f 1358 1443 1444
f 1358 1444 1439
f 1359 1440 1360
f 1360 1440 1445
f 1360 1445 1446
f 1360 1446 1361
f 1363 1447 1448
f 1363 1448 1364
f 1364 1448 1449
f 1364 1449 1450
f 1364 1450 1365
f 1365 1450 1451
f 1365 1451 1442
f 1366 1367 1368
f 1367 1452 1369
f 1369 1452 1370
f 1370 1452 1453
f 1370 1453 1371
f 1371 1453 1372
f 1372 1453 1454
f 1372 1454 1455
f 1372 1455 1456
f 1372 1456 1457
f 1372 1457 1373
f 1373 1457 1458
f 1373 1458 1374
f 1374 1378 1375
f 1374 1458 1459
f 1374 1459 1379
f 1375 1378 1376
f 1379 1459 1460
f 1379 1460 1461
f 1379 1461 1462
f 1379 1462 1380
f 1380 1462 1381
f 1381 1462 1382
f 1382 1462 1385
f 1382 1385 1383
f 1383 1385 1384
f 1385 1463 1386
f 1385 1462 1464
f 1385 1464 1465
f 1385 1465 1466
f 1385 1466 1463
f 1386 1467 1468
f 1386 1468 1387
f 1386 1463 1467
f 1387 1468 1469
f 1387 1469 1388
f 1388 1469 1470
f 1388 1470 1471
f 1388 1471 1390
f 1389 1392 1391
f 1389 1390 1472
f 1389 1472 1392
f 1390 1471 1473
f 1390 1473 1472
f 1392 1472 1474
f 1392 1474 1393
f 1393 1474 1394
f 1394 1474 1475
f 1394 1475 1476
f 1394 1476 1395
f 1395 1476 1477
f 1395 1477 1478
f 1395 1478 1479
f 1395 1479 1422
f 1395 1422 1421
f 1395 1421 1396
f 1396 1421 1398
f 1396 1398 1397
f 1400 1411 1401
f 1401 1411 1480
f 1401 1480 1481
f 1401 1481 1482
f 1401 1482 1402
f 1402 1482 1403
f 1403 1483 1429
f 1403 1482 1484
f 1403 1484 1483
f 1405 1407 1406
f 1405 1412 1415
f 1405 1415 1485
f 1405 1485 1486
f 1405 1486 1407
f 1407 1409 1408
f 1407 1486 1409
f 1409 1486 1487
f 1409 1487 1488
f 1409 1488 1410
f 1410 1488 1411
f 1411 1488 1480
f 1413 1419 1489
f 1413 1489 1416
f 1414 1416 1490
f 1414 1490 1415
f 1415 1490 1491
f 1415 1491 1485
f 1416 1489 1490
f 1417 1420 1418
f 1418 1492 1419
f 1418 1420 1493
f 1418 1493 1494
f 1418 1494 1492
f 1419 1492 1495
f 1419 1495 1490
f 1419 1490 1489
f 1420 1425 1496
f 1420 1496 1497
f 1420 1497 1493
f 1422 1479 1423
f 1423 1479 1498
f 1423 1498 1499
f 1423 1499 1424
f 1424 1499 1500
f 1424 1500 1426
f 1425 1427 1501
f 1425 1501 1496
f 1426 1500 1427
f 1427 1500 1502
f 1427 1502 1503
f 1427 1503 1504
f 1427 1504 1505
f 1427 1505 1506
f 1427 1506 1507
f 1427 1507 1501
f 1428 1430 1508
f 1428 1508 1431
f 1429 1483 1509
f 1429 1509 1510
f 1429 1510 1511
f 1429 1511 1512
f 1429 1512 1430
f 1430 1512 1508
f 1431 1508 1512
f 1431 1512 1432
f 1432 1513 1434
f 1432 1434 1433
f 1432 1512 1514
f 1432 1514 1515
f 1432 1515 1513
f 1434 1513 1516
f 1434 1516 1517
f 1434 1517 1518
f 1434 1518 1435
f 1435 1518 1519
f 1435 1519 1436
f 1436 1519 1520
f 1436 1520 1437
f 1439 1444 1521
f 1439 1521 1522
f 1439 1522 1441
f 1440 1523 1524
f 1440 1524 1525
f 1440 1525 1526
f 1440 1526 1446
f 1440 1446 1445
f 1440 1441 1523
f 1441 1522 1523
f 1442 1451 1443
f 1443 1451 1527
f 1443 1527 1444
f 1444 1527 1528
f 1444 1528 1529
f 1444 1529 1530
f 1444 1530 1521
f 1447 1531 1448
f 1448 1531 1532
f 1448 1532 1533
f 1448 1533 1449
f 1449 1533 1534
f 1449 1534 1450
f 1450 1534 1451
f 1451 1534 1535
f 1451 1535 1527
f 1453 1536 1455
f 1453 1455 1454
f 1455 1536 1537
f 1455 1537 1538
f 1455 1538 1456
f 1456 1538 1457
f 1457 1538 1539
f 1457 1539 1540
f 1457 1540 1458
f 1458 1540 1541
f 1458 1541 1459
f 1459 1541 1460
f 1460 1541 1542
f 1460 1542 1543
f 1460 1543 1544
f 1460 1544 1545
f 1460 1545 1461
f 1461 1545 1546
f 1461 1546 1465
f 1461 1465 1462
f 1462 1465 1464
f 1463 1466 1467
f 1465 1546 1547
f 1465 1547 1548
f 1465 1548 1466
f 1466 1548 1467
f 1467 1548 1549
f 1467 1549 1550
f 1467 1550 1468
f 1468 1550 1469
f 1469 1550 1470
f 1470 1550 1551
f 1470 1551 1552
f 1470 1552 1553
f 1470 1553 1554
f 1470 1554 1471
f 1471 1554 1553
f 1471 1553 1473
f 1472 1473 1474
f 1473 1553 1474
f 1474 1553 1555
f 1474 1555 1475
f 1475 1555 1556
f 1475 1556 1476
f 1476 1556 1557
f 1476 1557 1558
f 1476 1558 1559
f 1476 1559 1477
f 1477 1560 1478
f 1477 1559 1560
f 1478 1560 1479
f 1479 1560 1561
f 1479 1561 1498
f 1480 1562 1563
f 1480 1563 1481
f 1480 1488 1487
f 1480 1487 1564
f 1480 1564 1562
f 1481 1563 1482
f 1482 1563 1484
f 1483 1484 1565
f 1483 1565 1566
f 1483 1566 1567
f 1483 1567 1568
f 1483 1568 1509
f 1484 1563 1569
f 1484 1569 1570
f 1484 1570 1567
f 1484 1567 1565
f 1485 1571 1486
f 1485 1491 1571
f 1486 1571 1572
f 1486 1572 1573
f 1486 1573 1564
f 1486 1564 1487
f 1490 1574 1575
f 1490 1575 1576
f 1490 1576 1577
f 1490 1577 1571
f 1490 1571 1491
f 1490 1495 1574
f 1492 1578 1495
f 1492 1494 1579
f 1492 1579 1580
f 1492 1580 1578
f 1493 1497 1494
f 1494 1497 1579
f 1495 1578 1581
f 1495 1581 1574
f 1496 1501 1507
f 1496 1507 1582
f 1496 1582 1497
f 1497 1582 1583
f 1497 1583 1579
f 1498 1561 1499
f 1499 1561 1560
f 1499 1560 1584
f 1499 1584 1585
f 1499 1585 1586
f 1499 1586 1500
f 1500 1586 1503
f 1500 1503 1502
f 1503 1586 1504
f 1504 1586 1587
f 1504 1587 1588
f 1504 1588 1589
f 1504 1589 1505
f 1505 1589 1590
f 1505 1590 1591
f 1505 1591 1592
f 1505 1592 1506
f 1506 1592 1593
f 1506 1593 1507
f 1507 1594 1582
f 1507 1593 1594
f 1509 1568 1595
f 1509 1595 1510
f 1510 1596 1511
f 1510 1595 1596
f 1511 1596 1512
f 1512 1596 1597
f 1512 1597 1598
f 1512 1598 1599
f 1512 1599 1600
f 1512 1600 1514
f 1513 1515 1516
f 1514 1601 1602
f 1514 1602 1515
f 1514 1600 1603
f 1514 1603 1604
f 1514 1604 1601
f 1515 1602 1516
f 1516 1602 1601
f 1516 1601 1605
f 1516 1605 1517
f 1517 1605 1606
f 1517 1606 1518
f 1518 1607 1520
f 1518 1520 1519
f 1518 1606 1607
f 1521 1530 1608
f 1521 1608 1609
f 1521 1609 1522
f 1522 1609 1610
f 1522 1610 1611
f 1522 1611 1523
f 1523 1611 1524
f 1524 1611 1612
f 1524 1612 1613
f 1524 1613 1614
f 1524 1614 1525
f 1527 1535 1615
f 1527 1615 1616
f 1527 1616 1528
f 1528 1616 1529
f 1529 1616 1530
f 1530 1617 1618
f 1530 1618 1619
f 1530 1619 1620
f 1530 1620 1608
f 1530 1616 1617
f 1532 1621 1533
f 1533 1621 1534
f 1534 1621 1622
f 1534 1622 1623
f 1534 1623 1624
f 1534 1624 1625
f 1534 1625 1535
f 1535 1625 1615
f 1538 1626 1627
f 1538 1627 1540
f 1538 1540 1539
f 1540 1627 1628
f 1540 1628 1629
f 1540 1629 1542
f 1540 1542 1541
f 1542 1629 1630
f 1542 1630 1543
f 1543 1630 1544
f 1544 1546 1545
f 1544 1630 1631
f 1544 1631 1546
f 1546 1631 1632
f 1546 1632 1547
f 1547 1632 1633
f 1547 1633 1549
f 1547 1549 1548
f 1549 1633 1634
f 1549 1634 1550
f 1550 1634 1551
f 1551 1634 1635
f 1551 1635 1636
f 1551 1636 1552
f 1552 1636 1553
f 1553 1636 1637
f 1553 1637 1638
f 1553 1638 1639
f 1553 1639 1640
f 1553 1640 1555
f 1555 1640 1641
f 1555 1641 1642
f 1555 1642 1643
f 1555 1643 1556
f 1556 1643 1557
f 1557 1643 1644
f 1557 1644 1645
f 1557 1645 1646
f 1557 1646 1558
f 1558 1646 1647
f 1558 1647 1559
f 1559 1584 1560
f 1559 1647 1648
f 1559 1648 1584
f 1562 1569 1563
f 1562 1564 1649
f 1562 1649 1569
f 1564 1573 1650
f 1564 1650 1651
f 1564 1651 1649
f 1565 1567 1566
f 1567 1570 1652
f 1567 1652 1595
f 1567 1595 1568
f 1569 1653 1652
f 1569 1652 1570
f 1569 1649 1653
f 1571 1573 1572
f 1571 1577 1576
f 1571 1576 1573
f 1573 1576 1650
f 1574 1581 1575
f 1575 1654 1655
f 1575 1655 1656
f 1575 1656 1576
f 1575 1581 1657
f 1575 1657 1658
f 1575 1658 1659
f 1575 1659 1654
f 1576 1656 1660
f 1576 1660 1661
f 1576 1661 1650
f 1578 1662 1581
f 1578 1580 1662
f 1579 1583 1663
f 1579 1663 1664
f 1579 1664 1665
f 1579 1665 1666
f 1579 1666 1580
f 1580 1666 1662
f 1581 1662 1657
f 1582 1594 1663
f 1582 1663 1583
f 1584 1648 1585
f 1585 1648 1667
f 1585 1667 1587
f 1585 1587 1586
f 1587 1667 1668
f 1587 1668 1669
f 1587 1669 1588
f 1588 1669 1670
f 1588 1670 1589
f 1589 1670 1591
f 1589 1591 1590
f 1591 1670 1671
f 1591 1671 1672
f 1591 1672 1592
f 1592 1673 1593
f 1592 1672 1674
f 1592 1674 1673
f 1593 1673 1675
f 1593 1675 1594
f 1594 1676 1665
f 1594 1665 1664
f 1594 1664 1663
f 1594 1675 1676
f 1595 1652 1677
f 1595 1677 1678
f 1595 1678 1679
f 1595 1679 1596
f 1596 1679 1680
f 1596 1680 1597
f 1597 1680 1598
f 1598 1680 1679
f 1598 1679 1681
f 1598 1681 1682
f 1598 1682 1683
f 1598 1683 1599
f 1599 1683 1684
f 1599 1684 1685
f 1599 1685 1600
f 1600 1685 1686
f 1600 1686 1687
f 1600 1687 1603
f 1601 1604 1688
f 1601 1688 1605
f 1603 1687 1688
f 1603 1688 1604
f 1605 1689 1606
f 1605 1688 1690
f 1605 1690 1691
f 1605 1691 1689
f 1608 1620 1609
f 1609 1620 1692
f 1609 1692 1693
f 1609 1693 1694
f 1609 1694 1610
f 1610 1694 1611
f 1611 1694 1693
f 1611 1693 1612
f 1612 1693 1695
f 1612 1695 1696
f 1612 1696 1697
f 1612 1697 1613
f 1613 1697 1698
f 1613 1698 1614
f 1615 1625 1699
f 1615 1699 1617
f 1615 1617 1616
f 1617 1699 1700
f 1617 1700 1618
f 1618 1700 1701
f 1618 1701 1619
f 1619 1701 1702
f 1619 1702 1703
f 1619 1703 1704
f 1619 1704 1705
f 1619 1705 1620
f 1620 1705 1706
f 1620 1706 1692
f 1622 1707 1623
f 1623 1707 1708
f 1623 1708 1624
f 1624 1708 1709
f 1624 1709 1710
f 1624 1710 1711
f 1624 1711 1625
f 1625 1711 1699
f 1626 1712 1627
f 1627 1712 1713
f 1627 1713 1714
f 1627 1714 1628
f 1628 1714 1629
f 1629 1714 1715
f 1629 1715 1716
f 1629 1716 1630
f 1630 1716 1715
f 1630 1715 1717
f 1630 1717 1718
f 1630 1718 1631
f 1631 1718 1719
f 1631 1719 1632
f 1632 1719 1720
f 1632 1720 1633
f 1633 1720 1721
f 1633 1721 1634
f 1634 1722 1635
f 1634 1721 1723
f 1634 1723 1722
f 1635 1722 1724
f 1635 1724 1725
f 1635 1725 1726
f 1635 1726 1727
f 1635 1727 1636
f 1636 1727 1637
f 1637 1727 1728
f 1637 1728 1729
f 1637 1729 1638
f 1638 1729 1730
f 1638 1730 1731
f 1638 1731 1639
f 1639 1731 1640
f 1640 1731 1732
f 1640 1732 1641
f 1641 1732 1642
f 1642 1732 1643
f 1643 1732 1733
f 1643 1733 1644
f 1644 1733 1734
f 1644 1734 1645
f 1645 1734 1735
f 1645 1735 1646
f 1646 1735 1736
f 1646 1736 1647
f 1647 1736 1648
f 1648 1736 1754
f 1648 1754 1667
f 1649 1651 1737
f 1649 1737 1738
f 1649 1738 1653
f 1650 1661 1660
f 1650 1660 1739
f 1650 1739 1651
f 1651 1739 1740
f 1651 1740 1741
f 1651 1741 1737
f 1652 1653 1742
f 1652 1742 1743
f 1652 1743 1677
f 1653 1738 1742
f 1654 1659 1744
f 1654 1744 1655
f 1655 1741 1740
f 1655 1740 1739
f 1655 1739 1656
f 1655 1744 1745
f 1655 1745 1746
f 1655 1746 1741
f 1656 1739 1660
f 1657 1662 1658
f 1658 1662 1747
f 1658 1747 1748
f 1658 1748 1749
f 1658 1749 1659
f 1659 1749 1744
f 1662 1666 1747
f 1665 1676 1750
f 1665 1750 1751
f 1665 1751 1666
f 1666 1751 1752
f 1666 1752 1753
f 1666 1753 1747
f 1667 1754 1668
f 1668 1755 1669
f 1668 1754 1756
f 1668 1756 1755
f 1669 1755 1670
f 1670 1755 1671
f 1671 1757 1758
f 1671 1758 1759
f 1671 1759 1672
f 1671 1755 1760
f 1671 1760 1757
f 1672 1759 1761
f 1672 1761 1674
f 1673 1674 1675
f 1674 1762 1675
f 1674 1761 1763
f 1674 1763 1762
f 1675 1764 1765
f 1675 1765 1766
f 1675 1766 1767
f 1675 1767 1676
f 1675 1762 1764
f 1676 1767 1750
f 1677 1743 1742
f 1677 1742 1768
f 1677 1768 1769
f 1677 1769 1770
f 1677 1770 1678
f 1678 1770 1679
f 1679 1770 1681
f 1681 1770 1769
f 1681 1769 1682
f 1682 1771 1683
f 1682 1769 1772
f 1682 1772 1773
f 1682 1773 1771
f 1683 1771 1774
f 1683 1774 1684
f 1684 1775 1685
f 1684 1774 1776
f 1684 1776 1777
f 1684 1777 1775
f 1685 1775 1686
f 1686 1775 1687
f 1687 1775 1778
f 1687 1778 1690
f 1687 1690 1688
f 1690 1778 1779
f 1690 1779 1780
f 1690 1780 1781
f 1690 1781 1782
f 1690 1782 1691
f 1692 1706 1783
f 1692 1783 1693
f 1693 1783 1784
f 1693 1784 1695
f 1695 1784 1785
f 1695 1785 1786
f 1695 1786 1696
f 1696 1786 1697
f 1697 1786 1787
f 1699 1711 1788
f 1699 1788 1789
f 1699 1789 1790
f 1699 1790 1791
f 1699 1791 1700
f 1700 1791 1701
f 1701 1791 1790
f 1701 1790 1702
f 1702 1790 1792
f 1702 1792 1793
f 1702 1793 1703
f 1703 1793 1794
f 1703 1794 1704
f 1704 1794 1705
f 1705 1794 1795
f 1705 1795 1796
f 1705 1796 1706
f 1706 1796 1797
f 1706 1797 1798
f 1706 1798 1783
f 1708 1799 1709
f 1709 1799 1800
f 1709 1800 1710
f 1710 1800 1801
f 1710 1801 1711
f 1711 1801 1802
f 1711 1802 1788
f 1713 1803 1804
f 1713 1804 1714
f 1714 1804 1805
f 1714 1805 1806
f 1714 1806 1715
f 1715 1807 1717
f 1715 1806 1808
f 1715 1808 1809
f 1715 1809 1807
f 1717 1807 1719
f 1717 1719 1718
f 1719 1807 1810
f 1719 1810 1811
f 1719 1811 1812
f 1719 1812 1813
f 1719 1813 1720
f 1720 1813 1721
f 1721 1813 1814
f 1721 1814 1723
f 1722 1723 1724
f 1723 1814 1815
f 1723 1815 1724
f 1724 1815 1725
f 1725 1815 1814
f 1725 1814 1816
f 1725 1816 1817
f 1725 1817 1818
f 1725 1818 1819
f 1725 1819 1726
f 1726 1819 1727
f 1727 1819 1820
f 1727 1820 1821
f 1727 1821 1728
f 1728 1821 1729
f 1729 1821 1822
f 1729 1822 1823
f 1729 1823 1824
f 1729 1824 1730
f 1730 1824 1731
f 1731 1824 1732
f 1732 1824 1825
f 1732 1825 1733
f 1733 1825 1826
f 1733 1826 1734
f 1734 1826 1827
f 1734 1827 1828
f 1734 1828 1735
f 1735 1828 1829
f 1735 1829 1736
f 1736 1829 1854
f 1736 1854 1754
f 1737 1746 1738
f 1737 1741 1746
f 1738 1746 1830
f 1738 1830 1831
f 1738 1831 1832
f 1738 1832 1742
f 1742 1769 1768
f 1742 1832 1769
f 1744 1749 1833
f 1744 1833 1834
f 1744 1834 1835
f 1744 1835 1836
f 1744 1836 1745
f 1745 1837 1838
f 1745 1838 1839
f 1745 1839 1746
f 1745 1836 1835
f 1745 1835 1840
f 1745 1840 1841
f 1745 1841 1842
f 1745 1842 1837
f 1746 1839 1830
f 1747 1753 1843
f 1747 1843 1844
f 1747 1844 1845
f 1747 1845 1748
f 1748 1846 1749
f 1748 1845 1847
f 1748 1847 1846
f 1749 1846 1833
f 1750 1766 1751
f 1750 1767 1766
f 1751 1766 1848
f 1751 1848 1752
f 1752 1849 1850
f 1752 1850 1753
f 1752 1848 1851
f 1752 1851 1852
f 1752 1852 1853
f 1752 1853 1849
f 1753 1850 1843
f 1754 1854 1756
f 1755 1756 1855
f 1755 1855 1757
f 1755 1757 1760
f 1756 1854 1856
f 1756 1856 1857
f 1756 1857 1757
f 1756 1757 1855
f 1757 1857 1858
f 1757 1858 1758
f 1758 1858 1859
f 1758 1859 1860
f 1758 1860 1759
f 1759 1860 1861
f 1759 1861 1761
f 1761 1862 1763
f 1761 1861 1863
f 1761 1863 1864
f 1761 1864 1862
f 1762 1865 1866
f 1762 1866 1764
f 1762 1763 1867
f 1762 1867 1865
f 1763 1862 1868
f 1763 1868 1867
f 1764 1866 1869
f 1764 1869 1870
f 1764 1870 1765
f 1765 1870 1766
f 1766 1870 1871
f 1766 1871 1848
f 1769 1832 1772
f 1771 1773 1872
f 1771 1872 1774
f 1772 1832 1831
f 1772 1831 1873
f 1772 1873 1837
f 1772 1837 1874
f 1772 1874 1875
f 1772 1875 1876
f 1772 1876 1773
f 1773 1876 1872
f 1774 1872 1877
f 1774 1877 1878
f 1774 1878 1879
f 1774 1879 1880
f 1774 1880 1881
f 1774 1881 1776
f 1775 1779 1778
f 1775 1777 1779
f 1776 1881 1777
f 1777 1881 1779
f 1779 1881 1882
f 1779 1882 1883
f 1779 1883 1880
f 1779 1880 1780
f 1780 1880 1884
f 1783 1798 1885
f 1783 1885 1886
f 1783 1886 1784
f 1784 1886 1785
f 1785 1886 1887
f 1785 1887 1888
f 1785 1888 1889
f 1785 1889 1786
f 1786 1889 1890
f 1786 1890 1891
f 1786 1891 1787
f 1788 1802 1789
f 1789 1802 1892
f 1789 1892 1893
f 1789 1893 1894
f 1789 1894 1790
f 1790 1894 1792
f 1792 1894 1895
f 1792 1895 1896
f 1792 1896 1793
f 1793 1896 1897
f 1793 1897 1898
f 1793 1898 1794
f 1794 1898 1899
f 1794 1899 1900
f 1794 1900 1901
f 1794 1901 1796
f 1794 1796 1795
f 1796 1901 1902
f 1796 1902 1903
f 1796 1903 1904
f 1796 1904 1905
f 1796 1905 1906
f 1796 1906 1797
f 1797 1906 1798
f 1798 1906 1885
f 1799 1907 1800
f 1800 1907 1908
f 1800 1908 1909
f 1800 1909 1910
f 1800 1910 1911
f 1800 1911 1912
f 1800 1912 1802
f 1800 1802 1801
f 1802 1912 1913
f 1802 1913 1892
f 1803 1805 1804
f 1805 1914 1915
f 1805 1915 1806
f 1806 1915 1808
f 1807 1809 1810
f 1808 1915 1914
f 1808 1914 1916
f 1808 1916 1917
f 1808 1917 1918
f 1808 1918 1919
f 1808 1919 1920
f 1808 1920 1809
f 1809 1920 1921
f 1809 1921 1810
f 1810 1921 1922
f 1810 1922 1923
f 1810 1923 1924
f 1810 1924 1811
f 1811 1924 1812
f 1812 1924 1925
f 1812 1925 1813
f 1813 1925 1814
f 1814 1925 1816
f 1816 1925 1926
f 1816 1926 1817
f 1817 1926 1927
f 1817 1927 1928
f 1817 1928 1929
f 1817 1929 1818
f 1818 1929 1930
f 1818 1930 1819
f 1819 1930 1931
f 1819 1931 1820
f 1820 1931 1932
f 1820 1932 1821
f 1821 1932 1933
f 1821 1933 1822
f 1822 1933 1823
f 1823 1934 1824
f 1823 1933 1935
f 1823 1935 1934
f 1824 1934 1825
f 1825 1934 1935
f 1825 1935 1936
f 1825 1936 1937
f 1825 1937 1826
f 1826 1937 1938
f 1826 1938 1939
f 1826 1939 1827
f 1827 1939 1940
f 1827 1940 1828
f 1828 1940 1941
f 1828 1941 1829
f 1829 1941 1942
f 1829 1942 1943
f 1829 1943 1854
f 1830 1839 1873
f 1830 1873 1831
f 1833 1846 1834
f 1834 1846 1847
f 1834 1847 1835
f 1835 1847 1944
f 1835 1944 1945
f 1835 1945 1946
f 1835 1946 1840
f 1837 1842 1875
f 1837 1875 1874
f 1837 1873 1838
f 1838 1873 1839
f 1840 1946 1841
f 1841 1946 1947
f 1841 1947 1948
f 1841 1948 1842
f 1842 1948 1949
f 1842 1949 1950
f 1842 1950 1875
f 1843 1850 1849
f 1843 1849 1844
f 1844 1849 1951
f 1844 1951 1845
f 1845 1951 1952
f 1845 1952 1944
f 1845 1944 1847
f 1848 1871 1851
f 1849 1953 1954
f 1849 1954 1955
f 1849 1955 1951
f 1849 1853 1956
f 1849 1956 1957
f 1849 1957 1953
f 1851 1958 1852
f 1851 1871 1959
f 1851 1959 1958
f 1852 1958 1956
f 1852 1956 1853
f 1854 1943 1856
f 1856 1943 1960
f 1856 1960 1857
f 1857 1960 1961
f 1857 1961 1962
f 1857 1962 1859
f 1857 1859 1858
f 1859 1962 1963
f 1859 1963 1964
f 1859 1964 1965
f 1859 1965 1966
f 1859 1966 1860
f 1860 1966 1967
f 1860 1967 1861
f 1861 1967 1972
f 1861 1972 1863
f 1862 1864 1968
f 1862 1968 1969
f 1862 1969 1868
f 1863 1970 1971
f 1863 1971 1864
f 1863 1972 1970
f 1864 1971 1968
f 1865 1867 1866
f 1866 1973 1869
f 1866 1867 1974
f 1866 1974 1973
f 1867 1868 1975
f 1867 1975 1976
f 1867 1976 1974
f 1868 1969 1975
f 1869 1973 1870
f 1870 1973 1871
f 1871 1973 1977
f 1871 1977 1978
f 1871 1978 1979
f 1871 1979 1959
f 1872 1876 1877
f 1875 1950 1980
f 1875 1980 1981
f 1875 1981 1982
f 1875 1982 1983
f 1875 1983 1876
f 1876 1983 1877
f 1877 1983 1878
f 1878 1983 1984
f 1878 1984 1985
f 1878 1985 1986
f 1878 1986 1987
f 1878 1987 1880
f 1878 1880 1879
f 1880 1988 1884
f 1880 1883 1882
f 1880 1882 1881
f 1880 1987 1989
f 1880 1989 1990
f 1880 1990 1991
f 1880 1991 1988
f 1885 1904 1992
f 1885 1992 1887
f 1885 1887 1886
f 1885 1906 1904
f 1887 1992 1993
f 1887 1993 1994
f 1887 1994 1995
f 1887 1995 1888
f 1892 1913 1996
f 1892 1996 1997
f 1892 1997 1998
f 1892 1998 1893
f 1893 1998 1997
f 1893 1997 1894
f 1894 1997 1999
f 1894 1999 2000
f 1894 2000 2001
f 1894 2001 1895
f 1895 2002 2003
f 1895 2003 1896
f 1895 2001 2002
f 1896 2004 1898
f 1896 1898 1897
f 1896 2003 2005
f 1896 2005 2006
f 1896 2006 2004
f 1898 2004 2007
f 1898 2007 2008
f 1898 2008 1900
f 1898 1900 1899
f 1900 2008 2009
f 1900 2009 2010
f 1900 2010 1901
f 1901 2010 1902
f 1902 2011 1903
f 1902 2010 2012
f 1902 2012 2013
f 1902 2013 2011
f 1903 2011 1904
f 1904 2011 2013
f 1904 2013 2014
f 1904 2014 2015
f 1904 2015 2016
f 1904 2016 1992
f 1904 1906 1905
f 1911 2017 2018
f 1911 2018 1912
f 1912 2018 1996
f 1912 1996 1913
f 1917 2019 1918
f 1918 1920 1919
f 1918 2019 1920
f 1920 2020 1921
f 1920 2019 2021
f 1920 2021 2022
f 1920 2022 2023
f 1920 2023 2020
f 1921 2020 2024
f 1921 2024 1922
f 1922 2024 2025
f 1922 2025 2026
f 1922 2026 1924
f 1922 1924 1923
f 1924 2026 2025
f 1924 2025 2027
f 1924 2027 2028
f 1924 2028 1925
f 1925 2028 1926
f 1926 2028 2029
f 1926 2029 1927
f 1927 2029 2138
f 1927 2138 2030
f 1927 2030 2031
f 1927 2031 1928
f 1928 2031 1929
f 1929 2031 2032
f 1929 2032 2033
f 1929 2033 1930
f 1930 2033 2034
f 1930 2034 1931
f 1931 2034 2035
f 1931 2035 1932
f 1932 2035 2036
f 1932 2036 1933
f 1933 2036 2037
f 1933 2037 1935
f 1935 2037 1936
f 1936 2037 1937
f 1937 2037 2038
f 1937 2038 2039
f 1937 2039 2040
f 1937 2040 1938
f 1938 2040 2041
f 1938 2041 2042
f 1938 2042 2043
f 1938 2043 1939
f 1939 2043 2044
f 1939 2044 1940
f 1940 2044 1941
f 1941 2044 2045
f 1941 2045 1942
f 1942 2045 2046
f 1942 2046 1943
f 1943 2046 2047
f 1943 2047 1960
f 1944 1952 1955
f 1944 1955 1945
f 1945 2048 1946
f 1945 1955 1954
f 1945 1954 2048
f 1946 2048 2049
f 1946 2049 1947
f 1947 2049 1948
f 1948 2049 2050
f 1948 2050 2051
f 1948 2051 1949
f 1949 2051 2052
f 1949 2052 2053
f 1949 2053 1981
f 1949 1981 1980
f 1949 1980 1950
f 1951 1955 1952
f 1953 2054 2049
f 1953 2049 2055
f 1953 2055 1954
f 1953 1957 2056
f 1953 2056 2057
f 1953 2057 2058
f 1953 2058 2054
f 1954 2055 2048
f 1956 2059 2057
f 1956 2057 1957
f 1956 1958 2060
f 1956 2060 2059
f 1957 2057 2056
f 1958 1959 2061
f 1958 2061 2062
f 1958 2062 2060
f 1959 1979 1978
f 1959 1978 2063
f 1959 2063 2064
f 1959 2064 2061
f 1960 2047 1963
f 1960 1963 1961
f 1961 1963 1962
f 1963 2047 2160
f 1963 2160 2065
f 1963 2065 1964
f 1964 2065 1965
f 1965 2065 2066
f 1965 2066 2067
f 1965 2067 1966
f 1966 2067 2068
f 1966 2068 1967
f 1967 2068 2069
f 1967 2069 2070
f 1967 2070 2071
f 1967 2071 2072
f 1967 2072 2075
f 1967 2075 1972
f 1968 1971 1970
f 1968 1970 2073
f 1968 2073 1969
f 1969 2073 2074
f 1969 2074 1976
f 1969 1976 1975
f 1970 1972 2075
f 1970 2075 2073
f 1973 1974 1977
f 1974 1976 1977
f 1976 2074 1977
f 1977 2074 1978
f 1978 2074 2076
f 1978 2076 2077
f 1978 2077 2078
f 1978 2078 2063
f 1981 2053 2079
f 1981 2079 1982
f 1982 2079 1983
f 1983 2079 1984
f 1984 2079 1985
f 1985 2053 2080
f 1985 2080 1986
f 1985 2079 2053
f 1986 2080 2081
f 1986 2081 2082
f 1986 2082 2083
f 1986 2083 2084
f 1986 2084 1989
f 1986 1989 1987
f 1989 2085 1990
f 1989 2084 2085
f 1990 2083 2082
f 1990 2082 2086
f 1990 2086 2087
f 1990 2087 1991
f 1990 2085 2083
f 1992 2016 2088
f 1992 2088 1994
f 1992 1994 1993
f 1994 2088 2089
f 1994 2089 2090
f 1994 2090 1995
f 1996 2018 2091
f 1996 2091 1997
f 1997 2000 1999
f 1997 2091 2092
f 1997 2092 2093
f 1997 2093 2094
f 1997 2094 2095
f 1997 2095 2096
f 1997 2096 2097
f 1997 2097 2000
f 2000 2098 2001
f 2000 2097 2099
f 2000 2099 2100
f 2000 2100 2098
f 2001 2098 2002
f 2002 2098 2100
f 2002 2100 2099
f 2002 2099 2101
f 2002 2101 2003
f 2003 2101 2102
f 2003 2102 2103
f 2003 2103 2005
f 2004 2006 2104
f 2004 2104 2105
f 2004 2105 2007
f 2005 2104 2006
f 2005 2103 2106
f 2005 2106 2107
f 2005 2107 2108
f 2005 2108 2109
f 2005 2109 2110
f 2005 2110 2104
f 2007 2105 2111
f 2007 2111 2008
f 2008 2111 2009
f 2009 2111 2112
f 2009 2112 2113
f 2009 2113 2114
f 2009 2114 2010
f 2010 2114 2012
f 2012 2114 2115
f 2012 2115 2116
f 2012 2116 2013
f 2013 2116 2014
f 2014 2116 2117
f 2014 2117 2015
f 2015 2117 2118
f 2015 2118 2119
f 2015 2119 2120
f 2015 2120 2121
f 2015 2121 2122
f 2015 2122 2123
f 2015 2123 2124
f 2015 2124 2125
f 2015 2125 2126
f 2015 2126 2127
f 2015 2127 2016
f 2016 2127 2088
f 2017 2128 2018
f 2018 2128 2129
f 2018 2129 2091
f 2019 2130 2021
f 2020 2023 2131
f 2020 2131 2135
f 2020 2135 2024
f 2021 2130 2022
f 2022 2130 2132
f 2022 2132 2023
f 2023 2132 2133
f 2023 2133 2261
f 2023 2261 2134
f 2023 2134 2131
f 2024 2135 2136
f 2024 2136 2137
f 2024 2137 2025
f 2025 2137 2027
f 2027 2137 2029
f 2027 2029 2028
f 2029 2137 2138
f 2030 2138 2139
f 2030 2139 2031
f 2031 2139 2140
f 2031 2140 2141
f 2031 2141 2142
f 2031 2142 2032
f 2032 2142 2143
f 2032 2143 2033
f 2033 2144 2145
f 2033 2145 2034
f 2033 2143 2144
f 2034 2145 2146
f 2034 2146 2035
f 2035 2146 2036
f 2036 2146 2147
f 2036 2147 2037
f 2037 2147 2148
f 2037 2148 2038
f 2038 2148 2039
f 2039 2148 2149
f 2039 2149 2040
f 2040 2149 2041
f 2041 2149 2150
f 2041 2150 2151
f 2041 2151 2152
f 2041 2152 2153
f 2041 2153 2154
f 2041 2154 2042
f 2042 2154 2155
f 2042 2155 2043
f 2043 2155 2156
f 2043 2156 2157
f 2043 2157 2044
f 2044 2157 2158
f 2044 2158 2045
f 2045 2158 2159
f 2045 2159 2046
f 2046 2159 2047
f 2047 2159 2160
f 2048 2055 2049
f 2049 2054 2050
f 2050 2054 2161
f 2050 2161 2051
f 2051 2161 2052
f 2052 2161 2162
f 2052 2162 2163
f 2052 2163 2053
f 2053 2163 2080
f 2054 2058 2164
f 2054 2164 2165
f 2054 2165 2166
f 2054 2166 2161
f 2057 2059 2167
f 2057 2167 2168
f 2057 2168 2058
f 2058 2168 2164
f 2059 2060 2167
f 2060 2062 2169
f 2060 2169 2168
f 2060 2168 2167
f 2061 2064 2170
f 2061 2170 2171
f 2061 2171 2062
f 2062 2171 2172
f 2062 2172 2173
f 2062 2173 2174
f 2062 2174 2169
f 2063 2078 2175
f 2063 2175 2064
f 2064 2175 2176
f 2064 2176 2170
f 2065 2160 2177
f 2065 2177 2178
f 2065 2178 2179
f 2065 2179 2180
f 2065 2180 2066
f 2066 2180 2067
f 2067 2180 2181
f 2067 2181 2068
f 2068 2181 2182
f 2068 2182 2069
f 2069 2182 2070
f 2070 2182 2183
f 2070 2183 2071
f 2071 2183 2184
f 2071 2184 2185
f 2071 2185 2186
f 2071 2186 2187
f 2071 2187 2188
f 2071 2188 2189
f 2071 2189 2075
f 2071 2075 2072
f 2073 2075 2189
f 2073 2189 2076
f 2073 2076 2074
f 2076 2189 2077
f 2077 2189 2190
f 2077 2190 2191
f 2077 2191 2175
f 2077 2175 2078
f 2080 2163 2192
f 2080 2192 2193
f 2080 2193 2194
f 2080 2194 2195
f 2080 2195 2196
f 2080 2196 2081
f 2081 2196 2082
f 2082 2196 2197
f 2082 2197 2198
f 2082 2198 2086
f 2083 2085 2084
f 2086 2198 2322
f 2086 2322 2199
f 2086 2199 2200
f 2086 2200 2087
f 2088 2127 2201
f 2088 2201 2202
f 2088 2202 2089
f 2089 2202 2201
f 2089 2201 2203
f 2089 2203 2204
f 2089 2204 2205
f 2089 2205 2206
f 2091 2129 2207
f 2091 2207 2208
f 2091 2208 2209
f 2091 2209 2210
f 2091 2210 2093
f 2091 2093 2092
f 2093 2210 2211
f 2093 2211 2212
f 2093 2212 2213
f 2093 2213 2214
f 2093 2214 2095
f 2093 2095 2094
f 2095 2214 2213
f 2095 2213 2215
f 2095 2215 2096
f 2096 2216 2217
f 2096 2217 2218
f 2096 2218 2099
f 2096 2099 2097
f 2096 2215 2219
f 2096 2219 2220
f 2096 2220 2221
f 2096 2221 2222
f 2096 2222 2223
f 2096 2223 2224
f 2096 2224 2225
f 2096 2225 2216
f 2099 2218 2102
f 2099 2102 2101
f 2102 2226 2103
f 2102 2218 2227
f 2102 2227 2106
f 2102 2106 2226
f 2103 2226 2106
f 2104 2228 2229
f 2104 2229 2105
f 2104 2110 2228
f 2105 2229 2111
f 2106 2230 2231
f 2106 2231 2232
f 2106 2232 2108
f 2106 2108 2107
f 2106 2227 2230
f 2108 2233 2109
f 2108 2232 2234
f 2108 2234 2233
f 2109 2233 2110
f 2110 2233 2235
f 2110 2235 2236
f 2110 2236 2237
f 2110 2237 2228
f 2111 2229 2238
f 2111 2238 2112
f 2112 2238 2239
f 2112 2239 2113
f 2113 2240 2115
f 2113 2115 2114
f 2113 2239 2241
f 2113 2241 2242
f 2113 2242 2240
f 2115 2240 2116
f 2116 2240 2243
f 2116 2243 2117
f 2117 2243 2244
f 2117 2244 2118
f 2118 2245 2246
f 2118 2246 2247
f 2118 2247 2248
f 2118 2248 2119
f 2118 2244 2245
f 2119 2248 2249
f 2119 2249 2120
f 2120 2249 2250
f 2120 2250 2251
f 2120 2251 2252
f 2120 2252 2121
f 2121 2252 2122
f 2122 2253 2123
f 2122 2252 2254
f 2122 2254 2255
f 2122 2255 2256
f 2122 2256 2253
f 2123 2125 2124
f 2123 2253 2257
f 2123 2257 2125
f 2125 2201 2127
f 2125 2127 2126
f 2125 2257 2201
f 2130 2258 2132
f 2131 2134 2259
f 2131 2259 2264
f 2131 2264 2135
f 2132 2258 2260
f 2132 2260 2261
f 2132 2261 2133
f 2134 2261 2262
f 2134 2262 2263
f 2134 2263 2259
f 2135 2264 2265
f 2135 2265 2266
f 2135 2266 2136
f 2136 2266 2137
f 2137 2266 2138
f 2138 2266 2265
f 2138 2265 2267
f 2138 2267 2139
f 2139 2268 2269
f 2139 2269 2140
f 2139 2267 2270
f 2139 2270 2271
f 2139 2271 2268
f 2140 2269 2141
f 2141 2269 2142
f 2142 2269 2143
f 2143 2269 2144
f 2144 2269 2272
f 2144 2272 2273
f 2144 2273 2145
f 2145 2273 2146
f 2146 2273 2274
f 2146 2274 2275
f 2146 2275 2147
f 2147 2275 2148
f 2148 2275 2150
f 2148 2150 2149
f 2150 2275 2276
f 2150 2276 2151
f 2151 2276 2277
f 2151 2277 2278
f 2151 2278 2153
f 2151 2153 2152
f 2153 2278 2154
f 2154 2278 2279
f 2154 2279 2280
f 2154 2280 2155
f 2155 2280 2156
f 2156 2280 2281
f 2156 2281 2282
f 2156 2282 2157
f 2157 2282 2158
f 2158 2282 2283
f 2158 2283 2284
f 2158 2284 2159
f 2159 2284 2160
f 2160 2284 2285
f 2160 2285 2177
f 2161 2166 2162
f 2162 2166 2286
f 2162 2286 2287
f 2162 2287 2288
f 2162 2288 2192
f 2162 2192 2163
f 2164 2168 2289
f 2164 2289 2165
f 2165 2289 2290
f 2165 2290 2291
f 2165 2291 2292
f 2165 2292 2166
f 2166 2292 2286
f 2168 2169 2174
f 2168 2174 2289
f 2170 2176 2293
f 2170 2293 2294
f 2170 2294 2295
f 2170 2295 2173
f 2170 2173 2172
f 2170 2172 2171
f 2173 2295 2296
f 2173 2296 2297
f 2173 2297 2290
f 2173 2290 2174
f 2174 2290 2289
f 2175 2191 2298
f 2175 2298 2176
f 2176 2298 2299
f 2176 2299 2300
f 2176 2300 2293
f 2177 2285 2301
f 2177 2301 2302
f 2177 2302 2178
f 2178 2302 2179
f 2179 2302 2180
f 2180 2302 2303
f 2180 2303 2304
f 2180 2304 2181
f 2181 2304 2183
f 2181 2183 2182
f 2183 2304 2185
f 2183 2185 2184
f 2185 2305 2306
f 2185 2306 2307
f 2185 2307 2186
f 2185 2304 2305
f 2186 2307 2308
f 2186 2308 2187
f 2187 2308 2309
f 2187 2309 2310
f 2187 2310 2311
f 2187 2311 2188
f 2188 2311 2190
f 2188 2190 2189
f 2190 2311 2312
f 2190 2312 2298
f 2190 2298 2191
f 2192 2288 2313
f 2192 2313 2194
f 2192 2194 2193
f 2194 2291 2314
f 2194 2314 2315
f 2194 2315 2316
f 2194 2316 2317
f 2194 2317 2318
f 2194 2318 2319
f 2194 2319 2320
f 2194 2320 2195
f 2194 2313 2291
f 2195 2320 2321
f 2195 2321 2196
f 2196 2321 2197
f 2197 2321 2198
f 2198 2321 2322
f 2199 2322 2320
f 2199 2320 2200
f 2200 2320 2323
f 2200 2323 2324
f 2200 2324 2325
f 2201 2257 2203
f 2203 2205 2204
f 2203 2257 2326
f 2203 2326 2205
f 2205 2326 2450
f 2205 2450 2327
f 2205 2327 2206
f 2208 2210 2209
f 2212 2215 2213
f 2216 2227 2217
f 2216 2225 2227
f 2217 2227 2218
f 2219 2328 2220
f 2220 2328 2329
f 2220 2329 2330
f 2220 2330 2221
f 2221 2330 2223
f 2221 2223 2222
f 2223 2330 2331
f 2223 2331 2332
f 2223 2332 2333
f 2223 2333 2334
f 2223 2334 2455
f 2223 2455 2335
f 2223 2335 2224
f 2224 2335 2225
f 2225 2335 2336
f 2225 2336 2231
f 2225 2231 2227
f 2227 2231 2230
f 2228 2237 2337
f 2228 2337 2338
f 2228 2338 2229
f 2229 2338 2238
f 2231 2336 2339
f 2231 2339 2340
f 2231 2340 2341
f 2231 2341 2342
f 2231 2342 2343
f 2231 2343 2232
f 2232 2343 2234
f 2233 2234 2344
f 2233 2344 2235
f 2234 2343 2345
f 2234 2345 2344
f 2235 2344 2346
f 2235 2346 2236
f 2236 2346 2347
f 2236 2347 2237
f 2237 2347 2348
f 2237 2348 2349
f 2237 2349 2350
f 2237 2350 2351
f 2237 2351 2352
f 2237 2352 2337
f 2238 2338 2353
f 2238 2353 2354
f 2238 2354 2239
f 2239 2354 2241
f 2240 2355 2356
f 2240 2356 2243
f 2240 2242 2355
f 2241 2354 2357
f 2241 2357 2242
f 2242 2357 2358
f 2242 2358 2359
f 2242 2359 2360
f 2242 2360 2361
f 2242 2361 2362
f 2242 2362 2355
f 2243 2356 2244
f 2244 2356 2363
f 2244 2363 2245
f 2245 2363 2364
f 2245 2364 2365
f 2245 2365 2246
f 2246 2365 2366
f 2246 2366 2247
f 2247 2366 2367
f 2247 2367 2368
f 2247 2368 2369
f 2247 2369 2370
f 2247 2370 2248
f 2248 2370 2371
f 2248 2371 2249
f 2249 2371 2250
f 2250 2371 2372
f 2250 2372 2373
f 2250 2373 2252
f 2250 2252 2374
f 2250 2374 2251
f 2251 2374 2252
f 2252 2373 2254
f 2253 2256 2375
f 2253 2375 2376
f 2253 2376 2257
f 2254 2373 2377
f 2254 2377 2255
f 2255 2378 2256
f 2255 2377 2379
f 2255 2379 2378
f 2256 2378 2375
f 2257 2376 2326
f 2258 2380 2260
f 2259 2263 2385
f 2259 2385 2264
f 2260 2380 2381
f 2260 2381 2382
f 2260 2382 2261
f 2261 2382 2383
f 2261 2383 2262
f 2262 2383 2384
f 2262 2384 2263
f 2263 2384 2385
f 2264 2385 2265
f 2265 2385 2384
f 2265 2384 2386
f 2265 2386 2387
f 2265 2387 2270
f 2265 2270 2267
f 2268 2388 2389
f 2268 2389 2272
f 2268 2272 2269
f 2268 2271 2390
f 2268 2390 2388
f 2270 2387 2386
f 2270 2386 2391
f 2270 2391 2392
f 2270 2392 2271
f 2271 2392 2393
f 2271 2393 2390
f 2272 2389 2394
f 2272 2394 2273
f 2273 2394 2274
f 2274 2395 2276
f 2274 2276 2275
f 2274 2394 2389
f 2274 2389 2395
f 2276 2395 2396
f 2276 2396 2397
f 2276 2397 2277
f 2277 2398 2278
f 2277 2397 2518
f 2277 2518 2399
f 2277 2399 2400
f 2277 2400 2401
f 2277 2401 2402
f 2277 2402 2398
f 2278 2398 2279
f 2279 2398 2403
f 2279 2403 2404
f 2279 2404 2280
f 2280 2404 2281
f 2281 2405 2282
f 2281 2404 2406
f 2281 2406 2407
f 2281 2407 2405
f 2282 2405 2283
f 2283 2405 2408
f 2283 2408 2409
f 2283 2409 2284
f 2284 2409 2285
f 2285 2409 2410
f 2285 2410 2301
f 2286 2292 2287
f 2287 2292 2288
f 2288 2292 2291
f 2288 2291 2313
f 2290 2297 2291
f 2291 2297 2411
f 2291 2411 2412
f 2291 2412 2314
f 2293 2300 2294
f 2294 2413 2295
f 2294 2300 2414
f 2294 2414 2413
f 2295 2413 2415
f 2295 2415 2296
f 2296 2412 2297
f 2296 2415 2416
f 2296 2416 2412
f 2297 2412 2411
f 2298 2312 2417
f 2298 2417 2418
f 2298 2418 2299
f 2299 2418 2419
f 2299 2419 2300
f 2300 2419 2420
f 2300 2420 2414
f 2301 2410 2421
f 2301 2421 2422
f 2301 2422 2302
f 2302 2422 2423
f 2302 2423 2303
f 2303 2423 2424
f 2303 2424 2425
f 2303 2425 2305
f 2303 2305 2304
f 2305 2425 2426
f 2305 2426 2306
f 2306 2426 2427
f 2306 2427 2307
f 2307 2427 2428
f 2307 2428 2429
f 2307 2429 2308
f 2308 2429 2430
f 2308 2430 2431
f 2308 2431 2432
f 2308 2432 2433
f 2308 2433 2309
f 2309 2433 2434
f 2309 2434 2435
f 2309 2435 2436
f 2309 2436 2310
f 2310 2436 2437
f 2310 2437 2438
f 2310 2438 2311
f 2311 2438 2418
f 2311 2418 2417
f 2311 2417 2312
f 2314 2412 2315
f 2315 2412 2316
f 2316 2412 2416
f 2316 2416 2439
f 2316 2439 2440
f 2316 2440 2441
f 2316 2441 2317
f 2317 2441 2442
f 2317 2442 2443
f 2317 2443 2444
f 2317 2444 2318
f 2318 2444 2445
f 2318 2445 2319
f 2319 2323 2320
f 2319 2445 2324
f 2319 2324 2323
f 2320 2322 2321
f 2324 2445 2446
f 2324 2446 2447
f 2324 2447 2325
f 2326 2376 2375
f 2326 2375 2448
f 2326 2448 2449
f 2326 2449 2450
f 2329 2451 2330
f 2330 2451 2331
f 2331 2451 2332
f 2332 2452 2333
f 2333 2452 2453
f 2333 2453 2454
f 2333 2454 2334
f 2334 2454 2455
f 2335 2455 2339
f 2335 2339 2336
f 2337 2352 2338
f 2338 2352 2456
f 2338 2456 2457
f 2338 2457 2354
f 2338 2354 2353
f 2339 2455 2458
f 2339 2458 2340
f 2340 2458 2341
f 2341 2458 2459
f 2341 2459 2342
f 2342 2459 2460
f 2342 2460 2461
f 2342 2461 2462
f 2342 2462 2463
f 2342 2463 2464
f 2342 2464 2343
f 2343 2464 2345
f 2344 2345 2346
f 2345 2464 2465
f 2345 2465 2346
f 2346 2465 2347
f 2347 2465 2466
f 2347 2466 2348
f 2348 2466 2467
f 2348 2467 2468
f 2348 2468 2349
f 2349 2469 2470
f 2349 2470 2351
f 2349 2351 2350
f 2349 2468 2469
f 2351 2471 2352
f 2351 2470 2472
f 2351 2472 2473
f 2351 2473 2471
f 2352 2471 2456
f 2354 2457 2358
f 2354 2358 2357
f 2355 2362 2356
f 2356 2362 2363
f 2358 2474 2475
f 2358 2475 2359
f 2358 2457 2474
f 2359 2475 2476
f 2359 2476 2477
f 2359 2477 2478
f 2359 2478 2479
f 2359 2479 2360
f 2360 2479 2364
f 2360 2364 2480
f 2360 2480 2361
f 2361 2480 2362
f 2362 2480 2364
f 2362 2364 2363
f 2364 2479 2481
f 2364 2481 2482
f 2364 2482 2483
f 2364 2483 2484
f 2364 2484 2365
f 2365 2484 2366
f 2366 2484 2485
f 2366 2485 2367
f 2367 2485 2486
f 2367 2486 2487
f 2367 2487 2368
f 2368 2488 2371
f 2368 2371 2369
f 2368 2487 2489
f 2368 2489 2490
f 2368 2490 2488
f 2369 2371 2370
f 2371 2488 2372
f 2372 2491 2373
f 2372 2488 2492
f 2372 2492 2379
f 2372 2379 2491
f 2373 2491 2377
f 2375 2378 2448
f 2377 2491 2379
f 2378 2379 2448
f 2379 2492 2493
f 2379 2493 2494
f 2379 2494 2495
f 2379 2495 2496
f 2379 2496 2497
f 2379 2497 2498
f 2379 2498 2499
f 2379 2499 2448
f 2382 2500 2383
f 2383 2501 2384
f 2383 2500 2502
f 2383 2502 2503
f 2383 2503 2501
f 2384 2501 2504
f 2384 2504 2386
f 2386 2504 2391
f 2388 2390 2505
f 2388 2505 2389
f 2389 2505 2506
f 2389 2506 2507
f 2389 2507 2508
f 2389 2508 2509
f 2389 2509 2395
f 2390 2393 2510
f 2390 2510 2511
f 2390 2511 2620
f 2390 2620 2505
f 2391 2504 2512
f 2391 2512 2513
f 2391 2513 2392
f 2392 2513 2514
f 2392 2514 2515
f 2392 2515 2510
f 2392 2510 2393
f 2395 2509 2396
f 2396 2516 2517
f 2396 2517 2397
f 2396 2509 2516
f 2397 2517 2518
f 2398 2402 2403
f 2399 2518 2519
f 2399 2519 2520
f 2399 2520 2400
f 2400 2402 2401
f 2400 2520 2521
f 2400 2521 2522
f 2400 2522 2402
f 2402 2522 2523
f 2402 2523 2524
f 2402 2524 2403
f 2403 2406 2404
f 2403 2524 2526
f 2403 2526 2406
f 2405 2525 2408
f 2405 2407 2525
f 2406 2526 2407
f 2407 2526 2527
f 2407 2527 2525
f 2408 2525 2409
f 2409 2525 2410
f 2410 2525 2528
f 2410 2528 2529
f 2410 2529 2421
f 2413 2414 2530
f 2413 2530 2531
f 2413 2531 2415
f 2414 2420 2530
f 2415 2531 2416
f 2416 2531 2532
f 2416 2532 2533
f 2416 2533 2439
f 2418 2438 2437
f 2418 2437 2436
f 2418 2436 2419
f 2419 2436 2534
f 2419 2534 2420
f 2420 2534 2535
f 2420 2535 2536
f 2420 2536 2530
f 2421 2529 2537
f 2421 2537 2422
f 2422 2537 2423
f 2423 2537 2424
f 2424 2537 2425
f 2425 2537 2538
f 2425 2538 2539
f 2425 2539 2540
f 2425 2540 2426
f 2426 2540 2541
f 2426 2541 2427
f 2427 2541 2542
f 2427 2542 2428
f 2428 2542 2543
f 2428 2543 2544
f 2428 2544 2545
f 2428 2545 2430
f 2428 2430 2429
f 2430 2545 2431
f 2431 2545 2546
f 2431 2546 2432
f 2432 2546 2547
f 2432 2547 2548
f 2432 2548 2433
f 2433 2548 2549
f 2433 2549 2434
f 2434 2549 2550
f 2434 2550 2551
f 2434 2551 2552
f 2434 2552 2435
f 2435 2552 2553
f 2435 2553 2436
f 2436 2553 2554
f 2436 2554 2555
f 2436 2555 2534
f 2439 2533 2556
f 2439 2556 2440
f 2440 2556 2557
f 2440 2557 2558
f 2440 2558 2559
f 2440 2559 2441
f 2441 2559 2442
f 2442 2559 2560
f 2442 2560 2443
f 2443 2560 2444
f 2444 2560 2561
f 2444 2561 2446
f 2444 2446 2445
f 2446 2561 2562
f 2446 2562 2447
f 2448 2499 2563
f 2448 2563 2564
f 2448 2564 2449
f 2449 2565 2450
f 2449 2564 2565
f 2453 2566 2454
f 2454 2566 2567
f 2454 2567 2568
f 2454 2568 2455
f 2455 2568 2458
f 2456 2471 2457
f 2457 2471 2474
f 2458 2568 2569
f 2458 2569 2459
f 2459 2569 2570
f 2459 2570 2460
f 2460 2570 2571
f 2460 2571 2461
f 2461 2572 2573
f 2461 2573 2462
f 2461 2571 2572
f 2462 2573 2574
f 2462 2574 2463
f 2463 2574 2575
f 2463 2575 2464
f 2464 2575 2465
f 2465 2575 2576
f 2465 2576 2466
f 2466 2576 2575
f 2466 2575 2577
f 2466 2577 2467
f 2467 2577 2578
f 2467 2578 2468
f 2468 2578 2579
f 2468 2579 2580
f 2468 2580 2581
f 2468 2581 2582
f 2468 2582 2583
f 2468 2583 2469
f 2469 2584 2585
f 2469 2585 2470
f 2469 2583 2584
f 2470 2585 2473
f 2470 2473 2472
f 2471 2473 2474
f 2473 2585 2586
f 2473 2586 2476
f 2473 2476 2475
f 2473 2475 2474
f 2476 2586 2587
f 2476 2587 2588
f 2476 2588 2589
f 2476 2589 2477
f 2477 2589 2590
f 2477 2590 2478
f 2478 2590 2479
f 2479 2590 2481
f 2481 2590 2482
f 2482 2590 2591
f 2482 2591 2592
f 2482 2592 2593
f 2482 2593 2483
f 2483 2593 2485
f 2483 2485 2484
f 2485 2593 2594
f 2485 2594 2595
f 2485 2595 2596
f 2485 2596 2597
f 2485 2597 2598
f 2485 2598 2599
f 2485 2599 2486
f 2486 2599 2487
f 2487 2599 2489
f 2488 2490 2492
f 2489 2599 2600
f 2489 2600 2601
f 2489 2601 2602
f 2489 2602 2490
f 2490 2602 2603
f 2490 2603 2604
f 2490 2604 2492
f 2492 2604 2605
f 2492 2605 2606
f 2492 2606 2607
f 2492 2607 2608
f 2492 2608 2494
f 2492 2494 2493
f 2494 2609 2495
f 2494 2608 2610
f 2494 2610 2611
f 2494 2611 2609
f 2495 2609 2496
f 2497 2612 2498
f 2498 2612 2499
f 2499 2612 2613
f 2499 2613 2563
f 2500 2614 2502
f 2501 2503 2615
f 2501 2615 2616
f 2501 2616 2504
f 2502 2614 2617
f 2502 2617 2618
f 2502 2618 2619
f 2502 2619 2503
f 2503 2619 2615
f 2504 2616 2512
f 2505 2620 2506
f 2506 2620 2621
f 2506 2621 2622
f 2506 2622 2623
f 2506 2623 2624
f 2506 2624 2625
f 2506 2625 2507
f 2507 2625 2508
f 2508 2625 2509
f 2509 2625 2516
f 2510 2515 2630
f 2510 2630 2626
f 2510 2626 2627
f 2510 2627 2511
f 2511 2627 2628
f 2511 2628 2621
f 2511 2621 2620
f 2512 2616 2513
f 2513 2616 2629
f 2513 2629 2514
f 2514 2629 2515
f 2515 2629 2630
f 2516 2625 2631
f 2516 2631 2632
f 2516 2632 2517
f 2517 2632 2631
f 2517 2631 2633
f 2517 2633 2634
f 2517 2634 2519
f 2517 2519 2518
f 2519 2634 2635
f 2519 2635 2636
f 2519 2636 2520
f 2520 2636 2637
f 2520 2637 2521
f 2521 2637 2522
f 2522 2637 2638
f 2522 2638 2639
f 2522 2639 2523
f 2523 2639 2640
f 2523 2640 2524
f 2524 2640 2641
f 2524 2641 2526
f 2525 2527 2528
f 2526 2641 2642
f 2526 2642 2643
f 2526 2643 2527
f 2527 2643 2644
f 2527 2644 2528
f 2528 2644 2645
f 2528 2645 2529
f 2529 2645 2537
f 2530 2536 2646
f 2530 2646 2531
f 2531 2647 2533
f 2531 2533 2532
f 2531 2646 2536
f 2531 2536 2648
f 2531 2648 2647
f 2533 2647 2649
f 2533 2649 2650
f 2533 2650 2556
f 2534 2651 2652
f 2534 2652 2653
f 2534 2653 2654
f 2534 2654 2535
f 2534 2555 2655
f 2534 2655 2651
f 2535 2654 2536
f 2536 2654 2653
f 2536 2653 2656
f 2536 2656 2657
f 2536 2657 2647
f 2536 2647 2648
f 2537 2645 2658
f 2537 2658 2659
f 2537 2659 2538
f 2538 2659 2539
f 2539 2659 2540
f 2540 2659 2541
f 2541 2659 2658
f 2541 2658 2542
f 2542 2658 2660
f 2542 2660 2661
f 2542 2661 2662
f 2542 2662 2543
f 2543 2662 2663
f 2543 2663 2664
f 2543 2664 2544
f 2544 2664 2547
f 2544 2547 2546
f 2544 2546 2545
f 2547 2664 2665
f 2547 2665 2666
f 2547 2666 2548
f 2548 2666 2549
f 2549 2666 2667
f 2549 2667 2668
f 2549 2668 2669
f 2549 2669 2550
f 2550 2670 2551
f 2550 2669 2670
f 2551 2670 2671
f 2551 2671 2672
f 2551 2672 2555
f 2551 2555 2554
f 2551 2554 2552
f 2552 2554 2553
f 2555 2672 2655
f 2556 2650 2557
f 2557 2650 2673
f 2557 2673 2674
f 2557 2674 2558
f 2558 2674 2675
f 2558 2675 2676
f 2558 2676 2677
f 2558 2677 2559
f 2559 2677 2560
f 2560 2677 2678
f 2560 2678 2679
f 2560 2679 2680
f 2560 2680 2561
f 2561 2680 2562
f 2566 2681 2567
f 2567 2681 2682
f 2567 2682 2683
f 2567 2683 2568
f 2568 2683 2684
f 2568 2684 2685
f 2568 2685 2686
f 2568 2686 2570
f 2568 2570 2569
f 2570 2686 2687
f 2570 2687 2688
f 2570 2688 2571
f 2571 2688 2689
f 2571 2689 2573
f 2571 2573 2572
f 2573 2689 2690
f 2573 2690 2691
f 2573 2691 2692
f 2573 2692 2693
f 2573 2693 2694
f 2573 2694 2695
f 2573 2695 2574
f 2574 2578 2577
f 2574 2577 2575
f 2574 2695 2696
f 2574 2696 2578
f 2578 2696 2579
f 2579 2696 2580
f 2580 2696 2697
f 2580 2697 2581
f 2581 2697 2698
f 2581 2698 2699
f 2581 2699 2582
f 2582 2699 2700
f 2582 2700 2583
f 2583 2700 2584
f 2584 2586 2585
f 2584 2700 2701
f 2584 2701 2702
f 2584 2702 2587
f 2584 2587 2586
f 2587 2702 2703
f 2587 2703 2704
f 2587 2704 2705
f 2587 2705 2706
f 2587 2706 2588
f 2588 2706 2707
f 2588 2707 2589
f 2589 2591 2590
f 2589 2707 2591
f 2591 2707 2592
f 2592 2707 2708
f 2592 2708 2709
f 2592 2709 2710
f 2592 2710 2593
f 2593 2710 2594
f 2594 2710 2709
f 2594 2709 2595
f 2595 2711 2712
f 2595 2712 2596
f 2595 2709 2713
f 2595 2713 2711
f 2596 2712 2597
f 2597 2712 2714
f 2597 2714 2598
f 2598 2600 2599
f 2598 2714 2715
f 2598 2715 2716
f 2598 2716 2600
f 2600 2716 2601
f 2601 2603 2602
f 2601 2716 2717
f 2601 2717 2718
f 2601 2718 2604
f 2601 2604 2603
f 2604 2718 2719
f 2604 2719 2605
f 2605 2719 2606
f 2606 2719 2720
f 2606 2720 2607
f 2607 2720 2721
f 2607 2721 2722
f 2607 2722 2723
f 2607 2723 2608
f 2608 2723 2724
f 2608 2724 2611
f 2608 2611 2610
f 2609 2611 2725
f 2611 2724 2726
f 2611 2726 2727
f 2611 2727 2728
f 2611 2728 2725
f 2614 2729 2617
f 2615 2619 2730
f 2615 2730 2616
f 2616 2730 2731
f 2616 2731 2732
f 2616 2732 2629
f 2617 2729 2618
f 2618 2733 2619
f 2619 2733 2734
f 2619 2734 2735
f 2619 2735 2730
f 2621 2628 2736
f 2621 2736 2737
f 2621 2737 2622
f 2622 2737 2623
f 2623 2737 2738
f 2623 2738 2739
f 2623 2739 2740
f 2623 2740 2741
f 2623 2741 2624
f 2624 2741 2742
f 2624 2742 2625
f 2625 2742 2631
f 2626 2630 2743
f 2626 2743 2744
f 2626 2744 2627
f 2627 2744 2745
f 2627 2745 2736
f 2627 2736 2628
f 2629 2732 2746
f 2629 2746 2747
f 2629 2747 2630
f 2630 2747 2743
f 2631 2742 2740
f 2631 2740 2748
f 2631 2748 2749
f 2631 2749 2750
f 2631 2750 2751
f 2631 2751 2633
f 2633 2751 2752
f 2633 2752 2634
f 2634 2753 2635
f 2634 2752 2754
f 2634 2754 2753
f 2635 2753 2755
f 2635 2755 2636
f 2636 2755 2756
f 2636 2756 2757
f 2636 2757 2637
f 2637 2757 2758
f 2637 2758 2638
f 2638 2758 2639
f 2639 2758 2759
f 2639 2759 2760
f 2639 2760 2761
f 2639 2761 2640
f 2640 2761 2762
f 2640 2762 2641
f 2641 2762 2763
f 2641 2763 2642
f 2642 2763 2764
f 2642 2764 2643
f 2643 2764 2765
f 2643 2765 2644
f 2644 2765 2645
f 2645 2765 2766
f 2645 2766 2767
f 2645 2767 2658
f 2647 2768 2649
f 2647 2657 2769
f 2647 2769 2768
f 2649 2768 2770
f 2649 2770 2650
f 2650 2770 2771
f 2650 2771 2673
f 2651 2655 2652
f 2652 2655 2772
f 2652 2772 2773
f 2652 2773 2774
f 2652 2774 2657
f 2652 2657 2656
f 2652 2656 2653
f 2655 2672 2775
f 2655 2775 2776
f 2655 2776 2772
f 2657 2774 2777
f 2657 2777 2769
f 2658 2767 2660
f 2660 2767 2778
f 2660 2778 2661
f 2661 2778 2662
f 2662 2778 2779
f 2662 2779 2780
f 2662 2780 2781
f 2662 2781 2663
f 2663 2781 2782
f 2663 2782 2783
f 2663 2783 2664
f 2664 2783 2784
f 2664 2784 2785
f 2664 2785 2786
f 2664 2786 2787
f 2664 2787 2788
f 2664 2788 2665
f 2665 2788 2666
f 2666 2788 2789
f 2666 2789 2667
f 2667 2790 2668
f 2667 2789 2791
f 2667 2791 2790
f 2668 2790 2669
f 2669 2790 2792
f 2669 2792 2671
f 2669 2671 2670
f 2671 2793 2672
f 2671 2792 2794
f 2671 2794 2793
f 2672 2793 2775
f 2673 2771 2795
f 2673 2795 2796
f 2673 2796 2674
f 2674 2796 2675
f 2675 2796 2797
f 2675 2797 2798
f 2675 2798 2799
f 2675 2799 2800
f 2675 2800 2676
f 2676 2800 2678
f 2676 2678 2677
f 2678 2800 2679
f 2679 2800 2801
f 2682 2802 2683
f 2683 2802 2803
f 2683 2803 2804
f 2683 2804 2684
f 2684 2804 2686
f 2684 2686 2685
f 2686 2804 2805
f 2686 2805 2806
f 2686 2806 2688
f 2686 2688 2687
f 2688 2690 2689
f 2688 2806 2807
f 2688 2807 2808
f 2688 2808 2809
f 2688 2809 2690
f 2690 2810 2691
f 2690 2809 2811
f 2690 2811 2810
f 2691 2810 2811
f 2691 2811 2693
f 2691 2693 2692
f 2693 2811 2812
f 2693 2812 2813
f 2693 2813 2814
f 2693 2814 2694
f 2694 2696 2695
f 2694 2814 2815
f 2694 2815 2816
f 2694 2816 2696
f 2696 2816 2817
f 2696 2817 2697
f 2697 2817 2818
f 2697 2818 2819
f 2697 2819 2820
f 2697 2820 2698
f 2698 2820 2699
f 2699 2820 2821
f 2699 2821 2822
f 2699 2822 2700
f 2700 2823 2701
f 2700 2822 2823
f 2701 2823 2703
f 2701 2703 2702
f 2703 2823 2704
f 2704 2824 2706
f 2704 2706 2705
f 2704 2823 2822
f 2704 2822 2825
f 2704 2825 2826
f 2704 2826 2824
f 2706 2827 2707
f 2706 2824 2826
f 2706 2826 2828
f 2706 2828 2829
f 2706 2829 2827
f 2707 2827 2830
f 2707 2830 2708
f 2708 2830 2709
f 2709 2830 2831
f 2709 2831 2832
f 2709 2832 2833
f 2709 2833 2713
f 2711 2834 2712
f 2711 2713 2835
f 2711 2835 2836
f 2711 2836 2837
f 2711 2837 2838
f 2711 2838 2839
f 2711 2839 2834
f 2712 2834 2840
f 2712 2840 2715
f 2712 2715 2714
f 2713 2833 2841
f 2713 2841 2842
f 2713 2842 2843
f 2713 2843 2835
f 2715 2844 2845
f 2715 2845 2716
f 2715 2840 2846
f 2715 2846 2847
f 2715 2847 2844
f 2716 2845 2844
f 2716 2844 2848
f 2716 2848 2717
f 2717 2848 2720
f 2717 2720 2718
f 2718 2720 2719
f 2720 2848 2849
f 2720 2849 2721
f 2721 2847 2850
f 2721 2850 2851
f 2721 2851 2852
f 2721 2852 2722
f 2721 2849 2848
f 2721 2848 2844
f 2721 2844 2847
f 2722 2852 2853
f 2722 2853 2854
f 2722 2854 2855
f 2722 2855 2856
f 2722 2856 2723
f 2723 2856 2726
f 2723 2726 2724
f 2726 2856 2857
f 2726 2857 2855
f 2726 2855 2858
f 2726 2858 2859
f 2726 2859 2727
f 2730 2860 2861
f 2730 2861 2731
f 2730 2735 2860
f 2731 2861 2862
f 2731 2862 2732
f 2732 2862 2746
f 2733 2863 2734
f 2734 2863 2864
f 2734 2864 2865
f 2734 2865 2735
f 2735 2865 2866
f 2735 2866 2860
f 2736 2745 2867
f 2736 2867 2868
f 2736 2868 2737
f 2737 2868 2869
f 2737 2869 2870
f 2737 2870 2738
f 2738 2870 2871
f 2738 2871 2739
f 2739 2871 2872
f 2739 2872 2740
f 2740 2872 2873
f 2740 2873 2750
f 2740 2750 2748
f 2740 2742 2741
f 2743 2747 2874
f 2743 2874 2875
f 2743 2875 2876
f 2743 2876 2744
f 2744 2876 2877
f 2744 2877 2867
f 2744 2867 2745
f 2746 2862 2874
f 2746 2874 2747
f 2748 2750 2749
f 2750 2878 2752
f 2750 2752 2751
f 2750 2873 2879
f 2750 2879 2880
f 2750 2880 2881
f 2750 2881 2878
f 2752 2878 2882
f 2752 2882 2754
f 2753 2754 2883
f 2753 2883 2884
f 2753 2884 2885
f 2753 2885 2755
f 2754 2882 2883
f 2755 2885 2886
f 2755 2886 2756
f 2756 2886 2887
f 2756 2887 2757
f 2757 2887 2888
f 2757 2888 2889
f 2757 2889 2758
f 2758 2889 2759
f 2759 2889 2760
f 2760 2889 2890
f 2760 2890 2761
f 2761 2890 2891
f 2761 2891 2762
f 2762 2891 2892
f 2762 2892 2763
f 2763 2892 2764
f 2764 2892 2893
f 2764 2893 2894
f 2764 2894 2765
f 2765 2894 2895
f 2765 2895 2766
f 2766 2895 2767
f 2767 2895 2896
f 2767 2896 2897
f 2767 2897 2778
f 2768 2769 2770
f 2769 2777 2898
f 2769 2898 2770
f 2770 2898 2771
f 2771 2898 2899
f 2771 2899 2795
f 2772 2776 2900
f 2772 2900 2901
f 2772 2901 2902
f 2772 2902 2773
f 2773 2902 2903
f 2773 2903 2904
f 2773 2904 2774
f 2774 2904 2777
f 2775 2793 2905
f 2775 2905 2906
f 2775 2906 2776
f 2776 2906 2900
f 2777 2904 2907
f 2777 2907 2795
f 2777 2795 2899
f 2777 2899 2898
f 2778 2897 2779
f 2779 2897 2908
f 2779 2908 2780
f 2780 2908 2909
f 2780 2909 2910
f 2780 2910 2781
f 2781 2911 2912
f 2781 2912 2782
f 2781 2910 2911
f 2782 2784 2783
f 2782 2912 2784
f 2784 2912 2785
f 2785 2912 2913
f 2785 2913 2914
f 2785 2914 2787
f 2785 2787 2786
f 2787 2914 2788
f 2788 2914 2915
f 2788 2915 2789
f 2789 2915 2916
f 2789 2916 2791
f 2790 2791 2917
f 2790 2917 2918
f 2790 2918 2919
f 2790 2919 2920
f 2790 2920 2794
f 2790 2794 2792
f 2791 2916 2917
f 2793 2794 2920
f 2793 2920 2905
f 2795 2907 2921
f 2795 2921 2922
f 2795 2922 2796
f 2796 2922 2923
f 2796 2923 2924
f 2796 2924 2797
f 2797 2924 2925
f 2797 2925 2798
f 2799 2801 2800
f 2803 2926 2804
f 2804 2927 2805
f 2804 2926 2928
f 2804 2928 2929
f 2804 2929 2930
f 2804 2930 2931
f 2804 2931 2927
f 2805 2927 2806
f 2806 2927 2931
f 2806 2931 2807
f 2807 2931 2932
f 2807 2932 2933
f 2807 2933 2808
f 2808 2933 2932
f 2808 2932 2934
f 2808 2934 2935
f 2808 2935 2809
f 2809 2935 2936
f 2809 2936 2937
f 2809 2937 2938
f 2809 2938 2812
f 2809 2812 2811
f 2812 2938 3068
f 2812 3068 2939
f 2812 2939 2940
f 2812 2940 2813
f 2813 2940 2814
f 2814 2940 2941
f 2814 2941 2815
f 2815 2941 2942
f 2815 2942 2943
f 2815 2943 2816
f 2816 2943 2818
f 2816 2818 2817
f 2818 2944 2820
f 2818 2820 2819
f 2818 2943 2944
f 2820 2945 2821
f 2820 2944 2943
f 2820 2943 2946
f 2820 2946 2947
f 2820 2947 2948
f 2820 2948 2945
f 2821 2945 2822
f 2822 2945 2949
f 2822 2949 2950
f 2822 2950 2951
f 2822 2951 2825
f 2825 2951 2826
f 2826 2951 2952
f 2826 2952 2953
f 2826 2953 2828
f 2827 2829 2830
f 2828 2953 2954
f 2828 2954 2955
f 2828 2955 2829
f 2829 2955 2956
f 2829 2956 2957
f 2829 2957 2831
f 2829 2831 2830
f 2831 2957 2832
f 2832 2957 2958
f 2832 2958 2833
f 2833 2958 2841
f 2834 2839 2959
f 2834 2959 2960
f 2834 2960 2840
f 2835 2843 2961
f 2835 2961 2836
f 2836 2843 2962
f 2836 2962 2963
f 2836 2963 2837
f 2836 2961 2843
f 2837 2963 2964
f 2837 2964 2965
f 2837 2965 2838
f 2838 2965 2966
f 2838 2966 2960
f 2838 2960 2959
f 2838 2959 2839
f 2840 2960 2846
f 2841 2958 2842
f 2842 2967 2968
f 2842 2968 2969
f 2842 2969 2843
f 2842 2958 2970
f 2842 2970 2967
f 2843 2969 2971
f 2843 2971 2962
f 2846 2960 2972
f 2846 2972 2850
f 2846 2850 2847
f 2850 2960 2851
f 2850 2972 2960
f 2851 2973 2966
f 2851 2966 2974
f 2851 2974 2852
f 2851 2960 2973
f 2852 2974 2975
f 2852 2975 2976
f 2852 2976 2853
f 2853 2976 2854
f 2854 2977 2978
f 2854 2978 2855
f 2854 2976 2979
f 2854 2979 2980
f 2854 2980 2981
f 2854 2981 2977
f 2855 2978 2858
f 2855 2857 2856
f 2858 2978 2859
f 2859 2978 2982
f 2860 2866 2983
f 2860 2983 2984
f 2860 2984 2985
f 2860 2985 2861
f 2861 2874 2862
f 2861 2985 2874
f 2864 2986 2865
f 2865 2986 2866
f 2866 2986 2987
f 2866 2987 2983
f 2867 2877 2988
f 2867 2988 2989
f 2867 2989 2868
f 2868 2989 2990
f 2868 2990 2869
f 2869 2990 2991
f 2869 2991 2992
f 2869 2992 2993
f 2869 2993 2870
f 2870 2993 2994
f 2870 2994 2871
f 2871 2994 2872
f 2872 2994 2995
f 2872 2995 2879
f 2872 2879 2873
f 2874 2985 2996
f 2874 2996 2997
f 2874 2997 2998
f 2874 2998 2875
f 2875 2998 2999
f 2875 2999 2876
f 2876 2999 3000
f 2876 3000 2877
f 2877 3000 3001
f 2877 3001 2988
f 2878 2881 2882
f 2879 2995 3002
f 2879 3002 3003
f 2879 3003 3004
f 2879 3004 2880
f 2880 3004 2881
f 2881 3004 3005
f 2881 3005 2882
f 2882 3005 3006
f 2882 3006 2883
f 2883 3006 3007
f 2883 3007 2884
f 2884 3007 3008
f 2884 3008 2885
f 2885 3008 3009
f 2885 3009 2886
f 2886 3009 3008
f 2886 3008 3010
f 2886 3010 3011
f 2886 3011 2887
f 2887 3011 3012
f 2887 3012 3013
f 2887 3013 3014
f 2887 3014 3015
f 2887 3015 2888
f 2888 3015 2889
f 2889 3015 3016
f 2889 3016 2890
f 2890 3016 3017
f 2890 3017 3018
f 2890 3018 3019
f 2890 3019 2891
f 2891 3019 3020
f 2891 3020 2892
f 2892 3020 3021
f 2892 3021 2893
f 2893 3021 3022
f 2893 3022 2894
f 2894 3022 2895
f 2895 3022 3023
f 2895 3023 2896
f 2896 3023 2908
f 2896 2908 2897
f 2900 2906 2901
f 2901 2906 3024
f 2901 3024 3025
f 2901 3025 2902
f 2902 3025 3026
f 2902 3026 2903
f 2903 3027 2904
f 2903 3026 3028
f 2903 3028 3027
f 2904 2921 2907
f 2904 3027 2921
f 2905 2920 3029
f 2905 3029 3030
f 2905 3030 2906
f 2906 3030 3024
f 2908 3023 3031
f 2908 3031 2909
f 2909 3031 3032
f 2909 3032 3033
f 2909 3033 2910
f 2910 3033 3034
f 2910 3034 3035
f 2910 3035 3036
f 2910 3036 3037
f 2910 3037 2912
f 2910 2912 2911
f 2912 3037 3036
f 2912 3036 3038
f 2912 3038 2913
f 2913 3039 2915
f 2913 2915 2914
f 2913 3038 3036
f 2913 3036 3040
f 2913 3040 3041
f 2913 3041 3039
f 2915 3039 2916
f 2916 3039 3042
f 2916 3042 3043
f 2916 3043 3044
f 2916 3044 2917
f 2917 3045 2919
f 2917 2919 2918
f 2917 3044 3045
f 2919 3046 2920
f 2919 3045 3046
f 2920 3047 3029
f 2920 3046 3047
f 2921 3048 3049
f 2921 3049 2922
f 2921 3027 3048
f 2922 3049 2923
f 2923 3049 3050
f 2923 3050 3051
f 2923 3051 3052
f 2923 3052 3053
f 2923 3053 3054
f 2923 3054 3055
f 2923 3055 2924
f 2924 3055 2925
f 2929 3056 2930
f 2930 3056 3057
f 2930 3057 2931
f 2931 3057 2932
f 2932 3058 2934
f 2932 3057 3058
f 2934 3058 3059
f 2934 3059 3060
f 2934 3060 2935
f 2935 3060 3061
f 2935 3061 2936
f 2936 3061 3062
f 2936 3062 3063
f 2936 3063 2937
f 2937 3064 3065
f 2937 3065 3066
f 2937 3066 2938
f 2937 3063 3067
f 2937 3067 3064
f 2938 3066 3069
f 2938 3069 3068
f 2939 2941 2940
f 2939 3068 2941
f 2941 3068 3070
f 2941 3070 2942
f 2942 3070 3071
f 2942 3071 3072
f 2942 3072 3073
f 2942 3073 2947
f 2942 2947 2943
f 2943 2947 2946
f 2945 2948 3074
f 2945 3074 3075
f 2945 3075 2950
f 2945 2950 2949
f 2947 3073 3071
f 2947 3071 3076
f 2947 3076 3077
f 2947 3077 3078
f 2947 3078 3079
f 2947 3079 3080
f 2947 3080 3081
f 2947 3081 3082
f 2947 3082 3074
f 2947 3074 2948
f 2950 3083 2951
f 2950 3075 3074
f 2950 3074 3082
f 2950 3082 3084
f 2950 3084 3085
f 2950 3085 3086
f 2950 3086 3087
f 2950 3087 3088
f 2950 3088 3089
f 2950 3089 3090
f 2950 3090 3083
f 2951 3083 2952
f 2952 3083 3090
f 2952 3090 3091
f 2952 3091 3092
f 2952 3092 3093
f 2952 3093 2953
f 2953 3093 2954
f 2954 3094 2955
f 2954 3093 3092
f 2954 3092 3091
f 2954 3091 3095
f 2954 3095 3096
f 2954 3096 3097
f 2954 3097 3098
f 2954 3098 3099
f 2954 3099 3100
f 2954 3100 3094
f 2955 3094 3100
f 2955 3100 3101
f 2955 3101 3102
f 2955 3102 2956
f 2956 3102 3103
f 2956 3103 3104
f 2956 3104 3105
f 2956 3105 2958
f 2956 2958 2957
f 2958 3105 2970
f 2960 2966 2973
f 2962 2971 3106
f 2962 3106 2963
f 2963 3106 2971
f 2963 2971 3107
f 2963 3107 3108
f 2963 3108 2964
f 2964 3108 2965
f 2965 3108 3109
f 2965 3109 2966
f 2966 3109 2974
f 2967 2970 3105
f 2967 3105 3104
f 2967 3104 3110
f 2967 3110 3111
f 2967 3111 2968
f 2968 3111 3112
f 2968 3112 2969
f 2969 3112 3113
f 2969 3113 3114
f 2969 3114 2971
f 2971 3114 3115
f 2971 3115 3116
f 2971 3116 3107
f 2974 3109 3117
f 2974 3117 3118
f 2974 3118 2975
f 2975 3118 3119
f 2975 3119 3120
f 2975 3120 2976
f 2976 3120 2979
f 2977 2981 3121
f 2977 3121 3122
f 2977 3122 3123
f 2977 3123 3124
f 2977 3124 3125
f 2977 3125 2978
f 2978 3125 2982
f 2979 3120 2980
f 2980 3120 3119
f 2980 3119 3126
f 2980 3126 3127
f 2980 3127 3128
f 2980 3128 2981
f 2981 3128 3129
f 2981 3129 3130
f 2981 3130 3121
f 2983 2987 3131
f 2983 3131 3132
f 2983 3132 3133
f 2983 3133 2984
f 2984 3133 3134
f 2984 3134 3135
f 2984 3135 2985
f 2985 3135 2996
f 2988 3001 3136
f 2988 3136 2989
f 2989 3136 3137
f 2989 3137 3138
f 2989 3138 2990
f 2990 3138 3139
f 2990 3139 3002
f 2990 3002 2991
f 2991 3002 3140
f 2991 3140 2992
f 2992 3140 3141
f 2992 3141 2993
f 2993 3141 2994
f 2994 3141 2995
f 2995 3141 3002
f 2996 3135 3142
f 2996 3142 2997
f 2997 3142 2998
f 2998 3142 3143
f 2998 3143 3144
f 2998 3144 3145
f 2998 3145 2999
f 2999 3145 3146
f 2999 3146 3001
f 2999 3001 3000
f 3001 3146 3136
f 3002 3147 3148
f 3002 3148 3149
f 3002 3149 3003
f 3002 3141 3140
f 3002 3139 3147
f 3003 3149 3150
f 3003 3150 3151
f 3003 3151 3004
f 3004 3151 3152
f 3004 3152 3005
f 3005 3152 3007
f 3005 3007 3006
f 3007 3152 3153
f 3007 3153 3154
f 3007 3154 3155
f 3007 3155 3156
f 3007 3156 3008
f 3008 3156 3010
f 3010 3156 3157
f 3010 3157 3011
f 3011 3157 3012
f 3012 3157 3158
f 3012 3158 3159
f 3012 3159 3160
f 3012 3160 3013
f 3013 3161 3015
f 3013 3015 3014
f 3013 3160 3162
f 3013 3162 3163
f 3013 3163 3161
f 3015 3161 3164
f 3015 3164 3017
f 3015 3017 3016
f 3017 3165 3018
f 3017 3164 3166
f 3017 3166 3165
f 3018 3165 3167
f 3018 3167 3168
f 3018 3168 3019
f 3019 3168 3169
f 3019 3169 3021
f 3019 3021 3020
f 3021 3170 3022
f 3021 3169 3170
f 3022 3170 3023
f 3023 3170 3171
f 3023 3171 3172
f 3023 3172 3173
f 3023 3173 3032
f 3023 3032 3031
f 3024 3030 3029
f 3024 3029 3047
f 3024 3047 3174
f 3024 3174 3175
f 3024 3175 3025
f 3025 3175 3176
f 3025 3176 3026
f 3026 3176 3177
f 3026 3177 3028
f 3027 3028 3178
f 3027 3178 3179
f 3027 3179 3048
f 3028 3180 3179
f 3028 3179 3178
f 3028 3177 3180
f 3032 3173 3181
f 3032 3181 3182
f 3032 3182 3033
f 3033 3182 3183
f 3033 3183 3184
f 3033 3184 3034
f 3034 3184 3035
f 3035 3184 3185
f 3035 3185 3186
f 3035 3186 3036
f 3036 3187 3188
f 3036 3188 3041
f 3036 3041 3040
f 3036 3186 3189
f 3036 3189 3190
f 3036 3190 3191
f 3036 3191 3187
f 3039 3041 3188
f 3039 3188 3192
f 3039 3192 3042
f 3042 3192 3193
f 3042 3193 3194
f 3042 3194 3043
f 3043 3195 3044
f 3043 3194 3196
f 3043 3196 3197
f 3043 3197 3195
f 3044 3195 3198
f 3044 3198 3199
f 3044 3199 3045
f 3045 3200 3201
f 3045 3201 3046
f 3045 3199 3200
f 3046 3201 3202
f 3046 3202 3203
f 3046 3203 3204
f 3046 3204 3047
f 3047 3204 3174
f 3048 3179 3205
f 3048 3205 3049
f 3049 3205 3050
f 3050 3206 3051
f 3050 3205 3207
f 3050 3207 3208
f 3050 3208 3206
f 3051 3206 3209
f 3056 3210 3057
f 3057 3210 3211
f 3057 3211 3058
f 3058 3211 3059
f 3059 3212 3213
f 3059 3213 3214
f 3059 3214 3061
f 3059 3061 3060
f 3059 3211 3212
f 3061 3214 3062
f 3062 3215 3063
f 3062 3214 3215
f 3063 3215 3216
f 3063 3216 3217
f 3063 3217 3067
f 3064 3067 3218
f 3064 3218 3219
f 3064 3219 3065
f 3065 3219 3066
f 3066 3219 3220
f 3066 3220 3069
f 3067 3217 3221
f 3067 3221 3222
f 3067 3222 3223
f 3067 3223 3218
f 3068 3069 3070
f 3069 3220 3071
f 3069 3071 3070
f 3071 3073 3072
f 3071 3220 3219
f 3071 3219 3224
f 3071 3224 3076
f 3076 3224 3077
f 3077 3225 3226
f 3077 3226 3227
f 3077 3227 3078
f 3077 3224 3225
f 3078 3227 3228
f 3078 3228 3229
f 3078 3229 3079
f 3079 3229 3230
f 3079 3230 3080
f 3080 3230 3081
f 3081 3230 3231
f 3081 3231 3232
f 3081 3232 3233
f 3081 3233 3234
f 3081 3234 3235
f 3081 3235 3236
f 3081 3236 3237
f 3081 3237 3085
f 3081 3085 3082
f 3082 3085 3084
f 3085 3237 3238
f 3085 3238 3086
f 3086 3238 3237
f 3086 3237 3087
f 3087 3237 3236
f 3087 3236 3239
f 3087 3239 3089
f 3087 3089 3088
f 3089 3240 3090
f 3089 3239 3241
f 3089 3241 3242
f 3089 3242 3243
f 3089 3243 3240
f 3090 3240 3244
f 3090 3244 3245
f 3090 3245 3091
f 3091 3245 3244
f 3091 3244 3095
f 3095 3244 3246
f 3095 3246 3097
f 3095 3097 3096
f 3097 3246 3247
f 3097 3247 3248
f 3097 3248 3249
f 3097 3249 3250
f 3097 3250 3099
f 3097 3099 3098
f 3099 3250 3251
f 3099 3251 3252
f 3099 3252 3253
f 3099 3253 3254
f 3099 3254 3255
f 3099 3255 3101
f 3099 3101 3100
f 3101 3256 3103
f 3101 3103 3102
f 3101 3255 3254
f 3101 3254 3260
f 3101 3260 3256
f 3103 3256 3111
f 3103 3111 3110
f 3103 3110 3104
f 3107 3116 3115
f 3107 3115 3257
f 3107 3257 3258
f 3107 3258 3108
f 3108 3258 3259
f 3108 3259 3117
f 3108 3117 3109
f 3111 3256 3260
f 3111 3260 3261
f 3111 3261 3112
f 3112 3261 3113
f 3113 3261 3262
f 3113 3262 3114
f 3114 3262 3263
f 3114 3263 3115
f 3115 3263 3264
f 3115 3264 3265
f 3115 3265 3266
f 3115 3266 3267
f 3115 3267 3257
f 3117 3259 3118
f 3118 3259 3268
f 3118 3268 3269
f 3118 3269 3270
f 3118 3270 3271
f 3118 3271 3272
f 3118 3272 3119
f 3119 3272 3126
f 3121 3130 3122
f 3122 3130 3273
f 3126 3272 3274
f 3126 3274 3127
f 3127 3274 3128
f 3128 3274 3275
f 3128 3275 3276
f 3128 3276 3129
f 3129 3277 3130
f 3129 3276 3277
f 3130 3277 3273
f 3132 3278 3279
f 3132 3279 3133
f 3133 3279 3280
f 3133 3280 3281
f 3133 3281 3282
f 3133 3282 3134
f 3134 3282 3283
f 3134 3283 3135
f 3135 3283 3284
f 3135 3284 3285
f 3135 3285 3143
f 3135 3143 3142
f 3136 3146 3286
f 3136 3286 3137
f 3137 3286 3287
f 3137 3287 3147
f 3137 3147 3138
f 3138 3147 3139
f 3143 3285 3284
f 3143 3284 3288
f 3143 3288 3144
f 3144 3288 3289
f 3144 3289 3145
f 3145 3286 3290
f 3145 3290 3146
f 3145 3289 3291
f 3145 3291 3286
f 3146 3290 3286
f 3147 3287 3292
f 3147 3292 3293
f 3147 3293 3148
f 3148 3293 3150
f 3148 3150 3149
f 3150 3293 3294
f 3150 3294 3151
f 3151 3294 3295
f 3151 3295 3152
f 3152 3295 3153
f 3153 3295 3154
f 3154 3296 3155
f 3154 3295 3297
f 3154 3297 3298
f 3154 3298 3296
f 3155 3296 3156
f 3156 3296 3158
f 3156 3158 3157
f 3158 3296 3299
f 3158 3299 3300
f 3158 3300 3159
f 3159 3300 3160
f 3160 3300 3162
f 3161 3163 3166
f 3161 3166 3164
f 3162 3300 3301
f 3162 3301 3302
f 3162 3302 3163
f 3163 3302 3303
f 3163 3303 3304
f 3163 3304 3305
f 3163 3305 3166
f 3165 3166 3306
f 3165 3306 3307
f 3165 3307 3167
f 3166 3305 3304
f 3166 3304 3308
f 3166 3308 3309
f 3166 3309 3306
f 3167 3307 3310
f 3167 3310 3312
f 3167 3312 3311
f 3167 3311 3168
f 3168 3311 3171
f 3168 3171 3169
f 3169 3171 3170
f 3171 3311 3312
f 3171 3312 3313
f 3171 3313 3314
f 3171 3314 3181
f 3171 3181 3173
f 3171 3173 3172
f 3174 3204 3175
f 3175 3204 3176
f 3176 3204 3315
f 3176 3315 3316
f 3176 3316 3177
f 3177 3316 3317
f 3177 3317 3318
f 3177 3318 3319
f 3177 3319 3180
f 3179 3180 3319
f 3179 3319 3318
f 3179 3318 3320
f 3179 3320 3205
f 3181 3314 3321
f 3181 3321 3182
f 3182 3321 3322
f 3182 3322 3323
f 3182 3323 3324
f 3182 3324 3325
f 3182 3325 3326
f 3182 3326 3183
f 3183 3326 3184
f 3184 3326 3325
f 3184 3325 3327
f 3184 3327 3185
f 3185 3327 3328
f 3185 3328 3329
f 3185 3329 3330
f 3185 3330 3331
f 3185 3331 3186
f 3186 3331 3189
f 3187 3332 3188
f 3187 3191 3332
f 3188 3332 3333
f 3188 3333 3192
f 3189 3331 3330
f 3189 3330 3334
f 3189 3334 3190
f 3190 3334 3191
f 3191 3335 3336
f 3191 3336 3337
f 3191 3337 3338
f 3191 3338 3339
f 3191 3339 3340
f 3191 3340 3341
f 3191 3341 3192
f 3191 3192 3333
f 3191 3333 3332
f 3191 3334 3335
f 3192 3341 3342
f 3192 3342 3193
f 3193 3342 3343
f 3193 3343 3194
f 3194 3343 3344
f 3194 3344 3345
f 3194 3345 3346
f 3194 3346 3196
f 3195 3347 3200
f 3195 3200 3198
f 3195 3197 3347
f 3196 3346 3197
f 3197 3346 3348
f 3197 3348 3349
f 3197 3349 3350
f 3197 3350 3351
f 3197 3351 3352
f 3197 3352 3353
f 3197 3353 3347
f 3198 3200 3199
f 3200 3354 3355
f 3200 3355 3201
f 3200 3347 3354
f 3201 3355 3202
f 3202 3355 3356
f 3202 3356 3357
f 3202 3357 3203
f 3203 3357 3358
f 3203 3358 3204
f 3204 3358 3359
f 3204 3359 3315
f 3205 3320 3207
f 3206 3208 3209
f 3207 3320 3360
f 3207 3360 3361
f 3207 3361 3362
f 3207 3362 3208
f 3208 3362 3363
f 3208 3363 3209
f 3209 3363 3364
f 3210 3365 3211
f 3211 3365 3212
f 3212 3365 3366
f 3212 3366 3213
f 3213 3367 3368
f 3213 3368 3214
f 3213 3366 3367
f 3214 3368 3369
f 3214 3369 3215
f 3215 3369 3370
f 3215 3370 3371
f 3215 3371 3216
f 3216 3372 3217
f 3216 3371 3373
f 3216 3373 3372
f 3217 3372 3221
f 3218 3223 3374
f 3218 3374 3375
f 3218 3375 3219
f 3219 3375 3225
f 3219 3225 3224
f 3221 3376 3377
f 3221 3377 3222
f 3221 3372 3376
f 3222 3377 3378
f 3222 3378 3379
f 3222 3379 3380
f 3222 3380 3223
f 3223 3380 3374
f 3225 3375 3381
f 3225 3381 3382
f 3225 3382 3226
f 3226 3382 3227
f 3227 3382 3228
f 3228 3382 3229
f 3229 3382 3383
f 3229 3383 3230
f 3230 3383 3384
f 3230 3384 3385
f 3230 3385 3231
f 3231 3385 3386
f 3231 3386 3232
f 3232 3386 3387
f 3232 3387 3233
f 3233 3387 3234
f 3234 3387 3388
f 3234 3388 3389
f 3234 3389 3390
f 3234 3390 3241
f 3234 3241 3235
f 3235 3239 3236
f 3235 3241 3391
f 3235 3391 3239
f 3239 3391 3241
f 3240 3392 3244
f 3240 3243 3393
f 3240 3393 3392
f 3241 3390 3394
f 3241 3394 3395
f 3241 3395 3396
f 3241 3396 3397
f 3241 3397 3398
f 3241 3398 3242
f 3242 3398 3399
f 3242 3399 3243
f 3243 3400 3401
f 3243 3401 3402
f 3243 3402 3393
f 3243 3399 3403
f 3243 3403 3404
f 3243 3404 3405
f 3243 3405 3400
f 3244 3392 3406
f 3244 3406 3247
f 3244 3247 3246
f 3247 3407 3248
f 3247 3406 3392
f 3247 3392 3393
f 3247 3393 3408
f 3247 3408 3407
f 3248 3407 3409
f 3248 3409 3249
f 3249 3409 3250
f 3250 3409 3410
f 3250 3410 3411
f 3250 3411 3251
f 3251 3411 3412
f 3251 3412 3413
f 3251 3413 3414
f 3251 3414 3261
f 3251 3261 3254
f 3251 3254 3253
f 3251 3253 3252
f 3254 3261 3260
f 3257 3267 3266
f 3257 3266 3415
f 3257 3415 3416
f 3257 3416 3417
f 3257 3417 3258
f 3258 3417 3259
f 3259 3417 3268
f 3261 3414 3413
f 3261 3413 3418
f 3261 3418 3419
f 3261 3419 3420
f 3261 3420 3421
f 3261 3421 3262
f 3262 3422 3423
f 3262 3423 3424
f 3262 3424 3425
f 3262 3425 3426
f 3262 3426 3427
f 3262 3427 3265
f 3262 3265 3263
f 3262 3421 3422
f 3263 3265 3264
f 3265 3427 3266
f 3266 3428 3415
f 3266 3427 3429
f 3266 3429 3578
f 3266 3578 3428
f 3268 3417 3430
f 3268 3430 3269
f 3269 3430 3431
f 3269 3431 3432
f 3269 3432 3270
f 3270 3432 3271
f 3271 3432 3274
f 3271 3274 3272
f 3274 3432 3433
f 3274 3433 3434
f 3274 3434 3435
f 3274 3435 3436
f 3274 3436 3275
f 3275 3436 3437
f 3275 3437 3438
f 3275 3438 3439
f 3275 3439 3276
f 3276 3439 3440
f 3276 3440 3277
f 3278 3441 3280
f 3278 3280 3279
f 3280 3441 3442
f 3280 3442 3443
f 3280 3443 3281
f 3281 3444 3282
f 3281 3443 3445
f 3281 3445 3444
f 3282 3446 3283
f 3282 3444 3446
f 3283 3446 3447
f 3283 3447 3284
f 3284 3447 3448
f 3284 3448 3449
f 3284 3449 3450
f 3284 3450 3288
f 3286 3291 3451
f 3286 3451 3287
f 3287 3294 3293
f 3287 3293 3292
f 3287 3451 3452
f 3287 3452 3453
f 3287 3453 3294
f 3288 3450 3615
f 3288 3615 3454
f 3288 3454 3455
f 3288 3455 3289
f 3289 3455 3456
f 3289 3456 3457
f 3289 3457 3458
f 3289 3458 3459
f 3289 3459 3291
f 3291 3459 3451
f 3294 3453 3460
f 3294 3460 3461
f 3294 3461 3295
f 3295 3461 3297
f 3296 3298 3462
f 3296 3462 3299
f 3297 3461 3298
f 3298 3461 3463
f 3298 3463 3462
f 3299 3462 3464
f 3299 3464 3465
f 3299 3465 3300
f 3300 3465 3464
f 3300 3464 3466
f 3300 3466 3301
f 3301 3466 3467
f 3301 3467 3468
f 3301 3468 3302
f 3302 3468 3469
f 3302 3469 3303
f 3303 3469 3470
f 3303 3470 3304
f 3304 3470 3471
f 3304 3471 3306
f 3304 3306 3309
f 3304 3309 3308
f 3306 3471 3307
f 3307 3471 3472
f 3307 3472 3473
f 3307 3473 3474
f 3307 3474 3310
f 3310 3474 3312
f 3312 3474 3475
f 3312 3475 3313
f 3313 3475 3314
f 3314 3475 3476
f 3314 3476 3321
f 3315 3359 3316
f 3316 3359 3477
f 3316 3477 3478
f 3316 3478 3360
f 3316 3360 3317
f 3317 3360 3320
f 3317 3320 3318
f 3321 3476 3479
f 3321 3479 3322
f 3322 3479 3480
f 3322 3480 3323
f 3323 3481 3324
f 3323 3480 3482
f 3323 3482 3481
f 3324 3481 3325
f 3325 3482 3483
f 3325 3483 3484
f 3325 3484 3485
f 3325 3485 3486
f 3325 3486 3328
f 3325 3328 3327
f 3325 3481 3482
f 3328 3337 3487
f 3328 3487 3335
f 3328 3335 3329
f 3328 3486 3485
f 3328 3485 3484
f 3328 3484 3488
f 3328 3488 3489
f 3328 3489 3337
f 3329 3335 3330
f 3330 3335 3334
f 3335 3487 3337
f 3335 3337 3336
f 3337 3489 3490
f 3337 3490 3491
f 3337 3491 3492
f 3337 3492 3338
f 3338 3492 3339
f 3339 3493 3494
f 3339 3494 3340
f 3339 3492 3495
f 3339 3495 3496
f 3339 3496 3497
f 3339 3497 3498
f 3339 3498 3493
f 3340 3494 3499
f 3340 3499 3342
f 3340 3342 3341
f 3342 3499 3494
f 3342 3494 3343
f 3343 3494 3344
f 3344 3494 3500
f 3344 3500 3345
f 3345 3348 3346
f 3345 3500 3501
f 3345 3501 3502
f 3345 3502 3348
f 3347 3353 3503
f 3347 3503 3354
f 3348 3502 3504
f 3348 3504 3349
f 3349 3504 3350
f 3350 3504 3351
f 3351 3504 3505
f 3351 3505 3506
f 3351 3506 3352
f 3352 3506 3507
f 3352 3507 3508
f 3352 3508 3509
f 3352 3509 3510
f 3352 3510 3353
f 3353 3510 3511
f 3353 3511 3512
f 3353 3512 3503
f 3354 3512 3355
f 3354 3503 3512
f 3355 3512 3357
f 3355 3357 3356
f 3357 3512 3358
f 3358 3512 3359
f 3359 3512 3477
f 3360 3478 3513
f 3360 3513 3514
f 3360 3514 3515
f 3360 3515 3361
f 3361 3515 3516
f 3361 3516 3362
f 3362 3517 3518
f 3362 3518 3364
f 3362 3364 3363
f 3362 3516 3519
f 3362 3519 3517
f 3367 3520 3371
f 3367 3371 3368
f 3368 3371 3369
f 3369 3371 3370
f 3371 3520 3521
f 3371 3521 3522
f 3371 3522 3373
f 3372 3373 3523
f 3372 3523 3376
f 3373 3522 3523
f 3374 3380 3524
f 3374 3524 3525
f 3374 3525 3375
f 3375 3525 3381
f 3376 3523 3526
f 3376 3526 3527
f 3376 3527 3377
f 3377 3527 3528
f 3377 3528 3378
f 3378 3528 3529
f 3378 3529 3530
f 3378 3530 3531
f 3378 3531 3532
f 3378 3532 3533
f 3378 3533 3379
f 3379 3533 3534
f 3379 3534 3535
f 3379 3535 3380
f 3380 3535 3524
f 3381 3524 3534
f 3381 3534 3536
f 3381 3536 3537
f 3381 3537 3538
f 3381 3538 3382
f 3381 3525 3524
f 3382 3538 3539
f 3382 3539 3540
f 3382 3540 3384
f 3382 3384 3383
f 3384 3540 3385
f 3385 3540 3539
f 3385 3539 3541
f 3385 3541 3542
f 3385 3542 3543
f 3385 3543 3386
f 3386 3544 3387
f 3386 3543 3545
f 3386 3545 3544
f 3387 3544 3388
f 3388 3544 3545
f 3388 3545 3389
f 3389 3545 3546
f 3389 3546 3547
f 3389 3547 3548
f 3389 3548 3549
f 3389 3549 3394
f 3389 3394 3390
f 3393 3402 3550
f 3393 3550 3408
f 3394 3549 3551
f 3394 3551 3552
f 3394 3552 3395
f 3395 3553 3554
f 3395 3554 3555
f 3395 3555 3556
f 3395 3556 3557
f 3395 3557 3558
f 3395 3558 3559
f 3395 3559 3397
f 3395 3397 3396
f 3395 3552 3553
f 3397 3559 3398
f 3398 3559 3399
f 3399 3559 3403
f 3400 3405 3560
f 3400 3560 3561
f 3400 3561 3401
f 3401 3561 3562
f 3401 3562 3563
f 3401 3563 3402
f 3402 3564 3567
f 3402 3567 3550
f 3402 3563 3564
f 3403 3559 3404
f 3404 3559 3558
f 3404 3558 3565
f 3404 3565 3405
f 3405 3565 3566
f 3405 3566 3560
f 3407 3408 3409
f 3408 3550 3567
f 3408 3567 3568
f 3408 3568 3409
f 3409 3568 3569
f 3409 3569 3570
f 3409 3570 3571
f 3409 3571 3572
f 3409 3572 3410
f 3410 3573 3574
f 3410 3574 3411
f 3410 3572 3575
f 3410 3575 3576
f 3410 3576 3573
f 3411 3413 3412
f 3411 3574 3577
f 3411 3577 3413
f 3413 3577 3418
f 3415 3428 3416
f 3416 3431 3430
f 3416 3430 3417
f 3416 3428 3578
f 3416 3578 3579
f 3416 3579 3431
f 3418 3577 3580
f 3418 3580 3581
f 3418 3581 3419
f 3419 3581 3582
f 3419 3582 3420
f 3420 3582 3422
f 3420 3422 3421
f 3422 3583 3584
f 3422 3584 3423
f 3422 3582 3583
f 3423 3584 3583
f 3423 3583 3585
f 3423 3585 3424
f 3424 3585 3425
f 3425 3585 3586
f 3425 3586 3587
f 3425 3587 3588
f 3425 3588 3426
f 3426 3589 3590
f 3426 3590 3591
f 3426 3591 3592
f 3426 3592 3593
f 3426 3593 3427
f 3426 3588 3594
f 3426 3594 3589
f 3427 3593 3592
f 3427 3592 3595
f 3427 3595 3429
f 3429 3595 3578
f 3431 3579 3596
f 3431 3596 3432
f 3432 3596 3597
f 3432 3597 3598
f 3432 3598 3433
f 3433 3598 3599
f 3433 3599 3434
f 3434 3599 3600
f 3434 3600 3435
f 3435 3600 3601
f 3435 3601 3602
f 3435 3602 3436
f 3436 3602 3437
f 3437 3602 3603
f 3442 3604 3443
f 3443 3604 3605
f 3443 3605 3606
f 3443 3606 3445
f 3444 3445 3607
f 3444 3607 3608
f 3444 3608 3446
f 3445 3606 3609
f 3445 3609 3610
f 3445 3610 3611
f 3445 3611 3607
f 3446 3608 3448
f 3446 3448 3447
f 3448 3612 3449
f 3448 3608 3607
f 3448 3607 3613
f 3448 3613 3614
f 3448 3614 3612
f 3449 3612 3615
f 3449 3615 3450
f 3451 3459 3452
f 3452 3459 3458
f 3452 3458 3460
f 3452 3460 3453
f 3454 3615 3455
f 3455 3457 3456
f 3455 3615 3616
f 3455 3616 3617
f 3455 3617 3618
f 3455 3618 3457
f 3457 3618 3619
f 3457 3619 3620
f 3457 3620 3621
f 3457 3621 3458
f 3458 3621 3620
f 3458 3620 3622
f 3458 3622 3460
f 3460 3622 3623
f 3460 3623 3624
f 3460 3624 3625
f 3460 3625 3626
f 3460 3626 3627
f 3460 3627 3461
f 3461 3627 3628
f 3461 3628 3463
f 3462 3463 3629
f 3462 3629 3464
f 3463 3628 3630
f 3463 3630 3631
f 3463 3631 3632
f 3463 3632 3629
f 3464 3629 3633
f 3464 3633 3634
f 3464 3634 3467
f 3464 3467 3466
f 3467 3634 3635
f 3467 3635 3469
f 3467 3469 3468
f 3469 3636 3637
f 3469 3637 3638
f 3469 3638 3470
f 3469 3635 3639
f 3469 3639 3640
f 3469 3640 3641
f 3469 3641 3636
f 3470 3474 3642
f 3470 3642 3471
f 3470 3638 3643
f 3470 3643 3474
f 3471 3644 3472
f 3471 3642 3644
f 3472 3644 3473
f 3473 3644 3642
f 3473 3642 3474
f 3474 3643 3645
f 3474 3645 3646
f 3474 3646 3647
f 3474 3647 3648
f 3474 3648 3649
f 3474 3649 3475
f 3475 3649 3650
f 3475 3650 3651
f 3475 3651 3476
f 3476 3651 3479
f 3477 3512 3652
f 3477 3652 3653
f 3477 3653 3478
f 3478 3653 3654
f 3478 3654 3513
f 3479 3651 3655
f 3479 3655 3480
f 3480 3655 3482
f 3482 3655 3656
f 3482 3656 3657
f 3482 3657 3658
f 3482 3658 3483
f 3483 3658 3659
f 3483 3659 3660
f 3483 3660 3661
f 3483 3661 3662
f 3483 3662 3484
f 3484 3662 3663
f 3484 3663 3664
f 3484 3664 3488
f 3488 3664 3489
f 3489 3664 3491
f 3489 3491 3490
f 3491 3664 3663
f 3491 3663 3665
f 3491 3665 3666
f 3491 3666 3667
f 3491 3667 3668
f 3491 3668 3669
f 3491 3669 3492
f 3492 3669 3495
f 3493 3498 3670
f 3493 3670 3504
f 3493 3504 3494
f 3494 3504 3500
f 3495 3669 3671
f 3495 3671 3496
f 3496 3671 3672
f 3496 3672 3673
f 3496 3673 3674
f 3496 3674 3670
f 3496 3670 3498
f 3496 3498 3497
f 3500 3504 3501
f 3501 3504 3502
f 3504 3675 3676
f 3504 3676 3677
f 3504 3677 3505
f 3504 3670 3674
f 3504 3674 3678
f 3504 3678 3679
f 3504 3679 3680
f 3504 3680 3681
f 3504 3681 3675
f 3505 3677 3682
f 3505 3682 3507
f 3505 3507 3506
f 3507 3683 3508
f 3507 3682 3684
f 3507 3684 3683
f 3508 3685 3686
f 3508 3686 3687
f 3508 3687 3509
f 3508 3683 3685
f 3509 3687 3688
f 3509 3688 3510
f 3510 3688 3511
f 3511 3688 3512
f 3512 3688 3652
f 3513 3654 3689
f 3513 3689 3514
f 3514 3689 3654
f 3514 3654 3690
f 3514 3690 3691
f 3514 3691 3516
f 3514 3516 3515
f 3516 3691 3692
f 3516 3692 3693
f 3516 3693 3694
f 3516 3694 3517
f 3516 3517 3519
f 3520 3695 3521
f 3521 3523 3522
f 3521 3695 3696
f 3521 3696 3526
f 3521 3526 3523
f 3524 3535 3534
f 3526 3696 3529
f 3526 3529 3527
f 3527 3529 3528
f 3529 3696 3697
f 3529 3697 3698
f 3529 3698 3530
f 3530 3698 3531
f 3531 3698 3699
f 3531 3699 3700
f 3531 3700 3701
f 3531 3701 3532
f 3532 3701 3702
f 3532 3702 3703
f 3532 3703 3704
f 3532 3704 3533
f 3533 3704 3534
f 3534 3704 3536
f 3536 3704 3703
f 3536 3703 3705
f 3536 3705 3537
f 3537 3705 3539
f 3537 3539 3538
f 3539 3705 3706
f 3539 3706 3707
f 3539 3707 3541
f 3541 3707 3542
f 3542 3708 3709
f 3542 3709 3543
f 3542 3707 3710
f 3542 3710 3708
f 3543 3709 3711
f 3543 3711 3545
f 3545 3711 3546
f 3546 3711 3547
f 3547 3711 3548
f 3548 3712 3549
f 3548 3711 3712
f 3549 3712 3551
f 3551 3712 3713
f 3551 3713 3553
f 3551 3553 3552
f 3553 3713 3554
f 3554 3714 3555
f 3554 3713 3715
f 3554 3715 3716
f 3554 3716 3714
f 3555 3714 3717
f 3555 3717 3718
f 3555 3718 3719
f 3555 3719 3556
f 3556 3565 3558
f 3556 3558 3557
f 3556 3719 3565
f 3560 3566 3720
f 3560 3720 3721
f 3560 3721 3722
f 3560 3722 3723
f 3560 3723 3561
f 3561 3723 3729
f 3561 3729 3724
f 3561 3724 3563
f 3561 3563 3562
f 3563 3724 3725
f 3563 3725 3568
f 3563 3568 3567
f 3563 3567 3564
f 3565 3719 3726
f 3565 3726 3727
f 3565 3727 3566
f 3566 3727 3728
f 3566 3728 3720
f 3568 3725 3569
f 3569 3725 3729
f 3569 3729 3730
f 3569 3730 3570
f 3570 3730 3731
f 3570 3731 3732
f 3570 3732 3733
f 3570 3733 3571
f 3571 3733 3734
f 3571 3734 3575
f 3571 3575 3572
f 3573 3576 3735
f 3573 3735 3580
f 3573 3580 3577
f 3573 3577 3574
f 3575 3734 3576
f 3576 3736 3737
f 3576 3737 3580
f 3576 3580 3735
f 3576 3734 3738
f 3576 3738 3736
f 3578 3595 3739
f 3578 3739 3579
f 3579 3740 3597
f 3579 3597 3596
f 3579 3739 3741
f 3579 3741 3742
f 3579 3742 3743
f 3579 3743 3740
f 3580 3737 3744
f 3580 3744 3745
f 3580 3745 3746
f 3580 3746 3581
f 3581 3746 3583
f 3581 3583 3582
f 3583 3746 3745
f 3583 3745 3747
f 3583 3747 3748
f 3583 3748 3749
f 3583 3749 3586
f 3583 3586 3585
f 3586 3749 3750
f 3586 3750 3587
f 3587 3750 3751
f 3587 3751 3752
f 3587 3752 3753
f 3587 3753 3754
f 3587 3754 3588
f 3588 3754 3594
f 3589 3755 3590
f 3589 3594 3755
f 3590 3755 3741
f 3590 3741 3756
f 3590 3756 3739
f 3590 3739 3591
f 3591 3739 3595
f 3591 3595 3592
f 3594 3754 3757
f 3594 3757 3939
f 3594 3939 3755
f 3597 3740 3758
f 3597 3758 3598
f 3598 3758 3759
f 3598 3759 3760
f 3598 3760 3599
f 3599 3760 3759
f 3599 3759 3761
f 3599 3761 3762
f 3599 3762 3763
f 3599 3763 3600
f 3600 3763 3764
f 3600 3764 3765
f 3600 3765 3601
f 3601 3765 3766
f 3601 3766 3767
f 3601 3767 3768
f 3601 3768 3769
f 3601 3769 3603
f 3601 3603 3602
f 3604 3770 3605
f 3605 3770 3771
f 3605 3771 3772
f 3605 3772 3606
f 3606 3772 3609
f 3607 3611 3773
f 3607 3773 3774
f 3607 3774 3613
f 3609 3772 3610
f 3610 3772 3775
f 3610 3775 3776
f 3610 3776 3777
f 3610 3777 3778
f 3610 3778 3779
f 3610 3779 3611
f 3611 3779 3773
f 3612 3614 3615
f 3613 3774 3780
f 3613 3780 3614
f 3614 3780 3781
f 3614 3781 3616
f 3614 3616 3615
f 3616 3781 3782
f 3616 3782 3617
f 3617 3782 3618
f 3618 3782 3783
f 3618 3783 3784
f 3618 3784 3620
f 3618 3620 3619
f 3620 3784 3785
f 3620 3785 3786
f 3620 3786 3787
f 3620 3787 3788
f 3620 3788 3622
f 3622 3788 3789
f 3622 3789 3623
f 3623 3789 3790
f 3623 3790 3624
f 3624 3790 3625
f 3625 3790 3791
f 3625 3791 3630
f 3625 3630 3626
f 3626 3630 3792
f 3626 3792 3627
f 3627 3792 3628
f 3628 3792 3630
f 3629 3632 3793
f 3629 3793 3633
f 3630 3791 3794
f 3630 3794 3795
f 3630 3795 3796
f 3630 3796 3631
f 3631 3796 3793
f 3631 3793 3632
f 3633 3635 3634
f 3633 3793 3635
f 3635 3793 3797
f 3635 3797 3798
f 3635 3798 3799
f 3635 3799 3639
f 3636 3641 3637
f 3637 3641 3800
f 3637 3800 3801
f 3637 3801 3643
f 3637 3643 3638
f 3639 3799 3640
f 3640 3799 3802
f 3640 3802 3641
f 3641 3803 3804
f 3641 3804 3800
f 3641 3802 3805
f 3641 3805 3806
f 3641 3806 3807
f 3641 3807 3808
f 3641 3808 3803
f 3643 3801 3645
f 3645 3801 3809
f 3645 3809 3810
f 3645 3810 3811
f 3645 3811 3812
f 3645 3812 3647
f 3645 3647 3646
f 3647 3812 3813
f 3647 3813 3814
f 3647 3814 3648
f 3648 3815 3816
f 3648 3816 3817
f 3648 3817 3818
f 3648 3818 3650
f 3648 3650 3649
f 3648 3814 3815
f 3650 3818 3656
f 3650 3656 3655
f 3650 3655 3651
f 3652 3688 3819
f 3652 3819 3653
f 3653 3819 3686
f 3653 3686 3820
f 3653 3820 3654
f 3654 3821 3690
f 3654 3820 3822
f 3654 3822 3821
f 3656 3818 3823
f 3656 3823 3657
f 3657 3823 3824
f 3657 3824 3825
f 3657 3825 3658
f 3658 3825 3826
f 3658 3826 3659
f 3659 3826 3827
f 3659 3827 3660
f 3660 3827 3828
f 3660 3828 3829
f 3660 3829 3830
f 3660 3830 3831
f 3660 3831 3661
f 3661 3831 3662
f 3662 3831 3830
f 3662 3830 3832
f 3662 3832 3833
f 3662 3833 3834
f 3662 3834 3835
f 3662 3835 3665
f 3662 3665 3663
f 3665 3835 3666
f 3666 3835 3667
f 3667 3835 3668
f 3668 3835 3836
f 3668 3836 3837
f 3668 3837 3669
f 3669 3837 3671
f 3671 3837 3838
f 3671 3838 3672
f 3672 3838 3673
f 3673 3838 3674
f 3674 3838 3839
f 3674 3839 3840
f 3674 3840 3678
f 3675 3841 3676
f 3675 3681 3841
f 3676 3841 3842
f 3676 3842 3843
f 3676 3843 3677
f 3677 3684 3682
f 3677 3843 3844
f 3677 3844 3845
f 3677 3845 3846
f 3677 3846 3684
f 3678 3840 3847
f 3678 3847 3679
f 3679 3848 3681
f 3679 3681 3680
f 3679 3847 3849
f 3679 3849 3850
f 3679 3850 3851
f 3679 3851 3848
f 3681 3848 3852
f 3681 3852 3853
f 3681 3853 3842
f 3681 3842 3841
f 3683 3686 3685
f 3683 3684 3854
f 3683 3854 3855
f 3683 3855 3686
f 3684 3846 3856
f 3684 3856 3854
f 3686 3822 3820
f 3686 3819 3688
f 3686 3688 3687
f 3686 3855 3857
f 3686 3857 3858
f 3686 3858 3822
f 3690 3821 3859
f 3690 3859 3860
f 3690 3860 3861
f 3690 3861 3862
f 3690 3862 3863
f 3690 3863 3691
f 3691 3863 3864
f 3691 3864 3692
f 3695 3865 3696
f 3696 3865 3866
f 3696 3866 3697
f 3697 3867 3698
f 3697 3866 3868
f 3697 3868 3869
f 3697 3869 3870
f 3697 3870 3867
f 3698 3867 3871
f 3698 3871 3699
f 3699 3871 3700
f 3700 3872 3873
f 3700 3873 3701
f 3700 3871 3870
f 3700 3870 3874
f 3700 3874 3872
f 3701 3873 3702
f 3702 3873 3875
f 3702 3875 3876
f 3702 3876 3877
f 3702 3877 3705
f 3702 3705 3703
f 3705 3877 3878
f 3705 3878 3706
f 3706 3878 3707
f 3707 3878 3879
f 3707 3879 3710
f 3708 3711 3709
f 3708 3710 3880
f 3708 3880 3881
f 3708 3881 3711
f 3710 3882 3880
f 3710 3879 3882
f 3711 3881 3883
f 3711 3883 3884
f 3711 3884 3712
f 3712 3885 3713
f 3712 3884 3886
f 3712 3886 3887
f 3712 3887 3715
f 3712 3715 3885
f 3713 3885 3715
f 3714 3716 3888
f 3714 3888 3717
f 3715 3889 3890
f 3715 3890 3891
f 3715 3891 3892
f 3715 3892 3716
f 3715 3887 3893
f 3715 3893 3889
f 3716 3892 3894
f 3716 3894 3888
f 3717 3888 3895
f 3717 3895 3896
f 3717 3896 3897
f 3717 3897 3718
f 3718 3897 3898
f 3718 3898 3899
f 3718 3899 3726
f 3718 3726 3719
f 3720 3728 3899
f 3720 3899 3900
f 3720 3900 3721
f 3721 3900 3901
f 3721 3901 3902
f 3721 3902 3903
f 3721 3903 3904
f 3721 3904 3722
f 3722 3904 3905
f 3722 3905 3723
f 3723 3905 3729
f 3724 3729 3725
f 3726 3728 3906
f 3726 3906 3727
f 3726 3899 3728
f 3727 3906 3728
f 3729 3905 3904
f 3729 3904 3730
f 3730 3904 3731
f 3731 3904 3907
f 3731 3907 3732
f 3732 3907 3908
f 3732 3908 3909
f 3732 3909 3910
f 3732 3910 3911
f 3732 3911 3912
f 3732 3912 3738
f 3732 3738 3733
f 3733 3738 3734
f 3736 3738 3737
f 3737 3747 3745
f 3737 3745 3744
f 3737 3738 3913
f 3737 3913 3914
f 3737 3914 3915
f 3737 3915 3747
f 3738 3912 3916
f 3738 3916 3917
f 3738 3917 3918
f 3738 3918 3919
f 3738 3919 3920
f 3738 3920 3914
f 3738 3914 3913
f 3739 3756 3741
f 3740 3743 3759
f 3740 3759 3758
f 3741 3755 3921
f 3741 3921 3922
f 3741 3922 3742
f 3742 3922 3923
f 3742 3923 3743
f 3743 3924 3759
f 3743 3923 4110
f 3743 4110 3925
f 3743 3925 3924
f 3747 3915 3748
f 3748 3915 3926
f 3748 3926 3751
f 3748 3751 3750
f 3748 3750 3749
f 3751 3926 3927
f 3751 3927 3753
f 3751 3753 3752
f 3753 3928 3929
f 3753 3929 3930
f 3753 3930 3757
f 3753 3757 3754
f 3753 3927 3931
f 3753 3931 3932
f 3753 3932 3933
f 3753 3933 3934
f 3753 3934 3935
f 3753 3935 3936
f 3753 3936 3937
f 3753 3937 3938
f 3753 3938 3928
f 3755 3939 3940
f 3755 3940 3921
f 3757 3930 3939
f 3759 3924 3761
f 3761 3924 3925
f 3761 3925 3762
f 3762 3925 3941
f 3762 3941 3942
f 3762 3942 3943
f 3762 3943 3944
f 3762 3944 3763
f 3763 3944 3945
f 3763 3945 3946
f 3763 3946 3765
f 3763 3765 3764
f 3765 3947 3766
f 3765 3946 3945
f 3765 3945 3948
f 3765 3948 3947
f 3766 3947 3767
f 3767 3947 3950
f 3767 3950 3949
f 3771 3775 3772
f 3771 3776 3775
f 3773 3779 3951
f 3773 3951 3952
f 3773 3952 3953
f 3773 3953 3781
f 3773 3781 3774
f 3774 3781 3954
f 3774 3954 3780
f 3776 3955 3778
f 3776 3778 3777
f 3778 3955 3956
f 3778 3956 3957
f 3778 3957 3779
f 3779 3957 3951
f 3780 3954 3781
f 3781 3953 3958
f 3781 3958 3782
f 3782 3958 3959
f 3782 3959 3783
f 3783 3785 3784
f 3783 3959 3960
f 3783 3960 3961
f 3783 3961 3962
f 3783 3962 3785
f 3785 3962 3786
f 3786 3962 3963
f 3786 3963 3787
f 3787 3964 3965
f 3787 3965 3790
f 3787 3790 3788
f 3787 3963 3966
f 3787 3966 3964
f 3788 3790 3789
f 3790 3965 3967
f 3790 3967 3791
f 3791 3967 3968
f 3791 3968 3794
f 3793 3796 3969
f 3793 3969 3798
f 3793 3798 3797
f 3794 3968 3970
f 3794 3970 3969
f 3794 3969 3795
f 3795 3969 3796
f 3798 3969 3971
f 3798 3971 3972
f 3798 3972 3802
f 3798 3802 3799
f 3800 3804 3809
f 3800 3809 3801
f 3802 3972 3805
f 3803 3808 3973
f 3803 3973 3804
f 3804 3973 3974
f 3804 3974 3975
f 3804 3975 3976
f 3804 3976 3977
f 3804 3977 3978
f 3804 3978 3979
f 3804 3979 3980
f 3804 3980 3809
f 3805 3981 3982
f 3805 3982 3806
f 3805 3972 3981
f 3806 3983 3984
f 3806 3984 3807
f 3806 3982 3985
f 3806 3985 3983
f 3807 3984 3986
f 3807 3986 3987
f 3807 3987 3973
f 3807 3973 3808
f 3809 3980 3810
f 3810 3988 3811
f 3810 3980 3988
f 3811 3988 3815
f 3811 3815 3813
f 3811 3813 3812
f 3813 3815 3814
f 3815 3988 3980
f 3815 3980 3816
f 3816 3980 3817
f 3817 3980 3989
f 3817 3989 3990
f 3817 3990 3991
f 3817 3991 3992
f 3817 3992 3818
f 3818 3992 3993
f 3818 3993 3823
f 3821 3822 3859
f 3822 3858 3994
f 3822 3994 3995
f 3822 3995 3859
f 3823 3992 3824
f 3823 3993 3992
f 3824 3992 3991
f 3824 3991 3996
f 3824 3996 3825
f 3825 3827 3826
f 3825 3996 3997
f 3825 3997 3998
f 3825 3998 3999
f 3825 3999 3828
f 3825 3828 3827
f 3828 3998 4000
f 3828 4000 3829
f 3828 3999 3998
f 3829 4000 4001
f 3829 4001 3830
f 3830 4001 3832
f 3832 4001 4002
f 3832 4002 3833
f 3833 4003 4004
f 3833 4004 4005
f 3833 4005 4006
f 3833 4006 3836
f 3833 3836 3834
f 3833 4002 4001
f 3833 4001 4007
f 3833 4007 4008
f 3833 4008 4003
f 3834 3836 3835
f 3836 4006 4009
f 3836 4009 3837
f 3837 4009 3838
f 3838 4009 4010
f 3838 4010 3839
f 3839 3849 3840
f 3839 4010 4011
f 3839 4011 4012
f 3839 4012 4013
f 3839 4013 4014
f 3839 4014 3849
f 3840 3849 3847
f 3842 3853 4015
f 3842 4015 4016
f 3842 4016 4017
f 3842 4017 3843
f 3843 4017 3845
f 3843 3845 3844
f 3845 4017 3846
f 3846 4018 3856
f 3846 4017 4018
f 3848 4019 3852
f 3848 3851 4019
f 3849 4014 3850
f 3850 4014 4020
f 3850 4020 4021
f 3850 4021 3851
f 3851 4021 4022
f 3851 4022 4023
f 3851 4023 4024
f 3851 4024 4025
f 3851 4025 4019
f 3852 4015 3853
f 3852 4019 4015
f 3854 3856 4018
f 3854 4018 3855
f 3855 4018 4026
f 3855 4026 4027
f 3855 4027 4028
f 3855 4028 4029
f 3855 4029 3857
f 3857 4029 3858
f 3858 4029 4030
f 3858 4030 3994
f 3859 3995 3860
f 3860 3995 3861
f 3861 3995 3994
f 3861 3994 4028
f 3861 4028 4031
f 3861 4031 4032
f 3861 4032 3862
f 3862 4032 4033
f 3862 4033 3863
f 3863 4033 4034
f 3863 4034 3864
f 3867 3870 3871
f 3868 4035 3869
f 3869 4035 4036
f 3869 4036 3870
f 3870 4037 4038
f 3870 4038 4039
f 3870 4039 4040
f 3870 4040 3874
f 3870 4036 4037
f 3872 3875 3873
f 3872 3874 3875
f 3874 4040 4041
f 3874 4041 4042
f 3874 4042 3875
f 3875 4042 3876
f 3876 3878 3877
f 3876 4042 4043
f 3876 4043 4044
f 3876 4044 4045
f 3876 4045 4046
f 3876 4046 4047
f 3876 4047 3878
f 3878 4047 4048
f 3878 4048 3882
f 3878 3882 3879
f 3880 3882 3881
f 3881 3882 4049
f 3881 4049 4050
f 3881 4050 4051
f 3881 4051 3883
f 3882 4048 4052
f 3882 4052 4053
f 3882 4053 4054
f 3882 4054 4050
f 3882 4050 4049
f 3883 4051 4055
f 3883 4055 4056
f 3883 4056 4057
f 3883 4057 3887
f 3883 3887 3886
f 3883 3886 3884
f 3887 4057 4058
f 3887 4058 4059
f 3887 4059 3893
f 3888 3894 4060
f 3888 4060 3896
f 3888 3896 3895
f 3889 4061 3890
f 3889 3893 4061
f 3890 4061 4062
f 3890 4062 4063
f 3890 4063 4064
f 3890 4064 4065
f 3890 4065 4066
f 3890 4066 4067
f 3890 4067 4068
f 3890 4068 3891
f 3891 4068 3894
f 3891 3894 3892
f 3893 4059 4061
f 3894 4068 4067
f 3894 4067 3896
f 3894 3896 4060
f 3896 4067 4069
f 3896 4069 4070
f 3896 4070 4071
f 3896 4071 4072
f 3896 4072 4073
f 3896 4073 4074
f 3896 4074 3897
f 3897 4075 3898
f 3897 4074 4076
f 3897 4076 4075
f 3898 4077 3899
f 3898 4075 4077
f 3899 4077 4078
f 3899 4078 3900
f 3900 4078 4079
f 3900 4079 3901
f 3901 4080 4081
f 3901 4081 4082
f 3901 4082 4083
f 3901 4083 3902
f 3901 4079 4084
f 3901 4084 4085
f 3901 4085 4086
f 3901 4086 4087
f 3901 4087 4088
f 3901 4088 4089
f 3901 4089 4090
f 3901 4090 4080
f 3902 4091 3903
f 3902 4083 4082
f 3902 4082 4091
f 3903 4091 3907
f 3903 3907 3904
f 3907 4091 3908
f 3908 4091 4092
f 3908 4092 4093
f 3908 4093 4094
f 3908 4094 4095
f 3908 4095 4096
f 3908 4096 4097
f 3908 4097 4098
f 3908 4098 4099
f 3908 4099 3916
f 3908 3916 3909
f 3909 4100 3910
f 3909 3916 4100
f 3910 4100 3911
f 3911 4100 3916
f 3911 3916 3912
f 3914 3920 3919
f 3914 3919 4101
f 3914 4101 3932
f 3914 3932 3931
f 3914 3931 3927
f 3914 3927 3926
f 3914 3926 3915
f 3916 4099 4102
f 3916 4102 4103
f 3916 4103 4104
f 3916 4104 3917
f 3917 4104 3918
f 3918 4104 4105
f 3918 4105 4106
f 3918 4106 4107
f 3918 4107 3919
f 3919 4107 4101
f 3921 3940 4108
f 3921 4108 3922
f 3922 4108 4109
f 3922 4109 3923
f 3923 4109 4110
f 3925 4110 4111
f 3925 4111 3941
f 3928 4112 3929
f 3928 3938 4112
f 3929 4112 4113
f 3929 4113 4114
f 3929 4114 4109
f 3929 4109 3930
f 3930 4109 3940
f 3930 3940 3939
f 3932 4101 4115
f 3932 4115 3933
f 3933 4115 3934
f 3934 4115 3935
f 3935 4116 4289
f 3935 4289 4117
f 3935 4117 4118
f 3935 4118 3936
f 3935 4115 4116
f 3936 4118 4119
f 3936 4119 4120
f 3936 4120 3937
f 3937 4120 4121
f 3937 4121 3938
f 3938 4121 4122
f 3938 4122 4112
f 3940 4109 4108
f 3941 4111 4123
f 3941 4123 3943
f 3941 3943 3942
f 3943 4123 4124
f 3943 4124 4125
f 3943 4125 3944
f 3944 4125 3945
f 3945 4125 4126
f 3945 4126 4127
f 3945 4127 4128
f 3945 4128 3948
f 3947 3948 3950
f 3948 4128 4129
f 3948 4129 4130
f 3948 4130 4131
f 3948 4131 4132
f 3948 4132 4133
f 3948 4133 3949
f 3948 3949 3950
f 3951 3957 4134
f 3951 4134 4135
f 3951 4135 4136
f 3951 4136 3952
f 3952 4136 4137
f 3952 4137 3953
f 3953 4137 4138
f 3953 4138 3958
f 3955 4139 3956
f 3956 4139 4140
f 3956 4140 3957
f 3957 4140 4141
f 3957 4141 4142
f 3957 4142 4134
f 3958 4138 3959
f 3959 4138 3960
f 3960 4138 3961
f 3961 3963 3962
f 3961 4138 4143
f 3961 4143 4144
f 3961 4144 3966
f 3961 3966 3963
f 3964 3966 4145
f 3964 4145 4146
f 3964 4146 3965
f 3965 4146 4147
f 3965 4147 3967
f 3966 4144 4148
f 3966 4148 4149
f 3966 4149 4145
f 3967 4147 3968
f 3968 4150 3970
f 3968 4147 4151
f 3968 4151 4150
f 3969 3970 4152
f 3969 4152 3971
f 3970 4150 4153
f 3970 4153 4152
f 3971 4152 3972
f 3972 4152 4154
f 3972 4154 3981
f 3973 3987 3974
f 3974 3987 3986
f 3974 3986 4155
f 3974 4155 4156
f 3974 4156 4157
f 3974 4157 4158
f 3974 4158 4159
f 3974 4159 3976
f 3974 3976 3975
f 3976 4159 3978
f 3976 3978 3977
f 3978 4159 4160
f 3978 4160 4158
f 3978 4158 4161
f 3978 4161 4162
f 3978 4162 4163
f 3978 4163 4164
f 3978 4164 4165
f 3978 4165 4166
f 3978 4166 4167
f 3978 4167 4168
f 3978 4168 3979
f 3979 4168 3980
f 3980 4168 3989
f 3981 4154 3982
f 3982 4154 4169
f 3982 4169 4170
f 3982 4170 4171
f 3982 4171 3983
f 3982 3983 3985
f 3983 4171 4172
f 3983 4172 3984
f 3984 4173 4155
f 3984 4155 3986
f 3984 4172 4173
f 3989 4168 4167
f 3989 4167 4174
f 3989 4174 4175
f 3989 4175 3990
f 3990 4175 3991
f 3991 4175 4176
f 3991 4176 4177
f 3991 4177 4178
f 3991 4178 4179
f 3991 4179 4180
f 3991 4180 3997
f 3991 3997 3996
f 3994 4030 4028
f 3997 4180 3998
f 3998 4180 4181
f 3998 4181 4000
f 4000 4181 4182
f 4000 4182 4001
f 4001 4183 4007
f 4001 4182 4184
f 4001 4184 4185
f 4001 4185 4186
f 4001 4186 4183
f 4003 4187 4188
f 4003 4188 4189
f 4003 4189 4004
f 4003 4008 4190
f 4003 4190 4191
f 4003 4191 4187
f 4004 4192 4005
f 4004 4189 4192
f 4005 4193 4006
f 4005 4192 4193
f 4006 4193 4009
f 4007 4183 4008
f 4008 4194 4195
f 4008 4195 4196
f 4008 4196 4197
f 4008 4197 4198
f 4008 4198 4199
f 4008 4199 4200
f 4008 4200 4201
f 4008 4201 4190
f 4008 4183 4202
f 4008 4202 4194
f 4009 4193 4010
f 4010 4193 4203
f 4010 4203 4204
f 4010 4204 4205
f 4010 4205 4011
f 4011 4205 4012
f 4012 4205 4013
f 4013 4205 4014
f 4014 4205 4206
f 4014 4206 4020
f 4015 4019 4025
f 4015 4025 4207
f 4015 4207 4208
f 4015 4208 4016
f 4016 4208 4209
f 4016 4209 4210
f 4016 4210 4017
f 4017 4210 4211
f 4017 4211 4212
f 4017 4212 4018
f 4018 4212 4026
f 4020 4206 4213
f 4020 4213 4022
f 4020 4022 4021
f 4022 4213 4214
f 4022 4214 4215
f 4022 4215 4216
f 4022 4216 4217
f 4022 4217 4023
f 4023 4218 4219
f 4023 4219 4024
f 4023 4217 4220
f 4023 4220 4218
f 4024 4219 4025
f 4025 4219 4221
f 4025 4221 4222
f 4025 4222 4207
f 4026 4212 4223
f 4026 4223 4027
f 4027 4224 4225
f 4027 4225 4031
f 4027 4031 4028
f 4027 4223 4226
f 4027 4226 4227
f 4027 4227 4224
f 4028 4030 4029
f 4031 4225 4033
f 4031 4033 4032
f 4033 4228 4034
f 4033 4225 4229
f 4033 4229 4230
f 4033 4230 4228
f 4035 4037 4036
f 4037 4231 4038
f 4038 4231 4232
f 4038 4232 4233
f 4038 4233 4039
f 4039 4233 4234
f 4039 4234 4235
f 4039 4235 4040
f 4040 4235 4236
f 4040 4236 4041
f 4041 4043 4042
f 4041 4236 4043
f 4043 4236 4237
f 4043 4237 4238
f 4043 4238 4044
f 4044 4238 4053
f 4044 4053 4045
f 4045 4052 4046
f 4045 4053 4052
f 4046 4052 4047
f 4047 4052 4048
f 4050 4054 4239
f 4050 4239 4240
f 4050 4240 4055
f 4050 4055 4051
f 4053 4238 4237
f 4053 4237 4241
f 4053 4241 4054
f 4054 4241 4242
f 4054 4242 4243
f 4054 4243 4239
f 4055 4240 4244
f 4055 4244 4245
f 4055 4245 4056
f 4056 4245 4246
f 4056 4246 4058
f 4056 4058 4057
f 4058 4246 4247
f 4058 4247 4059
f 4059 4247 4061
f 4061 4247 4248
f 4061 4248 4249
f 4061 4249 4062
f 4062 4249 4063
f 4063 4249 4250
f 4063 4250 4251
f 4063 4251 4064
f 4064 4252 4253
f 4064 4253 4065
f 4064 4251 4254
f 4064 4254 4255
f 4064 4255 4256
f 4064 4256 4257
f 4064 4257 4252
f 4065 4067 4066
f 4065 4253 4067
f 4067 4253 4069
f 4069 4253 4258
f 4069 4258 4070
f 4070 4258 4259
f 4070 4259 4071
f 4071 4260 4072
f 4071 4259 4258
f 4071 4258 4261
f 4071 4261 4262
f 4071 4262 4260
f 4072 4260 4073
f 4073 4260 4262
f 4073 4262 4200
f 4073 4200 4263
f 4073 4263 4264
f 4073 4264 4085
f 4073 4085 4265
f 4073 4265 4074
f 4074 4265 4076
f 4075 4076 4077
f 4076 4265 4266
f 4076 4266 4077
f 4077 4266 4078
f 4078 4266 4085
f 4078 4085 4079
f 4079 4085 4084
f 4080 4267 4268
f 4080 4268 4093
f 4080 4093 4081
f 4080 4090 4269
f 4080 4269 4267
f 4081 4093 4270
f 4081 4270 4091
f 4081 4091 4082
f 4085 4266 4265
f 4085 4264 4087
f 4085 4087 4086
f 4087 4264 4271
f 4087 4271 4272
f 4087 4272 4088
f 4088 4272 4273
f 4088 4273 4274
f 4088 4274 4089
f 4089 4275 4269
f 4089 4269 4090
f 4089 4274 4275
f 4091 4270 4093
f 4091 4093 4092
f 4093 4268 4094
f 4094 4268 4276
f 4094 4276 4277
f 4094 4277 4278
f 4094 4278 4095
f 4095 4278 4279
f 4095 4279 4280
f 4095 4280 4281
f 4095 4281 4096
f 4096 4281 4097
f 4097 4281 4282
f 4097 4282 4098
f 4098 4282 4283
f 4098 4283 4284
f 4098 4284 4285
f 4098 4285 4099
f 4099 4285 4102
f 4101 4107 4106
f 4101 4106 4115
f 4102 4285 4284
f 4102 4284 4286
f 4102 4286 4287
f 4102 4287 4103
f 4103 4287 4105
f 4103 4105 4288
f 4103 4288 4104
f 4104 4288 4105
f 4105 4289 4106
f 4105 4287 4290
f 4105 4290 4289
f 4106 4289 4115
f 4109 4111 4110
f 4109 4114 4291
f 4109 4291 4111
f 4111 4291 4123
f 4112 4122 4113
f 4113 4122 4114
f 4114 4292 4293
f 4114 4293 4124
f 4114 4124 4291
f 4114 4122 4294
f 4114 4294 4295
f 4114 4295 4296
f 4114 4296 4297
f 4114 4297 4292
f 4115 4289 4116
f 4117 4289 4298
f 4117 4298 4118
f 4118 4298 4299
f 4118 4299 4119
f 4119 4299 4300
f 4119 4300 4301
f 4119 4301 4302
f 4119 4302 4303
f 4119 4303 4120
f 4120 4303 4304
f 4120 4304 4305
f 4120 4305 4121
f 4121 4305 4306
f 4121 4306 4307
f 4121 4307 4122
f 4122 4307 4308
f 4122 4308 4309
f 4122 4309 4294
f 4123 4291 4124
f 4124 4293 4126
f 4124 4126 4125
f 4126 4293 4127
f 4127 4297 4310
f 4127 4310 4311
f 4127 4311 4312
f 4127 4312 4313
f 4127 4313 4314
f 4127 4314 4315
f 4127 4315 4316
f 4127 4316 4317
f 4127 4317 4129
f 4127 4129 4128
f 4127 4293 4318
f 4127 4318 4297
f 4129 4317 4130
f 4130 4317 4319
f 4130 4319 4320
f 4130 4320 4131
f 4131 4320 4321
f 4131 4321 4322
f 4131 4322 4132
f 4134 4142 4135
f 4135 4323 4324
f 4135 4324 4325
f 4135 4325 4136
f 4135 4142 4326
f 4135 4326 4327
f 4135 4327 4328
f 4135 4328 4329
f 4135 4329 4323
f 4136 4325 4324
f 4136 4324 4137
f 4137 4324 4330
f 4137 4330 4331
f 4137 4331 4332
f 4137 4332 4138
f 4138 4332 4331
f 4138 4331 4333
f 4138 4333 4143
f 4139 4334 4140
f 4140 4334 4141
f 4141 4334 4335
f 4141 4335 4336
f 4141 4336 4337
f 4141 4337 4338
f 4141 4338 4142
f 4142 4338 4326
f 4143 4333 4339
f 4143 4339 4340
f 4143 4340 4341
f 4143 4341 4342
f 4143 4342 4343
f 4143 4343 4149
f 4143 4149 4148
f 4143 4148 4144
f 4145 4149 4146
f 4146 4149 4343
f 4146 4343 4151
f 4146 4151 4147
f 4150 4151 4344
f 4150 4344 4153
f 4151 4343 4345
f 4151 4345 4346
f 4151 4346 4347
f 4151 4347 4344
f 4152 4153 4154
f 4153 4344 4169
f 4153 4169 4154
f 4155 4172 4348
f 4155 4348 4349
f 4155 4349 4350
f 4155 4350 4351
f 4155 4351 4352
f 4155 4352 4156
f 4155 4173 4172
f 4156 4352 4157
f 4157 4352 4353
f 4157 4353 4354
f 4157 4354 4158
f 4158 4354 4161
f 4158 4160 4159
f 4161 4354 4355
f 4161 4355 4356
f 4161 4356 4162
f 4162 4356 4163
f 4163 4165 4164
f 4163 4356 4355
f 4163 4355 4354
f 4163 4354 4357
f 4163 4357 4358
f 4163 4358 4359
f 4163 4359 4165
f 4165 4359 4178
f 4165 4178 4360
f 4165 4360 4177
f 4165 4177 4166
f 4166 4177 4176
f 4166 4176 4167
f 4167 4175 4174
f 4167 4176 4175
f 4169 4344 4361
f 4169 4361 4362
f 4169 4362 4170
f 4170 4362 4363
f 4170 4363 4171
f 4171 4363 4364
f 4171 4364 4348
f 4171 4348 4172
f 4177 4360 4178
f 4178 4359 4365
f 4178 4365 4179
f 4179 4365 4366
f 4179 4366 4180
f 4180 4366 4365
f 4180 4365 4367
f 4180 4367 4182
f 4180 4182 4181
f 4182 4368 4369
f 4182 4369 4274
f 4182 4274 4184
f 4182 4367 4368
f 4183 4186 4194
f 4183 4194 4202
f 4184 4186 4185
f 4184 4274 4186
f 4186 4274 4377
f 4186 4377 4194
f 4187 4370 4189
f 4187 4189 4188
f 4187 4191 4371
f 4187 4371 4372
f 4187 4372 4370
f 4189 4370 4193
f 4189 4193 4192
f 4190 4201 4373
f 4190 4373 4191
f 4191 4373 4371
f 4193 4370 4374
f 4193 4374 4375
f 4193 4375 4376
f 4193 4376 4203
f 4194 4377 4273
f 4194 4273 4195
f 4195 4273 4378
f 4195 4378 4196
f 4196 4378 4198
f 4196 4198 4197
f 4198 4378 4271
f 4198 4271 4263
f 4198 4263 4199
f 4199 4263 4200
f 4200 4262 4379
f 4200 4379 4380
f 4200 4380 4201
f 4201 4380 4381
f 4201 4381 4373
f 4203 4376 4204
f 4204 4376 4382
f 4204 4382 4205
f 4205 4382 4206
f 4206 4382 4213
f 4207 4222 4383
f 4207 4383 4208
f 4208 4384 4209
f 4208 4383 4385
f 4208 4385 4384
f 4209 4386 4387
f 4209 4387 4212
f 4209 4212 4210
f 4209 4384 4386
f 4210 4212 4211
f 4212 4387 4388
f 4212 4388 4223
f 4213 4382 4389
f 4213 4389 4214
f 4214 4389 4390
f 4214 4390 4391
f 4214 4391 4215
f 4215 4391 4392
f 4215 4392 4393
f 4215 4393 4394
f 4215 4394 4216
f 4216 4394 4395
f 4216 4395 4217
f 4217 4395 4396
f 4217 4396 4220
f 4218 4222 4219
f 4218 4220 4222
f 4219 4222 4221
f 4220 4396 4397
f 4220 4397 4383
f 4220 4383 4222
f 4223 4388 4398
f 4223 4398 4399
f 4223 4399 4400
f 4223 4400 4226
f 4224 4401 4402
f 4224 4402 4225
f 4224 4227 4401
f 4225 4402 4229
f 4226 4400 4403
f 4226 4403 4227
f 4227 4403 4404
f 4227 4404 4405
f 4227 4405 4406
f 4227 4406 4407
f 4227 4407 4401
f 4229 4402 4407
f 4229 4407 4230
f 4230 4407 4408
f 4232 4409 4410
f 4232 4410 4411
f 4232 4411 4233
f 4233 4411 4410
f 4233 4410 4234
f 4234 4410 4235
f 4235 4412 4413
f 4235 4413 4414
f 4235 4414 4237
f 4235 4237 4236
f 4235 4410 4415
f 4235 4415 4412
f 4237 4414 4416
f 4237 4416 4242
f 4237 4242 4241
f 4239 4243 4417
f 4239 4417 4244
f 4239 4244 4240
f 4242 4416 4418
f 4242 4418 4419
f 4242 4419 4243
f 4243 4419 4417
f 4244 4417 4420
f 4244 4420 4247
f 4244 4247 4246
f 4244 4246 4245
f 4247 4420 4421
f 4247 4421 4422
f 4247 4422 4423
f 4247 4423 4248
f 4248 4423 4249
f 4249 4423 4424
f 4249 4424 4250
f 4250 4425 4251
f 4250 4424 4425
f 4251 4425 4254
f 4252 4257 4253
f 4253 4257 4426
f 4253 4426 4258
f 4254 4425 4424
f 4254 4424 4427
f 4254 4427 4428
f 4254 4428 4429
f 4254 4429 4255
f 4255 4429 4430
f 4255 4430 4431
f 4255 4431 4432
f 4255 4432 4256
f 4256 4432 4431
f 4256 4431 4257
f 4257 4433 4426
f 4257 4431 4434
f 4257 4434 4433
f 4258 4426 4433
f 4258 4433 4435
f 4258 4435 4261
f 4261 4435 4262
f 4262 4435 4436
f 4262 4436 4379
f 4263 4271 4264
f 4267 4269 4276
f 4267 4276 4268
f 4269 4275 4437
f 4269 4437 4276
f 4271 4378 4272
f 4272 4378 4273
f 4273 4377 4274
f 4274 4369 4438
f 4274 4438 4439
f 4274 4439 4275
f 4275 4440 4441
f 4275 4441 4437
f 4275 4439 4440
f 4276 4437 4441
f 4276 4441 4277
f 4277 4441 4442
f 4277 4442 4443
f 4277 4443 4444
f 4277 4444 4445
f 4277 4445 4446
f 4277 4446 4279
f 4277 4279 4278
f 4279 4447 4448
f 4279 4448 4449
f 4279 4449 4281
f 4279 4281 4450
f 4279 4450 4280
f 4279 4446 4447
f 4280 4450 4281
f 4281 4449 4282
f 4282 4449 4448
f 4282 4448 4451
f 4282 4451 4452
f 4282 4452 4453
f 4282 4453 4454
f 4282 4454 4455
f 4282 4455 4456
f 4282 4456 4457
f 4282 4457 4458
f 4282 4458 4283
f 4283 4458 4284
f 4284 4458 4459
f 4284 4459 4460
f 4284 4460 4286
f 4286 4290 4287
f 4286 4460 4290
f 4289 4290 4298
f 4290 4460 4459
f 4290 4459 4461
f 4290 4461 4462
f 4290 4462 4463
f 4290 4463 4300
f 4290 4300 4298
f 4292 4297 4293
f 4293 4297 4318
f 4294 4309 4295
f 4295 4464 4296
f 4295 4309 4308
f 4295 4308 4465
f 4295 4465 4466
f 4295 4466 4467
f 4295 4467 4468
f 4295 4468 4464
f 4296 4464 4297
f 4297 4464 4310
f 4298 4300 4299
f 4300 4463 4462
f 4300 4462 4301
f 4301 4462 4302
f 4302 4462 4469
f 4302 4469 4470
f 4302 4470 4471
f 4302 4471 4303
f 4303 4471 4304
f 4304 4472 4473
f 4304 4473 4308
f 4304 4308 4305
f 4304 4471 4474
f 4304 4474 4475
f 4304 4475 4476
f 4304 4476 4472
f 4305 4308 4306
f 4306 4308 4307
f 4308 4473 4472
f 4308 4472 4477
f 4308 4477 4466
f 4308 4466 4465
f 4310 4464 4478
f 4310 4478 4312
f 4310 4312 4311
f 4312 4479 4480
f 4312 4480 4313
f 4312 4478 4479
f 4313 4480 4481
f 4313 4481 4482
f 4313 4482 4483
f 4313 4483 4314
f 4314 4484 4485
f 4314 4485 4486
f 4314 4486 4315
f 4314 4483 4487
f 4314 4487 4488
f 4314 4488 4489
f 4314 4489 4484
f 4315 4486 4316
f 4316 4486 4490
f 4316 4490 4317
f 4317 4490 4319
f 4319 4490 4491
f 4319 4491 4320
f 4320 4491 4486
f 4320 4486 4492
f 4320 4492 4493
f 4323 4329 4324
f 4324 4329 4494
f 4324 4494 4330
f 4326 4338 4495
f 4326 4495 4496
f 4326 4496 4497
f 4326 4497 4327
f 4327 4497 4498
f 4327 4498 4499
f 4327 4499 4500
f 4327 4500 4328
f 4328 4500 4329
f 4329 4500 4501
f 4329 4501 4502
f 4329 4502 4503
f 4329 4503 4504
f 4329 4504 4494
f 4330 4494 4505
f 4330 4505 4333
f 4330 4333 4331
f 4333 4505 4339
f 4334 4506 4335
f 4335 4506 4507
f 4335 4507 4337
f 4335 4337 4336
f 4337 4495 4338
f 4337 4507 4508
f 4337 4508 4509
f 4337 4509 4510
f 4337 4510 4495
f 4339 4505 4511
f 4339 4511 4512
f 4339 4512 4340
f 4340 4512 4513
f 4340 4513 4514
f 4340 4514 4341
f 4341 4515 4342
f 4341 4514 4516
f 4341 4516 4515
f 4342 4345 4343
f 4342 4515 4345
f 4344 4347 4361
f 4345 4515 4517
f 4345 4517 4346
f 4346 4517 4347
f 4347 4517 4518
f 4347 4518 4519
f 4347 4519 4361
f 4348 4364 4349
f 4349 4520 4350
f 4349 4364 4363
f 4349 4363 4521
f 4349 4521 4522
f 4349 4522 4520
f 4350 4520 4351
f 4351 4520 4523
f 4351 4523 4524
f 4351 4524 4352
f 4352 4524 4525
f 4352 4525 4353
f 4353 4525 4354
f 4354 4525 4526
f 4354 4526 4527
f 4354 4527 4357
f 4357 4528 4529
f 4357 4529 4358
f 4357 4527 4530
f 4357 4530 4531
f 4357 4531 4532
f 4357 4532 4533
f 4357 4533 4528
f 4358 4529 4359
f 4359 4529 4365
f 4361 4519 4363
f 4361 4363 4362
f 4363 4519 4521
f 4365 4529 4367
f 4367 4529 4534
f 4367 4534 4535
f 4367 4535 4368
f 4368 4535 4536
f 4368 4536 4537
f 4368 4537 4369
f 4369 4537 4438
f 4370 4372 4538
f 4370 4538 4374
f 4371 4373 4381
f 4371 4381 4372
f 4372 4381 4539
f 4372 4539 4540
f 4372 4540 4538
f 4374 4538 4375
f 4375 4540 4541
f 4375 4541 4542
f 4375 4542 4433
f 4375 4433 4543
f 4375 4543 4434
f 4375 4434 4391
f 4375 4391 4390
f 4375 4390 4389
f 4375 4389 4382
f 4375 4382 4376
f 4375 4538 4540
f 4379 4544 4545
f 4379 4545 4380
f 4379 4436 4544
f 4380 4545 4546
f 4380 4546 4539
f 4380 4539 4381
f 4383 4397 4385
f 4384 4399 4398
f 4384 4398 4386
f 4384 4385 4399
f 4385 4397 4547
f 4385 4547 4548
f 4385 4548 4549
f 4385 4549 4550
f 4385 4550 4399
f 4386 4398 4388
f 4386 4388 4387
f 4391 4434 4392
f 4392 4434 4551
f 4392 4551 4552
f 4392 4552 4553
f 4392 4553 4393
f 4393 4553 4394
f 4394 4553 4554
f 4394 4554 4395
f 4395 4555 4396
f 4395 4554 4556
f 4395 4556 4557
f 4395 4557 4558
f 4395 4558 4555
f 4396 4555 4397
f 4397 4555 4547
f 4399 4550 4559
f 4399 4559 4560
f 4399 4560 4400
f 4400 4560 4403
f 4401 4407 4402
f 4403 4561 4562
f 4403 4562 4563
f 4403 4563 4564
f 4403 4564 4405
f 4403 4405 4404
f 4403 4560 4559
f 4403 4559 4565
f 4403 4565 4561
f 4405 4564 4566
f 4405 4566 4407
f 4405 4407 4406
f 4407 4566 4564
f 4407 4564 4567
f 4407 4567 4568
f 4407 4568 4408
f 4409 4569 4410
f 4410 4569 4570
f 4410 4570 4571
f 4410 4571 4415
f 4412 4415 4572
f 4412 4572 4413
f 4413 4572 4573
f 4413 4573 4574
f 4413 4574 4575
f 4413 4575 4414
f 4414 4575 4416
f 4415 4571 4576
f 4415 4576 4572
f 4416 4575 4574
f 4416 4574 4577
f 4416 4577 4578
f 4416 4578 4579
f 4416 4579 4580
f 4416 4580 4418
f 4417 4419 4581
f 4417 4581 4582
f 4417 4582 4420
f 4418 4580 4419
f 4419 4583 4584
f 4419 4584 4585
f 4419 4585 4582
f 4419 4582 4581
f 4419 4580 4579
f 4419 4579 4586
f 4419 4586 4587
f 4419 4587 4588
f 4419 4588 4583
f 4420 4582 4421
f 4421 4582 4585
f 4421 4585 4589
f 4421 4589 4422
f 4422 4589 4590
f 4422 4590 4428
f 4422 4428 4423
f 4423 4428 4427
f 4423 4427 4424
f 4428 4590 4591
f 4428 4591 4592
f 4428 4592 4429
f 4429 4592 4593
f 4429 4593 4430
f 4430 4593 4592
f 4430 4592 4594
f 4430 4594 4551
f 4430 4551 4431
f 4431 4551 4434
f 4433 4595 4596
f 4433 4596 4544
f 4433 4544 4597
f 4433 4597 4435
f 4433 4434 4543
f 4433 4542 4541
f 4433 4541 4598
f 4433 4598 4595
f 4435 4597 4436
f 4436 4597 4544
f 4438 4599 4439
f 4438 4537 4599
f 4439 4599 4440
f 4440 4599 4441
f 4441 4599 4442
f 4442 4599 4537
f 4442 4537 4600
f 4442 4600 4601
f 4442 4601 4443
f 4443 4601 4602
f 4443 4602 4444
f 4444 4603 4604
f 4444 4604 4446
f 4444 4446 4445
f 4444 4602 4605
f 4444 4605 4606
f 4444 4606 4607
f 4444 4607 4603
f 4446 4604 4603
f 4446 4603 4608
f 4446 4608 4448
f 4446 4448 4447
f 4448 4608 4451
f 4451 4608 4453
f 4451 4453 4452
f 4453 4608 4609
f 4453 4609 4610
f 4453 4610 4454
f 4454 4610 4611
f 4454 4611 4612
f 4454 4612 4613
f 4454 4613 4456
f 4454 4456 4455
f 4456 4614 4615
f 4456 4615 4616
f 4456 4616 4458
f 4456 4458 4457
f 4456 4613 4617
f 4456 4617 4614
f 4458 4616 4459
f 4459 4616 4462
f 4459 4462 4461
f 4462 4616 4615
f 4462 4615 4614
f 4462 4614 4618
f 4462 4618 4469
f 4464 4468 4478
f 4466 4477 4619
f 4466 4619 4467
f 4467 4619 4620
f 4467 4620 4480
f 4467 4480 4479
f 4467 4479 4468
f 4468 4479 4478
f 4469 4618 4621
f 4469 4621 4470
f 4470 4621 4471
f 4471 4621 4614
f 4471 4614 4622
f 4471 4622 4623
f 4471 4623 4624
f 4471 4624 4625
f 4471 4625 4626
f 4471 4626 4475
f 4471 4475 4474
f 4472 4476 4477
f 4475 4477 4476
f 4475 4626 4627
f 4475 4627 4628
f 4475 4628 4629
f 4475 4629 4477
f 4477 4630 4631
f 4477 4631 4632
f 4477 4632 4633
f 4477 4633 4619
f 4477 4629 4634
f 4477 4634 4635
f 4477 4635 4630
f 4480 4620 4636
f 4480 4636 4481
f 4481 4636 4637
f 4481 4637 4482
f 4482 4637 4483
f 4483 4637 4638
f 4483 4638 4639
f 4483 4639 4640
f 4483 4640 4641
f 4483 4641 4488
f 4483 4488 4487
f 4484 4489 4485
f 4485 4642 4643
f 4485 4643 4644
f 4485 4644 4486
f 4485 4489 4642
f 4486 4644 4492
f 4486 4491 4490
f 4488 4645 4489
f 4488 4641 4645
f 4489 4645 4646
f 4489 4646 4647
f 4489 4647 4642
f 4492 4644 4493
f 4494 4648 4649
f 4494 4649 4505
f 4494 4504 4648
f 4495 4510 4650
f 4495 4650 4496
f 4496 4650 4497
f 4497 4651 4498
f 4497 4650 4652
f 4497 4652 4653
f 4497 4653 4654
f 4497 4654 4655
f 4497 4655 4656
f 4497 4656 4657
f 4497 4657 4651
f 4498 4651 4499
f 4499 4651 4658
f 4499 4658 4500
f 4500 4658 4659
f 4500 4659 4501
f 4501 4659 4502
f 4502 4657 4660
f 4502 4660 4661
f 4502 4661 4662
f 4502 4662 4503
f 4502 4659 4657
f 4503 4662 4661
f 4503 4661 4663
f 4503 4663 4664
f 4503 4664 4665
f 4503 4665 4504
f 4504 4665 4648
f 4505 4649 4512
f 4505 4512 4511
f 4509 4666 4510
f 4510 4666 4667
f 4510 4667 4650
f 4512 4649 4648
f 4512 4648 4513
f 4513 4648 4665
f 4513 4665 4514
f 4514 4665 4668
f 4514 4668 4516
f 4515 4516 4517
f 4516 4668 4669
f 4516 4669 4517
f 4517 4669 4521
f 4517 4521 4518
f 4518 4521 4519
f 4520 4522 4670
f 4520 4670 4523
f 4521 4669 4671
f 4521 4671 4672
f 4521 4672 4673
f 4521 4673 4674
f 4521 4674 4675
f 4521 4675 4522
f 4522 4675 4670
f 4523 4670 4524
f 4524 4670 4676
f 4524 4676 4525
f 4525 4676 4677
f 4525 4677 4678
f 4525 4678 4526
f 4526 4678 4679
f 4526 4679 4527
f 4527 4679 4680
f 4527 4680 4531
f 4527 4531 4530
f 4528 4533 4529
f 4529 4533 4535
f 4529 4535 4534
f 4531 4680 4681
f 4531 4681 4532
f 4532 4682 4533
f 4532 4681 4683
f 4532 4683 4684
f 4532 4684 4606
f 4532 4606 4605
f 4532 4605 4682
f 4533 4682 4535
f 4535 4682 4685
f 4535 4685 4602
f 4535 4602 4601
f 4535 4601 4600
f 4535 4600 4536
f 4536 4600 4537
f 4539 4541 4540
f 4539 4546 4686
f 4539 4686 4541
f 4541 4686 4598
f 4544 4596 4545
f 4545 4596 4546
f 4546 4596 4598
f 4546 4598 4686
f 4547 4555 4687
f 4547 4687 4688
f 4547 4688 4549
f 4547 4549 4548
f 4549 4689 4559
f 4549 4559 4550
f 4549 4688 4689
f 4551 4594 4552
f 4552 4594 4690
f 4552 4690 4691
f 4552 4691 4556
f 4552 4556 4553
f 4553 4556 4554
f 4555 4558 4687
f 4556 4691 4557
f 4557 4691 4692
f 4557 4692 4558
f 4558 4692 4693
f 4558 4693 4687
f 4559 4689 4565
f 4561 4565 4562
f 4562 4565 4694
f 4562 4694 4695
f 4562 4695 4696
f 4563 4697 4564
f 4564 4697 4567
f 4565 4689 4698
f 4565 4698 4699
f 4565 4699 4700
f 4565 4700 4695
f 4565 4695 4694
f 4570 4576 4571
f 4570 4701 4702
f 4570 4702 4703
f 4570 4703 4576
f 4572 4576 4573
f 4573 4703 4704
f 4573 4704 4574
f 4573 4576 4703
f 4574 4704 4577
f 4577 4704 4578
f 4578 4704 4705
f 4578 4705 4706
f 4578 4706 4707
f 4578 4707 4586
f 4578 4586 4579
f 4583 4588 4708
f 4583 4708 4584
f 4584 4589 4585
f 4584 4708 4709
f 4584 4709 4710
f 4584 4710 4590
f 4584 4590 4589
f 4586 4707 4711
f 4586 4711 4587
f 4587 4711 4712
f 4587 4712 4713
f 4587 4713 4714
f 4587 4714 4588
f 4588 4714 4708
f 4590 4710 4715
f 4590 4715 4591
f 4591 4715 4592
f 4592 4715 4716
f 4592 4716 4717
f 4592 4717 4594
f 4594 4717 4690
f 4595 4598 4596
f 4602 4685 4682
f 4602 4682 4605
f 4603 4609 4608
f 4603 4607 4609
f 4606 4684 4607
f 4607 4684 4683
f 4607 4683 4609
f 4609 4683 4718
f 4609 4718 4719
f 4609 4719 4720
f 4609 4720 4610
f 4610 4720 4721
f 4610 4721 4722
f 4610 4722 4611
f 4611 4613 4612
f 4611 4722 4613
f 4613 4722 4723
f 4613 4723 4724
f 4613 4724 4725
f 4613 4725 4726
f 4613 4726 4727
f 4613 4727 4728
f 4613 4728 4729
f 4613 4729 4617
f 4614 4621 4618
f 4614 4617 4623
f 4614 4623 4622
f 4617 4729 4728
f 4617 4728 4623
f 4619 4633 4730
f 4619 4730 4620
f 4620 4730 4731
f 4620 4731 4636
f 4623 4728 4732
f 4623 4732 4733
f 4623 4733 4624
f 4624 4733 4625
f 4625 4733 4734
f 4625 4734 4735
f 4625 4735 4627
f 4625 4627 4626
f 4627 4735 4736
f 4627 4736 4628
f 4628 4736 4635
f 4628 4635 4634
f 4628 4634 4629
f 4630 4635 4631
f 4631 4635 4632
f 4632 4737 4738
f 4632 4738 4633
f 4632 4635 4736
f 4632 4736 4739
f 4632 4739 4740
f 4632 4740 4741
f 4632 4741 4742
f 4632 4742 4737
f 4633 4738 4737
f 4633 4737 4743
f 4633 4743 4730
f 4636 4731 4637
f 4637 4731 4730
f 4637 4730 4744
f 4637 4744 4745
f 4637 4745 4638
f 4638 4745 4744
f 4638 4744 4746
f 4638 4746 4747
f 4638 4747 4748
f 4638 4748 4749
f 4638 4749 4639
f 4639 4749 4641
f 4639 4641 4640
f 4642 4647 4646
f 4650 4667 4652
f 4651 4657 4659
f 4651 4659 4658
f 4652 4750 4751
f 4652 4751 4653
f 4652 4667 4750
f 4653 4751 4752
f 4653 4752 4753
f 4653 4753 4654
f 4654 4753 4754
f 4654 4754 4755
f 4654 4755 4656
f 4654 4656 4655
f 4656 4755 4657
f 4657 4755 4756
f 4657 4756 4757
f 4657 4757 4758
f 4657 4758 4660
f 4660 4759 4760
f 4660 4760 4661
f 4660 4758 4761
f 4660 4761 4759
f 4661 4760 4663
f 4663 4760 4665
f 4663 4665 4664
f 4665 4760 4762
f 4665 4762 4763
f 4665 4763 4764
f 4665 4764 4765
f 4665 4765 4669
f 4665 4669 4668
f 4666 4766 4667
f 4667 4766 4767
f 4667 4767 4768
f 4667 4768 4750
f 4669 4765 4671
f 4670 4675 4769
f 4670 4769 4676
f 4671 4765 4770
f 4671 4770 4672
f 4672 4771 4772
f 4672 4772 4773
f 4672 4773 4673
f 4672 4770 4771
f 4673 4773 4774
f 4673 4774 4775
f 4673 4775 4674
f 4674 4775 4675
f 4675 4775 4774
f 4675 4774 4772
f 4675 4772 4776
f 4675 4776 4777
f 4675 4777 4769
f 4676 4769 4778
f 4676 4778 4677
f 4677 4679 4678
f 4677 4778 4779
f 4677 4779 4780
f 4677 4780 4781
f 4677 4781 4782
f 4677 4782 4679
f 4679 4782 4680
f 4680 4783 4681
f 4680 4782 4783
f 4681 4783 4719
f 4681 4719 4683
f 4683 4719 4718
f 4687 4784 4688
f 4687 4693 4785
f 4687 4785 4786
f 4687 4786 4787
f 4687 4787 4784
f 4688 4784 4689
f 4689 4784 4788
f 4689 4788 4698
f 4690 4789 4691
f 4690 4717 4790
f 4690 4790 4789
f 4691 4789 4692
f 4692 4785 4693
f 4692 4789 4790
f 4692 4790 4791
f 4692 4791 4785
f 4695 4700 4792
f 4695 4792 4793
f 4695 4793 4696
f 4698 4794 4699
f 4698 4788 4784
f 4698 4784 4795
f 4698 4795 4796
f 4698 4796 4797
f 4698 4797 4798
f 4698 4798 4799
f 4698 4799 4800
f 4698 4800 4794
f 4699 4794 4800
f 4699 4800 4700
f 4700 4800 4792
f 4701 4801 4702
f 4702 4801 4802
f 4702 4802 4803
f 4702 4803 4804
f 4702 4804 4805
f 4702 4805 4703
f 4703 4805 4804
f 4703 4804 4704
f 4704 4804 4705
f 4705 4804 4806
f 4705 4806 4706
f 4706 4807 4808
f 4706 4808 4809
f 4706 4809 4712
f 4706 4712 4711
f 4706 4711 4707
f 4706 4806 4807
f 4708 4714 4810
f 4708 4810 4811
f 4708 4811 4717
f 4708 4717 4812
f 4708 4812 4716
f 4708 4716 4715
f 4708 4715 4710
f 4708 4710 4709
f 4712 4809 4713
f 4713 4809 4808
f 4713 4808 4813
f 4713 4813 4714
f 4714 4813 4810
f 4716 4812 4717
f 4717 4811 4790
f 4719 4783 4720
f 4720 4783 4721
f 4721 4814 4722
f 4721 4783 4723
f 4721 4723 4814
f 4722 4814 4723
f 4723 4783 4724
f 4724 4783 4815
f 4724 4815 4816
f 4724 4816 4817
f 4724 4817 4726
f 4724 4726 4725
f 4726 4818 4728
f 4726 4728 4727
f 4726 4817 4819
f 4726 4819 4820
f 4726 4820 4821
f 4726 4821 4822
f 4726 4822 4818
f 4728 4823 4732
f 4728 4818 4822
f 4728 4822 4824
f 4728 4824 4823
f 4730 4743 4744
f 4732 4823 4734
f 4732 4734 4733
f 4734 4823 4825
f 4734 4825 4826
f 4734 4826 4735
f 4735 4826 4736
f 4736 4826 4827
f 4736 4827 4828
f 4736 4828 4829
f 4736 4829 4739
f 4737 4742 4830
f 4737 4830 4831
f 4737 4831 4743
f 4739 4829 4740
f 4740 4829 4832
f 4740 4832 4833
f 4740 4833 4741
f 4741 4833 4834
f 4741 4834 4835
f 4741 4835 4830
f 4741 4830 4742
f 4743 4831 4746
f 4743 4746 4744
f 4746 4831 4747
f 4747 4836 4837
f 4747 4837 4838
f 4747 4838 4748
f 4747 4831 4830
f 4747 4830 4839
f 4747 4839 4757
f 4747 4757 4840
f 4747 4840 4841
f 4747 4841 4842
f 4747 4842 4753
f 4747 4753 4843
f 4747 4843 4844
f 4747 4844 4836
f 4748 4838 4845
f 4748 4845 4846
f 4750 4768 4847
f 4750 4847 4751
f 4751 4847 4848
f 4751 4848 4752
f 4752 4848 4753
f 4753 4848 4849
f 4753 4849 4843
f 4753 4842 4754
f 4754 4842 4756
f 4754 4756 4755
f 4756 4850 4757
f 4756 4842 4840
f 4756 4840 4850
f 4757 4839 4851
f 4757 4851 4830
f 4757 4830 4835
f 4757 4835 4852
f 4757 4852 4853
f 4757 4853 4854
f 4757 4854 4855
f 4757 4855 4758
f 4757 4850 4840
f 4758 4855 4856
f 4758 4856 4761
f 4759 4761 4857
f 4759 4857 4762
f 4759 4762 4760
f 4761 4856 4858
f 4761 4858 4859
f 4761 4859 4860
f 4761 4860 4762
f 4761 4762 4857
f 4762 4860 4763
f 4763 4860 4859
f 4763 4859 4771
f 4763 4771 4764
f 4764 4770 4765
f 4764 4771 4770
f 4768 4861 4847
f 4769 4777 4778
f 4771 4859 4862
f 4771 4862 4863
f 4771 4863 4772
f 4772 4774 4773
f 4772 4863 4864
f 4772 4864 4865
f 4772 4865 4776
f 4776 4865 4864
f 4776 4864 4866
f 4776 4866 4777
f 4777 4866 4867
f 4777 4867 4821
f 4777 4821 4778
f 4778 4821 4820
f 4778 4820 4819
f 4778 4819 4779
f 4779 4819 4816
f 4779 4816 4781
f 4779 4781 4780
f 4781 4816 4815
f 4781 4815 4783
f 4781 4783 4782
f 4784 4787 4795
f 4785 4868 4786
f 4785 4791 4790
f 4785 4790 4811
f 4785 4811 4869
f 4785 4869 4868
f 4786 4868 4795
f 4786 4795 4787
f 4792 4870 4871
f 4792 4871 4793
f 4792 4800 4870
f 4795 4868 4872
f 4795 4872 4796
f 4796 4872 4797
f 4797 4868 4873
f 4797 4873 4798
f 4797 4872 4868
f 4798 4873 4874
f 4798 4874 4875
f 4798 4875 4800
f 4798 4800 4799
f 4800 4875 4876
f 4800 4876 4877
f 4800 4877 4878
f 4800 4878 4879
f 4800 4879 4870
f 4802 4880 4881
f 4802 4881 4882
f 4802 4882 4803
f 4803 4882 4804
f 4804 4882 4807
f 4804 4807 4806
f 4807 4882 4883
f 4807 4883 4884
f 4807 4884 4808
f 4808 4884 4875
f 4808 4875 4885
f 4808 4885 4886
f 4808 4886 4813
f 4810 4813 4887
f 4810 4887 4888
f 4810 4888 4889
f 4810 4889 4811
f 4811 4889 4869
f 4813 4886 4887
f 4816 4819 4817
f 4821 4867 4822
f 4822 4825 4823
f 4822 4823 4824
f 4822 4867 4825
f 4825 4867 4890
f 4825 4890 4891
f 4825 4891 4826
f 4826 4891 4892
f 4826 4892 4827
f 4827 4892 4893
f 4827 4893 4828
f 4828 4894 4832
f 4828 4832 4829
f 4828 4893 4894
f 4830 4851 4839
f 4832 4894 4833
f 4833 4894 4893
f 4833 4893 4834
f 4834 4893 4853
f 4834 4853 4852
f 4834 4852 4835
f 4836 4895 4845
f 4836 4845 4838
f 4836 4838 4837
f 4836 4844 4896
f 4836 4896 4897
f 4836 4897 4895
f 4840 4842 4841
f 4843 4849 4844
f 4844 4849 4898
f 4844 4898 4896
f 4845 4895 4846
f 4847 4861 4899
f 4847 4899 4900
f 4847 4900 4898
f 4847 4898 4901
f 4847 4901 4848
f 4848 4901 4849
f 4849 4901 4898
f 4853 4902 4855
f 4853 4855 4854
f 4853 4893 4902
f 4855 4858 4856
f 4855 4902 4858
f 4858 4902 4903
f 4858 4903 4904
f 4858 4904 4905
f 4858 4905 4862
f 4858 4862 4859
f 4862 4905 4906
f 4862 4906 4907
f 4862 4907 4863
f 4863 4907 4864
f 4864 4907 4908
f 4864 4908 4866
f 4866 4909 4867
f 4866 4908 4906
f 4866 4906 4910
f 4866 4910 4911
f 4866 4911 4909
f 4867 4909 4890
f 4868 4869 4889
f 4868 4889 4873
f 4873 4889 4888
f 4873 4888 4887
f 4873 4887 4874
f 4874 4887 4875
f 4875 4884 4912
f 4875 4912 4876
f 4875 4887 4885
f 4876 4913 4914
f 4876 4914 4877
f 4876 4912 4913
f 4877 4914 4878
f 4878 4914 4915
f 4880 4916 4881
f 4881 4916 4913
f 4881 4913 4883
f 4881 4883 4882
f 4883 4913 4912
f 4883 4912 4884
f 4885 4887 4886
f 4890 4911 4891
f 4890 4909 4911
f 4891 4911 4910
f 4891 4910 4917
f 4891 4917 4892
f 4892 4917 4893
f 4893 4917 4904
f 4893 4904 4902
f 4896 4898 4918
f 4896 4918 4897
f 4898 4900 4919
f 4898 4919 4918
f 4902 4904 4903
f 4904 4906 4905
f 4904 4917 4906
f 4906 4917 4910
f 4906 4908 4907
f 4913 4915 4914

