# https://github.com/mikedh/trimesh
v -0.08287822 -0.07090932 0.30346611
v -0.08287822 0.09255689 0.26944175
v -0.08783904 0.09255689 0.27366376
v -0.12252340 0.09255689 0.29990637
v -0.12814565 0.09255689 0.30354890
v -0.13550420 0.09255689 0.30810204
v -0.13930748 0.09255689 0.31041998
v -0.14058903 0.09255689 0.31116503
v -0.14728613 0.09255689 0.31464198
v -0.15443797 0.09255689 0.31803614
v -0.08486255 -0.07090932 0.30437672
v -0.08287822 -0.07090932 -0.49531958
v -0.08287822 0.09255689 -0.48844847
v -0.15944013 0.09255689 0.32018852
v -0.15944013 0.00232726 0.33028823
v -0.15865466 -0.00498520 0.33070213
v -0.13550420 -0.07090932 0.32664570
v -0.08502790 -0.07090932 -0.49565071
v -0.11504084 0.09255689 -0.49705803
v -0.10503653 0.09255689 -0.49540234
v -0.09482551 0.09255689 -0.49300161
v -0.09308922 0.09255689 -0.49242210
v -0.08816975 0.09255689 -0.49076644
v -0.08337429 0.09255689 -0.48869681
v -0.16502105 0.09255689 0.32250649
v -0.16502105 -0.00498520 0.33318567
v -0.16502105 -0.01498582 0.33409628
v -0.15762116 -0.01498582 0.33111605
v -0.14162253 -0.07090932 0.32929480
v -0.08912058 -0.07090932 -0.49614739
v -0.09503222 -0.07090932 -0.49680969
v -0.12500380 0.09255689 -0.49805143
v -0.16746011 0.09255689 0.32341713
v -0.17502536 0.09255689 0.32606623
v -0.17502536 -0.00498520 0.33666262
v -0.18097833 -0.01498582 0.33972564
v -0.17502536 -0.01498582 0.33765602
v -0.14608727 -0.07090932 0.33103329
v -0.17936607 -0.02703458 0.34022233
v -0.16502105 -0.03498707 0.33558643
v -0.09912489 -0.07090932 -0.49714082
v -0.13500811 0.09255689 -0.49796867
v -0.10503653 -0.07090932 -0.49738917
v -0.10912919 -0.07090932 -0.49747196
v -0.17713371 0.09255689 0.32672849
v -0.18502966 0.02498468 0.33666262
v -0.19536470 0.02536870 0.33922893
v -0.18598050 -0.01498582 0.34096739
v -0.17866328 -0.03498707 0.34047070
v -0.15501674 -0.07090932 0.33409628
v -0.18407884 -0.02421840 0.34113297
v -0.18502966 -0.03498707 0.34196082
v -0.14257336 0.09255689 -0.49772030
v -0.11909217 -0.07090932 -0.49714082
v -0.18536039 0.09255689 0.32888088
v -0.18502966 0.03498530 0.33550364
v -0.19503397 0.03498530 0.33806995
v -0.20206180 0.03498530 0.33956006
v -0.20892426 0.04188173 0.34022233
v -0.20049086 0.02896892 0.33989120
v -0.19503397 -0.01498582 0.34278864
v -0.19503397 -0.02498645 0.34353369
v -0.18502966 -0.04498770 0.34229195
v -0.17800185 -0.04498770 0.34063625
v -0.16502105 -0.07090932 0.33732489
v -0.19503397 -0.03498707 0.34403041
v -0.14501242 0.09255689 -0.49763751
v -0.12909648 -0.07090932 -0.49672690
v -0.18813017 0.09255689 0.32954317
v -0.19168542 0.09255689 0.33037099
v -0.19466192 0.09255689 0.33103329
v -0.21181807 0.04855415 0.33980840
v -0.21500126 0.03498530 0.34154689
v -0.20503828 -0.02498645 0.34535497
v -0.20706394 0.03498530 0.34055346
v -0.19685295 0.09255689 0.33144721
v -0.20503828 0.09255689 0.33285454
v -0.20503828 -0.03498707 0.34593445
v -0.19503397 -0.04498770 0.34427875
v -0.19503397 -0.05498833 0.34436154
v -0.18502966 -0.05498833 0.34229195
v -0.17767113 -0.05498833 0.34063625
v -0.17246227 -0.06498896 0.33939448
v -0.17246227 -0.07090932 0.33939448
v -0.15501674 0.09255689 -0.49672690
v -0.14501242 0.08498843 -0.49755475
v -0.15501674 0.00501543 -0.49598184
v -0.13500811 -0.07090932 -0.49606463
v -0.15501674 -0.00498520 -0.49573350
v -0.21512528 0.05461853 0.33931172
v -0.21851516 0.05105031 0.34013954
v -0.22500557 0.04498593 0.34138131
v -0.22500557 0.03498530 0.34229195
v -0.21500126 -0.02498645 0.34651393
v -0.20747736 0.09255689 0.33310288
v -0.21500126 0.06498718 0.33782160
v -0.21500126 -0.03498707 0.34692785
v -0.20503828 -0.04498770 0.34601724
v -0.19503397 -0.06498896 0.34411320
v -0.18502966 -0.07090932 0.34204358
v -0.20503828 -0.05498833 0.34593445
v -0.17543876 -0.07090932 0.34005678
v -0.17746443 -0.06498896 0.34055346
v -0.16502105 0.07498780 -0.49515399
v -0.17502536 0.07498780 -0.49349830
v -0.16502105 0.09255689 -0.49498844
v -0.16502105 0.00501543 -0.49482286
v -0.16502105 0.01498405 -0.49490565
v -0.16502105 0.02498468 -0.49498844
v -0.16502105 0.06498718 -0.49515399
v -0.13910079 -0.07090932 -0.49556792
v -0.23000772 0.06001087 0.33997399
v -0.22599773 0.05461853 0.34030512
v -0.23500988 0.04498593 0.34204358
v -0.23500988 0.03498530 0.34295422
v -0.22500557 0.02498468 0.34311977
v -0.22500557 -0.02498645 0.34701064
v -0.21500126 0.09255689 0.33384794
v -0.22500557 -0.03498707 0.34734178
v -0.21500126 -0.04498770 0.34701064
v -0.19503397 -0.07090932 0.34394762
v -0.21500126 -0.05498833 0.34667951
v -0.20503828 -0.06498896 0.34543774
v -0.18502966 0.06498718 -0.49134591
v -0.18581513 0.07421975 -0.49101478
v -0.17502536 0.08498843 -0.49324995
v -0.17502536 0.06498718 -0.49349830
v -0.17258629 0.09255689 -0.49349830
v -0.16502105 -0.00498520 -0.49449173
v -0.17502536 -0.00498520 -0.49283603
v -0.17502536 0.00501543 -0.49308440
v -0.17502536 0.01498405 -0.49316716
v -0.17502536 0.02498468 -0.49324995
v -0.14910510 -0.07090932 -0.49391222
v -0.16502105 -0.02498645 -0.49366388
v -0.22500557 0.09255689 0.33451021
v -0.22744463 0.09255689 0.33459300
v -0.23500988 0.06501918 0.33922893
v -0.23500988 0.06002687 0.33997399
v -0.23500988 0.05498655 0.34071904
v -0.21748167 0.09255689 0.33401352
v -0.24009472 0.06001087 0.33997399
v -0.24501419 0.04498593 0.34179524
v -0.24501419 0.03498530 0.34278864
v -0.24501419 0.02498468 0.34361649
v -0.23500988 -0.02498645 0.34734178
v -0.23500988 -0.03498707 0.34767291
v -0.22500557 -0.04498770 0.34742457
v -0.22500557 -0.05498833 0.34717622
v -0.20503828 -0.07090932 0.34502381
v -0.22500557 -0.06498896 0.34667951
v -0.21500126 -0.06498896 0.34610003
v -0.18502966 0.05498655 -0.49134591
v -0.19019718 0.05498655 -0.49002138
v -0.19011450 0.06498718 -0.49002138
v -0.18420286 0.08498843 -0.49109757
v -0.19007316 0.07037951 -0.48993859
v -0.18970111 0.07703593 -0.48985580
v -0.17502536 0.09255689 -0.49300161
v -0.17502536 -0.01498582 -0.49250489
v -0.18341741 -0.00498520 -0.49101478
v -0.18399617 0.00501543 -0.49109757
v -0.18465760 0.02498468 -0.49118036
v -0.15501674 -0.07090932 -0.49283603
v -0.17502536 -0.02498645 -0.49200818
v -0.23500988 0.09255689 0.33459300
v -0.23500988 0.07498780 0.33757323
v -0.24406336 0.06399512 0.33914614
v -0.24675047 0.05895480 0.33980840
v -0.24406336 0.05537058 0.34047070
v -0.24501419 0.09255689 0.33426186
v -0.25501850 0.04498593 0.34105018
v -0.25501850 0.03498530 0.34212637
v -0.25501850 0.05196236 0.34022233
v -0.25501850 0.02498468 0.34303701
v -0.25501850 0.01498405 0.34378207
v -0.25501850 -0.01498582 0.34593445
v -0.24501419 -0.02498645 0.34717622
v -0.23500988 -0.04498770 0.34759015
v -0.24501419 -0.03498707 0.34725899
v -0.23500988 -0.05498833 0.34717622
v -0.21500126 -0.07090932 0.34568611
v -0.23500988 -0.06498896 0.34651393
v -0.22500557 -0.07090932 0.34610003
v -0.22091290 -0.07090932 0.34593445
v -0.19015583 0.04765809 -0.49002138
v -0.19519934 0.05498655 -0.48853126
v -0.19511665 0.06498718 -0.48853126
v -0.19404182 0.07421975 -0.48869681
v -0.18920502 0.08498843 -0.48969024
v -0.18358275 0.09255689 -0.49093199
v -0.18135040 0.09255689 -0.49151149
v -0.19503397 0.08498843 -0.48803455
v -0.18168113 -0.02498645 -0.49051806
v -0.18263194 -0.01498582 -0.49076644
v -0.18841955 -0.00498520 -0.48944187
v -0.18895698 0.00501543 -0.48969024
v -0.18937038 0.01498405 -0.48977301
v -0.18965976 0.02498468 -0.48985580
v -0.15923342 -0.07090932 -0.49200818
v -0.17572814 -0.03532309 -0.49109757
v -0.24501419 0.07498780 0.33724210
v -0.25501850 0.06498718 0.33823550
v -0.25501850 0.05695467 0.33947727
v -0.24745326 0.09255689 0.33401352
v -0.25501850 0.07498780 0.33649704
v -0.26022735 0.05031426 0.33997399
v -0.26502281 0.02498468 0.34196082
v -0.26502281 0.01498405 0.34295422
v -0.26502281 0.00501543 0.34369928
v -0.26502281 -0.00498520 0.34444433
v -0.25501850 -0.02498645 0.34643117
v -0.24501419 -0.04498770 0.34701064
v -0.25501850 -0.03498707 0.34643117
v -0.24501419 -0.05498833 0.34643117
v -0.24501419 -0.06498896 0.34560332
v -0.24501419 -0.07090932 0.34502381
v -0.23500988 -0.07090932 0.34585166
v -0.19412449 0.04460190 -0.48877960
v -0.20503828 0.04498593 -0.48546824
v -0.20503828 0.05498655 -0.48555103
v -0.20503828 0.06498718 -0.48546824
v -0.20503828 0.07498780 -0.48521987
v -0.19358706 0.09255689 -0.48811734
v -0.20503828 0.08498843 -0.48480597
v -0.19503397 0.09255689 -0.48770341
v -0.18077163 -0.03221890 -0.49018693
v -0.18449225 -0.03532309 -0.48869681
v -0.18668327 -0.02498645 -0.48886240
v -0.18763410 -0.01498582 -0.48919353
v -0.19503397 -0.00498520 -0.48720670
v -0.19503397 0.00501543 -0.48762062
v -0.20503828 0.01498405 -0.48455760
v -0.20503828 0.02498468 -0.48488873
v -0.19503397 0.01498405 -0.48795176
v -0.16415291 -0.07090932 -0.49093199
v -0.25501850 0.09255689 0.33318567
v -0.26502281 0.07498780 0.33484134
v -0.26502281 0.06498718 0.33666262
v -0.26183963 0.04498593 0.34030512
v -0.27502713 0.06498718 0.33442745
v -0.26684177 0.04498593 0.33922893
v -0.26890877 0.03820150 0.33972564
v -0.26535353 0.03492130 0.34080184
v -0.27246404 0.02498468 0.34055346
v -0.27502713 -0.00498520 0.34278864
v -0.27552319 0.01477604 0.34096739
v -0.27502713 0.00501543 0.34196082
v -0.26502281 -0.01498582 0.34494105
v -0.26502281 -0.02498645 0.34510660
v -0.25501850 -0.04498770 0.34601724
v -0.26502281 -0.03498707 0.34502381
v -0.25501850 -0.05498833 0.34543774
v -0.25501850 -0.06498896 0.34452713
v -0.25501850 -0.07090932 0.34378207
v -0.21475321 0.04498593 -0.48190850
v -0.21483590 0.05498655 -0.48199129
v -0.21471187 0.06498718 -0.48190850
v -0.21446383 0.07498780 -0.48174295
v -0.20503828 0.09255689 -0.48447481
v -0.17068464 -0.07090932 -0.48911074
v -0.17953143 -0.03889132 -0.48985580
v -0.18502966 -0.05498833 -0.48646164
v -0.19503397 -0.03498707 -0.48521987
v -0.19503397 -0.02498645 -0.48604771
v -0.20503828 -0.00498520 -0.48356420
v -0.21380240 0.02498468 -0.48157737
v -0.21438116 0.03498530 -0.48174295
v -0.25745755 0.09255689 0.33277175
v -0.26514682 0.09255689 0.33144721
v -0.27047971 0.09255689 0.33045378
v -0.27130651 0.09255689 0.33028823
v -0.27502713 0.07498780 0.33277175
v -0.27081043 0.03152908 0.34013954
v -0.28503144 0.03498530 0.33591756
v -0.28503144 0.02498468 0.33732489
v -0.27448970 0.03492130 0.33873221
v -0.28263369 0.07498780 0.33086771
v -0.27746618 0.02498468 0.33931172
v -0.27916113 0.01797624 0.33972564
v -0.27502713 -0.01498582 0.34311977
v -0.28176555 0.00501543 0.34038791
v -0.28350183 -0.00498520 0.34080184
v -0.28966153 -0.01498582 0.33989120
v -0.28060803 0.01130382 0.34005678
v -0.27502713 -0.02498645 0.34311977
v -0.26502281 -0.04498770 0.34452713
v -0.27502713 -0.03498707 0.34303701
v -0.26502281 -0.05498833 0.34386486
v -0.26502281 -0.06498896 0.34278864
v -0.26527086 -0.07090932 0.34179524
v -0.21975538 0.04498593 -0.47983891
v -0.22500557 0.05498655 -0.47768652
v -0.22500557 0.06498718 -0.47760373
v -0.21971403 0.06498718 -0.47983891
v -0.21946600 0.07498780 -0.47975612
v -0.21388507 0.08498843 -0.48149458
v -0.21334764 0.09255689 -0.48132902
v -0.17911804 -0.07090932 -0.48654443
v -0.18502966 -0.07090932 -0.48464039
v -0.19503397 -0.04498770 -0.48414367
v -0.20392209 -0.03498707 -0.48174295
v -0.20582375 -0.02501845 -0.48182574
v -0.20503828 -0.01498582 -0.48290193
v -0.21094993 -0.01498582 -0.48041838
v -0.21173540 -0.00498520 -0.48074952
v -0.21235549 0.00501543 -0.48108065
v -0.21880454 0.02498468 -0.47942498
v -0.21938330 0.03498530 -0.47967333
v -0.28085607 0.08130820 0.33020544
v -0.27614331 0.09255689 0.32912925
v -0.27825165 0.08796461 0.32954317
v -0.28561020 0.06506718 0.33144721
v -0.29073638 0.06178698 0.33020544
v -0.29499438 0.02498468 0.33401352
v -0.28436998 0.01477604 0.33873221
v -0.29499438 0.01498405 0.33542085
v -0.28676772 0.00501543 0.33914614
v -0.28453535 0.08478041 0.32830140
v -0.28763586 0.07498780 0.32912925
v -0.28937215 0.06844339 0.32970873
v -0.28850400 -0.00498520 0.33956006
v -0.29499438 -0.01498582 0.33815274
v -0.28966153 -0.02498645 0.33989120
v -0.27502713 -0.04498770 0.34245750
v -0.28308845 -0.04498770 0.34063625
v -0.28920677 -0.03498707 0.33980840
v -0.27502713 -0.05498833 0.34162965
v -0.28002927 -0.06004464 0.33997399
v -0.27833432 -0.06670105 0.33964285
v -0.27068642 -0.07090932 0.34063625
v -0.22500557 0.04498593 -0.47760373
v -0.23500988 0.05498655 -0.47321615
v -0.22500557 0.07498780 -0.47743815
v -0.21888722 0.08498843 -0.47950777
v -0.22500557 0.09255689 -0.47652754
v -0.18912235 -0.07090932 -0.48315027
v -0.19503397 -0.05498833 -0.48298469
v -0.20255788 -0.04498770 -0.48116344
v -0.20892426 -0.03498707 -0.47942498
v -0.20970972 -0.02837866 -0.47983891
v -0.21595207 -0.01498582 -0.47801766
v -0.22500557 0.01498405 -0.47594804
v -0.22500557 0.02498468 -0.47661030
v -0.22500557 0.03498530 -0.47718981
v -0.28490740 0.09255689 0.32656291
v -0.29441562 0.06506718 0.32830140
v -0.29697871 0.05498655 0.32879812
v -0.30499870 0.06498718 0.32416219
v -0.30537078 0.01439201 0.33144721
v -0.29499438 0.00501543 0.33649704
v -0.31020758 0.01067978 0.33003986
v -0.30499870 0.00501543 0.33268896
v -0.29561451 0.09255689 0.32283762
v -0.29499438 0.08498843 0.32457611
v -0.29499438 0.07498780 0.32648015
v -0.29499438 -0.00498520 0.33740768
v -0.30499870 -0.01498582 0.33459300
v -0.30499870 -0.02498645 0.33484134
v -0.29499438 -0.02498645 0.33815274
v -0.28809059 -0.04498770 0.33947727
v -0.28110412 -0.05498833 0.34022233
v -0.29499438 -0.03498707 0.33790436
v -0.29499438 -0.04498770 0.33732489
v -0.28610626 -0.05498833 0.33898056
v -0.28403926 -0.06401289 0.33848387
v -0.28465936 -0.07090932 0.33732489
v -0.28172421 -0.07090932 0.33806995
v -0.27668071 -0.07090932 0.33931172
v -0.23500988 0.04498593 -0.47296780
v -0.24050811 0.04498593 -0.47023591
v -0.24075615 0.05498655 -0.47031870
v -0.24063213 0.06498718 -0.47031870
v -0.23500988 0.07498780 -0.47288501
v -0.22500557 0.08498843 -0.47694144
v -0.23583668 0.08463641 -0.47197440
v -0.23190936 0.09255689 -0.47329894
v -0.19387645 -0.07090932 -0.48132902
v -0.19553006 -0.06450891 -0.48157737
v -0.20032552 -0.06086069 -0.48008725
v -0.20421147 -0.06450891 -0.47785208
v -0.21500126 -0.05498833 -0.47404400
v -0.21500126 -0.03498707 -0.47652754
v -0.21421579 -0.02501845 -0.47793487
v -0.22500557 -0.01498582 -0.47354731
v -0.22500557 -0.00498520 -0.47437513
v -0.23352164 0.01498405 -0.47180882
v -0.23426576 0.02498468 -0.47213995
v -0.23583668 0.03533732 -0.47205716
v -0.30570149 0.07541983 0.32209256
v -0.31103438 0.07236364 0.32043689
v -0.31239858 0.06498718 0.32101637
v -0.30499870 -0.00498520 0.33368239
v -0.31591251 0.00501543 0.32821861
v -0.31091034 0.00501543 0.33037099
v -0.31901300 0.05498655 0.31952626
v -0.31413487 0.01439201 0.32772189
v -0.32579279 0.01538408 0.32225814
v -0.30144346 0.09255689 0.32060245
v -0.30317974 0.08498843 0.32134750
v -0.31339076 -0.01498582 0.33136442
v -0.31376281 -0.02498645 0.33152997
v -0.31314272 -0.03498707 0.33128163
v -0.30499870 -0.03498707 0.33434466
v -0.29499438 -0.05498833 0.33624870
v -0.30499870 -0.04498770 0.33376515
v -0.29499438 -0.06498896 0.33492413
v -0.29499438 -0.07090932 0.33401352
v -0.24017739 0.03892155 -0.47007036
v -0.24551027 0.04498593 -0.46758682
v -0.24575831 0.05498655 -0.46766961
v -0.24563429 0.06498718 -0.46766961
v -0.24542759 0.07498780 -0.46758682
v -0.24042544 0.07498780 -0.47015315
v -0.24017739 0.08106819 -0.47007036
v -0.23451379 0.09255689 -0.47205716
v -0.19631553 -0.07090932 -0.48033559
v -0.20470756 -0.07090932 -0.47661030
v -0.21454652 -0.07090932 -0.47197440
v -0.21582806 -0.06530897 -0.47222275
v -0.19858924 -0.07090932 -0.47934219
v -0.22058217 -0.06218878 -0.47031870
v -0.22153300 -0.05498833 -0.47081542
v -0.22281453 -0.04498770 -0.47147769
v -0.22393072 -0.03498707 -0.47205716
v -0.22579104 -0.02487444 -0.47213995
v -0.23029710 -0.02146623 -0.47015315
v -0.23091722 -0.01498582 -0.47048429
v -0.23182669 -0.00498520 -0.47098097
v -0.23926792 0.02498468 -0.46957365
v -0.31735942 0.06498718 0.31878120
v -0.30954611 0.07903606 0.31977463
v -0.31496167 0.08498843 0.31621489
v -0.32496598 0.07498780 0.31356579
v -0.32496598 0.06498718 0.31530425
v -0.31835157 -0.01498582 0.32929480
v -0.33075359 0.01231188 0.32035410
v -0.32496598 0.00501543 0.32399660
v -0.32455260 0.04576997 0.31836727
v -0.30582550 0.09255689 0.31869841
v -0.30818191 0.08498843 0.31919512
v -0.31876498 -0.02498645 0.32946038
v -0.31231591 -0.04498770 0.33095050
v -0.31814486 -0.03498707 0.32921201
v -0.30499870 -0.05498833 0.33268896
v -0.31111705 -0.05498833 0.33045378
v -0.31020758 -0.06062068 0.33003986
v -0.30528808 -0.06436491 0.33128163
v -0.30884334 -0.06727709 0.32954317
v -0.30334511 -0.07090932 0.33095050
v -0.24410471 0.03533732 -0.46766961
v -0.25398499 0.03498530 -0.46220586
v -0.25464642 0.04498593 -0.46253699
v -0.25485313 0.05498655 -0.46270254
v -0.25468779 0.06498718 -0.46261978
v -0.24410471 0.08463641 -0.46775240
v -0.25443974 0.07498780 -0.46253699
v -0.25390232 0.08498843 -0.46228862
v -0.23968130 0.08772460 -0.46982199
v -0.23835842 0.09255689 -0.47007036
v -0.21768837 -0.07090932 -0.47048429
v -0.21971403 -0.06886119 -0.46982199
v -0.24054945 -0.05199614 -0.46030182
v -0.23500988 -0.04498770 -0.46452379
v -0.22781670 -0.04498770 -0.46866301
v -0.22893289 -0.03498707 -0.46932530
v -0.23500988 -0.03498707 -0.46576557
v -0.24943759 -0.01498582 -0.45963952
v -0.25142190 0.00501543 -0.46079850
v -0.25237274 0.01498405 -0.46129522
v -0.24501419 0.01498405 -0.46551722
v -0.31496167 0.09255689 0.31464198
v -0.32269228 0.09255689 0.31108227
v -0.33273792 0.06498718 0.31149620
v -0.33104298 0.07498780 0.31058556
v -0.33497030 0.04498593 0.31348300
v -0.33170444 0.00501543 0.32076803
v -0.33670658 0.00501543 0.31836727
v -0.33765739 -0.00498520 0.31886399
v -0.32496598 -0.01498582 0.32598343
v -0.33914566 -0.02498645 0.31952626
v -0.32496598 -0.02498645 0.32648015
v -0.32719836 0.03498530 0.31869841
v -0.33497030 0.03498530 0.31497312
v -0.33443287 0.01538408 0.31811893
v -0.33877358 -0.03498707 0.31936070
v -0.31731805 -0.04498770 0.32879812
v -0.31611919 -0.05498833 0.32821861
v -0.30805787 -0.07090932 0.32921201
v -0.31173715 -0.07090932 0.32755634
v -0.25319952 0.02498468 -0.46179193
v -0.25898716 0.03498530 -0.45930839
v -0.25964859 0.04498593 -0.45972231
v -0.25985530 0.05498655 -0.45988789
v -0.24480748 0.09255689 -0.46667621
v -0.25944188 0.07498780 -0.45963952
v -0.25324088 0.09255689 -0.46195748
v -0.25092584 0.09255689 -0.46328205
v -0.25890446 0.08498843 -0.45922562
v -0.23930925 0.09255689 -0.46957365
v -0.21934196 -0.07090932 -0.46957365
v -0.23294288 -0.07090932 -0.46170914
v -0.24133492 -0.04498770 -0.46079850
v -0.23877183 -0.06498896 -0.45922562
v -0.23968130 -0.05866856 -0.45972231
v -0.24431141 -0.05519634 -0.45732158
v -0.24633707 -0.04498770 -0.45765272
v -0.24240977 -0.03498707 -0.46137801
v -0.24844542 -0.02498645 -0.45897725
v -0.26998362 0.01032776 -0.44995376
v -0.25737488 0.01498405 -0.45839778
v -0.32397383 0.09255689 0.31041998
v -0.33005083 0.08018813 0.31000605
v -0.34398246 0.05402649 0.30710861
v -0.34001380 0.05004224 0.31000605
v -0.34224617 0.03498530 0.31124783
v -0.34497461 0.06498718 0.30462509
v -0.33401948 0.08410837 0.30694306
v -0.33604515 0.07498780 0.30777088
v -0.34361038 0.02498468 0.31199288
v -0.34571874 0.01479204 0.31224126
v -0.34497461 0.00501543 0.31389692
v -0.34497461 -0.00498520 0.31489033
v -0.33848420 -0.01498582 0.31919512
v -0.34497461 -0.01498582 0.31563541
v -0.34497461 -0.02498645 0.31613210
v -0.34497461 -0.03498707 0.31563541
v -0.34497461 -0.04498770 0.31439364
v -0.33757472 -0.04498770 0.31878120
v -0.33145639 -0.05498833 0.32068524
v -0.32496598 -0.05498833 0.32391384
v -0.33058825 -0.06134072 0.32027131
v -0.31463096 -0.07090932 0.32614902
v -0.25820169 0.02498468 -0.45889446
v -0.26502281 0.03498530 -0.45550030
v -0.26502281 0.04498593 -0.45632815
v -0.27258804 0.05498655 -0.45160946
v -0.27246404 0.04498593 -0.45152667
v -0.27229866 0.06498718 -0.45152667
v -0.26502281 0.07498780 -0.45599702
v -0.26502281 0.08498843 -0.45525196
v -0.25824302 0.09255689 -0.45881170
v -0.23794502 -0.07090932 -0.45864612
v -0.24741191 -0.03498707 -0.45831499
v -0.24546893 -0.07090932 -0.45384464
v -0.24501419 -0.06498896 -0.45516917
v -0.25274479 -0.05498833 -0.45177501
v -0.25402632 -0.04498770 -0.45260286
v -0.25973126 -0.03873131 -0.44978821
v -0.26047540 -0.03205889 -0.45028490
v -0.25584531 -0.03522709 -0.45285121
v -0.27052104 0.01696817 -0.45028490
v -0.26502281 0.02498468 -0.45458969
v -0.26121950 -0.02498645 -0.45078161
v -0.26837134 -0.00498520 -0.44887757
v -0.27502713 -0.00498520 -0.44432443
v -0.27502713 0.00501543 -0.44573176
v -0.28160021 0.00501543 -0.44117865
v -0.27432433 0.01418400 -0.44738746
v -0.32748774 0.09255689 0.30859873
v -0.32864526 0.08686054 0.30926099
v -0.32856259 0.09255689 0.30801925
v -0.33476359 0.09255689 0.30462509
v -0.34576008 0.04498593 0.30760533
v -0.34724832 0.03498530 0.30843318
v -0.35138232 0.06498718 0.30089980
v -0.34551203 0.07477979 0.30238992
v -0.35043150 0.07130757 0.30023751
v -0.34141937 0.09255689 0.30081701
v -0.34861255 0.02498468 0.30917823
v -0.34952202 0.01799224 0.30967492
v -0.35026616 0.01131982 0.31017163
v -0.35092759 0.00501543 0.31050277
v -0.35175440 -0.00498520 0.31099948
v -0.35675654 -0.00498520 0.30801925
v -0.35216779 -0.01498582 0.31133062
v -0.35216779 -0.02498645 0.31149620
v -0.35175440 -0.03498707 0.31116503
v -0.35088626 -0.04498770 0.31058556
v -0.34576008 -0.05479631 0.31265515
v -0.33645853 -0.05498833 0.31811893
v -0.32847989 -0.07090932 0.31919512
v -0.32376713 -0.07090932 0.32159588
v -0.33435020 -0.06479694 0.31753942
v -0.33153906 -0.07090932 0.31762221
v -0.27109981 0.02498468 -0.45069882
v -0.27184394 0.03498530 -0.45111275
v -0.27759022 0.05498655 -0.44829810
v -0.27746618 0.04498593 -0.44821531
v -0.27200928 0.07498780 -0.45127833
v -0.27147186 0.08498843 -0.45094720
v -0.27085176 0.09255689 -0.45053327
v -0.25142190 -0.07090932 -0.44987097
v -0.25774693 -0.05498833 -0.44846365
v -0.25902849 -0.04498770 -0.44929150
v -0.27345619 -0.02498645 -0.44242039
v -0.27564722 -0.01413777 -0.44258597
v -0.27610195 0.02498468 -0.44730467
v -0.28246835 0.01498405 -0.44175813
v -0.28060803 -0.00498520 -0.44043356
v -0.29057100 -0.02266631 -0.43041667
v -0.29131514 -0.01498582 -0.43099618
v -0.29317543 0.00501543 -0.43240350
v -0.28747049 0.01498405 -0.43803284
v -0.35497892 0.03498530 0.30388004
v -0.35497892 0.02498468 0.30545294
v -0.35638449 0.06498718 0.29742286
v -0.36002243 0.04012162 0.29998916
v -0.34265956 0.09255689 0.30007195
v -0.34919131 0.07797998 0.29940969
v -0.35427612 0.07477979 0.29667780
v -0.35415211 0.01479204 0.30735698
v -0.35592973 0.00501543 0.30752254
v -0.36378437 0.00501543 0.30255547
v -0.36423910 -0.00498520 0.30296940
v -0.35712862 -0.01498582 0.30801925
v -0.36415642 -0.01498582 0.30305219
v -0.35716996 -0.02498645 0.30793646
v -0.36374301 -0.03498707 0.30272105
v -0.35675654 -0.03498707 0.30768812
v -0.36304024 -0.04498770 0.30222434
v -0.35588840 -0.04498770 0.30719140
v -0.35415211 -0.05479631 0.30710861
v -0.35022479 -0.05132410 0.31017163
v -0.34361038 -0.06498896 0.31224126
v -0.34960470 -0.05799652 0.30967492
v -0.34861255 -0.06498896 0.30909544
v -0.33472225 -0.07090932 0.31596655
v -0.34253556 -0.07090932 0.31157896
v -0.27684608 0.03498530 -0.44780138
v -0.28441131 0.04498593 -0.44324824
v -0.28445268 0.05498655 -0.44324824
v -0.28416330 0.06498718 -0.44308266
v -0.27701145 0.07498780 -0.44780138
v -0.28387392 0.03498530 -0.44283432
v -0.27647403 0.08498843 -0.44738746
v -0.27461371 0.09255689 -0.44780138
v -0.25522518 -0.07090932 -0.44730467
v -0.26357591 -0.06498896 -0.44258597
v -0.26572558 -0.05476431 -0.44291711
v -0.26502281 -0.04498770 -0.44506949
v -0.27109981 -0.04498770 -0.44076473
v -0.27845836 -0.02498645 -0.43886068
v -0.27936783 -0.01690594 -0.43952295
v -0.28317112 0.02498468 -0.44233760
v -0.28594092 -0.02559449 -0.43331411
v -0.28986824 -0.02933872 -0.42983720
v -0.29429162 -0.02559449 -0.42685696
v -0.30136079 -0.02498645 -0.42114484
v -0.29627594 -0.01498582 -0.42693973
v -0.29813623 0.00501543 -0.42851263
v -0.29400223 0.01498405 -0.43306577
v -0.28817329 0.02498468 -0.43861231
v -0.36064252 0.03498530 0.30040309
v -0.36171734 0.02498468 0.30114815
v -0.36275086 0.01498405 0.30189320
v -0.36337095 0.06498718 0.29237300
v -0.36940664 0.05805874 0.28955835
v -0.36564466 0.05484254 0.29295251
v -0.36560333 0.03498530 0.29692614
v -0.37130827 0.04498593 0.29096568
v -0.37271383 0.03498530 0.29187632
v -0.34642151 0.09255689 0.29750565
v -0.35373873 0.09255689 0.29245579
v -0.35936096 0.08830063 0.28955835
v -0.36175871 0.07498780 0.29121402
v -0.36878651 0.00501543 0.29907855
v -0.36924127 -0.00498520 0.29940969
v -0.36403242 -0.02498645 0.30296940
v -0.37498754 -0.00498520 0.29527047
v -0.38110587 -0.00498520 0.29080012
v -0.38102320 -0.01498582 0.29071733
v -0.36874518 -0.03498707 0.29907855
v -0.38019639 -0.04097145 0.29013783
v -0.36122128 -0.06498896 0.30089980
v -0.36055982 -0.07090932 0.30040309
v -0.35497892 -0.06498896 0.30503902
v -0.28941348 0.04498593 -0.43952295
v -0.28945482 0.05498655 -0.43952295
v -0.28379121 0.07498780 -0.44283432
v -0.28879339 0.07498780 -0.43902624
v -0.28887606 0.03498530 -0.43910903
v -0.27585393 0.09255689 -0.44689074
v -0.28321245 0.08498843 -0.44242039
v -0.25820169 -0.07090932 -0.44523507
v -0.26274911 -0.07090932 -0.44200647
v -0.26477477 -0.07090932 -0.44051635
v -0.26952887 -0.05794851 -0.43960574
v -0.28064936 -0.06225278 -0.43041667
v -0.28916544 -0.03498707 -0.42925769
v -0.29400223 -0.04498770 -0.42329723
v -0.29586256 -0.03546710 -0.42371115
v -0.30057532 -0.03244292 -0.42048258
v -0.30636293 -0.02498645 -0.41692284
v -0.30830592 -0.00498520 -0.41857854
v -0.30925673 0.00501543 -0.41940635
v -0.29896304 0.01498405 -0.42917490
v -0.29999655 0.02986498 -0.43000275
v -0.36671951 0.02498468 0.29767120
v -0.36837313 0.06498718 0.28873050
v -0.37548363 0.06420313 0.28301838
v -0.37631041 0.04498593 0.28699204
v -0.37771600 0.03498530 0.28815103
v -0.37879083 0.02498468 0.28906164
v -0.35857552 0.09255689 0.28897884
v -0.35965034 0.09255689 0.28815103
v -0.36676085 0.07498780 0.28748873
v -0.38007239 0.01064778 0.29005504
v -0.37498754 0.00501543 0.29452541
v -0.38056844 0.00501543 0.29038620
v -0.38610804 -0.00498520 0.28674367
v -0.38602537 -0.01498582 0.28674367
v -0.38040310 -0.03498707 0.29030341
v -0.38540524 -0.03498707 0.28624699
v -0.39131689 -0.03498707 0.28119713
v -0.39069679 -0.04498770 0.28061765
v -0.38412371 -0.04457167 0.28624699
v -0.37941092 -0.04762787 0.28955835
v -0.37238312 -0.06498896 0.29195908
v -0.37738526 -0.06498896 0.28790265
v -0.38350362 -0.06498896 0.28293559
v -0.37659979 -0.07090932 0.28732318
v -0.29499438 0.03498530 -0.43439034
v -0.29499438 0.04498593 -0.43521816
v -0.29499438 0.05498655 -0.43521816
v -0.30078202 0.05498655 -0.43066502
v -0.29594523 0.07540382 -0.43331411
v -0.29991388 0.07900405 -0.42991996
v -0.28821462 0.08498843 -0.43852955
v -0.28089741 0.09255689 -0.44316545
v -0.28255102 0.09255689 -0.44192371
v -0.27779689 -0.07090932 -0.43074781
v -0.27969855 -0.06890920 -0.42975441
v -0.27585393 -0.06534097 -0.43339691
v -0.28441131 -0.06534097 -0.42677417
v -0.28784254 -0.04498770 -0.42826429
v -0.29276204 -0.05498833 -0.42222103
v -0.29900438 -0.04498770 -0.41915801
v -0.30433726 -0.03546710 -0.41667449
v -0.31111705 -0.03498707 -0.41096237
v -0.31219190 -0.02498645 -0.41195577
v -0.31318405 -0.01498582 -0.41278362
v -0.31413487 -0.00498520 -0.41361147
v -0.31975713 0.00163922 -0.40972060
v -0.30979416 0.01138382 -0.41982028
v -0.30586684 0.01482404 -0.42346281
v -0.30032727 0.03498530 -0.43025112
v -0.37287921 0.07498780 0.28252169
v -0.37912154 0.06701930 0.27921030
v -0.38218072 0.04498593 0.28202498
v -0.38342091 0.03498530 0.28318396
v -0.38445443 0.02498468 0.28401181
v -0.38995266 0.01976835 0.27995536
v -0.38557062 0.00501543 0.28616419
v -0.36523128 0.09255689 0.28376344
v -0.36994404 0.09255689 0.27995536
v -0.39181298 -0.00498520 0.28169385
v -0.39189565 -0.01498582 0.28177661
v -0.39160627 -0.02498645 0.28152826
v -0.40210667 -0.01498582 0.27209085
v -0.39631903 -0.03498707 0.27639565
v -0.39569893 -0.04498770 0.27581614
v -0.40032905 -0.05143610 0.27026960
v -0.39015937 -0.05076406 0.28012094
v -0.38561195 -0.05446029 0.28318396
v -0.38850576 -0.06498896 0.27854803
v -0.38271815 -0.07090932 0.28227332
v -0.38023773 -0.07090932 0.28434294
v -0.30078202 0.04498593 -0.43066502
v -0.31136510 0.04498593 -0.42122763
v -0.30578417 0.05498655 -0.42619467
v -0.31107572 0.06498718 -0.42097926
v -0.31078634 0.07498780 -0.42064813
v -0.30408922 0.07540382 -0.42652580
v -0.29441562 0.08498843 -0.43356249
v -0.31041425 0.08247627 -0.42031699
v -0.29941779 0.08498843 -0.42950606
v -0.28755316 0.09255689 -0.43803284
v -0.27940917 -0.07090932 -0.42950606
v -0.28118679 -0.07090932 -0.42809871
v -0.28515545 -0.07090932 -0.42487013
v -0.29139781 -0.06498896 -0.42114484
v -0.29768151 -0.05498833 -0.41808182
v -0.30566016 -0.04481169 -0.41352868
v -0.31033158 -0.04135547 -0.41030011
v -0.32079065 -0.04285957 -0.40069711
v -0.32170013 -0.03498707 -0.40152496
v -0.32273361 -0.02498645 -0.40243557
v -0.31818622 -0.01498582 -0.40831327
v -0.31913704 -0.00498520 -0.40922388
v -0.32021189 0.00831163 -0.41021731
v -0.33005083 -0.00040891 -0.40003484
v -0.31413487 0.01482404 -0.41634336
v -0.31020758 0.01805624 -0.42015141
v -0.30532944 0.03498530 -0.42594633
v -0.37788135 0.07498780 0.27813411
v -0.38945657 0.06810737 0.26944175
v -0.39036608 0.06145095 0.27035239
v -0.38718289 0.04498593 0.27730626
v -0.38842309 0.03498530 0.27846524
v -0.38945657 0.02498468 0.27945867
v -0.39569893 0.02437664 0.27366376
v -0.40008098 0.02063240 0.27010405
v -0.39123422 0.00501543 0.28111434
v -0.37230045 0.09255689 0.27788576
v -0.39681512 -0.00498520 0.27697513
v -0.39689779 -0.01498582 0.27705792
v -0.40202397 -0.00498520 0.27200806
v -0.40710881 -0.01498582 0.26687545
v -0.40177596 -0.02498645 0.27175972
v -0.40140387 -0.03498707 0.27134579
v -0.40086645 -0.04498770 0.27084911
v -0.39950222 -0.05809252 0.26952454
v -0.41008532 -0.05042804 0.26008713
v -0.39363194 -0.06498896 0.27358097
v -0.38772029 -0.07090932 0.27780297
v -0.38569462 -0.07090932 0.27962422
v -0.31107572 0.03498530 -0.42089647
v -0.31636724 0.04498593 -0.41667449
v -0.31132376 0.05498655 -0.42122763
v -0.31607786 0.03498530 -0.41642612
v -0.32145208 0.06498718 -0.41137630
v -0.32116270 0.07498780 -0.41112792
v -0.31578848 0.07498780 -0.41609499
v -0.30983549 0.08914869 -0.41982028
v -0.30590820 0.08548446 -0.42379394
v -0.32058394 0.08498843 -0.41054845
v -0.31425890 0.08548446 -0.41634336
v -0.29867366 0.09255689 -0.42884377
v -0.29371285 0.09255689 -0.43298298
v -0.29110843 -0.07090932 -0.41998586
v -0.30227026 -0.06498896 -0.41195577
v -0.31690466 -0.07090932 -0.39713740
v -0.32227889 -0.07090932 -0.39217034
v -0.32446989 -0.04570774 -0.39655790
v -0.32670227 -0.03498707 -0.39688903
v -0.30727240 -0.06498896 -0.40748543
v -0.32368445 -0.01498582 -0.40334621
v -0.32868659 -0.01498582 -0.39871028
v -0.32943073 -0.00708133 -0.39945534
v -0.32562745 -0.00424915 -0.40342900
v -0.32058394 0.01498405 -0.41054845
v -0.33038154 0.00501543 -0.40036598
v -0.33373010 -0.01498582 -0.39374325
v -0.33476359 -0.00367312 -0.39473665
v -0.34001380 -0.00026490 -0.39001793
v -0.31057963 0.02498468 -0.42048258
v -0.37622774 0.08498843 0.27664399
v -0.38056844 0.09255689 0.27051795
v -0.38176733 0.08498843 0.27167693
v -0.38337958 0.07498780 0.27308428
v -0.38838175 0.07498780 0.26820001
v -0.39941955 0.09255689 0.24924240
v -0.39983296 0.08950071 0.24982187
v -0.39991564 0.05970684 0.25983879
v -0.40086645 0.05305043 0.26091498
v -0.40194130 0.04498593 0.26215675
v -0.39739388 0.04498593 0.26720658
v -0.39863408 0.03498530 0.26853114
v -0.39239174 0.04498593 0.27233922
v -0.39363194 0.03498530 0.27349818
v -0.39950222 0.02728882 0.26944175
v -0.40132120 0.00501543 0.27134579
v -0.39623636 0.00501543 0.27631286
v -0.40917581 0.02498468 0.25909373
v -0.40632334 0.00501543 0.26588205
v -0.37519425 0.09255689 0.27531946
v -0.40702614 -0.00498520 0.26670989
v -0.41153222 -0.00498520 0.26174283
v -0.41165623 -0.01498582 0.26182559
v -0.40640604 -0.03498707 0.26596484
v -0.40586862 -0.04498770 0.26546812
v -0.39863408 -0.06498896 0.26861390
v -0.40252006 -0.07090932 0.26281902
v -0.41037470 -0.04498770 0.26050106
v -0.41951084 -0.04498770 0.24940795
v -0.41864270 -0.05498833 0.24833176
v -0.39284647 -0.07090932 0.27283591
v -0.32178280 0.04498593 -0.41170743
v -0.32170013 0.05498655 -0.41162464
v -0.32153475 0.03498530 -0.41137630
v -0.32670227 0.05498655 -0.40682316
v -0.33186978 0.05498655 -0.40185609
v -0.32616484 0.07498780 -0.40624365
v -0.32008785 0.09050877 -0.41005173
v -0.31769013 0.09255689 -0.41187298
v -0.30942211 0.09255689 -0.41948915
v -0.32558608 0.08498843 -0.40566418
v -0.30140212 -0.07090932 -0.41121072
v -0.31392819 -0.07090932 -0.39986926
v -0.32918268 -0.05698845 -0.38919011
v -0.32550341 -0.05418828 -0.39341208
v -0.32728103 -0.07090932 -0.38728607
v -0.33075359 -0.04498770 -0.39076298
v -0.33186978 -0.03498707 -0.39183921
v -0.33277929 -0.02498645 -0.39283261
v -0.30640426 -0.07090932 -0.40674037
v -0.32604083 0.02498468 -0.40632644
v -0.32653692 0.03498530 -0.40674037
v -0.33091897 0.01498405 -0.40086269
v -0.33538371 0.00501543 -0.39531612
v -0.33687195 -0.03498707 -0.38678935
v -0.34030318 0.00501543 -0.39026630
v -0.33592111 0.01498405 -0.39581284
v -0.34261823 -0.02498645 -0.38273293
v -0.34352770 -0.00415315 -0.38563037
v -0.34939802 -0.00498520 -0.37933877
v -0.34985274 0.00120719 -0.37983549
v -0.38131258 0.09255689 0.26969013
v -0.38532257 0.09255689 0.26521975
v -0.39412802 0.09255689 0.25528565
v -0.41260704 0.09255689 0.23020202
v -0.43042463 0.03154509 0.23061591
v -0.41748518 0.03498530 0.24659330
v -0.41107747 0.04498593 0.25131199
v -0.40694344 0.04498593 0.25636184
v -0.41248304 0.03498530 0.25296769
v -0.40818366 0.03498530 0.25793475
v -0.40318149 0.03498530 0.26356408
v -0.41355789 0.02498468 0.25404388
v -0.41988289 0.00930369 0.24982187
v -0.41653436 -0.00498520 0.25611350
v -0.41665840 -0.01498582 0.25619626
v -0.42104045 -0.01498582 0.25122923
v -0.39784864 -0.07090932 0.26778609
v -0.40752220 -0.07090932 0.25677577
v -0.42335549 -0.04498770 0.24435812
v -0.42252868 -0.05498833 0.24336472
v -0.42132983 -0.06498896 0.24170902
v -0.32678497 0.04498593 -0.40698871
v -0.33203515 0.04498593 -0.40193889
v -0.33703730 0.04498593 -0.39688903
v -0.33687195 0.05498655 -0.39664069
v -0.33124968 0.07498780 -0.40119383
v -0.33013350 0.09062079 -0.40011764
v -0.32695031 0.09255689 -0.40284950
v -0.33062959 0.08498843 -0.40061432
v -0.33232453 -0.07090932 -0.38231900
v -0.34005514 -0.05020402 -0.38000104
v -0.34067523 -0.04498770 -0.38066331
v -0.33182845 0.03498530 -0.40169051
v -0.33637586 0.02498468 -0.39630955
v -0.34170875 -0.03498707 -0.38173950
v -0.34576008 0.01498405 -0.38554758
v -0.34762037 -0.02498645 -0.37735194
v -0.35125831 -0.03498707 -0.37139148
v -0.35299459 -0.01498582 -0.37337831
v -0.35799676 -0.01498582 -0.36774898
v -0.35882354 -0.00498520 -0.36865959
v -0.35018346 0.00787961 -0.38016662
v -0.36316425 -0.00498520 -0.36369252
v -0.35944366 0.00501543 -0.36940464
v -0.41653436 0.09255689 0.22448990
v -0.41715446 0.09255689 0.22357926
v -0.41980022 0.09255689 0.21960562
v -0.43650165 0.09255689 0.19435641
v -0.44001555 0.09012474 0.19005162
v -0.44047028 0.04164172 0.21066490
v -0.44133842 0.03498530 0.21207225
v -0.44993716 0.02970497 0.19990295
v -0.44224793 0.02498468 0.21356237
v -0.43505472 0.02498468 0.22498658
v -0.43092072 0.02498468 0.23136097
v -0.42736548 0.02498468 0.23632804
v -0.42236334 0.02498468 0.24311635
v -0.41856003 0.02498468 0.24816620
v -0.41938683 0.01498405 0.24924240
v -0.42314878 0.01498405 0.24419254
v -0.42815095 0.01498405 0.23732147
v -0.42331415 0.00557546 0.24584824
v -0.42037898 0.00263128 0.25040138
v -0.42091644 -0.00498520 0.25106364
v -0.42567053 -0.01498582 0.24493760
v -0.42476106 -0.02498645 0.24493760
v -0.42054436 -0.07090932 0.24063283
v -0.42922580 -0.02498645 0.23881158
v -0.42835766 -0.04498770 0.23748702
v -0.42753083 -0.05498833 0.23641083
v -0.42670405 -0.06463693 0.23417565
v -0.33683062 0.03498530 -0.39672348
v -0.34166741 0.03498530 -0.39175642
v -0.34179142 0.04498593 -0.39192197
v -0.35142368 0.04498593 -0.38157395
v -0.33625185 0.07498780 -0.39589563
v -0.34042719 0.08260427 -0.39051464
v -0.33984843 0.08927670 -0.38985237
v -0.33182845 0.09255689 -0.39779967
v -0.33435020 -0.07090932 -0.38024938
v -0.33811215 -0.06498896 -0.37801421
v -0.34203947 -0.07090932 -0.37221932
v -0.34981140 -0.04917996 -0.36973578
v -0.34642151 -0.04549973 -0.37437171
v -0.34671089 -0.03498707 -0.37635854
v -0.35138232 0.03498530 -0.38149115
v -0.35055554 -0.04250754 -0.37056363
v -0.36014643 -0.04093945 -0.36013281
v -0.36068386 -0.03498707 -0.36079508
v -0.36151066 -0.02498645 -0.36178848
v -0.36237881 -0.01498582 -0.36269912
v -0.35638449 0.03498530 -0.37586182
v -0.36035314 0.02498468 -0.37039807
v -0.36374301 0.00501543 -0.36435482
v -0.36816642 -0.00498520 -0.35773206
v -0.36341232 0.01530407 -0.36584494
v -0.43968484 0.09255689 0.18947214
v -0.44861430 0.09255689 0.17539880
v -0.44282669 0.04498593 0.20553228
v -0.44815958 0.04498593 0.19700551
v -0.44939977 0.03498530 0.19899231
v -0.45237625 0.03498530 0.19402528
v -0.45985883 0.03884154 0.17970359
v -0.45270699 0.02581673 0.19592932
v -0.45035058 0.02303255 0.20056522
v -0.44778749 0.01498405 0.20636013
v -0.44894502 -0.00498520 0.20826417
v -0.44485235 -0.00498520 0.21496969
v -0.44088370 -0.00498520 0.22142687
v -0.43774185 -0.00498520 0.22639394
v -0.43216091 0.00501543 0.23326501
v -0.43154085 0.01498405 0.23235440
v -0.42885372 0.00501543 0.23823208
v -0.42542249 -0.00498520 0.24493760
v -0.42959785 -0.01498582 0.23939106
v -0.42447168 -0.07090932 0.23500350
v -0.43257433 -0.02498645 0.23384452
v -0.43166485 -0.04498770 0.23251995
v -0.43980885 -0.04796388 0.21968839
v -0.43522012 -0.05498833 0.22498658
v -0.43025929 -0.06106870 0.23036757
v -0.42939115 -0.06774113 0.22912580
v -0.36076653 0.03498530 -0.37089476
v -0.37015074 0.03765747 -0.36021560
v -0.37015074 0.04204174 -0.36021560
v -0.35642582 0.04498593 -0.37586182
v -0.35105160 0.05498655 -0.38116002
v -0.34079927 0.07498780 -0.39092857
v -0.34997678 0.08004412 -0.38000104
v -0.33947638 0.09255689 -0.38943845
v -0.34939802 0.08671653 -0.37925598
v -0.34877789 0.09255689 -0.37859371
v -0.33732668 -0.07090932 -0.37718639
v -0.34704161 -0.07090932 -0.36675555
v -0.34778574 -0.06498896 -0.36758339
v -0.35361469 -0.05498833 -0.36394089
v -0.35948500 -0.04761186 -0.35938776
v -0.36874518 -0.04498770 -0.34837744
v -0.36622342 -0.03415502 -0.35400677
v -0.36738095 -0.01498582 -0.35673866
v -0.36990270 0.03098505 -0.35988447
v -0.36874518 0.00501543 -0.35839432
v -0.36919993 0.01498405 -0.35897383
v -0.37134960 -0.01498582 -0.35168880
v -0.37209374 -0.00498520 -0.35268223
v -0.45101202 0.09255689 0.17159073
v -0.45121872 0.04498593 0.19203845
v -0.46841621 0.05498655 0.15685512
v -0.46932572 0.04668203 0.15859360
v -0.46998715 0.04000961 0.16000092
v -0.45808119 0.02498468 0.18616077
v -0.45952809 0.08810863 0.15909030
v -0.46031356 0.08145221 0.16058041
v -0.46490231 0.07498780 0.15495108
v -0.45192152 -0.00498520 0.20329711
v -0.45138410 0.00501543 0.20230371
v -0.45440191 0.01498405 0.19493589
v -0.44911039 -0.01498582 0.20851251
v -0.44518307 -0.01498582 0.21496969
v -0.44104904 -0.01498582 0.22167522
v -0.43790722 -0.01498582 0.22672507
v -0.43273968 -0.00498520 0.23417565
v -0.42947382 -0.00498520 0.23914272
v -0.43290505 -0.01498582 0.23442400
v -0.42773753 -0.07090932 0.23028478
v -0.43757647 -0.02498645 0.22614557
v -0.43724579 -0.04476368 0.22407597
v -0.43927145 -0.05498833 0.21877778
v -0.44009823 -0.04129147 0.22010231
v -0.44448030 -0.02498645 0.21496969
v -0.44873834 -0.02498645 0.20785025
v -0.45167348 -0.02498645 0.20288318
v -0.45121872 -0.03498707 0.20205534
v -0.45072263 -0.04498770 0.20122752
v -0.45030925 -0.05199614 0.20056522
v -0.44216526 -0.05498833 0.21381071
v -0.43269837 -0.06463693 0.22540051
v -0.43046600 -0.07090932 0.22631115
v -0.38251144 0.03498530 -0.34341037
v -0.38247010 0.04498593 -0.34332761
v -0.36986136 0.04869816 -0.35980168
v -0.35981572 0.06797937 -0.36973578
v -0.36039448 0.05498655 -0.37039807
v -0.36076653 0.04498593 -0.37089476
v -0.35605377 0.05498655 -0.37544790
v -0.35944366 0.07498780 -0.36932185
v -0.36357766 0.07498780 -0.36435482
v -0.35874087 0.08498843 -0.36849403
v -0.35175440 0.09255689 -0.37503397
v -0.35158902 -0.07090932 -0.36170572
v -0.35365602 -0.07090932 -0.35938776
v -0.35861686 -0.05498833 -0.35831156
v -0.36266819 -0.05498833 -0.35334450
v -0.36767033 -0.05498833 -0.34697011
v -0.37155631 -0.05498833 -0.34200305
v -0.37263116 -0.04498770 -0.34332761
v -0.37283784 -0.03415502 -0.34556279
v -0.36944795 -0.03693920 -0.34928808
v -0.37002671 -0.03026678 -0.35003313
v -0.37048146 -0.02498645 -0.35061261
v -0.37258983 0.00501543 -0.35342729
v -0.37759197 0.00501543 -0.34688732
v -0.38139525 0.00501543 -0.34183747
v -0.37709588 -0.00498520 -0.34622505
v -0.37486351 -0.02498645 -0.34498328
v -0.37697187 -0.01552986 -0.34432101
v -0.38040310 -0.01253767 -0.34051293
v -0.45229357 0.09255689 0.16943833
v -0.45729572 0.08486041 0.16430570
v -0.46878827 0.07498780 0.14758328
v -0.46957374 0.06801137 0.14907339
v -0.47089663 0.05498655 0.15188806
v -0.46597713 -0.00498520 0.17498487
v -0.46188450 -0.00498520 0.18384281
v -0.45944542 -0.00498520 0.18880987
v -0.45857728 0.01498405 0.18715417
v -0.47416252 0.05498655 0.14493418
v -0.47589880 0.04498593 0.14493418
v -0.47908199 0.04498593 0.13748360
v -0.47684962 0.03498530 0.14493418
v -0.47420382 0.00501543 0.15495108
v -0.45502204 0.09255689 0.16480242
v -0.45613819 0.09255689 0.16289838
v -0.45890799 0.09255689 0.15801410
v -0.46155375 0.09255689 0.15312983
v -0.46713468 0.09255689 0.14269900
v -0.46978045 0.08903667 0.13947041
v -0.46229789 0.08486041 0.15544778
v -0.46796149 0.08542046 0.14452025
v -0.45634490 -0.00498520 0.19493589
v -0.45204553 -0.01498582 0.20354545
v -0.44071835 -0.02498645 0.22117853
v -0.43815523 -0.06498896 0.21687374
v -0.44977182 -0.05866856 0.19957182
v -0.45655161 -0.01498582 0.19493589
v -0.45580748 -0.02498645 0.19493589
v -0.45398852 -0.04498770 0.19493589
v -0.45225224 -0.05519634 0.19568095
v -0.43216091 -0.07090932 0.22374484
v -0.38751361 0.03498530 -0.33645651
v -0.38714153 0.02498468 -0.33604258
v -0.37829477 0.05498655 -0.34771517
v -0.38747227 0.04498593 -0.33637372
v -0.38110587 0.07498780 -0.34150633
v -0.37238312 0.07498780 -0.35317892
v -0.36907589 0.06498718 -0.35880825
v -0.36857980 0.07498780 -0.35814598
v -0.36287487 0.08498843 -0.36344418
v -0.36208943 0.09255689 -0.36253354
v -0.35799676 0.09255689 -0.36750060
v -0.35278788 0.09255689 -0.37379223
v -0.35696325 -0.07090932 -0.35541409
v -0.35733530 -0.06498896 -0.35682145
v -0.35874087 -0.07090932 -0.35326171
v -0.36068386 -0.07090932 -0.35086095
v -0.36705023 -0.06561299 -0.34448656
v -0.36965466 -0.07090932 -0.33951953
v -0.37713724 -0.05551636 -0.33446968
v -0.38056844 -0.05252417 -0.33082718
v -0.37763330 -0.04498770 -0.33678764
v -0.37936959 -0.02498645 -0.33910561
v -0.37986568 -0.01921009 -0.33976787
v -0.38089919 -0.00498520 -0.34117520
v -0.38544661 -0.00498520 -0.33496639
v -0.38705885 0.00499943 -0.33405575
v -0.38329691 -0.01552986 -0.33587700
v -0.38879514 -0.01498582 -0.32834363
v -0.47193015 0.06481117 0.14543089
v -0.46188450 -0.01498582 0.18392557
v -0.46907765 -0.00498520 0.16786543
v -0.46585315 -0.01498582 0.17498487
v -0.45948675 -0.01498582 0.18889263
v -0.47842053 0.05524257 0.13466893
v -0.47949538 0.03498530 0.13864258
v -0.48040485 0.05205837 0.13119198
v -0.48090094 0.04498593 0.13251653
v -0.47829652 0.01492005 0.14410634
v -0.47821385 0.00501543 0.14551367
v -0.46932572 0.09255689 0.13822865
v -0.47420382 0.09255689 0.12498316
v -0.47494796 0.09255689 0.12291355
v -0.47585744 0.08498843 0.12498316
v -0.43753517 -0.07090932 0.21521804
v -0.44501770 -0.06498896 0.20495281
v -0.44332278 -0.07090932 0.20520115
v -0.44026360 -0.07090932 0.21049935
v -0.44894502 -0.06498896 0.19808170
v -0.45783317 -0.05458830 0.18417394
v -0.45154947 -0.06498896 0.19303185
v -0.45911470 -0.02498645 0.18806478
v -0.45870131 -0.03498707 0.18707138
v -0.45824653 -0.04498770 0.18607798
v -0.39102751 0.03498530 -0.33148944
v -0.39011803 0.00832763 -0.33016488
v -0.39036608 0.01498405 -0.33049604
v -0.39094484 0.04498593 -0.33140665
v -0.39020070 0.06231501 -0.33024767
v -0.38573599 0.07498780 -0.33496639
v -0.38056844 0.08327632 -0.34076127
v -0.37172168 0.08498843 -0.35226831
v -0.36787704 0.08498843 -0.35723537
v -0.36709157 0.09255689 -0.35624194
v -0.37544227 -0.07090932 -0.33173779
v -0.37366465 -0.06561299 -0.33587700
v -0.38131258 -0.04498770 -0.33182058
v -0.38275948 -0.06498896 -0.32379049
v -0.38891917 -0.05498833 -0.31840950
v -0.38966328 -0.04802789 -0.31948572
v -0.38986999 0.00165522 -0.32975098
v -0.39305317 -0.00498520 -0.32428721
v -0.39020070 -0.04137147 -0.32031357
v -0.39235038 -0.01498582 -0.32329381
v -0.46142974 -0.02498645 0.18309775
v -0.47453457 -0.00498520 0.15495108
v -0.47097930 -0.01498582 0.16240166
v -0.46308333 -0.04498770 0.17498487
v -0.46047890 -0.04498770 0.18102813
v -0.47974342 0.02498468 0.13930485
v -0.48127300 0.03498530 0.13367552
v -0.48156238 0.02498468 0.13433780
v -0.48234785 0.00501543 0.13491727
v -0.47883391 0.08498843 0.11653917
v -0.48003280 0.09015675 0.11008199
v -0.48528299 0.05498655 0.11496626
v -0.48342270 0.04498593 0.12498316
v -0.47990876 0.01821625 0.13971877
v -0.48019814 0.00501543 0.14054662
v -0.47796577 0.09255689 0.11446956
v -0.44836625 -0.07090932 0.19617766
v -0.45080531 -0.07090932 0.19154173
v -0.45531142 -0.06498896 0.18491900
v -0.46014822 -0.05097207 0.18036586
v -0.45956945 -0.05764449 0.17904130
v -0.39946091 0.03498530 -0.31915456
v -0.39487213 0.02498468 -0.32494950
v -0.39284647 0.00499943 -0.32586011
v -0.39937821 0.04498593 -0.31898901
v -0.38962194 0.07498780 -0.32941982
v -0.38891917 0.08498843 -0.32842642
v -0.38350362 0.08596449 -0.33595979
v -0.37998968 0.08993274 -0.33993345
v -0.37093621 0.09255689 -0.35119212
v -0.38205671 -0.07090932 -0.32279709
v -0.38776165 -0.06498896 -0.31675383
v -0.39230907 -0.05498833 -0.31344247
v -0.39272246 -0.04481169 -0.31567764
v -0.40061843 -0.05498833 -0.30094203
v -0.40152788 -0.04498770 -0.30234939
v -0.39735255 -0.01498582 -0.31600878
v -0.39801398 -0.00498520 -0.31700218
v -0.39846873 0.00501543 -0.31766444
v -0.40065974 -0.01498582 -0.31104171
v -0.47829652 -0.00498520 0.14551367
v -0.47399715 -0.01498582 0.15495108
v -0.46167779 -0.05458830 0.17539880
v -0.46701068 -0.04498770 0.16496798
v -0.46577045 -0.05498833 0.16496798
v -0.48416680 0.03498530 0.12498316
v -0.48590308 0.00501543 0.12498316
v -0.48230651 -0.00498520 0.13491727
v -0.48019814 -0.00498520 0.14054662
v -0.47866857 0.09255689 0.11248274
v -0.47974342 0.09255689 0.10917136
v -0.48048753 0.09255689 0.10668783
v -0.48156238 0.09255689 0.10296254
v -0.48383608 0.09255689 0.09493247
v -0.48536569 0.08498843 0.09493247
v -0.48449755 0.07498780 0.10494937
v -0.48644051 0.06498718 0.10494937
v -0.48664722 0.04498593 0.11496626
v -0.48854887 0.05468253 0.10436988
v -0.49016112 0.05114631 0.10072736
v -0.45361644 -0.07090932 0.18533292
v -0.45874262 -0.06498896 0.17722005
v -0.46023089 -0.07090932 0.17051452
v -0.46093366 -0.06498896 0.17217021
v -0.39879945 0.01498405 -0.31816119
v -0.40235472 0.02498468 -0.31369084
v -0.40768757 0.03498530 -0.30632302
v -0.40760490 0.04498593 -0.30624023
v -0.40260273 0.04498593 -0.31402194
v -0.40169325 0.06498718 -0.31261462
v -0.39888212 0.05498655 -0.31832674
v -0.39842740 0.06498718 -0.31758168
v -0.39793131 0.07498780 -0.31683663
v -0.39731121 0.08498843 -0.31592602
v -0.38821638 0.09255689 -0.32735023
v -0.39160627 0.09255689 -0.32238317
v -0.38151929 0.09255689 -0.33695319
v -0.37970030 0.09255689 -0.33951953
v -0.37573165 0.09255689 -0.34481773
v -0.38408238 -0.07090932 -0.31989965
v -0.38730690 -0.07090932 -0.31526372
v -0.39044875 -0.07090932 -0.31071058
v -0.40003967 -0.06025266 -0.30003142
v -0.39904749 -0.03498707 -0.30855820
v -0.40438038 -0.05498833 -0.29498157
v -0.40950656 -0.04703583 -0.28918666
v -0.40694344 -0.04421965 -0.29398817
v -0.40814233 -0.02498645 -0.29705119
v -0.40462840 -0.01498582 -0.30499846
v -0.40132120 -0.00498520 -0.31203514
v -0.40590996 -0.00498520 -0.30499846
v -0.40983728 0.00208724 -0.29978305
v -0.48007414 -0.01068155 0.14013270
v -0.47821385 -0.01439379 0.14410634
v -0.47131002 -0.04498770 0.15346096
v -0.46878827 -0.05498833 0.15660676
v -0.47006983 -0.06041266 0.15023237
v -0.46374479 -0.06498896 0.16496798
v -0.47445190 -0.04498770 0.14493418
v -0.47837919 -0.04479569 0.13425501
v -0.47974342 -0.04799589 0.12928794
v -0.48730868 0.03498530 0.11496626
v -0.48792875 0.02498468 0.11496626
v -0.49011979 0.01224788 0.11041313
v -0.48875558 0.00501543 0.11595967
v -0.49028516 -0.00269706 0.11090983
v -0.48573774 -0.00498520 0.12498316
v -0.48648185 0.09255689 0.08475000
v -0.48908627 0.06565922 0.09509803
v -0.48987174 0.06943545 0.08955149
v -0.48912764 0.04498593 0.10668783
v -0.48974773 0.02498468 0.10908858
v -0.49053317 0.06276304 0.09186944
v -0.48958236 0.05780273 0.09857498
v -0.49045050 0.04498593 0.10172078
v -0.49107063 0.05468253 0.09509803
v -0.49359235 0.05498655 0.08499835
v -0.49466720 0.04498593 0.08499835
v -0.49222815 0.04498593 0.09493247
v -0.46233922 -0.07090932 0.16505076
v -0.41082942 0.03498530 -0.30135596
v -0.41025066 0.01498405 -0.30036253
v -0.41078809 0.04498593 -0.30119038
v -0.41033334 0.05498655 -0.30052811
v -0.40975457 0.06746733 -0.29961747
v -0.40562057 0.07498780 -0.30499846
v -0.40119720 0.07498780 -0.31186956
v -0.40012234 0.09065278 -0.31013107
v -0.40438038 0.08498843 -0.30499846
v -0.39590564 0.09255689 -0.31592602
v -0.39607102 -0.07090932 -0.30218381
v -0.39925420 -0.06692506 -0.29878965
v -0.39975029 -0.07090932 -0.29655448
v -0.40214801 -0.06414090 -0.29522991
v -0.40764624 -0.06498896 -0.28612363
v -0.40876243 -0.05498833 -0.28794491
v -0.41045737 -0.03498707 -0.29075956
v -0.41182160 -0.05498833 -0.28297785
v -0.41773322 -0.04498770 -0.27618954
v -0.41223499 -0.04421965 -0.28546137
v -0.41401261 -0.03498707 -0.28496468
v -0.41202828 -0.01498582 -0.29332590
v -0.40892780 -0.01498582 -0.29829293
v -0.40954787 -0.00498520 -0.29928637
v -0.41264838 -0.00498520 -0.29431927
v -0.41802260 0.00501543 -0.28670314
v -0.41359922 0.01498405 -0.29498157
v -0.47970206 -0.01733797 0.13913928
v -0.48135567 -0.01439379 0.13549677
v -0.47870991 -0.03498707 0.13640741
v -0.47056592 -0.05498833 0.15163971
v -0.47296363 -0.05498833 0.14493418
v -0.47647756 -0.05498833 0.13491727
v -0.47912329 -0.05498833 0.12730113
v -0.47432786 -0.06498896 0.13491727
v -0.47110331 -0.06423691 0.14476861
v -0.46932572 -0.06708509 0.14807998
v -0.46783745 -0.06423691 0.15412323
v -0.46453023 -0.07090932 0.15909030
v -0.48106629 -0.02498645 0.13301325
v -0.48048753 -0.03498707 0.13144034
v -0.48139703 -0.04479569 0.12556265
v -0.48466289 -0.04498770 0.11496626
v -0.48077691 -0.05498833 0.12233406
v -0.49123597 0.01535207 0.10585999
v -0.49202144 0.00501543 0.10494937
v -0.49028516 0.00501543 0.11099263
v -0.49454319 0.00501543 0.09493247
v -0.49417111 -0.00498520 0.09493247
v -0.49140131 -0.00560924 0.10577720
v -0.49102926 -0.01498582 0.10362482
v -0.49016112 -0.03154686 0.10056180
v -0.48991311 -0.00935347 0.10975085
v -0.48478693 -0.01498582 0.12498316
v -0.48697793 0.09255689 0.08259760
v -0.49003711 0.08018813 0.08011408
v -0.49152535 0.06565922 0.08566062
v -0.49053317 0.07498780 0.08226646
v -0.49078125 0.03498530 0.10296254
v -0.49412978 0.06498718 0.07498145
v -0.49582472 0.05498655 0.07498145
v -0.49677557 0.04498593 0.07498145
v -0.49594873 0.02498468 0.08499835
v -0.49350968 0.02498468 0.09493247
v -0.41475675 0.03498530 -0.29498157
v -0.41463274 0.04498593 -0.29498157
v -0.41376457 0.05498655 -0.29498157
v -0.41252437 0.07498780 -0.29407096
v -0.40880376 0.08498843 -0.29812735
v -0.39842740 0.09255689 -0.31211793
v -0.41049871 0.09255689 -0.29324311
v -0.40702614 0.09255689 -0.29870686
v -0.40706748 -0.07090932 -0.28479910
v -0.40963057 -0.07090932 -0.28065988
v -0.41070542 -0.06498896 -0.28115660
v -0.41719580 -0.05458830 -0.27420270
v -0.42017227 -0.05098807 -0.27031183
v -0.42066836 -0.04498770 -0.27113968
v -0.42219797 -0.02498645 -0.27378881
v -0.42252868 -0.01514583 -0.27577561
v -0.41975892 -0.01858605 -0.27958369
v -0.41554219 -0.02498645 -0.28496468
v -0.41748518 -0.01514583 -0.28421962
v -0.42025498 -0.01192963 -0.28041154
v -0.42066836 -0.00498520 -0.28107381
v -0.42104045 0.00501543 -0.28173608
v -0.41864270 0.02498468 -0.28761375
v -0.41831198 0.01498405 -0.28719985
v -0.47800714 -0.06436491 0.12423810
v -0.47283959 -0.07090932 0.13524842
v -0.47151673 -0.07090932 0.13922207
v -0.47019386 -0.07090932 0.14303014
v -0.48263723 -0.03498707 0.12498316
v -0.48292661 -0.05498833 0.11496626
v -0.48978907 -0.03821928 0.09915446
v -0.48739135 -0.04498770 0.10494937
v -0.48011547 -0.06060467 0.12043002
v -0.49412978 0.01498405 0.09493247
v -0.49652749 0.01498405 0.08499835
v -0.49685824 0.00501543 0.08499835
v -0.49218678 -0.02498645 0.09493247
v -0.49636215 -0.00498520 0.08499835
v -0.49102926 -0.03492307 0.09551196
v -0.48937565 0.08686054 0.07696827
v -0.48867288 0.09255689 0.07481588
v -0.49623811 0.06498718 0.06496455
v -0.49789172 0.05498655 0.06496455
v -0.49859452 0.01498405 0.07498145
v -0.49983472 0.04677804 0.05908686
v -0.41889074 0.03498530 -0.28811046
v -0.41884941 0.04498593 -0.28802770
v -0.41843602 0.05498655 -0.28728265
v -0.41752654 0.07498780 -0.28562695
v -0.41736117 0.08444439 -0.28405404
v -0.41194561 0.08498843 -0.29307753
v -0.41128418 0.09255689 -0.29200134
v -0.41033334 -0.07090932 -0.27950090
v -0.41442603 -0.06498896 -0.27494776
v -0.41951084 -0.05766049 -0.26907009
v -0.42219797 -0.05458830 -0.26542759
v -0.43063134 -0.05278018 -0.25110590
v -0.43914741 -0.04498770 -0.23852268
v -0.43550950 -0.04498770 -0.24497986
v -0.43133414 -0.04498770 -0.25234765
v -0.42794424 -0.01498582 -0.26642099
v -0.42422363 -0.00498520 -0.27494776
v -0.42591858 0.02498468 -0.27494776
v -0.42153651 0.02498468 -0.28264672
v -0.43137547 -0.00498520 -0.26244736
v -0.43621227 0.00501543 -0.25499675
v -0.47631219 -0.07090932 0.12465203
v -0.47933000 -0.06727709 0.11736701
v -0.48553103 -0.05498833 0.10494937
v -0.48015684 -0.07090932 0.11082704
v -0.48937565 -0.04498770 0.09716764
v -0.49007845 -0.05042804 0.09046212
v -0.49888390 0.00501543 0.07498145
v -0.49532866 -0.01498582 0.08499835
v -0.49830514 -0.00498520 0.07498145
v -0.49317896 -0.03498707 0.08499835
v -0.49049187 -0.04498770 0.09220058
v -0.49222815 0.08498843 0.06496455
v -0.49082255 0.09255689 0.06438506
v -0.49115330 0.09255689 0.06256381
v -0.49801576 0.06498718 0.05494764
v -0.49950400 0.05562659 0.05544436
v -0.49975204 0.01498405 0.06852427
v -0.50033081 0.05271441 0.05238134
v -0.50053751 0.04405787 0.05544436
v -0.50206709 0.01498405 0.05494764
v -0.50000006 0.04010562 0.05999750
v -0.42178458 0.03498530 -0.28306061
v -0.42174321 0.04498593 -0.28297785
v -0.42132983 0.05498655 -0.28231555
v -0.42087507 0.06498718 -0.28148773
v -0.42037898 0.07498780 -0.28065988
v -0.42008960 0.08074816 -0.28016317
v -0.41963488 0.08740458 -0.27933532
v -0.41426066 0.09255689 -0.28695148
v -0.41289642 -0.07090932 -0.27519614
v -0.41868407 -0.06498896 -0.26766276
v -0.44096637 -0.05498833 -0.23173437
v -0.44187587 -0.04498770 -0.23347284
v -0.43968484 -0.03805926 -0.23943330
v -0.44018090 -0.03138685 -0.24034393
v -0.43245029 -0.02509845 -0.25574180
v -0.43079671 -0.01498582 -0.26137114
v -0.43559217 -0.00498520 -0.25499675
v -0.42641467 0.03498530 -0.27494776
v -0.43918875 -0.00498520 -0.24845679
v -0.43947813 0.00501543 -0.24903628
v -0.42959785 0.03498530 -0.26923567
v -0.47883391 -0.07090932 0.11587690
v -0.48830080 -0.05425228 0.09427018
v -0.48557237 -0.06498896 0.09493247
v -0.48412547 -0.07090932 0.09493247
v -0.49185607 -0.04498770 0.08499835
v -0.49355102 -0.04498770 0.07498145
v -0.49516326 -0.04498770 0.06496455
v -0.49673420 -0.04498770 0.05494764
v -0.49053317 -0.05239616 0.08499835
v -0.48937565 -0.05738847 0.08499835
v -0.48759806 -0.06498896 0.08499835
v -0.48619246 -0.07090932 0.08499835
v -0.48536569 -0.07090932 0.08905478
v -0.49987605 0.00501543 0.06926933
v -0.49607277 -0.02498645 0.07498145
v -0.49958667 -0.00498520 0.06736529
v -0.49491525 -0.03498707 0.07498145
v -0.49239349 0.09255689 0.05494764
v -0.49599010 0.07498780 0.05494764
v -0.49991739 0.05938683 0.04923554
v -0.50082690 0.05562659 0.04551024
v -0.50210845 0.05498655 0.03499664
v -0.50190175 0.04498593 0.04493075
v -0.50243914 0.03498530 0.04493075
v -0.50293523 0.02498468 0.04493075
v -0.50338995 0.01498405 0.04493075
v -0.50223243 0.00501543 0.05494764
v -0.50070286 0.00501543 0.06430228
v -0.42633200 0.04498593 -0.27494776
v -0.42550516 0.05498655 -0.27494776
v -0.42455435 0.06498718 -0.27494776
v -0.42356217 0.07498780 -0.27494776
v -0.42815095 0.07498780 -0.26658654
v -0.42761350 0.08498843 -0.26559314
v -0.42215663 0.08444439 -0.27561003
v -0.42108178 0.09255689 -0.27511334
v -0.41913879 0.09255689 -0.27850750
v -0.43001124 0.09018876 -0.26004660
v -0.41442603 -0.07090932 -0.27254701
v -0.41946954 -0.07090932 -0.26377189
v -0.42149520 -0.06498896 -0.26261291
v -0.42079240 -0.07090932 -0.26137114
v -0.44022226 -0.06094069 -0.23040982
v -0.44431493 -0.05498833 -0.22494605
v -0.44621658 -0.04498770 -0.22494605
v -0.44377750 -0.02498645 -0.23496296
v -0.44121441 -0.01498582 -0.24241354
v -0.43860999 -0.01498582 -0.24738060
v -0.43439329 -0.01498582 -0.25499675
v -0.42955649 0.04498593 -0.26923567
v -0.44613391 -0.00498520 -0.23496296
v -0.44675398 0.00501543 -0.23496296
v -0.43968484 0.01498405 -0.24936742
v -0.44005689 0.04156171 -0.25011247
v -0.43997422 0.03071303 -0.24994691
v -0.43782455 0.03442527 -0.25408614
v -0.44005689 0.03738545 -0.25011247
v -0.49661016 -0.03498707 0.06496455
v -0.49822247 -0.03498707 0.05494764
v -0.49995875 -0.03956336 0.03946698
v -0.49822247 -0.04498770 0.04493075
v -0.49305493 -0.05498833 0.06496455
v -0.49131864 -0.05564437 0.07547815
v -0.48718464 -0.07090932 0.07903787
v -0.50037217 -0.00498520 0.06239824
v -0.50053751 -0.01439379 0.05486487
v -0.49933863 -0.02530647 0.05486487
v -0.49904925 -0.01439379 0.06421949
v -0.49272421 0.09255689 0.05254690
v -0.49371636 0.09255689 0.04493075
v -0.49925596 0.06489117 0.04551024
v -0.50028944 0.06149896 0.04261279
v -0.50301790 0.04498593 0.03499664
v -0.50057882 0.06489117 0.03400322
v -0.50276989 0.05498655 0.02497973
v -0.50343132 0.00501543 0.04493075
v -0.50384474 0.02498468 0.03499664
v -0.50421679 0.01498405 0.03499664
v -0.50152969 -0.00498520 0.05494764
v -0.42914310 0.05498655 -0.26840782
v -0.43641895 0.05498655 -0.25499675
v -0.43956083 0.05498655 -0.24920185
v -0.43083805 0.07498780 -0.26161951
v -0.43030062 0.08498843 -0.26062608
v -0.42819229 0.09255689 -0.26244736
v -0.43331844 0.08498843 -0.25499675
v -0.43798989 0.08498843 -0.24613884
v -0.44022226 0.09108481 -0.24042672
v -0.43906474 0.09255689 -0.24199963
v -0.42554653 -0.07090932 -0.25259602
v -0.43935412 -0.06761311 -0.22867134
v -0.44179320 -0.06455693 -0.22519441
v -0.44836625 -0.05498833 -0.21650206
v -0.44931710 -0.04498770 -0.21857166
v -0.44977182 -0.03833128 -0.21948229
v -0.45063996 -0.02498645 -0.22130355
v -0.44815958 -0.02498645 -0.22627060
v -0.44877964 -0.01498582 -0.22751237
v -0.44501770 -0.01498582 -0.23496296
v -0.43228495 0.04498593 -0.26418582
v -0.43989152 0.04821813 -0.24978134
v -0.44931710 -0.00498520 -0.22867134
v -0.44964778 0.00501543 -0.22925083
v -0.44708472 0.01498405 -0.23496296
v -0.44245464 0.02498468 -0.24473150
v -0.45010257 0.04303380 -0.23016146
v -0.44803554 0.04581798 -0.23413511
v -0.44208258 0.04493792 -0.24589048
v -0.43774185 0.04493792 -0.25408614
v -0.44212389 0.03442527 -0.24597326
v -0.44758081 0.03498530 -0.23512852
v -0.49958667 -0.03573912 0.04534467
v -0.50351399 -0.00498520 0.03499664
v -0.50148833 -0.03498707 0.02497973
v -0.50020677 -0.04117946 0.03276146
v -0.49929729 -0.04471568 0.03565891
v -0.50020677 -0.02217027 0.05147071
v -0.50272852 -0.00498520 0.04493075
v -0.49594873 -0.05498833 0.04493075
v -0.49710625 -0.05498833 0.03499664
v -0.48916897 -0.07090932 0.06587517
v -0.49036783 -0.06170874 0.07249792
v -0.48780474 -0.07090932 0.07514702
v -0.49983472 -0.02884269 0.04890440
v -0.49400574 0.09255689 0.04253001
v -0.49875987 0.07404374 0.03400322
v -0.49962801 0.06815538 0.03673510
v -0.50000006 0.07007550 0.03011236
v -0.50363803 0.04498593 0.02497973
v -0.50107491 0.06498718 0.02497973
v -0.50289387 0.05498655 0.01496284
v -0.50417542 0.00501543 0.03499664
v -0.50442350 0.02498468 0.02497973
v -0.50479555 0.01498405 0.02497973
v -0.50483686 0.00501543 0.02497973
v -0.44216526 0.05498655 -0.24415201
v -0.44166917 0.06498718 -0.24315859
v -0.44059432 0.08498843 -0.24117178
v -0.44365349 0.08498843 -0.23496296
v -0.45006120 0.09044477 -0.22014457
v -0.44092503 0.09255689 -0.23835711
v -0.43493074 -0.07090932 -0.23521131
v -0.43889937 -0.07090932 -0.22776072
v -0.44117308 -0.07090932 -0.22304201
v -0.45001987 -0.06017265 -0.21004488
v -0.45068133 -0.05498833 -0.21145222
v -0.45167348 -0.04498770 -0.21352182
v -0.45870131 -0.01498582 -0.20714743
v -0.45369914 -0.02498645 -0.21492915
v -0.45126009 -0.01498582 -0.22254531
v -0.45498067 -0.01498582 -0.21492915
v -0.44997853 0.04970622 -0.22991312
v -0.45609686 -0.00498520 -0.21492915
v -0.45928007 -0.00498520 -0.20847198
v -0.45952809 0.00501543 -0.20905147
v -0.44989586 0.02269653 -0.22983032
v -0.44791150 0.02562471 -0.23396954
v -0.45254162 0.03498530 -0.22494605
v -0.45717171 0.04498593 -0.21492915
v -0.45204553 0.04581798 -0.22593947
v -0.45006120 0.03498530 -0.23016146
v -0.50425810 -0.00498520 0.02497973
v -0.50049615 -0.04281157 0.02497973
v -0.50206709 -0.03498707 0.01496284
v -0.49954534 -0.04780388 0.02497973
v -0.49454319 -0.06498896 0.03499664
v -0.49189740 -0.07090932 0.04451683
v -0.48983040 -0.07090932 0.06107369
v -0.49785039 -0.05498833 0.02497973
v -0.49483258 0.09255689 0.03499664
v -0.49640349 0.08498843 0.03499664
v -0.49499792 0.09255689 0.03251310
v -0.49549401 0.09255689 0.02497973
v -0.49590743 0.09255689 0.01496284
v -0.49627948 0.09255689 0.00494593
v -0.50376201 0.04498593 0.01496284
v -0.50504357 0.01498405 0.01496284
v -0.49632078 0.09255689 0.00254519
v -0.50128162 0.06498718 0.00494593
v -0.50293523 0.05498655 0.00494593
v -0.50516760 0.00501543 0.01496284
v -0.50463021 -0.00498520 0.01496284
v -0.44687802 0.05498655 -0.23496296
v -0.44584453 0.06498718 -0.23496296
v -0.44968915 0.05498655 -0.22941640
v -0.44915172 0.06498718 -0.22825743
v -0.45154947 0.06498718 -0.22329037
v -0.44799420 0.08498843 -0.22585668
v -0.45039195 0.08498843 -0.22080684
v -0.45303768 0.08498843 -0.21492915
v -0.45965213 0.08702056 -0.19920014
v -0.46068561 0.09255689 -0.19464700
v -0.45084667 0.09255689 -0.21741268
v -0.44861430 0.09255689 -0.22229695
v -0.44315740 -0.07090932 -0.21873723
v -0.44646460 -0.07090932 -0.21145222
v -0.44865564 -0.07090932 -0.20640238
v -0.45121872 -0.06410889 -0.20474668
v -0.45357513 -0.05498833 -0.20499504
v -0.45555943 -0.04498770 -0.20499504
v -0.45696503 -0.03498707 -0.20499504
v -0.46039623 -0.02300233 -0.20093861
v -0.46093366 -0.01498582 -0.20209759
v -0.46159512 -0.00498520 -0.20350492
v -0.45642757 0.05498655 -0.21492915
v -0.45208687 0.05498655 -0.22436656
v -0.46188450 0.00501543 -0.20408441
v -0.45717171 0.03498530 -0.21492915
v -0.46204984 0.03498530 -0.20433277
v -0.46200851 0.04498593 -0.20433277
v -0.50380337 -0.01498582 0.01496284
v -0.50082690 -0.04426765 0.01496284
v -0.50231510 -0.03498707 0.00494593
v -0.49983472 -0.04927597 0.01496284
v -0.49528730 -0.06498896 0.02497973
v -0.49301359 -0.07090932 0.03499664
v -0.50376201 0.04498593 0.00494593
v -0.50417542 0.03498530 0.00494593
v -0.50496089 0.01498405 0.00494593
v -0.50512624 0.00501543 0.00494593
v -0.49636215 0.09255689 -0.00507096
v -0.49772638 0.08498843 -0.00507096
v -0.50020677 0.07119557 -0.00507096
v -0.50124025 0.06498718 -0.00507096
v -0.50268722 0.05498655 -0.00507096
v -0.50467151 -0.00498520 0.00494593
v -0.45932138 0.05498655 -0.20855476
v -0.46159512 0.05498655 -0.20350492
v -0.46527439 0.05498655 -0.19497815
v -0.46287665 0.07498780 -0.19497815
v -0.46155375 0.08420438 -0.19547485
v -0.46122304 0.09255689 -0.19332245
v -0.45063996 -0.07090932 -0.20176645
v -0.45795715 -0.05481232 -0.19448143
v -0.46035489 -0.05135610 -0.19083893
v -0.45886666 -0.04498770 -0.19721332
v -0.45956945 -0.03498707 -0.19895178
v -0.45994151 -0.02965874 -0.19986242
v -0.46209118 -0.02580250 -0.19588876
v -0.46391016 -0.01498582 -0.19497815
v -0.46519169 -0.00498520 -0.19497815
v -0.46585315 0.00501543 -0.19497815
v -0.46597713 0.01498405 -0.19497815
v -0.46614254 0.03498530 -0.19497815
v -0.46601850 0.04498593 -0.19497815
v -0.50103354 -0.04498770 -0.00507096
v -0.50074422 -0.04588376 0.00428366
v -0.49995875 -0.04980400 0.00718112
v -0.50235647 -0.03498707 -0.00507096
v -0.49834648 -0.05498833 0.01496284
v -0.49371636 -0.07090932 0.02497973
v -0.50351399 0.04498593 -0.00507096
v -0.50438213 0.02498468 -0.00507096
v -0.50479555 0.01498405 -0.00507096
v -0.50500226 0.00501543 -0.00507096
v -0.50458884 -0.00498520 -0.00507096
v -0.49615544 0.09255689 -0.01500508
v -0.50008273 0.07058753 -0.01127978
v -0.50062019 0.06533920 -0.01483951
v -0.49929729 0.05434651 -0.05474154
v -0.50004143 0.05057028 -0.05118182
v -0.50388604 -0.01498582 -0.00507096
v -0.50314194 -0.02498645 -0.00507096
v -0.46866426 0.05498655 -0.18645135
v -0.46833354 0.06501918 -0.18429896
v -0.46688664 0.07498780 -0.18496123
v -0.46564645 0.08498843 -0.18496123
v -0.46440625 0.09255689 -0.18496123
v -0.45328575 -0.07090932 -0.19522649
v -0.45944542 -0.05801251 -0.18860376
v -0.46089232 -0.04498770 -0.19224626
v -0.46076828 -0.06290881 -0.18198100
v -0.46167779 -0.05481232 -0.18512681
v -0.46552241 -0.05498833 -0.17494434
v -0.46953240 -0.04705183 -0.16873552
v -0.46382746 -0.04498770 -0.18496123
v -0.46159512 -0.03498707 -0.19398472
v -0.46523303 -0.03498707 -0.18496123
v -0.46659726 -0.02498645 -0.18496123
v -0.47019386 -0.01151361 -0.18049088
v -0.46858159 -0.00498520 -0.18653414
v -0.47093797 0.00501543 -0.18239492
v -0.46907765 0.03498530 -0.18761033
v -0.47097930 0.01498405 -0.18247771
v -0.46899498 0.04498593 -0.18744478
v -0.50004143 -0.05015602 -0.00507096
v -0.50219107 -0.03498707 -0.01500508
v -0.50074422 -0.04580375 -0.01500508
v -0.50004143 -0.05018802 -0.01161093
v -0.50000006 -0.05001201 0.00047559
v -0.49884254 -0.05401227 0.00428366
v -0.49400574 -0.07090932 0.01496284
v -0.50318325 0.01498405 -0.03503888
v -0.50380337 0.01498405 -0.02502198
v -0.50438213 0.01498405 -0.01500508
v -0.49983472 0.04689005 -0.05780456
v -0.50467151 0.00501543 -0.01500508
v -0.50434077 -0.00498520 -0.01500508
v -0.49570072 0.09255689 -0.02502198
v -0.49450183 0.09255689 -0.04505578
v -0.49433649 0.09255689 -0.04745653
v -0.49851185 0.06498718 -0.04505578
v -0.49776772 0.06498718 -0.05507268
v -0.49834648 0.05498655 -0.06500679
v -0.50293523 -0.02498645 -0.01500508
v -0.47056592 0.05498655 -0.18148430
v -0.47019386 0.06170697 -0.18049088
v -0.46978045 0.06837939 -0.17941469
v -0.46936703 0.07498780 -0.17817292
v -0.46870559 0.08498843 -0.17610332
v -0.47002849 0.09018876 -0.17006007
v -0.46754807 0.09255689 -0.17593774
v -0.45899069 -0.07090932 -0.18098760
v -0.45969346 -0.07090932 -0.17916635
v -0.46155375 -0.07090932 -0.17403370
v -0.46882963 -0.05567637 -0.16525859
v -0.47073126 -0.05279619 -0.16211277
v -0.47122735 -0.04423565 -0.16525859
v -0.46804416 -0.04423565 -0.17403370
v -0.47474128 -0.04498770 -0.15499333
v -0.46862292 -0.03498707 -0.17610332
v -0.46928436 -0.02498645 -0.17800736
v -0.47040054 -0.03498707 -0.17113626
v -0.47614682 -0.03498707 -0.15499333
v -0.47300500 -0.00498520 -0.17494434
v -0.47060725 -0.00498520 -0.18148430
v -0.47366643 0.00501543 -0.17494434
v -0.47097930 0.03498530 -0.18256050
v -0.47097930 0.02498468 -0.18256050
v -0.47089663 0.04498593 -0.18239492
v -0.49590743 -0.06498896 -0.00507096
v -0.50239778 -0.02498645 -0.02502198
v -0.50157100 -0.03498707 -0.02502198
v -0.50057882 -0.04348360 -0.02502198
v -0.49991739 -0.04967599 -0.01831645
v -0.49884254 -0.05410827 -0.01500508
v -0.49425381 -0.07090932 -0.01500508
v -0.49425381 -0.07090932 -0.00507096
v -0.50355530 0.00501543 -0.03503888
v -0.50000006 0.04023363 -0.06020530
v -0.50074422 0.01498405 -0.06500679
v -0.50276989 0.00501543 -0.04505578
v -0.50413406 0.00501543 -0.02502198
v -0.49743700 0.05498655 -0.07502370
v -0.49838781 0.04498593 -0.07502370
v -0.50384474 -0.00498520 -0.02502198
v -0.49375772 0.09255689 -0.05507268
v -0.49487388 0.08498843 -0.05507268
v -0.49689957 0.06498718 -0.06500679
v -0.50314194 -0.01498582 -0.02502198
v -0.47366643 0.04498593 -0.17494434
v -0.47296363 0.05498655 -0.17494434
v -0.47106200 0.07498780 -0.17312309
v -0.47056592 0.09255689 -0.16691425
v -0.46874696 0.09255689 -0.17246081
v -0.47631219 0.05498655 -0.16492744
v -0.47234353 0.08498843 -0.16492744
v -0.47532004 0.08498843 -0.15499333
v -0.47416252 0.09255689 -0.15499333
v -0.47118601 0.09255689 -0.16492744
v -0.46481961 -0.07090932 -0.16492744
v -0.46643192 -0.06498896 -0.16492744
v -0.46820951 -0.07090932 -0.15532446
v -0.47217816 -0.05567637 -0.15573838
v -0.47594011 -0.05498833 -0.14497642
v -0.47961938 -0.04773987 -0.13885039
v -0.47002849 -0.04039541 -0.17014286
v -0.47837919 -0.04463568 -0.14431414
v -0.48015684 -0.04106745 -0.14050607
v -0.47891662 -0.03498707 -0.14671490
v -0.47957808 -0.02498645 -0.14861894
v -0.48081827 -0.00498520 -0.15234423
v -0.47908199 -0.00498520 -0.15739407
v -0.47647756 -0.00498520 -0.16492744
v -0.47374910 0.03498530 -0.17494434
v -0.47941267 0.00501543 -0.15830469
v -0.50326598 -0.00498520 -0.03503888
v -0.50248051 -0.01498582 -0.03503888
v -0.50082690 -0.03498707 -0.03503888
v -0.50000006 -0.04010740 -0.04017150
v -0.50020677 -0.04132347 -0.03503888
v -0.49937999 -0.04631578 -0.03503888
v -0.49971068 -0.04849192 -0.02502198
v -0.49743700 -0.05498833 -0.03503888
v -0.49809843 -0.05498833 -0.02502198
v -0.49541134 -0.06498896 -0.02502198
v -0.49400574 -0.07090932 -0.02096555
v -0.49966937 0.03498530 -0.06657970
v -0.50000006 0.02072841 -0.07030499
v -0.50012410 0.01498405 -0.07121561
v -0.50103354 0.00501543 -0.06500679
v -0.50194305 0.00501543 -0.05507268
v -0.49284822 0.08498843 -0.07502370
v -0.49623811 0.05498655 -0.08495781
v -0.49723029 0.04498593 -0.08495781
v -0.49247617 0.09255689 -0.06749032
v -0.49888390 0.03498530 -0.07502370
v -0.47709763 0.04498593 -0.16492744
v -0.47933000 0.04498593 -0.15789077
v -0.48090094 0.04498593 -0.15292372
v -0.48048753 0.05498655 -0.15159917
v -0.48255455 0.05498655 -0.14497642
v -0.48057020 0.07498780 -0.14183062
v -0.48011547 0.08090816 -0.14042330
v -0.47961938 0.08758059 -0.13868481
v -0.47705632 0.09255689 -0.14481086
v -0.46978045 -0.07090932 -0.15077132
v -0.47081393 -0.06498896 -0.15242702
v -0.47325301 -0.06498896 -0.14497642
v -0.48069423 -0.05258818 -0.13214485
v -0.47019386 -0.07090932 -0.14952956
v -0.48123166 -0.04463568 -0.13529065
v -0.48424947 -0.04498770 -0.12494262
v -0.48267856 -0.03498707 -0.13495952
v -0.48052889 -0.03498707 -0.14174783
v -0.48317465 -0.00498520 -0.14497642
v -0.48110765 0.00501543 -0.15325485
v -0.47713900 0.03498530 -0.16492744
v -0.50152969 -0.00498520 -0.05507268
v -0.49892524 -0.04405964 -0.04414515
v -0.50057882 -0.00525722 -0.06533793
v -0.49987605 -0.00876143 -0.06881487
v -0.49768502 -0.03498707 -0.06500679
v -0.49648619 -0.04498770 -0.06500679
v -0.49760234 -0.04498770 -0.05507268
v -0.49656886 -0.05498833 -0.04505578
v -0.49231082 -0.07090932 -0.04489021
v -0.49474990 -0.06498896 -0.03503888
v -0.49342698 -0.07090932 -0.03098245
v -0.49379906 -0.07090932 -0.02502198
v -0.49764371 0.03498530 -0.08495781
v -0.49797440 0.02498468 -0.08495781
v -0.49826378 0.01498405 -0.08495781
v -0.50024813 0.00501543 -0.07212625
v -0.50016546 -0.00208902 -0.07154676
v -0.49160802 0.09255689 -0.07560319
v -0.49450183 0.05498655 -0.09497471
v -0.49057454 0.09255689 -0.08305377
v -0.49040917 0.09255689 -0.08404718
v -0.49545264 0.04498593 -0.09497471
v -0.48371208 0.01498405 -0.14497642
v -0.48354670 0.03498530 -0.14497642
v -0.48338133 0.04498593 -0.14497642
v -0.48623383 0.04498593 -0.13495952
v -0.48536569 0.05498655 -0.13495952
v -0.48396009 0.06498718 -0.13495952
v -0.48102498 0.08454040 -0.13520788
v -0.48057020 0.09255689 -0.13222764
v -0.47176477 -0.07090932 -0.14464529
v -0.47978476 -0.05926059 -0.12924741
v -0.48181042 -0.05554836 -0.12552211
v -0.48995441 -0.04983600 -0.09985898
v -0.47643620 -0.06498896 -0.13495952
v -0.48561370 -0.03498707 -0.12494262
v -0.48685390 -0.04498770 -0.11492573
v -0.49049187 -0.04316359 -0.10192859
v -0.48387742 -0.02498645 -0.13495952
v -0.48375341 0.00501543 -0.14497642
v -0.48619246 -0.00498520 -0.13495952
v -0.49942130 -0.00525722 -0.07494091
v -0.49747834 -0.02498645 -0.07502370
v -0.49644482 -0.03498707 -0.07502370
v -0.49433649 -0.05498833 -0.06500679
v -0.49549401 -0.05498833 -0.05507268
v -0.49512196 -0.04498770 -0.07502370
v -0.49148402 -0.07090932 -0.05267193
v -0.49268287 -0.07090932 -0.04050264
v -0.49313760 -0.07090932 -0.03503888
v -0.49648619 0.01498405 -0.09497471
v -0.49677557 0.00501543 -0.09497471
v -0.49847049 0.00501543 -0.08495781
v -0.49958667 0.00501543 -0.07701052
v -0.49801576 -0.00498520 -0.08495781
v -0.48664722 0.09255689 -0.10499161
v -0.48784608 0.08498843 -0.10499161
v -0.48974773 0.06829938 -0.10855134
v -0.49247617 0.05498655 -0.10499161
v -0.49342698 0.04498593 -0.10499161
v -0.48677123 0.01498405 -0.13495952
v -0.48652321 0.03498530 -0.13495952
v -0.48892093 0.03498530 -0.12585326
v -0.48900360 0.04588198 -0.12419757
v -0.48995441 0.04980223 -0.11989278
v -0.48797011 0.05498655 -0.12494262
v -0.48652321 0.06498718 -0.12494262
v -0.48354670 0.08498843 -0.12494262
v -0.48404279 0.09255689 -0.11740926
v -0.47482395 -0.07090932 -0.13495952
v -0.47775909 -0.07090932 -0.12519097
v -0.47978476 -0.06932522 -0.11923051
v -0.48474556 -0.05498833 -0.11492573
v -0.48726732 -0.05498833 -0.10499161
v -0.47961938 -0.07090932 -0.11823709
v -0.48139703 -0.07090932 -0.11111765
v -0.48449755 -0.06498896 -0.10499161
v -0.48280257 -0.07090932 -0.10507439
v -0.48375341 -0.07090932 -0.10076961
v -0.48499361 -0.07090932 -0.09497471
v -0.48921031 -0.05527635 -0.09588534
v -0.49057454 -0.05214015 -0.09315345
v -0.49342698 -0.04498770 -0.08495781
v -0.49127731 -0.04589976 -0.09588534
v -0.48962373 -0.03669918 -0.10855134
v -0.48995441 -0.00975350 -0.11981000
v -0.49036783 -0.00308108 -0.12130012
v -0.48904496 -0.00584925 -0.12477706
v -0.49408844 -0.00498520 -0.10499161
v -0.49078125 -0.03401101 -0.10515718
v -0.49297225 -0.03498707 -0.09497471
v -0.48677123 0.00501543 -0.13495952
v -0.49698225 -0.01498582 -0.08495781
v -0.49590743 -0.02498645 -0.08495781
v -0.49479121 -0.03498707 -0.08495781
v -0.49297225 -0.05498833 -0.07502370
v -0.48966503 -0.07090932 -0.06831817
v -0.49102926 0.04588198 -0.11591914
v -0.49454319 0.00501543 -0.10499161
v -0.49632078 -0.00498520 -0.09497471
v -0.48615113 0.09255689 -0.10739236
v -0.48586175 0.08498843 -0.11492573
v -0.48739135 0.07498780 -0.11492573
v -0.49020249 0.06164297 -0.11111765
v -0.49073988 0.05498655 -0.11327004
v -0.48912764 0.00501543 -0.12692945
v -0.48912764 0.01498405 -0.12668109
v -0.48904496 0.02498468 -0.12626716
v -0.49032649 0.02498468 -0.12130012
v -0.49020249 0.03498530 -0.12080341
v -0.49007845 0.04312981 -0.12038949
v -0.48962373 0.05498655 -0.11831988
v -0.48458022 0.09255689 -0.11492573
v -0.48693660 -0.07090932 -0.08495781
v -0.48867288 -0.06458892 -0.08487502
v -0.48966503 -0.05881256 -0.08810361
v -0.49119464 -0.05527635 -0.08487502
v -0.49049187 0.00501543 -0.12187961
v -0.49136001 -0.00584925 -0.11591914
v -0.49218678 0.00501543 -0.11492573
v -0.49024379 -0.06097270 -0.08148087
v -0.48792875 -0.07090932 -0.07916291
v -0.48863155 -0.07090932 -0.07502370
v -0.48933434 -0.07090932 -0.07055334
v -0.48987174 -0.06966124 -0.06922879
v -0.49040917 0.01498405 -0.12171404
v -0.48896226 0.06497118 -0.11459459
f 1 2 3
f 1 3 4
f 1 4 5
f 1 5 6
f 1 6 7
f 1 7 8
f 1 8 9
f 1 9 10
f 1 10 11
f 1 11 17
f 1 17 29
f 1 29 38
f 1 38 50
f 1 50 65
f 1 65 84
f 1 84 102
f 1 102 100
f 1 100 121
f 1 121 150
f 1 150 182
f 1 182 185
f 1 185 184
f 1 184 218
f 1 218 217
f 1 217 255
f 1 255 291
f 1 291 331
f 1 331 369
f 1 369 368
f 1 368 367
f 1 367 408
f 1 408 450
f 1 450 489
f 1 489 490
f 1 490 533
f 1 533 583
f 1 583 582
f 1 582 585
f 1 585 628
f 1 628 629
f 1 629 676
f 1 676 722
f 1 722 768
f 1 768 767
f 1 767 817
f 1 817 816
f 1 816 878
f 1 878 925
f 1 925 874
f 1 874 926
f 1 926 975
f 1 975 1024
f 1 1024 1073
f 1 1073 1086
f 1 1086 1147
f 1 1147 1191
f 1 1191 1194
f 1 1194 1193
f 1 1193 1237
f 1 1237 1238
f 1 1238 1281
f 1 1281 1283
f 1 1283 1340
f 1 1340 1379
f 1 1379 1432
f 1 1432 1431
f 1 1431 1430
f 1 1430 1471
f 1 1471 1513
f 1 1513 1474
f 1 1474 1516
f 1 1516 1525
f 1 1525 1524
f 1 1524 1576
f 1 1576 1635
f 1 1635 1633
f 1 1633 1680
f 1 1680 1679
f 1 1679 1728
f 1 1728 1763
f 1 1763 1804
f 1 1804 1850
f 1 1850 1849
f 1 1849 1899
f 1 1899 1942
f 1 1942 1941
f 1 1941 1980
f 1 1980 1979
f 1 1979 1939
f 1 1939 1978
f 1 1978 2027
f 1 2027 2054
f 1 2054 2053
f 1 2053 2052
f 1 2052 2044
f 1 2044 2010
f 1 2010 2009
f 1 2009 2008
f 1 2008 2006
f 1 2006 2005
f 1 2005 2001
f 1 2001 2000
f 1 2000 1961
f 1 1961 1923
f 1 1923 1919
f 1 1919 1875
f 1 1875 1873
f 1 1873 1827
f 1 1827 1826
f 1 1826 1825
f 1 1825 1781
f 1 1781 1745
f 1 1745 1709
f 1 1709 1708
f 1 1708 1707
f 1 1707 1656
f 1 1656 1655
f 1 1655 1654
f 1 1654 1602
f 1 1602 1554
f 1 1554 1552
f 1 1552 1551
f 1 1551 1500
f 1 1500 1457
f 1 1457 1414
f 1 1414 1413
f 1 1413 1353
f 1 1353 1351
f 1 1351 1302
f 1 1302 1301
f 1 1301 1300
f 1 1300 1251
f 1 1251 1211
f 1 1211 1165
f 1 1165 1163
f 1 1163 1162
f 1 1162 1160
f 1 1160 1099
f 1 1099 1098
f 1 1098 1042
f 1 1042 990
f 1 990 1041
f 1 1041 988
f 1 988 938
f 1 938 893
f 1 893 834
f 1 834 833
f 1 833 890
f 1 890 897
f 1 897 889
f 1 889 831
f 1 831 781
f 1 781 780
f 1 780 779
f 1 779 732
f 1 732 687
f 1 687 686
f 1 686 685
f 1 685 638
f 1 638 593
f 1 593 545
f 1 545 543
f 1 543 502
f 1 502 501
f 1 501 461
f 1 461 419
f 1 419 418
f 1 418 421
f 1 421 417
f 1 417 378
f 1 378 337
f 1 337 300
f 1 300 299
f 1 299 261
f 1 261 236
f 1 236 200
f 1 200 164
f 1 164 134
f 1 134 111
f 1 111 88
f 1 88 68
f 1 68 54
f 1 54 44
f 1 44 43
f 1 43 41
f 1 41 31
f 1 31 30
f 1 30 18
f 1 18 12
f 1 12 13
f 1 13 2
f 2 13 24
f 2 24 23
f 2 23 22
f 2 22 21
f 2 21 20
f 2 20 19
f 2 19 32
f 2 32 42
f 2 42 53
f 2 53 67
f 2 67 85
f 2 85 106
f 2 106 128
f 2 128 159
f 2 159 192
f 2 192 191
f 2 191 224
f 2 224 226
f 2 226 260
f 2 260 298
f 2 298 336
f 2 336 377
f 2 377 416
f 2 416 460
f 2 460 500
f 2 500 495
f 2 495 498
f 2 498 497
f 2 497 542
f 2 542 592
f 2 592 637
f 2 637 683
f 2 683 730
f 2 730 731
f 2 731 778
f 2 778 830
f 2 830 829
f 2 829 887
f 2 887 886
f 2 886 936
f 2 936 987
f 2 987 1038
f 2 1038 1040
f 2 1040 1097
f 2 1097 1159
f 2 1159 1158
f 2 1158 1157
f 2 1157 1210
f 2 1210 1250
f 2 1250 1299
f 2 1299 1298
f 2 1298 1297
f 2 1297 1295
f 2 1295 1296
f 2 1296 1350
f 2 1350 1410
f 2 1410 1412
f 2 1412 1411
f 2 1411 1456
f 2 1456 1499
f 2 1499 1549
f 2 1549 1548
f 2 1548 1597
f 2 1597 1601
f 2 1601 1653
f 2 1653 1706
f 2 1706 1705
f 2 1705 1704
f 2 1704 1744
f 2 1744 1780
f 2 1780 1824
f 2 1824 1867
f 2 1867 1866
f 2 1866 1872
f 2 1872 1871
f 2 1871 1918
f 2 1918 1960
f 2 1960 1999
f 2 1999 2043
f 2 2043 2031
f 2 2031 1986
f 2 1986 1951
f 2 1951 1950
f 2 1950 1948
f 2 1948 1908
f 2 1908 1859
f 2 1859 1813
f 2 1813 1812
f 2 1812 1811
f 2 1811 1769
f 2 1769 1733
f 2 1733 1690
f 2 1690 1687
f 2 1687 1686
f 2 1686 1685
f 2 1685 1684
f 2 1684 1682
f 2 1682 1637
f 2 1637 1582
f 2 1582 1581
f 2 1581 1530
f 2 1530 1484
f 2 1484 1483
f 2 1483 1445
f 2 1445 1395
f 2 1395 1328
f 2 1328 1274
f 2 1274 1273
f 2 1273 1272
f 2 1272 1271
f 2 1271 1270
f 2 1270 1236
f 2 1236 1189
f 2 1189 1188
f 2 1188 1187
f 2 1187 1134
f 2 1134 1133
f 2 1133 1132
f 2 1132 1131
f 2 1131 1130
f 2 1130 1116
f 2 1116 1054
f 2 1054 1006
f 2 1006 1005
f 2 1005 956
f 2 956 955
f 2 955 954
f 2 954 953
f 2 953 912
f 2 912 853
f 2 853 911
f 2 911 910
f 2 910 909
f 2 909 849
f 2 849 867
f 2 867 805
f 2 805 756
f 2 756 755
f 2 755 706
f 2 706 705
f 2 705 664
f 2 664 663
f 2 663 609
f 2 609 569
f 2 569 563
f 2 563 562
f 2 562 560
f 2 560 512
f 2 512 473
f 2 473 472
f 2 472 440
f 2 440 399
f 2 399 354
f 2 354 346
f 2 346 311
f 2 311 272
f 2 272 271
f 2 271 270
f 2 270 269
f 2 269 237
f 2 237 205
f 2 205 171
f 2 171 166
f 2 166 137
f 2 137 136
f 2 136 141
f 2 141 118
f 2 118 95
f 2 95 77
f 2 77 76
f 2 76 71
f 2 71 70
f 2 70 69
f 2 69 55
f 2 55 45
f 2 45 34
f 2 34 33
f 2 33 25
f 2 25 14
f 2 14 10
f 2 10 9
f 2 9 8
f 2 8 7
f 2 7 6
f 2 6 5
f 2 5 4
f 2 4 3
f 10 14 15
f 10 15 11
f 11 15 16
f 11 16 17
f 12 18 19
f 12 19 20
f 12 20 21
f 12 21 22
f 12 22 23
f 12 23 24
f 12 24 13
f 14 25 15
f 15 25 26
f 15 26 16
f 16 26 27
f 16 27 28
f 16 28 29
f 16 29 17
f 18 30 19
f 19 30 31
f 19 31 32
f 25 33 26
f 26 33 34
f 26 34 35
f 26 35 36
f 26 36 37
f 26 37 27
f 27 38 29
f 27 29 28
f 27 37 39
f 27 39 40
f 27 40 38
f 31 41 32
f 32 41 43
f 32 43 44
f 32 44 42
f 34 45 46
f 34 46 36
f 34 36 35
f 36 39 37
f 36 46 47
f 36 47 48
f 36 48 39
f 38 40 49
f 38 49 50
f 39 48 51
f 39 51 52
f 39 52 49
f 39 49 40
f 42 44 53
f 44 54 53
f 45 55 56
f 45 56 46
f 46 56 57
f 46 57 47
f 47 57 58
f 47 58 59
f 47 59 60
f 47 60 61
f 47 61 48
f 48 61 62
f 48 62 51
f 49 52 63
f 49 63 64
f 49 64 50
f 50 64 65
f 51 62 52
f 52 62 66
f 52 66 63
f 53 54 67
f 54 68 67
f 55 69 57
f 55 57 56
f 57 59 58
f 57 69 70
f 57 70 71
f 57 71 59
f 59 72 73
f 59 73 74
f 59 74 75
f 59 75 60
f 59 71 76
f 59 76 77
f 59 77 72
f 60 75 61
f 61 74 62
f 61 75 74
f 62 74 78
f 62 78 66
f 63 66 79
f 63 79 80
f 63 80 81
f 63 81 82
f 63 82 64
f 64 82 83
f 64 83 65
f 65 83 84
f 66 78 79
f 67 68 86
f 67 86 87
f 67 87 85
f 68 88 89
f 68 89 87
f 68 87 86
f 72 90 91
f 72 91 92
f 72 92 73
f 72 77 90
f 73 92 93
f 73 93 94
f 73 94 74
f 74 94 78
f 77 95 96
f 77 96 90
f 78 94 97
f 78 97 120
f 78 120 98
f 78 98 80
f 78 80 79
f 80 99 100
f 80 100 81
f 80 98 101
f 80 101 99
f 81 100 102
f 81 102 103
f 81 103 82
f 82 103 84
f 82 84 83
f 84 103 102
f 85 104 105
f 85 105 106
f 85 87 107
f 85 107 108
f 85 108 109
f 85 109 110
f 85 110 104
f 87 89 107
f 88 111 89
f 89 111 107
f 90 112 91
f 90 96 112
f 91 112 113
f 91 113 92
f 92 114 115
f 92 115 93
f 92 113 112
f 92 112 114
f 93 115 116
f 93 116 94
f 94 117 97
f 94 116 115
f 94 115 117
f 95 118 96
f 96 118 112
f 97 117 119
f 97 119 148
f 97 148 120
f 98 120 101
f 99 101 121
f 99 121 100
f 101 120 122
f 101 122 123
f 101 123 121
f 104 110 127
f 104 127 105
f 105 124 125
f 105 125 126
f 105 126 106
f 105 127 153
f 105 153 124
f 106 126 128
f 107 111 129
f 107 129 160
f 107 160 130
f 107 130 131
f 107 131 132
f 107 132 108
f 108 132 133
f 108 133 109
f 109 133 127
f 109 127 110
f 111 134 165
f 111 165 135
f 111 135 129
f 112 136 137
f 112 137 138
f 112 138 139
f 112 139 140
f 112 140 114
f 112 118 141
f 112 141 136
f 114 140 142
f 114 142 143
f 114 143 144
f 114 144 115
f 115 144 145
f 115 145 146
f 115 146 117
f 117 146 147
f 117 147 119
f 119 147 148
f 120 148 149
f 120 149 122
f 121 123 150
f 122 149 151
f 122 151 152
f 122 152 123
f 123 152 182
f 123 182 150
f 124 153 154
f 124 154 155
f 124 155 125
f 125 156 126
f 125 155 157
f 125 157 158
f 125 158 156
f 126 156 159
f 126 159 128
f 127 133 153
f 129 135 160
f 130 160 161
f 130 161 131
f 131 161 162
f 131 162 163
f 131 163 132
f 132 163 133
f 133 163 153
f 134 164 165
f 135 165 160
f 137 166 167
f 137 167 138
f 138 142 139
f 138 167 142
f 139 142 140
f 142 168 169
f 142 169 170
f 142 170 143
f 142 167 166
f 142 166 171
f 142 171 168
f 143 172 173
f 143 173 144
f 143 170 174
f 143 174 172
f 144 175 145
f 144 173 175
f 145 175 176
f 145 176 177
f 145 177 178
f 145 178 146
f 146 178 147
f 147 179 148
f 147 178 180
f 147 180 179
f 148 179 149
f 149 179 181
f 149 181 151
f 151 181 183
f 151 183 184
f 151 184 185
f 151 185 182
f 151 182 152
f 153 163 186
f 153 186 154
f 154 186 187
f 154 187 188
f 154 188 155
f 155 188 189
f 155 189 157
f 156 158 190
f 156 190 224
f 156 224 191
f 156 191 192
f 156 192 159
f 157 189 158
f 158 189 193
f 158 193 190
f 160 165 194
f 160 194 195
f 160 195 161
f 161 195 230
f 161 230 196
f 161 196 197
f 161 197 162
f 162 197 198
f 162 198 199
f 162 199 186
f 162 186 163
f 164 200 165
f 165 200 201
f 165 201 194
f 168 171 202
f 168 202 169
f 169 202 203
f 169 203 204
f 169 204 174
f 169 174 170
f 171 205 206
f 171 206 203
f 171 203 202
f 172 174 207
f 172 207 173
f 173 207 208
f 173 208 209
f 173 209 175
f 174 204 207
f 175 209 210
f 175 210 211
f 175 211 176
f 176 211 177
f 177 211 249
f 177 249 212
f 177 212 178
f 178 212 180
f 179 180 213
f 179 213 181
f 180 212 214
f 180 214 213
f 181 213 215
f 181 215 183
f 183 215 216
f 183 216 217
f 183 217 218
f 183 218 184
f 186 199 219
f 186 219 220
f 186 220 221
f 186 221 187
f 187 221 188
f 188 221 222
f 188 222 189
f 189 222 223
f 189 223 193
f 190 193 224
f 193 223 225
f 193 225 260
f 193 260 226
f 193 226 224
f 194 201 227
f 194 227 228
f 194 228 229
f 194 229 230
f 194 230 195
f 196 230 231
f 196 231 197
f 197 231 232
f 197 232 233
f 197 233 234
f 197 234 235
f 197 235 220
f 197 220 198
f 198 220 199
f 199 220 219
f 200 236 201
f 201 236 227
f 203 206 207
f 203 207 204
f 205 237 206
f 206 238 239
f 206 239 207
f 206 237 238
f 207 240 208
f 207 239 241
f 207 241 242
f 207 242 243
f 207 243 240
f 208 244 245
f 208 245 209
f 208 240 244
f 209 246 210
f 209 245 247
f 209 247 248
f 209 248 246
f 210 246 211
f 211 246 249
f 212 249 250
f 212 250 214
f 213 214 251
f 213 251 253
f 213 253 215
f 214 250 252
f 214 252 251
f 215 253 216
f 216 253 254
f 216 254 217
f 217 254 255
f 220 235 234
f 220 234 256
f 220 256 257
f 220 257 221
f 221 257 222
f 222 257 258
f 222 258 223
f 223 258 259
f 223 259 225
f 225 259 260
f 227 261 262
f 227 262 263
f 227 263 228
f 227 236 261
f 228 263 264
f 228 264 229
f 229 264 265
f 229 265 230
f 230 265 231
f 231 265 266
f 231 266 233
f 231 233 232
f 233 266 267
f 233 267 268
f 233 268 234
f 234 268 256
f 237 269 238
f 238 269 270
f 238 270 271
f 238 271 272
f 238 272 273
f 238 273 239
f 239 273 241
f 240 243 274
f 240 274 244
f 241 275 276
f 241 276 277
f 241 277 243
f 241 243 242
f 241 273 278
f 241 278 275
f 243 277 279
f 243 279 274
f 244 274 245
f 245 274 279
f 245 279 280
f 245 280 247
f 246 281 249
f 246 248 282
f 246 282 283
f 246 283 284
f 246 284 281
f 247 280 285
f 247 285 282
f 247 282 248
f 249 281 250
f 250 281 286
f 250 286 288
f 250 288 252
f 251 252 287
f 251 287 253
f 252 288 287
f 253 287 289
f 253 289 254
f 254 289 290
f 254 290 255
f 255 290 291
f 256 268 309
f 256 309 292
f 256 292 257
f 257 293 294
f 257 294 295
f 257 295 258
f 257 292 293
f 258 295 296
f 258 296 259
f 259 296 335
f 259 335 297
f 259 297 260
f 260 297 298
f 261 299 263
f 261 263 262
f 263 299 300
f 263 300 301
f 263 301 264
f 264 301 302
f 264 302 303
f 264 303 265
f 265 303 304
f 265 304 266
f 266 304 305
f 266 305 306
f 266 306 307
f 266 307 267
f 267 307 308
f 267 308 309
f 267 309 268
f 272 310 273
f 272 311 312
f 272 312 310
f 273 310 278
f 275 278 313
f 275 313 314
f 275 314 315
f 275 315 317
f 275 317 276
f 276 316 280
f 276 280 279
f 276 279 277
f 276 317 318
f 276 318 316
f 278 310 319
f 278 319 320
f 278 320 321
f 278 321 313
f 280 316 318
f 280 318 285
f 281 284 324
f 281 324 286
f 282 285 318
f 282 318 322
f 282 322 283
f 283 322 284
f 284 322 323
f 284 323 360
f 284 360 324
f 286 324 288
f 287 288 325
f 287 325 289
f 288 326 325
f 288 324 327
f 288 327 326
f 289 325 328
f 289 328 329
f 289 329 330
f 289 330 290
f 290 331 291
f 290 330 331
f 292 309 332
f 292 332 293
f 293 332 333
f 293 333 294
f 294 333 374
f 294 374 334
f 294 334 295
f 295 334 296
f 296 334 335
f 297 335 298
f 298 335 336
f 300 337 338
f 300 338 301
f 301 338 339
f 301 339 302
f 302 339 340
f 302 340 341
f 302 341 303
f 303 341 305
f 303 305 304
f 305 341 342
f 305 342 343
f 305 343 306
f 306 308 307
f 306 343 344
f 306 344 308
f 308 344 345
f 308 345 309
f 309 345 332
f 310 312 346
f 310 346 319
f 311 346 312
f 313 321 314
f 314 321 347
f 314 347 315
f 315 347 348
f 315 348 349
f 315 349 350
f 315 350 317
f 317 351 318
f 317 350 352
f 317 352 353
f 317 353 351
f 318 351 322
f 319 346 354
f 319 354 355
f 319 355 320
f 320 355 356
f 320 356 321
f 321 356 347
f 322 351 357
f 322 357 323
f 323 357 358
f 323 358 359
f 323 359 360
f 324 360 327
f 325 326 328
f 326 327 361
f 326 361 362
f 326 362 328
f 327 360 363
f 327 363 364
f 327 364 361
f 328 362 329
f 329 362 365
f 329 365 366
f 329 366 330
f 330 366 367
f 330 367 368
f 330 368 369
f 330 369 331
f 332 345 370
f 332 370 333
f 333 370 371
f 333 371 372
f 333 372 373
f 333 373 374
f 334 374 375
f 334 375 335
f 335 375 336
f 336 375 374
f 336 374 376
f 336 376 377
f 337 378 379
f 337 379 338
f 338 379 380
f 338 380 339
f 339 380 381
f 339 381 382
f 339 382 340
f 340 382 383
f 340 383 341
f 341 383 384
f 341 384 342
f 342 384 385
f 342 385 386
f 342 386 387
f 342 387 343
f 343 387 388
f 343 388 344
f 344 388 389
f 344 389 345
f 345 389 370
f 347 356 349
f 347 349 348
f 349 356 390
f 349 390 391
f 349 391 392
f 349 392 352
f 349 352 350
f 351 353 393
f 351 393 358
f 351 358 357
f 352 394 395
f 352 395 353
f 352 392 396
f 352 396 397
f 352 397 398
f 352 398 394
f 353 395 393
f 354 399 355
f 355 399 356
f 356 399 400
f 356 400 390
f 358 393 401
f 358 401 402
f 358 402 359
f 359 363 360
f 359 402 403
f 359 403 404
f 359 404 363
f 361 365 362
f 361 364 405
f 361 405 365
f 363 404 406
f 363 406 364
f 364 406 445
f 364 445 405
f 365 405 366
f 366 405 407
f 366 407 367
f 367 407 408
f 370 389 371
f 371 389 409
f 371 409 410
f 371 410 411
f 371 411 372
f 372 411 412
f 372 412 373
f 373 412 413
f 373 413 414
f 373 414 374
f 374 414 415
f 374 415 376
f 376 415 416
f 376 416 377
f 378 417 379
f 379 417 380
f 380 417 381
f 381 418 419
f 381 419 420
f 381 420 382
f 381 417 421
f 381 421 418
f 382 420 422
f 382 422 423
f 382 423 424
f 382 424 383
f 383 424 425
f 383 425 384
f 384 425 385
f 385 425 426
f 385 426 427
f 385 427 428
f 385 428 429
f 385 429 387
f 385 387 386
f 387 429 430
f 387 430 388
f 388 430 389
f 389 430 409
f 390 400 391
f 391 431 392
f 391 400 432
f 391 432 433
f 391 433 434
f 391 434 435
f 391 435 431
f 392 431 396
f 393 395 401
f 394 436 395
f 394 398 437
f 394 437 438
f 394 438 436
f 395 436 401
f 396 431 435
f 396 435 439
f 396 439 397
f 397 439 398
f 398 439 437
f 399 440 441
f 399 441 400
f 400 441 432
f 401 436 442
f 401 442 402
f 402 442 444
f 402 444 403
f 403 443 406
f 403 406 404
f 403 444 443
f 405 445 407
f 406 443 446
f 406 446 445
f 407 445 447
f 407 447 448
f 407 448 449
f 407 449 408
f 408 449 450
f 409 430 451
f 409 451 410
f 410 451 452
f 410 452 453
f 410 453 454
f 410 454 411
f 411 454 412
f 412 454 455
f 412 455 413
f 413 456 415
f 413 415 414
f 413 455 457
f 413 457 458
f 413 458 456
f 415 459 416
f 415 456 459
f 416 459 460
f 419 461 420
f 420 461 462
f 420 462 422
f 422 462 463
f 422 463 464
f 422 464 465
f 422 465 423
f 423 465 424
f 424 465 466
f 424 466 425
f 425 466 427
f 425 427 426
f 427 466 467
f 427 467 468
f 427 468 469
f 427 469 428
f 428 469 470
f 428 470 471
f 428 471 429
f 429 471 430
f 430 471 452
f 430 452 451
f 432 441 433
f 433 472 473
f 433 473 434
f 433 441 440
f 433 440 472
f 434 474 435
f 434 473 475
f 434 475 474
f 435 474 476
f 435 476 439
f 436 438 477
f 436 477 478
f 436 478 479
f 436 479 480
f 436 480 481
f 436 481 482
f 436 482 442
f 437 439 483
f 437 483 484
f 437 484 485
f 437 485 478
f 437 478 477
f 437 477 438
f 439 476 484
f 439 484 483
f 442 482 486
f 442 486 444
f 443 444 487
f 443 487 446
f 444 486 487
f 445 446 447
f 446 487 488
f 446 488 447
f 447 449 448
f 447 488 449
f 449 489 450
f 449 488 490
f 449 490 489
f 452 471 491
f 452 491 534
f 452 534 492
f 452 492 493
f 452 493 453
f 453 493 494
f 453 494 454
f 454 494 455
f 455 494 457
f 456 458 495
f 456 495 459
f 457 494 496
f 457 496 458
f 458 497 498
f 458 498 495
f 458 496 499
f 458 499 497
f 459 495 500
f 459 500 460
f 461 501 462
f 462 501 502
f 462 502 463
f 463 503 464
f 463 502 504
f 463 504 505
f 463 505 506
f 463 506 507
f 463 507 503
f 464 467 466
f 464 466 465
f 464 503 467
f 467 503 508
f 467 508 468
f 468 508 503
f 468 503 509
f 468 509 510
f 468 510 511
f 468 511 469
f 469 511 470
f 470 491 471
f 470 511 534
f 470 534 491
f 473 512 513
f 473 513 475
f 474 514 515
f 474 515 516
f 474 516 476
f 474 475 517
f 474 517 514
f 475 513 518
f 475 518 519
f 475 519 517
f 476 516 484
f 478 485 520
f 478 520 521
f 478 521 522
f 478 522 479
f 479 522 523
f 479 523 524
f 479 524 480
f 480 524 481
f 481 486 482
f 481 524 525
f 481 525 526
f 481 526 486
f 484 516 485
f 485 516 520
f 486 526 527
f 486 527 528
f 486 528 529
f 486 529 530
f 486 530 531
f 486 531 487
f 487 531 488
f 488 531 532
f 488 532 490
f 490 532 533
f 492 534 535
f 492 535 493
f 493 535 536
f 493 536 494
f 494 537 496
f 494 536 538
f 494 538 537
f 496 537 539
f 496 539 540
f 496 540 541
f 496 541 499
f 497 499 542
f 499 541 542
f 502 543 504
f 503 507 544
f 503 544 509
f 504 543 545
f 504 545 546
f 504 546 506
f 504 506 505
f 506 546 547
f 506 547 548
f 506 548 507
f 507 548 549
f 507 549 550
f 507 550 551
f 507 551 510
f 507 510 544
f 509 544 510
f 510 552 553
f 510 553 511
f 510 551 554
f 510 554 550
f 510 550 555
f 510 555 556
f 510 556 557
f 510 557 558
f 510 558 559
f 510 559 552
f 511 553 534
f 512 560 561
f 512 561 513
f 513 561 562
f 513 562 563
f 513 563 518
f 514 564 565
f 514 565 515
f 514 517 566
f 514 566 564
f 515 565 516
f 516 565 570
f 516 570 520
f 517 567 568
f 517 568 566
f 517 519 567
f 518 563 569
f 518 569 567
f 518 567 519
f 520 570 571
f 520 571 521
f 521 571 572
f 521 572 522
f 522 572 573
f 522 573 523
f 523 573 574
f 523 574 525
f 523 525 524
f 525 574 575
f 525 575 576
f 525 576 526
f 526 576 577
f 526 577 527
f 527 577 578
f 527 578 579
f 527 579 528
f 528 579 580
f 528 580 529
f 529 580 581
f 529 581 530
f 530 581 532
f 530 532 531
f 532 582 583
f 532 583 533
f 532 581 584
f 532 584 585
f 532 585 582
f 534 553 535
f 535 553 586
f 535 586 587
f 535 587 536
f 536 587 538
f 537 538 589
f 537 589 588
f 537 588 539
f 538 587 630
f 538 630 589
f 539 588 634
f 539 634 590
f 539 590 540
f 540 590 591
f 540 591 541
f 541 591 592
f 541 592 542
f 545 593 594
f 545 594 546
f 546 594 547
f 547 594 595
f 547 595 548
f 548 595 549
f 549 595 596
f 549 596 597
f 549 597 550
f 550 597 555
f 550 554 551
f 552 586 553
f 552 559 598
f 552 598 586
f 555 597 556
f 556 597 558
f 556 558 557
f 558 599 559
f 558 597 600
f 558 600 601
f 558 601 602
f 558 602 603
f 558 603 604
f 558 604 599
f 559 599 598
f 560 562 561
f 564 566 565
f 565 566 605
f 565 605 606
f 565 606 570
f 566 568 607
f 566 607 608
f 566 608 605
f 567 569 568
f 568 569 609
f 568 609 610
f 568 610 611
f 568 611 607
f 570 606 571
f 571 606 572
f 572 606 612
f 572 612 613
f 572 613 573
f 573 613 575
f 573 575 574
f 575 613 614
f 575 614 615
f 575 615 616
f 575 616 576
f 576 616 577
f 577 616 617
f 577 617 618
f 577 618 619
f 577 619 620
f 577 620 578
f 578 620 621
f 578 621 622
f 578 622 579
f 579 622 623
f 579 623 624
f 579 624 580
f 580 625 581
f 580 624 623
f 580 623 626
f 580 626 627
f 580 627 625
f 581 625 584
f 584 628 585
f 584 625 629
f 584 629 628
f 586 598 630
f 586 630 587
f 588 589 631
f 588 631 632
f 588 632 633
f 588 633 634
f 589 630 635
f 589 635 631
f 590 634 591
f 591 634 636
f 591 636 592
f 592 636 637
f 593 638 594
f 594 638 639
f 594 639 640
f 594 640 595
f 595 640 641
f 595 641 596
f 596 642 643
f 596 643 644
f 596 644 597
f 596 641 642
f 597 644 600
f 598 599 645
f 598 645 630
f 599 604 653
f 599 653 645
f 600 644 601
f 601 646 647
f 601 647 648
f 601 648 649
f 601 649 650
f 601 650 651
f 601 651 602
f 601 644 646
f 602 651 603
f 603 651 697
f 603 697 652
f 603 652 604
f 604 652 653
f 605 608 606
f 606 608 654
f 606 654 655
f 606 655 656
f 606 656 612
f 607 611 657
f 607 657 658
f 607 658 659
f 607 659 608
f 608 660 654
f 608 659 661
f 608 661 662
f 608 662 660
f 609 663 610
f 610 663 664
f 610 664 611
f 611 664 665
f 611 665 666
f 611 666 657
f 612 656 614
f 612 614 613
f 614 656 667
f 614 667 615
f 615 667 668
f 615 668 617
f 615 617 616
f 617 669 618
f 617 668 670
f 617 670 671
f 617 671 672
f 617 672 669
f 618 669 619
f 619 669 673
f 619 673 674
f 619 674 621
f 619 621 620
f 621 675 622
f 621 674 675
f 622 675 623
f 623 675 626
f 625 627 676
f 625 676 629
f 626 675 677
f 626 677 627
f 627 677 676
f 630 645 635
f 631 635 682
f 631 682 678
f 631 678 679
f 631 679 632
f 632 679 633
f 633 680 634
f 633 679 681
f 633 681 680
f 634 680 636
f 635 645 653
f 635 653 682
f 636 683 637
f 636 680 684
f 636 684 683
f 638 685 639
f 639 686 687
f 639 687 688
f 639 688 640
f 639 685 686
f 640 688 642
f 640 642 641
f 642 688 647
f 642 647 643
f 643 647 646
f 643 646 644
f 647 689 690
f 647 690 691
f 647 691 692
f 647 692 693
f 647 693 648
f 647 688 689
f 648 693 649
f 649 693 694
f 649 694 695
f 649 695 696
f 649 696 650
f 650 696 651
f 651 696 697
f 652 697 698
f 652 698 653
f 653 698 682
f 654 660 699
f 654 699 655
f 655 699 656
f 656 699 667
f 657 666 700
f 657 700 658
f 658 700 701
f 658 701 702
f 658 702 703
f 658 703 661
f 658 661 659
f 660 662 699
f 661 703 662
f 662 703 704
f 662 704 699
f 664 705 665
f 665 705 706
f 665 706 707
f 665 707 666
f 666 707 700
f 667 699 704
f 667 704 708
f 667 708 709
f 667 709 671
f 667 671 670
f 667 670 668
f 669 672 673
f 671 709 710
f 671 710 711
f 671 711 712
f 671 712 672
f 672 712 713
f 672 713 673
f 673 713 674
f 674 713 714
f 674 714 715
f 674 715 716
f 674 716 717
f 674 717 718
f 674 718 676
f 674 676 675
f 675 676 677
f 676 718 719
f 676 719 720
f 676 720 721
f 676 721 722
f 678 682 723
f 678 723 724
f 678 724 679
f 679 725 681
f 679 724 725
f 680 681 684
f 681 725 726
f 681 726 727
f 681 727 728
f 681 728 729
f 681 729 684
f 682 698 723
f 683 684 730
f 684 731 730
f 684 729 778
f 684 778 731
f 687 732 733
f 687 733 734
f 687 734 688
f 688 734 689
f 689 733 735
f 689 735 736
f 689 736 690
f 689 734 733
f 690 736 691
f 691 737 738
f 691 738 693
f 691 693 692
f 691 736 737
f 693 738 739
f 693 739 740
f 693 740 741
f 693 741 694
f 694 741 742
f 694 742 695
f 695 742 743
f 695 743 696
f 696 743 744
f 696 744 745
f 696 745 697
f 697 745 746
f 697 746 698
f 698 747 723
f 698 746 745
f 698 745 747
f 700 707 748
f 700 748 701
f 701 748 749
f 701 749 750
f 701 750 702
f 702 750 703
f 703 750 751
f 703 751 704
f 704 751 752
f 704 752 753
f 704 753 754
f 704 754 708
f 706 755 707
f 707 755 756
f 707 756 748
f 708 754 710
f 708 710 709
f 710 754 711
f 711 754 757
f 711 757 758
f 711 758 712
f 712 758 759
f 712 759 714
f 712 714 713
f 714 759 715
f 715 759 760
f 715 760 761
f 715 761 762
f 715 762 716
f 716 762 763
f 716 763 764
f 716 764 717
f 717 765 718
f 717 764 765
f 718 765 721
f 718 721 720
f 718 720 719
f 721 765 764
f 721 764 766
f 721 766 767
f 721 767 768
f 721 768 722
f 723 747 724
f 724 747 769
f 724 769 726
f 724 726 725
f 726 770 771
f 726 771 772
f 726 772 773
f 726 773 774
f 726 774 728
f 726 728 727
f 726 769 770
f 728 775 729
f 728 774 773
f 728 773 776
f 728 776 777
f 728 777 775
f 729 775 778
f 732 779 733
f 733 779 780
f 733 780 735
f 735 780 781
f 735 781 782
f 735 782 737
f 735 737 736
f 737 782 783
f 737 783 738
f 738 783 784
f 738 784 785
f 738 785 739
f 739 785 740
f 740 785 786
f 740 786 787
f 740 787 741
f 741 787 788
f 741 788 789
f 741 789 790
f 741 790 742
f 742 790 743
f 743 790 744
f 744 791 745
f 744 790 792
f 744 792 791
f 745 791 793
f 745 793 794
f 745 794 747
f 747 794 795
f 747 795 769
f 748 756 796
f 748 796 749
f 749 796 797
f 749 797 798
f 749 798 750
f 750 798 799
f 750 799 800
f 750 800 751
f 751 800 801
f 751 801 753
f 751 753 752
f 753 801 802
f 753 802 803
f 753 803 804
f 753 804 754
f 754 804 757
f 756 805 796
f 757 804 806
f 757 806 807
f 757 807 758
f 758 807 759
f 759 807 760
f 760 807 806
f 760 806 808
f 760 808 809
f 760 809 810
f 760 810 761
f 761 810 811
f 761 811 812
f 761 812 762
f 762 812 763
f 763 813 766
f 763 766 764
f 763 812 814
f 763 814 813
f 766 815 878
f 766 878 816
f 766 816 817
f 766 817 767
f 766 813 815
f 769 795 818
f 769 818 770
f 770 819 820
f 770 820 771
f 770 818 821
f 770 821 819
f 771 820 772
f 772 820 880
f 772 880 822
f 772 822 823
f 772 823 824
f 772 824 773
f 773 824 776
f 775 777 778
f 776 825 826
f 776 826 777
f 776 824 823
f 776 823 827
f 776 827 828
f 776 828 825
f 777 826 825
f 777 825 829
f 777 829 830
f 777 830 778
f 781 831 782
f 782 831 832
f 782 832 783
f 783 832 784
f 784 832 785
f 785 832 786
f 786 833 834
f 786 834 835
f 786 835 836
f 786 836 787
f 786 832 837
f 786 837 833
f 787 836 788
f 788 838 790
f 788 790 789
f 788 836 839
f 788 839 840
f 788 840 838
f 790 838 841
f 790 841 792
f 791 842 793
f 791 792 843
f 791 843 842
f 792 840 844
f 792 844 845
f 792 845 846
f 792 846 843
f 792 841 840
f 793 842 847
f 793 847 794
f 794 847 795
f 795 847 818
f 796 805 848
f 796 848 849
f 796 849 850
f 796 850 851
f 796 851 797
f 797 851 850
f 797 850 849
f 797 849 852
f 797 852 853
f 797 853 854
f 797 854 855
f 797 855 856
f 797 856 857
f 797 857 798
f 798 857 858
f 798 858 859
f 798 859 860
f 798 860 799
f 799 860 861
f 799 861 800
f 800 861 802
f 800 802 801
f 802 861 862
f 802 862 803
f 803 863 864
f 803 864 804
f 803 862 865
f 803 865 866
f 803 866 863
f 804 864 808
f 804 808 806
f 805 867 848
f 808 863 868
f 808 868 809
f 808 864 863
f 809 811 810
f 809 868 869
f 809 869 870
f 809 870 871
f 809 871 811
f 811 871 872
f 811 872 812
f 812 872 814
f 813 873 815
f 813 814 874
f 813 874 873
f 814 872 875
f 814 875 876
f 814 876 877
f 814 877 874
f 815 873 878
f 818 847 821
f 819 821 879
f 819 879 820
f 820 879 880
f 821 842 881
f 821 881 879
f 821 847 842
f 822 880 882
f 822 882 883
f 822 883 823
f 823 883 884
f 823 884 888
f 823 888 827
f 825 828 885
f 825 885 886
f 825 886 887
f 825 887 829
f 827 888 885
f 827 885 828
f 831 889 832
f 832 889 897
f 832 897 837
f 833 837 890
f 834 891 892
f 834 892 835
f 834 893 891
f 835 892 894
f 835 894 836
f 836 894 895
f 836 895 896
f 836 896 839
f 837 897 890
f 838 840 841
f 839 896 840
f 840 896 844
f 842 898 899
f 842 899 881
f 842 843 900
f 842 900 898
f 843 846 901
f 843 901 904
f 843 904 900
f 844 846 845
f 844 896 902
f 844 902 846
f 846 903 904
f 846 904 901
f 846 902 905
f 846 905 906
f 846 906 907
f 846 907 908
f 846 908 903
f 848 867 849
f 849 909 852
f 852 909 910
f 852 910 911
f 852 911 853
f 853 912 913
f 853 913 914
f 853 914 854
f 854 914 915
f 854 915 916
f 854 916 855
f 855 916 856
f 856 916 857
f 857 916 917
f 857 917 918
f 857 918 919
f 857 919 858
f 858 919 859
f 859 862 861
f 859 861 860
f 859 919 862
f 862 919 865
f 863 866 868
f 865 919 918
f 865 918 920
f 865 920 921
f 865 921 866
f 866 921 922
f 866 922 869
f 866 869 868
f 869 922 923
f 869 923 870
f 870 923 871
f 871 923 924
f 871 924 875
f 871 875 872
f 873 925 878
f 873 874 925
f 874 877 926
f 875 924 876
f 876 924 927
f 876 927 928
f 876 928 877
f 877 928 929
f 877 929 926
f 879 881 899
f 879 899 930
f 879 930 880
f 880 930 882
f 882 930 883
f 883 931 932
f 883 932 933
f 883 933 934
f 883 934 884
f 883 930 931
f 884 934 888
f 885 888 935
f 885 935 936
f 885 936 886
f 888 934 937
f 888 937 935
f 891 894 892
f 891 893 938
f 891 938 939
f 891 939 894
f 894 939 940
f 894 940 902
f 894 902 895
f 895 902 896
f 898 900 899
f 899 941 930
f 899 900 941
f 900 904 942
f 900 942 980
f 900 980 941
f 902 940 943
f 902 943 905
f 903 908 944
f 903 944 904
f 904 944 942
f 905 943 993
f 905 993 945
f 905 945 907
f 905 907 906
f 907 945 946
f 907 946 947
f 907 947 948
f 907 948 949
f 907 949 908
f 908 950 944
f 908 949 951
f 908 951 952
f 908 952 950
f 912 953 913
f 913 953 954
f 913 954 955
f 913 955 956
f 913 956 957
f 913 957 958
f 913 958 959
f 913 959 960
f 913 960 961
f 913 961 962
f 913 962 963
f 913 963 964
f 913 964 965
f 913 965 966
f 913 966 914
f 914 966 917
f 914 917 915
f 915 917 916
f 917 920 918
f 917 966 920
f 920 966 967
f 920 967 921
f 921 967 966
f 921 966 965
f 921 965 968
f 921 968 969
f 921 969 970
f 921 970 971
f 921 971 922
f 922 971 972
f 922 972 924
f 922 924 923
f 924 972 973
f 924 973 974
f 924 974 927
f 926 929 975
f 927 974 976
f 927 976 977
f 927 977 928
f 928 977 978
f 928 978 929
f 929 978 979
f 929 979 975
f 930 941 931
f 931 941 980
f 931 980 932
f 932 980 981
f 932 981 982
f 932 982 933
f 933 982 983
f 933 983 984
f 933 984 934
f 934 984 937
f 935 937 985
f 935 985 986
f 935 986 987
f 935 987 936
f 937 984 985
f 938 988 989
f 938 989 939
f 939 989 990
f 939 990 991
f 939 991 992
f 939 992 940
f 940 992 943
f 942 944 981
f 942 981 980
f 943 992 993
f 944 950 994
f 944 994 981
f 945 993 946
f 946 995 996
f 946 996 997
f 946 997 947
f 946 993 995
f 947 997 948
f 948 997 998
f 948 998 999
f 948 999 951
f 948 951 949
f 950 1000 994
f 950 952 1001
f 950 1001 1000
f 951 1002 952
f 951 999 1048
f 951 1048 1003
f 951 1003 1050
f 951 1050 1002
f 952 1002 1004
f 952 1004 1001
f 956 1005 957
f 957 1005 1006
f 957 1006 1007
f 957 1007 958
f 958 1007 959
f 959 1007 1008
f 959 1008 1009
f 959 1009 960
f 960 1009 1010
f 960 1010 1011
f 960 1011 1012
f 960 1012 1013
f 960 1013 961
f 961 1013 1014
f 961 1014 1015
f 961 1015 1016
f 961 1016 1017
f 961 1017 962
f 962 1017 1018
f 962 1018 1019
f 962 1019 1020
f 962 1020 963
f 963 1020 1021
f 963 1021 969
f 963 969 964
f 964 969 968
f 964 968 965
f 969 1021 1022
f 969 1022 970
f 970 1022 971
f 971 1022 972
f 972 1022 973
f 973 1022 1023
f 973 1023 976
f 973 976 974
f 975 979 1024
f 976 1023 1025
f 976 1025 977
f 977 1025 1026
f 977 1026 1027
f 977 1027 1028
f 977 1028 978
f 978 1028 1029
f 978 1029 979
f 979 1029 1030
f 979 1030 1024
f 981 994 982
f 982 994 983
f 983 994 1000
f 983 1000 1031
f 983 1031 1032
f 983 1032 1033
f 983 1033 1034
f 983 1034 1093
f 983 1093 1035
f 983 1035 1036
f 983 1036 984
f 984 1036 985
f 985 1036 1037
f 985 1037 986
f 986 1038 987
f 986 1037 1039
f 986 1039 1040
f 986 1040 1038
f 988 1041 989
f 989 1041 990
f 990 1042 1043
f 990 1043 991
f 991 995 992
f 991 1043 1044
f 991 1044 1045
f 991 1045 995
f 992 995 993
f 995 1045 996
f 996 1045 1046
f 996 1046 1047
f 996 1047 997
f 997 1047 1048
f 997 1048 998
f 998 1048 999
f 1000 1001 1031
f 1001 1004 1049
f 1001 1049 1031
f 1002 1050 1051
f 1002 1051 1049
f 1002 1049 1004
f 1003 1048 1052
f 1003 1052 1053
f 1003 1053 1050
f 1006 1054 1007
f 1007 1054 1008
f 1008 1054 1055
f 1008 1055 1009
f 1009 1055 1010
f 1010 1055 1011
f 1011 1056 1057
f 1011 1057 1058
f 1011 1058 1059
f 1011 1059 1012
f 1011 1055 1060
f 1011 1060 1061
f 1011 1061 1062
f 1011 1062 1056
f 1012 1063 1064
f 1012 1064 1013
f 1012 1059 1065
f 1012 1065 1063
f 1013 1064 1014
f 1014 1064 1015
f 1015 1066 1067
f 1015 1067 1016
f 1015 1064 1063
f 1015 1063 1066
f 1016 1067 1017
f 1017 1068 1069
f 1017 1069 1018
f 1017 1067 1068
f 1018 1069 1070
f 1018 1070 1019
f 1019 1070 1071
f 1019 1071 1021
f 1019 1021 1020
f 1021 1071 1022
f 1022 1071 1023
f 1023 1071 1072
f 1023 1072 1025
f 1024 1030 1073
f 1025 1072 1069
f 1025 1069 1074
f 1025 1074 1075
f 1025 1075 1026
f 1026 1075 1027
f 1027 1076 1028
f 1027 1075 1074
f 1027 1074 1077
f 1027 1077 1078
f 1027 1078 1079
f 1027 1079 1080
f 1027 1080 1081
f 1027 1081 1082
f 1027 1082 1083
f 1027 1083 1084
f 1027 1084 1076
f 1028 1076 1085
f 1028 1085 1029
f 1029 1085 1030
f 1030 1085 1086
f 1030 1086 1073
f 1031 1049 1032
f 1032 1049 1087
f 1032 1087 1033
f 1033 1087 1088
f 1033 1088 1089
f 1033 1089 1090
f 1033 1090 1091
f 1033 1091 1092
f 1033 1092 1034
f 1034 1092 1093
f 1035 1093 1037
f 1035 1037 1036
f 1037 1093 1091
f 1037 1091 1090
f 1037 1090 1094
f 1037 1094 1095
f 1037 1095 1096
f 1037 1096 1039
f 1039 1096 1097
f 1039 1097 1040
f 1042 1098 1044
f 1042 1044 1043
f 1044 1098 1099
f 1044 1099 1100
f 1044 1100 1045
f 1045 1100 1101
f 1045 1101 1046
f 1046 1101 1102
f 1046 1102 1103
f 1046 1103 1104
f 1046 1104 1105
f 1046 1105 1106
f 1046 1106 1047
f 1047 1106 1107
f 1047 1107 1048
f 1048 1107 1108
f 1048 1108 1052
f 1049 1051 1109
f 1049 1109 1110
f 1049 1110 1111
f 1049 1111 1087
f 1050 1053 1112
f 1050 1112 1109
f 1050 1109 1051
f 1052 1108 1113
f 1052 1113 1114
f 1052 1114 1115
f 1052 1115 1053
f 1053 1115 1112
f 1054 1116 1055
f 1055 1116 1117
f 1055 1117 1060
f 1056 1062 1118
f 1056 1118 1119
f 1056 1119 1057
f 1057 1119 1120
f 1057 1120 1058
f 1058 1121 1122
f 1058 1122 1123
f 1058 1123 1124
f 1058 1124 1059
f 1058 1120 1125
f 1058 1125 1126
f 1058 1126 1127
f 1058 1127 1128
f 1058 1128 1129
f 1058 1129 1121
f 1059 1124 1065
f 1060 1117 1130
f 1060 1130 1131
f 1060 1131 1132
f 1060 1132 1133
f 1060 1133 1134
f 1060 1134 1135
f 1060 1135 1136
f 1060 1136 1061
f 1061 1136 1062
f 1062 1136 1137
f 1062 1137 1135
f 1062 1135 1118
f 1063 1065 1124
f 1063 1124 1138
f 1063 1138 1139
f 1063 1139 1066
f 1066 1079 1078
f 1066 1078 1140
f 1066 1140 1067
f 1066 1139 1080
f 1066 1080 1079
f 1067 1140 1068
f 1068 1140 1069
f 1069 1072 1070
f 1069 1140 1074
f 1070 1072 1071
f 1074 1140 1077
f 1076 1141 1085
f 1076 1084 1142
f 1076 1142 1141
f 1077 1140 1078
f 1080 1139 1143
f 1080 1143 1144
f 1080 1144 1081
f 1081 1144 1145
f 1081 1145 1082
f 1082 1145 1083
f 1083 1142 1084
f 1083 1145 1146
f 1083 1146 1142
f 1085 1141 1147
f 1085 1147 1086
f 1087 1148 1151
f 1087 1151 1088
f 1087 1111 1149
f 1087 1149 1148
f 1088 1150 1089
f 1088 1151 1152
f 1088 1152 1150
f 1089 1153 1154
f 1089 1154 1095
f 1089 1095 1090
f 1089 1150 1152
f 1089 1152 1153
f 1090 1095 1094
f 1091 1093 1092
f 1095 1154 1155
f 1095 1155 1209
f 1095 1209 1156
f 1095 1156 1096
f 1096 1156 1157
f 1096 1157 1158
f 1096 1158 1159
f 1096 1159 1097
f 1099 1160 1161
f 1099 1161 1100
f 1100 1161 1101
f 1101 1161 1162
f 1101 1162 1163
f 1101 1163 1164
f 1101 1164 1102
f 1102 1164 1103
f 1103 1165 1166
f 1103 1166 1167
f 1103 1167 1168
f 1103 1168 1104
f 1103 1164 1165
f 1104 1168 1105
f 1105 1168 1169
f 1105 1169 1170
f 1105 1170 1113
f 1105 1113 1107
f 1105 1107 1106
f 1107 1113 1108
f 1109 1112 1110
f 1110 1112 1171
f 1110 1171 1111
f 1111 1171 1172
f 1111 1172 1173
f 1111 1173 1149
f 1112 1115 1171
f 1113 1170 1114
f 1114 1170 1115
f 1115 1170 1174
f 1115 1174 1175
f 1115 1175 1172
f 1115 1172 1171
f 1116 1130 1117
f 1118 1135 1119
f 1119 1135 1176
f 1119 1176 1125
f 1119 1125 1120
f 1121 1177 1122
f 1121 1129 1178
f 1121 1178 1179
f 1121 1179 1177
f 1122 1177 1180
f 1122 1180 1143
f 1122 1143 1123
f 1123 1143 1138
f 1123 1138 1124
f 1125 1176 1135
f 1125 1135 1181
f 1125 1181 1127
f 1125 1127 1126
f 1127 1182 1128
f 1127 1181 1183
f 1127 1183 1184
f 1127 1184 1182
f 1128 1182 1185
f 1128 1185 1129
f 1129 1185 1186
f 1129 1186 1178
f 1134 1187 1135
f 1135 1187 1188
f 1135 1188 1189
f 1135 1189 1190
f 1135 1190 1183
f 1135 1183 1181
f 1135 1137 1136
f 1138 1143 1139
f 1141 1191 1147
f 1141 1142 1192
f 1141 1192 1193
f 1141 1193 1194
f 1141 1194 1191
f 1142 1195 1193
f 1142 1193 1192
f 1142 1146 1196
f 1142 1196 1197
f 1142 1197 1195
f 1143 1180 1144
f 1144 1180 1177
f 1144 1177 1198
f 1144 1198 1199
f 1144 1199 1145
f 1145 1199 1200
f 1145 1200 1146
f 1146 1200 1196
f 1148 1149 1201
f 1148 1201 1151
f 1149 1173 1202
f 1149 1202 1203
f 1149 1203 1201
f 1151 1201 1204
f 1151 1204 1205
f 1151 1205 1206
f 1151 1206 1152
f 1152 1206 1207
f 1152 1207 1153
f 1153 1208 1155
f 1153 1155 1154
f 1153 1207 1208
f 1155 1208 1209
f 1156 1209 1157
f 1157 1209 1210
f 1160 1162 1161
f 1163 1165 1164
f 1165 1211 1212
f 1165 1212 1166
f 1166 1212 1167
f 1167 1213 1168
f 1167 1212 1214
f 1167 1214 1215
f 1167 1215 1216
f 1167 1216 1213
f 1168 1213 1169
f 1169 1213 1170
f 1170 1213 1174
f 1172 1217 1173
f 1172 1175 1218
f 1172 1218 1217
f 1173 1217 1202
f 1174 1213 1219
f 1174 1219 1175
f 1175 1219 1220
f 1175 1220 1218
f 1177 1221 1198
f 1177 1179 1221
f 1178 1186 1222
f 1178 1222 1179
f 1179 1223 1224
f 1179 1224 1225
f 1179 1225 1221
f 1179 1222 1223
f 1182 1226 1185
f 1182 1184 1227
f 1182 1227 1228
f 1182 1228 1229
f 1182 1229 1226
f 1183 1190 1230
f 1183 1230 1231
f 1183 1231 1232
f 1183 1232 1233
f 1183 1233 1184
f 1184 1233 1227
f 1185 1226 1234
f 1185 1234 1186
f 1186 1234 1235
f 1186 1235 1222
f 1189 1236 1190
f 1190 1236 1231
f 1190 1231 1230
f 1193 1195 1237
f 1195 1197 1238
f 1195 1238 1237
f 1196 1239 1197
f 1196 1200 1240
f 1196 1240 1241
f 1196 1241 1239
f 1197 1239 1238
f 1198 1221 1199
f 1199 1221 1200
f 1200 1221 1225
f 1200 1225 1240
f 1201 1242 1204
f 1201 1203 1243
f 1201 1243 1242
f 1202 1217 1244
f 1202 1244 1203
f 1203 1244 1243
f 1204 1242 1245
f 1204 1245 1205
f 1205 1246 1206
f 1205 1245 1246
f 1206 1246 1207
f 1207 1246 1247
f 1207 1247 1248
f 1207 1248 1249
f 1207 1249 1208
f 1208 1250 1210
f 1208 1210 1209
f 1208 1249 1250
f 1211 1251 1214
f 1211 1214 1212
f 1213 1216 1219
f 1214 1251 1252
f 1214 1252 1215
f 1215 1252 1253
f 1215 1253 1216
f 1216 1254 1219
f 1216 1253 1255
f 1216 1255 1256
f 1216 1256 1254
f 1217 1218 1244
f 1218 1220 1257
f 1218 1257 1258
f 1218 1258 1259
f 1218 1259 1244
f 1219 1254 1260
f 1219 1260 1257
f 1219 1257 1220
f 1222 1235 1261
f 1222 1261 1262
f 1222 1262 1223
f 1223 1262 1224
f 1224 1263 1240
f 1224 1240 1225
f 1224 1262 1264
f 1224 1264 1265
f 1224 1265 1263
f 1226 1229 1234
f 1227 1233 1266
f 1227 1266 1267
f 1227 1267 1228
f 1228 1267 1229
f 1229 1235 1234
f 1229 1267 1268
f 1229 1268 1269
f 1229 1269 1235
f 1231 1270 1271
f 1231 1271 1272
f 1231 1272 1273
f 1231 1273 1274
f 1231 1274 1275
f 1231 1275 1276
f 1231 1276 1277
f 1231 1277 1232
f 1231 1236 1270
f 1232 1278 1233
f 1232 1277 1279
f 1232 1279 1280
f 1232 1280 1278
f 1233 1278 1266
f 1235 1269 1261
f 1238 1239 1281
f 1239 1241 1282
f 1239 1282 1283
f 1239 1283 1281
f 1240 1263 1241
f 1241 1263 1284
f 1241 1284 1282
f 1242 1243 1285
f 1242 1285 1286
f 1242 1286 1287
f 1242 1287 1288
f 1242 1288 1289
f 1242 1289 1245
f 1243 1259 1285
f 1243 1244 1259
f 1245 1289 1290
f 1245 1290 1291
f 1245 1291 1246
f 1246 1291 1292
f 1246 1292 1293
f 1246 1293 1294
f 1246 1294 1247
f 1247 1295 1249
f 1247 1249 1248
f 1247 1294 1296
f 1247 1296 1295
f 1249 1295 1297
f 1249 1297 1298
f 1249 1298 1299
f 1249 1299 1250
f 1251 1300 1252
f 1252 1300 1301
f 1252 1301 1302
f 1252 1302 1253
f 1253 1302 1303
f 1253 1303 1255
f 1254 1304 1260
f 1254 1256 1304
f 1255 1303 1305
f 1255 1305 1306
f 1255 1306 1256
f 1256 1306 1307
f 1256 1307 1308
f 1256 1308 1309
f 1256 1309 1260
f 1256 1260 1304
f 1257 1260 1310
f 1257 1310 1258
f 1258 1310 1259
f 1259 1286 1285
f 1259 1310 1311
f 1259 1311 1312
f 1259 1312 1286
f 1260 1309 1310
f 1261 1269 1313
f 1261 1313 1262
f 1262 1313 1314
f 1262 1314 1264
f 1263 1265 1284
f 1264 1314 1315
f 1264 1315 1265
f 1265 1316 1317
f 1265 1317 1318
f 1265 1318 1284
f 1265 1315 1319
f 1265 1319 1320
f 1265 1320 1321
f 1265 1321 1316
f 1266 1278 1322
f 1266 1322 1323
f 1266 1323 1324
f 1266 1324 1267
f 1267 1325 1326
f 1267 1326 1327
f 1267 1327 1268
f 1267 1324 1325
f 1268 1327 1313
f 1268 1313 1269
f 1274 1328 1275
f 1275 1329 1276
f 1275 1328 1330
f 1275 1330 1329
f 1276 1329 1277
f 1277 1329 1279
f 1278 1280 1331
f 1278 1331 1332
f 1278 1332 1322
f 1279 1329 1333
f 1279 1333 1334
f 1279 1334 1280
f 1280 1335 1331
f 1280 1334 1336
f 1280 1336 1337
f 1280 1337 1338
f 1280 1338 1339
f 1280 1339 1335
f 1282 1284 1283
f 1283 1284 1318
f 1283 1318 1340
f 1286 1312 1287
f 1287 1341 1288
f 1287 1312 1342
f 1287 1342 1341
f 1288 1290 1289
f 1288 1341 1343
f 1288 1343 1344
f 1288 1344 1290
f 1290 1344 1345
f 1290 1345 1346
f 1290 1346 1347
f 1290 1347 1293
f 1290 1293 1292
f 1290 1292 1291
f 1293 1347 1294
f 1294 1348 1296
f 1294 1347 1349
f 1294 1349 1348
f 1296 1348 1350
f 1302 1351 1303
f 1303 1351 1352
f 1303 1352 1353
f 1303 1353 1354
f 1303 1354 1355
f 1303 1355 1305
f 1305 1356 1306
f 1305 1355 1356
f 1306 1357 1308
f 1306 1308 1307
f 1306 1356 1358
f 1306 1358 1359
f 1306 1359 1360
f 1306 1360 1361
f 1306 1361 1357
f 1308 1357 1362
f 1308 1362 1363
f 1308 1363 1309
f 1309 1363 1311
f 1309 1311 1310
f 1311 1363 1364
f 1311 1364 1312
f 1312 1364 1365
f 1312 1365 1366
f 1312 1366 1367
f 1312 1367 1342
f 1313 1368 1314
f 1313 1327 1369
f 1313 1369 1368
f 1314 1368 1370
f 1314 1370 1319
f 1314 1319 1315
f 1316 1321 1371
f 1316 1371 1317
f 1317 1371 1372
f 1317 1372 1373
f 1317 1373 1374
f 1317 1374 1375
f 1317 1375 1376
f 1317 1376 1377
f 1317 1377 1378
f 1317 1378 1318
f 1318 1379 1340
f 1318 1378 1379
f 1319 1370 1320
f 1320 1380 1381
f 1320 1381 1321
f 1320 1370 1380
f 1321 1381 1382
f 1321 1382 1383
f 1321 1383 1384
f 1321 1384 1374
f 1321 1374 1373
f 1321 1373 1372
f 1321 1372 1371
f 1322 1332 1323
f 1323 1332 1324
f 1324 1332 1385
f 1324 1385 1386
f 1324 1386 1387
f 1324 1387 1325
f 1325 1387 1326
f 1326 1387 1386
f 1326 1386 1388
f 1326 1388 1389
f 1326 1389 1390
f 1326 1390 1391
f 1326 1391 1392
f 1326 1392 1393
f 1326 1393 1383
f 1326 1383 1394
f 1326 1394 1327
f 1327 1394 1369
f 1328 1395 1396
f 1328 1396 1330
f 1329 1330 1333
f 1330 1397 1333
f 1330 1396 1398
f 1330 1398 1397
f 1331 1335 1399
f 1331 1399 1332
f 1332 1399 1385
f 1333 1397 1337
f 1333 1337 1336
f 1333 1336 1334
f 1335 1339 1399
f 1337 1397 1400
f 1337 1400 1401
f 1337 1401 1338
f 1338 1401 1402
f 1338 1402 1403
f 1338 1403 1404
f 1338 1404 1339
f 1339 1404 1399
f 1341 1342 1367
f 1341 1367 1405
f 1341 1405 1406
f 1341 1406 1343
f 1343 1406 1344
f 1344 1406 1407
f 1344 1407 1408
f 1344 1408 1345
f 1345 1408 1346
f 1346 1408 1409
f 1346 1409 1349
f 1346 1349 1347
f 1348 1410 1350
f 1348 1349 1409
f 1348 1409 1411
f 1348 1411 1412
f 1348 1412 1410
f 1351 1353 1352
f 1353 1413 1355
f 1353 1355 1354
f 1355 1413 1414
f 1355 1414 1415
f 1355 1415 1358
f 1355 1358 1356
f 1357 1361 1362
f 1358 1415 1416
f 1358 1416 1359
f 1359 1416 1417
f 1359 1417 1418
f 1359 1418 1419
f 1359 1419 1420
f 1359 1420 1421
f 1359 1421 1361
f 1359 1361 1360
f 1361 1422 1362
f 1361 1421 1422
f 1362 1365 1364
f 1362 1364 1363
f 1362 1422 1421
f 1362 1421 1423
f 1362 1423 1424
f 1362 1424 1365
f 1365 1424 1425
f 1365 1425 1426
f 1365 1426 1366
f 1366 1426 1367
f 1367 1427 1405
f 1367 1426 1428
f 1367 1428 1427
f 1368 1369 1370
f 1369 1394 1380
f 1369 1380 1370
f 1374 1384 1375
f 1375 1384 1429
f 1375 1429 1430
f 1375 1430 1431
f 1375 1431 1377
f 1375 1377 1376
f 1377 1431 1432
f 1377 1432 1379
f 1377 1379 1378
f 1380 1382 1381
f 1380 1394 1382
f 1382 1433 1383
f 1382 1394 1433
f 1383 1434 1384
f 1383 1433 1394
f 1383 1393 1392
f 1383 1392 1435
f 1383 1435 1436
f 1383 1436 1434
f 1384 1434 1437
f 1384 1437 1429
f 1385 1399 1438
f 1385 1438 1386
f 1386 1438 1388
f 1388 1438 1439
f 1388 1439 1440
f 1388 1440 1389
f 1389 1441 1392
f 1389 1392 1391
f 1389 1391 1390
f 1389 1440 1442
f 1389 1442 1441
f 1392 1441 1443
f 1392 1443 1435
f 1395 1444 1396
f 1395 1445 1444
f 1396 1444 1446
f 1396 1446 1400
f 1396 1400 1398
f 1397 1398 1400
f 1399 1404 1438
f 1400 1446 1401
f 1401 1446 1447
f 1401 1447 1402
f 1402 1448 1403
f 1402 1447 1449
f 1402 1449 1448
f 1403 1448 1439
f 1403 1439 1438
f 1403 1438 1404
f 1405 1427 1450
f 1405 1450 1451
f 1405 1451 1406
f 1406 1451 1452
f 1406 1452 1407
f 1407 1452 1408
f 1408 1452 1453
f 1408 1453 1454
f 1408 1454 1455
f 1408 1455 1409
f 1409 1455 1456
f 1409 1456 1411
f 1414 1457 1415
f 1415 1457 1458
f 1415 1458 1416
f 1416 1458 1459
f 1416 1459 1417
f 1417 1459 1460
f 1417 1460 1461
f 1417 1461 1462
f 1417 1462 1463
f 1417 1463 1464
f 1417 1464 1418
f 1418 1464 1465
f 1418 1465 1419
f 1419 1465 1420
f 1420 1424 1421
f 1420 1465 1424
f 1421 1424 1423
f 1424 1465 1466
f 1424 1466 1425
f 1425 1466 1426
f 1426 1467 1468
f 1426 1468 1450
f 1426 1450 1427
f 1426 1427 1428
f 1426 1466 1469
f 1426 1469 1470
f 1426 1470 1467
f 1429 1437 1471
f 1429 1471 1430
f 1434 1472 1437
f 1434 1436 1473
f 1434 1473 1474
f 1434 1474 1472
f 1435 1443 1475
f 1435 1475 1436
f 1436 1475 1476
f 1436 1476 1473
f 1437 1472 1471
f 1439 1448 1440
f 1440 1448 1477
f 1440 1477 1442
f 1441 1442 1478
f 1441 1478 1443
f 1442 1477 1479
f 1442 1479 1478
f 1443 1478 1480
f 1443 1480 1481
f 1443 1481 1475
f 1444 1445 1482
f 1444 1482 1446
f 1445 1483 1482
f 1446 1483 1484
f 1446 1484 1485
f 1446 1485 1486
f 1446 1486 1447
f 1446 1482 1483
f 1447 1486 1449
f 1448 1487 1477
f 1448 1449 1487
f 1449 1486 1488
f 1449 1488 1489
f 1449 1489 1490
f 1449 1490 1491
f 1449 1491 1487
f 1450 1468 1492
f 1450 1492 1493
f 1450 1493 1451
f 1451 1493 1494
f 1451 1494 1452
f 1452 1494 1495
f 1452 1495 1453
f 1453 1495 1496
f 1453 1496 1497
f 1453 1497 1454
f 1454 1497 1498
f 1454 1498 1456
f 1454 1456 1455
f 1456 1498 1499
f 1457 1500 1458
f 1458 1500 1501
f 1458 1501 1459
f 1459 1501 1461
f 1459 1461 1460
f 1461 1501 1502
f 1461 1502 1462
f 1462 1502 1503
f 1462 1503 1504
f 1462 1504 1463
f 1463 1504 1505
f 1463 1505 1506
f 1463 1506 1465
f 1463 1465 1464
f 1465 1506 1507
f 1465 1507 1508
f 1465 1508 1469
f 1465 1469 1466
f 1467 1509 1468
f 1467 1470 1509
f 1468 1509 1492
f 1469 1508 1470
f 1470 1508 1510
f 1470 1510 1511
f 1470 1511 1512
f 1470 1512 1509
f 1471 1472 1513
f 1472 1474 1513
f 1473 1514 1515
f 1473 1515 1516
f 1473 1516 1474
f 1473 1476 1514
f 1475 1481 1476
f 1476 1517 1518
f 1476 1518 1519
f 1476 1519 1520
f 1476 1520 1521
f 1476 1521 1522
f 1476 1522 1523
f 1476 1523 1524
f 1476 1524 1525
f 1476 1525 1516
f 1476 1516 1515
f 1476 1515 1514
f 1476 1481 1517
f 1477 1487 1526
f 1477 1526 1479
f 1478 1479 1480
f 1479 1527 1480
f 1479 1526 1528
f 1479 1528 1527
f 1480 1527 1529
f 1480 1529 1517
f 1480 1517 1481
f 1484 1530 1531
f 1484 1531 1485
f 1485 1531 1532
f 1485 1532 1486
f 1486 1532 1488
f 1487 1491 1490
f 1487 1490 1526
f 1488 1532 1533
f 1488 1533 1534
f 1488 1534 1535
f 1488 1535 1489
f 1489 1535 1536
f 1489 1536 1490
f 1490 1536 1537
f 1490 1537 1538
f 1490 1538 1539
f 1490 1539 1540
f 1490 1540 1526
f 1492 1509 1541
f 1492 1541 1493
f 1493 1541 1494
f 1494 1541 1542
f 1494 1542 1495
f 1495 1542 1543
f 1495 1543 1496
f 1496 1543 1497
f 1497 1543 1544
f 1497 1544 1545
f 1497 1545 1546
f 1497 1546 1547
f 1497 1547 1498
f 1498 1548 1549
f 1498 1549 1499
f 1498 1547 1550
f 1498 1550 1548
f 1500 1551 1501
f 1501 1552 1553
f 1501 1553 1502
f 1501 1551 1552
f 1502 1553 1552
f 1502 1552 1554
f 1502 1554 1555
f 1502 1555 1556
f 1502 1556 1557
f 1502 1557 1503
f 1503 1558 1505
f 1503 1505 1504
f 1503 1557 1558
f 1505 1558 1559
f 1505 1559 1560
f 1505 1560 1561
f 1505 1561 1506
f 1506 1561 1507
f 1507 1561 1508
f 1508 1561 1560
f 1508 1560 1510
f 1509 1512 1562
f 1509 1562 1541
f 1510 1560 1559
f 1510 1559 1563
f 1510 1563 1564
f 1510 1564 1511
f 1511 1564 1565
f 1511 1565 1512
f 1512 1566 1562
f 1512 1565 1567
f 1512 1567 1568
f 1512 1568 1569
f 1512 1569 1566
f 1517 1529 1570
f 1517 1570 1518
f 1518 1570 1571
f 1518 1571 1519
f 1519 1571 1520
f 1520 1571 1572
f 1520 1572 1573
f 1520 1573 1574
f 1520 1574 1575
f 1520 1575 1521
f 1521 1575 1522
f 1522 1575 1576
f 1522 1576 1523
f 1523 1576 1524
f 1526 1540 1528
f 1527 1528 1570
f 1527 1570 1529
f 1528 1540 1539
f 1528 1539 1577
f 1528 1577 1578
f 1528 1578 1579
f 1528 1579 1580
f 1528 1580 1570
f 1530 1581 1531
f 1531 1581 1532
f 1532 1581 1582
f 1532 1582 1583
f 1532 1583 1584
f 1532 1584 1534
f 1532 1534 1533
f 1534 1585 1535
f 1534 1584 1586
f 1534 1586 1587
f 1534 1587 1585
f 1535 1585 1536
f 1536 1585 1537
f 1537 1585 1538
f 1538 1588 1539
f 1538 1585 1589
f 1538 1589 1590
f 1538 1590 1588
f 1539 1591 1577
f 1539 1588 1630
f 1539 1630 1591
f 1541 1562 1542
f 1542 1562 1592
f 1542 1592 1543
f 1543 1592 1544
f 1544 1592 1545
f 1545 1593 1594
f 1545 1594 1595
f 1545 1595 1596
f 1545 1596 1546
f 1545 1592 1593
f 1546 1596 1550
f 1546 1550 1547
f 1548 1550 1597
f 1550 1596 1598
f 1550 1598 1599
f 1550 1599 1600
f 1550 1600 1601
f 1550 1601 1597
f 1554 1602 1555
f 1555 1602 1603
f 1555 1603 1604
f 1555 1604 1605
f 1555 1605 1556
f 1556 1605 1606
f 1556 1606 1557
f 1557 1606 1607
f 1557 1607 1608
f 1557 1608 1609
f 1557 1609 1558
f 1558 1609 1610
f 1558 1610 1611
f 1558 1611 1559
f 1559 1611 1563
f 1562 1566 1612
f 1562 1612 1613
f 1562 1613 1592
f 1563 1611 1614
f 1563 1614 1615
f 1563 1615 1564
f 1564 1616 1617
f 1564 1617 1565
f 1564 1615 1616
f 1565 1617 1567
f 1566 1569 1618
f 1566 1618 1619
f 1566 1619 1620
f 1566 1620 1613
f 1566 1613 1621
f 1566 1621 1612
f 1567 1617 1622
f 1567 1622 1569
f 1567 1569 1568
f 1569 1622 1623
f 1569 1623 1618
f 1570 1580 1579
f 1570 1579 1571
f 1571 1579 1624
f 1571 1624 1572
f 1572 1625 1626
f 1572 1626 1627
f 1572 1627 1628
f 1572 1628 1573
f 1572 1624 1629
f 1572 1629 1591
f 1572 1591 1630
f 1572 1630 1625
f 1573 1631 1574
f 1573 1628 1632
f 1573 1632 1631
f 1574 1633 1634
f 1574 1634 1575
f 1574 1631 1633
f 1575 1634 1635
f 1575 1635 1576
f 1577 1591 1578
f 1578 1591 1629
f 1578 1629 1579
f 1579 1629 1636
f 1579 1636 1624
f 1582 1637 1583
f 1583 1637 1584
f 1584 1637 1638
f 1584 1638 1639
f 1584 1639 1640
f 1584 1640 1586
f 1585 1587 1641
f 1585 1641 1589
f 1586 1640 1587
f 1587 1642 1643
f 1587 1643 1688
f 1587 1688 1641
f 1587 1640 1642
f 1588 1590 1644
f 1588 1644 1625
f 1588 1625 1630
f 1589 1641 1645
f 1589 1645 1646
f 1589 1646 1590
f 1590 1646 1647
f 1590 1647 1644
f 1592 1613 1593
f 1593 1613 1594
f 1594 1648 1649
f 1594 1649 1650
f 1594 1650 1599
f 1594 1599 1598
f 1594 1598 1595
f 1594 1613 1648
f 1595 1598 1596
f 1599 1650 1600
f 1600 1650 1651
f 1600 1651 1652
f 1600 1652 1653
f 1600 1653 1601
f 1602 1654 1603
f 1603 1655 1656
f 1603 1656 1604
f 1603 1654 1655
f 1604 1656 1605
f 1605 1657 1658
f 1605 1658 1659
f 1605 1659 1606
f 1605 1656 1657
f 1606 1659 1660
f 1606 1660 1661
f 1606 1661 1607
f 1607 1661 1608
f 1608 1662 1610
f 1608 1610 1609
f 1608 1661 1663
f 1608 1663 1662
f 1610 1662 1614
f 1610 1614 1611
f 1612 1621 1613
f 1613 1620 1664
f 1613 1664 1648
f 1614 1662 1665
f 1614 1665 1615
f 1615 1665 1666
f 1615 1666 1667
f 1615 1667 1668
f 1615 1668 1669
f 1615 1669 1616
f 1616 1669 1622
f 1616 1622 1617
f 1618 1670 1671
f 1618 1671 1672
f 1618 1672 1664
f 1618 1664 1619
f 1618 1623 1673
f 1618 1673 1670
f 1619 1664 1620
f 1622 1669 1623
f 1623 1669 1673
f 1624 1636 1629
f 1625 1644 1674
f 1625 1674 1626
f 1626 1675 1627
f 1626 1674 1676
f 1626 1676 1675
f 1627 1675 1677
f 1627 1677 1628
f 1628 1677 1632
f 1631 1632 1678
f 1631 1678 1679
f 1631 1679 1680
f 1631 1680 1633
f 1632 1677 1681
f 1632 1681 1727
f 1632 1727 1678
f 1633 1635 1634
f 1637 1682 1683
f 1637 1683 1638
f 1638 1640 1639
f 1638 1683 1640
f 1640 1683 1682
f 1640 1682 1684
f 1640 1684 1685
f 1640 1685 1686
f 1640 1686 1687
f 1640 1687 1642
f 1641 1688 1689
f 1641 1689 1645
f 1642 1687 1690
f 1642 1690 1691
f 1642 1691 1643
f 1643 1691 1692
f 1643 1692 1688
f 1644 1647 1674
f 1645 1689 1646
f 1646 1689 1693
f 1646 1693 1647
f 1647 1693 1694
f 1647 1694 1674
f 1648 1664 1695
f 1648 1695 1649
f 1649 1695 1696
f 1649 1696 1650
f 1650 1696 1697
f 1650 1697 1651
f 1651 1697 1698
f 1651 1698 1699
f 1651 1699 1700
f 1651 1700 1652
f 1652 1700 1701
f 1652 1701 1702
f 1652 1702 1703
f 1652 1703 1704
f 1652 1704 1705
f 1652 1705 1706
f 1652 1706 1653
f 1656 1707 1657
f 1657 1707 1708
f 1657 1708 1709
f 1657 1709 1710
f 1657 1710 1711
f 1657 1711 1658
f 1658 1711 1712
f 1658 1712 1659
f 1659 1712 1713
f 1659 1713 1660
f 1660 1713 1714
f 1660 1714 1715
f 1660 1715 1716
f 1660 1716 1666
f 1660 1666 1663
f 1660 1663 1661
f 1662 1663 1666
f 1662 1666 1665
f 1664 1672 1671
f 1664 1671 1717
f 1664 1717 1718
f 1664 1718 1697
f 1664 1697 1695
f 1666 1716 1719
f 1666 1719 1667
f 1667 1719 1670
f 1667 1670 1673
f 1667 1673 1668
f 1668 1673 1669
f 1670 1719 1720
f 1670 1720 1671
f 1671 1720 1721
f 1671 1721 1722
f 1671 1722 1717
f 1674 1694 1723
f 1674 1723 1676
f 1675 1676 1724
f 1675 1724 1677
f 1676 1723 1725
f 1676 1725 1724
f 1677 1724 1726
f 1677 1726 1681
f 1678 1727 1728
f 1678 1728 1679
f 1681 1726 1727
f 1688 1692 1729
f 1688 1729 1689
f 1689 1729 1730
f 1689 1730 1731
f 1689 1731 1732
f 1689 1732 1693
f 1690 1733 1691
f 1691 1733 1734
f 1691 1734 1735
f 1691 1735 1736
f 1691 1736 1692
f 1692 1736 1737
f 1692 1737 1764
f 1692 1764 1729
f 1693 1732 1738
f 1693 1738 1694
f 1694 1738 1775
f 1694 1775 1761
f 1694 1761 1725
f 1694 1725 1723
f 1695 1697 1696
f 1697 1718 1699
f 1697 1699 1698
f 1699 1701 1700
f 1699 1718 1717
f 1699 1717 1739
f 1699 1739 1740
f 1699 1740 1701
f 1701 1740 1702
f 1702 1740 1703
f 1703 1740 1741
f 1703 1741 1742
f 1703 1742 1743
f 1703 1743 1744
f 1703 1744 1704
f 1709 1745 1710
f 1710 1745 1711
f 1711 1745 1746
f 1711 1746 1747
f 1711 1747 1712
f 1712 1747 1748
f 1712 1748 1749
f 1712 1749 1750
f 1712 1750 1713
f 1713 1750 1714
f 1714 1750 1751
f 1714 1751 1752
f 1714 1752 1753
f 1714 1753 1715
f 1715 1753 1716
f 1716 1753 1754
f 1716 1754 1719
f 1717 1722 1739
f 1719 1721 1720
f 1719 1754 1755
f 1719 1755 1721
f 1721 1755 1756
f 1721 1756 1722
f 1722 1756 1757
f 1722 1757 1741
f 1722 1741 1740
f 1722 1740 1739
f 1724 1725 1758
f 1724 1758 1759
f 1724 1759 1760
f 1724 1760 1726
f 1725 1761 1758
f 1726 1760 1762
f 1726 1762 1727
f 1727 1763 1728
f 1727 1762 1763
f 1729 1764 1765
f 1729 1765 1766
f 1729 1766 1730
f 1730 1766 1731
f 1731 1766 1767
f 1731 1767 1732
f 1732 1767 1768
f 1732 1768 1738
f 1733 1769 1734
f 1734 1769 1735
f 1735 1769 1770
f 1735 1770 1736
f 1736 1770 1737
f 1737 1770 1771
f 1737 1771 1772
f 1737 1772 1773
f 1737 1773 1764
f 1738 1768 1774
f 1738 1774 1775
f 1741 1757 1776
f 1741 1776 1777
f 1741 1777 1778
f 1741 1778 1742
f 1742 1778 1743
f 1743 1778 1779
f 1743 1779 1744
f 1744 1779 1780
f 1745 1781 1746
f 1746 1781 1782
f 1746 1782 1747
f 1747 1783 1748
f 1747 1782 1784
f 1747 1784 1785
f 1747 1785 1786
f 1747 1786 1787
f 1747 1787 1788
f 1747 1788 1783
f 1748 1783 1789
f 1748 1789 1749
f 1749 1789 1750
f 1750 1789 1751
f 1751 1789 1790
f 1751 1790 1791
f 1751 1791 1752
f 1752 1791 1792
f 1752 1792 1753
f 1753 1792 1793
f 1753 1793 1794
f 1753 1794 1754
f 1754 1794 1755
f 1755 1794 1756
f 1756 1795 1757
f 1756 1794 1796
f 1756 1796 1795
f 1757 1795 1797
f 1757 1797 1776
f 1758 1798 1760
f 1758 1760 1759
f 1758 1761 1799
f 1758 1799 1800
f 1758 1800 1801
f 1758 1801 1798
f 1760 1798 1802
f 1760 1802 1803
f 1760 1803 1804
f 1760 1804 1762
f 1761 1775 1799
f 1762 1804 1763
f 1764 1805 1806
f 1764 1806 1807
f 1764 1807 1765
f 1764 1773 1808
f 1764 1808 1805
f 1765 1807 1766
f 1766 1807 1809
f 1766 1809 1767
f 1767 1809 1810
f 1767 1810 1768
f 1768 1810 1817
f 1768 1817 1774
f 1769 1811 1770
f 1770 1811 1812
f 1770 1812 1771
f 1771 1812 1813
f 1771 1813 1814
f 1771 1814 1772
f 1772 1814 1815
f 1772 1815 1816
f 1772 1816 1773
f 1773 1816 1808
f 1774 1817 1799
f 1774 1799 1775
f 1776 1818 1819
f 1776 1819 1777
f 1776 1797 1818
f 1777 1819 1778
f 1778 1819 1820
f 1778 1820 1779
f 1779 1820 1821
f 1779 1821 1822
f 1779 1822 1823
f 1779 1823 1780
f 1780 1823 1824
f 1781 1825 1784
f 1781 1784 1782
f 1783 1788 1790
f 1783 1790 1789
f 1784 1825 1826
f 1784 1826 1786
f 1784 1786 1785
f 1786 1826 1827
f 1786 1827 1828
f 1786 1828 1829
f 1786 1829 1787
f 1787 1830 1831
f 1787 1831 1788
f 1787 1829 1832
f 1787 1832 1830
f 1788 1831 1833
f 1788 1833 1790
f 1790 1833 1834
f 1790 1834 1792
f 1790 1792 1791
f 1792 1834 1835
f 1792 1835 1836
f 1792 1836 1837
f 1792 1837 1838
f 1792 1838 1793
f 1793 1838 1794
f 1794 1838 1837
f 1794 1837 1839
f 1794 1839 1796
f 1795 1840 1842
f 1795 1842 1797
f 1795 1796 1841
f 1795 1841 1840
f 1796 1839 1841
f 1797 1842 1818
f 1798 1803 1802
f 1798 1801 1843
f 1798 1843 1804
f 1798 1804 1803
f 1799 1817 1862
f 1799 1862 1844
f 1799 1844 1845
f 1799 1845 1846
f 1799 1846 1800
f 1800 1846 1847
f 1800 1847 1801
f 1801 1847 1848
f 1801 1848 1849
f 1801 1849 1850
f 1801 1850 1843
f 1804 1843 1850
f 1805 1851 1806
f 1805 1808 1852
f 1805 1852 1853
f 1805 1853 1854
f 1805 1854 1851
f 1806 1851 1855
f 1806 1855 1807
f 1807 1855 1809
f 1808 1816 1856
f 1808 1856 1857
f 1808 1857 1852
f 1809 1855 1858
f 1809 1858 1810
f 1810 1858 1862
f 1810 1862 1817
f 1813 1859 1860
f 1813 1860 1814
f 1814 1860 1815
f 1815 1860 1861
f 1815 1861 1816
f 1816 1861 1856
f 1818 1842 1863
f 1818 1863 1864
f 1818 1864 1819
f 1819 1864 1820
f 1820 1864 1821
f 1821 1864 1865
f 1821 1865 1822
f 1822 1865 1823
f 1823 1866 1867
f 1823 1867 1824
f 1823 1865 1868
f 1823 1868 1869
f 1823 1869 1870
f 1823 1870 1871
f 1823 1871 1872
f 1823 1872 1866
f 1827 1873 1874
f 1827 1874 1828
f 1828 1874 1829
f 1829 1874 1875
f 1829 1875 1876
f 1829 1876 1877
f 1829 1877 1878
f 1829 1878 1832
f 1830 1879 1831
f 1830 1832 1836
f 1830 1836 1879
f 1831 1879 1833
f 1832 1878 1880
f 1832 1880 1836
f 1833 1879 1835
f 1833 1835 1834
f 1835 1879 1836
f 1836 1880 1881
f 1836 1881 1882
f 1836 1882 1883
f 1836 1883 1884
f 1836 1884 1885
f 1836 1885 1886
f 1836 1886 1837
f 1837 1886 1839
f 1839 1887 1841
f 1839 1886 1885
f 1839 1885 1888
f 1839 1888 1887
f 1840 1841 1887
f 1840 1887 1863
f 1840 1863 1842
f 1844 1862 1889
f 1844 1889 1890
f 1844 1890 1891
f 1844 1891 1845
f 1845 1891 1892
f 1845 1892 1893
f 1845 1893 1846
f 1846 1893 1894
f 1846 1894 1895
f 1846 1895 1847
f 1847 1895 1896
f 1847 1896 1897
f 1847 1897 1898
f 1847 1898 1899
f 1847 1899 1849
f 1847 1849 1848
f 1851 1889 1858
f 1851 1858 1855
f 1851 1854 1889
f 1852 1857 1900
f 1852 1900 1901
f 1852 1901 1853
f 1853 1901 1902
f 1853 1902 1903
f 1853 1903 1904
f 1853 1904 1854
f 1854 1904 1889
f 1856 1905 1906
f 1856 1906 1907
f 1856 1907 1857
f 1856 1861 1859
f 1856 1859 1908
f 1856 1908 1905
f 1857 1907 1909
f 1857 1909 1900
f 1858 1889 1862
f 1859 1861 1860
f 1863 1887 1910
f 1863 1910 1864
f 1864 1910 1868
f 1864 1868 1865
f 1868 1911 1912
f 1868 1912 1913
f 1868 1913 1869
f 1868 1910 1911
f 1869 1913 1914
f 1869 1914 1870
f 1870 1914 1915
f 1870 1915 1916
f 1870 1916 1917
f 1870 1917 1871
f 1871 1917 1918
f 1873 1875 1874
f 1875 1919 1920
f 1875 1920 1876
f 1876 1920 1877
f 1877 1921 1922
f 1877 1922 1878
f 1877 1920 1923
f 1877 1923 1921
f 1878 1924 1881
f 1878 1881 1880
f 1878 1922 1925
f 1878 1925 1924
f 1881 1924 1926
f 1881 1926 1927
f 1881 1927 1883
f 1881 1883 1882
f 1883 1928 1884
f 1883 1927 1926
f 1883 1926 1928
f 1884 1928 1929
f 1884 1929 1888
f 1884 1888 1885
f 1887 1888 1930
f 1887 1930 1910
f 1888 1929 1930
f 1889 1904 1931
f 1889 1931 1890
f 1890 1931 1892
f 1890 1892 1891
f 1892 1932 1894
f 1892 1894 1893
f 1892 1931 1933
f 1892 1933 1934
f 1892 1934 1935
f 1892 1935 1936
f 1892 1936 1937
f 1892 1937 1932
f 1894 1932 1938
f 1894 1938 1896
f 1894 1896 1895
f 1896 1938 1939
f 1896 1939 1940
f 1896 1940 1941
f 1896 1941 1897
f 1897 1941 1898
f 1898 1942 1899
f 1898 1941 1942
f 1900 1909 1901
f 1901 1909 1902
f 1902 1909 1943
f 1902 1943 1944
f 1902 1944 1945
f 1902 1945 1946
f 1902 1946 1903
f 1903 1946 1947
f 1903 1947 1904
f 1904 1947 1931
f 1905 1948 1906
f 1905 1908 1948
f 1906 1949 1907
f 1906 1948 1950
f 1906 1950 1951
f 1906 1951 1949
f 1907 1949 1952
f 1907 1952 1943
f 1907 1943 1909
f 1910 1930 1929
f 1910 1929 1953
f 1910 1953 1954
f 1910 1954 1911
f 1911 1954 1912
f 1912 1954 1955
f 1912 1955 1914
f 1912 1914 1913
f 1914 1955 1956
f 1914 1956 1957
f 1914 1957 1958
f 1914 1958 1915
f 1915 1958 1916
f 1916 1958 1917
f 1917 1958 1959
f 1917 1959 1960
f 1917 1960 1918
f 1919 1923 1920
f 1921 1961 1922
f 1921 1923 1961
f 1922 1962 1963
f 1922 1963 1964
f 1922 1964 1925
f 1922 1961 1965
f 1922 1965 1962
f 1924 1925 1926
f 1925 1966 1926
f 1925 1964 1967
f 1925 1967 1968
f 1925 1968 1966
f 1926 1966 1969
f 1926 1969 1928
f 1928 1970 1929
f 1928 1969 1971
f 1928 1971 2022
f 1928 2022 1970
f 1929 1970 1953
f 1931 1947 1933
f 1932 1937 1938
f 1933 1947 1934
f 1934 1947 1972
f 1934 1972 1973
f 1934 1973 1935
f 1935 1973 1974
f 1935 1974 1936
f 1936 1975 1976
f 1936 1976 1937
f 1936 1974 1977
f 1936 1977 2026
f 1936 2026 1975
f 1937 1976 1938
f 1938 1976 1978
f 1938 1978 1939
f 1939 1979 1940
f 1940 1980 1941
f 1940 1979 1980
f 1943 1952 1981
f 1943 1981 1944
f 1944 1981 1982
f 1944 1982 1945
f 1945 1983 1984
f 1945 1984 1946
f 1945 1982 1983
f 1946 1984 1947
f 1947 1984 1983
f 1947 1983 1985
f 1947 1985 1972
f 1949 1951 1986
f 1949 1986 1987
f 1949 1987 1988
f 1949 1988 1989
f 1949 1989 1990
f 1949 1990 1952
f 1952 1990 1981
f 1953 1970 1991
f 1953 1991 1954
f 1954 1991 1992
f 1954 1992 1955
f 1955 1992 1956
f 1956 1992 1993
f 1956 1993 1994
f 1956 1994 1995
f 1956 1995 1957
f 1957 1995 1996
f 1957 1996 1958
f 1958 1996 1997
f 1958 1997 1959
f 1959 1997 1998
f 1959 1998 1960
f 1960 1998 1999
f 1961 2000 1965
f 1962 2001 1963
f 1962 1965 2000
f 1962 2000 2001
f 1963 2001 2002
f 1963 2002 2003
f 1963 2003 1964
f 1964 2004 2005
f 1964 2005 2006
f 1964 2006 2007
f 1964 2007 2008
f 1964 2008 2009
f 1964 2009 2010
f 1964 2010 2011
f 1964 2011 2012
f 1964 2012 1977
f 1964 1977 2013
f 1964 2013 2014
f 1964 2014 1968
f 1964 1968 1967
f 1964 2003 2004
f 1966 1968 2015
f 1966 2015 2016
f 1966 2016 2017
f 1966 2017 2018
f 1966 2018 1969
f 1968 2019 2020
f 1968 2020 2015
f 1968 2014 2021
f 1968 2021 2019
f 1969 2018 1971
f 1970 2022 1991
f 1971 2018 2017
f 1971 2017 2022
f 1972 1985 1973
f 1973 1985 2023
f 1973 2023 1974
f 1974 2023 2024
f 1974 2024 2025
f 1974 2025 1977
f 1975 2026 2027
f 1975 2027 1976
f 1976 2027 1978
f 1977 2025 2013
f 1977 2012 2026
f 1981 1990 2028
f 1981 2028 1982
f 1982 2029 2019
f 1982 2019 2030
f 1982 2030 1985
f 1982 1985 1983
f 1982 2028 2029
f 1985 2030 2023
f 1986 2031 2032
f 1986 2032 1987
f 1987 2032 1988
f 1988 2032 2033
f 1988 2033 2034
f 1988 2034 1989
f 1989 2034 2035
f 1989 2035 1995
f 1989 1995 1990
f 1990 1995 2028
f 1991 2022 2036
f 1991 2036 2037
f 1991 2037 1992
f 1992 2037 2038
f 1992 2038 1993
f 1993 2038 2039
f 1993 2039 2040
f 1993 2040 2041
f 1993 2041 1994
f 1994 2041 1995
f 1995 2035 2042
f 1995 2042 1996
f 1995 2041 2028
f 1996 2042 1997
f 1997 2042 1998
f 1998 2042 2033
f 1998 2033 2032
f 1998 2032 1999
f 1999 2032 2043
f 2001 2005 2002
f 2002 2005 2003
f 2003 2005 2004
f 2006 2008 2007
f 2010 2044 2011
f 2011 2044 2012
f 2012 2044 2045
f 2012 2045 2046
f 2012 2046 2047
f 2012 2047 2026
f 2013 2025 2021
f 2013 2021 2014
f 2015 2020 2017
f 2015 2017 2016
f 2017 2048 2036
f 2017 2036 2022
f 2017 2020 2049
f 2017 2049 2019
f 2017 2019 2029
f 2017 2029 2050
f 2017 2050 2048
f 2019 2049 2020
f 2019 2021 2030
f 2021 2025 2024
f 2021 2024 2030
f 2023 2030 2024
f 2026 2047 2051
f 2026 2051 2052
f 2026 2052 2053
f 2026 2053 2054
f 2026 2054 2055
f 2026 2055 2027
f 2027 2055 2054
f 2028 2041 2040
f 2028 2040 2029
f 2029 2040 2039
f 2029 2039 2056
f 2029 2056 2050
f 2031 2043 2032
f 2033 2042 2057
f 2033 2057 2034
f 2034 2057 2035
f 2035 2057 2042
f 2036 2048 2037
f 2037 2048 2056
f 2037 2056 2039
f 2037 2039 2038
f 2044 2052 2051
f 2044 2051 2045
f 2045 2051 2047
f 2045 2047 2046
f 2048 2050 2056

