# https://github.com/mikedh/trimesh
v 0.49520108 -0.07090932 -0.02508136
v 0.49509054 -0.07090932 -0.01507869
v 0.49260360 -0.08502637 -0.02508136
v 0.49498001 -0.07090932 -0.03508402
v 0.49498001 -0.07090932 -0.00909419
v 0.49232727 -0.08502637 -0.00507602
v 0.49249306 -0.08502637 -0.01507869
v 0.49083510 -0.09364876 -0.02508136
v 0.49232727 -0.08502637 -0.03508402
v 0.49077982 -0.09356423 -0.01507869
v 0.49448261 -0.07090932 -0.04500120
v 0.49486947 -0.07090932 -0.00507602
v 0.49072456 -0.09322609 -0.00507602
v 0.49188513 -0.08502637 0.00492664
v 0.49050349 -0.09225395 0.00492664
v 0.48812708 -0.10501848 -0.02508136
v 0.48950872 -0.09800223 -0.03508402
v 0.49066928 -0.09301476 -0.03508402
v 0.48961926 -0.09859395 -0.01507869
v 0.48812708 -0.10501848 -0.01507869
v 0.48575065 -0.11503567 -0.01507869
v 0.49044824 -0.09195809 -0.04500120
v 0.49182987 -0.08502637 -0.04500120
v 0.49381945 -0.07090932 -0.05500387
v 0.49459314 -0.07090932 0.00090848
v 0.48956397 -0.09821355 -0.00507602
v 0.48934293 -0.09728369 0.00492664
v 0.49365363 -0.07500918 0.00492664
v 0.49122193 -0.08502637 0.01492932
v 0.49017191 -0.09077463 0.01492932
v 0.48569539 -0.11503567 -0.02508136
v 0.48337424 -0.12501059 -0.01507869
v 0.48276630 -0.12501059 -0.03508402
v 0.48724282 -0.10501848 -0.04500120
v 0.48923239 -0.09694555 -0.04500120
v 0.48326370 -0.12501059 -0.02508136
v 0.48796126 -0.10501848 -0.00507602
v 0.48558486 -0.11503567 -0.00507602
v 0.48657963 -0.10501848 -0.05500387
v 0.49017191 -0.09094369 -0.05243908
v 0.49304572 -0.07500918 -0.05500387
v 0.49343258 -0.07090932 -0.05910753
v 0.49437210 -0.07090932 0.00492664
v 0.48519799 -0.11503567 0.00492664
v 0.48453480 -0.11503567 0.01492932
v 0.49398524 -0.07090932 0.01082566
v 0.49299043 -0.07500918 0.01492932
v 0.48995084 -0.09001383 0.01997340
v 0.48110834 -0.13350618 -0.01507869
v 0.48320842 -0.12501059 -0.00507602
v 0.48072147 -0.13249178 -0.03508402
v 0.48044515 -0.13147739 -0.04500120
v 0.48215839 -0.12501059 -0.04500120
v 0.48470059 -0.11503567 -0.04500120
v 0.48099780 -0.13329485 -0.02508136
v 0.48398215 -0.11503567 -0.05500387
v 0.48564011 -0.10501848 -0.06500653
v 0.48807180 -0.09500130 -0.06500653
v 0.48906660 -0.09457862 -0.05543133
v 0.48989558 -0.08954890 -0.05910753
v 0.49094561 -0.08574490 -0.05543133
v 0.49282464 -0.07090932 -0.06500653
v 0.48282155 -0.12501059 0.00492664
v 0.48215839 -0.12501059 0.01492932
v 0.47989249 -0.12965992 0.02903564
v 0.49370891 -0.07090932 0.01492932
v 0.49271411 -0.07090932 0.02493198
v 0.49044824 -0.08468823 0.02399156
v 0.48961926 -0.08781597 0.02664184
v 0.48856920 -0.09402916 0.02399156
v 0.47945037 -0.13849364 -0.01507869
v 0.47939509 -0.13832457 -0.02508136
v 0.48099780 -0.13316804 -0.00507602
v 0.47933984 -0.13819778 -0.00507602
v 0.48083201 -0.13266085 0.00492664
v 0.47917405 -0.13747925 -0.03508402
v 0.47884244 -0.13646485 -0.04500120
v 0.48016882 -0.13058978 -0.05184063
v 0.48116359 -0.12568685 -0.05517485
v 0.48083201 -0.12323539 -0.06500653
v 0.48459008 -0.10501848 -0.07492371
v 0.48707703 -0.09500130 -0.07492371
v 0.48917711 -0.08460370 -0.07492371
v 0.49166408 -0.07090932 -0.07492371
v 0.48050040 -0.13164645 0.01492932
v 0.48016882 -0.13067432 0.02236719
v 0.48696649 -0.09500130 0.03493465
v 0.48547432 -0.09500130 0.04493732
v 0.47945037 -0.12767339 0.03493465
v 0.47569230 -0.13502778 0.04493732
v 0.47735026 -0.13502778 0.03493465
v 0.47525018 -0.14500269 0.02493198
v 0.47873190 -0.13439378 0.02535944
v 0.49144301 -0.07090932 0.03484916
v 0.49017191 -0.08113784 0.03125846
v 0.48906660 -0.08468823 0.03476366
v 0.48751915 -0.08502637 0.04493732
v 0.47370273 -0.15501989 -0.01507869
v 0.47364748 -0.15501989 -0.02508136
v 0.47712922 -0.14500269 -0.02508136
v 0.47668707 -0.14500269 -0.03508402
v 0.47922930 -0.13764831 0.00492664
v 0.46911567 -0.16757306 -0.00507602
v 0.47668707 -0.14500269 0.00492664
v 0.47602388 -0.14500269 -0.04500120
v 0.47862139 -0.13435151 -0.05517485
v 0.47746080 -0.13502778 -0.06500653
v 0.47983721 -0.12944858 -0.05850907
v 0.47950563 -0.12822285 -0.06500653
v 0.48193732 -0.11503567 -0.07492371
v 0.48000303 -0.12006539 -0.08005328
v 0.48331895 -0.10501848 -0.08492638
v 0.48575065 -0.09500130 -0.08492638
v 0.48774022 -0.08502637 -0.08492638
v 0.48978505 -0.07906677 -0.07825793
v 0.49039295 -0.07238865 -0.08287455
v 0.49055877 -0.07090932 -0.08347300
v 0.47889772 -0.13663390 0.01492932
v 0.48381636 -0.09500130 0.05493999
v 0.48038989 -0.11173888 0.05228971
v 0.47867665 -0.12437660 0.04442436
v 0.47674236 -0.12501059 0.05493999
v 0.47397906 -0.13502778 0.05493999
v 0.47121578 -0.14348111 0.05493999
v 0.47193423 -0.14593257 0.04570676
v 0.47397906 -0.14500269 0.03493465
v 0.46983415 -0.15958469 0.02826621
v 0.47149211 -0.15573843 0.02493198
v 0.47259742 -0.15501989 0.01492932
v 0.47607917 -0.14500269 0.01492932
v 0.49055877 -0.07090932 0.04134662
v 0.49039295 -0.07090932 0.04254352
v 0.49000609 -0.07090932 0.04527929
v 0.48917711 -0.07090932 0.05066534
v 0.48586118 -0.08502637 0.05493999
v 0.46922621 -0.16786894 -0.01507869
v 0.47093946 -0.16275468 -0.02508136
v 0.47077367 -0.16228974 -0.03508402
v 0.47326061 -0.15501989 -0.03508402
v 0.46602082 -0.17501199 -0.00507602
v 0.46894988 -0.16706587 0.00492664
v 0.46568921 -0.17501199 0.00492664
v 0.47259742 -0.15501989 -0.04500120
v 0.47143686 -0.15573843 -0.05491837
v 0.47414488 -0.14500269 -0.06500653
v 0.47630021 -0.13502778 -0.07492371
v 0.47895297 -0.12619406 -0.07492371
v 0.47840032 -0.12403846 -0.08398595
v 0.47956088 -0.11833246 -0.08672173
v 0.47906351 -0.11503567 -0.09561299
v 0.47989249 -0.10962553 -0.09928918
v 0.48143992 -0.10577928 -0.09561299
v 0.48409268 -0.09500130 -0.09492905
v 0.48613751 -0.08502637 -0.09492905
v 0.48829287 -0.07090932 -0.09843425
v 0.48884553 -0.07090932 -0.09492905
v 0.48945343 -0.07090932 -0.09091088
v 0.49011663 -0.07090932 -0.08646525
v 0.48403740 -0.08502637 0.06494266
v 0.48160574 -0.09597342 0.06588307
v 0.47978196 -0.10924514 0.05895815
v 0.47906351 -0.11503567 0.05536745
v 0.47933984 -0.10556795 0.06588307
v 0.47475278 -0.12501059 0.06494266
v 0.47171319 -0.13557725 0.06537011
v 0.47049734 -0.14149457 0.06229238
v 0.46369967 -0.16503708 0.05493999
v 0.46546817 -0.16503708 0.04493732
v 0.46707085 -0.16503708 0.03493465
v 0.46845251 -0.16427627 0.02493198
v 0.47011048 -0.16047229 0.02159776
v 0.47038680 -0.16127534 0.01492932
v 0.48834813 -0.07090932 0.05511098
v 0.46624187 -0.17501199 -0.01507869
v 0.46917096 -0.16774213 -0.02508136
v 0.46900517 -0.16727722 -0.03508402
v 0.47044206 -0.16131762 -0.04500120
v 0.46187589 -0.18393025 -0.00507602
v 0.46861830 -0.16626281 0.01492932
v 0.46513656 -0.17501199 0.01492932
v 0.46143377 -0.18300039 0.01492932
v 0.46171010 -0.18350759 0.00492664
v 0.46845251 -0.16427627 -0.05491837
v 0.46977887 -0.15954241 -0.05825260
v 0.46944728 -0.15852802 -0.06500653
v 0.47298428 -0.14500269 -0.07492371
v 0.47502911 -0.13502778 -0.08492638
v 0.47359219 -0.13502778 -0.09492905
v 0.47652128 -0.12501059 -0.09492905
v 0.48005828 -0.10041142 -0.11040325
v 0.48061094 -0.10252474 -0.10493171
v 0.47464225 -0.12501059 -0.10493171
v 0.47005519 -0.13042071 -0.12040593
v 0.48237944 -0.09500130 -0.10493171
v 0.48442426 -0.08502637 -0.10493171
v 0.48641384 -0.07500918 -0.10493171
v 0.48724282 -0.07090932 -0.10467523
v 0.48646909 -0.07090932 0.06494266
v 0.48425847 -0.07090932 0.07494532
v 0.48149520 -0.08578716 0.07580025
v 0.48072147 -0.09322609 0.07306448
v 0.47994775 -0.09990421 0.06981575
v 0.47248688 -0.12501059 0.07494532
v 0.46999994 -0.13016711 0.08007489
v 0.47060785 -0.13211139 0.07494532
v 0.46972361 -0.13929671 0.06896082
v 0.46906042 -0.13709885 0.07494532
v 0.46861830 -0.14487590 0.06537011
v 0.46519184 -0.15501989 0.06494266
v 0.46032846 -0.17095441 0.06143744
v 0.46099162 -0.17247599 0.05493999
v 0.46159956 -0.17543466 0.04459535
v 0.46325752 -0.17501199 0.03493465
v 0.46430758 -0.17501199 0.02493198
v 0.46198642 -0.18414159 -0.01507869
v 0.46607608 -0.17501199 -0.02508136
v 0.46574450 -0.17501199 -0.03508402
v 0.46508130 -0.17501199 -0.04500120
v 0.46867356 -0.16630507 -0.04500120
v 0.45944420 -0.18891773 -0.00507602
v 0.45955473 -0.18917131 -0.01507869
v 0.46104690 -0.18228185 0.02493198
v 0.45900208 -0.18803012 0.01492932
v 0.44933057 -0.20874077 0.00492664
v 0.44955164 -0.20920569 -0.00507602
v 0.46718138 -0.16503708 -0.06500653
v 0.47060785 -0.15180762 -0.07492371
v 0.47149211 -0.14563669 -0.08484089
v 0.47099471 -0.14288937 -0.09492905
v 0.47038680 -0.14119871 -0.10219594
v 0.47160265 -0.13557725 -0.10527369
v 0.46933675 -0.12754658 -0.12707438
v 0.47093946 -0.11469753 -0.13451225
v 0.47331586 -0.10501848 -0.13493972
v 0.47933984 -0.09719916 -0.11707170
v 0.48061094 -0.09432502 -0.11425044
v 0.47066313 -0.13228045 -0.11493438
v 0.46812090 -0.13426697 -0.12425311
v 0.48248997 -0.08502637 -0.11493438
v 0.48453480 -0.07500918 -0.11493438
v 0.48536378 -0.07090932 -0.11493438
v 0.48646909 -0.07090932 -0.10903537
v 0.48265576 -0.07090932 0.08118631
v 0.47989249 -0.08967569 0.07973292
v 0.47939509 -0.09597342 0.07580025
v 0.46756825 -0.13409792 0.08400756
v 0.47066313 -0.12501059 0.08221222
v 0.46690506 -0.12501059 0.09495066
v 0.46403125 -0.13502778 0.09495066
v 0.46629715 -0.14500269 0.07494532
v 0.45949948 -0.16875654 0.06810589
v 0.45795202 -0.17458934 0.06485716
v 0.45889154 -0.17746347 0.05493999
v 0.45955473 -0.17902732 0.04767309
v 0.46016264 -0.18037987 0.04100464
v 0.46054953 -0.18122520 0.03493465
v 0.46187589 -0.18397252 -0.02508136
v 0.46171010 -0.18354985 -0.03508402
v 0.46137851 -0.18278906 -0.04500120
v 0.46093637 -0.18194371 -0.05500387
v 0.46414179 -0.17501199 -0.05500387
v 0.46314698 -0.17501199 -0.06500653
v 0.45668092 -0.19500411 -0.01507869
v 0.45203859 -0.20421824 -0.02508136
v 0.45944420 -0.18900225 -0.02508136
v 0.45861521 -0.18726933 0.02493198
v 0.44905424 -0.20814903 0.01492932
v 0.44612518 -0.21503848 -0.00507602
v 0.44513041 -0.21503848 0.01492932
v 0.44629097 -0.21503848 -0.01507869
v 0.44960690 -0.20929024 -0.01507869
v 0.45209387 -0.20430276 -0.01507869
v 0.46596554 -0.16503708 -0.07492371
v 0.46972361 -0.14935616 -0.08817510
v 0.46922621 -0.14791910 -0.09492905
v 0.45960999 -0.16888334 -0.10758199
v 0.46066004 -0.16199389 -0.11493438
v 0.46977887 -0.13929671 -0.10886438
v 0.46546817 -0.13502778 -0.13493972
v 0.46839723 -0.12454565 -0.13451225
v 0.46850777 -0.11469753 -0.14468591
v 0.47104999 -0.10480714 -0.14468591
v 0.47033152 -0.10134128 -0.15118337
v 0.47569230 -0.09500130 -0.13493972
v 0.47834504 -0.09432502 -0.12425311
v 0.48011357 -0.09052102 -0.12049142
v 0.46917096 -0.13726790 -0.11493438
v 0.46458390 -0.14500269 -0.12493705
v 0.46198642 -0.14572123 -0.13553816
v 0.48061094 -0.08426556 -0.12425311
v 0.48326370 -0.07090932 -0.12493705
v 0.48453480 -0.07090932 -0.11903804
v 0.48016882 -0.07095158 0.09067601
v 0.47933984 -0.07090932 0.09375376
v 0.47884244 -0.07090932 0.09563459
v 0.47701868 -0.07090932 0.10204656
v 0.47641075 -0.08502637 0.09495066
v 0.47431067 -0.09500130 0.09495066
v 0.46347860 -0.14500269 0.08494799
v 0.46972361 -0.10894927 0.09905432
v 0.46375492 -0.12501059 0.10495332
v 0.46027321 -0.13092792 0.11076684
v 0.46115744 -0.13456285 0.10452586
v 0.46027321 -0.14081830 0.10084967
v 0.46226275 -0.15578069 0.07562926
v 0.45878100 -0.16524841 0.07562926
v 0.45507821 -0.17501199 0.07494532
v 0.45259124 -0.18574771 0.06537011
v 0.45148593 -0.18295813 0.07494532
v 0.45518875 -0.18502918 0.05493999
v 0.45756519 -0.18422613 0.04459535
v 0.45015955 -0.20041424 0.04091915
v 0.45369658 -0.19500411 0.03493465
v 0.45927840 -0.18857959 -0.03508402
v 0.44899899 -0.20810676 -0.04500120
v 0.44861215 -0.20730370 -0.05500387
v 0.45060170 -0.20130184 -0.06500653
v 0.46043897 -0.18097159 -0.06500653
v 0.46010739 -0.18025306 -0.07082005
v 0.46171010 -0.17560373 -0.07449625
v 0.44955164 -0.20920569 -0.02508136
v 0.44933057 -0.20882529 -0.03508402
v 0.45181754 -0.20379557 -0.03508402
v 0.45109910 -0.20235850 0.02493198
v 0.44861215 -0.20734596 0.02493198
v 0.44430143 -0.21503848 0.02493198
v 0.44153813 -0.22260422 -0.00507602
v 0.44164866 -0.22277328 -0.01507869
v 0.43026394 -0.24048299 0.00201989
v 0.43048501 -0.24082112 -0.00507602
v 0.44065386 -0.22104034 0.02493198
v 0.44612518 -0.21503848 -0.02508136
v 0.46137851 -0.17319453 -0.08492638
v 0.46458390 -0.16503708 -0.08492638
v 0.46303648 -0.16503708 -0.09492905
v 0.46016264 -0.17040494 -0.10091355
v 0.45568615 -0.17501199 -0.11493438
v 0.45369658 -0.17501199 -0.12493705
v 0.45889154 -0.16698134 -0.11493438
v 0.46010739 -0.16043001 -0.12066241
v 0.46082586 -0.14246671 -0.14494239
v 0.46010739 -0.14048018 -0.15058491
v 0.46303648 -0.13502778 -0.14494239
v 0.45927840 -0.13722564 -0.15725335
v 0.45811784 -0.13435151 -0.16426378
v 0.46845251 -0.10480714 -0.15468857
v 0.46546817 -0.10501848 -0.16494772
v 0.46939203 -0.09736823 -0.15785182
v 0.47287375 -0.08502637 -0.15494505
v 0.47812399 -0.07407930 -0.14400196
v 0.47331586 -0.09500130 -0.14494239
v 0.47933984 -0.08705516 -0.12715986
v 0.45944420 -0.15844348 -0.12733085
v 0.46060479 -0.15176536 -0.13254592
v 0.45878100 -0.15506215 -0.13553816
v 0.45911258 -0.14749643 -0.14494239
v 0.48005828 -0.08037704 -0.13032310
v 0.48011357 -0.07090932 -0.13887239
v 0.47613442 -0.07090932 0.10495332
v 0.47536069 -0.07500918 0.10495332
v 0.47342640 -0.08502637 0.10495332
v 0.47127104 -0.09466316 0.10495332
v 0.47055259 -0.10227114 0.10161911
v 0.45983106 -0.15962695 0.07939096
v 0.46629715 -0.11503567 0.10495332
v 0.46104690 -0.12501059 0.11298966
v 0.45927840 -0.12501059 0.11794825
v 0.45668092 -0.12501059 0.12495866
v 0.45115435 -0.13333711 0.13282400
v 0.45292285 -0.13599990 0.12598458
v 0.45773095 -0.13456285 0.11444303
v 0.45916787 -0.13760604 0.10751811
v 0.45767570 -0.14449550 0.10452586
v 0.44999379 -0.16009188 0.10999741
v 0.44894373 -0.16727722 0.10495332
v 0.45248073 -0.16579787 0.09572010
v 0.45612824 -0.16503708 0.08494799
v 0.45203859 -0.17539239 0.08503348
v 0.45049116 -0.18109840 0.08178475
v 0.44894373 -0.18798785 0.07494532
v 0.44971746 -0.18955171 0.06896082
v 0.43965912 -0.20941703 0.06861885
v 0.45054644 -0.19111559 0.06229238
v 0.44750682 -0.20426050 0.04450986
v 0.44225657 -0.21406636 0.04493732
v 0.44805950 -0.20620477 0.03493465
v 0.44501987 -0.21503848 -0.04500120
v 0.44424614 -0.21503848 -0.05500387
v 0.44264346 -0.21592608 -0.06560498
v 0.44253290 -0.21431996 -0.07492371
v 0.44805950 -0.20628929 -0.06500653
v 0.45021483 -0.20049877 -0.07193146
v 0.44982797 -0.19969571 -0.07859990
v 0.45966527 -0.17932320 -0.07748850
v 0.44568306 -0.21503848 -0.03508402
v 0.44258818 -0.21592608 0.03553310
v 0.43988016 -0.21989915 0.03920930
v 0.44026703 -0.22044861 0.03254085
v 0.43860906 -0.22776073 -0.01507869
v 0.43396676 -0.23503059 -0.02508136
v 0.44153813 -0.22260422 -0.02508136
v 0.42197409 -0.25299391 0.00492664
v 0.42733485 -0.24580859 -0.00507602
v 0.43054026 -0.24094793 -0.01507869
v 0.43009815 -0.24022940 -0.04260740
v 0.45911258 -0.17822427 -0.08492638
v 0.46066004 -0.17150387 -0.09492905
v 0.45784152 -0.17425120 -0.10458975
v 0.45176226 -0.18376118 -0.11493438
v 0.45076749 -0.18169013 -0.12493705
v 0.45015955 -0.18042213 -0.13083605
v 0.45800728 -0.16427627 -0.12433860
v 0.45159650 -0.17526561 -0.13451225
v 0.45784152 -0.14428417 -0.15434660
v 0.45474660 -0.14500269 -0.16494772
v 0.45485717 -0.13502778 -0.17495039
v 0.45922315 -0.12691258 -0.16708505
v 0.46005213 -0.12023446 -0.17016280
v 0.46071529 -0.11503567 -0.17247109
v 0.45994160 -0.10979460 -0.17973799
v 0.46204168 -0.10586381 -0.17580532
v 0.46817619 -0.09440956 -0.16426378
v 0.47011048 -0.09069009 -0.16041660
v 0.47502911 -0.07500918 -0.15494505
v 0.47961617 -0.07090932 -0.14083873
v 0.47928455 -0.07682665 -0.13699155
v 0.45546508 -0.16503708 -0.13493972
v 0.45303339 -0.16503708 -0.14494239
v 0.44916481 -0.16761534 -0.15674040
v 0.47281849 -0.07090932 0.11538346
v 0.47022101 -0.09111276 0.11076684
v 0.47182369 -0.07551637 0.11563994
v 0.46922621 -0.08502637 0.11769177
v 0.46944728 -0.09774862 0.10828754
v 0.46812090 -0.09466316 0.11444303
v 0.46231800 -0.11592327 0.11589642
v 0.45994160 -0.11985406 0.11982909
v 0.46425232 -0.09500130 0.12495866
v 0.46115744 -0.09500130 0.13299499
v 0.45988631 -0.08967569 0.13974893
v 0.44977272 -0.12919499 0.13949245
v 0.44999379 -0.14001524 0.12991725
v 0.44535148 -0.13502778 0.14496399
v 0.45098856 -0.14500269 0.12256487
v 0.45386237 -0.14500269 0.11495599
v 0.45004904 -0.15020150 0.12008557
v 0.44700944 -0.16406494 0.11401558
v 0.44209081 -0.17513880 0.11495599
v 0.44573832 -0.17501199 0.10495332
v 0.44982797 -0.16960187 0.09948178
v 0.45093328 -0.17226467 0.09281334
v 0.44949639 -0.17894280 0.08845320
v 0.43949330 -0.19901943 0.08828221
v 0.43883011 -0.20776862 0.07494532
v 0.44043282 -0.20092145 0.08161376
v 0.43766952 -0.21453129 0.06519914
v 0.44043282 -0.21085408 0.06195040
v 0.43485099 -0.21503848 0.07494532
v 0.44120654 -0.21229115 0.05493999
v 0.43844324 -0.21732089 0.05493999
v 0.43943805 -0.21905382 0.04493732
v 0.42993236 -0.23997580 -0.04927585
v 0.43766952 -0.22611234 -0.05500387
v 0.44026703 -0.22053315 -0.06269823
v 0.43219823 -0.23372033 -0.06500653
v 0.42866123 -0.23773566 -0.07492371
v 0.42799807 -0.23663673 -0.08492638
v 0.44186974 -0.21317875 -0.08492638
v 0.44789368 -0.20430276 -0.07518019
v 0.44623572 -0.20502129 -0.08492638
v 0.44479880 -0.20502129 -0.09492905
v 0.44861215 -0.19715971 -0.09492905
v 0.45176226 -0.19373611 -0.08492638
v 0.45590720 -0.18502918 -0.08492638
v 0.43556944 -0.22501341 0.04493732
v 0.41948712 -0.24927445 0.04493732
v 0.41987401 -0.24986619 0.03912380
v 0.43042976 -0.24082112 -0.02508136
v 0.43026394 -0.24048299 -0.03508402
v 0.41860288 -0.25802365 0.00492664
v 0.42236096 -0.25341657 -0.00507602
v 0.42739013 -0.24593538 -0.01507869
v 0.42711380 -0.24551272 -0.03508402
v 0.45441502 -0.18502918 -0.09492905
v 0.45839417 -0.17653359 -0.09492905
v 0.44938585 -0.18874866 -0.11493438
v 0.44446722 -0.19500411 -0.12493705
v 0.44839108 -0.18671985 -0.12493705
v 0.45231491 -0.18591678 -0.10561566
v 0.44988322 -0.18984759 -0.10937734
v 0.44032228 -0.20075238 -0.13152000
v 0.44750682 -0.18426839 -0.13451225
v 0.44944113 -0.17877373 -0.13750450
v 0.45065695 -0.17163068 -0.14494239
v 0.45137542 -0.15497762 -0.16460575
v 0.45054644 -0.15159629 -0.17170165
v 0.45176226 -0.14517176 -0.17503588
v 0.45065695 -0.14191724 -0.18196081
v 0.44949639 -0.13828231 -0.18862924
v 0.45154122 -0.13498551 -0.18512404
v 0.45789677 -0.12416525 -0.17409545
v 0.45684671 -0.11503567 -0.18495306
v 0.45353079 -0.11503567 -0.19495572
v 0.45905733 -0.10586381 -0.18538052
v 0.46071529 -0.10311648 -0.18230277
v 0.47176844 -0.07551637 -0.16563167
v 0.46474969 -0.09500130 -0.17495039
v 0.47281849 -0.07090932 -0.16528970
v 0.47585809 -0.07090932 -0.15494505
v 0.44999379 -0.17006680 -0.15007195
v 0.44385928 -0.17501199 -0.16494772
v 0.44800422 -0.16457215 -0.16460575
v 0.44933057 -0.15827441 -0.16776899
v 0.44734102 -0.17403987 -0.15400463
v 0.47049734 -0.07247318 0.12128247
v 0.47060785 -0.07090932 0.12170993
v 0.46856302 -0.07551637 0.12478767
v 0.46651819 -0.08502637 0.12495866
v 0.46220750 -0.08582944 0.13581626
v 0.46060479 -0.08299758 0.14145879
v 0.45855993 -0.08582944 0.14487851
v 0.45629406 -0.09500130 0.14496399
v 0.45010430 -0.11047088 0.15017906
v 0.44844633 -0.12551779 0.14487851
v 0.44010121 -0.13033618 0.16018173
v 0.44076443 -0.16207841 0.13171260
v 0.43949330 -0.16875654 0.12872034
v 0.44043282 -0.14111418 0.15086301
v 0.44131708 -0.13422471 0.15453920
v 0.44076443 -0.17184201 0.12205191
v 0.43927222 -0.17852013 0.11820473
v 0.44059861 -0.18122520 0.11153628
v 0.44866741 -0.17539239 0.09572010
v 0.44142759 -0.18473333 0.10401291
v 0.44430143 -0.18502918 0.09495066
v 0.43761426 -0.20455638 0.08494799
v 0.43335882 -0.20599343 0.09589107
v 0.43109292 -0.21212208 0.09315531
v 0.43203244 -0.21529210 0.08443503
v 0.42926916 -0.21880022 0.08742729
v 0.43230876 -0.22361861 0.06494266
v 0.43103766 -0.22167435 0.07494532
v 0.43020868 -0.22036409 0.08075884
v 0.43302721 -0.22581647 0.05528196
v 0.43042976 -0.23076168 0.05220421
v 0.42744541 -0.24416019 -0.04559965
v 0.42186356 -0.25269803 -0.04500120
v 0.42142144 -0.25210631 -0.05500387
v 0.42611903 -0.24500552 -0.05500387
v 0.42965603 -0.23955312 -0.05500387
v 0.42921388 -0.23870780 -0.06500653
v 0.42318994 -0.24601993 -0.07594962
v 0.42302412 -0.24454059 -0.08492638
v 0.42225042 -0.24348393 -0.09492905
v 0.42777699 -0.23443887 -0.09569848
v 0.43037447 -0.23076168 -0.09279172
v 0.44115126 -0.21199529 -0.09492905
v 0.44054335 -0.21098089 -0.10313636
v 0.44264346 -0.20599343 -0.10587214
v 0.44822526 -0.19458145 -0.10561566
v 0.41860288 -0.24792191 0.05493999
v 0.41550803 -0.25502270 0.04493732
v 0.41169468 -0.26254618 0.03493465
v 0.42727959 -0.24580859 -0.02508136
v 0.40953934 -0.26935109 0.01492932
v 0.40108368 -0.28160840 0.01492932
v 0.41302106 -0.26596975 0.00543960
v 0.41020250 -0.27036551 0.00244735
v 0.41423690 -0.26503989 -0.00507602
v 0.41887921 -0.25844631 -0.01507869
v 0.42236096 -0.25345886 -0.01507869
v 0.42230570 -0.25333205 -0.02508136
v 0.42213988 -0.25307846 -0.03508402
v 0.44640151 -0.19500411 -0.11493438
v 0.44104075 -0.20214717 -0.12493705
v 0.43761426 -0.20447183 -0.13485423
v 0.43490624 -0.20502129 -0.14494239
v 0.43954855 -0.19910398 -0.13818845
v 0.44209081 -0.19546905 -0.13485423
v 0.43849853 -0.20713463 -0.12493705
v 0.44468826 -0.18502918 -0.14494239
v 0.44203553 -0.18536732 -0.15477407
v 0.44828054 -0.15497762 -0.17503588
v 0.44501987 -0.15501989 -0.18495306
v 0.44844633 -0.14517176 -0.18512404
v 0.44507515 -0.14500269 -0.19495572
v 0.44828054 -0.13498551 -0.19469924
v 0.44927531 -0.12746206 -0.19786248
v 0.45015955 -0.12078393 -0.20051277
v 0.45093328 -0.11503567 -0.20256460
v 0.45607299 -0.10501848 -0.19495572
v 0.45960999 -0.09838262 -0.18897122
v 0.46148902 -0.09504355 -0.18538052
v 0.47049734 -0.07251544 -0.17170165
v 0.47016573 -0.07090932 -0.17375349
v 0.44087493 -0.18185920 -0.16494772
v 0.44004595 -0.18021080 -0.17024827
v 0.43905118 -0.17771706 -0.17691672
v 0.44037753 -0.17108122 -0.18119137
v 0.44463301 -0.16503708 -0.17495039
v 0.46972361 -0.07090932 0.12410374
v 0.46662873 -0.07090932 0.13222556
v 0.46557868 -0.07090932 0.13496134
v 0.46474969 -0.07500918 0.13496134
v 0.46182060 -0.07090932 0.14445104
v 0.46066004 -0.07090932 0.14727230
v 0.45933366 -0.07500918 0.14838371
v 0.45424923 -0.08502637 0.15496667
v 0.45181754 -0.09470542 0.15522315
v 0.45027012 -0.09115502 0.16052370
v 0.44844633 -0.10501848 0.15676202
v 0.44728577 -0.11427487 0.15411174
v 0.44402510 -0.12501059 0.15496667
v 0.44081968 -0.12501059 0.16172060
v 0.43838799 -0.12501059 0.16676468
v 0.42993236 -0.12995578 0.17993058
v 0.43170083 -0.13502778 0.17309116
v 0.43661949 -0.13422471 0.16411440
v 0.43877485 -0.13701431 0.15753146
v 0.43805641 -0.16524841 0.13496134
v 0.42976654 -0.16947508 0.14949512
v 0.43131399 -0.17272961 0.14282668
v 0.43324828 -0.17564601 0.13555978
v 0.43800113 -0.17513880 0.12521514
v 0.43722743 -0.14466457 0.15453920
v 0.42949021 -0.15878162 0.15889934
v 0.43744847 -0.18473333 0.11495599
v 0.43286142 -0.18549412 0.12530063
v 0.43219823 -0.19513091 0.11478500
v 0.43048501 -0.20100597 0.11127980
v 0.42904809 -0.20819131 0.10495332
v 0.43888539 -0.18790331 0.10666318
v 0.42993236 -0.20996650 0.09982376
v 0.42838490 -0.21529210 0.09589107
v 0.42667168 -0.22425261 0.08443503
v 0.42120039 -0.22180115 0.10495332
v 0.42263728 -0.22530928 0.09469418
v 0.42042667 -0.23067714 0.09110348
v 0.42015034 -0.24031393 0.07067068
v 0.42490315 -0.23503059 0.06494266
v 0.41921079 -0.23887686 0.07733913
v 0.42236096 -0.23532647 0.07434687
v 0.42081350 -0.24128605 0.06494266
v 0.40998143 -0.27002737 -0.03987163
v 0.40605760 -0.27501482 -0.04500120
v 0.40937352 -0.26918203 -0.05500387
v 0.42092407 -0.25134552 -0.06500653
v 0.42512423 -0.24500552 -0.06500653
v 0.41998452 -0.25003526 -0.07996779
v 0.42042667 -0.25062698 -0.07329935
v 0.41965294 -0.24957031 -0.08492638
v 0.41887921 -0.24847138 -0.09492905
v 0.42142144 -0.24217366 -0.10493171
v 0.42584270 -0.23503059 -0.10493171
v 0.42943496 -0.22911328 -0.10493171
v 0.42987710 -0.22991633 -0.09946017
v 0.43280616 -0.22594327 -0.09569848
v 0.43993545 -0.20996650 -0.10980481
v 0.44198024 -0.20404917 -0.11493438
v 0.41036832 -0.26055965 0.05177675
v 0.41749758 -0.24627352 0.06494266
v 0.41252369 -0.25362790 0.06494266
v 0.40898669 -0.25865763 0.06494266
v 0.41097623 -0.26148951 0.04493732
v 0.40008891 -0.28017136 0.03048902
v 0.40042049 -0.28072083 0.02493198
v 0.39749140 -0.28659588 0.01492932
v 0.40158105 -0.28232694 0.00492664
v 0.40683132 -0.27552202 -0.00507602
v 0.40683132 -0.27556428 -0.01507869
v 0.41407108 -0.26503989 -0.02508136
v 0.43114817 -0.21195303 -0.14494239
v 0.43037447 -0.21064276 -0.15118337
v 0.43214297 -0.20531717 -0.15468857
v 0.43761426 -0.19449691 -0.15477407
v 0.43871957 -0.19741331 -0.14494239
v 0.43943805 -0.20903662 -0.11493438
v 0.43595630 -0.21503848 -0.11493438
v 0.43319303 -0.21596836 -0.12579198
v 0.43236405 -0.21393955 -0.13493972
v 0.44032228 -0.19077745 -0.15135434
v 0.43943805 -0.18895999 -0.15802279
v 0.44148287 -0.16486801 -0.18469658
v 0.44048810 -0.16144441 -0.19136502
v 0.44164866 -0.15485083 -0.19478473
v 0.44048810 -0.15142722 -0.20136769
v 0.44153813 -0.14470683 -0.20478740
v 0.44441193 -0.13502778 -0.20495839
v 0.44767261 -0.12446113 -0.20427445
v 0.44982797 -0.10932967 -0.20957501
v 0.45214915 -0.10561021 -0.20572783
v 0.45844942 -0.09504355 -0.19461375
v 0.46032846 -0.09174676 -0.19102305
v 0.46579975 -0.07500918 -0.18495306
v 0.46856302 -0.07090932 -0.17879757
v 0.43435359 -0.19500411 -0.16494772
v 0.43689582 -0.18414159 -0.17409545
v 0.43252984 -0.18532506 -0.18503855
v 0.43114817 -0.18223959 -0.19290389
v 0.43766952 -0.17463160 -0.18469658
v 0.43921697 -0.16808027 -0.18785980
v 0.45972052 -0.07090932 0.14940962
v 0.45900208 -0.07090932 0.15103400
v 0.45640460 -0.07500918 0.15496667
v 0.45093328 -0.08502637 0.16206257
v 0.44855687 -0.08502637 0.16702116
v 0.44750682 -0.09470542 0.16428539
v 0.44026703 -0.11110488 0.17052637
v 0.44452247 -0.10501848 0.16496934
v 0.44186974 -0.11469753 0.16522582
v 0.43938279 -0.11778300 0.16873102
v 0.43733793 -0.11469753 0.17428806
v 0.43098241 -0.12331992 0.18181144
v 0.43330353 -0.12598272 0.17591242
v 0.42838490 -0.12598272 0.18506017
v 0.42114511 -0.13502778 0.19181409
v 0.42512423 -0.13502778 0.18497467
v 0.41926607 -0.15827441 0.17864819
v 0.42247146 -0.15497762 0.17522848
v 0.42108983 -0.16271241 0.17197976
v 0.43042976 -0.14119871 0.17078285
v 0.43203244 -0.14470683 0.16496934
v 0.43081659 -0.15210350 0.16154961
v 0.42849544 -0.17564601 0.14564794
v 0.42965603 -0.17940773 0.13932146
v 0.42318994 -0.16562882 0.16565327
v 0.41970819 -0.16934827 0.16941497
v 0.42142144 -0.17281413 0.16274652
v 0.42352152 -0.17568827 0.15556511
v 0.43125874 -0.18245092 0.13265303
v 0.42910337 -0.14783457 0.16821806
v 0.42777699 -0.15527348 0.16496934
v 0.43092713 -0.19183412 0.12213740
v 0.42921388 -0.19851224 0.11794825
v 0.42949021 -0.18908679 0.12880585
v 0.42727959 -0.20459864 0.11478500
v 0.42186356 -0.21482715 0.11427206
v 0.42523476 -0.21503848 0.10495332
v 0.42015034 -0.22027954 0.11042488
v 0.42136616 -0.23215647 0.08494799
v 0.41036832 -0.24060979 0.10093516
v 0.40815768 -0.24724565 0.09495066
v 0.40937352 -0.24910538 0.08794025
v 0.41655806 -0.24420246 0.07434687
v 0.41125256 -0.25189498 0.07494532
v 0.41810548 -0.23714393 0.08494799
v 0.41036832 -0.25058472 0.08127180
v 0.40721816 -0.27412722 -0.03593895
v 0.40152580 -0.28211561 -0.03508402
v 0.40124947 -0.28169295 -0.04500120
v 0.40522861 -0.27501482 -0.05500387
v 0.40887612 -0.26842123 -0.06500653
v 0.40766031 -0.26668829 -0.08492638
v 0.40826821 -0.26757589 -0.07492371
v 0.41042358 -0.26064417 -0.09492905
v 0.41434744 -0.25502270 -0.09492905
v 0.41241312 -0.25548765 -0.10399129
v 0.41799498 -0.24716112 -0.10493171
v 0.42064771 -0.24103245 -0.11322452
v 0.42318994 -0.23600273 -0.11596030
v 0.42849544 -0.22754940 -0.11493438
v 0.43147978 -0.22256196 -0.11493438
v 0.39865199 -0.27826935 0.04493732
v 0.40738398 -0.26647696 0.04493732
v 0.40771556 -0.25688243 0.07494532
v 0.40274164 -0.26364511 0.07494532
v 0.39975730 -0.26973149 0.06887533
v 0.38958842 -0.28947002 0.04818605
v 0.39312541 -0.28570828 0.04485182
v 0.39942572 -0.27932602 0.03715747
v 0.39644137 -0.28410214 0.03433620
v 0.39097005 -0.29120293 0.03493465
v 0.39682823 -0.28570828 0.02493198
v 0.39179903 -0.29221734 0.02493198
v 0.39246225 -0.29297814 0.01492932
v 0.39793354 -0.28727216 0.00492664
v 0.40180212 -0.28258055 -0.00507602
v 0.40180212 -0.28253829 -0.01507869
v 0.40174687 -0.28236923 -0.02508136
v 0.40672076 -0.27539521 -0.02508136
v 0.42567688 -0.22501341 -0.13493972
v 0.42131090 -0.23224100 -0.13493972
v 0.42048192 -0.23088847 -0.14169365
v 0.41849238 -0.22763394 -0.15494505
v 0.42164248 -0.22264647 -0.15494505
v 0.42296886 -0.21558794 -0.16503322
v 0.42932442 -0.20886756 -0.15785182
v 0.43092713 -0.20180903 -0.16494772
v 0.43065080 -0.22120941 -0.12305620
v 0.42993236 -0.21994141 -0.12972465
v 0.43783534 -0.16486801 -0.19478473
v 0.43921697 -0.15810536 -0.19803347
v 0.43783534 -0.15485083 -0.20478740
v 0.43921697 -0.14779229 -0.20803614
v 0.44032228 -0.14115644 -0.21085741
v 0.43921697 -0.13502778 -0.21812430
v 0.43993545 -0.12991351 -0.21991965
v 0.44606990 -0.11503567 -0.21496105
v 0.44186974 -0.11490886 -0.22522020
v 0.44043282 -0.11152753 -0.23086274
v 0.44452247 -0.10501848 -0.22496372
v 0.45060170 -0.10269381 -0.21145585
v 0.45480189 -0.09500130 -0.20495839
v 0.45933366 -0.08502637 -0.19803347
v 0.46104690 -0.08502637 -0.19307488
v 0.45690197 -0.08502637 -0.20495839
v 0.46198642 -0.07576998 -0.19581065
v 0.46309173 -0.07090932 -0.19538319
v 0.46668401 -0.07090932 -0.18469658
v 0.43009815 -0.20024517 -0.17024827
v 0.43153507 -0.19483504 -0.17418095
v 0.43065080 -0.19136918 -0.18178982
v 0.41970819 -0.19952664 -0.19923037
v 0.42982182 -0.17970359 -0.19957234
v 0.42761117 -0.19483504 -0.18503855
v 0.43297195 -0.17581508 -0.19572516
v 0.43125874 -0.17302546 -0.20307755
v 0.45728886 -0.07090932 0.15488118
v 0.45248073 -0.07090932 0.16514032
v 0.45170701 -0.07437518 0.16522582
v 0.44938585 -0.07724930 0.16881651
v 0.44446722 -0.08502637 0.17497200
v 0.44021177 -0.09094369 0.18044354
v 0.44198024 -0.09457862 0.17522848
v 0.44104075 -0.10501848 0.17197976
v 0.42921388 -0.11697993 0.18847987
v 0.42269254 -0.12496832 0.19540480
v 0.42009506 -0.14026883 0.19010425
v 0.41932136 -0.12826511 0.19899550
v 0.41805023 -0.13502778 0.19685817
v 0.40876561 -0.15692189 0.19788408
v 0.41727650 -0.15497762 0.18463269
v 0.41810548 -0.16562882 0.17522848
v 0.42136616 -0.18253545 0.15274385
v 0.41943187 -0.19901943 0.13880850
v 0.41268945 -0.16499481 0.18514565
v 0.40915245 -0.16829160 0.18856537
v 0.41114202 -0.17209560 0.18189692
v 0.41324210 -0.17526561 0.17522848
v 0.41838181 -0.17568827 0.16565327
v 0.41965294 -0.17945001 0.15932681
v 0.42103457 -0.20202038 0.13214007
v 0.41926607 -0.20865622 0.12837838
v 0.41782916 -0.20519036 0.13530330
v 0.42783225 -0.19513091 0.12530063
v 0.42075825 -0.21140355 0.12170993
v 0.42263728 -0.20519036 0.12504415
v 0.41876870 -0.21808168 0.11709331
v 0.40992618 -0.22991633 0.11982909
v 0.40019941 -0.25033110 0.11051036
v 0.40130472 -0.25189498 0.10495332
v 0.40274164 -0.25531858 0.09452319
v 0.40666550 -0.25434643 0.08477700
v 0.40030998 -0.26051736 0.09093249
v 0.39765722 -0.28706080 -0.03508402
v 0.39738089 -0.28672269 -0.04500120
v 0.39793354 -0.28735667 -0.02508136
v 0.40080735 -0.28114349 -0.05500387
v 0.40030998 -0.28042495 -0.06500653
v 0.40417856 -0.27501482 -0.06500653
v 0.40263110 -0.27569109 -0.07406878
v 0.40263110 -0.27370456 -0.08492638
v 0.40688658 -0.26563165 -0.09492905
v 0.40644443 -0.26402551 -0.10399129
v 0.40998143 -0.26001018 -0.09997313
v 0.40937352 -0.25912258 -0.10664158
v 0.41998452 -0.24001807 -0.11989297
v 0.39030689 -0.29039988 0.04151760
v 0.40124947 -0.26174310 0.08494799
v 0.38964367 -0.27957961 0.07870701
v 0.39351228 -0.27573335 0.07520179
v 0.39052793 -0.28076309 0.07203856
v 0.38759887 -0.28689173 0.06494266
v 0.39141220 -0.28190428 0.06494266
v 0.38881469 -0.28845561 0.05493999
v 0.38317761 -0.29555640 0.05451252
v 0.38019326 -0.30024800 0.05083632
v 0.36748219 -0.31698558 0.04493732
v 0.36836642 -0.31808451 0.03493465
v 0.38765413 -0.29724705 0.02493198
v 0.38831732 -0.29800788 0.01492932
v 0.39295962 -0.29356986 0.00492664
v 0.39815462 -0.28752574 -0.00507602
v 0.39809933 -0.28752574 -0.01507869
v 0.41816077 -0.23722847 -0.13493972
v 0.41937661 -0.23908819 -0.12493705
v 0.41711071 -0.23452340 -0.14502788
v 0.41318685 -0.23566461 -0.15520152
v 0.40959460 -0.23942633 -0.15870674
v 0.41716599 -0.22459075 -0.16503322
v 0.41948712 -0.21926515 -0.16845292
v 0.42158723 -0.21250249 -0.17495039
v 0.42821911 -0.20679650 -0.16494772
v 0.43308249 -0.16592467 -0.20581332
v 0.43302721 -0.15573843 -0.21564500
v 0.43120345 -0.15286429 -0.22265542
v 0.43766952 -0.14470683 -0.21453360
v 0.43258509 -0.14546764 -0.22556217
v 0.43612212 -0.13502778 -0.22496372
v 0.43943805 -0.11820567 -0.22872542
v 0.44120654 -0.10501848 -0.23257260
v 0.42965603 -0.11896646 -0.24932919
v 0.43241930 -0.11541606 -0.24556752
v 0.43059552 -0.11233060 -0.25121003
v 0.43534839 -0.10501848 -0.24496907
v 0.44452247 -0.08502637 -0.23496640
v 0.44944113 -0.07500918 -0.22863992
v 0.45154122 -0.07500918 -0.22368133
v 0.44938585 -0.09500130 -0.21855175
v 0.45242548 -0.08591397 -0.21590148
v 0.45988631 -0.07957397 -0.19965783
v 0.45507821 -0.07500918 -0.21496105
v 0.45878100 -0.07576998 -0.20495839
v 0.46054953 -0.07289584 -0.20162417
v 0.46171010 -0.07090932 -0.19931586
v 0.42661640 -0.20413370 -0.17418095
v 0.42893755 -0.19804731 -0.17691672
v 0.42097932 -0.20193583 -0.19256192
v 0.41921079 -0.20861396 -0.18785980
v 0.41805023 -0.20519036 -0.19555417
v 0.40970510 -0.20954382 -0.20931853
v 0.41843709 -0.19715971 -0.20495839
v 0.42108983 -0.19217224 -0.20495839
v 0.42479265 -0.18502918 -0.20495839
v 0.42120039 -0.18431066 -0.21393515
v 0.42020559 -0.18050666 -0.22043261
v 0.42893755 -0.17581508 -0.20581332
v 0.42225042 -0.20519036 -0.18469658
v 0.42987710 -0.16981322 -0.20974599
v 0.45004904 -0.07090932 0.17009890
v 0.44728577 -0.07437518 0.17411707
v 0.44093019 -0.08502637 0.18172593
v 0.43822220 -0.08502637 0.18668452
v 0.43722743 -0.09457862 0.18420523
v 0.43004286 -0.11034407 0.19010425
v 0.42661640 -0.11419034 0.19403690
v 0.42142144 -0.11503567 0.20224422
v 0.42048192 -0.12158699 0.20079085
v 0.41108677 -0.14500269 0.20164579
v 0.41003671 -0.15024376 0.20010692
v 0.41688967 -0.12496832 0.20446706
v 0.41042358 -0.13122378 0.21062255
v 0.40915245 -0.13790190 0.20874169
v 0.40185738 -0.16503708 0.20275718
v 0.40699708 -0.16499481 0.19472086
v 0.41069990 -0.16165575 0.19121566
v 0.39986783 -0.15971148 0.20976761
v 0.40937352 -0.19893491 0.15881385
v 0.40926301 -0.20874077 0.14864019
v 0.41103148 -0.21174169 0.14197175
v 0.40042049 -0.17078534 0.20053437
v 0.40207845 -0.17446253 0.19454986
v 0.40738398 -0.17526561 0.18514565
v 0.39881778 -0.19800505 0.17804974
v 0.40257585 -0.19479278 0.17480102
v 0.40937352 -0.18891773 0.16890201
v 0.41119730 -0.19225678 0.16223356
v 0.41252369 -0.21503848 0.13470486
v 0.41716599 -0.21482715 0.12504415
v 0.41053408 -0.22087128 0.13111416
v 0.41197103 -0.22306915 0.12495866
v 0.39881778 -0.24830231 0.11717881
v 0.40871033 -0.22809887 0.12495866
v 0.40014416 -0.23025447 0.14026189
v 0.39290434 -0.24521685 0.13487583
v 0.39738089 -0.24500552 0.12530063
v 0.40102839 -0.24162419 0.12222289
v 0.39760196 -0.25688243 0.10495332
v 0.39494920 -0.25498044 0.11487050
v 0.39909410 -0.25886896 0.09760094
v 0.39511499 -0.26516670 0.09529263
v 0.39108062 -0.27146444 0.09289883
v 0.38859364 -0.27826935 0.08494799
v 0.39268330 -0.29335853 -0.03508402
v 0.37936428 -0.30920851 -0.04500120
v 0.37897742 -0.30870131 -0.05500387
v 0.38295656 -0.30371386 -0.05500387
v 0.39693874 -0.28613093 -0.05500387
v 0.39290434 -0.29365441 -0.02508136
v 0.39638609 -0.28545469 -0.06500653
v 0.39997837 -0.28004456 -0.07013611
v 0.39953625 -0.27945283 -0.07680456
v 0.39898360 -0.27869201 -0.08492638
v 0.40185738 -0.27264789 -0.09492905
v 0.40097314 -0.27142215 -0.10493171
v 0.40036523 -0.27053457 -0.11160016
v 0.40301800 -0.26571617 -0.11493438
v 0.40235478 -0.26339149 -0.12493705
v 0.41020250 -0.25033110 -0.13075057
v 0.38035905 -0.29044214 0.08110081
v 0.38682514 -0.28448254 0.07520179
v 0.38129857 -0.29158333 0.07494532
v 0.38262495 -0.29318947 0.06494266
v 0.37848002 -0.29817694 0.06494266
v 0.36134768 -0.32163489 0.05493999
v 0.36245298 -0.32294518 0.04493732
v 0.36339250 -0.32395956 0.03493465
v 0.37345088 -0.31406918 0.02493198
v 0.36974806 -0.31969064 0.01783607
v 0.37013492 -0.32015556 0.01116763
v 0.37046653 -0.32053596 0.00492664
v 0.37510884 -0.31499904 0.00492664
v 0.38881469 -0.29855734 0.00492664
v 0.37571675 -0.31499904 -0.00507602
v 0.37991694 -0.30992705 -0.00507602
v 0.38406187 -0.30489731 -0.00507602
v 0.38903576 -0.29885319 -0.00507602
v 0.39312541 -0.29386574 -0.00507602
v 0.39307016 -0.29382348 -0.01507869
v 0.41263419 -0.24547046 -0.13442676
v 0.40931827 -0.24910538 -0.13741902
v 0.41174996 -0.24255405 -0.14494239
v 0.41064465 -0.24099019 -0.15203829
v 0.41058937 -0.23097301 -0.17170165
v 0.41180521 -0.23279047 -0.16494772
v 0.39925992 -0.25903803 -0.14759266
v 0.39804405 -0.25730512 -0.15494505
v 0.39130166 -0.26182765 -0.16494772
v 0.39025161 -0.26043284 -0.17067575
v 0.40163633 -0.24230045 -0.17495039
v 0.40694183 -0.23460793 -0.17495039
v 0.40937352 -0.22911328 -0.17837010
v 0.42042667 -0.21072730 -0.18119137
v 0.43125874 -0.16317734 -0.21282373
v 0.42860597 -0.15573843 -0.22556217
v 0.42965603 -0.14906029 -0.22932386
v 0.42882705 -0.16592467 -0.21564500
v 0.42816383 -0.14546764 -0.23488091
v 0.43540365 -0.08502637 -0.25497174
v 0.43960384 -0.07817918 -0.24915822
v 0.42871648 -0.12501059 -0.24727736
v 0.42473739 -0.12501059 -0.25497174
v 0.42788750 -0.11541606 -0.25471526
v 0.42899281 -0.10501848 -0.25804949
v 0.42976654 -0.09914342 -0.25950286
v 0.43153507 -0.08502637 -0.26292259
v 0.44667783 -0.07500918 -0.23496640
v 0.44988322 -0.07090932 -0.22966583
v 0.45027012 -0.07090932 -0.22872542
v 0.45585191 -0.07090932 -0.21496105
v 0.45911258 -0.07090932 -0.20658275
v 0.46071529 -0.07090932 -0.20213713
v 0.41241312 -0.21512303 -0.19452825
v 0.41114202 -0.21182624 -0.20265009
v 0.41666859 -0.21444675 -0.18469658
v 0.40766031 -0.21512303 -0.20555684
v 0.40080735 -0.22125168 -0.21162684
v 0.40318376 -0.21533436 -0.21496105
v 0.40147054 -0.21220663 -0.22274092
v 0.40837875 -0.20717689 -0.21496105
v 0.40998143 -0.20003384 -0.22000514
v 0.41998452 -0.19005892 -0.21000247
v 0.41639227 -0.18431066 -0.22427979
v 0.41141835 -0.18426839 -0.23419696
v 0.41860288 -0.17691401 -0.22710104
v 0.42120039 -0.17416666 -0.22427979
v 0.42517948 -0.17501199 -0.21496105
v 0.41843709 -0.18714252 -0.21667092
v 0.44850159 -0.07090932 0.17309116
v 0.44756210 -0.07090932 0.17488651
v 0.44203553 -0.07500918 0.18369228
v 0.43927222 -0.07500918 0.18865088
v 0.43286142 -0.08527997 0.19566128
v 0.43197715 -0.09500130 0.19326746
v 0.43070608 -0.10501848 0.19121566
v 0.42965603 -0.08874583 0.19950846
v 0.43048501 -0.08210997 0.20079085
v 0.42219514 -0.10421541 0.20523649
v 0.42003977 -0.10036916 0.21010959
v 0.41821605 -0.11503567 0.20720282
v 0.41163942 -0.12501059 0.21224689
v 0.39887303 -0.14707376 0.21840239
v 0.40113896 -0.15307562 0.21173394
v 0.39771247 -0.15586522 0.21498266
v 0.39224118 -0.15501989 0.22293350
v 0.39080429 -0.16152894 0.22096717
v 0.39323595 -0.16491029 0.21515366
v 0.39843094 -0.16503708 0.20780128
v 0.40777081 -0.19538450 0.16531131
v 0.40086263 -0.21140355 0.16146412
v 0.40893140 -0.21841982 0.13778259
v 0.38328815 -0.19496185 0.20515099
v 0.38992000 -0.18993211 0.19985044
v 0.39135695 -0.17247599 0.21190494
v 0.38947791 -0.17911187 0.20925465
v 0.38091171 -0.19162278 0.21122098
v 0.39008582 -0.20020291 0.19010425
v 0.39677295 -0.20489450 0.17480102
v 0.40080735 -0.20151317 0.17138129
v 0.40263110 -0.20489450 0.16488384
v 0.39063847 -0.25092286 0.13145612
v 0.39213064 -0.25290939 0.12495866
v 0.39130166 -0.24204686 0.14231372
v 0.38909101 -0.24872498 0.13812457
v 0.39262801 -0.26334924 0.10495332
v 0.38964367 -0.25958750 0.11914514
v 0.38980949 -0.26981604 0.09956728
v 0.38179597 -0.28232694 0.09495066
v 0.37919849 -0.28900507 0.08776926
v 0.38312232 -0.28541240 0.08460602
v 0.38367498 -0.30455920 -0.03508402
v 0.37466669 -0.31499904 -0.04500120
v 0.37007964 -0.32011330 -0.05132767
v 0.37964061 -0.30954665 -0.03508402
v 0.37521935 -0.31499904 -0.03508402
v 0.36980331 -0.31977516 -0.05799612
v 0.37350613 -0.31436506 -0.06500653
v 0.38245916 -0.30312213 -0.06500653
v 0.37997222 -0.30996931 -0.02003727
v 0.38312232 -0.30586946 -0.02405544
v 0.38185126 -0.30236134 -0.07492371
v 0.36272931 -0.32349464 -0.09492905
v 0.39633083 -0.28405988 -0.07406878
v 0.35819754 -0.32763678 -0.10493171
v 0.39815462 -0.27763537 -0.09492905
v 0.39721507 -0.27640963 -0.10493171
v 0.35736856 -0.32649556 -0.11493438
v 0.36035290 -0.32053596 -0.12168832
v 0.35676062 -0.32429770 -0.12502255
v 0.39959151 -0.26947790 -0.11826861
v 0.39876252 -0.26837897 -0.12493705
v 0.40108368 -0.26157403 -0.13493972
v 0.37212449 -0.30248812 0.07494532
v 0.37709838 -0.29661307 0.07494532
v 0.36024237 -0.31030744 0.09067601
v 0.35079193 -0.32091638 0.09212939
v 0.35703695 -0.31647837 0.08494799
v 0.35957918 -0.31952158 0.06844786
v 0.36366883 -0.31571758 0.06511363
v 0.35703695 -0.32662237 0.05493999
v 0.35637379 -0.32433996 0.06511363
v 0.35814226 -0.32793263 0.04493732
v 0.35908180 -0.32894704 0.03493465
v 0.36350304 -0.32577702 0.02467550
v 0.36013183 -0.33017278 0.02117030
v 0.36051869 -0.33059543 0.01492932
v 0.36112660 -0.33127171 0.00492664
v 0.36145821 -0.33169436 -0.00507602
v 0.36648738 -0.32590383 -0.00507602
v 0.37074286 -0.32091638 -0.00507602
v 0.37085336 -0.32100090 -0.01507869
v 0.37997222 -0.30996931 -0.01217193
v 0.38323289 -0.30599624 -0.01533517
v 0.40025470 -0.26039058 -0.14092422
v 0.40274164 -0.25544536 -0.14451492
v 0.39014107 -0.27023870 -0.15041393
v 0.39251751 -0.26520896 -0.15426111
v 0.34985244 -0.31981742 -0.15964717
v 0.35261571 -0.31347746 -0.16494772
v 0.34985244 -0.30980024 -0.17956701
v 0.38892525 -0.25857311 -0.17734419
v 0.40047574 -0.24069433 -0.18110588
v 0.40810242 -0.22725354 -0.18495306
v 0.41031304 -0.22057542 -0.19085206
v 0.41141835 -0.22226608 -0.18495306
v 0.42484790 -0.16503708 -0.22496372
v 0.41998452 -0.16000734 -0.23992498
v 0.42142144 -0.15332922 -0.24257526
v 0.42280307 -0.14534083 -0.24556752
v 0.43230876 -0.07513598 -0.26557285
v 0.43783534 -0.07492465 -0.25428778
v 0.44026703 -0.07150105 -0.25061160
v 0.44192499 -0.07492465 -0.24548203
v 0.42075825 -0.14221311 -0.25138104
v 0.42009506 -0.13033618 -0.26018679
v 0.42097932 -0.12501059 -0.26181117
v 0.41937661 -0.11795206 -0.26882160
v 0.42225042 -0.11478207 -0.26531637
v 0.42241621 -0.09500130 -0.27540451
v 0.42799807 -0.09550849 -0.26471794
v 0.42888230 -0.08502637 -0.26796663
v 0.42965603 -0.07851730 -0.26942003
v 0.44032228 -0.07090932 -0.25069708
v 0.40893140 -0.21850435 -0.19752051
v 0.40003365 -0.23008540 -0.20008530
v 0.39660716 -0.22475982 -0.21496105
v 0.39909410 -0.21884248 -0.21829528
v 0.39848620 -0.22788754 -0.20675375
v 0.38936734 -0.23921499 -0.20880558
v 0.38466978 -0.23452340 -0.22427979
v 0.39063847 -0.22099808 -0.23120470
v 0.38881469 -0.21837756 -0.23787315
v 0.39964676 -0.20945930 -0.22932386
v 0.40489700 -0.20476770 -0.22470725
v 0.41020250 -0.19043931 -0.23034978
v 0.40843400 -0.18705799 -0.23701823
v 0.39997837 -0.18997438 -0.24992765
v 0.41014725 -0.18042213 -0.24035245
v 0.41633701 -0.17416666 -0.23411147
v 0.42009506 -0.17027813 -0.23017879
v 0.44231185 -0.07090932 0.18463269
v 0.44076443 -0.07090932 0.18745396
v 0.43965912 -0.07090932 0.18942031
v 0.43545890 -0.07500918 0.19497734
v 0.43120345 -0.07500918 0.20190227
v 0.42799807 -0.07500918 0.20694634
v 0.42733485 -0.08527997 0.20446706
v 0.42191881 -0.08502637 0.21258888
v 0.41705543 -0.09500130 0.21600857
v 0.41014725 -0.11076674 0.22019774
v 0.41268945 -0.11448620 0.21541014
v 0.40926301 -0.11744486 0.21908632
v 0.40799189 -0.12501059 0.21729097
v 0.40014416 -0.14039564 0.22011223
v 0.38964367 -0.14910257 0.22951648
v 0.38030380 -0.15066643 0.24028856
v 0.38826203 -0.15501989 0.22789210
v 0.38140911 -0.16254336 0.23165378
v 0.37953007 -0.16922148 0.22943097
v 0.38201702 -0.17501199 0.22242054
v 0.38035905 -0.18071799 0.22045422
v 0.38892525 -0.16816480 0.21857336
v 0.37859055 -0.15734455 0.23832223
v 0.39887303 -0.20814903 0.16813257
v 0.39014107 -0.21030462 0.18027256
v 0.39655191 -0.21482715 0.16488384
v 0.39152271 -0.22230834 0.16496934
v 0.38975424 -0.22970501 0.15958329
v 0.38129857 -0.20214717 0.20190227
v 0.37892216 -0.19830090 0.20857072
v 0.38842785 -0.19500411 0.19754213
v 0.37848002 -0.18739611 0.21788943
v 0.38466978 -0.20451410 0.19437888
v 0.38798571 -0.20688103 0.18694100
v 0.39146745 -0.20413370 0.18411975
v 0.38826203 -0.25789684 0.12495866
v 0.37980640 -0.25979882 0.13957794
v 0.38743305 -0.24521685 0.14539146
v 0.38251442 -0.24483645 0.15453920
v 0.38052487 -0.25075379 0.15094849
v 0.38223809 -0.25286710 0.14496399
v 0.38052487 -0.28076309 0.10127713
v 0.38030380 -0.27040777 0.12068401
v 0.36980331 -0.28972360 0.10948445
v 0.37516409 -0.28528562 0.10538079
v 0.38284600 -0.26508218 0.12436022
v 0.37787211 -0.28731441 0.09495066
v 0.37284294 -0.29340079 0.09495066
v 0.36864275 -0.29843053 0.09495066
v 0.37030071 -0.32036692 -0.04500120
v 0.35178673 -0.34217650 -0.05500387
v 0.35637379 -0.33554062 -0.06500653
v 0.37654573 -0.31398463 -0.02405544
v 0.37057704 -0.32070503 -0.03508402
v 0.36493993 -0.32497397 -0.06500653
v 0.36013183 -0.33017278 -0.07116202
v 0.35007349 -0.34006315 -0.09048341
v 0.35880548 -0.32848209 -0.09492905
v 0.37665626 -0.31398463 -0.01533517
v 0.37079811 -0.32095864 -0.02508136
v 0.35316837 -0.33372316 -0.10493171
v 0.35239464 -0.33270875 -0.11493438
v 0.35123408 -0.33139849 -0.12493705
v 0.35322362 -0.32556570 -0.13476872
v 0.35880548 -0.31829584 -0.13493972
v 0.35957918 -0.31947932 -0.12835675
v 0.39743614 -0.26660377 -0.13493972
v 0.35863966 -0.31838039 0.07494532
v 0.35902652 -0.30882812 0.09734446
v 0.34952083 -0.31947932 0.09879784
v 0.34001514 -0.33000368 0.10008024
v 0.34095466 -0.33110264 0.09495066
v 0.34272316 -0.33313143 0.08494799
v 0.34769708 -0.32738316 0.08494799
v 0.35200781 -0.32235342 0.08494799
v 0.34902346 -0.32890475 0.07691166
v 0.35007349 -0.33008823 0.07024321
v 0.35206306 -0.33228609 0.05493999
v 0.35316837 -0.33355409 0.04493732
v 0.33984935 -0.34982675 0.03903831
v 0.35963446 -0.32962328 0.02783874
v 0.35615271 -0.33410355 0.02467550
v 0.34664702 -0.34623408 0.01492932
v 0.35609746 -0.33562517 0.01492932
v 0.35167620 -0.34188062 0.00492664
v 0.34764180 -0.34737527 -0.00507602
v 0.35709223 -0.33668181 -0.00507602
v 0.34791812 -0.34762889 -0.01507869
v 0.35228413 -0.34259915 -0.01507869
v 0.35725802 -0.33685088 -0.01507869
v 0.36156875 -0.33186343 -0.01507869
v 0.36659792 -0.32603064 -0.01507869
v 0.35736856 -0.31626704 -0.14494239
v 0.35101300 -0.32125449 -0.15297872
v 0.34813920 -0.32793263 -0.14494239
v 0.34692335 -0.32476264 -0.15571448
v 0.34128624 -0.33139849 -0.15494505
v 0.34018093 -0.33021504 -0.16050209
v 0.32918307 -0.33917555 -0.16802546
v 0.33222270 -0.33258197 -0.17495039
v 0.33078578 -0.33089128 -0.18196081
v 0.32934886 -0.32932743 -0.18862924
v 0.33205688 -0.32248023 -0.19495572
v 0.34156257 -0.31195584 -0.19307488
v 0.34913397 -0.29881093 -0.19820446
v 0.39102533 -0.24141286 -0.20213713
v 0.39257276 -0.24352619 -0.19495572
v 0.39909410 -0.23875007 -0.18777433
v 0.40108368 -0.23160701 -0.19495572
v 0.41147363 -0.17501199 -0.24266076
v 0.41147363 -0.16326189 -0.25274891
v 0.40964985 -0.15924655 -0.25941736
v 0.41954240 -0.14889123 -0.24924371
v 0.43042976 -0.07090932 -0.27078789
v 0.43175611 -0.07090932 -0.26822311
v 0.43650895 -0.07090932 -0.25864792
v 0.43811166 -0.07090932 -0.25531369
v 0.41771865 -0.14534083 -0.25480074
v 0.41644752 -0.13422471 -0.26411948
v 0.41821605 -0.12501059 -0.26676977
v 0.41700017 -0.11478207 -0.27437860
v 0.41838181 -0.10501848 -0.27728537
v 0.42042667 -0.09161995 -0.28079057
v 0.41291052 -0.12513739 -0.27549005
v 0.42517948 -0.08502637 -0.27497709
v 0.42766646 -0.07513598 -0.27437860
v 0.39760196 -0.23659447 -0.19495572
v 0.38781995 -0.23701712 -0.21496105
v 0.33857822 -0.30815184 -0.20495839
v 0.38234863 -0.24483645 -0.21410613
v 0.38102224 -0.24137059 -0.22180049
v 0.37908795 -0.23887686 -0.22846894
v 0.38522243 -0.22526701 -0.23530836
v 0.38168544 -0.22226608 -0.24496907
v 0.38008273 -0.22019503 -0.25018412
v 0.38682514 -0.21503848 -0.24505456
v 0.39108062 -0.21174169 -0.24180582
v 0.40163633 -0.20282343 -0.23300005
v 0.39832038 -0.20569757 -0.23582132
v 0.39981258 -0.19973797 -0.23966850
v 0.40500754 -0.19508865 -0.23505189
v 0.40871033 -0.17501199 -0.24761935
v 0.38903576 -0.20861396 -0.24847427
v 0.39119112 -0.20193583 -0.25189400
v 0.39345703 -0.19521543 -0.25514272
v 0.39124638 -0.19200319 -0.26181117
v 0.39854145 -0.18600133 -0.25565568
v 0.39964676 -0.17940773 -0.25941736
v 0.40379170 -0.17564601 -0.25565568
v 0.40859979 -0.16596694 -0.25565568
v 0.43639845 -0.07090932 0.19472086
v 0.43159032 -0.07090932 0.20250070
v 0.42971128 -0.07090932 0.20549297
v 0.42838490 -0.07090932 0.20754480
v 0.42302412 -0.07500918 0.21404225
v 0.41821605 -0.08502637 0.21763295
v 0.41086569 -0.10501848 0.22113815
v 0.40710765 -0.10501848 0.22618225
v 0.40622339 -0.11448620 0.22413042
v 0.40075207 -0.11503567 0.23096985
v 0.39997837 -0.12010767 0.23002943
v 0.40241006 -0.12408072 0.22507083
v 0.40113896 -0.13502778 0.22148013
v 0.39091480 -0.14246671 0.23114082
v 0.38135386 -0.14500269 0.24148548
v 0.37676680 -0.14500269 0.24652955
v 0.37179288 -0.14500269 0.25191560
v 0.37052178 -0.15104683 0.25054771
v 0.37455618 -0.15417455 0.24447772
v 0.36687425 -0.16503708 0.24661505
v 0.37693259 -0.16554427 0.23498800
v 0.36908486 -0.18845278 0.22891802
v 0.37179288 -0.19301757 0.22224957
v 0.37146127 -0.16503708 0.24157095
v 0.37002438 -0.17015134 0.24003208
v 0.37914324 -0.20878303 0.19873902
v 0.38135386 -0.21203756 0.19207057
v 0.38461453 -0.21453129 0.18446171
v 0.37903267 -0.22860608 0.17847721
v 0.38113278 -0.23173380 0.17180876
v 0.38793045 -0.21698275 0.17668186
v 0.38997528 -0.22006822 0.17001341
v 0.38306707 -0.23503059 0.16488384
v 0.38085645 -0.24137059 0.16146412
v 0.37886691 -0.23841193 0.16813257
v 0.37682205 -0.20527491 0.20515099
v 0.37538517 -0.19563812 0.21541014
v 0.36974806 -0.19965345 0.21968478
v 0.38140911 -0.26178536 0.13290951
v 0.37825897 -0.25789684 0.14496399
v 0.32227486 -0.31470317 0.16411440
v 0.32945940 -0.30929306 0.15898483
v 0.32691717 -0.31495678 0.15539414
v 0.32857513 -0.31825358 0.14727230
v 0.33277535 -0.31495678 0.14436555
v 0.33968353 -0.30963117 0.13940696
v 0.35068142 -0.30083972 0.13137063
v 0.37096390 -0.28127030 0.12205191
v 0.37853530 -0.24804872 0.15761694
v 0.37190342 -0.25240219 0.16300300
v 0.31890365 -0.30853224 0.17813523
v 0.32089323 -0.31115279 0.17146680
v 0.37124023 -0.29154107 0.10281600
v 0.34007043 -0.32011330 0.12017106
v 0.35217357 -0.30265719 0.12495866
v 0.35206306 -0.34251460 -0.04500120
v 0.34775233 -0.34750208 -0.04500120
v 0.34736547 -0.34716395 -0.05500387
v 0.35134459 -0.34162700 -0.06500653
v 0.35090247 -0.34103528 -0.07492371
v 0.35034981 -0.34044355 -0.08492638
v 0.33039892 -0.36039340 -0.08270356
v 0.33995986 -0.34999579 -0.08997045
v 0.33564916 -0.35354620 -0.09398863
v 0.33940721 -0.34944636 -0.09663890
v 0.34377319 -0.34369808 -0.10493171
v 0.34946555 -0.33947143 -0.09715186
v 0.34675753 -0.34661448 -0.06500653
v 0.34178364 -0.35172874 -0.06500653
v 0.34106517 -0.35105246 -0.07492371
v 0.33592549 -0.35608220 -0.07492371
v 0.35731328 -0.33685088 -0.02508136
v 0.34775233 -0.33773848 -0.11493438
v 0.34874713 -0.33871061 -0.10493171
v 0.34642595 -0.33638597 -0.12493705
v 0.35034981 -0.33038411 -0.13126352
v 0.34935504 -0.32928517 -0.13793197
v 0.35233939 -0.32294518 -0.14494239
v 0.34830499 -0.31791544 0.10495332
v 0.34266788 -0.32505849 0.10401291
v 0.32487234 -0.34488153 0.10478234
v 0.32078269 -0.35088339 0.10187559
v 0.32719350 -0.34678355 0.09495066
v 0.33658868 -0.33609009 0.09495066
v 0.33857822 -0.32839757 0.10674867
v 0.33183581 -0.33207476 0.11495599
v 0.33835715 -0.33811888 0.08494799
v 0.34476799 -0.33473757 0.07426138
v 0.33084103 -0.35096794 0.07280800
v 0.33189109 -0.35219365 0.06494266
v 0.34758651 -0.33731583 0.05493999
v 0.33924142 -0.34919274 0.04493732
v 0.32940415 -0.35942125 0.04716013
v 0.33006734 -0.36005527 0.04049169
v 0.34095466 -0.35105246 0.02493198
v 0.34161782 -0.35181326 0.01492932
v 0.34222576 -0.35240501 0.00492664
v 0.34719968 -0.34686807 0.00492664
v 0.34266788 -0.35282767 -0.00507602
v 0.34288895 -0.35303900 -0.01507869
v 0.34802866 -0.34771341 -0.02508136
v 0.33167005 -0.34179607 -0.15494505
v 0.33050945 -0.34052807 -0.16135702
v 0.32653034 -0.34678355 -0.15494505
v 0.32155642 -0.35130608 -0.15494505
v 0.32470655 -0.34471247 -0.16426378
v 0.31868261 -0.34889686 -0.16717052
v 0.32249594 -0.34217650 -0.17495039
v 0.32752511 -0.33756942 -0.17495039
v 0.32271701 -0.33245516 -0.19495572
v 0.32089323 -0.33084902 -0.20145318
v 0.32769090 -0.32750997 -0.19495572
v 0.33056471 -0.32066277 -0.20111121
v 0.33321747 -0.31516811 -0.20461643
v 0.33990461 -0.30984253 -0.19974333
v 0.40136001 -0.17272961 -0.26206765
v 0.40318376 -0.16512161 -0.26523089
v 0.40091789 -0.16186708 -0.27138638
v 0.40771556 -0.15556936 -0.26497442
v 0.41097623 -0.15261069 -0.26164019
v 0.42794278 -0.07090932 -0.27540451
v 0.41213679 -0.14445323 -0.26497442
v 0.41136310 -0.13502778 -0.27224129
v 0.40948406 -0.12856099 -0.27916622
v 0.41174996 -0.11503567 -0.28267142
v 0.40749449 -0.10527207 -0.29464042
v 0.41711071 -0.09500130 -0.28446677
v 0.40871033 -0.09500130 -0.29788917
v 0.40959460 -0.08832316 -0.29934254
v 0.41816077 -0.08502637 -0.28711706
v 0.42125565 -0.08502637 -0.28207296
v 0.42263728 -0.07090932 -0.28480875
v 0.33155948 -0.31195584 -0.21282373
v 0.32973573 -0.30967346 -0.21949218
v 0.33039892 -0.30054387 -0.23077725
v 0.32851988 -0.29800788 -0.23744568
v 0.38157490 -0.23224100 -0.23265809
v 0.37748525 -0.23532647 -0.23556484
v 0.37787211 -0.22729582 -0.24496907
v 0.36875325 -0.22843701 -0.25804949
v 0.37129551 -0.22180115 -0.26198214
v 0.37798265 -0.21702501 -0.25685257
v 0.37256661 -0.23473473 -0.24437061
v 0.31973267 -0.29969853 -0.24958567
v 0.30879006 -0.29847279 -0.26822311
v 0.38035905 -0.20054105 -0.27053142
v 0.38909101 -0.19868131 -0.25856245
v 0.38013798 -0.19027025 -0.28019214
v 0.38864893 -0.17759027 -0.27788383
v 0.39047268 -0.17091215 -0.28070509
v 0.39301491 -0.18490240 -0.26505989
v 0.42540056 -0.07090932 0.21173394
v 0.42318994 -0.07090932 0.21481168
v 0.41970819 -0.07090932 0.21959928
v 0.41932136 -0.07500918 0.21908632
v 0.41257894 -0.08405423 0.22541282
v 0.41202629 -0.09500130 0.22276253
v 0.40826821 -0.09500130 0.22772112
v 0.40213373 -0.10501848 0.23259422
v 0.39798880 -0.10501848 0.23755279
v 0.39157799 -0.11503567 0.24182743
v 0.39047268 -0.12146020 0.24054503
v 0.38931209 -0.12813832 0.23917717
v 0.38312232 -0.13502778 0.24345180
v 0.37864584 -0.13502778 0.24849588
v 0.37367192 -0.13502778 0.25388193
v 0.36891907 -0.13502778 0.25892600
v 0.36687425 -0.14500269 0.25687417
v 0.36190033 -0.14500269 0.26183277
v 0.36046344 -0.15100455 0.26046488
v 0.35880548 -0.15768269 0.25884053
v 0.35040510 -0.17091215 0.26037940
v 0.34863657 -0.17754799 0.25866953
v 0.36184508 -0.16503708 0.25191560
v 0.36035290 -0.17070080 0.25037673
v 0.36814535 -0.17682946 0.23780927
v 0.36748219 -0.19580717 0.22532731
v 0.35957918 -0.18938264 0.23951912
v 0.36427677 -0.17374399 0.24422124
v 0.36151350 -0.18274680 0.24165645
v 0.36996913 -0.21005103 0.21002409
v 0.36770323 -0.21672916 0.20686084
v 0.37013492 -0.22023728 0.20019239
v 0.36781377 -0.22691540 0.19694367
v 0.37019020 -0.23033901 0.19027522
v 0.37162709 -0.23422754 0.18411975
v 0.37013492 -0.24022940 0.18018706
v 0.36201087 -0.19500411 0.23242322
v 0.36024237 -0.20045650 0.23028591
v 0.35803175 -0.20713463 0.22763562
v 0.35493687 -0.21499622 0.22498533
v 0.36079502 -0.21123450 0.22096717
v 0.34952083 -0.22940914 0.21942830
v 0.36792427 -0.20502129 0.21729097
v 0.32011950 -0.32011330 0.16018173
v 0.33028838 -0.32036692 0.14060386
v 0.34128624 -0.31157544 0.13273852
v 0.37538517 -0.24555498 0.16556779
v 0.36974806 -0.24973938 0.16967145
v 0.31011641 -0.31013837 0.19010425
v 0.31514561 -0.31521037 0.17514299
v 0.31807467 -0.31783092 0.16685018
v 0.34117573 -0.32142356 0.11495599
v 0.33050945 -0.33055317 0.12102599
v 0.33680972 -0.32641104 0.11495599
v 0.33852297 -0.31825358 0.12683950
v 0.35217357 -0.34264141 -0.03508402
v 0.34791812 -0.34762889 -0.03508402
v 0.34294420 -0.35299674 -0.03508402
v 0.34277844 -0.35274315 -0.04500120
v 0.34239155 -0.35232046 -0.05500387
v 0.32028532 -0.37028378 -0.08193412
v 0.32509342 -0.36508501 -0.08569581
v 0.32990152 -0.35988620 -0.08937201
v 0.32581186 -0.36593032 -0.07492371
v 0.32940415 -0.35946351 -0.09492905
v 0.33365959 -0.35358846 -0.10493171
v 0.33763874 -0.34771341 -0.11493438
v 0.32647505 -0.36656433 -0.06500653
v 0.33144897 -0.35143286 -0.12493705
v 0.34145206 -0.34145796 -0.12493705
v 0.32956994 -0.34957314 -0.13853042
v 0.33946249 -0.33947143 -0.13818845
v 0.33338326 -0.34357128 -0.14494239
v 0.33841243 -0.33828795 -0.14494239
v 0.31796414 -0.34771341 0.11495599
v 0.31934577 -0.34927726 0.10854402
v 0.31735623 -0.35743475 0.09495066
v 0.32216433 -0.35240501 0.09495066
v 0.31293496 -0.35303900 0.11495599
v 0.32896203 -0.34881234 0.08494799
v 0.33515176 -0.34517741 0.07554378
v 0.32724878 -0.35718113 0.06494266
v 0.32315913 -0.35536367 0.08400756
v 0.32653034 -0.35460287 0.07562926
v 0.33316219 -0.35350394 0.05493999
v 0.33813611 -0.34792474 0.05493999
v 0.32851988 -0.35849139 0.05493999
v 0.32349071 -0.36314073 0.05493999
v 0.32564607 -0.36339432 0.04425338
v 0.31973267 -0.36977658 0.03835437
v 0.31050330 -0.38047004 0.02296565
v 0.33122790 -0.36111194 0.02493198
v 0.33620182 -0.35608220 0.02493198
v 0.33686501 -0.35680073 0.01492932
v 0.33736238 -0.35739246 0.00492664
v 0.33774924 -0.35785741 -0.00507602
v 0.33791506 -0.35806873 -0.01507869
v 0.34299949 -0.35312355 -0.02508136
v 0.32851988 -0.34855875 -0.14494239
v 0.31464821 -0.35684299 -0.15545800
v 0.31520087 -0.35295448 -0.16434927
v 0.32349071 -0.35308129 -0.14494239
v 0.31768781 -0.35806873 -0.14494239
v 0.31111121 -0.36090058 -0.15246576
v 0.30132920 -0.36111194 -0.17272757
v 0.30481094 -0.35701206 -0.17563432
v 0.29967123 -0.35975939 -0.17939602
v 0.31669304 -0.34720621 -0.17495039
v 0.31464821 -0.34471247 -0.18435460
v 0.32078269 -0.34069714 -0.18144785
v 0.31901419 -0.33913329 -0.18811628
v 0.31719044 -0.33748490 -0.19495572
v 0.31055856 -0.34048581 -0.20094022
v 0.30862427 -0.33875290 -0.20760867
v 0.29994756 -0.33997861 -0.21991965
v 0.30514252 -0.33735809 -0.21598697
v 0.31182966 -0.33173662 -0.21496105
v 0.31022695 -0.33021504 -0.22034711
v 0.32172221 -0.32176170 -0.21496105
v 0.32879621 -0.31863397 -0.20777966
v 0.39185432 -0.16503708 -0.28284240
v 0.38980949 -0.15962695 -0.28968185
v 0.39937043 -0.13845137 -0.28899789
v 0.40893140 -0.14741190 -0.26830864
v 0.41025776 -0.14077604 -0.27044594
v 0.40821296 -0.13502778 -0.27719986
v 0.40064156 -0.13177325 -0.29104972
v 0.39970204 -0.11922006 -0.29951352
v 0.40086263 -0.11254193 -0.30130887
v 0.40218899 -0.10501848 -0.30318972
v 0.39975730 -0.09927021 -0.30968720
v 0.40340483 -0.09559302 -0.30575451
v 0.40075207 -0.09263436 -0.31105506
v 0.40716290 -0.08502637 -0.30438662
v 0.40810242 -0.07500918 -0.30695140
v 0.40859979 -0.07090932 -0.30780631
v 0.41932136 -0.07500918 -0.28891242
v 0.41014725 -0.07090932 -0.30532706
v 0.41976345 -0.07090932 -0.28968185
v 0.42042667 -0.07090932 -0.28857043
v 0.32719350 -0.31516811 -0.21573049
v 0.31028223 -0.31034970 -0.25044060
v 0.32183275 -0.30210772 -0.24291724
v 0.37041125 -0.24056754 -0.24060893
v 0.35991079 -0.22991633 -0.26984751
v 0.36902961 -0.21871568 -0.26865059
v 0.37140602 -0.21203756 -0.27207029
v 0.31094542 -0.30117786 -0.26155469
v 0.30508727 -0.30502412 -0.26505989
v 0.30215818 -0.30223453 -0.27258325
v 0.30558464 -0.29559866 -0.27557552
v 0.30901110 -0.28870919 -0.27856776
v 0.30807161 -0.30781370 -0.25710905
v 0.37477723 -0.20468317 -0.27463508
v 0.37146127 -0.20214717 -0.28198749
v 0.37809318 -0.19694838 -0.27719986
v 0.37461144 -0.19437012 -0.28438127
v 0.37107444 -0.19179185 -0.29147720
v 0.37284294 -0.18469106 -0.29489690
v 0.37063229 -0.18114066 -0.30088142
v 0.37809318 -0.18502918 -0.28728804
v 0.37969589 -0.17949226 -0.28951085
v 0.38511193 -0.17522334 -0.28515071
v 0.38157490 -0.17281413 -0.29207563
v 0.38853836 -0.16503708 -0.28780100
v 0.41849238 -0.07090932 0.22122365
v 0.41583961 -0.07090932 0.22472885
v 0.41484481 -0.07500918 0.22498533
v 0.40998143 -0.08008116 0.22994393
v 0.40920773 -0.08675930 0.22900352
v 0.39909410 -0.09500130 0.23892069
v 0.38953316 -0.09783316 0.24943632
v 0.39295962 -0.10501848 0.24345180
v 0.38864893 -0.10501848 0.24849588
v 0.38715672 -0.11503567 0.24678603
v 0.37969589 -0.12919499 0.24960729
v 0.38085645 -0.12251686 0.25088969
v 0.38218284 -0.11503567 0.25225759
v 0.37737471 -0.11503567 0.25730166
v 0.36985859 -0.12970218 0.25986645
v 0.36394519 -0.13502778 0.26388460
v 0.35880548 -0.13502778 0.26884320
v 0.35653955 -0.14500269 0.26679137
v 0.35018402 -0.15041283 0.27012560
v 0.34841552 -0.15704869 0.26858672
v 0.34631544 -0.16503708 0.26670587
v 0.33995986 -0.17002454 0.26995459
v 0.34432584 -0.17378627 0.26431206
v 0.34194943 -0.18308493 0.26166180
v 0.33979410 -0.18972078 0.25978094
v 0.35184199 -0.18295813 0.25200111
v 0.35847387 -0.17737892 0.24832490
v 0.35272622 -0.19500411 0.24285334
v 0.35068142 -0.20109051 0.24071604
v 0.35770017 -0.19500411 0.23738182
v 0.34974188 -0.18963626 0.24969280
v 0.36422151 -0.21398182 0.21404225
v 0.35526848 -0.22547835 0.21541014
v 0.35869491 -0.22818340 0.20822874
v 0.36101609 -0.22150528 0.21139199
v 0.36112660 -0.23169154 0.20156029
v 0.36449784 -0.23435433 0.19429338
v 0.36786902 -0.23701712 0.18685552
v 0.36118189 -0.24158192 0.19164312
v 0.36803484 -0.24745698 0.17497200
v 0.35134459 -0.21207982 0.23156831
v 0.34907871 -0.21871568 0.22891802
v 0.34731019 -0.22564740 0.22532731
v 0.35184199 -0.22273102 0.22224957
v 0.34012568 -0.23021221 0.23011491
v 0.34205997 -0.23414300 0.22421589
v 0.34034675 -0.24052526 0.22045422
v 0.34222576 -0.24432926 0.21429873
v 0.34040201 -0.25058472 0.21053705
v 0.34957612 -0.23951086 0.20942563
v 0.35200781 -0.23283273 0.21275985
v 0.35875019 -0.23836966 0.19831157
v 0.32150114 -0.32167718 0.15496667
v 0.31144279 -0.32155037 0.17223623
v 0.31426135 -0.32417089 0.16377243
v 0.30066600 -0.34073943 0.16103666
v 0.30237925 -0.34259915 0.15496667
v 0.30917692 -0.33909100 0.14846921
v 0.32459602 -0.32455128 0.14428006
v 0.32061690 -0.33072221 0.14120232
v 0.30956376 -0.34953088 0.12914781
v 0.31122175 -0.35126382 0.12247936
v 0.29823431 -0.30798277 0.20780128
v 0.30083179 -0.31089920 0.20113283
v 0.30387139 -0.31385785 0.19360945
v 0.30027914 -0.32028237 0.19036072
v 0.30718735 -0.31702784 0.18497467
v 0.31945631 -0.28930095 0.19916648
v 0.31022695 -0.30029026 0.20027789
v 0.30105287 -0.30130467 0.21122098
v 0.33802557 -0.35811099 -0.02508136
v 0.33791506 -0.35798419 -0.03508402
v 0.33758345 -0.35773060 -0.04500120
v 0.33222270 -0.36212632 -0.05500387
v 0.32144588 -0.37142497 -0.06500653
v 0.31973267 -0.36977658 -0.08860257
v 0.32078269 -0.37074870 -0.07492371
v 0.31580877 -0.37641245 -0.06500653
v 0.31083488 -0.38063911 -0.06500653
v 0.31022695 -0.38021645 -0.07141850
v 0.32851988 -0.35857594 -0.10493171
v 0.32746983 -0.35760379 -0.11493438
v 0.32619873 -0.35646260 -0.12493705
v 0.33050945 -0.35050300 -0.13186197
v 0.32028532 -0.36026660 -0.13092154
v 0.30934271 -0.35942125 0.10854402
v 0.31083488 -0.36073154 0.10187559
v 0.31232706 -0.36204180 0.09495066
v 0.31890365 -0.35895634 0.08674334
v 0.30785054 -0.35802647 0.11495599
v 0.32000899 -0.36001301 0.08007489
v 0.32078269 -0.36068925 0.07494532
v 0.32221961 -0.36199951 0.06494266
v 0.31785363 -0.36812818 0.05493999
v 0.30845845 -0.37865257 0.04493732
v 0.30950850 -0.37954018 0.03493465
v 0.29945016 -0.38959962 0.02493198
v 0.30420300 -0.38672549 0.01552776
v 0.31105596 -0.38097724 0.01492932
v 0.30447933 -0.38393590 0.03493465
v 0.33183581 -0.36170366 0.01492932
v 0.33233321 -0.36216861 0.00492664
v 0.33277535 -0.36254901 -0.00507602
v 0.33294114 -0.36276034 -0.01507869
v 0.30320823 -0.36267579 -0.16494772
v 0.31906945 -0.35925218 -0.13758999
v 0.30155027 -0.37125593 -0.14494239
v 0.30033439 -0.37028378 -0.15084139
v 0.29884225 -0.36910033 -0.15750983
v 0.29696321 -0.36766326 -0.16494772
v 0.28845230 -0.36888897 -0.17734419
v 0.29303935 -0.36225313 -0.18495306
v 0.29806852 -0.35849139 -0.18495306
v 0.30011335 -0.35012260 -0.20017079
v 0.31028223 -0.35020715 -0.18050742
v 0.29038659 -0.37028378 -0.17067575
v 0.30436879 -0.34441662 -0.20393248
v 0.30193710 -0.34171155 -0.21325120
v 0.29121557 -0.35092568 -0.21179782
v 0.28889441 -0.34919274 -0.21846627
v 0.27994138 -0.34995353 -0.22992231
v 0.29812378 -0.33854157 -0.22496372
v 0.30143970 -0.33139849 -0.23223062
v 0.30486619 -0.33296236 -0.22419429
v 0.30061072 -0.32057825 -0.25086808
v 0.32011950 -0.32011330 -0.22017613
v 0.38323289 -0.16486801 -0.29523888
v 0.38069063 -0.16144441 -0.30088142
v 0.37975115 -0.14960976 -0.30968720
v 0.39036214 -0.14090283 -0.30045396
v 0.39257276 -0.14453776 -0.29506791
v 0.39163327 -0.13502778 -0.30224931
v 0.39859670 -0.12501059 -0.29788917
v 0.39074901 -0.12184060 -0.31105506
v 0.39202011 -0.11503567 -0.31293589
v 0.38964367 -0.10899153 -0.31951886
v 0.39876252 -0.10501848 -0.30823380
v 0.39069372 -0.10231341 -0.32088676
v 0.39826512 -0.08502637 -0.31755254
v 0.39931518 -0.07754518 -0.31900591
v 0.40014416 -0.07090932 -0.32037380
v 0.40257585 -0.07454425 -0.31541520
v 0.40384698 -0.07090932 -0.31490225
v 0.36184508 -0.22251968 -0.27497709
v 0.36018711 -0.21030462 -0.29019481
v 0.36914015 -0.20882529 -0.27873874
v 0.29889750 -0.30891266 -0.26856512
v 0.30138445 -0.31149092 -0.26189667
v 0.28088090 -0.30092427 -0.30113789
v 0.28441790 -0.29428840 -0.30421564
v 0.28795490 -0.28756800 -0.30729339
v 0.29994756 -0.27996001 -0.29994100
v 0.30912164 -0.27890337 -0.28874141
v 0.36897433 -0.19846997 -0.28865594
v 0.36858749 -0.18781880 -0.29814565
v 0.37229028 -0.17501199 -0.30293325
v 0.37903267 -0.16812253 -0.29874408
v 0.35919231 -0.18879092 -0.30900323
v 0.36129242 -0.18211278 -0.31139702
v 0.36831117 -0.17501199 -0.30789185
v 0.41092098 -0.07090932 0.23105535
v 0.41047883 -0.07500918 0.23062786
v 0.40130472 -0.07500918 0.24148548
v 0.39688349 -0.07500918 0.24652955
v 0.39085954 -0.08502637 0.25088969
v 0.38500136 -0.09508581 0.25499335
v 0.37975115 -0.09901662 0.25969544
v 0.38367498 -0.10501848 0.25388193
v 0.37892216 -0.10501848 0.25892600
v 0.37394825 -0.10501848 0.26405558
v 0.37234554 -0.11503567 0.26234573
v 0.37101918 -0.12302406 0.26097783
v 0.36726111 -0.11503567 0.26738980
v 0.36538208 -0.12632085 0.26542348
v 0.35980022 -0.12957539 0.26978362
v 0.35377628 -0.13502778 0.27320334
v 0.35156566 -0.14500269 0.27123699
v 0.34460217 -0.14521404 0.27670854
v 0.32918307 -0.16850294 0.27935880
v 0.34128624 -0.16503708 0.27106601
v 0.33476490 -0.17403987 0.27226290
v 0.33797032 -0.17670266 0.26833025
v 0.30967429 -0.19952664 0.27970079
v 0.31796414 -0.20705010 0.26824474
v 0.32177746 -0.21250249 0.26157629
v 0.32840934 -0.20781089 0.25849855
v 0.32956994 -0.21947649 0.24960729
v 0.34178364 -0.21267155 0.24182743
v 0.33951774 -0.21934968 0.23943365
v 0.34841552 -0.20772636 0.23823673
v 0.32874095 -0.26837897 0.20822874
v 0.32194328 -0.28266507 0.20267171
v 0.34194943 -0.22501341 0.23216674
v 0.33747292 -0.22501341 0.23721081
v 0.33039892 -0.23059261 0.24045956
v 0.33399117 -0.23376259 0.23387659
v 0.32172221 -0.25227538 0.23182479
v 0.31912473 -0.25895351 0.22900352
v 0.33758345 -0.23689033 0.22712266
v 0.32188800 -0.26258844 0.22233507
v 0.31934577 -0.26922429 0.21925732
v 0.32205379 -0.27273244 0.21258888
v 0.33122790 -0.26170084 0.21156296
v 0.31884840 -0.32877797 0.14787075
v 0.30923218 -0.31922570 0.17881918
v 0.29945016 -0.32941195 0.17916115
v 0.29187876 -0.34200740 0.17274919
v 0.29469731 -0.34471247 0.16454187
v 0.29088399 -0.35079888 0.16137864
v 0.29768166 -0.34758660 0.15496667
v 0.29939491 -0.34940407 0.14898217
v 0.30519778 -0.34521967 0.14539146
v 0.31094542 -0.34103528 0.14180076
v 0.31492454 -0.33490664 0.14479302
v 0.30812687 -0.34792474 0.13496134
v 0.30121866 -0.35122153 0.14231372
v 0.30309770 -0.35303900 0.13496134
v 0.28828651 -0.31825358 0.20788676
v 0.29154718 -0.30181187 0.22182211
v 0.28856283 -0.30848998 0.21840239
v 0.29154718 -0.31157544 0.21173394
v 0.29099452 -0.32104316 0.20121831
v 0.28778911 -0.32772130 0.19720015
v 0.29768166 -0.31757730 0.19702917
v 0.29038659 -0.33042637 0.19053170
v 0.28762332 -0.33752716 0.18497467
v 0.28961289 -0.33959821 0.17941763
v 0.29740533 -0.32729864 0.18497467
v 0.31757730 -0.28562373 0.20557845
v 0.30768472 -0.29703572 0.20694634
v 0.31951159 -0.27941054 0.20934016
v 0.29823431 -0.29771200 0.21788943
v 0.32763565 -0.36783230 -0.02508136
v 0.31724569 -0.37746912 -0.03508402
v 0.32260644 -0.37243938 -0.03508402
v 0.33288586 -0.36276034 -0.03508402
v 0.32735932 -0.36749420 -0.04500120
v 0.32199854 -0.37193218 -0.05500387
v 0.31647196 -0.37691963 -0.05500387
v 0.30961904 -0.37970924 -0.07808694
v 0.30895585 -0.37915978 -0.08492638
v 0.31906945 -0.36922711 -0.09492905
v 0.32354599 -0.36326754 -0.10493171
v 0.31149808 -0.38118857 -0.05500387
v 0.29933962 -0.38951510 -0.06500653
v 0.29359201 -0.39276963 -0.07492371
v 0.29270774 -0.39213562 -0.08492638
v 0.32249594 -0.36221087 -0.11493438
v 0.32116956 -0.36102739 -0.12493705
v 0.31431663 -0.36660659 -0.12510803
v 0.30956376 -0.36964977 -0.12852776
v 0.30845845 -0.36871994 -0.13493972
v 0.30287662 -0.36246446 0.11495599
v 0.28165463 -0.38144219 0.11324614
v 0.30481094 -0.36487365 0.10461135
v 0.28856283 -0.37873709 0.10495332
v 0.29110503 -0.38097724 0.09264235
v 0.30342928 -0.37294659 0.08494799
v 0.31536666 -0.36292940 0.08400756
v 0.29933962 -0.35946351 0.12880585
v 0.30110812 -0.36094287 0.12213740
v 0.30950850 -0.36956525 0.07845053
v 0.31055856 -0.37045285 0.07178208
v 0.31652725 -0.36698699 0.06494266
v 0.31287971 -0.37252390 0.05493999
v 0.30718735 -0.37751138 0.05493999
v 0.30215818 -0.38190711 0.05493999
v 0.30342928 -0.38300604 0.04493732
v 0.28215200 -0.40147656 0.02493198
v 0.29989228 -0.38989550 0.01920396
v 0.29856592 -0.38892335 0.03493465
v 0.29353672 -0.39243150 0.03493465
v 0.30033439 -0.39023364 0.01253551
v 0.30558464 -0.38647190 0.00492664
v 0.31155333 -0.38144219 0.00492664
v 0.31691411 -0.37717324 -0.00507602
v 0.31719044 -0.37738457 -0.01507869
v 0.32758036 -0.36774778 -0.01507869
v 0.32266173 -0.37248164 -0.02508136
v 0.30342928 -0.37277752 -0.13493972
v 0.29718426 -0.37776497 -0.13493972
v 0.29082870 -0.38059685 -0.14177915
v 0.29530522 -0.37281978 -0.15443209
v 0.28756803 -0.37831444 -0.15494505
v 0.29193401 -0.37142497 -0.16494772
v 0.28182042 -0.37129819 -0.18298672
v 0.27977559 -0.36981887 -0.18965515
v 0.28535742 -0.36335206 -0.19495572
v 0.29099452 -0.36073154 -0.19162150
v 0.28889441 -0.35920992 -0.19828995
v 0.28176516 -0.36128098 -0.20495839
v 0.28005192 -0.36005527 -0.21008797
v 0.29475257 -0.35215139 -0.20410347
v 0.28452843 -0.37675059 -0.16494772
v 0.27905715 -0.37932885 -0.16828194
v 0.27214894 -0.38152671 -0.17495039
v 0.27778602 -0.35836458 -0.21675640
v 0.28226253 -0.35168648 -0.22325388
v 0.29088399 -0.34069714 -0.23111922
v 0.27552015 -0.35540593 -0.22573316
v 0.26866719 -0.35908312 -0.22821246
v 0.27297792 -0.35223594 -0.23496640
v 0.27071202 -0.35054529 -0.24086541
v 0.27248052 -0.34188062 -0.25309089
v 0.27911240 -0.33930236 -0.24881624
v 0.29911858 -0.32928517 -0.23889907
v 0.29547101 -0.32789037 -0.24590948
v 0.28071511 -0.33059543 -0.26087075
v 0.28474951 -0.32480490 -0.26463243
v 0.28209674 -0.32176170 -0.27266878
v 0.27944398 -0.31952158 -0.27933720
v 0.29801324 -0.31816906 -0.25753653
v 0.37842476 -0.15501989 -0.30797732
v 0.37046653 -0.15092003 -0.32054478
v 0.37731946 -0.14576350 -0.31498772
v 0.38124332 -0.14293164 -0.31165349
v 0.38245916 -0.13426697 -0.31498772
v 0.38013798 -0.13042071 -0.32020280
v 0.38842785 -0.11503567 -0.31789449
v 0.37897742 -0.11740260 -0.32866660
v 0.38024855 -0.11076674 -0.33029097
v 0.37052178 -0.09157769 -0.35063827
v 0.37168235 -0.08502637 -0.35192066
v 0.37720892 -0.08566037 -0.34473926
v 0.38096696 -0.08274397 -0.34123406
v 0.38914630 -0.08739330 -0.32892308
v 0.39019635 -0.08071516 -0.33020547
v 0.39108062 -0.07500918 -0.33131689
v 0.39273858 -0.08443463 -0.32533237
v 0.39179903 -0.09500130 -0.32234013
v 0.39644137 -0.07454425 -0.32413548
v 0.39677295 -0.07090932 -0.32499039
v 0.30000281 -0.27006963 -0.31002915
v 0.29082870 -0.27112630 -0.32105774
v 0.29044187 -0.26077098 -0.33054745
v 0.34089941 -0.20121729 -0.32097223
v 0.35968971 -0.19961117 -0.29959902
v 0.36190033 -0.20502129 -0.29241762
v 0.29513943 -0.31516811 -0.26514539
v 0.28231782 -0.31233624 -0.28497973
v 0.28021771 -0.31022292 -0.29028028
v 0.27789655 -0.29809240 -0.30780631
v 0.28126776 -0.29141426 -0.31148255
v 0.29071820 -0.28093216 -0.31088406
v 0.36190033 -0.19293305 -0.30233479
v 0.36974806 -0.16960187 -0.30968720
v 0.35747910 -0.19576490 -0.30541253
v 0.34974188 -0.18963626 -0.31968984
v 0.35084718 -0.17150387 -0.33097491
v 0.35941339 -0.15882388 -0.32926506
v 0.40843400 -0.07090932 0.23404759
v 0.40672076 -0.07090932 0.23609942
v 0.40373641 -0.07090932 0.23960462
v 0.40169162 -0.07090932 0.24199843
v 0.39732563 -0.07090932 0.24695700
v 0.39190960 -0.07500918 0.25200111
v 0.38621724 -0.08502637 0.25593376
v 0.38046959 -0.09233849 0.26046488
v 0.36985859 -0.09960835 0.26986912
v 0.36897433 -0.10501848 0.26901418
v 0.36096084 -0.12293953 0.27080953
v 0.34918922 -0.12767339 0.27935880
v 0.34764180 -0.13502778 0.27816191
v 0.34266788 -0.13502778 0.28209460
v 0.34100991 -0.14200176 0.28072670
v 0.33929670 -0.14867990 0.27944431
v 0.31475875 -0.17543466 0.28713867
v 0.30088705 -0.19136918 0.29064387
v 0.32233012 -0.17501199 0.28166711
v 0.32056165 -0.18092933 0.28038472
v 0.32730404 -0.17501199 0.27781993
v 0.33266482 -0.15501989 0.28200909
v 0.31984317 -0.15971148 0.28987443
v 0.31846154 -0.18760745 0.27867487
v 0.31177440 -0.19284850 0.28141063
v 0.29856592 -0.19804731 0.28893402
v 0.30265558 -0.20502129 0.28200909
v 0.30055547 -0.21076956 0.28038472
v 0.30762947 -0.20502129 0.27807641
v 0.31127700 -0.21174169 0.27106601
v 0.31929052 -0.21918061 0.25935349
v 0.31531140 -0.21546116 0.26525250
v 0.25905097 -0.26884389 0.27918783
v 0.32741457 -0.22501341 0.24755546
v 0.33244374 -0.22501341 0.24251139
v 0.27076727 -0.28097442 0.26072136
v 0.28082564 -0.28114349 0.25080419
v 0.27822816 -0.28777933 0.24823940
v 0.28452843 -0.28439802 0.24447772
v 0.29071820 -0.28101668 0.24080151
v 0.29436570 -0.28422895 0.23430407
v 0.29127085 -0.29166788 0.23139730
v 0.28817597 -0.28761026 0.23806575
v 0.28861809 -0.29834598 0.22849056
v 0.29475257 -0.29471105 0.22472885
v 0.31591931 -0.26622337 0.22609675
v 0.28861809 -0.34868553 0.16804707
v 0.28027296 -0.36022434 0.16035272
v 0.28690487 -0.35743475 0.15496667
v 0.28894967 -0.35912541 0.14821273
v 0.29270774 -0.35244727 0.15496667
v 0.28193095 -0.35160193 0.17266369
v 0.28441790 -0.35451832 0.16419990
v 0.29768166 -0.35802647 0.13496134
v 0.27839395 -0.32835531 0.20805776
v 0.28524688 -0.30527773 0.22524181
v 0.27878082 -0.30874360 0.22874704
v 0.28187567 -0.31199813 0.22207859
v 0.27209365 -0.32218438 0.22224957
v 0.27872553 -0.31867623 0.21857336
v 0.26888826 -0.32882023 0.21865886
v 0.28165463 -0.32167718 0.21190494
v 0.28110197 -0.33114490 0.20138931
v 0.28414157 -0.33410355 0.19395143
v 0.28049403 -0.34052807 0.19061720
v 0.28259414 -0.34255689 0.18497467
v 0.30403721 -0.28380626 0.22387394
v 0.31730098 -0.37746912 -0.02508136
v 0.31227177 -0.38194937 -0.02508136
v 0.31221652 -0.38186485 -0.03508402
v 0.31691411 -0.37725776 -0.04500120
v 0.32233012 -0.37222806 -0.04500120
v 0.31194019 -0.38156897 -0.04500120
v 0.29165769 -0.39133257 -0.09492905
v 0.30287662 -0.38228750 -0.09492905
v 0.31404030 -0.37328470 -0.09492905
v 0.30674523 -0.37734231 -0.10493171
v 0.31785363 -0.36825499 -0.10493171
v 0.30409247 -0.38685229 -0.05500387
v 0.29978174 -0.38985324 -0.05833809
v 0.30547410 -0.38659871 -0.04500120
v 0.29436570 -0.39331910 -0.06500653
v 0.28701538 -0.39775708 -0.07492371
v 0.28602061 -0.39712310 -0.08492638
v 0.31652725 -0.36719832 -0.11493438
v 0.30077654 -0.38059685 -0.11254058
v 0.29585791 -0.38385138 -0.11553283
v 0.29386833 -0.38309056 -0.12493705
v 0.29204455 -0.37180537 0.11495599
v 0.27535433 -0.38533071 0.11563994
v 0.27723336 -0.38799351 0.10495332
v 0.28353363 -0.38300604 0.10495332
v 0.28497055 -0.37742683 0.11598191
v 0.27867028 -0.37886390 0.12495866
v 0.27364111 -0.38287923 0.12495866
v 0.28502584 -0.38507712 0.09503615
v 0.28640747 -0.38723269 0.08494799
v 0.29259723 -0.38220298 0.08494799
v 0.29895276 -0.37911749 0.07674067
v 0.29270774 -0.36229539 0.13496134
v 0.29055238 -0.37045285 0.12102599
v 0.30475566 -0.37480631 0.07426138
v 0.30000281 -0.38000512 0.07007223
v 0.30077654 -0.38068137 0.06494266
v 0.31155333 -0.37134045 0.06494266
v 0.29607895 -0.38689458 0.05493999
v 0.29740533 -0.38803577 0.04493732
v 0.29419991 -0.38626057 0.06468618
v 0.27408323 -0.40701348 0.02459001
v 0.27060148 -0.41039479 0.01492932
v 0.28789964 -0.39856017 0.01492932
v 0.26960671 -0.40971854 0.02766775
v 0.29237616 -0.39162844 0.04493732
v 0.26888826 -0.40921134 0.03493465
v 0.26280904 -0.41191640 0.04493732
v 0.27623859 -0.40739387 0.00492664
v 0.28347838 -0.40240642 0.00492664
v 0.28845230 -0.39894056 0.00492664
v 0.30061072 -0.39044496 0.00492664
v 0.30580571 -0.38676777 -0.00507602
v 0.31194019 -0.38173804 -0.00507602
v 0.31216127 -0.38190711 -0.01507869
v 0.29215509 -0.38165349 -0.13493972
v 0.28718120 -0.38807803 -0.12493705
v 0.28441790 -0.38706362 -0.13511071
v 0.27933347 -0.38955736 -0.13844493
v 0.28552321 -0.38317510 -0.14502788
v 0.28922600 -0.37945563 -0.14844760
v 0.28259414 -0.38178030 -0.15494505
v 0.28088090 -0.38059685 -0.16161349
v 0.26850140 -0.37890619 -0.18743235
v 0.27308846 -0.37222806 -0.19495572
v 0.27098835 -0.37070644 -0.20153868
v 0.26883298 -0.36918485 -0.20820712
v 0.27463588 -0.36204180 -0.21402064
v 0.26098526 -0.39069855 -0.17170165
v 0.27109888 -0.36081606 -0.22154401
v 0.28298098 -0.33241290 -0.25497174
v 0.26214585 -0.37146723 -0.21282373
v 0.22981544 -0.38989550 -0.21974866
v 0.23523147 -0.38334417 -0.22504923
v 0.26518545 -0.35747701 -0.23539387
v 0.25921676 -0.35946351 -0.23907006
v 0.26468807 -0.35248953 -0.24454160
v 0.26783821 -0.34855875 -0.24753384
v 0.26977250 -0.33985183 -0.25975934
v 0.27546486 -0.33786529 -0.25582665
v 0.27795184 -0.32843983 -0.26753920
v 0.27535433 -0.32522756 -0.27540451
v 0.26822507 -0.32873571 -0.27805480
v 0.27281213 -0.32205757 -0.28267142
v 0.24971107 -0.31977516 -0.30968720
v 0.26054314 -0.31043425 -0.31054211
v 0.35985550 -0.13976164 -0.33978069
v 0.36145821 -0.13308351 -0.34166151
v 0.36831117 -0.12501059 -0.33781433
v 0.37864584 -0.13705657 -0.31832197
v 0.36958227 -0.11896646 -0.33952421
v 0.38129857 -0.12501059 -0.32165620
v 0.36300564 -0.10501848 -0.35345954
v 0.36516100 -0.09550849 -0.35516939
v 0.36101609 -0.09276116 -0.36106840
v 0.36223191 -0.08502637 -0.36252180
v 0.37322980 -0.07500918 -0.35354504
v 0.37820369 -0.07500918 -0.34773150
v 0.38212758 -0.07500918 -0.34277293
v 0.38715672 -0.07500918 -0.33636096
v 0.39157799 -0.07090932 -0.33208632
v 0.28801018 -0.27776214 -0.31755254
v 0.28137830 -0.28152388 -0.32148519
v 0.28463897 -0.27459216 -0.32464844
v 0.28795490 -0.26744911 -0.32772619
v 0.26822507 -0.25768551 -0.35790518
v 0.27065676 -0.25100738 -0.36072645
v 0.27966505 -0.23955312 -0.35961503
v 0.27900186 -0.22852154 -0.36884826
v 0.34250209 -0.19415878 -0.32456294
v 0.27120942 -0.30100879 -0.31122607
v 0.26800400 -0.29821920 -0.31789449
v 0.26170373 -0.29162562 -0.33174434
v 0.27154100 -0.29154107 -0.32165620
v 0.27822816 -0.28815973 -0.31815097
v 0.34012568 -0.19027025 -0.33011997
v 0.34885764 -0.17818201 -0.32866660
v 0.34172839 -0.18502918 -0.33191532
v 0.33913088 -0.17860466 -0.33901125
v 0.34112045 -0.17192653 -0.34123406
v 0.34819445 -0.16503708 -0.33798534
v 0.34974188 -0.15966922 -0.33969519
v 0.35267097 -0.16503708 -0.33302674
v 0.35156566 -0.15299109 -0.34174702
v 0.35305783 -0.14441097 -0.34508124
v 0.35858440 -0.14500269 -0.33824182
v 0.39434129 -0.07090932 0.25020576
v 0.39229643 -0.07090932 0.25242856
v 0.38953316 -0.07090932 0.25542080
v 0.38721201 -0.07500918 0.25704518
v 0.38118804 -0.08502637 0.26123431
v 0.37626940 -0.08502637 0.26627842
v 0.37759578 -0.07090932 0.26764628
v 0.37052178 -0.09293023 0.27046755
v 0.36582419 -0.08502637 0.27619559
v 0.36079502 -0.08502637 0.28072670
v 0.36018711 -0.09094369 0.28012824
v 0.35930285 -0.09762181 0.27944431
v 0.36400044 -0.10501848 0.27337432
v 0.35808700 -0.10501848 0.27841839
v 0.35311311 -0.10501848 0.28252205
v 0.34681281 -0.10501848 0.28756613
v 0.33946249 -0.11858606 0.28961796
v 0.33819139 -0.12501059 0.28867754
v 0.33487543 -0.13583085 0.28756613
v 0.30945325 -0.17906959 0.28953248
v 0.30276608 -0.18502918 0.29192626
v 0.29480785 -0.18545187 0.29731232
v 0.28933653 -0.18908679 0.29953513
v 0.29513943 -0.19483504 0.29295218
v 0.32979101 -0.13967711 0.28987443
v 0.31006116 -0.15020150 0.30004808
v 0.30834794 -0.15687962 0.29885119
v 0.31337708 -0.16503708 0.29235375
v 0.24827418 -0.24762605 0.29885119
v 0.24495822 -0.25531858 0.29722682
v 0.25264016 -0.25502270 0.29192626
v 0.25054005 -0.26081324 0.29038739
v 0.26148266 -0.26216578 0.28123966
v 0.26955146 -0.26943564 0.26961264
v 0.27303317 -0.27501482 0.26277319
v 0.25479552 -0.26482856 0.28483036
v 0.24788731 -0.26744911 0.28850657
v 0.25241908 -0.27281696 0.28183812
v 0.25545871 -0.27569109 0.27747798
v 0.26032209 -0.28038269 0.27021107
v 0.26242217 -0.27501482 0.27209193
v 0.26126158 -0.29141426 0.26106334
v 0.26789346 -0.28761026 0.25807109
v 0.27154100 -0.29175240 0.25140265
v 0.26739609 -0.27501482 0.26773179
v 0.26413542 -0.28401762 0.26422659
v 0.27507800 -0.29509148 0.24507618
v 0.28148884 -0.29179466 0.24157095
v 0.28193095 -0.30206546 0.23191026
v 0.27861500 -0.29847279 0.23857871
v 0.27949926 -0.34957314 0.17933214
v 0.26253271 -0.37205899 0.16496934
v 0.26949617 -0.36960751 0.15924130
v 0.26093000 -0.38068137 0.15137596
v 0.27159628 -0.37134045 0.15257287
v 0.26789346 -0.37827218 0.14496399
v 0.27496749 -0.37277752 0.14428006
v 0.27828342 -0.36859313 0.14710131
v 0.27789655 -0.35828006 0.16702116
v 0.27126467 -0.36102739 0.17172328
v 0.26054314 -0.37041059 0.17069736
v 0.28027296 -0.37024152 0.14043288
v 0.29088399 -0.36073154 0.14154428
v 0.27480167 -0.33477983 0.20472354
v 0.27170679 -0.33177888 0.21199042
v 0.26231164 -0.32243797 0.23233774
v 0.25910622 -0.32911611 0.22908899
v 0.25905097 -0.31897211 0.23900616
v 0.26220110 -0.33207476 0.22242054
v 0.26828033 -0.33845702 0.20814323
v 0.27784130 -0.33782303 0.19728565
v 0.27115414 -0.34107754 0.20147479
v 0.30586097 -0.38693684 -0.02508136
v 0.30591625 -0.38693684 -0.01507869
v 0.30575043 -0.38689458 -0.03508402
v 0.28994447 -0.38998002 -0.10989030
v 0.30171603 -0.38139990 -0.10493171
v 0.28419685 -0.39682722 -0.09467257
v 0.30016860 -0.39010683 -0.05166964
v 0.28778911 -0.39830655 -0.06500653
v 0.30044493 -0.39036041 -0.04500120
v 0.28204149 -0.40143427 -0.07492371
v 0.28104669 -0.40071577 -0.08492638
v 0.28032824 -0.40020853 -0.09116736
v 0.28911549 -0.38934603 -0.11493438
v 0.26888826 -0.38921922 0.11794825
v 0.27071202 -0.39048722 0.11127980
v 0.27225947 -0.39150164 0.10495332
v 0.27889132 -0.38921922 0.09742995
v 0.28182042 -0.37155178 0.13496134
v 0.27154100 -0.38127309 0.13265303
v 0.26689869 -0.38786671 0.12495866
v 0.28027296 -0.39019138 0.09076151
v 0.28137830 -0.39095217 0.08494799
v 0.28817597 -0.38862750 0.07494532
v 0.29536051 -0.38292152 0.07400490
v 0.29033133 -0.39023364 0.06109548
v 0.29110503 -0.39078310 0.05493999
v 0.28928128 -0.38947284 0.06776392
v 0.27010411 -0.41009894 0.02099931
v 0.26573810 -0.41255039 0.02459001
v 0.26496440 -0.41398746 0.01492932
v 0.27120942 -0.41081747 0.00492664
v 0.26385909 -0.41259265 0.03493465
v 0.26159319 -0.41111332 0.05493999
v 0.25496131 -0.41542453 0.05493999
v 0.24971107 -0.41982025 0.04852802
v 0.25418758 -0.41745335 0.04510830
v 0.27668071 -0.40768975 -0.00507602
v 0.29497364 -0.39475614 -0.00507602
v 0.30083179 -0.39057177 -0.00507602
v 0.27695704 -0.40785882 -0.01507869
v 0.28220728 -0.39145935 -0.12493705
v 0.28077036 -0.39048722 -0.13186197
v 0.26104054 -0.40067348 -0.14220661
v 0.25943783 -0.39965910 -0.14887506
v 0.27778602 -0.38850069 -0.14494239
v 0.27557540 -0.39302322 -0.13511071
v 0.26938564 -0.38955736 -0.15870674
v 0.26280904 -0.39192429 -0.16494772
v 0.26507491 -0.38254112 -0.18444011
v 0.26181424 -0.38123083 -0.19273292
v 0.26507491 -0.37759590 -0.19563967
v 0.25761408 -0.37839898 -0.20495839
v 0.25954837 -0.37970924 -0.19940135
v 0.25457445 -0.39720762 -0.16503322
v 0.24910316 -0.39944774 -0.16845292
v 0.24722412 -0.39822203 -0.17495039
v 0.24042645 -0.40029308 -0.18076390
v 0.23838162 -0.39898282 -0.18743235
v 0.25894043 -0.38930374 -0.17837010
v 0.24484770 -0.38237202 -0.21444811
v 0.22766009 -0.38845843 -0.22496372
v 0.23202607 -0.38139990 -0.23248710
v 0.23224713 -0.39150164 -0.21308021
v 0.22964965 -0.39974362 -0.19940135
v 0.22754955 -0.39843336 -0.20495839
v 0.22042029 -0.40025082 -0.21051542
v 0.21113566 -0.40067348 -0.22137302
v 0.20848291 -0.39902508 -0.22804147
v 0.20185103 -0.40109617 -0.23214513
v 0.21456212 -0.39192429 -0.23428245
v 0.24092384 -0.37062192 -0.24103639
v 0.20737760 -0.37818766 -0.26685524
v 0.21229623 -0.37155178 -0.27249777
v 0.20925662 -0.36943847 -0.27916622
v 0.21096985 -0.36064699 -0.29096425
v 0.24031591 -0.34023222 -0.29028028
v 0.24164230 -0.33122942 -0.30173635
v 0.23838162 -0.32886249 -0.30840480
v 0.23169447 -0.33118716 -0.31156802
v 0.22804694 -0.32856664 -0.31823647
v 0.24584249 -0.31787318 -0.31558621
v 0.25054005 -0.31043425 -0.32054478
v 0.25722721 -0.30777144 -0.31721056
v 0.26131687 -0.30109334 -0.32131422
v 0.26424593 -0.30439013 -0.31421828
v 0.35725802 -0.13587311 -0.34499574
v 0.35858440 -0.12674353 -0.34832996
v 0.36002129 -0.12006539 -0.34995434
v 0.36101609 -0.11503567 -0.35115123
v 0.35974497 -0.09943928 -0.35970053
v 0.35548952 -0.09631155 -0.36551404
v 0.35123408 -0.09318383 -0.37115657
v 0.35764489 -0.08502637 -0.36748037
v 0.35897124 -0.07682665 -0.36884826
v 0.36057395 -0.07090932 -0.36910474
v 0.37090862 -0.07090932 -0.35739222
v 0.37383771 -0.07090932 -0.35405800
v 0.37875634 -0.07090932 -0.34841546
v 0.38240391 -0.07090932 -0.34379885
v 0.38770938 -0.07090932 -0.33704489
v 0.27491221 -0.28494748 -0.32490492
v 0.27828342 -0.27810028 -0.32815364
v 0.26164845 -0.27192935 -0.35183516
v 0.26153791 -0.26174310 -0.36141038
v 0.26999357 -0.24001807 -0.36995965
v 0.27176207 -0.23503059 -0.37166953
v 0.28115723 -0.22184342 -0.37115657
v 0.25794566 -0.29830372 -0.32798266
v 0.25479552 -0.29479560 -0.33482209
v 0.25822198 -0.28841335 -0.33841279
v 0.26839086 -0.28832880 -0.32832462
v 0.32929361 -0.17894280 -0.34927037
v 0.34316528 -0.16503708 -0.34337139
v 0.33995986 -0.15996508 -0.34995434
v 0.34581804 -0.15649922 -0.34585068
v 0.34858131 -0.14736962 -0.34841546
v 0.35029453 -0.14069150 -0.35038179
v 0.38759887 -0.07090932 0.25747263
v 0.38218284 -0.07500918 0.26226023
v 0.37964061 -0.07090932 0.26559445
v 0.37256661 -0.07090932 0.27243391
v 0.37217975 -0.07500918 0.27209193
v 0.37129551 -0.08502637 0.27115151
v 0.36720586 -0.07090932 0.27739248
v 0.36422151 -0.07090932 0.28004277
v 0.36217666 -0.07090932 0.28183812
v 0.35410789 -0.08460370 0.28636923
v 0.34952083 -0.08764690 0.28961796
v 0.35560006 -0.09457862 0.28320599
v 0.34847078 -0.09500130 0.28884852
v 0.34062308 -0.11190793 0.29047289
v 0.33321747 -0.12501059 0.29218274
v 0.33050945 -0.10146809 0.30030456
v 0.32802248 -0.11503567 0.29859471
v 0.32304859 -0.11503567 0.30209991
v 0.33144897 -0.13299897 0.29098585
v 0.29138136 -0.18240866 0.30090302
v 0.24495822 -0.24458286 0.30235639
v 0.27966505 -0.17953452 0.30979428
v 0.27767551 -0.18502918 0.30859739
v 0.23876847 -0.23824286 0.30919585
v 0.30022389 -0.14052244 0.31013626
v 0.29851064 -0.14715829 0.30902484
v 0.29342622 -0.17501199 0.30235639
v 0.30497673 -0.16588241 0.29782528
v 0.24158703 -0.25219086 0.30098853
v 0.23904480 -0.25886896 0.29936415
v 0.23545253 -0.26588523 0.29808176
v 0.24473716 -0.26449043 0.29243922
v 0.24125543 -0.27154896 0.29090035
v 0.23589467 -0.28604642 0.28568530
v 0.24285814 -0.28334135 0.28218007
v 0.24954528 -0.27949509 0.27961528
v 0.23843688 -0.27818483 0.28884852
v 0.23992905 -0.28997719 0.27995726
v 0.23036811 -0.30037481 0.28029925
v 0.24766624 -0.29741612 0.26807377
v 0.25733775 -0.28701854 0.26773179
v 0.25159010 -0.30176958 0.26140532
v 0.25827724 -0.29805014 0.25841305
v 0.26490912 -0.29492241 0.25490785
v 0.26855665 -0.29843053 0.24858138
v 0.26214585 -0.31233624 0.24216941
v 0.26877773 -0.35899860 0.17839171
v 0.27004883 -0.35003808 0.19010425
v 0.27214894 -0.35181326 0.18497467
v 0.26209056 -0.36174592 0.18249537
v 0.25860885 -0.37894845 0.15804441
v 0.25512710 -0.37746912 0.16556779
v 0.24949001 -0.37966698 0.16932946
v 0.25192171 -0.38127309 0.16266103
v 0.25512710 -0.38292152 0.15479568
v 0.24921368 -0.38951510 0.14881118
v 0.25485078 -0.38740176 0.14530598
v 0.26032209 -0.39019138 0.13051569
v 0.26291957 -0.38211843 0.14496399
v 0.26960671 -0.37966698 0.13932146
v 0.25805619 -0.36842406 0.17736579
v 0.25479552 -0.37273526 0.17445904
v 0.25236383 -0.32243797 0.24242589
v 0.24893735 -0.32907382 0.23900616
v 0.25241908 -0.33207476 0.23233774
v 0.25545871 -0.33541381 0.22549829
v 0.25855356 -0.33875290 0.21840239
v 0.24899262 -0.31897211 0.24909434
v 0.26164845 -0.34133115 0.21173394
v 0.26441175 -0.34454340 0.20438156
v 0.26054314 -0.35046074 0.20061988
v 0.26723027 -0.34771341 0.19668719
v 0.30088705 -0.39061403 -0.02508136
v 0.30094233 -0.39065629 -0.01507869
v 0.30077654 -0.39057177 -0.03508402
v 0.29497364 -0.39441803 -0.04500120
v 0.27933347 -0.39957455 -0.09783580
v 0.27817288 -0.39885601 -0.10493171
v 0.28408632 -0.39272738 -0.11493438
v 0.28828651 -0.39872921 -0.05500387
v 0.28275993 -0.40198374 -0.06500653
v 0.28331259 -0.40240642 -0.05500387
v 0.27496749 -0.40587229 -0.07492371
v 0.27413848 -0.40752068 -0.06526301
v 0.27496749 -0.40443522 -0.08492638
v 0.25496131 -0.41508639 -0.09492905
v 0.26065367 -0.41039479 -0.10211045
v 0.26529598 -0.39276963 0.11478500
v 0.26186952 -0.39124802 0.12495866
v 0.24053697 -0.41035253 0.11093783
v 0.24711359 -0.40811241 0.10495332
v 0.24893735 -0.40929586 0.09751545
v 0.27535433 -0.39251602 0.09443770
v 0.26496440 -0.38503483 0.13487583
v 0.27004883 -0.40003949 0.08007489
v 0.28314680 -0.39217788 0.07494532
v 0.28557849 -0.39272738 0.06468618
v 0.26059842 -0.41039479 0.06195040
v 0.25689560 -0.41812959 0.02493198
v 0.25601137 -0.41758013 0.03493465
v 0.25766933 -0.41855228 0.01492932
v 0.26496440 -0.41474825 0.00492664
v 0.27165154 -0.41111332 -0.00507602
v 0.24882683 -0.41927081 0.05493999
v 0.25573504 -0.41293079 0.06511363
v 0.24727939 -0.41834092 0.06494266
v 0.24379764 -0.42227173 0.05493999
v 0.23440249 -0.42772412 0.05553844
v 0.23069969 -0.43038690 0.05254619
v 0.22495207 -0.43486717 0.04493732
v 0.22495207 -0.43613517 0.03493465
v 0.23766316 -0.42861173 0.03493465
v 0.25103745 -0.42062333 0.03493465
v 0.28397578 -0.40287134 -0.01507869
v 0.28900495 -0.39927870 -0.01507869
v 0.27192786 -0.41128242 -0.01507869
v 0.27695704 -0.40790108 -0.02508136
v 0.27038044 -0.40025082 -0.12100437
v 0.26905406 -0.39936322 -0.12767282
v 0.26756188 -0.39839107 -0.13493972
v 0.26253271 -0.40164560 -0.13493972
v 0.25429812 -0.40697122 -0.13468324
v 0.25567976 -0.40308267 -0.14528435
v 0.24070278 -0.41039479 -0.15126885
v 0.25286120 -0.40177241 -0.15494505
v 0.25789040 -0.39864469 -0.15494505
v 0.26562759 -0.39331910 -0.15520152
v 0.25015318 -0.39010683 -0.19025362
v 0.24794257 -0.38862750 -0.19692206
v 0.25684035 -0.38790897 -0.18495306
v 0.23534201 -0.39327681 -0.20504388
v 0.24125543 -0.39086762 -0.20179516
v 0.25103745 -0.40063122 -0.16178448
v 0.23036811 -0.41022575 -0.17067575
v 0.24219495 -0.40134975 -0.17495039
v 0.22843380 -0.40900001 -0.17725870
v 0.22506259 -0.40794334 -0.18563700
v 0.23174974 -0.40109617 -0.19273292
v 0.25186643 -0.39120576 -0.18495306
v 0.21096985 -0.39057177 -0.24103639
v 0.21760173 -0.38837391 -0.23710372
v 0.20815131 -0.38871202 -0.24770483
v 0.22926278 -0.37949792 -0.23915555
v 0.22578105 -0.40354761 -0.19563967
v 0.21749121 -0.40861961 -0.19495572
v 0.22252038 -0.40151882 -0.20495839
v 0.20483537 -0.40735161 -0.21504655
v 0.19532968 -0.40811241 -0.22564767
v 0.20511170 -0.40266001 -0.22479275
v 0.18952678 -0.40971854 -0.22940935
v 0.19897722 -0.39936322 -0.23881358
v 0.20489064 -0.39255828 -0.24462709
v 0.20489064 -0.38672549 -0.25497174
v 0.20444851 -0.38173804 -0.26411948
v 0.20069045 -0.38042778 -0.27070242
v 0.20256948 -0.37163633 -0.28241494
v 0.20743285 -0.35832232 -0.29763269
v 0.21246202 -0.35168648 -0.30216381
v 0.21903864 -0.34931955 -0.29900056
v 0.22539419 -0.34733301 -0.29540986
v 0.20555383 -0.36770552 -0.28549269
v 0.19908774 -0.36939618 -0.28908339
v 0.23036811 -0.34027448 -0.30036846
v 0.22030975 -0.34018993 -0.31028563
v 0.20997508 -0.33997861 -0.31994632
v 0.23932113 -0.31952158 -0.31934789
v 0.22135980 -0.33097583 -0.32114324
v 0.22506259 -0.32505849 -0.32507589
v 0.24672672 -0.30764467 -0.32721323
v 0.25131378 -0.30100879 -0.33114588
v 0.35167620 -0.13502778 -0.35183516
v 0.35443947 -0.12374260 -0.35439995
v 0.35648429 -0.11503567 -0.35619530
v 0.35029453 -0.12074167 -0.36029896
v 0.35361049 -0.10501848 -0.36371869
v 0.34990770 -0.09986195 -0.36987418
v 0.35267097 -0.08502637 -0.37260994
v 0.33984935 -0.09969288 -0.37987685
v 0.34753126 -0.08502637 -0.37765402
v 0.34896818 -0.07716477 -0.37902191
v 0.35073668 -0.07090932 -0.37936389
v 0.35880548 -0.07090932 -0.37098557
v 0.25816673 -0.27860749 -0.34841546
v 0.25822198 -0.26842123 -0.35850361
v 0.25114799 -0.26119363 -0.37098557
v 0.25783512 -0.25738963 -0.36807883
v 0.24164230 -0.23215647 -0.40142104
v 0.25065058 -0.22099808 -0.40065160
v 0.28320205 -0.21503848 -0.37329388
v 0.27983084 -0.20979743 -0.37987685
v 0.24727939 -0.29792333 -0.33781433
v 0.25159010 -0.29128748 -0.34114856
v 0.32006425 -0.16013415 -0.37004516
v 0.33863348 -0.14783457 -0.35858911
v 0.34062308 -0.14115644 -0.36055544
v 0.34189418 -0.15332922 -0.35192066
v 0.34708914 -0.13502778 -0.35679376
v 0.38461453 -0.07090932 0.26055038
v 0.35858440 -0.07090932 0.28483036
v 0.35018402 -0.08096877 0.29013091
v 0.34570751 -0.08460370 0.29295218
v 0.33808082 -0.08502637 0.29859471
v 0.34344161 -0.09500130 0.29261023
v 0.33658868 -0.09500130 0.29756880
v 0.32139063 -0.12310860 0.30098853
v 0.33161476 -0.09500130 0.30107400
v 0.31757730 -0.10501848 0.30834091
v 0.31116647 -0.11296460 0.31073472
v 0.30984008 -0.11964273 0.30987978
v 0.30149499 -0.13502778 0.31099120
v 0.23523147 -0.24572405 0.30799893
v 0.29508418 -0.14432643 0.31227359
v 0.28497055 -0.14584804 0.31808710
v 0.27983084 -0.14973657 0.31988245
v 0.26927513 -0.16884106 0.31962597
v 0.21058300 -0.25083831 0.32030991
v 0.28491530 -0.17573053 0.30774245
v 0.23208134 -0.24284992 0.31116217
v 0.22047555 -0.26068643 0.31030723
v 0.29497364 -0.13502778 0.31518033
v 0.22047555 -0.28055176 0.30030456
v 0.23180501 -0.28211561 0.29124233
v 0.22887594 -0.28875148 0.28919050
v 0.22495207 -0.30274174 0.28209460
v 0.21986763 -0.30992705 0.27987176
v 0.23119709 -0.31106824 0.27089503
v 0.23788422 -0.30781370 0.26833025
v 0.24103437 -0.30113560 0.27080953
v 0.22218879 -0.29217508 0.29149881
v 0.21865179 -0.29885319 0.28919050
v 0.24186336 -0.31191358 0.26166180
v 0.24855050 -0.30840546 0.25866953
v 0.26186952 -0.30206546 0.25174463
v 0.25214276 -0.31229398 0.25200111
v 0.25136906 -0.37108684 0.18164045
v 0.24982160 -0.35988620 0.19976494
v 0.25264016 -0.36216861 0.19318199
v 0.24860576 -0.36884671 0.18830889
v 0.24716885 -0.37810311 0.17497200
v 0.24219495 -0.38139990 0.17497200
v 0.23097602 -0.39061403 0.17112482
v 0.24484770 -0.38486576 0.16479835
v 0.24705833 -0.38812029 0.15496667
v 0.23069969 -0.40041989 0.15094849
v 0.23274451 -0.40177241 0.14496399
v 0.24506876 -0.39784163 0.13564527
v 0.22998124 -0.40997213 0.12991725
v 0.23517621 -0.40819693 0.12598458
v 0.24849524 -0.39902508 0.12743795
v 0.23865795 -0.40916908 0.11760627
v 0.25048479 -0.40029308 0.12076952
v 0.24562141 -0.32560796 0.24550363
v 0.23849215 -0.32877797 0.24866688
v 0.24230547 -0.33186343 0.24199843
v 0.22091767 -0.35071433 0.24080151
v 0.24843997 -0.33875290 0.22849056
v 0.25186643 -0.34154248 0.22182211
v 0.23036811 -0.36030886 0.22036871
v 0.24777678 -0.34817833 0.21763295
v 0.24545562 -0.31546399 0.25533530
v 0.23843688 -0.31859171 0.25866953
v 0.24230547 -0.32209983 0.25200111
v 0.24396345 -0.35418022 0.21387127
v 0.24750045 -0.35798419 0.20498002
v 0.25755879 -0.34800929 0.20728832
v 0.28900495 -0.39927870 -0.02508136
v 0.28397578 -0.40291363 -0.02508136
v 0.29497364 -0.39479843 -0.03508402
v 0.28369945 -0.40270227 -0.04500120
v 0.25960362 -0.40971854 -0.10877889
v 0.27319896 -0.40198374 -0.10493171
v 0.25860885 -0.40908456 -0.11493438
v 0.26496440 -0.40506920 -0.11493438
v 0.27148575 -0.40092707 -0.11493438
v 0.27645963 -0.39771482 -0.11493438
v 0.27579647 -0.40739387 -0.05500387
v 0.27640438 -0.40768975 -0.04500120
v 0.26905406 -0.40942267 -0.07492371
v 0.24932422 -0.41960895 -0.08706370
v 0.24838470 -0.41905946 -0.09492905
v 0.26977250 -0.40984535 -0.06859723
v 0.27076727 -0.41047934 -0.05500387
v 0.27026990 -0.41014120 -0.06209978
v 0.24689253 -0.41821414 -0.10493171
v 0.25573504 -0.41280401 -0.10527369
v 0.25208750 -0.40134975 0.11495599
v 0.23202607 -0.41119787 0.12324880
v 0.23517621 -0.41229680 0.11452854
v 0.23495515 -0.41555133 0.10495332
v 0.24213968 -0.41136694 0.10495332
v 0.24534509 -0.41242361 0.09452319
v 0.25037426 -0.41022575 0.09084700
v 0.25159010 -0.41102880 0.08494799
v 0.25346914 -0.41229680 0.07494532
v 0.25849831 -0.40895775 0.07494532
v 0.25954837 -0.40967628 0.06861885
v 0.25192171 -0.42113054 0.02493198
v 0.25264016 -0.42159545 0.01492932
v 0.25822198 -0.41893268 0.00492664
v 0.26496440 -0.41521320 -0.00507602
v 0.24230547 -0.42134187 0.06494266
v 0.24457137 -0.41774920 0.07554378
v 0.24097911 -0.42058104 0.07263702
v 0.22390202 -0.43228891 0.06494266
v 0.22976017 -0.42983747 0.05921463
v 0.22583632 -0.43275386 0.05553844
v 0.21666221 -0.43812171 0.05493999
v 0.21793333 -0.43888253 0.04493732
v 0.21914917 -0.43951648 0.03493465
v 0.21975709 -0.43985462 0.02877916
v 0.22417834 -0.43765676 0.02527396
v 0.23357351 -0.43216211 0.02493198
v 0.23860268 -0.42916119 0.02493198
v 0.26496440 -0.41550905 -0.01507869
v 0.27198315 -0.41128242 -0.02508136
v 0.24015012 -0.43009105 0.00133595
v 0.27679124 -0.40785882 -0.03508402
v 0.28392053 -0.40282908 -0.03508402
v 0.25678506 -0.40794334 -0.12493705
v 0.25048479 -0.41031027 -0.13109253
v 0.24893735 -0.40938041 -0.13776098
v 0.24722412 -0.40836602 -0.14494239
v 0.22158086 -0.42091918 -0.15314969
v 0.21992289 -0.41994706 -0.15981814
v 0.23887901 -0.40933815 -0.15793730
v 0.24440557 -0.40701348 -0.15477407
v 0.22506259 -0.41208547 -0.17435193
v 0.22174665 -0.41107106 -0.18273024
v 0.20146416 -0.39090991 -0.25163752
v 0.21953604 -0.40971854 -0.18939868
v 0.21257256 -0.41136694 -0.19495572
v 0.21052773 -0.41022575 -0.20059825
v 0.20804077 -0.40887320 -0.20726670
v 0.21423054 -0.40654856 -0.20435995
v 0.19532968 -0.41271949 -0.21504655
v 0.19217953 -0.41115561 -0.22274092
v 0.18858728 -0.41927081 -0.20812163
v 0.18195540 -0.42091918 -0.21213980
v 0.17886052 -0.41943985 -0.21880823
v 0.15879908 -0.41939759 -0.23872808
v 0.15211195 -0.42091918 -0.24197681
v 0.15531735 -0.41791826 -0.24514005
v 0.15902016 -0.40950722 -0.25890440
v 0.16526517 -0.40304041 -0.26523089
v 0.17228390 -0.40113842 -0.26206765
v 0.17897105 -0.39940548 -0.25881892
v 0.19234534 -0.40130749 -0.24231878
v 0.19842456 -0.38905016 -0.25830597
v 0.19505335 -0.38706362 -0.26497442
v 0.18156853 -0.39082536 -0.27138638
v 0.17797627 -0.38883883 -0.27805480
v 0.19720872 -0.37831444 -0.27737087
v 0.19544020 -0.36740965 -0.29523888
v 0.18869780 -0.36914259 -0.29874408
v 0.20074572 -0.36043566 -0.30053943
v 0.20472483 -0.35481420 -0.30472860
v 0.20870396 -0.34915048 -0.30883223
v 0.19240060 -0.37142497 -0.29207563
v 0.18206592 -0.37121364 -0.30165085
v 0.19146109 -0.35088339 -0.32114324
v 0.18444234 -0.35261634 -0.32464844
v 0.18068428 -0.35041848 -0.33046195
v 0.18444234 -0.34458569 -0.33448011
v 0.19615866 -0.33570969 -0.33584800
v 0.19986147 -0.32987690 -0.33986616
v 0.21074879 -0.33046862 -0.33054745
v 0.21738067 -0.32818621 -0.32781166
v 0.19814822 -0.34877008 -0.31832197
v 0.22213352 -0.32150811 -0.33174434
v 0.23495515 -0.31187132 -0.33225730
v 0.24009486 -0.31005386 -0.33003449
v 0.22948384 -0.30963117 -0.33952421
v 0.34880239 -0.12737752 -0.35876009
v 0.34205997 -0.13502778 -0.36192334
v 0.33144897 -0.11503567 -0.38133022
v 0.33874404 -0.10501848 -0.37867993
v 0.33371484 -0.10501848 -0.38338205
v 0.32818830 -0.10501848 -0.38842613
v 0.33084103 -0.09212716 -0.39073443
v 0.33719659 -0.08502637 -0.38740021
v 0.33874404 -0.07669984 -0.38885358
v 0.34449166 -0.07361437 -0.38449347
v 0.34935504 -0.07090932 -0.38073176
v 0.23357351 -0.28384855 -0.36380419
v 0.25153485 -0.27133763 -0.36132488
v 0.24092384 -0.27078816 -0.37072909
v 0.24064751 -0.26068643 -0.38056079
v 0.23970799 -0.24978165 -0.38979402
v 0.24423978 -0.22399901 -0.40441331
v 0.23838162 -0.23879233 -0.39894176
v 0.23683418 -0.22699994 -0.40808949
v 0.24020538 -0.22032182 -0.41014132
v 0.24694780 -0.21503848 -0.40732005
v 0.24910316 -0.20857170 -0.40911540
v 0.25252962 -0.21503848 -0.40236148
v 0.25943783 -0.20912117 -0.39936921
v 0.27015936 -0.19027025 -0.40013865
v 0.28911549 -0.17843559 -0.38911006
v 0.30840319 -0.16503708 -0.37842345
v 0.23020230 -0.29014626 -0.36012799
v 0.32155642 -0.15501989 -0.37141305
v 0.30989537 -0.15992282 -0.37987685
v 0.32868570 -0.14736962 -0.36867726
v 0.32437497 -0.14377697 -0.37440529
v 0.33017784 -0.12040353 -0.38013333
v 0.35112354 -0.07090932 0.29090035
v 0.34465745 -0.07090932 0.29577345
v 0.34498906 -0.07500918 0.29491851
v 0.33907562 -0.07500918 0.29936415
v 0.33410171 -0.07500918 0.30278388
v 0.33305168 -0.08502637 0.30201444
v 0.30867952 -0.12501059 0.30911034
v 0.32498288 -0.09500130 0.30551964
v 0.31912473 -0.09500130 0.30936682
v 0.31254810 -0.10501848 0.31158963
v 0.30586097 -0.11579646 0.31329951
v 0.30370560 -0.12501059 0.31235906
v 0.28850755 -0.13502778 0.31919849
v 0.26496440 -0.15501989 0.32561046
v 0.27325425 -0.15501989 0.32159230
v 0.26551706 -0.16533294 0.32244724
v 0.28165463 -0.14305843 0.32073736
v 0.25954837 -0.14922936 0.32979962
v 0.25789040 -0.15501989 0.32903019
v 0.20500118 -0.24500552 0.32535398
v 0.25098220 -0.16144441 0.33039808
v 0.19980620 -0.23972219 0.32988513
v 0.20483537 -0.25451550 0.32184878
v 0.20809604 -0.25747418 0.31894201
v 0.21428579 -0.25451550 0.31663370
v 0.21472792 -0.26440591 0.31201711
v 0.21124619 -0.27133763 0.31073472
v 0.21787806 -0.26732230 0.30859739
v 0.21423054 -0.28435576 0.30158696
v 0.21041720 -0.29031533 0.30021909
v 0.21704908 -0.28718761 0.29816726
v 0.20787498 -0.27801576 0.30876836
v 0.20538802 -0.31529492 0.28525782
v 0.21323575 -0.31271666 0.28209460
v 0.20268001 -0.32209983 0.28175262
v 0.20931189 -0.31939477 0.27944431
v 0.21594377 -0.31563306 0.27790543
v 0.22434415 -0.31461865 0.27277586
v 0.21003035 -0.32996142 0.26995459
v 0.22727323 -0.31774637 0.26798826
v 0.23174974 -0.32146585 0.26131982
v 0.23478936 -0.31482998 0.26482502
v 0.19997199 -0.29995212 0.29996261
v 0.21207517 -0.30172732 0.29124233
v 0.20815131 -0.30836320 0.28876305
v 0.23898953 -0.36926937 0.19891000
v 0.24191862 -0.37138271 0.19224155
v 0.24589774 -0.36571899 0.19600326
v 0.24003959 -0.38000512 0.18001609
v 0.20947768 -0.39970136 0.17941763
v 0.21898338 -0.39940548 0.16873102
v 0.23456828 -0.39175522 0.16411440
v 0.24015012 -0.39006457 0.16018173
v 0.22450994 -0.40688667 0.14470752
v 0.22815748 -0.40891546 0.13496134
v 0.22821274 -0.39885601 0.15761694
v 0.22152559 -0.40096936 0.16206257
v 0.22489680 -0.40232188 0.15453920
v 0.23572886 -0.40384346 0.13564527
v 0.22091767 -0.41047934 0.14120232
v 0.22318357 -0.41166282 0.13496134
v 0.21036194 -0.42015839 0.13043021
v 0.21229623 -0.42117280 0.12495866
v 0.22594684 -0.41356480 0.12598458
v 0.22434415 -0.34445888 0.24447772
v 0.23506568 -0.33503342 0.24507618
v 0.23512095 -0.32510078 0.25507882
v 0.23186028 -0.33152530 0.25148815
v 0.21052773 -0.34035903 0.26029390
v 0.21003035 -0.34995353 0.24994928
v 0.21494898 -0.35270086 0.24310982
v 0.20925662 -0.35954806 0.23943365
v 0.22003342 -0.36001301 0.23002943
v 0.24015012 -0.36009753 0.21010959
v 0.23705524 -0.35760379 0.21677801
v 0.22401255 -0.36170366 0.22421589
v 0.21870705 -0.36918485 0.21882984
v 0.22533892 -0.36728287 0.21523914
v 0.22893119 -0.36931166 0.20891267
v 0.24247128 -0.36204180 0.20498002
v 0.22777061 -0.32814395 0.25815657
v 0.25357968 -0.41221225 -0.11493438
v 0.27143046 -0.41085973 -0.04500120
v 0.27176207 -0.41111332 -0.03508402
v 0.24556616 -0.42214492 -0.08424243
v 0.25065058 -0.42036974 -0.07492371
v 0.24335553 -0.42189133 -0.09492905
v 0.26584864 -0.41246587 -0.06526301
v 0.25153485 -0.42087692 -0.06500653
v 0.25794566 -0.41880587 -0.04500120
v 0.25225329 -0.42134187 -0.05500387
v 0.24186336 -0.42104599 -0.10493171
v 0.24064751 -0.42036974 -0.11177114
v 0.24440557 -0.41758013 -0.11501987
v 0.21931496 -0.41965121 0.11888866
v 0.22478627 -0.41787601 0.11529796
v 0.22998124 -0.41998935 0.09990925
v 0.23495515 -0.41829866 0.09597658
v 0.23854741 -0.41914397 0.08494799
v 0.24495822 -0.41521320 0.08494799
v 0.23434722 -0.43258476 0.01492932
v 0.23976326 -0.42983747 0.00800439
v 0.23970799 -0.41982025 0.07930546
v 0.20969875 -0.43981236 0.06904632
v 0.23583940 -0.42299026 0.07554378
v 0.21439633 -0.43774131 0.06537011
v 0.21069352 -0.44036186 0.06237787
v 0.21295942 -0.44150305 0.04493732
v 0.21412000 -0.44209477 0.03493465
v 0.20500118 -0.44674408 0.03493465
v 0.19991674 -0.44991410 0.02929212
v 0.22036502 -0.44019276 0.02211072
v 0.26496440 -0.41550905 -0.02508136
v 0.23495515 -0.43330330 -0.00507602
v 0.26496440 -0.41521320 -0.03508402
v 0.23583940 -0.43241572 0.00484116
v 0.22627844 -0.43795264 0.00492664
v 0.25175589 -0.41107106 -0.12493705
v 0.23136288 -0.42075014 -0.13280240
v 0.24534509 -0.41229680 -0.13468324
v 0.24495822 -0.41500187 -0.12493705
v 0.22351515 -0.42201811 -0.14494239
v 0.21434106 -0.42725921 -0.14468591
v 0.21594377 -0.42324388 -0.15588547
v 0.20046939 -0.43017560 -0.16058758
v 0.21340154 -0.42184907 -0.16494772
v 0.21837546 -0.41910172 -0.16494772
v 0.20699073 -0.42840040 -0.15494505
v 0.21472792 -0.41766465 -0.17512137
v 0.21572271 -0.41331118 -0.18563700
v 0.20920135 -0.41952440 -0.17862658
v 0.20411691 -0.41635442 -0.19410080
v 0.19466649 -0.41724199 -0.20487289
v 0.19107422 -0.42058104 -0.20145318
v 0.18073955 -0.43034464 -0.19085206
v 0.17466033 -0.42738599 -0.20461643
v 0.17775521 -0.42899212 -0.19752051
v 0.16217029 -0.42091918 -0.23205964
v 0.17532352 -0.42252535 -0.21521753
v 0.14824335 -0.41935533 -0.24864526
v 0.15233301 -0.41098654 -0.26198214
v 0.15531735 -0.42248306 -0.23522288
v 0.15001185 -0.43998146 -0.19991431
v 0.14332470 -0.44137624 -0.20316304
v 0.13984297 -0.43989691 -0.20983149
v 0.13591911 -0.44319370 -0.20589881
v 0.12171584 -0.45059037 -0.20136769
v 0.11768145 -0.44911104 -0.20803614
v 0.15542789 -0.40794334 -0.26514539
v 0.16205975 -0.40109617 -0.27181381
v 0.16874690 -0.39927870 -0.26873606
v 0.17537878 -0.39771482 -0.26523089
v 0.18493974 -0.39272738 -0.26497442
v 0.19173741 -0.39095217 -0.26155469
v 0.17482613 -0.39251602 -0.27480608
v 0.17134438 -0.39069855 -0.28113255
v 0.19052157 -0.38025871 -0.28036311
v 0.17504719 -0.38152671 -0.29233211
v 0.17504719 -0.37827218 -0.29737622
v 0.18505026 -0.35794193 -0.31721056
v 0.16968642 -0.37983602 -0.29968452
v 0.17488140 -0.37311566 -0.30498508
v 0.17139965 -0.37083325 -0.31105506
v 0.17808680 -0.36876220 -0.30831927
v 0.17952371 -0.35967487 -0.31951886
v 0.17283656 -0.36157686 -0.32199815
v 0.16802844 -0.35895634 -0.32866660
v 0.17504719 -0.35202461 -0.33234280
v 0.17504719 -0.34775567 -0.33738688
v 0.18145800 -0.34090847 -0.34097758
v 0.18814515 -0.33875290 -0.33849829
v 0.20422745 -0.32264930 -0.34465376
v 0.21146725 -0.32095864 -0.34106308
v 0.20500118 -0.32814395 -0.33781433
v 0.19317432 -0.33207476 -0.34243095
v 0.18869780 -0.32915837 -0.34909940
v 0.21439633 -0.32459357 -0.33448011
v 0.21809913 -0.31867623 -0.33841279
v 0.22285198 -0.31204039 -0.34217447
v 0.32481709 -0.11575420 -0.38697276
v 0.32139063 -0.11288007 -0.39116189
v 0.32315913 -0.10501848 -0.39261529
v 0.31879312 -0.09724142 -0.39902726
v 0.32636452 -0.08502637 -0.39688993
v 0.32840934 -0.07500918 -0.39859977
v 0.32923836 -0.07090932 -0.39928374
v 0.33178055 -0.07090932 -0.39706090
v 0.33890983 -0.07090932 -0.39064893
v 0.34112045 -0.07090932 -0.38859710
v 0.23025757 -0.28025588 -0.37013066
v 0.22998124 -0.27002737 -0.37996233
v 0.23495515 -0.26301110 -0.38244164
v 0.23578413 -0.25552991 -0.38782766
v 0.22882067 -0.25920710 -0.38936654
v 0.23423669 -0.23448113 -0.40458429
v 0.20870396 -0.24893633 -0.40911540
v 0.21942550 -0.23959540 -0.40962836
v 0.23014703 -0.23016994 -0.41005582
v 0.23407090 -0.22421035 -0.41133821
v 0.23467882 -0.21470036 -0.41655329
v 0.23777370 -0.20764184 -0.41869062
v 0.24059224 -0.20096371 -0.42040047
v 0.24197388 -0.21503848 -0.41159469
v 0.24484770 -0.20476770 -0.41484344
v 0.25109273 -0.20189357 -0.41099626
v 0.26142740 -0.20244303 -0.40133557
v 0.27867028 -0.17742120 -0.39885625
v 0.29093924 -0.17175746 -0.39081994
v 0.25965890 -0.18938264 -0.40971386
v 0.21887285 -0.29923359 -0.35918757
v 0.29939491 -0.15890841 -0.38945204
v 0.31166387 -0.15324469 -0.38141572
v 0.31835100 -0.14686243 -0.37850896
v 0.31497979 -0.15594976 -0.37714106
v 0.32139063 -0.13502778 -0.38124472
v 0.31973267 -0.11955820 -0.38979402
v 0.33946249 -0.07090932 0.29962063
v 0.33476490 -0.07090932 0.30278388
v 0.32664084 -0.07500918 0.30774245
v 0.32083797 -0.08308209 0.31047824
v 0.32448548 -0.08587170 0.30757147
v 0.31989846 -0.08976023 0.30987978
v 0.31415081 -0.09500130 0.31244457
v 0.30497673 -0.10501848 0.31603527
v 0.29723954 -0.11503567 0.31851456
v 0.29453152 -0.12547553 0.31783062
v 0.28966814 -0.12911046 0.31979695
v 0.28579953 -0.12547553 0.32253271
v 0.28347838 -0.13502778 0.32176328
v 0.27496749 -0.13502778 0.32603794
v 0.26977250 -0.12949085 0.32988513
v 0.25573504 -0.14555216 0.33210793
v 0.25291649 -0.15501989 0.33116752
v 0.19776137 -0.24500552 0.32894468
v 0.18317124 -0.22501341 0.34117016
v 0.18814515 -0.22501341 0.33920383
v 0.19505335 -0.22501341 0.33629707
v 0.19588234 -0.23583367 0.33279186
v 0.19278747 -0.24500552 0.33116752
v 0.20140891 -0.26157403 0.32065189
v 0.19433489 -0.25438872 0.32697836
v 0.20483537 -0.26495537 0.31731766
v 0.19836929 -0.26825216 0.31911302
v 0.19499809 -0.27501482 0.31740314
v 0.20472483 -0.27480349 0.31235906
v 0.20118783 -0.28110123 0.31064922
v 0.19096370 -0.29090708 0.31056371
v 0.20146416 -0.31119505 0.29081488
v 0.19803770 -0.32877797 0.27893135
v 0.19704291 -0.31787318 0.28842106
v 0.21428579 -0.33456850 0.26268771
v 0.20334320 -0.33232835 0.27226290
v 0.22113873 -0.33093357 0.26080686
v 0.19328485 -0.30269945 0.30175796
v 0.18902940 -0.30933532 0.29953513
v 0.19599287 -0.30561584 0.29825273
v 0.23230240 -0.37150952 0.20232973
v 0.23462355 -0.37480631 0.19463536
v 0.21185412 -0.39120576 0.19189960
v 0.20571962 -0.40346307 0.17565595
v 0.21240677 -0.40134975 0.17274919
v 0.20571962 -0.39839107 0.18565860
v 0.19958514 -0.39978588 0.18950579
v 0.21539111 -0.40308267 0.16522582
v 0.21837546 -0.40912682 0.14787075
v 0.21500425 -0.41212773 0.14470752
v 0.20113257 -0.42053878 0.14137329
v 0.19759557 -0.42873853 0.12495866
v 0.19969566 -0.42979521 0.11948712
v 0.22108348 -0.34090847 0.25088969
v 0.19831403 -0.34898141 0.25884053
v 0.19825876 -0.33900648 0.26901418
v 0.20500118 -0.34200740 0.26200375
v 0.19035578 -0.37015697 0.24020308
v 0.20262474 -0.36153460 0.24174196
v 0.19704291 -0.36817044 0.23772377
v 0.18908466 -0.37949792 0.22934547
v 0.19505335 -0.37772271 0.22703716
v 0.20406166 -0.37438363 0.22421589
v 0.21207517 -0.37125593 0.22165111
v 0.20008253 -0.38000512 0.22002676
v 0.20676968 -0.37793404 0.21703449
v 0.20406166 -0.38161123 0.21421322
v 0.21041720 -0.38025871 0.21036607
v 0.22224405 -0.37142497 0.21216142
v 0.22473100 -0.37480631 0.20472354
v 0.25844306 -0.41905946 -0.03508402
v 0.23451301 -0.42810452 -0.08595229
v 0.24495822 -0.42366654 -0.07492371
v 0.23683418 -0.42827359 -0.07492371
v 0.23495515 -0.42654067 -0.09492905
v 0.24495822 -0.42468092 -0.06500653
v 0.24495822 -0.42561078 -0.05500387
v 0.25341389 -0.42201811 -0.03508402
v 0.24009486 -0.43004876 -0.03140783
v 0.23976326 -0.42983747 -0.03807627
v 0.24495822 -0.42637157 -0.04500120
v 0.23495515 -0.42484999 -0.10493171
v 0.21494898 -0.43385279 -0.11493438
v 0.21997815 -0.43000650 -0.12006395
v 0.23937640 -0.41965121 -0.11843958
v 0.20179576 -0.43093640 0.11281867
v 0.20511170 -0.43199307 0.10444036
v 0.20500118 -0.43512076 0.09495066
v 0.21224096 -0.43118998 0.09495066
v 0.21903864 -0.42945707 0.08811122
v 0.23163921 -0.42096144 0.09324080
v 0.23351824 -0.42206040 0.08494799
v 0.22069661 -0.43038690 0.08144279
v 0.22207825 -0.43123224 0.07494532
v 0.22578105 -0.43761450 0.01492932
v 0.20820658 -0.43905157 0.07494532
v 0.19952987 -0.43977010 0.08905165
v 0.20317741 -0.44141850 0.07494532
v 0.19505335 -0.44501117 0.07494532
v 0.16946536 -0.45976222 0.05878717
v 0.17095754 -0.46039623 0.05211872
v 0.17239444 -0.46103022 0.04493732
v 0.17742361 -0.45874780 0.04493732
v 0.17913684 -0.45959315 0.03493465
v 0.18505026 -0.45671904 0.03493465
v 0.19433489 -0.45211196 0.03493465
v 0.19930881 -0.44961822 0.03493465
v 0.17991057 -0.45993128 0.02937762
v 0.18062901 -0.46026942 0.02279466
v 0.20052466 -0.45025223 0.02262367
v 0.20113257 -0.45054811 0.01492932
v 0.21494898 -0.44340503 0.01492932
v 0.22075188 -0.44040412 0.01492932
v 0.24020538 -0.43013331 -0.02508136
v 0.22655477 -0.43812171 -0.00507602
v 0.22649950 -0.43812171 -0.01507869
v 0.23495515 -0.43326104 -0.01507869
v 0.22124927 -0.44065771 0.00492664
v 0.23805003 -0.41889042 -0.12493705
v 0.21699381 -0.42831585 -0.13493972
v 0.21058300 -0.43030238 -0.14109521
v 0.18057376 -0.44027731 -0.16092956
v 0.18438709 -0.43723410 -0.16452026
v 0.17858419 -0.43926293 -0.16759801
v 0.19168214 -0.43085185 -0.17255658
v 0.20428272 -0.42692107 -0.16434927
v 0.19505335 -0.43452907 -0.15494505
v 0.21130145 -0.42066559 -0.17195813
v 0.20533276 -0.43203533 -0.14468591
v 0.20699073 -0.41834092 -0.18495306
v 0.19466649 -0.42151093 -0.19410080
v 0.18267384 -0.43140131 -0.18495306
v 0.17466033 -0.43157038 -0.19452825
v 0.17515773 -0.43829077 -0.17546335
v 0.17195231 -0.44086903 -0.17247109
v 0.17504719 -0.43503624 -0.18495306
v 0.17106806 -0.43042919 -0.20102572
v 0.10027277 -0.44006598 -0.24009597
v 0.14161147 -0.42049652 -0.25095356
v 0.14487214 -0.41216999 -0.26514539
v 0.14807755 -0.40925360 -0.26865059
v 0.10403083 -0.45118210 -0.21444811
v 0.10005171 -0.44999862 -0.22000514
v 0.13514540 -0.44809663 -0.19504121
v 0.13514540 -0.45215422 -0.18503855
v 0.12834772 -0.44936463 -0.19846094
v 0.12503177 -0.45198518 -0.19504121
v 0.11502869 -0.45562011 -0.19495572
v 0.10502561 -0.45507061 -0.20495839
v 0.15487522 -0.40257549 -0.27506256
v 0.15813591 -0.39915189 -0.27848226
v 0.16526517 -0.39750350 -0.27506256
v 0.16449144 -0.39213562 -0.28463775
v 0.16747579 -0.38862750 -0.28780100
v 0.17482613 -0.38651416 -0.28463775
v 0.16305454 -0.38139990 -0.30216381
v 0.15841223 -0.37915978 -0.30883223
v 0.16581783 -0.37789178 -0.30524155
v 0.16078866 -0.39036041 -0.29053676
v 0.16504410 -0.37252390 -0.31319237
v 0.16504410 -0.36863539 -0.31823647
v 0.16139658 -0.36064699 -0.33080393
v 0.16515464 -0.35506779 -0.33507857
v 0.16228083 -0.35117927 -0.34140503
v 0.15028818 -0.35012260 -0.35012531
v 0.15692006 -0.34830514 -0.34807348
v 0.16968642 -0.33980954 -0.34978333
v 0.17504719 -0.34272593 -0.34311491
v 0.17504719 -0.33828795 -0.34807348
v 0.18510553 -0.33499116 -0.34508124
v 0.20704600 -0.31795770 -0.34773150
v 0.21500425 -0.31499904 -0.34499574
v 0.18206592 -0.33122942 -0.35115123
v 0.18869780 -0.31918344 -0.35918757
v 0.19505335 -0.32205757 -0.35209164
v 0.20035885 -0.32024011 -0.35021082
v 0.21854125 -0.30899718 -0.34884292
v 0.30912164 -0.11829020 -0.39928374
v 0.31707990 -0.10501848 -0.39765936
v 0.31066906 -0.11161207 -0.40048063
v 0.31210598 -0.10501848 -0.40159205
v 0.31525612 -0.09436730 -0.40270343
v 0.31702465 -0.07500918 -0.40774751
v 0.32133535 -0.08502637 -0.40107909
v 0.32338017 -0.07500918 -0.40270343
v 0.32393283 -0.07090932 -0.40355837
v 0.21870705 -0.28913188 -0.36919022
v 0.21174358 -0.28118575 -0.38107374
v 0.19952987 -0.27966416 -0.38970852
v 0.19859035 -0.26909751 -0.39919823
v 0.20306687 -0.26241937 -0.40193400
v 0.20201683 -0.25159910 -0.41108173
v 0.21279362 -0.24225819 -0.41159469
v 0.20704600 -0.23748207 -0.41826314
v 0.21091460 -0.23080394 -0.42048597
v 0.21754646 -0.22767621 -0.41860512
v 0.22766009 -0.21778582 -0.41869062
v 0.23114182 -0.21114996 -0.42057145
v 0.23467882 -0.20459864 -0.42193934
v 0.23075496 -0.19090426 -0.43040314
v 0.23279978 -0.18502918 -0.43168554
v 0.23782896 -0.18502918 -0.42860779
v 0.23965272 -0.17928094 -0.42971918
v 0.24219495 -0.19500411 -0.42168286
v 0.24716885 -0.19500411 -0.41757920
v 0.25308228 -0.19500411 -0.41262060
v 0.30116338 -0.15223029 -0.39099091
v 0.26137212 -0.18274680 -0.41116723
v 0.30735314 -0.12501059 -0.39791584
v 0.31332183 -0.12501059 -0.39287177
v 0.31133229 -0.13257632 -0.39116189
v 0.19505335 -0.31715465 -0.35705024
v 0.20052466 -0.31030744 -0.36029896
v 0.21224096 -0.30143145 -0.36141038
v 0.32691717 -0.07090932 0.30799893
v 0.32161167 -0.07500918 0.31099120
v 0.31497979 -0.07500918 0.31466737
v 0.30646890 -0.08502637 0.31808710
v 0.30055547 -0.09242302 0.32030991
v 0.30431354 -0.09546623 0.31783062
v 0.29889750 -0.10501848 0.31936949
v 0.29386833 -0.10501848 0.32201976
v 0.28497055 -0.11503567 0.32475555
v 0.27701229 -0.11503567 0.32868820
v 0.27082255 -0.12285499 0.33031258
v 0.26496440 -0.11503567 0.33373231
v 0.26584864 -0.12572911 0.33193696
v 0.25496131 -0.12501059 0.33612609
v 0.25496131 -0.13502778 0.33441624
v 0.24495822 -0.14500269 0.33629707
v 0.24495822 -0.15501989 0.33415976
v 0.19057684 -0.25062698 0.33014160
v 0.18770301 -0.25730512 0.32894468
v 0.17510246 -0.23481926 0.34159765
v 0.18107115 -0.23135340 0.34031525
v 0.23434722 -0.15463948 0.33809242
v 0.17504719 -0.21503848 0.34629974
v 0.16067812 -0.22099808 0.35014692
v 0.16438092 -0.22459075 0.34800962
v 0.16504410 -0.23503059 0.34518835
v 0.18466341 -0.23481926 0.33783594
v 0.18466341 -0.25438872 0.33133850
v 0.17852892 -0.23803154 0.33937481
v 0.16913377 -0.24897859 0.33963129
v 0.18466341 -0.26470175 0.32723483
v 0.17797627 -0.26782951 0.32903019
v 0.19168214 -0.27171803 0.32073736
v 0.18842147 -0.27835387 0.31911302
v 0.18505026 -0.28498974 0.31723216
v 0.17781048 -0.28824428 0.31902751
v 0.18676351 -0.29758519 0.30842641
v 0.19035578 -0.32019785 0.29013091
v 0.19135055 -0.33072221 0.28064120
v 0.19483230 -0.33486435 0.27482769
v 0.16996275 -0.31994423 0.29996261
v 0.18543713 -0.31478772 0.29688486
v 0.17471559 -0.29445747 0.31637722
v 0.16504410 -0.29788107 0.31860006
v 0.15968335 -0.29974079 0.31979695
v 0.15581474 -0.30510867 0.31774512
v 0.16156237 -0.31102598 0.31073472
v 0.15504102 -0.31288570 0.31227359
v 0.21423054 -0.38182259 0.20429605
v 0.20864870 -0.38909245 0.19856805
v 0.22716269 -0.37818766 0.19694367
v 0.20516697 -0.39327681 0.19514832
v 0.17582090 -0.41364932 0.18574411
v 0.18289492 -0.41145146 0.18292284
v 0.16963115 -0.41977799 0.17958862
v 0.17565511 -0.41859454 0.17574143
v 0.19941933 -0.40967628 0.16924398
v 0.20538802 -0.40828148 0.16556779
v 0.20898029 -0.40946496 0.15872835
v 0.21500425 -0.40777427 0.15522315
v 0.20196156 -0.39116350 0.20181677
v 0.19577181 -0.39826429 0.19549030
v 0.19295326 -0.40147656 0.19249803
v 0.17968950 -0.40980306 0.18959129
v 0.21174358 -0.41085973 0.15205991
v 0.19510862 -0.42218721 0.14479302
v 0.19041103 -0.43017560 0.13051569
v 0.19510862 -0.41796052 0.15530863
v 0.19582707 -0.43300745 0.11563994
v 0.19256639 -0.43123224 0.12495866
v 0.19162688 -0.35092568 0.26089236
v 0.18505026 -0.35781515 0.25755814
v 0.19157162 -0.34086621 0.27080953
v 0.18505026 -0.34767115 0.26773179
v 0.17902631 -0.35950580 0.25943896
v 0.18505026 -0.37159404 0.24182743
v 0.18549240 -0.37696192 0.23490250
v 0.18239751 -0.38114631 0.23156831
v 0.16896796 -0.38947284 0.22926000
v 0.17504719 -0.38799351 0.22720817
v 0.18482921 -0.38486576 0.22481436
v 0.18720563 -0.38858524 0.21788943
v 0.19505335 -0.38148445 0.22199309
v 0.19499809 -0.38659871 0.21472618
v 0.19831403 -0.38905016 0.20848522
v 0.23086549 -0.43047145 -0.08330201
v 0.23777370 -0.42878079 -0.06500653
v 0.23180501 -0.43097866 -0.07492371
v 0.23279978 -0.43148583 -0.06500653
v 0.19986147 -0.44987184 -0.05885105
v 0.19919828 -0.44957596 -0.06500653
v 0.21428579 -0.43769902 -0.09501454
v 0.20853817 -0.43922064 -0.10493171
v 0.22777061 -0.42878079 -0.10493171
v 0.22998124 -0.42996424 -0.08997045
v 0.21052773 -0.44023502 -0.09168032
v 0.23865795 -0.42924571 -0.05500387
v 0.23932113 -0.42962611 -0.04500120
v 0.23495515 -0.43313426 -0.02508136
v 0.22627844 -0.43799490 -0.02508136
v 0.23583940 -0.43224666 -0.03482755
v 0.20671441 -0.43829077 -0.11493438
v 0.21522531 -0.43178171 -0.12399663
v 0.21870705 -0.42928797 -0.12673239
v 0.23307611 -0.42167997 -0.12493705
v 0.19765083 -0.43888253 0.09495066
v 0.20472483 -0.43803716 0.08537546
v 0.21544637 -0.43237346 0.08486250
v 0.17847365 -0.44932234 0.08717081
v 0.18422128 -0.44754717 0.08426404
v 0.18035269 -0.45012543 0.08050236
v 0.18681878 -0.44860381 0.07494532
v 0.19068736 -0.44027731 0.10084967
v 0.19262166 -0.44112265 0.09495066
v 0.18505026 -0.44441944 0.09495066
v 0.17510246 -0.44851929 0.09563459
v 0.17504719 -0.45371810 0.07494532
v 0.16780739 -0.45908594 0.06494266
v 0.15913068 -0.45963544 0.07845053
v 0.16095445 -0.46035397 0.07178208
v 0.16283348 -0.46107250 0.06494266
v 0.16570729 -0.46183330 0.05528196
v 0.16504410 -0.46390435 0.04493732
v 0.16504410 -0.46534142 0.03493465
v 0.17416294 -0.46170649 0.03493465
v 0.17593144 -0.46191782 0.02561592
v 0.17504719 -0.46310127 0.01492932
v 0.18123694 -0.46056527 0.01492932
v 0.18621084 -0.45807156 0.01492932
v 0.19505335 -0.45363355 0.01492932
v 0.19505335 -0.45414075 0.00492664
v 0.20660387 -0.44822341 0.00492664
v 0.22152559 -0.44078451 -0.00507602
v 0.22147033 -0.44078451 -0.01507869
v 0.21494898 -0.44399679 -0.02508136
v 0.21201991 -0.43106318 -0.13493972
v 0.20500118 -0.43469810 -0.13493972
v 0.19079790 -0.44036186 -0.14135168
v 0.17515773 -0.44184119 -0.16452026
v 0.18720563 -0.43854439 -0.15494505
v 0.18543713 -0.44217932 -0.14477140
v 0.17504719 -0.44467303 -0.15494505
v 0.18902940 -0.43947423 -0.14802012
v 0.14161147 -0.45067489 -0.18170433
v 0.16504410 -0.44636369 -0.16494772
v 0.15106189 -0.45042127 -0.17118870
v 0.16559675 -0.44260198 -0.17546335
v 0.16929956 -0.43968558 -0.17913954
v 0.09502254 -0.44086903 -0.24172033
v 0.10502561 -0.41905946 -0.27822578
v 0.11176802 -0.42058104 -0.27112991
v 0.13503486 -0.42163771 -0.25317639
v 0.09502254 -0.45409849 -0.21496105
v 0.14139041 -0.41047934 -0.27087343
v 0.13503486 -0.40895775 -0.27805480
v 0.12591603 -0.40840828 -0.28523621
v 0.13503486 -0.40502694 -0.28497973
v 0.14487214 -0.40714028 -0.27454960
v 0.15144876 -0.40058896 -0.28096157
v 0.09540939 -0.45840967 -0.20512937
v 0.13188472 -0.45075941 -0.19179249
v 0.13503486 -0.45591596 -0.17495039
v 0.12586077 -0.45917049 -0.17580532
v 0.12503177 -0.45608503 -0.18495306
v 0.09900166 -0.45963544 -0.19905938
v 0.15487522 -0.39682722 -0.28455228
v 0.13122153 -0.39052948 -0.31079859
v 0.15172508 -0.38076591 -0.31105506
v 0.14503795 -0.37865257 -0.31823647
v 0.14675118 -0.39851788 -0.28763002
v 0.14006403 -0.39999723 -0.29002380
v 0.14807755 -0.36901578 -0.32866660
v 0.14139041 -0.37066418 -0.33080393
v 0.15504102 -0.36225313 -0.33277026
v 0.14929339 -0.35959032 -0.33952421
v 0.14503795 -0.35139060 -0.35149321
v 0.14503795 -0.34674129 -0.35653728
v 0.15067504 -0.34035903 -0.36038446
v 0.14260626 -0.36132327 -0.34149054
v 0.15095137 -0.33051088 -0.37047261
v 0.15763851 -0.32860890 -0.36850628
v 0.16996275 -0.31994423 -0.36987418
v 0.19505335 -0.31212491 -0.36209431
v 0.18864253 -0.30912399 -0.36919022
v 0.19505335 -0.30705291 -0.36713839
v 0.30547410 -0.11499339 -0.40321639
v 0.25059533 -0.18130973 -0.42048597
v 0.30458987 -0.10539888 -0.40706357
v 0.30762947 -0.09500130 -0.40826046
v 0.30917692 -0.08819637 -0.40937188
v 0.31061381 -0.08151823 -0.41048330
v 0.31199545 -0.07500918 -0.41150922
v 0.31321129 -0.07090932 -0.41185117
v 0.31785363 -0.07090932 -0.40834597
v 0.32105902 -0.07090932 -0.40586668
v 0.20384058 -0.30417877 -0.36423165
v 0.20710126 -0.29805014 -0.36807883
v 0.20046939 -0.30024800 -0.37021613
v 0.19505335 -0.30206546 -0.37192601
v 0.20013779 -0.29006174 -0.38004783
v 0.20411691 -0.28473616 -0.38244164
v 0.19505335 -0.29171014 -0.38158670
v 0.19571654 -0.28511655 -0.38705823
v 0.18759249 -0.28849787 -0.38868260
v 0.19284272 -0.28186202 -0.39150387
v 0.18505026 -0.27826935 -0.39851430
v 0.19190320 -0.27116856 -0.40090808
v 0.19455597 -0.26470175 -0.40475526
v 0.19715345 -0.25823498 -0.40860245
v 0.20450377 -0.24462512 -0.41467243
v 0.20035885 -0.24027166 -0.42014399
v 0.20422745 -0.23448113 -0.42176837
v 0.20151943 -0.22158980 -0.43083060
v 0.19847982 -0.20874077 -0.43937990
v 0.20505643 -0.20523264 -0.43758455
v 0.20842764 -0.19804731 -0.43912342
v 0.21119092 -0.19141145 -0.44049129
v 0.22412308 -0.18422613 -0.43672961
v 0.22683109 -0.17501199 -0.43843946
v 0.23578413 -0.17560373 -0.43322441
v 0.24534509 -0.18477559 -0.42322174
v 0.24108964 -0.17264506 -0.43074510
v 0.30436879 -0.07492465 -0.41689527
v 0.30265558 -0.09500130 -0.41185117
v 0.29950541 -0.10899153 -0.40962836
v 0.29812378 -0.11503567 -0.40860245
v 0.32393283 -0.07090932 0.30987978
v 0.32188800 -0.07090932 0.31107667
v 0.31497979 -0.07090932 0.31500936
v 0.30790579 -0.07090932 0.31885654
v 0.30757421 -0.07500918 0.31868553
v 0.30149499 -0.08502637 0.32073736
v 0.29585791 -0.09546623 0.32236174
v 0.29972649 -0.09910116 0.31979695
v 0.28497055 -0.10501848 0.32637990
v 0.27839395 -0.10501848 0.32928666
v 0.27198315 -0.11503567 0.33082554
v 0.27938873 -0.09741049 0.32971412
v 0.26496440 -0.10501848 0.33475822
v 0.25496131 -0.11503567 0.33749399
v 0.24678200 -0.12501059 0.33894736
v 0.24423978 -0.13473190 0.33834890
v 0.23722103 -0.14500269 0.33903286
v 0.18107115 -0.26115137 0.33039808
v 0.16548623 -0.24538592 0.34211060
v 0.17184179 -0.24230045 0.34065720
v 0.23058917 -0.15104683 0.34014425
v 0.15504102 -0.21503848 0.35271171
v 0.14503795 -0.21503848 0.35561848
v 0.13094521 -0.21161489 0.36023510
v 0.14503795 -0.22501341 0.35399410
v 0.15504102 -0.22459075 0.35117283
v 0.15835696 -0.22763394 0.34937748
v 0.15504102 -0.23528419 0.34860805
v 0.15504102 -0.24500552 0.34587228
v 0.17504719 -0.25502270 0.33510017
v 0.16244662 -0.25235993 0.34091368
v 0.17477086 -0.26470175 0.33168048
v 0.17128912 -0.27112630 0.33048356
v 0.17477086 -0.27467668 0.32723483
v 0.18505026 -0.27501482 0.32236174
v 0.18173432 -0.28160840 0.32073736
v 0.17471559 -0.28498974 0.32201976
v 0.16062285 -0.28046721 0.33022708
v 0.16438092 -0.28431347 0.32663637
v 0.15504102 -0.28756800 0.32868820
v 0.17112333 -0.29073802 0.32039541
v 0.18505026 -0.32171944 0.29141331
v 0.18505026 -0.33245516 0.28218007
v 0.17195231 -0.34099302 0.28089768
v 0.18505026 -0.33744264 0.27756345
v 0.17781048 -0.32873571 0.28893402
v 0.16333087 -0.32184625 0.30150148
v 0.16504410 -0.29285133 0.32167780
v 0.15581474 -0.29585227 0.32364413
v 0.15299620 -0.30185413 0.32107934
v 0.14713803 -0.30853224 0.31894201
v 0.14244047 -0.32121223 0.31099120
v 0.15504102 -0.31791544 0.30834091
v 0.17300236 -0.41145146 0.19249803
v 0.14824335 -0.42924571 0.17839171
v 0.15189087 -0.43076730 0.17172328
v 0.15857802 -0.42937252 0.16856003
v 0.16520990 -0.42802000 0.16514032
v 0.17278129 -0.42125732 0.17292017
v 0.17941317 -0.41969347 0.16932946
v 0.16576256 -0.41846773 0.18540213
v 0.16294402 -0.42121506 0.18240988
v 0.19566128 -0.41322666 0.16556779
v 0.18245278 -0.42121506 0.16266103
v 0.20234841 -0.41115561 0.16257553
v 0.18913993 -0.41952440 0.15881385
v 0.19499809 -0.39289641 0.20506549
v 0.18908466 -0.39949003 0.19916648
v 0.18549240 -0.40346307 0.19549030
v 0.17582090 -0.40832373 0.19549030
v 0.18549240 -0.42277890 0.15530863
v 0.18505026 -0.43469810 0.12495866
v 0.18466341 -0.42738599 0.14470752
v 0.18107115 -0.43047145 0.14120232
v 0.18505026 -0.43816400 0.11521247
v 0.18836620 -0.43926293 0.10751811
v 0.19439016 -0.43736091 0.10452586
v 0.17886052 -0.34936181 0.26935616
v 0.17217338 -0.35109472 0.27106601
v 0.16504410 -0.34779793 0.27781993
v 0.15874383 -0.34936181 0.27935880
v 0.14503795 -0.35768834 0.27764896
v 0.13829553 -0.35925218 0.27927333
v 0.17233917 -0.36102739 0.26106334
v 0.15824643 -0.36918485 0.25909701
v 0.16504410 -0.36766326 0.25738713
v 0.15078557 -0.38034323 0.25037673
v 0.15448837 -0.38321736 0.24516165
v 0.17139965 -0.37062192 0.25071871
v 0.17808680 -0.36910033 0.24892336
v 0.17703675 -0.37856805 0.23823673
v 0.16228083 -0.39107895 0.23139730
v 0.16040179 -0.40016627 0.22019774
v 0.17504719 -0.39158615 0.22216406
v 0.18051848 -0.39023364 0.22028324
v 0.17178652 -0.40088481 0.21130648
v 0.19168214 -0.39082536 0.21122098
v 0.21135671 -0.44069996 -0.08492638
v 0.21633063 -0.43803716 -0.08492638
v 0.20500118 -0.44530702 -0.07492371
v 0.21986763 -0.43989691 -0.04919035
v 0.20035885 -0.45016772 -0.05218260
v 0.19505335 -0.45333767 -0.04500120
v 0.19593760 -0.45202744 -0.05534584
v 0.18505026 -0.45621181 -0.06500653
v 0.19416910 -0.45194289 -0.06500653
v 0.18505026 -0.45515513 -0.07492371
v 0.19295326 -0.45139343 -0.07492371
v 0.19798243 -0.44898424 -0.07492371
v 0.20953295 -0.43972784 -0.09834876
v 0.20571962 -0.44222158 -0.09501454
v 0.20356426 -0.44175664 -0.10493171
v 0.20500118 -0.44403905 -0.08492638
v 0.23434722 -0.43237346 -0.04500120
v 0.22417834 -0.43786812 -0.04551416
v 0.20649335 -0.44809663 -0.03508402
v 0.22080714 -0.44044638 -0.03508402
v 0.22583632 -0.43774131 -0.03508402
v 0.20174049 -0.44082677 -0.11493438
v 0.20046939 -0.44019276 -0.12091888
v 0.20428272 -0.43744546 -0.12450959
v 0.16504410 -0.45562011 0.08494799
v 0.17510246 -0.45147794 0.08426404
v 0.17178652 -0.45071715 0.09272784
v 0.18505026 -0.44162983 0.10452586
v 0.17504719 -0.44585651 0.10495332
v 0.16963115 -0.44982958 0.09939629
v 0.16581783 -0.45249236 0.09563459
v 0.16460198 -0.45815608 0.07503082
v 0.15692006 -0.45887461 0.08494799
v 0.15194616 -0.46064982 0.08494799
v 0.12967409 -0.46986395 0.07939096
v 0.14503795 -0.46542594 0.07494532
v 0.14426422 -0.46796194 0.06434420
v 0.15504102 -0.46394661 0.06494266
v 0.15504102 -0.46584862 0.05493999
v 0.14874074 -0.46952581 0.04698915
v 0.15415677 -0.46800423 0.04416788
v 0.15023291 -0.47003299 0.04032070
v 0.15620160 -0.46859592 0.03493465
v 0.14503795 -0.47383702 0.02493198
v 0.15769377 -0.46910316 0.02493198
v 0.16504410 -0.46627128 0.02493198
v 0.16504410 -0.46703207 0.01492932
v 0.14503795 -0.47527409 0.00492664
v 0.14503795 -0.47561219 -0.00507602
v 0.17504719 -0.46339715 0.00492664
v 0.18156853 -0.46069208 0.00492664
v 0.18654244 -0.45832515 0.00492664
v 0.19505335 -0.45435208 -0.00507602
v 0.20682493 -0.44835025 -0.00507602
v 0.20688020 -0.44835025 -0.01507869
v 0.20676968 -0.44830796 -0.02508136
v 0.20146416 -0.45075941 -0.03508402
v 0.19897722 -0.43947423 -0.12758733
v 0.19731924 -0.43858665 -0.13493972
v 0.19229007 -0.44112265 -0.13493972
v 0.18505026 -0.44475758 -0.13493972
v 0.17079173 -0.45037901 -0.14143717
v 0.16537569 -0.44885743 -0.15597096
v 0.17449453 -0.44763172 -0.14485690
v 0.16891271 -0.44949144 -0.14810562
v 0.14498267 -0.45177382 -0.17469391
v 0.15830170 -0.44923782 -0.16494772
v 0.12972936 -0.45988902 -0.16964984
v 0.08485365 -0.44213703 -0.24522555
v 0.08800380 -0.43938971 -0.24881624
v 0.07501636 -0.42873853 -0.27745634
v 0.08463259 -0.42734373 -0.27437860
v 0.07501636 -0.42480773 -0.28497973
v 0.11132590 -0.41039479 -0.29070777
v 0.11795778 -0.40933815 -0.28874141
v 0.12315275 -0.41107106 -0.28207296
v 0.12591603 -0.41331118 -0.27583200
v 0.08723007 -0.45946634 -0.20863459
v 0.12508705 -0.40291363 -0.29532439
v 0.09231452 -0.46073437 -0.20196614
v 0.11978154 -0.45988902 -0.17973799
v 0.11591294 -0.45900142 -0.18563700
v 0.11314967 -0.46098796 -0.18273024
v 0.10270446 -0.46086115 -0.19239093
v 0.09540939 -0.46212915 -0.19538319
v 0.12840298 -0.39927870 -0.29891509
v 0.12177110 -0.40071577 -0.30105239
v 0.12503177 -0.39175522 -0.31259394
v 0.12503177 -0.38828936 -0.31755254
v 0.13326636 -0.38156897 -0.32191268
v 0.13558751 -0.38528842 -0.31532973
v 0.13989824 -0.37992057 -0.31986085
v 0.13503486 -0.37214351 -0.33259928
v 0.14531428 -0.36516953 -0.33516407
v 0.13503486 -0.35861820 -0.34841546
v 0.13685863 -0.34864327 -0.35850361
v 0.14503795 -0.34175381 -0.36175236
v 0.13503486 -0.36804366 -0.33755785
v 0.12862405 -0.36939618 -0.33926773
v 0.13503486 -0.36301392 -0.34337139
v 0.14503795 -0.33689314 -0.36679643
v 0.14503795 -0.33190569 -0.37184051
v 0.14503795 -0.32662237 -0.37688458
v 0.15050924 -0.32024011 -0.38021880
v 0.15410151 -0.32442451 -0.37449080
v 0.16327560 -0.32193077 -0.37184051
v 0.30995062 -0.07090932 -0.41415948
v 0.18455288 -0.29471105 -0.38474995
v 0.16880217 -0.29919133 -0.38928106
v 0.16211502 -0.30126238 -0.39099091
v 0.18096061 -0.29052666 -0.39039245
v 0.15719639 -0.31833810 -0.37850896
v 0.17504719 -0.29230186 -0.39193133
v 0.16487831 -0.29488012 -0.39492360
v 0.16460198 -0.28511655 -0.40304542
v 0.18505026 -0.27323961 -0.40261796
v 0.17841840 -0.26901296 -0.40920091
v 0.19052157 -0.26030603 -0.41014132
v 0.19433489 -0.25498044 -0.41227865
v 0.18162380 -0.25100738 -0.42065695
v 0.19505335 -0.24192005 -0.42125541
v 0.19439016 -0.23422754 -0.42638496
v 0.19731924 -0.22826794 -0.42894974
v 0.19505335 -0.24694979 -0.41775018
v 0.19510862 -0.21474263 -0.43749905
v 0.19179268 -0.21119222 -0.44057679
v 0.19063210 -0.19052385 -0.45015198
v 0.20174049 -0.20206264 -0.44083327
v 0.20505643 -0.19483504 -0.44211566
v 0.20500118 -0.18502918 -0.44570637
v 0.21467265 -0.18422613 -0.44143173
v 0.21776754 -0.18705799 -0.43886694
v 0.22025448 -0.18037987 -0.44006383
v 0.22185719 -0.17501199 -0.44083327
v 0.22887594 -0.16757306 -0.43937990
v 0.23418143 -0.16457215 -0.43698609
v 0.29198930 -0.07090932 -0.42587203
v 0.29547101 -0.07492465 -0.42270878
v 0.30066600 -0.07150105 -0.42040047
v 0.30541885 -0.07090932 -0.41732273
v 0.30287662 -0.07090932 0.32150680
v 0.30260029 -0.07500918 0.32133582
v 0.29497364 -0.08502637 0.32390061
v 0.28408632 -0.09445181 0.32800427
v 0.28010717 -0.09073237 0.33005610
v 0.27563065 -0.09445181 0.33150947
v 0.26496440 -0.09500130 0.33561313
v 0.25407708 -0.10463808 0.33860537
v 0.24860576 -0.11503567 0.33954582
v 0.24175282 -0.12501059 0.34048623
v 0.24048170 -0.13122378 0.34014425
v 0.23898953 -0.13790190 0.33963129
v 0.14503795 -0.25502270 0.34612876
v 0.23219186 -0.14500269 0.34057173
v 0.23495515 -0.11503567 0.34339300
v 0.13221630 -0.20502129 0.36057705
v 0.12503177 -0.20502129 0.36237240
v 0.12541863 -0.21499622 0.36117551
v 0.12906617 -0.21829301 0.35963663
v 0.13503486 -0.23503059 0.35484904
v 0.12237903 -0.22290008 0.36066255
v 0.15172508 -0.23211420 0.35048890
v 0.14542481 -0.23528419 0.35168579
v 0.14901707 -0.23879233 0.34963396
v 0.14238518 -0.24263859 0.35074538
v 0.14542481 -0.24559726 0.34886453
v 0.15542789 -0.25540310 0.34228158
v 0.14525901 -0.26529351 0.34219608
v 0.16504410 -0.26503989 0.33518568
v 0.16438092 -0.27467668 0.33142400
v 0.16725473 -0.27780443 0.32885921
v 0.14210886 -0.27167577 0.34074271
v 0.15504102 -0.28258055 0.33125299
v 0.14945918 -0.28963909 0.32979962
v 0.17488140 -0.33490664 0.28491586
v 0.16504410 -0.33220157 0.29192626
v 0.15808064 -0.33900648 0.28910500
v 0.16504410 -0.34276822 0.28252205
v 0.17537878 -0.34517741 0.27516967
v 0.17112333 -0.33059543 0.29047289
v 0.15719639 -0.32848209 0.29868022
v 0.15432256 -0.32510078 0.30278388
v 0.14431949 -0.30510867 0.32210526
v 0.14050615 -0.31018066 0.32013893
v 0.13503486 -0.31656292 0.31748864
v 0.13503486 -0.32307196 0.31244457
v 0.12901092 -0.32953876 0.30962330
v 0.14503795 -0.33160982 0.30133048
v 0.14912760 -0.31952158 0.30953780
v 0.16902323 -0.40950722 0.19916648
v 0.16543096 -0.41318440 0.19549030
v 0.14089301 -0.44031957 0.16069469
v 0.14454055 -0.43710732 0.16445638
v 0.15885435 -0.41952440 0.18907833
v 0.14155620 -0.43059826 0.18112749
v 0.15515156 -0.43233117 0.16514032
v 0.16200450 -0.43080959 0.16189159
v 0.16863638 -0.42937252 0.15838638
v 0.17565511 -0.42311704 0.16556779
v 0.17493665 -0.42789319 0.15505216
v 0.17847365 -0.39919415 0.20865619
v 0.18239751 -0.40118068 0.20198774
v 0.17510246 -0.40295589 0.20515099
v 0.16018073 -0.44006598 0.14017640
v 0.15504102 -0.44425038 0.13496134
v 0.14857495 -0.44944918 0.12837838
v 0.17902631 -0.43955877 0.11871769
v 0.15139349 -0.45054811 0.12170993
v 0.16073339 -0.45029449 0.11076684
v 0.18167907 -0.44069996 0.11204924
v 0.15509629 -0.34500834 0.28500134
v 0.15211195 -0.35096794 0.28089768
v 0.14503795 -0.34724846 0.28748065
v 0.13779815 -0.34898141 0.28901953
v 0.13111100 -0.35046074 0.29038739
v 0.12503177 -0.35168648 0.29158431
v 0.13166365 -0.36060473 0.28055573
v 0.12503177 -0.36694473 0.27687952
v 0.13481380 -0.36487365 0.27491319
v 0.13796395 -0.36910033 0.26901418
v 0.14503795 -0.37713099 0.25678870
v 0.14503795 -0.38161123 0.25183010
v 0.14990132 -0.38993776 0.23986110
v 0.15504102 -0.38875431 0.23849320
v 0.17421821 -0.37459499 0.24456322
v 0.15504102 -0.39272738 0.23344913
v 0.15504102 -0.39771482 0.22678068
v 0.14807755 -0.39919415 0.22883251
v 0.15504102 -0.40122294 0.22182211
v 0.15470943 -0.40646401 0.21429873
v 0.15780431 -0.40912682 0.20848522
v 0.16427039 -0.40211055 0.21472618
v 0.16543096 -0.40773201 0.20506549
v 0.20588543 -0.44775850 -0.04500120
v 0.20085624 -0.45042127 -0.04500120
v 0.18433182 -0.45824063 -0.04551416
v 0.18505026 -0.45709944 -0.05500387
v 0.19505335 -0.45401394 -0.03508402
v 0.18598978 -0.45824063 -0.03508402
v 0.18057376 -0.46022713 -0.04243641
v 0.17841840 -0.45925504 -0.06500653
v 0.16504410 -0.46445382 -0.07492371
v 0.17736834 -0.45874780 -0.07492371
v 0.17117859 -0.46052301 -0.08492638
v 0.17615250 -0.45815608 -0.08492638
v 0.18505026 -0.45388716 -0.08492638
v 0.19162688 -0.45071715 -0.08492638
v 0.19660079 -0.44830796 -0.08492638
v 0.19439016 -0.44788530 -0.09501454
v 0.18952678 -0.44974503 -0.09843425
v 0.19505335 -0.44594103 -0.10493171
v 0.18648718 -0.44826570 -0.11493438
v 0.18035269 -0.45012543 -0.12066241
v 0.17891578 -0.44944918 -0.12733085
v 0.16277821 -0.45113981 0.10495332
v 0.15504102 -0.45430982 0.10495332
v 0.15410151 -0.45756435 0.09401023
v 0.15012237 -0.46001583 0.09007756
v 0.14769068 -0.45917049 0.09674601
v 0.14465109 -0.45815608 0.10469684
v 0.12757400 -0.46914542 0.08494799
v 0.12254483 -0.47083607 0.08494799
v 0.12580550 -0.47201955 0.07562926
v 0.13171892 -0.47058249 0.07272251
v 0.13503486 -0.47121647 0.06434420
v 0.14039563 -0.47011754 0.06058252
v 0.13503486 -0.47311848 0.05493999
v 0.13503486 -0.47485140 0.04493732
v 0.13503486 -0.47633073 0.03493465
v 0.14503795 -0.47269580 0.03493465
v 0.13503486 -0.47751421 0.02493198
v 0.14503795 -0.47464007 0.01492932
v 0.15365939 -0.47138554 0.01492932
v 0.15868856 -0.46948355 0.01492932
v 0.13586384 -0.47861314 0.00492664
v 0.13636124 -0.47878218 -0.00507602
v 0.14503795 -0.47582352 -0.01507869
v 0.15470943 -0.47193500 -0.01507869
v 0.18659770 -0.45840967 -0.00507602
v 0.17504719 -0.46339715 -0.01507869
v 0.18156853 -0.46064982 -0.01507869
v 0.18654244 -0.45845196 -0.01507869
v 0.19505335 -0.45439434 -0.01507869
v 0.20185103 -0.45092851 -0.01507869
v 0.20179576 -0.45088625 -0.02508136
v 0.19505335 -0.45430982 -0.02508136
v 0.17228390 -0.45105529 -0.13493972
v 0.16504410 -0.45642316 -0.12493705
v 0.15984914 -0.45988902 -0.11955100
v 0.16504410 -0.45430982 -0.13493972
v 0.16537569 -0.45185834 -0.14485690
v 0.13879293 -0.45946634 -0.15810829
v 0.16001493 -0.44995636 -0.15998913
v 0.16228083 -0.45092851 -0.15332069
v 0.13210578 -0.46086115 -0.16298139
v 0.12503177 -0.46567953 -0.15494505
v 0.12586077 -0.46229821 -0.16571715
v 0.10911527 -0.46969485 -0.15887773
v 0.10546774 -0.46884954 -0.16546068
v 0.11591294 -0.46238273 -0.17580532
v 0.06230527 -0.44065771 -0.26129821
v 0.06540015 -0.43799490 -0.26480341
v 0.08137192 -0.44040412 -0.25069708
v 0.06855029 -0.42966837 -0.27933720
v 0.08054294 -0.42015839 -0.29028028
v 0.07501636 -0.42104599 -0.29164818
v 0.09867007 -0.40954947 -0.29917157
v 0.10502561 -0.40853506 -0.29746169
v 0.11480764 -0.40714028 -0.29438394
v 0.08501945 -0.46513009 -0.19495572
v 0.07501636 -0.46698982 -0.19495572
v 0.07501636 -0.46310127 -0.20495839
v 0.08054294 -0.46005809 -0.21017346
v 0.05501020 -0.45439434 -0.23496640
v 0.05501020 -0.45118210 -0.24240428
v 0.06158681 -0.45037901 -0.24086541
v 0.09502254 -0.46597540 -0.18495306
v 0.08899858 -0.46973714 -0.17922503
v 0.08540630 -0.46868047 -0.18486756
v 0.11502869 -0.40189922 -0.30284774
v 0.11856570 -0.38947284 -0.31926239
v 0.12431332 -0.38275242 -0.32516140
v 0.12713188 -0.37882164 -0.32858109
v 0.10806523 -0.36918485 -0.34909940
v 0.12950829 -0.35975939 -0.34969786
v 0.12569496 -0.35675848 -0.35474193
v 0.13415061 -0.35291219 -0.35508391
v 0.11502869 -0.36774778 -0.34747502
v 0.13017148 -0.35003808 -0.36004248
v 0.12503177 -0.34631860 -0.36619797
v 0.13044780 -0.34014767 -0.37013066
v 0.13707969 -0.33866835 -0.36867726
v 0.12453439 -0.37480631 -0.33473659
v 0.11502869 -0.37713099 -0.33653194
v 0.10684938 -0.37873709 -0.33849829
v 0.11502869 -0.37214351 -0.34243095
v 0.13370848 -0.33439943 -0.37440529
v 0.12503177 -0.33131397 -0.38124472
v 0.13033728 -0.33013049 -0.38004783
v 0.13702443 -0.32856664 -0.37859446
v 0.13420588 -0.32514304 -0.38295460
v 0.14503795 -0.32163489 -0.38141572
v 0.14951447 -0.30971572 -0.38970852
v 0.15504102 -0.30823639 -0.38842613
v 0.15504102 -0.30320665 -0.39270076
v 0.16095445 -0.29052666 -0.40039513
v 0.15951754 -0.27974868 -0.40979934
v 0.17173125 -0.27104175 -0.41073978
v 0.16277821 -0.26161629 -0.42108440
v 0.17504719 -0.25299391 -0.42193934
v 0.18499501 -0.24538592 -0.42296526
v 0.16941009 -0.25967205 -0.41971654
v 0.17510246 -0.24470966 -0.42723989
v 0.18505026 -0.23710166 -0.42818031
v 0.17184179 -0.24115926 -0.43065962
v 0.18505026 -0.23211420 -0.43117258
v 0.18405549 -0.22404128 -0.43630216
v 0.19439016 -0.22497115 -0.43194202
v 0.18670824 -0.21787035 -0.43886694
v 0.18002109 -0.22002596 -0.43997833
v 0.18405549 -0.21474263 -0.44126073
v 0.17543405 -0.20493677 -0.44827116
v 0.18505026 -0.20502129 -0.44536439
v 0.18505026 -0.19737104 -0.44878411
v 0.19278747 -0.18502918 -0.45100692
v 0.19776137 -0.18502918 -0.44904059
v 0.16062285 -0.21038917 -0.45015198
v 0.17239444 -0.20155543 -0.45057946
v 0.06777658 -0.21867341 -0.46947339
v 0.07247415 -0.21199529 -0.47067028
v 0.16106498 -0.18088706 -0.46024016
v 0.18505026 -0.18502918 -0.45314425
v 0.18505026 -0.17501199 -0.45605099
v 0.19975093 -0.17953452 -0.44981003
v 0.22528365 -0.16457215 -0.44185919
v 0.20494591 -0.17573053 -0.44844213
v 0.23031284 -0.16093722 -0.44014934
v 0.28740224 -0.07090932 -0.42860779
v 0.30077654 -0.07090932 -0.42048597
v 0.29497364 -0.07090932 0.32518300
v 0.29497364 -0.07500918 0.32492653
v 0.28568900 -0.08502637 0.32817525
v 0.28154409 -0.07500918 0.33065456
v 0.27496749 -0.08502637 0.33253539
v 0.27795184 -0.07090932 0.33219343
v 0.26496440 -0.08502637 0.33612609
v 0.25562450 -0.09500130 0.33860537
v 0.25065058 -0.09500130 0.34014425
v 0.24573195 -0.10463808 0.34117016
v 0.24960054 -0.10772353 0.33980229
v 0.24357659 -0.11503567 0.34099919
v 0.13929032 -0.24931672 0.34971946
v 0.13558751 -0.25536084 0.34886453
v 0.13503486 -0.26503989 0.34561580
v 0.23495515 -0.10501848 0.34416243
v 0.11502869 -0.19500411 0.36527917
v 0.11502869 -0.20502129 0.36459523
v 0.11502869 -0.21503848 0.36348382
v 0.12503177 -0.24500552 0.35484904
v 0.13558751 -0.24559726 0.35194227
v 0.12503177 -0.23503059 0.35741383
v 0.11563662 -0.22573194 0.36143199
v 0.11939468 -0.22957820 0.35980761
v 0.13691390 -0.27835387 0.33920383
v 0.14570114 -0.28579280 0.33287737
v 0.13503486 -0.29859960 0.32911569
v 0.14277205 -0.29149881 0.33082554
v 0.12995042 -0.29995212 0.32997060
v 0.15426731 -0.33461076 0.29466206
v 0.13713495 -0.33854157 0.29876569
v 0.14503795 -0.34221876 0.29201177
v 0.15050924 -0.33021504 0.30013359
v 0.13503486 -0.31157544 0.32099384
v 0.12685555 -0.31854945 0.31894201
v 0.12458965 -0.32480490 0.31483838
v 0.11502869 -0.33237064 0.31201711
v 0.12232376 -0.33093357 0.31073472
v 0.12541863 -0.33456850 0.30663106
v 0.13044780 -0.34018993 0.30013359
v 0.16233608 -0.41098654 0.20181677
v 0.13503486 -0.43596610 0.17497200
v 0.13503486 -0.43909383 0.16796158
v 0.13503486 -0.44129169 0.16300300
v 0.13503486 -0.44454622 0.15496667
v 0.13846132 -0.44949144 0.13855202
v 0.14503795 -0.44467303 0.14496399
v 0.14454055 -0.44133395 0.15436822
v 0.14752489 -0.43892479 0.15727498
v 0.15216722 -0.42083466 0.19147214
v 0.13707969 -0.42882305 0.18779594
v 0.13426113 -0.43157038 0.18471819
v 0.15056451 -0.44023502 0.15060653
v 0.16520990 -0.43216211 0.15505216
v 0.15437783 -0.44108039 0.14410907
v 0.14514847 -0.44826570 0.13513231
v 0.14188780 -0.45067489 0.13188359
v 0.14503795 -0.45507061 0.11495599
v 0.15481997 -0.45152020 0.11444303
v 0.10939160 -0.35975939 0.28970346
v 0.11502869 -0.35866046 0.28867754
v 0.11502869 -0.36390153 0.28371894
v 0.12503177 -0.36191499 0.28183812
v 0.12503177 -0.34627634 0.29654288
v 0.11502869 -0.34822062 0.29842374
v 0.10872842 -0.34948862 0.29953513
v 0.10983372 -0.36990339 0.27987176
v 0.11502869 -0.37374964 0.27388728
v 0.11502869 -0.37873709 0.26867220
v 0.12503177 -0.37176311 0.27183545
v 0.13127679 -0.37049511 0.27055305
v 0.13426113 -0.37467951 0.26465404
v 0.13724548 -0.37882164 0.25866953
v 0.12586077 -0.38702136 0.25482234
v 0.12972936 -0.38985324 0.24977827
v 0.14597747 -0.38723269 0.24490517
v 0.14326945 -0.39129031 0.24148548
v 0.12823719 -0.39927870 0.23909166
v 0.13503486 -0.39792615 0.23738182
v 0.14564586 -0.39526337 0.23532999
v 0.14139041 -0.40050441 0.23071337
v 0.11944995 -0.40980306 0.22968745
v 0.12503177 -0.40874642 0.22806308
v 0.15111716 -0.41039479 0.21062255
v 0.13503486 -0.42134187 0.20232973
v 0.13039255 -0.43013331 0.19018975
v 0.18637665 -0.45840967 -0.02508136
v 0.18101588 -0.46039623 -0.03508402
v 0.17504719 -0.46297449 -0.03508402
v 0.15879908 -0.46944129 -0.04500120
v 0.15305147 -0.47130102 -0.05500387
v 0.15725166 -0.46880728 -0.06500653
v 0.16504410 -0.46534142 -0.06500653
v 0.15614633 -0.46838462 -0.07492371
v 0.16504410 -0.46335489 -0.08492638
v 0.17034961 -0.46014261 -0.09099637
v 0.19063210 -0.45025223 -0.09176581
v 0.16929956 -0.45963544 -0.09766482
v 0.17504719 -0.45562011 -0.10493171
v 0.17504719 -0.45380265 -0.11493438
v 0.17537878 -0.45177382 -0.12433860
v 0.13835080 -0.45942408 0.10786009
v 0.12044473 -0.47011754 0.09050503
v 0.11502869 -0.47307622 0.08494799
v 0.11502869 -0.47540087 0.07494532
v 0.12503177 -0.47455555 0.06494266
v 0.12503177 -0.47649980 0.05493999
v 0.12657923 -0.47907805 0.03493465
v 0.12867931 -0.47962755 0.02493198
v 0.12967409 -0.47988111 0.01826354
v 0.13420588 -0.47852862 0.01492932
v 0.13033728 -0.48009247 0.01159509
v 0.13088994 -0.48026153 0.00492664
v 0.10187548 -0.49057460 -0.02508136
v 0.10690465 -0.48892617 -0.02508136
v 0.10718098 -0.48905298 -0.03508402
v 0.12503177 -0.48292434 -0.02508136
v 0.13663757 -0.47886673 -0.01507869
v 0.13685863 -0.47886673 -0.02508136
v 0.14503795 -0.47586578 -0.02508136
v 0.15465416 -0.47193500 -0.02508136
v 0.15962808 -0.46982169 -0.02508136
v 0.18134747 -0.46056527 -0.02508136
v 0.16476777 -0.45840967 -0.11570382
v 0.14503795 -0.46682075 -0.11493438
v 0.13160840 -0.47062474 -0.12314170
v 0.12995042 -0.46994847 -0.12981015
v 0.15841223 -0.45929730 -0.12493705
v 0.16128604 -0.46052301 -0.11288255
v 0.15504102 -0.46466514 -0.10493171
v 0.15481997 -0.45845196 -0.13545267
v 0.14956972 -0.45980448 -0.13912886
v 0.14293784 -0.46119928 -0.14494239
v 0.14105882 -0.46039623 -0.15143985
v 0.13525593 -0.46183330 -0.15485956
v 0.11524976 -0.46876502 -0.15528703
v 0.12475545 -0.46834236 -0.14502788
v 0.11873150 -0.46956807 -0.14836210
v 0.09551992 -0.47197726 -0.16546068
v 0.11209962 -0.47058249 -0.15220928
v 0.09502254 -0.47506273 -0.15494505
v 0.09248032 -0.47075152 -0.17255658
v 0.09551992 -0.46889180 -0.17546335
v 0.05501020 -0.44881517 -0.24744835
v 0.05501020 -0.44518024 -0.25497174
v 0.05501020 -0.44137624 -0.26258060
v 0.05501020 -0.43871343 -0.26753920
v 0.06191841 -0.43034464 -0.28061959
v 0.06517908 -0.43241572 -0.27557552
v 0.06517908 -0.42755505 -0.28438127
v 0.06501329 -0.42218721 -0.29335803
v 0.07501636 -0.41800278 -0.29660678
v 0.08501945 -0.41162053 -0.30267677
v 0.09203819 -0.41056389 -0.30088142
v 0.09524360 -0.40718254 -0.30455762
v 0.07501636 -0.46944129 -0.18837276
v 0.08236670 -0.47049794 -0.18153334
v 0.06562121 -0.46863821 -0.19461375
v 0.05501020 -0.46648261 -0.20495839
v 0.06501329 -0.46483421 -0.20495839
v 0.04500712 -0.45591596 -0.23496640
v 0.04500712 -0.46403116 -0.21496105
v 0.04500712 -0.45194289 -0.24394315
v 0.08501945 -0.47518954 -0.16494772
v 0.10524668 -0.40325174 -0.30558354
v 0.09502254 -0.40181470 -0.31267941
v 0.11502869 -0.39851788 -0.30780631
v 0.09502254 -0.39839107 -0.31763801
v 0.11187855 -0.39061403 -0.32080126
v 0.09789634 -0.38926148 -0.32900858
v 0.10414136 -0.38245657 -0.33507857
v 0.10021751 -0.38004738 -0.34003717
v 0.12050000 -0.38017416 -0.33020547
v 0.10137808 -0.37053740 -0.35055277
v 0.10856262 -0.35946351 -0.35944405
v 0.11502869 -0.35819554 -0.35799065
v 0.10414136 -0.37463725 -0.34456828
v 0.11502869 -0.35316581 -0.36337671
v 0.11502869 -0.34843194 -0.36833531
v 0.11502869 -0.34344447 -0.37346488
v 0.11502869 -0.33849928 -0.37850896
v 0.12503177 -0.34128889 -0.37132755
v 0.12503177 -0.33630142 -0.37637162
v 0.12956357 -0.31977516 -0.38979402
v 0.11502869 -0.33346957 -0.38321108
v 0.12293168 -0.32133904 -0.39116189
v 0.13503486 -0.31339291 -0.39287177
v 0.14548007 -0.30523545 -0.39518008
v 0.15504102 -0.29716253 -0.39765936
v 0.13978770 -0.28985041 -0.40988484
v 0.13310057 -0.29158333 -0.41116723
v 0.12503177 -0.28663814 -0.41766471
v 0.13044780 -0.28025588 -0.42014399
v 0.14144567 -0.30071291 -0.40056613
v 0.12840298 -0.30912399 -0.39928374
v 0.12177110 -0.31085691 -0.40065160
v 0.15504102 -0.26372963 -0.42245230
v 0.15575948 -0.25493819 -0.42792383
v 0.16504410 -0.24817552 -0.42886427
v 0.16565204 -0.25582579 -0.42373469
v 0.16504410 -0.24318805 -0.43185651
v 0.16476777 -0.23443887 -0.43707159
v 0.16791792 -0.22869061 -0.43929440
v 0.16128604 -0.23071940 -0.44032031
v 0.16476777 -0.22522475 -0.44194469
v 0.19588234 -0.17573053 -0.45228931
v 0.16438092 -0.20493677 -0.45126340
v 0.09060128 -0.25033110 -0.45015198
v 0.07711646 -0.23832740 -0.45921424
v 0.07429792 -0.23503059 -0.46143705
v 0.07501636 -0.22501341 -0.46528423
v 0.06468169 -0.22437942 -0.46801999
v 0.06114469 -0.22065994 -0.47015733
v 0.06468169 -0.21520755 -0.47135422
v 0.06501329 -0.20502129 -0.47451746
v 0.04815726 -0.19842771 -0.47964704
v 0.17162073 -0.17125027 -0.46032566
v 0.17825259 -0.16820708 -0.45955622
v 0.18471867 -0.16491029 -0.45861578
v 0.20151943 -0.17289867 -0.45057946
v 0.21494898 -0.16503708 -0.44647580
v 0.20986454 -0.15966922 -0.44989550
v 0.22495207 -0.15501989 -0.44391102
v 0.20853817 -0.16503708 -0.44929707
v 0.28275993 -0.07090932 -0.43100157
v 0.28999972 -0.07090932 0.32732034
v 0.28657326 -0.07500918 0.32851723
v 0.28182042 -0.07090932 0.33074003
v 0.27496749 -0.07090932 0.33321935
v 0.26905406 -0.07090932 0.33518568
v 0.26496440 -0.07500918 0.33638257
v 0.25634295 -0.08502637 0.33886185
v 0.25136906 -0.08502637 0.34040073
v 0.24495822 -0.09500130 0.34185413
v 0.13265844 -0.25223312 0.35074538
v 0.12823719 -0.25886896 0.34954849
v 0.12497652 -0.26457497 0.34818059
v 0.11502869 -0.26791403 0.34920651
v 0.11502869 -0.27501482 0.34629974
v 0.12503177 -0.27501482 0.34382045
v 0.13415061 -0.27501482 0.34142664
v 0.23495515 -0.09500130 0.34433341
v 0.22495207 -0.10501848 0.34621426
v 0.24495822 -0.08502637 0.34211060
v 0.11502869 -0.18502918 0.36527917
v 0.10502561 -0.19500411 0.36698902
v 0.22495207 -0.09500130 0.34638524
v 0.10502561 -0.20502129 0.36621958
v 0.10502561 -0.21503848 0.36493719
v 0.10502561 -0.22501341 0.36339831
v 0.11502869 -0.25502270 0.35373762
v 0.12497652 -0.25536084 0.35151482
v 0.11502869 -0.24500552 0.35681537
v 0.11276281 -0.23198740 0.36049157
v 0.10497035 -0.23519966 0.36109000
v 0.12503177 -0.28160840 0.34074271
v 0.12503177 -0.28663814 0.33834890
v 0.13415061 -0.28410214 0.33715200
v 0.13503486 -0.29356986 0.33202243
v 0.12326328 -0.30160052 0.33099651
v 0.12414753 -0.31512585 0.32201976
v 0.12022367 -0.32007104 0.31996793
v 0.10060436 -0.34018993 0.31013626
v 0.10729150 -0.33892196 0.30902484
v 0.11502869 -0.33740035 0.30774245
v 0.11502869 -0.32603064 0.31697568
v 0.10502561 -0.32797489 0.31851456
v 0.10436243 -0.33532929 0.31295753
v 0.11502869 -0.34323314 0.30278388
v 0.12597129 -0.43879798 0.17531398
v 0.12995042 -0.43993917 0.16992792
v 0.11696299 -0.44906878 0.15761694
v 0.12597129 -0.44285557 0.16590975
v 0.12475545 -0.44788530 0.15453920
v 0.12121845 -0.45033675 0.15094849
v 0.12790559 -0.44932234 0.14812723
v 0.13509013 -0.44826570 0.14487851
v 0.13509013 -0.45173156 0.13513231
v 0.11497343 -0.45815608 0.13479035
v 0.11823411 -0.45942408 0.12829289
v 0.12503177 -0.43444452 0.18497467
v 0.12508705 -0.45836741 0.12495866
v 0.13503486 -0.45519742 0.12495866
v 0.13166365 -0.46052301 0.11170727
v 0.10275973 -0.36094287 0.29090035
v 0.10209654 -0.35075662 0.30064654
v 0.10314658 -0.37104458 0.28098318
v 0.10944687 -0.37979376 0.26978362
v 0.11502869 -0.38837391 0.25815657
v 0.12503177 -0.38139990 0.26149079
v 0.13061361 -0.38021645 0.26020840
v 0.12304222 -0.39120576 0.25140265
v 0.13503486 -0.39293867 0.24353731
v 0.12563971 -0.39526337 0.24524716
v 0.12155005 -0.40058896 0.24071604
v 0.13503486 -0.40177241 0.23233774
v 0.11569189 -0.40722480 0.23464602
v 0.11281807 -0.41077521 0.23105535
v 0.09502254 -0.41829866 0.22737914
v 0.09502254 -0.42155319 0.22242054
v 0.11569189 -0.41339573 0.22584027
v 0.12215797 -0.42070788 0.21105000
v 0.12884511 -0.41956666 0.20925465
v 0.12503177 -0.41200095 0.22310451
v 0.13503486 -0.41842547 0.20728832
v 0.12530810 -0.42294800 0.20557845
v 0.12503177 -0.42814678 0.19668719
v 0.12503177 -0.43093640 0.19172862
v 0.16504410 -0.46724340 -0.03508402
v 0.15376991 -0.47159687 -0.04500120
v 0.14503795 -0.47514725 -0.04500120
v 0.14503795 -0.47451326 -0.05500387
v 0.15227774 -0.47092062 -0.06500653
v 0.15117243 -0.47045568 -0.07492371
v 0.15421204 -0.46808875 -0.08449891
v 0.15504102 -0.46635580 -0.09492905
v 0.16559675 -0.46183330 -0.09458707
v 0.17421821 -0.45773342 -0.09458707
v 0.16288875 -0.46128380 -0.10493171
v 0.16791792 -0.45900142 -0.10493171
v 0.12503177 -0.46466514 0.10495332
v 0.11773671 -0.46922994 0.09717347
v 0.11110484 -0.47032887 0.10110615
v 0.10502561 -0.47772554 0.07494532
v 0.09988591 -0.47996566 0.06981575
v 0.11502869 -0.47742966 0.06494266
v 0.10502561 -0.47544312 0.08494799
v 0.11513923 -0.47912031 0.05545294
v 0.11851043 -0.47962755 0.04698915
v 0.12409227 -0.47844407 0.04416788
v 0.09082235 -0.49019420 0.02134128
v 0.11502869 -0.48334700 0.02493198
v 0.12370540 -0.48102233 0.02493198
v 0.11502869 -0.48440367 0.01492932
v 0.10005171 -0.48998284 -0.00003194
v 0.12503177 -0.48207900 0.00492664
v 0.09502254 -0.49226525 -0.02508136
v 0.10220706 -0.49065912 -0.03508402
v 0.09502254 -0.49154672 -0.00507602
v 0.11502869 -0.48643243 -0.03508402
v 0.10701518 -0.48909527 -0.04500120
v 0.13188472 -0.48059964 -0.02508136
v 0.12503177 -0.48296660 -0.03508402
v 0.13171892 -0.48059964 -0.03508402
v 0.13669282 -0.47873992 -0.03508402
v 0.14503795 -0.47556993 -0.03508402
v 0.15432256 -0.47180820 -0.03508402
v 0.13365322 -0.47142780 -0.11493438
v 0.14487214 -0.46863821 -0.10578664
v 0.13591911 -0.47227314 -0.10578664
v 0.12503177 -0.47489369 -0.11493438
v 0.12597129 -0.47227314 -0.12587747
v 0.12337381 -0.47121647 -0.13493972
v 0.12834772 -0.46935675 -0.13493972
v 0.13503486 -0.46445382 -0.14494239
v 0.14144567 -0.47054023 -0.10296538
v 0.12121845 -0.47041339 -0.14169365
v 0.11524976 -0.47147006 -0.14502788
v 0.08457732 -0.47827500 -0.15460308
v 0.08761694 -0.47928941 -0.14690873
v 0.04500712 -0.44949144 -0.24898723
v 0.04500712 -0.44192570 -0.26343554
v 0.04500712 -0.44640595 -0.25497174
v 0.05501020 -0.43448678 -0.27497709
v 0.02500096 -0.42945707 -0.28899789
v 0.05501020 -0.43076730 -0.28138903
v 0.05501020 -0.42785090 -0.28634763
v 0.05501020 -0.42282119 -0.29438394
v 0.05501020 -0.41960895 -0.29942805
v 0.06501329 -0.41893268 -0.29840213
v 0.07728226 -0.40950722 -0.30925971
v 0.08501945 -0.40845054 -0.30763537
v 0.06937927 -0.46986395 -0.18965515
v 0.07501636 -0.47704926 -0.16494772
v 0.06269214 -0.47037113 -0.19110854
v 0.04799147 -0.46969485 -0.19914487
v 0.04478607 -0.46825781 -0.20427445
v 0.03500403 -0.45638090 -0.23496640
v 0.03500403 -0.45215422 -0.24462709
v 0.03500403 -0.46474969 -0.21496105
v 0.03500403 -0.46136835 -0.22316837
v 0.04130432 -0.47015980 -0.20042726
v 0.03500403 -0.44982958 -0.24967118
v 0.07501636 -0.47933167 -0.15759534
v 0.08092980 -0.48026153 -0.15101238
v 0.08805906 -0.39949003 -0.31926239
v 0.09474620 -0.39298096 -0.32541788
v 0.09126447 -0.39040270 -0.33046195
v 0.09502254 -0.38080817 -0.34097758
v 0.09502254 -0.37649697 -0.34593615
v 0.09502254 -0.37146723 -0.35149321
v 0.07181096 -0.36047792 -0.37047261
v 0.07844284 -0.35950580 -0.36944669
v 0.09502254 -0.35696980 -0.36679643
v 0.09502254 -0.35198236 -0.37201148
v 0.10237286 -0.35079888 -0.37072909
v 0.10906000 -0.34965765 -0.36961770
v 0.10911527 -0.33968276 -0.37970585
v 0.12563971 -0.31529492 -0.39526555
v 0.11502869 -0.32797489 -0.38816965
v 0.11502869 -0.32298744 -0.39261529
v 0.11502869 -0.31723917 -0.39765936
v 0.11983681 -0.29990986 -0.40988484
v 0.12503177 -0.29361212 -0.41262060
v 0.11696299 -0.28858241 -0.41903257
v 0.12436859 -0.27416950 -0.42629948
v 0.11502869 -0.31225172 -0.40176302
v 0.11591294 -0.30477053 -0.40740556
v 0.12724240 -0.26850575 -0.42903525
v 0.15957281 -0.24978165 -0.42980468
v 0.15575948 -0.24589312 -0.43330988
v 0.15504102 -0.23735526 -0.43843946
v 0.12055526 -0.27028096 -0.43014666
v 0.09502254 -0.26309565 -0.44177368
v 0.09435935 -0.25421965 -0.44690326
v 0.19505335 -0.16503708 -0.45502508
v 0.08546157 -0.26580071 -0.44288510
v 0.08501945 -0.25667110 -0.44810015
v 0.07026352 -0.26013696 -0.44998100
v 0.08501945 -0.25168365 -0.45083594
v 0.07429792 -0.24416019 -0.45724791
v 0.07042933 -0.24022940 -0.46006918
v 0.06501329 -0.23503059 -0.46357438
v 0.05501020 -0.22712675 -0.46887493
v 0.05501020 -0.22213928 -0.47075579
v 0.04500712 -0.21503848 -0.47520140
v 0.05501020 -0.21503848 -0.47332057
v 0.05501020 -0.20502129 -0.47656929
v 0.04489659 -0.20455638 -0.47862113
v 0.04147013 -0.20092145 -0.48024550
v 0.04489659 -0.19508865 -0.48084393
v 0.04500712 -0.18502918 -0.48281029
v 0.05180480 -0.19174957 -0.48033097
v 0.05512074 -0.19508865 -0.47896311
v 0.17499192 -0.16491029 -0.46092409
v 0.05849195 -0.18853731 -0.47964704
v 0.06197368 -0.18185920 -0.48033097
v 0.18112642 -0.16152894 -0.46024016
v 0.18245278 -0.15501989 -0.46075311
v 0.18742669 -0.15501989 -0.45912874
v 0.20356426 -0.16503708 -0.45143437
v 0.20594068 -0.15578069 -0.45211834
v 0.21119092 -0.15299109 -0.45040846
v 0.21467265 -0.15578069 -0.44844213
v 0.26640129 -0.07090932 -0.43886694
v 0.27231473 -0.07090932 -0.43613115
v 0.27496749 -0.07090932 -0.43484876
v 0.26496440 -0.07090932 0.33646807
v 0.25164539 -0.07500918 0.34048623
v 0.25667456 -0.07500918 0.33894736
v 0.12155005 -0.26094005 0.35031793
v 0.11502869 -0.26292658 0.35100186
v 0.10922580 -0.26964697 0.34980497
v 0.10557827 -0.27467668 0.34843707
v 0.11436551 -0.28524333 0.34176862
v 0.23495515 -0.08502637 0.34433341
v 0.24495822 -0.07500918 0.34202510
v 0.10502561 -0.18502918 0.36690354
v 0.21494898 -0.09500130 0.34809509
v 0.08032188 -0.17970359 0.36998129
v 0.08032188 -0.18181694 0.36998129
v 0.07949288 -0.18849505 0.36989579
v 0.08501945 -0.19500411 0.36912635
v 0.08501945 -0.20502129 0.36861339
v 0.09502254 -0.20502129 0.36750197
v 0.22495207 -0.08502637 0.34621426
v 0.09502254 -0.21503848 0.36630508
v 0.09502254 -0.22501341 0.36485171
v 0.09502254 -0.23503059 0.36279988
v 0.10502561 -0.25502270 0.35570398
v 0.10497035 -0.24470966 0.35869622
v 0.10159914 -0.24115926 0.36023510
v 0.11436551 -0.29416159 0.33723751
v 0.12597129 -0.29593679 0.33330482
v 0.11729459 -0.28866693 0.33928934
v 0.11502869 -0.30840546 0.32894468
v 0.11502869 -0.30341798 0.33202243
v 0.09806214 -0.32928517 0.31945497
v 0.11502869 -0.31499904 0.32467005
v 0.11502869 -0.32104316 0.32065189
v 0.09502254 -0.34116209 0.31099120
v 0.09485674 -0.33427262 0.31646273
v 0.11834463 -0.43947423 0.17881918
v 0.11502869 -0.44201022 0.17531398
v 0.10502561 -0.44864610 0.16693567
v 0.11027585 -0.45004088 0.16018173
v 0.10502561 -0.45367581 0.15496667
v 0.11419971 -0.45109755 0.15453920
v 0.11502869 -0.45443663 0.14496399
v 0.12475545 -0.45147794 0.14487851
v 0.11154696 -0.46043849 0.13128513
v 0.10740203 -0.45925504 0.13795358
v 0.11497343 -0.46153742 0.12495866
v 0.11502869 -0.46483421 0.11495599
v 0.12177110 -0.46052301 0.12162444
v 0.11502869 -0.43761450 0.18454722
v 0.11165749 -0.44044638 0.18087101
v 0.12840298 -0.45946634 0.11837570
v 0.12508705 -0.46162194 0.11495599
v 0.11464184 -0.46813101 0.10469684
v 0.09502254 -0.35696980 0.29714134
v 0.09502254 -0.36225313 0.29218274
v 0.09502254 -0.36728287 0.28730965
v 0.09502254 -0.34614953 0.30671653
v 0.09502254 -0.35198236 0.30167246
v 0.09502254 -0.37235487 0.28235108
v 0.08501945 -0.37890619 0.27884585
v 0.10281499 -0.38080817 0.27089503
v 0.10839682 -0.38951510 0.25943896
v 0.11502869 -0.39268509 0.25311249
v 0.11502869 -0.39767256 0.24704251
v 0.11502869 -0.40164560 0.24208391
v 0.10403083 -0.40249094 0.24524716
v 0.10502561 -0.40815467 0.23755279
v 0.10502561 -0.41187412 0.23259422
v 0.08734061 -0.41935533 0.22900352
v 0.09109867 -0.43026012 0.21045154
v 0.10519141 -0.42294800 0.21558112
v 0.11502869 -0.42176452 0.21284536
v 0.11464184 -0.42700559 0.20429605
v 0.11768145 -0.42928797 0.19865352
v 0.10502561 -0.43884024 0.18771043
v 0.11464184 -0.43207759 0.19523382
v 0.10502561 -0.43499398 0.19497734
v 0.13619544 -0.47852862 -0.04500120
v 0.11502869 -0.48541805 -0.06500653
v 0.12453439 -0.48174086 -0.06500653
v 0.12359487 -0.48140272 -0.07492371
v 0.14503795 -0.47379473 -0.06500653
v 0.12215797 -0.48085326 -0.08492638
v 0.14929339 -0.46969485 -0.08749116
v 0.14802229 -0.46918768 -0.09492905
v 0.10502561 -0.46428475 0.12495866
v 0.10684938 -0.46931446 0.10777459
v 0.10414136 -0.47079378 0.10469684
v 0.07545850 -0.47903579 0.09512164
v 0.10502561 -0.47311848 0.09495066
v 0.09319877 -0.48068419 0.07306448
v 0.08584844 -0.48165631 0.07580025
v 0.10264919 -0.48059964 0.06314731
v 0.10563353 -0.47941619 0.06588307
v 0.08501945 -0.48415005 0.06494266
v 0.08501945 -0.48605204 0.05493999
v 0.10933634 -0.47983885 0.05904365
v 0.08971703 -0.47992340 0.07973292
v 0.11187855 -0.48043060 0.05237520
v 0.08518524 -0.49087045 0.02476100
v 0.08501945 -0.49209619 0.01492932
v 0.09225925 -0.49057460 0.01492932
v 0.09723316 -0.48926431 0.01492932
v 0.08866698 -0.48968697 0.02800973
v 0.07965869 -0.48994058 0.03972226
v 0.08197984 -0.49040550 0.03305381
v 0.10502561 -0.48715097 0.01492932
v 0.09883586 -0.48968697 0.00663651
v 0.09535412 -0.49087045 0.00398622
v 0.08501945 -0.49420953 -0.02508136
v 0.08501945 -0.49442083 -0.03508402
v 0.09502254 -0.49239206 -0.03508402
v 0.08501945 -0.49366003 -0.00507602
v 0.10198601 -0.49053234 -0.04500120
v 0.08501945 -0.49302605 0.00492664
v 0.11502869 -0.48639017 -0.04500120
v 0.10624146 -0.48896843 -0.05500387
v 0.11502869 -0.48600978 -0.05500387
v 0.12503177 -0.48271298 -0.04500120
v 0.13116626 -0.48043060 -0.04500120
v 0.12503177 -0.47679567 -0.10493171
v 0.11972628 -0.47988111 -0.09928918
v 0.11806831 -0.47941619 -0.10493171
v 0.11502869 -0.47620392 -0.12493705
v 0.11502869 -0.47396380 -0.13493972
v 0.10502561 -0.47455555 -0.14494239
v 0.09419355 -0.47797912 -0.14417295
v 0.10502561 -0.47692245 -0.13493972
v 0.09026968 -0.48005021 -0.14024028
v 0.08457732 -0.48081100 -0.14417295
v 0.03500403 -0.44712448 -0.25497174
v 0.03500403 -0.44230610 -0.26420498
v 0.02146396 -0.44010824 -0.27018946
v 0.02500096 -0.43220437 -0.28403932
v 0.03500403 -0.42890757 -0.28814298
v 0.01505314 -0.44031957 -0.27053142
v 0.01505314 -0.43241572 -0.28421029
v 0.01505314 -0.42954159 -0.28916889
v 0.02500096 -0.42561078 -0.29498240
v 0.03500403 -0.42079240 -0.30122340
v 0.03500403 -0.42472321 -0.29498240
v 0.04589137 -0.42294800 -0.29592282
v 0.04981524 -0.41994706 -0.29994100
v 0.05501020 -0.41584718 -0.30498508
v 0.06501329 -0.41445240 -0.30498508
v 0.07059512 -0.41005668 -0.31011462
v 0.04826780 -0.39974362 -0.32960701
v 0.05501020 -0.39915189 -0.32875210
v 0.07501636 -0.39724988 -0.32627279
v 0.08142719 -0.40033534 -0.32045928
v 0.04500712 -0.47476685 -0.18495306
v 0.04478607 -0.47142780 -0.19546868
v 0.01505314 -0.45274597 -0.24496907
v 0.02594048 -0.45194289 -0.24590948
v 0.02986434 -0.44995636 -0.24992765
v 0.03500403 -0.46838462 -0.20572783
v 0.02500096 -0.46491873 -0.21496105
v 0.00505006 -0.46162194 -0.22402331
v 0.00505006 -0.45722622 -0.23496640
v 0.01505314 -0.45697260 -0.23496640
v 0.03500403 -0.47028661 -0.20076925
v 0.03500403 -0.47561219 -0.18495306
v 0.03500403 -0.47235769 -0.19495572
v 0.01505314 -0.44792756 -0.25557017
v 0.02594048 -0.44809663 -0.25411680
v 0.01505314 -0.44323596 -0.26497442
v 0.06788710 -0.47975433 -0.15904871
v 0.07501636 -0.48068419 -0.15255125
v 0.08501945 -0.48275524 -0.13493972
v 0.07208729 -0.49049005 -0.11219861
v 0.07501636 -0.48499539 -0.13493972
v 0.07501636 -0.48262846 -0.14494239
v 0.08501945 -0.39120576 -0.33148786
v 0.08501945 -0.38211843 -0.34251645
v 0.08501945 -0.37776497 -0.34747502
v 0.07529269 -0.35506779 -0.37500376
v 0.07501636 -0.37903297 -0.34884292
v 0.06904767 -0.37975150 -0.34969786
v 0.06501329 -0.36626846 -0.36577052
v 0.06501329 -0.36128098 -0.37132755
v 0.07208729 -0.35058755 -0.38056079
v 0.07877444 -0.34961540 -0.37953487
v 0.08501945 -0.34860101 -0.37859446
v 0.08501945 -0.34361354 -0.38355303
v 0.07849811 -0.33951369 -0.38953754
v 0.08501945 -0.33841476 -0.38851163
v 0.08501945 -0.33342728 -0.39304274
v 0.10530195 -0.33507568 -0.38509190
v 0.10812049 -0.32932743 -0.38936654
v 0.10032804 -0.32007104 -0.40005317
v 0.10419663 -0.31529492 -0.40278894
v 0.11314967 -0.30126238 -0.41099626
v 0.09502254 -0.29847279 -0.41886160
v 0.11508396 -0.29500693 -0.41501442
v 0.11033112 -0.29010400 -0.42005849
v 0.11419971 -0.28520107 -0.42219582
v 0.09833847 -0.30929306 -0.40945739
v 0.10502561 -0.30295306 -0.41227865
v 0.10684938 -0.27852294 -0.42894974
v 0.10016224 -0.28008682 -0.42997566
v 0.09502254 -0.27501482 -0.43467778
v 0.08910911 -0.26960468 -0.43972185
v 0.09502254 -0.26812536 -0.43886694
v 0.19505335 -0.15501989 -0.45647848
v 0.08242196 -0.27099949 -0.44057679
v 0.06501329 -0.26609656 -0.44758719
v 0.06501329 -0.26110911 -0.45057946
v 0.06501329 -0.25502270 -0.45391369
v 0.07418738 -0.25514951 -0.45169085
v 0.06501329 -0.24640033 -0.45827383
v 0.04064114 -0.23021221 -0.47007182
v 0.04439920 -0.22530928 -0.47135422
v 0.03500403 -0.21503848 -0.47639832
v 0.03500403 -0.20713463 -0.47913408
v 0.03500403 -0.20214717 -0.48058745
v 0.02500096 -0.19500411 -0.48323774
v 0.03500403 -0.19500411 -0.48221183
v 0.04500712 -0.17501199 -0.48409268
v 0.05512074 -0.18511373 -0.48101494
v 0.03500403 -0.18502918 -0.48409268
v 0.03500403 -0.17501199 -0.48546055
v 0.17504719 -0.15501989 -0.46246296
v 0.05501020 -0.17501199 -0.48229733
v 0.17504719 -0.14500269 -0.46357438
v 0.16504410 -0.15501989 -0.46434382
v 0.18361336 -0.14500269 -0.46126607
v 0.25540343 -0.07090932 -0.44288510
v 0.21251729 -0.14500269 -0.45100692
v 0.25999048 -0.07090932 -0.44126073
v 0.25357968 -0.07090932 0.33988777
v 0.25153485 -0.07090932 0.34040073
v 0.24761099 -0.07090932 0.34134117
v 0.10557827 -0.26580071 0.35185680
v 0.09502254 -0.26503989 0.35399410
v 0.10259393 -0.27112630 0.35040340
v 0.09502254 -0.27767763 0.34895003
v 0.09502254 -0.28503200 0.34561580
v 0.10502561 -0.28503200 0.34382045
v 0.09502254 -0.27269015 0.35108736
v 0.11060745 -0.29023081 0.34005877
v 0.23495515 -0.07500918 0.34407693
v 0.24495822 -0.07090932 0.34193960
v 0.09502254 -0.17501199 0.36784396
v 0.22495207 -0.07500918 0.34578678
v 0.21494898 -0.08502637 0.34766763
v 0.07501636 -0.16503708 0.36835691
v 0.07501636 -0.17403987 0.36946833
v 0.07501636 -0.17906959 0.37006676
v 0.06501329 -0.18502918 0.37057972
v 0.05501020 -0.19500411 0.37109268
v 0.06501329 -0.19500411 0.37075073
v 0.22495207 -0.07090932 0.34553030
v 0.21494898 -0.07500918 0.34698370
v 0.21903864 -0.07090932 0.34621426
v 0.21494898 -0.07090932 0.34664172
v 0.20909083 -0.07090932 0.34706917
v 0.19914301 -0.07090932 0.34775314
v 0.07805598 -0.19500411 0.36981028
v 0.07479531 -0.20557076 0.36963931
v 0.06954508 -0.20924796 0.36989579
v 0.07501636 -0.21503848 0.36878437
v 0.08501945 -0.21503848 0.36758748
v 0.22904173 -0.07090932 0.34493187
v 0.08501945 -0.22501341 0.36621958
v 0.08501945 -0.23503059 0.36425325
v 0.07501636 -0.24500552 0.36322734
v 0.09502254 -0.24796419 0.35938016
v 0.09502254 -0.25502270 0.35732833
v 0.09502254 -0.24297673 0.36074805
v 0.10502561 -0.29631719 0.33809242
v 0.10237286 -0.31089920 0.33056906
v 0.09502254 -0.31229398 0.33142400
v 0.10502561 -0.32294518 0.32193428
v 0.09502254 -0.31728145 0.32817525
v 0.09137500 -0.33046862 0.32030991
v 0.10541248 -0.31453413 0.32740581
v 0.08501945 -0.34281048 0.31235906
v 0.07711646 -0.34906593 0.30919585
v 0.08501945 -0.33647048 0.31731766
v 0.10502561 -0.44505343 0.17497200
v 0.09811741 -0.44957596 0.16898750
v 0.10502561 -0.45084396 0.16189159
v 0.09502254 -0.45608503 0.15496667
v 0.09502254 -0.45904368 0.14718682
v 0.10077016 -0.46018487 0.14051837
v 0.10447296 -0.45781797 0.14428006
v 0.10447296 -0.46119928 0.13479035
v 0.10502561 -0.44141850 0.18275185
v 0.08501945 -0.36390153 0.29372162
v 0.08501945 -0.35857594 0.29868022
v 0.07938236 -0.36977658 0.28978896
v 0.07214256 -0.36064699 0.30056104
v 0.07877444 -0.35959032 0.29962063
v 0.08501945 -0.37391871 0.28388995
v 0.07927182 -0.37979376 0.27978629
v 0.08501945 -0.38854295 0.26833025
v 0.08501945 -0.39792615 0.25764361
v 0.09502254 -0.40071577 0.25088969
v 0.10005171 -0.39999723 0.24994928
v 0.10668358 -0.39898282 0.24866688
v 0.09446988 -0.40612587 0.24413574
v 0.09739896 -0.40925360 0.23900616
v 0.09446988 -0.41276175 0.23532999
v 0.08441153 -0.42231399 0.22541282
v 0.09071181 -0.41018349 0.24020308
v 0.08441153 -0.41635442 0.23404759
v 0.08065346 -0.42011613 0.23011491
v 0.09773055 -0.42933023 0.20882720
v 0.08501945 -0.43089414 0.21147746
v 0.08501945 -0.43465585 0.20498002
v 0.08501945 -0.43875569 0.19754213
v 0.09463567 -0.43224666 0.20532197
v 0.10502561 -0.43114769 0.20198774
v 0.11099430 -0.43026012 0.20044887
v 0.09889113 -0.43968558 0.18942031
v 0.09535412 -0.43786812 0.19463536
v 0.11502869 -0.48469952 -0.07492371
v 0.11502869 -0.48351604 -0.08492638
v 0.12088685 -0.48034608 -0.09262074
v 0.13503486 -0.47438645 -0.09492905
v 0.09502254 -0.46648261 0.12495866
v 0.10414136 -0.46796194 0.11401558
v 0.10021751 -0.47003299 0.11008289
v 0.08501945 -0.47447100 0.10495332
v 0.07236362 -0.48047286 0.09187292
v 0.07501636 -0.47641528 0.10495332
v 0.06705812 -0.47962755 0.09854136
v 0.07545850 -0.48144501 0.08546095
v 0.08308515 -0.48064193 0.08246870
v 0.07501636 -0.48402327 0.07494532
v 0.09502254 -0.48381191 0.05493999
v 0.07501636 -0.48605204 0.06494266
v 0.10563353 -0.48131818 0.05545294
v 0.07501636 -0.49374458 0.01492932
v 0.07501636 -0.48786950 0.05493999
v 0.06501329 -0.48740458 0.06494266
v 0.07579009 -0.48947567 0.04519380
v 0.06810816 -0.48981380 0.04869901
v 0.04500712 -0.49742177 0.01492932
v 0.05501020 -0.49623829 0.01492932
v 0.07501636 -0.49247658 0.02493198
v 0.06501329 -0.49818259 -0.03508402
v 0.07501636 -0.49632284 -0.03508402
v 0.06501329 -0.49822485 -0.04500120
v 0.07501636 -0.49628058 -0.04500120
v 0.08501945 -0.49425179 -0.04500120
v 0.09502254 -0.49218071 -0.04500120
v 0.05025735 -0.50004232 -0.01943883
v 0.05141793 -0.50021136 -0.02508136
v 0.05738662 -0.49953511 -0.03508402
v 0.10126755 -0.49032098 -0.05500387
v 0.07501636 -0.49458992 0.00492664
v 0.10425190 -0.48879939 -0.06466457
v 0.10502561 -0.48774272 -0.07492371
v 0.11585768 -0.48165631 -0.09552750
v 0.10502561 -0.48495311 -0.09492905
v 0.11303914 -0.48089552 -0.10493171
v 0.11104957 -0.48026153 -0.11125819
v 0.11464184 -0.47848633 -0.11476339
v 0.09949905 -0.47983885 -0.12912619
v 0.09728842 -0.47920486 -0.13493972
v 0.00505006 -0.44306690 -0.26497442
v 0.00505006 -0.44023502 -0.27036047
v -0.01495610 -0.42417371 -0.29498240
v -0.01495610 -0.42053878 -0.30079591
v -0.00495303 -0.42079240 -0.30122340
v 0.01505314 -0.42573759 -0.29498240
v 0.02500096 -0.42113054 -0.30173635
v 0.03500403 -0.41753787 -0.30626747
v 0.04318336 -0.42032745 -0.30053943
v 0.04589137 -0.41749561 -0.30430114
v 0.04500712 -0.41191640 -0.31267941
v 0.04158065 -0.40020853 -0.33020547
v 0.05263378 -0.39048722 -0.34055012
v 0.05556287 -0.39361495 -0.33584800
v 0.06501329 -0.39319229 -0.33405265
v 0.07501636 -0.39226243 -0.33277026
v 0.04500712 -0.48098004 -0.16340885
v 0.03837524 -0.47988111 -0.16956434
v 0.00505006 -0.45287275 -0.24496907
v 0.01505314 -0.45025223 -0.25052610
v 0.02500096 -0.46842688 -0.20589881
v 0.01505314 -0.46504554 -0.21496105
v 0.00505006 -0.46513009 -0.21496105
v -0.00495303 -0.46145290 -0.22359584
v -0.00495303 -0.45676130 -0.23496640
v -0.00495303 -0.45942408 -0.22863992
v 0.02500096 -0.47032887 -0.20085473
v 0.02500096 -0.47561219 -0.18495306
v 0.03168811 -0.48009247 -0.17033377
v 0.02500096 -0.47235769 -0.19495572
v 0.00505006 -0.45029449 -0.25061160
v 0.00505006 -0.44784302 -0.25557017
v 0.06473696 -0.48106459 -0.15545800
v 0.05501020 -0.48224807 -0.15494505
v 0.06501329 -0.48381191 -0.14494239
v 0.08501945 -0.48474181 -0.12493705
v 0.06423956 -0.49078590 -0.11527635
v 0.06705812 -0.48972926 -0.11886705
v 0.07877444 -0.48964471 -0.10800946
v 0.07523744 -0.49099725 -0.10476073
v 0.06501329 -0.49408272 -0.09492905
v 0.06501329 -0.49264565 -0.10493171
v 0.06501329 -0.48626339 -0.13493972
v 0.07501636 -0.38820481 -0.33781433
v 0.07501636 -0.38321736 -0.34388432
v 0.06236054 -0.38051230 -0.35055277
v 0.05501020 -0.38114631 -0.35132220
v 0.05501020 -0.37666604 -0.35628080
v 0.05501020 -0.36707151 -0.36679643
v 0.05501020 -0.36208406 -0.37218249
v 0.06501329 -0.35134834 -0.38133022
v 0.07181096 -0.34048581 -0.39039245
v 0.07529269 -0.34505060 -0.38509190
v 0.07501636 -0.32932743 -0.39936921
v 0.08501945 -0.32784811 -0.39808682
v 0.09502254 -0.32104316 -0.40090808
v 0.08501945 -0.31685877 -0.40749103
v 0.09165133 -0.31060332 -0.41048330
v 0.09502254 -0.30557358 -0.41339004
v 0.08921964 -0.29969853 -0.41971654
v 0.09502254 -0.28625774 -0.42741087
v 0.09502254 -0.28122801 -0.43074510
v 0.08546157 -0.27463442 -0.43758455
v 0.07501636 -0.27239430 -0.44143173
v 0.05501020 -0.26757589 -0.44852763
v 0.06009464 -0.28004456 -0.43997833
v 0.05501020 -0.26258844 -0.45151988
v 0.05501020 -0.25502270 -0.45562354
v 0.05501020 -0.24813326 -0.45912874
v 0.03500403 -0.25079605 -0.46041113
v 0.03500403 -0.24500552 -0.46331790
v 0.03500403 -0.23080394 -0.47032830
v 0.03500403 -0.22501341 -0.47263661
v 0.02500096 -0.21503848 -0.47725323
v 0.02500096 -0.20857170 -0.47947606
v 0.01450048 -0.20569757 -0.48127142
v 0.02500096 -0.20358422 -0.48110041
v 0.01505314 -0.19500411 -0.48409268
v 0.02500096 -0.18502918 -0.48520407
v -0.06497151 -0.13502778 -0.50144774
v 0.04500712 -0.16503708 -0.48443463
v 0.16504410 -0.14500269 -0.46528423
v 0.02500096 -0.17501199 -0.48665747
v -0.05905810 -0.14136776 -0.50016534
v -0.06939277 -0.13502778 -0.50204617
v 0.17504719 -0.13502778 -0.46383086
v 0.24495822 -0.07090932 -0.44613382
v 0.08501945 -0.26503989 0.35553297
v 0.08750640 -0.27911469 0.34954849
v 0.08452205 -0.28418669 0.34775314
v 0.07501636 -0.29496467 0.34424791
v 0.08507472 -0.29564095 0.34219608
v 0.07501636 -0.28625774 0.34835157
v 0.09502254 -0.29318947 0.34159765
v 0.10502561 -0.29132974 0.34065720
v 0.07501636 -0.27501482 0.35313919
v 0.08452205 -0.27547976 0.35151482
v 0.23904480 -0.07090932 0.34313652
v 0.23495515 -0.07090932 0.34390596
v 0.07501636 -0.15501989 0.36664706
v 0.06501329 -0.16503708 0.36861339
v 0.06501329 -0.17847785 0.37015226
v 0.05501020 -0.18502918 0.37066522
v 0.04500712 -0.19500411 0.37092170
v 0.04500712 -0.20502129 0.37083620
v 0.05501020 -0.20502129 0.37075073
v 0.06573173 -0.20557076 0.37032324
v 0.07125831 -0.20261210 0.37006676
v 0.19505335 -0.07090932 0.34783861
v 0.06573173 -0.21508075 0.36963931
v 0.06285793 -0.21178396 0.37015226
v 0.06501329 -0.22501341 0.36827141
v 0.07501636 -0.22501341 0.36733100
v 0.07501636 -0.23503059 0.36562115
v 0.06501329 -0.24500552 0.36433876
v 0.06468169 -0.25561446 0.36126101
v 0.07501636 -0.25290939 0.36083353
v 0.08540630 -0.25472686 0.35886720
v 0.09502254 -0.29821920 0.33903286
v 0.08507472 -0.30434784 0.33775046
v 0.09502254 -0.30498186 0.33544216
v 0.08501945 -0.31406918 0.33236441
v 0.07595588 -0.31597117 0.33304834
v 0.07324786 -0.32104316 0.33065456
v 0.08501945 -0.31905663 0.32937217
v 0.08501945 -0.32497397 0.32543948
v 0.07595588 -0.32463583 0.32766229
v 0.07501636 -0.33304688 0.32210526
v 0.07501636 -0.33807662 0.31860006
v 0.07048459 -0.35012260 0.31005076
v 0.09491200 -0.44792756 0.17437355
v 0.09148553 -0.45029449 0.17069736
v 0.09491200 -0.45181608 0.16539679
v 0.08501945 -0.45388716 0.16496934
v 0.08501945 -0.45819837 0.15445371
v 0.08833539 -0.45967770 0.14906766
v 0.09502254 -0.46322808 0.13496134
v 0.09535412 -0.44251743 0.18565860
v 0.07269521 -0.37074870 0.29072937
v 0.06501329 -0.35574406 0.30628908
v 0.06501329 -0.36145008 0.30124500
v 0.06501329 -0.36643752 0.29662839
v 0.06501329 -0.35075662 0.31064922
v 0.07258467 -0.38063911 0.28064120
v 0.07800071 -0.38955736 0.26944163
v 0.07501636 -0.39915189 0.25901151
v 0.08501945 -0.40211055 0.25259954
v 0.08501945 -0.40714028 0.24618757
v 0.07501636 -0.40823922 0.24764097
v 0.07501636 -0.42438507 0.22498533
v 0.07501636 -0.42062333 0.23088434
v 0.06053677 -0.43009105 0.22011223
v 0.07501636 -0.42873853 0.21797493
v 0.06435010 -0.43224666 0.21549562
v 0.06501329 -0.43774131 0.20609140
v 0.06501329 -0.44065771 0.20113283
v 0.07070565 -0.44010824 0.20019239
v 0.07739279 -0.43947423 0.19899550
v 0.08501945 -0.44509572 0.18497467
v 0.09220398 -0.44053090 0.19104466
v 0.10502561 -0.48655927 -0.08492638
v 0.07501636 -0.47096288 0.12299232
v 0.08170351 -0.47028661 0.12102599
v 0.08839066 -0.46965259 0.11888866
v 0.09502254 -0.46901861 0.11675134
v 0.07501636 -0.46935675 0.12803641
v 0.08501945 -0.47138554 0.11529796
v 0.07501636 -0.47341433 0.11495599
v 0.06501329 -0.48322019 0.08494799
v 0.06501329 -0.47514725 0.11495599
v 0.06423956 -0.47840178 0.10401291
v 0.06037097 -0.48000795 0.10008024
v 0.06423956 -0.48081100 0.09512164
v 0.06501329 -0.48550260 0.07494532
v 0.06501329 -0.49501258 0.01492932
v 0.05501020 -0.49742177 0.00492664
v 0.06501329 -0.49606925 0.00492664
v 0.03693834 -0.48968697 0.06810589
v 0.06490275 -0.48917979 0.05442703
v 0.03417505 -0.49049005 0.06485716
v 0.04500712 -0.49590018 0.02493198
v 0.03500403 -0.49683005 0.02493198
v 0.03500403 -0.49826711 0.01492932
v 0.04500712 -0.49864751 0.00492664
v 0.05241272 -0.50038046 -0.03508402
v 0.05694450 -0.49957737 -0.04500120
v 0.06501329 -0.49805576 -0.05500387
v 0.09502254 -0.49171579 -0.05500387
v 0.05501020 -0.49830937 -0.00507602
v 0.04837833 -0.49978870 -0.01277038
v 0.04169118 -0.50016910 -0.00755531
v 0.04506239 -0.50029588 -0.01567714
v 0.04500712 -0.50076085 -0.02508136
v 0.10043857 -0.49006736 -0.06107386
v 0.09756475 -0.48943338 -0.07492371
v 0.09109867 -0.49023646 -0.08201962
v 0.09469094 -0.48901072 -0.08518286
v 0.09502254 -0.48757365 -0.09492905
v 0.10502561 -0.48317793 -0.10493171
v -0.00401351 -0.44192570 -0.26565835
v -0.00141601 -0.45012543 -0.25026962
v -0.00672153 -0.43968558 -0.26942003
v -0.02495918 -0.42818904 -0.28677508
v -0.01495610 -0.42861173 -0.28745902
v -0.02540131 -0.42273664 -0.29583734
v -0.02236170 -0.42024294 -0.30036846
v -0.01495610 -0.41719973 -0.30584002
v -0.00495303 -0.41749561 -0.30618197
v 0.00505006 -0.42104599 -0.30147988
v 0.01505314 -0.42117280 -0.30173635
v 0.02500096 -0.41779149 -0.30669492
v 0.03500403 -0.41255039 -0.31353438
v 0.03500403 -0.40426615 -0.32499039
v 0.03500403 -0.40029308 -0.33037645
v 0.03500403 -0.39632002 -0.33542055
v 0.03500403 -0.39133257 -0.34149054
v 0.04500712 -0.39095217 -0.34114856
v 0.02500096 -0.41280401 -0.31379086
v 0.05926566 -0.38985324 -0.33978069
v 0.06501329 -0.38926148 -0.33909672
v 0.04500712 -0.48326248 -0.15494505
v 0.03500403 -0.48415005 -0.15494505
v 0.03505930 -0.48119140 -0.16571715
v 0.01505314 -0.46851140 -0.20581332
v 0.00505006 -0.46846914 -0.20555684
v -0.00495303 -0.46479195 -0.21496105
v -0.01495610 -0.46098796 -0.22239894
v -0.01495610 -0.45562011 -0.23496640
v -0.02495918 -0.45113981 -0.24248977
v -0.01495610 -0.45173156 -0.24368668
v -0.00484249 -0.45194289 -0.24573851
v -0.01495610 -0.45887461 -0.22735752
v 0.01505314 -0.47028661 -0.20076925
v -0.00495303 -0.47493595 -0.18495306
v 0.00505006 -0.47201955 -0.19495572
v 0.01505314 -0.47223085 -0.19495572
v 0.02500096 -0.48009247 -0.17024827
v 0.01886648 -0.48000795 -0.17007729
v 0.02500096 -0.48436141 -0.15494505
v 0.02500096 -0.48161405 -0.16494772
v 0.05501020 -0.48482633 -0.14494239
v 0.03500403 -0.49319512 -0.11493438
v 0.03196444 -0.49015191 -0.13075057
v 0.03522511 -0.48909527 -0.13442676
v 0.05501020 -0.49349099 -0.10493171
v 0.08087453 -0.49019420 -0.10134101
v 0.07501636 -0.49239206 -0.09492905
v 0.06501329 -0.49539298 -0.08492638
v 0.05501020 -0.49653417 -0.08492638
v 0.05501020 -0.49505484 -0.09492905
v 0.03500403 -0.48668605 -0.14494239
v 0.04500712 -0.38672549 -0.34610716
v 0.04500712 -0.38169578 -0.35183516
v 0.03500403 -0.36301392 -0.37329388
v 0.03500403 -0.35836458 -0.37833798
v 0.04500712 -0.37708873 -0.35687926
v 0.05501020 -0.35713887 -0.37714106
v 0.04500712 -0.35777286 -0.37773952
v 0.05501020 -0.34691036 -0.38705823
v 0.06501329 -0.34614953 -0.38628879
v 0.07501636 -0.32429770 -0.40372935
v 0.06501329 -0.34111983 -0.39099091
v 0.05501020 -0.32057825 -0.41048330
v 0.06700285 -0.31935251 -0.40945739
v 0.08501945 -0.32286063 -0.40244696
v 0.07501636 -0.31842265 -0.40868795
v 0.08501945 -0.31187132 -0.41142371
v 0.08258776 -0.30083972 -0.42057145
v 0.08557211 -0.29580998 -0.42330724
v 0.08501945 -0.28317228 -0.43211299
v 0.07501636 -0.27742401 -0.43826848
v 0.05501020 -0.27501482 -0.44391102
v 0.04500712 -0.27501482 -0.44519341
v 0.04500712 -0.26859030 -0.44912606
v 0.05501020 -0.28562373 -0.43690059
v 0.05501020 -0.28063628 -0.44040582
v 0.07501636 -0.30189639 -0.42142639
v 0.05501020 -0.29771200 -0.42835131
v 0.03500403 -0.26449043 -0.45263129
v 0.03500403 -0.25582579 -0.45758986
v 0.02500096 -0.25164139 -0.46083862
v 0.02500096 -0.24500552 -0.46417284
v 0.02500096 -0.23156473 -0.47075579
v 0.01505314 -0.22501341 -0.47417548
v 0.01450048 -0.21415089 -0.47836465
v 0.01085295 -0.21022010 -0.47998902
v 0.00505006 -0.20502129 -0.48186985
v -0.06497151 -0.17501199 -0.49409533
v -0.06939277 -0.16503708 -0.49700209
v -0.06939277 -0.16127534 -0.49785703
v -0.06939277 -0.15311790 -0.49948138
v 0.01505314 -0.18502918 -0.48605901
v -0.06939277 -0.14491817 -0.50084925
v -0.06574523 -0.14483364 -0.50050730
v -0.06497151 -0.12501059 -0.50170422
v 0.16504410 -0.13502778 -0.46554071
v -0.06939277 -0.14094511 -0.50136220
v -0.06939277 -0.12501059 -0.50230265
v 0.16504410 -0.12501059 -0.46536973
v 0.22467574 -0.07090932 -0.45092142
v 0.22959438 -0.07090932 -0.44989550
v 0.23506568 -0.07090932 -0.44861311
v 0.07501636 -0.26503989 0.35698634
v 0.08081926 -0.28029814 0.35006145
v 0.06501329 -0.29496467 0.34587228
v 0.06501329 -0.30337572 0.34176862
v 0.08844592 -0.29944491 0.33963129
v 0.07501636 -0.28127030 0.35048890
v 0.05688924 -0.28908962 0.34963396
v 0.06501329 -0.27501482 0.35442159
v 0.06501329 -0.28287640 0.35117283
v 0.06501329 -0.15501989 0.36664706
v 0.18913993 -0.07090932 0.34792411
v 0.05501020 -0.16503708 0.36844242
v 0.05501020 -0.17387080 0.36955380
v 0.05501020 -0.17885827 0.37006676
v 0.04926258 -0.17953452 0.36998129
v 0.04555978 -0.18486013 0.37032324
v 0.03406453 -0.19403198 0.37040874
v 0.02500096 -0.19728652 0.37015226
v 0.01964019 -0.19969571 0.36998129
v 0.03500403 -0.20502129 0.37057972
v 0.03831998 -0.22078675 0.37006676
v 0.04500712 -0.21503848 0.37040874
v 0.05451281 -0.21508075 0.37023777
v 0.05749716 -0.21841982 0.36981028
v 0.05086528 -0.22027954 0.36998129
v 0.05451281 -0.22416808 0.36912635
v 0.06501329 -0.23503059 0.36664706
v 0.05501020 -0.25502270 0.36245790
v 0.05501020 -0.24500552 0.36519367
v 0.05501020 -0.26136270 0.36040607
v 0.05501020 -0.26635015 0.35878170
v 0.06777658 -0.25933391 0.35972214
v 0.07501636 -0.25789684 0.35929465
v 0.07501636 -0.30671477 0.33826342
v 0.06501329 -0.31499904 0.33561313
v 0.06501329 -0.32235342 0.33142400
v 0.06501329 -0.32734090 0.32817525
v 0.06711338 -0.33921781 0.31945497
v 0.06429483 -0.34403622 0.31620625
v 0.08501945 -0.44877291 0.17719482
v 0.07446371 -0.45156249 0.17531398
v 0.06468169 -0.45798701 0.16428539
v 0.06114469 -0.46018487 0.16052370
v 0.08170351 -0.46026942 0.15077752
v 0.06501329 -0.46538368 0.14496399
v 0.07501636 -0.46356621 0.14496399
v 0.06943454 -0.46986395 0.12966077
v 0.06501329 -0.37159404 0.29158431
v 0.05501020 -0.35177100 0.31150416
v 0.04500712 -0.35773060 0.30791345
v 0.05501020 -0.36233765 0.30209991
v 0.04500712 -0.36821273 0.29833823
v 0.06048150 -0.34010541 0.32005343
v 0.05501020 -0.34560007 0.31654823
v 0.06501329 -0.37658152 0.28645474
v 0.06501329 -0.38139990 0.28141063
v 0.06501329 -0.38638735 0.27602458
v 0.07136884 -0.39027590 0.27029657
v 0.07485057 -0.39348817 0.26567996
v 0.06866083 -0.39974362 0.25969544
v 0.07501636 -0.40325174 0.25405291
v 0.06501329 -0.40916908 0.24883786
v 0.06501329 -0.41284627 0.24387926
v 0.05501020 -0.42235625 0.23327816
v 0.05501020 -0.42734373 0.22592577
v 0.05523127 -0.41318440 0.24576011
v 0.05501020 -0.43055600 0.22088167
v 0.05501020 -0.43414864 0.21498266
v 0.05501020 -0.43858665 0.20763028
v 0.05501020 -0.44150305 0.20258620
v 0.05501020 -0.44547611 0.19497734
v 0.06501329 -0.44382769 0.19497734
v 0.07446371 -0.44750488 0.18411975
v 0.07076092 -0.45012543 0.18027256
v 0.08269830 -0.49061686 -0.09492905
v 0.06567648 -0.47172368 0.12581359
v 0.05501020 -0.48423457 0.08494799
v 0.05501020 -0.48182541 0.09495066
v 0.05501020 -0.47637302 0.11495599
v 0.06274739 -0.47045568 0.13128513
v 0.05501020 -0.47345662 0.12495866
v 0.05501020 -0.48030379 0.10102065
v 0.04500712 -0.48283979 0.09495066
v 0.04500712 -0.48748910 0.07494532
v 0.03025119 -0.48998284 0.07007223
v 0.04506239 -0.49957737 -0.00456306
v 0.03500403 -0.49201167 0.05493999
v 0.02500096 -0.49273020 0.05493999
v 0.02500096 -0.49733722 0.02493198
v 0.02500096 -0.49864751 0.01492932
v 0.03456192 -0.49949282 0.00415721
v 0.03760153 -0.49991551 -0.00088687
v 0.04500712 -0.50101447 -0.03508402
v 0.05191533 -0.50025362 -0.04500120
v 0.05462335 -0.49957737 -0.05560232
v 0.06501329 -0.49742177 -0.06500653
v 0.07501636 -0.49526620 -0.06500653
v 0.03500403 -0.50088763 -0.01507869
v 0.03456192 -0.50029588 -0.00456306
v 0.03500403 -0.50122577 -0.02508136
v 0.07501636 -0.49446312 -0.07492371
v 0.07501636 -0.49353325 -0.08492638
v -0.01495610 -0.43930519 -0.26865059
v -0.01495610 -0.44188344 -0.26369202
v -0.00810316 -0.44978729 -0.24950019
v -0.01495610 -0.44632143 -0.25497174
v -0.02495918 -0.44137624 -0.26266611
v -0.02495918 -0.43482491 -0.27497709
v -0.02495918 -0.43097866 -0.28181648
v -0.03496227 -0.43364143 -0.27497709
v -0.03496227 -0.43038690 -0.28070509
v -0.03496227 -0.42751276 -0.28566366
v -0.03496227 -0.42252535 -0.29412746
v -0.02904885 -0.41986251 -0.29977000
v -0.02540131 -0.41728425 -0.30421564
v -0.02495918 -0.41170508 -0.31242293
v -0.01495610 -0.41221225 -0.31319237
v -0.00495303 -0.41250813 -0.31353438
v 0.00505006 -0.41762239 -0.30652395
v 0.01505314 -0.41770694 -0.30669492
v 0.00505006 -0.40037763 -0.33054745
v 0.01505314 -0.39653134 -0.33550602
v 0.01505314 -0.39154390 -0.34191799
v 0.02500096 -0.39145935 -0.34174702
v 0.02500096 -0.38727498 -0.34679109
v 0.03500403 -0.38702136 -0.34653461
v 0.00505006 -0.41263494 -0.31361985
v -0.00495303 -0.40895775 -0.31857845
v 0.02500096 -0.48702419 -0.14494239
v 0.00505006 -0.47020209 -0.20059825
v -0.00257660 -0.47007528 -0.20025629
v -0.01495610 -0.46386206 -0.21496105
v -0.00926374 -0.46994847 -0.19982882
v -0.02495918 -0.46043849 -0.22103105
v -0.03496227 -0.45329541 -0.23496640
v -0.03496227 -0.45054811 -0.24120738
v -0.03496227 -0.44826570 -0.24616596
v -0.01495610 -0.44940689 -0.24873075
v -0.00495303 -0.47797912 -0.17495039
v -0.01495610 -0.47945845 -0.16811097
v -0.01495610 -0.47734514 -0.17495039
v -0.01495610 -0.47421741 -0.18495306
v -0.00550568 -0.47142780 -0.19589615
v 0.01217933 -0.47992340 -0.16982082
v 0.01505314 -0.48410779 -0.15494505
v -0.00495303 -0.48110688 -0.16400731
v 0.01532947 -0.48110688 -0.16588815
v -0.00495303 -0.47971207 -0.16905138
v 0.02500096 -0.49382913 -0.11493438
v 0.03500403 -0.49501258 -0.10493171
v 0.02500096 -0.49573112 -0.10493171
v 0.02500096 -0.49167353 -0.12493705
v 0.02500096 -0.49027872 -0.13126352
v 0.02500096 -0.48913753 -0.13622211
v 0.03500403 -0.49661869 -0.09492905
v 0.06501329 -0.49649191 -0.07492371
v 0.05501020 -0.49890113 -0.06500653
v 0.05501020 -0.49775991 -0.07492371
v 0.03500403 -0.49801350 -0.08492638
v 0.02500096 -0.49737951 -0.09492905
v 0.03500403 -0.38203391 -0.35226265
v 0.02500096 -0.36850858 -0.36824980
v 0.02500096 -0.36347884 -0.37372136
v 0.02500096 -0.35878727 -0.37876543
v 0.03500403 -0.34830514 -0.38834062
v 0.04500712 -0.35278541 -0.38269812
v 0.04500712 -0.34767115 -0.38774219
v 0.04500712 -0.34264141 -0.39244428
v 0.04500712 -0.32653785 -0.40689260
v 0.04500712 -0.32155037 -0.41125274
v 0.05501020 -0.31499904 -0.41501442
v 0.05501020 -0.30937758 -0.41946006
v 0.06501329 -0.30819413 -0.41860512
v 0.07501636 -0.31343517 -0.41262060
v 0.03500403 -0.27501482 -0.44613382
v 0.02942221 -0.26994282 -0.44989550
v 0.03500403 -0.26947790 -0.44963902
v 0.04500712 -0.28156614 -0.44100425
v 0.04500712 -0.29876867 -0.42912075
v 0.04500712 -0.28655362 -0.43758455
v 0.06501329 -0.30320665 -0.42236680
v 0.05501020 -0.30439013 -0.42330724
v 0.02566415 -0.26596975 -0.45254579
v 0.02500096 -0.25667110 -0.45801735
v 0.01505314 -0.25202179 -0.46109509
v 0.01505314 -0.24500552 -0.46468580
v 0.01505314 -0.23215647 -0.47101226
v 0.00505006 -0.22501341 -0.47460297
v 0.00505006 -0.21537662 -0.47836465
v -0.06939277 -0.18900225 -0.48964971
v -0.06497151 -0.18380345 -0.49127406
v -0.06939277 -0.17995720 -0.49264196
v -0.06939277 -0.17501199 -0.49418083
v -0.06939277 -0.17061627 -0.49546322
v -0.06497151 -0.11503567 -0.50144774
v -0.06939277 -0.11503567 -0.50204617
v -0.05938968 -0.10920288 -0.50007987
v -0.06508204 -0.10552567 -0.50067830
v 0.21494898 -0.07090932 -0.45237482
v -0.06939277 -0.09838262 -0.50033629
v 0.06468169 -0.26423684 0.35843974
v 0.05501020 -0.27501482 0.35561848
v 0.05418122 -0.29403481 0.34775314
v 0.05462335 -0.30570039 0.34202510
v 0.05771822 -0.30946213 0.33971679
v 0.06501329 -0.30840546 0.33911833
v 0.05418122 -0.28549695 0.35142931
v 0.05025735 -0.29001948 0.34997594
v 0.05501020 -0.15501989 0.36630508
v 0.17913684 -0.07090932 0.34792411
v 0.03500403 -0.17501199 0.36869889
v 0.04555978 -0.17573053 0.36938283
v 0.04500712 -0.16503708 0.36784396
v 0.04257543 -0.18139425 0.36981028
v 0.03671728 -0.18807238 0.37015226
v 0.03003013 -0.19001666 0.36998129
v 0.01964019 -0.20071010 0.36998129
v 0.01505314 -0.18502918 0.36835691
v 0.00505006 -0.18502918 0.36750197
v 0.00505006 -0.19500411 0.36818594
v -0.00495303 -0.19500411 0.36716002
v -0.00495303 -0.20502129 0.36758748
v 0.02538782 -0.20442957 0.37015226
v 0.03163284 -0.21795489 0.36989579
v 0.04500712 -0.22078675 0.37006676
v 0.01505314 -0.22501341 0.36835691
v 0.00505006 -0.23503059 0.36664706
v 0.01505314 -0.23503059 0.36716002
v 0.02500096 -0.23503059 0.36750197
v 0.03500403 -0.23503059 0.36775845
v 0.04500712 -0.22577421 0.36929733
v 0.04500712 -0.23503059 0.36775845
v 0.05501020 -0.23503059 0.36724550
v 0.04500712 -0.24500552 0.36587763
v 0.04500712 -0.25502270 0.36322734
v 0.04500712 -0.26263070 0.36083353
v 0.04500712 -0.26761818 0.35920918
v 0.04500712 -0.27501482 0.35655889
v 0.05501020 -0.32353690 0.33219343
v 0.05462335 -0.31411144 0.33757946
v 0.05501020 -0.32856664 0.32903019
v 0.06501329 -0.45346451 0.17497200
v 0.05501020 -0.45502836 0.17497200
v 0.05501020 -0.45857877 0.16650820
v 0.05501020 -0.46314353 0.15496667
v 0.06468169 -0.46157968 0.15530863
v 0.05501020 -0.46682075 0.14496399
v 0.06567648 -0.46876502 0.13479035
v 0.04500712 -0.37839898 0.28833556
v 0.04500712 -0.37336925 0.29329416
v 0.04500712 -0.35270086 0.31227359
v 0.03500403 -0.35853368 0.30859739
v 0.03500403 -0.35354620 0.31295753
v 0.03500403 -0.36390153 0.30363879
v 0.03500403 -0.36893123 0.29893669
v 0.03500403 -0.37404552 0.29397810
v 0.04500712 -0.34150022 0.32107934
v 0.04500712 -0.34648767 0.31731766
v 0.04019901 -0.33000368 0.32997060
v 0.04500712 -0.38317510 0.28329149
v 0.05501020 -0.38727498 0.27705050
v 0.05501020 -0.39179748 0.27200642
v 0.06501329 -0.39086762 0.27098051
v 0.05501020 -0.40096936 0.26114884
v 0.05202585 -0.41035253 0.25037673
v 0.05501020 -0.39678496 0.26610741
v 0.04500712 -0.42299026 0.23413306
v 0.04500712 -0.42797774 0.22695169
v 0.04500712 -0.41517094 0.24499068
v 0.04500712 -0.43118998 0.22190759
v 0.04500712 -0.43541664 0.21498266
v 0.04500712 -0.43917838 0.20865619
v 0.04500712 -0.44209477 0.20361212
v 0.04500712 -0.44665956 0.19497734
v 0.05501020 -0.45143569 0.18292284
v 0.06501329 -0.44813889 0.18634257
v 0.06501329 -0.45063263 0.18129848
v 0.03500403 -0.48622113 0.08494799
v 0.02500096 -0.47903579 0.11640938
v 0.05501020 -0.47092062 0.13282400
v 0.03500403 -0.47227314 0.13496134
v 0.03500403 -0.47548538 0.12495866
v 0.03500403 -0.48381191 0.09495066
v 0.03108019 -0.48009247 0.11033937
v 0.03467245 -0.48106459 0.10546628
v 0.03417505 -0.48875713 0.07400490
v 0.02500096 -0.48698193 0.08494799
v 0.02500096 -0.49010965 0.07058519
v 0.02500096 -0.49108177 0.06494266
v 0.01505314 -0.49302605 0.05493999
v 0.01505314 -0.49759084 0.02493198
v 0.01505314 -0.49894339 0.01492932
v 0.02500096 -0.49961963 0.00612355
v 0.01505314 -0.50025362 0.00253285
v 0.00505006 -0.50126803 -0.00507602
v 0.01505314 -0.50097215 -0.00507602
v 0.02500096 -0.50190204 -0.03508402
v 0.01505314 -0.50228244 -0.04500120
v 0.02500096 -0.50181752 -0.04500120
v 0.04500712 -0.50080311 -0.04500120
v 0.05103108 -0.50008458 -0.05261007
v 0.04953891 -0.49995777 -0.05927851
v 0.01505314 -0.50160617 -0.01507869
v 0.00505006 -0.50240922 -0.02508136
v 0.00505006 -0.50194430 -0.01507869
v 0.01505314 -0.50232470 -0.03508402
v -0.02495918 -0.43879798 -0.26771015
v -0.02495918 -0.44522250 -0.25497174
v -0.03496227 -0.44403905 -0.25497174
v -0.03496227 -0.44074225 -0.26155469
v -0.03496227 -0.43820626 -0.26651329
v -0.04502061 -0.43774131 -0.26429045
v -0.05496842 -0.43152812 -0.27275425
v -0.04397056 -0.43190852 -0.27540451
v -0.06867430 -0.41977799 -0.28959635
v -0.06198716 -0.42032745 -0.29053676
v -0.05496842 -0.42087692 -0.29156268
v -0.05496842 -0.41796052 -0.29652128
v -0.04496536 -0.41867906 -0.29788917
v -0.03496227 -0.41943985 -0.29908606
v -0.04496536 -0.41411427 -0.30498508
v -0.05027086 -0.41001439 -0.31002915
v -0.03496227 -0.41555133 -0.30498508
v -0.03496227 -0.41107106 -0.31156802
v -0.03496227 -0.40756294 -0.31652662
v -0.02495918 -0.40811241 -0.31738153
v -0.01495610 -0.40866187 -0.31815097
v -0.00495303 -0.40025082 -0.33029097
v -0.00495303 -0.39640456 -0.33533505
v 0.00505006 -0.39657360 -0.33550602
v 0.00505006 -0.39158615 -0.34191799
v 0.01505314 -0.38748631 -0.34687659
v 0.01505314 -0.38249883 -0.35286108
v 0.02500096 -0.38228750 -0.35260460
v 0.01505314 -0.48677057 -0.14494239
v 0.01505314 -0.48901072 -0.13579464
v -0.01495610 -0.46749699 -0.20495839
v -0.04496536 -0.46398890 -0.20495839
v -0.03739396 -0.45967770 -0.21915022
v -0.01495610 -0.47134328 -0.19392981
v -0.01495610 -0.46965259 -0.19897389
v -0.03446488 -0.45798701 -0.22410880
v -0.04098621 -0.45016772 -0.24035245
v -0.04496536 -0.45629635 -0.22496372
v -0.01495610 -0.48085326 -0.16306688
v -0.02495918 -0.48212126 -0.15494505
v -0.02495918 -0.48034608 -0.16118604
v -0.02495918 -0.47890902 -0.16623011
v -0.02495918 -0.47620392 -0.17495039
v -0.02495918 -0.47303393 -0.18495306
v -0.00495303 -0.48351604 -0.15494505
v -0.01495610 -0.48575619 -0.14494239
v -0.01495610 -0.48309338 -0.15494505
v 0.01505314 -0.49387139 -0.11493438
v 0.01505314 -0.49585789 -0.10493171
v 0.01505314 -0.49767536 -0.09492905
v 0.01505314 -0.49158898 -0.12493705
v 0.01505314 -0.49019420 -0.13083605
v 0.02500096 -0.49873203 -0.08492638
v 0.04285176 -0.50016910 -0.06158682
v 0.01505314 -0.49915469 -0.08492638
v 0.01505314 -0.37311566 -0.36346221
v 0.01505314 -0.36863539 -0.36842078
v 0.01505314 -0.37810311 -0.35790518
v 0.01505314 -0.35882953 -0.37885094
v 0.02500096 -0.35375753 -0.38363853
v 0.01505314 -0.36360565 -0.37380683
v 0.02500096 -0.34860101 -0.38859710
v 0.03500403 -0.34331769 -0.39304274
v 0.03500403 -0.32708728 -0.40740556
v 0.03500403 -0.33778074 -0.39800134
v 0.03500403 -0.33275104 -0.40244696
v 0.03500403 -0.32209983 -0.41176569
v 0.04589137 -0.31428051 -0.41698074
v 0.04981524 -0.30992705 -0.41988751
v 0.02566415 -0.27421176 -0.44750172
v 0.02273507 -0.27036551 -0.45015198
v 0.02500096 -0.28279188 -0.44185919
v 0.04589137 -0.30595398 -0.42347822
v 0.04312809 -0.31043425 -0.42031497
v 0.03500403 -0.30498186 -0.42527357
v 0.03500403 -0.29936039 -0.42954820
v 0.01505314 -0.25700924 -0.45827383
v 0.01505314 -0.26503989 -0.45365721
v 0.00505006 -0.25231764 -0.46126607
v 0.00505006 -0.24500552 -0.46511325
v 0.00505006 -0.23765114 -0.46878943
v 0.00505006 -0.23266366 -0.47118324
v -0.00495303 -0.22501341 -0.47485945
v -0.01495610 -0.21592608 -0.47853562
v -0.06939277 -0.19251038 -0.48836732
v -0.06939277 -0.11063994 -0.50170422
v -0.06939277 -0.10531434 -0.50127673
v -0.06939277 -0.08063063 -0.49571970
v -0.06939277 -0.07319172 -0.49358237
v -0.06939277 -0.07090932 -0.49289843
v 0.04500712 -0.28503200 0.35254073
v 0.04500712 -0.29547188 0.34800962
v 0.04500712 -0.30498186 0.34339300
v 0.04500712 -0.31073013 0.34040073
v 0.05103108 -0.31018066 0.34005877
v 0.17504719 -0.07090932 0.34775314
v 0.16913377 -0.07090932 0.34749666
v 0.05501020 -0.14500269 0.36331284
v 0.04500712 -0.14500269 0.36271438
v 0.04500712 -0.15501989 0.36553565
v 0.02500096 -0.17501199 0.36792946
v 0.01505314 -0.17501199 0.36716002
v 0.03500403 -0.16503708 0.36698902
v 0.00505006 -0.20502129 0.36852789
v -0.00495303 -0.21503848 0.36733100
v 0.00505006 -0.21503848 0.36818594
v 0.01505314 -0.21503848 0.36895537
v 0.00505006 -0.17501199 0.36621958
v -0.00495303 -0.18502918 0.36639059
v -0.01495610 -0.18502918 0.36519367
v -0.01495610 -0.19500411 0.36587763
v -0.01495610 -0.20502129 0.36639059
v -0.01495610 -0.21503848 0.36639059
v 0.00505006 -0.22501341 0.36767298
v -0.00495303 -0.23503059 0.36596310
v -0.00495303 -0.24500552 0.36433876
v 0.00505006 -0.24500552 0.36493719
v 0.01505314 -0.24500552 0.36536467
v 0.02500096 -0.24500552 0.36570662
v 0.03500403 -0.24500552 0.36596310
v 0.03500403 -0.25502270 0.36356932
v 0.03500403 -0.26334924 0.36100453
v 0.02500096 -0.27501482 0.35749930
v 0.03500403 -0.27501482 0.35707185
v 0.03500403 -0.26833668 0.35938016
v 0.03500403 -0.28503200 0.35322466
v 0.03500403 -0.33046862 0.33031258
v 0.04500712 -0.31571758 0.33766496
v 0.04500712 -0.45608503 0.17497200
v 0.04500712 -0.45912820 0.16779059
v 0.04500712 -0.46111476 0.16283201
v 0.03500403 -0.46517235 0.15496667
v 0.02500096 -0.46906087 0.14735779
v 0.03500403 -0.46855366 0.14590442
v 0.04042007 -0.47003299 0.14009090
v 0.03500403 -0.37907523 0.28901953
v 0.02500096 -0.35904086 0.30911034
v 0.03500403 -0.34729075 0.31800160
v 0.02500096 -0.34779793 0.31834358
v 0.02500096 -0.35401112 0.31329951
v 0.02500096 -0.36935392 0.29936415
v 0.02500096 -0.37446818 0.29440558
v 0.03500403 -0.33545607 0.32672188
v 0.03500403 -0.34230328 0.32167780
v 0.04500712 -0.38816255 0.27799094
v 0.04500712 -0.39264283 0.27303234
v 0.04500712 -0.39767256 0.26713333
v 0.04500712 -0.41077521 0.25097519
v 0.02500096 -0.42869624 0.22814858
v 0.03500403 -0.42835814 0.22755012
v 0.02500096 -0.43207759 0.22310451
v 0.03500403 -0.41584718 0.24499068
v 0.02516675 -0.43757224 0.21412775
v 0.02196135 -0.44015050 0.21028057
v 0.02516675 -0.44247517 0.20583493
v 0.02500096 -0.44796982 0.19591776
v 0.03848578 -0.44982958 0.18967679
v 0.04500712 -0.44953370 0.18907833
v 0.04500712 -0.45194289 0.18403424
v 0.02500096 -0.48465726 0.09495066
v 0.01505314 -0.47920486 0.11717881
v 0.01505314 -0.48055738 0.11213472
v 0.02500096 -0.48207900 0.10495332
v 0.02500096 -0.47645754 0.12495866
v 0.01505314 -0.47688019 0.12495866
v 0.02500096 -0.47324526 0.13496134
v 0.02500096 -0.47079378 0.14231372
v 0.01505314 -0.48723552 0.08494799
v 0.01505314 -0.48495311 0.09495066
v 0.01505314 -0.49023646 0.07109815
v 0.01505314 -0.49137765 0.06494266
v 0.00505006 -0.49323738 0.05493999
v 0.00505006 -0.49480122 0.04493732
v 0.00505006 -0.49784446 0.02493198
v 0.00505006 -0.49919698 0.01492932
v -0.00732945 -0.50004232 0.01056918
v -0.00064230 -0.49995777 0.00979974
v 0.00505006 -0.50038046 0.00398622
v -0.00440036 -0.50042272 0.00586707
v -0.00495303 -0.50135255 -0.00507602
v 0.00505006 -0.50270510 -0.03508402
v 0.00505006 -0.50253606 -0.04500120
v 0.01505314 -0.50202882 -0.05500387
v 0.02500096 -0.50152165 -0.05500387
v 0.03500403 -0.50097215 -0.05500387
v 0.04572558 -0.50033820 -0.05560232
v 0.01505314 -0.50143707 -0.06500653
v -0.00495303 -0.50194430 -0.01507869
v -0.00495303 -0.50228244 -0.02508136
v -0.04502061 -0.44222158 -0.25565568
v -0.04170468 -0.44027731 -0.26052877
v -0.05496842 -0.43562800 -0.26497442
v -0.06497151 -0.43064052 -0.27112991
v -0.04833657 -0.43968558 -0.25941736
v -0.06939277 -0.41969347 -0.28942537
v -0.06939277 -0.41922852 -0.29019481
v -0.06939277 -0.41479054 -0.29746169
v -0.06497151 -0.41212773 -0.30318972
v -0.06519258 -0.41753787 -0.29429847
v -0.06939277 -0.43021786 -0.27044594
v -0.05413944 -0.41238135 -0.30549803
v -0.05690274 -0.40950722 -0.30925971
v -0.04496536 -0.40697122 -0.31558621
v -0.05496842 -0.40126520 -0.32174167
v -0.04496536 -0.40198374 -0.32259661
v -0.03496227 -0.40253320 -0.32336605
v -0.03883085 -0.38985324 -0.33978069
v -0.01429291 -0.40295589 -0.32575983
v -0.01053485 -0.40003949 -0.33003449
v -0.02495918 -0.39052948 -0.34063560
v -0.00495303 -0.39137483 -0.34166151
v 0.00505006 -0.38241431 -0.35286108
v -0.00495303 -0.48613659 -0.14494239
v -0.05253673 -0.46052301 -0.21137036
v -0.04496536 -0.46107250 -0.21290924
v -0.03540438 -0.46872276 -0.19452825
v -0.04496536 -0.46741247 -0.19495572
v -0.05496842 -0.46597540 -0.19495572
v -0.04496536 -0.45921275 -0.21786782
v -0.04767337 -0.44957596 -0.23907006
v -0.04457849 -0.44775850 -0.24419963
v -0.05552107 -0.45857877 -0.21479008
v -0.05496842 -0.45447889 -0.22496372
v -0.03407802 -0.48085326 -0.15503055
v -0.03009889 -0.48000795 -0.15998913
v -0.02495918 -0.48486859 -0.14494239
v -0.04496536 -0.47658432 -0.16494772
v -0.05496842 -0.47231540 -0.17495039
v -0.04496536 -0.47362566 -0.17495039
v -0.04496536 -0.46948355 -0.18837276
v -0.03899667 -0.46986395 -0.18956968
v -0.01495610 -0.48812312 -0.13493972
v -0.02495918 -0.48732007 -0.13493972
v -0.00495303 -0.49298379 -0.11493438
v -0.01495610 -0.49074364 -0.12331268
v 0.00505006 -0.49543524 -0.10493171
v 0.00505006 -0.49729496 -0.09492905
v 0.00505006 -0.49890113 -0.08492638
v 0.02500096 -0.49966192 -0.07663357
v 0.01505314 -0.50046498 -0.07398329
v 0.01505314 -0.49987322 -0.07902737
v 0.00505006 -0.50046498 -0.07347033
v 0.00505006 -0.49978870 -0.07842892
v 0.00505006 -0.37806085 -0.35781968
v 0.00505006 -0.37307337 -0.36329123
v 0.00505006 -0.35870272 -0.37867993
v -0.00495303 -0.34838969 -0.38842613
v 0.01505314 -0.35384208 -0.38363853
v 0.02500096 -0.34361354 -0.39329922
v 0.02500096 -0.33803436 -0.39825782
v 0.01505314 -0.32235342 -0.41202217
v 0.01505314 -0.31643611 -0.41706625
v 0.01505314 -0.31144863 -0.42116991
v 0.02500096 -0.31123731 -0.42091343
v 0.03500403 -0.31588665 -0.41672426
v 0.01505314 -0.28321454 -0.44220117
v 0.01505314 -0.27564883 -0.44715974
v 0.01505314 -0.27066135 -0.45032299
v 0.02754319 -0.29974079 -0.42980468
v 0.03500403 -0.31089920 -0.42065695
v 0.02091131 -0.30003667 -0.42997566
v -0.00495303 -0.26503989 -0.45417017
v 0.00505006 -0.27087268 -0.45049396
v -0.00495303 -0.25244445 -0.46135157
v -0.00495303 -0.24500552 -0.46528423
v -0.00495303 -0.25747418 -0.45853031
v -0.00495303 -0.23786247 -0.46896043
v -0.00495303 -0.23287500 -0.47126874
v -0.01495610 -0.23283273 -0.47126874
v -0.06939277 -0.21406636 -0.47930506
v -0.03496227 -0.21647555 -0.47845015
v -0.04496536 -0.21144582 -0.48058745
v -0.03496227 -0.21144582 -0.48058745
v -0.06939277 -0.20062557 -0.48511860
v -0.06939277 -0.07090932 0.29773977
v 0.03500403 -0.29627493 0.34835157
v 0.03500403 -0.30498186 0.34424791
v 0.03500403 -0.31157544 0.34082821
v 0.03500403 -0.31660518 0.33809242
v 0.16504410 -0.07090932 0.34706917
v 0.03782259 -0.13916990 0.36032057
v 0.04500712 -0.13836683 0.36066255
v 0.01505314 -0.15501989 0.36254340
v 0.00820020 -0.14935616 0.36023510
v 0.01505314 -0.16503708 0.36510819
v 0.02500096 -0.16503708 0.36604860
v -0.00495303 -0.22501341 0.36690354
v 0.00505006 -0.16503708 0.36399677
v -0.00495303 -0.17501199 0.36493719
v -0.01495610 -0.17501199 0.36356932
v -0.04258892 -0.17856240 0.36032057
v -0.04922080 -0.18135199 0.35980761
v -0.03496227 -0.18502918 0.36228693
v -0.02495918 -0.19500411 0.36450973
v -0.02495918 -0.20502129 0.36510819
v -0.02495918 -0.21503848 0.36510819
v -0.02495918 -0.22501341 0.36468071
v -0.01495610 -0.22501341 0.36587763
v -0.01495610 -0.23503059 0.36502269
v -0.01495610 -0.24500552 0.36339831
v -0.00495303 -0.25502270 0.36254340
v 0.00505006 -0.25502270 0.36305636
v 0.01505314 -0.25502270 0.36339831
v 0.02500096 -0.25502270 0.36356932
v 0.02500096 -0.26372963 0.36109000
v 0.02500096 -0.26875937 0.35955113
v 0.01505314 -0.27501482 0.35749930
v 0.01505314 -0.28503200 0.35390863
v 0.02500096 -0.28503200 0.35373762
v 0.02500096 -0.29192147 0.35083088
v 0.02500096 -0.32497397 0.33407426
v 0.02500096 -0.33097583 0.33056906
v 0.02500096 -0.33596328 0.32706386
v 0.03500403 -0.45697260 0.17497200
v 0.02212715 -0.46018487 0.17035538
v 0.03500403 -0.45959315 0.16898750
v 0.02500096 -0.46610221 0.15496667
v 0.01505314 -0.46927220 0.14795625
v 0.02500096 -0.37945563 0.28944698
v 0.03500403 -0.38879657 0.27867487
v 0.00505006 -0.35959032 0.30962330
v 0.01505314 -0.36964977 0.29962063
v 0.02500096 -0.34281048 0.32210526
v 0.00505006 -0.34822062 0.31860006
v 0.01505314 -0.34302181 0.32227623
v 0.00505006 -0.34319088 0.32244724
v 0.01433469 -0.37586299 0.29372162
v 0.01052137 -0.38000512 0.28995994
v 0.03500403 -0.39315003 0.27363080
v 0.03500403 -0.39817977 0.26773179
v 0.03500403 -0.40714028 0.25644672
v 0.03500403 -0.41111332 0.25140265
v 0.01505314 -0.42899212 0.22857603
v 0.01505314 -0.43241572 0.22361746
v 0.02527729 -0.42303252 0.23592842
v 0.01505314 -0.42434281 0.23498800
v 0.01505314 -0.43740317 0.21558112
v 0.01505314 -0.42032745 0.24045956
v 0.01505314 -0.44357410 0.20498002
v 0.01505314 -0.44822341 0.19643071
v 0.01505314 -0.45067489 0.19147214
v 0.02500096 -0.45042127 0.19087368
v 0.03179863 -0.45012543 0.19027522
v 0.02500096 -0.45325315 0.18497467
v 0.01505314 -0.48245940 0.10495332
v 0.00505006 -0.47916260 0.11692233
v 0.00505006 -0.48051512 0.11196375
v -0.00495303 -0.48229033 0.10495332
v 0.01505314 -0.47366792 0.13496134
v -0.01495610 -0.47633073 0.12495866
v 0.01505314 -0.47100514 0.14291216
v -0.01495610 -0.48723552 0.08494799
v -0.01495610 -0.48917979 0.07639870
v -0.00495303 -0.49027872 0.07126912
v -0.00495303 -0.48491085 0.09495066
v -0.01495610 -0.49158898 0.06494266
v -0.00495303 -0.49154672 0.06494266
v -0.00495303 -0.49336419 0.05493999
v -0.00495303 -0.49501258 0.04493732
v -0.00495303 -0.49805576 0.02493198
v -0.00440036 -0.49949282 0.01433086
v -0.01092172 -0.50004232 0.01056918
v -0.01495610 -0.50088763 -0.00507602
v -0.00495303 -0.50245154 -0.03508402
v -0.00495303 -0.50215566 -0.04500120
v 0.00505006 -0.50211334 -0.05500387
v 0.00505006 -0.50143707 -0.06500653
v -0.01495610 -0.50135255 -0.01507869
v -0.01495610 -0.50156391 -0.02508136
v -0.05496842 -0.44158757 -0.25317639
v -0.05496842 -0.43909383 -0.25822046
v -0.06939277 -0.41166282 -0.30250579
v -0.06939277 -0.41018349 -0.30472860
v -0.06497151 -0.40878868 -0.30814832
v -0.06497151 -0.43381053 -0.26497442
v -0.06939277 -0.43520531 -0.26052877
v -0.06574523 -0.40337855 -0.31584266
v -0.06287143 -0.40054667 -0.32071576
v -0.06939277 -0.38520390 -0.33952421
v -0.06939277 -0.38076591 -0.34542319
v -0.05496842 -0.39746124 -0.32670027
v -0.04496536 -0.39822203 -0.32764068
v -0.03529386 -0.38664097 -0.34414080
v -0.03219898 -0.39019138 -0.34020814
v -0.04496536 -0.38938829 -0.33918223
v -0.06497151 -0.37894845 -0.34867194
v -0.05496842 -0.37962472 -0.34952685
v -0.04993924 -0.37996283 -0.34995434
v -0.04325211 -0.38042778 -0.35046729
v -0.03496227 -0.38093495 -0.35106573
v -0.02495918 -0.38642964 -0.34559420
v -0.01495610 -0.38681003 -0.34619263
v -0.01495610 -0.38182259 -0.35217714
v -0.00495303 -0.38216069 -0.35251912
v -0.05552107 -0.46204460 -0.20572783
v -0.05922389 -0.45980448 -0.20957501
v -0.05496842 -0.47037113 -0.18127686
v -0.05496842 -0.46880728 -0.18623546
v -0.06010813 -0.47003299 -0.18007997
v -0.06497151 -0.46390435 -0.19495572
v -0.06939277 -0.44019276 -0.25044060
v -0.05496842 -0.45113981 -0.23240161
v -0.06497151 -0.44061545 -0.25129554
v -0.06497151 -0.45638090 -0.21496105
v -0.06939277 -0.45405620 -0.21829528
v -0.06939277 -0.45160475 -0.22419429
v -0.06939277 -0.44496888 -0.23949751
v -0.04325211 -0.48047286 -0.15169632
v -0.05496842 -0.47518954 -0.16494772
v -0.03496227 -0.48343152 -0.14494239
v -0.03087261 -0.49010965 -0.12049142
v -0.03496227 -0.48592526 -0.13493972
v -0.02495918 -0.49040550 -0.12185930
v -0.01495610 -0.49247658 -0.11493438
v -0.02495918 -0.49184257 -0.11493438
v -0.00495303 -0.49492806 -0.10493171
v -0.00495303 -0.49674553 -0.09492905
v -0.02495918 -0.49704137 -0.08492638
v -0.02495918 -0.49556205 -0.09492905
v -0.00318451 -0.50021136 -0.07150400
v -0.01495610 -0.37755364 -0.35713574
v -0.01495610 -0.37252390 -0.36277828
v -0.00495303 -0.37281978 -0.36303475
v -0.00495303 -0.36318299 -0.37346488
v -0.00495303 -0.35849139 -0.37842345
v -0.01495610 -0.35325032 -0.38321108
v -0.01495610 -0.34813607 -0.38816965
v -0.00495303 -0.34340221 -0.39321372
v 0.00505006 -0.34352902 -0.39329922
v 0.00505006 -0.33816114 -0.39834329
v 0.00505006 -0.32746771 -0.40774751
v 0.00505006 -0.32243797 -0.41210765
v 0.00505006 -0.31656292 -0.41715175
v 0.00505006 -0.31157544 -0.42125541
v 0.01505314 -0.30020574 -0.43014666
v 0.01505314 -0.28820202 -0.43869594
v 0.00505006 -0.28837109 -0.43886694
v 0.00505006 -0.28342587 -0.44228664
v 0.00505006 -0.27590242 -0.44724524
v 0.01505314 -0.29496467 -0.43390834
v -0.01495610 -0.26503989 -0.45408466
v -0.00495303 -0.27104175 -0.45057946
v -0.01495610 -0.27095723 -0.45057946
v -0.01495610 -0.25235993 -0.46126607
v -0.01495610 -0.24500552 -0.46519876
v -0.01495610 -0.25734738 -0.45844480
v -0.02495918 -0.23769340 -0.46887493
v -0.03496227 -0.23253687 -0.47118324
v -0.06939277 -0.20502129 -0.48323774
v -0.05496842 -0.21136129 -0.48058745
v -0.06939277 -0.21626422 -0.47827914
v -0.06939277 -0.07158558 0.29842374
v 0.13912451 -0.07090932 0.34322199
v 0.02500096 -0.29690894 0.34860805
v 0.02500096 -0.30498186 0.34484637
v 0.02500096 -0.31220946 0.34117016
v 0.02500096 -0.31719691 0.33843440
v 0.15504102 -0.07090932 0.34595779
v 0.14912760 -0.07090932 0.34510285
v 0.02256927 -0.12074167 0.34954849
v 0.01505314 -0.13502778 0.35502002
v -0.06939277 -0.14500269 0.34647074
v 0.00151306 -0.15083550 0.35972214
v 0.00493953 -0.15451269 0.36117551
v -0.06939277 -0.15239936 0.34929201
v -0.00495303 -0.16503708 0.36254340
v -0.06939277 -0.16503708 0.35271171
v -0.06939277 -0.17501199 0.35510552
v -0.06939277 -0.18502918 0.35655889
v -0.05452630 -0.18481785 0.35920918
v -0.05087876 -0.18798785 0.36014959
v -0.04496536 -0.19500411 0.36160296
v -0.03496227 -0.20502129 0.36374030
v -0.03496227 -0.21503848 0.36374030
v -0.03496227 -0.22501341 0.36331284
v -0.02495918 -0.23503059 0.36382580
v -0.02495918 -0.24500552 0.36220142
v -0.01495610 -0.25502270 0.36160296
v -0.01495610 -0.26123589 0.36032057
v -0.00495303 -0.26275751 0.36074805
v 0.00505006 -0.26334924 0.36100453
v 0.01505314 -0.26372963 0.36109000
v 0.01505314 -0.26871711 0.35955113
v 0.00505006 -0.27501482 0.35732833
v 0.00505006 -0.28503200 0.35390863
v 0.00505006 -0.29225960 0.35100186
v 0.01505314 -0.29221734 0.35091636
v 0.01505314 -0.33106035 0.33065456
v 0.01505314 -0.31250530 0.34134117
v 0.01505314 -0.31749278 0.33851990
v 0.00505006 -0.31766185 0.33860537
v 0.00505006 -0.33617461 0.32740581
v 0.01505314 -0.45802927 0.17565595
v 0.01505314 -0.46026942 0.17061186
v 0.01505314 -0.46255183 0.16496934
v 0.01505314 -0.46652490 0.15496667
v 0.02527729 -0.46174875 0.16582426
v 0.01505314 -0.45371810 0.18497467
v -0.01495610 -0.46889180 0.14693034
v -0.01495610 -0.47070926 0.14197175
v 0.00505006 -0.47092062 0.14265569
v 0.00505006 -0.46026942 0.17061186
v -0.01495610 -0.46010035 0.17026989
v -0.01495610 -0.46212915 0.16496934
v -0.01495610 -0.46589088 0.15496667
v 0.01433469 -0.38351324 0.28585628
v 0.02500096 -0.38909245 0.27901685
v -0.00495303 -0.35933673 0.30945233
v -0.00080809 -0.38004738 0.29004544
v 0.00505006 -0.36986113 0.29987711
v -0.00495303 -0.35434926 0.31338498
v -0.00495303 -0.34297955 0.32227623
v -0.00495303 -0.33592102 0.32732034
v 0.00505006 -0.38008964 0.29004544
v 0.01505314 -0.38934603 0.27927333
v 0.02500096 -0.39344591 0.27397278
v 0.01505314 -0.39872921 0.26841572
v 0.02500096 -0.41136694 0.25174463
v 0.00505006 -0.42903438 0.22866154
v 0.00505006 -0.43245798 0.22361746
v 0.00505006 -0.42442733 0.23498800
v 0.00505006 -0.42036974 0.24054503
v 0.00505006 -0.43744546 0.21558112
v 0.01505314 -0.41660801 0.24541813
v 0.00505006 -0.44357410 0.20498002
v 0.00505006 -0.44822341 0.19643071
v 0.00505006 -0.45067489 0.19147214
v -0.01495610 -0.47895128 0.11640938
v -0.01495610 -0.48038834 0.11145079
v -0.00495303 -0.48047286 0.11170727
v -0.01495610 -0.48216355 0.10495332
v -0.01495610 -0.48482633 0.09495066
v -0.01495610 -0.47303393 0.13496134
v -0.02495918 -0.47578126 0.12495866
v -0.02495918 -0.48677057 0.08494799
v -0.02197483 -0.49019420 0.07092716
v -0.01495610 -0.49027872 0.07135463
v -0.01495610 -0.49340644 0.05493999
v -0.01495610 -0.49505484 0.04493732
v -0.01495610 -0.49653417 0.03493465
v -0.01495610 -0.49792898 0.02493198
v -0.01451397 -0.49932379 0.01433086
v -0.02495918 -0.49839389 0.01492932
v -0.01755358 -0.49978870 0.00723495
v -0.01451397 -0.50025362 0.00432820
v -0.02424073 -0.49940830 0.00432820
v -0.02258275 -0.50021136 -0.00507602
v -0.02965677 -0.49995777 -0.01088954
v -0.02495918 -0.50084537 -0.03508402
v -0.03197792 -0.50012684 -0.04329134
v -0.01495610 -0.50139487 -0.04500120
v -0.02595396 -0.50050724 -0.04602711
v -0.01495610 -0.50084537 -0.05500387
v -0.00495303 -0.50156391 -0.05500387
v -0.00589253 -0.50063407 -0.06594696
v -0.00987166 -0.49995777 -0.06987963
v -0.03103840 -0.50008458 -0.01755798
v -0.02578817 -0.50042272 -0.01456573
v -0.04496536 -0.49902791 -0.02508136
v -0.03264111 -0.50021136 -0.03508402
v -0.06497151 -0.43816400 -0.25625414
v -0.06939277 -0.40312493 -0.31515872
v -0.06939277 -0.39991269 -0.31986085
v -0.06939277 -0.39636230 -0.32464844
v -0.06939277 -0.37861031 -0.34815899
v -0.06939277 -0.37641245 -0.35080925
v -0.06939277 -0.37315792 -0.35465643
v -0.06685054 -0.36952299 -0.35944405
v -0.06408727 -0.37315792 -0.35568234
v -0.05496842 -0.37501764 -0.35499841
v -0.03496227 -0.37670830 -0.35610983
v -0.02495918 -0.37721550 -0.35670826
v -0.02495918 -0.38139990 -0.35166419
v -0.06497151 -0.46111476 -0.20282108
v -0.06497151 -0.45917049 -0.20786515
v -0.06939277 -0.46884954 -0.17648926
v -0.06939277 -0.46779287 -0.17982349
v -0.06408727 -0.46775061 -0.18401264
v -0.06939277 -0.46280542 -0.19504121
v -0.06497151 -0.47337207 -0.16494772
v -0.06408727 -0.47079378 -0.17443743
v -0.06939277 -0.47037113 -0.17161617
v -0.06939277 -0.46149516 -0.19897389
v -0.06939277 -0.45536649 -0.21496105
v -0.04993924 -0.47996566 -0.14990097
v -0.05496842 -0.47789460 -0.15494505
v -0.06497151 -0.47616166 -0.15494505
v -0.05496842 -0.48085326 -0.14340352
v -0.03496227 -0.49273020 -0.10493171
v -0.03452013 -0.49074364 -0.11484889
v -0.03750449 -0.48960245 -0.11818311
v -0.06497151 -0.48376966 -0.12493705
v -0.06519258 -0.48123366 -0.13545267
v -0.01495610 -0.49437857 -0.10493171
v -0.02495918 -0.49378684 -0.10493171
v -0.02495918 -0.49830937 -0.07492371
v -0.03496227 -0.49754858 -0.07492371
v -0.03496227 -0.49611151 -0.08492638
v -0.03496227 -0.49454767 -0.09492905
v -0.02495918 -0.37222806 -0.36243629
v -0.01495610 -0.36795911 -0.36773685
v -0.01495610 -0.35823780 -0.37816697
v -0.02495918 -0.35282767 -0.38286909
v -0.02495918 -0.34779793 -0.38782766
v -0.02495918 -0.34281048 -0.39270076
v -0.01495610 -0.34314862 -0.39295724
v -0.01495610 -0.33786529 -0.39800134
v -0.00495303 -0.33807662 -0.39825782
v -0.00495303 -0.33308917 -0.40270343
v -0.00495303 -0.32738316 -0.40774751
v -0.00495303 -0.31652063 -0.41706625
v -0.01495610 -0.31144863 -0.42116991
v -0.00495303 -0.30523545 -0.42621398
v 0.00505006 -0.30029026 -0.43023214
v -0.00495303 -0.28849787 -0.43895242
v -0.01495610 -0.28858241 -0.43903792
v -0.00495303 -0.27602923 -0.44733071
v -0.02495918 -0.26503989 -0.45374268
v -0.03496227 -0.25692472 -0.45818833
v -0.02495918 -0.25713605 -0.45835930
v -0.01495610 -0.27594468 -0.44733071
v -0.02495918 -0.28338361 -0.44211566
v -0.02495918 -0.27560654 -0.44715974
v -0.02495918 -0.27061909 -0.45032299
v -0.03496227 -0.26503989 -0.45331523
v -0.04496536 -0.25662884 -0.45801735
v -0.03496227 -0.25193724 -0.46100959
v -0.02495918 -0.24500552 -0.46502775
v -0.03496227 -0.24500552 -0.46477127
v -0.03496227 -0.23752433 -0.46870396
v -0.04496536 -0.23228326 -0.47109774
v -0.05496842 -0.23194514 -0.47101226
v -0.06939277 -0.22116715 -0.47588536
v -0.06939277 -0.07623491 0.30269837
v -0.06939277 -0.09369102 0.31697568
v -0.06939277 -0.09867848 0.32090837
v 0.14503795 -0.07090932 0.34441891
v -0.06939277 -0.08249037 0.30791345
v 0.01505314 -0.29720479 0.34869355
v 0.01505314 -0.30498186 0.34510285
v -0.06939277 -0.12547553 0.33740848
v 0.01505314 -0.12708165 0.35134384
v -0.06939277 -0.13037845 0.33980229
v -0.06939277 -0.13109699 0.34014425
v -0.06939277 -0.13490097 0.34193960
v -0.06939277 -0.16017641 0.35142931
v -0.06939277 -0.19500411 0.35741383
v -0.05756593 -0.19500411 0.35955113
v -0.05259201 -0.19500411 0.36040607
v -0.04496536 -0.20502129 0.36228693
v -0.04496536 -0.21503848 0.36220142
v -0.04496536 -0.22501341 0.36168846
v -0.05109984 -0.23173380 0.36014959
v -0.03496227 -0.23503059 0.36245790
v -0.03490700 -0.24525912 0.36091903
v -0.03159106 -0.25121871 0.36023510
v -0.02009581 -0.26009470 0.35997862
v -0.02407493 -0.26406777 0.35835424
v -0.01495610 -0.26622337 0.35886720
v -0.00495303 -0.26774496 0.35929465
v 0.00505006 -0.26837897 0.35946566
v -0.00495303 -0.27501482 0.35698634
v -0.00495303 -0.28503200 0.35365215
v -0.00495303 -0.29204828 0.35091636
v 0.00505006 -0.29724705 0.34877905
v 0.00505006 -0.33118716 0.33065456
v 0.00505006 -0.32497397 0.33433074
v 0.00505006 -0.31267437 0.34142664
v 0.00505006 -0.30498186 0.34527382
v -0.00495303 -0.31749278 0.33851990
v 0.00505006 -0.45371810 0.18497467
v -0.02495918 -0.46859592 0.14616090
v -0.02042741 -0.46001583 0.17009890
v -0.02495918 -0.47041339 0.14111681
v -0.02495918 -0.47248447 0.13496134
v -0.01495610 -0.45329541 0.18497467
v -0.01495610 -0.35853368 0.30876836
v -0.02495918 -0.36343658 0.30312583
v -0.02495918 -0.36842406 0.29850921
v -0.01495610 -0.36905804 0.29910767
v -0.00495303 -0.36466232 0.30440822
v -0.01495610 -0.35354620 0.31278655
v -0.00451089 -0.37582070 0.29380712
v -0.00749524 -0.37970924 0.28970346
v -0.02495918 -0.38837391 0.27816191
v -0.02495918 -0.39775708 0.26730433
v -0.00495303 -0.39348817 0.27405825
v 0.00505006 -0.39877149 0.26850122
v 0.00505006 -0.39378402 0.27431473
v 0.00505006 -0.38943055 0.27935880
v -0.01495610 -0.34221876 0.32167780
v -0.01495610 -0.33423036 0.32723483
v -0.00495303 -0.33089128 0.33048356
v -0.01164016 -0.33038411 0.33022708
v 0.00505006 -0.40777427 0.25713065
v 0.01505314 -0.40768975 0.25704518
v 0.01505314 -0.41162053 0.25200111
v -0.01495610 -0.42861173 0.22814858
v -0.01495610 -0.43220437 0.22310451
v -0.01495610 -0.43719184 0.21515366
v -0.01484556 -0.42294800 0.23592842
v 0.00505006 -0.41665027 0.24550363
v -0.00495303 -0.41643894 0.24524716
v -0.01805098 -0.41990480 0.23986110
v -0.02031687 -0.44002372 0.21002409
v -0.01495610 -0.44302464 0.20498002
v -0.01495610 -0.44792756 0.19600326
v -0.00495303 -0.45059037 0.19121566
v -0.02280383 -0.48021924 0.11085233
v -0.02495918 -0.48431912 0.09495066
v -0.03098314 -0.47011754 0.14034738
v -0.03496227 -0.47464007 0.12495866
v -0.03496227 -0.47776780 0.11495599
v -0.02567764 -0.47890902 0.11452854
v -0.03496227 -0.48567164 0.08494799
v -0.02518025 -0.48905298 0.07451786
v -0.02866198 -0.48981380 0.06921729
v -0.02518025 -0.49095500 0.06554110
v -0.02495918 -0.49285698 0.05493999
v -0.03496227 -0.48786950 0.07494532
v -0.02495918 -0.49446312 0.04493732
v -0.02495918 -0.49590018 0.03493465
v -0.02495918 -0.49716818 0.02493198
v -0.04496536 -0.49649191 0.01492932
v -0.04496536 -0.49750632 0.00492664
v -0.03496227 -0.49911243 -0.00507602
v -0.04496536 -0.49818259 -0.00507602
v -0.04496536 -0.49877429 -0.01507869
v -0.03761503 -0.49978870 -0.03508402
v -0.03518333 -0.49974644 -0.04602711
v -0.03496227 -0.49932379 -0.05500387
v -0.02081425 -0.50004232 -0.06073189
v -0.01495610 -0.50025362 -0.06304020
v -0.02446179 -0.49945056 -0.06449357
v -0.03496227 -0.49864751 -0.06500653
v -0.05496842 -0.49750632 -0.01507869
v -0.05496842 -0.49759084 -0.02508136
v -0.04496536 -0.49907017 -0.03508402
v -0.06939277 -0.36931166 -0.35918757
v -0.06021866 -0.37003019 -0.35995701
v -0.06939277 -0.35997072 -0.36978868
v -0.06276089 -0.36043566 -0.37047261
v -0.05496842 -0.37036830 -0.36038446
v -0.04496536 -0.37104458 -0.36115390
v -0.03496227 -0.37172085 -0.36183783
v -0.06939277 -0.46056527 -0.20153868
v -0.06939277 -0.45980448 -0.20359051
v -0.06939277 -0.45870554 -0.20641176
v -0.06939277 -0.47108966 -0.16922235
v -0.06939277 -0.47941619 -0.13981281
v -0.06939277 -0.47514725 -0.15494505
v -0.05496842 -0.47958526 -0.14844760
v -0.06519258 -0.47886673 -0.14477140
v -0.06867430 -0.47975433 -0.13912886
v -0.06198716 -0.48030379 -0.14126620
v -0.05270255 -0.49044779 -0.10228144
v -0.04518640 -0.49103951 -0.10535918
v -0.04866815 -0.48977152 -0.10894988
v -0.04518640 -0.48909527 -0.11484889
v -0.05496842 -0.48753139 -0.11493438
v -0.06939277 -0.48190993 -0.12938267
v -0.06497151 -0.48592526 -0.11493438
v -0.06939277 -0.48507994 -0.11493438
v -0.06939277 -0.48410779 -0.11938001
v -0.04496536 -0.49737951 -0.06500653
v -0.04496536 -0.49615377 -0.07492371
v -0.04496536 -0.49298379 -0.09492905
v -0.03496227 -0.36707151 -0.36688191
v -0.02495918 -0.36757872 -0.36739486
v -0.02495918 -0.35785741 -0.37773952
v -0.03496227 -0.35232046 -0.38244164
v -0.04496536 -0.34200740 -0.39193133
v -0.03496227 -0.34243008 -0.39235881
v -0.03496227 -0.33727354 -0.39731738
v -0.02495918 -0.33761168 -0.39765936
v -0.03496227 -0.33224383 -0.40210500
v -0.02495918 -0.33258197 -0.40236148
v -0.01495610 -0.33287781 -0.40253246
v -0.01495610 -0.32721409 -0.40757653
v -0.02495918 -0.31132185 -0.42108440
v -0.01495610 -0.30016345 -0.43014666
v -0.01495610 -0.29496467 -0.43416482
v -0.02495918 -0.28832880 -0.43878144
v -0.01495610 -0.28363723 -0.44228664
v -0.02169850 -0.30007893 -0.43006116
v -0.03496227 -0.28283414 -0.44194469
v -0.03496227 -0.27522615 -0.44690326
v -0.04004669 -0.27002737 -0.44998100
v -0.04402584 -0.26584297 -0.45237482
v -0.06497151 -0.25062698 -0.46032566
v -0.05496842 -0.25117645 -0.46066761
v -0.04496536 -0.25164139 -0.46083862
v -0.04673386 -0.26973149 -0.44981003
v -0.05496842 -0.26427910 -0.45263129
v -0.04496536 -0.24500552 -0.46442932
v -0.04496536 -0.23727073 -0.46853295
v -0.06939277 -0.22869061 -0.47212365
v -0.06939277 -0.22501341 -0.47400451
v -0.06939277 -0.23418526 -0.46921691
v -0.06939277 -0.10501848 0.32509750
v -0.06939277 -0.11131620 0.32911569
v -0.06939277 -0.11630367 0.33227891
v -0.06939277 -0.20502129 0.35792679
v -0.06497151 -0.20502129 0.35878170
v -0.05436051 -0.20502129 0.36074805
v -0.05408418 -0.21503848 0.36066255
v -0.05911335 -0.21503848 0.35980761
v -0.05751064 -0.22501341 0.35955113
v -0.06497151 -0.22501341 0.35809776
v -0.05463684 -0.23507287 0.35912368
v -0.04888922 -0.23841193 0.35980761
v -0.04535222 -0.23507287 0.36074805
v -0.04225734 -0.24204686 0.36032057
v -0.04535222 -0.24525912 0.35920918
v -0.03822294 -0.24872498 0.35972214
v -0.03490700 -0.25472686 0.35903817
v -0.02678294 -0.25789684 0.35955113
v -0.03496227 -0.26503989 0.35647342
v -0.02495918 -0.27501482 0.35493454
v -0.01495610 -0.27501482 0.35613143
v -0.01495610 -0.28503200 0.35279721
v -0.01495610 -0.29120293 0.35048890
v -0.00495303 -0.30498186 0.34501734
v -0.00495303 -0.32497397 0.33407426
v -0.00495303 -0.31250530 0.34134117
v -0.01495610 -0.31673199 0.33809242
v -0.02495918 -0.46534142 0.15496667
v -0.02424073 -0.45777568 0.17403159
v -0.02705927 -0.45967770 0.16915849
v -0.02424073 -0.46141061 0.16548230
v -0.02274856 -0.45029449 0.19053170
v -0.02562237 -0.45215422 0.18591508
v -0.01495610 -0.45046356 0.19095919
v -0.02495918 -0.35768834 0.30808443
v -0.03496227 -0.36263353 0.30235639
v -0.03496227 -0.36762100 0.29773977
v -0.02495918 -0.37370738 0.29346514
v -0.02495918 -0.37869483 0.28867754
v -0.01495610 -0.37928659 0.28927600
v -0.02495918 -0.34640315 0.31714666
v -0.02495918 -0.35270086 0.31210259
v -0.02495918 -0.38338643 0.28371894
v -0.03496227 -0.38773990 0.27739248
v -0.03496227 -0.39209336 0.27234840
v -0.03496227 -0.39708084 0.26653489
v -0.03496227 -0.40130749 0.26157629
v -0.02495918 -0.40189922 0.26234573
v -0.00495303 -0.39851788 0.26815924
v -0.00495303 -0.40253320 0.26320067
v -0.03302796 -0.34065488 0.32048088
v -0.02495918 -0.33499116 0.32535398
v -0.03496227 -0.32294518 0.33193696
v -0.02495918 -0.32395956 0.33253539
v -0.00495303 -0.40756294 0.25678870
v -0.00495303 -0.41140920 0.25183010
v 0.00505006 -0.41166282 0.25208658
v -0.02495918 -0.42831585 0.22772112
v -0.02495918 -0.43186623 0.22267702
v -0.02495918 -0.41550905 0.24499068
v -0.02495918 -0.41965121 0.23951912
v -0.02495918 -0.42332840 0.23456055
v -0.01495610 -0.41115561 0.25148815
v -0.02418546 -0.43731862 0.21395674
v -0.02694875 -0.43968558 0.20942563
v -0.02418546 -0.44209477 0.20566395
v -0.02949096 -0.47992340 0.10982642
v -0.02567764 -0.48136047 0.10589375
v -0.03496227 -0.48322019 0.09495066
v -0.04496536 -0.46656716 0.14496399
v -0.03767028 -0.46969485 0.13906498
v -0.03496227 -0.46420020 0.15496667
v -0.04496536 -0.47337207 0.12495866
v -0.05496842 -0.47523180 0.11495599
v -0.04496536 -0.47899354 0.10623571
v -0.05496842 -0.48322019 0.08494799
v -0.03496227 -0.48947567 0.06733645
v -0.04098621 -0.49010965 0.06058252
v -0.03496227 -0.49175805 0.05493999
v -0.04496536 -0.49234980 0.04493732
v -0.05496842 -0.48541805 0.07494532
v -0.05496842 -0.48753139 0.06494266
v -0.03496227 -0.49488577 0.03493465
v -0.05496842 -0.49551976 0.01492932
v -0.05496842 -0.49649191 0.00492664
v -0.05496842 -0.49708366 -0.00507602
v -0.04496536 -0.49877429 -0.04500120
v -0.04496536 -0.49818259 -0.05500387
v -0.06497151 -0.49518165 -0.00507602
v -0.06497151 -0.49547750 -0.01507869
v -0.06497151 -0.49543524 -0.02508136
v -0.05496842 -0.49746406 -0.03508402
v -0.05496842 -0.36597258 -0.36542854
v -0.06939277 -0.34014767 -0.39013597
v -0.06309247 -0.35058755 -0.38056079
v -0.05496842 -0.35620901 -0.37602967
v -0.05496842 -0.36094287 -0.37098557
v -0.05496842 -0.34636086 -0.38628879
v -0.05496842 -0.35122153 -0.38124472
v -0.05938968 -0.48989832 -0.09928918
v -0.06497151 -0.48786950 -0.10493171
v -0.06939277 -0.48710871 -0.10493171
v -0.05496842 -0.49640739 -0.05500387
v -0.05496842 -0.49551976 -0.06500653
v -0.06497151 -0.49239206 -0.07492371
v -0.06939277 -0.48977152 -0.08826060
v -0.06939277 -0.48875713 -0.09527102
v -0.06535837 -0.48943338 -0.09552750
v -0.04496536 -0.36153460 -0.37158403
v -0.04496536 -0.35181326 -0.38192868
v -0.03496227 -0.36208406 -0.37218249
v -0.04496536 -0.34699488 -0.38688725
v -0.05496842 -0.34137341 -0.39133289
v -0.04496536 -0.33177888 -0.40167752
v -0.03496227 -0.32674918 -0.40714908
v -0.02495918 -0.32201532 -0.41176569
v -0.03496227 -0.31094146 -0.42074245
v -0.03496227 -0.30498186 -0.42544454
v -0.02501445 -0.30405200 -0.42681244
v -0.03496227 -0.32176170 -0.41150922
v -0.03496227 -0.29454201 -0.43339539
v -0.03496227 -0.28782162 -0.43835399
v -0.04496536 -0.28228468 -0.44160271
v -0.02833039 -0.29986760 -0.42989019
v -0.04402584 -0.27404270 -0.44715974
v -0.06497151 -0.25561446 -0.45724791
v -0.06939277 -0.25033110 -0.46015465
v -0.06939277 -0.24847138 -0.46126607
v -0.06497151 -0.24500552 -0.46348888
v -0.06939277 -0.23638314 -0.46801999
v -0.05496842 -0.24500552 -0.46400183
v -0.05496842 -0.27501482 -0.44570637
v -0.05496842 -0.26926658 -0.44946805
v -0.06939277 -0.26613882 -0.45032299
v -0.06939277 -0.21503848 0.35775578
v -0.06939277 -0.21943422 0.35749930
v -0.06939277 -0.22501341 0.35715735
v -0.06939277 -0.22940914 0.35672987
v -0.06497151 -0.23503059 0.35707185
v -0.06497151 -0.24500552 0.35536200
v -0.05496842 -0.24500552 0.35741383
v -0.05496842 -0.25502270 0.35536200
v -0.04496536 -0.25502270 0.35724282
v -0.04496536 -0.26503989 0.35476354
v -0.03496227 -0.27501482 0.35339567
v -0.03496227 -0.28287640 0.35091636
v -0.02490392 -0.28566602 0.35142931
v -0.02153271 -0.29035762 0.35014692
v -0.02490392 -0.29420388 0.34800962
v -0.01495610 -0.30498186 0.34416243
v -0.01495610 -0.31174451 0.34091368
v -0.02495918 -0.31567532 0.33749399
v -0.02943569 -0.44991410 0.18984777
v -0.03496227 -0.45912820 0.16787609
v -0.03496227 -0.46115702 0.16283201
v -0.03496227 -0.45591596 0.17497200
v -0.02562237 -0.44801211 0.19429338
v -0.03496227 -0.35671622 0.30731499
v -0.05275780 -0.36064699 0.30056104
v -0.04496536 -0.36656433 0.29671386
v -0.03496227 -0.37290430 0.29269570
v -0.03496227 -0.37789178 0.28790811
v -0.03496227 -0.38275242 0.28294951
v -0.03496227 -0.35172874 0.31133315
v -0.05496842 -0.38085043 0.28089768
v -0.04496536 -0.38681003 0.27628106
v -0.05911335 -0.38981098 0.26978362
v -0.05684745 -0.39944774 0.25926799
v -0.05021557 -0.39999723 0.26003742
v -0.04496536 -0.40046215 0.26055038
v -0.03551492 -0.40697122 0.25430939
v -0.03258584 -0.41039479 0.25054771
v -0.01495610 -0.40223736 0.26277319
v -0.02495918 -0.41081747 0.25106066
v -0.01495610 -0.40726709 0.25653222
v -0.03579125 -0.33592102 0.32321668
v -0.03971511 -0.33989409 0.31988245
v -0.03579125 -0.34437436 0.31706119
v -0.03418855 -0.31402692 0.33723751
v -0.04496536 -0.32150811 0.33099651
v -0.03496227 -0.42772412 0.22669521
v -0.03496227 -0.41905946 0.23874968
v -0.03496227 -0.42269439 0.23370561
v -0.03496227 -0.43118998 0.22173661
v -0.03496227 -0.43528986 0.21498266
v -0.03496227 -0.43909383 0.20839971
v -0.03496227 -0.44188344 0.20335564
v -0.03496227 -0.48093778 0.10358544
v -0.04496536 -0.48199445 0.09495066
v -0.05496842 -0.46521461 0.14496399
v -0.05563161 -0.46876502 0.13461936
v -0.05944493 -0.46990621 0.12974626
v -0.04496536 -0.46280542 0.15496667
v -0.05563161 -0.47168142 0.12581359
v -0.06497151 -0.47379473 0.11495599
v -0.06497151 -0.47671115 0.10495332
v -0.05408418 -0.47844407 0.10401291
v -0.05408418 -0.48085326 0.09503615
v -0.06939277 -0.48021924 0.08939362
v -0.06596628 -0.48148727 0.08597390
v -0.06497151 -0.48406553 0.07494532
v -0.06331354 -0.48047286 0.09178743
v -0.04457849 -0.48892617 0.06434420
v -0.04767337 -0.48968697 0.05844519
v -0.05270255 -0.49032098 0.05177675
v -0.05496842 -0.49277246 0.03493465
v -0.05557635 -0.49099725 0.04570676
v -0.06497151 -0.48617887 0.06494266
v -0.05933443 -0.48989832 0.04955394
v -0.05557635 -0.48934886 0.05502548
v -0.05496842 -0.49416727 0.02493198
v -0.06497151 -0.49268791 0.02493198
v -0.06497151 -0.49391365 0.01492932
v -0.06497151 -0.49475896 0.00492664
v -0.05496842 -0.49708366 -0.04500120
v -0.06939277 -0.49412498 -0.00507602
v -0.06939277 -0.49429405 -0.00943616
v -0.06939277 -0.49442083 -0.01507869
v -0.06939277 -0.49442083 -0.02508136
v -0.06939277 -0.49433631 -0.02944149
v -0.06939277 -0.49408272 -0.03944416
v -0.06939277 -0.49391365 -0.04500120
v -0.06939277 -0.49374458 -0.04944683
v -0.06939277 -0.33820343 -0.39201683
v -0.06497151 -0.49437857 -0.05500387
v -0.06939277 -0.49315286 -0.05944950
v -0.06497151 -0.49357551 -0.06500653
v -0.06939277 -0.49226525 -0.06919569
v -0.06939277 -0.49158898 -0.07466723
v -0.06939277 -0.32996142 -0.39996767
v -0.05496842 -0.33609009 -0.39629146
v -0.05496842 -0.33106035 -0.40099359
v -0.06160030 -0.32024011 -0.41014132
v -0.05496842 -0.32066277 -0.41056877
v -0.04496536 -0.32628423 -0.40663612
v -0.04496536 -0.32129678 -0.41108173
v -0.04496536 -0.31034970 -0.42022949
v -0.05413944 -0.30574265 -0.42305076
v -0.05496842 -0.29851505 -0.42877877
v -0.03496227 -0.29952946 -0.42963371
v -0.05496842 -0.29348534 -0.43254045
v -0.05496842 -0.28668040 -0.43758455
v -0.05496842 -0.28169295 -0.44117525
v -0.06497151 -0.27501482 -0.44476596
v -0.06939277 -0.26833668 -0.44886959
v -0.06939277 -0.23503059 0.35613143
v -0.06939277 -0.23942633 0.35536200
v -0.06939277 -0.24500552 0.35433608
v -0.06939277 -0.24935898 0.35348114
v -0.06939277 -0.25498044 0.35236976
v -0.06497151 -0.25502270 0.35331017
v -0.06939277 -0.25908029 0.35142931
v -0.05496842 -0.26503989 0.35279721
v -0.06038445 -0.27032322 0.35006145
v -0.04153886 -0.28105894 0.35031793
v -0.03496227 -0.28782162 0.34920651
v -0.02821986 -0.28938547 0.34971946
v -0.02495918 -0.30498186 0.34305102
v -0.03418855 -0.30540451 0.34159765
v -0.03037521 -0.31009611 0.33997327
v -0.02495918 -0.31068784 0.34031525
v -0.03496227 -0.44636369 0.19497734
v -0.03496227 -0.44949144 0.18890736
v -0.04496536 -0.45435208 0.17497200
v -0.05557635 -0.45228103 0.17582694
v -0.05419472 -0.45777568 0.16402891
v -0.05695799 -0.45955089 0.15881385
v -0.04496536 -0.46043849 0.16103666
v -0.04573905 -0.35447606 0.30705851
v -0.05944493 -0.35984391 0.29987711
v -0.05563161 -0.36436647 0.29645738
v -0.06027395 -0.37007245 0.29004544
v -0.05496842 -0.37066418 0.29064387
v -0.05496842 -0.37569392 0.28585628
v -0.04496536 -0.37683511 0.28688219
v -0.06093711 -0.38021645 0.28021374
v -0.06497151 -0.39357269 0.26405558
v -0.06497151 -0.39856017 0.25824207
v -0.06497151 -0.40756294 0.24687153
v -0.05496842 -0.40853506 0.24815392
v -0.05408418 -0.40282908 0.25559178
v -0.04496536 -0.40485787 0.25499335
v -0.04496536 -0.41326892 0.24422124
v -0.04496536 -0.33410355 0.32270372
v -0.04496536 -0.33909100 0.31936949
v -0.05496842 -0.34416300 0.31321400
v -0.04960766 -0.34986901 0.30987978
v -0.03700709 -0.30899718 0.33946031
v -0.04496536 -0.31499904 0.33475822
v -0.05806330 -0.31926799 0.32954314
v -0.05480263 -0.32425544 0.32706386
v -0.06314775 -0.33114490 0.32073736
v -0.05496842 -0.33253968 0.32159230
v -0.04496536 -0.42189133 0.23259422
v -0.05496842 -0.42104599 0.23148280
v -0.04496536 -0.41825640 0.23763829
v -0.04258892 -0.43047145 0.22071069
v -0.05496842 -0.43233117 0.21387127
v -0.04496536 -0.43820626 0.20686084
v -0.04551801 -0.43288064 0.21583760
v -0.05226040 -0.44040412 0.20070535
v -0.04496536 -0.44103810 0.20181677
v -0.04496536 -0.44471532 0.19497734
v -0.06497151 -0.46356621 0.14496399
v -0.06497151 -0.46720114 0.13496134
v -0.05419472 -0.46132606 0.15530863
v -0.06497151 -0.46944129 0.12837838
v -0.06497151 -0.47113192 0.12333430
v -0.06939277 -0.47282261 0.11504148
v -0.06939277 -0.47413287 0.11059585
v -0.06939277 -0.47066700 0.12205191
v -0.05679220 -0.47958526 0.09845586
v -0.06939277 -0.47988111 0.09067601
v -0.06939277 -0.48524898 0.06494266
v -0.06287143 -0.49049005 0.04288549
v -0.06568995 -0.49112403 0.03561860
v -0.06939277 -0.48609433 0.06058252
v -0.06497151 -0.48808086 0.05493999
v -0.06939277 -0.48989832 0.03963676
v -0.06939277 -0.49065912 0.03382324
v -0.06939277 -0.49171579 0.02493198
v -0.06939277 -0.49281472 0.01518580
v -0.06939277 -0.49366003 0.00492664
v -0.06939277 -0.49387139 0.00056651
v -0.06939277 -0.49344873 -0.05500387
v -0.06939277 -0.49268791 -0.06500653
v -0.06939277 -0.31960610 -0.40962836
v -0.06823218 -0.31973290 -0.40971386
v -0.06497151 -0.30908173 -0.41920358
v -0.05690274 -0.30958891 -0.41963103
v -0.05021557 -0.31001160 -0.41997302
v -0.06497151 -0.29783881 -0.42826581
v -0.06497151 -0.29280907 -0.43211299
v -0.06497151 -0.28596187 -0.43707159
v -0.06497151 -0.28097442 -0.44066229
v -0.06939277 -0.27192935 -0.44639030
v -0.06939277 -0.26241937 0.35057440
v -0.06707162 -0.26795629 0.34929201
v -0.06425306 -0.27421176 0.34783861
v -0.05496842 -0.28503200 0.34604326
v -0.04491007 -0.28465161 0.34835157
v -0.04496536 -0.29496467 0.34433341
v -0.03496227 -0.29496467 0.34621426
v -0.04496536 -0.44868836 0.18719748
v -0.05927914 -0.44987184 0.17975961
v -0.06497151 -0.45545101 0.16496934
v -0.06497151 -0.45879006 0.15701850
v -0.05563161 -0.35591313 0.30380979
v -0.06497151 -0.34268367 0.31210259
v -0.06497151 -0.34767115 0.30816993
v -0.06497151 -0.35401112 0.30312583
v -0.06497151 -0.35899860 0.29910767
v -0.06414253 -0.36546540 0.29337966
v -0.06696108 -0.36914259 0.28919050
v -0.06762427 -0.37932885 0.27927333
v -0.06458464 -0.38347095 0.27559713
v -0.06939277 -0.38013190 0.27781993
v -0.06939277 -0.39044496 0.26610741
v -0.06939277 -0.39289641 0.26328614
v -0.06939277 -0.39792615 0.25747263
v -0.06939277 -0.39970136 0.25524983
v -0.06939277 -0.40950722 0.24293885
v -0.06939277 -0.41090202 0.24114349
v -0.06497151 -0.41145146 0.24182743
v -0.05496842 -0.41246587 0.24310982
v -0.05496842 -0.33752716 0.31825808
v -0.04496536 -0.30734879 0.33877638
v -0.06497151 -0.31288570 0.33159497
v -0.05480263 -0.31554851 0.33236441
v -0.06497151 -0.31787318 0.32868820
v -0.06939277 -0.32945424 0.32030991
v -0.06939277 -0.33046862 0.31962597
v -0.06585577 -0.33469528 0.31765962
v -0.06160030 -0.42036974 0.23054239
v -0.05496842 -0.42535719 0.22498533
v -0.05496842 -0.41745335 0.23644137
v -0.04922080 -0.42983747 0.21977028
v -0.05496842 -0.42928797 0.21882984
v -0.06497151 -0.42818904 0.21711999
v -0.06497151 -0.43127453 0.21207592
v -0.06497151 -0.43541664 0.20498002
v -0.05894756 -0.43981236 0.19959396
v -0.05535528 -0.43774131 0.20438156
v -0.05535528 -0.44251743 0.19574678
v -0.06939277 -0.45984674 0.15197441
v -0.06939277 -0.46031168 0.15077752
v -0.06939277 -0.46255183 0.14487851
v -0.06939277 -0.46415794 0.14060386
v -0.06939277 -0.46618676 0.13496134
v -0.06939277 -0.47011754 0.12376176
v -0.06939277 -0.48715097 0.05493999
v -0.06939277 -0.30870131 -0.41894710
v -0.06939277 -0.30367160 -0.42296526
v -0.06939277 -0.29741612 -0.42792383
v -0.06939277 -0.29521826 -0.42963371
v -0.06939277 -0.29242867 -0.43177101
v -0.06939277 -0.28913188 -0.43425032
v -0.06939277 -0.28249601 -0.43903792
v -0.06939277 -0.27539521 -0.44399652
v -0.06939277 -0.26706868 0.34903553
v -0.06939277 -0.27002737 0.34800962
v -0.06939277 -0.28503200 0.34270903
v -0.06497151 -0.28503200 0.34382045
v -0.06497151 -0.29230186 0.34099919
v -0.05496842 -0.29547188 0.34193960
v -0.05159724 -0.30079746 0.34031525
v -0.05557635 -0.44822341 0.18446171
v -0.06497151 -0.44928008 0.17847721
v -0.06497151 -0.45164704 0.17343313
v -0.06497151 -0.44615236 0.18497467
v -0.06939277 -0.45422530 0.16522582
v -0.06939277 -0.45646542 0.16001074
v -0.06939277 -0.45109755 0.17232172
v -0.06939277 -0.34188062 0.31150416
v -0.06939277 -0.35316581 0.30252740
v -0.06939277 -0.35815325 0.29842374
v -0.06939277 -0.36064699 0.29620090
v -0.06939277 -0.37032604 0.28730965
v -0.06939277 -0.37903297 0.27901685
v -0.06939277 -0.41939759 0.22908899
v -0.06828746 -0.41956666 0.22934547
v -0.06497151 -0.41690385 0.23430407
v -0.05496842 -0.30447465 0.33792144
v -0.06497151 -0.30498186 0.33535665
v -0.06939277 -0.30870131 0.33253539
v -0.06939277 -0.31191358 0.33099651
v -0.06939277 -0.31656292 0.32826075
v -0.06939277 -0.32045144 0.32595244
v -0.06939277 -0.33794981 0.31432542
v -0.06497151 -0.42277890 0.22558379
v -0.06939277 -0.42971066 0.21284536
v -0.06939277 -0.43072504 0.21122098
v -0.06939277 -0.44133395 0.19241256
v -0.06497151 -0.44188344 0.19343847
v -0.06939277 -0.28908962 0.34117016
v -0.05828437 -0.29910681 0.33954582
v -0.06939277 -0.29103386 0.34040073
v -0.06939277 -0.29323173 0.33946031
v -0.06939277 -0.30079746 0.33612609
v -0.06939277 -0.30523545 0.33415976
v -0.06939277 -0.45012543 0.17445904
v -0.06939277 -0.44484210 0.18531665
v -0.06939277 -0.41994706 0.22823408
f 1 2 7
f 1 7 3
f 1 3 4
f 1 4 11
f 1 11 24
f 1 24 42
f 1 42 62
f 1 62 84
f 1 84 117
f 1 117 158
f 1 158 157
f 1 157 156
f 1 156 155
f 1 155 197
f 1 197 242
f 1 242 241
f 1 241 292
f 1 292 291
f 1 291 358
f 1 358 425
f 1 425 509
f 1 509 508
f 1 508 595
f 1 595 695
f 1 695 809
f 1 809 808
f 1 808 915
f 1 915 1042
f 1 1042 1041
f 1 1041 1040
f 1 1040 1039
f 1 1039 1038
f 1 1038 1173
f 1 1173 1307
f 1 1307 1306
f 1 1306 1305
f 1 1305 1304
f 1 1304 1461
f 1 1461 1472
f 1 1472 1631
f 1 1631 1630
f 1 1630 1629
f 1 1629 1627
f 1 1627 1799
f 1 1799 1797
f 1 1797 1988
f 1 1988 2174
f 1 2174 2371
f 1 2371 2370
f 1 2370 2369
f 1 2369 2368
f 1 2368 2367
f 1 2367 2366
f 1 2366 2570
f 1 2570 2569
f 1 2569 2771
f 1 2771 2982
f 1 2982 2981
f 1 2981 2980
f 1 2980 2979
f 1 2979 3195
f 1 3195 3418
f 1 3418 3417
f 1 3417 3416
f 1 3416 3653
f 1 3653 3686
f 1 3686 3925
f 1 3925 3683
f 1 3683 3924
f 1 3924 4150
f 1 4150 4372
f 1 4372 4371
f 1 4371 4370
f 1 4370 4601
f 1 4601 4599
f 1 4599 4820
f 1 4820 5035
f 1 5035 5034
f 1 5034 5033
f 1 5033 5234
f 1 5234 5431
f 1 5431 5616
f 1 5616 5794
f 1 5794 5978
f 1 5978 5800
f 1 5800 5799
f 1 5799 5621
f 1 5621 5438
f 1 5438 5437
f 1 5437 5245
f 1 5245 5046
f 1 5046 4842
f 1 4842 4629
f 1 4629 4628
f 1 4628 4627
f 1 4627 4626
f 1 4626 4624
f 1 4624 4635
f 1 4635 4832
f 1 4832 4831
f 1 4831 4614
f 1 4614 4604
f 1 4604 4603
f 1 4603 4602
f 1 4602 4373
f 1 4373 4155
f 1 4155 4154
f 1 4154 3931
f 1 3931 4153
f 1 4153 4151
f 1 4151 3926
f 1 3926 3687
f 1 3687 3453
f 1 3453 3452
f 1 3452 3451
f 1 3451 3450
f 1 3450 3224
f 1 3224 3011
f 1 3011 3010
f 1 3010 2795
f 1 2795 2794
f 1 2794 2587
f 1 2587 2397
f 1 2397 2396
f 1 2396 2395
f 1 2395 2392
f 1 2392 2206
f 1 2206 2391
f 1 2391 2586
f 1 2586 2389
f 1 2389 2202
f 1 2202 2201
f 1 2201 2200
f 1 2200 2011
f 1 2011 2010
f 1 2010 2009
f 1 2009 2008
f 1 2008 2007
f 1 2007 1817
f 1 1817 1658
f 1 1658 1657
f 1 1657 1494
f 1 1494 1493
f 1 1493 1492
f 1 1492 1344
f 1 1344 1343
f 1 1343 1342
f 1 1342 1341
f 1 1341 1193
f 1 1193 1192
f 1 1192 1191
f 1 1191 1060
f 1 1060 1059
f 1 1059 930
f 1 930 819
f 1 819 818
f 1 818 703
f 1 703 702
f 1 702 606
f 1 606 605
f 1 605 603
f 1 603 602
f 1 602 601
f 1 601 516
f 1 516 430
f 1 430 359
f 1 359 296
f 1 296 295
f 1 295 294
f 1 294 243
f 1 243 199
f 1 199 198
f 1 198 173
f 1 173 134
f 1 134 133
f 1 133 132
f 1 132 131
f 1 131 94
f 1 94 67
f 1 67 66
f 1 66 46
f 1 46 43
f 1 43 25
f 1 25 12
f 1 12 5
f 1 5 2
f 2 5 6
f 2 6 7
f 3 8 9
f 3 9 4
f 3 7 10
f 3 10 8
f 4 9 23
f 4 23 11
f 5 12 6
f 6 13 7
f 6 12 14
f 6 14 15
f 6 15 13
f 7 13 10
f 8 16 17
f 8 17 18
f 8 18 9
f 8 10 19
f 8 19 20
f 8 20 21
f 8 21 16
f 9 18 22
f 9 22 23
f 10 13 19
f 11 23 24
f 12 25 14
f 13 26 20
f 13 20 19
f 13 15 27
f 13 27 26
f 14 28 47
f 14 47 29
f 14 29 30
f 14 30 15
f 14 25 28
f 15 30 27
f 16 31 17
f 16 21 32
f 16 32 31
f 17 33 34
f 17 34 35
f 17 35 22
f 17 22 18
f 17 31 36
f 17 36 33
f 20 26 37
f 20 37 38
f 20 38 21
f 21 38 50
f 21 50 32
f 22 35 39
f 22 39 40
f 22 40 23
f 23 40 41
f 23 41 24
f 24 41 42
f 25 43 28
f 26 27 44
f 26 44 37
f 27 30 45
f 27 45 44
f 28 43 46
f 28 46 47
f 29 47 48
f 29 48 30
f 30 48 45
f 31 32 36
f 32 49 36
f 32 50 49
f 33 51 52
f 33 52 53
f 33 53 54
f 33 54 34
f 33 36 51
f 34 54 39
f 34 39 35
f 36 55 51
f 36 49 55
f 37 44 38
f 38 44 63
f 38 63 50
f 39 56 57
f 39 57 58
f 39 58 59
f 39 59 40
f 39 54 53
f 39 53 56
f 40 59 60
f 40 60 61
f 40 61 41
f 41 61 60
f 41 60 42
f 42 60 62
f 44 45 64
f 44 64 63
f 45 48 65
f 45 65 64
f 46 66 47
f 47 66 48
f 48 66 67
f 48 67 68
f 48 68 69
f 48 69 70
f 48 70 65
f 49 71 72
f 49 72 55
f 49 50 73
f 49 73 74
f 49 74 71
f 50 63 75
f 50 75 73
f 51 76 52
f 51 55 76
f 52 77 78
f 52 78 53
f 52 76 77
f 53 78 56
f 55 72 76
f 56 78 79
f 56 79 57
f 57 80 81
f 57 81 82
f 57 82 58
f 57 79 80
f 58 82 60
f 58 60 59
f 60 82 83
f 60 83 62
f 62 83 84
f 63 64 85
f 63 85 75
f 64 65 86
f 64 86 85
f 65 87 88
f 65 88 89
f 65 89 90
f 65 90 91
f 65 91 92
f 65 92 93
f 65 93 86
f 65 70 87
f 67 94 95
f 67 95 69
f 67 69 68
f 69 95 96
f 69 96 97
f 69 97 87
f 69 87 70
f 71 98 99
f 71 99 100
f 71 100 72
f 71 74 98
f 72 100 101
f 72 101 76
f 73 75 102
f 73 102 74
f 74 103 98
f 74 102 104
f 74 104 103
f 75 85 118
f 75 118 102
f 76 101 105
f 76 105 77
f 77 105 78
f 78 106 107
f 78 107 108
f 78 108 79
f 78 105 106
f 79 108 80
f 80 109 110
f 80 110 81
f 80 108 109
f 81 110 111
f 81 111 112
f 81 112 82
f 82 112 113
f 82 113 83
f 83 113 114
f 83 114 115
f 83 115 84
f 84 115 116
f 84 116 117
f 85 86 93
f 85 93 118
f 87 97 88
f 88 97 135
f 88 135 119
f 88 119 120
f 88 120 89
f 89 120 121
f 89 121 122
f 89 122 123
f 89 123 90
f 90 123 124
f 90 124 125
f 90 125 91
f 91 126 92
f 91 125 126
f 92 126 127
f 92 127 128
f 92 128 129
f 92 129 130
f 92 130 118
f 92 118 93
f 94 131 95
f 95 131 132
f 95 132 96
f 96 132 133
f 96 133 97
f 97 133 134
f 97 134 135
f 98 136 99
f 98 103 136
f 99 137 138
f 99 138 100
f 99 136 137
f 100 138 139
f 100 139 101
f 101 139 143
f 101 143 105
f 102 118 130
f 102 130 104
f 103 140 136
f 103 104 141
f 103 141 142
f 103 142 140
f 104 130 129
f 104 129 141
f 105 143 144
f 105 144 145
f 105 145 106
f 106 145 107
f 107 145 186
f 107 186 146
f 107 146 109
f 107 109 108
f 109 146 147
f 109 147 110
f 110 147 111
f 111 148 149
f 111 149 112
f 111 147 148
f 112 149 150
f 112 150 151
f 112 151 152
f 112 152 113
f 113 152 153
f 113 153 154
f 113 154 114
f 114 116 115
f 114 154 155
f 114 155 156
f 114 156 157
f 114 157 116
f 116 157 158
f 116 158 117
f 119 135 159
f 119 159 160
f 119 160 161
f 119 161 120
f 120 162 122
f 120 122 121
f 120 161 162
f 122 162 161
f 122 161 163
f 122 163 164
f 122 164 123
f 123 164 165
f 123 165 166
f 123 166 124
f 124 167 168
f 124 168 125
f 124 166 167
f 125 168 169
f 125 169 126
f 126 169 127
f 127 170 171
f 127 171 128
f 127 169 170
f 128 171 129
f 129 171 172
f 129 172 141
f 134 173 159
f 134 159 135
f 136 174 175
f 136 175 137
f 136 140 174
f 137 175 176
f 137 176 138
f 138 176 219
f 138 219 177
f 138 177 143
f 138 143 139
f 140 178 174
f 140 142 178
f 141 172 179
f 141 179 180
f 141 180 142
f 142 180 181
f 142 181 182
f 142 182 178
f 143 177 144
f 144 183 184
f 144 184 145
f 144 177 183
f 145 184 185
f 145 185 186
f 146 186 187
f 146 187 147
f 147 187 148
f 148 187 188
f 148 188 189
f 148 189 149
f 149 189 150
f 150 189 151
f 151 190 191
f 151 191 152
f 151 189 192
f 151 192 193
f 151 193 190
f 152 191 153
f 153 191 194
f 153 194 195
f 153 195 154
f 154 195 196
f 154 196 155
f 155 196 197
f 159 198 199
f 159 199 200
f 159 200 201
f 159 201 160
f 159 173 198
f 160 201 202
f 160 202 161
f 161 202 163
f 163 202 164
f 164 202 203
f 164 203 204
f 164 204 205
f 164 205 165
f 165 206 166
f 165 205 207
f 165 207 206
f 166 206 208
f 166 208 209
f 166 209 210
f 166 210 167
f 167 211 168
f 167 210 211
f 168 211 212
f 168 212 169
f 169 212 213
f 169 213 170
f 170 213 214
f 170 214 179
f 170 179 171
f 171 179 172
f 174 215 216
f 174 216 175
f 174 178 215
f 175 216 217
f 175 217 176
f 176 217 218
f 176 218 219
f 177 219 183
f 178 220 221
f 178 221 215
f 178 182 220
f 179 214 180
f 180 214 222
f 180 222 181
f 181 223 182
f 181 222 223
f 182 223 224
f 182 224 225
f 182 225 220
f 183 226 184
f 183 219 226
f 184 226 185
f 185 226 186
f 186 227 228
f 186 228 187
f 186 226 227
f 187 228 229
f 187 229 188
f 188 229 230
f 188 230 231
f 188 231 189
f 189 231 192
f 190 194 191
f 190 193 232
f 190 232 233
f 190 233 234
f 190 234 235
f 190 235 236
f 190 236 194
f 192 231 237
f 192 237 193
f 193 237 238
f 193 238 232
f 194 236 239
f 194 239 195
f 195 239 240
f 195 240 241
f 195 241 242
f 195 242 196
f 196 242 197
f 199 243 244
f 199 244 200
f 200 244 201
f 201 244 245
f 201 245 202
f 202 245 204
f 202 204 203
f 204 246 207
f 204 207 205
f 204 245 244
f 204 244 247
f 204 247 248
f 204 248 249
f 204 249 246
f 206 209 208
f 206 207 209
f 207 250 209
f 207 246 250
f 209 251 210
f 209 250 251
f 210 251 252
f 210 252 253
f 210 253 211
f 211 253 254
f 211 254 212
f 212 255 213
f 212 254 255
f 213 256 214
f 213 255 256
f 214 256 222
f 215 221 265
f 215 265 257
f 215 257 216
f 216 257 217
f 217 258 218
f 217 257 258
f 218 259 260
f 218 260 261
f 218 261 219
f 218 258 259
f 219 261 262
f 219 262 226
f 220 225 221
f 221 263 264
f 221 264 265
f 221 225 263
f 222 266 223
f 222 256 266
f 223 267 224
f 223 266 267
f 224 268 225
f 224 267 269
f 224 269 268
f 225 268 270
f 225 270 271
f 225 271 272
f 225 272 263
f 226 262 273
f 226 273 227
f 227 273 228
f 228 274 229
f 228 273 274
f 229 275 230
f 229 274 275
f 230 276 277
f 230 277 278
f 230 278 231
f 230 275 276
f 231 278 237
f 232 238 279
f 232 279 280
f 232 280 233
f 233 280 281
f 233 281 282
f 233 282 234
f 234 282 283
f 234 283 284
f 234 284 235
f 235 284 285
f 235 285 286
f 235 286 236
f 236 286 239
f 237 287 238
f 237 278 287
f 238 287 288
f 238 288 289
f 238 289 279
f 239 286 290
f 239 290 291
f 239 291 292
f 239 292 240
f 240 292 241
f 243 293 244
f 243 294 293
f 244 293 295
f 244 295 296
f 244 296 297
f 244 297 298
f 244 298 247
f 246 299 250
f 246 249 299
f 247 298 300
f 247 300 248
f 248 300 301
f 248 301 302
f 248 302 249
f 249 302 303
f 249 303 304
f 249 304 299
f 250 299 305
f 250 305 251
f 251 305 306
f 251 306 307
f 251 307 252
f 252 308 253
f 252 307 309
f 252 309 308
f 253 310 254
f 253 308 310
f 254 310 255
f 255 310 311
f 255 311 312
f 255 312 313
f 255 313 256
f 256 313 266
f 257 265 314
f 257 314 258
f 258 314 259
f 259 315 316
f 259 316 260
f 259 314 315
f 260 316 317
f 260 317 318
f 260 318 261
f 261 318 262
f 262 318 319
f 262 319 320
f 262 320 273
f 263 272 264
f 264 321 322
f 264 322 323
f 264 323 314
f 264 314 265
f 264 272 271
f 264 271 321
f 266 324 267
f 266 313 324
f 267 324 325
f 267 325 326
f 267 326 269
f 268 327 328
f 268 328 270
f 268 269 327
f 269 329 330
f 269 330 327
f 269 326 331
f 269 331 329
f 270 328 332
f 270 332 321
f 270 321 271
f 273 320 333
f 273 333 334
f 273 334 274
f 274 334 275
f 275 335 336
f 275 336 276
f 275 334 335
f 276 336 337
f 276 337 338
f 276 338 339
f 276 339 277
f 277 339 340
f 277 340 278
f 278 340 288
f 278 288 287
f 279 289 341
f 279 341 342
f 279 342 343
f 279 343 280
f 280 343 281
f 281 343 344
f 281 344 283
f 281 283 282
f 283 344 345
f 283 345 346
f 283 346 347
f 283 347 348
f 283 348 349
f 283 349 350
f 283 350 351
f 283 351 284
f 284 352 286
f 284 286 285
f 284 351 352
f 286 352 290
f 288 340 353
f 288 353 354
f 288 354 289
f 289 354 355
f 289 355 356
f 289 356 341
f 290 352 357
f 290 357 291
f 291 357 358
f 293 294 295
f 296 359 360
f 296 360 297
f 297 360 361
f 297 361 298
f 298 361 362
f 298 362 363
f 298 363 300
f 299 364 305
f 299 304 364
f 300 363 365
f 300 365 301
f 301 365 366
f 301 366 302
f 302 366 367
f 302 367 368
f 302 368 369
f 302 369 370
f 302 370 371
f 302 371 372
f 302 372 303
f 303 372 304
f 304 372 373
f 304 373 374
f 304 374 375
f 304 375 376
f 304 376 377
f 304 377 364
f 305 364 306
f 306 364 377
f 306 377 378
f 306 378 307
f 307 378 379
f 307 379 309
f 308 309 380
f 308 380 381
f 308 381 382
f 308 382 383
f 308 383 310
f 309 379 380
f 310 384 312
f 310 312 311
f 310 383 384
f 312 384 385
f 312 385 386
f 312 386 313
f 313 386 325
f 313 325 324
f 314 323 315
f 315 387 388
f 315 388 316
f 315 323 322
f 315 322 387
f 316 388 389
f 316 389 390
f 316 390 391
f 316 391 317
f 317 391 392
f 317 392 318
f 318 392 393
f 318 393 319
f 319 393 394
f 319 394 320
f 320 394 333
f 321 332 395
f 321 395 322
f 322 395 387
f 325 386 396
f 325 396 326
f 326 396 397
f 326 397 398
f 326 398 331
f 327 330 328
f 328 399 400
f 328 400 401
f 328 401 332
f 328 330 399
f 329 402 403
f 329 403 330
f 329 331 402
f 330 403 482
f 330 482 404
f 330 404 399
f 331 398 402
f 332 401 405
f 332 405 395
f 333 406 485
f 333 485 407
f 333 407 334
f 333 394 406
f 334 407 336
f 334 336 335
f 336 408 337
f 336 407 408
f 337 409 410
f 337 410 411
f 337 411 338
f 337 408 409
f 338 412 339
f 338 411 413
f 338 413 412
f 339 412 340
f 340 412 353
f 341 356 342
f 342 356 414
f 342 414 415
f 342 415 344
f 342 344 343
f 344 415 416
f 344 416 345
f 345 417 347
f 345 347 346
f 345 416 417
f 347 417 418
f 347 418 419
f 347 419 420
f 347 420 348
f 348 420 421
f 348 421 422
f 348 422 423
f 348 423 349
f 349 423 424
f 349 424 350
f 350 425 358
f 350 358 351
f 350 424 425
f 351 358 426
f 351 426 352
f 352 426 357
f 353 427 354
f 353 412 427
f 354 427 355
f 355 427 428
f 355 428 356
f 356 428 429
f 356 429 414
f 357 426 358
f 359 430 360
f 360 430 361
f 361 431 362
f 361 430 432
f 361 432 433
f 361 433 431
f 362 431 363
f 363 431 434
f 363 434 365
f 365 434 435
f 365 435 436
f 365 436 366
f 366 436 437
f 366 437 367
f 367 437 368
f 368 438 439
f 368 439 440
f 368 440 441
f 368 441 369
f 368 437 438
f 369 442 370
f 369 441 443
f 369 443 442
f 370 442 444
f 370 444 445
f 370 445 371
f 371 445 372
f 372 445 373
f 373 445 374
f 374 445 446
f 374 446 447
f 374 447 375
f 375 447 448
f 375 448 449
f 375 449 450
f 375 450 376
f 376 451 377
f 376 450 451
f 377 451 378
f 378 451 452
f 378 452 379
f 379 452 453
f 379 453 380
f 380 454 382
f 380 382 381
f 380 453 455
f 380 455 454
f 382 456 457
f 382 457 383
f 382 454 458
f 382 458 456
f 383 457 459
f 383 459 384
f 384 459 385
f 385 459 460
f 385 460 461
f 385 461 397
f 385 397 386
f 386 397 396
f 387 395 462
f 387 462 388
f 388 462 463
f 388 463 464
f 388 464 389
f 389 464 390
f 390 464 465
f 390 465 466
f 390 466 467
f 390 467 468
f 390 468 469
f 390 469 391
f 391 469 392
f 392 469 393
f 393 469 470
f 393 470 471
f 393 471 472
f 393 472 473
f 393 473 474
f 393 474 394
f 394 474 406
f 395 405 462
f 397 461 475
f 397 475 476
f 397 476 477
f 397 477 402
f 397 402 398
f 399 404 478
f 399 478 400
f 400 478 479
f 400 479 401
f 401 479 405
f 402 480 481
f 402 481 403
f 402 477 480
f 403 481 482
f 404 482 564
f 404 564 478
f 405 479 483
f 405 483 462
f 406 474 484
f 406 484 485
f 407 485 408
f 408 485 409
f 409 486 487
f 409 487 488
f 409 488 410
f 409 485 489
f 409 489 490
f 409 490 486
f 410 488 411
f 411 491 492
f 411 492 493
f 411 493 413
f 411 488 487
f 411 487 491
f 412 413 427
f 413 493 494
f 413 494 427
f 414 429 415
f 415 429 495
f 415 495 496
f 415 496 497
f 415 497 416
f 416 497 498
f 416 498 499
f 416 499 500
f 416 500 420
f 416 420 501
f 416 501 419
f 416 419 418
f 416 418 417
f 419 501 420
f 420 500 502
f 420 502 503
f 420 503 504
f 420 504 505
f 420 505 421
f 421 505 422
f 422 506 423
f 422 505 507
f 422 507 506
f 423 506 424
f 424 506 508
f 424 508 509
f 424 509 425
f 427 494 510
f 427 510 428
f 428 510 429
f 429 511 512
f 429 512 513
f 429 513 495
f 429 510 514
f 429 514 511
f 430 515 432
f 430 516 515
f 431 435 434
f 431 433 435
f 432 515 433
f 433 515 517
f 433 517 518
f 433 518 438
f 433 438 435
f 435 438 437
f 435 437 436
f 438 518 440
f 438 440 439
f 440 519 520
f 440 520 521
f 440 521 522
f 440 522 523
f 440 523 441
f 440 518 519
f 441 523 524
f 441 524 525
f 441 525 443
f 442 443 526
f 442 526 527
f 442 527 446
f 442 446 444
f 443 528 526
f 443 525 529
f 443 529 528
f 444 446 445
f 446 527 447
f 447 527 530
f 447 530 448
f 448 531 532
f 448 532 449
f 448 530 531
f 449 532 452
f 449 452 533
f 449 533 450
f 450 533 451
f 451 533 452
f 452 532 534
f 452 534 535
f 452 535 453
f 453 536 455
f 453 535 534
f 453 534 537
f 453 537 538
f 453 538 536
f 454 455 536
f 454 536 539
f 454 539 540
f 454 540 458
f 456 541 460
f 456 460 457
f 456 458 542
f 456 542 541
f 457 460 459
f 458 543 542
f 458 540 543
f 460 541 544
f 460 544 461
f 461 544 545
f 461 545 475
f 462 546 547
f 462 547 548
f 462 548 549
f 462 549 550
f 462 550 463
f 462 483 546
f 463 550 465
f 463 465 464
f 465 551 466
f 465 550 551
f 466 551 552
f 466 552 553
f 466 553 467
f 467 553 554
f 467 554 555
f 467 555 556
f 467 556 468
f 468 556 557
f 468 557 470
f 468 470 469
f 470 557 558
f 470 558 471
f 471 558 559
f 471 559 560
f 471 560 472
f 472 560 484
f 472 484 473
f 473 484 474
f 475 545 561
f 475 561 476
f 476 562 563
f 476 563 477
f 476 561 562
f 477 563 480
f 478 564 483
f 478 483 479
f 480 565 566
f 480 566 567
f 480 567 568
f 480 568 481
f 480 563 565
f 481 569 570
f 481 570 571
f 481 571 482
f 481 568 569
f 482 571 572
f 482 572 564
f 483 564 573
f 483 573 546
f 484 560 490
f 484 490 485
f 485 490 489
f 486 574 487
f 486 490 574
f 487 575 491
f 487 574 575
f 490 560 559
f 490 559 574
f 491 576 577
f 491 577 578
f 491 578 579
f 491 579 492
f 491 575 580
f 491 580 576
f 492 579 493
f 493 579 581
f 493 581 582
f 493 582 514
f 493 514 494
f 494 514 510
f 495 513 496
f 496 513 583
f 496 583 497
f 497 583 498
f 498 583 584
f 498 584 585
f 498 585 586
f 498 586 499
f 499 586 587
f 499 587 588
f 499 588 589
f 499 589 500
f 500 589 503
f 500 503 502
f 503 589 590
f 503 590 591
f 503 591 504
f 504 591 592
f 504 592 505
f 505 592 593
f 505 593 507
f 506 507 593
f 506 593 594
f 506 594 508
f 508 594 595
f 511 514 596
f 511 596 597
f 511 597 598
f 511 598 599
f 511 599 512
f 512 599 600
f 512 600 513
f 513 600 583
f 514 582 596
f 515 516 601
f 515 601 602
f 515 602 517
f 517 602 603
f 517 603 604
f 517 604 519
f 517 519 518
f 519 604 520
f 520 604 603
f 520 603 605
f 520 605 606
f 520 606 607
f 520 607 521
f 521 607 608
f 521 608 609
f 521 609 522
f 522 609 523
f 523 609 610
f 523 610 611
f 523 611 612
f 523 612 613
f 523 613 524
f 524 613 525
f 525 614 615
f 525 615 616
f 525 616 617
f 525 617 618
f 525 618 619
f 525 619 528
f 525 528 529
f 525 613 614
f 526 528 527
f 527 528 620
f 527 620 621
f 527 621 622
f 527 622 623
f 527 623 624
f 527 624 530
f 528 621 620
f 528 619 625
f 528 625 626
f 528 626 621
f 530 624 531
f 531 627 532
f 531 624 628
f 531 628 627
f 532 627 629
f 532 629 630
f 532 630 631
f 532 631 632
f 532 632 534
f 534 632 537
f 536 538 540
f 536 540 539
f 537 632 631
f 537 631 633
f 537 633 538
f 538 633 634
f 538 634 540
f 540 635 543
f 540 634 636
f 540 636 637
f 540 637 638
f 540 638 635
f 541 542 639
f 541 639 640
f 541 640 544
f 542 543 635
f 542 635 641
f 542 641 642
f 542 642 639
f 544 561 545
f 544 640 643
f 544 643 561
f 546 573 547
f 547 573 644
f 547 644 645
f 547 645 646
f 547 646 548
f 548 646 752
f 548 752 647
f 548 647 648
f 548 648 549
f 549 648 551
f 549 551 550
f 551 648 552
f 552 649 553
f 552 648 647
f 552 647 650
f 552 650 649
f 553 651 554
f 553 649 651
f 554 651 652
f 554 652 653
f 554 653 555
f 555 653 654
f 555 654 655
f 555 655 656
f 555 656 558
f 555 558 657
f 555 657 556
f 556 657 557
f 557 657 558
f 558 656 655
f 558 655 658
f 558 658 559
f 559 658 659
f 559 659 574
f 561 660 562
f 561 643 661
f 561 661 662
f 561 662 663
f 561 663 660
f 562 660 664
f 562 664 665
f 562 665 563
f 563 665 666
f 563 666 566
f 563 566 565
f 564 572 573
f 566 667 668
f 566 668 567
f 566 666 773
f 566 773 667
f 567 668 568
f 568 668 669
f 568 669 569
f 569 669 670
f 569 670 570
f 570 670 671
f 570 671 572
f 570 572 571
f 572 671 573
f 573 671 644
f 574 659 575
f 575 659 677
f 575 677 580
f 576 580 672
f 576 672 673
f 576 673 577
f 577 673 674
f 577 674 675
f 577 675 676
f 577 676 578
f 578 676 581
f 578 581 579
f 580 677 678
f 580 678 679
f 580 679 680
f 580 680 672
f 581 676 681
f 581 681 582
f 582 681 682
f 582 682 596
f 583 600 584
f 584 600 599
f 584 599 683
f 584 683 684
f 584 684 685
f 584 685 586
f 584 586 585
f 586 685 686
f 586 686 687
f 586 687 587
f 587 687 688
f 587 688 588
f 588 688 589
f 589 688 689
f 589 689 690
f 589 690 590
f 590 690 691
f 590 691 591
f 591 692 592
f 591 691 692
f 592 692 693
f 592 693 593
f 593 693 694
f 593 694 594
f 594 694 595
f 595 694 695
f 596 682 696
f 596 696 597
f 597 696 697
f 597 697 598
f 598 698 699
f 598 699 700
f 598 700 599
f 598 697 698
f 599 700 701
f 599 701 684
f 599 684 683
f 606 702 607
f 607 702 703
f 607 703 704
f 607 704 608
f 608 704 705
f 608 705 610
f 608 610 609
f 610 705 706
f 610 706 707
f 610 707 708
f 610 708 709
f 610 709 611
f 611 709 710
f 611 710 612
f 612 710 711
f 612 711 614
f 612 614 613
f 614 711 615
f 615 711 712
f 615 712 713
f 615 713 714
f 615 714 616
f 616 714 713
f 616 713 715
f 616 715 716
f 616 716 717
f 616 717 617
f 617 717 718
f 617 718 719
f 617 719 720
f 617 720 721
f 617 721 722
f 617 722 618
f 618 722 723
f 618 723 626
f 618 626 619
f 619 626 625
f 621 724 725
f 621 725 622
f 621 626 726
f 621 726 727
f 621 727 728
f 621 728 729
f 621 729 724
f 622 725 730
f 622 730 623
f 623 730 624
f 624 730 628
f 626 723 731
f 626 731 732
f 626 732 726
f 627 628 733
f 627 733 734
f 627 734 629
f 628 730 735
f 628 735 733
f 629 734 736
f 629 736 630
f 630 736 631
f 631 736 737
f 631 737 738
f 631 738 633
f 633 738 634
f 634 738 739
f 634 739 636
f 635 638 740
f 635 740 641
f 636 739 741
f 636 741 637
f 637 741 638
f 638 741 742
f 638 742 743
f 638 743 740
f 639 642 641
f 639 641 744
f 639 744 745
f 639 745 662
f 639 662 661
f 639 661 643
f 639 643 640
f 641 740 746
f 641 746 747
f 641 747 744
f 644 748 749
f 644 749 750
f 644 750 645
f 644 671 748
f 645 750 751
f 645 751 646
f 646 751 752
f 647 752 650
f 649 753 651
f 649 650 753
f 650 752 754
f 650 754 753
f 651 753 755
f 651 755 756
f 651 756 652
f 652 756 757
f 652 757 758
f 652 758 653
f 653 758 759
f 653 759 654
f 654 759 760
f 654 760 655
f 655 760 761
f 655 761 762
f 655 762 658
f 658 762 678
f 658 678 677
f 658 677 659
f 660 763 764
f 660 764 664
f 660 663 763
f 662 745 663
f 663 745 765
f 663 765 766
f 663 766 767
f 663 767 768
f 663 768 769
f 663 769 763
f 664 764 665
f 665 770 771
f 665 771 772
f 665 772 773
f 665 773 666
f 665 764 770
f 667 773 774
f 667 774 775
f 667 775 776
f 667 776 668
f 668 776 883
f 668 883 777
f 668 777 669
f 669 777 670
f 670 778 779
f 670 779 780
f 670 780 671
f 670 777 778
f 671 780 748
f 672 680 781
f 672 781 782
f 672 782 783
f 672 783 673
f 673 784 785
f 673 785 786
f 673 786 787
f 673 787 674
f 673 783 784
f 674 787 788
f 674 788 675
f 675 681 676
f 675 788 696
f 675 696 682
f 675 682 681
f 678 762 789
f 678 789 679
f 679 790 680
f 679 789 790
f 680 790 781
f 684 701 791
f 684 791 792
f 684 792 686
f 684 686 685
f 686 792 793
f 686 793 794
f 686 794 687
f 687 794 795
f 687 795 688
f 688 795 796
f 688 796 689
f 689 796 690
f 690 796 797
f 690 797 798
f 690 798 799
f 690 799 800
f 690 800 801
f 690 801 802
f 690 802 691
f 691 802 803
f 691 803 692
f 692 804 805
f 692 805 693
f 692 803 806
f 692 806 804
f 693 805 694
f 694 805 807
f 694 807 808
f 694 808 809
f 694 809 695
f 696 788 810
f 696 810 697
f 697 810 811
f 697 811 812
f 697 812 698
f 698 812 699
f 699 813 814
f 699 814 700
f 699 812 815
f 699 815 813
f 700 814 816
f 700 816 701
f 701 816 817
f 701 817 791
f 703 818 704
f 704 818 819
f 704 819 820
f 704 820 705
f 705 820 821
f 705 821 706
f 706 821 822
f 706 822 823
f 706 823 824
f 706 824 825
f 706 825 708
f 706 708 707
f 708 712 711
f 708 711 709
f 708 825 824
f 708 824 823
f 708 823 826
f 708 826 712
f 709 711 710
f 712 826 713
f 713 826 715
f 715 826 827
f 715 827 716
f 716 828 717
f 716 827 829
f 716 829 830
f 716 830 831
f 716 831 828
f 717 828 832
f 717 832 718
f 718 833 720
f 718 720 719
f 718 832 833
f 720 727 726
f 720 726 732
f 720 732 731
f 720 731 721
f 720 833 727
f 721 731 722
f 722 731 723
f 724 729 834
f 724 834 725
f 725 835 730
f 725 834 835
f 727 833 836
f 727 836 837
f 727 837 838
f 727 838 839
f 727 839 840
f 727 840 728
f 728 840 841
f 728 841 834
f 728 834 729
f 730 842 843
f 730 843 735
f 730 835 844
f 730 844 842
f 733 735 845
f 733 845 734
f 734 846 736
f 734 845 847
f 734 847 846
f 735 843 847
f 735 847 845
f 736 846 737
f 737 739 738
f 737 846 848
f 737 848 739
f 739 848 849
f 739 849 850
f 739 850 741
f 740 743 746
f 741 850 851
f 741 851 742
f 742 851 852
f 742 852 743
f 743 853 747
f 743 747 746
f 743 852 854
f 743 854 853
f 744 747 745
f 745 747 765
f 747 853 765
f 748 780 779
f 748 779 749
f 749 855 856
f 749 856 750
f 749 779 857
f 749 857 855
f 750 856 858
f 750 858 751
f 751 858 859
f 751 859 860
f 751 860 752
f 752 860 861
f 752 861 754
f 753 862 984
f 753 984 863
f 753 863 755
f 753 754 861
f 753 861 862
f 755 863 864
f 755 864 865
f 755 865 756
f 756 865 757
f 757 865 864
f 757 864 866
f 757 866 759
f 757 759 758
f 759 867 760
f 759 866 867
f 760 867 761
f 761 867 789
f 761 789 762
f 763 769 868
f 763 868 771
f 763 771 770
f 763 770 764
f 765 853 869
f 765 869 766
f 766 869 870
f 766 870 871
f 766 871 767
f 767 871 872
f 767 872 873
f 767 873 874
f 767 874 875
f 767 875 768
f 768 875 876
f 768 876 877
f 768 877 868
f 768 868 769
f 771 868 772
f 772 868 878
f 772 878 879
f 772 879 880
f 772 880 774
f 772 774 773
f 774 880 881
f 774 881 775
f 775 881 882
f 775 882 776
f 776 882 883
f 777 883 778
f 778 884 779
f 778 883 884
f 779 884 857
f 781 790 782
f 782 885 783
f 782 790 867
f 782 867 886
f 782 886 885
f 783 885 887
f 783 887 784
f 784 887 888
f 784 888 889
f 784 889 890
f 784 890 891
f 784 891 786
f 784 786 785
f 786 891 892
f 786 892 787
f 787 892 893
f 787 893 788
f 788 893 810
f 789 867 790
f 791 817 894
f 791 894 792
f 792 894 793
f 793 894 895
f 793 895 794
f 794 895 896
f 794 896 897
f 794 897 795
f 795 897 796
f 796 898 899
f 796 899 797
f 796 897 898
f 797 899 900
f 797 900 800
f 797 800 799
f 797 799 798
f 800 901 801
f 800 900 902
f 800 902 903
f 800 903 904
f 800 904 905
f 800 905 901
f 801 901 906
f 801 906 907
f 801 907 908
f 801 908 909
f 801 909 802
f 802 910 803
f 802 909 910
f 803 910 806
f 804 911 805
f 804 806 911
f 805 911 807
f 806 910 912
f 806 912 913
f 806 913 914
f 806 914 911
f 807 911 914
f 807 914 808
f 808 914 915
f 810 916 917
f 810 917 811
f 810 893 916
f 811 917 812
f 812 917 815
f 813 815 918
f 813 918 919
f 813 919 920
f 813 920 921
f 813 921 922
f 813 922 923
f 813 923 924
f 813 924 814
f 814 924 925
f 814 925 926
f 814 926 927
f 814 927 817
f 814 817 816
f 815 917 928
f 815 928 918
f 817 927 929
f 817 929 894
f 819 930 821
f 819 821 820
f 821 930 931
f 821 931 822
f 822 931 932
f 822 932 823
f 823 932 933
f 823 933 934
f 823 934 935
f 823 935 826
f 826 935 936
f 826 936 937
f 826 937 938
f 826 938 827
f 827 938 829
f 828 831 832
f 829 939 940
f 829 940 830
f 829 938 941
f 829 941 942
f 829 942 943
f 829 943 939
f 830 940 831
f 831 944 945
f 831 945 946
f 831 946 832
f 831 940 947
f 831 947 944
f 832 946 833
f 833 946 836
f 834 841 948
f 834 948 949
f 834 949 950
f 834 950 835
f 835 950 844
f 836 946 837
f 837 946 945
f 837 945 951
f 837 951 952
f 837 952 838
f 838 952 953
f 838 953 954
f 838 954 955
f 838 955 956
f 838 956 839
f 839 956 840
f 840 956 957
f 840 957 948
f 840 948 841
f 842 844 843
f 843 844 950
f 843 950 958
f 843 958 846
f 843 846 847
f 846 958 959
f 846 959 848
f 848 959 960
f 848 960 961
f 848 961 849
f 849 962 850
f 849 961 960
f 849 960 963
f 849 963 964
f 849 964 965
f 849 965 966
f 849 966 967
f 849 967 962
f 850 968 851
f 850 962 969
f 850 969 968
f 851 968 970
f 851 970 852
f 852 970 854
f 853 854 869
f 854 970 971
f 854 971 972
f 854 972 973
f 854 973 870
f 854 870 869
f 855 974 856
f 855 857 974
f 856 975 976
f 856 976 977
f 856 977 978
f 856 978 858
f 856 974 975
f 857 979 974
f 857 884 1009
f 857 1009 979
f 858 978 859
f 859 980 981
f 859 981 861
f 859 861 860
f 859 978 980
f 861 981 982
f 861 982 862
f 862 983 984
f 862 982 983
f 863 984 864
f 864 984 985
f 864 985 986
f 864 986 866
f 866 986 867
f 867 986 987
f 867 987 988
f 867 988 989
f 867 989 886
f 868 877 878
f 870 973 990
f 870 990 991
f 870 991 872
f 870 872 871
f 872 991 873
f 873 991 992
f 873 992 993
f 873 993 875
f 873 875 874
f 875 993 876
f 876 993 877
f 877 993 994
f 877 994 995
f 877 995 878
f 878 995 996
f 878 996 879
f 879 996 997
f 879 997 998
f 879 998 880
f 880 998 999
f 880 999 881
f 881 1000 1001
f 881 1001 1002
f 881 1002 1003
f 881 1003 882
f 881 999 1000
f 882 1003 1004
f 882 1004 1005
f 882 1005 1006
f 882 1006 1007
f 882 1007 1008
f 882 1008 883
f 883 1008 884
f 884 1008 1009
f 885 1010 1011
f 885 1011 1012
f 885 1012 887
f 885 886 1010
f 886 989 1010
f 887 1012 1013
f 887 1013 888
f 888 1013 889
f 889 1014 1015
f 889 1015 890
f 889 1013 1016
f 889 1016 1017
f 889 1017 1018
f 889 1018 1019
f 889 1019 1020
f 889 1020 1021
f 889 1021 1014
f 890 1015 891
f 891 1015 1014
f 891 1014 892
f 892 1022 1023
f 892 1023 916
f 892 916 893
f 892 1014 1022
f 894 929 1024
f 894 1024 895
f 895 1024 896
f 896 1025 1026
f 896 1026 898
f 896 898 897
f 896 1024 929
f 896 929 1027
f 896 1027 1025
f 898 1026 1028
f 898 1028 902
f 898 902 899
f 899 902 900
f 901 905 1029
f 901 1029 1030
f 901 1030 906
f 902 1028 1031
f 902 1031 1032
f 902 1032 1033
f 902 1033 904
f 902 904 903
f 904 1033 1034
f 904 1034 1035
f 904 1035 1036
f 904 1036 1029
f 904 1029 905
f 906 1030 1037
f 906 1037 1038
f 906 1038 907
f 907 1038 908
f 908 1038 1039
f 908 1039 912
f 908 912 910
f 908 910 909
f 912 1039 1040
f 912 1040 1041
f 912 1041 913
f 913 1041 914
f 914 1042 915
f 914 1041 1042
f 916 1023 919
f 916 919 928
f 916 928 917
f 918 928 919
f 919 1043 1044
f 919 1044 920
f 919 1023 1045
f 919 1045 1043
f 920 1044 921
f 921 1046 1047
f 921 1047 1048
f 921 1048 1049
f 921 1049 1050
f 921 1050 1051
f 921 1051 922
f 921 1044 1046
f 922 1051 1052
f 922 1052 923
f 923 1052 924
f 924 1052 925
f 925 1052 926
f 926 1053 1054
f 926 1054 1055
f 926 1055 1056
f 926 1056 1057
f 926 1057 927
f 926 1052 1058
f 926 1058 1053
f 927 1057 929
f 929 1057 1027
f 930 1059 931
f 931 1060 1061
f 931 1061 932
f 931 1059 1060
f 932 1061 933
f 933 1062 1063
f 933 1063 1064
f 933 1064 935
f 933 935 934
f 933 1061 1062
f 935 1064 1065
f 935 1065 937
f 935 937 936
f 937 1066 1067
f 937 1067 1068
f 937 1068 1069
f 937 1069 1070
f 937 1070 938
f 937 1065 1064
f 937 1064 1066
f 938 1070 1071
f 938 1071 941
f 939 943 947
f 939 947 940
f 941 1071 942
f 942 1071 1072
f 942 1072 943
f 943 1072 1073
f 943 1073 947
f 944 951 945
f 944 947 951
f 947 1073 1072
f 947 1072 1074
f 947 1074 1075
f 947 1075 1076
f 947 1076 1077
f 947 1077 1078
f 947 1078 951
f 948 957 1079
f 948 1079 1080
f 948 1080 949
f 949 1080 950
f 950 964 1081
f 950 1081 958
f 950 1080 964
f 951 1082 1083
f 951 1083 952
f 951 1078 1084
f 951 1084 1085
f 951 1085 1086
f 951 1086 1082
f 952 1083 1087
f 952 1087 954
f 952 954 953
f 954 1088 1089
f 954 1089 955
f 954 1087 1088
f 955 1089 956
f 956 1089 1090
f 956 1090 1079
f 956 1079 957
f 958 960 959
f 958 1081 960
f 960 1081 964
f 960 964 963
f 962 967 966
f 962 966 1091
f 962 1091 1092
f 962 1092 969
f 964 1093 1094
f 964 1094 965
f 964 1080 1093
f 965 1094 966
f 966 1094 1091
f 968 1095 970
f 968 969 1096
f 968 1096 1095
f 969 1092 1096
f 970 1097 971
f 970 1095 1097
f 971 1098 972
f 971 1097 1098
f 972 1098 1099
f 972 1099 973
f 973 1099 1100
f 973 1100 990
f 974 1101 975
f 974 979 1101
f 975 1102 1103
f 975 1103 976
f 975 1101 1104
f 975 1104 1105
f 975 1105 1102
f 976 1106 1107
f 976 1107 977
f 976 1103 1106
f 977 1107 1108
f 977 1108 978
f 978 1108 980
f 979 1009 1109
f 979 1109 1110
f 979 1110 1101
f 980 1108 1111
f 980 1111 1112
f 980 1112 1113
f 980 1113 981
f 981 1113 982
f 982 1114 983
f 982 1113 1114
f 983 1115 984
f 983 1114 1115
f 984 1115 985
f 985 1116 986
f 985 1115 1116
f 986 1116 1117
f 986 1117 1118
f 986 1118 1119
f 986 1119 1120
f 986 1120 987
f 987 1120 988
f 988 1120 1121
f 988 1121 1122
f 988 1122 989
f 989 1122 1011
f 989 1011 1010
f 990 1123 1124
f 990 1124 992
f 990 992 991
f 990 1100 1099
f 990 1099 1125
f 990 1125 1126
f 990 1126 1127
f 990 1127 1123
f 992 1124 994
f 992 994 993
f 994 1124 1128
f 994 1128 1129
f 994 1129 995
f 995 1130 1132
f 995 1132 996
f 995 1129 1128
f 995 1128 1131
f 995 1131 1130
f 996 1132 1133
f 996 1133 997
f 997 1133 1134
f 997 1134 998
f 998 1134 999
f 999 1134 1135
f 999 1135 1136
f 999 1136 1137
f 999 1137 1000
f 1000 1137 1001
f 1001 1137 1138
f 1001 1138 1139
f 1001 1139 1140
f 1001 1140 1004
f 1001 1004 1002
f 1002 1004 1003
f 1004 1140 1141
f 1004 1141 1142
f 1004 1142 1005
f 1005 1142 1006
f 1006 1142 1007
f 1007 1142 1008
f 1008 1142 1143
f 1008 1143 1009
f 1009 1143 1109
f 1011 1122 1144
f 1011 1144 1145
f 1011 1145 1012
f 1012 1016 1013
f 1012 1145 1016
f 1014 1021 1022
f 1016 1146 1147
f 1016 1147 1017
f 1016 1145 1144
f 1016 1144 1146
f 1017 1147 1018
f 1018 1148 1019
f 1018 1147 1146
f 1018 1146 1148
f 1019 1148 1149
f 1019 1149 1150
f 1019 1150 1151
f 1019 1151 1152
f 1019 1152 1020
f 1020 1152 1021
f 1021 1152 1022
f 1022 1152 1153
f 1022 1153 1154
f 1022 1154 1155
f 1022 1155 1045
f 1022 1045 1023
f 1025 1027 1156
f 1025 1156 1157
f 1025 1157 1026
f 1026 1157 1158
f 1026 1158 1028
f 1027 1057 1056
f 1027 1056 1156
f 1028 1158 1159
f 1028 1159 1031
f 1029 1036 1160
f 1029 1160 1161
f 1029 1161 1030
f 1030 1161 1162
f 1030 1162 1163
f 1030 1163 1037
f 1031 1159 1032
f 1032 1159 1164
f 1032 1164 1165
f 1032 1165 1166
f 1032 1166 1167
f 1032 1167 1033
f 1033 1167 1168
f 1033 1168 1169
f 1033 1169 1034
f 1034 1169 1170
f 1034 1170 1035
f 1035 1170 1036
f 1036 1170 1171
f 1036 1171 1172
f 1036 1172 1160
f 1037 1163 1038
f 1038 1163 1162
f 1038 1162 1173
f 1043 1045 1154
f 1043 1154 1174
f 1043 1174 1044
f 1044 1174 1046
f 1045 1155 1154
f 1046 1174 1175
f 1046 1175 1047
f 1047 1176 1177
f 1047 1177 1049
f 1047 1049 1048
f 1047 1175 1178
f 1047 1178 1179
f 1047 1179 1176
f 1049 1177 1180
f 1049 1180 1181
f 1049 1181 1182
f 1049 1182 1183
f 1049 1183 1184
f 1049 1184 1050
f 1050 1184 1051
f 1051 1184 1185
f 1051 1185 1053
f 1051 1053 1058
f 1051 1058 1052
f 1053 1185 1054
f 1054 1186 1187
f 1054 1187 1188
f 1054 1188 1055
f 1054 1185 1186
f 1055 1189 1157
f 1055 1157 1190
f 1055 1190 1056
f 1055 1188 1189
f 1056 1190 1157
f 1056 1157 1156
f 1060 1191 1061
f 1061 1191 1192
f 1061 1192 1062
f 1062 1192 1193
f 1062 1193 1067
f 1062 1067 1063
f 1063 1067 1064
f 1064 1067 1066
f 1067 1193 1194
f 1067 1194 1195
f 1067 1195 1196
f 1067 1196 1197
f 1067 1197 1069
f 1067 1069 1068
f 1069 1198 1199
f 1069 1199 1200
f 1069 1200 1201
f 1069 1201 1070
f 1069 1197 1198
f 1070 1201 1202
f 1070 1202 1071
f 1071 1202 1203
f 1071 1203 1072
f 1072 1203 1204
f 1072 1204 1205
f 1072 1205 1075
f 1072 1075 1074
f 1075 1205 1206
f 1075 1206 1207
f 1075 1207 1076
f 1076 1208 1209
f 1076 1209 1210
f 1076 1210 1211
f 1076 1211 1212
f 1076 1212 1077
f 1076 1207 1206
f 1076 1206 1213
f 1076 1213 1208
f 1077 1212 1084
f 1077 1084 1078
f 1079 1090 1080
f 1080 1090 1214
f 1080 1214 1215
f 1080 1215 1216
f 1080 1216 1217
f 1080 1217 1218
f 1080 1218 1093
f 1082 1219 1083
f 1082 1086 1220
f 1082 1220 1219
f 1083 1219 1221
f 1083 1221 1087
f 1084 1212 1222
f 1084 1222 1086
f 1084 1086 1085
f 1086 1222 1220
f 1087 1221 1219
f 1087 1219 1223
f 1087 1223 1224
f 1087 1224 1215
f 1087 1215 1225
f 1087 1225 1088
f 1088 1214 1089
f 1088 1225 1215
f 1088 1215 1214
f 1089 1214 1090
f 1091 1226 1092
f 1091 1094 1227
f 1091 1227 1226
f 1092 1226 1096
f 1093 1228 1094
f 1093 1218 1229
f 1093 1229 1228
f 1094 1228 1230
f 1094 1230 1231
f 1094 1231 1227
f 1095 1096 1232
f 1095 1232 1097
f 1096 1233 1234
f 1096 1234 1235
f 1096 1235 1232
f 1096 1226 1236
f 1096 1236 1233
f 1097 1232 1098
f 1098 1237 1099
f 1098 1232 1237
f 1099 1237 1238
f 1099 1238 1239
f 1099 1239 1125
f 1101 1110 1104
f 1102 1240 1103
f 1102 1105 1240
f 1103 1241 1242
f 1103 1242 1106
f 1103 1240 1241
f 1104 1110 1243
f 1104 1243 1105
f 1105 1244 1240
f 1105 1243 1244
f 1106 1242 1245
f 1106 1245 1107
f 1107 1245 1246
f 1107 1246 1247
f 1107 1247 1248
f 1107 1248 1108
f 1108 1248 1111
f 1109 1249 1141
f 1109 1141 1250
f 1109 1250 1243
f 1109 1243 1110
f 1109 1143 1142
f 1109 1142 1249
f 1111 1248 1112
f 1112 1248 1114
f 1112 1114 1113
f 1114 1248 1247
f 1114 1247 1251
f 1114 1251 1252
f 1114 1252 1117
f 1114 1117 1115
f 1115 1117 1116
f 1117 1252 1253
f 1117 1253 1119
f 1117 1119 1118
f 1119 1254 1255
f 1119 1255 1256
f 1119 1256 1120
f 1119 1253 1254
f 1120 1256 1121
f 1121 1256 1255
f 1121 1255 1257
f 1121 1257 1122
f 1122 1257 1144
f 1123 1258 1128
f 1123 1128 1124
f 1123 1127 1258
f 1125 1239 1259
f 1125 1259 1126
f 1126 1259 1260
f 1126 1260 1261
f 1126 1261 1262
f 1126 1262 1263
f 1126 1263 1264
f 1126 1264 1265
f 1126 1265 1127
f 1127 1265 1266
f 1127 1266 1258
f 1128 1267 1131
f 1128 1258 1267
f 1130 1268 1132
f 1130 1131 1267
f 1130 1267 1268
f 1132 1269 1133
f 1132 1268 1269
f 1133 1270 1271
f 1133 1271 1134
f 1133 1269 1270
f 1134 1272 1135
f 1134 1271 1272
f 1135 1272 1273
f 1135 1273 1274
f 1135 1274 1136
f 1136 1274 1137
f 1137 1274 1273
f 1137 1273 1275
f 1137 1275 1276
f 1137 1276 1277
f 1137 1277 1138
f 1138 1277 1278
f 1138 1278 1139
f 1139 1278 1279
f 1139 1279 1280
f 1139 1280 1281
f 1139 1281 1282
f 1139 1282 1140
f 1140 1282 1141
f 1141 1282 1250
f 1141 1249 1142
f 1144 1257 1146
f 1146 1283 1284
f 1146 1284 1148
f 1146 1257 1283
f 1148 1284 1285
f 1148 1285 1286
f 1148 1286 1287
f 1148 1287 1288
f 1148 1288 1289
f 1148 1289 1290
f 1148 1290 1291
f 1148 1291 1292
f 1148 1292 1150
f 1148 1150 1149
f 1150 1292 1293
f 1150 1293 1294
f 1150 1294 1295
f 1150 1295 1296
f 1150 1296 1297
f 1150 1297 1151
f 1151 1297 1152
f 1152 1297 1298
f 1152 1298 1299
f 1152 1299 1154
f 1152 1154 1153
f 1154 1299 1175
f 1154 1175 1174
f 1157 1188 1300
f 1157 1300 1301
f 1157 1301 1302
f 1157 1302 1158
f 1157 1189 1188
f 1158 1302 1303
f 1158 1303 1159
f 1159 1303 1164
f 1160 1172 1304
f 1160 1304 1305
f 1160 1305 1306
f 1160 1306 1161
f 1161 1306 1162
f 1162 1306 1307
f 1162 1307 1173
f 1164 1303 1308
f 1164 1308 1165
f 1165 1308 1309
f 1165 1309 1310
f 1165 1310 1166
f 1166 1310 1167
f 1167 1311 1312
f 1167 1312 1313
f 1167 1313 1168
f 1167 1310 1314
f 1167 1314 1311
f 1168 1313 1169
f 1169 1313 1170
f 1170 1313 1315
f 1170 1315 1171
f 1171 1315 1172
f 1172 1315 1316
f 1172 1316 1304
f 1175 1299 1298
f 1175 1298 1317
f 1175 1317 1296
f 1175 1296 1178
f 1176 1179 1318
f 1176 1318 1177
f 1177 1318 1180
f 1178 1296 1179
f 1179 1319 1320
f 1179 1320 1321
f 1179 1321 1318
f 1179 1296 1295
f 1179 1295 1319
f 1180 1318 1321
f 1180 1321 1322
f 1180 1322 1323
f 1180 1323 1182
f 1180 1182 1181
f 1182 1323 1324
f 1182 1324 1325
f 1182 1325 1326
f 1182 1326 1327
f 1182 1327 1183
f 1183 1328 1184
f 1183 1327 1329
f 1183 1329 1330
f 1183 1330 1328
f 1184 1328 1185
f 1185 1328 1331
f 1185 1331 1187
f 1185 1187 1186
f 1187 1332 1188
f 1187 1331 1328
f 1187 1328 1330
f 1187 1330 1329
f 1187 1329 1327
f 1187 1327 1333
f 1187 1333 1334
f 1187 1334 1335
f 1187 1335 1336
f 1187 1336 1337
f 1187 1337 1338
f 1187 1338 1339
f 1187 1339 1340
f 1187 1340 1332
f 1188 1332 1300
f 1193 1341 1195
f 1193 1195 1194
f 1195 1342 1343
f 1195 1343 1196
f 1195 1341 1342
f 1196 1343 1344
f 1196 1344 1345
f 1196 1345 1198
f 1196 1198 1197
f 1198 1345 1495
f 1198 1495 1346
f 1198 1346 1199
f 1199 1346 1347
f 1199 1347 1200
f 1200 1202 1201
f 1200 1347 1348
f 1200 1348 1349
f 1200 1349 1202
f 1202 1349 1350
f 1202 1350 1351
f 1202 1351 1352
f 1202 1352 1203
f 1203 1352 1353
f 1203 1353 1204
f 1204 1353 1205
f 1205 1353 1354
f 1205 1354 1206
f 1206 1355 1356
f 1206 1356 1357
f 1206 1357 1358
f 1206 1358 1359
f 1206 1359 1360
f 1206 1360 1213
f 1206 1354 1351
f 1206 1351 1355
f 1208 1361 1209
f 1208 1213 1361
f 1209 1361 1362
f 1209 1362 1210
f 1210 1362 1211
f 1211 1362 1363
f 1211 1363 1222
f 1211 1222 1212
f 1213 1360 1364
f 1213 1364 1365
f 1213 1365 1361
f 1215 1224 1223
f 1215 1223 1219
f 1215 1219 1366
f 1215 1366 1367
f 1215 1367 1368
f 1215 1368 1369
f 1215 1369 1370
f 1215 1370 1371
f 1215 1371 1372
f 1215 1372 1216
f 1216 1372 1370
f 1216 1370 1217
f 1217 1373 1374
f 1217 1374 1218
f 1217 1370 1375
f 1217 1375 1373
f 1218 1374 1229
f 1219 1220 1376
f 1219 1376 1366
f 1220 1222 1377
f 1220 1377 1378
f 1220 1378 1376
f 1222 1363 1378
f 1222 1378 1377
f 1226 1227 1379
f 1226 1379 1236
f 1227 1231 1230
f 1227 1230 1380
f 1227 1380 1381
f 1227 1381 1382
f 1227 1382 1383
f 1227 1383 1384
f 1227 1384 1385
f 1227 1385 1386
f 1227 1386 1387
f 1227 1387 1388
f 1227 1388 1379
f 1228 1229 1230
f 1229 1374 1389
f 1229 1389 1230
f 1230 1389 1390
f 1230 1390 1391
f 1230 1391 1392
f 1230 1392 1381
f 1230 1381 1380
f 1232 1393 1237
f 1232 1235 1393
f 1233 1236 1388
f 1233 1388 1234
f 1234 1394 1393
f 1234 1393 1235
f 1234 1388 1395
f 1234 1395 1394
f 1236 1379 1388
f 1237 1393 1238
f 1238 1393 1259
f 1238 1259 1239
f 1240 1244 1241
f 1241 1396 1397
f 1241 1397 1398
f 1241 1398 1399
f 1241 1399 1242
f 1241 1244 1396
f 1242 1399 1400
f 1242 1400 1246
f 1242 1246 1245
f 1243 1250 1244
f 1244 1250 1396
f 1246 1400 1401
f 1246 1401 1247
f 1247 1402 1403
f 1247 1403 1404
f 1247 1404 1405
f 1247 1405 1406
f 1247 1406 1407
f 1247 1407 1252
f 1247 1252 1251
f 1247 1401 1408
f 1247 1408 1409
f 1247 1409 1410
f 1247 1410 1411
f 1247 1411 1402
f 1250 1282 1412
f 1250 1412 1396
f 1252 1413 1253
f 1252 1407 1414
f 1252 1414 1413
f 1253 1413 1415
f 1253 1415 1416
f 1253 1416 1254
f 1254 1416 1417
f 1254 1417 1418
f 1254 1418 1255
f 1255 1418 1283
f 1255 1283 1257
f 1258 1266 1267
f 1259 1393 1419
f 1259 1419 1260
f 1260 1419 1420
f 1260 1420 1261
f 1261 1421 1422
f 1261 1422 1423
f 1261 1423 1424
f 1261 1424 1262
f 1261 1420 1425
f 1261 1425 1426
f 1261 1426 1421
f 1262 1424 1427
f 1262 1427 1263
f 1263 1427 1266
f 1263 1266 1264
f 1264 1266 1265
f 1266 1427 1428
f 1266 1428 1267
f 1267 1428 1572
f 1267 1572 1429
f 1267 1429 1430
f 1267 1430 1268
f 1268 1431 1269
f 1268 1430 1431
f 1269 1432 1270
f 1269 1431 1432
f 1270 1432 1433
f 1270 1433 1434
f 1270 1434 1435
f 1270 1435 1272
f 1270 1272 1271
f 1272 1435 1273
f 1273 1435 1436
f 1273 1436 1437
f 1273 1437 1438
f 1273 1438 1275
f 1275 1438 1276
f 1276 1439 1278
f 1276 1278 1277
f 1276 1438 1437
f 1276 1437 1439
f 1278 1440 1589
f 1278 1589 1441
f 1278 1441 1279
f 1278 1439 1440
f 1279 1441 1280
f 1280 1441 1281
f 1281 1441 1282
f 1282 1441 1412
f 1283 1418 1284
f 1284 1418 1285
f 1285 1442 1443
f 1285 1443 1287
f 1285 1287 1286
f 1285 1418 1417
f 1285 1417 1442
f 1287 1443 1289
f 1287 1289 1288
f 1289 1443 1444
f 1289 1444 1445
f 1289 1445 1446
f 1289 1446 1447
f 1289 1447 1448
f 1289 1448 1449
f 1289 1449 1292
f 1289 1292 1291
f 1289 1291 1290
f 1292 1449 1450
f 1292 1450 1451
f 1292 1451 1452
f 1292 1452 1453
f 1292 1453 1293
f 1293 1453 1294
f 1294 1453 1454
f 1294 1454 1455
f 1294 1455 1295
f 1295 1455 1319
f 1296 1317 1297
f 1297 1317 1298
f 1300 1332 1340
f 1300 1340 1301
f 1301 1340 1302
f 1302 1340 1456
f 1302 1456 1457
f 1302 1457 1458
f 1302 1458 1459
f 1302 1459 1460
f 1302 1460 1303
f 1303 1460 1308
f 1304 1316 1461
f 1308 1460 1462
f 1308 1462 1309
f 1309 1462 1463
f 1309 1463 1310
f 1310 1463 1464
f 1310 1464 1314
f 1311 1314 1465
f 1311 1465 1466
f 1311 1466 1312
f 1312 1467 1313
f 1312 1466 1467
f 1313 1467 1468
f 1313 1468 1469
f 1313 1469 1470
f 1313 1470 1471
f 1313 1471 1315
f 1314 1464 1466
f 1314 1466 1465
f 1315 1471 1316
f 1316 1471 1472
f 1316 1472 1461
f 1319 1454 1473
f 1319 1473 1321
f 1319 1321 1320
f 1319 1455 1454
f 1321 1474 1475
f 1321 1475 1476
f 1321 1476 1322
f 1321 1473 1474
f 1322 1477 1323
f 1322 1476 1478
f 1322 1478 1324
f 1322 1324 1477
f 1323 1477 1324
f 1324 1478 1479
f 1324 1479 1325
f 1325 1480 1481
f 1325 1481 1482
f 1325 1482 1333
f 1325 1333 1326
f 1325 1479 1483
f 1325 1483 1476
f 1325 1476 1484
f 1325 1484 1485
f 1325 1485 1480
f 1326 1333 1327
f 1333 1482 1486
f 1333 1486 1334
f 1334 1486 1487
f 1334 1487 1335
f 1335 1487 1486
f 1335 1486 1336
f 1336 1486 1488
f 1336 1488 1489
f 1336 1489 1490
f 1336 1490 1491
f 1336 1491 1337
f 1337 1491 1490
f 1337 1490 1338
f 1338 1456 1340
f 1338 1340 1339
f 1338 1490 1456
f 1344 1492 1345
f 1345 1492 1493
f 1345 1493 1494
f 1345 1494 1495
f 1346 1495 1496
f 1346 1496 1497
f 1346 1497 1348
f 1346 1348 1347
f 1348 1497 1496
f 1348 1496 1498
f 1348 1498 1499
f 1348 1499 1349
f 1349 1499 1350
f 1350 1499 1500
f 1350 1500 1501
f 1350 1501 1351
f 1351 1354 1352
f 1351 1501 1502
f 1351 1502 1503
f 1351 1503 1355
f 1352 1354 1353
f 1355 1503 1502
f 1355 1502 1504
f 1355 1504 1505
f 1355 1505 1356
f 1356 1505 1506
f 1356 1506 1357
f 1357 1506 1507
f 1357 1507 1508
f 1357 1508 1358
f 1358 1508 1509
f 1358 1509 1510
f 1358 1510 1511
f 1358 1511 1512
f 1358 1512 1513
f 1358 1513 1514
f 1358 1514 1515
f 1358 1515 1360
f 1358 1360 1359
f 1360 1515 1364
f 1361 1365 1516
f 1361 1516 1362
f 1362 1517 1363
f 1362 1516 1518
f 1362 1518 1517
f 1363 1517 1378
f 1364 1515 1519
f 1364 1519 1365
f 1365 1519 1520
f 1365 1520 1516
f 1366 1376 1521
f 1366 1521 1522
f 1366 1522 1523
f 1366 1523 1524
f 1366 1524 1525
f 1366 1525 1367
f 1367 1525 1526
f 1367 1526 1368
f 1368 1526 1369
f 1369 1526 1527
f 1369 1527 1370
f 1370 1372 1371
f 1370 1527 1375
f 1373 1375 1374
f 1374 1375 1389
f 1375 1527 1389
f 1376 1378 1521
f 1378 1517 1528
f 1378 1528 1529
f 1378 1529 1530
f 1378 1530 1531
f 1378 1531 1532
f 1378 1532 1533
f 1378 1533 1534
f 1378 1534 1521
f 1381 1535 1383
f 1381 1383 1382
f 1381 1392 1535
f 1383 1535 1384
f 1384 1536 1385
f 1384 1535 1536
f 1385 1536 1386
f 1386 1536 1537
f 1386 1537 1387
f 1387 1537 1395
f 1387 1395 1388
f 1389 1527 1538
f 1389 1538 1539
f 1389 1539 1390
f 1390 1539 1540
f 1390 1540 1391
f 1391 1540 1392
f 1392 1540 1541
f 1392 1541 1542
f 1392 1542 1535
f 1393 1394 1543
f 1393 1543 1419
f 1394 1544 1426
f 1394 1426 1545
f 1394 1545 1543
f 1394 1395 1537
f 1394 1537 1546
f 1394 1546 1536
f 1394 1536 1544
f 1396 1412 1547
f 1396 1547 1548
f 1396 1548 1397
f 1397 1548 1549
f 1397 1549 1550
f 1397 1550 1398
f 1398 1550 1551
f 1398 1551 1408
f 1398 1408 1401
f 1398 1401 1400
f 1398 1400 1399
f 1402 1552 1553
f 1402 1553 1554
f 1402 1554 1403
f 1402 1411 1555
f 1402 1555 1552
f 1403 1554 1404
f 1404 1554 1556
f 1404 1556 1405
f 1405 1556 1557
f 1405 1557 1406
f 1406 1414 1407
f 1406 1557 1558
f 1406 1558 1413
f 1406 1413 1414
f 1408 1551 1409
f 1409 1551 1559
f 1409 1559 1555
f 1409 1555 1411
f 1409 1411 1410
f 1412 1441 1548
f 1412 1548 1547
f 1413 1558 1560
f 1413 1560 1561
f 1413 1561 1415
f 1415 1561 1562
f 1415 1562 1416
f 1416 1562 1563
f 1416 1563 1417
f 1417 1563 1564
f 1417 1564 1565
f 1417 1565 1442
f 1419 1543 1420
f 1420 1543 1425
f 1421 1426 1566
f 1421 1566 1567
f 1421 1567 1422
f 1422 1568 1569
f 1422 1569 1423
f 1422 1567 1570
f 1422 1570 1568
f 1423 1569 1571
f 1423 1571 1427
f 1423 1427 1424
f 1425 1543 1545
f 1425 1545 1426
f 1426 1544 1566
f 1427 1571 1428
f 1428 1571 1572
f 1429 1573 1430
f 1429 1572 1571
f 1429 1571 1574
f 1429 1574 1575
f 1429 1575 1573
f 1430 1573 1578
f 1430 1578 1576
f 1430 1576 1577
f 1430 1577 1431
f 1431 1577 1432
f 1432 1577 1576
f 1432 1576 1433
f 1433 1576 1578
f 1433 1578 1579
f 1433 1579 1580
f 1433 1580 1434
f 1434 1580 1581
f 1434 1581 1582
f 1434 1582 1583
f 1434 1583 1584
f 1434 1584 1435
f 1435 1584 1436
f 1436 1584 1585
f 1436 1585 1437
f 1437 1585 1586
f 1437 1586 1439
f 1439 1587 1440
f 1439 1586 1587
f 1440 1588 1589
f 1440 1587 1588
f 1441 1589 1549
f 1441 1549 1548
f 1442 1565 1564
f 1442 1564 1590
f 1442 1590 1444
f 1442 1444 1443
f 1444 1590 1445
f 1445 1591 1592
f 1445 1592 1447
f 1445 1447 1446
f 1445 1590 1593
f 1445 1593 1594
f 1445 1594 1595
f 1445 1595 1591
f 1447 1592 1596
f 1447 1596 1597
f 1447 1597 1598
f 1447 1598 1599
f 1447 1599 1448
f 1448 1599 1600
f 1448 1600 1601
f 1448 1601 1449
f 1449 1601 1450
f 1450 1601 1602
f 1450 1602 1603
f 1450 1603 1451
f 1451 1603 1604
f 1451 1604 1605
f 1451 1605 1606
f 1451 1606 1607
f 1451 1607 1608
f 1451 1608 1609
f 1451 1609 1610
f 1451 1610 1611
f 1451 1611 1452
f 1452 1611 1453
f 1453 1611 1454
f 1454 1611 1473
f 1456 1490 1457
f 1457 1490 1458
f 1458 1490 1612
f 1458 1612 1613
f 1458 1613 1614
f 1458 1614 1459
f 1459 1614 1615
f 1459 1615 1460
f 1460 1615 1616
f 1460 1616 1462
f 1462 1616 1463
f 1463 1616 1617
f 1463 1617 1464
f 1464 1617 1614
f 1464 1614 1618
f 1464 1618 1619
f 1464 1619 1620
f 1464 1620 1621
f 1464 1621 1466
f 1466 1621 1468
f 1466 1468 1467
f 1468 1621 1622
f 1468 1622 1623
f 1468 1623 1624
f 1468 1624 1469
f 1469 1624 1625
f 1469 1625 1626
f 1469 1626 1627
f 1469 1627 1470
f 1470 1628 1471
f 1470 1627 1629
f 1470 1629 1628
f 1471 1628 1630
f 1471 1630 1631
f 1471 1631 1472
f 1473 1611 1474
f 1474 1611 1632
f 1474 1632 1633
f 1474 1633 1634
f 1474 1634 1476
f 1474 1476 1475
f 1476 1634 1484
f 1476 1483 1635
f 1476 1635 1478
f 1478 1635 1483
f 1478 1483 1479
f 1480 1485 1481
f 1481 1485 1636
f 1481 1636 1637
f 1481 1637 1638
f 1481 1638 1482
f 1482 1638 1486
f 1484 1633 1639
f 1484 1639 1485
f 1484 1634 1633
f 1485 1640 1641
f 1485 1641 1642
f 1485 1642 1643
f 1485 1643 1636
f 1485 1639 1644
f 1485 1644 1640
f 1486 1638 1645
f 1486 1645 1646
f 1486 1646 1647
f 1486 1647 1488
f 1488 1647 1646
f 1488 1646 1648
f 1488 1648 1649
f 1488 1649 1650
f 1488 1650 1651
f 1488 1651 1652
f 1488 1652 1653
f 1488 1653 1654
f 1488 1654 1490
f 1488 1490 1489
f 1490 1654 1655
f 1490 1655 1656
f 1490 1656 1612
f 1494 1657 1495
f 1495 1657 1658
f 1495 1658 1659
f 1495 1659 1496
f 1496 1659 1660
f 1496 1660 1661
f 1496 1661 1498
f 1498 1661 1499
f 1499 1661 1660
f 1499 1660 1500
f 1500 1662 1663
f 1500 1663 1664
f 1500 1664 1501
f 1500 1660 1662
f 1501 1664 1665
f 1501 1665 1666
f 1501 1666 1667
f 1501 1667 1505
f 1501 1505 1502
f 1502 1505 1504
f 1505 1667 1506
f 1506 1667 1668
f 1506 1668 1669
f 1506 1669 1507
f 1507 1669 1670
f 1507 1670 1671
f 1507 1671 1672
f 1507 1672 1509
f 1507 1509 1508
f 1509 1672 1673
f 1509 1673 1674
f 1509 1674 1510
f 1510 1512 1511
f 1510 1674 1675
f 1510 1675 1512
f 1512 1675 1676
f 1512 1676 1677
f 1512 1677 1678
f 1512 1678 1679
f 1512 1679 1513
f 1513 1679 1680
f 1513 1680 1681
f 1513 1681 1682
f 1513 1682 1515
f 1513 1515 1514
f 1515 1682 1683
f 1515 1683 1519
f 1516 1520 1518
f 1517 1518 1528
f 1518 1684 1685
f 1518 1685 1686
f 1518 1686 1528
f 1518 1520 1682
f 1518 1682 1687
f 1518 1687 1684
f 1519 1683 1520
f 1520 1683 1682
f 1521 1534 1688
f 1521 1688 1533
f 1521 1533 1689
f 1521 1689 1522
f 1522 1690 1692
f 1522 1692 1523
f 1522 1689 1691
f 1522 1691 1690
f 1523 1692 1524
f 1524 1692 1693
f 1524 1693 1525
f 1525 1693 1694
f 1525 1694 1527
f 1525 1527 1526
f 1527 1694 1695
f 1527 1695 1540
f 1527 1540 1696
f 1527 1696 1539
f 1527 1539 1538
f 1528 1686 1529
f 1529 1686 1697
f 1529 1697 1530
f 1530 1697 1531
f 1531 1697 1698
f 1531 1698 1699
f 1531 1699 1700
f 1531 1700 1532
f 1532 1700 1533
f 1533 1688 1534
f 1533 1700 1699
f 1533 1699 1701
f 1533 1701 1702
f 1533 1702 1703
f 1533 1703 1704
f 1533 1704 1705
f 1533 1705 1706
f 1533 1706 1707
f 1533 1707 1708
f 1533 1708 1692
f 1533 1692 1690
f 1533 1690 1689
f 1535 1709 1536
f 1535 1542 1710
f 1535 1710 1711
f 1535 1711 1712
f 1535 1712 1713
f 1535 1713 1714
f 1535 1714 1709
f 1536 1546 1537
f 1536 1709 1715
f 1536 1715 1716
f 1536 1716 1717
f 1536 1717 1718
f 1536 1718 1544
f 1539 1696 1540
f 1540 1719 1720
f 1540 1720 1721
f 1540 1721 1722
f 1540 1722 1723
f 1540 1723 1710
f 1540 1710 1541
f 1540 1695 1724
f 1540 1724 1725
f 1540 1725 1726
f 1540 1726 1719
f 1541 1710 1542
f 1544 1718 1566
f 1549 1589 1727
f 1549 1727 1728
f 1549 1728 1550
f 1550 1728 1729
f 1550 1729 1730
f 1550 1730 1551
f 1551 1730 1731
f 1551 1731 1559
f 1552 1732 1553
f 1552 1555 1733
f 1552 1733 1734
f 1552 1734 1735
f 1552 1735 1736
f 1552 1736 1732
f 1553 1732 1554
f 1554 1732 1556
f 1555 1559 1731
f 1555 1731 1733
f 1556 1737 1557
f 1556 1732 1737
f 1557 1737 1738
f 1557 1738 1558
f 1558 1738 1560
f 1560 1739 1740
f 1560 1740 1561
f 1560 1738 1739
f 1561 1740 1562
f 1562 1740 1739
f 1562 1739 1741
f 1562 1741 1590
f 1562 1590 1564
f 1562 1564 1563
f 1566 1570 1567
f 1566 1718 1570
f 1568 1570 1742
f 1568 1742 1743
f 1568 1743 1744
f 1568 1744 1745
f 1568 1745 1569
f 1569 1745 1571
f 1570 1746 1742
f 1570 1718 1746
f 1571 1745 1574
f 1573 1575 1747
f 1573 1747 1748
f 1573 1748 1749
f 1573 1749 1578
f 1574 1745 1575
f 1575 1745 1747
f 1578 1749 1579
f 1579 1750 1751
f 1579 1751 1580
f 1579 1749 1750
f 1580 1751 1581
f 1581 1751 1752
f 1581 1752 1582
f 1582 1753 1754
f 1582 1754 1755
f 1582 1755 1583
f 1582 1752 1756
f 1582 1756 1753
f 1583 1755 1757
f 1583 1757 1585
f 1583 1585 1584
f 1585 1757 1586
f 1586 1757 1758
f 1586 1758 1587
f 1587 1759 1760
f 1587 1760 1588
f 1587 1758 1759
f 1588 1760 1727
f 1588 1727 1589
f 1590 1741 1593
f 1591 1595 1761
f 1591 1761 1592
f 1592 1761 1596
f 1593 1741 1762
f 1593 1762 1594
f 1594 1763 1764
f 1594 1764 1595
f 1594 1762 1763
f 1595 1764 1765
f 1595 1765 1761
f 1596 1761 1765
f 1596 1765 1766
f 1596 1766 1598
f 1596 1598 1597
f 1598 1767 1768
f 1598 1768 1769
f 1598 1769 1770
f 1598 1770 1771
f 1598 1771 1599
f 1598 1766 1772
f 1598 1772 1767
f 1599 1771 1770
f 1599 1770 1600
f 1600 1770 1601
f 1601 1770 1602
f 1602 1770 1603
f 1603 1770 1604
f 1604 1770 1773
f 1604 1773 1605
f 1605 1774 1606
f 1605 1773 1774
f 1606 1775 1776
f 1606 1776 1777
f 1606 1777 1778
f 1606 1778 1779
f 1606 1779 1780
f 1606 1780 1609
f 1606 1609 1608
f 1606 1608 1607
f 1606 1774 1770
f 1606 1770 1775
f 1609 1780 1779
f 1609 1779 1781
f 1609 1781 1782
f 1609 1782 1610
f 1610 1782 1611
f 1611 1782 1632
f 1612 1656 1613
f 1613 1656 1783
f 1613 1783 1784
f 1613 1784 1785
f 1613 1785 1786
f 1613 1786 1787
f 1613 1787 1614
f 1614 1617 1616
f 1614 1616 1615
f 1614 1787 1788
f 1614 1788 1618
f 1618 1788 1789
f 1618 1789 1619
f 1619 1789 1790
f 1619 1790 1791
f 1619 1791 1620
f 1620 1791 1792
f 1620 1792 1793
f 1620 1793 1621
f 1621 1793 1622
f 1622 1624 1623
f 1622 1793 1792
f 1622 1792 1794
f 1622 1794 1624
f 1624 1795 1796
f 1624 1796 1797
f 1624 1797 1798
f 1624 1798 1626
f 1624 1626 1625
f 1624 1794 1795
f 1626 1798 1627
f 1627 1798 1799
f 1628 1629 1630
f 1632 1782 1633
f 1633 1781 1644
f 1633 1644 1639
f 1633 1782 1781
f 1636 1643 1800
f 1636 1800 1637
f 1637 1800 1801
f 1637 1801 1802
f 1637 1802 1638
f 1638 1802 1645
f 1640 1803 1641
f 1640 1644 1804
f 1640 1804 1803
f 1641 1803 1805
f 1641 1805 1806
f 1641 1806 1807
f 1641 1807 1642
f 1642 1807 1808
f 1642 1808 1643
f 1643 1809 1801
f 1643 1801 1800
f 1643 1808 1809
f 1644 1781 1804
f 1645 1802 1646
f 1646 1802 1801
f 1646 1801 1810
f 1646 1810 1648
f 1648 1810 1649
f 1649 1811 1651
f 1649 1651 1650
f 1649 1810 1811
f 1651 1812 1813
f 1651 1813 1655
f 1651 1655 1653
f 1651 1653 1652
f 1651 1811 1814
f 1651 1814 1815
f 1651 1815 1816
f 1651 1816 1812
f 1653 1655 1654
f 1655 1813 1783
f 1655 1783 1656
f 1658 1817 1818
f 1658 1818 1659
f 1659 1818 1660
f 1660 1818 1819
f 1660 1819 1662
f 1662 1819 1663
f 1663 1665 1664
f 1663 1819 1820
f 1663 1820 1821
f 1663 1821 1822
f 1663 1822 1823
f 1663 1823 1824
f 1663 1824 1665
f 1665 1824 1669
f 1665 1669 1666
f 1666 1669 1668
f 1666 1668 1667
f 1669 1824 1825
f 1669 1825 1670
f 1670 1825 1826
f 1670 1826 1827
f 1670 1827 1828
f 1670 1828 1671
f 1671 1828 1829
f 1671 1829 1830
f 1671 1830 1672
f 1672 1830 1831
f 1672 1831 1673
f 1673 1831 1832
f 1673 1832 1833
f 1673 1833 1674
f 1674 1833 1675
f 1675 1833 1834
f 1675 1834 1835
f 1675 1835 1836
f 1675 1836 1678
f 1675 1678 1676
f 1676 1678 1677
f 1678 1836 1835
f 1678 1835 1837
f 1678 1837 1838
f 1678 1838 1679
f 1679 1838 1680
f 1680 1838 1839
f 1680 1839 1681
f 1681 1687 1682
f 1681 1839 1840
f 1681 1840 1841
f 1681 1841 1842
f 1681 1842 1843
f 1681 1843 1687
f 1684 1687 1685
f 1685 1844 1845
f 1685 1845 1846
f 1685 1846 1686
f 1685 1687 1844
f 1686 1846 1697
f 1687 1843 1844
f 1689 1690 1691
f 1692 1708 1693
f 1693 1695 1694
f 1693 1708 1695
f 1695 1708 1847
f 1695 1847 1848
f 1695 1848 1724
f 1697 1849 1698
f 1697 1846 1845
f 1697 1845 1849
f 1698 1849 1701
f 1698 1701 1699
f 1701 1849 1845
f 1701 1845 1850
f 1701 1850 1851
f 1701 1851 1852
f 1701 1852 1853
f 1701 1853 1854
f 1701 1854 1855
f 1701 1855 1702
f 1702 1855 1703
f 1703 1856 1857
f 1703 1857 1858
f 1703 1858 1859
f 1703 1859 1704
f 1703 1855 1854
f 1703 1854 1856
f 1704 1859 1705
f 1705 1859 1847
f 1705 1847 1706
f 1706 1847 1708
f 1706 1708 1707
f 1709 1714 1860
f 1709 1860 1715
f 1710 1723 1861
f 1710 1861 1862
f 1710 1862 1863
f 1710 1863 1864
f 1710 1864 1712
f 1710 1712 1711
f 1712 1864 1865
f 1712 1865 1866
f 1712 1866 1867
f 1712 1867 1713
f 1713 1867 1714
f 1714 1867 1868
f 1714 1868 1869
f 1714 1869 1870
f 1714 1870 1715
f 1714 1715 1860
f 1715 1870 1869
f 1715 1869 1716
f 1716 1869 1871
f 1716 1871 1717
f 1717 1871 1872
f 1717 1872 1718
f 1718 1872 1873
f 1718 1873 1746
f 1719 1874 1720
f 1719 1726 1875
f 1719 1875 1876
f 1719 1876 1877
f 1719 1877 1874
f 1720 1874 1878
f 1720 1878 1879
f 1720 1879 1880
f 1720 1880 1721
f 1721 1880 1722
f 1722 1881 1882
f 1722 1882 1883
f 1722 1883 1884
f 1722 1884 1723
f 1722 1880 1879
f 1722 1879 1881
f 1723 1884 1883
f 1723 1883 1862
f 1723 1862 1861
f 1724 1848 1885
f 1724 1885 1725
f 1725 1885 1886
f 1725 1886 1726
f 1726 1887 1858
f 1726 1858 1857
f 1726 1857 1888
f 1726 1888 1875
f 1726 1886 1887
f 1727 1889 1890
f 1727 1890 1891
f 1727 1891 1892
f 1727 1892 1728
f 1727 1760 1889
f 1728 1892 1893
f 1728 1893 1729
f 1729 1893 1894
f 1729 1894 1730
f 1730 1894 1731
f 1731 1734 1733
f 1731 1894 1895
f 1731 1895 1734
f 1732 1736 1896
f 1732 1896 1897
f 1732 1897 1898
f 1732 1898 1899
f 1732 1899 1737
f 1734 1895 1900
f 1734 1900 1735
f 1735 1900 1901
f 1735 1901 1902
f 1735 1902 1903
f 1735 1903 1736
f 1736 1903 1896
f 1737 1899 1738
f 1738 1904 1739
f 1738 1899 1904
f 1739 1905 1741
f 1739 1904 1905
f 1741 1906 1907
f 1741 1907 1908
f 1741 1908 1762
f 1741 1905 1906
f 1742 1746 1909
f 1742 1909 1910
f 1742 1910 1911
f 1742 1911 1743
f 1743 1911 1912
f 1743 1912 1744
f 1744 1913 1914
f 1744 1914 1915
f 1744 1915 1745
f 1744 1912 1913
f 1745 1915 1747
f 1746 1873 1916
f 1746 1916 1917
f 1746 1917 1909
f 1747 1915 1918
f 1747 1918 1919
f 1747 1919 1748
f 1748 1919 1920
f 1748 1920 1749
f 1749 1920 1922
f 1749 1922 1921
f 1749 1921 1750
f 1750 1921 1751
f 1751 1921 1922
f 1751 1922 1923
f 1751 1923 1924
f 1751 1924 1756
f 1751 1756 1752
f 1753 1925 1926
f 1753 1926 1754
f 1753 1756 1927
f 1753 1927 1928
f 1753 1928 1925
f 1754 1926 1929
f 1754 1929 1930
f 1754 1930 1931
f 1754 1931 1755
f 1755 1931 1758
f 1755 1758 1757
f 1756 1924 1927
f 1758 1931 1759
f 1759 1932 1933
f 1759 1933 1934
f 1759 1934 1760
f 1759 1931 1932
f 1760 1934 2074
f 1760 2074 1935
f 1760 1935 1889
f 1762 1908 1763
f 1763 1908 1936
f 1763 1936 1937
f 1763 1937 1938
f 1763 1938 1764
f 1764 1938 1765
f 1765 1939 1940
f 1765 1940 1941
f 1765 1941 1766
f 1765 1938 1939
f 1766 1941 1772
f 1767 1942 1768
f 1767 1772 1942
f 1768 1942 1943
f 1768 1943 1944
f 1768 1944 1945
f 1768 1945 1770
f 1768 1770 1769
f 1770 1945 1944
f 1770 1944 1946
f 1770 1946 1947
f 1770 1947 1948
f 1770 1948 1949
f 1770 1949 1775
f 1770 1774 1773
f 1772 1941 1950
f 1772 1950 1951
f 1772 1951 1952
f 1772 1952 1942
f 1775 1948 1953
f 1775 1953 1954
f 1775 1954 1777
f 1775 1777 1776
f 1775 1949 1948
f 1777 1955 1778
f 1777 1954 1956
f 1777 1956 1957
f 1777 1957 1958
f 1777 1958 1959
f 1777 1959 1960
f 1777 1960 1961
f 1777 1961 1955
f 1778 1955 1962
f 1778 1962 1779
f 1779 1962 1781
f 1781 1962 1963
f 1781 1963 1964
f 1781 1964 1965
f 1781 1965 1966
f 1781 1966 1967
f 1781 1967 1968
f 1781 1968 1804
f 1783 1813 1784
f 1784 1813 1969
f 1784 1969 1785
f 1785 1969 1970
f 1785 1970 1971
f 1785 1971 1972
f 1785 1972 1788
f 1785 1788 1786
f 1786 1788 1787
f 1788 1972 1790
f 1788 1790 1789
f 1790 1972 1973
f 1790 1973 1974
f 1790 1974 1975
f 1790 1975 1792
f 1790 1792 1791
f 1792 1975 1976
f 1792 1976 1977
f 1792 1977 1978
f 1792 1978 1979
f 1792 1979 1980
f 1792 1980 1981
f 1792 1981 1982
f 1792 1982 1794
f 1794 1982 1983
f 1794 1983 1984
f 1794 1984 1985
f 1794 1985 1986
f 1794 1986 1795
f 1795 1986 1985
f 1795 1985 1984
f 1795 1984 1987
f 1795 1987 1796
f 1796 1987 1797
f 1797 1987 1984
f 1797 1984 1988
f 1797 1799 1798
f 1801 1809 1989
f 1801 1989 1990
f 1801 1990 1991
f 1801 1991 1992
f 1801 1992 1993
f 1801 1993 1994
f 1801 1994 1810
f 1803 1804 1968
f 1803 1968 1995
f 1803 1995 1967
f 1803 1967 1996
f 1803 1996 1997
f 1803 1997 1805
f 1805 1998 1999
f 1805 1999 1806
f 1805 1997 1998
f 1806 1999 1807
f 1807 1999 2000
f 1807 2000 1808
f 1808 2000 1990
f 1808 1990 1989
f 1808 1989 1809
f 1810 1994 1811
f 1811 1994 2001
f 1811 2001 1814
f 1812 1816 2002
f 1812 2002 1813
f 1813 2002 1969
f 1814 2001 1993
f 1814 1993 2003
f 1814 2003 1992
f 1814 1992 2004
f 1814 2004 1815
f 1815 2004 2005
f 1815 2005 1816
f 1816 2005 2006
f 1816 2006 2002
f 1817 2007 1818
f 1818 2007 2008
f 1818 2008 1819
f 1819 2008 2009
f 1819 2009 2010
f 1819 2010 1820
f 1820 2011 2012
f 1820 2012 1821
f 1820 2010 2011
f 1821 2012 1822
f 1822 2012 2013
f 1822 2013 2014
f 1822 2014 1823
f 1823 1825 1824
f 1823 2014 2015
f 1823 2015 1825
f 1825 2015 1826
f 1826 2015 2016
f 1826 2016 1827
f 1827 2016 1829
f 1827 1829 1828
f 1829 2016 1831
f 1829 1831 1830
f 1831 2016 2017
f 1831 2017 2018
f 1831 2018 1832
f 1832 2018 2019
f 1832 2019 1833
f 1833 2019 1834
f 1834 2019 2020
f 1834 2020 2021
f 1834 2021 2022
f 1834 2022 1835
f 1835 2023 2024
f 1835 2024 2025
f 1835 2025 2026
f 1835 2026 2027
f 1835 2027 1837
f 1835 2022 2028
f 1835 2028 2029
f 1835 2029 2023
f 1837 2027 2026
f 1837 2026 1838
f 1838 2026 2030
f 1838 2030 1839
f 1839 2030 2026
f 1839 2026 2031
f 1839 2031 2024
f 1839 2024 2032
f 1839 2032 2033
f 1839 2033 2034
f 1839 2034 2035
f 1839 2035 2036
f 1839 2036 1840
f 1840 2036 1841
f 1841 2037 1843
f 1841 1843 1842
f 1841 2036 2038
f 1841 2038 2039
f 1841 2039 2037
f 1843 2040 1851
f 1843 1851 2041
f 1843 2041 1845
f 1843 1845 1844
f 1843 2037 2042
f 1843 2042 2040
f 1845 2041 1851
f 1845 1851 1850
f 1847 1885 1848
f 1847 1859 1887
f 1847 1887 1885
f 1851 2040 2043
f 1851 2043 2044
f 1851 2044 2045
f 1851 2045 2046
f 1851 2046 1853
f 1851 1853 1852
f 1853 2047 2048
f 1853 2048 1854
f 1853 2046 2049
f 1853 2049 2047
f 1854 2048 2050
f 1854 2050 2051
f 1854 2051 2052
f 1854 2052 1857
f 1854 1857 1856
f 1857 2052 1888
f 1858 1887 1859
f 1862 1883 1863
f 1863 1883 2053
f 1863 2053 1864
f 1864 2053 1865
f 1865 2054 2055
f 1865 2055 2056
f 1865 2056 2057
f 1865 2057 1872
f 1865 1872 1867
f 1865 1867 1866
f 1865 2053 2058
f 1865 2058 2059
f 1865 2059 2054
f 1867 1872 1868
f 1868 1872 1871
f 1868 1871 1869
f 1872 2060 1873
f 1872 2057 2060
f 1873 2060 1916
f 1874 1877 2068
f 1874 2068 2061
f 1874 2061 2069
f 1874 2069 1878
f 1875 1888 2050
f 1875 2050 2062
f 1875 2062 1876
f 1876 2062 2063
f 1876 2063 2064
f 1876 2064 2065
f 1876 2065 2066
f 1876 2066 1877
f 1877 2066 2067
f 1877 2067 2068
f 1878 2069 1879
f 1879 2069 2070
f 1879 2070 1881
f 1881 2070 2071
f 1881 2071 1882
f 1882 2071 2072
f 1882 2072 1883
f 1883 2072 2053
f 1885 1887 1886
f 1888 2052 2073
f 1888 2073 2051
f 1888 2051 2050
f 1889 1935 1890
f 1890 1935 2074
f 1890 2074 2075
f 1890 2075 2076
f 1890 2076 2077
f 1890 2077 2078
f 1890 2078 1891
f 1891 2078 1893
f 1891 1893 1892
f 1893 2078 1894
f 1894 2078 2077
f 1894 2077 1895
f 1895 2077 2079
f 1895 2079 1900
f 1896 1903 1897
f 1897 1903 2080
f 1897 2080 2081
f 1897 2081 2082
f 1897 2082 1898
f 1898 2082 2276
f 1898 2276 2083
f 1898 2083 2084
f 1898 2084 1904
f 1898 1904 1899
f 1900 2085 2086
f 1900 2086 1901
f 1900 2079 2087
f 1900 2087 2085
f 1901 2088 1902
f 1901 2086 2088
f 1902 2088 2279
f 1902 2279 2089
f 1902 2089 1903
f 1903 2089 2090
f 1903 2090 2080
f 1904 2091 1905
f 1904 2084 2091
f 1905 2091 1906
f 1906 2091 2092
f 1906 2092 1907
f 1907 1937 1936
f 1907 1936 1908
f 1907 2092 2093
f 1907 2093 2094
f 1907 2094 1937
f 1909 2095 1910
f 1909 1917 2095
f 1910 2096 2097
f 1910 2097 2098
f 1910 2098 1912
f 1910 1912 1911
f 1910 2095 2099
f 1910 2099 2100
f 1910 2100 2101
f 1910 2101 2096
f 1912 2098 1913
f 1913 2098 2102
f 1913 2102 2103
f 1913 2103 2104
f 1913 2104 1914
f 1914 2104 2105
f 1914 2105 1918
f 1914 1918 1915
f 1916 2060 2106
f 1916 2106 2100
f 1916 2100 1917
f 1917 2100 2107
f 1917 2107 2099
f 1917 2099 2095
f 1918 2105 2108
f 1918 2108 1919
f 1919 2108 2109
f 1919 2109 2110
f 1919 2110 2111
f 1919 2111 1920
f 1920 2111 1922
f 1922 2111 1923
f 1923 2112 2113
f 1923 2113 1924
f 1923 2111 2110
f 1923 2110 2114
f 1923 2114 2112
f 1924 2113 1927
f 1925 2115 2116
f 1925 2116 2117
f 1925 2117 1926
f 1925 1928 2118
f 1925 2118 2115
f 1926 2117 1929
f 1927 2113 2119
f 1927 2119 1928
f 1928 2120 2118
f 1928 2119 2121
f 1928 2121 2120
f 1929 2117 2122
f 1929 2122 2123
f 1929 2123 2124
f 1929 2124 2125
f 1929 2125 1930
f 1930 2125 2126
f 1930 2126 2127
f 1930 2127 1931
f 1931 2127 1932
f 1932 2127 1933
f 1933 2128 2074
f 1933 2074 1934
f 1933 2127 2128
f 1937 2129 1938
f 1937 2094 2129
f 1938 2129 2130
f 1938 2130 2131
f 1938 2131 2132
f 1938 2132 2133
f 1938 2133 2134
f 1938 2134 1939
f 1939 2134 1940
f 1940 2134 2135
f 1940 2135 2136
f 1940 2136 1950
f 1940 1950 1941
f 1942 1952 2137
f 1942 2137 1943
f 1943 2138 1944
f 1943 2137 2138
f 1944 2138 2139
f 1944 2139 2140
f 1944 2140 1947
f 1944 1947 1946
f 1947 2140 1948
f 1948 2140 2141
f 1948 2141 1953
f 1950 2136 1951
f 1951 2136 2142
f 1951 2142 1952
f 1952 2142 2137
f 1953 2141 2143
f 1953 2143 1956
f 1953 1956 1954
f 1955 1961 2144
f 1955 2144 1962
f 1956 2143 1957
f 1957 2143 2145
f 1957 2145 2146
f 1957 2146 2147
f 1957 2147 2148
f 1957 2148 1959
f 1957 1959 1958
f 1959 2148 2149
f 1959 2149 2150
f 1959 2150 2151
f 1959 2151 2152
f 1959 2152 1960
f 1960 2152 2153
f 1960 2153 1961
f 1961 2153 1964
f 1961 1964 2144
f 1962 2144 1964
f 1962 1964 1963
f 1964 2153 2152
f 1964 2152 2154
f 1964 2154 1967
f 1964 1967 1966
f 1964 1966 1965
f 1967 1997 1996
f 1967 1995 1968
f 1967 2154 2152
f 1967 2152 2155
f 1967 2155 2156
f 1967 2156 2157
f 1967 2157 2158
f 1967 2158 2159
f 1967 2159 1997
f 1969 2002 1970
f 1970 2006 2160
f 1970 2160 2161
f 1970 2161 2162
f 1970 2162 2163
f 1970 2163 1971
f 1970 2002 2006
f 1971 2163 1972
f 1972 2163 1974
f 1972 1974 1973
f 1974 2162 2164
f 1974 2164 1976
f 1974 1976 2165
f 1974 2165 1975
f 1974 2163 2162
f 1975 2165 1976
f 1976 2164 1977
f 1977 2164 1978
f 1978 2166 2167
f 1978 2167 2168
f 1978 2168 1979
f 1978 2164 2166
f 1979 2168 2169
f 1979 2169 2170
f 1979 2170 2171
f 1979 2171 1981
f 1979 1981 1980
f 1981 2171 2172
f 1981 2172 2173
f 1981 2173 1982
f 1982 2173 1983
f 1983 2173 1984
f 1984 2174 1988
f 1984 2173 2174
f 1990 2000 2175
f 1990 2175 1999
f 1990 1999 2176
f 1990 2176 2177
f 1990 2177 2178
f 1990 2178 1991
f 1991 2178 2179
f 1991 2179 2180
f 1991 2180 1992
f 1992 2180 2181
f 1992 2181 2182
f 1992 2182 2183
f 1992 2183 2004
f 1992 2003 1993
f 1993 2001 1994
f 1997 2159 2184
f 1997 2184 1998
f 1998 2184 2185
f 1998 2185 2186
f 1998 2186 2187
f 1998 2187 1999
f 1999 2188 2176
f 1999 2175 2000
f 1999 2187 2188
f 2004 2183 2189
f 2004 2189 2190
f 2004 2190 2005
f 2005 2190 2191
f 2005 2191 2192
f 2005 2192 2193
f 2005 2193 2194
f 2005 2194 2195
f 2005 2195 2196
f 2005 2196 2006
f 2006 2196 2195
f 2006 2195 2197
f 2006 2197 2198
f 2006 2198 2199
f 2006 2199 2160
f 2011 2200 2012
f 2012 2200 2201
f 2012 2201 2202
f 2012 2202 2203
f 2012 2203 2013
f 2013 2203 2014
f 2014 2203 2204
f 2014 2204 2015
f 2015 2205 2206
f 2015 2206 2207
f 2015 2207 2208
f 2015 2208 2209
f 2015 2209 2210
f 2015 2210 2211
f 2015 2211 2212
f 2015 2212 2017
f 2015 2017 2016
f 2015 2204 2205
f 2017 2212 2213
f 2017 2213 2018
f 2018 2020 2019
f 2018 2213 2214
f 2018 2214 2215
f 2018 2215 2216
f 2018 2216 2217
f 2018 2217 2020
f 2020 2217 2218
f 2020 2218 2029
f 2020 2029 2021
f 2021 2028 2022
f 2021 2029 2028
f 2023 2029 2219
f 2023 2219 2024
f 2024 2219 2220
f 2024 2220 2221
f 2024 2221 2222
f 2024 2222 2223
f 2024 2223 2032
f 2024 2031 2026
f 2024 2026 2025
f 2029 2218 2224
f 2029 2224 2225
f 2029 2225 2226
f 2029 2226 2227
f 2029 2227 2220
f 2029 2220 2219
f 2032 2223 2228
f 2032 2228 2229
f 2032 2229 2230
f 2032 2230 2231
f 2032 2231 2033
f 2033 2231 2034
f 2034 2232 2036
f 2034 2036 2035
f 2034 2231 2232
f 2036 2232 2039
f 2036 2039 2038
f 2037 2039 2233
f 2037 2233 2234
f 2037 2234 2042
f 2039 2232 2235
f 2039 2235 2236
f 2039 2236 2237
f 2039 2237 2238
f 2039 2238 2239
f 2039 2239 2240
f 2039 2240 2233
f 2040 2042 2043
f 2042 2241 2242
f 2042 2242 2243
f 2042 2243 2044
f 2042 2044 2043
f 2042 2234 2244
f 2042 2244 2240
f 2042 2240 2239
f 2042 2239 2245
f 2042 2245 2241
f 2044 2246 2247
f 2044 2247 2045
f 2044 2243 2246
f 2045 2247 2049
f 2045 2049 2046
f 2047 2049 2048
f 2048 2049 2247
f 2048 2247 2050
f 2050 2248 2063
f 2050 2063 2062
f 2050 2247 2249
f 2050 2249 2248
f 2051 2073 2052
f 2053 2072 2250
f 2053 2250 2058
f 2054 2251 2252
f 2054 2252 2253
f 2054 2253 2254
f 2054 2254 2255
f 2054 2255 2256
f 2054 2256 2257
f 2054 2257 2055
f 2054 2059 2258
f 2054 2258 2259
f 2054 2259 2260
f 2054 2260 2251
f 2055 2257 2056
f 2056 2257 2256
f 2056 2256 2261
f 2056 2261 2262
f 2056 2262 2060
f 2056 2060 2057
f 2058 2250 2259
f 2058 2259 2059
f 2059 2259 2258
f 2060 2262 2106
f 2061 2263 2069
f 2061 2068 2264
f 2061 2264 2263
f 2063 2265 2266
f 2063 2266 2065
f 2063 2065 2064
f 2063 2248 2267
f 2063 2267 2265
f 2065 2067 2066
f 2065 2266 2067
f 2067 2264 2068
f 2067 2266 2268
f 2067 2268 2269
f 2067 2269 2264
f 2069 2270 2070
f 2069 2263 2270
f 2070 2270 2071
f 2071 2270 2271
f 2071 2271 2250
f 2071 2250 2072
f 2074 2128 2075
f 2075 2272 2076
f 2075 2128 2273
f 2075 2273 2272
f 2076 2272 2274
f 2076 2274 2087
f 2076 2087 2079
f 2076 2079 2077
f 2080 2275 2276
f 2080 2276 2081
f 2080 2090 2277
f 2080 2277 2275
f 2081 2276 2082
f 2083 2276 2275
f 2083 2275 2092
f 2083 2092 2084
f 2084 2092 2091
f 2085 2087 2278
f 2085 2278 2086
f 2086 2278 2279
f 2086 2279 2088
f 2087 2280 2278
f 2087 2274 2280
f 2089 2281 2090
f 2089 2279 2281
f 2090 2282 2283
f 2090 2283 2277
f 2090 2281 2282
f 2092 2275 2093
f 2093 2275 2094
f 2094 2275 2284
f 2094 2284 2130
f 2094 2130 2129
f 2096 2285 2286
f 2096 2286 2097
f 2096 2101 2285
f 2097 2286 2287
f 2097 2287 2288
f 2097 2288 2098
f 2098 2288 2102
f 2099 2107 2100
f 2100 2106 2289
f 2100 2289 2290
f 2100 2290 2101
f 2101 2290 2291
f 2101 2291 2285
f 2102 2288 2103
f 2103 2288 2292
f 2103 2292 2293
f 2103 2293 2294
f 2103 2294 2104
f 2104 2294 2295
f 2104 2295 2105
f 2105 2295 2109
f 2105 2109 2108
f 2106 2262 2289
f 2109 2295 2110
f 2110 2295 2114
f 2112 2114 2296
f 2112 2296 2113
f 2113 2296 2297
f 2113 2297 2119
f 2114 2295 2294
f 2114 2294 2298
f 2114 2298 2296
f 2115 2299 2116
f 2115 2118 2299
f 2116 2299 2300
f 2116 2300 2301
f 2116 2301 2302
f 2116 2302 2122
f 2116 2122 2117
f 2118 2120 2303
f 2118 2303 2300
f 2118 2300 2299
f 2119 2297 2304
f 2119 2304 2121
f 2120 2121 2303
f 2121 2304 2305
f 2121 2305 2306
f 2121 2306 2307
f 2121 2307 2303
f 2122 2302 2491
f 2122 2491 2308
f 2122 2308 2123
f 2123 2308 2124
f 2124 2308 2125
f 2125 2309 2310
f 2125 2310 2126
f 2125 2308 2311
f 2125 2311 2309
f 2126 2310 2273
f 2126 2273 2128
f 2126 2128 2127
f 2130 2312 2313
f 2130 2313 2131
f 2130 2284 2312
f 2131 2313 2132
f 2132 2314 2315
f 2132 2315 2316
f 2132 2316 2133
f 2132 2313 2317
f 2132 2317 2314
f 2133 2316 2318
f 2133 2318 2135
f 2133 2135 2134
f 2135 2318 2319
f 2135 2319 2136
f 2136 2319 2142
f 2137 2142 2320
f 2137 2320 2321
f 2137 2321 2322
f 2137 2322 2138
f 2138 2322 2139
f 2139 2322 2140
f 2140 2323 2145
f 2140 2145 2143
f 2140 2143 2141
f 2140 2322 2321
f 2140 2321 2324
f 2140 2324 2323
f 2142 2319 2325
f 2142 2325 2326
f 2142 2326 2327
f 2142 2327 2328
f 2142 2328 2329
f 2142 2329 2330
f 2142 2330 2320
f 2145 2323 2331
f 2145 2331 2146
f 2146 2332 2333
f 2146 2333 2147
f 2146 2331 2334
f 2146 2334 2335
f 2146 2335 2336
f 2146 2336 2337
f 2146 2337 2338
f 2146 2338 2339
f 2146 2339 2340
f 2146 2340 2341
f 2146 2341 2332
f 2147 2333 2148
f 2148 2333 2149
f 2149 2342 2343
f 2149 2343 2344
f 2149 2344 2150
f 2149 2333 2342
f 2150 2344 2151
f 2151 2344 2152
f 2152 2156 2155
f 2152 2344 2345
f 2152 2345 2346
f 2152 2346 2156
f 2156 2347 2348
f 2156 2348 2158
f 2156 2158 2157
f 2156 2346 2347
f 2158 2348 2349
f 2158 2349 2350
f 2158 2350 2351
f 2158 2351 2352
f 2158 2352 2353
f 2158 2353 2354
f 2158 2354 2159
f 2159 2354 2355
f 2159 2355 2356
f 2159 2356 2184
f 2160 2199 2198
f 2160 2198 2357
f 2160 2357 2161
f 2161 2357 2358
f 2161 2358 2164
f 2161 2164 2162
f 2164 2358 2359
f 2164 2359 2360
f 2164 2360 2166
f 2166 2360 2361
f 2166 2361 2167
f 2167 2361 2168
f 2168 2361 2362
f 2168 2362 2363
f 2168 2363 2364
f 2168 2364 2169
f 2169 2364 2365
f 2169 2365 2366
f 2169 2366 2170
f 2170 2367 2368
f 2170 2368 2369
f 2170 2369 2171
f 2170 2366 2367
f 2171 2369 2172
f 2172 2369 2370
f 2172 2370 2371
f 2172 2371 2173
f 2173 2371 2174
f 2176 2372 2373
f 2176 2373 2177
f 2176 2188 2372
f 2177 2373 2374
f 2177 2374 2178
f 2178 2374 2375
f 2178 2375 2179
f 2179 2375 2180
f 2180 2375 2376
f 2180 2376 2181
f 2181 2376 2182
f 2182 2376 2377
f 2182 2377 2378
f 2182 2378 2189
f 2182 2189 2183
f 2184 2356 2355
f 2184 2355 2185
f 2185 2355 2379
f 2185 2379 2186
f 2186 2379 2380
f 2186 2380 2381
f 2186 2381 2374
f 2186 2374 2382
f 2186 2382 2187
f 2187 2382 2188
f 2188 2382 2372
f 2189 2192 2191
f 2189 2191 2190
f 2189 2378 2383
f 2189 2383 2192
f 2192 2383 2193
f 2193 2384 2194
f 2193 2383 2385
f 2193 2385 2384
f 2194 2384 2195
f 2195 2384 2385
f 2195 2385 2386
f 2195 2386 2387
f 2195 2387 2197
f 2197 2387 2198
f 2198 2387 2388
f 2198 2388 2357
f 2202 2389 2203
f 2203 2389 2390
f 2203 2390 2204
f 2204 2390 2205
f 2205 2390 2206
f 2206 2390 2391
f 2206 2392 2393
f 2206 2393 2394
f 2206 2394 2207
f 2207 2394 2208
f 2208 2395 2209
f 2208 2394 2393
f 2208 2393 2395
f 2209 2395 2396
f 2209 2396 2397
f 2209 2397 2398
f 2209 2398 2399
f 2209 2399 2210
f 2210 2400 2211
f 2210 2399 2400
f 2211 2400 2401
f 2211 2401 2214
f 2211 2214 2213
f 2211 2213 2212
f 2214 2401 2215
f 2215 2401 2402
f 2215 2402 2216
f 2216 2403 2217
f 2216 2402 2404
f 2216 2404 2405
f 2216 2405 2406
f 2216 2406 2403
f 2217 2403 2407
f 2217 2407 2218
f 2218 2407 2224
f 2220 2227 2408
f 2220 2408 2221
f 2221 2408 2222
f 2222 2409 2228
f 2222 2228 2223
f 2222 2408 2410
f 2222 2410 2411
f 2222 2411 2412
f 2222 2412 2409
f 2224 2407 2225
f 2225 2407 2413
f 2225 2413 2414
f 2225 2414 2226
f 2226 2415 2416
f 2226 2416 2227
f 2226 2414 2415
f 2227 2416 2415
f 2227 2415 2408
f 2228 2409 2417
f 2228 2417 2418
f 2228 2418 2229
f 2229 2419 2420
f 2229 2420 2231
f 2229 2231 2230
f 2229 2418 2419
f 2231 2420 2236
f 2231 2236 2235
f 2231 2235 2232
f 2233 2240 2244
f 2233 2244 2234
f 2236 2420 2421
f 2236 2421 2237
f 2237 2422 2423
f 2237 2423 2424
f 2237 2424 2238
f 2237 2421 2425
f 2237 2425 2422
f 2238 2424 2239
f 2239 2424 2426
f 2239 2426 2427
f 2239 2427 2428
f 2239 2428 2429
f 2239 2429 2245
f 2241 2430 2431
f 2241 2431 2432
f 2241 2432 2242
f 2241 2245 2429
f 2241 2429 2428
f 2241 2428 2430
f 2242 2432 2243
f 2243 2432 2433
f 2243 2433 2246
f 2246 2433 2249
f 2246 2249 2247
f 2248 2249 2434
f 2248 2434 2267
f 2249 2433 2434
f 2250 2435 2259
f 2250 2271 2436
f 2250 2436 2437
f 2250 2437 2438
f 2250 2438 2435
f 2251 2439 2252
f 2251 2260 2440
f 2251 2440 2439
f 2252 2439 2253
f 2253 2439 2441
f 2253 2441 2442
f 2253 2442 2443
f 2253 2443 2444
f 2253 2444 2445
f 2253 2445 2446
f 2253 2446 2447
f 2253 2447 2290
f 2253 2290 2448
f 2253 2448 2255
f 2253 2255 2254
f 2255 2448 2256
f 2256 2448 2261
f 2259 2435 2449
f 2259 2449 2260
f 2260 2449 2450
f 2260 2450 2440
f 2261 2448 2290
f 2261 2290 2289
f 2261 2289 2262
f 2263 2264 2269
f 2263 2269 2271
f 2263 2271 2270
f 2265 2267 2451
f 2265 2451 2266
f 2266 2451 2452
f 2266 2452 2453
f 2266 2453 2454
f 2266 2454 2455
f 2266 2455 2268
f 2267 2434 2456
f 2267 2456 2451
f 2268 2455 2269
f 2269 2455 2457
f 2269 2457 2271
f 2271 2457 2458
f 2271 2458 2459
f 2271 2459 2460
f 2271 2460 2436
f 2272 2461 2463
f 2272 2463 2274
f 2272 2273 2462
f 2272 2462 2461
f 2273 2310 2462
f 2274 2463 2464
f 2274 2464 2280
f 2275 2277 2283
f 2275 2283 2465
f 2275 2465 2466
f 2275 2466 2467
f 2275 2467 2284
f 2278 2280 2468
f 2278 2468 2279
f 2279 2469 2281
f 2279 2468 2470
f 2279 2470 2469
f 2280 2464 2468
f 2281 2471 2282
f 2281 2469 2472
f 2281 2472 2471
f 2282 2473 2283
f 2282 2471 2473
f 2283 2473 2474
f 2283 2474 2475
f 2283 2475 2465
f 2284 2467 2312
f 2285 2476 2286
f 2285 2291 2446
f 2285 2446 2477
f 2285 2477 2476
f 2286 2476 2478
f 2286 2478 2479
f 2286 2479 2287
f 2287 2479 2480
f 2287 2480 2481
f 2287 2481 2288
f 2288 2481 2292
f 2290 2447 2482
f 2290 2482 2291
f 2291 2482 2446
f 2292 2483 2293
f 2292 2481 2483
f 2293 2483 2484
f 2293 2484 2294
f 2294 2484 2298
f 2296 2298 2484
f 2296 2484 2485
f 2296 2485 2486
f 2296 2486 2304
f 2296 2304 2297
f 2300 2487 2301
f 2300 2303 2488
f 2300 2488 2487
f 2301 2487 2489
f 2301 2489 2490
f 2301 2490 2302
f 2302 2490 2491
f 2303 2307 2488
f 2304 2486 2305
f 2305 2492 2306
f 2305 2486 2493
f 2305 2493 2494
f 2305 2494 2492
f 2306 2492 2495
f 2306 2495 2496
f 2306 2496 2497
f 2306 2497 2498
f 2306 2498 2499
f 2306 2499 2500
f 2306 2500 2501
f 2306 2501 2488
f 2306 2488 2307
f 2308 2491 2504
f 2308 2504 2311
f 2309 2311 2502
f 2309 2502 2310
f 2310 2502 2503
f 2310 2503 2462
f 2311 2504 2505
f 2311 2505 2655
f 2311 2655 2502
f 2312 2467 2506
f 2312 2506 2507
f 2312 2507 2508
f 2312 2508 2313
f 2313 2508 2317
f 2314 2317 2508
f 2314 2508 2507
f 2314 2507 2509
f 2314 2509 2510
f 2314 2510 2709
f 2314 2709 2511
f 2314 2511 2315
f 2315 2511 2512
f 2315 2512 2513
f 2315 2513 2514
f 2315 2514 2319
f 2315 2319 2515
f 2315 2515 2316
f 2316 2515 2318
f 2318 2515 2319
f 2319 2514 2325
f 2320 2330 2321
f 2321 2516 2335
f 2321 2335 2517
f 2321 2517 2324
f 2321 2330 2518
f 2321 2518 2516
f 2323 2519 2334
f 2323 2334 2331
f 2323 2324 2520
f 2323 2520 2519
f 2324 2517 2520
f 2325 2514 2521
f 2325 2521 2326
f 2326 2521 2522
f 2326 2522 2523
f 2326 2523 2327
f 2327 2523 2328
f 2328 2523 2524
f 2328 2524 2525
f 2328 2525 2526
f 2328 2526 2329
f 2329 2526 2335
f 2329 2335 2527
f 2329 2527 2330
f 2330 2527 2516
f 2330 2516 2518
f 2332 2341 2528
f 2332 2528 2529
f 2332 2529 2333
f 2333 2529 2528
f 2333 2528 2530
f 2333 2530 2531
f 2333 2531 2342
f 2334 2519 2335
f 2335 2520 2517
f 2335 2516 2527
f 2335 2526 2525
f 2335 2525 2532
f 2335 2532 2533
f 2335 2533 2534
f 2335 2534 2337
f 2335 2337 2336
f 2335 2519 2520
f 2337 2534 2535
f 2337 2535 2536
f 2337 2536 2338
f 2338 2536 2537
f 2338 2537 2340
f 2338 2340 2339
f 2340 2537 2536
f 2340 2536 2538
f 2340 2538 2539
f 2340 2539 2540
f 2340 2540 2341
f 2341 2540 2528
f 2342 2531 2541
f 2342 2541 2542
f 2342 2542 2343
f 2343 2542 2543
f 2343 2543 2344
f 2344 2543 2345
f 2345 2543 2544
f 2345 2544 2346
f 2346 2545 2546
f 2346 2546 2547
f 2346 2547 2548
f 2346 2548 2347
f 2346 2544 2549
f 2346 2549 2550
f 2346 2550 2545
f 2347 2548 2348
f 2348 2548 2551
f 2348 2551 2349
f 2349 2552 2350
f 2349 2551 2547
f 2349 2547 2546
f 2349 2546 2552
f 2350 2552 2553
f 2350 2553 2351
f 2351 2554 2352
f 2351 2553 2555
f 2351 2555 2556
f 2351 2556 2554
f 2352 2554 2353
f 2353 2556 2557
f 2353 2557 2558
f 2353 2558 2379
f 2353 2379 2355
f 2353 2355 2354
f 2353 2554 2556
f 2357 2388 2559
f 2357 2559 2358
f 2358 2559 2560
f 2358 2560 2359
f 2359 2560 2561
f 2359 2561 2360
f 2360 2561 2361
f 2361 2561 2562
f 2361 2562 2563
f 2361 2563 2564
f 2361 2564 2362
f 2362 2564 2363
f 2363 2565 2364
f 2363 2564 2566
f 2363 2566 2567
f 2363 2567 2568
f 2363 2568 2565
f 2364 2565 2569
f 2364 2569 2365
f 2365 2570 2366
f 2365 2569 2570
f 2372 2382 2374
f 2372 2374 2373
f 2374 2571 2572
f 2374 2572 2375
f 2374 2381 2571
f 2375 2572 2573
f 2375 2573 2574
f 2375 2574 2376
f 2376 2574 2575
f 2376 2575 2576
f 2376 2576 2377
f 2377 2576 2378
f 2378 2577 2383
f 2378 2576 2578
f 2378 2578 2577
f 2379 2558 2380
f 2380 2579 2580
f 2380 2580 2381
f 2380 2558 2579
f 2381 2580 2571
f 2383 2577 2581
f 2383 2581 2385
f 2385 2581 2582
f 2385 2582 2583
f 2385 2583 2584
f 2385 2584 2386
f 2386 2584 2387
f 2387 2584 2583
f 2387 2583 2388
f 2388 2583 2585
f 2388 2585 2559
f 2389 2586 2390
f 2390 2586 2391
f 2392 2395 2393
f 2397 2587 2398
f 2398 2587 2588
f 2398 2588 2399
f 2399 2588 2589
f 2399 2589 2590
f 2399 2590 2591
f 2399 2591 2401
f 2399 2401 2400
f 2401 2591 2402
f 2402 2591 2592
f 2402 2592 2404
f 2403 2406 2593
f 2403 2593 2407
f 2404 2594 2595
f 2404 2595 2406
f 2404 2406 2405
f 2404 2592 2594
f 2406 2595 2596
f 2406 2596 2597
f 2406 2597 2593
f 2407 2593 2598
f 2407 2598 2413
f 2408 2415 2410
f 2409 2599 2417
f 2409 2412 2599
f 2410 2600 2601
f 2410 2601 2602
f 2410 2602 2603
f 2410 2603 2604
f 2410 2604 2412
f 2410 2412 2411
f 2410 2415 2605
f 2410 2605 2600
f 2412 2604 2606
f 2412 2606 2607
f 2412 2607 2599
f 2413 2598 2608
f 2413 2608 2600
f 2413 2600 2414
f 2414 2600 2605
f 2414 2605 2415
f 2417 2599 2607
f 2417 2607 2418
f 2418 2609 2419
f 2418 2607 2609
f 2419 2609 2420
f 2420 2609 2421
f 2421 2610 2425
f 2421 2609 2610
f 2422 2427 2423
f 2422 2425 2611
f 2422 2611 2427
f 2423 2427 2426
f 2423 2426 2424
f 2425 2610 2611
f 2427 2612 2613
f 2427 2613 2614
f 2427 2614 2615
f 2427 2615 2616
f 2427 2616 2428
f 2427 2611 2617
f 2427 2617 2618
f 2427 2618 2612
f 2428 2616 2615
f 2428 2615 2430
f 2430 2619 2620
f 2430 2620 2431
f 2430 2615 2619
f 2431 2620 2621
f 2431 2621 2432
f 2432 2621 2433
f 2433 2456 2434
f 2433 2621 2622
f 2433 2622 2456
f 2435 2438 2623
f 2435 2623 2449
f 2436 2460 2459
f 2436 2459 2624
f 2436 2624 2625
f 2436 2625 2626
f 2436 2626 2437
f 2437 2626 2438
f 2438 2626 2623
f 2439 2440 2441
f 2440 2450 2441
f 2441 2450 2627
f 2441 2627 2628
f 2441 2628 2629
f 2441 2629 2630
f 2441 2630 2442
f 2442 2630 2631
f 2442 2631 2443
f 2443 2631 2444
f 2444 2632 2633
f 2444 2633 2445
f 2444 2631 2632
f 2445 2633 2634
f 2445 2634 2446
f 2446 2482 2447
f 2446 2634 2635
f 2446 2635 2636
f 2446 2636 2637
f 2446 2637 2638
f 2446 2638 2639
f 2446 2639 2477
f 2449 2623 2450
f 2450 2623 2627
f 2451 2456 2452
f 2452 2456 2640
f 2452 2640 2641
f 2452 2641 2642
f 2452 2642 2643
f 2452 2643 2453
f 2453 2644 2454
f 2453 2643 2644
f 2454 2644 2645
f 2454 2645 2455
f 2455 2645 2646
f 2455 2646 2647
f 2455 2647 2457
f 2456 2622 2620
f 2456 2620 2648
f 2456 2648 2649
f 2456 2649 2650
f 2456 2650 2640
f 2457 2647 2651
f 2457 2651 2652
f 2457 2652 2653
f 2457 2653 2458
f 2458 2653 2652
f 2458 2652 2624
f 2458 2624 2459
f 2461 2654 2463
f 2461 2462 2654
f 2462 2503 2655
f 2462 2655 2654
f 2463 2654 2656
f 2463 2656 2657
f 2463 2657 2464
f 2464 2657 2470
f 2464 2470 2468
f 2465 2475 2658
f 2465 2658 2659
f 2465 2659 2466
f 2466 2659 2660
f 2466 2660 2661
f 2466 2661 2662
f 2466 2662 2663
f 2466 2663 2467
f 2467 2663 2506
f 2469 2470 2664
f 2469 2664 2472
f 2470 2657 2665
f 2470 2665 2664
f 2471 2666 2667
f 2471 2667 2668
f 2471 2668 2474
f 2471 2474 2473
f 2471 2472 2669
f 2471 2669 2666
f 2472 2664 2670
f 2472 2670 2671
f 2472 2671 2669
f 2474 2668 2475
f 2475 2668 2672
f 2475 2672 2673
f 2475 2673 2658
f 2476 2477 2639
f 2476 2639 2674
f 2476 2674 2478
f 2478 2674 2638
f 2478 2638 2675
f 2478 2675 2676
f 2478 2676 2677
f 2478 2677 2678
f 2478 2678 2479
f 2479 2678 2480
f 2480 2678 2679
f 2480 2679 2680
f 2480 2680 2481
f 2481 2680 2483
f 2483 2680 2681
f 2483 2681 2682
f 2483 2682 2683
f 2483 2683 2684
f 2483 2684 2486
f 2483 2486 2485
f 2483 2485 2484
f 2486 2684 2493
f 2487 2685 2686
f 2487 2686 2489
f 2487 2488 2501
f 2487 2501 2685
f 2489 2686 2687
f 2489 2687 2490
f 2490 2687 2491
f 2491 2688 2504
f 2491 2687 2688
f 2492 2494 2689
f 2492 2689 2495
f 2493 2684 2682
f 2493 2682 2494
f 2494 2682 2690
f 2494 2690 2691
f 2494 2691 2689
f 2495 2689 2692
f 2495 2692 2693
f 2495 2693 2496
f 2496 2694 2497
f 2496 2693 2694
f 2497 2694 2498
f 2498 2694 2695
f 2498 2695 2696
f 2498 2696 2697
f 2498 2697 2499
f 2499 2697 2698
f 2499 2698 2699
f 2499 2699 2700
f 2499 2700 2500
f 2500 2700 2701
f 2500 2701 2501
f 2501 2701 2685
f 2502 2655 2503
f 2504 2702 2703
f 2504 2703 2505
f 2504 2688 2704
f 2504 2704 2702
f 2505 2703 2705
f 2505 2705 2706
f 2505 2706 2655
f 2506 2663 2662
f 2506 2662 2661
f 2506 2661 2707
f 2506 2707 2507
f 2507 2707 2509
f 2509 2707 2510
f 2510 2708 2709
f 2510 2707 2708
f 2511 2710 2512
f 2511 2709 2710
f 2512 2711 2712
f 2512 2712 2713
f 2512 2713 2714
f 2512 2714 2513
f 2512 2710 2709
f 2512 2709 2711
f 2513 2714 2521
f 2513 2521 2514
f 2521 2713 2522
f 2521 2714 2713
f 2522 2713 2712
f 2522 2712 2715
f 2522 2715 2716
f 2522 2716 2524
f 2522 2524 2523
f 2524 2716 2525
f 2525 2716 2532
f 2528 2540 2717
f 2528 2717 2530
f 2530 2717 2541
f 2530 2541 2531
f 2532 2718 2533
f 2532 2716 2718
f 2533 2718 2719
f 2533 2719 2720
f 2533 2720 2721
f 2533 2721 2722
f 2533 2722 2534
f 2534 2721 2535
f 2534 2722 2721
f 2535 2721 2723
f 2535 2723 2724
f 2535 2724 2536
f 2536 2724 2538
f 2538 2724 2725
f 2538 2725 2726
f 2538 2726 2727
f 2538 2727 2728
f 2538 2728 2729
f 2538 2729 2730
f 2538 2730 2731
f 2538 2731 2732
f 2538 2732 2733
f 2538 2733 2734
f 2538 2734 2735
f 2538 2735 2539
f 2539 2735 2736
f 2539 2736 2717
f 2539 2717 2540
f 2541 2717 2543
f 2541 2543 2542
f 2543 2717 2736
f 2543 2736 2737
f 2543 2737 2738
f 2543 2738 2739
f 2543 2739 2740
f 2543 2740 2544
f 2544 2740 2550
f 2544 2550 2549
f 2545 2741 2742
f 2545 2742 2743
f 2545 2743 2744
f 2545 2744 2546
f 2545 2550 2741
f 2546 2744 2745
f 2546 2745 2553
f 2546 2553 2552
f 2547 2551 2548
f 2550 2740 2746
f 2550 2746 2747
f 2550 2747 2742
f 2550 2742 2741
f 2553 2748 2749
f 2553 2749 2750
f 2553 2750 2751
f 2553 2751 2752
f 2553 2752 2753
f 2553 2753 2754
f 2553 2754 2755
f 2553 2755 2555
f 2553 2745 2744
f 2553 2744 2756
f 2553 2756 2748
f 2555 2755 2556
f 2556 2755 2757
f 2556 2757 2758
f 2556 2758 2759
f 2556 2759 2557
f 2557 2759 2558
f 2558 2759 2758
f 2558 2758 2760
f 2558 2760 2579
f 2559 2585 2761
f 2559 2761 2560
f 2560 2761 2562
f 2560 2562 2561
f 2562 2564 2563
f 2562 2761 2762
f 2562 2762 2763
f 2562 2763 2764
f 2562 2764 2564
f 2564 2764 2566
f 2565 2568 2569
f 2566 2568 2567
f 2566 2764 2763
f 2566 2763 2765
f 2566 2765 2766
f 2566 2766 2767
f 2566 2767 2768
f 2566 2768 2769
f 2566 2769 2770
f 2566 2770 2568
f 2568 2771 2569
f 2568 2770 2771
f 2571 2772 2773
f 2571 2773 2572
f 2571 2580 2772
f 2572 2773 2774
f 2572 2774 2775
f 2572 2775 2573
f 2573 2775 2574
f 2574 2775 2776
f 2574 2776 2575
f 2575 2777 2576
f 2575 2776 2778
f 2575 2778 2779
f 2575 2779 2780
f 2575 2780 2777
f 2576 2777 2780
f 2576 2780 2781
f 2576 2781 2782
f 2576 2782 2783
f 2576 2783 2784
f 2576 2784 2578
f 2577 2578 2581
f 2578 2784 2785
f 2578 2785 2786
f 2578 2786 2787
f 2578 2787 2581
f 2579 2760 2788
f 2579 2788 2580
f 2580 2788 2772
f 2581 2789 2583
f 2581 2583 2582
f 2581 2787 2790
f 2581 2790 2789
f 2583 2762 2761
f 2583 2761 2585
f 2583 2789 2791
f 2583 2791 2792
f 2583 2792 2793
f 2583 2793 2763
f 2583 2763 2762
f 2587 2794 2588
f 2588 2794 2795
f 2588 2795 2796
f 2588 2796 2797
f 2588 2797 2589
f 2589 2797 2590
f 2590 2797 2798
f 2590 2798 2799
f 2590 2799 2594
f 2590 2594 2592
f 2590 2592 2591
f 2593 2597 2800
f 2593 2800 2598
f 2594 2799 2801
f 2594 2801 2595
f 2595 2801 2802
f 2595 2802 2803
f 2595 2803 2596
f 2596 2803 2804
f 2596 2804 2805
f 2596 2805 2597
f 2597 2805 2598
f 2597 2598 2800
f 2598 2805 2608
f 2600 2608 2806
f 2600 2806 2601
f 2601 2806 2602
f 2602 2807 2808
f 2602 2808 2809
f 2602 2809 2603
f 2602 2806 2810
f 2602 2810 2811
f 2602 2811 2812
f 2602 2812 2807
f 2603 2813 2604
f 2603 2809 2814
f 2603 2814 2815
f 2603 2815 2813
f 2604 2816 2817
f 2604 2817 2818
f 2604 2818 2606
f 2604 2813 2816
f 2606 2818 2607
f 2607 2819 2820
f 2607 2820 2821
f 2607 2821 2609
f 2607 2818 2817
f 2607 2817 2819
f 2608 2805 2806
f 2609 2822 2823
f 2609 2823 2824
f 2609 2824 2617
f 2609 2617 2611
f 2609 2611 2610
f 2609 2821 2820
f 2609 2820 2825
f 2609 2825 2822
f 2612 2826 2827
f 2612 2827 2613
f 2612 2618 2826
f 2613 2827 2828
f 2613 2828 2829
f 2613 2829 2830
f 2613 2830 2614
f 2614 2831 2832
f 2614 2832 2833
f 2614 2833 2834
f 2614 2834 2835
f 2614 2835 2615
f 2614 2830 2831
f 2615 2835 2619
f 2617 2824 2618
f 2618 2824 2823
f 2618 2823 2836
f 2618 2836 2837
f 2618 2837 2838
f 2618 2838 2826
f 2619 2649 2648
f 2619 2648 2620
f 2619 2835 2649
f 2620 2622 2621
f 2623 2626 2839
f 2623 2839 2840
f 2623 2840 2627
f 2624 2652 2839
f 2624 2839 2841
f 2624 2841 2625
f 2625 2841 2626
f 2626 2841 2839
f 2627 2840 2842
f 2627 2842 2628
f 2628 2843 2629
f 2628 2842 2843
f 2629 2843 2844
f 2629 2844 2845
f 2629 2845 2630
f 2630 2845 2846
f 2630 2846 2631
f 2631 2846 2632
f 2632 2847 2848
f 2632 2848 2633
f 2632 2846 2849
f 2632 2849 2850
f 2632 2850 2851
f 2632 2851 2847
f 2633 2852 2634
f 2633 2848 2635
f 2633 2635 2852
f 2634 2852 2635
f 2635 2848 2853
f 2635 2853 2854
f 2635 2854 2855
f 2635 2855 2856
f 2635 2856 2857
f 2635 2857 2675
f 2635 2675 2638
f 2635 2638 2636
f 2636 2638 2637
f 2638 2674 2639
f 2640 2650 2641
f 2641 2858 2859
f 2641 2859 2642
f 2641 2650 2649
f 2641 2649 2860
f 2641 2860 2861
f 2641 2861 2858
f 2642 2859 2643
f 2643 2859 2858
f 2643 2858 2862
f 2643 2862 2863
f 2643 2863 2864
f 2643 2864 2865
f 2643 2865 2866
f 2643 2866 2646
f 2643 2646 2644
f 2644 2646 2645
f 2646 2867 2868
f 2646 2868 2647
f 2646 2866 2869
f 2646 2869 2870
f 2646 2870 2871
f 2646 2871 2872
f 2646 2872 2839
f 2646 2839 2873
f 2646 2873 2867
f 2647 2868 2651
f 2649 2835 2834
f 2649 2834 2874
f 2649 2874 2860
f 2651 2868 2652
f 2652 2868 2867
f 2652 2867 2873
f 2652 2873 2839
f 2654 2655 2706
f 2654 2706 2656
f 2656 2706 2657
f 2657 2706 2705
f 2657 2705 2665
f 2658 2673 2875
f 2658 2875 2660
f 2658 2660 2659
f 2660 2875 2911
f 2660 2911 2707
f 2660 2707 2661
f 2664 2665 2876
f 2664 2876 2670
f 2665 2705 2877
f 2665 2877 2876
f 2666 2669 2667
f 2667 2878 2668
f 2667 2669 2879
f 2667 2879 2878
f 2668 2878 2880
f 2668 2880 2885
f 2668 2885 2672
f 2669 2671 2881
f 2669 2881 2882
f 2669 2882 2879
f 2670 2876 2883
f 2670 2883 2884
f 2670 2884 2881
f 2670 2881 2671
f 2672 2885 2886
f 2672 2886 2887
f 2672 2887 2875
f 2672 2875 2673
f 2675 2857 2888
f 2675 2888 2889
f 2675 2889 2676
f 2676 2889 2677
f 2677 2890 2891
f 2677 2891 2678
f 2677 2889 2890
f 2678 2891 2679
f 2679 2891 2892
f 2679 2892 2893
f 2679 2893 2681
f 2679 2681 2680
f 2681 2893 2682
f 2682 2684 2683
f 2682 2893 2690
f 2685 2701 2686
f 2686 2701 2894
f 2686 2894 2895
f 2686 2895 2704
f 2686 2704 2687
f 2687 2704 2688
f 2689 2691 2692
f 2690 2893 2896
f 2690 2896 2691
f 2691 2897 2692
f 2691 2896 2898
f 2691 2898 2897
f 2692 2897 2899
f 2692 2899 2694
f 2692 2694 2693
f 2694 2899 2900
f 2694 2900 2695
f 2695 2900 2696
f 2696 2901 2697
f 2696 2900 2901
f 2697 2902 2698
f 2697 2901 2902
f 2698 2902 2903
f 2698 2903 2904
f 2698 2904 3119
f 2698 3119 2905
f 2698 2905 2699
f 2699 2905 2700
f 2700 2905 2894
f 2700 2894 2701
f 2702 2906 2703
f 2702 2704 2907
f 2702 2907 2906
f 2703 2906 2908
f 2703 2908 2877
f 2703 2877 2705
f 2704 2909 2910
f 2704 2910 2907
f 2704 2895 2894
f 2704 2894 2909
f 2707 2911 2708
f 2708 2912 2913
f 2708 2913 2709
f 2708 2911 2914
f 2708 2914 2912
f 2709 2913 2711
f 2711 2915 2916
f 2711 2916 2917
f 2711 2917 2712
f 2711 2913 2915
f 2712 2918 2919
f 2712 2919 2920
f 2712 2920 2715
f 2712 2917 2921
f 2712 2921 2918
f 2715 2920 2922
f 2715 2922 2716
f 2716 2923 2718
f 2716 2922 2924
f 2716 2924 2923
f 2718 2923 2719
f 2719 2923 2925
f 2719 2925 2926
f 2719 2926 2720
f 2720 2926 2723
f 2720 2723 2721
f 2723 2926 2725
f 2723 2725 2724
f 2725 2926 2927
f 2725 2927 2928
f 2725 2928 2726
f 2726 2929 2727
f 2726 2928 2930
f 2726 2930 2929
f 2727 2931 2728
f 2727 2929 2932
f 2727 2932 2931
f 2728 2931 2729
f 2729 2933 2934
f 2729 2934 2731
f 2729 2731 2730
f 2729 2931 2935
f 2729 2935 2936
f 2729 2936 2937
f 2729 2937 2938
f 2729 2938 2939
f 2729 2939 2940
f 2729 2940 2941
f 2729 2941 2933
f 2731 2934 2942
f 2731 2942 2732
f 2732 2942 2943
f 2732 2943 2733
f 2733 2943 2944
f 2733 2944 2734
f 2734 2944 2945
f 2734 2945 2946
f 2734 2946 2947
f 2734 2947 2735
f 2735 2947 2736
f 2736 2947 2737
f 2737 2947 2738
f 2738 2947 2946
f 2738 2946 2948
f 2738 2948 2949
f 2738 2949 2739
f 2739 2949 2740
f 2740 2949 2950
f 2740 2950 2951
f 2740 2951 2952
f 2740 2952 2746
f 2742 2747 2743
f 2743 2747 2953
f 2743 2953 2744
f 2744 2953 2756
f 2746 2952 2747
f 2747 2952 2954
f 2747 2954 2955
f 2747 2955 2956
f 2747 2956 2957
f 2747 2957 2958
f 2747 2958 2953
f 2748 2756 2953
f 2748 2953 2958
f 2748 2958 2749
f 2749 2958 2750
f 2750 2958 2959
f 2750 2959 2960
f 2750 2960 2961
f 2750 2961 2962
f 2750 2962 2963
f 2750 2963 2751
f 2751 2963 2964
f 2751 2964 2753
f 2751 2753 2752
f 2753 2965 2966
f 2753 2966 2967
f 2753 2967 2754
f 2753 2964 2968
f 2753 2968 2969
f 2753 2969 2965
f 2754 2967 2966
f 2754 2966 2970
f 2754 2970 2755
f 2755 2970 2971
f 2755 2971 2757
f 2757 2971 2760
f 2757 2760 2758
f 2760 2971 2972
f 2760 2972 2788
f 2763 2793 2973
f 2763 2973 2766
f 2763 2766 2765
f 2766 2973 2974
f 2766 2974 2975
f 2766 2975 2976
f 2766 2976 2767
f 2767 2769 2768
f 2767 2976 2977
f 2767 2977 2978
f 2767 2978 2979
f 2767 2979 2980
f 2767 2980 2769
f 2769 2980 2981
f 2769 2981 2982
f 2769 2982 2770
f 2770 2982 2771
f 2772 2983 2774
f 2772 2774 2773
f 2772 2788 2983
f 2774 2983 2775
f 2775 2984 2985
f 2775 2985 2986
f 2775 2986 2776
f 2775 2983 2984
f 2776 2986 2987
f 2776 2987 2778
f 2778 2988 2779
f 2778 2987 2989
f 2778 2989 2990
f 2778 2990 2988
f 2779 2991 2780
f 2779 2988 2991
f 2780 2991 2992
f 2780 2992 2993
f 2780 2993 2994
f 2780 2994 2995
f 2780 2995 2996
f 2780 2996 2782
f 2780 2782 2781
f 2782 2996 2997
f 2782 2997 2998
f 2782 2998 2999
f 2782 2999 2783
f 2783 2999 2784
f 2784 2999 2785
f 2785 3000 3001
f 2785 3001 2790
f 2785 2790 2786
f 2785 2999 2998
f 2785 2998 3002
f 2785 3002 3000
f 2786 2790 2787
f 2788 3003 2983
f 2788 2972 3003
f 2789 2790 2791
f 2790 3004 3216
f 2790 3216 3005
f 2790 3005 3006
f 2790 3006 3007
f 2790 3007 2791
f 2790 3001 3000
f 2790 3000 3004
f 2791 3007 3006
f 2791 3006 2792
f 2792 3006 2793
f 2793 3006 3008
f 2793 3008 3009
f 2793 3009 2973
f 2795 3010 2797
f 2795 2797 2796
f 2797 3010 2798
f 2798 3011 3012
f 2798 3012 3013
f 2798 3013 2799
f 2798 3010 3011
f 2799 3014 2801
f 2799 3013 3014
f 2801 3014 3015
f 2801 3015 2802
f 2802 3015 2803
f 2803 3015 3016
f 2803 3016 3017
f 2803 3017 2804
f 2804 3017 3018
f 2804 3018 3019
f 2804 3019 2806
f 2804 2806 2805
f 2806 3020 3021
f 2806 3021 3022
f 2806 3022 2810
f 2806 3019 3020
f 2807 2809 2808
f 2807 2812 2809
f 2809 2812 2814
f 2810 3022 3023
f 2810 3023 2811
f 2811 3024 3025
f 2811 3025 3026
f 2811 3026 2814
f 2811 2814 2812
f 2811 3023 3024
f 2813 2815 3027
f 2813 3027 2816
f 2814 3026 3028
f 2814 3028 3029
f 2814 3029 3030
f 2814 3030 3031
f 2814 3031 2815
f 2815 3031 3032
f 2815 3032 3027
f 2816 3033 2817
f 2816 3027 3034
f 2816 3034 3033
f 2817 3033 3035
f 2817 3035 2819
f 2819 3035 2820
f 2820 3035 3036
f 2820 3036 3037
f 2820 3037 3038
f 2820 3038 2825
f 2822 2825 2823
f 2823 2825 3039
f 2823 3039 3040
f 2823 3040 2836
f 2825 3038 3039
f 2826 2828 2827
f 2826 2838 3041
f 2826 3041 2828
f 2828 3042 2832
f 2828 2832 2829
f 2828 3041 3043
f 2828 3043 3042
f 2829 2832 2831
f 2829 2831 2830
f 2832 3044 2833
f 2832 3042 3045
f 2832 3045 2862
f 2832 2862 3044
f 2833 3044 3046
f 2833 3046 2834
f 2834 3046 2874
f 2836 3047 3048
f 2836 3048 3049
f 2836 3049 3041
f 2836 3041 2837
f 2836 3040 3047
f 2837 3041 2838
f 2839 3050 3051
f 2839 3051 2840
f 2839 2872 3050
f 2840 3051 2842
f 2842 3051 3052
f 2842 3052 2843
f 2843 3053 3054
f 2843 3054 2844
f 2843 3052 3055
f 2843 3055 3056
f 2843 3056 3053
f 2844 3054 3057
f 2844 3057 2850
f 2844 2850 2845
f 2845 2850 2849
f 2845 2849 2846
f 2847 2851 3058
f 2847 3058 2848
f 2848 3058 2853
f 2850 3057 3058
f 2850 3058 2851
f 2853 3058 3059
f 2853 3059 2855
f 2853 2855 2854
f 2855 3059 3060
f 2855 3060 3061
f 2855 3061 3062
f 2855 3062 2856
f 2856 3062 2888
f 2856 2888 2857
f 2858 2861 3063
f 2858 3063 2862
f 2860 2874 2861
f 2861 2874 2862
f 2861 2862 3063
f 2862 3064 2863
f 2862 2874 3046
f 2862 3046 3044
f 2862 3045 3042
f 2862 3042 3065
f 2862 3065 3066
f 2862 3066 3064
f 2863 3064 3067
f 2863 3067 3068
f 2863 3068 2865
f 2863 2865 2864
f 2865 3068 3067
f 2865 3067 3069
f 2865 3069 3070
f 2865 3070 3071
f 2865 3071 3072
f 2865 3072 2866
f 2866 3072 3074
f 2866 3074 3073
f 2866 3073 2870
f 2866 2870 2869
f 2870 3073 3074
f 2870 3074 3075
f 2870 3075 3076
f 2870 3076 3077
f 2870 3077 3078
f 2870 3078 2872
f 2870 2872 2871
f 2872 3078 3077
f 2872 3077 3079
f 2872 3079 3050
f 2875 2887 2911
f 2876 2877 2908
f 2876 2908 3080
f 2876 3080 2883
f 2878 3081 2880
f 2878 2879 3082
f 2878 3082 3083
f 2878 3083 3081
f 2879 2882 3082
f 2880 3081 3084
f 2880 3084 2885
f 2881 2884 2882
f 2882 3085 3082
f 2882 2884 3086
f 2882 3086 3085
f 2883 3080 3087
f 2883 3087 3088
f 2883 3088 3089
f 2883 3089 3090
f 2883 3090 3086
f 2883 3086 2884
f 2885 3084 3091
f 2885 3091 2886
f 2886 3092 3093
f 2886 3093 3327
f 2886 3327 3094
f 2886 3094 2887
f 2886 3091 3092
f 2887 3094 2914
f 2887 2914 2911
f 2888 3062 3095
f 2888 3095 3096
f 2888 3096 2889
f 2889 3096 3097
f 2889 3097 2890
f 2890 3097 3098
f 2890 3098 3099
f 2890 3099 3100
f 2890 3100 2891
f 2891 3100 2892
f 2892 3101 3102
f 2892 3102 3103
f 2892 3103 2896
f 2892 2896 2893
f 2892 3100 3101
f 2894 3104 2909
f 2894 2905 3104
f 2896 3103 2898
f 2897 2900 2899
f 2897 2898 3103
f 2897 3103 3102
f 2897 3102 3105
f 2897 3105 3106
f 2897 3106 3107
f 2897 3107 3108
f 2897 3108 3109
f 2897 3109 3110
f 2897 3110 3111
f 2897 3111 3112
f 2897 3112 3113
f 2897 3113 2900
f 2900 3113 3114
f 2900 3114 3115
f 2900 3115 2901
f 2901 3115 3116
f 2901 3116 2903
f 2901 2903 2902
f 2903 3116 2904
f 2904 3116 3115
f 2904 3115 3117
f 2904 3117 3118
f 2904 3118 3119
f 2905 3119 3120
f 2905 3120 3121
f 2905 3121 3122
f 2905 3122 2910
f 2905 2910 3104
f 2906 3123 3088
f 2906 3088 2908
f 2906 2907 3123
f 2907 2910 3124
f 2907 3124 3125
f 2907 3125 3126
f 2907 3126 3123
f 2908 3088 3080
f 2909 3104 2910
f 2910 3127 3124
f 2910 3122 3127
f 2912 2914 3128
f 2912 3128 3129
f 2912 3129 2915
f 2912 2915 2913
f 2914 3094 3128
f 2915 3129 2916
f 2916 2921 2917
f 2916 3129 3130
f 2916 3130 2921
f 2918 3131 3132
f 2918 3132 3133
f 2918 3133 3134
f 2918 3134 3135
f 2918 3135 2919
f 2918 2921 3136
f 2918 3136 3131
f 2919 3137 2920
f 2919 3135 3137
f 2920 3137 2922
f 2921 3138 3136
f 2921 3130 3138
f 2922 3137 2924
f 2923 2924 3139
f 2923 3139 3140
f 2923 3140 2925
f 2924 3141 2928
f 2924 2928 3139
f 2924 3137 3134
f 2924 3134 3141
f 2925 3140 2927
f 2925 2927 2926
f 2927 3140 2928
f 2928 3142 2930
f 2928 3140 3139
f 2928 3141 3143
f 2928 3143 3144
f 2928 3144 3145
f 2928 3145 3142
f 2929 2931 2932
f 2929 2930 3146
f 2929 3146 2936
f 2929 2936 2931
f 2930 3142 3146
f 2931 2936 2935
f 2933 3147 3148
f 2933 3148 3149
f 2933 3149 3150
f 2933 3150 2934
f 2933 2941 3151
f 2933 3151 3152
f 2933 3152 3147
f 2934 3150 2942
f 2936 3153 2937
f 2936 3146 3142
f 2936 3142 3154
f 2936 3154 3153
f 2937 3153 2939
f 2937 2939 2938
f 2939 3153 3155
f 2939 3155 2940
f 2940 3155 3156
f 2940 3156 3157
f 2940 3157 3158
f 2940 3158 2941
f 2941 3158 3151
f 2942 3150 3159
f 2942 3159 3160
f 2942 3160 2943
f 2943 3161 2944
f 2943 3160 3161
f 2944 3161 2948
f 2944 2948 2946
f 2944 2946 2945
f 2948 3161 2949
f 2949 3161 3160
f 2949 3160 3162
f 2949 3162 3163
f 2949 3163 2951
f 2949 2951 3164
f 2949 3164 2950
f 2950 3164 2951
f 2951 2954 2952
f 2951 3163 2954
f 2954 3165 3166
f 2954 3166 3167
f 2954 3167 2956
f 2954 2956 2955
f 2954 3163 3168
f 2954 3168 3165
f 2956 3167 3166
f 2956 3166 3169
f 2956 3169 3170
f 2956 3170 2960
f 2956 2960 2959
f 2956 2959 2958
f 2956 2958 2957
f 2960 3171 3172
f 2960 3172 2962
f 2960 2962 2961
f 2960 3170 3171
f 2962 3172 3173
f 2962 3173 3174
f 2962 3174 3175
f 2962 3175 3176
f 2962 3176 3177
f 2962 3177 2963
f 2963 3177 3178
f 2963 3178 3179
f 2963 3179 2964
f 2964 3179 2968
f 2965 3180 2966
f 2965 2969 3180
f 2966 2971 2970
f 2966 3180 3181
f 2966 3181 2972
f 2966 2972 2971
f 2968 3179 2969
f 2969 3182 3183
f 2969 3183 3221
f 2969 3221 3184
f 2969 3184 3185
f 2969 3185 3180
f 2969 3179 3178
f 2969 3178 3182
f 2972 3181 3186
f 2972 3186 3003
f 2973 3009 2974
f 2974 3009 3187
f 2974 3187 3188
f 2974 3188 2975
f 2975 3188 2976
f 2976 3188 3189
f 2976 3189 3190
f 2976 3190 3191
f 2976 3191 3192
f 2976 3192 3193
f 2976 3193 2977
f 2977 3193 2978
f 2978 3193 2979
f 2979 3193 3194
f 2979 3194 3195
f 2983 3003 3196
f 2983 3196 2984
f 2984 3197 3198
f 2984 3198 3199
f 2984 3199 2987
f 2984 2987 2985
f 2984 3196 3197
f 2985 2987 2986
f 2987 3199 3200
f 2987 3200 3201
f 2987 3201 2989
f 2988 2990 2991
f 2989 3201 3202
f 2989 3202 2990
f 2990 3202 2991
f 2991 3202 3203
f 2991 3203 3204
f 2991 3204 3205
f 2991 3205 2992
f 2992 3205 2993
f 2993 3205 3206
f 2993 3206 3207
f 2993 3207 2994
f 2994 3207 3208
f 2994 3208 2995
f 2995 3208 3209
f 2995 3209 3210
f 2995 3210 3211
f 2995 3211 3212
f 2995 3212 3213
f 2995 3213 3214
f 2995 3214 3002
f 2995 3002 3215
f 2995 3215 2998
f 2995 2998 2997
f 2995 2997 2996
f 2998 3215 3002
f 3000 3216 3004
f 3000 3002 3216
f 3002 3214 3213
f 3002 3213 3217
f 3002 3217 3218
f 3002 3218 3219
f 3002 3219 3220
f 3002 3220 3216
f 3003 3185 3184
f 3003 3184 3221
f 3003 3221 3222
f 3003 3222 3223
f 3003 3223 3196
f 3003 3186 3181
f 3003 3181 3180
f 3003 3180 3185
f 3005 3216 3220
f 3005 3220 3006
f 3006 3220 3009
f 3006 3009 3008
f 3009 3220 3219
f 3009 3219 3218
f 3009 3218 3187
f 3011 3224 3012
f 3012 3224 3225
f 3012 3225 3013
f 3013 3225 3226
f 3013 3226 3227
f 3013 3227 3228
f 3013 3228 3229
f 3013 3229 3016
f 3013 3016 3015
f 3013 3015 3014
f 3016 3229 3017
f 3017 3229 3230
f 3017 3230 3018
f 3018 3230 3231
f 3018 3231 3021
f 3018 3021 3020
f 3018 3020 3019
f 3021 3231 3232
f 3021 3232 3024
f 3021 3024 3022
f 3022 3024 3023
f 3024 3233 3234
f 3024 3234 3235
f 3024 3235 3236
f 3024 3236 3237
f 3024 3237 3238
f 3024 3238 3239
f 3024 3239 3025
f 3024 3232 3231
f 3024 3231 3233
f 3025 3239 3026
f 3026 3239 3240
f 3026 3240 3028
f 3027 3032 3241
f 3027 3241 3242
f 3027 3242 3034
f 3028 3243 3244
f 3028 3244 3029
f 3028 3240 3245
f 3028 3245 3246
f 3028 3246 3247
f 3028 3247 3248
f 3028 3248 3249
f 3028 3249 3243
f 3029 3244 3250
f 3029 3250 3030
f 3030 3250 3031
f 3031 3250 3032
f 3032 3251 3241
f 3032 3250 3252
f 3032 3252 3253
f 3032 3253 3251
f 3033 3036 3035
f 3033 3034 3242
f 3033 3242 3254
f 3033 3254 3255
f 3033 3255 3036
f 3036 3256 3257
f 3036 3257 3037
f 3036 3255 3256
f 3037 3257 3038
f 3038 3257 3258
f 3038 3258 3039
f 3039 3258 3040
f 3040 3258 3259
f 3040 3259 3260
f 3040 3260 3047
f 3041 3049 3043
f 3042 3043 3261
f 3042 3261 3262
f 3042 3262 3263
f 3042 3263 3065
f 3043 3049 3048
f 3043 3048 3261
f 3047 3260 3048
f 3048 3264 3265
f 3048 3265 3261
f 3048 3260 3259
f 3048 3259 3266
f 3048 3266 3267
f 3048 3267 3268
f 3048 3268 3269
f 3048 3269 3270
f 3048 3270 3271
f 3048 3271 3264
f 3050 3079 3272
f 3050 3272 3273
f 3050 3273 3052
f 3050 3052 3274
f 3050 3274 3051
f 3051 3274 3052
f 3052 3273 3284
f 3052 3284 3275
f 3052 3275 3055
f 3053 3056 3276
f 3053 3276 3277
f 3053 3277 3278
f 3053 3278 3279
f 3053 3279 3280
f 3053 3280 3054
f 3054 3280 3281
f 3054 3281 3282
f 3054 3282 3283
f 3054 3283 3057
f 3055 3275 3056
f 3056 3275 3284
f 3056 3284 3285
f 3056 3285 3286
f 3056 3286 3287
f 3056 3287 3276
f 3057 3283 3058
f 3058 3283 3288
f 3058 3288 3059
f 3059 3288 3060
f 3060 3289 3290
f 3060 3290 3061
f 3060 3288 3291
f 3060 3291 3289
f 3061 3290 3062
f 3062 3292 3095
f 3062 3290 3293
f 3062 3293 3292
f 3064 3066 3294
f 3064 3294 3295
f 3064 3295 3067
f 3065 3263 3296
f 3065 3296 3297
f 3065 3297 3298
f 3065 3298 3294
f 3065 3294 3066
f 3067 3295 3298
f 3067 3298 3299
f 3067 3299 3300
f 3067 3300 3070
f 3067 3070 3069
f 3070 3300 3301
f 3070 3301 3302
f 3070 3302 3303
f 3070 3303 3304
f 3070 3304 3305
f 3070 3305 3306
f 3070 3306 3074
f 3070 3074 3071
f 3071 3074 3072
f 3074 3306 3307
f 3074 3307 3308
f 3074 3308 3076
f 3074 3076 3075
f 3076 3308 3077
f 3077 3308 3284
f 3077 3284 3273
f 3077 3273 3272
f 3077 3272 3079
f 3080 3088 3087
f 3081 3083 3309
f 3081 3309 3084
f 3082 3085 3310
f 3082 3310 3083
f 3083 3311 3309
f 3083 3310 3312
f 3083 3312 3313
f 3083 3313 3314
f 3083 3314 3311
f 3084 3315 3316
f 3084 3316 3317
f 3084 3317 3091
f 3084 3309 3318
f 3084 3318 3319
f 3084 3319 3315
f 3085 3086 3320
f 3085 3320 3310
f 3086 3090 3321
f 3086 3321 3320
f 3088 3123 3322
f 3088 3322 3323
f 3088 3323 3324
f 3088 3324 3089
f 3089 3324 3321
f 3089 3321 3090
f 3091 3317 3092
f 3092 3317 3316
f 3092 3316 3325
f 3092 3325 3326
f 3092 3326 3093
f 3093 3326 3327
f 3094 3328 3128
f 3094 3327 3328
f 3095 3292 3329
f 3095 3329 3096
f 3096 3329 3097
f 3097 3329 3106
f 3097 3106 3330
f 3097 3330 3331
f 3097 3331 3098
f 3098 3331 3099
f 3099 3331 3102
f 3099 3102 3100
f 3100 3102 3101
f 3102 3331 3105
f 3105 3331 3330
f 3105 3330 3106
f 3106 3332 3333
f 3106 3333 3334
f 3106 3334 3335
f 3106 3335 3108
f 3106 3108 3107
f 3106 3329 3336
f 3106 3336 3337
f 3106 3337 3338
f 3106 3338 3339
f 3106 3339 3332
f 3108 3335 3109
f 3109 3335 3340
f 3109 3340 3341
f 3109 3341 3342
f 3109 3342 3343
f 3109 3343 3344
f 3109 3344 3345
f 3109 3345 3110
f 3110 3345 3346
f 3110 3346 3111
f 3111 3346 3347
f 3111 3347 3348
f 3111 3348 3113
f 3111 3113 3112
f 3113 3348 3117
f 3113 3117 3114
f 3114 3117 3115
f 3117 3348 3349
f 3117 3349 3118
f 3118 3350 3351
f 3118 3351 3352
f 3118 3352 3353
f 3118 3353 3119
f 3118 3349 3350
f 3119 3353 3120
f 3120 3353 3354
f 3120 3354 3355
f 3120 3355 3127
f 3120 3127 3121
f 3121 3127 3122
f 3123 3126 3125
f 3123 3125 3322
f 3124 3356 3357
f 3124 3357 3125
f 3124 3127 3356
f 3125 3357 3358
f 3125 3358 3323
f 3125 3323 3322
f 3127 3355 3356
f 3128 3328 3129
f 3129 3359 3130
f 3129 3328 3327
f 3129 3327 3359
f 3130 3359 3360
f 3130 3360 3361
f 3130 3361 3138
f 3131 3362 3133
f 3131 3133 3132
f 3131 3136 3363
f 3131 3363 3364
f 3131 3364 3365
f 3131 3365 3362
f 3133 3144 3143
f 3133 3143 3141
f 3133 3141 3134
f 3133 3362 3144
f 3134 3137 3135
f 3136 3138 3363
f 3138 3366 3363
f 3138 3361 3366
f 3142 3145 3367
f 3142 3367 3154
f 3144 3362 3368
f 3144 3368 3369
f 3144 3369 3370
f 3144 3370 3371
f 3144 3371 3145
f 3145 3371 3367
f 3147 3372 3373
f 3147 3373 3374
f 3147 3374 3375
f 3147 3375 3148
f 3147 3152 3376
f 3147 3376 3372
f 3148 3375 3374
f 3148 3374 3377
f 3148 3377 3149
f 3149 3377 3150
f 3150 3377 3378
f 3150 3378 3379
f 3150 3379 3380
f 3150 3380 3381
f 3150 3381 3382
f 3150 3382 3159
f 3151 3158 3383
f 3151 3383 3376
f 3151 3376 3152
f 3153 3154 3384
f 3153 3384 3155
f 3154 3367 3385
f 3154 3385 3386
f 3154 3386 3387
f 3154 3387 3384
f 3155 3384 3387
f 3155 3387 3156
f 3156 3387 3157
f 3157 3388 3158
f 3157 3387 3388
f 3158 3388 3383
f 3159 3382 3160
f 3160 3382 3389
f 3160 3389 3168
f 3160 3168 3162
f 3162 3168 3163
f 3165 3168 3166
f 3166 3390 3391
f 3166 3391 3392
f 3166 3392 3169
f 3166 3168 3390
f 3168 3389 3393
f 3168 3393 3394
f 3168 3394 3390
f 3169 3392 3170
f 3170 3392 3395
f 3170 3395 3171
f 3171 3395 3396
f 3171 3396 3397
f 3171 3397 3398
f 3171 3398 3174
f 3171 3174 3172
f 3172 3174 3173
f 3174 3399 3400
f 3174 3400 3401
f 3174 3401 3176
f 3174 3176 3175
f 3174 3398 3402
f 3174 3402 3399
f 3176 3401 3403
f 3176 3403 3404
f 3176 3404 3182
f 3176 3182 3178
f 3176 3178 3177
f 3182 3404 3405
f 3182 3405 3183
f 3183 3406 3221
f 3183 3405 3407
f 3183 3407 3408
f 3183 3408 3406
f 3187 3409 3189
f 3187 3189 3188
f 3187 3218 3213
f 3187 3213 3410
f 3187 3410 3212
f 3187 3212 3409
f 3189 3409 3411
f 3189 3411 3412
f 3189 3412 3413
f 3189 3413 3190
f 3190 3413 3414
f 3190 3414 3192
f 3190 3192 3191
f 3192 3414 3415
f 3192 3415 3416
f 3192 3416 3417
f 3192 3417 3418
f 3192 3418 3194
f 3192 3194 3193
f 3194 3418 3195
f 3196 3223 3419
f 3196 3419 3420
f 3196 3420 3421
f 3196 3421 3422
f 3196 3422 3423
f 3196 3423 3197
f 3197 3423 3424
f 3197 3424 3198
f 3198 3424 3423
f 3198 3423 3425
f 3198 3425 3426
f 3198 3426 3427
f 3198 3427 3428
f 3198 3428 3199
f 3199 3428 3427
f 3199 3427 3429
f 3199 3429 3430
f 3199 3430 3431
f 3199 3431 3432
f 3199 3432 3200
f 3200 3432 3201
f 3201 3433 3202
f 3201 3432 3434
f 3201 3434 3433
f 3202 3433 3434
f 3202 3434 3203
f 3203 3434 3204
f 3204 3434 3435
f 3204 3435 3436
f 3204 3436 3207
f 3204 3207 3206
f 3204 3206 3205
f 3207 3436 3437
f 3207 3437 3208
f 3208 3437 3438
f 3208 3438 3439
f 3208 3439 3209
f 3209 3439 3440
f 3209 3440 3441
f 3209 3441 3210
f 3210 3441 3442
f 3210 3442 3443
f 3210 3443 3212
f 3210 3212 3211
f 3212 3410 3444
f 3212 3444 3213
f 3212 3443 3445
f 3212 3445 3446
f 3212 3446 3414
f 3212 3414 3447
f 3212 3447 3448
f 3212 3448 3449
f 3212 3449 3409
f 3213 3444 3410
f 3213 3218 3217
f 3221 3406 3222
f 3222 3406 3419
f 3222 3419 3223
f 3224 3450 3225
f 3225 3450 3451
f 3225 3451 3452
f 3225 3452 3226
f 3226 3452 3453
f 3226 3453 3454
f 3226 3454 3227
f 3227 3454 3688
f 3227 3688 3455
f 3227 3455 3228
f 3228 3455 3456
f 3228 3456 3457
f 3228 3457 3229
f 3229 3457 3230
f 3230 3457 3231
f 3231 3457 3456
f 3231 3456 3458
f 3231 3458 3233
f 3233 3459 3460
f 3233 3460 3234
f 3233 3458 3459
f 3234 3460 3235
f 3235 3460 3459
f 3235 3459 3461
f 3235 3461 3462
f 3235 3462 3463
f 3235 3463 3236
f 3236 3463 3237
f 3237 3463 3464
f 3237 3464 3465
f 3237 3465 3238
f 3238 3465 3239
f 3239 3465 3466
f 3239 3466 3245
f 3239 3245 3240
f 3241 3251 3242
f 3242 3251 3467
f 3242 3467 3255
f 3242 3255 3254
f 3243 3468 3469
f 3243 3469 3252
f 3243 3252 3244
f 3243 3249 3468
f 3244 3252 3250
f 3245 3466 3470
f 3245 3470 3247
f 3245 3247 3246
f 3247 3470 3471
f 3247 3471 3472
f 3247 3472 3473
f 3247 3473 3474
f 3247 3474 3475
f 3247 3475 3476
f 3247 3476 3248
f 3248 3476 3249
f 3249 3476 3477
f 3249 3477 3478
f 3249 3478 3468
f 3251 3479 3467
f 3251 3253 3479
f 3252 3469 3253
f 3253 3469 3468
f 3253 3468 3480
f 3253 3480 3481
f 3253 3481 3479
f 3255 3467 3481
f 3255 3481 3482
f 3255 3482 3483
f 3255 3483 3484
f 3255 3484 3256
f 3256 3484 3257
f 3257 3484 3485
f 3257 3485 3258
f 3258 3485 3259
f 3259 3485 3486
f 3259 3486 3487
f 3259 3487 3488
f 3259 3488 3489
f 3259 3489 3490
f 3259 3490 3268
f 3259 3268 3267
f 3259 3267 3266
f 3261 3265 3491
f 3261 3491 3262
f 3262 3492 3493
f 3262 3493 3494
f 3262 3494 3263
f 3262 3491 3495
f 3262 3495 3492
f 3263 3494 3296
f 3264 3496 3491
f 3264 3491 3265
f 3264 3271 3496
f 3268 3490 3497
f 3268 3497 3498
f 3268 3498 3499
f 3268 3499 3269
f 3269 3499 3500
f 3269 3500 3271
f 3269 3271 3270
f 3271 3500 3501
f 3271 3501 3502
f 3271 3502 3496
f 3276 3287 3503
f 3276 3503 3278
f 3276 3278 3277
f 3278 3504 3505
f 3278 3505 3506
f 3278 3506 3507
f 3278 3507 3508
f 3278 3508 3509
f 3278 3509 3279
f 3278 3503 3510
f 3278 3510 3511
f 3278 3511 3504
f 3279 3509 3280
f 3280 3512 3281
f 3280 3509 3513
f 3280 3513 3512
f 3281 3512 3514
f 3281 3514 3282
f 3282 3514 3515
f 3282 3515 3291
f 3282 3291 3288
f 3282 3288 3283
f 3284 3516 3285
f 3284 3308 3516
f 3285 3516 3517
f 3285 3517 3286
f 3286 3517 3518
f 3286 3518 3519
f 3286 3519 3287
f 3287 3519 3503
f 3289 3291 3520
f 3289 3520 3290
f 3290 3521 3293
f 3290 3520 3522
f 3290 3522 3523
f 3290 3523 3521
f 3291 3515 3520
f 3292 3293 3524
f 3292 3524 3525
f 3292 3525 3526
f 3292 3526 3329
f 3293 3521 3524
f 3294 3298 3295
f 3296 3494 3297
f 3297 3494 3527
f 3297 3527 3298
f 3298 3527 3528
f 3298 3528 3529
f 3298 3529 3530
f 3298 3530 3531
f 3298 3531 3532
f 3298 3532 3533
f 3298 3533 3534
f 3298 3534 3535
f 3298 3535 3536
f 3298 3536 3537
f 3298 3537 3538
f 3298 3538 3539
f 3298 3539 3299
f 3299 3539 3540
f 3299 3540 3300
f 3300 3540 3301
f 3301 3541 3302
f 3301 3540 3541
f 3302 3541 3542
f 3302 3542 3303
f 3303 3542 3543
f 3303 3543 3544
f 3303 3544 3304
f 3304 3544 3305
f 3305 3544 3545
f 3305 3545 3546
f 3305 3546 3307
f 3305 3307 3306
f 3307 3546 3308
f 3308 3546 3516
f 3309 3547 3548
f 3309 3548 3319
f 3309 3319 3318
f 3309 3311 3549
f 3309 3549 3547
f 3310 3320 3312
f 3311 3314 3549
f 3312 3320 3313
f 3313 3320 3550
f 3313 3550 3551
f 3313 3551 3552
f 3313 3552 3553
f 3313 3553 3554
f 3313 3554 3555
f 3313 3555 3314
f 3314 3555 3556
f 3314 3556 3557
f 3314 3557 3558
f 3314 3558 3549
f 3315 3559 3316
f 3315 3319 3559
f 3316 3559 3560
f 3316 3560 3561
f 3316 3561 3568
f 3316 3568 3325
f 3319 3548 3547
f 3319 3547 3562
f 3319 3562 3560
f 3319 3560 3559
f 3320 3321 3563
f 3320 3563 3564
f 3320 3564 3550
f 3321 3324 3563
f 3323 3358 3565
f 3323 3565 3566
f 3323 3566 3567
f 3323 3567 3324
f 3324 3567 3563
f 3325 3568 3569
f 3325 3569 3570
f 3325 3570 3359
f 3325 3359 3326
f 3326 3359 3327
f 3329 3526 3525
f 3329 3525 3336
f 3332 3571 3572
f 3332 3572 3334
f 3332 3334 3333
f 3332 3339 3573
f 3332 3573 3571
f 3334 3572 3340
f 3334 3340 3335
f 3336 3574 3575
f 3336 3575 3576
f 3336 3576 3338
f 3336 3338 3337
f 3336 3525 3574
f 3338 3576 3339
f 3339 3577 3573
f 3339 3576 3577
f 3340 3572 3571
f 3340 3571 3578
f 3340 3578 3341
f 3341 3578 3342
f 3342 3578 3571
f 3342 3571 3579
f 3342 3579 3580
f 3342 3580 3581
f 3342 3581 3582
f 3342 3582 3583
f 3342 3583 3584
f 3342 3584 3343
f 3343 3584 3344
f 3344 3584 3585
f 3344 3585 3345
f 3345 3585 3346
f 3346 3585 3586
f 3346 3586 3587
f 3346 3587 3588
f 3346 3588 3347
f 3347 3588 3589
f 3347 3589 3590
f 3347 3590 3591
f 3347 3591 3592
f 3347 3592 3349
f 3347 3349 3348
f 3349 3592 3350
f 3350 3592 3593
f 3350 3593 3594
f 3350 3594 3595
f 3350 3595 3596
f 3350 3596 3351
f 3351 3596 3597
f 3351 3597 3598
f 3351 3598 3354
f 3351 3354 3352
f 3352 3354 3353
f 3354 3598 3599
f 3354 3599 3600
f 3354 3600 3355
f 3355 3600 3356
f 3356 3600 3601
f 3356 3601 3357
f 3357 3601 3602
f 3357 3602 3358
f 3358 3602 3603
f 3358 3603 3565
f 3359 3570 3360
f 3360 3570 3604
f 3360 3604 3605
f 3360 3605 3361
f 3361 3605 3606
f 3361 3606 3607
f 3361 3607 3608
f 3361 3608 3364
f 3361 3364 3366
f 3362 3365 3609
f 3362 3609 3368
f 3363 3366 3364
f 3364 3610 3365
f 3364 3608 3610
f 3365 3610 3608
f 3365 3608 3611
f 3365 3611 3609
f 3367 3371 3612
f 3367 3612 3385
f 3368 3613 3369
f 3368 3609 3613
f 3369 3613 3614
f 3369 3614 3385
f 3369 3385 3612
f 3369 3612 3371
f 3369 3371 3370
f 3372 3615 3616
f 3372 3616 3617
f 3372 3617 3618
f 3372 3618 3373
f 3372 3376 3615
f 3373 3618 3617
f 3373 3617 3619
f 3373 3619 3620
f 3373 3620 3621
f 3373 3621 3374
f 3374 3621 3622
f 3374 3622 3623
f 3374 3623 3377
f 3376 3383 3624
f 3376 3624 3615
f 3377 3623 3622
f 3377 3622 3378
f 3378 3622 3379
f 3379 3622 3621
f 3379 3621 3625
f 3379 3625 3380
f 3380 3625 3394
f 3380 3394 3381
f 3381 3394 3382
f 3382 3394 3389
f 3383 3388 3626
f 3383 3626 3624
f 3385 3614 3386
f 3386 3627 3387
f 3386 3614 3627
f 3387 3628 3388
f 3387 3627 3628
f 3388 3628 3629
f 3388 3629 3630
f 3388 3630 3631
f 3388 3631 3626
f 3389 3394 3393
f 3390 3632 3633
f 3390 3633 3634
f 3390 3634 3635
f 3390 3635 3636
f 3390 3636 3637
f 3390 3637 3391
f 3390 3394 3632
f 3391 3637 3636
f 3391 3636 3638
f 3391 3638 3392
f 3392 3638 3396
f 3392 3396 3395
f 3394 3625 3633
f 3394 3633 3632
f 3396 3639 3402
f 3396 3402 3640
f 3396 3640 3397
f 3396 3638 3636
f 3396 3636 3639
f 3397 3640 3398
f 3398 3640 3402
f 3399 3402 3641
f 3399 3641 3642
f 3399 3642 3400
f 3400 3642 3643
f 3400 3643 3401
f 3401 3643 3403
f 3402 3639 3644
f 3402 3644 3645
f 3402 3645 3646
f 3402 3646 3641
f 3403 3647 3648
f 3403 3648 3649
f 3403 3649 3650
f 3403 3650 3651
f 3403 3651 3652
f 3403 3652 3404
f 3403 3643 3647
f 3404 3652 3405
f 3405 3652 3425
f 3405 3425 3407
f 3406 3408 3419
f 3407 3422 3408
f 3407 3425 3422
f 3408 3422 3421
f 3408 3421 3420
f 3408 3420 3419
f 3409 3449 3448
f 3409 3448 3411
f 3411 3448 3413
f 3411 3413 3412
f 3413 3448 3414
f 3414 3448 3447
f 3414 3446 3415
f 3415 3446 3653
f 3415 3653 3416
f 3422 3425 3423
f 3425 3654 3427
f 3425 3427 3426
f 3425 3652 3654
f 3427 3655 3656
f 3427 3656 3657
f 3427 3657 3429
f 3427 3654 3658
f 3427 3658 3655
f 3429 3659 3660
f 3429 3660 3661
f 3429 3661 3662
f 3429 3662 3430
f 3429 3657 3659
f 3430 3662 3431
f 3431 3662 3663
f 3431 3663 3432
f 3432 3663 3664
f 3432 3664 3665
f 3432 3665 3434
f 3434 3666 3667
f 3434 3667 3668
f 3434 3668 3669
f 3434 3669 3435
f 3434 3665 3670
f 3434 3670 3666
f 3435 3669 3436
f 3436 3669 3437
f 3437 3671 3672
f 3437 3672 3673
f 3437 3673 3674
f 3437 3674 3438
f 3437 3669 3671
f 3438 3674 3439
f 3439 3674 3440
f 3440 3674 3675
f 3440 3675 3676
f 3440 3676 3677
f 3440 3677 3678
f 3440 3678 3441
f 3441 3678 3679
f 3441 3679 3442
f 3442 3679 3680
f 3442 3680 3681
f 3442 3681 3443
f 3443 3681 3682
f 3443 3682 3683
f 3443 3683 3445
f 3445 3683 3684
f 3445 3684 3685
f 3445 3685 3446
f 3446 3686 3653
f 3446 3685 3686
f 3453 3687 3688
f 3453 3688 3454
f 3455 3688 3456
f 3456 3689 3690
f 3456 3690 3458
f 3456 3688 3689
f 3458 3690 3459
f 3459 3690 3461
f 3461 3691 3692
f 3461 3692 3462
f 3461 3690 3691
f 3462 3692 3693
f 3462 3693 3463
f 3463 3694 3695
f 3463 3695 3464
f 3463 3693 3694
f 3464 3695 3696
f 3464 3696 3697
f 3464 3697 3465
f 3465 3697 3698
f 3465 3698 3466
f 3466 3698 3470
f 3467 3479 3481
f 3468 3478 3699
f 3468 3699 3480
f 3470 3698 3700
f 3470 3700 3471
f 3471 3473 3472
f 3471 3700 3473
f 3473 3701 3702
f 3473 3702 3703
f 3473 3703 3704
f 3473 3704 3705
f 3473 3705 3474
f 3473 3700 3698
f 3473 3698 3697
f 3473 3697 3701
f 3474 3706 3475
f 3474 3705 3707
f 3474 3707 3706
f 3475 3708 3476
f 3475 3706 3709
f 3475 3709 3708
f 3476 3708 3477
f 3477 3708 3710
f 3477 3710 3478
f 3478 3710 3711
f 3478 3711 3712
f 3478 3712 3699
f 3480 3699 3713
f 3480 3713 3714
f 3480 3714 3715
f 3480 3715 3481
f 3481 3715 3482
f 3482 3716 3487
f 3482 3487 3717
f 3482 3717 3483
f 3482 3715 3714
f 3482 3714 3718
f 3482 3718 3716
f 3483 3485 3484
f 3483 3717 3485
f 3485 3717 3486
f 3486 3717 3487
f 3487 3719 3720
f 3487 3720 3489
f 3487 3489 3488
f 3487 3716 3718
f 3487 3718 3719
f 3489 3720 3490
f 3490 3720 3497
f 3491 3496 3495
f 3492 3721 3493
f 3492 3495 3721
f 3493 3721 3722
f 3493 3722 3723
f 3493 3723 3724
f 3493 3724 3530
f 3493 3530 3529
f 3493 3529 3725
f 3493 3725 3494
f 3494 3725 3527
f 3495 3496 3726
f 3495 3726 3721
f 3496 3727 3722
f 3496 3722 3726
f 3496 3502 3728
f 3496 3728 3727
f 3497 3720 3498
f 3498 3720 3499
f 3499 3729 3500
f 3499 3720 3729
f 3500 3729 3730
f 3500 3730 3731
f 3500 3731 3501
f 3501 3731 3732
f 3501 3732 3733
f 3501 3733 3734
f 3501 3734 3728
f 3501 3728 3735
f 3501 3735 3502
f 3502 3735 3728
f 3503 3519 3736
f 3503 3736 3737
f 3503 3737 3510
f 3504 3738 3739
f 3504 3739 3505
f 3504 3511 3740
f 3504 3740 3741
f 3504 3741 3738
f 3505 3739 3506
f 3506 3739 3738
f 3506 3738 3742
f 3506 3742 3743
f 3506 3743 3507
f 3507 3743 3744
f 3507 3744 3745
f 3507 3745 3508
f 3508 3745 3513
f 3508 3513 3509
f 3510 3737 3740
f 3510 3740 3511
f 3512 3513 3515
f 3512 3515 3514
f 3513 3746 3520
f 3513 3520 3515
f 3513 3745 3746
f 3516 3546 3747
f 3516 3747 3517
f 3517 3748 3519
f 3517 3519 3518
f 3517 3747 3748
f 3519 3748 3747
f 3519 3747 3749
f 3519 3749 3736
f 3520 3746 3522
f 3521 3523 3750
f 3521 3750 3751
f 3521 3751 3752
f 3521 3752 3753
f 3521 3753 3524
f 3522 3746 3523
f 3523 3746 3750
f 3524 3753 3752
f 3524 3752 3754
f 3524 3754 3755
f 3524 3755 3756
f 3524 3756 3525
f 3525 3756 3755
f 3525 3755 3575
f 3525 3575 3574
f 3527 3725 3528
f 3528 3725 3529
f 3530 3724 3757
f 3530 3757 3758
f 3530 3758 3531
f 3531 3758 3532
f 3532 3758 3759
f 3532 3759 3760
f 3532 3760 3761
f 3532 3761 3762
f 3532 3762 3763
f 3532 3763 3764
f 3532 3764 3765
f 3532 3765 3766
f 3532 3766 3533
f 3533 3766 3534
f 3534 3767 3768
f 3534 3768 3536
f 3534 3536 3535
f 3534 3766 3767
f 3536 3768 3769
f 3536 3769 3537
f 3537 3769 3538
f 3538 3769 3539
f 3539 3769 3770
f 3539 3770 3771
f 3539 3771 3540
f 3540 3771 3770
f 3540 3770 3541
f 3541 3772 3773
f 3541 3773 3542
f 3541 3770 3772
f 3542 3773 3774
f 3542 3774 3775
f 3542 3775 3776
f 3542 3776 3777
f 3542 3777 3778
f 3542 3778 3545
f 3542 3545 3543
f 3543 3545 3544
f 3545 3778 3777
f 3545 3777 3779
f 3545 3779 3749
f 3545 3749 3747
f 3545 3747 3546
f 3547 3549 3562
f 3549 3558 3562
f 3550 3564 3551
f 3551 3564 3780
f 3551 3780 3781
f 3551 3781 3552
f 3552 3782 3783
f 3552 3783 3553
f 3552 3781 3784
f 3552 3784 3785
f 3552 3785 3786
f 3552 3786 3782
f 3553 3783 3554
f 3554 3787 3788
f 3554 3788 3789
f 3554 3789 3556
f 3554 3556 3555
f 3554 3783 3787
f 3556 3789 3790
f 3556 3790 3791
f 3556 3791 3557
f 3557 3791 3558
f 3558 3791 3792
f 3558 3792 3793
f 3558 3793 3794
f 3558 3794 3562
f 3560 3795 3561
f 3560 3562 3794
f 3560 3794 3795
f 3561 3795 3796
f 3561 3796 3797
f 3561 3797 3568
f 3563 3567 3564
f 3564 3567 3780
f 3565 3603 3781
f 3565 3781 3780
f 3565 3780 3566
f 3566 3780 3567
f 3568 3798 3799
f 3568 3799 3800
f 3568 3800 3569
f 3568 3797 3798
f 3569 3800 3607
f 3569 3607 3604
f 3569 3604 3570
f 3571 3573 3577
f 3571 3577 3579
f 3575 3801 3576
f 3575 3755 3801
f 3576 3801 3577
f 3577 3801 3802
f 3577 3802 3579
f 3579 3802 3803
f 3579 3803 3804
f 3579 3804 3580
f 3580 3804 3581
f 3581 3804 3805
f 3581 3805 3806
f 3581 3806 3807
f 3581 3807 4028
f 3581 4028 3808
f 3581 3808 3809
f 3581 3809 3810
f 3581 3810 3582
f 3582 3810 3811
f 3582 3811 3583
f 3583 3811 3812
f 3583 3812 3584
f 3584 3812 3585
f 3585 3812 3813
f 3585 3813 3586
f 3586 3814 3587
f 3586 3813 3814
f 3587 3814 3588
f 3588 3815 3816
f 3588 3816 3589
f 3588 3814 3815
f 3589 3816 3817
f 3589 3817 3590
f 3590 3817 3818
f 3590 3818 3591
f 3591 3818 3819
f 3591 3819 3820
f 3591 3820 3592
f 3592 3820 3593
f 3593 3820 3594
f 3594 3821 3822
f 3594 3822 3595
f 3594 3820 3819
f 3594 3819 3818
f 3594 3818 3821
f 3595 3822 3823
f 3595 3823 3596
f 3596 3823 3824
f 3596 3824 3597
f 3597 3825 3598
f 3597 3824 3826
f 3597 3826 3827
f 3597 3827 3828
f 3597 3828 3825
f 3598 3825 3599
f 3599 3825 3829
f 3599 3829 3830
f 3599 3830 3600
f 3600 3830 3601
f 3601 3830 3831
f 3601 3831 3602
f 3602 3831 3603
f 3603 3831 3832
f 3603 3832 3784
f 3603 3784 3781
f 3604 3607 3606
f 3604 3606 3605
f 3607 3800 3608
f 3608 3800 3833
f 3608 3833 3834
f 3608 3834 3835
f 3608 3835 3836
f 3608 3836 3837
f 3608 3837 3611
f 3609 3838 3839
f 3609 3839 3613
f 3609 3611 3840
f 3609 3840 3838
f 3611 3837 3840
f 3613 3839 3838
f 3613 3838 3841
f 3613 3841 3614
f 3614 3841 3842
f 3614 3842 3843
f 3614 3843 3844
f 3614 3844 3845
f 3614 3845 3846
f 3614 3846 3627
f 3615 3847 3848
f 3615 3848 3849
f 3615 3849 3616
f 3615 3624 3847
f 3616 3849 3617
f 3617 3848 3850
f 3617 3850 3619
f 3617 3849 3848
f 3619 3851 3620
f 3619 3850 3852
f 3619 3852 3851
f 3620 3851 3853
f 3620 3853 3854
f 3620 3854 3855
f 3620 3855 3621
f 3621 3855 3625
f 3624 3626 3856
f 3624 3856 3857
f 3624 3857 3858
f 3624 3858 3859
f 3624 3859 3860
f 3624 3860 3861
f 3624 3861 3862
f 3624 3862 3847
f 3625 3855 3633
f 3626 3631 3863
f 3626 3863 3864
f 3626 3864 3865
f 3626 3865 3856
f 3627 3846 3864
f 3627 3864 3863
f 3627 3863 3629
f 3627 3629 3628
f 3629 3863 3631
f 3629 3631 3630
f 3633 3855 3866
f 3633 3866 3634
f 3634 3867 3635
f 3634 3866 3867
f 3635 3867 3868
f 3635 3868 3636
f 3636 3868 3869
f 3636 3869 3639
f 3639 3869 3645
f 3639 3645 3644
f 3641 3870 3871
f 3641 3871 3872
f 3641 3872 3873
f 3641 3873 3642
f 3641 3646 3645
f 3641 3645 3874
f 3641 3874 3870
f 3642 3875 3876
f 3642 3876 3877
f 3642 3877 3878
f 3642 3878 3647
f 3642 3647 3643
f 3642 3873 3875
f 3645 3869 3879
f 3645 3879 3880
f 3645 3880 3881
f 3645 3881 3882
f 3645 3882 3870
f 3645 3870 3874
f 3647 3878 3648
f 3648 3883 3884
f 3648 3884 3885
f 3648 3885 3886
f 3648 3886 3649
f 3648 3878 3883
f 3649 3886 3887
f 3649 3887 3888
f 3649 3888 3650
f 3650 3888 3889
f 3650 3889 3890
f 3650 3890 3656
f 3650 3656 3658
f 3650 3658 3651
f 3651 3658 3652
f 3652 3658 3654
f 3655 3658 3656
f 3656 3890 3891
f 3656 3891 3892
f 3656 3892 3660
f 3656 3660 3659
f 3656 3659 3657
f 3660 3892 3661
f 3661 3892 3893
f 3661 3893 3662
f 3662 3893 3663
f 3663 3893 3894
f 3663 3894 3664
f 3664 3894 3670
f 3664 3670 3665
f 3666 3895 3896
f 3666 3896 3897
f 3666 3897 3667
f 3666 3670 3894
f 3666 3894 3893
f 3666 3893 3898
f 3666 3898 3895
f 3667 3897 3899
f 3667 3899 3668
f 3668 3899 3900
f 3668 3900 3669
f 3669 3900 3901
f 3669 3901 3902
f 3669 3902 3903
f 3669 3903 3904
f 3669 3904 3671
f 3671 3904 3905
f 3671 3905 3672
f 3672 3905 3906
f 3672 3906 3907
f 3672 3907 3908
f 3672 3908 3909
f 3672 3909 3910
f 3672 3910 3673
f 3673 3911 3912
f 3673 3912 3675
f 3673 3675 3674
f 3673 3910 3908
f 3673 3908 3913
f 3673 3913 3914
f 3673 3914 3915
f 3673 3915 3916
f 3673 3916 3917
f 3673 3917 3918
f 3673 3918 3919
f 3673 3919 3911
f 3675 3912 3676
f 3676 3912 3920
f 3676 3920 3679
f 3676 3679 3677
f 3677 3679 3678
f 3679 3920 3680
f 3680 3921 3681
f 3680 3920 3922
f 3680 3922 3921
f 3681 3921 3923
f 3681 3923 3924
f 3681 3924 3682
f 3682 3924 3683
f 3683 3925 3684
f 3684 3925 3685
f 3685 3925 3686
f 3687 3926 3927
f 3687 3927 3688
f 3688 3927 3689
f 3689 3927 3690
f 3690 3927 3928
f 3690 3928 3691
f 3691 3929 3930
f 3691 3930 3692
f 3691 3928 3929
f 3692 3930 3693
f 3693 3930 3931
f 3693 3931 3932
f 3693 3932 3933
f 3693 3933 3694
f 3694 3933 3934
f 3694 3934 3935
f 3694 3935 3936
f 3694 3936 3695
f 3695 3936 3935
f 3695 3935 3937
f 3695 3937 3696
f 3696 3937 3701
f 3696 3701 3697
f 3699 3712 3938
f 3699 3938 3939
f 3699 3939 3940
f 3699 3940 3714
f 3699 3714 3713
f 3701 3941 3703
f 3701 3703 3702
f 3701 3937 3941
f 3703 3942 3943
f 3703 3943 3944
f 3703 3944 3704
f 3703 3941 3942
f 3704 3707 3705
f 3704 3944 3707
f 3706 3945 3946
f 3706 3946 3711
f 3706 3711 3709
f 3706 3707 3947
f 3706 3947 3945
f 3707 3944 3948
f 3707 3948 3949
f 3707 3949 3947
f 3708 3709 3710
f 3709 3711 3710
f 3711 3946 3938
f 3711 3938 3712
f 3714 3940 3718
f 3718 3950 3951
f 3718 3951 3719
f 3718 3940 3950
f 3719 3951 3720
f 3720 3952 3729
f 3720 3951 3953
f 3720 3953 3954
f 3720 3954 3952
f 3721 3726 3722
f 3722 3727 3955
f 3722 3955 3723
f 3723 3955 3956
f 3723 3956 3957
f 3723 3957 3759
f 3723 3759 3757
f 3723 3757 3724
f 3727 3728 3958
f 3727 3958 3955
f 3728 3734 3958
f 3729 3952 3954
f 3729 3954 3730
f 3730 3959 3960
f 3730 3960 3731
f 3730 3954 3959
f 3731 3960 3732
f 3732 3960 3733
f 3733 3960 3961
f 3733 3961 3962
f 3733 3962 3963
f 3733 3963 3964
f 3733 3964 3965
f 3733 3965 3734
f 3734 3965 3956
f 3734 3956 3955
f 3734 3955 3958
f 3736 3749 3779
f 3736 3779 3966
f 3736 3966 3737
f 3737 3966 3740
f 3738 3743 3742
f 3738 3741 3967
f 3738 3967 3968
f 3738 3968 3969
f 3738 3969 3970
f 3738 3970 3971
f 3738 3971 3972
f 3738 3972 3973
f 3738 3973 3974
f 3738 3974 3743
f 3740 3975 4011
f 3740 4011 3976
f 3740 3976 3741
f 3740 3966 3777
f 3740 3777 3975
f 3741 3976 3977
f 3741 3977 3967
f 3743 3974 3744
f 3744 3974 3978
f 3744 3978 3979
f 3744 3979 3746
f 3744 3746 3745
f 3746 3979 3750
f 3750 3980 3751
f 3750 3979 3980
f 3751 3980 3978
f 3751 3978 3752
f 3752 3978 3972
f 3752 3972 3981
f 3752 3981 3982
f 3752 3982 3983
f 3752 3983 3754
f 3754 3983 3984
f 3754 3984 3755
f 3755 3984 3802
f 3755 3802 3801
f 3757 3759 3758
f 3759 3957 3956
f 3759 3956 3760
f 3760 3956 3965
f 3760 3965 3761
f 3761 3965 3762
f 3762 3985 3986
f 3762 3986 3987
f 3762 3987 3988
f 3762 3988 3763
f 3762 3965 3989
f 3762 3989 3990
f 3762 3990 3991
f 3762 3991 3985
f 3763 3988 3992
f 3763 3992 3764
f 3764 3992 3993
f 3764 3993 3994
f 3764 3994 3995
f 3764 3995 3996
f 3764 3996 3765
f 3765 3996 3766
f 3766 3996 3997
f 3766 3997 3998
f 3766 3998 3767
f 3767 3998 3768
f 3768 3999 4000
f 3768 4000 4001
f 3768 4001 3769
f 3768 3998 3999
f 3769 4002 4003
f 3769 4003 4004
f 3769 4004 4005
f 3769 4005 3772
f 3769 3772 3770
f 3769 4001 4000
f 3769 4000 4002
f 3772 4005 3774
f 3772 3774 3773
f 3774 4005 4006
f 3774 4006 4007
f 3774 4007 4008
f 3774 4008 4009
f 3774 4009 3775
f 3775 4009 3776
f 3776 4009 3777
f 3777 4009 4010
f 3777 4010 4011
f 3777 4011 3975
f 3777 3966 3779
f 3782 3786 3783
f 3783 3786 3787
f 3784 3832 4012
f 3784 4012 3785
f 3785 4013 3786
f 3785 4012 4013
f 3786 4013 4014
f 3786 4014 4015
f 3786 4015 4016
f 3786 4016 4017
f 3786 4017 4018
f 3786 4018 3787
f 3787 4018 3788
f 3788 4019 4020
f 3788 4020 3790
f 3788 3790 3789
f 3788 4018 4017
f 3788 4017 4019
f 3790 4020 4021
f 3790 4021 3791
f 3791 4021 3792
f 3792 4021 3793
f 3793 4021 4022
f 3793 4022 3794
f 3794 4022 3795
f 3795 4022 3796
f 3796 4023 4024
f 3796 4024 3797
f 3796 4022 4023
f 3797 4024 4025
f 3797 4025 3798
f 3798 4025 3799
f 3799 4025 4026
f 3799 4026 3800
f 3800 4026 3833
f 3802 3806 3805
f 3802 3805 3803
f 3802 3984 3983
f 3802 3983 3806
f 3803 3805 3804
f 3806 3983 4027
f 3806 4027 4028
f 3806 4028 3807
f 3808 4028 4029
f 3808 4029 4030
f 3808 4030 3809
f 3809 4030 4031
f 3809 4031 3811
f 3809 3811 3810
f 3811 4031 3813
f 3811 3813 3812
f 3813 4032 3814
f 3813 4031 4032
f 3814 4032 4033
f 3814 4033 3815
f 3815 4033 4034
f 3815 4034 3817
f 3815 3817 3816
f 3817 4034 4035
f 3817 4035 4036
f 3817 4036 3818
f 3818 4036 3821
f 3821 4036 4037
f 3821 4037 4038
f 3821 4038 3822
f 3822 4038 4039
f 3822 4039 4040
f 3822 4040 4041
f 3822 4041 4042
f 3822 4042 4043
f 3822 4043 3823
f 3823 4043 4044
f 3823 4044 4045
f 3823 4045 3824
f 3824 4045 4046
f 3824 4046 3826
f 3825 3828 3829
f 3826 4046 3827
f 3827 4046 4047
f 3827 4047 4048
f 3827 4048 4012
f 3827 4012 3828
f 3828 4012 3832
f 3828 3832 3829
f 3829 3832 3831
f 3829 3831 3830
f 3833 4026 3834
f 3834 4026 4049
f 3834 4049 3835
f 3835 4050 4051
f 3835 4051 4052
f 3835 4052 4053
f 3835 4053 3836
f 3835 4049 4054
f 3835 4054 4055
f 3835 4055 4050
f 3836 4056 4057
f 3836 4057 3837
f 3836 4053 4056
f 3837 4058 4059
f 3837 4059 3840
f 3837 4057 4058
f 3838 3840 4059
f 3838 4059 4060
f 3838 4060 3841
f 3841 4060 3842
f 3842 4061 3843
f 3842 4060 4062
f 3842 4062 4063
f 3842 4063 4061
f 3843 4061 3844
f 3844 4064 3845
f 3844 4061 4063
f 3844 4063 4065
f 3844 4065 4066
f 3844 4066 4064
f 3845 4064 4067
f 3845 4067 3846
f 3846 4068 3864
f 3846 4067 4068
f 3847 3862 3861
f 3847 3861 4069
f 3847 4069 4070
f 3847 4070 4071
f 3847 4071 4072
f 3847 4072 4073
f 3847 4073 4074
f 3847 4074 3850
f 3847 3850 3848
f 3850 4074 4073
f 3850 4073 4075
f 3850 4075 3852
f 3851 3852 3853
f 3852 4076 4077
f 3852 4077 4078
f 3852 4078 4079
f 3852 4079 3853
f 3852 4075 4076
f 3853 4079 4080
f 3853 4080 3866
f 3853 3866 3854
f 3854 3866 3855
f 3856 4081 3857
f 3856 3865 4082
f 3856 4082 4081
f 3857 4081 4083
f 3857 4083 4084
f 3857 4084 4085
f 3857 4085 3858
f 3858 4085 3859
f 3859 4085 3860
f 3860 4086 3861
f 3860 4085 4084
f 3860 4084 4087
f 3860 4087 4086
f 3861 4086 4088
f 3861 4088 4069
f 3864 4082 3865
f 3864 4068 4067
f 3864 4067 4089
f 3864 4089 4082
f 3866 4080 4090
f 3866 4090 4091
f 3866 4091 4092
f 3866 4092 3867
f 3867 4092 4091
f 3867 4091 4093
f 3867 4093 4094
f 3867 4094 4095
f 3867 4095 4096
f 3867 4096 4097
f 3867 4097 3868
f 3868 4097 4098
f 3868 4098 3869
f 3869 4098 3879
f 3870 4099 4100
f 3870 4100 4101
f 3870 4101 3872
f 3870 3872 3871
f 3870 3882 4102
f 3870 4102 4099
f 3872 4101 3875
f 3872 3875 3873
f 3875 4101 4103
f 3875 4103 3876
f 3876 4103 4104
f 3876 4104 4105
f 3876 4105 4106
f 3876 4106 4107
f 3876 4107 3877
f 3877 4107 4106
f 3877 4106 4108
f 3877 4108 3878
f 3878 4108 3883
f 3879 4098 3880
f 3880 4098 3881
f 3881 4097 4102
f 3881 4102 3882
f 3881 4098 4097
f 3883 4108 3884
f 3884 4109 3887
f 3884 3887 3885
f 3884 4108 4106
f 3884 4106 4110
f 3884 4110 4111
f 3884 4111 4109
f 3885 3887 3886
f 3887 4109 3888
f 3888 4109 3889
f 3889 4109 4112
f 3889 4112 4113
f 3889 4113 3891
f 3889 3891 3890
f 3891 4113 4114
f 3891 4114 3892
f 3892 4114 3893
f 3893 4115 4116
f 3893 4116 4117
f 3893 4117 4118
f 3893 4118 3895
f 3893 3895 3898
f 3893 4114 4119
f 3893 4119 4120
f 3893 4120 4121
f 3893 4121 4115
f 3895 4118 4122
f 3895 4122 4123
f 3895 4123 4124
f 3895 4124 4125
f 3895 4125 3896
f 3896 4125 3899
f 3896 3899 3897
f 3899 4124 3901
f 3899 3901 3900
f 3899 4125 4124
f 3901 4124 4126
f 3901 4126 4127
f 3901 4127 3903
f 3901 3903 3902
f 3903 4127 4128
f 3903 4128 3906
f 3903 3906 3905
f 3903 3905 3904
f 3906 4128 4129
f 3906 4129 4130
f 3906 4130 3913
f 3906 3913 3907
f 3907 3913 3908
f 3908 3910 3909
f 3911 4131 3920
f 3911 3920 3912
f 3911 3919 4131
f 3913 4132 3914
f 3913 4130 4129
f 3913 4129 4133
f 3913 4133 4134
f 3913 4134 4135
f 3913 4135 4136
f 3913 4136 3915
f 3913 3915 4132
f 3914 4132 3915
f 3915 4136 4137
f 3915 4137 4138
f 3915 4138 4139
f 3915 4139 3916
f 3916 4139 4140
f 3916 4140 3917
f 3917 4140 4141
f 3917 4141 4142
f 3917 4142 4143
f 3917 4143 3919
f 3917 3919 3918
f 3919 4143 4144
f 3919 4144 4131
f 3920 4131 4145
f 3920 4145 3922
f 3921 3922 4146
f 3921 4146 4147
f 3921 4147 4148
f 3921 4148 3923
f 3922 4145 4149
f 3922 4149 4146
f 3923 4148 4150
f 3923 4150 3924
f 3926 4151 3927
f 3927 4151 4152
f 3927 4152 3928
f 3928 4152 3929
f 3929 4153 3931
f 3929 3931 3930
f 3929 4152 4151
f 3929 4151 4153
f 3931 4154 3932
f 3932 4154 4155
f 3932 4155 4156
f 3932 4156 4157
f 3932 4157 3933
f 3933 4157 4158
f 3933 4158 3934
f 3934 4158 3935
f 3935 4158 4159
f 3935 4159 3941
f 3935 3941 3937
f 3938 3946 4160
f 3938 4160 3939
f 3939 4160 3940
f 3940 4160 4161
f 3940 4161 4162
f 3940 4162 4163
f 3940 4163 4164
f 3940 4164 4165
f 3940 4165 4166
f 3940 4166 3950
f 3941 4167 4172
f 3941 4172 4168
f 3941 4168 3942
f 3941 4159 4169
f 3941 4169 4167
f 3942 4170 4171
f 3942 4171 3943
f 3942 4168 4172
f 3942 4172 4170
f 3943 4171 4173
f 3943 4173 3944
f 3944 4173 4174
f 3944 4174 4393
f 3944 4393 4175
f 3944 4175 3948
f 3945 4176 4177
f 3945 4177 4160
f 3945 4160 3946
f 3945 3947 4178
f 3945 4178 4395
f 3945 4395 4176
f 3947 3949 4179
f 3947 4179 4178
f 3948 4180 4179
f 3948 4179 3949
f 3948 4175 4180
f 3950 4166 4165
f 3950 4165 4181
f 3950 4181 4182
f 3950 4182 4183
f 3950 4183 3951
f 3951 4183 3953
f 3953 4183 4184
f 3953 4184 3954
f 3954 4184 4185
f 3954 4185 3959
f 3959 4186 3960
f 3959 4185 4186
f 3960 4186 4187
f 3960 4187 3961
f 3961 4187 3962
f 3962 4188 4189
f 3962 4189 4190
f 3962 4190 3964
f 3962 3964 3963
f 3962 4187 4191
f 3962 4191 4192
f 3962 4192 4193
f 3962 4193 4188
f 3964 4190 4194
f 3964 4194 3965
f 3965 4194 3991
f 3965 3991 3990
f 3965 3990 3989
f 3967 4195 4196
f 3967 4196 3968
f 3967 3977 4195
f 3968 4196 3969
f 3969 4197 3970
f 3969 4196 4198
f 3969 4198 4197
f 3970 4197 4199
f 3970 4199 4200
f 3970 4200 4201
f 3970 4201 4202
f 3970 4202 3971
f 3971 4203 3982
f 3971 3982 3981
f 3971 3981 3972
f 3971 4202 4204
f 3971 4204 4205
f 3971 4205 4203
f 3972 3978 3973
f 3973 3978 3974
f 3976 4011 3977
f 3977 4011 4206
f 3977 4206 4195
f 3978 3980 3979
f 3982 4203 4205
f 3982 4205 4207
f 3982 4207 4208
f 3982 4208 3983
f 3983 4209 4027
f 3983 4208 4209
f 3985 3991 4210
f 3985 4210 3992
f 3985 3992 3987
f 3985 3987 3986
f 3987 3992 3988
f 3991 4211 4210
f 3991 4194 4189
f 3991 4189 4211
f 3992 4212 4213
f 3992 4213 3993
f 3992 4210 4212
f 3993 4213 3994
f 3994 3996 3995
f 3994 4213 4214
f 3994 4214 4215
f 3994 4215 3996
f 3996 4215 3997
f 3997 4215 4216
f 3997 4216 3998
f 3998 4216 3999
f 3999 4217 4000
f 3999 4216 4215
f 3999 4215 4217
f 4000 4217 4218
f 4000 4218 4002
f 4002 4218 4003
f 4003 4218 4219
f 4003 4219 4220
f 4003 4220 4007
f 4003 4007 4221
f 4003 4221 4004
f 4004 4221 4006
f 4004 4006 4005
f 4006 4221 4007
f 4007 4222 4223
f 4007 4223 4224
f 4007 4224 4225
f 4007 4225 4226
f 4007 4226 4227
f 4007 4227 4228
f 4007 4228 4229
f 4007 4229 4009
f 4007 4009 4008
f 4007 4220 4222
f 4009 4228 4230
f 4009 4230 4010
f 4009 4229 4228
f 4010 4230 4228
f 4010 4228 4011
f 4011 4228 4231
f 4011 4231 4232
f 4011 4232 4233
f 4011 4233 4206
f 4012 4048 4014
f 4012 4014 4013
f 4014 4234 4235
f 4014 4235 4015
f 4014 4048 4234
f 4015 4235 4016
f 4016 4235 4236
f 4016 4236 4237
f 4016 4237 4238
f 4016 4238 4017
f 4017 4238 4019
f 4019 4239 4240
f 4019 4240 4020
f 4019 4238 4239
f 4020 4240 4241
f 4020 4241 4242
f 4020 4242 4021
f 4021 4242 4023
f 4021 4023 4243
f 4021 4243 4022
f 4022 4243 4023
f 4023 4244 4245
f 4023 4245 4024
f 4023 4242 4244
f 4024 4245 4025
f 4025 4049 4026
f 4025 4245 4049
f 4027 4209 4246
f 4027 4246 4247
f 4027 4247 4028
f 4028 4247 4248
f 4028 4248 4029
f 4029 4248 4030
f 4030 4249 4250
f 4030 4250 4251
f 4030 4251 4031
f 4030 4248 4252
f 4030 4252 4249
f 4031 4251 4032
f 4032 4251 4253
f 4032 4253 4254
f 4032 4254 4255
f 4032 4255 4033
f 4033 4255 4254
f 4033 4254 4256
f 4033 4256 4257
f 4033 4257 4258
f 4033 4258 4034
f 4034 4258 4259
f 4034 4259 4260
f 4034 4260 4035
f 4035 4037 4036
f 4035 4260 4037
f 4037 4260 4261
f 4037 4261 4038
f 4038 4261 4039
f 4039 4262 4263
f 4039 4263 4041
f 4039 4041 4040
f 4039 4261 4260
f 4039 4260 4264
f 4039 4264 4262
f 4041 4265 4042
f 4041 4263 4266
f 4041 4266 4265
f 4042 4265 4267
f 4042 4267 4043
f 4043 4267 4044
f 4044 4267 4268
f 4044 4268 4269
f 4044 4269 4045
f 4045 4269 4270
f 4045 4270 4271
f 4045 4271 4272
f 4045 4272 4046
f 4046 4272 4047
f 4047 4272 4234
f 4047 4234 4048
f 4049 4245 4054
f 4050 4273 4051
f 4050 4055 4274
f 4050 4274 4275
f 4050 4275 4273
f 4051 4273 4276
f 4051 4276 4052
f 4052 4057 4053
f 4052 4276 4277
f 4052 4277 4278
f 4052 4278 4279
f 4052 4279 4280
f 4052 4280 4057
f 4053 4057 4056
f 4054 4245 4244
f 4054 4244 4055
f 4055 4244 4241
f 4055 4241 4281
f 4055 4281 4275
f 4055 4275 4274
f 4057 4280 4058
f 4058 4280 4059
f 4059 4280 4060
f 4060 4280 4062
f 4062 4280 4279
f 4062 4279 4278
f 4062 4278 4282
f 4062 4282 4063
f 4063 4282 4283
f 4063 4283 4066
f 4063 4066 4065
f 4064 4089 4067
f 4064 4066 4284
f 4064 4284 4089
f 4066 4283 4285
f 4066 4285 4284
f 4069 4088 4070
f 4070 4088 4286
f 4070 4286 4071
f 4071 4287 4072
f 4071 4286 4288
f 4071 4288 4287
f 4072 4289 4073
f 4072 4287 4290
f 4072 4290 4289
f 4073 4289 4291
f 4073 4291 4292
f 4073 4292 4076
f 4073 4076 4075
f 4076 4293 4294
f 4076 4294 4295
f 4076 4295 4296
f 4076 4296 4077
f 4076 4292 4293
f 4077 4296 4078
f 4078 4296 4297
f 4078 4297 4079
f 4079 4297 4080
f 4080 4297 4090
f 4081 4298 4083
f 4081 4082 4299
f 4081 4299 4298
f 4082 4089 4299
f 4083 4298 4300
f 4083 4300 4301
f 4083 4301 4084
f 4084 4301 4302
f 4084 4302 4087
f 4086 4303 4304
f 4086 4304 4088
f 4086 4087 4305
f 4086 4305 4306
f 4086 4306 4303
f 4087 4302 4307
f 4087 4307 4305
f 4088 4304 4308
f 4088 4308 4286
f 4089 4309 4299
f 4089 4284 4310
f 4089 4310 4309
f 4090 4297 4091
f 4091 4311 4093
f 4091 4297 4311
f 4093 4311 4312
f 4093 4312 4094
f 4094 4312 4095
f 4095 4312 4313
f 4095 4313 4097
f 4095 4097 4096
f 4097 4314 4315
f 4097 4315 4099
f 4097 4099 4102
f 4097 4313 4314
f 4099 4316 4317
f 4099 4317 4318
f 4099 4318 4319
f 4099 4319 4320
f 4099 4320 4321
f 4099 4321 4322
f 4099 4322 4100
f 4099 4315 4316
f 4100 4322 4103
f 4100 4103 4101
f 4103 4322 4104
f 4104 4322 4105
f 4105 4322 4106
f 4106 4323 4110
f 4106 4322 4323
f 4109 4111 4324
f 4109 4324 4112
f 4110 4323 4325
f 4110 4325 4111
f 4111 4326 4327
f 4111 4327 4121
f 4111 4121 4324
f 4111 4325 4326
f 4112 4324 4121
f 4112 4121 4120
f 4112 4120 4113
f 4113 4120 4119
f 4113 4119 4114
f 4115 4121 4116
f 4116 4121 4328
f 4116 4328 4329
f 4116 4329 4117
f 4117 4329 4328
f 4117 4328 4330
f 4117 4330 4331
f 4117 4331 4118
f 4118 4331 4122
f 4121 4327 4332
f 4121 4332 4333
f 4121 4333 4328
f 4122 4331 4334
f 4122 4334 4123
f 4123 4334 4335
f 4123 4335 4124
f 4124 4335 4126
f 4126 4335 4127
f 4127 4335 4336
f 4127 4336 4129
f 4127 4129 4128
f 4129 4336 4337
f 4129 4337 4338
f 4129 4338 4339
f 4129 4339 4340
f 4129 4340 4133
f 4131 4144 4341
f 4131 4341 4145
f 4133 4340 4339
f 4133 4339 4342
f 4133 4342 4343
f 4133 4343 4344
f 4133 4344 4345
f 4133 4345 4346
f 4133 4346 4134
f 4134 4346 4347
f 4134 4347 4135
f 4135 4347 4348
f 4135 4348 4137
f 4135 4137 4136
f 4137 4349 4138
f 4137 4348 4349
f 4138 4349 4350
f 4138 4350 4351
f 4138 4351 4352
f 4138 4352 4139
f 4139 4352 4353
f 4139 4353 4140
f 4140 4353 4141
f 4141 4353 4354
f 4141 4354 4355
f 4141 4355 4356
f 4141 4356 4357
f 4141 4357 4358
f 4141 4358 4359
f 4141 4359 4142
f 4142 4360 4143
f 4142 4359 4361
f 4142 4361 4362
f 4142 4362 4360
f 4143 4360 4363
f 4143 4363 4144
f 4144 4363 4364
f 4144 4364 4365
f 4144 4365 4341
f 4145 4341 4366
f 4145 4366 4149
f 4146 4149 4147
f 4147 4149 4366
f 4147 4366 4341
f 4147 4341 4367
f 4147 4367 4368
f 4147 4368 4369
f 4147 4369 4148
f 4148 4369 4370
f 4148 4370 4371
f 4148 4371 4372
f 4148 4372 4150
f 4155 4373 4156
f 4156 4373 4157
f 4157 4373 4158
f 4158 4374 4169
f 4158 4169 4159
f 4158 4373 4375
f 4158 4375 4374
f 4160 4177 4161
f 4161 4177 4376
f 4161 4376 4162
f 4162 4376 4163
f 4163 4376 4377
f 4163 4377 4378
f 4163 4378 4164
f 4164 4378 4379
f 4164 4379 4380
f 4164 4380 4165
f 4165 4380 4181
f 4167 4381 4172
f 4167 4169 4381
f 4169 4374 4382
f 4169 4382 4381
f 4170 4383 4171
f 4170 4172 4384
f 4170 4384 4383
f 4171 4385 4386
f 4171 4386 4387
f 4171 4387 4388
f 4171 4388 4389
f 4171 4389 4390
f 4171 4390 4173
f 4171 4383 4385
f 4172 4381 4391
f 4172 4391 4384
f 4173 4392 4174
f 4173 4390 4634
f 4173 4634 4392
f 4174 4392 4636
f 4174 4636 4393
f 4175 4394 4180
f 4175 4393 4637
f 4175 4637 4394
f 4176 4377 4376
f 4176 4376 4177
f 4176 4395 4377
f 4178 4396 4395
f 4178 4179 4397
f 4178 4397 4396
f 4179 4180 4397
f 4180 4394 4397
f 4181 4380 4182
f 4182 4398 4399
f 4182 4399 4183
f 4182 4380 4400
f 4182 4400 4398
f 4183 4399 4184
f 4184 4399 4185
f 4185 4401 4187
f 4185 4187 4186
f 4185 4399 4398
f 4185 4398 4402
f 4185 4402 4401
f 4187 4403 4192
f 4187 4192 4191
f 4187 4401 4404
f 4187 4404 4405
f 4187 4405 4403
f 4188 4193 4406
f 4188 4406 4211
f 4188 4211 4189
f 4189 4194 4190
f 4192 4403 4193
f 4193 4403 4407
f 4193 4407 4406
f 4195 4206 4408
f 4195 4408 4409
f 4195 4409 4410
f 4195 4410 4411
f 4195 4411 4196
f 4196 4411 4198
f 4197 4198 4411
f 4197 4411 4412
f 4197 4412 4413
f 4197 4413 4199
f 4199 4413 4200
f 4200 4414 4201
f 4200 4413 4414
f 4201 4414 4415
f 4201 4415 4202
f 4202 4415 4204
f 4204 4416 4205
f 4204 4415 4414
f 4204 4414 4417
f 4204 4417 4416
f 4205 4416 4418
f 4205 4418 4419
f 4205 4419 4420
f 4205 4420 4207
f 4206 4421 4422
f 4206 4422 4408
f 4206 4233 4421
f 4207 4420 4208
f 4208 4420 4423
f 4208 4423 4209
f 4209 4423 4424
f 4209 4424 4425
f 4209 4425 4246
f 4210 4211 4426
f 4210 4426 4427
f 4210 4427 4428
f 4210 4428 4212
f 4211 4429 4430
f 4211 4430 4426
f 4211 4406 4429
f 4212 4428 4431
f 4212 4431 4213
f 4213 4431 4432
f 4213 4432 4433
f 4213 4433 4434
f 4213 4434 4214
f 4214 4434 4435
f 4214 4435 4217
f 4214 4217 4215
f 4217 4435 4220
f 4217 4220 4219
f 4217 4219 4218
f 4220 4435 4436
f 4220 4436 4437
f 4220 4437 4222
f 4222 4437 4438
f 4222 4438 4439
f 4222 4439 4223
f 4223 4439 4440
f 4223 4440 4441
f 4223 4441 4224
f 4224 4441 4225
f 4225 4441 4442
f 4225 4442 4443
f 4225 4443 4226
f 4226 4443 4444
f 4226 4444 4227
f 4227 4444 4445
f 4227 4445 4231
f 4227 4231 4228
f 4231 4445 4232
f 4232 4445 4446
f 4232 4446 4233
f 4233 4447 4421
f 4233 4446 4448
f 4233 4448 4449
f 4233 4449 4447
f 4234 4272 4235
f 4235 4272 4236
f 4236 4272 4271
f 4236 4271 4450
f 4236 4450 4451
f 4236 4451 4237
f 4237 4451 4452
f 4237 4452 4453
f 4237 4453 4454
f 4237 4454 4238
f 4238 4454 4239
f 4239 4453 4455
f 4239 4455 4240
f 4239 4454 4453
f 4240 4455 4456
f 4240 4456 4241
f 4241 4457 4281
f 4241 4244 4242
f 4241 4456 4457
f 4246 4425 4248
f 4246 4248 4247
f 4248 4425 4419
f 4248 4419 4458
f 4248 4458 4459
f 4248 4459 4460
f 4248 4460 4461
f 4248 4461 4462
f 4248 4462 4252
f 4249 4463 4250
f 4249 4252 4464
f 4249 4464 4463
f 4250 4465 4466
f 4250 4466 4251
f 4250 4463 4464
f 4250 4464 4467
f 4250 4467 4468
f 4250 4468 4465
f 4251 4469 4253
f 4251 4466 4469
f 4252 4470 4464
f 4252 4462 4470
f 4253 4471 4254
f 4253 4469 4471
f 4254 4471 4256
f 4256 4472 4473
f 4256 4473 4474
f 4256 4474 4475
f 4256 4475 4257
f 4256 4471 4476
f 4256 4476 4477
f 4256 4477 4478
f 4256 4478 4472
f 4257 4475 4258
f 4258 4475 4479
f 4258 4479 4480
f 4258 4480 4259
f 4259 4480 4260
f 4260 4480 4481
f 4260 4481 4264
f 4262 4482 4483
f 4262 4483 4484
f 4262 4484 4263
f 4262 4264 4485
f 4262 4485 4482
f 4263 4484 4486
f 4263 4486 4266
f 4264 4481 4487
f 4264 4487 4485
f 4265 4268 4267
f 4265 4266 4488
f 4265 4488 4268
f 4266 4486 4489
f 4266 4489 4490
f 4266 4490 4488
f 4268 4488 4269
f 4269 4488 4491
f 4269 4491 4492
f 4269 4492 4270
f 4270 4492 4450
f 4270 4450 4271
f 4273 4275 4276
f 4275 4281 4493
f 4275 4493 4276
f 4276 4493 4494
f 4276 4494 4495
f 4276 4495 4277
f 4277 4496 4278
f 4277 4495 4496
f 4278 4496 4497
f 4278 4497 4282
f 4281 4457 4494
f 4281 4494 4493
f 4282 4497 4283
f 4283 4498 4285
f 4283 4497 4498
f 4284 4285 4310
f 4285 4498 4499
f 4285 4499 4497
f 4285 4497 4500
f 4285 4500 4501
f 4285 4501 4502
f 4285 4502 4310
f 4286 4308 4503
f 4286 4503 4288
f 4287 4504 4505
f 4287 4505 4506
f 4287 4506 4290
f 4287 4288 4504
f 4288 4503 4504
f 4289 4290 4291
f 4290 4507 4291
f 4290 4506 4505
f 4290 4505 4508
f 4290 4508 4509
f 4290 4509 4510
f 4290 4510 4511
f 4290 4511 4512
f 4290 4512 4513
f 4290 4513 4507
f 4291 4507 4292
f 4292 4507 4513
f 4292 4513 4514
f 4292 4514 4293
f 4293 4514 4515
f 4293 4515 4294
f 4294 4515 4516
f 4294 4516 4295
f 4295 4516 4517
f 4295 4517 4518
f 4295 4518 4296
f 4296 4311 4297
f 4296 4518 4519
f 4296 4519 4520
f 4296 4520 4521
f 4296 4521 4522
f 4296 4522 4311
f 4298 4299 4300
f 4299 4309 4523
f 4299 4523 4300
f 4300 4523 4524
f 4300 4524 4301
f 4301 4524 4307
f 4301 4307 4302
f 4303 4525 4526
f 4303 4526 4304
f 4303 4306 4525
f 4304 4526 4527
f 4304 4527 4308
f 4305 4307 4528
f 4305 4528 4529
f 4305 4529 4530
f 4305 4530 4531
f 4305 4531 4306
f 4306 4531 4532
f 4306 4532 4525
f 4307 4533 4528
f 4307 4524 4523
f 4307 4523 4534
f 4307 4534 4535
f 4307 4535 4533
f 4308 4527 4536
f 4308 4536 4537
f 4308 4537 4538
f 4308 4538 4503
f 4309 4539 4523
f 4309 4310 4540
f 4309 4540 4539
f 4310 4502 4541
f 4310 4541 4542
f 4310 4542 4543
f 4310 4543 4544
f 4310 4544 4540
f 4311 4522 4313
f 4311 4313 4312
f 4313 4522 4545
f 4313 4545 4314
f 4314 4546 4315
f 4314 4545 4546
f 4315 4546 4547
f 4315 4547 4317
f 4315 4317 4316
f 4317 4548 4318
f 4317 4547 4549
f 4317 4549 4550
f 4317 4550 4551
f 4317 4551 4552
f 4317 4552 4553
f 4317 4553 4548
f 4318 4548 4554
f 4318 4554 4320
f 4318 4320 4319
f 4320 4554 4555
f 4320 4555 4323
f 4320 4323 4321
f 4321 4323 4322
f 4323 4555 4556
f 4323 4556 4557
f 4323 4557 4558
f 4323 4558 4559
f 4323 4559 4560
f 4323 4560 4561
f 4323 4561 4325
f 4325 4561 4326
f 4326 4561 4327
f 4327 4561 4562
f 4327 4562 4563
f 4327 4563 4332
f 4328 4333 4564
f 4328 4564 4565
f 4328 4565 4566
f 4328 4566 4330
f 4330 4566 4567
f 4330 4567 4568
f 4330 4568 4338
f 4330 4338 4331
f 4331 4338 4334
f 4332 4563 4569
f 4332 4569 4333
f 4333 4569 4570
f 4333 4570 4564
f 4334 4338 4335
f 4335 4338 4336
f 4336 4338 4337
f 4338 4568 4571
f 4338 4571 4572
f 4338 4572 4573
f 4338 4573 4574
f 4338 4574 4575
f 4338 4575 4339
f 4339 4575 4574
f 4339 4574 4342
f 4341 4365 4576
f 4341 4576 4367
f 4342 4574 4577
f 4342 4577 4344
f 4342 4344 4343
f 4344 4578 4579
f 4344 4579 4580
f 4344 4580 4581
f 4344 4581 4345
f 4344 4577 4578
f 4345 4581 4346
f 4346 4580 4582
f 4346 4582 4347
f 4346 4581 4580
f 4347 4582 4348
f 4348 4583 4349
f 4348 4582 4583
f 4349 4583 4584
f 4349 4584 4351
f 4349 4351 4350
f 4351 4585 4586
f 4351 4586 4354
f 4351 4354 4353
f 4351 4353 4352
f 4351 4584 4583
f 4351 4583 4585
f 4354 4586 4355
f 4355 4586 4587
f 4355 4587 4588
f 4355 4588 4589
f 4355 4589 4357
f 4355 4357 4356
f 4357 4590 4362
f 4357 4362 4591
f 4357 4591 4358
f 4357 4589 4592
f 4357 4592 4593
f 4357 4593 4590
f 4358 4362 4361
f 4358 4361 4359
f 4358 4591 4362
f 4360 4594 4363
f 4360 4362 4594
f 4362 4590 4595
f 4362 4595 4596
f 4362 4596 4597
f 4362 4597 4594
f 4363 4594 4364
f 4364 4594 4596
f 4364 4596 4598
f 4364 4598 4365
f 4365 4598 4599
f 4365 4599 4576
f 4367 4600 4368
f 4367 4576 4600
f 4368 4600 4370
f 4368 4370 4369
f 4370 4600 4576
f 4370 4576 4601
f 4373 4602 4374
f 4373 4374 4375
f 4374 4602 4603
f 4374 4603 4604
f 4374 4604 4382
f 4377 4395 4605
f 4377 4605 4378
f 4378 4605 4606
f 4378 4606 4607
f 4378 4607 4379
f 4379 4608 4609
f 4379 4609 4610
f 4379 4610 4380
f 4379 4607 4611
f 4379 4611 4608
f 4380 4612 4398
f 4380 4398 4400
f 4380 4610 4612
f 4381 4613 4391
f 4381 4382 4614
f 4381 4614 4613
f 4382 4604 4614
f 4383 4615 4385
f 4383 4384 4615
f 4384 4391 4616
f 4384 4616 4617
f 4384 4617 4615
f 4385 4618 4619
f 4385 4619 4620
f 4385 4620 4621
f 4385 4621 4622
f 4385 4622 4623
f 4385 4623 4386
f 4385 4615 4617
f 4385 4617 4624
f 4385 4624 4625
f 4385 4625 4626
f 4385 4626 4627
f 4385 4627 4628
f 4385 4628 4629
f 4385 4629 4618
f 4386 4623 4387
f 4387 4623 4630
f 4387 4630 4388
f 4388 4630 4631
f 4388 4631 4389
f 4389 4631 4632
f 4389 4632 4633
f 4389 4633 4390
f 4390 4633 4634
f 4391 4613 4635
f 4391 4635 4616
f 4392 4634 4636
f 4393 4636 4847
f 4393 4847 4637
f 4394 4637 4638
f 4394 4638 4397
f 4395 4396 4639
f 4395 4639 4640
f 4395 4640 4606
f 4395 4606 4605
f 4396 4397 4639
f 4397 4638 4641
f 4397 4641 4639
f 4398 4612 4642
f 4398 4642 4402
f 4401 4402 4643
f 4401 4643 4404
f 4402 4644 4643
f 4402 4642 4644
f 4403 4405 4645
f 4403 4645 4646
f 4403 4646 4647
f 4403 4647 4407
f 4404 4648 4645
f 4404 4645 4405
f 4404 4643 4648
f 4406 4649 4650
f 4406 4650 4429
f 4406 4407 4649
f 4407 4651 4649
f 4407 4647 4651
f 4408 4652 4409
f 4408 4422 4652
f 4409 4652 4410
f 4410 4652 4653
f 4410 4653 4654
f 4410 4654 4411
f 4411 4654 4412
f 4412 4654 4655
f 4412 4655 4656
f 4412 4656 4657
f 4412 4657 4658
f 4412 4658 4414
f 4412 4414 4413
f 4414 4658 4417
f 4416 4417 4659
f 4416 4659 4458
f 4416 4458 4419
f 4416 4419 4418
f 4417 4658 4659
f 4419 4425 4424
f 4419 4424 4423
f 4419 4423 4420
f 4421 4660 4422
f 4421 4447 4660
f 4422 4660 4652
f 4426 4661 4427
f 4426 4430 4662
f 4426 4662 4661
f 4427 4661 4428
f 4428 4661 4663
f 4428 4663 4431
f 4429 4650 4430
f 4430 4664 4665
f 4430 4665 4662
f 4430 4650 4664
f 4431 4663 4666
f 4431 4666 4667
f 4431 4667 4432
f 4432 4667 4433
f 4433 4667 4668
f 4433 4668 4434
f 4434 4669 4670
f 4434 4670 4671
f 4434 4671 4435
f 4434 4668 4669
f 4435 4671 4672
f 4435 4672 4436
f 4436 4672 4437
f 4437 4672 4671
f 4437 4671 4438
f 4438 4673 4674
f 4438 4674 4439
f 4438 4671 4673
f 4439 4674 4440
f 4440 4675 4441
f 4440 4674 4675
f 4441 4676 4442
f 4441 4675 4677
f 4441 4677 4678
f 4441 4678 4679
f 4441 4679 4676
f 4442 4680 4443
f 4442 4676 4681
f 4442 4681 4682
f 4442 4682 4683
f 4442 4683 4684
f 4442 4684 4680
f 4443 4680 4444
f 4444 4680 4445
f 4445 4685 4686
f 4445 4686 4446
f 4445 4680 4685
f 4446 4686 4448
f 4447 4449 4687
f 4447 4687 4660
f 4448 4686 4685
f 4448 4685 4449
f 4449 4685 4684
f 4449 4684 4688
f 4449 4688 4687
f 4450 4492 4490
f 4450 4490 4451
f 4451 4689 4453
f 4451 4453 4452
f 4451 4490 4489
f 4451 4489 4689
f 4453 4689 4455
f 4455 4690 4691
f 4455 4691 4456
f 4455 4689 4690
f 4456 4691 4692
f 4456 4692 4457
f 4457 4692 4494
f 4458 4659 4657
f 4458 4657 4693
f 4458 4693 4694
f 4458 4694 4459
f 4459 4694 4695
f 4459 4695 4460
f 4460 4696 4461
f 4460 4695 4696
f 4461 4697 4462
f 4461 4696 4698
f 4461 4698 4699
f 4461 4699 4697
f 4462 4697 4700
f 4462 4700 4701
f 4462 4701 4470
f 4464 4470 4701
f 4464 4701 4702
f 4464 4702 4467
f 4465 4469 4466
f 4465 4468 4703
f 4465 4703 4469
f 4467 4702 4704
f 4467 4704 4468
f 4468 4477 4703
f 4468 4704 4477
f 4469 4703 4705
f 4469 4705 4471
f 4471 4705 4477
f 4471 4477 4476
f 4472 4478 4473
f 4473 4478 4706
f 4473 4706 4487
f 4473 4487 4474
f 4474 4487 4481
f 4474 4481 4480
f 4474 4480 4475
f 4475 4480 4479
f 4477 4705 4703
f 4477 4704 4707
f 4477 4707 4708
f 4477 4708 4709
f 4477 4709 4710
f 4477 4710 4711
f 4477 4711 4712
f 4477 4712 4713
f 4477 4713 4706
f 4477 4706 4478
f 4482 4714 4715
f 4482 4715 4483
f 4482 4485 4714
f 4483 4715 4716
f 4483 4716 4717
f 4483 4717 4718
f 4483 4718 4484
f 4484 4718 4719
f 4484 4719 4486
f 4485 4487 4720
f 4485 4720 4721
f 4485 4721 4722
f 4485 4722 4714
f 4486 4719 4723
f 4486 4723 4489
f 4487 4724 4720
f 4487 4706 4724
f 4488 4490 4491
f 4489 4723 4725
f 4489 4725 4726
f 4489 4726 4689
f 4490 4492 4491
f 4494 4727 4728
f 4494 4728 4495
f 4494 4692 4691
f 4494 4691 4690
f 4494 4690 4727
f 4495 4728 4729
f 4495 4729 4730
f 4495 4730 4731
f 4495 4731 4496
f 4496 4731 4732
f 4496 4732 4733
f 4496 4733 4500
f 4496 4500 4497
f 4497 4499 4498
f 4500 4733 4501
f 4501 4733 4541
f 4501 4541 4502
f 4503 4538 4505
f 4503 4505 4504
f 4505 4538 4508
f 4508 4538 4734
f 4508 4734 4735
f 4508 4735 4509
f 4509 4735 4510
f 4510 4735 4736
f 4510 4736 4737
f 4510 4737 4738
f 4510 4738 4739
f 4510 4739 4511
f 4511 4739 4740
f 4511 4740 4741
f 4511 4741 4512
f 4512 4742 4514
f 4512 4514 4513
f 4512 4741 4742
f 4514 4742 4515
f 4515 4742 4741
f 4515 4741 4743
f 4515 4743 4516
f 4516 4743 4744
f 4516 4744 4517
f 4517 4744 4519
f 4517 4519 4518
f 4519 4745 4746
f 4519 4746 4747
f 4519 4747 4520
f 4519 4744 4745
f 4520 4747 4521
f 4521 4747 4748
f 4521 4748 4749
f 4521 4749 4545
f 4521 4545 4522
f 4523 4539 4750
f 4523 4750 4751
f 4523 4751 4534
f 4525 4752 4753
f 4525 4753 4526
f 4525 4532 4531
f 4525 4531 4752
f 4526 4753 4527
f 4527 4753 4536
f 4528 4754 4755
f 4528 4755 4529
f 4528 4533 4754
f 4529 4755 4530
f 4530 4755 4756
f 4530 4756 4757
f 4530 4757 4531
f 4531 4758 4752
f 4531 4757 4759
f 4531 4759 4758
f 4533 4535 4760
f 4533 4760 4754
f 4534 4761 4763
f 4534 4763 4535
f 4534 4751 4762
f 4534 4762 4761
f 4535 4763 4760
f 4536 4753 4764
f 4536 4764 4765
f 4536 4765 4538
f 4536 4538 4537
f 4538 4765 4734
f 4539 4540 4766
f 4539 4766 4767
f 4539 4767 4750
f 4540 4544 4768
f 4540 4768 4766
f 4541 4769 4542
f 4541 4733 4732
f 4541 4732 4730
f 4541 4730 4769
f 4542 4770 4771
f 4542 4771 4543
f 4542 4769 4772
f 4542 4772 4773
f 4542 4773 4774
f 4542 4774 4775
f 4542 4775 4770
f 4543 4771 4776
f 4543 4776 4544
f 4544 4776 4768
f 4545 4749 4953
f 4545 4953 4777
f 4545 4777 4778
f 4545 4778 4546
f 4546 4778 4550
f 4546 4550 4549
f 4546 4549 4547
f 4548 4553 4554
f 4550 4778 4777
f 4550 4777 4779
f 4550 4779 4551
f 4551 4779 4552
f 4552 4779 4780
f 4552 4780 4781
f 4552 4781 4782
f 4552 4782 4783
f 4552 4783 4784
f 4552 4784 4553
f 4553 4784 4785
f 4553 4785 4786
f 4553 4786 4554
f 4554 4786 4556
f 4554 4556 4555
f 4556 4786 4557
f 4557 4786 4785
f 4557 4785 4787
f 4557 4787 4788
f 4557 4788 4559
f 4557 4559 4558
f 4559 4788 4560
f 4560 4788 4561
f 4561 4788 4789
f 4561 4789 4562
f 4562 4789 4790
f 4562 4790 4563
f 4563 4790 4791
f 4563 4791 4569
f 4564 4570 4565
f 4565 4570 4792
f 4565 4792 4793
f 4565 4793 4794
f 4565 4794 4567
f 4565 4567 4566
f 4567 4794 4568
f 4568 4794 4572
f 4568 4572 4571
f 4569 4791 4792
f 4569 4792 4570
f 4572 4795 4573
f 4572 4794 4795
f 4573 4796 4574
f 4573 4795 4796
f 4574 4796 4577
f 4576 4599 4601
f 4577 4797 4578
f 4577 4796 4797
f 4578 4798 4800
f 4578 4800 4579
f 4578 4797 4799
f 4578 4799 4798
f 4579 4800 4580
f 4580 4801 4802
f 4580 4802 4582
f 4580 4800 4801
f 4582 4802 4583
f 4583 4802 4803
f 4583 4803 4804
f 4583 4804 4805
f 4583 4805 4806
f 4583 4806 4585
f 4585 4806 4807
f 4585 4807 4586
f 4586 4808 4809
f 4586 4809 4810
f 4586 4810 4587
f 4586 4807 4808
f 4587 4810 4588
f 4588 4810 4811
f 4588 4811 5025
f 4588 5025 4812
f 4588 4812 4589
f 4589 4812 4592
f 4590 4593 4813
f 4590 4813 4814
f 4590 4814 4815
f 4590 4815 4596
f 4590 4596 4595
f 4592 4812 4816
f 4592 4816 4593
f 4593 4816 4817
f 4593 4817 4818
f 4593 4818 4813
f 4594 4597 4596
f 4596 4815 5029
f 4596 5029 4819
f 4596 4819 4598
f 4598 4819 4820
f 4598 4820 4599
f 4606 4821 4611
f 4606 4611 4607
f 4606 4640 4821
f 4608 4822 4823
f 4608 4823 4609
f 4608 4611 4822
f 4609 4824 4825
f 4609 4825 4610
f 4609 4823 4826
f 4609 4826 4824
f 4610 4825 4827
f 4610 4827 4828
f 4610 4828 4612
f 4611 4821 4829
f 4611 4829 4830
f 4611 4830 4822
f 4612 4828 4642
f 4613 4614 4831
f 4613 4831 4832
f 4613 4832 4635
f 4616 4635 4624
f 4616 4624 4617
f 4618 4833 4834
f 4618 4834 4619
f 4618 4629 4833
f 4619 4834 4620
f 4620 4835 4621
f 4620 4834 4835
f 4621 4835 4836
f 4621 4836 4622
f 4622 4837 4838
f 4622 4838 4839
f 4622 4839 4623
f 4622 4836 4837
f 4623 4839 4840
f 4623 4840 4841
f 4623 4841 4630
f 4624 4626 4625
f 4629 4842 4833
f 4630 4841 4631
f 4631 4841 4632
f 4632 4843 4633
f 4632 4841 4840
f 4632 4840 4844
f 4632 4844 4843
f 4633 4845 4846
f 4633 4846 4636
f 4633 4636 4634
f 4633 4843 4845
f 4636 4846 4847
f 4637 4847 4638
f 4638 4847 4848
f 4638 4848 4849
f 4638 4849 4850
f 4638 4850 4851
f 4638 4851 4639
f 4638 4639 4641
f 4639 4851 4640
f 4640 4851 4821
f 4642 4852 4853
f 4642 4853 4854
f 4642 4854 4644
f 4642 4828 4852
f 4643 4644 4646
f 4643 4646 4648
f 4644 4854 4853
f 4644 4853 4855
f 4644 4855 4856
f 4644 4856 4857
f 4644 4857 4858
f 4644 4858 4646
f 4645 4648 4646
f 4646 4858 4647
f 4647 4858 4859
f 4647 4859 4860
f 4647 4860 4861
f 4647 4861 4862
f 4647 4862 4651
f 4649 4863 4650
f 4649 4651 4862
f 4649 4862 4863
f 4650 4863 4664
f 4652 4864 4653
f 4652 4660 4864
f 4653 4865 4866
f 4653 4866 4655
f 4653 4655 4654
f 4653 4864 4865
f 4655 4866 4865
f 4655 4865 4867
f 4655 4867 4868
f 4655 4868 4869
f 4655 4869 4656
f 4656 4869 4870
f 4656 4870 4657
f 4657 4870 4693
f 4657 4659 4658
f 4660 4687 4871
f 4660 4871 4864
f 4661 4662 4665
f 4661 4665 4664
f 4661 4664 4663
f 4663 4664 4872
f 4663 4872 4667
f 4663 4667 4666
f 4664 4873 4874
f 4664 4874 4875
f 4664 4875 4872
f 4664 4863 4876
f 4664 4876 4873
f 4667 4877 4878
f 4667 4878 4668
f 4667 4872 4877
f 4668 4878 4669
f 4669 4879 4880
f 4669 4880 4670
f 4669 4878 4879
f 4670 4880 4881
f 4670 4881 4673
f 4670 4673 4671
f 4673 4881 4677
f 4673 4677 4674
f 4674 4677 4675
f 4676 4679 4681
f 4677 4881 4678
f 4678 4881 4882
f 4678 4882 4679
f 4679 4883 4681
f 4679 4882 4884
f 4679 4884 4885
f 4679 4885 4883
f 4680 4684 4685
f 4681 4883 4886
f 4681 4886 4887
f 4681 4887 4888
f 4681 4888 4889
f 4681 4889 4682
f 4682 4889 4890
f 4682 4890 4891
f 4682 4891 4683
f 4683 4891 4892
f 4683 4892 4893
f 4683 4893 4688
f 4683 4688 4684
f 4687 4688 4893
f 4687 4893 4871
f 4689 4726 4894
f 4689 4894 4690
f 4690 4894 4727
f 4693 4895 4896
f 4693 4896 4897
f 4693 4897 4898
f 4693 4898 4695
f 4693 4695 4694
f 4693 4870 4899
f 4693 4899 4895
f 4695 4898 4897
f 4695 4897 4900
f 4695 4900 4901
f 4695 4901 4698
f 4695 4698 4696
f 4697 4699 4902
f 4697 4902 4702
f 4697 4702 4700
f 4698 4901 4903
f 4698 4903 4699
f 4699 4903 4904
f 4699 4904 4905
f 4699 4905 4906
f 4699 4906 4902
f 4700 4702 4701
f 4702 4907 4704
f 4702 4902 4907
f 4704 4907 4708
f 4704 4708 4707
f 4706 4713 4908
f 4706 4908 4909
f 4706 4909 4910
f 4706 4910 4724
f 4708 4907 4911
f 4708 4911 4912
f 4708 4912 4710
f 4708 4710 4709
f 4710 4912 4911
f 4710 4911 4913
f 4710 4913 4914
f 4710 4914 4711
f 4711 4914 4915
f 4711 4915 4916
f 4711 4916 4917
f 4711 4917 4712
f 4712 4908 4713
f 4712 4917 4909
f 4712 4909 4908
f 4714 4722 4716
f 4714 4716 4715
f 4716 4722 4918
f 4716 4918 4919
f 4716 4919 4920
f 4716 4920 4717
f 4717 4920 4718
f 4718 4920 4719
f 4719 4920 4921
f 4719 4921 4723
f 4720 4922 4923
f 4720 4923 4924
f 4720 4924 4925
f 4720 4925 4926
f 4720 4926 4721
f 4720 4724 4922
f 4721 4926 4918
f 4721 4918 4722
f 4723 4921 4927
f 4723 4927 4725
f 4724 4910 4922
f 4725 4927 4726
f 4726 4927 4928
f 4726 4928 4929
f 4726 4929 4930
f 4726 4930 4894
f 4727 4894 4728
f 4728 4931 4772
f 4728 4772 4932
f 4728 4932 4729
f 4728 4894 4931
f 4729 4932 4730
f 4730 4932 4769
f 4730 4732 4731
f 4734 4933 4735
f 4734 4765 4934
f 4734 4934 4933
f 4735 4933 4935
f 4735 4935 4936
f 4735 4936 4937
f 4735 4937 4736
f 4736 4938 4939
f 4736 4939 4737
f 4736 4937 4936
f 4736 4936 4938
f 4737 4939 4940
f 4737 4940 4738
f 4738 4940 4941
f 4738 4941 4942
f 4738 4942 4739
f 4739 4942 4943
f 4739 4943 4944
f 4739 4944 4740
f 4740 4944 4741
f 4741 4944 4945
f 4741 4945 4744
f 4741 4744 4743
f 4744 4945 4745
f 4745 4946 4947
f 4745 4947 4948
f 4745 4948 4949
f 4745 4949 4950
f 4745 4950 4746
f 4745 4945 4951
f 4745 4951 4946
f 4746 4952 4747
f 4746 4950 4780
f 4746 4780 4779
f 4746 4779 4952
f 4747 4952 4748
f 4748 4952 4749
f 4749 4952 4953
f 4750 4767 4954
f 4750 4954 4955
f 4750 4955 4751
f 4751 4955 4956
f 4751 4956 4762
f 4752 4758 4934
f 4752 4934 4764
f 4752 4764 4753
f 4754 4756 4755
f 4754 4760 4756
f 4756 4760 4957
f 4756 4957 4958
f 4756 4958 4959
f 4756 4959 4757
f 4757 4960 4759
f 4757 4959 4960
f 4758 4961 4962
f 4758 4962 4963
f 4758 4963 4964
f 4758 4964 4934
f 4758 4759 4960
f 4758 4960 4965
f 4758 4965 4961
f 4760 4763 4966
f 4760 4966 4957
f 4761 4967 4968
f 4761 4968 4969
f 4761 4969 4763
f 4761 4762 4970
f 4761 4970 4971
f 4761 4971 4967
f 4762 4956 4955
f 4762 4955 4972
f 4762 4972 4973
f 4762 4973 4970
f 4763 4969 4966
f 4764 4934 4765
f 4766 4768 4767
f 4767 4768 4974
f 4767 4974 4954
f 4768 4776 4974
f 4769 4932 4772
f 4770 4975 4976
f 4770 4976 4977
f 4770 4977 4771
f 4770 4775 4978
f 4770 4978 4975
f 4771 4977 4776
f 4772 4931 4979
f 4772 4979 4773
f 4773 4979 4980
f 4773 4980 4774
f 4774 4980 4981
f 4774 4981 4982
f 4774 4982 4775
f 4775 4982 4983
f 4775 4983 4978
f 4776 4977 4984
f 4776 4984 4974
f 4777 4953 4779
f 4779 4953 4952
f 4780 4950 4985
f 4780 4985 4986
f 4780 4986 4781
f 4781 4986 4782
f 4782 4987 4988
f 4782 4988 4783
f 4782 4986 4989
f 4782 4989 4987
f 4783 4990 4784
f 4783 4988 4991
f 4783 4991 4990
f 4784 4992 4993
f 4784 4993 4785
f 4784 4990 4992
f 4785 4994 4787
f 4785 4993 4995
f 4785 4995 4996
f 4785 4996 4997
f 4785 4997 4994
f 4787 4994 4998
f 4787 4998 4788
f 4788 4998 4789
f 4789 4998 4790
f 4790 4999 5209
f 4790 5209 5000
f 4790 5000 4791
f 4790 4998 4999
f 4791 5000 4793
f 4791 4793 4792
f 4793 5001 5002
f 4793 5002 5003
f 4793 5003 4794
f 4793 5000 5001
f 4794 5003 4795
f 4795 5003 4796
f 4796 5003 5004
f 4796 5004 4797
f 4797 5004 4799
f 4798 4799 5005
f 4798 5005 5006
f 4798 5006 5007
f 4798 5007 4800
f 4799 5008 5009
f 4799 5009 5005
f 4799 5004 5003
f 4799 5003 5001
f 4799 5001 5010
f 4799 5010 5011
f 4799 5011 5008
f 4800 5007 5012
f 4800 5012 5013
f 4800 5013 4803
f 4800 4803 4801
f 4801 4803 4802
f 4803 5013 5219
f 4803 5219 5014
f 4803 5014 5015
f 4803 5015 4804
f 4804 5015 4805
f 4805 5015 5016
f 4805 5016 5017
f 4805 5017 4806
f 4806 5017 4807
f 4807 5018 4809
f 4807 4809 4808
f 4807 5017 5018
f 4809 5018 5019
f 4809 5019 5020
f 4809 5020 5021
f 4809 5021 4811
f 4809 4811 4810
f 4811 5021 5022
f 4811 5022 5023
f 4811 5023 5024
f 4811 5024 5025
f 4812 5025 5024
f 4812 5024 5026
f 4812 5026 5027
f 4812 5027 4816
f 4813 4818 5031
f 4813 5031 5028
f 4813 5028 4814
f 4814 5028 5029
f 4814 5029 4815
f 4816 5027 4817
f 4817 5027 5030
f 4817 5030 4818
f 4818 5030 5026
f 4818 5026 5024
f 4818 5024 5023
f 4818 5023 5022
f 4818 5022 5229
f 4818 5229 5228
f 4818 5228 5227
f 4818 5227 5225
f 4818 5225 5426
f 4818 5426 5615
f 4818 5615 5790
f 4818 5790 5611
f 4818 5611 5792
f 4818 5792 5974
f 4818 5974 6139
f 4818 6139 6138
f 4818 6138 6140
f 4818 6140 6270
f 4818 6270 6268
f 4818 6268 6267
f 4818 6267 6274
f 4818 6274 6385
f 4818 6385 6476
f 4818 6476 6539
f 4818 6539 6538
f 4818 6538 6537
f 4818 6537 6536
f 4818 6536 6535
f 4818 6535 6534
f 4818 6534 6533
f 4818 6533 6532
f 4818 6532 6467
f 4818 6467 6370
f 4818 6370 6364
f 4818 6364 6234
f 4818 6234 6082
f 4818 6082 6080
f 4818 6080 5908
f 4818 5908 5907
f 4818 5907 5906
f 4818 5906 5721
f 4818 5721 5720
f 4818 5720 5905
f 4818 5905 5904
f 4818 5904 5903
f 4818 5903 5714
f 4818 5714 5713
f 4818 5713 5538
f 4818 5538 5537
f 4818 5537 5536
f 4818 5536 5541
f 4818 5541 5717
f 4818 5717 5742
f 4818 5742 5748
f 4818 5748 5747
f 4818 5747 5746
f 4818 5746 5925
f 4818 5925 6089
f 4818 6089 6088
f 4818 6088 6087
f 4818 6087 5924
f 4818 5924 5920
f 4818 5920 5918
f 4818 5918 5917
f 4818 5917 5923
f 4818 5923 6090
f 4818 6090 6092
f 4818 6092 6091
f 4818 6091 6102
f 4818 6102 6105
f 4818 6105 6104
f 4818 6104 6242
f 4818 6242 6247
f 4818 6247 6246
f 4818 6246 6369
f 4818 6369 6368
f 4818 6368 6466
f 4818 6466 6366
f 4818 6366 6465
f 4818 6465 6363
f 4818 6363 6362
f 4818 6362 6361
f 4818 6361 6360
f 4818 6360 6359
f 4818 6359 6358
f 4818 6358 6357
f 4818 6357 6356
f 4818 6356 6464
f 4818 6464 6463
f 4818 6463 6462
f 4818 6462 6461
f 4818 6461 6460
f 4818 6460 6459
f 4818 6459 6531
f 4818 6531 6457
f 4818 6457 6454
f 4818 6454 6339
f 4818 6339 6453
f 4818 6453 6450
f 4818 6450 6449
f 4818 6449 6451
f 4818 6451 6530
f 4818 6530 6529
f 4818 6529 6528
f 4818 6528 6527
f 4818 6527 6526
f 4818 6526 6525
f 4818 6525 6552
f 4818 6552 6551
f 4818 6551 6553
f 4818 6553 6581
f 4818 6581 6582
f 4818 6582 6573
f 4818 6573 6572
f 4818 6572 6571
f 4818 6571 6583
f 4818 6583 6560
f 4818 6560 6503
f 4818 6503 6502
f 4818 6502 6501
f 4818 6501 6500
f 4818 6500 6499
f 4818 6499 6498
f 4818 6498 6497
f 4818 6497 6559
f 4818 6559 6558
f 4818 6558 6557
f 4818 6557 6556
f 4818 6556 6555
f 4818 6555 6554
f 4818 6554 6569
f 4818 6569 6512
f 4818 6512 6511
f 4818 6511 6568
f 4818 6568 6567
f 4818 6567 6566
f 4818 6566 6565
f 4818 6565 6580
f 4818 6580 6579
f 4818 6579 6578
f 4818 6578 6577
f 4818 6577 6575
f 4818 6575 6542
f 4818 6542 6541
f 4818 6541 6540
f 4818 6540 6477
f 4818 6477 6392
f 4818 6392 6390
f 4818 6390 6389
f 4818 6389 6388
f 4818 6388 6387
f 4818 6387 6386
f 4818 6386 6278
f 4818 6278 6277
f 4818 6277 6276
f 4818 6276 6275
f 4818 6275 6144
f 4818 6144 5988
f 4818 5988 5810
f 4818 5810 5809
f 4818 5809 5808
f 4818 5808 5987
f 4818 5987 5806
f 4818 5806 5803
f 4818 5803 5986
f 4818 5986 5985
f 4818 5985 5984
f 4818 5984 5982
f 4818 5982 6143
f 4818 6143 6142
f 4818 6142 6141
f 4818 6141 5977
f 4818 5977 5976
f 4818 5976 5979
f 4818 5979 5975
f 4818 5975 5793
f 4818 5793 5616
f 4818 5616 5431
f 4818 5431 5430
f 4818 5430 5429
f 4818 5429 5235
f 4818 5235 5428
f 4818 5428 5427
f 4818 5427 5231
f 4818 5231 5031
f 4819 5029 5032
f 4819 5032 5033
f 4819 5033 5034
f 4819 5034 5035
f 4819 5035 4820
f 4821 4851 5036
f 4821 5036 4829
f 4822 4826 4823
f 4822 4830 5037
f 4822 5037 4826
f 4824 4826 5038
f 4824 5038 5039
f 4824 5039 4825
f 4825 5039 4853
f 4825 4853 5040
f 4825 5040 4827
f 4826 5037 5041
f 4826 5041 5042
f 4826 5042 5038
f 4827 5040 4852
f 4827 4852 4828
f 4829 5036 5043
f 4829 5043 5044
f 4829 5044 5041
f 4829 5041 5037
f 4829 5037 4830
f 4833 5045 4834
f 4833 4842 5046
f 4833 5046 5245
f 4833 5245 5045
f 4834 5045 5047
f 4834 5047 5048
f 4834 5048 4835
f 4835 5049 4836
f 4835 5048 5049
f 4836 5049 5050
f 4836 5050 5051
f 4836 5051 4837
f 4837 5051 5052
f 4837 5052 5053
f 4837 5053 5054
f 4837 5054 5055
f 4837 5055 4838
f 4838 5055 5056
f 4838 5056 5057
f 4838 5057 4839
f 4839 5057 5058
f 4839 5058 4844
f 4839 4844 4840
f 4843 4844 5059
f 4843 5059 4845
f 4844 5058 5060
f 4844 5060 5059
f 4845 5059 5060
f 4845 5060 5061
f 4845 5061 5062
f 4845 5062 4846
f 4846 5062 4847
f 4847 5062 4848
f 4848 5063 4849
f 4848 5062 5064
f 4848 5064 5063
f 4849 5065 5066
f 4849 5066 5067
f 4849 5067 5068
f 4849 5068 4850
f 4849 5063 5065
f 4850 5068 4851
f 4851 5068 5036
f 4852 5040 4853
f 4853 5039 5069
f 4853 5069 5070
f 4853 5070 4856
f 4853 4856 4855
f 4856 5070 5071
f 4856 5071 4857
f 4857 5071 5072
f 4857 5072 4860
f 4857 4860 4859
f 4857 4859 4858
f 4860 5072 4861
f 4861 5072 4862
f 4862 5072 5073
f 4862 5073 4863
f 4863 5073 5074
f 4863 5074 4876
f 4864 4871 5075
f 4864 5075 4865
f 4865 5075 5076
f 4865 5076 5077
f 4865 5077 4867
f 4867 5077 4868
f 4868 5077 5078
f 4868 5078 5079
f 4868 5079 4869
f 4869 5079 5080
f 4869 5080 5081
f 4869 5081 5082
f 4869 5082 4870
f 4870 5082 4899
f 4871 4893 4892
f 4871 4892 5075
f 4872 4875 5083
f 4872 5083 4877
f 4873 4876 5084
f 4873 5084 4874
f 4874 5084 5085
f 4874 5085 5086
f 4874 5086 5087
f 4874 5087 4875
f 4875 5087 5285
f 4875 5285 5083
f 4876 5074 5088
f 4876 5088 5089
f 4876 5089 5084
f 4877 5090 5091
f 4877 5091 5092
f 4877 5092 5093
f 4877 5093 4878
f 4877 5083 5090
f 4878 5093 5094
f 4878 5094 4879
f 4879 5095 5096
f 4879 5096 4880
f 4879 5094 5093
f 4879 5093 5298
f 4879 5298 5095
f 4880 5096 4881
f 4881 5096 4882
f 4882 5096 5097
f 4882 5097 5098
f 4882 5098 4884
f 4883 4885 4886
f 4884 5099 5100
f 4884 5100 4885
f 4884 5098 5101
f 4884 5101 5099
f 4885 5102 5103
f 4885 5103 4887
f 4885 4887 4886
f 4885 5100 5102
f 4887 5103 5104
f 4887 5104 4888
f 4888 5104 4889
f 4889 5104 5105
f 4889 5105 5106
f 4889 5106 5107
f 4889 5107 4890
f 4890 5107 4891
f 4891 5107 4892
f 4892 5108 5109
f 4892 5109 5075
f 4892 5107 5108
f 4894 4930 5110
f 4894 5110 4979
f 4894 4979 4931
f 4895 4899 5082
f 4895 5082 5111
f 4895 5111 4901
f 4895 4901 4896
f 4896 4901 4897
f 4897 4901 4900
f 4901 5111 4903
f 4902 5112 4907
f 4902 4906 4905
f 4902 4905 5113
f 4902 5113 5118
f 4902 5118 5112
f 4903 5114 4904
f 4903 5111 5115
f 4903 5115 5116
f 4903 5116 5114
f 4904 5114 4905
f 4905 5114 5117
f 4905 5117 5118
f 4905 5118 5113
f 4907 5112 5313
f 4907 5313 5119
f 4907 5119 5120
f 4907 5120 4911
f 4909 4917 5121
f 4909 5121 4922
f 4909 4922 4910
f 4911 5120 4913
f 4913 5122 4914
f 4913 5120 4915
f 4913 4915 5122
f 4914 5122 4915
f 4915 5120 5123
f 4915 5123 5124
f 4915 5124 4916
f 4916 5124 5125
f 4916 5125 5126
f 4916 5126 5127
f 4916 5127 4917
f 4917 5127 5121
f 4918 4926 5128
f 4918 5128 5129
f 4918 5129 4919
f 4919 5129 5130
f 4919 5130 4920
f 4920 5130 5131
f 4920 5131 4921
f 4921 5131 5132
f 4921 5132 4927
f 4922 5121 4923
f 4923 5121 4924
f 4924 5133 4926
f 4924 4926 4925
f 4924 5121 5127
f 4924 5127 5134
f 4924 5134 5133
f 4926 5133 5135
f 4926 5135 5128
f 4927 5132 5136
f 4927 5136 4929
f 4927 4929 4928
f 4929 5136 5137
f 4929 5137 4980
f 4929 4980 5110
f 4929 5110 4930
f 4933 5138 4935
f 4933 4934 5139
f 4933 5139 5138
f 4934 4964 5140
f 4934 5140 5141
f 4934 5141 5142
f 4934 5142 5139
f 4935 5143 5144
f 4935 5144 4936
f 4935 5138 5143
f 4936 5144 5145
f 4936 5145 5146
f 4936 5146 5147
f 4936 5147 5148
f 4936 5148 4938
f 4938 5148 5149
f 4938 5149 4939
f 4939 5149 5150
f 4939 5150 5151
f 4939 5151 5152
f 4939 5152 4940
f 4940 5152 5153
f 4940 5153 4941
f 4941 5153 4942
f 4942 5153 5154
f 4942 5154 4943
f 4943 5154 5155
f 4943 5155 4944
f 4944 5155 4951
f 4944 4951 4945
f 4946 4951 4947
f 4947 5156 5157
f 4947 5157 5158
f 4947 5158 4948
f 4947 4951 5156
f 4948 5158 5159
f 4948 5159 4949
f 4949 5159 5160
f 4949 5160 5161
f 4949 5161 4985
f 4949 4985 4950
f 4951 5155 5162
f 4951 5162 5163
f 4951 5163 5156
f 4954 4974 4984
f 4954 4984 4955
f 4955 4984 5164
f 4955 5164 4972
f 4957 4966 4958
f 4958 4966 5165
f 4958 5165 5166
f 4958 5166 4959
f 4959 5167 4960
f 4959 5166 5168
f 4959 5168 5167
f 4960 5169 4965
f 4960 5167 5169
f 4961 5170 5171
f 4961 5171 4962
f 4961 4965 5169
f 4961 5169 5170
f 4962 5171 5172
f 4962 5172 5173
f 4962 5173 4964
f 4962 4964 4963
f 4964 5173 5140
f 4966 4969 5165
f 4967 4971 5174
f 4967 5174 5175
f 4967 5175 5176
f 4967 5176 5177
f 4967 5177 5168
f 4967 5168 5178
f 4967 5178 4968
f 4968 5178 5165
f 4968 5165 4969
f 4970 4973 4971
f 4971 4973 5179
f 4971 5179 5174
f 4972 5164 5370
f 4972 5370 5180
f 4972 5180 4973
f 4973 5181 5182
f 4973 5182 5183
f 4973 5183 5179
f 4973 5180 5181
f 4975 5184 4976
f 4975 4978 5185
f 4975 5185 5186
f 4975 5186 5184
f 4976 5187 5188
f 4976 5188 5189
f 4976 5189 4984
f 4976 4984 4977
f 4976 5184 5187
f 4978 4983 5190
f 4978 5190 5195
f 4978 5195 5185
f 4979 5110 4980
f 4980 5137 4981
f 4981 5137 5191
f 4981 5191 5192
f 4981 5192 5193
f 4981 5193 4982
f 4982 5193 5194
f 4982 5194 5195
f 4982 5195 5190
f 4982 5190 4983
f 4984 5189 5164
f 4985 5161 5196
f 4985 5196 4986
f 4986 5196 5197
f 4986 5197 4987
f 4986 4987 4989
f 4987 5197 5198
f 4987 5198 4988
f 4988 5199 5200
f 4988 5200 4991
f 4988 5198 5199
f 4990 4991 5201
f 4990 5201 5202
f 4990 5202 4992
f 4991 5200 5201
f 4992 5202 5203
f 4992 5203 4995
f 4992 4995 4993
f 4994 4997 4999
f 4994 4999 4998
f 4995 5203 5204
f 4995 5204 5205
f 4995 5205 4996
f 4996 5205 5206
f 4996 5206 4997
f 4997 5206 5207
f 4997 5207 5208
f 4997 5208 5209
f 4997 5209 4999
f 5000 5209 5001
f 5001 5209 5010
f 5001 5003 5002
f 5005 5009 5006
f 5006 5210 5211
f 5006 5211 5212
f 5006 5212 5007
f 5006 5009 5213
f 5006 5213 5210
f 5007 5212 5012
f 5008 5011 5214
f 5008 5214 5009
f 5009 5215 5213
f 5009 5214 5215
f 5010 5209 5208
f 5010 5208 5216
f 5010 5216 5011
f 5011 5216 5208
f 5011 5208 5217
f 5011 5217 5214
f 5012 5218 5219
f 5012 5219 5013
f 5012 5212 5211
f 5012 5211 5218
f 5014 5219 5220
f 5014 5220 5221
f 5014 5221 5015
f 5015 5221 5222
f 5015 5222 5016
f 5016 5222 5017
f 5017 5223 5224
f 5017 5224 5018
f 5017 5222 5223
f 5018 5224 5019
f 5019 5224 5225
f 5019 5225 5226
f 5019 5226 5021
f 5019 5021 5020
f 5021 5226 5227
f 5021 5227 5228
f 5021 5228 5229
f 5021 5229 5022
f 5026 5030 5027
f 5028 5031 5231
f 5028 5231 5230
f 5028 5230 5032
f 5028 5032 5029
f 5032 5230 5232
f 5032 5232 5233
f 5032 5233 5033
f 5033 5233 5235
f 5033 5235 5234
f 5036 5068 5067
f 5036 5067 5236
f 5036 5236 5066
f 5036 5066 5237
f 5036 5237 5043
f 5038 5042 5238
f 5038 5238 5239
f 5038 5239 5039
f 5039 5239 5240
f 5039 5240 5241
f 5039 5241 5069
f 5041 5044 5042
f 5042 5044 5043
f 5042 5043 5242
f 5042 5242 5243
f 5042 5243 5238
f 5043 5237 5242
f 5045 5244 5047
f 5045 5245 5244
f 5047 5246 5247
f 5047 5247 5048
f 5047 5244 5248
f 5047 5248 5246
f 5048 5247 5050
f 5048 5050 5049
f 5050 5249 5051
f 5050 5247 5249
f 5051 5250 5052
f 5051 5249 5251
f 5051 5251 5250
f 5052 5250 5251
f 5052 5251 5053
f 5053 5251 5054
f 5054 5252 5055
f 5054 5251 5253
f 5054 5253 5254
f 5054 5254 5255
f 5054 5255 5256
f 5054 5256 5257
f 5054 5257 5252
f 5055 5252 5258
f 5055 5258 5259
f 5055 5259 5056
f 5056 5260 5057
f 5056 5259 5261
f 5056 5261 5262
f 5056 5262 5263
f 5056 5263 5264
f 5056 5264 5265
f 5056 5265 5266
f 5056 5266 5260
f 5057 5260 5058
f 5058 5260 5060
f 5060 5260 5266
f 5060 5266 5267
f 5060 5267 5268
f 5060 5268 5061
f 5061 5268 5062
f 5062 5269 5064
f 5062 5268 5269
f 5063 5064 5270
f 5063 5270 5271
f 5063 5271 5065
f 5064 5269 5270
f 5065 5271 5272
f 5065 5272 5066
f 5066 5272 5273
f 5066 5273 5237
f 5066 5236 5067
f 5069 5241 5070
f 5070 5274 5071
f 5070 5241 5240
f 5070 5240 5275
f 5070 5275 5274
f 5071 5274 5276
f 5071 5276 5072
f 5072 5088 5073
f 5072 5276 5088
f 5073 5088 5074
f 5075 5109 5076
f 5076 5277 5077
f 5076 5109 5277
f 5077 5277 5078
f 5078 5277 5278
f 5078 5278 5279
f 5078 5279 5280
f 5078 5280 5080
f 5078 5080 5281
f 5078 5281 5079
f 5079 5281 5080
f 5080 5280 5282
f 5080 5282 5115
f 5080 5115 5283
f 5080 5283 5082
f 5080 5082 5081
f 5082 5283 5115
f 5082 5115 5111
f 5083 5284 5090
f 5083 5285 5284
f 5084 5089 5286
f 5084 5286 5085
f 5085 5287 5087
f 5085 5087 5086
f 5085 5286 5288
f 5085 5288 5287
f 5087 5287 5289
f 5087 5289 5290
f 5087 5290 5291
f 5087 5291 5285
f 5088 5292 5293
f 5088 5293 5089
f 5088 5276 5294
f 5088 5294 5292
f 5089 5293 5286
f 5090 5284 5091
f 5091 5284 5295
f 5091 5295 5486
f 5091 5486 5296
f 5091 5296 5092
f 5092 5296 5297
f 5092 5297 5298
f 5092 5298 5093
f 5095 5299 5300
f 5095 5300 5096
f 5095 5298 5301
f 5095 5301 5299
f 5096 5300 5097
f 5097 5300 5098
f 5098 5300 5101
f 5099 5302 5303
f 5099 5303 5100
f 5099 5101 5300
f 5099 5300 5304
f 5099 5304 5302
f 5100 5303 5305
f 5100 5305 5102
f 5102 5305 5306
f 5102 5306 5103
f 5103 5306 5104
f 5104 5306 5307
f 5104 5307 5308
f 5104 5308 5105
f 5105 5308 5309
f 5105 5309 5106
f 5106 5309 5310
f 5106 5310 5312
f 5106 5312 5311
f 5106 5311 5107
f 5107 5311 5109
f 5107 5109 5108
f 5109 5311 5312
f 5109 5312 5277
f 5112 5118 5313
f 5114 5314 5117
f 5114 5116 5314
f 5115 5282 5315
f 5115 5315 5116
f 5116 5315 5316
f 5116 5316 5317
f 5116 5317 5314
f 5117 5318 5118
f 5117 5314 5319
f 5117 5319 5320
f 5117 5320 5318
f 5118 5318 5313
f 5119 5321 5120
f 5119 5313 5321
f 5120 5321 5313
f 5120 5313 5322
f 5120 5322 5323
f 5120 5323 5324
f 5120 5324 5123
f 5123 5324 5512
f 5123 5512 5325
f 5123 5325 5124
f 5124 5325 5326
f 5124 5326 5327
f 5124 5327 5125
f 5125 5327 5328
f 5125 5328 5126
f 5126 5328 5127
f 5127 5328 5329
f 5127 5329 5330
f 5127 5330 5331
f 5127 5331 5134
f 5128 5135 5332
f 5128 5332 5333
f 5128 5333 5334
f 5128 5334 5335
f 5128 5335 5129
f 5129 5335 5336
f 5129 5336 5130
f 5130 5337 5192
f 5130 5192 5131
f 5130 5336 5337
f 5131 5192 5191
f 5131 5191 5137
f 5131 5137 5136
f 5131 5136 5132
f 5133 5338 5339
f 5133 5339 5135
f 5133 5134 5338
f 5134 5331 5340
f 5134 5340 5338
f 5135 5339 5341
f 5135 5341 5332
f 5138 5139 5342
f 5138 5342 5143
f 5139 5142 5342
f 5140 5173 5343
f 5140 5343 5141
f 5141 5343 5142
f 5142 5343 5344
f 5142 5344 5345
f 5142 5345 5342
f 5143 5342 5145
f 5143 5145 5144
f 5145 5342 5346
f 5145 5346 5347
f 5145 5347 5348
f 5145 5348 5349
f 5145 5349 5350
f 5145 5350 5146
f 5146 5350 5351
f 5146 5351 5352
f 5146 5352 5147
f 5147 5352 5353
f 5147 5353 5148
f 5148 5353 5354
f 5148 5354 5355
f 5148 5355 5149
f 5149 5355 5356
f 5149 5356 5357
f 5149 5357 5358
f 5149 5358 5359
f 5149 5359 5150
f 5150 5359 5151
f 5151 5359 5360
f 5151 5360 5361
f 5151 5361 5362
f 5151 5362 5152
f 5152 5362 5163
f 5152 5163 5153
f 5153 5163 5155
f 5153 5155 5154
f 5155 5163 5162
f 5156 5363 5364
f 5156 5364 5365
f 5156 5365 5157
f 5156 5163 5363
f 5157 5365 5366
f 5157 5366 5158
f 5158 5366 5367
f 5158 5367 5159
f 5159 5367 5160
f 5160 5367 5368
f 5160 5368 5369
f 5160 5369 5161
f 5161 5369 5196
f 5163 5362 5363
f 5164 5189 5371
f 5164 5371 5370
f 5165 5178 5166
f 5166 5178 5168
f 5167 5168 5372
f 5167 5372 5373
f 5167 5373 5374
f 5167 5374 5169
f 5168 5177 5375
f 5168 5375 5376
f 5168 5376 5372
f 5169 5374 5377
f 5169 5377 5170
f 5170 5378 5171
f 5170 5377 5379
f 5170 5379 5378
f 5171 5378 5172
f 5172 5378 5344
f 5172 5344 5173
f 5173 5344 5343
f 5174 5179 5183
f 5174 5183 5175
f 5175 5183 5181
f 5175 5181 5380
f 5175 5380 5381
f 5175 5381 5382
f 5175 5382 5383
f 5175 5383 5176
f 5176 5384 5177
f 5176 5383 5384
f 5177 5384 5385
f 5177 5385 5375
f 5180 5370 5181
f 5181 5183 5182
f 5181 5370 5386
f 5181 5386 5387
f 5181 5387 5388
f 5181 5388 5380
f 5184 5389 5187
f 5184 5186 5390
f 5184 5390 5389
f 5185 5195 5186
f 5186 5195 5391
f 5186 5391 5390
f 5187 5389 5188
f 5188 5389 5392
f 5188 5392 5189
f 5189 5392 5393
f 5189 5393 5371
f 5192 5337 5193
f 5193 5394 5194
f 5193 5337 5395
f 5193 5395 5394
f 5194 5394 5195
f 5195 5394 5396
f 5195 5396 5391
f 5196 5369 5197
f 5197 5397 5398
f 5197 5398 5198
f 5197 5369 5399
f 5197 5399 5397
f 5198 5398 5199
f 5199 5400 5401
f 5199 5401 5200
f 5199 5398 5402
f 5199 5402 5400
f 5200 5202 5201
f 5200 5401 5403
f 5200 5403 5590
f 5200 5590 5404
f 5200 5404 5202
f 5202 5404 5203
f 5203 5404 5204
f 5204 5405 5408
f 5204 5408 5205
f 5204 5404 5406
f 5204 5406 5407
f 5204 5407 5405
f 5205 5408 5409
f 5205 5409 5206
f 5206 5409 5410
f 5206 5410 5207
f 5207 5410 5217
f 5207 5217 5208
f 5210 5411 5211
f 5210 5213 5411
f 5211 5411 5412
f 5211 5412 5218
f 5213 5215 5413
f 5213 5413 5411
f 5214 5217 5410
f 5214 5410 5414
f 5214 5414 5415
f 5214 5415 5416
f 5214 5416 5417
f 5214 5417 5215
f 5215 5417 5413
f 5218 5412 5219
f 5219 5418 5220
f 5219 5412 5419
f 5219 5419 5418
f 5220 5420 5421
f 5220 5421 5221
f 5220 5418 5420
f 5221 5421 5422
f 5221 5422 5222
f 5222 5422 5423
f 5222 5423 5223
f 5223 5423 5424
f 5223 5424 5224
f 5224 5424 5425
f 5224 5425 5426
f 5224 5426 5225
f 5225 5227 5226
f 5230 5231 5427
f 5230 5427 5428
f 5230 5428 5233
f 5230 5233 5232
f 5233 5428 5235
f 5234 5235 5429
f 5234 5429 5430
f 5234 5430 5431
f 5237 5432 5242
f 5237 5273 5432
f 5238 5243 5433
f 5238 5433 5434
f 5238 5434 5239
f 5239 5435 5436
f 5239 5436 5240
f 5239 5434 5435
f 5240 5436 5275
f 5242 5432 5243
f 5243 5432 5433
f 5244 5245 5437
f 5244 5437 5438
f 5244 5438 5439
f 5244 5439 5440
f 5244 5440 5441
f 5244 5441 5248
f 5246 5248 5442
f 5246 5442 5253
f 5246 5253 5251
f 5246 5251 5249
f 5246 5249 5247
f 5248 5443 5442
f 5248 5441 5444
f 5248 5444 5443
f 5252 5259 5258
f 5252 5257 5445
f 5252 5445 5446
f 5252 5446 5447
f 5252 5447 5448
f 5252 5448 5259
f 5253 5442 5443
f 5253 5443 5254
f 5254 5443 5449
f 5254 5449 5450
f 5254 5450 5256
f 5254 5256 5255
f 5256 5450 5451
f 5256 5451 5452
f 5256 5452 5636
f 5256 5636 5453
f 5256 5453 5257
f 5257 5453 5454
f 5257 5454 5446
f 5257 5446 5445
f 5259 5448 5261
f 5261 5448 5455
f 5261 5455 5456
f 5261 5456 5262
f 5262 5456 5457
f 5262 5457 5458
f 5262 5458 5263
f 5263 5458 5459
f 5263 5459 5460
f 5263 5460 5264
f 5264 5460 5461
f 5264 5461 5265
f 5265 5461 5267
f 5265 5267 5266
f 5267 5461 5269
f 5267 5269 5268
f 5269 5461 5462
f 5269 5462 5270
f 5270 5462 5463
f 5270 5463 5271
f 5271 5463 5466
f 5271 5466 5272
f 5272 5464 5465
f 5272 5465 5273
f 5272 5466 5464
f 5273 5465 5650
f 5273 5650 5467
f 5273 5467 5432
f 5274 5468 5294
f 5274 5294 5276
f 5274 5275 5469
f 5274 5469 5468
f 5275 5436 5435
f 5275 5435 5469
f 5277 5312 5278
f 5278 5470 5471
f 5278 5471 5279
f 5278 5312 5310
f 5278 5310 5470
f 5279 5471 5472
f 5279 5472 5280
f 5280 5472 5473
f 5280 5473 5474
f 5280 5474 5282
f 5282 5474 5475
f 5282 5475 5476
f 5282 5476 5315
f 5284 5285 5291
f 5284 5291 5477
f 5284 5477 5295
f 5286 5293 5288
f 5287 5288 5478
f 5287 5478 5289
f 5288 5293 5479
f 5288 5479 5480
f 5288 5480 5481
f 5288 5481 5478
f 5289 5478 5290
f 5290 5482 5483
f 5290 5483 5291
f 5290 5478 5482
f 5291 5483 5477
f 5292 5294 5468
f 5292 5468 5484
f 5292 5484 5485
f 5292 5485 5479
f 5292 5479 5293
f 5295 5477 5486
f 5296 5486 5487
f 5296 5487 5297
f 5297 5487 5488
f 5297 5488 5301
f 5297 5301 5298
f 5299 5301 5488
f 5299 5488 5300
f 5300 5489 5304
f 5300 5488 5489
f 5302 5490 5491
f 5302 5491 5303
f 5302 5304 5490
f 5303 5491 5492
f 5303 5492 5305
f 5304 5489 5493
f 5304 5493 5490
f 5305 5494 5306
f 5305 5492 5494
f 5306 5494 5495
f 5306 5495 5307
f 5307 5495 5496
f 5307 5496 5308
f 5308 5496 5497
f 5308 5497 5309
f 5309 5497 5498
f 5309 5498 5499
f 5309 5499 5310
f 5310 5499 5500
f 5310 5500 5470
f 5313 5318 5501
f 5313 5501 5322
f 5314 5502 5503
f 5314 5503 5504
f 5314 5504 5320
f 5314 5320 5319
f 5314 5317 5505
f 5314 5505 5506
f 5314 5506 5502
f 5315 5476 5316
f 5316 5507 5505
f 5316 5505 5317
f 5316 5476 5508
f 5316 5508 5507
f 5318 5320 5504
f 5318 5504 5501
f 5322 5509 5323
f 5322 5501 5510
f 5322 5510 5509
f 5323 5511 5512
f 5323 5512 5324
f 5323 5509 5511
f 5325 5512 5513
f 5325 5513 5700
f 5325 5700 5514
f 5325 5514 5515
f 5325 5515 5326
f 5326 5515 5516
f 5326 5516 5327
f 5327 5516 5517
f 5327 5517 5518
f 5327 5518 5328
f 5328 5518 5329
f 5329 5518 5519
f 5329 5519 5330
f 5330 5519 5518
f 5330 5518 5517
f 5330 5517 5520
f 5330 5520 5521
f 5330 5521 5340
f 5330 5340 5331
f 5332 5341 5333
f 5333 5341 5522
f 5333 5522 5523
f 5333 5523 5524
f 5333 5524 5334
f 5334 5524 5335
f 5335 5524 5525
f 5335 5525 5526
f 5335 5526 5527
f 5335 5527 5337
f 5335 5337 5336
f 5337 5527 5526
f 5337 5526 5525
f 5337 5525 5528
f 5337 5528 5395
f 5338 5340 5339
f 5339 5340 5529
f 5339 5529 5530
f 5339 5530 5522
f 5339 5522 5341
f 5340 5521 5529
f 5342 5345 5346
f 5344 5531 5532
f 5344 5532 5345
f 5344 5378 5531
f 5345 5532 5346
f 5346 5532 5347
f 5347 5533 5534
f 5347 5534 5348
f 5347 5532 5531
f 5347 5531 5535
f 5347 5535 5533
f 5348 5534 5350
f 5348 5350 5349
f 5350 5536 5537
f 5350 5537 5538
f 5350 5538 5539
f 5350 5539 5540
f 5350 5540 5353
f 5350 5353 5351
f 5350 5534 5541
f 5350 5541 5536
f 5351 5353 5352
f 5353 5540 5539
f 5353 5539 5542
f 5353 5542 5354
f 5354 5542 5355
f 5355 5542 5356
f 5356 5542 5543
f 5356 5543 5357
f 5357 5544 5358
f 5357 5543 5545
f 5357 5545 5544
f 5358 5544 5359
f 5359 5544 5360
f 5360 5544 5546
f 5360 5546 5361
f 5361 5546 5547
f 5361 5547 5362
f 5362 5547 5548
f 5362 5548 5549
f 5362 5549 5550
f 5362 5550 5363
f 5363 5550 5364
f 5364 5551 5552
f 5364 5552 5366
f 5364 5366 5365
f 5364 5550 5551
f 5366 5552 5553
f 5366 5553 5368
f 5366 5368 5367
f 5368 5553 5399
f 5368 5399 5369
f 5370 5554 5386
f 5370 5371 5554
f 5371 5393 5554
f 5372 5376 5373
f 5373 5555 5556
f 5373 5556 5374
f 5373 5376 5557
f 5373 5557 5558
f 5373 5558 5559
f 5373 5559 5555
f 5374 5556 5560
f 5374 5560 5379
f 5374 5379 5377
f 5375 5557 5376
f 5375 5385 5557
f 5378 5561 5562
f 5378 5562 5531
f 5378 5379 5561
f 5379 5560 5555
f 5379 5555 5563
f 5379 5563 5564
f 5379 5564 5561
f 5380 5388 5381
f 5381 5565 5566
f 5381 5566 5382
f 5381 5388 5567
f 5381 5567 5565
f 5382 5566 5383
f 5383 5566 5568
f 5383 5568 5569
f 5383 5569 5570
f 5383 5570 5571
f 5383 5571 5384
f 5384 5571 5572
f 5384 5572 5385
f 5385 5572 5557
f 5386 5554 5387
f 5387 5567 5388
f 5387 5554 5573
f 5387 5573 5574
f 5387 5574 5567
f 5389 5575 5576
f 5389 5576 5573
f 5389 5573 5392
f 5389 5390 5577
f 5389 5577 5575
f 5390 5391 5578
f 5390 5578 5577
f 5391 5396 5579
f 5391 5579 5578
f 5392 5573 5554
f 5392 5554 5393
f 5394 5395 5580
f 5394 5580 5581
f 5394 5581 5582
f 5394 5582 5396
f 5395 5528 5580
f 5396 5582 5583
f 5396 5583 5584
f 5396 5584 5579
f 5397 5399 5585
f 5397 5585 5398
f 5398 5585 5586
f 5398 5586 5587
f 5398 5587 5402
f 5399 5553 5585
f 5400 5402 5587
f 5400 5587 5588
f 5400 5588 5769
f 5400 5769 5589
f 5400 5589 5403
f 5400 5403 5401
f 5403 5589 5590
f 5404 5590 5406
f 5405 5407 5591
f 5405 5591 5408
f 5406 5590 5591
f 5406 5591 5407
f 5408 5592 5593
f 5408 5593 5594
f 5408 5594 5595
f 5408 5595 5596
f 5408 5596 5415
f 5408 5415 5409
f 5408 5591 5592
f 5409 5415 5414
f 5409 5414 5410
f 5411 5413 5597
f 5411 5597 5598
f 5411 5598 5412
f 5412 5598 5599
f 5412 5599 5419
f 5413 5417 5600
f 5413 5600 5597
f 5415 5601 5416
f 5415 5596 5601
f 5416 5601 5602
f 5416 5602 5600
f 5416 5600 5417
f 5418 5419 5420
f 5419 5603 5420
f 5419 5599 5604
f 5419 5604 5603
f 5420 5605 5606
f 5420 5606 5421
f 5420 5603 5607
f 5420 5607 5605
f 5421 5606 5608
f 5421 5608 5422
f 5422 5608 5423
f 5423 5609 5424
f 5423 5608 5609
f 5424 5609 5610
f 5424 5610 5611
f 5424 5611 5612
f 5424 5612 5613
f 5424 5613 5614
f 5424 5614 5425
f 5425 5614 5426
f 5426 5614 5615
f 5432 5467 5617
f 5432 5617 5433
f 5433 5617 5618
f 5433 5618 5434
f 5434 5618 5619
f 5434 5619 5435
f 5435 5619 5620
f 5435 5620 5469
f 5438 5621 5622
f 5438 5622 5623
f 5438 5623 5440
f 5438 5440 5439
f 5440 5624 5441
f 5440 5623 5622
f 5440 5622 5625
f 5440 5625 5624
f 5441 5626 5627
f 5441 5627 5444
f 5441 5624 5626
f 5443 5444 5627
f 5443 5627 5449
f 5446 5454 5628
f 5446 5628 5447
f 5447 5628 5455
f 5447 5455 5448
f 5449 5627 5626
f 5449 5626 5629
f 5449 5629 5630
f 5449 5630 5451
f 5449 5451 5450
f 5451 5630 5631
f 5451 5631 5632
f 5451 5632 5633
f 5451 5633 5634
f 5451 5634 5813
f 5451 5813 5635
f 5451 5635 5452
f 5452 5635 5814
f 5452 5814 5636
f 5453 5636 5637
f 5453 5637 5454
f 5454 5637 5638
f 5454 5638 5639
f 5454 5639 5628
f 5455 5628 5456
f 5456 5628 5640
f 5456 5640 5641
f 5456 5641 5457
f 5457 5641 5819
f 5457 5819 5642
f 5457 5642 5458
f 5458 5642 5643
f 5458 5643 5459
f 5459 5643 5460
f 5460 5643 5644
f 5460 5644 5461
f 5461 5644 5645
f 5461 5645 5462
f 5462 5645 5823
f 5462 5823 5646
f 5462 5646 5647
f 5462 5647 5463
f 5463 5647 5466
f 5464 5648 5826
f 5464 5826 5649
f 5464 5649 5650
f 5464 5650 5465
f 5464 5466 5647
f 5464 5647 5648
f 5467 5650 5651
f 5467 5651 5617
f 5468 5652 5653
f 5468 5653 5654
f 5468 5654 5484
f 5468 5469 5620
f 5468 5620 5652
f 5470 5655 5656
f 5470 5656 5657
f 5470 5657 5471
f 5470 5500 5655
f 5471 5657 5472
f 5472 5658 5473
f 5472 5657 5658
f 5473 5658 5474
f 5474 5659 5692
f 5474 5692 5508
f 5474 5508 5476
f 5474 5476 5475
f 5474 5658 5659
f 5477 5483 5660
f 5477 5660 5661
f 5477 5661 5486
f 5478 5481 5662
f 5478 5662 5663
f 5478 5663 5482
f 5479 5485 5664
f 5479 5664 5480
f 5480 5665 5662
f 5480 5662 5481
f 5480 5664 5666
f 5480 5666 5667
f 5480 5667 5665
f 5482 5663 5668
f 5482 5668 5669
f 5482 5669 5483
f 5483 5669 5660
f 5484 5654 5664
f 5484 5664 5485
f 5486 5661 5487
f 5487 5670 5671
f 5487 5671 5488
f 5487 5661 5670
f 5488 5671 5489
f 5489 5672 5673
f 5489 5673 5493
f 5489 5671 5672
f 5490 5674 5675
f 5490 5675 5492
f 5490 5492 5491
f 5490 5493 5676
f 5490 5676 5677
f 5490 5677 5674
f 5492 5675 5678
f 5492 5678 5494
f 5493 5673 5679
f 5493 5679 5677
f 5493 5677 5676
f 5494 5678 5495
f 5495 5678 5680
f 5495 5680 5496
f 5496 5680 5497
f 5497 5680 5681
f 5497 5681 5682
f 5497 5682 5683
f 5497 5683 5684
f 5497 5684 5498
f 5498 5684 5685
f 5498 5685 5500
f 5498 5500 5499
f 5500 5685 5655
f 5501 5504 5686
f 5501 5686 5510
f 5502 5687 5871
f 5502 5871 5688
f 5502 5688 5503
f 5502 5506 5687
f 5503 5688 5689
f 5503 5689 5686
f 5503 5686 5504
f 5505 5507 5690
f 5505 5690 5506
f 5506 5690 5691
f 5506 5691 5687
f 5507 5508 5690
f 5508 5692 5690
f 5509 5693 5694
f 5509 5694 5695
f 5509 5695 5511
f 5509 5510 5693
f 5510 5686 5696
f 5510 5696 5693
f 5511 5695 5697
f 5511 5697 5698
f 5511 5698 5512
f 5512 5698 5699
f 5512 5699 5513
f 5513 5699 5700
f 5514 5700 5701
f 5514 5701 5515
f 5515 5701 5702
f 5515 5702 5516
f 5516 5702 5517
f 5517 5702 5701
f 5517 5701 5703
f 5517 5703 5521
f 5517 5521 5520
f 5521 5703 5704
f 5521 5704 5529
f 5522 5530 5705
f 5522 5705 5523
f 5523 5705 5706
f 5523 5706 5707
f 5523 5707 5524
f 5524 5707 5528
f 5524 5528 5525
f 5528 5707 5708
f 5528 5708 5581
f 5528 5581 5580
f 5529 5704 5709
f 5529 5709 5530
f 5530 5709 5710
f 5530 5710 5705
f 5531 5711 5712
f 5531 5712 5541
f 5531 5541 5535
f 5531 5562 5711
f 5533 5541 5534
f 5533 5535 5541
f 5538 5713 5539
f 5539 5713 5714
f 5539 5714 5715
f 5539 5715 5543
f 5539 5543 5542
f 5541 5712 5716
f 5541 5716 5717
f 5543 5715 5718
f 5543 5718 5719
f 5543 5719 5545
f 5544 5545 5546
f 5545 5719 5720
f 5545 5720 5721
f 5545 5721 5722
f 5545 5722 5548
f 5545 5548 5723
f 5545 5723 5546
f 5546 5723 5547
f 5547 5723 5548
f 5548 5724 5725
f 5548 5725 5549
f 5548 5722 5726
f 5548 5726 5727
f 5548 5727 5728
f 5548 5728 5729
f 5548 5729 5730
f 5548 5730 5731
f 5548 5731 5724
f 5549 5725 5550
f 5550 5725 5551
f 5551 5725 5732
f 5551 5732 5733
f 5551 5733 5552
f 5552 5733 5734
f 5552 5734 5735
f 5552 5735 5553
f 5553 5735 5762
f 5553 5762 5585
f 5555 5560 5556
f 5555 5559 5736
f 5555 5736 5737
f 5555 5737 5563
f 5557 5572 5558
f 5558 5572 5571
f 5558 5571 5738
f 5558 5738 5739
f 5558 5739 5559
f 5559 5739 5740
f 5559 5740 5741
f 5559 5741 5736
f 5561 5742 5562
f 5561 5564 5743
f 5561 5743 5742
f 5562 5742 5744
f 5562 5744 5711
f 5563 5737 5745
f 5563 5745 5746
f 5563 5746 5564
f 5564 5746 5747
f 5564 5747 5748
f 5564 5748 5742
f 5564 5742 5743
f 5565 5567 5749
f 5565 5749 5750
f 5565 5750 5568
f 5565 5568 5566
f 5567 5751 5749
f 5567 5574 5752
f 5567 5752 5753
f 5567 5753 5751
f 5568 5750 5569
f 5569 5740 5738
f 5569 5738 5570
f 5569 5750 5740
f 5570 5738 5571
f 5573 5576 5754
f 5573 5754 5574
f 5574 5754 5752
f 5575 5755 5576
f 5575 5577 5757
f 5575 5757 5755
f 5576 5755 5756
f 5576 5756 5754
f 5577 5578 5757
f 5578 5579 5758
f 5578 5758 5935
f 5578 5935 5757
f 5579 5584 5759
f 5579 5759 5760
f 5579 5760 5758
f 5581 5708 5583
f 5581 5583 5582
f 5583 5708 5761
f 5583 5761 5759
f 5583 5759 5584
f 5585 5762 5763
f 5585 5763 5764
f 5585 5764 5586
f 5586 5764 5765
f 5586 5765 5587
f 5587 5766 5767
f 5587 5767 5588
f 5587 5765 5766
f 5588 5767 5768
f 5588 5768 5947
f 5588 5947 5769
f 5589 5769 5770
f 5589 5770 5590
f 5590 5770 5771
f 5590 5771 5591
f 5591 5771 5772
f 5591 5772 5592
f 5592 5772 5773
f 5592 5773 5774
f 5592 5774 5593
f 5593 5774 5775
f 5593 5775 5594
f 5594 5775 5776
f 5594 5776 5595
f 5595 5776 5596
f 5596 5776 5602
f 5596 5602 5601
f 5597 5777 5778
f 5597 5778 5779
f 5597 5779 5780
f 5597 5780 5598
f 5597 5600 5777
f 5598 5780 5604
f 5598 5604 5599
f 5600 5602 5781
f 5600 5781 5777
f 5602 5776 5781
f 5603 5782 5607
f 5603 5604 5783
f 5603 5783 5784
f 5603 5784 5782
f 5604 5780 5783
f 5605 5607 5785
f 5605 5785 5786
f 5605 5786 5606
f 5606 5786 5608
f 5607 5782 5787
f 5607 5787 5785
f 5608 5786 5788
f 5608 5788 5610
f 5608 5610 5609
f 5610 5789 5611
f 5610 5788 5789
f 5611 5790 5791
f 5611 5791 5612
f 5611 5789 5792
f 5612 5791 5613
f 5613 5791 5615
f 5613 5615 5614
f 5615 5791 5790
f 5616 5793 5794
f 5617 5795 5796
f 5617 5796 5618
f 5617 5651 5795
f 5618 5796 5797
f 5618 5797 5619
f 5619 5797 5620
f 5620 5797 5798
f 5620 5798 5652
f 5621 5799 5622
f 5622 5799 5800
f 5622 5800 5801
f 5622 5801 5802
f 5622 5802 5803
f 5622 5803 5625
f 5624 5629 5626
f 5624 5625 5629
f 5625 5804 5805
f 5625 5805 5629
f 5625 5803 5806
f 5625 5806 5804
f 5628 5639 5640
f 5629 5805 5804
f 5629 5804 5807
f 5629 5807 5631
f 5629 5631 5630
f 5631 5807 5632
f 5632 5807 5808
f 5632 5808 5809
f 5632 5809 5633
f 5633 5810 5811
f 5633 5811 5812
f 5633 5812 5634
f 5633 5809 5810
f 5634 5812 5813
f 5635 5813 5991
f 5635 5991 5814
f 5636 5814 5815
f 5636 5815 5637
f 5637 5815 5816
f 5637 5816 5638
f 5638 5816 5995
f 5638 5995 5817
f 5638 5817 5640
f 5638 5640 5639
f 5640 5817 5818
f 5640 5818 5641
f 5641 5818 5819
f 5642 5819 5820
f 5642 5820 5821
f 5642 5821 5643
f 5643 5821 5822
f 5643 5822 5644
f 5644 5822 5823
f 5644 5823 5645
f 5646 5823 5647
f 5647 5824 5648
f 5647 5823 5824
f 5648 5825 5826
f 5648 5824 5825
f 5649 5826 5827
f 5649 5827 5828
f 5649 5828 5650
f 5650 5828 5651
f 5651 5828 5980
f 5651 5980 5795
f 5652 5829 5653
f 5652 5798 5830
f 5652 5830 5831
f 5652 5831 5832
f 5652 5832 5829
f 5653 5829 5833
f 5653 5833 5654
f 5654 5833 5667
f 5654 5667 5666
f 5654 5666 5664
f 5655 5685 5656
f 5656 5834 5835
f 5656 5835 5836
f 5656 5836 5837
f 5656 5837 5658
f 5656 5658 5838
f 5656 5838 5657
f 5656 5685 5839
f 5656 5839 5834
f 5657 5838 5658
f 5658 5837 5659
f 5659 5840 5841
f 5659 5841 5842
f 5659 5842 5692
f 5659 5837 5843
f 5659 5843 5844
f 5659 5844 5845
f 5659 5845 5846
f 5659 5846 5840
f 5660 5669 5661
f 5661 5847 5848
f 5661 5848 5857
f 5661 5857 5670
f 5661 5669 5847
f 5662 5665 5849
f 5662 5849 5850
f 5662 5850 5851
f 5662 5851 5663
f 5663 5851 5669
f 5663 5669 5668
f 5665 5852 5849
f 5665 5667 5853
f 5665 5853 5852
f 5667 5833 5854
f 5667 5854 5853
f 5669 5851 5855
f 5669 5855 5856
f 5669 5856 5847
f 5670 5857 5671
f 5671 5857 5858
f 5671 5858 5672
f 5672 5859 5673
f 5672 5858 5859
f 5673 5859 5679
f 5674 5860 5675
f 5674 5677 5860
f 5675 5861 5864
f 5675 5864 5678
f 5675 5860 5861
f 5677 5862 5860
f 5677 5679 5863
f 5677 5863 5862
f 5678 5864 5680
f 5679 5859 5865
f 5679 5865 6043
f 5679 6043 5863
f 5680 5864 5866
f 5680 5866 5867
f 5680 5867 5681
f 5681 5867 5868
f 5681 5868 5682
f 5682 5868 6012
f 5682 6012 5839
f 5682 5839 5685
f 5682 5685 5683
f 5683 5685 5684
f 5686 5689 5873
f 5686 5873 5696
f 5687 5869 5870
f 5687 5870 5871
f 5687 5691 5869
f 5688 5871 5689
f 5689 5871 5872
f 5689 5872 5873
f 5690 5692 5842
f 5690 5842 5874
f 5690 5874 5691
f 5691 5874 6016
f 5691 6016 5875
f 5691 5875 5869
f 5693 5876 5877
f 5693 5877 5694
f 5693 5696 5873
f 5693 5873 5876
f 5694 5877 5878
f 5694 5878 5695
f 5695 5878 5697
f 5697 5878 5877
f 5697 5877 5879
f 5697 5879 5699
f 5697 5699 5698
f 5699 5879 5880
f 5699 5880 5700
f 5700 5880 5701
f 5701 5880 5881
f 5701 5881 5703
f 5703 5881 5882
f 5703 5882 5883
f 5703 5883 5884
f 5703 5884 5885
f 5703 5885 5886
f 5703 5886 5704
f 5704 5886 5885
f 5704 5885 5887
f 5704 5887 5888
f 5704 5888 5889
f 5704 5889 5709
f 5705 5710 5890
f 5705 5890 5891
f 5705 5891 5892
f 5705 5892 5706
f 5706 5892 5893
f 5706 5893 5894
f 5706 5894 5895
f 5706 5895 5707
f 5707 5895 5708
f 5708 5896 5897
f 5708 5897 5761
f 5708 5895 5896
f 5709 5898 5710
f 5709 5889 5899
f 5709 5899 5898
f 5710 5898 5900
f 5710 5900 5901
f 5710 5901 5890
f 5711 5744 5902
f 5711 5902 5712
f 5712 5902 5717
f 5712 5717 5716
f 5714 5903 5715
f 5715 5903 5904
f 5715 5904 5718
f 5717 5902 5744
f 5717 5744 5742
f 5718 5904 5719
f 5719 5904 5905
f 5719 5905 5720
f 5721 5906 5727
f 5721 5727 5722
f 5722 5727 5726
f 5724 5732 5725
f 5724 5731 5732
f 5727 5907 5908
f 5727 5908 5909
f 5727 5909 5910
f 5727 5910 5911
f 5727 5911 5728
f 5727 5906 5907
f 5728 5911 5729
f 5729 5911 5730
f 5730 5911 5912
f 5730 5912 5731
f 5731 5912 5913
f 5731 5913 5914
f 5731 5914 5732
f 5732 5914 5733
f 5733 5914 5913
f 5733 5913 5734
f 5734 5913 5762
f 5734 5762 5735
f 5736 5741 5915
f 5736 5915 5737
f 5737 5915 5916
f 5737 5916 5745
f 5738 5740 5739
f 5740 5917 5918
f 5740 5918 5919
f 5740 5919 5920
f 5740 5920 5741
f 5740 5750 5921
f 5740 5921 5922
f 5740 5922 5923
f 5740 5923 5917
f 5741 5920 5924
f 5741 5924 5915
f 5745 5916 5746
f 5746 5916 5925
f 5749 5751 5926
f 5749 5926 5927
f 5749 5927 5750
f 5750 5927 5928
f 5750 5928 5921
f 5751 5753 5929
f 5751 5929 5926
f 5752 5754 5756
f 5752 5756 5930
f 5752 5930 5931
f 5752 5931 5932
f 5752 5932 5933
f 5752 5933 5934
f 5752 5934 5929
f 5752 5929 5753
f 5755 5757 5935
f 5755 5935 5936
f 5755 5936 5756
f 5756 5936 5930
f 5758 5760 5936
f 5758 5936 5935
f 5759 5761 5937
f 5759 5937 5938
f 5759 5938 5939
f 5759 5939 5760
f 5760 5939 5940
f 5760 5940 5936
f 5761 5897 5937
f 5762 5913 5941
f 5762 5941 5763
f 5763 5941 5942
f 5763 5942 5764
f 5764 5942 5765
f 5765 5942 5943
f 5765 5943 5766
f 5766 5943 5767
f 5767 5943 5944
f 5767 5944 5945
f 5767 5945 5946
f 5767 5946 5768
f 5768 5946 5947
f 5769 5947 5948
f 5769 5948 5949
f 5769 5949 5770
f 5770 5949 5771
f 5771 5949 5950
f 5771 5950 5951
f 5771 5951 5772
f 5772 5951 5773
f 5773 5951 5774
f 5774 5951 5952
f 5774 5952 5953
f 5774 5953 5775
f 5775 5953 5954
f 5775 5954 5955
f 5775 5955 5776
f 5776 5955 5957
f 5776 5957 5956
f 5776 5956 5778
f 5776 5778 5781
f 5777 5781 5778
f 5778 5956 5779
f 5779 5956 5957
f 5779 5957 5958
f 5779 5958 5780
f 5780 5958 5783
f 5782 5959 5960
f 5782 5960 5961
f 5782 5961 5787
f 5782 5784 5959
f 5783 5958 5962
f 5783 5962 5784
f 5784 5962 5963
f 5784 5963 5964
f 5784 5964 5965
f 5784 5965 5966
f 5784 5966 5967
f 5784 5967 5959
f 5785 5968 5969
f 5785 5969 5786
f 5785 5787 5961
f 5785 5961 5968
f 5786 5969 5788
f 5788 5969 5970
f 5788 5970 5971
f 5788 5971 5973
f 5788 5973 5972
f 5788 5972 5789
f 5789 5972 5792
f 5792 5972 5973
f 5792 5973 5974
f 5793 5975 5794
f 5794 5976 5977
f 5794 5977 5978
f 5794 5975 5979
f 5794 5979 5976
f 5795 5980 5981
f 5795 5981 5796
f 5796 5981 5830
f 5796 5830 5797
f 5797 5830 5798
f 5800 5978 5982
f 5800 5982 5801
f 5801 5983 5802
f 5801 5982 5984
f 5801 5984 5985
f 5801 5985 5986
f 5801 5986 5983
f 5802 5983 5986
f 5802 5986 5803
f 5804 5806 5987
f 5804 5987 5807
f 5807 5987 5808
f 5810 5988 5989
f 5810 5989 5812
f 5810 5812 5811
f 5812 5989 5990
f 5812 5990 5813
f 5813 5990 5991
f 5814 5991 5815
f 5815 5991 5992
f 5815 5992 5816
f 5816 5992 5993
f 5816 5993 5994
f 5816 5994 5995
f 5817 5995 5996
f 5817 5996 5818
f 5818 5996 5819
f 5819 5996 5997
f 5819 5997 5998
f 5819 5998 5820
f 5820 5998 5999
f 5820 5999 6000
f 5820 6000 6001
f 5820 6001 5821
f 5821 6001 5822
f 5822 6001 6002
f 5822 6002 5823
f 5823 6002 5824
f 5824 6002 5825
f 5825 6003 6004
f 5825 6004 5826
f 5825 6002 6003
f 5826 6004 6005
f 5826 6005 5827
f 5827 6005 6006
f 5827 6006 5980
f 5827 5980 5828
f 5829 6007 5833
f 5829 5832 6008
f 5829 6008 6007
f 5830 6009 5832
f 5830 5832 5831
f 5830 5981 6010
f 5830 6010 6009
f 5832 6009 6166
f 5832 6166 6011
f 5832 6011 6008
f 5833 6007 5854
f 5834 5843 5835
f 5834 5839 6012
f 5834 6012 5843
f 5835 5843 5836
f 5836 5843 5837
f 5840 6013 5841
f 5840 5846 6014
f 5840 6014 6013
f 5841 6013 6015
f 5841 6015 6016
f 5841 6016 5874
f 5841 5874 5842
f 5843 6012 5844
f 5844 6012 6017
f 5844 6017 6014
f 5844 6014 5845
f 5845 6014 5846
f 5847 5856 5848
f 5848 5856 5858
f 5848 5858 5857
f 5849 6018 6019
f 5849 6019 6020
f 5849 6020 6021
f 5849 6021 6022
f 5849 6022 5850
f 5849 5852 6023
f 5849 6023 6018
f 5850 6024 6025
f 5850 6025 6026
f 5850 6026 6027
f 5850 6027 6028
f 5850 6028 6029
f 5850 6029 6030
f 5850 6030 6031
f 5850 6031 5855
f 5850 5855 5851
f 5850 6022 6024
f 5852 5853 6032
f 5852 6032 6023
f 5853 5854 6032
f 5854 6033 6032
f 5854 6007 6034
f 5854 6034 6035
f 5854 6035 6033
f 5855 6031 5856
f 5856 6031 5858
f 5858 6031 6030
f 5858 6030 6029
f 5858 6029 6036
f 5858 6036 6037
f 5858 6037 5859
f 5859 6038 5865
f 5859 6037 6038
f 5860 6039 6040
f 5860 6040 5861
f 5860 5862 6039
f 5861 6040 6041
f 5861 6041 5864
f 5862 5863 6042
f 5862 6042 6039
f 5863 6043 6044
f 5863 6044 6045
f 5863 6045 6042
f 5864 6041 6046
f 5864 6046 5866
f 5865 6038 6197
f 5865 6197 6043
f 5866 6047 6048
f 5866 6048 5867
f 5866 6046 6047
f 5867 6048 6049
f 5867 6049 5868
f 5868 6049 6012
f 5869 6050 5870
f 5869 5875 6050
f 5870 6050 5872
f 5870 5872 5871
f 5872 6050 5873
f 5873 6050 6051
f 5873 6051 5876
f 5875 6016 6052
f 5875 6052 6053
f 5875 6053 6054
f 5875 6054 6055
f 5875 6055 6050
f 5876 6056 6057
f 5876 6057 5877
f 5876 6051 6209
f 5876 6209 6056
f 5877 6058 6059
f 5877 6059 6060
f 5877 6060 5879
f 5877 6057 6061
f 5877 6061 6058
f 5879 6060 5880
f 5880 6060 6062
f 5880 6062 5881
f 5881 6062 6063
f 5881 6063 5882
f 5882 6063 5883
f 5883 6063 6064
f 5883 6064 5884
f 5884 6065 6066
f 5884 6066 5885
f 5884 6064 6065
f 5885 6066 5887
f 5887 6066 6067
f 5887 6067 5888
f 5888 6067 5889
f 5889 6067 6068
f 5889 6068 6069
f 5889 6069 5898
f 5889 5898 5899
f 5890 5901 5891
f 5891 5901 6070
f 5891 6070 6071
f 5891 6071 5893
f 5891 5893 5892
f 5893 6071 6072
f 5893 6072 5894
f 5894 6072 6073
f 5894 6073 5895
f 5895 6073 5896
f 5896 6073 6074
f 5896 6074 6075
f 5896 6075 5897
f 5897 6075 6076
f 5897 6076 5937
f 5898 6069 5900
f 5900 6069 6077
f 5900 6077 6078
f 5900 6078 6079
f 5900 6079 6070
f 5900 6070 5901
f 5908 6080 5909
f 5909 6081 5910
f 5909 6080 6082
f 5909 6082 6083
f 5909 6083 6081
f 5910 6081 5911
f 5911 6081 6084
f 5911 6084 6085
f 5911 6085 5912
f 5912 6085 6086
f 5912 6086 5941
f 5912 5941 5913
f 5915 5924 6087
f 5915 6087 6088
f 5915 6088 5916
f 5916 6089 5925
f 5916 6088 6089
f 5918 5920 5919
f 5921 6090 5922
f 5921 5928 6091
f 5921 6091 6092
f 5921 6092 6090
f 5922 6090 5923
f 5926 5929 6093
f 5926 6093 5927
f 5927 6093 6094
f 5927 6094 5928
f 5928 6094 6095
f 5928 6095 6091
f 5929 5934 6096
f 5929 6096 6093
f 5930 5936 5940
f 5930 5940 6097
f 5930 6097 6098
f 5930 6098 6099
f 5930 6099 5932
f 5930 5932 5931
f 5932 6099 6100
f 5932 6100 6101
f 5932 6101 5933
f 5933 6102 6095
f 5933 6095 5934
f 5933 6101 6103
f 5933 6103 6104
f 5933 6104 6105
f 5933 6105 6102
f 5934 6095 6096
f 5937 6076 5938
f 5938 6076 6106
f 5938 6106 6107
f 5938 6107 5939
f 5939 6107 5940
f 5940 6107 6108
f 5940 6108 6097
f 5941 6086 6109
f 5941 6109 6110
f 5941 6110 5943
f 5941 5943 5942
f 5943 6110 6111
f 5943 6111 5944
f 5944 6111 6112
f 5944 6112 6252
f 5944 6252 6113
f 5944 6113 6114
f 5944 6114 5945
f 5945 6114 5946
f 5946 6114 6115
f 5946 6115 6116
f 5946 6116 5948
f 5946 5948 5947
f 5948 6116 6117
f 5948 6117 6118
f 5948 6118 5949
f 5949 6118 6119
f 5949 6119 5950
f 5950 6119 6120
f 5950 6120 5951
f 5951 6120 6121
f 5951 6121 5952
f 5952 6121 5953
f 5953 6121 6122
f 5953 6122 5954
f 5954 6122 5955
f 5955 6122 6123
f 5955 6123 5957
f 5957 6124 5963
f 5957 5963 6125
f 5957 6125 5958
f 5957 6123 6126
f 5957 6126 6124
f 5958 6125 5962
f 5959 5967 5960
f 5960 5967 6133
f 5960 6133 5968
f 5960 5968 5961
f 5962 6125 5963
f 5963 6124 6127
f 5963 6127 6128
f 5963 6128 5964
f 5964 6128 6129
f 5964 6129 5965
f 5965 6129 5966
f 5966 6130 5967
f 5966 6129 6130
f 5967 6131 6132
f 5967 6132 6133
f 5967 6130 6134
f 5967 6134 6135
f 5967 6135 6131
f 5968 5970 5969
f 5968 6133 5970
f 5970 6133 6136
f 5970 6136 6137
f 5970 6137 5971
f 5971 6137 5973
f 5973 6138 6139
f 5973 6139 5974
f 5973 6137 6136
f 5973 6136 6140
f 5973 6140 6138
f 5977 6141 5978
f 5978 6141 6142
f 5978 6142 6143
f 5978 6143 5982
f 5980 6006 6010
f 5980 6010 5981
f 5988 6144 6145
f 5988 6145 6146
f 5988 6146 5989
f 5989 6146 5990
f 5990 6146 5991
f 5991 6146 5992
f 5992 6146 6147
f 5992 6147 5993
f 5993 6147 6148
f 5993 6148 6149
f 5993 6149 5994
f 5994 6149 6150
f 5994 6150 6151
f 5994 6151 6152
f 5994 6152 6153
f 5994 6153 5995
f 5995 6153 6152
f 5995 6152 6154
f 5995 6154 5996
f 5996 6154 6155
f 5996 6155 6156
f 5996 6156 6157
f 5996 6157 5997
f 5997 6157 6158
f 5997 6158 5998
f 5998 6158 5999
f 5999 6158 6159
f 5999 6159 6160
f 5999 6160 6000
f 6000 6160 6161
f 6000 6161 6001
f 6001 6161 6003
f 6001 6003 6002
f 6003 6161 6162
f 6003 6162 6004
f 6004 6162 6163
f 6004 6163 6005
f 6005 6163 6164
f 6005 6164 6010
f 6005 6010 6006
f 6007 6008 6011
f 6007 6011 6165
f 6007 6165 6034
f 6009 6010 6166
f 6010 6164 6166
f 6011 6167 6165
f 6011 6166 6291
f 6011 6291 6167
f 6012 6049 6017
f 6013 6052 6015
f 6013 6014 6168
f 6013 6168 6052
f 6014 6169 6170
f 6014 6170 6171
f 6014 6171 6168
f 6014 6017 6172
f 6014 6172 6173
f 6014 6173 6293
f 6014 6293 6169
f 6015 6052 6016
f 6017 6049 6174
f 6017 6174 6172
f 6018 6023 6182
f 6018 6182 6175
f 6018 6175 6019
f 6019 6175 6176
f 6019 6176 6177
f 6019 6177 6020
f 6020 6177 6301
f 6020 6301 6178
f 6020 6178 6021
f 6021 6178 6179
f 6021 6179 6180
f 6021 6180 6024
f 6021 6024 6022
f 6023 6032 6181
f 6023 6181 6182
f 6024 6180 6025
f 6025 6180 6183
f 6025 6183 6026
f 6026 6183 6303
f 6026 6303 6184
f 6026 6184 6027
f 6027 6184 6185
f 6027 6185 6186
f 6027 6186 6187
f 6027 6187 6188
f 6027 6188 6189
f 6027 6189 6028
f 6028 6189 6029
f 6029 6189 6190
f 6029 6190 6036
f 6032 6033 6191
f 6032 6191 6181
f 6033 6192 6191
f 6033 6035 6193
f 6033 6193 6192
f 6034 6165 6035
f 6035 6165 6167
f 6035 6167 6194
f 6035 6194 6193
f 6036 6195 6196
f 6036 6196 6197
f 6036 6197 6038
f 6036 6038 6037
f 6036 6190 6195
f 6039 6198 6040
f 6039 6042 6045
f 6039 6045 6198
f 6040 6198 6199
f 6040 6199 6041
f 6041 6199 6046
f 6043 6197 6044
f 6044 6197 6196
f 6044 6196 6045
f 6045 6200 6201
f 6045 6201 6202
f 6045 6202 6198
f 6045 6196 6203
f 6045 6203 6200
f 6046 6199 6204
f 6046 6204 6205
f 6046 6205 6206
f 6046 6206 6048
f 6046 6048 6047
f 6048 6206 6172
f 6048 6172 6174
f 6048 6174 6049
f 6050 6055 6207
f 6050 6207 6208
f 6050 6208 6051
f 6051 6208 6207
f 6051 6207 6209
f 6052 6210 6211
f 6052 6211 6053
f 6052 6168 6212
f 6052 6212 6210
f 6053 6211 6213
f 6053 6213 6214
f 6053 6214 6054
f 6054 6214 6215
f 6054 6215 6207
f 6054 6207 6055
f 6056 6216 6221
f 6056 6221 6061
f 6056 6061 6057
f 6056 6209 6329
f 6056 6329 6216
f 6058 6217 6059
f 6058 6061 6217
f 6059 6217 6218
f 6059 6218 6060
f 6060 6219 6220
f 6060 6220 6062
f 6060 6218 6219
f 6061 6221 6222
f 6061 6222 6217
f 6062 6220 6346
f 6062 6346 6223
f 6062 6223 6063
f 6063 6223 6224
f 6063 6224 6065
f 6063 6065 6064
f 6065 6224 6066
f 6066 6224 6225
f 6066 6225 6068
f 6066 6068 6067
f 6068 6225 6226
f 6068 6226 6069
f 6069 6226 6077
f 6070 6079 6071
f 6071 6227 6072
f 6071 6079 6227
f 6072 6227 6228
f 6072 6228 6076
f 6072 6076 6073
f 6073 6075 6074
f 6073 6076 6075
f 6076 6228 6106
f 6077 6226 6354
f 6077 6354 6229
f 6077 6229 6230
f 6077 6230 6078
f 6078 6230 6231
f 6078 6231 6232
f 6078 6232 6079
f 6079 6232 6227
f 6081 6083 6233
f 6081 6233 6084
f 6082 6234 6235
f 6082 6235 6083
f 6083 6236 6237
f 6083 6237 6086
f 6083 6086 6233
f 6083 6235 6238
f 6083 6238 6239
f 6083 6239 6236
f 6084 6233 6085
f 6085 6233 6086
f 6086 6237 6109
f 6091 6095 6102
f 6093 6096 6094
f 6094 6096 6095
f 6097 6099 6098
f 6097 6108 6240
f 6097 6240 6241
f 6097 6241 6103
f 6097 6103 6099
f 6099 6103 6101
f 6099 6101 6100
f 6103 6241 6242
f 6103 6242 6104
f 6106 6228 6243
f 6106 6243 6244
f 6106 6244 6107
f 6107 6244 6245
f 6107 6245 6246
f 6107 6246 6247
f 6107 6247 6248
f 6107 6248 6240
f 6107 6240 6108
f 6109 6237 6249
f 6109 6249 6250
f 6109 6250 6251
f 6109 6251 6111
f 6109 6111 6110
f 6111 6250 6112
f 6111 6251 6250
f 6112 6250 6252
f 6113 6253 6254
f 6113 6254 6115
f 6113 6115 6114
f 6113 6252 6238
f 6113 6238 6253
f 6115 6254 6117
f 6115 6117 6116
f 6117 6254 6255
f 6117 6255 6118
f 6118 6255 6119
f 6119 6255 6120
f 6120 6255 6256
f 6120 6256 6121
f 6121 6257 6258
f 6121 6258 6259
f 6121 6259 6126
f 6121 6126 6122
f 6121 6256 6260
f 6121 6260 6257
f 6122 6126 6123
f 6124 6261 6262
f 6124 6262 6263
f 6124 6263 6127
f 6124 6126 6264
f 6124 6264 6261
f 6126 6259 6264
f 6127 6263 6265
f 6127 6265 6128
f 6128 6265 6134
f 6128 6134 6129
f 6129 6134 6130
f 6131 6135 6266
f 6131 6266 6267
f 6131 6267 6268
f 6131 6268 6132
f 6132 6268 6269
f 6132 6269 6270
f 6132 6270 6140
f 6132 6140 6271
f 6132 6271 6136
f 6132 6136 6133
f 6134 6265 6272
f 6134 6272 6273
f 6134 6273 6135
f 6135 6273 6274
f 6135 6274 6266
f 6136 6271 6140
f 6144 6275 6148
f 6144 6148 6145
f 6145 6148 6146
f 6146 6148 6147
f 6148 6275 6150
f 6148 6150 6149
f 6150 6275 6276
f 6150 6276 6277
f 6150 6277 6278
f 6150 6278 6279
f 6150 6279 6151
f 6151 6279 6152
f 6152 6279 6280
f 6152 6280 6281
f 6152 6281 6155
f 6152 6155 6154
f 6155 6281 6282
f 6155 6282 6283
f 6155 6283 6156
f 6156 6283 6157
f 6157 6283 6284
f 6157 6284 6159
f 6157 6159 6158
f 6159 6284 6285
f 6159 6285 6160
f 6160 6285 6286
f 6160 6286 6287
f 6160 6287 6161
f 6161 6287 6162
f 6162 6287 6288
f 6162 6288 6163
f 6163 6288 6289
f 6163 6289 6290
f 6163 6290 6164
f 6164 6290 6291
f 6164 6291 6166
f 6167 6292 6193
f 6167 6193 6194
f 6167 6291 6401
f 6167 6401 6292
f 6168 6171 6212
f 6169 6293 6170
f 6170 6294 6295
f 6170 6295 6212
f 6170 6212 6171
f 6170 6293 6296
f 6170 6296 6294
f 6172 6206 6297
f 6172 6297 6293
f 6172 6293 6173
f 6175 6298 6176
f 6175 6182 6304
f 6175 6304 6298
f 6176 6298 6299
f 6176 6299 6300
f 6176 6300 6177
f 6177 6300 6301
f 6178 6301 6302
f 6178 6302 6179
f 6179 6302 6303
f 6179 6303 6183
f 6179 6183 6180
f 6181 6304 6182
f 6181 6191 6304
f 6184 6303 6305
f 6184 6305 6306
f 6184 6306 6307
f 6184 6307 6308
f 6184 6308 6309
f 6184 6309 6185
f 6185 6309 6186
f 6186 6309 6187
f 6187 6309 6310
f 6187 6310 6311
f 6187 6311 6312
f 6187 6312 6188
f 6188 6313 6189
f 6188 6312 6314
f 6188 6314 6315
f 6188 6315 6313
f 6189 6313 6190
f 6190 6313 6315
f 6190 6315 6195
f 6191 6192 6193
f 6191 6193 6316
f 6191 6316 6317
f 6191 6317 6318
f 6191 6318 6304
f 6193 6292 6319
f 6193 6319 6320
f 6193 6320 6317
f 6193 6317 6316
f 6195 6315 6196
f 6196 6315 6203
f 6198 6321 6199
f 6198 6202 6322
f 6198 6322 6323
f 6198 6323 6321
f 6199 6321 6324
f 6199 6324 6204
f 6200 6322 6201
f 6200 6203 6315
f 6200 6315 6314
f 6200 6314 6312
f 6200 6312 6322
f 6201 6322 6202
f 6204 6324 6325
f 6204 6325 6205
f 6205 6325 6326
f 6205 6326 6327
f 6205 6327 6206
f 6206 6327 6293
f 6206 6293 6297
f 6207 6215 6328
f 6207 6328 6209
f 6209 6328 6329
f 6210 6330 6211
f 6210 6212 6330
f 6211 6330 6331
f 6211 6331 6332
f 6211 6332 6213
f 6212 6295 6333
f 6212 6333 6330
f 6213 6332 6334
f 6213 6334 6214
f 6214 6335 6336
f 6214 6336 6337
f 6214 6337 6215
f 6214 6334 6332
f 6214 6332 6335
f 6215 6337 6338
f 6215 6338 6328
f 6216 6339 6340
f 6216 6340 6341
f 6216 6341 6221
f 6216 6329 6338
f 6216 6338 6342
f 6216 6342 6339
f 6217 6222 6343
f 6217 6343 6218
f 6218 6343 6222
f 6218 6222 6344
f 6218 6344 6345
f 6218 6345 6219
f 6219 6345 6220
f 6220 6345 6347
f 6220 6347 6346
f 6221 6341 6348
f 6221 6348 6222
f 6222 6348 6349
f 6222 6349 6350
f 6222 6350 6344
f 6223 6346 6351
f 6223 6351 6224
f 6224 6351 6352
f 6224 6352 6353
f 6224 6353 6225
f 6225 6353 6354
f 6225 6354 6226
f 6227 6355 6228
f 6227 6232 6355
f 6228 6355 6243
f 6229 6356 6357
f 6229 6357 6230
f 6229 6354 6356
f 6230 6357 6358
f 6230 6358 6359
f 6230 6359 6231
f 6231 6359 6360
f 6231 6360 6232
f 6232 6360 6361
f 6232 6361 6362
f 6232 6362 6363
f 6232 6363 6355
f 6234 6364 6253
f 6234 6253 6238
f 6234 6238 6235
f 6236 6249 6237
f 6236 6239 6250
f 6236 6250 6249
f 6238 6252 6250
f 6238 6250 6239
f 6240 6248 6247
f 6240 6247 6242
f 6240 6242 6241
f 6243 6355 6365
f 6243 6365 6366
f 6243 6366 6367
f 6243 6367 6244
f 6244 6367 6368
f 6244 6368 6369
f 6244 6369 6245
f 6245 6369 6246
f 6253 6364 6370
f 6253 6370 6371
f 6253 6371 6254
f 6254 6371 6372
f 6254 6372 6373
f 6254 6373 6374
f 6254 6374 6375
f 6254 6375 6255
f 6255 6375 6376
f 6255 6376 6260
f 6255 6260 6256
f 6257 6377 6378
f 6257 6378 6379
f 6257 6379 6258
f 6257 6260 6376
f 6257 6376 6377
f 6258 6379 6380
f 6258 6380 6264
f 6258 6264 6259
f 6261 6381 6382
f 6261 6382 6262
f 6261 6264 6380
f 6261 6380 6379
f 6261 6379 6381
f 6262 6382 6263
f 6263 6382 6383
f 6263 6383 6272
f 6263 6272 6265
f 6266 6274 6267
f 6268 6270 6269
f 6272 6384 6385
f 6272 6385 6274
f 6272 6274 6273
f 6272 6383 6384
f 6278 6386 6279
f 6279 6386 6280
f 6280 6387 6388
f 6280 6388 6389
f 6280 6389 6390
f 6280 6390 6391
f 6280 6391 6282
f 6280 6282 6281
f 6280 6386 6387
f 6282 6391 6392
f 6282 6392 6477
f 6282 6477 6393
f 6282 6393 6284
f 6282 6284 6283
f 6284 6393 6394
f 6284 6394 6395
f 6284 6395 6286
f 6284 6286 6285
f 6286 6395 6396
f 6286 6396 6397
f 6286 6397 6287
f 6287 6397 6288
f 6288 6397 6289
f 6289 6398 6290
f 6289 6397 6399
f 6289 6399 6400
f 6289 6400 6398
f 6290 6398 6401
f 6290 6401 6291
f 6292 6401 6400
f 6292 6400 6319
f 6293 6327 6402
f 6293 6402 6403
f 6293 6403 6296
f 6294 6296 6404
f 6294 6404 6405
f 6294 6405 6406
f 6294 6406 6407
f 6294 6407 6408
f 6294 6408 6295
f 6295 6408 6333
f 6296 6403 6404
f 6298 6409 6299
f 6298 6304 6409
f 6299 6409 6410
f 6299 6410 6300
f 6300 6410 6411
f 6300 6411 6412
f 6300 6412 6413
f 6300 6413 6414
f 6300 6414 6415
f 6300 6415 6301
f 6301 6415 6302
f 6302 6415 6305
f 6302 6305 6303
f 6304 6318 6409
f 6305 6415 6414
f 6305 6414 6416
f 6305 6416 6307
f 6305 6307 6306
f 6307 6416 6417
f 6307 6417 6308
f 6308 6418 6419
f 6308 6419 6420
f 6308 6420 6421
f 6308 6421 6309
f 6308 6417 6418
f 6309 6421 6420
f 6309 6420 6422
f 6309 6422 6311
f 6309 6311 6310
f 6311 6422 6420
f 6311 6420 6312
f 6312 6420 6423
f 6312 6423 6322
f 6317 6320 6424
f 6317 6424 6425
f 6317 6425 6426
f 6317 6426 6427
f 6317 6427 6409
f 6317 6409 6318
f 6319 6400 6428
f 6319 6428 6429
f 6319 6429 6320
f 6320 6429 6430
f 6320 6430 6431
f 6320 6431 6432
f 6320 6432 6433
f 6320 6433 6424
f 6321 6323 6434
f 6321 6434 6435
f 6321 6435 6324
f 6322 6423 6505
f 6322 6505 6436
f 6322 6436 6434
f 6322 6434 6323
f 6324 6437 6325
f 6324 6435 6437
f 6325 6438 6439
f 6325 6439 6326
f 6325 6437 6440
f 6325 6440 6438
f 6326 6439 6441
f 6326 6441 6442
f 6326 6442 6327
f 6327 6442 6443
f 6327 6443 6402
f 6328 6338 6329
f 6330 6444 6445
f 6330 6445 6332
f 6330 6332 6331
f 6330 6333 6446
f 6330 6446 6407
f 6330 6407 6444
f 6332 6445 6447
f 6332 6447 6448
f 6332 6448 6335
f 6333 6408 6446
f 6335 6449 6450
f 6335 6450 6336
f 6335 6448 6451
f 6335 6451 6449
f 6336 6342 6452
f 6336 6452 6337
f 6336 6450 6453
f 6336 6453 6342
f 6337 6452 6338
f 6338 6452 6342
f 6339 6342 6453
f 6339 6454 6348
f 6339 6348 6341
f 6339 6341 6340
f 6344 6350 6345
f 6345 6350 6349
f 6345 6349 6347
f 6346 6347 6455
f 6346 6455 6456
f 6346 6456 6351
f 6347 6349 6455
f 6348 6454 6457
f 6348 6457 6458
f 6348 6458 6349
f 6349 6458 6455
f 6351 6456 6352
f 6352 6456 6459
f 6352 6459 6460
f 6352 6460 6353
f 6353 6460 6461
f 6353 6461 6462
f 6353 6462 6354
f 6354 6462 6463
f 6354 6463 6464
f 6354 6464 6356
f 6355 6363 6465
f 6355 6465 6365
f 6365 6465 6366
f 6366 6466 6367
f 6367 6466 6368
f 6370 6467 6468
f 6370 6468 6371
f 6371 6468 6372
f 6372 6468 6373
f 6373 6468 6469
f 6373 6469 6374
f 6374 6376 6375
f 6374 6469 6470
f 6374 6470 6376
f 6376 6470 6471
f 6376 6471 6377
f 6377 6471 6378
f 6378 6471 6470
f 6378 6470 6469
f 6378 6469 6472
f 6378 6472 6379
f 6379 6472 6473
f 6379 6473 6381
f 6381 6473 6382
f 6382 6473 6474
f 6382 6474 6475
f 6382 6475 6383
f 6383 6475 6384
f 6384 6475 6385
f 6385 6475 6476
f 6390 6392 6391
f 6393 6477 6394
f 6394 6477 6478
f 6394 6478 6479
f 6394 6479 6480
f 6394 6480 6481
f 6394 6481 6395
f 6395 6481 6396
f 6396 6481 6482
f 6396 6482 6483
f 6396 6483 6397
f 6397 6483 6399
f 6398 6400 6401
f 6399 6428 6400
f 6399 6483 6428
f 6402 6443 6403
f 6403 6443 6484
f 6403 6484 6485
f 6403 6485 6405
f 6403 6405 6404
f 6405 6485 6486
f 6405 6486 6406
f 6406 6486 6407
f 6407 6446 6408
f 6407 6486 6487
f 6407 6487 6444
f 6409 6488 6410
f 6409 6427 6488
f 6410 6488 6426
f 6410 6426 6489
f 6410 6489 6490
f 6410 6490 6491
f 6410 6491 6492
f 6410 6492 6493
f 6410 6493 6412
f 6410 6412 6411
f 6412 6493 6494
f 6412 6494 6416
f 6412 6416 6414
f 6412 6414 6413
f 6416 6495 6496
f 6416 6496 6417
f 6416 6494 6495
f 6417 6496 6497
f 6417 6497 6498
f 6417 6498 6499
f 6417 6499 6500
f 6417 6500 6418
f 6418 6500 6501
f 6418 6501 6502
f 6418 6502 6419
f 6419 6502 6503
f 6419 6503 6504
f 6419 6504 6505
f 6419 6505 6420
f 6420 6505 6423
f 6424 6433 6506
f 6424 6506 6425
f 6425 6506 6489
f 6425 6489 6426
f 6426 6488 6427
f 6428 6507 6429
f 6428 6483 6507
f 6429 6508 6509
f 6429 6509 6430
f 6429 6507 6508
f 6430 6509 6508
f 6430 6508 6510
f 6430 6510 6511
f 6430 6511 6432
f 6430 6432 6431
f 6432 6511 6512
f 6432 6512 6513
f 6432 6513 6506
f 6432 6506 6433
f 6434 6436 6435
f 6435 6514 6515
f 6435 6515 6437
f 6435 6436 6516
f 6435 6516 6514
f 6436 6505 6516
f 6437 6517 6440
f 6437 6515 6517
f 6438 6440 6517
f 6438 6517 6518
f 6438 6518 6519
f 6438 6519 6520
f 6438 6520 6521
f 6438 6521 6522
f 6438 6522 6523
f 6438 6523 6439
f 6439 6523 6441
f 6441 6522 6524
f 6441 6524 6443
f 6441 6443 6442
f 6441 6523 6522
f 6443 6524 6484
f 6444 6487 6525
f 6444 6525 6526
f 6444 6526 6527
f 6444 6527 6528
f 6444 6528 6445
f 6445 6529 6530
f 6445 6530 6447
f 6445 6528 6529
f 6447 6530 6448
f 6448 6530 6451
f 6455 6459 6456
f 6455 6458 6459
f 6457 6531 6458
f 6458 6531 6459
f 6467 6532 6468
f 6468 6532 6469
f 6469 6532 6472
f 6472 6533 6534
f 6472 6534 6535
f 6472 6535 6536
f 6472 6536 6473
f 6472 6532 6533
f 6473 6536 6537
f 6473 6537 6474
f 6474 6537 6538
f 6474 6538 6475
f 6475 6538 6539
f 6475 6539 6476
f 6477 6540 6478
f 6478 6540 6479
f 6479 6540 6541
f 6479 6541 6542
f 6479 6542 6543
f 6479 6543 6480
f 6480 6543 6544
f 6480 6544 6482
f 6480 6482 6481
f 6482 6544 6545
f 6482 6545 6546
f 6482 6546 6507
f 6482 6507 6483
f 6484 6524 6547
f 6484 6547 6485
f 6485 6548 6549
f 6485 6549 6486
f 6485 6547 6550
f 6485 6550 6548
f 6486 6551 6552
f 6486 6552 6525
f 6486 6525 6487
f 6486 6549 6553
f 6486 6553 6551
f 6489 6506 6513
f 6489 6513 6554
f 6489 6554 6490
f 6490 6555 6491
f 6490 6554 6555
f 6491 6555 6492
f 6492 6555 6556
f 6492 6556 6557
f 6492 6557 6494
f 6492 6494 6493
f 6494 6557 6558
f 6494 6558 6559
f 6494 6559 6495
f 6495 6559 6497
f 6495 6497 6496
f 6503 6560 6561
f 6503 6561 6562
f 6503 6562 6504
f 6504 6562 6514
f 6504 6514 6516
f 6504 6516 6505
f 6507 6546 6563
f 6507 6563 6508
f 6508 6563 6564
f 6508 6564 6565
f 6508 6565 6566
f 6508 6566 6510
f 6510 6566 6567
f 6510 6567 6568
f 6510 6568 6511
f 6512 6569 6513
f 6513 6569 6554
f 6514 6561 6570
f 6514 6570 6519
f 6514 6519 6518
f 6514 6518 6515
f 6514 6562 6561
f 6515 6518 6517
f 6519 6571 6572
f 6519 6572 6520
f 6519 6570 6561
f 6519 6561 6571
f 6520 6572 6521
f 6521 6573 6574
f 6521 6574 6522
f 6521 6572 6573
f 6522 6574 6524
f 6524 6574 6547
f 6542 6575 6543
f 6543 6575 6544
f 6544 6576 6545
f 6544 6575 6577
f 6544 6577 6578
f 6544 6578 6579
f 6544 6579 6580
f 6544 6580 6564
f 6544 6564 6576
f 6545 6576 6563
f 6545 6563 6546
f 6547 6574 6550
f 6548 6581 6549
f 6548 6550 6581
f 6549 6581 6553
f 6550 6574 6573
f 6550 6573 6582
f 6550 6582 6581
f 6560 6583 6561
f 6561 6583 6571
f 6563 6576 6564
f 6564 6580 6565

